bucket_id,bucket,qid_a,qid_b,measure,association,threshold,correlated
0,1,race,gender,Cramer's V,0.38327700231582074,0.4,False
0,1,race,age,Cramer's V,0.3717546645467207,0.4,False
0,1,gender,age,Cramer's V,0.3707343760578946,0.4,False
1,2,race,gender,Cramer's V,0.17338549553676647,0.4,False
1,2,race,age,Cramer's V,0.4118504720010382,0.4,True
1,2,gender,age,Cramer's V,0.30301515113634475,0.4,False
2,3,race,gender,Cramer's V,0.32981829661210244,0.4,False
2,3,race,age,Cramer's V,0.4242779251735065,0.4,True
2,3,gender,age,Cramer's V,0.4127773859905244,0.4,True
3,4,race,gender,Cramer's V,0.26061641998797186,0.4,False
3,4,race,age,Cramer's V,0.7911509584709369,0.4,True
3,4,gender,age,Cramer's V,0.3906761805822139,0.4,False
4,5,race,gender,Cramer's V,0.09101978021212503,0.4,False
4,5,race,age,Cramer's V,0.39253233325811676,0.4,False
4,5,gender,age,Cramer's V,0.4073434799595456,0.4,True
5,6,race,gender,Cramer's V,0.33924138949703386,0.4,False
5,6,race,age,Cramer's V,0.34975571450522414,0.4,False
5,6,gender,age,Cramer's V,0.30878711893984345,0.4,False
6,7,race,gender,Cramer's V,0.17413420221541748,0.4,False
6,7,race,age,Cramer's V,0.3880944265905107,0.4,False
6,7,gender,age,Cramer's V,0.47398192939785316,0.4,True
7,8,race,gender,Cramer's V,0.27970388937994,0.4,False
7,8,race,age,Cramer's V,0.29525302836055983,0.4,False
7,8,gender,age,Cramer's V,0.429406630584641,0.4,True
8,9,race,gender,Cramer's V,0.1927031471563882,0.4,False
8,9,race,age,Cramer's V,0.38756155988947444,0.4,False
8,9,gender,age,Cramer's V,0.2231837253241637,0.4,False
9,10,race,gender,Cramer's V,0.2792906134356233,0.4,False
9,10,race,age,Cramer's V,0.4053086293604093,0.4,True
9,10,gender,age,Cramer's V,0.46742748741217177,0.4,True
10,11,race,gender,Cramer's V,0.255466549463402,0.4,False
10,11,race,age,Cramer's V,0.3221455847559885,0.4,False
10,11,gender,age,Cramer's V,0.4758802247457794,0.4,True
11,12,race,gender,Cramer's V,0.16268389404829248,0.4,False
11,12,race,age,Cramer's V,0.44212229130877406,0.4,True
11,12,gender,age,Cramer's V,0.17866298019424467,0.4,False
12,13,race,gender,Cramer's V,0.2605526772826555,0.4,False
12,13,race,age,Cramer's V,0.41536834761152763,0.4,True
12,13,gender,age,Cramer's V,0.41795540048189345,0.4,True
13,14,race,gender,Cramer's V,0.1911816050660301,0.4,False
13,14,race,age,Cramer's V,0.4586271119753255,0.4,True
13,14,gender,age,Cramer's V,0.3481900639237177,0.4,False
14,15,race,gender,Cramer's V,0.2517046426833057,0.4,False
14,15,race,age,Cramer's V,0.4844573148083364,0.4,True
14,15,gender,age,Cramer's V,0.32671844387235033,0.4,False
15,16,race,gender,Cramer's V,0.15548576840284828,0.4,False
15,16,race,age,Cramer's V,0.47112599902754987,0.4,True
15,16,gender,age,Cramer's V,0.42380785178910413,0.4,True
16,17,race,gender,Cramer's V,0.35123498269946773,0.4,False
16,17,race,age,Cramer's V,0.3348229917798127,0.4,False
16,17,gender,age,Cramer's V,0.42885491832945616,0.4,True
17,18,race,gender,Cramer's V,0.22413315504751535,0.4,False
17,18,race,age,Cramer's V,0.6851001642002685,0.4,True
17,18,gender,age,Cramer's V,0.4962297372450638,0.4,True
18,19,race,gender,Cramer's V,0.14471198444344008,0.4,False
18,19,race,age,Cramer's V,0.40152769493014845,0.4,True
18,19,gender,age,Cramer's V,0.4919603764786469,0.4,True
19,20,race,gender,Cramer's V,0.16222142113076254,0.4,False
19,20,race,age,Cramer's V,0.748591751483818,0.4,True
19,20,gender,age,Cramer's V,0.3786941227226496,0.4,False
20,21,race,gender,Cramer's V,0.3290391059839746,0.4,False
20,21,race,age,Cramer's V,0.495598646432061,0.4,True
20,21,gender,age,Cramer's V,0.5721608763621443,0.4,True
21,22,race,gender,Cramer's V,0.089773105807451,0.4,False
21,22,race,age,Cramer's V,0.7063698275926947,0.4,True
21,22,gender,age,Cramer's V,0.37562114299507593,0.4,False
22,23,race,gender,Cramer's V,0.33235724534228817,0.4,False
22,23,race,age,Cramer's V,0.261338975211748,0.4,False
22,23,gender,age,Cramer's V,0.25687429894423003,0.4,False
23,24,race,gender,Cramer's V,0.04716211091418994,0.4,False
23,24,race,age,Cramer's V,0.5284608153244036,0.4,True
23,24,gender,age,Cramer's V,0.3957494751213494,0.4,False
24,25,race,gender,Cramer's V,0.2023936843461363,0.4,False
24,25,race,age,Cramer's V,0.3550534117144462,0.4,False
24,25,gender,age,Cramer's V,0.31198598900472646,0.4,False
25,26,race,gender,Cramer's V,0.24292456787861605,0.4,False
25,26,race,age,Cramer's V,0.39440531887330765,0.4,False
25,26,gender,age,Cramer's V,0.4067486256208427,0.4,True
26,27,race,gender,Cramer's V,0.19624329310928676,0.4,False
26,27,race,age,Cramer's V,0.3356238320551099,0.4,False
26,27,gender,age,Cramer's V,0.35987452204196785,0.4,False
27,28,race,gender,Cramer's V,0.3028895532169503,0.4,False
27,28,race,age,Cramer's V,0.48370896102342265,0.4,True
27,28,gender,age,Cramer's V,0.7586753161228574,0.4,True
28,29,race,gender,Cramer's V,0.24271079444858457,0.4,False
28,29,race,age,Cramer's V,0.35872908570019474,0.4,False
28,29,gender,age,Cramer's V,0.31454250736107026,0.4,False
29,30,race,gender,Cramer's V,0.04272654689219139,0.4,False
29,30,race,age,Cramer's V,0.28222611583581364,0.4,False
29,30,gender,age,Cramer's V,0.3597384670922507,0.4,False
30,31,race,gender,Cramer's V,0.10303030303030308,0.4,False
30,31,race,age,Cramer's V,0.36569134352642085,0.4,False
30,31,gender,age,Cramer's V,0.28422531693012637,0.4,False
31,32,race,gender,Cramer's V,0.09225754074304075,0.4,False
31,32,race,age,Cramer's V,0.2859708582693904,0.4,False
31,32,gender,age,Cramer's V,0.4069845781924014,0.4,True
32,33,race,gender,Cramer's V,0.28086750367717644,0.4,False
32,33,race,age,Cramer's V,0.3070025099661909,0.4,False
32,33,gender,age,Cramer's V,0.38633252819437514,0.4,False
33,34,race,gender,Cramer's V,0.38881418516848804,0.4,False
33,34,race,age,Cramer's V,0.43229423646205006,0.4,True
33,34,gender,age,Cramer's V,0.3294096805322889,0.4,False
34,35,race,gender,Cramer's V,0.19227925073505914,0.4,False
34,35,race,age,Cramer's V,0.3376590076425873,0.4,False
34,35,gender,age,Cramer's V,0.5746801896006439,0.4,True
35,36,race,gender,Cramer's V,0.19341053608317285,0.4,False
35,36,race,age,Cramer's V,0.3349815572209326,0.4,False
35,36,gender,age,Cramer's V,0.37067613040333963,0.4,False
36,37,race,gender,Cramer's V,0.04716211091418994,0.4,False
36,37,race,age,Cramer's V,0.6469709642413859,0.4,True
36,37,gender,age,Cramer's V,0.4861431895511501,0.4,True
37,38,race,gender,Cramer's V,0.23613726955132458,0.4,False
37,38,race,age,Cramer's V,0.5397794872076658,0.4,True
37,38,gender,age,Cramer's V,0.37110456415951837,0.4,False
38,39,race,gender,Cramer's V,0.3679306461453848,0.4,False
38,39,race,age,Cramer's V,0.38283386940260594,0.4,False
38,39,gender,age,Cramer's V,0.4491762006821591,0.4,True
39,40,race,gender,Cramer's V,0.1744667331431148,0.4,False
39,40,race,age,Cramer's V,0.4366062299143245,0.4,True
39,40,gender,age,Cramer's V,0.363500141597189,0.4,False
40,41,race,gender,Cramer's V,0.24850835499134458,0.4,False
40,41,race,age,Cramer's V,0.48423419811150226,0.4,True
40,41,gender,age,Cramer's V,0.5167515493374839,0.4,True
41,42,race,gender,Cramer's V,0.003764616262105234,0.4,False
41,42,race,age,Cramer's V,0.6149400462680907,0.4,True
41,42,gender,age,Cramer's V,0.4128644713675129,0.4,True
42,43,race,gender,Cramer's V,0.2705492211994297,0.4,False
42,43,race,age,Cramer's V,0.36688305303348995,0.4,False
42,43,gender,age,Cramer's V,0.3272151551008181,0.4,False
43,44,race,gender,Cramer's V,0.09835312874640796,0.4,False
43,44,race,age,Cramer's V,0.6349232804177689,0.4,True
43,44,gender,age,Cramer's V,0.5134576091130676,0.4,True
44,45,race,gender,Cramer's V,0.2962111524435836,0.4,False
44,45,race,age,Cramer's V,0.4829805400015636,0.4,True
44,45,gender,age,Cramer's V,0.5731653500679524,0.4,True
45,46,race,gender,Cramer's V,0.23316154448427834,0.4,False
45,46,race,age,Cramer's V,0.39385613505778366,0.4,False
45,46,gender,age,Cramer's V,0.5161394203781787,0.4,True
46,47,race,gender,Cramer's V,0.19959754829794304,0.4,False
46,47,race,age,Cramer's V,0.44913465550490556,0.4,True
46,47,gender,age,Cramer's V,0.29947043206724044,0.4,False
47,48,race,gender,Cramer's V,0.4169456801065214,0.4,True
47,48,race,age,Cramer's V,0.472132492960494,0.4,True
47,48,gender,age,Cramer's V,0.24975621642178508,0.4,False
48,49,race,gender,Cramer's V,0.2824669743250081,0.4,False
48,49,race,age,Cramer's V,0.435787333748272,0.4,True
48,49,gender,age,Cramer's V,0.3198505464138121,0.4,False
49,50,race,gender,Cramer's V,0.3579740975901113,0.4,False
49,50,race,age,Cramer's V,0.37178189603822587,0.4,False
49,50,gender,age,Cramer's V,0.2583702561348524,0.4,False
50,51,race,gender,Cramer's V,0.19354690089231144,0.4,False
50,51,race,age,Cramer's V,0.37324181970422693,0.4,False
50,51,gender,age,Cramer's V,0.6348597900693924,0.4,True
51,52,race,gender,Cramer's V,0.19204961902531503,0.4,False
51,52,race,age,Cramer's V,0.46745051571157437,0.4,True
51,52,gender,age,Cramer's V,0.4099578204786753,0.4,True
52,53,race,gender,Cramer's V,0.36876687892083115,0.4,False
52,53,race,age,Cramer's V,0.3770634837110315,0.4,False
52,53,gender,age,Cramer's V,0.29809585515591935,0.4,False
53,54,race,gender,Cramer's V,0.10263358091531931,0.4,False
53,54,race,age,Cramer's V,0.5304195880710436,0.4,True
53,54,gender,age,Cramer's V,0.47017452073987254,0.4,True
54,55,race,gender,Cramer's V,0.18490856245882245,0.4,False
54,55,race,age,Cramer's V,0.33815172764469337,0.4,False
54,55,gender,age,Cramer's V,0.41007259911129085,0.4,True
55,56,race,gender,Cramer's V,0.27283541501061576,0.4,False
55,56,race,age,Cramer's V,0.40245306100996725,0.4,True
55,56,gender,age,Cramer's V,0.3587578356332266,0.4,False
56,57,race,gender,Cramer's V,0.20868476851900958,0.4,False
56,57,race,age,Cramer's V,0.6508541396588878,0.4,True
56,57,gender,age,Cramer's V,0.2896043871528901,0.4,False
57,58,race,gender,Cramer's V,0.3304139773891205,0.4,False
57,58,race,age,Cramer's V,0.5220856071606778,0.4,True
57,58,gender,age,Cramer's V,0.3281976976859532,0.4,False
58,59,race,gender,Cramer's V,0.07834558226752342,0.4,False
58,59,race,age,Cramer's V,0.18018669805987994,0.4,False
58,59,gender,age,Cramer's V,0.49981663768616125,0.4,True
59,60,race,gender,Cramer's V,0.2051368394513487,0.4,False
59,60,race,age,Cramer's V,0.30746560542956264,0.4,False
59,60,gender,age,Cramer's V,0.36258972196038114,0.4,False
60,61,race,gender,Cramer's V,0.23785468707403573,0.4,False
60,61,race,age,Cramer's V,0.44634035256833027,0.4,True
60,61,gender,age,Cramer's V,0.5331397264455524,0.4,True
61,62,race,gender,Cramer's V,0.07261081981828947,0.4,False
61,62,race,age,Cramer's V,0.5111801195649611,0.4,True
61,62,gender,age,Cramer's V,0.5877960544956663,0.4,True
62,63,race,gender,Cramer's V,0.28086750367717644,0.4,False
62,63,race,age,Cramer's V,0.3985954390819035,0.4,False
62,63,gender,age,Cramer's V,0.25144097071076843,0.4,False
63,64,race,gender,Cramer's V,0.27386127875258304,0.4,False
63,64,race,age,Cramer's V,0.44977246933341103,0.4,True
63,64,gender,age,Cramer's V,0.49900673773190873,0.4,True
64,65,race,gender,Cramer's V,0.26119617765856223,0.4,False
64,65,race,age,Cramer's V,0.4333131032550864,0.4,True
64,65,gender,age,Cramer's V,0.31486740624663506,0.4,False
65,66,race,gender,Cramer's V,0.1745761527483409,0.4,False
65,66,race,age,Cramer's V,0.3667805502312957,0.4,False
65,66,gender,age,Cramer's V,0.18066104786965445,0.4,False
66,67,race,gender,Cramer's V,0.24975621642178508,0.4,False
66,67,race,age,Cramer's V,0.44527339721613535,0.4,True
66,67,gender,age,Cramer's V,0.27270448754216026,0.4,False
67,68,race,gender,Cramer's V,0.2687522506468964,0.4,False
67,68,race,age,Cramer's V,0.4087153404855628,0.4,True
67,68,gender,age,Cramer's V,0.4332944815527977,0.4,True
68,69,race,gender,Cramer's V,0.10852977234194235,0.4,False
68,69,race,age,Cramer's V,0.41989227643471105,0.4,True
68,69,gender,age,Cramer's V,0.4534183887913211,0.4,True
69,70,race,gender,Cramer's V,0.22518230549283993,0.4,False
69,70,race,age,Cramer's V,0.31768841012212884,0.4,False
69,70,gender,age,Cramer's V,0.5908249098286853,0.4,True
70,71,race,gender,Cramer's V,0.3076579770789755,0.4,False
70,71,race,age,Cramer's V,0.5967120502687713,0.4,True
70,71,gender,age,Cramer's V,0.35362990902087527,0.4,False
71,72,race,gender,Cramer's V,0.2331615444842784,0.4,False
71,72,race,age,Cramer's V,0.5573204290227127,0.4,True
71,72,gender,age,Cramer's V,0.4876191766703521,0.4,True
72,73,race,gender,Cramer's V,0.22657021941880487,0.4,False
72,73,race,age,Cramer's V,0.3948892249732829,0.4,False
72,73,gender,age,Cramer's V,0.32780503405359285,0.4,False
73,74,race,gender,Cramer's V,0.10594843663344555,0.4,False
73,74,race,age,Cramer's V,0.43373805254421943,0.4,True
73,74,gender,age,Cramer's V,0.39806034942628377,0.4,False
74,75,race,gender,Cramer's V,0.2746474748313471,0.4,False
74,75,race,age,Cramer's V,0.3510793973686625,0.4,False
74,75,gender,age,Cramer's V,0.311451584986417,0.4,False
75,76,race,gender,Cramer's V,0.09678053386344174,0.4,False
75,76,race,age,Cramer's V,0.4011145187385482,0.4,True
75,76,gender,age,Cramer's V,0.34559224770073155,0.4,False
76,77,race,gender,Cramer's V,0.2394038712389872,0.4,False
76,77,race,age,Cramer's V,0.6764434622167307,0.4,True
76,77,gender,age,Cramer's V,0.5604602093445202,0.4,True
77,78,race,gender,Cramer's V,0.11021990120713605,0.4,False
77,78,race,age,Cramer's V,0.28321758157955157,0.4,False
77,78,gender,age,Cramer's V,0.38837658429816296,0.4,False
78,79,race,gender,Cramer's V,0.27970388937994,0.4,False
78,79,race,age,Cramer's V,0.3788225092394768,0.4,False
78,79,gender,age,Cramer's V,0.4365220429263394,0.4,True
79,80,race,gender,Cramer's V,0.30448717948717957,0.4,False
79,80,race,age,Cramer's V,0.5370861555295747,0.4,True
79,80,gender,age,Cramer's V,0.41692299807612715,0.4,True
80,81,race,gender,Cramer's V,0.385750595871867,0.4,False
80,81,race,age,Cramer's V,0.3228227987410015,0.4,False
80,81,gender,age,Cramer's V,0.4873790005425645,0.4,True
81,82,race,gender,Cramer's V,0.1727902176922743,0.4,False
81,82,race,age,Cramer's V,0.3046019848031288,0.4,False
81,82,gender,age,Cramer's V,0.1782688592148137,0.4,False
82,83,race,gender,Cramer's V,0.1428799252738186,0.4,False
82,83,race,age,Cramer's V,0.412893449307446,0.4,True
82,83,gender,age,Cramer's V,0.381435922583627,0.4,False
83,84,race,gender,Cramer's V,0.07316379689758175,0.4,False
83,84,race,age,Cramer's V,0.3537890143385838,0.4,False
83,84,gender,age,Cramer's V,0.43085642028634175,0.4,True
84,85,race,gender,Cramer's V,0.3680528233888387,0.4,False
84,85,race,age,Cramer's V,0.4054305090977134,0.4,True
84,85,gender,age,Cramer's V,0.39425218148882274,0.4,False
85,86,race,gender,Cramer's V,0.14658650451451907,0.4,False
85,86,race,age,Cramer's V,0.7673872014069019,0.4,True
85,86,gender,age,Cramer's V,0.4936757323544765,0.4,True
86,87,race,gender,Cramer's V,0.2939723678960656,0.4,False
86,87,race,age,Cramer's V,0.3830001479840184,0.4,False
86,87,gender,age,Cramer's V,0.5292547875179119,0.4,True
87,88,race,gender,Cramer's V,0.2551260192812284,0.4,False
87,88,race,age,Cramer's V,0.5405504649843575,0.4,True
87,88,gender,age,Cramer's V,0.3394964030273693,0.4,False
88,89,race,gender,Cramer's V,0.08322503785764791,0.4,False
88,89,race,age,Cramer's V,0.4756610813895777,0.4,True
88,89,gender,age,Cramer's V,0.3038948705590345,0.4,False
89,90,race,gender,Cramer's V,0.28025713425831283,0.4,False
89,90,race,age,Cramer's V,0.4474812438544576,0.4,True
89,90,gender,age,Cramer's V,0.45771448635629636,0.4,True
90,91,race,gender,Cramer's V,0.17372281285407362,0.4,False
90,91,race,age,Cramer's V,0.45243316323603777,0.4,True
90,91,gender,age,Cramer's V,0.4889619828399423,0.4,True
91,92,race,gender,Cramer's V,0.17807469526918326,0.4,False
91,92,race,age,Cramer's V,0.42738573853215406,0.4,True
91,92,gender,age,Cramer's V,0.5678965054721622,0.4,True
92,93,race,gender,Cramer's V,0.31954065016242783,0.4,False
92,93,race,age,Cramer's V,0.4060018193770532,0.4,True
92,93,gender,age,Cramer's V,0.5467763215788937,0.4,True
93,94,race,gender,Cramer's V,0.10119453729458627,0.4,False
93,94,race,age,Cramer's V,0.4310067362845842,0.4,True
93,94,gender,age,Cramer's V,0.5160549456220163,0.4,True
94,95,race,gender,Cramer's V,0.22091116522120374,0.4,False
94,95,race,age,Cramer's V,0.778498944161523,0.4,True
94,95,gender,age,Cramer's V,0.39050677801033656,0.4,False
95,96,race,gender,Cramer's V,0.2203892660077359,0.4,False
95,96,race,age,Cramer's V,0.4999135049321156,0.4,True
95,96,gender,age,Cramer's V,0.4341340996425142,0.4,True
96,97,race,gender,Cramer's V,0.23770856266654689,0.4,False
96,97,race,age,Cramer's V,0.6375533811873924,0.4,True
96,97,gender,age,Cramer's V,0.32571833994233407,0.4,False
97,98,race,gender,Cramer's V,0.1641586182570137,0.4,False
97,98,race,age,Cramer's V,0.3098098495160263,0.4,False
97,98,gender,age,Cramer's V,0.30352863065883856,0.4,False
98,99,race,gender,Cramer's V,0.13480605261977852,0.4,False
98,99,race,age,Cramer's V,0.3531730210473316,0.4,False
98,99,gender,age,Cramer's V,0.3364015708852845,0.4,False
99,100,race,gender,Cramer's V,0.2870172771435848,0.4,False
99,100,race,age,Cramer's V,0.40842668168516405,0.4,True
99,100,gender,age,Cramer's V,0.46625522988374024,0.4,True
100,101,race,gender,Cramer's V,0.37504805962370563,0.4,False
100,101,race,age,Cramer's V,0.3708124723424857,0.4,False
100,101,gender,age,Cramer's V,0.5334920552786612,0.4,True
101,102,race,gender,Cramer's V,0.2357270177361015,0.4,False
101,102,race,age,Cramer's V,0.2553009428665931,0.4,False
101,102,gender,age,Cramer's V,0.19048342881096958,0.4,False
102,103,race,gender,Cramer's V,0.24889526635820192,0.4,False
102,103,race,age,Cramer's V,0.36903695154406724,0.4,False
102,103,gender,age,Cramer's V,0.2521801200038775,0.4,False
103,104,race,gender,Cramer's V,0.14050003466284178,0.4,False
103,104,race,age,Cramer's V,0.3664796847130265,0.4,False
103,104,gender,age,Cramer's V,0.17841898254763514,0.4,False
104,105,race,gender,Cramer's V,0.20560877027232433,0.4,False
104,105,race,age,Cramer's V,0.555314671367913,0.4,True
104,105,gender,age,Cramer's V,0.36202293582120737,0.4,False
105,106,race,gender,Cramer's V,0.14547859349066158,0.4,False
105,106,race,age,Cramer's V,0.37843080813169777,0.4,False
105,106,gender,age,Cramer's V,0.1915664964634677,0.4,False
106,107,race,gender,Cramer's V,0.19873336281296478,0.4,False
106,107,race,age,Cramer's V,0.5209649905747232,0.4,True
106,107,gender,age,Cramer's V,0.3581476093566617,0.4,False
107,108,race,gender,Cramer's V,0.31361127795503313,0.4,False
107,108,race,age,Cramer's V,0.33601075251612356,0.4,False
107,108,gender,age,Cramer's V,0.49918349974752896,0.4,True
108,109,race,gender,Cramer's V,0.22505084210070056,0.4,False
108,109,race,age,Cramer's V,0.27717181936340035,0.4,False
108,109,gender,age,Cramer's V,0.20086036929962586,0.4,False
109,110,race,gender,Cramer's V,0.05533614935759256,0.4,False
109,110,race,age,Cramer's V,0.4768331494032817,0.4,True
109,110,gender,age,Cramer's V,0.3662991730472295,0.4,False
110,111,race,gender,Cramer's V,0.2032130570576223,0.4,False
110,111,race,age,Cramer's V,0.360382685316151,0.4,False
110,111,gender,age,Cramer's V,0.4389698039126614,0.4,True
111,112,race,gender,Cramer's V,0.14320995394556518,0.4,False
111,112,race,age,Cramer's V,0.5296082028111427,0.4,True
111,112,gender,age,Cramer's V,0.4656536624287769,0.4,True
112,113,race,gender,Cramer's V,0.19678793203872647,0.4,False
112,113,race,age,Cramer's V,0.4750730937913074,0.4,True
112,113,gender,age,Cramer's V,0.5800678910006437,0.4,True
113,114,race,gender,Cramer's V,0.1071247113573525,0.4,False
113,114,race,age,Cramer's V,0.5416548194098741,0.4,True
113,114,gender,age,Cramer's V,0.5179508146513976,0.4,True
114,115,race,gender,Cramer's V,0.3623606969318765,0.4,False
114,115,race,age,Cramer's V,0.3871620339532721,0.4,False
114,115,gender,age,Cramer's V,0.31457228523812003,0.4,False
115,116,race,gender,Cramer's V,0.20792383998070837,0.4,False
115,116,race,age,Cramer's V,0.3964124835860459,0.4,False
115,116,gender,age,Cramer's V,0.3095189425576015,0.4,False
116,117,race,gender,Cramer's V,0.2348473050834964,0.4,False
116,117,race,age,Cramer's V,0.2664895499115913,0.4,False
116,117,gender,age,Cramer's V,0.44014077943756325,0.4,True
117,118,race,gender,Cramer's V,0.1536590742882148,0.4,False
117,118,race,age,Cramer's V,0.41096093353126506,0.4,True
117,118,gender,age,Cramer's V,0.4584776107692933,0.4,True
118,119,race,gender,Cramer's V,0.3647454121524691,0.4,False
118,119,race,age,Cramer's V,0.2762915060891238,0.4,False
118,119,gender,age,Cramer's V,0.5108392020670056,0.4,True
119,120,race,gender,Cramer's V,0.19959754829794304,0.4,False
119,120,race,age,Cramer's V,0.7718240235901541,0.4,True
119,120,gender,age,Cramer's V,0.5098319996071301,0.4,True
120,121,race,gender,Cramer's V,0.4137475888571085,0.4,True
120,121,race,age,Cramer's V,0.2956420378758524,0.4,False
120,121,gender,age,Cramer's V,0.2424292264240461,0.4,False
121,122,race,gender,Cramer's V,0.19341053608317285,0.4,False
121,122,race,age,Cramer's V,0.2831165806844356,0.4,False
121,122,gender,age,Cramer's V,0.2394038712389872,0.4,False
122,123,race,gender,Cramer's V,0.25424589469067527,0.4,False
122,123,race,age,Cramer's V,0.6202505492151158,0.4,True
122,123,gender,age,Cramer's V,0.4516735928121291,0.4,True
123,124,race,gender,Cramer's V,0.247164369527466,0.4,False
123,124,race,age,Cramer's V,0.28637489766140817,0.4,False
123,124,gender,age,Cramer's V,0.23850146354062124,0.4,False
124,125,race,gender,Cramer's V,0.10064725594803928,0.4,False
124,125,race,age,Cramer's V,0.45407248119856164,0.4,True
124,125,gender,age,Cramer's V,0.40686893226483645,0.4,True
125,126,race,gender,Cramer's V,0.2331615444842784,0.4,False
125,126,race,age,Cramer's V,0.3380309056877468,0.4,False
125,126,gender,age,Cramer's V,0.2703904922264407,0.4,False
126,127,race,gender,Cramer's V,0.17372281285407365,0.4,False
126,127,race,age,Cramer's V,0.5353570237300925,0.4,True
126,127,gender,age,Cramer's V,0.39055615865126087,0.4,False
127,128,race,gender,Cramer's V,0.23600755236251533,0.4,False
127,128,race,age,Cramer's V,0.46192963705381257,0.4,True
127,128,gender,age,Cramer's V,0.2593558324885041,0.4,False
128,129,race,gender,Cramer's V,0.19204652595625918,0.4,False
128,129,race,age,Cramer's V,0.4188550589876651,0.4,True
128,129,gender,age,Cramer's V,0.3933258387386991,0.4,False
129,130,race,gender,Cramer's V,0.06434894520877867,0.4,False
129,130,race,age,Cramer's V,0.43095208198788987,0.4,True
129,130,gender,age,Cramer's V,0.4232169114207915,0.4,True
130,131,race,gender,Cramer's V,0.06839855680567694,0.4,False
130,131,race,age,Cramer's V,0.4159517676556658,0.4,True
130,131,gender,age,Cramer's V,0.3702415537611084,0.4,False
131,132,race,gender,Cramer's V,0.3006936425444786,0.4,False
131,132,race,age,Cramer's V,0.4051080770764194,0.4,True
131,132,gender,age,Cramer's V,0.3612320017107948,0.4,False
132,133,race,gender,Cramer's V,0.33506243163122856,0.4,False
132,133,race,age,Cramer's V,0.24069026257208637,0.4,False
132,133,gender,age,Cramer's V,0.5019594021800226,0.4,True
133,134,race,gender,Cramer's V,0.22410536425019884,0.4,False
133,134,race,age,Cramer's V,0.47793578967013867,0.4,True
133,134,gender,age,Cramer's V,0.287712096007388,0.4,False
134,135,race,gender,Cramer's V,0.34127955533958887,0.4,False
134,135,race,age,Cramer's V,0.4287896882013593,0.4,True
134,135,gender,age,Cramer's V,0.5228222259258182,0.4,True
135,136,race,gender,Cramer's V,0.28356543640780024,0.4,False
135,136,race,age,Cramer's V,0.49752411753627335,0.4,True
135,136,gender,age,Cramer's V,0.5015237997359252,0.4,True
136,137,race,gender,Cramer's V,0.22518230549283993,0.4,False
136,137,race,age,Cramer's V,0.4103049699311091,0.4,True
136,137,gender,age,Cramer's V,0.3569031510060411,0.4,False
137,138,race,gender,Cramer's V,0.30994556391081274,0.4,False
137,138,race,age,Cramer's V,0.3393894299844725,0.4,False
137,138,gender,age,Cramer's V,0.4736864806890499,0.4,True
138,139,race,gender,Cramer's V,0.24716436952746604,0.4,False
138,139,race,age,Cramer's V,0.39123039821797573,0.4,False
138,139,gender,age,Cramer's V,0.4389964759264027,0.4,True
139,140,race,gender,Cramer's V,0.21511227748658568,0.4,False
139,140,race,age,Cramer's V,0.35939764421413045,0.4,False
139,140,gender,age,Cramer's V,0.17040324844540183,0.4,False
140,141,race,gender,Cramer's V,0.27852378348231427,0.4,False
140,141,race,age,Cramer's V,0.4403452519179689,0.4,True
140,141,gender,age,Cramer's V,0.37759258586357636,0.4,False
141,142,race,gender,Cramer's V,0.3473630448778327,0.4,False
141,142,race,age,Cramer's V,0.3252553371775211,0.4,False
141,142,gender,age,Cramer's V,0.3617265381961547,0.4,False
142,143,race,gender,Cramer's V,0.37507395720415065,0.4,False
142,143,race,age,Cramer's V,0.4533866347384322,0.4,True
142,143,gender,age,Cramer's V,0.3638382468601533,0.4,False
143,144,race,gender,Cramer's V,0.1497565869344689,0.4,False
143,144,race,age,Cramer's V,0.3876871310627091,0.4,False
143,144,gender,age,Cramer's V,0.564815499899979,0.4,True
144,145,race,gender,Cramer's V,0.16354278419876447,0.4,False
144,145,race,age,Cramer's V,0.6339871096263817,0.4,True
144,145,gender,age,Cramer's V,0.26281269531838225,0.4,False
145,146,race,gender,Cramer's V,0.11055646056531918,0.4,False
145,146,race,age,Cramer's V,0.517208284128431,0.4,True
145,146,gender,age,Cramer's V,0.4972771301392656,0.4,True
146,147,race,gender,Cramer's V,0.10119453729458627,0.4,False
146,147,race,age,Cramer's V,0.4244793004598498,0.4,True
146,147,gender,age,Cramer's V,0.458052846091376,0.4,True
147,148,race,gender,Cramer's V,0.039840953644479815,0.4,False
147,148,race,age,Cramer's V,0.6230790585692262,0.4,True
147,148,gender,age,Cramer's V,0.4196348617129489,0.4,True
148,149,race,gender,Cramer's V,0.31720512947851465,0.4,False
148,149,race,age,Cramer's V,0.464704014173033,0.4,True
148,149,gender,age,Cramer's V,0.44203713124219035,0.4,True
149,150,race,gender,Cramer's V,0.25119596972220387,0.4,False
149,150,race,age,Cramer's V,0.35700043122348235,0.4,False
149,150,gender,age,Cramer's V,0.37089454313074705,0.4,False
150,151,race,gender,Cramer's V,0.270114219671578,0.4,False
150,151,race,age,Cramer's V,0.3504286047675581,0.4,False
150,151,gender,age,Cramer's V,0.43279157703293436,0.4,True
151,152,race,gender,Cramer's V,0.1814331689193587,0.4,False
151,152,race,age,Cramer's V,0.4722481984607198,0.4,True
151,152,gender,age,Cramer's V,0.39753105494865015,0.4,False
152,153,race,gender,Cramer's V,0.19687598352919453,0.4,False
152,153,race,age,Cramer's V,0.29601590845797576,0.4,False
152,153,gender,age,Cramer's V,0.18359018803535537,0.4,False
153,154,race,gender,Cramer's V,0.25928148942086576,0.4,False
153,154,race,age,Cramer's V,0.3630464448089739,0.4,False
153,154,gender,age,Cramer's V,0.44563711355181124,0.4,True
154,155,race,gender,Cramer's V,0.24975621642178503,0.4,False
154,155,race,age,Cramer's V,0.24072293381436996,0.4,False
154,155,gender,age,Cramer's V,0.2898544368159824,0.4,False
155,156,race,gender,Cramer's V,0.2118805753879094,0.4,False
155,156,race,age,Cramer's V,0.6031680764057906,0.4,True
155,156,gender,age,Cramer's V,0.6130730673081194,0.4,True
156,157,race,gender,Cramer's V,0.27157261811453237,0.4,False
156,157,race,age,Cramer's V,0.8284741395064413,0.4,True
156,157,gender,age,Cramer's V,0.6605881715784533,0.4,True
157,158,race,gender,Cramer's V,0.2424292264240461,0.4,False
157,158,race,age,Cramer's V,0.31641404064586814,0.4,False
157,158,gender,age,Cramer's V,0.32855425739619204,0.4,False
158,159,race,gender,Cramer's V,0.04999260519111537,0.4,False
158,159,race,age,Cramer's V,0.6062354060275328,0.4,True
158,159,gender,age,Cramer's V,0.27088654272904167,0.4,False
159,160,race,gender,Cramer's V,0.25859138891938943,0.4,False
159,160,race,age,Cramer's V,0.36968690566495904,0.4,False
159,160,gender,age,Cramer's V,0.3527963160829648,0.4,False
160,161,race,gender,Cramer's V,0.1912954466891389,0.4,False
160,161,race,age,Cramer's V,0.29495498329551234,0.4,False
160,161,gender,age,Cramer's V,0.3829771530998942,0.4,False
161,162,race,gender,Cramer's V,0.174928556845359,0.4,False
161,162,race,age,Cramer's V,0.5454610689845589,0.4,True
161,162,gender,age,Cramer's V,0.3237368615952709,0.4,False
162,163,race,gender,Cramer's V,0.26393350424092554,0.4,False
162,163,race,age,Cramer's V,0.3001184730795455,0.4,False
162,163,gender,age,Cramer's V,0.3909756422872822,0.4,False
163,164,race,gender,Cramer's V,0.24726144747069678,0.4,False
163,164,race,age,Cramer's V,0.586612800915927,0.4,True
163,164,gender,age,Cramer's V,0.33773664752866284,0.4,False
164,165,race,gender,Cramer's V,0.19640123499362327,0.4,False
164,165,race,age,Cramer's V,0.44772169670019,0.4,True
164,165,gender,age,Cramer's V,0.6293047881744214,0.4,True
165,166,race,gender,Cramer's V,0.46611313915135305,0.4,True
165,166,race,age,Cramer's V,0.6553979964214115,0.4,True
165,166,gender,age,Cramer's V,0.45851272406407106,0.4,True
166,167,race,gender,Cramer's V,0.4141845259649635,0.4,True
166,167,race,age,Cramer's V,0.5425835982257735,0.4,True
166,167,gender,age,Cramer's V,0.3581306685521023,0.4,False
167,168,race,gender,Cramer's V,0.29327786272050055,0.4,False
167,168,race,age,Cramer's V,0.4249546090502919,0.4,True
167,168,gender,age,Cramer's V,0.46837838002869736,0.4,True
168,169,race,gender,Cramer's V,0.19579729874600243,0.4,False
168,169,race,age,Cramer's V,0.3122420495306446,0.4,False
168,169,gender,age,Cramer's V,0.46891937236599074,0.4,True
169,170,race,gender,Cramer's V,0.017081667951891408,0.4,False
169,170,race,age,Cramer's V,0.42634539779123526,0.4,True
169,170,gender,age,Cramer's V,0.3338643860560359,0.4,False
170,171,race,gender,Cramer's V,0.19738550848793068,0.4,False
170,171,race,age,Cramer's V,0.37222231334170514,0.4,False
170,171,gender,age,Cramer's V,0.3333186155829833,0.4,False
171,172,race,gender,Cramer's V,0.25928148942086576,0.4,False
171,172,race,age,Cramer's V,0.37138278106022526,0.4,False
171,172,gender,age,Cramer's V,0.2748057628269705,0.4,False
172,173,race,gender,Cramer's V,0.14547859349066158,0.4,False
172,173,race,age,Cramer's V,0.34792209408110825,0.4,False
172,173,gender,age,Cramer's V,0.43740799898465227,0.4,True
173,174,race,gender,Cramer's V,0.14981048634251815,0.4,False
173,174,race,age,Cramer's V,0.34878616043972516,0.4,False
173,174,gender,age,Cramer's V,0.5064874939518068,0.4,True
174,175,race,gender,Cramer's V,0.20076498604362203,0.4,False
174,175,race,age,Cramer's V,0.39008566954732443,0.4,False
174,175,gender,age,Cramer's V,0.6299586841396376,0.4,True
175,176,race,gender,Cramer's V,0.11715393878163388,0.4,False
175,176,race,age,Cramer's V,0.2234690664170775,0.4,False
175,176,gender,age,Cramer's V,0.05597170785495561,0.4,False
176,177,race,gender,Cramer's V,0.24271079444858457,0.4,False
176,177,race,age,Cramer's V,0.43876580552586986,0.4,True
176,177,gender,age,Cramer's V,0.2782132229111287,0.4,False
177,178,race,gender,Cramer's V,0.1646880481671628,0.4,False
177,178,race,age,Cramer's V,0.27938424357067015,0.4,False
177,178,gender,age,Cramer's V,0.437974823671147,0.4,True
178,179,race,gender,Cramer's V,0.4697828974068455,0.4,True
178,179,race,age,Cramer's V,0.5000363380016032,0.4,True
178,179,gender,age,Cramer's V,0.431052143087511,0.4,True
179,180,race,gender,Cramer's V,0.1359432074086347,0.4,False
179,180,race,age,Cramer's V,0.3300921473007108,0.4,False
179,180,gender,age,Cramer's V,0.2726932868800675,0.4,False
180,181,race,gender,Cramer's V,0.027131897585215982,0.4,False
180,181,race,age,Cramer's V,0.3838295232009367,0.4,False
180,181,gender,age,Cramer's V,0.4437667365791784,0.4,True
181,182,race,gender,Cramer's V,0.011894651701745161,0.4,False
181,182,race,age,Cramer's V,0.5470502288574471,0.4,True
181,182,gender,age,Cramer's V,0.36498627631623687,0.4,False
182,183,race,gender,Cramer's V,0.23487377888516478,0.4,False
182,183,race,age,Cramer's V,0.5221631172226302,0.4,True
182,183,gender,age,Cramer's V,0.3812107519822868,0.4,False
183,184,race,gender,Cramer's V,0.11547005383792516,0.4,False
183,184,race,age,Cramer's V,0.41126123385159435,0.4,True
183,184,gender,age,Cramer's V,0.5561774297230456,0.4,True
184,185,race,gender,Cramer's V,0.23333333333333328,0.4,False
184,185,race,age,Cramer's V,0.5499831647255046,0.4,True
184,185,gender,age,Cramer's V,0.46270140759737544,0.4,True
185,186,race,gender,Cramer's V,0.07169281790988652,0.4,False
185,186,race,age,Cramer's V,0.5704599682927587,0.4,True
185,186,gender,age,Cramer's V,0.3099112349447395,0.4,False
186,187,race,gender,Cramer's V,0.04950737714883373,0.4,False
186,187,race,age,Cramer's V,0.43990739766287007,0.4,True
186,187,gender,age,Cramer's V,0.6325939219025197,0.4,True
187,188,race,gender,Cramer's V,0.05636018619766342,0.4,False
187,188,race,age,Cramer's V,0.2798809270624444,0.4,False
187,188,gender,age,Cramer's V,0.3949302317564231,0.4,False
188,189,race,gender,Cramer's V,0.15666989036012807,0.4,False
188,189,race,age,Cramer's V,0.44792289585923223,0.4,True
188,189,gender,age,Cramer's V,0.4417991591262695,0.4,True
189,190,race,gender,Cramer's V,0.17748114363018072,0.4,False
189,190,race,age,Cramer's V,0.3092088599112565,0.4,False
189,190,gender,age,Cramer's V,0.33943687381359705,0.4,False
190,191,race,gender,Cramer's V,0.089773105807451,0.4,False
190,191,race,age,Cramer's V,0.5739120141624499,0.4,True
190,191,gender,age,Cramer's V,0.28090346675473377,0.4,False
191,192,race,gender,Cramer's V,0.3457720579804782,0.4,False
191,192,race,age,Cramer's V,0.340031900153049,0.4,False
191,192,gender,age,Cramer's V,0.36149010515559993,0.4,False
192,193,race,gender,Cramer's V,0.4137475888571085,0.4,True
192,193,race,age,Cramer's V,0.4955537827602917,0.4,True
192,193,gender,age,Cramer's V,0.33399721236849766,0.4,False
193,194,race,gender,Cramer's V,0.39391200370979645,0.4,False
193,194,race,age,Cramer's V,0.5423457281927173,0.4,True
193,194,gender,age,Cramer's V,0.5296749527356901,0.4,True
194,195,race,gender,Cramer's V,0.2754495904719276,0.4,False
194,195,race,age,Cramer's V,0.42607654082100416,0.4,True
194,195,gender,age,Cramer's V,0.37203451669359394,0.4,False
195,196,race,gender,Cramer's V,0.27555879175092945,0.4,False
195,196,race,age,Cramer's V,0.33694878358382696,0.4,False
195,196,gender,age,Cramer's V,0.3319048338205551,0.4,False
196,197,race,gender,Cramer's V,0.22466460974016086,0.4,False
196,197,race,age,Cramer's V,0.5068526823220539,0.4,True
196,197,gender,age,Cramer's V,0.34046115248083586,0.4,False
197,198,race,gender,Cramer's V,0.38345125475971553,0.4,False
197,198,race,age,Cramer's V,0.332211373457802,0.4,False
197,198,gender,age,Cramer's V,0.18991846558200592,0.4,False
198,199,race,gender,Cramer's V,0.1804275825757042,0.4,False
198,199,race,age,Cramer's V,0.3053633135246493,0.4,False
198,199,gender,age,Cramer's V,0.48632081644521086,0.4,True
199,200,race,gender,Cramer's V,0.15788848890522364,0.4,False
199,200,race,age,Cramer's V,0.42841462936062974,0.4,True
199,200,gender,age,Cramer's V,0.2690068258700369,0.4,False
200,201,race,gender,Cramer's V,0.024305331105765354,0.4,False
200,201,race,age,Cramer's V,0.27072236385381665,0.4,False
200,201,gender,age,Cramer's V,0.5239368319955837,0.4,True
201,202,race,gender,Cramer's V,0.02139802462554563,0.4,False
201,202,race,age,Cramer's V,0.5928922026989089,0.4,True
201,202,gender,age,Cramer's V,0.31732387941099616,0.4,False
202,203,race,gender,Cramer's V,0.16403359678085852,0.4,False
202,203,race,age,Cramer's V,0.47307035341419384,0.4,True
202,203,gender,age,Cramer's V,0.48995999535277485,0.4,True
203,204,race,gender,Cramer's V,0.1901341198191544,0.4,False
203,204,race,age,Cramer's V,0.33838168464348733,0.4,False
203,204,gender,age,Cramer's V,0.47723152701965255,0.4,True
204,205,race,gender,Cramer's V,0.20485186285285695,0.4,False
204,205,race,age,Cramer's V,0.49907321514390457,0.4,True
204,205,gender,age,Cramer's V,0.33773664752866284,0.4,False
205,206,race,gender,Cramer's V,0.1985524538329278,0.4,False
205,206,race,age,Cramer's V,0.382569349738459,0.4,False
205,206,gender,age,Cramer's V,0.44750824044214566,0.4,True
206,207,race,gender,Cramer's V,0.11856787392711145,0.4,False
206,207,race,age,Cramer's V,0.28107708729871417,0.4,False
206,207,gender,age,Cramer's V,0.33522192257329675,0.4,False
207,208,race,gender,Cramer's V,0.19140518462272862,0.4,False
207,208,race,age,Cramer's V,0.7406871887110896,0.4,True
207,208,gender,age,Cramer's V,0.3072101758502626,0.4,False
208,209,race,gender,Cramer's V,0.20485186285285695,0.4,False
208,209,race,age,Cramer's V,0.35978388574871506,0.4,False
208,209,gender,age,Cramer's V,0.40271277526927224,0.4,True
209,210,race,gender,Cramer's V,0.2751612882799854,0.4,False
209,210,race,age,Cramer's V,0.33272484678602926,0.4,False
209,210,gender,age,Cramer's V,0.17561648439468772,0.4,False
210,211,race,gender,Cramer's V,0.07163353188265659,0.4,False
210,211,race,age,Cramer's V,0.3949280564372114,0.4,False
210,211,gender,age,Cramer's V,0.4331977105321039,0.4,True
211,212,race,gender,Cramer's V,0.14547859349066158,0.4,False
211,212,race,age,Cramer's V,0.40790450236881387,0.4,True
211,212,gender,age,Cramer's V,0.43438246220437143,0.4,True
212,213,race,gender,Cramer's V,0.015891043154093197,0.4,False
212,213,race,age,Cramer's V,0.2714625557824121,0.4,False
212,213,gender,age,Cramer's V,0.37988326465618383,0.4,False
213,214,race,gender,Cramer's V,0.21188057538790941,0.4,False
213,214,race,age,Cramer's V,0.25730409934303977,0.4,False
213,214,gender,age,Cramer's V,0.2627638560472959,0.4,False
214,215,race,gender,Cramer's V,0.3620579689092324,0.4,False
214,215,race,age,Cramer's V,0.38064572311505335,0.4,False
214,215,gender,age,Cramer's V,0.37319918827695125,0.4,False
215,216,race,gender,Cramer's V,0.06588078458684125,0.4,False
215,216,race,age,Cramer's V,0.42722610648673226,0.4,True
215,216,gender,age,Cramer's V,0.34103747668399886,0.4,False
216,217,race,gender,Cramer's V,0.17638668718801767,0.4,False
216,217,race,age,Cramer's V,0.41246414554261374,0.4,True
216,217,gender,age,Cramer's V,0.31176198474819156,0.4,False
217,218,race,gender,Cramer's V,0.23409761511949365,0.4,False
217,218,race,age,Cramer's V,0.4293523428880229,0.4,True
217,218,gender,age,Cramer's V,0.28770316168526455,0.4,False
218,219,race,gender,Cramer's V,0.18419525981452514,0.4,False
218,219,race,age,Cramer's V,0.22872847558299775,0.4,False
218,219,gender,age,Cramer's V,0.19083268142397736,0.4,False
219,220,race,gender,Cramer's V,0.246229620773512,0.4,False
219,220,race,age,Cramer's V,0.4715703623162293,0.4,True
219,220,gender,age,Cramer's V,0.3695317632541539,0.4,False
220,221,race,gender,Cramer's V,0.1463306392095637,0.4,False
220,221,race,age,Cramer's V,0.5345711524355921,0.4,True
220,221,gender,age,Cramer's V,0.34774194387131485,0.4,False
221,222,race,gender,Cramer's V,0.19602230714375132,0.4,False
221,222,race,age,Cramer's V,0.577895629046025,0.4,True
221,222,gender,age,Cramer's V,0.3520085489769754,0.4,False
222,223,race,gender,Cramer's V,0.2529586828675688,0.4,False
222,223,race,age,Cramer's V,0.34330328116279757,0.4,False
222,223,gender,age,Cramer's V,0.3015063592299251,0.4,False
223,224,race,gender,Cramer's V,0.2811059831215623,0.4,False
223,224,race,age,Cramer's V,0.3551504357918797,0.4,False
223,224,gender,age,Cramer's V,0.38479504530432335,0.4,False
224,225,race,gender,Cramer's V,0.14651226707097614,0.4,False
224,225,race,age,Cramer's V,0.38250074272060985,0.4,False
224,225,gender,age,Cramer's V,0.5260679777259719,0.4,True
225,226,race,gender,Cramer's V,0.16334349292548106,0.4,False
225,226,race,age,Cramer's V,0.5723108268586945,0.4,True
225,226,gender,age,Cramer's V,0.482377883705734,0.4,True
226,227,race,gender,Cramer's V,0.4519967646663161,0.4,True
226,227,race,age,Cramer's V,0.3563146438865917,0.4,False
226,227,gender,age,Cramer's V,0.40416930426582526,0.4,True
227,228,race,gender,Cramer's V,0.19019836693335312,0.4,False
227,228,race,age,Cramer's V,0.373952248207793,0.4,False
227,228,gender,age,Cramer's V,0.40899576682104827,0.4,True
228,229,race,gender,Cramer's V,0.23572701773610147,0.4,False
228,229,race,age,Cramer's V,0.3542596462038378,0.4,False
228,229,gender,age,Cramer's V,0.43382569822456407,0.4,True
229,230,race,gender,Cramer's V,0.1422653925964372,0.4,False
229,230,race,age,Cramer's V,0.3555497128259258,0.4,False
229,230,gender,age,Cramer's V,0.3267111814407817,0.4,False
230,231,race,gender,Cramer's V,0.17372281285407365,0.4,False
230,231,race,age,Cramer's V,0.35624888112964287,0.4,False
230,231,gender,age,Cramer's V,0.5121198864096685,0.4,True
231,232,race,gender,Cramer's V,0.29327786272050055,0.4,False
231,232,race,age,Cramer's V,0.3233934651988709,0.4,False
231,232,gender,age,Cramer's V,0.531404622689597,0.4,True
232,233,race,gender,Cramer's V,0.34932318140965585,0.4,False
232,233,race,age,Cramer's V,0.4304441740212703,0.4,True
232,233,gender,age,Cramer's V,0.46875141723141767,0.4,True
233,234,race,gender,Cramer's V,0.33209879993940333,0.4,False
233,234,race,age,Cramer's V,0.37194713495578113,0.4,False
233,234,gender,age,Cramer's V,0.4198002468852048,0.4,True
234,235,race,gender,Cramer's V,0.19204652595625918,0.4,False
234,235,race,age,Cramer's V,0.3367367048475832,0.4,False
234,235,gender,age,Cramer's V,0.388478318623323,0.4,False
235,236,race,gender,Cramer's V,0.25324719489137215,0.4,False
235,236,race,age,Cramer's V,0.39203900479517106,0.4,False
235,236,gender,age,Cramer's V,0.32523354997118925,0.4,False
236,237,race,gender,Cramer's V,0.3408599793789976,0.4,False
236,237,race,age,Cramer's V,0.48837476402542984,0.4,True
236,237,gender,age,Cramer's V,0.49132689362797594,0.4,True
237,238,race,gender,Cramer's V,0.1681749930365043,0.4,False
237,238,race,age,Cramer's V,0.4508420421927696,0.4,True
237,238,gender,age,Cramer's V,0.4376954552851921,0.4,True
238,239,race,gender,Cramer's V,0.14048491419124495,0.4,False
238,239,race,age,Cramer's V,0.4171296981526596,0.4,True
238,239,gender,age,Cramer's V,0.41471613046090805,0.4,True
239,240,race,gender,Cramer's V,0.41279396846230737,0.4,True
239,240,race,age,Cramer's V,0.5194341877152783,0.4,True
239,240,gender,age,Cramer's V,0.5086452434850676,0.4,True
240,241,race,gender,Cramer's V,0.089773105807451,0.4,False
240,241,race,age,Cramer's V,0.4539181277132107,0.4,True
240,241,gender,age,Cramer's V,0.43977813533313476,0.4,True
241,242,race,gender,Cramer's V,0.21597212580892836,0.4,False
241,242,race,age,Cramer's V,0.31571730924173086,0.4,False
241,242,gender,age,Cramer's V,0.5354968502836492,0.4,True
242,243,race,gender,Cramer's V,0.3323572453422882,0.4,False
242,243,race,age,Cramer's V,0.5704665623552638,0.4,True
242,243,gender,age,Cramer's V,0.48649734029926467,0.4,True
243,244,race,gender,Cramer's V,0.3597384670922507,0.4,False
243,244,race,age,Cramer's V,0.3668349782048706,0.4,False
243,244,gender,age,Cramer's V,0.47043298092553376,0.4,True
244,245,race,gender,Cramer's V,0.392567108331451,0.4,False
244,245,race,age,Cramer's V,0.4056297135756508,0.4,True
244,245,gender,age,Cramer's V,0.3874753281833497,0.4,False
245,246,race,gender,Cramer's V,0.22706706980765207,0.4,False
245,246,race,age,Cramer's V,0.33475573708119166,0.4,False
245,246,gender,age,Cramer's V,0.529137174638569,0.4,True
246,247,race,gender,Cramer's V,0.16222142113076254,0.4,False
246,247,race,age,Cramer's V,0.33247631669865024,0.4,False
246,247,gender,age,Cramer's V,0.2836210143536354,0.4,False
247,248,race,gender,Cramer's V,0.11021990120713605,0.4,False
247,248,race,age,Cramer's V,0.3431198436497474,0.4,False
247,248,gender,age,Cramer's V,0.328861137295564,0.4,False
248,249,race,gender,Cramer's V,0.22254628152720116,0.4,False
248,249,race,age,Cramer's V,0.37050334313299693,0.4,False
248,249,gender,age,Cramer's V,0.3768499959243732,0.4,False
249,250,race,gender,Cramer's V,0.5282462660985489,0.4,True
249,250,race,age,Cramer's V,0.28706690406141805,0.4,False
249,250,gender,age,Cramer's V,0.3211117330432496,0.4,False
250,251,race,gender,Cramer's V,0.13171358556668117,0.4,False
250,251,race,age,Cramer's V,0.644166524165672,0.4,True
250,251,gender,age,Cramer's V,0.4515083662474947,0.4,True
251,252,race,gender,Cramer's V,0.23922039907094567,0.4,False
251,252,race,age,Cramer's V,0.43850765220114574,0.4,True
251,252,gender,age,Cramer's V,0.49462824149928625,0.4,True
252,253,race,gender,Cramer's V,0.16222142113076254,0.4,False
252,253,race,age,Cramer's V,0.35175297970331215,0.4,False
252,253,gender,age,Cramer's V,0.44684761730801,0.4,True
253,254,race,gender,Cramer's V,0.1953639607903614,0.4,False
253,254,race,age,Cramer's V,0.33947946244024724,0.4,False
253,254,gender,age,Cramer's V,0.4918602370789389,0.4,True
254,255,race,gender,Cramer's V,0.03578875402428823,0.4,False
254,255,race,age,Cramer's V,0.5922261224965207,0.4,True
254,255,gender,age,Cramer's V,0.19921675210600956,0.4,False
255,256,race,gender,Cramer's V,0.23333333333333334,0.4,False
255,256,race,age,Cramer's V,0.27526191122114907,0.4,False
255,256,gender,age,Cramer's V,0.49382275657724245,0.4,True
256,257,race,gender,Cramer's V,0.11715393878163388,0.4,False
256,257,race,age,Cramer's V,0.39585763904289534,0.4,False
256,257,gender,age,Cramer's V,0.24234066605087323,0.4,False
257,258,race,gender,Cramer's V,0.2481817940513581,0.4,False
257,258,race,age,Cramer's V,0.35701934816311415,0.4,False
257,258,gender,age,Cramer's V,0.351092902985942,0.4,False
258,259,race,gender,Cramer's V,0.08300198675933286,0.4,False
258,259,race,age,Cramer's V,0.49032976701734154,0.4,True
258,259,gender,age,Cramer's V,0.5385112172144232,0.4,True
259,260,race,gender,Cramer's V,0.262394554410406,0.4,False
259,260,race,age,Cramer's V,0.3729539518570105,0.4,False
259,260,gender,age,Cramer's V,0.4016304023066232,0.4,True
260,261,race,gender,Cramer's V,0.2793524061662442,0.4,False
260,261,race,age,Cramer's V,0.5328944212026223,0.4,True
260,261,gender,age,Cramer's V,0.3879564461142934,0.4,False
261,262,race,gender,Cramer's V,0.01420047742807683,0.4,False
261,262,race,age,Cramer's V,0.3896686961894279,0.4,False
261,262,gender,age,Cramer's V,0.3984508367281779,0.4,False
262,263,race,gender,Cramer's V,0.0357887540242882,0.4,False
262,263,race,age,Cramer's V,0.3204499524777789,0.4,False
262,263,gender,age,Cramer's V,0.34603260264244357,0.4,False
263,264,race,gender,Cramer's V,0.16537377315791296,0.4,False
263,264,race,age,Cramer's V,0.25906847989040904,0.4,False
263,264,gender,age,Cramer's V,0.11020058512707989,0.4,False
264,265,race,gender,Cramer's V,0.18880442661436853,0.4,False
264,265,race,age,Cramer's V,0.4744529054238843,0.4,True
264,265,gender,age,Cramer's V,0.5136186450608199,0.4,True
265,266,race,gender,Cramer's V,0.19513516108696805,0.4,False
265,266,race,age,Cramer's V,0.6019085944260607,0.4,True
265,266,gender,age,Cramer's V,0.3962299192513276,0.4,False
266,267,race,gender,Cramer's V,0.17638668718801767,0.4,False
266,267,race,age,Cramer's V,0.2172150415509256,0.4,False
266,267,gender,age,Cramer's V,0.3869372752573896,0.4,False
267,268,race,gender,Cramer's V,0.1953639607903614,0.4,False
267,268,race,age,Cramer's V,0.6596386531346988,0.4,True
267,268,gender,age,Cramer's V,0.435102354575238,0.4,True
268,269,race,gender,Cramer's V,0.15011003475125348,0.4,False
268,269,race,age,Cramer's V,0.5836639274847415,0.4,True
268,269,gender,age,Cramer's V,0.24912434056698884,0.4,False
269,270,race,gender,Cramer's V,0.20241022618818405,0.4,False
269,270,race,age,Cramer's V,0.4222943724798961,0.4,True
269,270,gender,age,Cramer's V,0.3440816015512557,0.4,False
270,271,race,gender,Cramer's V,0.1626838940482925,0.4,False
270,271,race,age,Cramer's V,0.4308230096088945,0.4,True
270,271,gender,age,Cramer's V,0.4568544477123516,0.4,True
271,272,race,gender,Cramer's V,0.29615206221811785,0.4,False
271,272,race,age,Cramer's V,0.3446736863323773,0.4,False
271,272,gender,age,Cramer's V,0.37315952186291235,0.4,False
272,273,race,gender,Cramer's V,0.37624572630243464,0.4,False
272,273,race,age,Cramer's V,0.4127295470551456,0.4,True
272,273,gender,age,Cramer's V,0.3454757665756099,0.4,False
273,274,race,gender,Cramer's V,0.34869513440928673,0.4,False
273,274,race,age,Cramer's V,0.5353410485981588,0.4,True
273,274,gender,age,Cramer's V,0.3988620176087328,0.4,False
274,275,race,gender,Cramer's V,0.19959754829794304,0.4,False
274,275,race,age,Cramer's V,0.4246130782651027,0.4,True
274,275,gender,age,Cramer's V,0.3761243408222784,0.4,False
275,276,race,gender,Cramer's V,0.21957383651805584,0.4,False
275,276,race,age,Cramer's V,0.5713553066585506,0.4,True
275,276,gender,age,Cramer's V,0.11547005383792516,0.4,False
276,277,race,gender,Cramer's V,0.22091116522120374,0.4,False
276,277,race,age,Cramer's V,0.3608973726424825,0.4,False
276,277,gender,age,Cramer's V,0.21015867021530818,0.4,False
277,278,race,gender,Cramer's V,0.16472822762809736,0.4,False
277,278,race,age,Cramer's V,0.24658230579282497,0.4,False
277,278,gender,age,Cramer's V,0.46034764188994776,0.4,True
278,279,race,gender,Cramer's V,0.28774511174738726,0.4,False
278,279,race,age,Cramer's V,0.2150569910957379,0.4,False
278,279,gender,age,Cramer's V,0.19209674534454513,0.4,False
279,280,race,gender,Cramer's V,0.3859117454077612,0.4,False
279,280,race,age,Cramer's V,0.29107081994288303,0.4,False
279,280,gender,age,Cramer's V,0.37883838047182933,0.4,False
280,281,race,gender,Cramer's V,0.21690252026360435,0.4,False
280,281,race,age,Cramer's V,0.3300432872042263,0.4,False
280,281,gender,age,Cramer's V,0.45339797958433437,0.4,True
281,282,race,gender,Cramer's V,0.3734282013371308,0.4,False
281,282,race,age,Cramer's V,0.4579402217119911,0.4,True
281,282,gender,age,Cramer's V,0.5501111673852346,0.4,True
282,283,race,gender,Cramer's V,0.17658241258067128,0.4,False
282,283,race,age,Cramer's V,0.2867828476196687,0.4,False
282,283,gender,age,Cramer's V,0.1710740999900345,0.4,False
283,284,race,gender,Cramer's V,0.16222142113076254,0.4,False
283,284,race,age,Cramer's V,0.43675802884157233,0.4,True
283,284,gender,age,Cramer's V,0.352618618523418,0.4,False
284,285,race,gender,Cramer's V,0.2042598348584527,0.4,False
284,285,race,age,Cramer's V,0.3153438767459753,0.4,False
284,285,gender,age,Cramer's V,0.37212953679715177,0.4,False
285,286,race,gender,Cramer's V,0.111560046721895,0.4,False
285,286,race,age,Cramer's V,0.28088388529916947,0.4,False
285,286,gender,age,Cramer's V,0.4892253152467186,0.4,True
286,287,race,gender,Cramer's V,0.44800125915573963,0.4,True
286,287,race,age,Cramer's V,0.36544167667032595,0.4,False
286,287,gender,age,Cramer's V,0.3036836322124531,0.4,False
287,288,race,gender,Cramer's V,0.2974671019154401,0.4,False
287,288,race,age,Cramer's V,0.41915213111928984,0.4,True
287,288,gender,age,Cramer's V,0.34075080500434785,0.4,False
288,289,race,gender,Cramer's V,0.19738550848793068,0.4,False
288,289,race,age,Cramer's V,0.4391252424368977,0.4,True
288,289,gender,age,Cramer's V,0.41816480586224,0.4,True
289,290,race,gender,Cramer's V,0.27386127875258304,0.4,False
289,290,race,age,Cramer's V,0.48173483617126167,0.4,True
289,290,gender,age,Cramer's V,0.41210670071367345,0.4,True
290,291,race,gender,Cramer's V,0.44781214173547623,0.4,True
290,291,race,age,Cramer's V,0.35083674230770984,0.4,False
290,291,gender,age,Cramer's V,0.41172666807768143,0.4,True
291,292,race,gender,Cramer's V,0.1976305385298136,0.4,False
291,292,race,age,Cramer's V,0.3295647151953473,0.4,False
291,292,gender,age,Cramer's V,0.49245357868498624,0.4,True
292,293,race,gender,Cramer's V,0.157515479790484,0.4,False
292,293,race,age,Cramer's V,0.34133035355269864,0.4,False
292,293,gender,age,Cramer's V,0.3396718771505585,0.4,False
293,294,race,gender,Cramer's V,0.1818424226264781,0.4,False
293,294,race,age,Cramer's V,0.43832593994609725,0.4,True
293,294,gender,age,Cramer's V,0.3432551151462627,0.4,False
294,295,race,gender,Cramer's V,0.23770856266654689,0.4,False
294,295,race,age,Cramer's V,0.30794088102571987,0.4,False
294,295,gender,age,Cramer's V,0.5336549275508907,0.4,True
295,296,race,gender,Cramer's V,0.1382147381437882,0.4,False
295,296,race,age,Cramer's V,0.2999652590648179,0.4,False
295,296,gender,age,Cramer's V,0.309431052111345,0.4,False
296,297,race,gender,Cramer's V,0.2057983021710106,0.4,False
296,297,race,age,Cramer's V,0.483045891539648,0.4,True
296,297,gender,age,Cramer's V,0.4818605010619361,0.4,True
297,298,race,gender,Cramer's V,0.2517046426833057,0.4,False
297,298,race,age,Cramer's V,0.3413446157310241,0.4,False
297,298,gender,age,Cramer's V,0.3465492344272112,0.4,False
298,299,race,gender,Cramer's V,0.2804569957804822,0.4,False
298,299,race,age,Cramer's V,0.5157054327789707,0.4,True
298,299,gender,age,Cramer's V,0.3421190648669766,0.4,False
299,300,race,gender,Cramer's V,0.2357270177361015,0.4,False
299,300,race,age,Cramer's V,0.42101472819907887,0.4,True
299,300,gender,age,Cramer's V,0.30603179930339586,0.4,False
300,301,race,gender,Cramer's V,0.36388706091787365,0.4,False
300,301,race,age,Cramer's V,0.5220244999461819,0.4,True
300,301,gender,age,Cramer's V,0.3790966706715923,0.4,False
301,302,race,gender,Cramer's V,0.18077538151554678,0.4,False
301,302,race,age,Cramer's V,0.5585106591450165,0.4,True
301,302,gender,age,Cramer's V,0.523359559727507,0.4,True
302,303,race,gender,Cramer's V,0.1946978894863169,0.4,False
302,303,race,age,Cramer's V,0.40089186286863654,0.4,True
302,303,gender,age,Cramer's V,0.5542706528024569,0.4,True
303,304,race,gender,Cramer's V,0.1727902176922743,0.4,False
303,304,race,age,Cramer's V,0.3287718191860566,0.4,False
303,304,gender,age,Cramer's V,0.3245805009923293,0.4,False
304,305,race,gender,Cramer's V,0.3762457263024347,0.4,False
304,305,race,age,Cramer's V,0.33227035095808405,0.4,False
304,305,gender,age,Cramer's V,0.3498123349599014,0.4,False
305,306,race,gender,Cramer's V,0.04323954347189757,0.4,False
305,306,race,age,Cramer's V,0.49482349236903517,0.4,True
305,306,gender,age,Cramer's V,0.39129049423172546,0.4,False
306,307,race,gender,Cramer's V,0.2403413721257318,0.4,False
306,307,race,age,Cramer's V,0.3874086603129441,0.4,False
306,307,gender,age,Cramer's V,0.3864527171680543,0.4,False
307,308,race,gender,Cramer's V,0.30338029420047724,0.4,False
307,308,race,age,Cramer's V,0.38542852587107324,0.4,False
307,308,gender,age,Cramer's V,0.5014619266568741,0.4,True
308,309,race,gender,Cramer's V,0.14658650451451907,0.4,False
308,309,race,age,Cramer's V,0.6287422400377705,0.4,True
308,309,gender,age,Cramer's V,0.5525116665128239,0.4,True
309,310,race,gender,Cramer's V,0.2813992188368527,0.4,False
309,310,race,age,Cramer's V,0.3877203933920725,0.4,False
309,310,gender,age,Cramer's V,0.26604464154434154,0.4,False
310,311,race,gender,Cramer's V,0.28001051992985615,0.4,False
310,311,race,age,Cramer's V,0.4033589130023194,0.4,True
310,311,gender,age,Cramer's V,0.36216844580894586,0.4,False
311,312,race,gender,Cramer's V,0.15666989036012807,0.4,False
311,312,race,age,Cramer's V,0.3651483716701107,0.4,False
311,312,gender,age,Cramer's V,0.5755667261726101,0.4,True
312,313,race,gender,Cramer's V,0.3909756422872822,0.4,False
312,313,race,age,Cramer's V,0.3698439019160811,0.4,False
312,313,gender,age,Cramer's V,0.3551535836117239,0.4,False
313,314,race,gender,Cramer's V,0.3655096237691606,0.4,False
313,314,race,age,Cramer's V,0.645800591946465,0.4,True
313,314,gender,age,Cramer's V,0.5636432774054282,0.4,True
314,315,race,gender,Cramer's V,0.33522192257329675,0.4,False
314,315,race,age,Cramer's V,0.3777894489326928,0.4,False
314,315,gender,age,Cramer's V,0.5194972039167727,0.4,True
315,316,race,gender,Cramer's V,0.07443314476960543,0.4,False
315,316,race,age,Cramer's V,0.2676036651686998,0.4,False
315,316,gender,age,Cramer's V,0.20341546872427,0.4,False
316,317,race,gender,Cramer's V,0.21918277611490639,0.4,False
316,317,race,age,Cramer's V,0.3693976652721038,0.4,False
316,317,gender,age,Cramer's V,0.33053150381158014,0.4,False
317,318,race,gender,Cramer's V,0.1763866871880177,0.4,False
317,318,race,age,Cramer's V,0.386024323488978,0.4,False
317,318,gender,age,Cramer's V,0.501702753651445,0.4,True
318,319,race,gender,Cramer's V,0.1267040708447343,0.4,False
318,319,race,age,Cramer's V,0.47045654961894734,0.4,True
318,319,gender,age,Cramer's V,0.44940047208889927,0.4,True
319,320,race,gender,Cramer's V,0.22015538422949216,0.4,False
319,320,race,age,Cramer's V,0.3817632063768662,0.4,False
319,320,gender,age,Cramer's V,0.4705938041199356,0.4,True
320,321,race,gender,Cramer's V,0.07834558226752342,0.4,False
320,321,race,age,Cramer's V,0.27713928887319067,0.4,False
320,321,gender,age,Cramer's V,0.29939874461987837,0.4,False
321,322,race,gender,Cramer's V,0.27690930984749823,0.4,False
321,322,race,age,Cramer's V,0.5629228933948645,0.4,True
321,322,gender,age,Cramer's V,0.47965427770515895,0.4,True
322,323,race,gender,Cramer's V,0.06088850210025814,0.4,False
322,323,race,age,Cramer's V,0.3173238794109962,0.4,False
322,323,gender,age,Cramer's V,0.18359018803535537,0.4,False
323,324,race,gender,Cramer's V,0.2234650916216877,0.4,False
323,324,race,age,Cramer's V,0.3294014131804704,0.4,False
323,324,gender,age,Cramer's V,0.4379684308504548,0.4,True
324,325,race,gender,Cramer's V,0.3553485956555747,0.4,False
324,325,race,age,Cramer's V,0.36558698849090093,0.4,False
324,325,gender,age,Cramer's V,0.3672232851773844,0.4,False
325,326,race,gender,Cramer's V,0.06434894520877867,0.4,False
325,326,race,age,Cramer's V,0.5718441850764698,0.4,True
325,326,gender,age,Cramer's V,0.5678885263834792,0.4,True
326,327,race,gender,Cramer's V,0.19140518462272862,0.4,False
326,327,race,age,Cramer's V,0.43256460231582894,0.4,True
326,327,gender,age,Cramer's V,0.3562488811296429,0.4,False
327,328,race,gender,Cramer's V,0.2786311677385135,0.4,False
327,328,race,age,Cramer's V,0.38347228618665063,0.4,False
327,328,gender,age,Cramer's V,0.39781487388190234,0.4,False
328,329,race,gender,Cramer's V,0.0476886152932751,0.4,False
328,329,race,age,Cramer's V,0.39949893030355044,0.4,False
328,329,gender,age,Cramer's V,0.3791781994445378,0.4,False
329,330,race,gender,Cramer's V,0.2654537365992609,0.4,False
329,330,race,age,Cramer's V,0.4498677054212187,0.4,True
329,330,gender,age,Cramer's V,0.3645085457507182,0.4,False
330,331,race,gender,Cramer's V,0.19423938253849998,0.4,False
330,331,race,age,Cramer's V,0.3168274663281838,0.4,False
330,331,gender,age,Cramer's V,0.21143510824582243,0.4,False
331,332,race,gender,Cramer's V,0.35742507200881724,0.4,False
331,332,race,age,Cramer's V,0.3478848999778508,0.4,False
331,332,gender,age,Cramer's V,0.5236178401078537,0.4,True
332,333,race,gender,Cramer's V,0.10594843663344555,0.4,False
332,333,race,age,Cramer's V,0.47468902486751297,0.4,True
332,333,gender,age,Cramer's V,0.5457548208811271,0.4,True
333,334,race,gender,Cramer's V,0.2701568978488939,0.4,False
333,334,race,age,Cramer's V,0.408248290463863,0.4,True
333,334,gender,age,Cramer's V,0.41367553829105264,0.4,True
334,335,race,gender,Cramer's V,0.24286350895654124,0.4,False
334,335,race,age,Cramer's V,0.5022271825151869,0.4,True
334,335,gender,age,Cramer's V,0.41208447230344936,0.4,True
335,336,race,gender,Cramer's V,0.14890822567494272,0.4,False
335,336,race,age,Cramer's V,0.43054275454600727,0.4,True
335,336,gender,age,Cramer's V,0.42139343560671133,0.4,True
336,337,race,gender,Cramer's V,0.17777777777777776,0.4,False
336,337,race,age,Cramer's V,0.2987065269216413,0.4,False
336,337,gender,age,Cramer's V,0.3734564191036177,0.4,False
337,338,race,gender,Cramer's V,0.182920298346362,0.4,False
337,338,race,age,Cramer's V,0.5708469048435093,0.4,True
337,338,gender,age,Cramer's V,0.3285564584743827,0.4,False
338,339,race,gender,Cramer's V,0.12464234547582248,0.4,False
338,339,race,age,Cramer's V,0.3835073950759256,0.4,False
338,339,gender,age,Cramer's V,0.40104241276330965,0.4,True
339,340,race,gender,Cramer's V,0.11147408034263073,0.4,False
339,340,race,age,Cramer's V,0.6301572932893138,0.4,True
339,340,gender,age,Cramer's V,0.436729847675433,0.4,True
340,341,race,gender,Cramer's V,0.15261692391683992,0.4,False
340,341,race,age,Cramer's V,0.5662930607802207,0.4,True
340,341,gender,age,Cramer's V,0.5070232851194874,0.4,True
341,342,race,gender,Cramer's V,0.08940312852455563,0.4,False
341,342,race,age,Cramer's V,0.34218569429874773,0.4,False
341,342,gender,age,Cramer's V,0.3416367753543371,0.4,False
342,343,race,gender,Cramer's V,0.24912434056698884,0.4,False
342,343,race,age,Cramer's V,0.32097530972602994,0.4,False
342,343,gender,age,Cramer's V,0.4179906612569365,0.4,True
343,344,race,gender,Cramer's V,0.49972214501883166,0.4,True
343,344,race,age,Cramer's V,0.4888785816270704,0.4,True
343,344,gender,age,Cramer's V,0.32756920994133026,0.4,False
344,345,race,gender,Cramer's V,0.22254628152720116,0.4,False
344,345,race,age,Cramer's V,0.5520916543520603,0.4,True
344,345,gender,age,Cramer's V,0.4003270731850687,0.4,True
345,346,race,gender,Cramer's V,0.2605526772826555,0.4,False
345,346,race,age,Cramer's V,0.39752302632936426,0.4,False
345,346,gender,age,Cramer's V,0.3392878474182609,0.4,False
346,347,race,gender,Cramer's V,0.11223946017878839,0.4,False
346,347,race,age,Cramer's V,0.4927180915808935,0.4,True
346,347,gender,age,Cramer's V,0.4307561804797178,0.4,True
347,348,race,gender,Cramer's V,0.26802538468885145,0.4,False
347,348,race,age,Cramer's V,0.42854497272840997,0.4,True
347,348,gender,age,Cramer's V,0.38377502821740794,0.4,False
348,349,race,gender,Cramer's V,0.2768552714952773,0.4,False
348,349,race,age,Cramer's V,0.5187655029575728,0.4,True
348,349,gender,age,Cramer's V,0.3429633473475812,0.4,False
349,350,race,gender,Cramer's V,0.14708710135363803,0.4,False
349,350,race,age,Cramer's V,0.4694172601242568,0.4,True
349,350,gender,age,Cramer's V,0.2714915760592535,0.4,False
350,351,race,gender,Cramer's V,0.21415627560625888,0.4,False
350,351,race,age,Cramer's V,0.3724324595416229,0.4,False
350,351,gender,age,Cramer's V,0.5366799127119987,0.4,True
351,352,race,gender,Cramer's V,0.17458889833680688,0.4,False
351,352,race,age,Cramer's V,0.3048430627868919,0.4,False
351,352,gender,age,Cramer's V,0.31342137746268506,0.4,False
352,353,race,gender,Cramer's V,0.32945107633138254,0.4,False
352,353,race,age,Cramer's V,0.4270608298368657,0.4,True
352,353,gender,age,Cramer's V,0.38857249332335647,0.4,False
353,354,race,gender,Cramer's V,0.26893569843824744,0.4,False
353,354,race,age,Cramer's V,0.38929918148292836,0.4,False
353,354,gender,age,Cramer's V,0.2039592331627849,0.4,False
354,355,race,gender,Cramer's V,0.21533473388900273,0.4,False
354,355,race,age,Cramer's V,0.4342896540415205,0.4,True
354,355,gender,age,Cramer's V,0.4314440463858811,0.4,True
355,356,race,gender,Cramer's V,0.2680554821237548,0.4,False
355,356,race,age,Cramer's V,0.539076749170838,0.4,True
355,356,gender,age,Cramer's V,0.24291257537306793,0.4,False
356,357,race,gender,Cramer's V,0.14538714647536227,0.4,False
356,357,race,age,Cramer's V,0.5533985905294664,0.4,True
356,357,gender,age,Cramer's V,0.3462919654755333,0.4,False
357,358,race,gender,Cramer's V,0.17937649212181045,0.4,False
357,358,race,age,Cramer's V,0.5066793718819156,0.4,True
357,358,gender,age,Cramer's V,0.45824992874945386,0.4,True
358,359,race,gender,Cramer's V,0.1807753815155468,0.4,False
358,359,race,age,Cramer's V,0.5169951166280818,0.4,True
358,359,gender,age,Cramer's V,0.29460009451165237,0.4,False
359,360,race,gender,Cramer's V,0.11775926234162588,0.4,False
359,360,race,age,Cramer's V,0.3161650161866702,0.4,False
359,360,gender,age,Cramer's V,0.6023103666530885,0.4,True
360,361,race,gender,Cramer's V,0.14588716448449338,0.4,False
360,361,race,age,Cramer's V,0.30132641468831195,0.4,False
360,361,gender,age,Cramer's V,0.27417126148527327,0.4,False
361,362,race,gender,Cramer's V,0.17626085907793157,0.4,False
361,362,race,age,Cramer's V,0.36097511036500884,0.4,False
361,362,gender,age,Cramer's V,0.41810648666103495,0.4,True
362,363,race,gender,Cramer's V,0.34944499029494763,0.4,False
362,363,race,age,Cramer's V,0.4315669125408017,0.4,True
362,363,gender,age,Cramer's V,0.4313659751937622,0.4,True
363,364,race,gender,Cramer's V,0.1967879320387265,0.4,False
363,364,race,age,Cramer's V,0.4215905420499759,0.4,True
363,364,gender,age,Cramer's V,0.4043848136338279,0.4,True
364,365,race,gender,Cramer's V,0.1949358868961793,0.4,False
364,365,race,age,Cramer's V,0.4645402232827842,0.4,True
364,365,gender,age,Cramer's V,0.3205059900155601,0.4,False
365,366,race,gender,Cramer's V,0.33282232071746026,0.4,False
365,366,race,age,Cramer's V,0.5799466708462435,0.4,True
365,366,gender,age,Cramer's V,0.4466757557437282,0.4,True
366,367,race,gender,Cramer's V,0.26629062788033936,0.4,False
366,367,race,age,Cramer's V,0.36170701537279587,0.4,False
366,367,gender,age,Cramer's V,0.48106706281507045,0.4,True
367,368,race,gender,Cramer's V,0.07723150084304135,0.4,False
367,368,race,age,Cramer's V,0.6131819171274243,0.4,True
367,368,gender,age,Cramer's V,0.43136597519376213,0.4,True
368,369,race,gender,Cramer's V,0.21058722315825543,0.4,False
368,369,race,age,Cramer's V,0.3293746412840364,0.4,False
368,369,gender,age,Cramer's V,0.5002030127169609,0.4,True
369,370,race,gender,Cramer's V,0.2127751905803017,0.4,False
369,370,race,age,Cramer's V,0.251269355470097,0.4,False
369,370,gender,age,Cramer's V,0.29639032072964566,0.4,False
370,371,race,gender,Cramer's V,0.38235577224439465,0.4,False
370,371,race,age,Cramer's V,0.4329637445840827,0.4,True
370,371,gender,age,Cramer's V,0.3885436701001307,0.4,False
371,372,race,gender,Cramer's V,0.2698959481797066,0.4,False
371,372,race,age,Cramer's V,0.32696738520218466,0.4,False
371,372,gender,age,Cramer's V,0.3215426346375639,0.4,False
372,373,race,gender,Cramer's V,0.26681674698299623,0.4,False
372,373,race,age,Cramer's V,0.3312356154869717,0.4,False
372,373,gender,age,Cramer's V,0.4032331358676612,0.4,True
373,374,race,gender,Cramer's V,0.28025713425831283,0.4,False
373,374,race,age,Cramer's V,0.4605556826532275,0.4,True
373,374,gender,age,Cramer's V,0.41241595950975546,0.4,True
374,375,race,gender,Cramer's V,0.16594351985622133,0.4,False
374,375,race,age,Cramer's V,0.4977108367580737,0.4,True
374,375,gender,age,Cramer's V,0.5125809137823761,0.4,True
375,376,race,gender,Cramer's V,0.19602230714375132,0.4,False
375,376,race,age,Cramer's V,0.31574153669780197,0.4,False
375,376,gender,age,Cramer's V,0.27268378595784576,0.4,False
376,377,race,gender,Cramer's V,0.14850546136042286,0.4,False
376,377,race,age,Cramer's V,0.46626336818652137,0.4,True
376,377,gender,age,Cramer's V,0.5400728577504073,0.4,True
377,378,race,gender,Cramer's V,0.2754495904719276,0.4,False
377,378,race,age,Cramer's V,0.8481478872871626,0.4,True
377,378,gender,age,Cramer's V,0.4445358093224667,0.4,True
378,379,race,gender,Cramer's V,0.28770316168526455,0.4,False
378,379,race,age,Cramer's V,0.3933978962347215,0.4,False
378,379,gender,age,Cramer's V,0.5250894726123978,0.4,True
379,380,race,gender,Cramer's V,0.31024787872561876,0.4,False
379,380,race,age,Cramer's V,0.25798581288884426,0.4,False
379,380,gender,age,Cramer's V,0.3437408444711919,0.4,False
380,381,race,gender,Cramer's V,0.10932267489210505,0.4,False
380,381,race,age,Cramer's V,0.5413071845204607,0.4,True
380,381,gender,age,Cramer's V,0.4581214061975267,0.4,True
381,382,race,gender,Cramer's V,0.19794205474885798,0.4,False
381,382,race,age,Cramer's V,0.43506532623430455,0.4,True
381,382,gender,age,Cramer's V,0.43025463114189444,0.4,True
382,383,race,gender,Cramer's V,0.13812123026489465,0.4,False
382,383,race,age,Cramer's V,0.4358796203532797,0.4,True
382,383,gender,age,Cramer's V,0.40530515434164477,0.4,True
383,384,race,gender,Cramer's V,0.35485060637123017,0.4,False
383,384,race,age,Cramer's V,0.5813354779737239,0.4,True
383,384,gender,age,Cramer's V,0.4032091076012352,0.4,True
384,385,race,gender,Cramer's V,0.3627729043542143,0.4,False
384,385,race,age,Cramer's V,0.45627620587218753,0.4,True
384,385,gender,age,Cramer's V,0.3891472397816691,0.4,False
385,386,race,gender,Cramer's V,0.3644344934278313,0.4,False
385,386,race,age,Cramer's V,0.31226532504253324,0.4,False
385,386,gender,age,Cramer's V,0.28586340320039894,0.4,False
386,387,race,gender,Cramer's V,0.1744667331431148,0.4,False
386,387,race,age,Cramer's V,0.5325942256496988,0.4,True
386,387,gender,age,Cramer's V,0.44534630719624624,0.4,True
387,388,race,gender,Cramer's V,0.07653316233027549,0.4,False
387,388,race,age,Cramer's V,0.6067009811975588,0.4,True
387,388,gender,age,Cramer's V,0.301399548029213,0.4,False
388,389,race,gender,Cramer's V,0.40327605798927413,0.4,True
388,389,race,age,Cramer's V,0.48680506023116343,0.4,True
388,389,gender,age,Cramer's V,0.5150039270086277,0.4,True
389,390,race,gender,Cramer's V,0.26166576131179964,0.4,False
389,390,race,age,Cramer's V,0.40367468393899864,0.4,True
389,390,gender,age,Cramer's V,0.39646971009603593,0.4,False
390,391,race,gender,Cramer's V,0.16594351985622133,0.4,False
390,391,race,age,Cramer's V,0.44626844418878303,0.4,True
390,391,gender,age,Cramer's V,0.5321656101406645,0.4,True
391,392,race,gender,Cramer's V,0.2215313541533475,0.4,False
391,392,race,age,Cramer's V,0.3945520197594941,0.4,False
391,392,gender,age,Cramer's V,0.5347654737050337,0.4,True
392,393,race,gender,Cramer's V,0.14090095855223012,0.4,False
392,393,race,age,Cramer's V,0.47048834677866624,0.4,True
392,393,gender,age,Cramer's V,0.39332583873869914,0.4,False
393,394,race,gender,Cramer's V,0.22075382560965545,0.4,False
393,394,race,age,Cramer's V,0.5040184509144333,0.4,True
393,394,gender,age,Cramer's V,0.26154279684423576,0.4,False
394,395,race,gender,Cramer's V,0.6027937656335205,0.4,True
394,395,race,age,Cramer's V,0.36037669625642627,0.4,False
394,395,gender,age,Cramer's V,0.3761243408222784,0.4,False
395,396,race,gender,Cramer's V,0.06707861703387473,0.4,False
395,396,race,age,Cramer's V,0.5761462005814535,0.4,True
395,396,gender,age,Cramer's V,0.4363386461699377,0.4,True
396,397,race,gender,Cramer's V,0.19579729874600243,0.4,False
396,397,race,age,Cramer's V,0.3812702174315639,0.4,False
396,397,gender,age,Cramer's V,0.30656530262206527,0.4,False
397,398,race,gender,Cramer's V,0.30398341069620005,0.4,False
397,398,race,age,Cramer's V,0.5385607244860549,0.4,True
397,398,gender,age,Cramer's V,0.38066903017438986,0.4,False
398,399,race,gender,Cramer's V,0.2118805753879094,0.4,False
398,399,race,age,Cramer's V,0.34246744460938755,0.4,False
398,399,gender,age,Cramer's V,0.46718946185246213,0.4,True
399,400,race,gender,Cramer's V,0.2935805104720548,0.4,False
399,400,race,age,Cramer's V,0.34391796971439736,0.4,False
399,400,gender,age,Cramer's V,0.2997621253954834,0.4,False
400,401,race,gender,Cramer's V,0.29438013497100346,0.4,False
400,401,race,age,Cramer's V,0.4373872816678338,0.4,True
400,401,gender,age,Cramer's V,0.5095207007942024,0.4,True
401,402,race,gender,Cramer's V,0.03260253318483132,0.4,False
401,402,race,age,Cramer's V,0.5983253272918602,0.4,True
401,402,gender,age,Cramer's V,0.2732222826232229,0.4,False
402,403,race,gender,Cramer's V,0.2464527716088936,0.4,False
402,403,race,age,Cramer's V,0.40044167534553066,0.4,True
402,403,gender,age,Cramer's V,0.5106087029843428,0.4,True
403,404,race,gender,Cramer's V,0.23785468707403573,0.4,False
403,404,race,age,Cramer's V,0.47980987808340086,0.4,True
403,404,gender,age,Cramer's V,0.3294752214789869,0.4,False
404,405,race,gender,Cramer's V,0.3288718963793544,0.4,False
404,405,race,age,Cramer's V,0.38124130527125843,0.4,False
404,405,gender,age,Cramer's V,0.35703416455697157,0.4,False
405,406,race,gender,Cramer's V,0.218924956941757,0.4,False
405,406,race,age,Cramer's V,0.3824989133569033,0.4,False
405,406,gender,age,Cramer's V,0.5308151334338095,0.4,True
406,407,race,gender,Cramer's V,0.13442056254198992,0.4,False
406,407,race,age,Cramer's V,0.49468246765137425,0.4,True
406,407,gender,age,Cramer's V,0.33866663183900253,0.4,False
407,408,race,gender,Cramer's V,0.37309306610097903,0.4,False
407,408,race,age,Cramer's V,0.4282999652288729,0.4,True
407,408,gender,age,Cramer's V,0.30608310748368434,0.4,False
408,409,race,gender,Cramer's V,0.24818179405135807,0.4,False
408,409,race,age,Cramer's V,0.266855993397415,0.4,False
408,409,gender,age,Cramer's V,0.3549812241371793,0.4,False
409,410,race,gender,Cramer's V,0.18848706905591225,0.4,False
409,410,race,age,Cramer's V,0.35986251375571804,0.4,False
409,410,gender,age,Cramer's V,0.4170701979697261,0.4,True
410,411,race,gender,Cramer's V,0.2918301477997693,0.4,False
410,411,race,age,Cramer's V,0.38883219541400654,0.4,False
410,411,gender,age,Cramer's V,0.5569586981572255,0.4,True
411,412,race,gender,Cramer's V,0.3325310858805881,0.4,False
411,412,race,age,Cramer's V,0.4191431402006578,0.4,True
411,412,gender,age,Cramer's V,0.3688364794056419,0.4,False
412,413,race,gender,Cramer's V,0.19513516108696805,0.4,False
412,413,race,age,Cramer's V,0.4470709663796027,0.4,True
412,413,gender,age,Cramer's V,0.37247751045978506,0.4,False
413,414,race,gender,Cramer's V,0.18490856245882242,0.4,False
413,414,race,age,Cramer's V,0.7867485076475929,0.4,True
413,414,gender,age,Cramer's V,0.5582930919065614,0.4,True
414,415,race,gender,Cramer's V,0.04716211091418994,0.4,False
414,415,race,age,Cramer's V,0.34702176753462766,0.4,False
414,415,gender,age,Cramer's V,0.5035529693128898,0.4,True
415,416,race,gender,Cramer's V,0.25292038164724967,0.4,False
415,416,race,age,Cramer's V,0.46315885939087686,0.4,True
415,416,gender,age,Cramer's V,0.34792209408110825,0.4,False
416,417,race,gender,Cramer's V,0.1849734238978694,0.4,False
416,417,race,age,Cramer's V,0.4359159044322212,0.4,True
416,417,gender,age,Cramer's V,0.2958832498586183,0.4,False
417,418,race,gender,Cramer's V,0.08209183818726827,0.4,False
417,418,race,age,Cramer's V,0.3669666226845462,0.4,False
417,418,gender,age,Cramer's V,0.39937539839456077,0.4,False
418,419,race,gender,Cramer's V,0.2331615444842784,0.4,False
418,419,race,age,Cramer's V,0.4174595630387292,0.4,True
418,419,gender,age,Cramer's V,0.4067106266555946,0.4,True
419,420,race,gender,Cramer's V,0.4094822200157436,0.4,True
419,420,race,age,Cramer's V,0.3629683619078001,0.4,False
419,420,gender,age,Cramer's V,0.4853037076354235,0.4,True
420,421,race,gender,Cramer's V,0.29374377108308003,0.4,False
420,421,race,age,Cramer's V,0.5076574134026962,0.4,True
420,421,gender,age,Cramer's V,0.5152098373193084,0.4,True
421,422,race,gender,Cramer's V,0.3571435753781473,0.4,False
421,422,race,age,Cramer's V,0.6414059538826463,0.4,True
421,422,gender,age,Cramer's V,0.46342588671740753,0.4,True
422,423,race,gender,Cramer's V,0.17413420221541748,0.4,False
422,423,race,age,Cramer's V,0.38642454257164466,0.4,False
422,423,gender,age,Cramer's V,0.32451436057877453,0.4,False
423,424,race,gender,Cramer's V,0.32748915960664093,0.4,False
423,424,race,age,Cramer's V,0.2890029883456696,0.4,False
423,424,gender,age,Cramer's V,0.48365463644971646,0.4,True
424,425,race,gender,Cramer's V,0.27970388937994,0.4,False
424,425,race,age,Cramer's V,0.36130812830502146,0.4,False
424,425,gender,age,Cramer's V,0.5350972393498444,0.4,True
425,426,race,gender,Cramer's V,0.10263358091531931,0.4,False
425,426,race,age,Cramer's V,0.5799265130241148,0.4,True
425,426,gender,age,Cramer's V,0.4563498337407068,0.4,True
426,427,race,gender,Cramer's V,0.23678524333663262,0.4,False
426,427,race,age,Cramer's V,0.4369280085507046,0.4,True
426,427,gender,age,Cramer's V,0.39274848079101443,0.4,False
427,428,race,gender,Cramer's V,0.1807146754142079,0.4,False
427,428,race,age,Cramer's V,0.4115876440258302,0.4,True
427,428,gender,age,Cramer's V,0.39748976056308133,0.4,False
428,429,race,gender,Cramer's V,0.3267111814407817,0.4,False
428,429,race,age,Cramer's V,0.3204349722308279,0.4,False
428,429,gender,age,Cramer's V,0.5164655793737576,0.4,True
429,430,race,gender,Cramer's V,0.2650592580092426,0.4,False
429,430,race,age,Cramer's V,0.46067583203617507,0.4,True
429,430,gender,age,Cramer's V,0.28381862483461473,0.4,False
430,431,race,gender,Cramer's V,0.21597212580892836,0.4,False
430,431,race,age,Cramer's V,0.36828352439721185,0.4,False
430,431,gender,age,Cramer's V,0.2979910082075532,0.4,False
431,432,race,gender,Cramer's V,0.23820877618725886,0.4,False
431,432,race,age,Cramer's V,0.46309083882106755,0.4,True
431,432,gender,age,Cramer's V,0.2479447684205789,0.4,False
432,433,race,gender,Cramer's V,0.17279021769227432,0.4,False
432,433,race,age,Cramer's V,0.40564202758769274,0.4,True
432,433,gender,age,Cramer's V,0.5193619567365935,0.4,True
433,434,race,gender,Cramer's V,0.2937245188446507,0.4,False
433,434,race,age,Cramer's V,0.4759771347493835,0.4,True
433,434,gender,age,Cramer's V,0.46608701245003936,0.4,True
434,435,race,gender,Cramer's V,0.3752036484068056,0.4,False
434,435,race,age,Cramer's V,0.49300664859163473,0.4,True
434,435,gender,age,Cramer's V,0.4071695433563727,0.4,True
435,436,race,gender,Cramer's V,0.24918258023142126,0.4,False
435,436,race,age,Cramer's V,0.4794091465889338,0.4,True
435,436,gender,age,Cramer's V,0.4923541972711823,0.4,True
436,437,race,gender,Cramer's V,0.20946765386242583,0.4,False
436,437,race,age,Cramer's V,0.30659002873802604,0.4,False
436,437,gender,age,Cramer's V,0.3398355712520623,0.4,False
437,438,race,gender,Cramer's V,0.1594143148848488,0.4,False
437,438,race,age,Cramer's V,0.8226612330465751,0.4,True
437,438,gender,age,Cramer's V,0.44748192185509483,0.4,True
438,439,race,gender,Cramer's V,0.2738612787525831,0.4,False
438,439,race,age,Cramer's V,0.2598340552424494,0.4,False
438,439,gender,age,Cramer's V,0.3593504278765826,0.4,False
439,440,race,gender,Cramer's V,0.1727902176922743,0.4,False
439,440,race,age,Cramer's V,0.3569881782924463,0.4,False
439,440,gender,age,Cramer's V,0.3773710466935574,0.4,False
440,441,race,gender,Cramer's V,0.18054811848918012,0.4,False
440,441,race,age,Cramer's V,0.32690420530639336,0.4,False
440,441,gender,age,Cramer's V,0.4500069617952154,0.4,True
441,442,race,gender,Cramer's V,0.11775926234162588,0.4,False
441,442,race,age,Cramer's V,0.08637312927246216,0.4,False
441,442,gender,age,Cramer's V,0.15666989036012807,0.4,False
442,443,race,gender,Cramer's V,0.0495073771488337,0.4,False
442,443,race,age,Cramer's V,0.44920879407846587,0.4,True
442,443,gender,age,Cramer's V,0.24895457637092785,0.4,False
443,444,race,gender,Cramer's V,0.3915246301960538,0.4,False
443,444,race,age,Cramer's V,0.3245757936334869,0.4,False
443,444,gender,age,Cramer's V,0.3777210083820599,0.4,False
444,445,race,gender,Cramer's V,0.23690177073967142,0.4,False
444,445,race,age,Cramer's V,0.4395284825074331,0.4,True
444,445,gender,age,Cramer's V,0.4641682954744271,0.4,True
445,446,race,gender,Cramer's V,0.1946978894863169,0.4,False
445,446,race,age,Cramer's V,0.337099931231621,0.4,False
445,446,gender,age,Cramer's V,0.4605341214328833,0.4,True
446,447,race,gender,Cramer's V,0.2020423578596861,0.4,False
446,447,race,age,Cramer's V,0.4761157600928556,0.4,True
446,447,gender,age,Cramer's V,0.4140135920012769,0.4,True
447,448,race,gender,Cramer's V,0.16317559716515237,0.4,False
447,448,race,age,Cramer's V,0.3869435032731196,0.4,False
447,448,gender,age,Cramer's V,0.44836576034495784,0.4,True
448,449,race,gender,Cramer's V,0.10708209436720592,0.4,False
448,449,race,age,Cramer's V,0.2254262483919126,0.4,False
448,449,gender,age,Cramer's V,0.5296749527356901,0.4,True
449,450,race,gender,Cramer's V,0.44232586846469146,0.4,True
449,450,race,age,Cramer's V,0.3255240530143803,0.4,False
449,450,gender,age,Cramer's V,0.3193519930483546,0.4,False
450,451,race,gender,Cramer's V,0.2307277489112375,0.4,False
450,451,race,age,Cramer's V,0.4650780486086086,0.4,True
450,451,gender,age,Cramer's V,0.28207449762975917,0.4,False
451,452,race,gender,Cramer's V,0.39648395379961876,0.4,False
451,452,race,age,Cramer's V,0.38306904660800667,0.4,False
451,452,gender,age,Cramer's V,0.4746730969822911,0.4,True
452,453,race,gender,Cramer's V,0.026018170213439808,0.4,False
452,453,race,age,Cramer's V,0.4080597085966307,0.4,True
452,453,gender,age,Cramer's V,0.40350078260504224,0.4,True
453,454,race,gender,Cramer's V,0.2331615444842784,0.4,False
453,454,race,age,Cramer's V,0.3096615654652612,0.4,False
453,454,gender,age,Cramer's V,0.4301049330236821,0.4,True
454,455,race,gender,Cramer's V,0.2241053642501988,0.4,False
454,455,race,age,Cramer's V,0.2749458821208968,0.4,False
454,455,gender,age,Cramer's V,0.3594239323057586,0.4,False
455,456,race,gender,Cramer's V,0.13480605261977852,0.4,False
455,456,race,age,Cramer's V,0.31949313950188263,0.4,False
455,456,gender,age,Cramer's V,0.41299552315279336,0.4,True
456,457,race,gender,Cramer's V,0.2756039857037953,0.4,False
456,457,race,age,Cramer's V,0.31003214261308903,0.4,False
456,457,gender,age,Cramer's V,0.3600365860450012,0.4,False
457,458,race,gender,Cramer's V,0.3658977436877506,0.4,False
457,458,race,age,Cramer's V,0.4717170196790419,0.4,True
457,458,gender,age,Cramer's V,0.4905196598120897,0.4,True
458,459,race,gender,Cramer's V,0.31577899800088755,0.4,False
458,459,race,age,Cramer's V,0.42244463727560777,0.4,True
458,459,gender,age,Cramer's V,0.3657742888472883,0.4,False
459,460,race,gender,Cramer's V,0.12353626746367419,0.4,False
459,460,race,age,Cramer's V,0.46315277124345217,0.4,True
459,460,gender,age,Cramer's V,0.3883140676386196,0.4,False
460,461,race,gender,Cramer's V,0.3667464028134539,0.4,False
460,461,race,age,Cramer's V,0.631499130849263,0.4,True
460,461,gender,age,Cramer's V,0.3708208761076498,0.4,False
461,462,race,gender,Cramer's V,0.30660042769815543,0.4,False
461,462,race,age,Cramer's V,0.2172247906814728,0.4,False
461,462,gender,age,Cramer's V,0.29733112366761955,0.4,False
462,463,race,gender,Cramer's V,0.0357887540242882,0.4,False
462,463,race,age,Cramer's V,0.298742885819825,0.4,False
462,463,gender,age,Cramer's V,0.37038476473740095,0.4,False
463,464,race,gender,Cramer's V,0.06839855680567693,0.4,False
463,464,race,age,Cramer's V,0.5025604085935484,0.4,True
463,464,gender,age,Cramer's V,0.34033478202217243,0.4,False
464,465,race,gender,Cramer's V,0.4565350396456361,0.4,True
464,465,race,age,Cramer's V,0.3213397878558758,0.4,False
464,465,gender,age,Cramer's V,0.3628822146144692,0.4,False
465,466,race,gender,Cramer's V,0.1745761527483409,0.4,False
465,466,race,age,Cramer's V,0.35746017649212025,0.4,False
465,466,gender,age,Cramer's V,0.5308084728297112,0.4,True
466,467,race,gender,Cramer's V,0.23770856266654689,0.4,False
466,467,race,age,Cramer's V,0.4314807292025411,0.4,True
466,467,gender,age,Cramer's V,0.4307561804797178,0.4,True
467,468,race,gender,Cramer's V,0.1729798464863706,0.4,False
467,468,race,age,Cramer's V,0.40155946010522525,0.4,True
467,468,gender,age,Cramer's V,0.5424415795910036,0.4,True
468,469,race,gender,Cramer's V,0.32126859109672135,0.4,False
468,469,race,age,Cramer's V,0.3431507322505545,0.4,False
468,469,gender,age,Cramer's V,0.2630022206507521,0.4,False
469,470,race,gender,Cramer's V,0.3117174297200678,0.4,False
469,470,race,age,Cramer's V,0.5024630690931117,0.4,True
469,470,gender,age,Cramer's V,0.412944155809225,0.4,True
470,471,race,gender,Cramer's V,0.2822454654009977,0.4,False
470,471,race,age,Cramer's V,0.39274780935205955,0.4,False
470,471,gender,age,Cramer's V,0.3303626365669575,0.4,False
471,472,race,gender,Cramer's V,0.11274057703612178,0.4,False
471,472,race,age,Cramer's V,0.4596991434287601,0.4,True
471,472,gender,age,Cramer's V,0.4221643083240259,0.4,True
472,473,race,gender,Cramer's V,0.43257509419892887,0.4,True
472,473,race,age,Cramer's V,0.371348665878621,0.4,False
472,473,gender,age,Cramer's V,0.33163080616347856,0.4,False
473,474,race,gender,Cramer's V,0.24975621642178508,0.4,False
473,474,race,age,Cramer's V,0.3970052502477515,0.4,False
473,474,gender,age,Cramer's V,0.48887417385008897,0.4,True
474,475,race,gender,Cramer's V,0.1763866871880177,0.4,False
474,475,race,age,Cramer's V,0.46461716096501954,0.4,True
474,475,gender,age,Cramer's V,0.3294380448815685,0.4,False
475,476,race,gender,Cramer's V,0.28391206491810206,0.4,False
475,476,race,age,Cramer's V,0.4611923814401238,0.4,True
475,476,gender,age,Cramer's V,0.6045959936489123,0.4,True
476,477,race,gender,Cramer's V,0.35953673896650207,0.4,False
476,477,race,age,Cramer's V,0.38243165174180893,0.4,False
476,477,gender,age,Cramer's V,0.27811725287943995,0.4,False
477,478,race,gender,Cramer's V,0.23922039907094567,0.4,False
477,478,race,age,Cramer's V,0.5287242378857727,0.4,True
477,478,gender,age,Cramer's V,0.416102374781833,0.4,True
478,479,race,gender,Cramer's V,0.2976624618195425,0.4,False
478,479,race,age,Cramer's V,0.41974070318832213,0.4,True
478,479,gender,age,Cramer's V,0.5553310614438495,0.4,True
479,480,race,gender,Cramer's V,0.21640671617279558,0.4,False
479,480,race,age,Cramer's V,0.3842721123900465,0.4,False
479,480,gender,age,Cramer's V,0.2380059356336001,0.4,False
480,481,race,gender,Cramer's V,0.18650096164806276,0.4,False
480,481,race,age,Cramer's V,0.49665548085837796,0.4,True
480,481,gender,age,Cramer's V,0.2613371413505462,0.4,False
481,482,race,gender,Cramer's V,0.016454135493308115,0.4,False
481,482,race,age,Cramer's V,0.36865342775327437,0.4,False
481,482,gender,age,Cramer's V,0.1899544249570242,0.4,False
482,483,race,gender,Cramer's V,0.2310034049519946,0.4,False
482,483,race,age,Cramer's V,0.4168154496268331,0.4,True
482,483,gender,age,Cramer's V,0.4481427685052163,0.4,True
483,484,race,gender,Cramer's V,0.17038281318930917,0.4,False
483,484,race,age,Cramer's V,0.3951625477616004,0.4,False
483,484,gender,age,Cramer's V,0.5085914113168091,0.4,True
484,485,race,gender,Cramer's V,0.24095353921162488,0.4,False
484,485,race,age,Cramer's V,0.4561544947459392,0.4,True
484,485,gender,age,Cramer's V,0.4815803597086813,0.4,True
485,486,race,gender,Cramer's V,0.1662481684125346,0.4,False
485,486,race,age,Cramer's V,0.3193120427167972,0.4,False
485,486,gender,age,Cramer's V,0.43180299206214856,0.4,True
486,487,race,gender,Cramer's V,0.28770316168526455,0.4,False
486,487,race,age,Cramer's V,0.44502404209929836,0.4,True
486,487,gender,age,Cramer's V,0.4188704915457555,0.4,True
487,488,race,gender,Cramer's V,0.15850094327671316,0.4,False
487,488,race,age,Cramer's V,0.4699290726623894,0.4,True
487,488,gender,age,Cramer's V,0.46526399843023974,0.4,True
488,489,race,gender,Cramer's V,0.2752935971392185,0.4,False
488,489,race,age,Cramer's V,0.3577604550130081,0.4,False
488,489,gender,age,Cramer's V,0.3787496412839481,0.4,False
489,490,race,gender,Cramer's V,0.14555489363778754,0.4,False
489,490,race,age,Cramer's V,0.5911104835155172,0.4,True
489,490,gender,age,Cramer's V,0.2097701774248682,0.4,False
490,491,race,gender,Cramer's V,0.19959754829794307,0.4,False
490,491,race,age,Cramer's V,0.30900827029565264,0.4,False
490,491,gender,age,Cramer's V,0.4211021230659877,0.4,True
491,492,race,gender,Cramer's V,0.2597178853167027,0.4,False
491,492,race,age,Cramer's V,0.44101911891420675,0.4,True
491,492,gender,age,Cramer's V,0.3585703687450207,0.4,False
492,493,race,gender,Cramer's V,0.27269328688006755,0.4,False
492,493,race,age,Cramer's V,0.37379337910798865,0.4,False
492,493,gender,age,Cramer's V,0.34995425901892296,0.4,False
493,494,race,gender,Cramer's V,0.25287565546504304,0.4,False
493,494,race,age,Cramer's V,0.3613386499778205,0.4,False
493,494,gender,age,Cramer's V,0.32682131098226946,0.4,False
494,495,race,gender,Cramer's V,0.31590510805626,0.4,False
494,495,race,age,Cramer's V,0.32598885144852924,0.4,False
494,495,gender,age,Cramer's V,0.32121007922245653,0.4,False
495,496,race,gender,Cramer's V,0.4727785274518461,0.4,True
495,496,race,age,Cramer's V,0.46880432413861733,0.4,True
495,496,gender,age,Cramer's V,0.528652238100047,0.4,True
496,497,race,gender,Cramer's V,0.14555489363778754,0.4,False
496,497,race,age,Cramer's V,0.565950237735417,0.4,True
496,497,gender,age,Cramer's V,0.423631692679807,0.4,True
497,498,race,gender,Cramer's V,0.4668635460101265,0.4,True
497,498,race,age,Cramer's V,0.501050483785404,0.4,True
497,498,gender,age,Cramer's V,0.5266674774130226,0.4,True
498,499,race,gender,Cramer's V,0.03578875402428823,0.4,False
498,499,race,age,Cramer's V,0.5265359848758446,0.4,True
498,499,gender,age,Cramer's V,0.592187702092676,0.4,True
499,500,race,gender,Cramer's V,0.12122578043423218,0.4,False
499,500,race,age,Cramer's V,0.4178132372658481,0.4,True
499,500,gender,age,Cramer's V,0.4833988662974106,0.4,True
500,501,race,gender,Cramer's V,0.4357045276034548,0.4,True
500,501,race,age,Cramer's V,0.4275321761608233,0.4,True
500,501,gender,age,Cramer's V,0.414635069812805,0.4,True
501,502,race,gender,Cramer's V,0.011894651701745161,0.4,False
501,502,race,age,Cramer's V,0.35628844716973196,0.4,False
501,502,gender,age,Cramer's V,0.29542914740768267,0.4,False
502,503,race,gender,Cramer's V,0.05685735326841775,0.4,False
502,503,race,age,Cramer's V,0.3433780081572533,0.4,False
502,503,gender,age,Cramer's V,0.5099019513592785,0.4,True
503,504,race,gender,Cramer's V,0.265398629682919,0.4,False
503,504,race,age,Cramer's V,0.4198114808666932,0.4,True
503,504,gender,age,Cramer's V,0.46544959340004277,0.4,True
504,505,race,gender,Cramer's V,0.05301741752336265,0.4,False
504,505,race,age,Cramer's V,0.3892494720807615,0.4,False
504,505,gender,age,Cramer's V,0.40164105407133904,0.4,True
505,506,race,gender,Cramer's V,0.25113217120710263,0.4,False
505,506,race,age,Cramer's V,0.49750087689080763,0.4,True
505,506,gender,age,Cramer's V,0.3564088385259744,0.4,False
506,507,race,gender,Cramer's V,0.08928958963652145,0.4,False
506,507,race,age,Cramer's V,0.32383849962117084,0.4,False
506,507,gender,age,Cramer's V,0.534403064724217,0.4,True
507,508,race,gender,Cramer's V,0.2319518712864261,0.4,False
507,508,race,age,Cramer's V,0.3895037753649326,0.4,False
507,508,gender,age,Cramer's V,0.43922237756467286,0.4,True
508,509,race,gender,Cramer's V,0.25928148942086576,0.4,False
508,509,race,age,Cramer's V,0.4579377247038725,0.4,True
508,509,gender,age,Cramer's V,0.367603013952919,0.4,False
509,510,race,gender,Cramer's V,0.011894651701745161,0.4,False
509,510,race,age,Cramer's V,0.30144089879011055,0.4,False
509,510,gender,age,Cramer's V,0.5992662365576064,0.4,True
510,511,race,gender,Cramer's V,0.2610520027660162,0.4,False
510,511,race,age,Cramer's V,0.4720587952499556,0.4,True
510,511,gender,age,Cramer's V,0.44993826737058545,0.4,True
511,512,race,gender,Cramer's V,0.4216370213557839,0.4,True
511,512,race,age,Cramer's V,0.3993307157934782,0.4,False
511,512,gender,age,Cramer's V,0.2727552471293656,0.4,False
512,513,race,gender,Cramer's V,0.01420047742807683,0.4,False
512,513,race,age,Cramer's V,0.4539460115368977,0.4,True
512,513,gender,age,Cramer's V,0.42300936827386215,0.4,True
513,514,race,gender,Cramer's V,0.2731076521471324,0.4,False
513,514,race,age,Cramer's V,0.48251348589367327,0.4,True
513,514,gender,age,Cramer's V,0.5189679480396039,0.4,True
514,515,race,gender,Cramer's V,0.11547005383792516,0.4,False
514,515,race,age,Cramer's V,0.5930148958219066,0.4,True
514,515,gender,age,Cramer's V,0.4976611966656298,0.4,True
515,516,race,gender,Cramer's V,0.26359828331193413,0.4,False
515,516,race,age,Cramer's V,0.3293273235592409,0.4,False
515,516,gender,age,Cramer's V,0.44957744943550676,0.4,True
516,517,race,gender,Cramer's V,0.25823113035286177,0.4,False
516,517,race,age,Cramer's V,0.3081173699847409,0.4,False
516,517,gender,age,Cramer's V,0.3488510677943573,0.4,False
517,518,race,gender,Cramer's V,0.16222142113076254,0.4,False
517,518,race,age,Cramer's V,0.2935899435352903,0.4,False
517,518,gender,age,Cramer's V,0.3787511982909838,0.4,False
518,519,race,gender,Cramer's V,0.2270670698076521,0.4,False
518,519,race,age,Cramer's V,0.3620008762116021,0.4,False
518,519,gender,age,Cramer's V,0.5548691215865849,0.4,True
519,520,race,gender,Cramer's V,0.017081667951891408,0.4,False
519,520,race,age,Cramer's V,0.26378294806258146,0.4,False
519,520,gender,age,Cramer's V,0.36009841480814514,0.4,False
520,521,race,gender,Cramer's V,0.13480605261977852,0.4,False
520,521,race,age,Cramer's V,0.31638964356315374,0.4,False
520,521,gender,age,Cramer's V,0.3281976976859532,0.4,False
521,522,race,gender,Cramer's V,0.170834959924512,0.4,False
521,522,race,age,Cramer's V,0.3653009937756968,0.4,False
521,522,gender,age,Cramer's V,0.17593288763724918,0.4,False
522,523,race,gender,Cramer's V,0.2895243593511399,0.4,False
522,523,race,age,Cramer's V,0.488649576988366,0.4,True
522,523,gender,age,Cramer's V,0.36029823037979913,0.4,False
523,524,race,gender,Cramer's V,0.14445554402908023,0.4,False
523,524,race,age,Cramer's V,0.3568929166568812,0.4,False
523,524,gender,age,Cramer's V,0.32552543827911656,0.4,False
524,525,race,gender,Cramer's V,0.14538714647536227,0.4,False
524,525,race,age,Cramer's V,0.32333977656810353,0.4,False
524,525,gender,age,Cramer's V,0.47904681640935604,0.4,True
525,526,race,gender,Cramer's V,0.3768673314407159,0.4,False
525,526,race,age,Cramer's V,0.7168604389202189,0.4,True
525,526,gender,age,Cramer's V,0.3624349119018152,0.4,False
526,527,race,gender,Cramer's V,0.051282051282051225,0.4,False
526,527,race,age,Cramer's V,0.4196792799337346,0.4,True
526,527,gender,age,Cramer's V,0.3115619825104933,0.4,False
527,528,race,gender,Cramer's V,0.3039930339759159,0.4,False
527,528,race,age,Cramer's V,0.40384547551157246,0.4,True
527,528,gender,age,Cramer's V,0.3681718727761113,0.4,False
528,529,race,gender,Cramer's V,0.1759328876372492,0.4,False
528,529,race,age,Cramer's V,0.4944907520834983,0.4,True
528,529,gender,age,Cramer's V,0.3379976689896311,0.4,False
529,530,race,gender,Cramer's V,0.2481817940513581,0.4,False
529,530,race,age,Cramer's V,0.3401545651687306,0.4,False
529,530,gender,age,Cramer's V,0.36170835652602945,0.4,False
530,531,race,gender,Cramer's V,0.15739680954869636,0.4,False
530,531,race,age,Cramer's V,0.3601612378034555,0.4,False
530,531,gender,age,Cramer's V,0.3040498509423686,0.4,False
531,532,race,gender,Cramer's V,0.11167301585818513,0.4,False
531,532,race,age,Cramer's V,0.4068851871911235,0.4,True
531,532,gender,age,Cramer's V,0.338422686192747,0.4,False
532,533,race,gender,Cramer's V,0.28805231804489,0.4,False
532,533,race,age,Cramer's V,0.4308875867186827,0.4,True
532,533,gender,age,Cramer's V,0.17242052075909056,0.4,False
533,534,race,gender,Cramer's V,0.4920587858574378,0.4,True
533,534,race,age,Cramer's V,0.4322264775452292,0.4,True
533,534,gender,age,Cramer's V,0.45937937672985046,0.4,True
534,535,race,gender,Cramer's V,0.22383815507803193,0.4,False
534,535,race,age,Cramer's V,0.4326093778659224,0.4,True
534,535,gender,age,Cramer's V,0.3815242507965216,0.4,False
535,536,race,gender,Cramer's V,0.21690252026360435,0.4,False
535,536,race,age,Cramer's V,0.5801193511153213,0.4,True
535,536,gender,age,Cramer's V,0.46312431050866565,0.4,True
536,537,race,gender,Cramer's V,0.28234621965789103,0.4,False
536,537,race,age,Cramer's V,0.3346205305579732,0.4,False
536,537,gender,age,Cramer's V,0.4993547423727532,0.4,True
537,538,race,gender,Cramer's V,0.3117174297200678,0.4,False
537,538,race,age,Cramer's V,0.3478327964999673,0.4,False
537,538,gender,age,Cramer's V,0.5099019513592784,0.4,True
538,539,race,gender,Cramer's V,0.3503069113316163,0.4,False
538,539,race,age,Cramer's V,0.3696199894742391,0.4,False
538,539,gender,age,Cramer's V,0.46392890770731454,0.4,True
539,540,race,gender,Cramer's V,0.3213940224196132,0.4,False
539,540,race,age,Cramer's V,0.3050356326946147,0.4,False
539,540,gender,age,Cramer's V,0.49924663131517655,0.4,True
540,541,race,gender,Cramer's V,0.19359223678810267,0.4,False
540,541,race,age,Cramer's V,0.38079602370859694,0.4,False
540,541,gender,age,Cramer's V,0.3372069301015531,0.4,False
541,542,race,gender,Cramer's V,0.03416149068322975,0.4,False
541,542,race,age,Cramer's V,0.4124528121994507,0.4,True
541,542,gender,age,Cramer's V,0.5852158326108755,0.4,True
542,543,race,gender,Cramer's V,0.14708710135363803,0.4,False
542,543,race,age,Cramer's V,0.3535533905932738,0.4,False
542,543,gender,age,Cramer's V,0.4672215108178776,0.4,True
543,544,race,gender,Cramer's V,0.4127023727990813,0.4,True
543,544,race,age,Cramer's V,0.2692099026178644,0.4,False
543,544,gender,age,Cramer's V,0.3778340279758308,0.4,False
544,545,race,gender,Cramer's V,0.2270670698076521,0.4,False
544,545,race,age,Cramer's V,0.5797939018832198,0.4,True
544,545,gender,age,Cramer's V,0.46564174771703415,0.4,True
545,546,race,gender,Cramer's V,0.20017474883193953,0.4,False
545,546,race,age,Cramer's V,0.40732757200532216,0.4,True
545,546,gender,age,Cramer's V,0.57556672617261,0.4,True
546,547,race,gender,Cramer's V,0.016454135493308115,0.4,False
546,547,race,age,Cramer's V,0.6337230769599643,0.4,True
546,547,gender,age,Cramer's V,0.3516876604692234,0.4,False
547,548,race,gender,Cramer's V,0.34073639373323994,0.4,False
547,548,race,age,Cramer's V,0.5128834668318434,0.4,True
547,548,gender,age,Cramer's V,0.5742039227726821,0.4,True
548,549,race,gender,Cramer's V,0.3383183787452662,0.4,False
548,549,race,age,Cramer's V,0.4891869907306058,0.4,True
548,549,gender,age,Cramer's V,0.34676740664332095,0.4,False
549,550,race,gender,Cramer's V,0.1463048658440511,0.4,False
549,550,race,age,Cramer's V,0.4136934630423307,0.4,True
549,550,gender,age,Cramer's V,0.6302423923367344,0.4,True
550,551,race,gender,Cramer's V,0.3267532352826468,0.4,False
550,551,race,age,Cramer's V,0.420096990564657,0.4,True
550,551,gender,age,Cramer's V,0.4304097178881133,0.4,True
551,552,race,gender,Cramer's V,0.0067002521017280985,0.4,False
551,552,race,age,Cramer's V,0.639106243220528,0.4,True
551,552,gender,age,Cramer's V,0.2822617883662561,0.4,False
552,553,race,gender,Cramer's V,0.21260415322791026,0.4,False
552,553,race,age,Cramer's V,0.4238393618339437,0.4,True
552,553,gender,age,Cramer's V,0.42948831847934543,0.4,True
553,554,race,gender,Cramer's V,0.21609921977144966,0.4,False
553,554,race,age,Cramer's V,0.5503926768820895,0.4,True
553,554,gender,age,Cramer's V,0.3190792914040311,0.4,False
554,555,race,gender,Cramer's V,0.30301515113634475,0.4,False
554,555,race,age,Cramer's V,0.40287428846687684,0.4,True
554,555,gender,age,Cramer's V,0.37895580693202685,0.4,False
555,556,race,gender,Cramer's V,0.11547005383792516,0.4,False
555,556,race,age,Cramer's V,0.2868931722918695,0.4,False
555,556,gender,age,Cramer's V,0.43164364852994114,0.4,True
556,557,race,gender,Cramer's V,0.19640775780505035,0.4,False
556,557,race,age,Cramer's V,0.4349177383752462,0.4,True
556,557,gender,age,Cramer's V,0.3549822721100499,0.4,False
557,558,race,gender,Cramer's V,0.21053260933127851,0.4,False
557,558,race,age,Cramer's V,0.44421817456684604,0.4,True
557,558,gender,age,Cramer's V,0.22734427144057603,0.4,False
558,559,race,gender,Cramer's V,0.2118805753879094,0.4,False
558,559,race,age,Cramer's V,0.45279847065383844,0.4,True
558,559,gender,age,Cramer's V,0.5543023383056238,0.4,True
559,560,race,gender,Cramer's V,0.2164274058737382,0.4,False
559,560,race,age,Cramer's V,0.5507918368218419,0.4,True
559,560,gender,age,Cramer's V,0.47806251792393334,0.4,True
560,561,race,gender,Cramer's V,0.36422841413368295,0.4,False
560,561,race,age,Cramer's V,0.7925792188682581,0.4,True
560,561,gender,age,Cramer's V,0.36106150452922847,0.4,False
561,562,race,gender,Cramer's V,0.24602604519599108,0.4,False
561,562,race,age,Cramer's V,0.33050936835402395,0.4,False
561,562,gender,age,Cramer's V,0.3332953574478973,0.4,False
562,563,race,gender,Cramer's V,0.17372281285407365,0.4,False
562,563,race,age,Cramer's V,0.36053449078780114,0.4,False
562,563,gender,age,Cramer's V,0.45057900804978335,0.4,True
563,564,race,gender,Cramer's V,0.23690177073967142,0.4,False
563,564,race,age,Cramer's V,0.41547448491940825,0.4,True
563,564,gender,age,Cramer's V,0.34503277967117707,0.4,False
564,565,race,gender,Cramer's V,0.30398341069620005,0.4,False
564,565,race,age,Cramer's V,0.42429021681710294,0.4,True
564,565,gender,age,Cramer's V,0.5043180888029672,0.4,True
565,566,race,gender,Cramer's V,0.16537377315791296,0.4,False
565,566,race,age,Cramer's V,0.40672432861482416,0.4,True
565,566,gender,age,Cramer's V,0.4296576219569159,0.4,True
566,567,race,gender,Cramer's V,0.4443269861129698,0.4,True
566,567,race,age,Cramer's V,0.27355923688418216,0.4,False
566,567,gender,age,Cramer's V,0.3703847647374009,0.4,False
567,568,race,gender,Cramer's V,0.44734373538385197,0.4,True
567,568,race,age,Cramer's V,0.3237829380101769,0.4,False
567,568,gender,age,Cramer's V,0.3977449662799747,0.4,False
568,569,race,gender,Cramer's V,0.01420047742807683,0.4,False
568,569,race,age,Cramer's V,0.5211226618377842,0.4,True
568,569,gender,age,Cramer's V,0.35119903090081495,0.4,False
569,570,race,gender,Cramer's V,0.44732600309140264,0.4,True
569,570,race,age,Cramer's V,0.28432456074081225,0.4,False
569,570,gender,age,Cramer's V,0.37282515934386173,0.4,False
570,571,race,gender,Cramer's V,0.3988620176087328,0.4,False
570,571,race,age,Cramer's V,0.300580504117919,0.4,False
570,571,gender,age,Cramer's V,0.3093364401247179,0.4,False
571,572,race,gender,Cramer's V,0.23409761511949365,0.4,False
571,572,race,age,Cramer's V,0.4831983440892981,0.4,True
571,572,gender,age,Cramer's V,0.4780365127927209,0.4,True
572,573,race,gender,Cramer's V,0.35338003760879333,0.4,False
572,573,race,age,Cramer's V,0.4761160656147909,0.4,True
572,573,gender,age,Cramer's V,0.549522328860226,0.4,True
573,574,race,gender,Cramer's V,0.2823462196578911,0.4,False
573,574,race,age,Cramer's V,0.44917620068215913,0.4,True
573,574,gender,age,Cramer's V,0.3950441171532042,0.4,False
574,575,race,gender,Cramer's V,0.2738612787525831,0.4,False
574,575,race,age,Cramer's V,0.2530571533496974,0.4,False
574,575,gender,age,Cramer's V,0.32718362939371676,0.4,False
575,576,race,gender,Cramer's V,0.24092656463778975,0.4,False
575,576,race,age,Cramer's V,0.3880252660399142,0.4,False
575,576,gender,age,Cramer's V,0.39345129503996734,0.4,False
576,577,race,gender,Cramer's V,0.3661473102643973,0.4,False
576,577,race,age,Cramer's V,0.3702988146365204,0.4,False
576,577,gender,age,Cramer's V,0.6308849919088843,0.4,True
577,578,race,gender,Cramer's V,0.2776643759450143,0.4,False
577,578,race,age,Cramer's V,0.5444645567752879,0.4,True
577,578,gender,age,Cramer's V,0.32252475542429854,0.4,False
578,579,race,gender,Cramer's V,0.13078468754383613,0.4,False
578,579,race,age,Cramer's V,0.2923858931096206,0.4,False
578,579,gender,age,Cramer's V,0.26050306772978876,0.4,False
579,580,race,gender,Cramer's V,0.18255622565736843,0.4,False
579,580,race,age,Cramer's V,0.2785533579839725,0.4,False
579,580,gender,age,Cramer's V,0.3781728518579209,0.4,False
580,581,race,gender,Cramer's V,0.14791766465165393,0.4,False
580,581,race,age,Cramer's V,0.38750785496856405,0.4,False
580,581,gender,age,Cramer's V,0.47041629041890787,0.4,True
581,582,race,gender,Cramer's V,0.11744841585861276,0.4,False
581,582,race,age,Cramer's V,0.3166138682429846,0.4,False
581,582,gender,age,Cramer's V,0.5100198113085662,0.4,True
582,583,race,gender,Cramer's V,0.22410536425019884,0.4,False
582,583,race,age,Cramer's V,0.3818408950542129,0.4,False
582,583,gender,age,Cramer's V,0.5263646196069778,0.4,True
583,584,race,gender,Cramer's V,0.2705641438985895,0.4,False
583,584,race,age,Cramer's V,0.4655628512595334,0.4,True
583,584,gender,age,Cramer's V,0.43677179484211287,0.4,True
584,585,race,gender,Cramer's V,0.0415668661241536,0.4,False
584,585,race,age,Cramer's V,0.4576043153224294,0.4,True
584,585,gender,age,Cramer's V,0.48028040326145416,0.4,True
585,586,race,gender,Cramer's V,0.27187888600435817,0.4,False
585,586,race,age,Cramer's V,0.3204163957519444,0.4,False
585,586,gender,age,Cramer's V,0.6712405751848112,0.4,True
586,587,race,gender,Cramer's V,0.5408066379453313,0.4,True
586,587,race,age,Cramer's V,0.32462328618665937,0.4,False
586,587,gender,age,Cramer's V,0.442759089363711,0.4,True
587,588,race,gender,Cramer's V,0.20968178322508185,0.4,False
587,588,race,age,Cramer's V,0.4057528368790102,0.4,True
587,588,gender,age,Cramer's V,0.3685480489693209,0.4,False
588,589,race,gender,Cramer's V,0.32947703467951045,0.4,False
588,589,race,age,Cramer's V,0.4894472696583576,0.4,True
588,589,gender,age,Cramer's V,0.5417344279960343,0.4,True
589,590,race,gender,Cramer's V,0.3194476226640777,0.4,False
589,590,race,age,Cramer's V,0.47241359334232025,0.4,True
589,590,gender,age,Cramer's V,0.4894885059873565,0.4,True
590,591,race,gender,Cramer's V,0.35821893027171603,0.4,False
590,591,race,age,Cramer's V,0.23542149524476397,0.4,False
590,591,gender,age,Cramer's V,0.36262615156104144,0.4,False
591,592,race,gender,Cramer's V,0.12394963356060378,0.4,False
591,592,race,age,Cramer's V,0.35526683804504783,0.4,False
591,592,gender,age,Cramer's V,0.40528020461409686,0.4,True
592,593,race,gender,Cramer's V,0.33763690923378525,0.4,False
592,593,race,age,Cramer's V,0.39893847336239346,0.4,False
592,593,gender,age,Cramer's V,0.4822785425380157,0.4,True
593,594,race,gender,Cramer's V,0.09835312874640796,0.4,False
593,594,race,age,Cramer's V,0.19378366387660678,0.4,False
593,594,gender,age,Cramer's V,0.34049767687504345,0.4,False
594,595,race,gender,Cramer's V,0.26159872954058727,0.4,False
594,595,race,age,Cramer's V,0.5502009527757782,0.4,True
594,595,gender,age,Cramer's V,0.4545279768627683,0.4,True
595,596,race,gender,Cramer's V,0.263956386709507,0.4,False
595,596,race,age,Cramer's V,0.3870600241764348,0.4,False
595,596,gender,age,Cramer's V,0.4905205508752911,0.4,True
596,597,race,gender,Cramer's V,0.2240066787767382,0.4,False
596,597,race,age,Cramer's V,0.4672419269661256,0.4,True
596,597,gender,age,Cramer's V,0.4086853028997806,0.4,True
597,598,race,gender,Cramer's V,0.18419525981452514,0.4,False
597,598,race,age,Cramer's V,0.5044959157736146,0.4,True
597,598,gender,age,Cramer's V,0.2602788851198185,0.4,False
598,599,race,gender,Cramer's V,0.1497565869344689,0.4,False
598,599,race,age,Cramer's V,0.2636313074649136,0.4,False
598,599,gender,age,Cramer's V,0.5730974232760575,0.4,True
599,600,race,gender,Cramer's V,0.2694390517304472,0.4,False
599,600,race,age,Cramer's V,0.3948469271807695,0.4,False
599,600,gender,age,Cramer's V,0.36344160704666006,0.4,False
600,601,race,gender,Cramer's V,0.32173365506714924,0.4,False
600,601,race,age,Cramer's V,0.3602544093563031,0.4,False
600,601,gender,age,Cramer's V,0.4623839765810898,0.4,True
601,602,race,gender,Cramer's V,0.0654627765887489,0.4,False
601,602,race,age,Cramer's V,0.4713926164861575,0.4,True
601,602,gender,age,Cramer's V,0.30254039652696224,0.4,False
602,603,race,gender,Cramer's V,0.17350882212530677,0.4,False
602,603,race,age,Cramer's V,0.3847927704498568,0.4,False
602,603,gender,age,Cramer's V,0.2930370735857948,0.4,False
603,604,race,gender,Cramer's V,0.29438013497100346,0.4,False
603,604,race,age,Cramer's V,0.47308511264837305,0.4,True
603,604,gender,age,Cramer's V,0.28680115404367595,0.4,False
604,605,race,gender,Cramer's V,0.4469995664876997,0.4,True
604,605,race,age,Cramer's V,0.3288849179518549,0.4,False
604,605,gender,age,Cramer's V,0.35769557999243984,0.4,False
605,606,race,gender,Cramer's V,0.12350606688841982,0.4,False
605,606,race,age,Cramer's V,0.4045627565225717,0.4,True
605,606,gender,age,Cramer's V,0.5891169862849074,0.4,True
606,607,race,gender,Cramer's V,0.23690177073967142,0.4,False
606,607,race,age,Cramer's V,0.35360349381617007,0.4,False
606,607,gender,age,Cramer's V,0.49279412685630086,0.4,True
607,608,race,gender,Cramer's V,0.1949358868961793,0.4,False
607,608,race,age,Cramer's V,0.31464265445104544,0.4,False
607,608,gender,age,Cramer's V,0.3941640683672008,0.4,False
608,609,race,gender,Cramer's V,0.45846734637518916,0.4,True
608,609,race,age,Cramer's V,0.35840892805140845,0.4,False
608,609,gender,age,Cramer's V,0.30269756687734384,0.4,False
609,610,race,gender,Cramer's V,0.048356247114533436,0.4,False
609,610,race,age,Cramer's V,0.3316539664659754,0.4,False
609,610,gender,age,Cramer's V,0.4509570927097617,0.4,True
610,611,race,gender,Cramer's V,0.28415724804218323,0.4,False
610,611,race,age,Cramer's V,0.46807327694773665,0.4,True
610,611,gender,age,Cramer's V,0.26856531643633097,0.4,False
611,612,race,gender,Cramer's V,0.20338052110179178,0.4,False
611,612,race,age,Cramer's V,0.4034268790663889,0.4,True
611,612,gender,age,Cramer's V,0.4990921463232435,0.4,True
612,613,race,gender,Cramer's V,0.2835654364078002,0.4,False
612,613,race,age,Cramer's V,0.6799775148508619,0.4,True
612,613,gender,age,Cramer's V,0.49110839881762736,0.4,True
613,614,race,gender,Cramer's V,0.31732387941099616,0.4,False
613,614,race,age,Cramer's V,0.443471156521669,0.4,True
613,614,gender,age,Cramer's V,0.389978631893253,0.4,False
614,615,race,gender,Cramer's V,0.32317637726523446,0.4,False
614,615,race,age,Cramer's V,0.28686809152667897,0.4,False
614,615,gender,age,Cramer's V,0.35613466069974725,0.4,False
615,616,race,gender,Cramer's V,0.4845758942764252,0.4,True
615,616,race,age,Cramer's V,0.40805187559059186,0.4,True
615,616,gender,age,Cramer's V,0.3568573802616247,0.4,False
616,617,race,gender,Cramer's V,0.25113217120710263,0.4,False
616,617,race,age,Cramer's V,0.8044905027059669,0.4,True
616,617,gender,age,Cramer's V,0.4754160369226782,0.4,True
617,618,race,gender,Cramer's V,0.21609921977144966,0.4,False
617,618,race,age,Cramer's V,0.2822473141240019,0.4,False
617,618,gender,age,Cramer's V,0.58644322820666,0.4,True
618,619,race,gender,Cramer's V,0.1744667331431148,0.4,False
618,619,race,age,Cramer's V,0.3526523940109325,0.4,False
618,619,gender,age,Cramer's V,0.4903884776483546,0.4,True
619,620,race,gender,Cramer's V,0.27730269999245083,0.4,False
619,620,race,age,Cramer's V,0.4273375511435692,0.4,True
619,620,gender,age,Cramer's V,0.443576444989515,0.4,True
620,621,race,gender,Cramer's V,0.32351376636055745,0.4,False
620,621,race,age,Cramer's V,0.4986344990435015,0.4,True
620,621,gender,age,Cramer's V,0.3069145004071116,0.4,False
621,622,race,gender,Cramer's V,0.19227925073505914,0.4,False
621,622,race,age,Cramer's V,0.4012452272941123,0.4,True
621,622,gender,age,Cramer's V,0.23760065325925708,0.4,False
622,623,race,gender,Cramer's V,0.7480132415430957,0.4,True
622,623,race,age,Cramer's V,0.31207192903061454,0.4,False
622,623,gender,age,Cramer's V,0.2404717703507023,0.4,False
623,624,race,gender,Cramer's V,0.21053260933127851,0.4,False
623,624,race,age,Cramer's V,0.362760206655123,0.4,False
623,624,gender,age,Cramer's V,0.4467116706991398,0.4,True
624,625,race,gender,Cramer's V,0.2331615444842784,0.4,False
624,625,race,age,Cramer's V,0.6545257556905597,0.4,True
624,625,gender,age,Cramer's V,0.49777080918584693,0.4,True
625,626,race,gender,Cramer's V,0.22413315504751535,0.4,False
625,626,race,age,Cramer's V,0.3646604008899348,0.4,False
625,626,gender,age,Cramer's V,0.3630841023226948,0.4,False
626,627,race,gender,Cramer's V,0.23572701773610147,0.4,False
626,627,race,age,Cramer's V,0.5467125001526206,0.4,True
626,627,gender,age,Cramer's V,0.5858090720597993,0.4,True
627,628,race,gender,Cramer's V,0.1876905871164676,0.4,False
627,628,race,age,Cramer's V,0.405529874497122,0.4,True
627,628,gender,age,Cramer's V,0.5082997213278205,0.4,True
628,629,race,gender,Cramer's V,0.13424396632670946,0.4,False
628,629,race,age,Cramer's V,0.4484128388818434,0.4,True
628,629,gender,age,Cramer's V,0.3175605522628342,0.4,False
629,630,race,gender,Cramer's V,0.3885436701001307,0.4,False
629,630,race,age,Cramer's V,0.27046973220397774,0.4,False
629,630,gender,age,Cramer's V,0.16846673039684856,0.4,False
630,631,race,gender,Cramer's V,0.3370101854969077,0.4,False
630,631,race,age,Cramer's V,0.4741485524778598,0.4,True
630,631,gender,age,Cramer's V,0.38727777356455323,0.4,False
631,632,race,gender,Cramer's V,0.16817499303650432,0.4,False
631,632,race,age,Cramer's V,0.5828229059350187,0.4,True
631,632,gender,age,Cramer's V,0.36496061184222084,0.4,False
632,633,race,gender,Cramer's V,0.2864411907054679,0.4,False
632,633,race,age,Cramer's V,0.32977903019174637,0.4,False
632,633,gender,age,Cramer's V,0.48526032482164033,0.4,True
633,634,race,gender,Cramer's V,0.3822485015631197,0.4,False
633,634,race,age,Cramer's V,0.2589945738821791,0.4,False
633,634,gender,age,Cramer's V,0.40549970953135633,0.4,True
634,635,race,gender,Cramer's V,0.2761776686902755,0.4,False
634,635,race,age,Cramer's V,0.38326627495520327,0.4,False
634,635,gender,age,Cramer's V,0.4581649101743661,0.4,True
635,636,race,gender,Cramer's V,0.22091116522120374,0.4,False
635,636,race,age,Cramer's V,0.26976754607417064,0.4,False
635,636,gender,age,Cramer's V,0.5768361449150836,0.4,True
636,637,race,gender,Cramer's V,0.26943905173044724,0.4,False
636,637,race,age,Cramer's V,0.3562894171320986,0.4,False
636,637,gender,age,Cramer's V,0.44446501801227534,0.4,True
637,638,race,gender,Cramer's V,0.2557339983261473,0.4,False
637,638,race,age,Cramer's V,0.42665650970525754,0.4,True
637,638,gender,age,Cramer's V,0.33674988997843547,0.4,False
638,639,race,gender,Cramer's V,0.25203883272423033,0.4,False
638,639,race,age,Cramer's V,0.3987307050067844,0.4,False
638,639,gender,age,Cramer's V,0.4757552956542904,0.4,True
639,640,race,gender,Cramer's V,0.3723761104197422,0.4,False
639,640,race,age,Cramer's V,0.5807175785034461,0.4,True
639,640,gender,age,Cramer's V,0.4342769752451426,0.4,True
640,641,race,gender,Cramer's V,0.32142857142857145,0.4,False
640,641,race,age,Cramer's V,0.7377751482072091,0.4,True
640,641,gender,age,Cramer's V,0.556705159775473,0.4,True
641,642,race,gender,Cramer's V,0.23770856266654689,0.4,False
641,642,race,age,Cramer's V,0.23458829433616166,0.4,False
641,642,gender,age,Cramer's V,0.3457829179276099,0.4,False
642,643,race,gender,Cramer's V,0.15644420703869602,0.4,False
642,643,race,age,Cramer's V,0.4178194730659548,0.4,True
642,643,gender,age,Cramer's V,0.34171720420985624,0.4,False
643,644,race,gender,Cramer's V,0.22645540682891915,0.4,False
643,644,race,age,Cramer's V,0.38369548110737794,0.4,False
643,644,gender,age,Cramer's V,0.5855042023249456,0.4,True
644,645,race,gender,Cramer's V,0.3052643568471884,0.4,False
644,645,race,age,Cramer's V,0.31794222982159537,0.4,False
644,645,gender,age,Cramer's V,0.35936313817553006,0.4,False
645,646,race,gender,Cramer's V,0.09449111825230677,0.4,False
645,646,race,age,Cramer's V,0.40041644987853997,0.4,True
645,646,gender,age,Cramer's V,0.3783767094317022,0.4,False
646,647,race,gender,Cramer's V,0.12271216344875946,0.4,False
646,647,race,age,Cramer's V,0.4739743789746859,0.4,True
646,647,gender,age,Cramer's V,0.23913567213167863,0.4,False
647,648,race,gender,Cramer's V,0.2020423578596861,0.4,False
647,648,race,age,Cramer's V,0.34266507677134195,0.4,False
647,648,gender,age,Cramer's V,0.11547005383792515,0.4,False
648,649,race,gender,Cramer's V,0.1729798464863706,0.4,False
648,649,race,age,Cramer's V,0.3969319148858467,0.4,False
648,649,gender,age,Cramer's V,0.2769370672086696,0.4,False
649,650,race,gender,Cramer's V,0.23298487061207182,0.4,False
649,650,race,age,Cramer's V,0.6215735315538771,0.4,True
649,650,gender,age,Cramer's V,0.5031435009668188,0.4,True
650,651,race,gender,Cramer's V,0.2118805753879094,0.4,False
650,651,race,age,Cramer's V,0.41450054232591466,0.4,True
650,651,gender,age,Cramer's V,0.35110455817948416,0.4,False
651,652,race,gender,Cramer's V,0.26311947744405173,0.4,False
651,652,race,age,Cramer's V,0.5026638441055217,0.4,True
651,652,gender,age,Cramer's V,0.419791396826825,0.4,True
652,653,race,gender,Cramer's V,0.0797602273172153,0.4,False
652,653,race,age,Cramer's V,0.33542364072769043,0.4,False
652,653,gender,age,Cramer's V,0.4673725691962659,0.4,True
653,654,race,gender,Cramer's V,0.28897754478570536,0.4,False
653,654,race,age,Cramer's V,0.5631543812693436,0.4,True
653,654,gender,age,Cramer's V,0.6057420540470037,0.4,True
654,655,race,gender,Cramer's V,0.00641368343878795,0.4,False
654,655,race,age,Cramer's V,0.4375312176674556,0.4,True
654,655,gender,age,Cramer's V,0.3243898243933287,0.4,False
655,656,race,gender,Cramer's V,0.20462961231677734,0.4,False
655,656,race,age,Cramer's V,0.3155082479832414,0.4,False
655,656,gender,age,Cramer's V,0.408505941666831,0.4,True
656,657,race,gender,Cramer's V,0.1815338686155987,0.4,False
656,657,race,age,Cramer's V,0.35108957388234824,0.4,False
656,657,gender,age,Cramer's V,0.27948967443266687,0.4,False
657,658,race,gender,Cramer's V,0.2032130570576223,0.4,False
657,658,race,age,Cramer's V,0.2666516972411561,0.4,False
657,658,gender,age,Cramer's V,0.3542139395071842,0.4,False
658,659,race,gender,Cramer's V,0.2152331809628598,0.4,False
658,659,race,age,Cramer's V,0.48135488447295627,0.4,True
658,659,gender,age,Cramer's V,0.4990333646503998,0.4,True
659,660,race,gender,Cramer's V,0.1900906462230917,0.4,False
659,660,race,age,Cramer's V,0.2693155476342405,0.4,False
659,660,gender,age,Cramer's V,0.5253772376398366,0.4,True
660,661,race,gender,Cramer's V,0.27386127875258304,0.4,False
660,661,race,age,Cramer's V,0.37191274288344617,0.4,False
660,661,gender,age,Cramer's V,0.31541289465975714,0.4,False
661,662,race,gender,Cramer's V,0.16817499303650435,0.4,False
661,662,race,age,Cramer's V,0.5495922009104452,0.4,True
661,662,gender,age,Cramer's V,0.3184785258515422,0.4,False
662,663,race,gender,Cramer's V,0.14305541795999813,0.4,False
662,663,race,age,Cramer's V,0.3099112349447395,0.4,False
662,663,gender,age,Cramer's V,0.4216370213557839,0.4,True
663,664,race,gender,Cramer's V,0.30338029420047724,0.4,False
663,664,race,age,Cramer's V,0.3179036383638059,0.4,False
663,664,gender,age,Cramer's V,0.31023965637115175,0.4,False
664,665,race,gender,Cramer's V,0.3687668789208312,0.4,False
664,665,race,age,Cramer's V,0.4349720453915502,0.4,True
664,665,gender,age,Cramer's V,0.43399690477388586,0.4,True
665,666,race,gender,Cramer's V,0.16222142113076254,0.4,False
665,666,race,age,Cramer's V,0.31903873477324707,0.4,False
665,666,gender,age,Cramer's V,0.4456932122345068,0.4,True
666,667,race,gender,Cramer's V,0.17372281285407365,0.4,False
666,667,race,age,Cramer's V,0.3861439405935859,0.4,False
666,667,gender,age,Cramer's V,0.5602796224749065,0.4,True
667,668,race,gender,Cramer's V,0.3276318930486734,0.4,False
667,668,race,age,Cramer's V,0.308296768628699,0.4,False
667,668,gender,age,Cramer's V,0.32237614157013755,0.4,False
668,669,race,gender,Cramer's V,0.3623606969318765,0.4,False
668,669,race,age,Cramer's V,0.3146661378749279,0.4,False
668,669,gender,age,Cramer's V,0.36873105600741857,0.4,False
669,670,race,gender,Cramer's V,0.3287918965085686,0.4,False
669,670,race,age,Cramer's V,0.5794283212677643,0.4,True
669,670,gender,age,Cramer's V,0.3550283798538819,0.4,False
670,671,race,gender,Cramer's V,0.2694390517304472,0.4,False
670,671,race,age,Cramer's V,0.4808452154406043,0.4,True
670,671,gender,age,Cramer's V,0.4172614801981401,0.4,True
671,672,race,gender,Cramer's V,0.290444662914031,0.4,False
671,672,race,age,Cramer's V,0.40513989041440673,0.4,True
671,672,gender,age,Cramer's V,0.5650345735121606,0.4,True
672,673,race,gender,Cramer's V,0.29813483751273084,0.4,False
672,673,race,age,Cramer's V,0.5583115820579925,0.4,True
672,673,gender,age,Cramer's V,0.3531966862240696,0.4,False
673,674,race,gender,Cramer's V,0.2127751905803017,0.4,False
673,674,race,age,Cramer's V,0.39703333358837206,0.4,False
673,674,gender,age,Cramer's V,0.2760861187628689,0.4,False
674,675,race,gender,Cramer's V,0.3117174297200678,0.4,False
674,675,race,age,Cramer's V,0.3909756422872822,0.4,False
674,675,gender,age,Cramer's V,0.23474237151893546,0.4,False
675,676,race,gender,Cramer's V,0.1727902176922743,0.4,False
675,676,race,age,Cramer's V,0.3091863870869128,0.4,False
675,676,gender,age,Cramer's V,0.48230767477514697,0.4,True
676,677,race,gender,Cramer's V,0.31153415745959157,0.4,False
676,677,race,age,Cramer's V,0.4164529366363604,0.4,True
676,677,gender,age,Cramer's V,0.5236837207477604,0.4,True
677,678,race,gender,Cramer's V,0.19298937265866137,0.4,False
677,678,race,age,Cramer's V,0.4281744192888376,0.4,True
677,678,gender,age,Cramer's V,0.48757715438839166,0.4,True
678,679,race,gender,Cramer's V,0.20712084316997453,0.4,False
678,679,race,age,Cramer's V,0.3406995049648524,0.4,False
678,679,gender,age,Cramer's V,0.41223164664292417,0.4,True
679,680,race,gender,Cramer's V,0.23770856266654689,0.4,False
679,680,race,age,Cramer's V,0.36028177259615096,0.4,False
679,680,gender,age,Cramer's V,0.3011241775549138,0.4,False
680,681,race,gender,Cramer's V,0.2127751905803017,0.4,False
680,681,race,age,Cramer's V,0.37522517923096593,0.4,False
680,681,gender,age,Cramer's V,0.34347493492460185,0.4,False
681,682,race,gender,Cramer's V,0.3768673314407159,0.4,False
681,682,race,age,Cramer's V,0.44596960534198843,0.4,True
681,682,gender,age,Cramer's V,0.3308656066886388,0.4,False
682,683,race,gender,Cramer's V,0.37079292961510324,0.4,False
682,683,race,age,Cramer's V,0.46826491503351064,0.4,True
682,683,gender,age,Cramer's V,0.23868140044037645,0.4,False
683,684,race,gender,Cramer's V,0.08901363935873204,0.4,False
683,684,race,age,Cramer's V,0.3447575359882502,0.4,False
683,684,gender,age,Cramer's V,0.3781728518579209,0.4,False
684,685,race,gender,Cramer's V,0.2547726259021776,0.4,False
684,685,race,age,Cramer's V,0.6123724356957945,0.4,True
684,685,gender,age,Cramer's V,0.3251151422186541,0.4,False
685,686,race,gender,Cramer's V,0.3243898243933287,0.4,False
685,686,race,age,Cramer's V,0.2624893267895372,0.4,False
685,686,gender,age,Cramer's V,0.4501685543855876,0.4,True
686,687,race,gender,Cramer's V,0.2714298287495711,0.4,False
686,687,race,age,Cramer's V,0.3211557653865576,0.4,False
686,687,gender,age,Cramer's V,0.4879588760687723,0.4,True
687,688,race,gender,Cramer's V,0.2460138421365971,0.4,False
687,688,race,age,Cramer's V,0.28615348126199736,0.4,False
687,688,gender,age,Cramer's V,0.4700673928021958,0.4,True
688,689,race,gender,Cramer's V,0.2410163076312839,0.4,False
688,689,race,age,Cramer's V,0.3683509168702905,0.4,False
688,689,gender,age,Cramer's V,0.3340942279309989,0.4,False
689,690,race,gender,Cramer's V,0.5074692932700855,0.4,True
689,690,race,age,Cramer's V,0.39857606081421976,0.4,False
689,690,gender,age,Cramer's V,0.4722805752928462,0.4,True
690,691,race,gender,Cramer's V,0.38239722548767136,0.4,False
690,691,race,age,Cramer's V,0.44350906339231305,0.4,True
690,691,gender,age,Cramer's V,0.2398476999050151,0.4,False
691,692,race,gender,Cramer's V,0.28025713425831283,0.4,False
691,692,race,age,Cramer's V,0.4259033671631624,0.4,True
691,692,gender,age,Cramer's V,0.3111706418789326,0.4,False
692,693,race,gender,Cramer's V,0.23845910571424866,0.4,False
692,693,race,age,Cramer's V,0.42324584995888603,0.4,True
692,693,gender,age,Cramer's V,0.38340501538573435,0.4,False
693,694,race,gender,Cramer's V,0.1270604166437479,0.4,False
693,694,race,age,Cramer's V,0.35284173178881795,0.4,False
693,694,gender,age,Cramer's V,0.37611835433147434,0.4,False
694,695,race,gender,Cramer's V,0.407207787030383,0.4,True
694,695,race,age,Cramer's V,0.32859730746947774,0.4,False
694,695,gender,age,Cramer's V,0.42084485218473283,0.4,True
695,696,race,gender,Cramer's V,0.19797780241189117,0.4,False
695,696,race,age,Cramer's V,0.42878203721860486,0.4,True
695,696,gender,age,Cramer's V,0.29338763073070334,0.4,False
696,697,race,gender,Cramer's V,0.13903100698705237,0.4,False
696,697,race,age,Cramer's V,0.3026237663367396,0.4,False
696,697,gender,age,Cramer's V,0.26660565702565175,0.4,False
697,698,race,gender,Cramer's V,0.20433703332584086,0.4,False
697,698,race,age,Cramer's V,0.426818360715045,0.4,True
697,698,gender,age,Cramer's V,0.44895822975360644,0.4,True
698,699,race,gender,Cramer's V,0.2031859702508043,0.4,False
698,699,race,age,Cramer's V,0.5192343451273814,0.4,True
698,699,gender,age,Cramer's V,0.3457594340235027,0.4,False
699,700,race,gender,Cramer's V,0.31267966999702046,0.4,False
699,700,race,age,Cramer's V,0.7490055814273756,0.4,True
699,700,gender,age,Cramer's V,0.41720473528057717,0.4,True
700,701,race,gender,Cramer's V,0.12825714292297438,0.4,False
700,701,race,age,Cramer's V,0.41817755860955097,0.4,True
700,701,gender,age,Cramer's V,0.48684912712012546,0.4,True
701,702,race,gender,Cramer's V,0.4681408379492695,0.4,True
701,702,race,age,Cramer's V,0.4278267339539621,0.4,True
701,702,gender,age,Cramer's V,0.4304097178881132,0.4,True
702,703,race,gender,Cramer's V,0.517870434974383,0.4,True
702,703,race,age,Cramer's V,0.45352197069645933,0.4,True
702,703,gender,age,Cramer's V,0.5466393795864064,0.4,True
703,704,race,gender,Cramer's V,0.30338029420047724,0.4,False
703,704,race,age,Cramer's V,0.73622197197774,0.4,True
703,704,gender,age,Cramer's V,0.3586407511783862,0.4,False
704,705,race,gender,Cramer's V,0.24850835499134458,0.4,False
704,705,race,age,Cramer's V,0.3573200784359879,0.4,False
704,705,gender,age,Cramer's V,0.4271410714851651,0.4,True
705,706,race,gender,Cramer's V,0.11020058512707988,0.4,False
705,706,race,age,Cramer's V,0.27948967443266687,0.4,False
705,706,gender,age,Cramer's V,0.37636396167783065,0.4,False
706,707,race,gender,Cramer's V,0.2236389228557765,0.4,False
706,707,race,age,Cramer's V,0.38194400905582987,0.4,False
706,707,gender,age,Cramer's V,0.3930413228675599,0.4,False
707,708,race,gender,Cramer's V,0.3026436674032291,0.4,False
707,708,race,age,Cramer's V,0.4341874337762004,0.4,True
707,708,gender,age,Cramer's V,0.30507510234500956,0.4,False
708,709,race,gender,Cramer's V,0.24561996841014466,0.4,False
708,709,race,age,Cramer's V,0.5554292785780053,0.4,True
708,709,gender,age,Cramer's V,0.37041544560018186,0.4,False
709,710,race,gender,Cramer's V,0.2823462196578911,0.4,False
709,710,race,age,Cramer's V,0.5156287578025647,0.4,True
709,710,gender,age,Cramer's V,0.5232004034129936,0.4,True
710,711,race,gender,Cramer's V,0.41386420180244815,0.4,True
710,711,race,age,Cramer's V,0.2998986952943068,0.4,False
710,711,gender,age,Cramer's V,0.4598964182536897,0.4,True
711,712,race,gender,Cramer's V,0.02279211529192758,0.4,False
711,712,race,age,Cramer's V,0.6729269557914052,0.4,True
711,712,gender,age,Cramer's V,0.4119224862521281,0.4,True
712,713,race,gender,Cramer's V,0.3629118086297439,0.4,False
712,713,race,age,Cramer's V,0.33175598333085954,0.4,False
712,713,gender,age,Cramer's V,0.5656012393062465,0.4,True
713,714,race,gender,Cramer's V,0.27487920052129633,0.4,False
713,714,race,age,Cramer's V,0.4100317139456701,0.4,True
713,714,gender,age,Cramer's V,0.4117266680776814,0.4,True
714,715,race,gender,Cramer's V,0.33242299936233427,0.4,False
714,715,race,age,Cramer's V,0.5071479804495667,0.4,True
714,715,gender,age,Cramer's V,0.3253203549323856,0.4,False
715,716,race,gender,Cramer's V,0.4014373684453326,0.4,True
715,716,race,age,Cramer's V,0.42428924983007466,0.4,True
715,716,gender,age,Cramer's V,0.45770593284914846,0.4,True
716,717,race,gender,Cramer's V,0.2310034049519946,0.4,False
716,717,race,age,Cramer's V,0.4531908477059575,0.4,True
716,717,gender,age,Cramer's V,0.4194933359058231,0.4,True
717,718,race,gender,Cramer's V,0.21188057538790941,0.4,False
717,718,race,age,Cramer's V,0.5177621088984156,0.4,True
717,718,gender,age,Cramer's V,0.3649606118422209,0.4,False
718,719,race,gender,Cramer's V,0.24056261216234406,0.4,False
718,719,race,age,Cramer's V,0.3460444878970484,0.4,False
718,719,gender,age,Cramer's V,0.23271449764672159,0.4,False
719,720,race,gender,Cramer's V,0.1723957067919028,0.4,False
719,720,race,age,Cramer's V,0.3310745982560269,0.4,False
719,720,gender,age,Cramer's V,0.48092030593367613,0.4,True
720,721,race,gender,Cramer's V,0.2529586828675688,0.4,False
720,721,race,age,Cramer's V,0.3401942848526958,0.4,False
720,721,gender,age,Cramer's V,0.4207693297194356,0.4,True
721,722,race,gender,Cramer's V,0.34330562104005347,0.4,False
721,722,race,age,Cramer's V,0.528800179301813,0.4,True
721,722,gender,age,Cramer's V,0.39318547834869755,0.4,False
722,723,race,gender,Cramer's V,0.07169281790988652,0.4,False
722,723,race,age,Cramer's V,0.403087071833354,0.4,True
722,723,gender,age,Cramer's V,0.3837161649423897,0.4,False
723,724,race,gender,Cramer's V,0.1804275825757042,0.4,False
723,724,race,age,Cramer's V,0.39245407632002244,0.4,False
723,724,gender,age,Cramer's V,0.45243316323603777,0.4,True
724,725,race,gender,Cramer's V,0.20553987994217143,0.4,False
724,725,race,age,Cramer's V,0.6220684878981335,0.4,True
724,725,gender,age,Cramer's V,0.5378210338715647,0.4,True
725,726,race,gender,Cramer's V,0.336677599848486,0.4,False
725,726,race,age,Cramer's V,0.4431524564039539,0.4,True
725,726,gender,age,Cramer's V,0.27386127875258304,0.4,False
726,727,race,gender,Cramer's V,0.2345261474250648,0.4,False
726,727,race,age,Cramer's V,0.3422940872484393,0.4,False
726,727,gender,age,Cramer's V,0.3582950601669747,0.4,False
727,728,race,gender,Cramer's V,0.22505084210070056,0.4,False
727,728,race,age,Cramer's V,0.37993067702848016,0.4,False
727,728,gender,age,Cramer's V,0.2710080776494688,0.4,False
728,729,race,gender,Cramer's V,0.2585913889193895,0.4,False
728,729,race,age,Cramer's V,0.39569845453589336,0.4,False
728,729,gender,age,Cramer's V,0.5395298295504984,0.4,True
729,730,race,gender,Cramer's V,0.3359546056776472,0.4,False
729,730,race,age,Cramer's V,0.3256694736394648,0.4,False
729,730,gender,age,Cramer's V,0.40362817886683267,0.4,True
730,731,race,gender,Cramer's V,0.18490856245882242,0.4,False
730,731,race,age,Cramer's V,0.4559694762429895,0.4,True
730,731,gender,age,Cramer's V,0.39683916876195424,0.4,False
731,732,race,gender,Cramer's V,0.1744667331431148,0.4,False
731,732,race,age,Cramer's V,0.23506279075885914,0.4,False
731,732,gender,age,Cramer's V,0.3119020890684544,0.4,False
732,733,race,gender,Cramer's V,0.15335250981641044,0.4,False
732,733,race,age,Cramer's V,0.3464116492199944,0.4,False
732,733,gender,age,Cramer's V,0.36538704958946755,0.4,False
733,734,race,gender,Cramer's V,0.07960863655411768,0.4,False
733,734,race,age,Cramer's V,0.46149957682584153,0.4,True
733,734,gender,age,Cramer's V,0.37282515934386173,0.4,False
734,735,race,gender,Cramer's V,0.27741245818757304,0.4,False
734,735,race,age,Cramer's V,0.3755360659918967,0.4,False
734,735,gender,age,Cramer's V,0.4319271729891972,0.4,True
735,736,race,gender,Cramer's V,0.4127023727990813,0.4,True
735,736,race,age,Cramer's V,0.3322113734578021,0.4,False
735,736,gender,age,Cramer's V,0.6463081208867215,0.4,True
736,737,race,gender,Cramer's V,0.20584492716314556,0.4,False
736,737,race,age,Cramer's V,0.6045183097568474,0.4,True
736,737,gender,age,Cramer's V,0.4362557893674464,0.4,True
737,738,race,gender,Cramer's V,0.19546683328167277,0.4,False
737,738,race,age,Cramer's V,0.3775442789126628,0.4,False
737,738,gender,age,Cramer's V,0.42804083245452884,0.4,True
738,739,race,gender,Cramer's V,0.00435194139889247,0.4,False
738,739,race,age,Cramer's V,0.29270840554758704,0.4,False
738,739,gender,age,Cramer's V,0.3214869906731328,0.4,False
739,740,race,gender,Cramer's V,0.38224850156311957,0.4,False
739,740,race,age,Cramer's V,0.3145082930421998,0.4,False
739,740,gender,age,Cramer's V,0.4126778771669622,0.4,True
740,741,race,gender,Cramer's V,0.27948967443266687,0.4,False
740,741,race,age,Cramer's V,0.3305314339160262,0.4,False
740,741,gender,age,Cramer's V,0.41040753335476604,0.4,True
741,742,race,gender,Cramer's V,0.12619866434564436,0.4,False
741,742,race,age,Cramer's V,0.4661627315730981,0.4,True
741,742,gender,age,Cramer's V,0.5308787979724242,0.4,True
742,743,race,gender,Cramer's V,0.02614881801842451,0.4,False
742,743,race,age,Cramer's V,0.4395388998080198,0.4,True
742,743,gender,age,Cramer's V,0.3062298310121165,0.4,False
743,744,race,gender,Cramer's V,0.1995518255871625,0.4,False
743,744,race,age,Cramer's V,0.51100883853399,0.4,True
743,744,gender,age,Cramer's V,0.580636843609401,0.4,True
744,745,race,gender,Cramer's V,0.24818179405135807,0.4,False
744,745,race,age,Cramer's V,0.34439963866286366,0.4,False
744,745,gender,age,Cramer's V,0.3768673314407159,0.4,False
745,746,race,gender,Cramer's V,0.082925651694526,0.4,False
745,746,race,age,Cramer's V,0.34733558240226564,0.4,False
745,746,gender,age,Cramer's V,0.3444375669169917,0.4,False
746,747,race,gender,Cramer's V,0.22858829088190424,0.4,False
746,747,race,age,Cramer's V,0.3000592746382586,0.4,False
746,747,gender,age,Cramer's V,0.336157503878215,0.4,False
747,748,race,gender,Cramer's V,0.2751612882799854,0.4,False
747,748,race,age,Cramer's V,0.3676404017794781,0.4,False
747,748,gender,age,Cramer's V,0.2647750367874965,0.4,False
748,749,race,gender,Cramer's V,0.2756039857037953,0.4,False
748,749,race,age,Cramer's V,0.5275340567868191,0.4,True
748,749,gender,age,Cramer's V,0.2863153615275865,0.4,False
749,750,race,gender,Cramer's V,0.11667205331240521,0.4,False
749,750,race,age,Cramer's V,0.3007249414922055,0.4,False
749,750,gender,age,Cramer's V,0.28346923746696523,0.4,False
750,751,race,gender,Cramer's V,0.4158619680502032,0.4,True
750,751,race,age,Cramer's V,0.5203529530685838,0.4,True
750,751,gender,age,Cramer's V,0.5641793325953469,0.4,True
751,752,race,gender,Cramer's V,0.28139921883685276,0.4,False
751,752,race,age,Cramer's V,0.3604365823754991,0.4,False
751,752,gender,age,Cramer's V,0.4350456365513312,0.4,True
752,753,race,gender,Cramer's V,0.19140518462272862,0.4,False
752,753,race,age,Cramer's V,0.5567764362830021,0.4,True
752,753,gender,age,Cramer's V,0.31295601648469434,0.4,False
753,754,race,gender,Cramer's V,0.3030151511363447,0.4,False
753,754,race,age,Cramer's V,0.31837986861725526,0.4,False
753,754,gender,age,Cramer's V,0.34619139915440544,0.4,False
754,755,race,gender,Cramer's V,0.41158474172728116,0.4,True
754,755,race,age,Cramer's V,0.2630977577014424,0.4,False
754,755,gender,age,Cramer's V,0.34948344743838283,0.4,False
755,756,race,gender,Cramer's V,0.15666989036012807,0.4,False
755,756,race,age,Cramer's V,0.23921166824012208,0.4,False
755,756,gender,age,Cramer's V,0.49060191162513395,0.4,True
756,757,race,gender,Cramer's V,0.13239934213891158,0.4,False
756,757,race,age,Cramer's V,0.3734534182750263,0.4,False
756,757,gender,age,Cramer's V,0.4748870934014631,0.4,True
757,758,race,gender,Cramer's V,0.3988620176087328,0.4,False
757,758,race,age,Cramer's V,0.4120961445139135,0.4,True
757,758,gender,age,Cramer's V,0.3924213174104163,0.4,False
758,759,race,gender,Cramer's V,0.07492630556837282,0.4,False
758,759,race,age,Cramer's V,0.48087843014362563,0.4,True
758,759,gender,age,Cramer's V,0.36782750043964735,0.4,False
759,760,race,gender,Cramer's V,0.12299297836572919,0.4,False
759,760,race,age,Cramer's V,0.36591816557271917,0.4,False
759,760,gender,age,Cramer's V,0.6467818175990413,0.4,True
760,761,race,gender,Cramer's V,0.30174747894811155,0.4,False
760,761,race,age,Cramer's V,0.35430006385937535,0.4,False
760,761,gender,age,Cramer's V,0.372024025973963,0.4,False
761,762,race,gender,Cramer's V,0.2896450081897335,0.4,False
761,762,race,age,Cramer's V,0.33154281008737757,0.4,False
761,762,gender,age,Cramer's V,0.3856099777560935,0.4,False
762,763,race,gender,Cramer's V,0.1814331689193587,0.4,False
762,763,race,age,Cramer's V,0.21551372270174735,0.4,False
762,763,gender,age,Cramer's V,0.37038476473740095,0.4,False
763,764,race,gender,Cramer's V,0.325439103148313,0.4,False
763,764,race,age,Cramer's V,0.5489166820288156,0.4,True
763,764,gender,age,Cramer's V,0.3133602813979842,0.4,False
764,765,race,gender,Cramer's V,0.31342566253102877,0.4,False
764,765,race,age,Cramer's V,0.5573800450499489,0.4,True
764,765,gender,age,Cramer's V,0.41154427084906287,0.4,True
765,766,race,gender,Cramer's V,0.1354269391238532,0.4,False
765,766,race,age,Cramer's V,0.4260840516231733,0.4,True
765,766,gender,age,Cramer's V,0.37257559811745095,0.4,False
766,767,race,gender,Cramer's V,0.16222142113076254,0.4,False
766,767,race,age,Cramer's V,0.5304469888089741,0.4,True
766,767,gender,age,Cramer's V,0.42437727733365527,0.4,True
767,768,race,gender,Cramer's V,0.31964220099025614,0.4,False
767,768,race,age,Cramer's V,0.3741760644787725,0.4,False
767,768,gender,age,Cramer's V,0.4577575394618005,0.4,True
768,769,race,gender,Cramer's V,0.19189944456771316,0.4,False
768,769,race,age,Cramer's V,0.31979338058785123,0.4,False
768,769,gender,age,Cramer's V,0.3486128992428868,0.4,False
769,770,race,gender,Cramer's V,0.28198883757642695,0.4,False
769,770,race,age,Cramer's V,0.3380826624086411,0.4,False
769,770,gender,age,Cramer's V,0.33534951909805977,0.4,False
770,771,race,gender,Cramer's V,0.16517186816085247,0.4,False
770,771,race,age,Cramer's V,0.3476108935769035,0.4,False
770,771,gender,age,Cramer's V,0.46903100043075974,0.4,True
771,772,race,gender,Cramer's V,0.01420047742807683,0.4,False
771,772,race,age,Cramer's V,0.4830565143532517,0.4,True
771,772,gender,age,Cramer's V,0.47425357965037507,0.4,True
772,773,race,gender,Cramer's V,0.24056261216234406,0.4,False
772,773,race,age,Cramer's V,0.3527971257901798,0.4,False
772,773,gender,age,Cramer's V,0.2858072765339047,0.4,False
773,774,race,gender,Cramer's V,0.38570631223208557,0.4,False
773,774,race,age,Cramer's V,0.3699973690539492,0.4,False
773,774,gender,age,Cramer's V,0.26138576030636546,0.4,False
774,775,race,gender,Cramer's V,0.16084142305377483,0.4,False
774,775,race,age,Cramer's V,0.4178421646891019,0.4,True
774,775,gender,age,Cramer's V,0.3823091201472486,0.4,False
775,776,race,gender,Cramer's V,0.32408712953844293,0.4,False
775,776,race,age,Cramer's V,0.35160542320387156,0.4,False
775,776,gender,age,Cramer's V,0.36498874395902026,0.4,False
776,777,race,gender,Cramer's V,0.2357270177361015,0.4,False
776,777,race,age,Cramer's V,0.3969985192346326,0.4,False
776,777,gender,age,Cramer's V,0.3260797229815899,0.4,False
777,778,race,gender,Cramer's V,0.16268389404829248,0.4,False
777,778,race,age,Cramer's V,0.2894553945793584,0.4,False
777,778,gender,age,Cramer's V,0.23859836950235416,0.4,False
778,779,race,gender,Cramer's V,0.24058642587771015,0.4,False
778,779,race,age,Cramer's V,0.35856858280031806,0.4,False
778,779,gender,age,Cramer's V,0.4407065034943575,0.4,True
779,780,race,gender,Cramer's V,0.37244024311811086,0.4,False
779,780,race,age,Cramer's V,0.4465476031788346,0.4,True
779,780,gender,age,Cramer's V,0.3572288256320224,0.4,False
780,781,race,gender,Cramer's V,0.4589843860815601,0.4,True
780,781,race,age,Cramer's V,0.3433302511804944,0.4,False
780,781,gender,age,Cramer's V,0.3909813321840342,0.4,False
781,782,race,gender,Cramer's V,0.13480605261977852,0.4,False
781,782,race,age,Cramer's V,0.28310246119400007,0.4,False
781,782,gender,age,Cramer's V,0.5343322751320777,0.4,True
782,783,race,gender,Cramer's V,0.07569485386817716,0.4,False
782,783,race,age,Cramer's V,0.46678367372843266,0.4,True
782,783,gender,age,Cramer's V,0.3691590011046052,0.4,False
783,784,race,gender,Cramer's V,0.29346341471459125,0.4,False
783,784,race,age,Cramer's V,0.4331447288000426,0.4,True
783,784,gender,age,Cramer's V,0.24095353921162488,0.4,False
784,785,race,gender,Cramer's V,0.36751181622491413,0.4,False
784,785,race,age,Cramer's V,0.3298428357510533,0.4,False
784,785,gender,age,Cramer's V,0.40136401631570506,0.4,True
785,786,race,gender,Cramer's V,0.30660042769815543,0.4,False
785,786,race,age,Cramer's V,0.338106846006169,0.4,False
785,786,gender,age,Cramer's V,0.4101246254732819,0.4,True
786,787,race,gender,Cramer's V,0.4361890744642297,0.4,True
786,787,race,age,Cramer's V,0.41734377217807406,0.4,True
786,787,gender,age,Cramer's V,0.46354127066244244,0.4,True
787,788,race,gender,Cramer's V,0.3186468056147504,0.4,False
787,788,race,age,Cramer's V,0.7831758857653056,0.4,True
787,788,gender,age,Cramer's V,0.42891124801145164,0.4,True
788,789,race,gender,Cramer's V,0.2440866517447993,0.4,False
788,789,race,age,Cramer's V,0.10306653493113377,0.4,False
788,789,gender,age,Cramer's V,0.3138996869149349,0.4,False
789,790,race,gender,Cramer's V,0.26105200276601626,0.4,False
789,790,race,age,Cramer's V,0.3070561995794521,0.4,False
789,790,gender,age,Cramer's V,0.5676358554854394,0.4,True
790,791,race,gender,Cramer's V,0.27018512172212594,0.4,False
790,791,race,age,Cramer's V,0.3522152119877215,0.4,False
790,791,gender,age,Cramer's V,0.5931152622262509,0.4,True
791,792,race,gender,Cramer's V,0.27999999999999997,0.4,False
791,792,race,age,Cramer's V,0.3903675591999419,0.4,False
791,792,gender,age,Cramer's V,0.43693144875265144,0.4,True
792,793,race,gender,Cramer's V,0.40507615000947855,0.4,True
792,793,race,age,Cramer's V,0.3737654039642743,0.4,False
792,793,gender,age,Cramer's V,0.44088889344645615,0.4,True
793,794,race,gender,Cramer's V,0.07559289460184541,0.4,False
793,794,race,age,Cramer's V,0.5220316147540502,0.4,True
793,794,gender,age,Cramer's V,0.3629615288547416,0.4,False
794,795,race,gender,Cramer's V,0.28375954701028216,0.4,False
794,795,race,age,Cramer's V,0.2947247433838468,0.4,False
794,795,gender,age,Cramer's V,0.27709854926430993,0.4,False
795,796,race,gender,Cramer's V,0.4879500364742666,0.4,True
795,796,race,age,Cramer's V,0.4782013551674059,0.4,True
795,796,gender,age,Cramer's V,0.37216945201091,0.4,False
796,797,race,gender,Cramer's V,0.23156812293422305,0.4,False
796,797,race,age,Cramer's V,0.28784249618735436,0.4,False
796,797,gender,age,Cramer's V,0.5069095860071102,0.4,True
797,798,race,gender,Cramer's V,0.40507615000947855,0.4,True
797,798,race,age,Cramer's V,0.304161848387384,0.4,False
797,798,gender,age,Cramer's V,0.2512483408112453,0.4,False
798,799,race,gender,Cramer's V,0.23066786057731165,0.4,False
798,799,race,age,Cramer's V,0.4546305788337409,0.4,True
798,799,gender,age,Cramer's V,0.46291004988627577,0.4,True
799,800,race,gender,Cramer's V,0.4394353744020411,0.4,True
799,800,race,age,Cramer's V,0.4801287609333055,0.4,True
799,800,gender,age,Cramer's V,0.4529664131352031,0.4,True
800,801,race,gender,Cramer's V,0.13762047064079508,0.4,False
800,801,race,age,Cramer's V,0.4932022473490196,0.4,True
800,801,gender,age,Cramer's V,0.47502563157091915,0.4,True
801,802,race,gender,Cramer's V,0.2429301525440163,0.4,False
801,802,race,age,Cramer's V,0.3852927345637784,0.4,False
801,802,gender,age,Cramer's V,0.4442459874377003,0.4,True
802,803,race,gender,Cramer's V,0.35524910003675325,0.4,False
802,803,race,age,Cramer's V,0.3300259452560125,0.4,False
802,803,gender,age,Cramer's V,0.24397501823713333,0.4,False
803,804,race,gender,Cramer's V,0.28115408417381926,0.4,False
803,804,race,age,Cramer's V,0.36476327758869675,0.4,False
803,804,gender,age,Cramer's V,0.5421047417431507,0.4,True
804,805,race,gender,Cramer's V,0.25819888974716115,0.4,False
804,805,race,age,Cramer's V,0.4058652872484884,0.4,True
804,805,gender,age,Cramer's V,0.41576092031015,0.4,True
805,806,race,gender,Cramer's V,0.23570226039551584,0.4,False
805,806,race,age,Cramer's V,0.4094921028141027,0.4,True
805,806,gender,age,Cramer's V,0.3111291481062917,0.4,False
806,807,race,gender,Cramer's V,0.07018624063435965,0.4,False
806,807,race,age,Cramer's V,0.2927700218845599,0.4,False
806,807,gender,age,Cramer's V,0.21372648957412604,0.4,False
807,808,race,gender,Cramer's V,0.1898886313281875,0.4,False
807,808,race,age,Cramer's V,0.32557750575049293,0.4,False
807,808,gender,age,Cramer's V,0.5255949010407159,0.4,True
808,809,race,gender,Cramer's V,0.5205753329237539,0.4,True
808,809,race,age,Cramer's V,0.47115574334580124,0.4,True
808,809,gender,age,Cramer's V,0.40252757389119753,0.4,True
809,810,race,gender,Cramer's V,0.25280956459914594,0.4,False
809,810,race,age,Cramer's V,0.26861503390493746,0.4,False
809,810,gender,age,Cramer's V,0.24116225258583804,0.4,False
810,811,race,gender,Cramer's V,0.2936662171742135,0.4,False
810,811,race,age,Cramer's V,0.3077538471355251,0.4,False
810,811,gender,age,Cramer's V,0.48094471887335494,0.4,True
811,812,race,gender,Cramer's V,0.29830872470998104,0.4,False
811,812,race,age,Cramer's V,0.5756841100008168,0.4,True
811,812,gender,age,Cramer's V,0.5201304781357409,0.4,True
812,813,race,gender,Cramer's V,0.20587631595514908,0.4,False
812,813,race,age,Cramer's V,0.42632484511604346,0.4,True
812,813,gender,age,Cramer's V,0.46049274850812955,0.4,True
813,814,race,gender,Cramer's V,0.1809112517951679,0.4,False
813,814,race,age,Cramer's V,0.3153281119434456,0.4,False
813,814,gender,age,Cramer's V,0.5184466613004332,0.4,True
814,815,race,gender,Cramer's V,0.30550504633038933,0.4,False
814,815,race,age,Cramer's V,0.25172633501711283,0.4,False
814,815,gender,age,Cramer's V,0.3530535112268945,0.4,False
815,816,race,gender,Cramer's V,0.4515441098597667,0.4,True
815,816,race,age,Cramer's V,0.7305683805983931,0.4,True
815,816,gender,age,Cramer's V,0.42008402520840293,0.4,True
816,817,race,gender,Cramer's V,0.1481336344916697,0.4,False
816,817,race,age,Cramer's V,0.7217154868323035,0.4,True
816,817,gender,age,Cramer's V,0.23145502494313788,0.4,False
817,818,race,gender,Cramer's V,0.18027756377319948,0.4,False
817,818,race,age,Cramer's V,0.2139374459257443,0.4,False
817,818,gender,age,Cramer's V,0.4238956239453293,0.4,True
818,819,race,gender,Cramer's V,0.1305000397701628,0.4,False
818,819,race,age,Cramer's V,0.3174292167678637,0.4,False
818,819,gender,age,Cramer's V,0.18993429409939655,0.4,False
819,820,race,gender,Cramer's V,0.015694120514358607,0.4,False
819,820,race,age,Cramer's V,0.5936472362329263,0.4,True
819,820,gender,age,Cramer's V,0.41630570445339754,0.4,True
820,821,race,gender,Cramer's V,0.1336306209562122,0.4,False
820,821,race,age,Cramer's V,0.31622776601683794,0.4,False
820,821,gender,age,Cramer's V,0.34605358894216526,0.4,False
821,822,race,gender,Cramer's V,0.23570226039551584,0.4,False
821,822,race,age,Cramer's V,0.5633774754941663,0.4,True
821,822,gender,age,Cramer's V,0.1781741612749496,0.4,False
822,823,race,gender,Cramer's V,0.2480694691784169,0.4,False
822,823,race,age,Cramer's V,0.4457592384923712,0.4,True
822,823,gender,age,Cramer's V,0.47799082467682213,0.4,True
823,824,race,gender,Cramer's V,0.37516369373187797,0.4,False
823,824,race,age,Cramer's V,0.5010672370734052,0.4,True
823,824,gender,age,Cramer's V,0.3491317340394613,0.4,False
824,825,race,gender,Cramer's V,0.2898683643294888,0.4,False
824,825,race,age,Cramer's V,0.5395119316627369,0.4,True
824,825,gender,age,Cramer's V,0.5284229075567874,0.4,True
825,826,race,gender,Cramer's V,0.45643546458763845,0.4,True
825,826,race,age,Cramer's V,0.43351228406228637,0.4,True
825,826,gender,age,Cramer's V,0.33724036028634025,0.4,False
826,827,race,gender,Cramer's V,0.1845419398244734,0.4,False
826,827,race,age,Cramer's V,0.5612486080160912,0.4,True
826,827,gender,age,Cramer's V,0.4805827216223877,0.4,True
827,828,race,gender,Cramer's V,0.1845419398244734,0.4,False
827,828,race,age,Cramer's V,0.3354101966249684,0.4,False
827,828,gender,age,Cramer's V,0.5491338521855114,0.4,True
828,829,race,gender,Cramer's V,0.05810001467111502,0.4,False
828,829,race,age,Cramer's V,0.5764183068884341,0.4,True
828,829,gender,age,Cramer's V,0.5465908981195359,0.4,True
829,830,race,gender,Cramer's V,0.29764069185365816,0.4,False
829,830,race,age,Cramer's V,0.3893704501405837,0.4,False
829,830,gender,age,Cramer's V,0.36396089414596794,0.4,False
830,831,race,gender,Cramer's V,0.2645751311064591,0.4,False
830,831,race,age,Cramer's V,0.28087165910587863,0.4,False
830,831,gender,age,Cramer's V,0.32977264895682296,0.4,False
831,832,race,gender,Cramer's V,0.1336306209562122,0.4,False
831,832,race,age,Cramer's V,0.2619588688698893,0.4,False
831,832,gender,age,Cramer's V,0.34059549469317857,0.4,False
832,833,race,gender,Cramer's V,0.26157418189029846,0.4,False
832,833,race,age,Cramer's V,0.456462632556746,0.4,True
832,833,gender,age,Cramer's V,0.46813546994649496,0.4,True
833,834,race,gender,Cramer's V,0.13762047064079508,0.4,False
833,834,race,age,Cramer's V,0.3494373784835868,0.4,False
833,834,gender,age,Cramer's V,0.5976143046671968,0.4,True
834,835,race,gender,Cramer's V,0.18354754404715506,0.4,False
834,835,race,age,Cramer's V,0.2539433734142909,0.4,False
834,835,gender,age,Cramer's V,0.37663238853481806,0.4,False
835,836,race,gender,Cramer's V,0.48186942465242666,0.4,True
835,836,race,age,Cramer's V,0.3930825471690252,0.4,False
835,836,gender,age,Cramer's V,0.3562793630286826,0.4,False
836,837,race,gender,Cramer's V,0.1707825127659933,0.4,False
836,837,race,age,Cramer's V,0.33374973990834644,0.4,False
836,837,gender,age,Cramer's V,0.3805150018943625,0.4,False
837,838,race,gender,Cramer's V,0.22750787759664504,0.4,False
837,838,race,age,Cramer's V,0.40477357592883856,0.4,True
837,838,gender,age,Cramer's V,0.5677256997340856,0.4,True
838,839,race,gender,Cramer's V,0.10409569305544539,0.4,False
838,839,race,age,Cramer's V,0.3484660262185848,0.4,False
838,839,gender,age,Cramer's V,0.43314674080640087,0.4,True
839,840,race,gender,Cramer's V,0.289343829339757,0.4,False
839,840,race,age,Cramer's V,0.37472933955333404,0.4,False
839,840,gender,age,Cramer's V,0.3574968729480728,0.4,False
840,841,race,gender,Cramer's V,0.26617701333727106,0.4,False
840,841,race,age,Cramer's V,0.3517482791029003,0.4,False
840,841,gender,age,Cramer's V,0.5081381056025271,0.4,True
841,842,race,gender,Cramer's V,0.30550504633038933,0.4,False
841,842,race,age,Cramer's V,0.5271522330203731,0.4,True
841,842,gender,age,Cramer's V,0.30064598293453665,0.4,False
842,843,race,gender,Cramer's V,0.24444444444444446,0.4,False
842,843,race,age,Cramer's V,0.33602965911481786,0.4,False
842,843,gender,age,Cramer's V,0.2765847395750258,0.4,False
843,844,race,gender,Cramer's V,0.14675987714106856,0.4,False
843,844,race,age,Cramer's V,0.4569367667316877,0.4,True
843,844,gender,age,Cramer's V,0.32888184094918105,0.4,False
844,845,race,gender,Cramer's V,0.4245770302889175,0.4,True
844,845,race,age,Cramer's V,0.6430772792571467,0.4,True
844,845,gender,age,Cramer's V,0.5533461398296696,0.4,True
845,846,race,gender,Cramer's V,0.23822128057183964,0.4,False
845,846,race,age,Cramer's V,0.5001055483247164,0.4,True
845,846,gender,age,Cramer's V,0.577568437632085,0.4,True
846,847,race,gender,Cramer's V,0.303746448146978,0.4,False
846,847,race,age,Cramer's V,0.41285100963936355,0.4,True
846,847,gender,age,Cramer's V,0.22712838128974897,0.4,False
847,848,race,gender,Cramer's V,0.3131723536280351,0.4,False
847,848,race,age,Cramer's V,0.4076299249877137,0.4,True
847,848,gender,age,Cramer's V,0.27386127875258304,0.4,False
848,849,race,gender,Cramer's V,0.24029618753167464,0.4,False
848,849,race,age,Cramer's V,0.5535102766648748,0.4,True
848,849,gender,age,Cramer's V,0.4952464201764492,0.4,True
849,850,race,gender,Cramer's V,0.30360156956688855,0.4,False
849,850,race,age,Cramer's V,0.3420294241496292,0.4,False
849,850,gender,age,Cramer's V,0.45273496010290487,0.4,True
850,851,race,gender,Cramer's V,0.294607328932716,0.4,False
850,851,race,age,Cramer's V,0.36752205888642375,0.4,False
850,851,gender,age,Cramer's V,0.5,0.4,True
851,852,race,gender,Cramer's V,0.18745053161932743,0.4,False
851,852,race,age,Cramer's V,0.45320558154693896,0.4,True
851,852,gender,age,Cramer's V,0.39126259692575577,0.4,False
852,853,race,gender,Cramer's V,0.2041241452319315,0.4,False
852,853,race,age,Cramer's V,0.3002644337225609,0.4,False
852,853,gender,age,Cramer's V,0.48427658370378546,0.4,True
853,854,race,gender,Cramer's V,0.15811388300841897,0.4,False
853,854,race,age,Cramer's V,0.4555493963614182,0.4,True
853,854,gender,age,Cramer's V,0.3113387514939607,0.4,False
854,855,race,gender,Cramer's V,0.26199613605670213,0.4,False
854,855,race,age,Cramer's V,0.44713077049776606,0.4,True
854,855,gender,age,Cramer's V,0.47726070210921173,0.4,True
855,856,race,gender,Cramer's V,0.28617573573616956,0.4,False
855,856,race,age,Cramer's V,0.46732301954611777,0.4,True
855,856,gender,age,Cramer's V,0.6174544517614236,0.4,True
856,857,race,gender,Cramer's V,0.26352313834736496,0.4,False
856,857,race,age,Cramer's V,0.4281120350211082,0.4,True
856,857,gender,age,Cramer's V,0.34059549469317857,0.4,False
857,858,race,gender,Cramer's V,0.24464199307813245,0.4,False
857,858,race,age,Cramer's V,0.6130623219771537,0.4,True
857,858,gender,age,Cramer's V,0.36004114991154784,0.4,False
858,859,race,gender,Cramer's V,0.35805743701971643,0.4,False
858,859,race,age,Cramer's V,0.622537885436235,0.4,True
858,859,gender,age,Cramer's V,0.4849589520621155,0.4,True
859,860,race,gender,Cramer's V,0.3764861519195074,0.4,False
859,860,race,age,Cramer's V,0.5200888032307429,0.4,True
859,860,gender,age,Cramer's V,0.4774097480661141,0.4,True
860,861,race,gender,Cramer's V,0.08058229640253806,0.4,False
860,861,race,age,Cramer's V,0.42840605274872817,0.4,True
860,861,gender,age,Cramer's V,0.31820169564202827,0.4,False
861,862,race,gender,Cramer's V,0.2271847336988259,0.4,False
861,862,race,age,Cramer's V,0.35195307605124787,0.4,False
861,862,gender,age,Cramer's V,0.4110333474286639,0.4,True
862,863,race,gender,Cramer's V,0.32933865525209793,0.4,False
862,863,race,age,Cramer's V,0.3658821282882867,0.4,False
862,863,gender,age,Cramer's V,0.4615051603037749,0.4,True
863,864,race,gender,Cramer's V,0.18988863132818748,0.4,False
863,864,race,age,Cramer's V,0.45967493365896944,0.4,True
863,864,gender,age,Cramer's V,0.3427176055338522,0.4,False
864,865,race,gender,Cramer's V,0.19738550848793068,0.4,False
864,865,race,age,Cramer's V,0.4691543670326645,0.4,True
864,865,gender,age,Cramer's V,0.40037088556878325,0.4,True
865,866,race,gender,Cramer's V,0.29790938219532465,0.4,False
865,866,race,age,Cramer's V,0.4601806969545845,0.4,True
865,866,gender,age,Cramer's V,0.46288374743164573,0.4,True
866,867,race,gender,Cramer's V,0.3523321317088221,0.4,False
866,867,race,age,Cramer's V,0.504120948815344,0.4,True
866,867,gender,age,Cramer's V,0.3446012188022556,0.4,False
867,868,race,gender,Cramer's V,0.09999999999999999,0.4,False
867,868,race,age,Cramer's V,0.48927899954314347,0.4,True
867,868,gender,age,Cramer's V,0.49356656546554534,0.4,True
868,869,race,gender,Cramer's V,0.15122604994450586,0.4,False
868,869,race,age,Cramer's V,0.4219363732013431,0.4,True
868,869,gender,age,Cramer's V,0.7039429765866795,0.4,True
869,870,race,gender,Cramer's V,0.284128785353872,0.4,False
869,870,race,age,Cramer's V,0.4341249891135495,0.4,True
869,870,gender,age,Cramer's V,0.4506939094329986,0.4,True
870,871,race,gender,Cramer's V,0.21913384820483456,0.4,False
870,871,race,age,Cramer's V,0.4215558795769683,0.4,True
870,871,gender,age,Cramer's V,0.5234019295263753,0.4,True
871,872,race,gender,Cramer's V,0.1573186698380032,0.4,False
871,872,race,age,Cramer's V,0.47688223563754883,0.4,True
871,872,gender,age,Cramer's V,0.4177728587290984,0.4,True
872,873,race,gender,Cramer's V,0.2,0.4,False
872,873,race,age,Cramer's V,0.544071971125429,0.4,True
872,873,gender,age,Cramer's V,0.5765295860893556,0.4,True
873,874,race,gender,Cramer's V,0.23434373461108088,0.4,False
873,874,race,age,Cramer's V,0.4076341927895063,0.4,True
873,874,gender,age,Cramer's V,0.33479532865306244,0.4,False
874,875,race,gender,Cramer's V,0.17058877190638633,0.4,False
874,875,race,age,Cramer's V,0.3354716509821019,0.4,False
874,875,gender,age,Cramer's V,0.552662017362606,0.4,True
875,876,race,gender,Cramer's V,0.4394353744020411,0.4,True
875,876,race,age,Cramer's V,0.6038404126369721,0.4,True
875,876,gender,age,Cramer's V,0.4465778971039859,0.4,True
876,877,race,gender,Cramer's V,0.3479776363132402,0.4,False
876,877,race,age,Cramer's V,0.4073021749615328,0.4,True
876,877,gender,age,Cramer's V,0.21821789023599236,0.4,False
877,878,race,gender,Cramer's V,0.19245008972987526,0.4,False
877,878,race,age,Cramer's V,0.4479893351905204,0.4,True
877,878,gender,age,Cramer's V,0.28382310609877337,0.4,False
878,879,race,gender,Cramer's V,0.24932535633059538,0.4,False
878,879,race,age,Cramer's V,0.4855232458843625,0.4,True
878,879,gender,age,Cramer's V,0.4580385263462818,0.4,True
879,880,race,gender,Cramer's V,0.19967646244655984,0.4,False
879,880,race,age,Cramer's V,0.30976843939093107,0.4,False
879,880,gender,age,Cramer's V,0.5521872094550129,0.4,True
880,881,race,gender,Cramer's V,0.18396468217120926,0.4,False
880,881,race,age,Cramer's V,0.37233689617136767,0.4,False
880,881,gender,age,Cramer's V,0.5795286293894407,0.4,True
881,882,race,gender,Cramer's V,0.06933752452815362,0.4,False
881,882,race,age,Cramer's V,0.38988695069151336,0.4,False
881,882,gender,age,Cramer's V,0.322549936503577,0.4,False
882,883,race,gender,Cramer's V,0.2307525801518875,0.4,False
882,883,race,age,Cramer's V,0.41858772828943497,0.4,True
882,883,gender,age,Cramer's V,0.34863040991805816,0.4,False
883,884,race,gender,Cramer's V,0.23822128057183964,0.4,False
883,884,race,age,Cramer's V,0.1906254080395972,0.4,False
883,884,gender,age,Cramer's V,0.23564065189781333,0.4,False
884,885,race,gender,Cramer's V,0.15694120514358612,0.4,False
884,885,race,age,Cramer's V,0.41251455173112406,0.4,True
884,885,gender,age,Cramer's V,0.4846047056924032,0.4,True
885,886,race,gender,Cramer's V,0.17930563858025497,0.4,False
885,886,race,age,Cramer's V,0.4882279915161615,0.4,True
885,886,gender,age,Cramer's V,0.48978960000979327,0.4,True
886,887,race,gender,Cramer's V,0.4053977779012749,0.4,True
886,887,race,age,Cramer's V,0.3915817246581448,0.4,False
886,887,gender,age,Cramer's V,0.5799649065943836,0.4,True
887,888,race,gender,Cramer's V,0.2740806310334466,0.4,False
887,888,race,age,Cramer's V,0.21415403463266935,0.4,False
887,888,gender,age,Cramer's V,0.4053217416888888,0.4,True
888,889,race,gender,Cramer's V,0.16619981234158368,0.4,False
888,889,race,age,Cramer's V,0.3661746775796507,0.4,False
888,889,gender,age,Cramer's V,0.5207243475715786,0.4,True
889,890,race,gender,Cramer's V,0.2121572926800826,0.4,False
889,890,race,age,Cramer's V,0.36270195278314477,0.4,False
889,890,gender,age,Cramer's V,0.47016234598162726,0.4,True
890,891,race,gender,Cramer's V,0.21963031851023068,0.4,False
890,891,race,age,Cramer's V,0.3129390340022599,0.4,False
890,891,gender,age,Cramer's V,0.2634155559226539,0.4,False
891,892,race,gender,Cramer's V,0.24504825444219908,0.4,False
891,892,race,age,Cramer's V,0.40572761674539604,0.4,True
891,892,gender,age,Cramer's V,0.3524536884251207,0.4,False
892,893,race,gender,Cramer's V,0.15228622596829314,0.4,False
892,893,race,age,Cramer's V,0.39921798556678284,0.4,False
892,893,gender,age,Cramer's V,0.5022675853295007,0.4,True
893,894,race,gender,Cramer's V,0.3023535566780306,0.4,False
893,894,race,age,Cramer's V,0.35596998682799624,0.4,False
893,894,gender,age,Cramer's V,0.36535259337045556,0.4,False
894,895,race,gender,Cramer's V,0.1543033499620919,0.4,False
894,895,race,age,Cramer's V,0.3495753596848116,0.4,False
894,895,gender,age,Cramer's V,0.33401291270000344,0.4,False
895,896,race,gender,Cramer's V,0.17930563858025497,0.4,False
895,896,race,age,Cramer's V,0.40982215264715816,0.4,True
895,896,gender,age,Cramer's V,0.6128340810200821,0.4,True
896,897,race,gender,Cramer's V,0.360402876799567,0.4,False
896,897,race,age,Cramer's V,0.8288388900889639,0.4,True
896,897,gender,age,Cramer's V,0.47213368521878024,0.4,True
897,898,race,gender,Cramer's V,0.21668651770021816,0.4,False
897,898,race,age,Cramer's V,0.4463331566367064,0.4,True
897,898,gender,age,Cramer's V,0.4574581999730141,0.4,True
898,899,race,gender,Cramer's V,0.1545611669337966,0.4,False
898,899,race,age,Cramer's V,0.375141696585446,0.4,False
898,899,gender,age,Cramer's V,0.3020870230867905,0.4,False
899,900,race,gender,Cramer's V,0.16087993330796876,0.4,False
899,900,race,age,Cramer's V,0.475772832725649,0.4,True
899,900,gender,age,Cramer's V,0.4941945139343724,0.4,True
900,901,race,gender,Cramer's V,0.37868167379274736,0.4,False
900,901,race,age,Cramer's V,0.44109313403915756,0.4,True
900,901,gender,age,Cramer's V,0.4881307252553066,0.4,True
901,902,race,gender,Cramer's V,0.07135060680126758,0.4,False
901,902,race,age,Cramer's V,0.487045886334659,0.4,True
901,902,gender,age,Cramer's V,0.3039626966664652,0.4,False
902,903,race,gender,Cramer's V,0.18279819735001337,0.4,False
902,903,race,age,Cramer's V,0.2850133057689467,0.4,False
902,903,gender,age,Cramer's V,0.3907529518840973,0.4,False
903,904,race,gender,Cramer's V,0.36356530298314593,0.4,False
903,904,race,age,Cramer's V,0.4486914634170713,0.4,True
903,904,gender,age,Cramer's V,0.6026696461089915,0.4,True
904,905,race,gender,Cramer's V,0.1604014393864121,0.4,False
904,905,race,age,Cramer's V,0.3524433301120038,0.4,False
904,905,gender,age,Cramer's V,0.4252778433202684,0.4,True
905,906,race,gender,Cramer's V,0.24607441172980923,0.4,False
905,906,race,age,Cramer's V,0.36161224602839737,0.4,False
905,906,gender,age,Cramer's V,0.38231403474633413,0.4,False
906,907,race,gender,Cramer's V,0.3854601736295793,0.4,False
906,907,race,age,Cramer's V,0.411274635002969,0.4,True
906,907,gender,age,Cramer's V,0.4072994686257977,0.4,True
907,908,race,gender,Cramer's V,0.21048627781977072,0.4,False
907,908,race,age,Cramer's V,0.33633026053646575,0.4,False
907,908,gender,age,Cramer's V,0.3126409456585232,0.4,False
908,909,race,gender,Cramer's V,0.29804558180112123,0.4,False
908,909,race,age,Cramer's V,0.44405159405390965,0.4,True
908,909,gender,age,Cramer's V,0.47250244403833086,0.4,True
909,910,race,gender,Cramer's V,0.22324363037584224,0.4,False
909,910,race,age,Cramer's V,0.45535083151145433,0.4,True
909,910,gender,age,Cramer's V,0.3084893901925252,0.4,False
910,911,race,gender,Cramer's V,0.03253000243161777,0.4,False
910,911,race,age,Cramer's V,0.45406259426005663,0.4,True
910,911,gender,age,Cramer's V,0.3491486243775878,0.4,False
911,912,race,gender,Cramer's V,0.015694120514358607,0.4,False
911,912,race,age,Cramer's V,0.5441479637394906,0.4,True
911,912,gender,age,Cramer's V,0.2988416280930732,0.4,False
912,913,race,gender,Cramer's V,0.3779644730092272,0.4,False
912,913,race,age,Cramer's V,0.26030932131013435,0.4,False
912,913,gender,age,Cramer's V,0.32875645709370954,0.4,False
913,914,race,gender,Cramer's V,0.2390457218668787,0.4,False
913,914,race,age,Cramer's V,0.46407651416757956,0.4,True
913,914,gender,age,Cramer's V,0.4421942042651783,0.4,True
914,915,race,gender,Cramer's V,0.014135069854804365,0.4,False
914,915,race,age,Cramer's V,0.49011201802219684,0.4,True
914,915,gender,age,Cramer's V,0.5092995861739705,0.4,True
915,916,race,gender,Cramer's V,0.09925833339709303,0.4,False
915,916,race,age,Cramer's V,0.38788841739480945,0.4,False
915,916,gender,age,Cramer's V,0.6082273227917966,0.4,True
916,917,race,gender,Cramer's V,0.15133439100910903,0.4,False
916,917,race,age,Cramer's V,0.3853751237612334,0.4,False
916,917,gender,age,Cramer's V,0.5905505905508859,0.4,True
917,918,race,gender,Cramer's V,0.2104862778197707,0.4,False
917,918,race,age,Cramer's V,0.2857570438722471,0.4,False
917,918,gender,age,Cramer's V,0.3011844522936162,0.4,False
918,919,race,gender,Cramer's V,0.0944911182523068,0.4,False
918,919,race,age,Cramer's V,0.6054364442134776,0.4,True
918,919,gender,age,Cramer's V,0.45512949491639976,0.4,True
919,920,race,gender,Cramer's V,0.06446583712203043,0.4,False
919,920,race,age,Cramer's V,0.34764147024878184,0.4,False
919,920,gender,age,Cramer's V,0.552914356581818,0.4,True
920,921,race,gender,Cramer's V,0.14285714285714288,0.4,False
920,921,race,age,Cramer's V,0.45385724028357544,0.4,True
920,921,gender,age,Cramer's V,0.4050699108216521,0.4,True
921,922,race,gender,Cramer's V,0.17882200819552807,0.4,False
921,922,race,age,Cramer's V,0.7519077006954978,0.4,True
921,922,gender,age,Cramer's V,0.4332998773644136,0.4,True
922,923,race,gender,Cramer's V,0.39528470752104744,0.4,False
922,923,race,age,Cramer's V,0.4943195847342606,0.4,True
922,923,gender,age,Cramer's V,0.3708099243547831,0.4,False
923,924,race,gender,Cramer's V,0.22756474745819988,0.4,False
923,924,race,age,Cramer's V,0.2864573670360944,0.4,False
923,924,gender,age,Cramer's V,0.3471825374147068,0.4,False
924,925,race,gender,Cramer's V,0.27404811059921597,0.4,False
924,925,race,age,Cramer's V,0.3065518134621251,0.4,False
924,925,gender,age,Cramer's V,0.4754010853484291,0.4,True
925,926,race,gender,Cramer's V,0.12909944487358058,0.4,False
925,926,race,age,Cramer's V,0.5132002392796673,0.4,True
925,926,gender,age,Cramer's V,0.42389562394532926,0.4,True
926,927,race,gender,Cramer's V,0.21169802434530582,0.4,False
926,927,race,age,Cramer's V,0.3383990084041159,0.4,False
926,927,gender,age,Cramer's V,0.09992830683748043,0.4,False
927,928,race,gender,Cramer's V,0.014135069854804365,0.4,False
927,928,race,age,Cramer's V,0.554321862524587,0.4,True
927,928,gender,age,Cramer's V,0.4181334165745825,0.4,True
928,929,race,gender,Cramer's V,0.1336306209562122,0.4,False
928,929,race,age,Cramer's V,0.46675169293441543,0.4,True
928,929,gender,age,Cramer's V,0.3205897343611891,0.4,False
929,930,race,gender,Cramer's V,0.256292057483444,0.4,False
929,930,race,age,Cramer's V,0.45155713498276845,0.4,True
929,930,gender,age,Cramer's V,0.49421661679566575,0.4,True
930,931,race,gender,Cramer's V,0.1975658322294524,0.4,False
930,931,race,age,Cramer's V,0.39349550147037177,0.4,False
930,931,gender,age,Cramer's V,0.2958039891549808,0.4,False
931,932,race,gender,Cramer's V,0.06933752452815362,0.4,False
931,932,race,age,Cramer's V,0.5894680037733409,0.4,True
931,932,gender,age,Cramer's V,0.4741533808499404,0.4,True
932,933,race,gender,Cramer's V,0.31051169764466313,0.4,False
932,933,race,age,Cramer's V,0.4804061232853338,0.4,True
932,933,gender,age,Cramer's V,0.39665076862957527,0.4,False
933,934,race,gender,Cramer's V,0.11826247919781654,0.4,False
933,934,race,age,Cramer's V,0.39480528380609614,0.4,False
933,934,gender,age,Cramer's V,0.5486377169695913,0.4,True
934,935,race,gender,Cramer's V,0.337099931231621,0.4,False
934,935,race,age,Cramer's V,0.44626981304110863,0.4,True
934,935,gender,age,Cramer's V,0.5351902198551197,0.4,True
935,936,race,gender,Cramer's V,0.02096569673443837,0.4,False
935,936,race,age,Cramer's V,0.33643247938748894,0.4,False
935,936,gender,age,Cramer's V,0.4057411124598245,0.4,True
936,937,race,gender,Cramer's V,0.17541160386140583,0.4,False
936,937,race,age,Cramer's V,0.5711308748355987,0.4,True
936,937,gender,age,Cramer's V,0.5104404476032934,0.4,True
937,938,race,gender,Cramer's V,0.2149317384052738,0.4,False
937,938,race,age,Cramer's V,0.46115185199217534,0.4,True
937,938,gender,age,Cramer's V,0.51234753829798,0.4,True
938,939,race,gender,Cramer's V,0.24238399287081644,0.4,False
938,939,race,age,Cramer's V,0.3357550915198182,0.4,False
938,939,gender,age,Cramer's V,0.29315098498896436,0.4,False
939,940,race,gender,Cramer's V,0.21055872190307892,0.4,False
939,940,race,age,Cramer's V,0.41607393918775726,0.4,True
939,940,gender,age,Cramer's V,0.3750367412924019,0.4,False
940,941,race,gender,Cramer's V,0.2837170351550144,0.4,False
940,941,race,age,Cramer's V,0.4085133007419916,0.4,True
940,941,gender,age,Cramer's V,0.507179764558941,0.4,True
941,942,race,gender,Cramer's V,0.015456116693379632,0.4,False
941,942,race,age,Cramer's V,0.29646964196783177,0.4,False
941,942,gender,age,Cramer's V,0.3076434396323669,0.4,False
942,943,race,gender,Cramer's V,0.2906972877003527,0.4,False
942,943,race,age,Cramer's V,0.3291413574769328,0.4,False
942,943,gender,age,Cramer's V,0.41305235128002743,0.4,True
943,944,race,gender,Cramer's V,0.13193104468974196,0.4,False
943,944,race,age,Cramer's V,0.45697954017072573,0.4,True
943,944,gender,age,Cramer's V,0.3359260139377343,0.4,False
944,945,race,gender,Cramer's V,0.1305000397701628,0.4,False
944,945,race,age,Cramer's V,0.462668131892285,0.4,True
944,945,gender,age,Cramer's V,0.30007214139818117,0.4,False
945,946,race,gender,Cramer's V,0.2817180849095055,0.4,False
945,946,race,age,Cramer's V,0.4639280280703195,0.4,True
945,946,gender,age,Cramer's V,0.41716420511109775,0.4,True
946,947,race,gender,Cramer's V,0.37080992435478316,0.4,False
946,947,race,age,Cramer's V,0.5437523946307425,0.4,True
946,947,gender,age,Cramer's V,0.37953605763829484,0.4,False
947,948,race,gender,Cramer's V,0.1690308509457033,0.4,False
947,948,race,age,Cramer's V,0.3908679799852858,0.4,False
947,948,gender,age,Cramer's V,0.5035024719194782,0.4,True
948,949,race,gender,Cramer's V,0.2294412356844582,0.4,False
948,949,race,age,Cramer's V,0.4087535468224543,0.4,True
948,949,gender,age,Cramer's V,0.5781463886882341,0.4,True
949,950,race,gender,Cramer's V,0.04517539514526255,0.4,False
949,950,race,age,Cramer's V,0.5197011503876874,0.4,True
949,950,gender,age,Cramer's V,0.6399404734221844,0.4,True
950,951,race,gender,Cramer's V,0.3520835814081844,0.4,False
950,951,race,age,Cramer's V,0.30480282463383096,0.4,False
950,951,gender,age,Cramer's V,0.43125358551541654,0.4,True
951,952,race,gender,Cramer's V,0.035921060405354976,0.4,False
951,952,race,age,Cramer's V,0.4543694673976518,0.4,True
951,952,gender,age,Cramer's V,0.36954363747736213,0.4,False
952,953,race,gender,Cramer's V,0.13238233874667776,0.4,False
952,953,race,age,Cramer's V,0.4663689526544407,0.4,True
952,953,gender,age,Cramer's V,0.33792034219386463,0.4,False
953,954,race,gender,Cramer's V,0.26856632724128343,0.4,False
953,954,race,age,Cramer's V,0.2961120019221066,0.4,False
953,954,gender,age,Cramer's V,0.3847313550396992,0.4,False
954,955,race,gender,Cramer's V,0.25223019582236345,0.4,False
954,955,race,age,Cramer's V,0.36385776495531824,0.4,False
954,955,gender,age,Cramer's V,0.22419756971151641,0.4,False
955,956,race,gender,Cramer's V,0.23607025790358824,0.4,False
955,956,race,age,Cramer's V,0.3748713771184939,0.4,False
955,956,gender,age,Cramer's V,0.3579455265819088,0.4,False
956,957,race,gender,Cramer's V,0.30528765034070643,0.4,False
956,957,race,age,Cramer's V,0.49442205238210934,0.4,True
956,957,gender,age,Cramer's V,0.518927465341462,0.4,True
957,958,race,gender,Cramer's V,0.2618276862449566,0.4,False
957,958,race,age,Cramer's V,0.3865841162173695,0.4,False
957,958,gender,age,Cramer's V,0.32101673946166004,0.4,False
958,959,race,gender,Cramer's V,0.27310228462353003,0.4,False
958,959,race,age,Cramer's V,0.4447566093476763,0.4,True
958,959,gender,age,Cramer's V,0.3890359374619347,0.4,False
959,960,race,gender,Cramer's V,0.27369525189358135,0.4,False
959,960,race,age,Cramer's V,0.3639174321682013,0.4,False
959,960,gender,age,Cramer's V,0.4642762621031228,0.4,True
960,961,race,gender,Cramer's V,0.3255032733358928,0.4,False
960,961,race,age,Cramer's V,0.5135151651206962,0.4,True
960,961,gender,age,Cramer's V,0.386894688513554,0.4,False
961,962,race,gender,Cramer's V,0.09035079029052513,0.4,False
961,962,race,age,Cramer's V,0.22756474745819988,0.4,False
961,962,gender,age,Cramer's V,0.5572039038594313,0.4,True
962,963,race,gender,Cramer's V,0.2431215491878831,0.4,False
962,963,race,age,Cramer's V,0.37694501202104014,0.4,False
962,963,gender,age,Cramer's V,0.38055173737564885,0.4,False
963,964,race,gender,Cramer's V,0.18257418583505536,0.4,False
963,964,race,age,Cramer's V,0.5395433635094042,0.4,True
963,964,gender,age,Cramer's V,0.5132468139148265,0.4,True
964,965,race,gender,Cramer's V,0.2350274233786209,0.4,False
964,965,race,age,Cramer's V,0.20805398972694886,0.4,False
964,965,gender,age,Cramer's V,0.5084822070389731,0.4,True
965,966,race,gender,Cramer's V,0.4106792294808623,0.4,True
965,966,race,age,Cramer's V,0.479157423749955,0.4,True
965,966,gender,age,Cramer's V,0.46554243473154894,0.4,True
966,967,race,gender,Cramer's V,0.3370999312316211,0.4,False
966,967,race,age,Cramer's V,0.49236596391733095,0.4,True
966,967,gender,age,Cramer's V,0.4286687160638949,0.4,True
967,968,race,gender,Cramer's V,0.3090983592089008,0.4,False
967,968,race,age,Cramer's V,0.4851362106224837,0.4,True
967,968,gender,age,Cramer's V,0.3214297999878236,0.4,False
968,969,race,gender,Cramer's V,0.2251260973584805,0.4,False
968,969,race,age,Cramer's V,0.3422940872484393,0.4,False
968,969,gender,age,Cramer's V,0.4913975701062781,0.4,True
969,970,race,gender,Cramer's V,0.20682789409984761,0.4,False
969,970,race,age,Cramer's V,0.25817210907229676,0.4,False
969,970,gender,age,Cramer's V,0.609534894980964,0.4,True
970,971,race,gender,Cramer's V,0.08058229640253803,0.4,False
970,971,race,age,Cramer's V,0.39940431835899015,0.4,False
970,971,gender,age,Cramer's V,0.3197285490591792,0.4,False
971,972,race,gender,Cramer's V,0.0973039319074496,0.4,False
971,972,race,age,Cramer's V,0.29170346088263865,0.4,False
971,972,gender,age,Cramer's V,0.5117807192968126,0.4,True
972,973,race,gender,Cramer's V,0.2,0.4,False
972,973,race,age,Cramer's V,0.43848091436858716,0.4,True
972,973,gender,age,Cramer's V,0.3381470602318381,0.4,False
973,974,race,gender,Cramer's V,0.20385887657505022,0.4,False
973,974,race,age,Cramer's V,0.4358898943540674,0.4,True
973,974,gender,age,Cramer's V,0.33854156260404666,0.4,False
974,975,race,gender,Cramer's V,0.1538203961954145,0.4,False
974,975,race,age,Cramer's V,0.6238935784882801,0.4,True
974,975,gender,age,Cramer's V,0.4499503940912344,0.4,True
975,976,race,gender,Cramer's V,0.20690424004474872,0.4,False
975,976,race,age,Cramer's V,0.5601003254613764,0.4,True
975,976,gender,age,Cramer's V,0.41982139059366663,0.4,True
976,977,race,gender,Cramer's V,0.289121654791456,0.4,False
976,977,race,age,Cramer's V,0.4818864038057512,0.4,True
976,977,gender,age,Cramer's V,0.4551051999637619,0.4,True
977,978,race,gender,Cramer's V,0.35588077589429673,0.4,False
977,978,race,age,Cramer's V,0.47240419469530875,0.4,True
977,978,gender,age,Cramer's V,0.41679892080955183,0.4,True
978,979,race,gender,Cramer's V,0.21963031851023068,0.4,False
978,979,race,age,Cramer's V,0.3965944493902522,0.4,False
978,979,gender,age,Cramer's V,0.4779679537552713,0.4,True
979,980,race,gender,Cramer's V,0.1695533586864026,0.4,False
979,980,race,age,Cramer's V,0.3671224748835542,0.4,False
979,980,gender,age,Cramer's V,0.3698297741548957,0.4,False
980,981,race,gender,Cramer's V,0.24607441172980923,0.4,False
980,981,race,age,Cramer's V,0.5086374640381702,0.4,True
980,981,gender,age,Cramer's V,0.41585390816303863,0.4,True
981,982,race,gender,Cramer's V,0.15561007416692893,0.4,False
981,982,race,age,Cramer's V,0.2155263624321299,0.4,False
981,982,gender,age,Cramer's V,0.40210485161001447,0.4,True
982,983,race,gender,Cramer's V,0.21048627781977072,0.4,False
982,983,race,age,Cramer's V,0.26405268157364437,0.4,False
982,983,gender,age,Cramer's V,0.5646602701614536,0.4,True
983,984,race,gender,Cramer's V,0.38110116142317807,0.4,False
983,984,race,age,Cramer's V,0.39036589674037137,0.4,False
983,984,gender,age,Cramer's V,0.4675335948759858,0.4,True
984,985,race,gender,Cramer's V,0.28625128703833574,0.4,False
984,985,race,age,Cramer's V,0.39092765710805316,0.4,False
984,985,gender,age,Cramer's V,0.42710371388877244,0.4,True
985,986,race,gender,Cramer's V,0.31622776601683794,0.4,False
985,986,race,age,Cramer's V,0.7780852566824966,0.4,True
985,986,gender,age,Cramer's V,0.4540140392051929,0.4,True
986,987,race,gender,Cramer's V,0.3147557901458535,0.4,False
986,987,race,age,Cramer's V,0.38841447046396305,0.4,False
986,987,gender,age,Cramer's V,0.4517043613283162,0.4,True
987,988,race,gender,Cramer's V,0.0893370572567264,0.4,False
987,988,race,age,Cramer's V,0.4320293400330013,0.4,True
987,988,gender,age,Cramer's V,0.2559133666027175,0.4,False
988,989,race,gender,Cramer's V,0.3893102875599359,0.4,False
988,989,race,age,Cramer's V,0.3898620194118609,0.4,False
988,989,gender,age,Cramer's V,0.3786724932482648,0.4,False
989,990,race,gender,Cramer's V,0.1903943276465977,0.4,False
989,990,race,age,Cramer's V,0.2972941950052816,0.4,False
989,990,gender,age,Cramer's V,0.2819300940341026,0.4,False
990,991,race,gender,Cramer's V,0.2429301525440163,0.4,False
990,991,race,age,Cramer's V,0.3863202677097711,0.4,False
990,991,gender,age,Cramer's V,0.47354242074224384,0.4,True
991,992,race,gender,Cramer's V,0.1351518217470017,0.4,False
991,992,race,age,Cramer's V,0.5204095012113528,0.4,True
991,992,gender,age,Cramer's V,0.520863002094064,0.4,True
992,993,race,gender,Cramer's V,0.05783149319662402,0.4,False
992,993,race,age,Cramer's V,0.6034619031174168,0.4,True
992,993,gender,age,Cramer's V,0.4040142487926796,0.4,True
993,994,race,gender,Cramer's V,0.2848643278241037,0.4,False
993,994,race,age,Cramer's V,0.3266451148251513,0.4,False
993,994,gender,age,Cramer's V,0.46625240412015684,0.4,True
994,995,race,gender,Cramer's V,0.12909944487358058,0.4,False
994,995,race,age,Cramer's V,0.379467403952141,0.4,False
994,995,gender,age,Cramer's V,0.2640914958528922,0.4,False
995,996,race,gender,Cramer's V,0.08971920420799087,0.4,False
995,996,race,age,Cramer's V,0.42697504881162823,0.4,True
995,996,gender,age,Cramer's V,0.4805827216223877,0.4,True
996,997,race,gender,Cramer's V,0.29277002188455997,0.4,False
996,997,race,age,Cramer's V,0.45580713146403756,0.4,True
996,997,gender,age,Cramer's V,0.5257108350473364,0.4,True
997,998,race,gender,Cramer's V,0.14907119849998596,0.4,False
997,998,race,age,Cramer's V,0.21602468994692867,0.4,False
997,998,gender,age,Cramer's V,0.3626037527129049,0.4,False
998,999,race,gender,Cramer's V,0.12949496260617213,0.4,False
998,999,race,age,Cramer's V,0.3960089280670139,0.4,False
998,999,gender,age,Cramer's V,0.47770322487661093,0.4,True
999,1000,race,gender,Cramer's V,0.09763167236550807,0.4,False
999,1000,race,age,Cramer's V,0.5298944964234875,0.4,True
999,1000,gender,age,Cramer's V,0.3122870791663361,0.4,False
1000,1001,race,gender,Cramer's V,0.24096579867074966,0.4,False
1000,1001,race,age,Cramer's V,0.6636785428286375,0.4,True
1000,1001,gender,age,Cramer's V,0.281290915467562,0.4,False
1001,1002,race,gender,Cramer's V,0.25555062599997597,0.4,False
1001,1002,race,age,Cramer's V,0.4998346287370015,0.4,True
1001,1002,gender,age,Cramer's V,0.2927700218845599,0.4,False
1002,1003,race,gender,Cramer's V,0.2545247261297173,0.4,False
1002,1003,race,age,Cramer's V,0.5168723297413428,0.4,True
1002,1003,gender,age,Cramer's V,0.4439055690065302,0.4,True
1003,1004,race,gender,Cramer's V,0.21446991935221082,0.4,False
1003,1004,race,age,Cramer's V,0.4271621852031526,0.4,True
1003,1004,gender,age,Cramer's V,0.5950352810093977,0.4,True
1004,1005,race,gender,Cramer's V,0.3675708899425074,0.4,False
1004,1005,race,age,Cramer's V,0.6046223464429527,0.4,True
1004,1005,gender,age,Cramer's V,0.19394351934952617,0.4,False
1005,1006,race,gender,Cramer's V,0.02096569673443837,0.4,False
1005,1006,race,age,Cramer's V,0.38633630978170336,0.4,False
1005,1006,gender,age,Cramer's V,0.3323981935269619,0.4,False
1006,1007,race,gender,Cramer's V,0.3508529978309385,0.4,False
1006,1007,race,age,Cramer's V,0.41030775731953467,0.4,True
1006,1007,gender,age,Cramer's V,0.3570089034504001,0.4,False
1007,1008,race,gender,Cramer's V,0.14675987714106856,0.4,False
1007,1008,race,age,Cramer's V,0.5135525910130955,0.4,True
1007,1008,gender,age,Cramer's V,0.48064582403602063,0.4,True
1008,1009,race,gender,Cramer's V,0.17529736639968854,0.4,False
1008,1009,race,age,Cramer's V,0.7389445815825472,0.4,True
1008,1009,gender,age,Cramer's V,0.43404246006912406,0.4,True
1009,1010,race,gender,Cramer's V,0.3078128157360219,0.4,False
1009,1010,race,age,Cramer's V,0.5032012146751963,0.4,True
1009,1010,gender,age,Cramer's V,0.4282538505888974,0.4,True
1010,1011,race,gender,Cramer's V,0.3049377198495014,0.4,False
1010,1011,race,age,Cramer's V,0.33178808497794693,0.4,False
1010,1011,gender,age,Cramer's V,0.3268305093135918,0.4,False
1011,1012,race,gender,Cramer's V,0.15422731972837422,0.4,False
1011,1012,race,age,Cramer's V,0.6969320524371696,0.4,True
1011,1012,gender,age,Cramer's V,0.19354668031334835,0.4,False
1012,1013,race,gender,Cramer's V,0.15539539012701528,0.4,False
1012,1013,race,age,Cramer's V,0.2408652279098376,0.4,False
1012,1013,gender,age,Cramer's V,0.38949891105034135,0.4,False
1013,1014,race,gender,Cramer's V,0.12931515002796795,0.4,False
1013,1014,race,age,Cramer's V,0.24634074101488104,0.4,False
1013,1014,gender,age,Cramer's V,0.6562517227732909,0.4,True
1014,1015,race,gender,Cramer's V,0.15191090506255,0.4,False
1014,1015,race,age,Cramer's V,0.4236592728681617,0.4,True
1014,1015,gender,age,Cramer's V,0.44870846405465287,0.4,True
1015,1016,race,gender,Cramer's V,0.0657951694959769,0.4,False
1015,1016,race,age,Cramer's V,0.45425676257949793,0.4,True
1015,1016,gender,age,Cramer's V,0.39944302595401815,0.4,False
1016,1017,race,gender,Cramer's V,0.21899236299112584,0.4,False
1016,1017,race,age,Cramer's V,0.10576194308419,0.4,False
1016,1017,gender,age,Cramer's V,0.36761026714704464,0.4,False
1017,1018,race,gender,Cramer's V,0.14388861576723852,0.4,False
1017,1018,race,age,Cramer's V,0.3943287576149191,0.4,False
1017,1018,gender,age,Cramer's V,0.5192878430558319,0.4,True
1018,1019,race,gender,Cramer's V,0.31622776601683794,0.4,False
1018,1019,race,age,Cramer's V,0.47417217228681124,0.4,True
1018,1019,gender,age,Cramer's V,0.5045821782456993,0.4,True
1019,1020,race,gender,Cramer's V,0.1845419398244734,0.4,False
1019,1020,race,age,Cramer's V,0.5701215486603831,0.4,True
1019,1020,gender,age,Cramer's V,0.441640622710913,0.4,True
1020,1021,race,gender,Cramer's V,0.18354754404715506,0.4,False
1020,1021,race,age,Cramer's V,0.5372801417686274,0.4,True
1020,1021,gender,age,Cramer's V,0.42593913720954446,0.4,True
1021,1022,race,gender,Cramer's V,0.3251237304023887,0.4,False
1021,1022,race,age,Cramer's V,0.4636473806033224,0.4,True
1021,1022,gender,age,Cramer's V,0.4221038658052194,0.4,True
1022,1023,race,gender,Cramer's V,0.289121654791456,0.4,False
1022,1023,race,age,Cramer's V,0.3125381539589969,0.4,False
1022,1023,gender,age,Cramer's V,0.4374220772789308,0.4,True
1023,1024,race,gender,Cramer's V,0.24052284646041733,0.4,False
1023,1024,race,age,Cramer's V,0.313203365397545,0.4,False
1023,1024,gender,age,Cramer's V,0.5225061737282443,0.4,True
1024,1025,race,gender,Cramer's V,0.16265001215808886,0.4,False
1024,1025,race,age,Cramer's V,0.7564315725658457,0.4,True
1024,1025,gender,age,Cramer's V,0.2847747901354351,0.4,False
1025,1026,race,gender,Cramer's V,0.187795623280471,0.4,False
1025,1026,race,age,Cramer's V,0.3497972152368278,0.4,False
1025,1026,gender,age,Cramer's V,0.43171484683564937,0.4,True
1026,1027,race,gender,Cramer's V,0.2219593463674474,0.4,False
1026,1027,race,age,Cramer's V,0.3807037938227446,0.4,False
1026,1027,gender,age,Cramer's V,0.2854928303503975,0.4,False
1027,1028,race,gender,Cramer's V,0.3474041668898256,0.4,False
1027,1028,race,age,Cramer's V,0.5736052549495578,0.4,True
1027,1028,gender,age,Cramer's V,0.3535533905932738,0.4,False
1028,1029,race,gender,Cramer's V,0.29664793948382656,0.4,False
1028,1029,race,age,Cramer's V,0.25202880493808344,0.4,False
1028,1029,gender,age,Cramer's V,0.2916144047178758,0.4,False
1029,1030,race,gender,Cramer's V,0.2774682619032965,0.4,False
1029,1030,race,age,Cramer's V,0.3802245482221092,0.4,False
1029,1030,gender,age,Cramer's V,0.42204857540335333,0.4,True
1030,1031,race,gender,Cramer's V,0.24902406914390227,0.4,False
1030,1031,race,age,Cramer's V,0.45732211680446694,0.4,True
1030,1031,gender,age,Cramer's V,0.3223291856101521,0.4,False
1031,1032,race,gender,Cramer's V,0.12572371141874245,0.4,False
1031,1032,race,age,Cramer's V,0.5866408317171488,0.4,True
1031,1032,gender,age,Cramer's V,0.273801995002835,0.4,False
1032,1033,race,gender,Cramer's V,0.33974780562730855,0.4,False
1032,1033,race,age,Cramer's V,0.4882122391708246,0.4,True
1032,1033,gender,age,Cramer's V,0.45105067566531876,0.4,True
1033,1034,race,gender,Cramer's V,0.217199757095251,0.4,False
1033,1034,race,age,Cramer's V,0.4684075089124794,0.4,True
1033,1034,gender,age,Cramer's V,0.5141947926902035,0.4,True
1034,1035,race,gender,Cramer's V,0.26681394244928813,0.4,False
1034,1035,race,age,Cramer's V,0.40217661760230633,0.4,True
1034,1035,gender,age,Cramer's V,0.29658028629822275,0.4,False
1035,1036,race,gender,Cramer's V,0.28736848324283987,0.4,False
1035,1036,race,age,Cramer's V,0.3334450308595757,0.4,False
1035,1036,gender,age,Cramer's V,0.4127041014148943,0.4,True
1036,1037,race,gender,Cramer's V,0.1815682598006407,0.4,False
1036,1037,race,age,Cramer's V,0.39332852643474736,0.4,False
1036,1037,gender,age,Cramer's V,0.5169005196226322,0.4,True
1037,1038,race,gender,Cramer's V,0.0,0.4,False
1037,1038,race,age,Cramer's V,0.5555555555555556,0.4,True
1037,1038,gender,age,Cramer's V,0.15811388300841897,0.4,False
1038,1039,race,gender,Cramer's V,0.3507135583350037,0.4,False
1038,1039,race,age,Cramer's V,0.3604706274752586,0.4,False
1038,1039,gender,age,Cramer's V,0.3733459191214969,0.4,False
1039,1040,race,gender,Cramer's V,0.26967994498529685,0.4,False
1039,1040,race,age,Cramer's V,0.48027677940168156,0.4,True
1039,1040,gender,age,Cramer's V,0.4060648750456331,0.4,True
1040,1041,race,gender,Cramer's V,0.23570226039551584,0.4,False
1040,1041,race,age,Cramer's V,0.5221884487559155,0.4,True
1040,1041,gender,age,Cramer's V,0.23779743280283544,0.4,False
1041,1042,race,gender,Cramer's V,0.24504825444219908,0.4,False
1041,1042,race,age,Cramer's V,0.3620810594365489,0.4,False
1041,1042,gender,age,Cramer's V,0.22610349456216955,0.4,False
1042,1043,race,gender,Cramer's V,0.2,0.4,False
1042,1043,race,age,Cramer's V,0.6197797868009122,0.4,True
1042,1043,gender,age,Cramer's V,0.47292781086093283,0.4,True
1043,1044,race,gender,Cramer's V,0.4176201680321031,0.4,True
1043,1044,race,age,Cramer's V,0.4262133835586524,0.4,True
1043,1044,gender,age,Cramer's V,0.5134200784083832,0.4,True
1044,1045,race,gender,Cramer's V,0.3402785236893603,0.4,False
1044,1045,race,age,Cramer's V,0.5576116353975552,0.4,True
1044,1045,gender,age,Cramer's V,0.38785594014838976,0.4,False
1045,1046,race,gender,Cramer's V,0.12009611535381536,0.4,False
1045,1046,race,age,Cramer's V,0.3076761197502898,0.4,False
1045,1046,gender,age,Cramer's V,0.3946853368843529,0.4,False
1046,1047,race,gender,Cramer's V,0.18745053161932743,0.4,False
1046,1047,race,age,Cramer's V,0.7230435829132452,0.4,True
1046,1047,gender,age,Cramer's V,0.3170632437371139,0.4,False
1047,1048,race,gender,Cramer's V,0.1845419398244734,0.4,False
1047,1048,race,age,Cramer's V,0.5413460589637238,0.4,True
1047,1048,gender,age,Cramer's V,0.30922711145260173,0.4,False
1048,1049,race,gender,Cramer's V,0.3035559826045604,0.4,False
1048,1049,race,age,Cramer's V,0.4860112103148694,0.4,True
1048,1049,gender,age,Cramer's V,0.49139757010627816,0.4,True
1049,1050,race,gender,Cramer's V,0.24999999999999997,0.4,False
1049,1050,race,age,Cramer's V,0.5821416398857661,0.4,True
1049,1050,gender,age,Cramer's V,0.5214163403653552,0.4,True
1050,1051,race,gender,Cramer's V,0.12903269941763887,0.4,False
1050,1051,race,age,Cramer's V,0.45881502580291794,0.4,True
1050,1051,gender,age,Cramer's V,0.5038037135811743,0.4,True
1051,1052,race,gender,Cramer's V,0.27936056994917524,0.4,False
1051,1052,race,age,Cramer's V,0.49993700787376577,0.4,True
1051,1052,gender,age,Cramer's V,0.4372432479162194,0.4,True
1052,1053,race,gender,Cramer's V,0.2764481441854447,0.4,False
1052,1053,race,age,Cramer's V,0.5522336582420042,0.4,True
1052,1053,gender,age,Cramer's V,0.44136741475237473,0.4,True
1053,1054,race,gender,Cramer's V,0.22433161909252852,0.4,False
1053,1054,race,age,Cramer's V,0.5001963699685773,0.4,True
1053,1054,gender,age,Cramer's V,0.5416534221733175,0.4,True
1054,1055,race,gender,Cramer's V,0.2581988897471611,0.4,False
1054,1055,race,age,Cramer's V,0.3679900360969936,0.4,False
1054,1055,gender,age,Cramer's V,0.48163553556153466,0.4,True
1055,1056,race,gender,Cramer's V,0.3262727656416153,0.4,False
1055,1056,race,age,Cramer's V,0.42381208054594155,0.4,True
1055,1056,gender,age,Cramer's V,0.4851292694796162,0.4,True
1056,1057,race,gender,Cramer's V,0.15605591394068366,0.4,False
1056,1057,race,age,Cramer's V,0.5475476500897195,0.4,True
1056,1057,gender,age,Cramer's V,0.5726660707353183,0.4,True
1057,1058,race,gender,Cramer's V,0.2885420739126596,0.4,False
1057,1058,race,age,Cramer's V,0.4047212412934635,0.4,True
1057,1058,gender,age,Cramer's V,0.3651483716701107,0.4,False
1058,1059,race,gender,Cramer's V,0.20126912147485332,0.4,False
1058,1059,race,age,Cramer's V,0.7208855151311656,0.4,True
1058,1059,gender,age,Cramer's V,0.4552263618952377,0.4,True
1059,1060,race,gender,Cramer's V,0.2856744775452351,0.4,False
1059,1060,race,age,Cramer's V,0.4273882086381222,0.4,True
1059,1060,gender,age,Cramer's V,0.34126962828446566,0.4,False
1060,1061,race,gender,Cramer's V,0.04295793584082351,0.4,False
1060,1061,race,age,Cramer's V,0.4268737835107858,0.4,True
1060,1061,gender,age,Cramer's V,0.2749510613261966,0.4,False
1061,1062,race,gender,Cramer's V,0.236227795630767,0.4,False
1061,1062,race,age,Cramer's V,0.3489869604693173,0.4,False
1061,1062,gender,age,Cramer's V,0.35401225307138073,0.4,False
1062,1063,race,gender,Cramer's V,0.1818181818181818,0.4,False
1062,1063,race,age,Cramer's V,0.3901025030607322,0.4,False
1062,1063,gender,age,Cramer's V,0.2413628589584593,0.4,False
1063,1064,race,gender,Cramer's V,0.240091878820774,0.4,False
1063,1064,race,age,Cramer's V,0.36830109775652525,0.4,False
1063,1064,gender,age,Cramer's V,0.6436159460952715,0.4,True
1064,1065,race,gender,Cramer's V,0.40343505149951536,0.4,True
1064,1065,race,age,Cramer's V,0.594507488127066,0.4,True
1064,1065,gender,age,Cramer's V,0.4715785008333204,0.4,True
1065,1066,race,gender,Cramer's V,0.26453474720465836,0.4,False
1065,1066,race,age,Cramer's V,0.5553788344830973,0.4,True
1065,1066,gender,age,Cramer's V,0.35954624775333743,0.4,False
1066,1067,race,gender,Cramer's V,0.2787763164546902,0.4,False
1066,1067,race,age,Cramer's V,0.3325638901527399,0.4,False
1066,1067,gender,age,Cramer's V,0.32714432804381227,0.4,False
1067,1068,race,gender,Cramer's V,0.12931515002796792,0.4,False
1067,1068,race,age,Cramer's V,0.35565164872118227,0.4,False
1067,1068,gender,age,Cramer's V,0.3758729288892232,0.4,False
1068,1069,race,gender,Cramer's V,0.014135069854804365,0.4,False
1068,1069,race,age,Cramer's V,0.5700877125495689,0.4,True
1068,1069,gender,age,Cramer's V,0.30684824287560153,0.4,False
1069,1070,race,gender,Cramer's V,0.19422464901683897,0.4,False
1069,1070,race,age,Cramer's V,0.33510756172023026,0.4,False
1069,1070,gender,age,Cramer's V,0.4075982870871315,0.4,True
1070,1071,race,gender,Cramer's V,0.17529736639968854,0.4,False
1070,1071,race,age,Cramer's V,0.4007199759410127,0.4,True
1070,1071,gender,age,Cramer's V,0.35606981658898623,0.4,False
1071,1072,race,gender,Cramer's V,0.32820509826504807,0.4,False
1071,1072,race,age,Cramer's V,0.36570537520788327,0.4,False
1071,1072,gender,age,Cramer's V,0.47311627459634664,0.4,True
1072,1073,race,gender,Cramer's V,0.211353967975193,0.4,False
1072,1073,race,age,Cramer's V,0.39903156576415166,0.4,False
1072,1073,gender,age,Cramer's V,0.5953899260876752,0.4,True
1073,1074,race,gender,Cramer's V,0.025863030005593566,0.4,False
1073,1074,race,age,Cramer's V,0.6262764742685313,0.4,True
1073,1074,gender,age,Cramer's V,0.6239372234951817,0.4,True
1074,1075,race,gender,Cramer's V,0.44901325506693723,0.4,True
1074,1075,race,age,Cramer's V,0.5368478789762425,0.4,True
1074,1075,gender,age,Cramer's V,0.3872983346207417,0.4,False
1075,1076,race,gender,Cramer's V,0.4109609335312651,0.4,True
1075,1076,race,age,Cramer's V,0.3993204103517084,0.4,False
1075,1076,gender,age,Cramer's V,0.3322900339562814,0.4,False
1076,1077,race,gender,Cramer's V,0.08660254037844387,0.4,False
1076,1077,race,age,Cramer's V,0.5620140464079064,0.4,True
1076,1077,gender,age,Cramer's V,0.33184190154205606,0.4,False
1077,1078,race,gender,Cramer's V,0.285405283652562,0.4,False
1077,1078,race,age,Cramer's V,0.3477799421937204,0.4,False
1077,1078,gender,age,Cramer's V,0.49460927387425774,0.4,True
1078,1079,race,gender,Cramer's V,0.19586518668589045,0.4,False
1078,1079,race,age,Cramer's V,0.39614157782511655,0.4,False
1078,1079,gender,age,Cramer's V,0.4820988316754925,0.4,True
1079,1080,race,gender,Cramer's V,0.4071980803980317,0.4,True
1079,1080,race,age,Cramer's V,0.5092269285366273,0.4,True
1079,1080,gender,age,Cramer's V,0.49515509835663757,0.4,True
1080,1081,race,gender,Cramer's V,0.23857559364750233,0.4,False
1080,1081,race,age,Cramer's V,0.3018195484275141,0.4,False
1080,1081,gender,age,Cramer's V,0.2531064442332666,0.4,False
1081,1082,race,gender,Cramer's V,0.10085876287487887,0.4,False
1081,1082,race,age,Cramer's V,0.2549676516763657,0.4,False
1081,1082,gender,age,Cramer's V,0.4390291246752723,0.4,True
1082,1083,race,gender,Cramer's V,0.07161148740394328,0.4,False
1082,1083,race,age,Cramer's V,0.43890473070743113,0.4,True
1082,1083,gender,age,Cramer's V,0.5231838495099089,0.4,True
1083,1084,race,gender,Cramer's V,0.19414506867883016,0.4,False
1083,1084,race,age,Cramer's V,0.3489387363968663,0.4,False
1083,1084,gender,age,Cramer's V,0.247847879612821,0.4,False
1084,1085,race,gender,Cramer's V,0.2104862778197707,0.4,False
1084,1085,race,age,Cramer's V,0.3693016804880766,0.4,False
1084,1085,gender,age,Cramer's V,0.4080385080854053,0.4,True
1085,1086,race,gender,Cramer's V,0.1787311818077867,0.4,False
1085,1086,race,age,Cramer's V,0.5848645127860796,0.4,True
1085,1086,gender,age,Cramer's V,0.380646346188786,0.4,False
1086,1087,race,gender,Cramer's V,0.35811555850975435,0.4,False
1086,1087,race,age,Cramer's V,0.3663087478691058,0.4,False
1086,1087,gender,age,Cramer's V,0.600324587527123,0.4,True
1087,1088,race,gender,Cramer's V,0.2804242694522584,0.4,False
1087,1088,race,age,Cramer's V,0.2862594006219611,0.4,False
1087,1088,gender,age,Cramer's V,0.4163827722217815,0.4,True
1088,1089,race,gender,Cramer's V,0.05547001962252294,0.4,False
1088,1089,race,age,Cramer's V,0.4614835132125881,0.4,True
1088,1089,gender,age,Cramer's V,0.424894944999013,0.4,True
1089,1090,race,gender,Cramer's V,0.08625819491779428,0.4,False
1089,1090,race,age,Cramer's V,0.33400584087478646,0.4,False
1089,1090,gender,age,Cramer's V,0.5183153419018134,0.4,True
1090,1091,race,gender,Cramer's V,0.2104862778197707,0.4,False
1090,1091,race,age,Cramer's V,0.47191222639945174,0.4,True
1090,1091,gender,age,Cramer's V,0.30922711145260173,0.4,False
1091,1092,race,gender,Cramer's V,0.2066288296705685,0.4,False
1091,1092,race,age,Cramer's V,0.6085806194501846,0.4,True
1091,1092,gender,age,Cramer's V,0.3708990935094579,0.4,False
1092,1093,race,gender,Cramer's V,0.240091878820774,0.4,False
1092,1093,race,age,Cramer's V,0.5253984238854181,0.4,True
1092,1093,gender,age,Cramer's V,0.27876330161657464,0.4,False
1093,1094,race,gender,Cramer's V,0.3442477211347862,0.4,False
1093,1094,race,age,Cramer's V,0.35310670261883087,0.4,False
1093,1094,gender,age,Cramer's V,0.48923303519446243,0.4,True
1094,1095,race,gender,Cramer's V,0.03450738623384267,0.4,False
1094,1095,race,age,Cramer's V,0.4496640992983565,0.4,True
1094,1095,gender,age,Cramer's V,0.25541460601182364,0.4,False
1095,1096,race,gender,Cramer's V,0.20690424004474872,0.4,False
1095,1096,race,age,Cramer's V,0.3706891091889337,0.4,False
1095,1096,gender,age,Cramer's V,0.40499118156184233,0.4,True
1096,1097,race,gender,Cramer's V,0.21320071635561041,0.4,False
1096,1097,race,age,Cramer's V,0.4335469558917038,0.4,True
1096,1097,gender,age,Cramer's V,0.30684824287560153,0.4,False
1097,1098,race,gender,Cramer's V,0.13762047064079508,0.4,False
1097,1098,race,age,Cramer's V,0.3379092959770304,0.4,False
1097,1098,gender,age,Cramer's V,0.6805206244127928,0.4,True
1098,1099,race,gender,Cramer's V,0.15957118462605635,0.4,False
1098,1099,race,age,Cramer's V,0.6156711183139306,0.4,True
1098,1099,gender,age,Cramer's V,0.4612999230951801,0.4,True
1099,1100,race,gender,Cramer's V,0.5229975846277624,0.4,True
1099,1100,race,age,Cramer's V,0.7106335201775947,0.4,True
1099,1100,gender,age,Cramer's V,0.6059384539856774,0.4,True
1100,1101,race,gender,Cramer's V,0.2379330126981609,0.4,False
1100,1101,race,age,Cramer's V,0.36466112563469816,0.4,False
1100,1101,gender,age,Cramer's V,0.5385317864926125,0.4,True
1101,1102,race,gender,Cramer's V,0.34653901037875334,0.4,False
1101,1102,race,age,Cramer's V,0.28753478453764414,0.4,False
1101,1102,gender,age,Cramer's V,0.6268479175113464,0.4,True
1102,1103,race,gender,Cramer's V,0.2357342829838567,0.4,False
1102,1103,race,age,Cramer's V,0.5233814479866653,0.4,True
1102,1103,gender,age,Cramer's V,0.4952903189039737,0.4,True
1103,1104,race,gender,Cramer's V,0.17568209223157663,0.4,False
1103,1104,race,age,Cramer's V,0.3642695536169715,0.4,False
1103,1104,gender,age,Cramer's V,0.2472066162365221,0.4,False
1104,1105,race,gender,Cramer's V,0.15191090506255,0.4,False
1104,1105,race,age,Cramer's V,0.422480802510633,0.4,True
1104,1105,gender,age,Cramer's V,0.3682729965664059,0.4,False
1105,1106,race,gender,Cramer's V,0.05096471914376257,0.4,False
1105,1106,race,age,Cramer's V,0.374570461065779,0.4,False
1105,1106,gender,age,Cramer's V,0.3577444755678159,0.4,False
1106,1107,race,gender,Cramer's V,0.19999999999999998,0.4,False
1106,1107,race,age,Cramer's V,0.37521518597524245,0.4,False
1106,1107,gender,age,Cramer's V,0.5093530793472829,0.4,True
1107,1108,race,gender,Cramer's V,0.39648073054937955,0.4,False
1107,1108,race,age,Cramer's V,0.39724959289751205,0.4,False
1107,1108,gender,age,Cramer's V,0.2958039891549808,0.4,False
1108,1109,race,gender,Cramer's V,0.44320263021395917,0.4,True
1108,1109,race,age,Cramer's V,0.5773502691896257,0.4,True
1108,1109,gender,age,Cramer's V,0.30571246509956734,0.4,False
1109,1110,race,gender,Cramer's V,0.17930563858025497,0.4,False
1109,1110,race,age,Cramer's V,0.4521435177946939,0.4,True
1109,1110,gender,age,Cramer's V,0.5056076519835918,0.4,True
1110,1111,race,gender,Cramer's V,0.06945320497205683,0.4,False
1110,1111,race,age,Cramer's V,0.39410467014839695,0.4,False
1110,1111,gender,age,Cramer's V,0.36049197095537683,0.4,False
1111,1112,race,gender,Cramer's V,0.20890685056622912,0.4,False
1111,1112,race,age,Cramer's V,0.34156502553198664,0.4,False
1111,1112,gender,age,Cramer's V,0.2581988897471611,0.4,False
1112,1113,race,gender,Cramer's V,0.18354754404715506,0.4,False
1112,1113,race,age,Cramer's V,0.4277496225831017,0.4,True
1112,1113,gender,age,Cramer's V,0.425835287607316,0.4,True
1113,1114,race,gender,Cramer's V,0.2,0.4,False
1113,1114,race,age,Cramer's V,0.2699206232527312,0.4,False
1113,1114,gender,age,Cramer's V,0.3568212837982462,0.4,False
1114,1115,race,gender,Cramer's V,0.3509312031717982,0.4,False
1114,1115,race,age,Cramer's V,0.2952831153767533,0.4,False
1114,1115,gender,age,Cramer's V,0.5157997505971182,0.4,True
1115,1116,race,gender,Cramer's V,0.21446991935221082,0.4,False
1115,1116,race,age,Cramer's V,0.30103855674651075,0.4,False
1115,1116,gender,age,Cramer's V,0.4320220807828521,0.4,True
1116,1117,race,gender,Cramer's V,0.1781741612749496,0.4,False
1116,1117,race,age,Cramer's V,0.43129097458897137,0.4,True
1116,1117,gender,age,Cramer's V,0.26226526415648105,0.4,False
1117,1118,race,gender,Cramer's V,0.240091878820774,0.4,False
1117,1118,race,age,Cramer's V,0.5644454670429659,0.4,True
1117,1118,gender,age,Cramer's V,0.539907529792044,0.4,True
1118,1119,race,gender,Cramer's V,0.13483997249264837,0.4,False
1118,1119,race,age,Cramer's V,0.39149759385932215,0.4,False
1118,1119,gender,age,Cramer's V,0.5018836272729719,0.4,True
1119,1120,race,gender,Cramer's V,0.24849547279578357,0.4,False
1119,1120,race,age,Cramer's V,0.4381146476031639,0.4,True
1119,1120,gender,age,Cramer's V,0.3548138344862798,0.4,False
1120,1121,race,gender,Cramer's V,0.24584458594722078,0.4,False
1120,1121,race,age,Cramer's V,0.32460528298780006,0.4,False
1120,1121,gender,age,Cramer's V,0.3380617018914066,0.4,False
1121,1122,race,gender,Cramer's V,0.1809112517951679,0.4,False
1121,1122,race,age,Cramer's V,0.47447608055665796,0.4,True
1121,1122,gender,age,Cramer's V,0.5147106210687277,0.4,True
1122,1123,race,gender,Cramer's V,0.1775947315737317,0.4,False
1122,1123,race,age,Cramer's V,0.3803796060367126,0.4,False
1122,1123,gender,age,Cramer's V,0.5530092050040223,0.4,True
1123,1124,race,gender,Cramer's V,0.1272727272727273,0.4,False
1123,1124,race,age,Cramer's V,0.45220885121572435,0.4,True
1123,1124,gender,age,Cramer's V,0.5335984189699897,0.4,True
1124,1125,race,gender,Cramer's V,0.05000000000000002,0.4,False
1124,1125,race,age,Cramer's V,0.3186510027262766,0.4,False
1124,1125,gender,age,Cramer's V,0.22702083943651855,0.4,False
1125,1126,race,gender,Cramer's V,0.25827508832923823,0.4,False
1125,1126,race,age,Cramer's V,0.4521451373934686,0.4,True
1125,1126,gender,age,Cramer's V,0.35256810287008383,0.4,False
1126,1127,race,gender,Cramer's V,0.27286371951943134,0.4,False
1126,1127,race,age,Cramer's V,0.4365432637344127,0.4,True
1126,1127,gender,age,Cramer's V,0.44324100107505127,0.4,True
1127,1128,race,gender,Cramer's V,0.3057751657875176,0.4,False
1127,1128,race,age,Cramer's V,0.3197221015541813,0.4,False
1127,1128,gender,age,Cramer's V,0.28480616405476783,0.4,False
1128,1129,race,gender,Cramer's V,0.16692446522239715,0.4,False
1128,1129,race,age,Cramer's V,0.445591122612927,0.4,True
1128,1129,gender,age,Cramer's V,0.5647706294218076,0.4,True
1129,1130,race,gender,Cramer's V,0.243492376778837,0.4,False
1129,1130,race,age,Cramer's V,0.48599205110544846,0.4,True
1129,1130,gender,age,Cramer's V,0.4088030297342684,0.4,True
1130,1131,race,gender,Cramer's V,0.25819888974716115,0.4,False
1130,1131,race,age,Cramer's V,0.36851386559504445,0.4,False
1130,1131,gender,age,Cramer's V,0.25,0.4,False
1131,1132,race,gender,Cramer's V,0.2342895573806412,0.4,False
1131,1132,race,age,Cramer's V,0.4812934205278072,0.4,True
1131,1132,gender,age,Cramer's V,0.3030345017010664,0.4,False
1132,1133,race,gender,Cramer's V,0.07559289460184544,0.4,False
1132,1133,race,age,Cramer's V,0.6041522986797286,0.4,True
1132,1133,gender,age,Cramer's V,0.43424811867344754,0.4,True
1133,1134,race,gender,Cramer's V,0.360402876799567,0.4,False
1133,1134,race,age,Cramer's V,0.2987128170029653,0.4,False
1133,1134,gender,age,Cramer's V,0.131335466897194,0.4,False
1134,1135,race,gender,Cramer's V,0.19851666679418606,0.4,False
1134,1135,race,age,Cramer's V,0.38788841739480956,0.4,False
1134,1135,gender,age,Cramer's V,0.44050836433332236,0.4,True
1135,1136,race,gender,Cramer's V,0.3592106040535498,0.4,False
1135,1136,race,age,Cramer's V,0.34705053242571937,0.4,False
1135,1136,gender,age,Cramer's V,0.4349391657715799,0.4,True
1136,1137,race,gender,Cramer's V,0.025863030005593562,0.4,False
1136,1137,race,age,Cramer's V,0.36562782661710946,0.4,False
1136,1137,gender,age,Cramer's V,0.21044171232366052,0.4,False
1137,1138,race,gender,Cramer's V,0.4312535855154166,0.4,True
1137,1138,race,age,Cramer's V,0.45938977028114264,0.4,True
1137,1138,gender,age,Cramer's V,0.4955472998333054,0.4,True
1138,1139,race,gender,Cramer's V,0.10350983390135313,0.4,False
1138,1139,race,age,Cramer's V,0.38382473678936924,0.4,False
1138,1139,gender,age,Cramer's V,0.38324274291889726,0.4,False
1139,1140,race,gender,Cramer's V,0.06933752452815362,0.4,False
1139,1140,race,age,Cramer's V,0.3445305482846168,0.4,False
1139,1140,gender,age,Cramer's V,0.32330979072589305,0.4,False
1140,1141,race,gender,Cramer's V,0.09763167236550807,0.4,False
1140,1141,race,age,Cramer's V,0.38056219755369364,0.4,False
1140,1141,gender,age,Cramer's V,0.3016979811444309,0.4,False
1141,1142,race,gender,Cramer's V,0.23035022137995856,0.4,False
1141,1142,race,age,Cramer's V,0.3656719655573255,0.4,False
1141,1142,gender,age,Cramer's V,0.39382996434543494,0.4,False
1142,1143,race,gender,Cramer's V,0.26604364450071116,0.4,False
1142,1143,race,age,Cramer's V,0.5912165737164656,0.4,True
1142,1143,gender,age,Cramer's V,0.5330017908890261,0.4,True
1143,1144,race,gender,Cramer's V,0.4526113812557101,0.4,True
1143,1144,race,age,Cramer's V,0.5233939494512511,0.4,True
1143,1144,gender,age,Cramer's V,0.31122306558190543,0.4,False
1144,1145,race,gender,Cramer's V,0.0657951694959769,0.4,False
1144,1145,race,age,Cramer's V,0.6015175490568516,0.4,True
1144,1145,gender,age,Cramer's V,0.4175873468345695,0.4,True
1145,1146,race,gender,Cramer's V,0.1845419398244734,0.4,False
1145,1146,race,age,Cramer's V,0.5155004759849798,0.4,True
1145,1146,gender,age,Cramer's V,0.33417996565794794,0.4,False
1146,1147,race,gender,Cramer's V,0.0973039319074496,0.4,False
1146,1147,race,age,Cramer's V,0.39902478522114293,0.4,False
1146,1147,gender,age,Cramer's V,0.4791079725476199,0.4,True
1147,1148,race,gender,Cramer's V,0.20385887657505022,0.4,False
1147,1148,race,age,Cramer's V,0.5504818825631803,0.4,True
1147,1148,gender,age,Cramer's V,0.4386843053001178,0.4,True
1148,1149,race,gender,Cramer's V,0.1918053639991929,0.4,False
1148,1149,race,age,Cramer's V,0.4237493269180401,0.4,True
1148,1149,gender,age,Cramer's V,0.4281093224554262,0.4,True
1149,1150,race,gender,Cramer's V,0.37881088877817126,0.4,False
1149,1150,race,age,Cramer's V,0.40968225445209194,0.4,True
1149,1150,gender,age,Cramer's V,0.3451822970866636,0.4,False
1150,1151,race,gender,Cramer's V,0.2431215491878831,0.4,False
1150,1151,race,age,Cramer's V,0.33112563611545415,0.4,False
1150,1151,gender,age,Cramer's V,0.4936788641026451,0.4,True
1151,1152,race,gender,Cramer's V,0.09759000729485331,0.4,False
1151,1152,race,age,Cramer's V,0.4625924443258073,0.4,True
1151,1152,gender,age,Cramer's V,0.5255382728122436,0.4,True
1152,1153,race,gender,Cramer's V,0.3507135583350037,0.4,False
1152,1153,race,age,Cramer's V,0.26088980827830754,0.4,False
1152,1153,gender,age,Cramer's V,0.20528725518857022,0.4,False
1153,1154,race,gender,Cramer's V,0.27156951228000537,0.4,False
1153,1154,race,age,Cramer's V,0.559410238389337,0.4,True
1153,1154,gender,age,Cramer's V,0.3446012188022555,0.4,False
1154,1155,race,gender,Cramer's V,0.4049952641959706,0.4,True
1154,1155,race,age,Cramer's V,0.3522991150183446,0.4,False
1154,1155,gender,age,Cramer's V,0.5060480768510598,0.4,True
1155,1156,race,gender,Cramer's V,0.04385290096535146,0.4,False
1155,1156,race,age,Cramer's V,0.19814848097530424,0.4,False
1155,1156,gender,age,Cramer's V,0.4030211353055303,0.4,True
1156,1157,race,gender,Cramer's V,0.2547213048486771,0.4,False
1156,1157,race,age,Cramer's V,0.5348935511960404,0.4,True
1156,1157,gender,age,Cramer's V,0.5268699775505785,0.4,True
1157,1158,race,gender,Cramer's V,0.025863030005593562,0.4,False
1157,1158,race,age,Cramer's V,0.41067922948086233,0.4,True
1157,1158,gender,age,Cramer's V,0.3858548024470197,0.4,False
1158,1159,race,gender,Cramer's V,0.4913036844405175,0.4,True
1158,1159,race,age,Cramer's V,0.48012876093330553,0.4,True
1158,1159,gender,age,Cramer's V,0.36175156880221565,0.4,False
1159,1160,race,gender,Cramer's V,0.27125549847799485,0.4,False
1159,1160,race,age,Cramer's V,0.46489789255819447,0.4,True
1159,1160,gender,age,Cramer's V,0.4838000620090907,0.4,True
1160,1161,race,gender,Cramer's V,0.25207855771145027,0.4,False
1160,1161,race,age,Cramer's V,0.31932734716670613,0.4,False
1160,1161,gender,age,Cramer's V,0.3864863932455319,0.4,False
1161,1162,race,gender,Cramer's V,0.049629166698546515,0.4,False
1161,1162,race,age,Cramer's V,0.23323445510592414,0.4,False
1161,1162,gender,age,Cramer's V,0.3484660262185848,0.4,False
1162,1163,race,gender,Cramer's V,0.23570226039551584,0.4,False
1162,1163,race,age,Cramer's V,0.4911773040694387,0.4,True
1162,1163,gender,age,Cramer's V,0.3158282361466035,0.4,False
1163,1164,race,gender,Cramer's V,0.2700308624336608,0.4,False
1163,1164,race,age,Cramer's V,0.7410083428663478,0.4,True
1163,1164,gender,age,Cramer's V,0.32589163404858545,0.4,False
1164,1165,race,gender,Cramer's V,0.39993894527935125,0.4,False
1164,1165,race,age,Cramer's V,0.7453125555703497,0.4,True
1164,1165,gender,age,Cramer's V,0.3132213381604696,0.4,False
1165,1166,race,gender,Cramer's V,0.18844830351841854,0.4,False
1165,1166,race,age,Cramer's V,0.42424149126632743,0.4,True
1165,1166,gender,age,Cramer's V,0.3179829752388388,0.4,False
1166,1167,race,gender,Cramer's V,0.1918053639991929,0.4,False
1166,1167,race,age,Cramer's V,0.46056618647183833,0.4,True
1166,1167,gender,age,Cramer's V,0.5742524586692036,0.4,True
1167,1168,race,gender,Cramer's V,0.0181818181818182,0.4,False
1167,1168,race,age,Cramer's V,0.48276065626733644,0.4,True
1167,1168,gender,age,Cramer's V,0.20674574155927025,0.4,False
1168,1169,race,gender,Cramer's V,0.26726124191242434,0.4,False
1168,1169,race,age,Cramer's V,0.34677749296866084,0.4,False
1168,1169,gender,age,Cramer's V,0.38243758105259545,0.4,False
1169,1170,race,gender,Cramer's V,0.1587339766756762,0.4,False
1169,1170,race,age,Cramer's V,0.4818690716344038,0.4,True
1169,1170,gender,age,Cramer's V,0.4014568780637775,0.4,True
1170,1171,race,gender,Cramer's V,0.2432388831272105,0.4,False
1170,1171,race,age,Cramer's V,0.4804896243896857,0.4,True
1170,1171,gender,age,Cramer's V,0.3389288175350622,0.4,False
1171,1172,race,gender,Cramer's V,0.3162277660168379,0.4,False
1171,1172,race,age,Cramer's V,0.5221749387577564,0.4,True
1171,1172,gender,age,Cramer's V,0.42314018840996304,0.4,True
1172,1173,race,gender,Cramer's V,0.02348715597766028,0.4,False
1172,1173,race,age,Cramer's V,0.6096198517407087,0.4,True
1172,1173,gender,age,Cramer's V,0.5798473162969009,0.4,True
1173,1174,race,gender,Cramer's V,0.2038588765750502,0.4,False
1173,1174,race,age,Cramer's V,0.37984959429452375,0.4,False
1173,1174,gender,age,Cramer's V,0.34161028691501605,0.4,False
1174,1175,race,gender,Cramer's V,0.30618621784789724,0.4,False
1174,1175,race,age,Cramer's V,0.47902342092717254,0.4,True
1174,1175,gender,age,Cramer's V,0.39528470752104744,0.4,False
1175,1176,race,gender,Cramer's V,0.23035022137995856,0.4,False
1175,1176,race,age,Cramer's V,0.4690069641993949,0.4,True
1175,1176,gender,age,Cramer's V,0.48750624371626017,0.4,True
1176,1177,race,gender,Cramer's V,0.19217652869645183,0.4,False
1176,1177,race,age,Cramer's V,0.3566645426161619,0.4,False
1176,1177,gender,age,Cramer's V,0.3968626966596886,0.4,False
1177,1178,race,gender,Cramer's V,0.20761369963434992,0.4,False
1177,1178,race,age,Cramer's V,0.385201707261153,0.4,False
1177,1178,gender,age,Cramer's V,0.2760752297246757,0.4,False
1178,1179,race,gender,Cramer's V,0.195562692008563,0.4,False
1178,1179,race,age,Cramer's V,0.45874487452546175,0.4,True
1178,1179,gender,age,Cramer's V,0.42382735828357004,0.4,True
1179,1180,race,gender,Cramer's V,0.19738550848793068,0.4,False
1179,1180,race,age,Cramer's V,0.4036867138796656,0.4,True
1179,1180,gender,age,Cramer's V,0.3066558011866346,0.4,False
1180,1181,race,gender,Cramer's V,0.1044465935734187,0.4,False
1180,1181,race,age,Cramer's V,0.6106058517348483,0.4,True
1180,1181,gender,age,Cramer's V,0.388001874409718,0.4,False
1181,1182,race,gender,Cramer's V,0.13298853489388904,0.4,False
1181,1182,race,age,Cramer's V,0.41889734777745724,0.4,True
1181,1182,gender,age,Cramer's V,0.35088015492028485,0.4,False
1182,1183,race,gender,Cramer's V,0.25613139797385676,0.4,False
1182,1183,race,age,Cramer's V,0.4953732447807932,0.4,True
1182,1183,gender,age,Cramer's V,0.4970267328047151,0.4,True
1183,1184,race,gender,Cramer's V,0.2147703133712801,0.4,False
1183,1184,race,age,Cramer's V,0.26960417875777554,0.4,False
1183,1184,gender,age,Cramer's V,0.49321064795555986,0.4,True
1184,1185,race,gender,Cramer's V,0.013483997249264794,0.4,False
1184,1185,race,age,Cramer's V,0.15886254481909529,0.4,False
1184,1185,gender,age,Cramer's V,0.40288126251826567,0.4,True
1185,1186,race,gender,Cramer's V,0.2192645048267573,0.4,False
1185,1186,race,age,Cramer's V,0.6918326955503611,0.4,True
1185,1186,gender,age,Cramer's V,0.3968217893053914,0.4,False
1186,1187,race,gender,Cramer's V,0.195562692008563,0.4,False
1186,1187,race,age,Cramer's V,0.457041437953323,0.4,True
1186,1187,gender,age,Cramer's V,0.37184890068181137,0.4,False
1187,1188,race,gender,Cramer's V,0.2933736720551256,0.4,False
1187,1188,race,age,Cramer's V,0.4528981764610653,0.4,True
1187,1188,gender,age,Cramer's V,0.4073375251831231,0.4,True
1188,1189,race,gender,Cramer's V,0.24343224778007383,0.4,False
1188,1189,race,age,Cramer's V,0.34312021432944095,0.4,False
1188,1189,gender,age,Cramer's V,0.5252865179365694,0.4,True
1189,1190,race,gender,Cramer's V,0.1690308509457033,0.4,False
1189,1190,race,age,Cramer's V,0.4350925827402204,0.4,True
1189,1190,gender,age,Cramer's V,0.22182504188289742,0.4,False
1190,1191,race,gender,Cramer's V,0.1543033499620919,0.4,False
1190,1191,race,age,Cramer's V,0.5487749084207781,0.4,True
1190,1191,gender,age,Cramer's V,0.3634848169060327,0.4,False
1191,1192,race,gender,Cramer's V,0.22483204964917824,0.4,False
1191,1192,race,age,Cramer's V,0.3617515688022157,0.4,False
1191,1192,gender,age,Cramer's V,0.45210132093990213,0.4,True
1192,1193,race,gender,Cramer's V,0.3731486172347934,0.4,False
1192,1193,race,age,Cramer's V,0.3169661377300933,0.4,False
1192,1193,gender,age,Cramer's V,0.1459764558309036,0.4,False
1193,1194,race,gender,Cramer's V,0.20203050891044216,0.4,False
1193,1194,race,age,Cramer's V,0.3292694449033174,0.4,False
1193,1194,gender,age,Cramer's V,0.32450904833144417,0.4,False
1194,1195,race,gender,Cramer's V,0.3753120579719507,0.4,False
1194,1195,race,age,Cramer's V,0.47544775717272003,0.4,True
1194,1195,gender,age,Cramer's V,0.4139833200013403,0.4,True
1195,1196,race,gender,Cramer's V,0.20203050891044216,0.4,False
1195,1196,race,age,Cramer's V,0.8119274539490523,0.4,True
1195,1196,gender,age,Cramer's V,0.3177300441449957,0.4,False
1196,1197,race,gender,Cramer's V,0.04517539514526255,0.4,False
1196,1197,race,age,Cramer's V,0.30109689579824744,0.4,False
1196,1197,gender,age,Cramer's V,0.3469736595056178,0.4,False
1197,1198,race,gender,Cramer's V,0.22324363037584224,0.4,False
1197,1198,race,age,Cramer's V,0.4581612850446157,0.4,True
1197,1198,gender,age,Cramer's V,0.55950945369126,0.4,True
1198,1199,race,gender,Cramer's V,0.28674417556808757,0.4,False
1198,1199,race,age,Cramer's V,0.3388706734630976,0.4,False
1198,1199,gender,age,Cramer's V,0.1995364999563108,0.4,False
1199,1200,race,gender,Cramer's V,0.22677868380553634,0.4,False
1199,1200,race,age,Cramer's V,0.43432287947604564,0.4,True
1199,1200,gender,age,Cramer's V,0.3813850356982369,0.4,False
1200,1201,race,gender,Cramer's V,0.08032193289024989,0.4,False
1200,1201,race,age,Cramer's V,0.40120785378090973,0.4,True
1200,1201,gender,age,Cramer's V,0.4149966532662911,0.4,True
1201,1202,race,gender,Cramer's V,0.35901417202377706,0.4,False
1201,1202,race,age,Cramer's V,0.4974526937863905,0.4,True
1201,1202,gender,age,Cramer's V,0.5653806338448754,0.4,True
1202,1203,race,gender,Cramer's V,0.275,0.4,False
1202,1203,race,age,Cramer's V,0.5890591996911182,0.4,True
1202,1203,gender,age,Cramer's V,0.3235544776386196,0.4,False
1203,1204,race,gender,Cramer's V,0.0657951694959769,0.4,False
1203,1204,race,age,Cramer's V,0.47028078970336556,0.4,True
1203,1204,gender,age,Cramer's V,0.4063503336925199,0.4,True
1204,1205,race,gender,Cramer's V,0.4525062483125562,0.4,True
1204,1205,race,age,Cramer's V,0.40006613209931935,0.4,True
1204,1205,gender,age,Cramer's V,0.5150787536377127,0.4,True
1205,1206,race,gender,Cramer's V,0.3207501495497921,0.4,False
1205,1206,race,age,Cramer's V,0.41803347249590445,0.4,True
1205,1206,gender,age,Cramer's V,0.4205518717873895,0.4,True
1206,1207,race,gender,Cramer's V,0.029880715233359854,0.4,False
1206,1207,race,age,Cramer's V,0.6145594320653116,0.4,True
1206,1207,gender,age,Cramer's V,0.40572706102988504,0.4,True
1207,1208,race,gender,Cramer's V,0.3203736821083831,0.4,False
1207,1208,race,age,Cramer's V,0.3454776963997494,0.4,False
1207,1208,gender,age,Cramer's V,0.35125008665710444,0.4,False
1208,1209,race,gender,Cramer's V,0.22901430620717222,0.4,False
1208,1209,race,age,Cramer's V,0.3687480657239248,0.4,False
1208,1209,gender,age,Cramer's V,0.4580385263462818,0.4,True
1209,1210,race,gender,Cramer's V,0.4340573661412156,0.4,True
1209,1210,race,age,Cramer's V,0.392177364237173,0.4,False
1209,1210,gender,age,Cramer's V,0.5447047794019222,0.4,True
1210,1211,race,gender,Cramer's V,0.12903269941763887,0.4,False
1210,1211,race,age,Cramer's V,0.5002337116126483,0.4,True
1210,1211,gender,age,Cramer's V,0.5023594592302107,0.4,True
1211,1212,race,gender,Cramer's V,0.531609533071195,0.4,True
1211,1212,race,age,Cramer's V,0.4898220036279457,0.4,True
1211,1212,gender,age,Cramer's V,0.5400359210150951,0.4,True
1212,1213,race,gender,Cramer's V,0.21913384820483456,0.4,False
1212,1213,race,age,Cramer's V,0.6080377512550403,0.4,True
1212,1213,gender,age,Cramer's V,0.5478436680776811,0.4,True
1213,1214,race,gender,Cramer's V,0.04517539514526255,0.4,False
1213,1214,race,age,Cramer's V,0.36509014821894414,0.4,False
1213,1214,gender,age,Cramer's V,0.42857142857142855,0.4,True
1214,1215,race,gender,Cramer's V,0.26791364393616096,0.4,False
1214,1215,race,age,Cramer's V,0.3461479106803565,0.4,False
1214,1215,gender,age,Cramer's V,0.4944508118621817,0.4,True
1215,1216,race,gender,Cramer's V,0.13608276348795434,0.4,False
1215,1216,race,age,Cramer's V,0.5056994387959997,0.4,True
1215,1216,gender,age,Cramer's V,0.3392334963994049,0.4,False
1216,1217,race,gender,Cramer's V,0.10409569305544539,0.4,False
1216,1217,race,age,Cramer's V,0.5261042808091513,0.4,True
1216,1217,gender,age,Cramer's V,0.5417141532162336,0.4,True
1217,1218,race,gender,Cramer's V,0.1383496476323666,0.4,False
1217,1218,race,age,Cramer's V,0.4592793267718459,0.4,True
1217,1218,gender,age,Cramer's V,0.20766559657295183,0.4,False
1218,1219,race,gender,Cramer's V,0.17743021580745902,0.4,False
1218,1219,race,age,Cramer's V,0.26109633527933,0.4,False
1218,1219,gender,age,Cramer's V,0.4714045207910317,0.4,True
1219,1220,race,gender,Cramer's V,0.12572371141874245,0.4,False
1219,1220,race,age,Cramer's V,0.5899308715262522,0.4,True
1219,1220,gender,age,Cramer's V,0.5060269871146317,0.4,True
1220,1221,race,gender,Cramer's V,0.26157418189029846,0.4,False
1220,1221,race,age,Cramer's V,0.3708666708428887,0.4,False
1220,1221,gender,age,Cramer's V,0.46516287766137543,0.4,True
1221,1222,race,gender,Cramer's V,0.07559289460184544,0.4,False
1221,1222,race,age,Cramer's V,0.5033222956847166,0.4,True
1221,1222,gender,age,Cramer's V,0.4969749762152285,0.4,True
1222,1223,race,gender,Cramer's V,0.31440511241492825,0.4,False
1222,1223,race,age,Cramer's V,0.4805857297903891,0.4,True
1222,1223,gender,age,Cramer's V,0.37361990944634343,0.4,False
1223,1224,race,gender,Cramer's V,0.1845419398244734,0.4,False
1223,1224,race,age,Cramer's V,0.31557874942706,0.4,False
1223,1224,gender,age,Cramer's V,0.36764307826239606,0.4,False
1224,1225,race,gender,Cramer's V,0.10398003774894435,0.4,False
1224,1225,race,age,Cramer's V,0.23638135197361196,0.4,False
1224,1225,gender,age,Cramer's V,0.37833244110514613,0.4,False
1225,1226,race,gender,Cramer's V,0.22160131510697959,0.4,False
1225,1226,race,age,Cramer's V,0.5267161582470039,0.4,True
1225,1226,gender,age,Cramer's V,0.4567584118034902,0.4,True
1226,1227,race,gender,Cramer's V,0.311790991356424,0.4,False
1226,1227,race,age,Cramer's V,0.3629633924274241,0.4,False
1226,1227,gender,age,Cramer's V,0.5148512118417594,0.4,True
1227,1228,race,gender,Cramer's V,0.23857559364750236,0.4,False
1227,1228,race,age,Cramer's V,0.4053327243384346,0.4,True
1227,1228,gender,age,Cramer's V,0.27136687769275186,0.4,False
1228,1229,race,gender,Cramer's V,0.228164528485591,0.4,False
1228,1229,race,age,Cramer's V,0.3161356116316619,0.4,False
1228,1229,gender,age,Cramer's V,0.3600411499115478,0.4,False
1229,1230,race,gender,Cramer's V,0.1732800450887927,0.4,False
1229,1230,race,age,Cramer's V,0.4460504892509804,0.4,True
1229,1230,gender,age,Cramer's V,0.41239304942116123,0.4,True
1230,1231,race,gender,Cramer's V,0.19039432764659772,0.4,False
1230,1231,race,age,Cramer's V,0.383695481107378,0.4,False
1230,1231,gender,age,Cramer's V,0.46213788913205184,0.4,True
1231,1232,race,gender,Cramer's V,0.18898223650461363,0.4,False
1231,1232,race,age,Cramer's V,0.23002941949799913,0.4,False
1231,1232,gender,age,Cramer's V,0.21254514484337494,0.4,False
1232,1233,race,gender,Cramer's V,0.3987667214617249,0.4,False
1232,1233,race,age,Cramer's V,0.6084941671989564,0.4,True
1232,1233,gender,age,Cramer's V,0.45829405932878237,0.4,True
1233,1234,race,gender,Cramer's V,0.22756474745819988,0.4,False
1233,1234,race,age,Cramer's V,0.24891539618688607,0.4,False
1233,1234,gender,age,Cramer's V,0.34902461491731757,0.4,False
1234,1235,race,gender,Cramer's V,0.26519741765271837,0.4,False
1234,1235,race,age,Cramer's V,0.60430006737429,0.4,True
1234,1235,gender,age,Cramer's V,0.398555082574735,0.4,False
1235,1236,race,gender,Cramer's V,0.23636105272624253,0.4,False
1235,1236,race,age,Cramer's V,0.30990857440800235,0.4,False
1235,1236,gender,age,Cramer's V,0.5471522862746937,0.4,True
1236,1237,race,gender,Cramer's V,0.14799403939125097,0.4,False
1236,1237,race,age,Cramer's V,0.4277496225831017,0.4,True
1236,1237,gender,age,Cramer's V,0.5692196316106719,0.4,True
1237,1238,race,gender,Cramer's V,0.21394579464982444,0.4,False
1237,1238,race,age,Cramer's V,0.503776943489089,0.4,True
1237,1238,gender,age,Cramer's V,0.3323884588427685,0.4,False
1238,1239,race,gender,Cramer's V,0.22566773346211,0.4,False
1238,1239,race,age,Cramer's V,0.30578503779260147,0.4,False
1238,1239,gender,age,Cramer's V,0.2772433531464314,0.4,False
1239,1240,race,gender,Cramer's V,0.18491997082459063,0.4,False
1239,1240,race,age,Cramer's V,0.3947153592435582,0.4,False
1239,1240,gender,age,Cramer's V,0.4198734039742012,0.4,True
1240,1241,race,gender,Cramer's V,0.1815682598006407,0.4,False
1240,1241,race,age,Cramer's V,0.44198130797294655,0.4,True
1240,1241,gender,age,Cramer's V,0.27479120088101916,0.4,False
1241,1242,race,gender,Cramer's V,0.22677868380553634,0.4,False
1241,1242,race,age,Cramer's V,0.3006726465843549,0.4,False
1241,1242,gender,age,Cramer's V,0.37296828163442947,0.4,False
1242,1243,race,gender,Cramer's V,0.11952286093343935,0.4,False
1242,1243,race,age,Cramer's V,0.45069390943299864,0.4,True
1242,1243,gender,age,Cramer's V,0.34272484219898247,0.4,False
1243,1244,race,gender,Cramer's V,0.20951397064659888,0.4,False
1243,1244,race,age,Cramer's V,0.5033975475795357,0.4,True
1243,1244,gender,age,Cramer's V,0.3799086449561219,0.4,False
1244,1245,race,gender,Cramer's V,0.19972151297700907,0.4,False
1244,1245,race,age,Cramer's V,0.4454418822006643,0.4,True
1244,1245,gender,age,Cramer's V,0.3436040663720248,0.4,False
1245,1246,race,gender,Cramer's V,0.15811388300841897,0.4,False
1245,1246,race,age,Cramer's V,0.2953129349873464,0.4,False
1245,1246,gender,age,Cramer's V,0.3715315791231134,0.4,False
1246,1247,race,gender,Cramer's V,0.39957363640396865,0.4,False
1246,1247,race,age,Cramer's V,0.4158406314153666,0.4,True
1246,1247,gender,age,Cramer's V,0.4003346814140103,0.4,True
1247,1248,race,gender,Cramer's V,0.16206389232173551,0.4,False
1247,1248,race,age,Cramer's V,0.32834259213336575,0.4,False
1247,1248,gender,age,Cramer's V,0.2730094531159741,0.4,False
1248,1249,race,gender,Cramer's V,0.23874672772626646,0.4,False
1248,1249,race,age,Cramer's V,0.5061595903113933,0.4,True
1248,1249,gender,age,Cramer's V,0.4272001872658766,0.4,True
1249,1250,race,gender,Cramer's V,0.230622664078822,0.4,False
1249,1250,race,age,Cramer's V,0.2502745744924215,0.4,False
1249,1250,gender,age,Cramer's V,0.18928197061287422,0.4,False
1250,1251,race,gender,Cramer's V,0.10398003774894435,0.4,False
1250,1251,race,age,Cramer's V,0.5517549252493772,0.4,True
1250,1251,gender,age,Cramer's V,0.38687895351818335,0.4,False
1251,1252,race,gender,Cramer's V,0.25087260300212727,0.4,False
1251,1252,race,age,Cramer's V,0.3840897405228742,0.4,False
1251,1252,gender,age,Cramer's V,0.47193990372426947,0.4,True
1252,1253,race,gender,Cramer's V,0.3509312031717982,0.4,False
1252,1253,race,age,Cramer's V,0.5205150916074701,0.4,True
1252,1253,gender,age,Cramer's V,0.4285346839039309,0.4,True
1253,1254,race,gender,Cramer's V,0.21995670569671746,0.4,False
1253,1254,race,age,Cramer's V,0.4088420058094394,0.4,True
1253,1254,gender,age,Cramer's V,0.6430158534243942,0.4,True
1254,1255,race,gender,Cramer's V,0.04438655265790943,0.4,False
1254,1255,race,age,Cramer's V,0.287171608045664,0.4,False
1254,1255,gender,age,Cramer's V,0.41414614312314574,0.4,True
1255,1256,race,gender,Cramer's V,0.11950495443965362,0.4,False
1255,1256,race,age,Cramer's V,0.3647874035705191,0.4,False
1255,1256,gender,age,Cramer's V,0.2523660701205217,0.4,False
1256,1257,race,gender,Cramer's V,0.17178617380478997,0.4,False
1256,1257,race,age,Cramer's V,0.4017855447021756,0.4,True
1256,1257,gender,age,Cramer's V,0.4805300104146367,0.4,True
1257,1258,race,gender,Cramer's V,0.3553714506680664,0.4,False
1257,1258,race,age,Cramer's V,0.47340502620967145,0.4,True
1257,1258,gender,age,Cramer's V,0.16317287457449545,0.4,False
1258,1259,race,gender,Cramer's V,0.08011379070857726,0.4,False
1258,1259,race,age,Cramer's V,0.42443230785029995,0.4,True
1258,1259,gender,age,Cramer's V,0.5007600901664638,0.4,True
1259,1260,race,gender,Cramer's V,0.1604014393864121,0.4,False
1259,1260,race,age,Cramer's V,0.2510861116390721,0.4,False
1259,1260,gender,age,Cramer's V,0.6995233792115945,0.4,True
1260,1261,race,gender,Cramer's V,0.18091125179516793,0.4,False
1260,1261,race,age,Cramer's V,0.4156372565162187,0.4,True
1260,1261,gender,age,Cramer's V,0.3376213544840712,0.4,False
1261,1262,race,gender,Cramer's V,0.07018624063435965,0.4,False
1261,1262,race,age,Cramer's V,0.30811222902063123,0.4,False
1261,1262,gender,age,Cramer's V,0.5865557254410011,0.4,True
1262,1263,race,gender,Cramer's V,0.43126856928104756,0.4,True
1262,1263,race,age,Cramer's V,0.629520687742902,0.4,True
1262,1263,gender,age,Cramer's V,0.2927700218845599,0.4,False
1263,1264,race,gender,Cramer's V,0.07099522928088309,0.4,False
1263,1264,race,age,Cramer's V,0.7310938434190953,0.4,True
1263,1264,gender,age,Cramer's V,0.40311288741492746,0.4,True
1264,1265,race,gender,Cramer's V,0.3331747811323791,0.4,False
1264,1265,race,age,Cramer's V,0.2675032168301771,0.4,False
1264,1265,gender,age,Cramer's V,0.3657184709581948,0.4,False
1265,1266,race,gender,Cramer's V,0.17178617380478997,0.4,False
1265,1266,race,age,Cramer's V,0.28968272975116055,0.4,False
1265,1266,gender,age,Cramer's V,0.46639110321384214,0.4,True
1266,1267,race,gender,Cramer's V,0.20184335693983274,0.4,False
1266,1267,race,age,Cramer's V,0.5429116746025573,0.4,True
1266,1267,gender,age,Cramer's V,0.5773502691896257,0.4,True
1267,1268,race,gender,Cramer's V,0.1815682598006407,0.4,False
1267,1268,race,age,Cramer's V,0.2549370069112711,0.4,False
1267,1268,gender,age,Cramer's V,0.45565233195831184,0.4,True
1268,1269,race,gender,Cramer's V,0.1545611669337966,0.4,False
1268,1269,race,age,Cramer's V,0.4039638760914312,0.4,True
1268,1269,gender,age,Cramer's V,0.5517705439884182,0.4,True
1269,1270,race,gender,Cramer's V,0.3048066483971321,0.4,False
1269,1270,race,age,Cramer's V,0.27151049467368427,0.4,False
1269,1270,gender,age,Cramer's V,0.4468504500113261,0.4,True
1270,1271,race,gender,Cramer's V,0.07559289460184544,0.4,False
1270,1271,race,age,Cramer's V,0.4546060565661952,0.4,True
1270,1271,gender,age,Cramer's V,0.47409060817728166,0.4,True
1271,1272,race,gender,Cramer's V,0.1781741612749496,0.4,False
1271,1272,race,age,Cramer's V,0.47674818531332286,0.4,True
1271,1272,gender,age,Cramer's V,0.5065705840391411,0.4,True
1272,1273,race,gender,Cramer's V,0.16323531488338658,0.4,False
1272,1273,race,age,Cramer's V,0.4109279129977851,0.4,True
1272,1273,gender,age,Cramer's V,0.5177731682921968,0.4,True
1273,1274,race,gender,Cramer's V,0.1305000397701628,0.4,False
1273,1274,race,age,Cramer's V,0.3366013853370741,0.4,False
1273,1274,gender,age,Cramer's V,0.5477225575051662,0.4,True
1274,1275,race,gender,Cramer's V,0.05096471914376257,0.4,False
1274,1275,race,age,Cramer's V,0.2600366274566866,0.4,False
1274,1275,gender,age,Cramer's V,0.47223465127276365,0.4,True
1275,1276,race,gender,Cramer's V,0.34206214672741014,0.4,False
1275,1276,race,age,Cramer's V,0.3810007759602085,0.4,False
1275,1276,gender,age,Cramer's V,0.6217028344620856,0.4,True
1276,1277,race,gender,Cramer's V,0.21483446221182986,0.4,False
1276,1277,race,age,Cramer's V,0.38385787226116136,0.4,False
1276,1277,gender,age,Cramer's V,0.2581988897471611,0.4,False
1277,1278,race,gender,Cramer's V,0.1695533586864026,0.4,False
1277,1278,race,age,Cramer's V,0.7136902279677078,0.4,True
1277,1278,gender,age,Cramer's V,0.47138367094822126,0.4,True
1278,1279,race,gender,Cramer's V,0.25819888974716115,0.4,False
1278,1279,race,age,Cramer's V,0.2981423969999719,0.4,False
1278,1279,gender,age,Cramer's V,0.2627974505203579,0.4,False
1279,1280,race,gender,Cramer's V,0.09759000729485331,0.4,False
1279,1280,race,age,Cramer's V,0.403779376962231,0.4,True
1279,1280,gender,age,Cramer's V,0.2906925601080366,0.4,False
1280,1281,race,gender,Cramer's V,0.11359236684941296,0.4,False
1280,1281,race,age,Cramer's V,0.44339400139064605,0.4,True
1280,1281,gender,age,Cramer's V,0.36618425565677876,0.4,False
1281,1282,race,gender,Cramer's V,0.2658047665355975,0.4,False
1281,1282,race,age,Cramer's V,0.4335044825185045,0.4,True
1281,1282,gender,age,Cramer's V,0.3712862115631675,0.4,False
1282,1283,race,gender,Cramer's V,0.3143398221821788,0.4,False
1282,1283,race,age,Cramer's V,0.3244183879382851,0.4,False
1282,1283,gender,age,Cramer's V,0.3186510027262766,0.4,False
1283,1284,race,gender,Cramer's V,0.3194382824999699,0.4,False
1283,1284,race,age,Cramer's V,0.4022153787268131,0.4,True
1283,1284,gender,age,Cramer's V,0.6250986316732168,0.4,True
1284,1285,race,gender,Cramer's V,0.3144854510165755,0.4,False
1284,1285,race,age,Cramer's V,0.45232070159790067,0.4,True
1284,1285,gender,age,Cramer's V,0.46143815410954825,0.4,True
1285,1286,race,gender,Cramer's V,0.4089304100547653,0.4,True
1285,1286,race,age,Cramer's V,0.3838247367893692,0.4,False
1285,1286,gender,age,Cramer's V,0.19913813340928782,0.4,False
1286,1287,race,gender,Cramer's V,0.35901417202377706,0.4,False
1286,1287,race,age,Cramer's V,0.4523207015979006,0.4,True
1286,1287,gender,age,Cramer's V,0.43392892779955444,0.4,True
1287,1288,race,gender,Cramer's V,0.2854496128592251,0.4,False
1287,1288,race,age,Cramer's V,0.45938191739743744,0.4,True
1287,1288,gender,age,Cramer's V,0.3912062474479773,0.4,False
1288,1289,race,gender,Cramer's V,0.27255405754769874,0.4,False
1288,1289,race,age,Cramer's V,0.38680147959306543,0.4,False
1288,1289,gender,age,Cramer's V,0.37543625417956233,0.4,False
1289,1290,race,gender,Cramer's V,0.31053591250335616,0.4,False
1289,1290,race,age,Cramer's V,0.33746082911018394,0.4,False
1289,1290,gender,age,Cramer's V,0.4638955950723308,0.4,True
1290,1291,race,gender,Cramer's V,0.25,0.4,False
1290,1291,race,age,Cramer's V,0.38280626674609486,0.4,False
1290,1291,gender,age,Cramer's V,0.44710266567176005,0.4,True
1291,1292,race,gender,Cramer's V,0.33974780562730855,0.4,False
1291,1292,race,age,Cramer's V,0.49176167546337474,0.4,True
1291,1292,gender,age,Cramer's V,0.4646834792961075,0.4,True
1292,1293,race,gender,Cramer's V,0.2432388831272105,0.4,False
1292,1293,race,age,Cramer's V,0.28657869603985003,0.4,False
1292,1293,gender,age,Cramer's V,0.3723052967220197,0.4,False
1293,1294,race,gender,Cramer's V,0.22677868380553634,0.4,False
1293,1294,race,age,Cramer's V,0.30131984799155,0.4,False
1293,1294,gender,age,Cramer's V,0.5231164245660747,0.4,True
1294,1295,race,gender,Cramer's V,0.17025130615174972,0.4,False
1294,1295,race,age,Cramer's V,0.7557315882602527,0.4,True
1294,1295,gender,age,Cramer's V,0.44617717789469474,0.4,True
1295,1296,race,gender,Cramer's V,0.2404423007708918,0.4,False
1295,1296,race,age,Cramer's V,0.3531558168415621,0.4,False
1295,1296,gender,age,Cramer's V,0.2555869232270605,0.4,False
1296,1297,race,gender,Cramer's V,0.31622776601683794,0.4,False
1296,1297,race,age,Cramer's V,0.6478879630120902,0.4,True
1296,1297,gender,age,Cramer's V,0.5186681960445677,0.4,True
1297,1298,race,gender,Cramer's V,0.16972502573910517,0.4,False
1297,1298,race,age,Cramer's V,0.5392038026022635,0.4,True
1297,1298,gender,age,Cramer's V,0.37605071654517747,0.4,False
1298,1299,race,gender,Cramer's V,0.21906075892106103,0.4,False
1298,1299,race,age,Cramer's V,0.45133546692422005,0.4,True
1298,1299,gender,age,Cramer's V,0.31377063658650556,0.4,False
1299,1300,race,gender,Cramer's V,0.1604014393864121,0.4,False
1299,1300,race,age,Cramer's V,0.28059870310446566,0.4,False
1299,1300,gender,age,Cramer's V,0.3926007365579752,0.4,False
1300,1301,race,gender,Cramer's V,0.18800220101426177,0.4,False
1300,1301,race,age,Cramer's V,0.3271700320705695,0.4,False
1300,1301,gender,age,Cramer's V,0.4850441806092072,0.4,True
1301,1302,race,gender,Cramer's V,0.23235638311029344,0.4,False
1301,1302,race,age,Cramer's V,0.4755948656056709,0.4,True
1301,1302,gender,age,Cramer's V,0.5034994594690432,0.4,True
1302,1303,race,gender,Cramer's V,0.043778488965731305,0.4,False
1302,1303,race,age,Cramer's V,0.44425071363481883,0.4,True
1302,1303,gender,age,Cramer's V,0.4069280608473662,0.4,True
1303,1304,race,gender,Cramer's V,0.014135069854804365,0.4,False
1303,1304,race,age,Cramer's V,0.6744554172738993,0.4,True
1303,1304,gender,age,Cramer's V,0.3761808865016964,0.4,False
1304,1305,race,gender,Cramer's V,0.14799403939125097,0.4,False
1304,1305,race,age,Cramer's V,0.45917038060358956,0.4,True
1304,1305,gender,age,Cramer's V,0.4183300132670378,0.4,True
1305,1306,race,gender,Cramer's V,0.26441556621107254,0.4,False
1305,1306,race,age,Cramer's V,0.3243553222126082,0.4,False
1305,1306,gender,age,Cramer's V,0.4434668746407916,0.4,True
1306,1307,race,gender,Cramer's V,0.1383496476323666,0.4,False
1306,1307,race,age,Cramer's V,0.5526280188994468,0.4,True
1306,1307,gender,age,Cramer's V,0.29271456776494426,0.4,False
1307,1308,race,gender,Cramer's V,0.4050761500094785,0.4,True
1307,1308,race,age,Cramer's V,0.46679516629109097,0.4,True
1307,1308,gender,age,Cramer's V,0.5448890022452296,0.4,True
1308,1309,race,gender,Cramer's V,0.13762047064079508,0.4,False
1308,1309,race,age,Cramer's V,0.6050042087395696,0.4,True
1308,1309,gender,age,Cramer's V,0.31357653162726323,0.4,False
1309,1310,race,gender,Cramer's V,0.09637388493048533,0.4,False
1309,1310,race,age,Cramer's V,0.642141478968884,0.4,True
1309,1310,gender,age,Cramer's V,0.4387267976856654,0.4,True
1310,1311,race,gender,Cramer's V,0.3652694220204177,0.4,False
1310,1311,race,age,Cramer's V,0.44006902343255583,0.4,True
1310,1311,gender,age,Cramer's V,0.45132726894826963,0.4,True
1311,1312,race,gender,Cramer's V,0.15957118462605635,0.4,False
1311,1312,race,age,Cramer's V,0.5191175441952989,0.4,True
1311,1312,gender,age,Cramer's V,0.5303300858899106,0.4,True
1312,1313,race,gender,Cramer's V,0.2307525801518875,0.4,False
1312,1313,race,age,Cramer's V,0.4633213427705081,0.4,True
1312,1313,gender,age,Cramer's V,0.42922028803241236,0.4,True
1313,1314,race,gender,Cramer's V,0.32128773156099955,0.4,False
1313,1314,race,age,Cramer's V,0.34513710848866136,0.4,False
1313,1314,gender,age,Cramer's V,0.3716116764786032,0.4,False
1314,1315,race,gender,Cramer's V,0.30471681187979444,0.4,False
1314,1315,race,age,Cramer's V,0.5115690555054367,0.4,True
1314,1315,gender,age,Cramer's V,0.3072901634970494,0.4,False
1315,1316,race,gender,Cramer's V,0.12909944487358058,0.4,False
1315,1316,race,age,Cramer's V,0.4057204129667897,0.4,True
1315,1316,gender,age,Cramer's V,0.5188414291201393,0.4,True
1316,1317,race,gender,Cramer's V,0.2753364944666529,0.4,False
1316,1317,race,age,Cramer's V,0.45577992442205356,0.4,True
1316,1317,gender,age,Cramer's V,0.4336994790119514,0.4,True
1317,1318,race,gender,Cramer's V,0.02348715597766028,0.4,False
1317,1318,race,age,Cramer's V,0.4367422599805205,0.4,True
1317,1318,gender,age,Cramer's V,0.4593832059603168,0.4,True
1318,1319,race,gender,Cramer's V,0.35,0.4,False
1318,1319,race,age,Cramer's V,0.4472135954999579,0.4,True
1318,1319,gender,age,Cramer's V,0.49677531569685934,0.4,True
1319,1320,race,gender,Cramer's V,0.3705906924091721,0.4,False
1319,1320,race,age,Cramer's V,0.34060132010792216,0.4,False
1319,1320,gender,age,Cramer's V,0.4273903820860858,0.4,True
1320,1321,race,gender,Cramer's V,0.015694120514358607,0.4,False
1320,1321,race,age,Cramer's V,0.24534865329525285,0.4,False
1320,1321,gender,age,Cramer's V,0.23226961881437663,0.4,False
1321,1322,race,gender,Cramer's V,0.029741626587270094,0.4,False
1321,1322,race,age,Cramer's V,0.45952226745361785,0.4,True
1321,1322,gender,age,Cramer's V,0.3122870791663361,0.4,False
1322,1323,race,gender,Cramer's V,0.1937490637149054,0.4,False
1322,1323,race,age,Cramer's V,0.22648221104358707,0.4,False
1322,1323,gender,age,Cramer's V,0.40130661909949933,0.4,True
1323,1324,race,gender,Cramer's V,0.21567827717318214,0.4,False
1323,1324,race,age,Cramer's V,0.48108148367962983,0.4,True
1323,1324,gender,age,Cramer's V,0.34986082576161254,0.4,False
1324,1325,race,gender,Cramer's V,0.48347298790207477,0.4,True
1324,1325,race,age,Cramer's V,0.46317650798946064,0.4,True
1324,1325,gender,age,Cramer's V,0.3103174051878602,0.4,False
1325,1326,race,gender,Cramer's V,0.04517539514526255,0.4,False
1325,1326,race,age,Cramer's V,0.2643602913380972,0.4,False
1325,1326,gender,age,Cramer's V,0.4141090333309471,0.4,True
1326,1327,race,gender,Cramer's V,0.25946768800100056,0.4,False
1326,1327,race,age,Cramer's V,0.3021844691317191,0.4,False
1326,1327,gender,age,Cramer's V,0.3567299200062484,0.4,False
1327,1328,race,gender,Cramer's V,0.12182898077463455,0.4,False
1327,1328,race,age,Cramer's V,0.30135747299612836,0.4,False
1327,1328,gender,age,Cramer's V,0.42081729826109804,0.4,True
1328,1329,race,gender,Cramer's V,0.3935744233654572,0.4,False
1328,1329,race,age,Cramer's V,0.2979192625027336,0.4,False
1328,1329,gender,age,Cramer's V,0.35702342098433515,0.4,False
1329,1330,race,gender,Cramer's V,0.28617573573616956,0.4,False
1329,1330,race,age,Cramer's V,0.45560004795005604,0.4,True
1329,1330,gender,age,Cramer's V,0.36149940274061065,0.4,False
1330,1331,race,gender,Cramer's V,0.13490941201617274,0.4,False
1330,1331,race,age,Cramer's V,0.37059524250778664,0.4,False
1330,1331,gender,age,Cramer's V,0.411877235523957,0.4,True
1331,1332,race,gender,Cramer's V,0.1336306209562122,0.4,False
1331,1332,race,age,Cramer's V,0.3648518646202636,0.4,False
1331,1332,gender,age,Cramer's V,0.32518448532325384,0.4,False
1332,1333,race,gender,Cramer's V,0.26701366312662034,0.4,False
1332,1333,race,age,Cramer's V,0.4811653164229473,0.4,True
1332,1333,gender,age,Cramer's V,0.38718447357620533,0.4,False
1333,1334,race,gender,Cramer's V,0.12344267996967352,0.4,False
1333,1334,race,age,Cramer's V,0.5123475382979799,0.4,True
1333,1334,gender,age,Cramer's V,0.3703280399090206,0.4,False
1334,1335,race,gender,Cramer's V,0.14846149779161805,0.4,False
1334,1335,race,age,Cramer's V,0.3574601764921203,0.4,False
1334,1335,gender,age,Cramer's V,0.4747597554519816,0.4,True
1335,1336,race,gender,Cramer's V,0.1889822365046136,0.4,False
1335,1336,race,age,Cramer's V,0.32043497223082784,0.4,False
1335,1336,gender,age,Cramer's V,0.3783186487605389,0.4,False
1336,1337,race,gender,Cramer's V,0.2877363511831757,0.4,False
1336,1337,race,age,Cramer's V,0.5577072191458008,0.4,True
1336,1337,gender,age,Cramer's V,0.5286159767387119,0.4,True
1337,1338,race,gender,Cramer's V,0.1244181504483599,0.4,False
1337,1338,race,age,Cramer's V,0.3182745690417336,0.4,False
1337,1338,gender,age,Cramer's V,0.24948179173708662,0.4,False
1338,1339,race,gender,Cramer's V,0.26400183654090303,0.4,False
1338,1339,race,age,Cramer's V,0.48864957698836603,0.4,True
1338,1339,gender,age,Cramer's V,0.26823134035390406,0.4,False
1339,1340,race,gender,Cramer's V,0.24761966016070855,0.4,False
1339,1340,race,age,Cramer's V,0.3611823291595525,0.4,False
1339,1340,gender,age,Cramer's V,0.3086583020815421,0.4,False
1340,1341,race,gender,Cramer's V,0.05471012044321932,0.4,False
1340,1341,race,age,Cramer's V,0.4000248008184509,0.4,True
1340,1341,gender,age,Cramer's V,0.3444048760031115,0.4,False
1341,1342,race,gender,Cramer's V,0.2541125689534713,0.4,False
1341,1342,race,age,Cramer's V,0.36545874008285506,0.4,False
1341,1342,gender,age,Cramer's V,0.32046516390049745,0.4,False
1342,1343,race,gender,Cramer's V,0.19217652869645185,0.4,False
1342,1343,race,age,Cramer's V,0.6494196391922522,0.4,True
1342,1343,gender,age,Cramer's V,0.3455890886324656,0.4,False
1343,1344,race,gender,Cramer's V,0.36182250359033585,0.4,False
1343,1344,race,age,Cramer's V,0.3414889477510656,0.4,False
1343,1344,gender,age,Cramer's V,0.43584423204185857,0.4,True
1344,1345,race,gender,Cramer's V,0.2571722499368198,0.4,False
1344,1345,race,age,Cramer's V,0.5480234353988453,0.4,True
1344,1345,gender,age,Cramer's V,0.5261968423348025,0.4,True
1345,1346,race,gender,Cramer's V,0.15737789507292674,0.4,False
1345,1346,race,age,Cramer's V,0.3828692046101747,0.4,False
1345,1346,gender,age,Cramer's V,0.5221524167590885,0.4,True
1346,1347,race,gender,Cramer's V,0.13919410907075053,0.4,False
1346,1347,race,age,Cramer's V,0.7958224257542215,0.4,True
1346,1347,gender,age,Cramer's V,0.30618621784789724,0.4,False
1347,1348,race,gender,Cramer's V,0.1889822365046136,0.4,False
1347,1348,race,age,Cramer's V,0.7406828681096325,0.4,True
1347,1348,gender,age,Cramer's V,0.38718447357620533,0.4,False
1348,1349,race,gender,Cramer's V,0.30697030675746023,0.4,False
1348,1349,race,age,Cramer's V,0.5114083119567587,0.4,True
1348,1349,gender,age,Cramer's V,0.5439056290693572,0.4,True
1349,1350,race,gender,Cramer's V,0.015228622596829292,0.4,False
1349,1350,race,age,Cramer's V,0.5411627692821661,0.4,True
1349,1350,gender,age,Cramer's V,0.4901629731627434,0.4,True
1350,1351,race,gender,Cramer's V,0.13299276232160898,0.4,False
1350,1351,race,age,Cramer's V,0.48858698934552314,0.4,True
1350,1351,gender,age,Cramer's V,0.45280681709250153,0.4,True
1351,1352,race,gender,Cramer's V,0.3303411558640618,0.4,False
1351,1352,race,age,Cramer's V,0.4485002786696227,0.4,True
1351,1352,gender,age,Cramer's V,0.3294596034155943,0.4,False
1352,1353,race,gender,Cramer's V,0.2855133221810449,0.4,False
1352,1353,race,age,Cramer's V,0.4246875379771301,0.4,True
1352,1353,gender,age,Cramer's V,0.35700890345040015,0.4,False
1353,1354,race,gender,Cramer's V,0.4638442789897436,0.4,True
1353,1354,race,age,Cramer's V,0.40399192530232053,0.4,True
1353,1354,gender,age,Cramer's V,0.4301558015480463,0.4,True
1354,1355,race,gender,Cramer's V,0.37639373108843827,0.4,False
1354,1355,race,age,Cramer's V,0.43334825642463,0.4,True
1354,1355,gender,age,Cramer's V,0.38048426406759295,0.4,False
1355,1356,race,gender,Cramer's V,0.19245008972987526,0.4,False
1355,1356,race,age,Cramer's V,0.45562330119583727,0.4,True
1355,1356,gender,age,Cramer's V,0.4402580612479767,0.4,True
1356,1357,race,gender,Cramer's V,0.25254126352594686,0.4,False
1356,1357,race,age,Cramer's V,0.3504846732352779,0.4,False
1356,1357,gender,age,Cramer's V,0.3562793630286826,0.4,False
1357,1358,race,gender,Cramer's V,0.24615575986736107,0.4,False
1357,1358,race,age,Cramer's V,0.4184485707338554,0.4,True
1357,1358,gender,age,Cramer's V,0.42955805642428513,0.4,True
1358,1359,race,gender,Cramer's V,0.48256888344849513,0.4,True
1358,1359,race,age,Cramer's V,0.3105295017040594,0.4,False
1358,1359,gender,age,Cramer's V,0.5202397049912191,0.4,True
1359,1360,race,gender,Cramer's V,0.17418541062770382,0.4,False
1359,1360,race,age,Cramer's V,0.4983305462575351,0.4,True
1359,1360,gender,age,Cramer's V,0.45461902826215644,0.4,True
1360,1361,race,gender,Cramer's V,0.3026137663344012,0.4,False
1360,1361,race,age,Cramer's V,0.4768352278457325,0.4,True
1360,1361,gender,age,Cramer's V,0.46278014668464784,0.4,True
1361,1362,race,gender,Cramer's V,0.12931515002796792,0.4,False
1361,1362,race,age,Cramer's V,0.41015749007749047,0.4,True
1361,1362,gender,age,Cramer's V,0.3968942977822183,0.4,False
1362,1363,race,gender,Cramer's V,0.3207501495497921,0.4,False
1362,1363,race,age,Cramer's V,0.4555242849388393,0.4,True
1362,1363,gender,age,Cramer's V,0.5603214380693585,0.4,True
1363,1364,race,gender,Cramer's V,0.3126409456585232,0.4,False
1363,1364,race,age,Cramer's V,0.4283264045798884,0.4,True
1363,1364,gender,age,Cramer's V,0.5217515494422823,0.4,True
1364,1365,race,gender,Cramer's V,0.15228622596829314,0.4,False
1364,1365,race,age,Cramer's V,0.329797261611181,0.4,False
1364,1365,gender,age,Cramer's V,0.46227199300149835,0.4,True
1365,1366,race,gender,Cramer's V,0.1898886313281875,0.4,False
1365,1366,race,age,Cramer's V,0.4519939716991772,0.4,True
1365,1366,gender,age,Cramer's V,0.5584023520842178,0.4,True
1366,1367,race,gender,Cramer's V,0.15430334996209188,0.4,False
1366,1367,race,age,Cramer's V,0.2943821999198145,0.4,False
1366,1367,gender,age,Cramer's V,0.21295885499997994,0.4,False
1367,1368,race,gender,Cramer's V,0.18279819735001337,0.4,False
1367,1368,race,age,Cramer's V,0.33832469837800355,0.4,False
1367,1368,gender,age,Cramer's V,0.4920419323166418,0.4,True
1368,1369,race,gender,Cramer's V,0.02488363008967194,0.4,False
1368,1369,race,age,Cramer's V,0.570087712549569,0.4,True
1368,1369,gender,age,Cramer's V,0.35758044841655323,0.4,False
1369,1370,race,gender,Cramer's V,0.25819888974716115,0.4,False
1369,1370,race,age,Cramer's V,0.4867437304595523,0.4,True
1369,1370,gender,age,Cramer's V,0.3741060773936413,0.4,False
1370,1371,race,gender,Cramer's V,0.17529736639968854,0.4,False
1370,1371,race,age,Cramer's V,0.7953132390122448,0.4,True
1370,1371,gender,age,Cramer's V,0.4199277148680302,0.4,True
1371,1372,race,gender,Cramer's V,0.31159811104637414,0.4,False
1371,1372,race,age,Cramer's V,0.40328082590198416,0.4,True
1371,1372,gender,age,Cramer's V,0.5681317232090742,0.4,True
1372,1373,race,gender,Cramer's V,0.24607441172980923,0.4,False
1372,1373,race,age,Cramer's V,0.37216496440286123,0.4,False
1372,1373,gender,age,Cramer's V,0.4608098078517271,0.4,True
1373,1374,race,gender,Cramer's V,0.2690370836538197,0.4,False
1373,1374,race,age,Cramer's V,0.5134748341672375,0.4,True
1373,1374,gender,age,Cramer's V,0.39597021849537,0.4,False
1374,1375,race,gender,Cramer's V,0.3508442744602412,0.4,False
1374,1375,race,age,Cramer's V,0.35759413196862,0.4,False
1374,1375,gender,age,Cramer's V,0.4863460781582782,0.4,True
1375,1376,race,gender,Cramer's V,0.0,0.4,False
1375,1376,race,age,Cramer's V,0.4183300132670378,0.4,True
1375,1376,gender,age,Cramer's V,0.6093408703642784,0.4,True
1376,1377,race,gender,Cramer's V,0.2991461631873744,0.4,False
1376,1377,race,age,Cramer's V,0.6707859633921743,0.4,True
1376,1377,gender,age,Cramer's V,0.27878493605167726,0.4,False
1377,1378,race,gender,Cramer's V,0.14995590180707288,0.4,False
1377,1378,race,age,Cramer's V,0.4862837252796576,0.4,True
1377,1378,gender,age,Cramer's V,0.5998737240857319,0.4,True
1378,1379,race,gender,Cramer's V,0.043051693066150955,0.4,False
1378,1379,race,age,Cramer's V,0.2891404792635726,0.4,False
1378,1379,gender,age,Cramer's V,0.4605412188780873,0.4,True
1379,1380,race,gender,Cramer's V,0.10072787050317254,0.4,False
1379,1380,race,age,Cramer's V,0.48814060474416593,0.4,True
1379,1380,gender,age,Cramer's V,0.26967994498529685,0.4,False
1380,1381,race,gender,Cramer's V,0.20890685056622912,0.4,False
1380,1381,race,age,Cramer's V,0.4532476755963073,0.4,True
1380,1381,gender,age,Cramer's V,0.4568451411509126,0.4,True
1381,1382,race,gender,Cramer's V,0.39634125683431004,0.4,False
1381,1382,race,age,Cramer's V,0.4743655464544067,0.4,True
1381,1382,gender,age,Cramer's V,0.25262995149688994,0.4,False
1382,1383,race,gender,Cramer's V,0.2581988897471611,0.4,False
1382,1383,race,age,Cramer's V,0.3784215400223168,0.4,False
1382,1383,gender,age,Cramer's V,0.37693225131039404,0.4,False
1383,1384,race,gender,Cramer's V,0.21260582868325334,0.4,False
1383,1384,race,age,Cramer's V,0.3756475889861548,0.4,False
1383,1384,gender,age,Cramer's V,0.3057751657875176,0.4,False
1384,1385,race,gender,Cramer's V,0.15678826581363164,0.4,False
1384,1385,race,age,Cramer's V,0.4125991944224991,0.4,True
1384,1385,gender,age,Cramer's V,0.4221632127765021,0.4,True
1385,1386,race,gender,Cramer's V,0.19656134827672417,0.4,False
1385,1386,race,age,Cramer's V,0.332385014673944,0.4,False
1385,1386,gender,age,Cramer's V,0.28598201741668,0.4,False
1386,1387,race,gender,Cramer's V,0.1305000397701628,0.4,False
1386,1387,race,age,Cramer's V,0.47616062005224874,0.4,True
1386,1387,gender,age,Cramer's V,0.37648900424235354,0.4,False
1387,1388,race,gender,Cramer's V,0.3026137663344012,0.4,False
1387,1388,race,age,Cramer's V,0.3487433105048707,0.4,False
1387,1388,gender,age,Cramer's V,0.38769658494150894,0.4,False
1388,1389,race,gender,Cramer's V,0.2891995221924885,0.4,False
1388,1389,race,age,Cramer's V,0.4104875150354758,0.4,True
1388,1389,gender,age,Cramer's V,0.33322509065039063,0.4,False
1389,1390,race,gender,Cramer's V,0.2404423007708918,0.4,False
1389,1390,race,age,Cramer's V,0.44986770542121873,0.4,True
1389,1390,gender,age,Cramer's V,0.42990862816583314,0.4,True
1390,1391,race,gender,Cramer's V,0.48571428571428577,0.4,True
1390,1391,race,age,Cramer's V,0.6287878415331072,0.4,True
1390,1391,gender,age,Cramer's V,0.40974523360569437,0.4,True
1391,1392,race,gender,Cramer's V,0.05976143046671971,0.4,False
1391,1392,race,age,Cramer's V,0.45708705016503304,0.4,True
1391,1392,gender,age,Cramer's V,0.4315669125408017,0.4,True
1392,1393,race,gender,Cramer's V,0.2457016853459051,0.4,False
1392,1393,race,age,Cramer's V,0.2794950524919616,0.4,False
1392,1393,gender,age,Cramer's V,0.21339098923270938,0.4,False
1393,1394,race,gender,Cramer's V,0.26978187126735576,0.4,False
1393,1394,race,age,Cramer's V,0.33770652780888205,0.4,False
1393,1394,gender,age,Cramer's V,0.4680411306712264,0.4,True
1394,1395,race,gender,Cramer's V,0.20761369963434992,0.4,False
1394,1395,race,age,Cramer's V,0.43001097569688157,0.4,True
1394,1395,gender,age,Cramer's V,0.4100997661323622,0.4,True
1395,1396,race,gender,Cramer's V,0.25063586368073526,0.4,False
1395,1396,race,age,Cramer's V,0.5686125640991684,0.4,True
1395,1396,gender,age,Cramer's V,0.6284568268332179,0.4,True
1396,1397,race,gender,Cramer's V,0.39358698439571693,0.4,False
1396,1397,race,age,Cramer's V,0.68406299188799,0.4,True
1396,1397,gender,age,Cramer's V,0.5799861451547171,0.4,True
1397,1398,race,gender,Cramer's V,0.15605591394068366,0.4,False
1397,1398,race,age,Cramer's V,0.2501436368978027,0.4,False
1397,1398,gender,age,Cramer's V,0.1443891072266682,0.4,False
1398,1399,race,gender,Cramer's V,0.11308055883843515,0.4,False
1398,1399,race,age,Cramer's V,0.3713310230184914,0.4,False
1398,1399,gender,age,Cramer's V,0.3689071413643572,0.4,False
1399,1400,race,gender,Cramer's V,0.2901905000440047,0.4,False
1399,1400,race,age,Cramer's V,0.41888299435876236,0.4,True
1399,1400,gender,age,Cramer's V,0.5380275868489703,0.4,True
1400,1401,race,gender,Cramer's V,0.1604014393864121,0.4,False
1400,1401,race,age,Cramer's V,0.4947798103756222,0.4,True
1400,1401,gender,age,Cramer's V,0.41701960579129843,0.4,True
1401,1402,race,gender,Cramer's V,0.09999999999999999,0.4,False
1401,1402,race,age,Cramer's V,0.31622776601683794,0.4,False
1401,1402,gender,age,Cramer's V,0.44017042154147523,0.4,True
1402,1403,race,gender,Cramer's V,0.09999999999999999,0.4,False
1402,1403,race,age,Cramer's V,0.2943920288775949,0.4,False
1402,1403,gender,age,Cramer's V,0.45893899376714553,0.4,True
1403,1404,race,gender,Cramer's V,0.1225343329707974,0.4,False
1403,1404,race,age,Cramer's V,0.7655204147351945,0.4,True
1403,1404,gender,age,Cramer's V,0.637609170688012,0.4,True
1404,1405,race,gender,Cramer's V,0.18090680674665818,0.4,False
1404,1405,race,age,Cramer's V,0.42822496818450856,0.4,True
1404,1405,gender,age,Cramer's V,0.5998236072282915,0.4,True
1405,1406,race,gender,Cramer's V,0.2812520497104898,0.4,False
1405,1406,race,age,Cramer's V,0.6030226891555273,0.4,True
1405,1406,gender,age,Cramer's V,0.4705306105770002,0.4,True
1406,1407,race,gender,Cramer's V,0.10409569305544539,0.4,False
1406,1407,race,age,Cramer's V,0.28048966210798315,0.4,False
1406,1407,gender,age,Cramer's V,0.43991165841163804,0.4,True
1407,1408,race,gender,Cramer's V,0.12009611535381536,0.4,False
1407,1408,race,age,Cramer's V,0.36412287772875535,0.4,False
1407,1408,gender,age,Cramer's V,0.4513537837386966,0.4,True
1408,1409,race,gender,Cramer's V,0.21132263973487583,0.4,False
1408,1409,race,age,Cramer's V,0.36385776495531824,0.4,False
1408,1409,gender,age,Cramer's V,0.532681893816563,0.4,True
1409,1410,race,gender,Cramer's V,0.28203803740888306,0.4,False
1409,1410,race,age,Cramer's V,0.557426615634903,0.4,True
1409,1410,gender,age,Cramer's V,0.45391886311221696,0.4,True
1410,1411,race,gender,Cramer's V,0.17930563858025497,0.4,False
1410,1411,race,age,Cramer's V,0.4319009858039937,0.4,True
1410,1411,gender,age,Cramer's V,0.45330376016833457,0.4,True
1411,1412,race,gender,Cramer's V,0.2854706753652755,0.4,False
1411,1412,race,age,Cramer's V,0.37940534089336786,0.4,False
1411,1412,gender,age,Cramer's V,0.4020471732260686,0.4,True
1412,1413,race,gender,Cramer's V,0.387226366147646,0.4,False
1412,1413,race,age,Cramer's V,0.3233954534955057,0.4,False
1412,1413,gender,age,Cramer's V,0.4400516844074487,0.4,True
1413,1414,race,gender,Cramer's V,0.35531676008879737,0.4,False
1413,1414,race,age,Cramer's V,0.5139091010116129,0.4,True
1413,1414,gender,age,Cramer's V,0.40798183271338917,0.4,True
1414,1415,race,gender,Cramer's V,0.09925833339709303,0.4,False
1414,1415,race,age,Cramer's V,0.5499664118718453,0.4,True
1414,1415,gender,age,Cramer's V,0.2541325113662818,0.4,False
1415,1416,race,gender,Cramer's V,0.20568833780186058,0.4,False
1415,1416,race,age,Cramer's V,0.4592267605660485,0.4,True
1415,1416,gender,age,Cramer's V,0.4444908496072955,0.4,True
1416,1417,race,gender,Cramer's V,0.23434373461108088,0.4,False
1416,1417,race,age,Cramer's V,0.3301572828480761,0.4,False
1416,1417,gender,age,Cramer's V,0.408248290463863,0.4,True
1417,1418,race,gender,Cramer's V,0.23136639874103085,0.4,False
1417,1418,race,age,Cramer's V,0.48227375684313306,0.4,True
1417,1418,gender,age,Cramer's V,0.5793825421182233,0.4,True
1418,1419,race,gender,Cramer's V,0.19329417312127486,0.4,False
1418,1419,race,age,Cramer's V,0.40390719929338426,0.4,True
1418,1419,gender,age,Cramer's V,0.43803538669838077,0.4,True
1419,1420,race,gender,Cramer's V,0.1845419398244734,0.4,False
1419,1420,race,age,Cramer's V,0.33884334848837566,0.4,False
1419,1420,gender,age,Cramer's V,0.43559046536413454,0.4,True
1420,1421,race,gender,Cramer's V,0.20203050891044216,0.4,False
1420,1421,race,age,Cramer's V,0.5619375494873158,0.4,True
1420,1421,gender,age,Cramer's V,0.2927700218845599,0.4,False
1421,1422,race,gender,Cramer's V,0.13790104273763182,0.4,False
1421,1422,race,age,Cramer's V,0.6180165405913052,0.4,True
1421,1422,gender,age,Cramer's V,0.4350164733621877,0.4,True
1422,1423,race,gender,Cramer's V,0.2427267108450066,0.4,False
1422,1423,race,age,Cramer's V,0.44522310751464234,0.4,True
1422,1423,gender,age,Cramer's V,0.4759739767584217,0.4,True
1423,1424,race,gender,Cramer's V,0.09637388493048533,0.4,False
1423,1424,race,age,Cramer's V,0.6817517292541148,0.4,True
1423,1424,gender,age,Cramer's V,0.3365538074080417,0.4,False
1424,1425,race,gender,Cramer's V,0.20930724738891343,0.4,False
1424,1425,race,age,Cramer's V,0.3737943582000967,0.4,False
1424,1425,gender,age,Cramer's V,0.26186146828319085,0.4,False
1425,1426,race,gender,Cramer's V,0.2523850363142581,0.4,False
1425,1426,race,age,Cramer's V,0.4487637339278754,0.4,True
1425,1426,gender,age,Cramer's V,0.354797493784197,0.4,False
1426,1427,race,gender,Cramer's V,0.29019050004400465,0.4,False
1426,1427,race,age,Cramer's V,0.3477440523228628,0.4,False
1426,1427,gender,age,Cramer's V,0.38145882597380376,0.4,False
1427,1428,race,gender,Cramer's V,0.07250274556036461,0.4,False
1427,1428,race,age,Cramer's V,0.4377831301398233,0.4,True
1427,1428,gender,age,Cramer's V,0.4946841724036824,0.4,True
1428,1429,race,gender,Cramer's V,0.09999999999999999,0.4,False
1428,1429,race,age,Cramer's V,0.2027587510099407,0.4,False
1428,1429,gender,age,Cramer's V,0.30413812651491096,0.4,False
1429,1430,race,gender,Cramer's V,0.2379330126981609,0.4,False
1429,1430,race,age,Cramer's V,0.519416595092884,0.4,True
1429,1430,gender,age,Cramer's V,0.392278002545914,0.4,False
1430,1431,race,gender,Cramer's V,0.1957203403147032,0.4,False
1430,1431,race,age,Cramer's V,0.21174246015299727,0.4,False
1430,1431,gender,age,Cramer's V,0.05976143046671971,0.4,False
1431,1432,race,gender,Cramer's V,0.042957935840823504,0.4,False
1431,1432,race,age,Cramer's V,0.7136943364713846,0.4,True
1431,1432,gender,age,Cramer's V,0.5148890566447653,0.4,True
1432,1433,race,gender,Cramer's V,0.15854827432625368,0.4,False
1432,1433,race,age,Cramer's V,0.4400049893819428,0.4,True
1432,1433,gender,age,Cramer's V,0.5058189822548819,0.4,True
1433,1434,race,gender,Cramer's V,0.3103164454170876,0.4,False
1433,1434,race,age,Cramer's V,0.4161306075497001,0.4,True
1433,1434,gender,age,Cramer's V,0.49774624333220513,0.4,True
1434,1435,race,gender,Cramer's V,0.31622776601683794,0.4,False
1434,1435,race,age,Cramer's V,0.38235247565284586,0.4,False
1434,1435,gender,age,Cramer's V,0.3605551275463989,0.4,False
1435,1436,race,gender,Cramer's V,0.28625128703833574,0.4,False
1435,1436,race,age,Cramer's V,0.44305337860837524,0.4,True
1435,1436,gender,age,Cramer's V,0.40399344343830274,0.4,True
1436,1437,race,gender,Cramer's V,0.22677868380553634,0.4,False
1436,1437,race,age,Cramer's V,0.5847262281655937,0.4,True
1436,1437,gender,age,Cramer's V,0.4425241963995788,0.4,True
1437,1438,race,gender,Cramer's V,0.1348399724926484,0.4,False
1437,1438,race,age,Cramer's V,0.7050631156953234,0.4,True
1437,1438,gender,age,Cramer's V,0.5043939166370823,0.4,True
1438,1439,race,gender,Cramer's V,0.176499500658554,0.4,False
1438,1439,race,age,Cramer's V,0.33887860610758447,0.4,False
1438,1439,gender,age,Cramer's V,0.5386638378049247,0.4,True
1439,1440,race,gender,Cramer's V,0.16972502573910517,0.4,False
1439,1440,race,age,Cramer's V,0.41991677739905925,0.4,True
1439,1440,gender,age,Cramer's V,0.4419573267405033,0.4,True
1440,1441,race,gender,Cramer's V,0.4780914437337574,0.4,True
1440,1441,race,age,Cramer's V,0.39086797998528583,0.4,False
1440,1441,gender,age,Cramer's V,0.5220153254455274,0.4,True
1441,1442,race,gender,Cramer's V,0.2966479394838265,0.4,False
1441,1442,race,age,Cramer's V,0.3718903993595458,0.4,False
1441,1442,gender,age,Cramer's V,0.45686679976473754,0.4,True
1442,1443,race,gender,Cramer's V,0.10279233364889581,0.4,False
1442,1443,race,age,Cramer's V,0.3852104577684692,0.4,False
1442,1443,gender,age,Cramer's V,0.4230217115244236,0.4,True
1443,1444,race,gender,Cramer's V,0.22215006043359373,0.4,False
1443,1444,race,age,Cramer's V,0.6918124726791918,0.4,True
1443,1444,gender,age,Cramer's V,0.424770234439886,0.4,True
1444,1445,race,gender,Cramer's V,0.3628231318424998,0.4,False
1444,1445,race,age,Cramer's V,0.5110186359579231,0.4,True
1444,1445,gender,age,Cramer's V,0.42125450400305176,0.4,True
1445,1446,race,gender,Cramer's V,0.15289415743128767,0.4,False
1445,1446,race,age,Cramer's V,0.3779644730092273,0.4,False
1445,1446,gender,age,Cramer's V,0.3164758851338781,0.4,False
1446,1447,race,gender,Cramer's V,0.27371993098639175,0.4,False
1446,1447,race,age,Cramer's V,0.6281586848347585,0.4,True
1446,1447,gender,age,Cramer's V,0.4016220979945242,0.4,True
1447,1448,race,gender,Cramer's V,0.16707667138625512,0.4,False
1447,1448,race,age,Cramer's V,0.4319052507134751,0.4,True
1447,1448,gender,age,Cramer's V,0.5047394424471945,0.4,True
1448,1449,race,gender,Cramer's V,0.26508085020019295,0.4,False
1448,1449,race,age,Cramer's V,0.354355646405349,0.4,False
1448,1449,gender,age,Cramer's V,0.3673792760452506,0.4,False
1449,1450,race,gender,Cramer's V,0.22941573387056177,0.4,False
1449,1450,race,age,Cramer's V,0.45323455579249444,0.4,True
1449,1450,gender,age,Cramer's V,0.38003320145549907,0.4,False
1450,1451,race,gender,Cramer's V,0.28268483207578415,0.4,False
1450,1451,race,age,Cramer's V,0.4776762535175924,0.4,True
1450,1451,gender,age,Cramer's V,0.6434768838116876,0.4,True
1451,1452,race,gender,Cramer's V,0.23793301269816083,0.4,False
1451,1452,race,age,Cramer's V,0.41344911529736156,0.4,True
1451,1452,gender,age,Cramer's V,0.38826560318157943,0.4,False
1452,1453,race,gender,Cramer's V,0.1993280766639332,0.4,False
1452,1453,race,age,Cramer's V,0.3452723026293348,0.4,False
1452,1453,gender,age,Cramer's V,0.34238119163116293,0.4,False
1453,1454,race,gender,Cramer's V,0.2041241452319315,0.4,False
1453,1454,race,age,Cramer's V,0.3549018461487132,0.4,False
1453,1454,gender,age,Cramer's V,0.5237229365663817,0.4,True
1454,1455,race,gender,Cramer's V,0.1255529641148689,0.4,False
1454,1455,race,age,Cramer's V,0.4764240932563015,0.4,True
1454,1455,gender,age,Cramer's V,0.2694367344037443,0.4,False
1455,1456,race,gender,Cramer's V,0.2831683806452179,0.4,False
1455,1456,race,age,Cramer's V,0.339987349543277,0.4,False
1455,1456,gender,age,Cramer's V,0.3703280399090206,0.4,False
1456,1457,race,gender,Cramer's V,0.20203050891044216,0.4,False
1456,1457,race,age,Cramer's V,0.314540595847001,0.4,False
1456,1457,gender,age,Cramer's V,0.3784005440778334,0.4,False
1457,1458,race,gender,Cramer's V,0.05810001467111502,0.4,False
1457,1458,race,age,Cramer's V,0.37107391788505184,0.4,False
1457,1458,gender,age,Cramer's V,0.5764814195337687,0.4,True
1458,1459,race,gender,Cramer's V,0.10085876287487887,0.4,False
1458,1459,race,age,Cramer's V,0.4692796586271088,0.4,True
1458,1459,gender,age,Cramer's V,0.23996903825053234,0.4,False
1459,1460,race,gender,Cramer's V,0.009153533774525234,0.4,False
1459,1460,race,age,Cramer's V,0.4904620223745209,0.4,True
1459,1460,gender,age,Cramer's V,0.6540866254125666,0.4,True
1460,1461,race,gender,Cramer's V,0.3291637799987717,0.4,False
1460,1461,race,age,Cramer's V,0.3736682702484601,0.4,False
1460,1461,gender,age,Cramer's V,0.2604940361258638,0.4,False
1461,1462,race,gender,Cramer's V,0.18279819735001337,0.4,False
1461,1462,race,age,Cramer's V,0.44742772699199823,0.4,True
1461,1462,gender,age,Cramer's V,0.3167169043850041,0.4,False
1462,1463,race,gender,Cramer's V,0.31554254795050946,0.4,False
1462,1463,race,age,Cramer's V,0.3553345272593507,0.4,False
1462,1463,gender,age,Cramer's V,0.24299715851758236,0.4,False
1463,1464,race,gender,Cramer's V,0.18800220101426177,0.4,False
1463,1464,race,age,Cramer's V,0.387020003047156,0.4,False
1463,1464,gender,age,Cramer's V,0.3025929609227551,0.4,False
1464,1465,race,gender,Cramer's V,0.18257418583505536,0.4,False
1464,1465,race,age,Cramer's V,0.32665661703774723,0.4,False
1464,1465,gender,age,Cramer's V,0.31006446287823947,0.4,False
1465,1466,race,gender,Cramer's V,0.27003086243366087,0.4,False
1465,1466,race,age,Cramer's V,0.5121969142940493,0.4,True
1465,1466,gender,age,Cramer's V,0.5912236924764217,0.4,True
1466,1467,race,gender,Cramer's V,0.09763167236550807,0.4,False
1466,1467,race,age,Cramer's V,0.3391009349050566,0.4,False
1466,1467,gender,age,Cramer's V,0.34338379130230706,0.4,False
1467,1468,race,gender,Cramer's V,0.19039432764659772,0.4,False
1467,1468,race,age,Cramer's V,0.36799003609699366,0.4,False
1467,1468,gender,age,Cramer's V,0.23251344047172842,0.4,False
1468,1469,race,gender,Cramer's V,0.21512568018035705,0.4,False
1468,1469,race,age,Cramer's V,0.41986224744096573,0.4,True
1468,1469,gender,age,Cramer's V,0.40452528613050626,0.4,True
1469,1470,race,gender,Cramer's V,0.19974090456573362,0.4,False
1469,1470,race,age,Cramer's V,0.3442020820880998,0.4,False
1469,1470,gender,age,Cramer's V,0.46722953213034385,0.4,True
1470,1471,race,gender,Cramer's V,0.24984284964397865,0.4,False
1470,1471,race,age,Cramer's V,0.39634789499358697,0.4,False
1470,1471,gender,age,Cramer's V,0.3612106010767696,0.4,False
1471,1472,race,gender,Cramer's V,0.2845213189769458,0.4,False
1471,1472,race,age,Cramer's V,0.31744098435229867,0.4,False
1471,1472,gender,age,Cramer's V,0.36413754797624737,0.4,False
1472,1473,race,gender,Cramer's V,0.3535533905932738,0.4,False
1472,1473,race,age,Cramer's V,0.4573123827151583,0.4,True
1472,1473,gender,age,Cramer's V,0.40327481857567793,0.4,True
1473,1474,race,gender,Cramer's V,0.25819888974716115,0.4,False
1473,1474,race,age,Cramer's V,0.47316898555261294,0.4,True
1473,1474,gender,age,Cramer's V,0.4403855060505442,0.4,True
1474,1475,race,gender,Cramer's V,0.236227795630767,0.4,False
1474,1475,race,age,Cramer's V,0.44320263021395917,0.4,True
1474,1475,gender,age,Cramer's V,0.3720719016534304,0.4,False
1475,1476,race,gender,Cramer's V,0.2491364395612199,0.4,False
1475,1476,race,age,Cramer's V,0.49201212559357127,0.4,True
1475,1476,gender,age,Cramer's V,0.45965145630081633,0.4,True
1476,1477,race,gender,Cramer's V,0.3203736821083831,0.4,False
1476,1477,race,age,Cramer's V,0.5695087145541139,0.4,True
1476,1477,gender,age,Cramer's V,0.4641835324847147,0.4,True
1477,1478,race,gender,Cramer's V,0.08420678110117708,0.4,False
1477,1478,race,age,Cramer's V,0.3818058795339555,0.4,False
1477,1478,gender,age,Cramer's V,0.47446983844961926,0.4,True
1478,1479,race,gender,Cramer's V,0.05810001467111502,0.4,False
1478,1479,race,age,Cramer's V,0.5336596543941753,0.4,True
1478,1479,gender,age,Cramer's V,0.3063006885019492,0.4,False
1479,1480,race,gender,Cramer's V,0.25774299527417466,0.4,False
1479,1480,race,age,Cramer's V,0.2826961526008808,0.4,False
1479,1480,gender,age,Cramer's V,0.2738612787525831,0.4,False
1480,1481,race,gender,Cramer's V,0.03338489304447944,0.4,False
1480,1481,race,age,Cramer's V,0.40430553169968253,0.4,True
1480,1481,gender,age,Cramer's V,0.37901616162637947,0.4,False
1481,1482,race,gender,Cramer's V,0.1707825127659933,0.4,False
1481,1482,race,age,Cramer's V,0.39536455495293366,0.4,False
1481,1482,gender,age,Cramer's V,0.3103551938027561,0.4,False
1482,1483,race,gender,Cramer's V,0.27548658250966984,0.4,False
1482,1483,race,age,Cramer's V,0.5270570326314397,0.4,True
1482,1483,gender,age,Cramer's V,0.3551282464527025,0.4,False
1483,1484,race,gender,Cramer's V,0.24615575986736107,0.4,False
1483,1484,race,age,Cramer's V,0.5299090218410811,0.4,True
1483,1484,gender,age,Cramer's V,0.3971370342484996,0.4,False
1484,1485,race,gender,Cramer's V,0.30151134457776363,0.4,False
1484,1485,race,age,Cramer's V,0.42696508323185195,0.4,True
1484,1485,gender,age,Cramer's V,0.43339437909447764,0.4,True
1485,1486,race,gender,Cramer's V,0.31128210954717256,0.4,False
1485,1486,race,age,Cramer's V,0.335719429168656,0.4,False
1485,1486,gender,age,Cramer's V,0.34814559762096253,0.4,False
1486,1487,race,gender,Cramer's V,0.13599594831899836,0.4,False
1486,1487,race,age,Cramer's V,0.48773215299098793,0.4,True
1486,1487,gender,age,Cramer's V,0.3854827347307661,0.4,False
1487,1488,race,gender,Cramer's V,0.3883380635643424,0.4,False
1487,1488,race,age,Cramer's V,0.28243748154345305,0.4,False
1487,1488,gender,age,Cramer's V,0.2796804495243703,0.4,False
1488,1489,race,gender,Cramer's V,0.3228220048614135,0.4,False
1488,1489,race,age,Cramer's V,0.4898979485566357,0.4,True
1488,1489,gender,age,Cramer's V,0.513899240425417,0.4,True
1489,1490,race,gender,Cramer's V,0.2885420739126596,0.4,False
1489,1490,race,age,Cramer's V,0.35701425687179106,0.4,False
1489,1490,gender,age,Cramer's V,0.44472213547087774,0.4,True
1490,1491,race,gender,Cramer's V,0.30427756164449327,0.4,False
1490,1491,race,age,Cramer's V,0.2900639060981917,0.4,False
1490,1491,gender,age,Cramer's V,0.3908637847499352,0.4,False
1491,1492,race,gender,Cramer's V,0.2041241452319315,0.4,False
1491,1492,race,age,Cramer's V,0.40311288741492746,0.4,True
1491,1492,gender,age,Cramer's V,0.5261968423348025,0.4,True
1492,1493,race,gender,Cramer's V,0.22756474745819988,0.4,False
1492,1493,race,age,Cramer's V,0.5198034034433523,0.4,True
1492,1493,gender,age,Cramer's V,0.3233474469182823,0.4,False
1493,1494,race,gender,Cramer's V,0.19245008972987526,0.4,False
1493,1494,race,age,Cramer's V,0.3946613431254393,0.4,False
1493,1494,gender,age,Cramer's V,0.31006446287823947,0.4,False
1494,1495,race,gender,Cramer's V,0.22922795323750236,0.4,False
1494,1495,race,age,Cramer's V,0.49190855448347914,0.4,True
1494,1495,gender,age,Cramer's V,0.45336046837556787,0.4,True
1495,1496,race,gender,Cramer's V,0.21055872190307892,0.4,False
1495,1496,race,age,Cramer's V,0.282494169258455,0.4,False
1495,1496,gender,age,Cramer's V,0.49752473727195806,0.4,True
1496,1497,race,gender,Cramer's V,0.05810001467111502,0.4,False
1496,1497,race,age,Cramer's V,0.24551272410173067,0.4,False
1496,1497,gender,age,Cramer's V,0.4102835558444589,0.4,True
1497,1498,race,gender,Cramer's V,0.1598871782677901,0.4,False
1497,1498,race,age,Cramer's V,0.2927700218845599,0.4,False
1497,1498,gender,age,Cramer's V,0.3511069704523869,0.4,False
1498,1499,race,gender,Cramer's V,0.2742042485535409,0.4,False
1498,1499,race,age,Cramer's V,0.3955983011503157,0.4,False
1498,1499,gender,age,Cramer's V,0.515997936012384,0.4,True
1499,1500,race,gender,Cramer's V,0.3722518348798681,0.4,False
1499,1500,race,age,Cramer's V,0.40542895548303715,0.4,True
1499,1500,gender,age,Cramer's V,0.5371884479132333,0.4,True
1500,1501,race,gender,Cramer's V,0.15694120514358612,0.4,False
1500,1501,race,age,Cramer's V,0.4141249540102121,0.4,True
1500,1501,gender,age,Cramer's V,0.528904773792277,0.4,True
1501,1502,race,gender,Cramer's V,0.176499500658554,0.4,False
1501,1502,race,age,Cramer's V,0.5191272363858438,0.4,True
1501,1502,gender,age,Cramer's V,0.5095015571464859,0.4,True
1502,1503,race,gender,Cramer's V,0.29050007335557515,0.4,False
1502,1503,race,age,Cramer's V,0.2679425326921034,0.4,False
1502,1503,gender,age,Cramer's V,0.4086338522271002,0.4,True
1503,1504,race,gender,Cramer's V,0.14907119849998596,0.4,False
1503,1504,race,age,Cramer's V,0.5007930219099012,0.4,True
1503,1504,gender,age,Cramer's V,0.47974861141928293,0.4,True
1504,1505,race,gender,Cramer's V,0.24795239770902117,0.4,False
1504,1505,race,age,Cramer's V,0.38360955668997376,0.4,False
1504,1505,gender,age,Cramer's V,0.5252199179578004,0.4,True
1505,1506,race,gender,Cramer's V,0.27386127875258304,0.4,False
1505,1506,race,age,Cramer's V,0.4524464818407158,0.4,True
1505,1506,gender,age,Cramer's V,0.5123475382979799,0.4,True
1506,1507,race,gender,Cramer's V,0.09763167236550807,0.4,False
1506,1507,race,age,Cramer's V,0.389139886078567,0.4,False
1506,1507,gender,age,Cramer's V,0.3352550718034807,0.4,False
1507,1508,race,gender,Cramer's V,0.23502786055720126,0.4,False
1507,1508,race,age,Cramer's V,0.33062390916594236,0.4,False
1507,1508,gender,age,Cramer's V,0.40506991082165217,0.4,True
1508,1509,race,gender,Cramer's V,0.20701966780270623,0.4,False
1508,1509,race,age,Cramer's V,0.7315437444199766,0.4,True
1508,1509,gender,age,Cramer's V,0.33705406417497885,0.4,False
1509,1510,race,gender,Cramer's V,0.035921060405354976,0.4,False
1509,1510,race,age,Cramer's V,0.47635327478281636,0.4,True
1509,1510,gender,age,Cramer's V,0.4632956476623293,0.4,True
1510,1511,race,gender,Cramer's V,0.23570226039551584,0.4,False
1510,1511,race,age,Cramer's V,0.4225393955790709,0.4,True
1510,1511,gender,age,Cramer's V,0.335114289909558,0.4,False
1511,1512,race,gender,Cramer's V,0.15228622596829314,0.4,False
1511,1512,race,age,Cramer's V,0.39126003576191576,0.4,False
1511,1512,gender,age,Cramer's V,0.3173458405691878,0.4,False
1512,1513,race,gender,Cramer's V,0.3592106040535498,0.4,False
1512,1513,race,age,Cramer's V,0.3537814160220695,0.4,False
1512,1513,gender,age,Cramer's V,0.325411826986754,0.4,False
1513,1514,race,gender,Cramer's V,0.19672236884115843,0.4,False
1513,1514,race,age,Cramer's V,0.5386822546070841,0.4,True
1513,1514,gender,age,Cramer's V,0.36818403951376794,0.4,False
1514,1515,race,gender,Cramer's V,0.3203736821083831,0.4,False
1514,1515,race,age,Cramer's V,0.5611049007782941,0.4,True
1514,1515,gender,age,Cramer's V,0.36618425565677876,0.4,False
1515,1516,race,gender,Cramer's V,0.2104862778197707,0.4,False
1515,1516,race,age,Cramer's V,0.21416463254236695,0.4,False
1515,1516,gender,age,Cramer's V,0.4745236139089184,0.4,True
1516,1517,race,gender,Cramer's V,0.19772411988982755,0.4,False
1516,1517,race,age,Cramer's V,0.6197886180259224,0.4,True
1516,1517,gender,age,Cramer's V,0.31622776601683794,0.4,False
1517,1518,race,gender,Cramer's V,0.1695533586864026,0.4,False
1517,1518,race,age,Cramer's V,0.5417647739515596,0.4,True
1517,1518,gender,age,Cramer's V,0.3587535549987443,0.4,False
1518,1519,race,gender,Cramer's V,0.27133132818598815,0.4,False
1518,1519,race,age,Cramer's V,0.28132275458259776,0.4,False
1518,1519,gender,age,Cramer's V,0.38184233844424775,0.4,False
1519,1520,race,gender,Cramer's V,0.1531679162134967,0.4,False
1519,1520,race,age,Cramer's V,0.28681731816270256,0.4,False
1519,1520,gender,age,Cramer's V,0.4201253537564107,0.4,True
1520,1521,race,gender,Cramer's V,0.14846149779161805,0.4,False
1520,1521,race,age,Cramer's V,0.38904475334570454,0.4,False
1520,1521,gender,age,Cramer's V,0.4023739080814782,0.4,True
1521,1522,race,gender,Cramer's V,0.3689996128530683,0.4,False
1521,1522,race,age,Cramer's V,0.4369658492824736,0.4,True
1521,1522,gender,age,Cramer's V,0.42056509603151804,0.4,True
1522,1523,race,gender,Cramer's V,0.2,0.4,False
1522,1523,race,age,Cramer's V,0.30573227213073567,0.4,False
1522,1523,gender,age,Cramer's V,0.43985155195259007,0.4,True
1523,1524,race,gender,Cramer's V,0.21899236299112584,0.4,False
1523,1524,race,age,Cramer's V,0.4648967974271973,0.4,True
1523,1524,gender,age,Cramer's V,0.4705769268071515,0.4,True
1524,1525,race,gender,Cramer's V,0.3105295017040594,0.4,False
1524,1525,race,age,Cramer's V,0.4368901645414049,0.4,True
1524,1525,gender,age,Cramer's V,0.3701282878880639,0.4,False
1525,1526,race,gender,Cramer's V,0.28527598169178525,0.4,False
1525,1526,race,age,Cramer's V,0.4054214462615061,0.4,True
1525,1526,gender,age,Cramer's V,0.5808292669646024,0.4,True
1526,1527,race,gender,Cramer's V,0.019672236884115842,0.4,False
1526,1527,race,age,Cramer's V,0.3665719574653795,0.4,False
1526,1527,gender,age,Cramer's V,0.3037434146109256,0.4,False
1527,1528,race,gender,Cramer's V,0.16933350266692065,0.4,False
1527,1528,race,age,Cramer's V,0.7480185893651589,0.4,True
1527,1528,gender,age,Cramer's V,0.5124120778886243,0.4,True
1528,1529,race,gender,Cramer's V,0.19422464901683897,0.4,False
1528,1529,race,age,Cramer's V,0.5899248796553368,0.4,True
1528,1529,gender,age,Cramer's V,0.45022090537464343,0.4,True
1529,1530,race,gender,Cramer's V,0.1399610893985478,0.4,False
1529,1530,race,age,Cramer's V,0.5459342613237191,0.4,True
1529,1530,gender,age,Cramer's V,0.4189719632293891,0.4,True
1530,1531,race,gender,Cramer's V,0.1809112517951679,0.4,False
1530,1531,race,age,Cramer's V,0.800354774814123,0.4,True
1530,1531,gender,age,Cramer's V,0.4133691057919588,0.4,True
1531,1532,race,gender,Cramer's V,0.32714432804381227,0.4,False
1531,1532,race,age,Cramer's V,0.6476870826244391,0.4,True
1531,1532,gender,age,Cramer's V,0.29708511662558273,0.4,False
1532,1533,race,gender,Cramer's V,0.019672236884115842,0.4,False
1532,1533,race,age,Cramer's V,0.3489051097949493,0.4,False
1532,1533,gender,age,Cramer's V,0.4089130468735112,0.4,True
1533,1534,race,gender,Cramer's V,0.2726884199209317,0.4,False
1533,1534,race,age,Cramer's V,0.4873796260068656,0.4,True
1533,1534,gender,age,Cramer's V,0.3537044495151815,0.4,False
1534,1535,race,gender,Cramer's V,0.05810001467111502,0.4,False
1534,1535,race,age,Cramer's V,0.662351626720547,0.4,True
1534,1535,gender,age,Cramer's V,0.38145882597380376,0.4,False
1535,1536,race,gender,Cramer's V,0.2855299420047182,0.4,False
1535,1536,race,age,Cramer's V,0.42979323194092095,0.4,True
1535,1536,gender,age,Cramer's V,0.41496085763477014,0.4,True
1536,1537,race,gender,Cramer's V,0.1690308509457033,0.4,False
1536,1537,race,age,Cramer's V,1.0,0.4,True
1536,1537,gender,age,Cramer's V,0.4303314829119352,0.4,True
1537,1538,race,gender,Cramer's V,0.26809513236909016,0.4,False
1537,1538,race,age,Cramer's V,0.4096068575814836,0.4,True
1537,1538,gender,age,Cramer's V,0.325,0.4,False
1538,1539,race,gender,Cramer's V,0.1538203961954145,0.4,False
1538,1539,race,age,Cramer's V,0.34947117483537377,0.4,False
1538,1539,gender,age,Cramer's V,0.23707669042497015,0.4,False
1539,1540,race,gender,Cramer's V,0.23793301269816086,0.4,False
1539,1540,race,age,Cramer's V,0.7332792187825949,0.4,True
1539,1540,gender,age,Cramer's V,0.4156385664933613,0.4,True
1540,1541,race,gender,Cramer's V,0.30237157840738177,0.4,False
1540,1541,race,age,Cramer's V,0.41184635438160627,0.4,True
1540,1541,gender,age,Cramer's V,0.3927655570899915,0.4,False
1541,1542,race,gender,Cramer's V,0.16003799154917472,0.4,False
1541,1542,race,age,Cramer's V,0.3862436396682141,0.4,False
1541,1542,gender,age,Cramer's V,0.37539033768037766,0.4,False
1542,1543,race,gender,Cramer's V,0.24211709905575116,0.4,False
1542,1543,race,age,Cramer's V,0.32173527024097376,0.4,False
1542,1543,gender,age,Cramer's V,0.5275371593977571,0.4,True
1543,1544,race,gender,Cramer's V,0.2402637501064497,0.4,False
1543,1544,race,age,Cramer's V,0.35446136198866185,0.4,False
1543,1544,gender,age,Cramer's V,0.31769292181233666,0.4,False
1544,1545,race,gender,Cramer's V,0.2581988897471611,0.4,False
1544,1545,race,age,Cramer's V,0.5719372942189717,0.4,True
1544,1545,gender,age,Cramer's V,0.4197504927816955,0.4,True
1545,1546,race,gender,Cramer's V,0.25,0.4,False
1545,1546,race,age,Cramer's V,0.31040168548061453,0.4,False
1545,1546,gender,age,Cramer's V,0.36839419880650365,0.4,False
1546,1547,race,gender,Cramer's V,0.1767766952966369,0.4,False
1546,1547,race,age,Cramer's V,0.39921798556678284,0.4,False
1546,1547,gender,age,Cramer's V,0.5566655577722377,0.4,True
1547,1548,race,gender,Cramer's V,0.3012072483384371,0.4,False
1547,1548,race,age,Cramer's V,0.40714936978828353,0.4,True
1547,1548,gender,age,Cramer's V,0.20833333333333334,0.4,False
1548,1549,race,gender,Cramer's V,0.09999999999999999,0.4,False
1548,1549,race,age,Cramer's V,0.30550504633038933,0.4,False
1548,1549,gender,age,Cramer's V,0.29154759474226505,0.4,False
1549,1550,race,gender,Cramer's V,0.22941573387056177,0.4,False
1549,1550,race,age,Cramer's V,0.4900239349155544,0.4,True
1549,1550,gender,age,Cramer's V,0.42008402520840293,0.4,True
1550,1551,race,gender,Cramer's V,0.3721042037676254,0.4,False
1550,1551,race,age,Cramer's V,0.37927055494218614,0.4,False
1550,1551,gender,age,Cramer's V,0.5692750425533111,0.4,True
1551,1552,race,gender,Cramer's V,0.338330578141747,0.4,False
1551,1552,race,age,Cramer's V,0.34664288586754616,0.4,False
1551,1552,gender,age,Cramer's V,0.2783817821389385,0.4,False
1552,1553,race,gender,Cramer's V,0.02488363008967194,0.4,False
1552,1553,race,age,Cramer's V,0.30000000000000004,0.4,False
1552,1553,gender,age,Cramer's V,0.6484083871546602,0.4,True
1553,1554,race,gender,Cramer's V,0.36314597615834876,0.4,False
1553,1554,race,age,Cramer's V,0.5594998869140102,0.4,True
1553,1554,gender,age,Cramer's V,0.619727762812027,0.4,True
1554,1555,race,gender,Cramer's V,0.3810668326241693,0.4,False
1554,1555,race,age,Cramer's V,0.42837487861689166,0.4,True
1554,1555,gender,age,Cramer's V,0.4479390032686935,0.4,True
1555,1556,race,gender,Cramer's V,0.35079701026858984,0.4,False
1555,1556,race,age,Cramer's V,0.37809145586952386,0.4,False
1555,1556,gender,age,Cramer's V,0.3406602159279087,0.4,False
1556,1557,race,gender,Cramer's V,0.1225343329707974,0.4,False
1556,1557,race,age,Cramer's V,0.4359772527031106,0.4,True
1556,1557,gender,age,Cramer's V,0.557592226370751,0.4,True
1557,1558,race,gender,Cramer's V,0.23156812293422305,0.4,False
1557,1558,race,age,Cramer's V,0.32747345432454583,0.4,False
1557,1558,gender,age,Cramer's V,0.47458604166810114,0.4,True
1558,1559,race,gender,Cramer's V,0.2745735329561099,0.4,False
1558,1559,race,age,Cramer's V,0.2933124562129896,0.4,False
1558,1559,gender,age,Cramer's V,0.3771905715586317,0.4,False
1559,1560,race,gender,Cramer's V,0.2065710872803489,0.4,False
1559,1560,race,age,Cramer's V,0.49996608214899607,0.4,True
1559,1560,gender,age,Cramer's V,0.42757126051359295,0.4,True
1560,1561,race,gender,Cramer's V,0.0706898900311502,0.4,False
1560,1561,race,age,Cramer's V,0.28556017368430914,0.4,False
1560,1561,gender,age,Cramer's V,0.4885042104591972,0.4,True
1561,1562,race,gender,Cramer's V,0.05976143046671965,0.4,False
1561,1562,race,age,Cramer's V,0.47258156262526085,0.4,True
1561,1562,gender,age,Cramer's V,0.34069257193462343,0.4,False
1562,1563,race,gender,Cramer's V,0.373772500798201,0.4,False
1562,1563,race,age,Cramer's V,0.388762605758789,0.4,False
1562,1563,gender,age,Cramer's V,0.29250896965085227,0.4,False
1563,1564,race,gender,Cramer's V,0.31143212190649816,0.4,False
1563,1564,race,age,Cramer's V,0.323572769437127,0.4,False
1563,1564,gender,age,Cramer's V,0.47497419558335136,0.4,True
1564,1565,race,gender,Cramer's V,0.14272677889734525,0.4,False
1564,1565,race,age,Cramer's V,0.3877870393383305,0.4,False
1564,1565,gender,age,Cramer's V,0.41259436946276246,0.4,True
1565,1566,race,gender,Cramer's V,0.2104862778197707,0.4,False
1565,1566,race,age,Cramer's V,0.4367296172927704,0.4,True
1565,1566,gender,age,Cramer's V,0.4598424821165756,0.4,True
1566,1567,race,gender,Cramer's V,0.30567548151593715,0.4,False
1566,1567,race,age,Cramer's V,0.4227179629380282,0.4,True
1566,1567,gender,age,Cramer's V,0.29832407336192757,0.4,False
1567,1568,race,gender,Cramer's V,0.21693045781865616,0.4,False
1567,1568,race,age,Cramer's V,0.32539568672798425,0.4,False
1567,1568,gender,age,Cramer's V,0.3699662146737185,0.4,False
1568,1569,race,gender,Cramer's V,0.2696799449852968,0.4,False
1568,1569,race,age,Cramer's V,0.4008918628686366,0.4,True
1568,1569,gender,age,Cramer's V,0.41565353017008905,0.4,True
1569,1570,race,gender,Cramer's V,0.22563042992710647,0.4,False
1569,1570,race,age,Cramer's V,0.39528470752104744,0.4,False
1569,1570,gender,age,Cramer's V,0.451260859854213,0.4,True
1570,1571,race,gender,Cramer's V,0.28867513459481287,0.4,False
1570,1571,race,age,Cramer's V,0.7793634629666747,0.4,True
1570,1571,gender,age,Cramer's V,0.4916531128645989,0.4,True
1571,1572,race,gender,Cramer's V,0.2059386177619785,0.4,False
1571,1572,race,age,Cramer's V,0.46265681196591985,0.4,True
1571,1572,gender,age,Cramer's V,0.3258547508957307,0.4,False
1572,1573,race,gender,Cramer's V,0.29963858518846687,0.4,False
1572,1573,race,age,Cramer's V,0.7288323409375995,0.4,True
1572,1573,gender,age,Cramer's V,0.30968885802761087,0.4,False
1573,1574,race,gender,Cramer's V,0.13705133630530122,0.4,False
1573,1574,race,age,Cramer's V,0.24467109673647863,0.4,False
1573,1574,gender,age,Cramer's V,0.32326050562565556,0.4,False
1574,1575,race,gender,Cramer's V,0.19672236884115843,0.4,False
1574,1575,race,age,Cramer's V,0.6123724356957946,0.4,True
1574,1575,gender,age,Cramer's V,0.44859602103995444,0.4,True
1575,1576,race,gender,Cramer's V,0.2,0.4,False
1575,1576,race,age,Cramer's V,0.23904572186687875,0.4,False
1575,1576,gender,age,Cramer's V,0.3620300534999659,0.4,False
1576,1577,race,gender,Cramer's V,0.31226834731898007,0.4,False
1576,1577,race,age,Cramer's V,0.4647075200369428,0.4,True
1576,1577,gender,age,Cramer's V,0.30474837632311164,0.4,False
1577,1578,race,gender,Cramer's V,0.34366182254632544,0.4,False
1577,1578,race,age,Cramer's V,0.37515960843455187,0.4,False
1577,1578,gender,age,Cramer's V,0.37500000000000006,0.4,False
1578,1579,race,gender,Cramer's V,0.19786565700501352,0.4,False
1578,1579,race,age,Cramer's V,0.35792858893854995,0.4,False
1578,1579,gender,age,Cramer's V,0.28912165479145596,0.4,False
1579,1580,race,gender,Cramer's V,0.19245008972987526,0.4,False
1579,1580,race,age,Cramer's V,0.42593850625543483,0.4,True
1579,1580,gender,age,Cramer's V,0.20998026278290402,0.4,False
1580,1581,race,gender,Cramer's V,0.40963625033087503,0.4,True
1580,1581,race,age,Cramer's V,0.31594529363709245,0.4,False
1580,1581,gender,age,Cramer's V,0.5110888896878092,0.4,True
1581,1582,race,gender,Cramer's V,0.30501142278932447,0.4,False
1581,1582,race,age,Cramer's V,0.5028763420410781,0.4,True
1581,1582,gender,age,Cramer's V,0.24706064243209813,0.4,False
1582,1583,race,gender,Cramer's V,0.25774299527417466,0.4,False
1582,1583,race,age,Cramer's V,0.2288059233010247,0.4,False
1582,1583,gender,age,Cramer's V,0.4444097208657794,0.4,True
1583,1584,race,gender,Cramer's V,0.219060758921061,0.4,False
1583,1584,race,age,Cramer's V,0.439832219093123,0.4,True
1583,1584,gender,age,Cramer's V,0.5000663379256839,0.4,True
1584,1585,race,gender,Cramer's V,0.19738550848793068,0.4,False
1584,1585,race,age,Cramer's V,0.5203105842248814,0.4,True
1584,1585,gender,age,Cramer's V,0.4015276949301485,0.4,True
1585,1586,race,gender,Cramer's V,0.05717643438038958,0.4,False
1585,1586,race,age,Cramer's V,0.5105027196988507,0.4,True
1585,1586,gender,age,Cramer's V,0.34512238693919123,0.4,False
1586,1587,race,gender,Cramer's V,0.26989780952465486,0.4,False
1586,1587,race,age,Cramer's V,0.49567091418845005,0.4,True
1586,1587,gender,age,Cramer's V,0.24157895109133493,0.4,False
1587,1588,race,gender,Cramer's V,0.20597146021777488,0.4,False
1587,1588,race,age,Cramer's V,0.7817359599705717,0.4,True
1587,1588,gender,age,Cramer's V,0.49019694031382965,0.4,True
1588,1589,race,gender,Cramer's V,0.3187542596968177,0.4,False
1588,1589,race,age,Cramer's V,0.36014740375771853,0.4,False
1588,1589,gender,age,Cramer's V,0.4504073630060619,0.4,True
1589,1590,race,gender,Cramer's V,0.29963858518846687,0.4,False
1589,1590,race,age,Cramer's V,0.49698163018439695,0.4,True
1589,1590,gender,age,Cramer's V,0.44264094250367264,0.4,True
1590,1591,race,gender,Cramer's V,0.23799290955824715,0.4,False
1590,1591,race,age,Cramer's V,0.40381980697823194,0.4,True
1590,1591,gender,age,Cramer's V,0.22280677086403172,0.4,False
1591,1592,race,gender,Cramer's V,0.1688657010763287,0.4,False
1591,1592,race,age,Cramer's V,0.28980057798424075,0.4,False
1591,1592,gender,age,Cramer's V,0.35266839949164713,0.4,False
1592,1593,race,gender,Cramer's V,0.25223019582236345,0.4,False
1592,1593,race,age,Cramer's V,0.36808133743473326,0.4,False
1592,1593,gender,age,Cramer's V,0.5270462766947299,0.4,True
1593,1594,race,gender,Cramer's V,0.39528470752104744,0.4,False
1593,1594,race,age,Cramer's V,0.7084208629392693,0.4,True
1593,1594,gender,age,Cramer's V,0.28433820405586424,0.4,False
1594,1595,race,gender,Cramer's V,0.15895866488762775,0.4,False
1594,1595,race,age,Cramer's V,0.38172807169020295,0.4,False
1594,1595,gender,age,Cramer's V,0.27517476963950355,0.4,False
1595,1596,race,gender,Cramer's V,0.08420678110117708,0.4,False
1595,1596,race,age,Cramer's V,0.5565940115271287,0.4,True
1595,1596,gender,age,Cramer's V,0.33661950849356903,0.4,False
1596,1597,race,gender,Cramer's V,0.11308055883843515,0.4,False
1596,1597,race,age,Cramer's V,0.3960658175961817,0.4,False
1596,1597,gender,age,Cramer's V,0.38380963122897105,0.4,False
1597,1598,race,gender,Cramer's V,0.2548235957188128,0.4,False
1597,1598,race,age,Cramer's V,0.3717797259252494,0.4,False
1597,1598,gender,age,Cramer's V,0.4561982936365316,0.4,True
1598,1599,race,gender,Cramer's V,0.13483997249264842,0.4,False
1598,1599,race,age,Cramer's V,0.3787272678780119,0.4,False
1598,1599,gender,age,Cramer's V,0.36996621467371854,0.4,False
1599,1600,race,gender,Cramer's V,0.3388843146423933,0.4,False
1599,1600,race,age,Cramer's V,0.5299642147971099,0.4,True
1599,1600,gender,age,Cramer's V,0.4430813359126219,0.4,True
1600,1601,race,gender,Cramer's V,0.1957203403147032,0.4,False
1600,1601,race,age,Cramer's V,0.32009773133167724,0.4,False
1600,1601,gender,age,Cramer's V,0.498658915778826,0.4,True
1601,1602,race,gender,Cramer's V,0.03251596120837524,0.4,False
1601,1602,race,age,Cramer's V,0.3592106040535498,0.4,False
1601,1602,gender,age,Cramer's V,0.4662524041201569,0.4,True
1602,1603,race,gender,Cramer's V,0.2153837713729011,0.4,False
1602,1603,race,age,Cramer's V,0.5616156927828213,0.4,True
1602,1603,gender,age,Cramer's V,0.5104353217471091,0.4,True
1603,1604,race,gender,Cramer's V,0.25819888974716115,0.4,False
1603,1604,race,age,Cramer's V,0.4289694052976475,0.4,True
1603,1604,gender,age,Cramer's V,0.534541465110124,0.4,True
1604,1605,race,gender,Cramer's V,0.09999999999999999,0.4,False
1604,1605,race,age,Cramer's V,0.3391164991562634,0.4,False
1604,1605,gender,age,Cramer's V,0.3504461442219046,0.4,False
1605,1606,race,gender,Cramer's V,0.2271847336988259,0.4,False
1605,1606,race,age,Cramer's V,0.4361056890743467,0.4,True
1605,1606,gender,age,Cramer's V,0.4691865880668039,0.4,True
1606,1607,race,gender,Cramer's V,0.22673654338264992,0.4,False
1606,1607,race,age,Cramer's V,0.5512431837393073,0.4,True
1606,1607,gender,age,Cramer's V,0.4027497459459556,0.4,True
1607,1608,race,gender,Cramer's V,0.3546804364566906,0.4,False
1607,1608,race,age,Cramer's V,0.4492970243524366,0.4,True
1607,1608,gender,age,Cramer's V,0.2831231713560905,0.4,False
1608,1609,race,gender,Cramer's V,0.10077359082085698,0.4,False
1608,1609,race,age,Cramer's V,0.34090385417008484,0.4,False
1608,1609,gender,age,Cramer's V,0.22271770159368698,0.4,False
1609,1610,race,gender,Cramer's V,0.2041241452319315,0.4,False
1609,1610,race,age,Cramer's V,0.23385358667337133,0.4,False
1609,1610,gender,age,Cramer's V,0.46217468794479727,0.4,True
1610,1611,race,gender,Cramer's V,0.08032193289024989,0.4,False
1610,1611,race,age,Cramer's V,0.5143113152870138,0.4,True
1610,1611,gender,age,Cramer's V,0.36004114991154784,0.4,False
1611,1612,race,gender,Cramer's V,0.32265320440371714,0.4,False
1611,1612,race,age,Cramer's V,0.6303886473781829,0.4,True
1611,1612,gender,age,Cramer's V,0.5882446311117051,0.4,True
1612,1613,race,gender,Cramer's V,0.2696799449852968,0.4,False
1612,1613,race,age,Cramer's V,0.7411089152360969,0.4,True
1612,1613,gender,age,Cramer's V,0.36057201128855704,0.4,False
1613,1614,race,gender,Cramer's V,0.23244839871359863,0.4,False
1613,1614,race,age,Cramer's V,0.706536303658274,0.4,True
1613,1614,gender,age,Cramer's V,0.3173039838732224,0.4,False
1614,1615,race,gender,Cramer's V,0.2668472041085634,0.4,False
1614,1615,race,age,Cramer's V,0.4267303193260338,0.4,True
1614,1615,gender,age,Cramer's V,0.3429971702850177,0.4,False
1615,1616,race,gender,Cramer's V,0.22801542129339253,0.4,False
1615,1616,race,age,Cramer's V,0.6111981825813986,0.4,True
1615,1616,gender,age,Cramer's V,0.35478656583593454,0.4,False
1616,1617,race,gender,Cramer's V,0.2581988897471611,0.4,False
1616,1617,race,age,Cramer's V,0.3847121940129039,0.4,False
1616,1617,gender,age,Cramer's V,0.32746269375799797,0.4,False
1617,1618,race,gender,Cramer's V,0.23136639874103085,0.4,False
1617,1618,race,age,Cramer's V,0.485220638576265,0.4,True
1617,1618,gender,age,Cramer's V,0.29963858518846687,0.4,False
1618,1619,race,gender,Cramer's V,0.25482359571881275,0.4,False
1618,1619,race,age,Cramer's V,0.5860327153276883,0.4,True
1618,1619,gender,age,Cramer's V,0.4429339411136566,0.4,True
1619,1620,race,gender,Cramer's V,0.22941573387056177,0.4,False
1619,1620,race,age,Cramer's V,0.6157651067303722,0.4,True
1619,1620,gender,age,Cramer's V,0.49287096089976196,0.4,True
1620,1621,race,gender,Cramer's V,0.2541125689534713,0.4,False
1620,1621,race,age,Cramer's V,0.5350525012915294,0.4,True
1620,1621,gender,age,Cramer's V,0.4720059261350668,0.4,True
1621,1622,race,gender,Cramer's V,0.337099931231621,0.4,False
1621,1622,race,age,Cramer's V,0.35785242962944197,0.4,False
1621,1622,gender,age,Cramer's V,0.4226827584438645,0.4,True
1622,1623,race,gender,Cramer's V,0.31024184114977144,0.4,False
1622,1623,race,age,Cramer's V,0.36441617046879976,0.4,False
1622,1623,gender,age,Cramer's V,0.3897731095433303,0.4,False
1623,1624,race,gender,Cramer's V,0.14285714285714285,0.4,False
1623,1624,race,age,Cramer's V,0.27255405754769874,0.4,False
1623,1624,gender,age,Cramer's V,0.4720774754816659,0.4,True
1624,1625,race,gender,Cramer's V,0.3187542596968177,0.4,False
1624,1625,race,age,Cramer's V,0.6177976057527915,0.4,True
1624,1625,gender,age,Cramer's V,0.4235346610408307,0.4,True
1625,1626,race,gender,Cramer's V,0.3344280270299693,0.4,False
1625,1626,race,age,Cramer's V,0.5309001868689711,0.4,True
1625,1626,gender,age,Cramer's V,0.3887671305422265,0.4,False
1626,1627,race,gender,Cramer's V,0.14285714285714285,0.4,False
1626,1627,race,age,Cramer's V,0.2912411862553587,0.4,False
1626,1627,gender,age,Cramer's V,0.3952094080237415,0.4,False
1627,1628,race,gender,Cramer's V,0.1903943276465977,0.4,False
1627,1628,race,age,Cramer's V,0.45082229397040774,0.4,True
1627,1628,gender,age,Cramer's V,0.3644344934278313,0.4,False
1628,1629,race,gender,Cramer's V,0.219060758921061,0.4,False
1628,1629,race,age,Cramer's V,0.7580585582775106,0.4,True
1628,1629,gender,age,Cramer's V,0.3102979692511091,0.4,False
1629,1630,race,gender,Cramer's V,0.0674199862463242,0.4,False
1629,1630,race,age,Cramer's V,0.7035264706814485,0.4,True
1629,1630,gender,age,Cramer's V,0.3753569729508926,0.4,False
1630,1631,race,gender,Cramer's V,0.33644684712212186,0.4,False
1630,1631,race,age,Cramer's V,0.28445382489012805,0.4,False
1630,1631,gender,age,Cramer's V,0.4,0.4,True
1631,1632,race,gender,Cramer's V,0.10279233364889581,0.4,False
1631,1632,race,age,Cramer's V,0.297764327060926,0.4,False
1631,1632,gender,age,Cramer's V,0.5543044539662876,0.4,True
1632,1633,race,gender,Cramer's V,0.12714163136386128,0.4,False
1632,1633,race,age,Cramer's V,0.48479258410910425,0.4,True
1632,1633,gender,age,Cramer's V,0.5171346284575836,0.4,True
1633,1634,race,gender,Cramer's V,0.3057751657875176,0.4,False
1633,1634,race,age,Cramer's V,0.5276315586926118,0.4,True
1633,1634,gender,age,Cramer's V,0.3474809837325311,0.4,False
1634,1635,race,gender,Cramer's V,0.22667906654450068,0.4,False
1634,1635,race,age,Cramer's V,0.3481553119113957,0.4,False
1634,1635,gender,age,Cramer's V,0.5273890898115883,0.4,True
1635,1636,race,gender,Cramer's V,0.22677868380553634,0.4,False
1635,1636,race,age,Cramer's V,0.23094010767585033,0.4,False
1635,1636,gender,age,Cramer's V,0.5291502622129182,0.4,True
1636,1637,race,gender,Cramer's V,0.19422464901683897,0.4,False
1636,1637,race,age,Cramer's V,0.47114543612139764,0.4,True
1636,1637,gender,age,Cramer's V,0.39722595778531583,0.4,False
1637,1638,race,gender,Cramer's V,0.19039432764659772,0.4,False
1637,1638,race,age,Cramer's V,0.43779751788545657,0.4,True
1637,1638,gender,age,Cramer's V,0.43481317827315213,0.4,True
1638,1639,race,gender,Cramer's V,0.3338169510462397,0.4,False
1638,1639,race,age,Cramer's V,0.3524380357455127,0.4,False
1638,1639,gender,age,Cramer's V,0.5149449176992075,0.4,True
1639,1640,race,gender,Cramer's V,0.22756474745819988,0.4,False
1639,1640,race,age,Cramer's V,0.3046781879064221,0.4,False
1639,1640,gender,age,Cramer's V,0.4053217416888888,0.4,True
1640,1641,race,gender,Cramer's V,0.3057751657875176,0.4,False
1640,1641,race,age,Cramer's V,0.31465526613730227,0.4,False
1640,1641,gender,age,Cramer's V,0.455930502087,0.4,True
1641,1642,race,gender,Cramer's V,0.30457245193658633,0.4,False
1641,1642,race,age,Cramer's V,0.3792745790969998,0.4,False
1641,1642,gender,age,Cramer's V,0.3341980126935402,0.4,False
1642,1643,race,gender,Cramer's V,0.36282313184249987,0.4,False
1642,1643,race,age,Cramer's V,0.3818813079129867,0.4,False
1642,1643,gender,age,Cramer's V,0.3786724932482648,0.4,False
1643,1644,race,gender,Cramer's V,0.03952847075210474,0.4,False
1643,1644,race,age,Cramer's V,0.587443006354051,0.4,True
1643,1644,gender,age,Cramer's V,0.3982102818504672,0.4,False
1644,1645,race,gender,Cramer's V,0.25580810780433283,0.4,False
1644,1645,race,age,Cramer's V,0.2530477998979423,0.4,False
1644,1645,gender,age,Cramer's V,0.4168676077006115,0.4,True
1645,1646,race,gender,Cramer's V,0.2820380374088831,0.4,False
1645,1646,race,age,Cramer's V,0.3723390439322254,0.4,False
1645,1646,gender,age,Cramer's V,0.30413812651491096,0.4,False
1646,1647,race,gender,Cramer's V,0.3524850204692001,0.4,False
1646,1647,race,age,Cramer's V,0.5853669396395637,0.4,True
1646,1647,gender,age,Cramer's V,0.5793315113128233,0.4,True
1647,1648,race,gender,Cramer's V,0.24756882392709537,0.4,False
1647,1648,race,age,Cramer's V,0.5602464529737217,0.4,True
1647,1648,gender,age,Cramer's V,0.6089164316876502,0.4,True
1648,1649,race,gender,Cramer's V,0.1691730729741841,0.4,False
1648,1649,race,age,Cramer's V,0.5359547319946665,0.4,True
1648,1649,gender,age,Cramer's V,0.36430214023900004,0.4,False
1649,1650,race,gender,Cramer's V,0.1775947315737317,0.4,False
1649,1650,race,age,Cramer's V,0.4542567625794979,0.4,True
1649,1650,gender,age,Cramer's V,0.5921565254637922,0.4,True
1650,1651,race,gender,Cramer's V,0.05000000000000002,0.4,False
1650,1651,race,age,Cramer's V,0.5989960736902173,0.4,True
1650,1651,gender,age,Cramer's V,0.44895712490169926,0.4,True
1651,1652,race,gender,Cramer's V,0.26102081934563787,0.4,False
1651,1652,race,age,Cramer's V,0.6645800679125629,0.4,True
1651,1652,gender,age,Cramer's V,0.6556228106474559,0.4,True
1652,1653,race,gender,Cramer's V,0.21899236299112584,0.4,False
1652,1653,race,age,Cramer's V,0.3433490396809832,0.4,False
1652,1653,gender,age,Cramer's V,0.23713744602755532,0.4,False
1653,1654,race,gender,Cramer's V,0.08032193289024989,0.4,False
1653,1654,race,age,Cramer's V,0.32128773156099955,0.4,False
1653,1654,gender,age,Cramer's V,0.36126370402352515,0.4,False
1654,1655,race,gender,Cramer's V,0.3101988344803573,0.4,False
1654,1655,race,age,Cramer's V,0.44528177828086063,0.4,True
1654,1655,gender,age,Cramer's V,0.4780914437337574,0.4,True
1655,1656,race,gender,Cramer's V,0.0838826999202152,0.4,False
1655,1656,race,age,Cramer's V,0.32633342840338386,0.4,False
1655,1656,gender,age,Cramer's V,0.538128464570502,0.4,True
1656,1657,race,gender,Cramer's V,0.42255891244033494,0.4,True
1656,1657,race,age,Cramer's V,0.4345538000162429,0.4,True
1656,1657,gender,age,Cramer's V,0.31267852043729694,0.4,False
1657,1658,race,gender,Cramer's V,0.23857559364750236,0.4,False
1657,1658,race,age,Cramer's V,0.3720836948137824,0.4,False
1657,1658,gender,age,Cramer's V,0.5329480400990121,0.4,True
1658,1659,race,gender,Cramer's V,0.16265001215808886,0.4,False
1658,1659,race,age,Cramer's V,0.32956422869420016,0.4,False
1658,1659,gender,age,Cramer's V,0.16700645635000172,0.4,False
1659,1660,race,gender,Cramer's V,0.10143010324169743,0.4,False
1659,1660,race,age,Cramer's V,0.3872508965873434,0.4,False
1659,1660,gender,age,Cramer's V,0.3243498448735386,0.4,False
1660,1661,race,gender,Cramer's V,0.0674199862463242,0.4,False
1660,1661,race,age,Cramer's V,0.8348471099367217,0.4,True
1660,1661,gender,age,Cramer's V,0.5111262075065218,0.4,True
1661,1662,race,gender,Cramer's V,0.18800220101426177,0.4,False
1661,1662,race,age,Cramer's V,0.38920472819049573,0.4,False
1661,1662,gender,age,Cramer's V,0.3455890886324656,0.4,False
1662,1663,race,gender,Cramer's V,0.3162277660168379,0.4,False
1662,1663,race,age,Cramer's V,0.41186117761890306,0.4,True
1662,1663,gender,age,Cramer's V,0.21712405933672377,0.4,False
1663,1664,race,gender,Cramer's V,0.23434373461108088,0.4,False
1663,1664,race,age,Cramer's V,0.3267515221044758,0.4,False
1663,1664,gender,age,Cramer's V,0.4783680370133218,0.4,True
1664,1665,race,gender,Cramer's V,0.28203803740888306,0.4,False
1664,1665,race,age,Cramer's V,0.46192186933702695,0.4,True
1664,1665,gender,age,Cramer's V,0.4072994686257977,0.4,True
1665,1666,race,gender,Cramer's V,0.19967646244655984,0.4,False
1665,1666,race,age,Cramer's V,0.4379615791682944,0.4,True
1665,1666,gender,age,Cramer's V,0.4215193606805877,0.4,True
1666,1667,race,gender,Cramer's V,0.23857559364750233,0.4,False
1666,1667,race,age,Cramer's V,0.4756911301275769,0.4,True
1666,1667,gender,age,Cramer's V,0.35758044841655323,0.4,False
1667,1668,race,gender,Cramer's V,0.3798847113111367,0.4,False
1667,1668,race,age,Cramer's V,0.40989114736497057,0.4,True
1667,1668,gender,age,Cramer's V,0.41076836557212965,0.4,True
1668,1669,race,gender,Cramer's V,0.16933350266692065,0.4,False
1668,1669,race,age,Cramer's V,0.477659504407206,0.4,True
1668,1669,gender,age,Cramer's V,0.4849589520621155,0.4,True
1669,1670,race,gender,Cramer's V,0.3012678395582845,0.4,False
1669,1670,race,age,Cramer's V,0.3526491604922847,0.4,False
1669,1670,gender,age,Cramer's V,0.35716674549826616,0.4,False
1670,1671,race,gender,Cramer's V,0.1975658322294524,0.4,False
1670,1671,race,age,Cramer's V,0.3328414189043317,0.4,False
1670,1671,gender,age,Cramer's V,0.46694294542879033,0.4,True
1671,1672,race,gender,Cramer's V,0.3953378098262178,0.4,False
1671,1672,race,age,Cramer's V,0.6060270180273247,0.4,True
1671,1672,gender,age,Cramer's V,0.4769258391298217,0.4,True
1672,1673,race,gender,Cramer's V,0.35887028128263676,0.4,False
1672,1673,race,age,Cramer's V,0.32411495653626515,0.4,False
1672,1673,gender,age,Cramer's V,0.43915503282683993,0.4,True
1673,1674,race,gender,Cramer's V,0.2541125689534713,0.4,False
1673,1674,race,age,Cramer's V,0.6318502147483619,0.4,True
1673,1674,gender,age,Cramer's V,0.4366046470987224,0.4,True
1674,1675,race,gender,Cramer's V,0.2645921168802847,0.4,False
1674,1675,race,age,Cramer's V,0.5018484351393873,0.4,True
1674,1675,gender,age,Cramer's V,0.3291794846689796,0.4,False
1675,1676,race,gender,Cramer's V,0.21899236299112584,0.4,False
1675,1676,race,age,Cramer's V,0.6581639032203941,0.4,True
1675,1676,gender,age,Cramer's V,0.4175399289843411,0.4,True
1676,1677,race,gender,Cramer's V,0.22957442588898727,0.4,False
1676,1677,race,age,Cramer's V,0.46479068156354936,0.4,True
1676,1677,gender,age,Cramer's V,0.16531543347970828,0.4,False
1677,1678,race,gender,Cramer's V,0.34653901037875334,0.4,False
1677,1678,race,age,Cramer's V,0.4508118149705116,0.4,True
1677,1678,gender,age,Cramer's V,0.5106018857331862,0.4,True
1678,1679,race,gender,Cramer's V,0.16003799154917472,0.4,False
1678,1679,race,age,Cramer's V,0.43241585432819196,0.4,True
1678,1679,gender,age,Cramer's V,0.3453278686963966,0.4,False
1679,1680,race,gender,Cramer's V,0.3087977285403874,0.4,False
1679,1680,race,age,Cramer's V,0.4835567810441987,0.4,True
1679,1680,gender,age,Cramer's V,0.3092271114526017,0.4,False
1680,1681,race,gender,Cramer's V,0.015228622596829292,0.4,False
1680,1681,race,age,Cramer's V,0.5495824017620384,0.4,True
1680,1681,gender,age,Cramer's V,0.3709037250876014,0.4,False
1681,1682,race,gender,Cramer's V,0.28891857920429637,0.4,False
1681,1682,race,age,Cramer's V,0.5736133349779414,0.4,True
1681,1682,gender,age,Cramer's V,0.45573271518764996,0.4,True
1682,1683,race,gender,Cramer's V,0.2700308624336608,0.4,False
1682,1683,race,age,Cramer's V,0.32436683677154504,0.4,False
1682,1683,gender,age,Cramer's V,0.33990544903798514,0.4,False
1683,1684,race,gender,Cramer's V,0.019672236884115842,0.4,False
1683,1684,race,age,Cramer's V,0.5885818306986476,0.4,True
1683,1684,gender,age,Cramer's V,0.36096582810279837,0.4,False
1684,1685,race,gender,Cramer's V,0.2662761912628405,0.4,False
1684,1685,race,age,Cramer's V,0.4618372557445434,0.4,True
1684,1685,gender,age,Cramer's V,0.27475394021495075,0.4,False
1685,1686,race,gender,Cramer's V,0.11743577988830126,0.4,False
1685,1686,race,age,Cramer's V,0.4670993664969138,0.4,True
1685,1686,gender,age,Cramer's V,0.3598166966173882,0.4,False
1686,1687,race,gender,Cramer's V,0.26726124191242445,0.4,False
1686,1687,race,age,Cramer's V,0.47996340821151773,0.4,True
1686,1687,gender,age,Cramer's V,0.41852399890847075,0.4,True
1687,1688,race,gender,Cramer's V,0.2569238257086111,0.4,False
1687,1688,race,age,Cramer's V,0.35284150327984604,0.4,False
1687,1688,gender,age,Cramer's V,0.36645015252516167,0.4,False
1688,1689,race,gender,Cramer's V,0.19672236884115843,0.4,False
1688,1689,race,age,Cramer's V,0.34283008551244093,0.4,False
1688,1689,gender,age,Cramer's V,0.30703490916654097,0.4,False
1689,1690,race,gender,Cramer's V,0.4183790756038354,0.4,True
1689,1690,race,age,Cramer's V,0.408297167840927,0.4,True
1689,1690,gender,age,Cramer's V,0.4101877231877719,0.4,True
1690,1691,race,gender,Cramer's V,0.02488363008967194,0.4,False
1690,1691,race,age,Cramer's V,0.47434164902525694,0.4,True
1690,1691,gender,age,Cramer's V,0.5662636997199466,0.4,True
1691,1692,race,gender,Cramer's V,0.019672236884115842,0.4,False
1691,1692,race,age,Cramer's V,0.4187300101838551,0.4,True
1691,1692,gender,age,Cramer's V,0.32576664508924114,0.4,False
1692,1693,race,gender,Cramer's V,0.3344280270299693,0.4,False
1692,1693,race,age,Cramer's V,0.5318011846545662,0.4,True
1692,1693,gender,age,Cramer's V,0.32500622436612486,0.4,False
1693,1694,race,gender,Cramer's V,0.1531679162134967,0.4,False
1693,1694,race,age,Cramer's V,0.7674201533425302,0.4,True
1693,1694,gender,age,Cramer's V,0.31692037251720595,0.4,False
1694,1695,race,gender,Cramer's V,0.21320071635561041,0.4,False
1694,1695,race,age,Cramer's V,0.2977185980693239,0.4,False
1694,1695,gender,age,Cramer's V,0.37080992435478316,0.4,False
1695,1696,race,gender,Cramer's V,0.2594676880010005,0.4,False
1695,1696,race,age,Cramer's V,0.2975259843552138,0.4,False
1695,1696,gender,age,Cramer's V,0.4389742733901529,0.4,True
1696,1697,race,gender,Cramer's V,0.2479865443995068,0.4,False
1696,1697,race,age,Cramer's V,0.39554297916410175,0.4,False
1696,1697,gender,age,Cramer's V,0.29332398647052554,0.4,False
1697,1698,race,gender,Cramer's V,0.373772500798201,0.4,False
1697,1698,race,age,Cramer's V,0.35811555850975435,0.4,False
1697,1698,gender,age,Cramer's V,0.41167279283423297,0.4,True
1698,1699,race,gender,Cramer's V,0.23502786055720126,0.4,False
1698,1699,race,age,Cramer's V,0.3419133836291904,0.4,False
1698,1699,gender,age,Cramer's V,0.37142857142857144,0.4,False
1699,1700,race,gender,Cramer's V,0.24756882392709537,0.4,False
1699,1700,race,age,Cramer's V,0.4679260420010173,0.4,True
1699,1700,gender,age,Cramer's V,0.21152852805666233,0.4,False
1700,1701,race,gender,Cramer's V,0.2,0.4,False
1700,1701,race,age,Cramer's V,0.49860917672171967,0.4,True
1700,1701,gender,age,Cramer's V,0.5031152949374527,0.4,True
1701,1702,race,gender,Cramer's V,0.05810001467111502,0.4,False
1701,1702,race,age,Cramer's V,0.7008881791208469,0.4,True
1701,1702,gender,age,Cramer's V,0.3672819947787168,0.4,False
1702,1703,race,gender,Cramer's V,0.02488363008967194,0.4,False
1702,1703,race,age,Cramer's V,0.7564537145273479,0.4,True
1702,1703,gender,age,Cramer's V,0.3196360159033063,0.4,False
1703,1704,race,gender,Cramer's V,0.049629166698546515,0.4,False
1703,1704,race,age,Cramer's V,0.39528470752104744,0.4,False
1703,1704,gender,age,Cramer's V,0.48256665622291384,0.4,True
1704,1705,race,gender,Cramer's V,0.37678571867782057,0.4,False
1704,1705,race,age,Cramer's V,0.38758408904842195,0.4,False
1704,1705,gender,age,Cramer's V,0.5896573432752205,0.4,True
1705,1706,race,gender,Cramer's V,0.24756882392709537,0.4,False
1705,1706,race,age,Cramer's V,0.6779479443575123,0.4,True
1705,1706,gender,age,Cramer's V,0.3297049546835127,0.4,False
1706,1707,race,gender,Cramer's V,0.2585569830079133,0.4,False
1706,1707,race,age,Cramer's V,0.3072558059145494,0.4,False
1706,1707,gender,age,Cramer's V,0.38988765548671683,0.4,False
1707,1708,race,gender,Cramer's V,0.30193392550634157,0.4,False
1707,1708,race,age,Cramer's V,0.7459568438611083,0.4,True
1707,1708,gender,age,Cramer's V,0.3741529691693899,0.4,False
1708,1709,race,gender,Cramer's V,0.1543033499620919,0.4,False
1708,1709,race,age,Cramer's V,0.30118400614168667,0.4,False
1708,1709,gender,age,Cramer's V,0.3645551164096218,0.4,False
1709,1710,race,gender,Cramer's V,0.1305000397701628,0.4,False
1709,1710,race,age,Cramer's V,0.4360593804188043,0.4,True
1709,1710,gender,age,Cramer's V,0.3116774889895918,0.4,False
1710,1711,race,gender,Cramer's V,0.24883990093290165,0.4,False
1710,1711,race,age,Cramer's V,0.42963815590053417,0.4,True
1710,1711,gender,age,Cramer's V,0.45331272234785586,0.4,True
1711,1712,race,gender,Cramer's V,0.29031230770563954,0.4,False
1711,1712,race,age,Cramer's V,0.39180624398097286,0.4,False
1711,1712,gender,age,Cramer's V,0.41117281011439155,0.4,True
1712,1713,race,gender,Cramer's V,0.019672236884115842,0.4,False
1712,1713,race,age,Cramer's V,0.1710595324334883,0.4,False
1712,1713,gender,age,Cramer's V,0.33122515625681076,0.4,False
1713,1714,race,gender,Cramer's V,0.24795239770902117,0.4,False
1713,1714,race,age,Cramer's V,0.5095153690812959,0.4,True
1713,1714,gender,age,Cramer's V,0.47434164902525694,0.4,True
1714,1715,race,gender,Cramer's V,0.27133132818598815,0.4,False
1714,1715,race,age,Cramer's V,0.40823000755154215,0.4,True
1714,1715,gender,age,Cramer's V,0.5201460833765338,0.4,True
1715,1716,race,gender,Cramer's V,0.2585569830079133,0.4,False
1715,1716,race,age,Cramer's V,0.3931138363522604,0.4,False
1715,1716,gender,age,Cramer's V,0.5137398573387355,0.4,True
1716,1717,race,gender,Cramer's V,0.19347649748797371,0.4,False
1716,1717,race,age,Cramer's V,0.3429971702850177,0.4,False
1716,1717,gender,age,Cramer's V,0.359472918619441,0.4,False
1717,1718,race,gender,Cramer's V,0.5034443575988877,0.4,True
1717,1718,race,age,Cramer's V,0.31622776601683794,0.4,False
1717,1718,gender,age,Cramer's V,0.4698714938993648,0.4,True
1718,1719,race,gender,Cramer's V,0.20203050891044214,0.4,False
1718,1719,race,age,Cramer's V,0.40642166702646587,0.4,True
1718,1719,gender,age,Cramer's V,0.357682132537408,0.4,False
1719,1720,race,gender,Cramer's V,0.0181818181818182,0.4,False
1719,1720,race,age,Cramer's V,0.5529784118452927,0.4,True
1719,1720,gender,age,Cramer's V,0.37495375551144566,0.4,False
1720,1721,race,gender,Cramer's V,0.058631050522792216,0.4,False
1720,1721,race,age,Cramer's V,0.2854384273104107,0.4,False
1720,1721,gender,age,Cramer's V,0.40887976538182924,0.4,True
1721,1722,race,gender,Cramer's V,0.16933350266692065,0.4,False
1721,1722,race,age,Cramer's V,0.4923571006829637,0.4,True
1721,1722,gender,age,Cramer's V,0.3687530826702822,0.4,False
1722,1723,race,gender,Cramer's V,0.366965847923092,0.4,False
1722,1723,race,age,Cramer's V,0.49930827728004734,0.4,True
1722,1723,gender,age,Cramer's V,0.36660657690018217,0.4,False
1723,1724,race,gender,Cramer's V,0.2528095645991459,0.4,False
1723,1724,race,age,Cramer's V,0.5525971408495872,0.4,True
1723,1724,gender,age,Cramer's V,0.23054615751190471,0.4,False
1724,1725,race,gender,Cramer's V,0.1920061442949277,0.4,False
1724,1725,race,age,Cramer's V,0.44227857425315303,0.4,True
1724,1725,gender,age,Cramer's V,0.29779648390402963,0.4,False
1725,1726,race,gender,Cramer's V,0.19974090456573362,0.4,False
1725,1726,race,age,Cramer's V,0.4303037186948082,0.4,True
1725,1726,gender,age,Cramer's V,0.3825392429845975,0.4,False
1726,1727,race,gender,Cramer's V,0.2645751311064591,0.4,False
1726,1727,race,age,Cramer's V,0.5671566509057853,0.4,True
1726,1727,gender,age,Cramer's V,0.3807886552931954,0.4,False
1727,1728,race,gender,Cramer's V,0.15424111832013265,0.4,False
1727,1728,race,age,Cramer's V,0.4611091061591585,0.4,True
1727,1728,gender,age,Cramer's V,0.3997767233987349,0.4,False
1728,1729,race,gender,Cramer's V,0.0134950431688566,0.4,False
1728,1729,race,age,Cramer's V,0.2640982755711666,0.4,False
1728,1729,gender,age,Cramer's V,0.5306192922045142,0.4,True
1729,1730,race,gender,Cramer's V,0.2564058202082749,0.4,False
1729,1730,race,age,Cramer's V,0.3365045231756136,0.4,False
1729,1730,gender,age,Cramer's V,0.43918021012557507,0.4,True
1730,1731,race,gender,Cramer's V,0.49401176002967684,0.4,True
1730,1731,race,age,Cramer's V,0.6466872235318749,0.4,True
1730,1731,gender,age,Cramer's V,0.550567888638631,0.4,True
1731,1732,race,gender,Cramer's V,0.2345207879911715,0.4,False
1731,1732,race,age,Cramer's V,0.38078865529319544,0.4,False
1731,1732,gender,age,Cramer's V,0.39528470752104744,0.4,False
1732,1733,race,gender,Cramer's V,0.25350211613320417,0.4,False
1732,1733,race,age,Cramer's V,0.53972907209485,0.4,True
1732,1733,gender,age,Cramer's V,0.4139833200013402,0.4,True
1733,1734,race,gender,Cramer's V,0.25411256895347123,0.4,False
1733,1734,race,age,Cramer's V,0.5412413296033002,0.4,True
1733,1734,gender,age,Cramer's V,0.4282174566517994,0.4,True
1734,1735,race,gender,Cramer's V,0.10279233364889581,0.4,False
1734,1735,race,age,Cramer's V,0.5217835418218257,0.4,True
1734,1735,gender,age,Cramer's V,0.43599642115155707,0.4,True
1735,1736,race,gender,Cramer's V,0.22784934184817202,0.4,False
1735,1736,race,age,Cramer's V,0.2469572902868155,0.4,False
1735,1736,gender,age,Cramer's V,0.2275647474581999,0.4,False
1736,1737,race,gender,Cramer's V,0.05810001467111502,0.4,False
1736,1737,race,age,Cramer's V,0.3066092245674643,0.4,False
1736,1737,gender,age,Cramer's V,0.18927455259039128,0.4,False
1737,1738,race,gender,Cramer's V,0.17180203318601234,0.4,False
1737,1738,race,age,Cramer's V,0.6363636363636364,0.4,True
1737,1738,gender,age,Cramer's V,0.47611176051489246,0.4,True
1738,1739,race,gender,Cramer's V,0.308252758050678,0.4,False
1738,1739,race,age,Cramer's V,0.36983153234796057,0.4,False
1738,1739,gender,age,Cramer's V,0.4729020655869073,0.4,True
1739,1740,race,gender,Cramer's V,0.3562793630286826,0.4,False
1739,1740,race,age,Cramer's V,0.28855174278127016,0.4,False
1739,1740,gender,age,Cramer's V,0.33661950849356903,0.4,False
1740,1741,race,gender,Cramer's V,0.19572034031470317,0.4,False
1740,1741,race,age,Cramer's V,0.4990432902021812,0.4,True
1740,1741,gender,age,Cramer's V,0.4138236339311712,0.4,True
1741,1742,race,gender,Cramer's V,0.21320071635561041,0.4,False
1741,1742,race,age,Cramer's V,0.4558423058385519,0.4,True
1741,1742,gender,age,Cramer's V,0.4569785170873627,0.4,True
1742,1743,race,gender,Cramer's V,0.2988071523335984,0.4,False
1742,1743,race,age,Cramer's V,0.3673323232636705,0.4,False
1742,1743,gender,age,Cramer's V,0.5446503382260083,0.4,True
1743,1744,race,gender,Cramer's V,0.3187542596968177,0.4,False
1743,1744,race,age,Cramer's V,0.3520893951097652,0.4,False
1743,1744,gender,age,Cramer's V,0.3016446681945282,0.4,False
1744,1745,race,gender,Cramer's V,0.1531679162134967,0.4,False
1744,1745,race,age,Cramer's V,0.5934227309721196,0.4,True
1744,1745,gender,age,Cramer's V,0.38344691925830193,0.4,False
1745,1746,race,gender,Cramer's V,0.1688657010763287,0.4,False
1745,1746,race,age,Cramer's V,0.4756700739281053,0.4,True
1745,1746,gender,age,Cramer's V,0.26913067213032166,0.4,False
1746,1747,race,gender,Cramer's V,0.10223260251369133,0.4,False
1746,1747,race,age,Cramer's V,0.6737900678665095,0.4,True
1746,1747,gender,age,Cramer's V,0.43923662224376814,0.4,True
1747,1748,race,gender,Cramer's V,0.0,0.4,False
1747,1748,race,age,Cramer's V,0.5629958132298017,0.4,True
1747,1748,gender,age,Cramer's V,0.36839419880650365,0.4,False
1748,1749,race,gender,Cramer's V,0.30602417167732626,0.4,False
1748,1749,race,age,Cramer's V,0.40163356907699316,0.4,True
1748,1749,gender,age,Cramer's V,0.34960294939005054,0.4,False
1749,1750,race,gender,Cramer's V,0.15424111832013265,0.4,False
1749,1750,race,age,Cramer's V,0.38129424944457035,0.4,False
1749,1750,gender,age,Cramer's V,0.40311288741492746,0.4,True
1750,1751,race,gender,Cramer's V,0.25872528966106906,0.4,False
1750,1751,race,age,Cramer's V,0.5126612946187515,0.4,True
1750,1751,gender,age,Cramer's V,0.36428750987131986,0.4,False
1751,1752,race,gender,Cramer's V,0.13483997249264842,0.4,False
1751,1752,race,age,Cramer's V,0.4510689564392605,0.4,True
1751,1752,gender,age,Cramer's V,0.5336866389290897,0.4,True
1752,1753,race,gender,Cramer's V,0.08499377746907318,0.4,False
1752,1753,race,age,Cramer's V,0.36557075280804674,0.4,False
1752,1753,gender,age,Cramer's V,0.38145882597380376,0.4,False
1753,1754,race,gender,Cramer's V,0.1845419398244734,0.4,False
1753,1754,race,age,Cramer's V,0.5651941652604391,0.4,True
1753,1754,gender,age,Cramer's V,0.33338492892737864,0.4,False
1754,1755,race,gender,Cramer's V,0.14995590180707288,0.4,False
1754,1755,race,age,Cramer's V,0.48201791444018954,0.4,True
1754,1755,gender,age,Cramer's V,0.25819888974716115,0.4,False
1755,1756,race,gender,Cramer's V,0.23502786055720126,0.4,False
1755,1756,race,age,Cramer's V,0.5171145012542265,0.4,True
1755,1756,gender,age,Cramer's V,0.5164536636760231,0.4,True
1756,1757,race,gender,Cramer's V,0.21693045781865616,0.4,False
1756,1757,race,age,Cramer's V,0.4537426064865151,0.4,True
1756,1757,gender,age,Cramer's V,0.29315098498896436,0.4,False
1757,1758,race,gender,Cramer's V,0.29031230770563954,0.4,False
1757,1758,race,age,Cramer's V,0.3618507435271247,0.4,False
1757,1758,gender,age,Cramer's V,0.5243159692604463,0.4,True
1758,1759,race,gender,Cramer's V,0.043051693066150955,0.4,False
1758,1759,race,age,Cramer's V,0.3674234614174767,0.4,False
1758,1759,gender,age,Cramer's V,0.20071985835602202,0.4,False
1759,1760,race,gender,Cramer's V,0.221351435702069,0.4,False
1759,1760,race,age,Cramer's V,0.6527912098338668,0.4,True
1759,1760,gender,age,Cramer's V,0.35934386712771454,0.4,False
1760,1761,race,gender,Cramer's V,0.26967994498529685,0.4,False
1760,1761,race,age,Cramer's V,0.42118045704065776,0.4,True
1760,1761,gender,age,Cramer's V,0.5102082907989638,0.4,True
1761,1762,race,gender,Cramer's V,0.18454193982447342,0.4,False
1761,1762,race,age,Cramer's V,0.3539995149229114,0.4,False
1761,1762,gender,age,Cramer's V,0.27248323822574516,0.4,False
1762,1763,race,gender,Cramer's V,0.05923488777590925,0.4,False
1762,1763,race,age,Cramer's V,0.4574373959280282,0.4,True
1762,1763,gender,age,Cramer's V,0.46519745133722534,0.4,True
1763,1764,race,gender,Cramer's V,0.23759548165574573,0.4,False
1763,1764,race,age,Cramer's V,0.38468671795077863,0.4,False
1763,1764,gender,age,Cramer's V,0.315599706278657,0.4,False
1764,1765,race,gender,Cramer's V,0.14712247158412492,0.4,False
1764,1765,race,age,Cramer's V,0.36599613118730795,0.4,False
1764,1765,gender,age,Cramer's V,0.3338277100726789,0.4,False
1765,1766,race,gender,Cramer's V,0.2886751345948129,0.4,False
1765,1766,race,age,Cramer's V,0.3443932373610656,0.4,False
1765,1766,gender,age,Cramer's V,0.40733600264108627,0.4,True
1766,1767,race,gender,Cramer's V,0.3702995297536084,0.4,False
1766,1767,race,age,Cramer's V,0.3149888669695494,0.4,False
1766,1767,gender,age,Cramer's V,0.4249136929964943,0.4,True
1767,1768,race,gender,Cramer's V,0.32820509826504807,0.4,False
1767,1768,race,age,Cramer's V,0.4312116494136473,0.4,True
1767,1768,gender,age,Cramer's V,0.4478559666107361,0.4,True
1768,1769,race,gender,Cramer's V,0.2969943520696822,0.4,False
1768,1769,race,age,Cramer's V,0.3974042117628872,0.4,False
1768,1769,gender,age,Cramer's V,0.36314597615834876,0.4,False
1769,1770,race,gender,Cramer's V,0.3391164991562634,0.4,False
1769,1770,race,age,Cramer's V,0.31303261489726275,0.4,False
1769,1770,gender,age,Cramer's V,0.30611330768664263,0.4,False
1770,1771,race,gender,Cramer's V,0.3000810741105862,0.4,False
1770,1771,race,age,Cramer's V,0.37432478894543925,0.4,False
1770,1771,gender,age,Cramer's V,0.3000810741105862,0.4,False
1771,1772,race,gender,Cramer's V,0.32893729840306307,0.4,False
1771,1772,race,age,Cramer's V,0.4088578615580902,0.4,True
1771,1772,gender,age,Cramer's V,0.4520484775850445,0.4,True
1772,1773,race,gender,Cramer's V,0.07559289460184544,0.4,False
1772,1773,race,age,Cramer's V,0.6782329983125269,0.4,True
1772,1773,gender,age,Cramer's V,0.28619008002508034,0.4,False
1773,1774,race,gender,Cramer's V,0.1920061442949277,0.4,False
1773,1774,race,age,Cramer's V,0.4468309177000936,0.4,True
1773,1774,gender,age,Cramer's V,0.37959715651840487,0.4,False
1774,1775,race,gender,Cramer's V,0.15811388300841897,0.4,False
1774,1775,race,age,Cramer's V,0.4752084229761608,0.4,True
1774,1775,gender,age,Cramer's V,0.46435439052516775,0.4,True
1775,1776,race,gender,Cramer's V,0.23793301269816083,0.4,False
1775,1776,race,age,Cramer's V,0.6472761776988631,0.4,True
1775,1776,gender,age,Cramer's V,0.39365928540580475,0.4,False
1776,1777,race,gender,Cramer's V,0.2,0.4,False
1776,1777,race,age,Cramer's V,0.5141515845077713,0.4,True
1776,1777,gender,age,Cramer's V,0.22537446792760443,0.4,False
1777,1778,race,gender,Cramer's V,0.22801542129339253,0.4,False
1777,1778,race,age,Cramer's V,0.38655567174253413,0.4,False
1777,1778,gender,age,Cramer's V,0.43022678980724355,0.4,True
1778,1779,race,gender,Cramer's V,0.3344280270299693,0.4,False
1778,1779,race,age,Cramer's V,0.5332682251925386,0.4,True
1778,1779,gender,age,Cramer's V,0.4516910092107852,0.4,True
1779,1780,race,gender,Cramer's V,0.0838826999202152,0.4,False
1779,1780,race,age,Cramer's V,0.4861724348043978,0.4,True
1779,1780,gender,age,Cramer's V,0.4439877992195462,0.4,True
1780,1781,race,gender,Cramer's V,0.3087795776702321,0.4,False
1780,1781,race,age,Cramer's V,0.4684635824467231,0.4,True
1780,1781,gender,age,Cramer's V,0.28268483207578415,0.4,False
1781,1782,race,gender,Cramer's V,0.10050378152592121,0.4,False
1781,1782,race,age,Cramer's V,0.20701966780270625,0.4,False
1781,1782,gender,age,Cramer's V,0.3795360576382948,0.4,False
1782,1783,race,gender,Cramer's V,0.0712086066408125,0.4,False
1782,1783,race,age,Cramer's V,0.36260737346413535,0.4,False
1782,1783,gender,age,Cramer's V,0.47025531783216284,0.4,True
1783,1784,race,gender,Cramer's V,0.18477899252555727,0.4,False
1783,1784,race,age,Cramer's V,0.39847379086605994,0.4,False
1783,1784,gender,age,Cramer's V,0.5257735709090171,0.4,True
1784,1785,race,gender,Cramer's V,0.1845419398244734,0.4,False
1784,1785,race,age,Cramer's V,0.526782687642637,0.4,True
1784,1785,gender,age,Cramer's V,0.3375379808923607,0.4,False
1785,1786,race,gender,Cramer's V,0.1845419398244734,0.4,False
1785,1786,race,age,Cramer's V,0.44461802166037445,0.4,True
1785,1786,gender,age,Cramer's V,0.5278615073083401,0.4,True
1786,1787,race,gender,Cramer's V,0.2548235957188128,0.4,False
1786,1787,race,age,Cramer's V,0.4183300132670377,0.4,True
1786,1787,gender,age,Cramer's V,0.2210512075597787,0.4,False
1787,1788,race,gender,Cramer's V,0.16020809397970628,0.4,False
1787,1788,race,age,Cramer's V,0.37559011893140265,0.4,False
1787,1788,gender,age,Cramer's V,0.6046540578655013,0.4,True
1788,1789,race,gender,Cramer's V,0.050964719143762556,0.4,False
1788,1789,race,age,Cramer's V,0.3502215336827858,0.4,False
1788,1789,gender,age,Cramer's V,0.28834288665489466,0.4,False
1789,1790,race,gender,Cramer's V,0.19245008972987526,0.4,False
1789,1790,race,age,Cramer's V,0.4511489261157047,0.4,True
1789,1790,gender,age,Cramer's V,0.4396202830466234,0.4,True
1790,1791,race,gender,Cramer's V,0.19245008972987526,0.4,False
1790,1791,race,age,Cramer's V,0.49777281743560264,0.4,True
1790,1791,gender,age,Cramer's V,0.3884918608232686,0.4,False
1791,1792,race,gender,Cramer's V,0.0838826999202152,0.4,False
1791,1792,race,age,Cramer's V,0.27524094128159016,0.4,False
1791,1792,gender,age,Cramer's V,0.2809757434745082,0.4,False
1792,1793,race,gender,Cramer's V,0.19217652869645185,0.4,False
1792,1793,race,age,Cramer's V,0.35125008665710444,0.4,False
1792,1793,gender,age,Cramer's V,0.5948370943638004,0.4,True
1793,1794,race,gender,Cramer's V,0.24459979523511427,0.4,False
1793,1794,race,age,Cramer's V,0.3291985499584745,0.4,False
1793,1794,gender,age,Cramer's V,0.3470811679305056,0.4,False
1794,1795,race,gender,Cramer's V,0.035921060405354976,0.4,False
1794,1795,race,age,Cramer's V,0.3407771005482389,0.4,False
1794,1795,gender,age,Cramer's V,0.4609772228646444,0.4,True
1795,1796,race,gender,Cramer's V,0.027116307227332027,0.4,False
1795,1796,race,age,Cramer's V,0.24253562503633294,0.4,False
1795,1796,gender,age,Cramer's V,0.3643732387852559,0.4,False
1796,1797,race,gender,Cramer's V,0.23645225811925727,0.4,False
1796,1797,race,age,Cramer's V,0.3955429791641018,0.4,False
1796,1797,gender,age,Cramer's V,0.5137567139800544,0.4,True
1797,1798,race,gender,Cramer's V,0.3349822744670637,0.4,False
1797,1798,race,age,Cramer's V,0.382901162824835,0.4,False
1797,1798,gender,age,Cramer's V,0.49878016513237494,0.4,True
1798,1799,race,gender,Cramer's V,0.10072787050317254,0.4,False
1798,1799,race,age,Cramer's V,0.44320263021395917,0.4,True
1798,1799,gender,age,Cramer's V,0.3825386347156229,0.4,False
1799,1800,race,gender,Cramer's V,0.16003799154917472,0.4,False
1799,1800,race,age,Cramer's V,0.36599613118730795,0.4,False
1799,1800,gender,age,Cramer's V,0.35390149866468024,0.4,False
1800,1801,race,gender,Cramer's V,0.1695158759052026,0.4,False
1800,1801,race,age,Cramer's V,0.4803931760781279,0.4,True
1800,1801,gender,age,Cramer's V,0.2930163576638442,0.4,False
1801,1802,race,gender,Cramer's V,0.23871592765805777,0.4,False
1801,1802,race,age,Cramer's V,0.3321055820775357,0.4,False
1801,1802,gender,age,Cramer's V,0.5095516236289088,0.4,True
1802,1803,race,gender,Cramer's V,0.3360107525161235,0.4,False
1802,1803,race,age,Cramer's V,0.45000995608261457,0.4,True
1802,1803,gender,age,Cramer's V,0.4805469016395015,0.4,True
1803,1804,race,gender,Cramer's V,0.2696799449852968,0.4,False
1803,1804,race,age,Cramer's V,0.42131248350150835,0.4,True
1803,1804,gender,age,Cramer's V,0.3927353707378181,0.4,False
1804,1805,race,gender,Cramer's V,0.19039432764659772,0.4,False
1804,1805,race,age,Cramer's V,0.33416562759605706,0.4,False
1804,1805,gender,age,Cramer's V,0.25106914244031314,0.4,False
1805,1806,race,gender,Cramer's V,0.16707667138625512,0.4,False
1805,1806,race,age,Cramer's V,0.3656726337802509,0.4,False
1805,1806,gender,age,Cramer's V,0.42698117659923607,0.4,True
1806,1807,race,gender,Cramer's V,0.22987563891058244,0.4,False
1806,1807,race,age,Cramer's V,0.35565164872118227,0.4,False
1806,1807,gender,age,Cramer's V,0.542727623043219,0.4,True
1807,1808,race,gender,Cramer's V,0.221351435702069,0.4,False
1807,1808,race,age,Cramer's V,0.4254132472977669,0.4,True
1807,1808,gender,age,Cramer's V,0.5257735709090171,0.4,True
1808,1809,race,gender,Cramer's V,0.027116307227332027,0.4,False
1808,1809,race,age,Cramer's V,0.6183469424008423,0.4,True
1808,1809,gender,age,Cramer's V,0.37440428874222503,0.4,False
1809,1810,race,gender,Cramer's V,0.26547352123364487,0.4,False
1809,1810,race,age,Cramer's V,0.3967460238079361,0.4,False
1809,1810,gender,age,Cramer's V,0.542481072744215,0.4,True
1810,1811,race,gender,Cramer's V,0.2563413196550355,0.4,False
1810,1811,race,age,Cramer's V,0.5721534913659082,0.4,True
1810,1811,gender,age,Cramer's V,0.33884334848837566,0.4,False
1811,1812,race,gender,Cramer's V,0.22941573387056174,0.4,False
1811,1812,race,age,Cramer's V,0.4136912997066671,0.4,True
1811,1812,gender,age,Cramer's V,0.3732544513450796,0.4,False
1812,1813,race,gender,Cramer's V,0.22987563891058246,0.4,False
1812,1813,race,age,Cramer's V,0.32307445639837323,0.4,False
1812,1813,gender,age,Cramer's V,0.41598599370338235,0.4,True
1813,1814,race,gender,Cramer's V,0.1348399724926484,0.4,False
1813,1814,race,age,Cramer's V,0.25989670312702373,0.4,False
1813,1814,gender,age,Cramer's V,0.42938234969121064,0.4,True
1814,1815,race,gender,Cramer's V,0.28520117972873166,0.4,False
1814,1815,race,age,Cramer's V,0.31782086308186414,0.4,False
1814,1815,gender,age,Cramer's V,0.6169505982572351,0.4,True
1815,1816,race,gender,Cramer's V,0.25739075352467505,0.4,False
1815,1816,race,age,Cramer's V,0.4281744192888376,0.4,True
1815,1816,gender,age,Cramer's V,0.28504385627478446,0.4,False
1816,1817,race,gender,Cramer's V,0.05679618342470648,0.4,False
1816,1817,race,age,Cramer's V,0.35178639213185825,0.4,False
1816,1817,gender,age,Cramer's V,0.3022955106474057,0.4,False
1817,1818,race,gender,Cramer's V,0.2319554688245682,0.4,False
1817,1818,race,age,Cramer's V,0.33477056410301237,0.4,False
1817,1818,gender,age,Cramer's V,0.32433748657040123,0.4,False
1818,1819,race,gender,Cramer's V,0.30750032782568415,0.4,False
1818,1819,race,age,Cramer's V,0.5934227309721196,0.4,True
1818,1819,gender,age,Cramer's V,0.3231591220773726,0.4,False
1819,1820,race,gender,Cramer's V,0.2258769757263128,0.4,False
1819,1820,race,age,Cramer's V,0.3912303982179758,0.4,False
1819,1820,gender,age,Cramer's V,0.35443417268435035,0.4,False
1820,1821,race,gender,Cramer's V,0.4377199402374819,0.4,True
1820,1821,race,age,Cramer's V,0.5993913915835988,0.4,True
1820,1821,gender,age,Cramer's V,0.3368161224677217,0.4,False
1821,1822,race,gender,Cramer's V,0.15737789507292674,0.4,False
1821,1822,race,age,Cramer's V,0.3439528622188968,0.4,False
1821,1822,gender,age,Cramer's V,0.33975821983196797,0.4,False
1822,1823,race,gender,Cramer's V,0.36484293592308537,0.4,False
1822,1823,race,age,Cramer's V,0.46631931517330877,0.4,True
1822,1823,gender,age,Cramer's V,0.2605628073778542,0.4,False
1823,1824,race,gender,Cramer's V,0.10279233364889581,0.4,False
1823,1824,race,age,Cramer's V,0.6042857687572831,0.4,True
1823,1824,gender,age,Cramer's V,0.4301473444854849,0.4,True
1824,1825,race,gender,Cramer's V,0.1918053639991929,0.4,False
1824,1825,race,age,Cramer's V,0.39692831006786766,0.4,False
1824,1825,gender,age,Cramer's V,0.5123883351717395,0.4,True
1825,1826,race,gender,Cramer's V,0.14924050144892728,0.4,False
1825,1826,race,age,Cramer's V,0.40170092900519455,0.4,True
1825,1826,gender,age,Cramer's V,0.48377695447024477,0.4,True
1826,1827,race,gender,Cramer's V,0.17811271131234427,0.4,False
1826,1827,race,age,Cramer's V,0.39379769978059853,0.4,False
1826,1827,gender,age,Cramer's V,0.4364357804719847,0.4,True
1827,1828,race,gender,Cramer's V,0.32266154989319684,0.4,False
1827,1828,race,age,Cramer's V,0.5789002055870026,0.4,True
1827,1828,gender,age,Cramer's V,0.26411423783260124,0.4,False
1828,1829,race,gender,Cramer's V,0.15694120514358612,0.4,False
1828,1829,race,age,Cramer's V,0.40578989038611235,0.4,True
1828,1829,gender,age,Cramer's V,0.45084953823027135,0.4,True
1829,1830,race,gender,Cramer's V,0.059761430466719674,0.4,False
1829,1830,race,age,Cramer's V,0.3893102875599359,0.4,False
1829,1830,gender,age,Cramer's V,0.3265986323710904,0.4,False
1830,1831,race,gender,Cramer's V,0.4791968589521739,0.4,True
1830,1831,race,age,Cramer's V,0.4130035501986567,0.4,True
1830,1831,gender,age,Cramer's V,0.4989785484735137,0.4,True
1831,1832,race,gender,Cramer's V,0.21693045781865616,0.4,False
1831,1832,race,age,Cramer's V,0.7475450015964021,0.4,True
1831,1832,gender,age,Cramer's V,0.33149112150457904,0.4,False
1832,1833,race,gender,Cramer's V,0.15811388300841897,0.4,False
1832,1833,race,age,Cramer's V,0.4780914437337575,0.4,True
1832,1833,gender,age,Cramer's V,0.3471825374147068,0.4,False
1833,1834,race,gender,Cramer's V,0.2548235957188128,0.4,False
1833,1834,race,age,Cramer's V,0.399414354021601,0.4,False
1833,1834,gender,age,Cramer's V,0.4475905774395275,0.4,True
1834,1835,race,gender,Cramer's V,0.3291637799987717,0.4,False
1834,1835,race,age,Cramer's V,0.4297932319409209,0.4,True
1834,1835,gender,age,Cramer's V,0.2826130391014008,0.4,False
1835,1836,race,gender,Cramer's V,0.29991180361414577,0.4,False
1835,1836,race,age,Cramer's V,0.3822563661383062,0.4,False
1835,1836,gender,age,Cramer's V,0.32250945052666646,0.4,False
1836,1837,race,gender,Cramer's V,0.16003799154917472,0.4,False
1836,1837,race,age,Cramer's V,0.31439719916945646,0.4,False
1836,1837,gender,age,Cramer's V,0.5281965511423333,0.4,True
1837,1838,race,gender,Cramer's V,0.029741626587270094,0.4,False
1837,1838,race,age,Cramer's V,0.4577531888031043,0.4,True
1837,1838,gender,age,Cramer's V,0.3062087871338785,0.4,False
1838,1839,race,gender,Cramer's V,0.17407765595569785,0.4,False
1838,1839,race,age,Cramer's V,0.2990063143760019,0.4,False
1838,1839,gender,age,Cramer's V,0.19483849199282458,0.4,False
1839,1840,race,gender,Cramer's V,0.2484163905421972,0.4,False
1839,1840,race,age,Cramer's V,0.44315631612948,0.4,True
1839,1840,gender,age,Cramer's V,0.3578913236092361,0.4,False
1840,1841,race,gender,Cramer's V,0.3114321219064982,0.4,False
1840,1841,race,age,Cramer's V,0.29569217513127133,0.4,False
1840,1841,gender,age,Cramer's V,0.3908289302844056,0.4,False
1841,1842,race,gender,Cramer's V,0.25973124082465987,0.4,False
1841,1842,race,age,Cramer's V,0.5048603815749507,0.4,True
1841,1842,gender,age,Cramer's V,0.3281650616569468,0.4,False
1842,1843,race,gender,Cramer's V,0.1975658322294524,0.4,False
1842,1843,race,age,Cramer's V,0.40433664783005674,0.4,True
1842,1843,gender,age,Cramer's V,0.3343745185885412,0.4,False
1843,1844,race,gender,Cramer's V,0.385176847712032,0.4,False
1843,1844,race,age,Cramer's V,0.5423713365090993,0.4,True
1843,1844,gender,age,Cramer's V,0.23844535493687,0.4,False
1844,1845,race,gender,Cramer's V,0.24756882392709537,0.4,False
1844,1845,race,age,Cramer's V,0.4215707765694907,0.4,True
1844,1845,gender,age,Cramer's V,0.3405138401367488,0.4,False
1845,1846,race,gender,Cramer's V,0.30427756164449327,0.4,False
1845,1846,race,age,Cramer's V,0.35716760453600505,0.4,False
1845,1846,gender,age,Cramer's V,0.36396089414596794,0.4,False
1846,1847,race,gender,Cramer's V,0.29022300164012427,0.4,False
1846,1847,race,age,Cramer's V,0.4734908113016522,0.4,True
1846,1847,gender,age,Cramer's V,0.42741546846596773,0.4,True
1847,1848,race,gender,Cramer's V,0.04099600308453939,0.4,False
1847,1848,race,age,Cramer's V,0.2572478777137633,0.4,False
1847,1848,gender,age,Cramer's V,0.3126218583270448,0.4,False
1848,1849,race,gender,Cramer's V,0.3798847113111367,0.4,False
1848,1849,race,age,Cramer's V,0.3120441717345488,0.4,False
1848,1849,gender,age,Cramer's V,0.3580130927955053,0.4,False
1849,1850,race,gender,Cramer's V,0.22491172553012098,0.4,False
1849,1850,race,age,Cramer's V,0.33253108588058816,0.4,False
1849,1850,gender,age,Cramer's V,0.5589968596209801,0.4,True
1850,1851,race,gender,Cramer's V,0.3779644730092272,0.4,False
1850,1851,race,age,Cramer's V,0.40835137045299813,0.4,True
1850,1851,gender,age,Cramer's V,0.37566679534601016,0.4,False
1851,1852,race,gender,Cramer's V,0.29031230770563954,0.4,False
1851,1852,race,age,Cramer's V,0.34583823797473023,0.4,False
1851,1852,gender,age,Cramer's V,0.4767312946227962,0.4,True
1852,1853,race,gender,Cramer's V,0.311790991356424,0.4,False
1852,1853,race,age,Cramer's V,0.45237867395188364,0.4,True
1852,1853,gender,age,Cramer's V,0.4147573290403465,0.4,True
1853,1854,race,gender,Cramer's V,0.3983637762050535,0.4,False
1853,1854,race,age,Cramer's V,0.33325651956728675,0.4,False
1853,1854,gender,age,Cramer's V,0.27589266480729685,0.4,False
1854,1855,race,gender,Cramer's V,0.1383496476323666,0.4,False
1854,1855,race,age,Cramer's V,0.4293891009329417,0.4,True
1854,1855,gender,age,Cramer's V,0.40487091096478456,0.4,True
1855,1856,race,gender,Cramer's V,0.29830872470998104,0.4,False
1855,1856,race,age,Cramer's V,0.33599654163237164,0.4,False
1855,1856,gender,age,Cramer's V,0.3711709271250338,0.4,False
1856,1857,race,gender,Cramer's V,0.2699617212566387,0.4,False
1856,1857,race,age,Cramer's V,0.29671136548605975,0.4,False
1856,1857,gender,age,Cramer's V,0.4811252243246881,0.4,True
1857,1858,race,gender,Cramer's V,0.2581988897471611,0.4,False
1857,1858,race,age,Cramer's V,0.47228757717682507,0.4,True
1857,1858,gender,age,Cramer's V,0.41861449477782686,0.4,True
1858,1859,race,gender,Cramer's V,0.32917948466897956,0.4,False
1858,1859,race,age,Cramer's V,0.47963580459605504,0.4,True
1858,1859,gender,age,Cramer's V,0.34436595887856464,0.4,False
1859,1860,race,gender,Cramer's V,0.35456210417116735,0.4,False
1859,1860,race,age,Cramer's V,0.4208127057650866,0.4,True
1859,1860,gender,age,Cramer's V,0.41209001664464256,0.4,True
1860,1861,race,gender,Cramer's V,0.21320071635561041,0.4,False
1860,1861,race,age,Cramer's V,0.7203836105133822,0.4,True
1860,1861,gender,age,Cramer's V,0.26604364450071116,0.4,False
1861,1862,race,gender,Cramer's V,0.10279233364889581,0.4,False
1861,1862,race,age,Cramer's V,0.6079352378800074,0.4,True
1861,1862,gender,age,Cramer's V,0.3046884125600143,0.4,False
1862,1863,race,gender,Cramer's V,0.3630388891331636,0.4,False
1862,1863,race,age,Cramer's V,0.4591268790208503,0.4,True
1862,1863,gender,age,Cramer's V,0.5563486402641868,0.4,True
1863,1864,race,gender,Cramer's V,0.2837595470102821,0.4,False
1863,1864,race,age,Cramer's V,0.7188479840984631,0.4,True
1863,1864,gender,age,Cramer's V,0.5489836359600018,0.4,True
1864,1865,race,gender,Cramer's V,0.21740658913657607,0.4,False
1864,1865,race,age,Cramer's V,0.5809475019311126,0.4,True
1864,1865,gender,age,Cramer's V,0.3213961022561639,0.4,False
1865,1866,race,gender,Cramer's V,0.26726124191242445,0.4,False
1865,1866,race,age,Cramer's V,0.3771859665740025,0.4,False
1865,1866,gender,age,Cramer's V,0.5552777082985894,0.4,True
1866,1867,race,gender,Cramer's V,0.29963858518846687,0.4,False
1866,1867,race,age,Cramer's V,0.4028176864008906,0.4,True
1866,1867,gender,age,Cramer's V,0.5032402746142324,0.4,True
1867,1868,race,gender,Cramer's V,0.35102679989067226,0.4,False
1867,1868,race,age,Cramer's V,0.4079646861986772,0.4,True
1867,1868,gender,age,Cramer's V,0.3926007365579752,0.4,False
1868,1869,race,gender,Cramer's V,0.22075019853852626,0.4,False
1868,1869,race,age,Cramer's V,0.5081028421181072,0.4,True
1868,1869,gender,age,Cramer's V,0.30099801107998386,0.4,False
1869,1870,race,gender,Cramer's V,0.21740658913657607,0.4,False
1869,1870,race,age,Cramer's V,0.44546324203013654,0.4,True
1869,1870,gender,age,Cramer's V,0.49843505093442214,0.4,True
1870,1871,race,gender,Cramer's V,0.39035186939452376,0.4,False
1870,1871,race,age,Cramer's V,0.3408594801163453,0.4,False
1870,1871,gender,age,Cramer's V,0.36530099377569686,0.4,False
1871,1872,race,gender,Cramer's V,0.25063586368073526,0.4,False
1871,1872,race,age,Cramer's V,0.3171708870074829,0.4,False
1871,1872,gender,age,Cramer's V,0.31671690438500405,0.4,False
1872,1873,race,gender,Cramer's V,0.19967646244655982,0.4,False
1872,1873,race,age,Cramer's V,0.4522309149295002,0.4,True
1872,1873,gender,age,Cramer's V,0.3420300833582888,0.4,False
1873,1874,race,gender,Cramer's V,0.1906598174256852,0.4,False
1873,1874,race,age,Cramer's V,0.37414167889286765,0.4,False
1873,1874,gender,age,Cramer's V,0.5480980958129164,0.4,True
1874,1875,race,gender,Cramer's V,0.1504142093990467,0.4,False
1874,1875,race,age,Cramer's V,0.7390659560519331,0.4,True
1874,1875,gender,age,Cramer's V,0.38701449556860246,0.4,False
1875,1876,race,gender,Cramer's V,0.06446583712203043,0.4,False
1875,1876,race,age,Cramer's V,0.363514589999985,0.4,False
1875,1876,gender,age,Cramer's V,0.14486895107997777,0.4,False
1876,1877,race,gender,Cramer's V,0.1957203403147032,0.4,False
1876,1877,race,age,Cramer's V,0.2669017780753529,0.4,False
1876,1877,gender,age,Cramer's V,0.36314597615834876,0.4,False
1877,1878,race,gender,Cramer's V,0.47919685895217384,0.4,True
1877,1878,race,age,Cramer's V,0.44742442327220633,0.4,True
1877,1878,gender,age,Cramer's V,0.3212080372198105,0.4,False
1878,1879,race,gender,Cramer's V,0.3226532044037171,0.4,False
1878,1879,race,age,Cramer's V,0.3025898519452919,0.4,False
1878,1879,gender,age,Cramer's V,0.2747912008810192,0.4,False
1879,1880,race,gender,Cramer's V,0.050964719143762556,0.4,False
1879,1880,race,age,Cramer's V,0.5860327153276884,0.4,True
1879,1880,gender,age,Cramer's V,0.4385091212655748,0.4,True
1880,1881,race,gender,Cramer's V,0.10279233364889581,0.4,False
1880,1881,race,age,Cramer's V,0.38700075614067764,0.4,False
1880,1881,gender,age,Cramer's V,0.32857431300774187,0.4,False
1881,1882,race,gender,Cramer's V,0.04925591622625793,0.4,False
1881,1882,race,age,Cramer's V,0.3823306683052511,0.4,False
1881,1882,gender,age,Cramer's V,0.296078262731896,0.4,False
1882,1883,race,gender,Cramer's V,0.29050007335557515,0.4,False
1882,1883,race,age,Cramer's V,0.4014293278168982,0.4,True
1882,1883,gender,age,Cramer's V,0.5200727395053342,0.4,True
1883,1884,race,gender,Cramer's V,0.28268483207578415,0.4,False
1883,1884,race,age,Cramer's V,0.36908601950753755,0.4,False
1883,1884,gender,age,Cramer's V,0.44771243959871,0.4,True
1884,1885,race,gender,Cramer's V,0.27371993098639175,0.4,False
1884,1885,race,age,Cramer's V,0.7059272861515791,0.4,True
1884,1885,gender,age,Cramer's V,0.4638645046107439,0.4,True
1885,1886,race,gender,Cramer's V,0.21260582868325334,0.4,False
1885,1886,race,age,Cramer's V,0.4424259720458788,0.4,True
1885,1886,gender,age,Cramer's V,0.4147864106682029,0.4,True
1886,1887,race,gender,Cramer's V,0.2845213189769458,0.4,False
1886,1887,race,age,Cramer's V,0.5522121617684079,0.4,True
1886,1887,gender,age,Cramer's V,0.3473110997362451,0.4,False
1887,1888,race,gender,Cramer's V,0.17529736639968854,0.4,False
1887,1888,race,age,Cramer's V,0.42718212497860275,0.4,True
1887,1888,gender,age,Cramer's V,0.4315669125408017,0.4,True
1888,1889,race,gender,Cramer's V,0.2582286653212377,0.4,False
1888,1889,race,age,Cramer's V,0.39653673135076006,0.4,False
1888,1889,gender,age,Cramer's V,0.3555578781046403,0.4,False
1889,1890,race,gender,Cramer's V,0.09999999999999999,0.4,False
1889,1890,race,age,Cramer's V,0.5055250296034368,0.4,True
1889,1890,gender,age,Cramer's V,0.4710360920354193,0.4,True
1890,1891,race,gender,Cramer's V,0.2634155559226539,0.4,False
1890,1891,race,age,Cramer's V,0.29222492734752337,0.4,False
1890,1891,gender,age,Cramer's V,0.4894811914003375,0.4,True
1891,1892,race,gender,Cramer's V,0.1481336344916697,0.4,False
1891,1892,race,age,Cramer's V,0.5071330279581256,0.4,True
1891,1892,gender,age,Cramer's V,0.32661756727166985,0.4,False
1892,1893,race,gender,Cramer's V,0.00870553172889712,0.4,False
1892,1893,race,age,Cramer's V,0.28694317003370834,0.4,False
1892,1893,gender,age,Cramer's V,0.4232267466983616,0.4,True
1893,1894,race,gender,Cramer's V,0.2024976320979853,0.4,False
1893,1894,race,age,Cramer's V,0.47649791662741253,0.4,True
1893,1894,gender,age,Cramer's V,0.3205897343611891,0.4,False
1894,1895,race,gender,Cramer's V,0.1889822365046136,0.4,False
1894,1895,race,age,Cramer's V,0.3462620201004627,0.4,False
1894,1895,gender,age,Cramer's V,0.27524094128159016,0.4,False
1895,1896,race,gender,Cramer's V,0.15811388300841897,0.4,False
1895,1896,race,age,Cramer's V,0.4212603915161233,0.4,True
1895,1896,gender,age,Cramer's V,0.3842122429322726,0.4,False
1896,1897,race,gender,Cramer's V,0.05976143046671969,0.4,False
1896,1897,race,age,Cramer's V,0.4854658415721268,0.4,True
1896,1897,gender,age,Cramer's V,0.5092550042372282,0.4,True
1897,1898,race,gender,Cramer's V,0.2618924633082486,0.4,False
1897,1898,race,age,Cramer's V,0.40766797987845677,0.4,True
1897,1898,gender,age,Cramer's V,0.6392559503139619,0.4,True
1898,1899,race,gender,Cramer's V,0.2277100170213244,0.4,False
1898,1899,race,age,Cramer's V,0.5615418222243076,0.4,True
1898,1899,gender,age,Cramer's V,0.5814595756329395,0.4,True
1899,1900,race,gender,Cramer's V,0.29664793948382656,0.4,False
1899,1900,race,age,Cramer's V,0.3870933606266967,0.4,False
1899,1900,gender,age,Cramer's V,0.290275283583946,0.4,False
1900,1901,race,gender,Cramer's V,0.24913362291662294,0.4,False
1900,1901,race,age,Cramer's V,0.25348320591768425,0.4,False
1900,1901,gender,age,Cramer's V,0.17110492670745225,0.4,False
1901,1902,race,gender,Cramer's V,0.4392166712408951,0.4,True
1901,1902,race,age,Cramer's V,0.7866131595172942,0.4,True
1901,1902,gender,age,Cramer's V,0.5313273124533198,0.4,True
1902,1903,race,gender,Cramer's V,0.22500784850289599,0.4,False
1902,1903,race,age,Cramer's V,0.4139277798077241,0.4,True
1902,1903,gender,age,Cramer's V,0.3836107279983858,0.4,False
1903,1904,race,gender,Cramer's V,0.21738019850581278,0.4,False
1903,1904,race,age,Cramer's V,0.2669837674020541,0.4,False
1903,1904,gender,age,Cramer's V,0.31817380140614115,0.4,False
1904,1905,race,gender,Cramer's V,0.21738019850581278,0.4,False
1904,1905,race,age,Cramer's V,0.28810479557664137,0.4,False
1904,1905,gender,age,Cramer's V,0.22473328748774737,0.4,False
1905,1906,race,gender,Cramer's V,0.3087977285403874,0.4,False
1905,1906,race,age,Cramer's V,0.4086624349692369,0.4,True
1905,1906,gender,age,Cramer's V,0.3385946608671002,0.4,False
1906,1907,race,gender,Cramer's V,0.08032193289024989,0.4,False
1906,1907,race,age,Cramer's V,0.7164942814144012,0.4,True
1906,1907,gender,age,Cramer's V,0.3831780223674067,0.4,False
1907,1908,race,gender,Cramer's V,0.02488363008967194,0.4,False
1907,1908,race,age,Cramer's V,0.2838231060987733,0.4,False
1907,1908,gender,age,Cramer's V,0.4704914761206277,0.4,True
1908,1909,race,gender,Cramer's V,0.2558442550607443,0.4,False
1908,1909,race,age,Cramer's V,0.3867286941673921,0.4,False
1908,1909,gender,age,Cramer's V,0.3071064656937444,0.4,False
1909,1910,race,gender,Cramer's V,0.21189138534559038,0.4,False
1909,1910,race,age,Cramer's V,0.3245003135818812,0.4,False
1909,1910,gender,age,Cramer's V,0.1858973456756489,0.4,False
1910,1911,race,gender,Cramer's V,0.0552789992822782,0.4,False
1910,1911,race,age,Cramer's V,0.49999999999999994,0.4,True
1910,1911,gender,age,Cramer's V,0.4951059180921493,0.4,True
1911,1912,race,gender,Cramer's V,0.35606981658898623,0.4,False
1911,1912,race,age,Cramer's V,0.3011222395881831,0.4,False
1911,1912,gender,age,Cramer's V,0.4391042017562574,0.4,True
1912,1913,race,gender,Cramer's V,0.2699617212566387,0.4,False
1912,1913,race,age,Cramer's V,0.3435455624912429,0.4,False
1912,1913,gender,age,Cramer's V,0.4162696521251859,0.4,True
1913,1914,race,gender,Cramer's V,0.2832309662091704,0.4,False
1913,1914,race,age,Cramer's V,0.43151272436918586,0.4,True
1913,1914,gender,age,Cramer's V,0.39720002157962825,0.4,False
1914,1915,race,gender,Cramer's V,0.36484293592308537,0.4,False
1914,1915,race,age,Cramer's V,0.434986164105208,0.4,True
1914,1915,gender,age,Cramer's V,0.4291125744241316,0.4,True
1915,1916,race,gender,Cramer's V,0.3479776363132402,0.4,False
1915,1916,race,age,Cramer's V,0.6758374114801626,0.4,True
1915,1916,gender,age,Cramer's V,0.5324626592696275,0.4,True
1916,1917,race,gender,Cramer's V,0.29517721571553635,0.4,False
1916,1917,race,age,Cramer's V,0.5297090055791298,0.4,True
1916,1917,gender,age,Cramer's V,0.40590906963470086,0.4,True
1917,1918,race,gender,Cramer's V,0.17481888415098404,0.4,False
1917,1918,race,age,Cramer's V,0.37171292429009134,0.4,False
1917,1918,gender,age,Cramer's V,0.4453400489483563,0.4,True
1918,1919,race,gender,Cramer's V,0.2965909994776427,0.4,False
1918,1919,race,age,Cramer's V,0.2585620388573539,0.4,False
1918,1919,gender,age,Cramer's V,0.3833259389999639,0.4,False
1919,1920,race,gender,Cramer's V,0.2427267108450066,0.4,False
1919,1920,race,age,Cramer's V,0.39557373382515176,0.4,False
1919,1920,gender,age,Cramer's V,0.3813850356982369,0.4,False
1920,1921,race,gender,Cramer's V,0.2041241452319315,0.4,False
1920,1921,race,age,Cramer's V,0.622315664043808,0.4,True
1920,1921,gender,age,Cramer's V,0.6591284573884003,0.4,True
1921,1922,race,gender,Cramer's V,0.3057751657875176,0.4,False
1921,1922,race,age,Cramer's V,0.459813626840888,0.4,True
1921,1922,gender,age,Cramer's V,0.4435393014123896,0.4,True
1922,1923,race,gender,Cramer's V,0.28617573573616956,0.4,False
1922,1923,race,age,Cramer's V,0.3518560529425878,0.4,False
1922,1923,gender,age,Cramer's V,0.3881043674065005,0.4,False
1923,1924,race,gender,Cramer's V,0.17529736639968854,0.4,False
1923,1924,race,age,Cramer's V,0.41411254210765486,0.4,True
1923,1924,gender,age,Cramer's V,0.4710360920354193,0.4,True
1924,1925,race,gender,Cramer's V,0.17418541062770385,0.4,False
1924,1925,race,age,Cramer's V,0.4266657366061292,0.4,True
1924,1925,gender,age,Cramer's V,0.4396331549421287,0.4,True
1925,1926,race,gender,Cramer's V,0.31781023344380427,0.4,False
1925,1926,race,age,Cramer's V,0.3453393392871123,0.4,False
1925,1926,gender,age,Cramer's V,0.2341996975398542,0.4,False
1926,1927,race,gender,Cramer's V,0.28371703515501445,0.4,False
1926,1927,race,age,Cramer's V,0.648835614251397,0.4,True
1926,1927,gender,age,Cramer's V,0.5841031335203016,0.4,True
1927,1928,race,gender,Cramer's V,0.2390457218668787,0.4,False
1927,1928,race,age,Cramer's V,0.2988364284961469,0.4,False
1927,1928,gender,age,Cramer's V,0.2638993314558738,0.4,False
1928,1929,race,gender,Cramer's V,0.13483997249264845,0.4,False
1928,1929,race,age,Cramer's V,0.2648374763678451,0.4,False
1928,1929,gender,age,Cramer's V,0.25634797778466234,0.4,False
1929,1930,race,gender,Cramer's V,0.39528470752104744,0.4,False
1929,1930,race,age,Cramer's V,0.4349232681269756,0.4,True
1929,1930,gender,age,Cramer's V,0.3529099807960304,0.4,False
1930,1931,race,gender,Cramer's V,0.33726843908080106,0.4,False
1930,1931,race,age,Cramer's V,0.5200160253940899,0.4,True
1930,1931,gender,age,Cramer's V,0.3980981573144278,0.4,False
1931,1932,race,gender,Cramer's V,0.15179418517972906,0.4,False
1931,1932,race,age,Cramer's V,0.4566807940676407,0.4,True
1931,1932,gender,age,Cramer's V,0.47642851193450514,0.4,True
1932,1933,race,gender,Cramer's V,0.30471681187979444,0.4,False
1932,1933,race,age,Cramer's V,0.3608349530658543,0.4,False
1932,1933,gender,age,Cramer's V,0.6284568268332179,0.4,True
1933,1934,race,gender,Cramer's V,0.35929768658621625,0.4,False
1933,1934,race,age,Cramer's V,0.4518127246840911,0.4,True
1933,1934,gender,age,Cramer's V,0.33541019662496846,0.4,False
1934,1935,race,gender,Cramer's V,0.22987563891058246,0.4,False
1934,1935,race,age,Cramer's V,0.2976761849915292,0.4,False
1934,1935,gender,age,Cramer's V,0.49343516379516894,0.4,True
1935,1936,race,gender,Cramer's V,0.2668139424492882,0.4,False
1935,1936,race,age,Cramer's V,0.4592137493299783,0.4,True
1935,1936,gender,age,Cramer's V,0.41731515072125075,0.4,True
1936,1937,race,gender,Cramer's V,0.4385290096535146,0.4,True
1936,1937,race,age,Cramer's V,0.5041097128246018,0.4,True
1936,1937,gender,age,Cramer's V,0.3520771695712935,0.4,False
1937,1938,race,gender,Cramer's V,0.27133132818598815,0.4,False
1937,1938,race,age,Cramer's V,0.2236679844518356,0.4,False
1937,1938,gender,age,Cramer's V,0.38149143409218805,0.4,False
1938,1939,race,gender,Cramer's V,0.3075406977753958,0.4,False
1938,1939,race,age,Cramer's V,0.31543165097494835,0.4,False
1938,1939,gender,age,Cramer's V,0.4969293465978881,0.4,True
1939,1940,race,gender,Cramer's V,0.31622776601683794,0.4,False
1939,1940,race,age,Cramer's V,0.2955733263842346,0.4,False
1939,1940,gender,age,Cramer's V,0.17949975150843347,0.4,False
1940,1941,race,gender,Cramer's V,0.42183511252074357,0.4,True
1940,1941,race,age,Cramer's V,0.5773502691896257,0.4,True
1940,1941,gender,age,Cramer's V,0.46841881636804755,0.4,True
1941,1942,race,gender,Cramer's V,0.27936056994917524,0.4,False
1941,1942,race,age,Cramer's V,0.659320351403439,0.4,True
1941,1942,gender,age,Cramer's V,0.4040142487926796,0.4,True
1942,1943,race,gender,Cramer's V,0.1383496476323666,0.4,False
1942,1943,race,age,Cramer's V,0.5801193511153214,0.4,True
1942,1943,gender,age,Cramer's V,0.39627385358230116,0.4,False
1943,1944,race,gender,Cramer's V,0.5863019699779287,0.4,True
1943,1944,race,age,Cramer's V,0.5842483665755119,0.4,True
1943,1944,gender,age,Cramer's V,0.5075393126114999,0.4,True
1944,1945,race,gender,Cramer's V,0.4309458036856674,0.4,True
1944,1945,race,age,Cramer's V,0.36754044517029527,0.4,False
1944,1945,gender,age,Cramer's V,0.3941438982050459,0.4,False
1945,1946,race,gender,Cramer's V,0.21926450482675733,0.4,False
1945,1946,race,age,Cramer's V,0.5631940163034405,0.4,True
1945,1946,gender,age,Cramer's V,0.3941885530867371,0.4,False
1946,1947,race,gender,Cramer's V,0.42072429044616455,0.4,True
1946,1947,race,age,Cramer's V,0.46487119091307266,0.4,True
1946,1947,gender,age,Cramer's V,0.3965337450823208,0.4,False
1947,1948,race,gender,Cramer's V,0.2038588765750502,0.4,False
1947,1948,race,age,Cramer's V,0.3247098827207265,0.4,False
1947,1948,gender,age,Cramer's V,0.3709037250876014,0.4,False
1948,1949,race,gender,Cramer's V,0.029741626587270094,0.4,False
1948,1949,race,age,Cramer's V,0.3174355149041282,0.4,False
1948,1949,gender,age,Cramer's V,0.4893378895014414,0.4,True
1949,1950,race,gender,Cramer's V,0.27286371951943134,0.4,False
1949,1950,race,age,Cramer's V,0.39141023293131944,0.4,False
1949,1950,gender,age,Cramer's V,0.5042675027063654,0.4,True
1950,1951,race,gender,Cramer's V,0.18234056553995937,0.4,False
1950,1951,race,age,Cramer's V,0.3293264070082161,0.4,False
1950,1951,gender,age,Cramer's V,0.46548322173641016,0.4,True
1951,1952,race,gender,Cramer's V,0.2645921168802847,0.4,False
1951,1952,race,age,Cramer's V,0.456836844232478,0.4,True
1951,1952,gender,age,Cramer's V,0.5164886098433783,0.4,True
1952,1953,race,gender,Cramer's V,0.30079260375911915,0.4,False
1952,1953,race,age,Cramer's V,0.3699387215310003,0.4,False
1952,1953,gender,age,Cramer's V,0.30007214139818117,0.4,False
1953,1954,race,gender,Cramer's V,0.1781741612749496,0.4,False
1953,1954,race,age,Cramer's V,0.4460474563690878,0.4,True
1953,1954,gender,age,Cramer's V,0.35875298424362084,0.4,False
1954,1955,race,gender,Cramer's V,0.2808970277583047,0.4,False
1954,1955,race,age,Cramer's V,0.3525525107905224,0.4,False
1954,1955,gender,age,Cramer's V,0.2730728380457719,0.4,False
1955,1956,race,gender,Cramer's V,0.3217384419058438,0.4,False
1955,1956,race,age,Cramer's V,0.40715329978253834,0.4,True
1955,1956,gender,age,Cramer's V,0.2542495961508241,0.4,False
1956,1957,race,gender,Cramer's V,0.2721655269759087,0.4,False
1956,1957,race,age,Cramer's V,0.5979093500096182,0.4,True
1956,1957,gender,age,Cramer's V,0.4360314860077463,0.4,True
1957,1958,race,gender,Cramer's V,0.16003799154917472,0.4,False
1957,1958,race,age,Cramer's V,0.7760623217710851,0.4,True
1957,1958,gender,age,Cramer's V,0.562201855189083,0.4,True
1958,1959,race,gender,Cramer's V,0.3707741032694353,0.4,False
1958,1959,race,age,Cramer's V,0.34341036738962966,0.4,False
1958,1959,gender,age,Cramer's V,0.2949457695797772,0.4,False
1959,1960,race,gender,Cramer's V,0.29790030000755074,0.4,False
1959,1960,race,age,Cramer's V,0.3679971842411673,0.4,False
1959,1960,gender,age,Cramer's V,0.34308827313697066,0.4,False
1960,1961,race,gender,Cramer's V,0.27404811059921597,0.4,False
1960,1961,race,age,Cramer's V,0.4947642536265799,0.4,True
1960,1961,gender,age,Cramer's V,0.5406108229766627,0.4,True
1961,1962,race,gender,Cramer's V,0.16951587590520262,0.4,False
1961,1962,race,age,Cramer's V,0.45141630795422966,0.4,True
1961,1962,gender,age,Cramer's V,0.4203802763208292,0.4,True
1962,1963,race,gender,Cramer's V,0.25143267648537193,0.4,False
1962,1963,race,age,Cramer's V,0.379061170601871,0.4,False
1962,1963,gender,age,Cramer's V,0.1930274990373532,0.4,False
1963,1964,race,gender,Cramer's V,0.16357894622998556,0.4,False
1963,1964,race,age,Cramer's V,0.6764534616027075,0.4,True
1963,1964,gender,age,Cramer's V,0.3874981274298108,0.4,False
1964,1965,race,gender,Cramer's V,0.30151134457776363,0.4,False
1964,1965,race,age,Cramer's V,0.5108255680198094,0.4,True
1964,1965,gender,age,Cramer's V,0.416110740246089,0.4,True
1965,1966,race,gender,Cramer's V,0.35082320772281167,0.4,False
1965,1966,race,age,Cramer's V,0.3355597750034449,0.4,False
1965,1966,gender,age,Cramer's V,0.388762605758789,0.4,False
1966,1967,race,gender,Cramer's V,0.19245008972987526,0.4,False
1966,1967,race,age,Cramer's V,0.4521553322083512,0.4,True
1966,1967,gender,age,Cramer's V,0.4714045207910317,0.4,True
1967,1968,race,gender,Cramer's V,0.27408063103344665,0.4,False
1967,1968,race,age,Cramer's V,0.32886195150881037,0.4,False
1967,1968,gender,age,Cramer's V,0.532681893816563,0.4,True
1968,1969,race,gender,Cramer's V,0.24238399287081647,0.4,False
1968,1969,race,age,Cramer's V,0.47409060817728166,0.4,True
1968,1969,gender,age,Cramer's V,0.31735514130747233,0.4,False
1969,1970,race,gender,Cramer's V,0.31622776601683794,0.4,False
1969,1970,race,age,Cramer's V,0.4044028519516976,0.4,True
1969,1970,gender,age,Cramer's V,0.3952847075210474,0.4,False
1970,1971,race,gender,Cramer's V,0.2798712598283755,0.4,False
1970,1971,race,age,Cramer's V,0.40170092900519455,0.4,True
1970,1971,gender,age,Cramer's V,0.49155458146677006,0.4,True
1971,1972,race,gender,Cramer's V,0.25570415597837937,0.4,False
1971,1972,race,age,Cramer's V,0.4881064056615762,0.4,True
1971,1972,gender,age,Cramer's V,0.38369548110737794,0.4,False
1972,1973,race,gender,Cramer's V,0.2754865825096699,0.4,False
1972,1973,race,age,Cramer's V,0.3381874455081379,0.4,False
1972,1973,gender,age,Cramer's V,0.2449489742783178,0.4,False
1973,1974,race,gender,Cramer's V,0.26598872156540776,0.4,False
1973,1974,race,age,Cramer's V,0.3189972715545687,0.4,False
1973,1974,gender,age,Cramer's V,0.43192881357927493,0.4,True
1974,1975,race,gender,Cramer's V,0.24700588001483842,0.4,False
1974,1975,race,age,Cramer's V,0.6749017885903283,0.4,True
1974,1975,gender,age,Cramer's V,0.5458752586258128,0.4,True
1975,1976,race,gender,Cramer's V,0.4,0.4,True
1975,1976,race,age,Cramer's V,0.3531603350069515,0.4,False
1975,1976,gender,age,Cramer's V,0.3761885925209018,0.4,False
1976,1977,race,gender,Cramer's V,0.20930724738891343,0.4,False
1976,1977,race,age,Cramer's V,0.596229333385584,0.4,True
1976,1977,gender,age,Cramer's V,0.47466422073817577,0.4,True
1977,1978,race,gender,Cramer's V,0.043051693066150955,0.4,False
1977,1978,race,age,Cramer's V,0.5250205250503431,0.4,True
1977,1978,gender,age,Cramer's V,0.28993533761858004,0.4,False
1978,1979,race,gender,Cramer's V,0.24060934550190927,0.4,False
1978,1979,race,age,Cramer's V,0.38255520496849194,0.4,False
1978,1979,gender,age,Cramer's V,0.4204203215274528,0.4,True
1979,1980,race,gender,Cramer's V,0.21670771368165398,0.4,False
1979,1980,race,age,Cramer's V,0.38981471976904514,0.4,False
1979,1980,gender,age,Cramer's V,0.4021740547516695,0.4,True
1980,1981,race,gender,Cramer's V,0.2427267108450066,0.4,False
1980,1981,race,age,Cramer's V,0.2156765105569273,0.4,False
1980,1981,gender,age,Cramer's V,0.2632565845406897,0.4,False
1981,1982,race,gender,Cramer's V,0.29810567769482627,0.4,False
1981,1982,race,age,Cramer's V,0.3359666102730907,0.4,False
1981,1982,gender,age,Cramer's V,0.3651483716701107,0.4,False
1982,1983,race,gender,Cramer's V,0.2749396965421579,0.4,False
1982,1983,race,age,Cramer's V,0.33013483758763024,0.4,False
1982,1983,gender,age,Cramer's V,0.5105480786951808,0.4,True
1983,1984,race,gender,Cramer's V,0.2402637501064497,0.4,False
1983,1984,race,age,Cramer's V,0.49301396589018714,0.4,True
1983,1984,gender,age,Cramer's V,0.33678668978447834,0.4,False
1984,1985,race,gender,Cramer's V,0.2577429952741747,0.4,False
1984,1985,race,age,Cramer's V,0.3280060617421414,0.4,False
1984,1985,gender,age,Cramer's V,0.4631905164675272,0.4,True
1985,1986,race,gender,Cramer's V,0.4647267604598183,0.4,True
1985,1986,race,age,Cramer's V,0.671425024790566,0.4,True
1985,1986,gender,age,Cramer's V,0.3303499910117406,0.4,False
1986,1987,race,gender,Cramer's V,0.18800220101426177,0.4,False
1986,1987,race,age,Cramer's V,0.33264143621921227,0.4,False
1986,1987,gender,age,Cramer's V,0.3192676278325414,0.4,False
1987,1988,race,gender,Cramer's V,0.03436040663720249,0.4,False
1987,1988,race,age,Cramer's V,0.6083829962530758,0.4,True
1987,1988,gender,age,Cramer's V,0.43034364002194436,0.4,True
1988,1989,race,gender,Cramer's V,0.221351435702069,0.4,False
1988,1989,race,age,Cramer's V,0.3437758254761643,0.4,False
1988,1989,gender,age,Cramer's V,0.5675190940205642,0.4,True
1989,1990,race,gender,Cramer's V,0.21189138534559035,0.4,False
1989,1990,race,age,Cramer's V,0.3450327796711771,0.4,False
1989,1990,gender,age,Cramer's V,0.5593160708581342,0.4,True
1990,1991,race,gender,Cramer's V,0.1889822365046136,0.4,False
1990,1991,race,age,Cramer's V,0.31672699694495315,0.4,False
1990,1991,gender,age,Cramer's V,0.3405469456950425,0.4,False
1991,1992,race,gender,Cramer's V,0.18279819735001337,0.4,False
1991,1992,race,age,Cramer's V,0.5035678216430673,0.4,True
1991,1992,gender,age,Cramer's V,0.3204651639004974,0.4,False
1992,1993,race,gender,Cramer's V,0.327730693416725,0.4,False
1992,1993,race,age,Cramer's V,0.3715226783509999,0.4,False
1992,1993,gender,age,Cramer's V,0.446819053212744,0.4,True
1993,1994,race,gender,Cramer's V,0.4401704215414752,0.4,True
1993,1994,race,age,Cramer's V,0.41318357690095603,0.4,True
1993,1994,gender,age,Cramer's V,0.43667129305899904,0.4,True
1994,1995,race,gender,Cramer's V,0.36917519226059214,0.4,False
1994,1995,race,age,Cramer's V,0.3446365778475927,0.4,False
1994,1995,gender,age,Cramer's V,0.4373528009827678,0.4,True
1995,1996,race,gender,Cramer's V,0.25819888974716115,0.4,False
1995,1996,race,age,Cramer's V,0.2837334673680222,0.4,False
1995,1996,gender,age,Cramer's V,0.29702871856881297,0.4,False
1996,1997,race,gender,Cramer's V,0.24136285895845927,0.4,False
1996,1997,race,age,Cramer's V,0.5396403753370179,0.4,True
1996,1997,gender,age,Cramer's V,0.2812970224554475,0.4,False
1997,1998,race,gender,Cramer's V,0.1845419398244734,0.4,False
1997,1998,race,age,Cramer's V,0.487799411362953,0.4,True
1997,1998,gender,age,Cramer's V,0.36530616576907693,0.4,False
1998,1999,race,gender,Cramer's V,0.274620950888068,0.4,False
1998,1999,race,age,Cramer's V,0.4771614829468959,0.4,True
1998,1999,gender,age,Cramer's V,0.5149470405249986,0.4,True
1999,2000,race,gender,Cramer's V,0.2680951323690902,0.4,False
1999,2000,race,age,Cramer's V,0.41694435191352885,0.4,True
1999,2000,gender,age,Cramer's V,0.3657184709581948,0.4,False
2000,2001,race,gender,Cramer's V,0.34318767136623335,0.4,False
2000,2001,race,age,Cramer's V,0.41561772729046975,0.4,True
2000,2001,gender,age,Cramer's V,0.38144809018088616,0.4,False
2001,2002,race,gender,Cramer's V,0.24984284964397865,0.4,False
2001,2002,race,age,Cramer's V,0.6572955929820508,0.4,True
2001,2002,gender,age,Cramer's V,0.3985488161331794,0.4,False
2002,2003,race,gender,Cramer's V,0.2432388831272105,0.4,False
2002,2003,race,age,Cramer's V,0.4150036474543823,0.4,True
2002,2003,gender,age,Cramer's V,0.4615835638689916,0.4,True
2003,2004,race,gender,Cramer's V,0.18636937065877862,0.4,False
2003,2004,race,age,Cramer's V,0.6005265888435298,0.4,True
2003,2004,gender,age,Cramer's V,0.379460874003692,0.4,False
2004,2005,race,gender,Cramer's V,0.30079260375911915,0.4,False
2004,2005,race,age,Cramer's V,0.47969377808256036,0.4,True
2004,2005,gender,age,Cramer's V,0.2854977534469456,0.4,False
2005,2006,race,gender,Cramer's V,0.32636392257981856,0.4,False
2005,2006,race,age,Cramer's V,0.46434149805926606,0.4,True
2005,2006,gender,age,Cramer's V,0.2765847395750258,0.4,False
2006,2007,race,gender,Cramer's V,0.5127680123435535,0.4,True
2006,2007,race,age,Cramer's V,0.3438568712309241,0.4,False
2006,2007,gender,age,Cramer's V,0.5662375826453062,0.4,True
2007,2008,race,gender,Cramer's V,0.40891049412773967,0.4,True
2007,2008,race,age,Cramer's V,0.3818813079129867,0.4,False
2007,2008,gender,age,Cramer's V,0.20858210255554885,0.4,False
2008,2009,race,gender,Cramer's V,0.29045161372885414,0.4,False
2008,2009,race,age,Cramer's V,0.5259296519727911,0.4,True
2008,2009,gender,age,Cramer's V,0.44543540318737396,0.4,True
2009,2010,race,gender,Cramer's V,0.32038336824108493,0.4,False
2009,2010,race,age,Cramer's V,0.4287347001033417,0.4,True
2009,2010,gender,age,Cramer's V,0.46119238144012387,0.4,True
2010,2011,race,gender,Cramer's V,0.1688657010763287,0.4,False
2010,2011,race,age,Cramer's V,0.6481812160876685,0.4,True
2010,2011,gender,age,Cramer's V,0.5863019699779287,0.4,True
2011,2012,race,gender,Cramer's V,0.23457718351633225,0.4,False
2011,2012,race,age,Cramer's V,0.4115894364503672,0.4,True
2011,2012,gender,age,Cramer's V,0.32268713040185554,0.4,False
2012,2013,race,gender,Cramer's V,0.30645355036149136,0.4,False
2012,2013,race,age,Cramer's V,0.6008344972993397,0.4,True
2012,2013,gender,age,Cramer's V,0.41003886173369974,0.4,True
2013,2014,race,gender,Cramer's V,0.24104656868717725,0.4,False
2013,2014,race,age,Cramer's V,0.4526070359495752,0.4,True
2013,2014,gender,age,Cramer's V,0.3504461442219046,0.4,False
2014,2015,race,gender,Cramer's V,0.15895866488762775,0.4,False
2014,2015,race,age,Cramer's V,0.23963604009235756,0.4,False
2014,2015,gender,age,Cramer's V,0.363911141188778,0.4,False
2015,2016,race,gender,Cramer's V,0.2783882181415011,0.4,False
2015,2016,race,age,Cramer's V,0.38025109061292706,0.4,False
2015,2016,gender,age,Cramer's V,0.48458376837387834,0.4,True
2016,2017,race,gender,Cramer's V,0.33643247938748894,0.4,False
2016,2017,race,age,Cramer's V,0.3401433476455139,0.4,False
2016,2017,gender,age,Cramer's V,0.38083331472632764,0.4,False
2017,2018,race,gender,Cramer's V,0.32210246816812815,0.4,False
2017,2018,race,age,Cramer's V,0.45652766446022575,0.4,True
2017,2018,gender,age,Cramer's V,0.35723050872459977,0.4,False
2018,2019,race,gender,Cramer's V,0.2654735212336448,0.4,False
2018,2019,race,age,Cramer's V,0.6587927872312632,0.4,True
2018,2019,gender,age,Cramer's V,0.25687817065259383,0.4,False
2019,2020,race,gender,Cramer's V,0.2697818712673558,0.4,False
2019,2020,race,age,Cramer's V,0.27458482368263804,0.4,False
2019,2020,gender,age,Cramer's V,0.5132181379714255,0.4,True
2020,2021,race,gender,Cramer's V,0.21275915416322466,0.4,False
2020,2021,race,age,Cramer's V,0.3512677939183088,0.4,False
2020,2021,gender,age,Cramer's V,0.402225215478769,0.4,True
2021,2022,race,gender,Cramer's V,0.2089932078311164,0.4,False
2021,2022,race,age,Cramer's V,0.648704377273062,0.4,True
2021,2022,gender,age,Cramer's V,0.5150787536377127,0.4,True
2022,2023,race,gender,Cramer's V,0.2813657169355689,0.4,False
2022,2023,race,age,Cramer's V,0.5843862234634941,0.4,True
2022,2023,gender,age,Cramer's V,0.4384506939086891,0.4,True
2023,2024,race,gender,Cramer's V,0.4,0.4,True
2023,2024,race,age,Cramer's V,0.39530422727156034,0.4,False
2023,2024,gender,age,Cramer's V,0.5343554194407635,0.4,True
2024,2025,race,gender,Cramer's V,0.30528765034070643,0.4,False
2024,2025,race,age,Cramer's V,0.547709288100155,0.4,True
2024,2025,gender,age,Cramer's V,0.31903873477324707,0.4,False
2025,2026,race,gender,Cramer's V,0.3165250191916821,0.4,False
2025,2026,race,age,Cramer's V,0.27888667551135854,0.4,False
2025,2026,gender,age,Cramer's V,0.4414850970407619,0.4,True
2026,2027,race,gender,Cramer's V,0.5250906251391787,0.4,True
2026,2027,race,age,Cramer's V,0.45349726826789044,0.4,True
2026,2027,gender,age,Cramer's V,0.41802807889838545,0.4,True
2027,2028,race,gender,Cramer's V,0.20930724738891343,0.4,False
2027,2028,race,age,Cramer's V,0.4505984202949115,0.4,True
2027,2028,gender,age,Cramer's V,0.37504578475079636,0.4,False
2028,2029,race,gender,Cramer's V,0.31237900883588565,0.4,False
2028,2029,race,age,Cramer's V,0.6723071677465439,0.4,True
2028,2029,gender,age,Cramer's V,0.23960533025313582,0.4,False
2029,2030,race,gender,Cramer's V,0.16972502573910517,0.4,False
2029,2030,race,age,Cramer's V,0.49969126270597464,0.4,True
2029,2030,gender,age,Cramer's V,0.34426518632954817,0.4,False
2030,2031,race,gender,Cramer's V,0.3542683627908283,0.4,False
2030,2031,race,age,Cramer's V,0.5188745216627708,0.4,True
2030,2031,gender,age,Cramer's V,0.48278639869710216,0.4,True
2031,2032,race,gender,Cramer's V,0.3971049076658556,0.4,False
2031,2032,race,age,Cramer's V,0.3413067532640296,0.4,False
2031,2032,gender,age,Cramer's V,0.30966571838493384,0.4,False
2032,2033,race,gender,Cramer's V,0.37057683270826863,0.4,False
2032,2033,race,age,Cramer's V,0.4208545301957406,0.4,True
2032,2033,gender,age,Cramer's V,0.12453996981544782,0.4,False
2033,2034,race,gender,Cramer's V,0.22220486043288973,0.4,False
2033,2034,race,age,Cramer's V,0.5337671846483328,0.4,True
2033,2034,gender,age,Cramer's V,0.40926763859362253,0.4,True
2034,2035,race,gender,Cramer's V,0.3644344934278313,0.4,False
2034,2035,race,age,Cramer's V,0.3535533905932738,0.4,False
2034,2035,gender,age,Cramer's V,0.27548658250966984,0.4,False
2035,2036,race,gender,Cramer's V,0.18175554015965958,0.4,False
2035,2036,race,age,Cramer's V,0.525492633902099,0.4,True
2035,2036,gender,age,Cramer's V,0.2797926824579409,0.4,False
2036,2037,race,gender,Cramer's V,0.35,0.4,False
2036,2037,race,age,Cramer's V,0.4579791457688697,0.4,True
2036,2037,gender,age,Cramer's V,0.26859422395661664,0.4,False
2037,2038,race,gender,Cramer's V,0.2429563289518875,0.4,False
2037,2038,race,age,Cramer's V,0.5345688813323208,0.4,True
2037,2038,gender,age,Cramer's V,0.5493301998164083,0.4,True
2038,2039,race,gender,Cramer's V,0.33218191941495984,0.4,False
2038,2039,race,age,Cramer's V,0.5848560936215895,0.4,True
2038,2039,gender,age,Cramer's V,0.3921924719636202,0.4,False
2039,2040,race,gender,Cramer's V,0.20587631595514908,0.4,False
2039,2040,race,age,Cramer's V,0.33785250736160544,0.4,False
2039,2040,gender,age,Cramer's V,0.30892799798093395,0.4,False
2040,2041,race,gender,Cramer's V,0.13790104273763182,0.4,False
2040,2041,race,age,Cramer's V,0.45245926640428313,0.4,True
2040,2041,gender,age,Cramer's V,0.47458604166810114,0.4,True
2041,2042,race,gender,Cramer's V,0.16692446522239715,0.4,False
2041,2042,race,age,Cramer's V,0.45074329242875666,0.4,True
2041,2042,gender,age,Cramer's V,0.37971566913313937,0.4,False
2042,2043,race,gender,Cramer's V,0.3390632393653987,0.4,False
2042,2043,race,age,Cramer's V,0.3570899431701032,0.4,False
2042,2043,gender,age,Cramer's V,0.4017872499847795,0.4,True
2043,2044,race,gender,Cramer's V,0.31237900883588565,0.4,False
2043,2044,race,age,Cramer's V,0.3352479575424053,0.4,False
2043,2044,gender,age,Cramer's V,0.41565353017008905,0.4,True
2044,2045,race,gender,Cramer's V,0.2511511956509924,0.4,False
2044,2045,race,age,Cramer's V,0.5003441360812787,0.4,True
2044,2045,gender,age,Cramer's V,0.49149008128343746,0.4,True
2045,2046,race,gender,Cramer's V,0.21963031851023068,0.4,False
2045,2046,race,age,Cramer's V,0.40642166702646576,0.4,True
2045,2046,gender,age,Cramer's V,0.3822353935782192,0.4,False
2046,2047,race,gender,Cramer's V,0.12931515002796792,0.4,False
2046,2047,race,age,Cramer's V,0.4600886301779774,0.4,True
2046,2047,gender,age,Cramer's V,0.4334331662476235,0.4,True
2047,2048,race,gender,Cramer's V,0.06308637790098012,0.4,False
2047,2048,race,age,Cramer's V,0.35351594812450016,0.4,False
2047,2048,gender,age,Cramer's V,0.3631490240870757,0.4,False
2048,2049,race,gender,Cramer's V,0.2658047665355975,0.4,False
2048,2049,race,age,Cramer's V,0.4628296765807153,0.4,True
2048,2049,gender,age,Cramer's V,0.3265708734885541,0.4,False
2049,2050,race,gender,Cramer's V,0.08420678110117708,0.4,False
2049,2050,race,age,Cramer's V,0.5418773847308199,0.4,True
2049,2050,gender,age,Cramer's V,0.48762455042172254,0.4,True
2050,2051,race,gender,Cramer's V,0.33299013289913126,0.4,False
2050,2051,race,age,Cramer's V,0.27198788847559274,0.4,False
2050,2051,gender,age,Cramer's V,0.4878847545104351,0.4,True
2051,2052,race,gender,Cramer's V,0.11501092655705904,0.4,False
2051,2052,race,age,Cramer's V,0.5032686369998177,0.4,True
2051,2052,gender,age,Cramer's V,0.28867513459481287,0.4,False
2052,2053,race,gender,Cramer's V,0.3255032733358928,0.4,False
2052,2053,race,age,Cramer's V,0.3601153622487085,0.4,False
2052,2053,gender,age,Cramer's V,0.4273996426594839,0.4,True
2053,2054,race,gender,Cramer's V,0.31935915485880056,0.4,False
2053,2054,race,age,Cramer's V,0.5169418110182576,0.4,True
2053,2054,gender,age,Cramer's V,0.3866983368404502,0.4,False
2054,2055,race,gender,Cramer's V,0.275,0.4,False
2054,2055,race,age,Cramer's V,0.7212065507806269,0.4,True
2054,2055,gender,age,Cramer's V,0.3446012188022555,0.4,False
2055,2056,race,gender,Cramer's V,0.29019050004400465,0.4,False
2055,2056,race,age,Cramer's V,0.4019627769757719,0.4,True
2055,2056,gender,age,Cramer's V,0.38425799065440075,0.4,False
2056,2057,race,gender,Cramer's V,0.10085876287487881,0.4,False
2056,2057,race,age,Cramer's V,0.3637568828476924,0.4,False
2056,2057,gender,age,Cramer's V,0.21418852419142287,0.4,False
2057,2058,race,gender,Cramer's V,0.16933350266692065,0.4,False
2057,2058,race,age,Cramer's V,0.5581146257569953,0.4,True
2057,2058,gender,age,Cramer's V,0.46378843786765006,0.4,True
2058,2059,race,gender,Cramer's V,0.5357936449156268,0.4,True
2058,2059,race,age,Cramer's V,0.4433518315749317,0.4,True
2058,2059,gender,age,Cramer's V,0.4086369133890464,0.4,True
2059,2060,race,gender,Cramer's V,0.15424111832013265,0.4,False
2059,2060,race,age,Cramer's V,0.29185861579350925,0.4,False
2059,2060,gender,age,Cramer's V,0.37654443865992004,0.4,False
2060,2061,race,gender,Cramer's V,0.285405283652562,0.4,False
2060,2061,race,age,Cramer's V,0.3369822855215636,0.4,False
2060,2061,gender,age,Cramer's V,0.2846508293477918,0.4,False
2061,2062,race,gender,Cramer's V,0.31143212190649816,0.4,False
2061,2062,race,age,Cramer's V,0.5002571355274111,0.4,True
2061,2062,gender,age,Cramer's V,0.5122611653658086,0.4,True
2062,2063,race,gender,Cramer's V,0.2623569492717295,0.4,False
2062,2063,race,age,Cramer's V,0.4141845259649636,0.4,True
2062,2063,gender,age,Cramer's V,0.40114947000405426,0.4,True
2063,2064,race,gender,Cramer's V,0.24104656868717725,0.4,False
2063,2064,race,age,Cramer's V,0.4278483226473118,0.4,True
2063,2064,gender,age,Cramer's V,0.22559445281933937,0.4,False
2064,2065,race,gender,Cramer's V,0.26604364450071116,0.4,False
2064,2065,race,age,Cramer's V,0.358107163766296,0.4,False
2064,2065,gender,age,Cramer's V,0.41849629217917567,0.4,True
2065,2066,race,gender,Cramer's V,0.21773242158072695,0.4,False
2065,2066,race,age,Cramer's V,0.4171663670261275,0.4,True
2065,2066,gender,age,Cramer's V,0.19876159799998133,0.4,False
2066,2067,race,gender,Cramer's V,0.24756882392709537,0.4,False
2066,2067,race,age,Cramer's V,0.4248447988074565,0.4,True
2066,2067,gender,age,Cramer's V,0.345342386098729,0.4,False
2067,2068,race,gender,Cramer's V,0.20930724738891343,0.4,False
2067,2068,race,age,Cramer's V,0.6849912137852302,0.4,True
2067,2068,gender,age,Cramer's V,0.2833233291551146,0.4,False
2068,2069,race,gender,Cramer's V,0.3592829652018713,0.4,False
2068,2069,race,age,Cramer's V,0.31018252752188835,0.4,False
2068,2069,gender,age,Cramer's V,0.30550504633038933,0.4,False
2069,2070,race,gender,Cramer's V,0.20899320783111644,0.4,False
2069,2070,race,age,Cramer's V,0.4100690946773921,0.4,True
2069,2070,gender,age,Cramer's V,0.33873179511959506,0.4,False
2070,2071,race,gender,Cramer's V,0.1545611669337966,0.4,False
2070,2071,race,age,Cramer's V,0.42169583938234556,0.4,True
2070,2071,gender,age,Cramer's V,0.6519843648739851,0.4,True
2071,2072,race,gender,Cramer's V,0.3042903097250923,0.4,False
2071,2072,race,age,Cramer's V,0.5097877576013615,0.4,True
2071,2072,gender,age,Cramer's V,0.535365446789538,0.4,True
2072,2073,race,gender,Cramer's V,0.26604364450071116,0.4,False
2072,2073,race,age,Cramer's V,0.3820544574607244,0.4,False
2072,2073,gender,age,Cramer's V,0.2732678625000105,0.4,False
2073,2074,race,gender,Cramer's V,0.19833676946063936,0.4,False
2073,2074,race,age,Cramer's V,0.4711589336314666,0.4,True
2073,2074,gender,age,Cramer's V,0.3501391189190413,0.4,False
2074,2075,race,gender,Cramer's V,0.1848089591868606,0.4,False
2074,2075,race,age,Cramer's V,0.36642494644785084,0.4,False
2074,2075,gender,age,Cramer's V,0.3754362541795623,0.4,False
2075,2076,race,gender,Cramer's V,0.1688657010763287,0.4,False
2075,2076,race,age,Cramer's V,0.3794766465179712,0.4,False
2075,2076,gender,age,Cramer's V,0.32946483563815715,0.4,False
2076,2077,race,gender,Cramer's V,0.24927879511798282,0.4,False
2076,2077,race,age,Cramer's V,0.3669301201999303,0.4,False
2076,2077,gender,age,Cramer's V,0.35510884636820783,0.4,False
2077,2078,race,gender,Cramer's V,0.21189138534559035,0.4,False
2077,2078,race,age,Cramer's V,0.28506871511199,0.4,False
2077,2078,gender,age,Cramer's V,0.39829568888240924,0.4,False
2078,2079,race,gender,Cramer's V,0.19847906537954926,0.4,False
2078,2079,race,age,Cramer's V,0.4716445268110104,0.4,True
2078,2079,gender,age,Cramer's V,0.43384204952172356,0.4,True
2079,2080,race,gender,Cramer's V,0.2854496128592251,0.4,False
2079,2080,race,age,Cramer's V,0.49767980186580324,0.4,True
2079,2080,gender,age,Cramer's V,0.41679892080955183,0.4,True
2080,2081,race,gender,Cramer's V,0.24743582965269673,0.4,False
2080,2081,race,age,Cramer's V,0.5653351954548334,0.4,True
2080,2081,gender,age,Cramer's V,0.2892636675902369,0.4,False
2081,2082,race,gender,Cramer's V,0.36936673389457536,0.4,False
2081,2082,race,age,Cramer's V,0.3897636576340341,0.4,False
2081,2082,gender,age,Cramer's V,0.4006683379765067,0.4,True
2082,2083,race,gender,Cramer's V,0.2855299420047182,0.4,False
2082,2083,race,age,Cramer's V,0.4770758964093075,0.4,True
2082,2083,gender,age,Cramer's V,0.4654350758362162,0.4,True
2083,2084,race,gender,Cramer's V,0.2581988897471611,0.4,False
2083,2084,race,age,Cramer's V,0.44045831509560657,0.4,True
2083,2084,gender,age,Cramer's V,0.47956678514350104,0.4,True
2084,2085,race,gender,Cramer's V,0.1775947315737317,0.4,False
2084,2085,race,age,Cramer's V,0.35795362517182994,0.4,False
2084,2085,gender,age,Cramer's V,0.6053954296522943,0.4,True
2085,2086,race,gender,Cramer's V,0.17407765595569782,0.4,False
2085,2086,race,age,Cramer's V,0.35515023193403433,0.4,False
2085,2086,gender,age,Cramer's V,0.4519079322392773,0.4,True
2086,2087,race,gender,Cramer's V,0.27404811059921597,0.4,False
2086,2087,race,age,Cramer's V,0.4383600098182832,0.4,True
2086,2087,gender,age,Cramer's V,0.3512787029011258,0.4,False
2087,2088,race,gender,Cramer's V,0.4853406592853679,0.4,True
2087,2088,race,age,Cramer's V,0.4315669125408017,0.4,True
2087,2088,gender,age,Cramer's V,0.3207501495497921,0.4,False
2088,2089,race,gender,Cramer's V,0.3669928721980029,0.4,False
2088,2089,race,age,Cramer's V,0.40143481639810275,0.4,True
2088,2089,gender,age,Cramer's V,0.2320990500632169,0.4,False
2089,2090,race,gender,Cramer's V,0.0805069853942299,0.4,False
2089,2090,race,age,Cramer's V,0.540616324071163,0.4,True
2089,2090,gender,age,Cramer's V,0.4029276520486964,0.4,True
2090,2091,race,gender,Cramer's V,0.25799896800619193,0.4,False
2090,2091,race,age,Cramer's V,0.36569656049650556,0.4,False
2090,2091,gender,age,Cramer's V,0.3557202982143391,0.4,False
2091,2092,race,gender,Cramer's V,0.5184110338331931,0.4,True
2091,2092,race,age,Cramer's V,0.38376508573037366,0.4,False
2091,2092,gender,age,Cramer's V,0.55,0.4,True
2092,2093,race,gender,Cramer's V,0.08625819491779428,0.4,False
2092,2093,race,age,Cramer's V,0.3804024033257262,0.4,False
2092,2093,gender,age,Cramer's V,0.22717801056627043,0.4,False
2093,2094,race,gender,Cramer's V,0.29655763111312544,0.4,False
2093,2094,race,age,Cramer's V,0.6013152971445901,0.4,True
2093,2094,gender,age,Cramer's V,0.44600499385708064,0.4,True
2094,2095,race,gender,Cramer's V,0.2721655269759087,0.4,False
2094,2095,race,age,Cramer's V,0.5006863421213057,0.4,True
2094,2095,gender,age,Cramer's V,0.31416173970997596,0.4,False
2095,2096,race,gender,Cramer's V,0.10085876287487887,0.4,False
2095,2096,race,age,Cramer's V,0.3931774970314012,0.4,False
2095,2096,gender,age,Cramer's V,0.4203184564600744,0.4,True
2096,2097,race,gender,Cramer's V,0.23772549287294753,0.4,False
2096,2097,race,age,Cramer's V,0.3859977368762195,0.4,False
2096,2097,gender,age,Cramer's V,0.5627314338711378,0.4,True
2097,2098,race,gender,Cramer's V,0.29019050004400465,0.4,False
2097,2098,race,age,Cramer's V,0.5079233319223593,0.4,True
2097,2098,gender,age,Cramer's V,0.42192247611545086,0.4,True
2098,2099,race,gender,Cramer's V,0.35102679989067226,0.4,False
2098,2099,race,age,Cramer's V,0.5439056290693574,0.4,True
2098,2099,gender,age,Cramer's V,0.3946233066857133,0.4,False
2099,2100,race,gender,Cramer's V,0.3450327796711771,0.4,False
2099,2100,race,age,Cramer's V,0.4744345934072649,0.4,True
2099,2100,gender,age,Cramer's V,0.30602417167732626,0.4,False
2100,2101,race,gender,Cramer's V,0.25616419381233346,0.4,False
2100,2101,race,age,Cramer's V,0.41876759708255884,0.4,True
2100,2101,gender,age,Cramer's V,0.45773770821706344,0.4,True
2101,2102,race,gender,Cramer's V,0.31622776601683794,0.4,False
2101,2102,race,age,Cramer's V,0.6903350635742038,0.4,True
2101,2102,gender,age,Cramer's V,0.5704103482300837,0.4,True
2102,2103,race,gender,Cramer's V,0.28504385627478446,0.4,False
2102,2103,race,age,Cramer's V,0.358107163766296,0.4,False
2102,2103,gender,age,Cramer's V,0.18540496217739158,0.4,False
2103,2104,race,gender,Cramer's V,0.2658047665355974,0.4,False
2103,2104,race,age,Cramer's V,0.4120482681100908,0.4,True
2103,2104,gender,age,Cramer's V,0.4159859937033823,0.4,True
2104,2105,race,gender,Cramer's V,0.35038244411336755,0.4,False
2104,2105,race,age,Cramer's V,0.4846057026850076,0.4,True
2104,2105,gender,age,Cramer's V,0.5602534502985489,0.4,True
2105,2106,race,gender,Cramer's V,0.058631050522792216,0.4,False
2105,2106,race,age,Cramer's V,0.27527932006339695,0.4,False
2105,2106,gender,age,Cramer's V,0.2586114254178449,0.4,False
2106,2107,race,gender,Cramer's V,0.37072143016804315,0.4,False
2106,2107,race,age,Cramer's V,0.6843898292915724,0.4,True
2106,2107,gender,age,Cramer's V,0.32046516390049745,0.4,False
2107,2108,race,gender,Cramer's V,0.26996172125663864,0.4,False
2107,2108,race,age,Cramer's V,0.49303910352393615,0.4,True
2107,2108,gender,age,Cramer's V,0.365510442529189,0.4,False
2108,2109,race,gender,Cramer's V,0.19245008972987526,0.4,False
2108,2109,race,age,Cramer's V,0.5665577237325317,0.4,True
2108,2109,gender,age,Cramer's V,0.3073181485764296,0.4,False
2109,2110,race,gender,Cramer's V,0.14907119849998596,0.4,False
2109,2110,race,age,Cramer's V,0.39440531887330776,0.4,False
2109,2110,gender,age,Cramer's V,0.4614791034954486,0.4,True
2110,2111,race,gender,Cramer's V,0.23737470216096362,0.4,False
2110,2111,race,age,Cramer's V,0.34304047527481024,0.4,False
2110,2111,gender,age,Cramer's V,0.574091139177556,0.4,True
2111,2112,race,gender,Cramer's V,0.2855133221810449,0.4,False
2111,2112,race,age,Cramer's V,0.30645119947935867,0.4,False
2111,2112,gender,age,Cramer's V,0.350729758698009,0.4,False
2112,2113,race,gender,Cramer's V,0.28375954701028216,0.4,False
2112,2113,race,age,Cramer's V,0.4051748593714406,0.4,True
2112,2113,gender,age,Cramer's V,0.33419801269354027,0.4,False
2113,2114,race,gender,Cramer's V,0.15424111832013265,0.4,False
2113,2114,race,age,Cramer's V,0.48912913614704756,0.4,True
2113,2114,gender,age,Cramer's V,0.4050462936504913,0.4,True
2114,2115,race,gender,Cramer's V,0.34314547629065856,0.4,False
2114,2115,race,age,Cramer's V,0.7096443221360202,0.4,True
2114,2115,gender,age,Cramer's V,0.5006185636501309,0.4,True
2115,2116,race,gender,Cramer's V,0.07471895893481209,0.4,False
2115,2116,race,age,Cramer's V,0.37200563472547377,0.4,False
2115,2116,gender,age,Cramer's V,0.4285954779207122,0.4,True
2116,2117,race,gender,Cramer's V,0.34546515174516373,0.4,False
2116,2117,race,age,Cramer's V,0.5344904831971777,0.4,True
2116,2117,gender,age,Cramer's V,0.383446919258302,0.4,False
2117,2118,race,gender,Cramer's V,0.2806917861068948,0.4,False
2117,2118,race,age,Cramer's V,0.6336522323129237,0.4,True
2117,2118,gender,age,Cramer's V,0.38791260675078665,0.4,False
2118,2119,race,gender,Cramer's V,0.23136639874103085,0.4,False
2118,2119,race,age,Cramer's V,0.7539700548910789,0.4,True
2118,2119,gender,age,Cramer's V,0.4937089340394491,0.4,True
2119,2120,race,gender,Cramer's V,0.18800220101426177,0.4,False
2119,2120,race,age,Cramer's V,0.4585292162399185,0.4,True
2119,2120,gender,age,Cramer's V,0.37080992435478316,0.4,False
2120,2121,race,gender,Cramer's V,0.20199672171915137,0.4,False
2120,2121,race,age,Cramer's V,0.3135546177566172,0.4,False
2120,2121,gender,age,Cramer's V,0.398003530864644,0.4,False
2121,2122,race,gender,Cramer's V,0.2950204010522612,0.4,False
2121,2122,race,age,Cramer's V,0.3746397446502506,0.4,False
2121,2122,gender,age,Cramer's V,0.3770885402604635,0.4,False
2122,2123,race,gender,Cramer's V,0.3509312031717982,0.4,False
2122,2123,race,age,Cramer's V,0.5749277101698806,0.4,True
2122,2123,gender,age,Cramer's V,0.5046083923495819,0.4,True
2123,2124,race,gender,Cramer's V,0.3232891175532269,0.4,False
2123,2124,race,age,Cramer's V,0.7682174470662663,0.4,True
2123,2124,gender,age,Cramer's V,0.5313465215679658,0.4,True
2124,2125,race,gender,Cramer's V,0.39528470752104744,0.4,False
2124,2125,race,age,Cramer's V,0.3136647335169061,0.4,False
2124,2125,gender,age,Cramer's V,0.5007206345320251,0.4,True
2125,2126,race,gender,Cramer's V,0.16951587590520262,0.4,False
2125,2126,race,age,Cramer's V,0.4184063299717258,0.4,True
2125,2126,gender,age,Cramer's V,0.51400148916535,0.4,True
2126,2127,race,gender,Cramer's V,0.3491317340394613,0.4,False
2126,2127,race,age,Cramer's V,0.3244709313349738,0.4,False
2126,2127,gender,age,Cramer's V,0.3035580356405842,0.4,False
2127,2128,race,gender,Cramer's V,0.2113226397348758,0.4,False
2127,2128,race,age,Cramer's V,0.5115708642054809,0.4,True
2127,2128,gender,age,Cramer's V,0.46435439052516775,0.4,True
2128,2129,race,gender,Cramer's V,0.09999999999999999,0.4,False
2128,2129,race,age,Cramer's V,0.5163977794943223,0.4,True
2128,2129,gender,age,Cramer's V,0.5942432162002356,0.4,True
2129,2130,race,gender,Cramer's V,0.36641348856677236,0.4,False
2129,2130,race,age,Cramer's V,0.286610526446137,0.4,False
2129,2130,gender,age,Cramer's V,0.3931226965534482,0.4,False
2130,2131,race,gender,Cramer's V,0.35714285714285715,0.4,False
2130,2131,race,age,Cramer's V,0.29785704769516197,0.4,False
2130,2131,gender,age,Cramer's V,0.5041571154229005,0.4,True
2131,2132,race,gender,Cramer's V,0.25812936931247416,0.4,False
2131,2132,race,age,Cramer's V,0.4805571013670052,0.4,True
2131,2132,gender,age,Cramer's V,0.48113458713047785,0.4,True
2132,2133,race,gender,Cramer's V,0.3057751657875176,0.4,False
2132,2133,race,age,Cramer's V,0.35276684147527876,0.4,False
2132,2133,gender,age,Cramer's V,0.4219224761154508,0.4,True
2133,2134,race,gender,Cramer's V,0.27793646261093063,0.4,False
2133,2134,race,age,Cramer's V,0.37361344681711234,0.4,False
2133,2134,gender,age,Cramer's V,0.3489537325821192,0.4,False
2134,2135,race,gender,Cramer's V,0.14474937289114917,0.4,False
2134,2135,race,age,Cramer's V,0.42426406871192857,0.4,True
2134,2135,gender,age,Cramer's V,0.28042727360638964,0.4,False
2135,2136,race,gender,Cramer's V,0.28375954701028216,0.4,False
2135,2136,race,age,Cramer's V,0.28698625596204275,0.4,False
2135,2136,gender,age,Cramer's V,0.37296137270333635,0.4,False
2136,2137,race,gender,Cramer's V,0.03450738623384269,0.4,False
2136,2137,race,age,Cramer's V,0.41085693228107867,0.4,True
2136,2137,gender,age,Cramer's V,0.39378183162193264,0.4,False
2137,2138,race,gender,Cramer's V,0.35486043161491804,0.4,False
2137,2138,race,age,Cramer's V,0.382285571200135,0.4,False
2137,2138,gender,age,Cramer's V,0.5038853248181447,0.4,True
2138,2139,race,gender,Cramer's V,0.194224649016839,0.4,False
2138,2139,race,age,Cramer's V,0.39598323334256885,0.4,False
2138,2139,gender,age,Cramer's V,0.3412817227536721,0.4,False
2139,2140,race,gender,Cramer's V,0.22117054204556863,0.4,False
2139,2140,race,age,Cramer's V,0.6324555320336759,0.4,True
2139,2140,gender,age,Cramer's V,0.43048371834003224,0.4,True
2140,2141,race,gender,Cramer's V,0.2491364395612199,0.4,False
2140,2141,race,age,Cramer's V,0.4853163685689399,0.4,True
2140,2141,gender,age,Cramer's V,0.31862119858247795,0.4,False
2141,2142,race,gender,Cramer's V,0.2277100170213244,0.4,False
2141,2142,race,age,Cramer's V,0.4237788071226016,0.4,True
2141,2142,gender,age,Cramer's V,0.29814239699997197,0.4,False
2142,2143,race,gender,Cramer's V,0.3562793630286827,0.4,False
2142,2143,race,age,Cramer's V,0.42588998007968576,0.4,True
2142,2143,gender,age,Cramer's V,0.3862978205891802,0.4,False
2143,2144,race,gender,Cramer's V,0.2873353030079663,0.4,False
2143,2144,race,age,Cramer's V,0.36321960327650576,0.4,False
2143,2144,gender,age,Cramer's V,0.50709255283711,0.4,True
2144,2145,race,gender,Cramer's V,0.22806720942444142,0.4,False
2144,2145,race,age,Cramer's V,0.5433488016255491,0.4,True
2144,2145,gender,age,Cramer's V,0.383325938999964,0.4,False
2145,2146,race,gender,Cramer's V,0.2606542361017247,0.4,False
2145,2146,race,age,Cramer's V,0.33060104681351965,0.4,False
2145,2146,gender,age,Cramer's V,0.3451223869391913,0.4,False
2146,2147,race,gender,Cramer's V,0.28504385627478446,0.4,False
2146,2147,race,age,Cramer's V,0.35773760003135047,0.4,False
2146,2147,gender,age,Cramer's V,0.3473110997362452,0.4,False
2147,2148,race,gender,Cramer's V,0.055873769533459273,0.4,False
2147,2148,race,age,Cramer's V,0.34668762264076824,0.4,False
2147,2148,gender,age,Cramer's V,0.4206519368171885,0.4,True
2148,2149,race,gender,Cramer's V,0.34055297878736396,0.4,False
2148,2149,race,age,Cramer's V,0.3565089000973129,0.4,False
2148,2149,gender,age,Cramer's V,0.3887144210071207,0.4,False
2149,2150,race,gender,Cramer's V,0.13614140721551504,0.4,False
2149,2150,race,age,Cramer's V,0.3211867362458012,0.4,False
2149,2150,gender,age,Cramer's V,0.21408720964441882,0.4,False
2150,2151,race,gender,Cramer's V,0.3344280270299693,0.4,False
2150,2151,race,age,Cramer's V,0.657158762316146,0.4,True
2150,2151,gender,age,Cramer's V,0.2944270818072753,0.4,False
2151,2152,race,gender,Cramer's V,0.31622776601683794,0.4,False
2151,2152,race,age,Cramer's V,0.4506939094329987,0.4,True
2151,2152,gender,age,Cramer's V,0.4587768416956009,0.4,True
2152,2153,race,gender,Cramer's V,0.36314597615834876,0.4,False
2152,2153,race,age,Cramer's V,0.540275992570601,0.4,True
2152,2153,gender,age,Cramer's V,0.45276925690687087,0.4,True
2153,2154,race,gender,Cramer's V,0.30950316281454665,0.4,False
2153,2154,race,age,Cramer's V,0.36118251082029007,0.4,False
2153,2154,gender,age,Cramer's V,0.33997708096931417,0.4,False
2154,2155,race,gender,Cramer's V,0.03450738623384267,0.4,False
2154,2155,race,age,Cramer's V,0.35230845735129485,0.4,False
2154,2155,gender,age,Cramer's V,0.3514217491679584,0.4,False
2155,2156,race,gender,Cramer's V,0.08032193289024989,0.4,False
2155,2156,race,age,Cramer's V,0.6594230126992987,0.4,True
2155,2156,gender,age,Cramer's V,0.23570226039551584,0.4,False
2156,2157,race,gender,Cramer's V,0.21791626149303486,0.4,False
2156,2157,race,age,Cramer's V,0.5309642896872415,0.4,True
2156,2157,gender,age,Cramer's V,0.34027852368936023,0.4,False
