bucket_id,bucket,qid_a,qid_b,measure,association,threshold,correlated
0,1,race,gender,Cramer's V,0.3953192418084018,0.4,False
0,1,race,age,Cramer's V,0.2784510101166182,0.4,False
0,1,gender,age,Cramer's V,0.17810665827526415,0.4,False
1,2,race,gender,Cramer's V,0.152074162396136,0.4,False
1,2,race,age,Cramer's V,0.2802567744928262,0.4,False
1,2,gender,age,Cramer's V,0.4308943898289977,0.4,True
2,3,race,gender,Cramer's V,0.20058102040717649,0.4,False
2,3,race,age,Cramer's V,0.3476516326312859,0.4,False
2,3,gender,age,Cramer's V,0.4020442481382845,0.4,True
3,4,race,gender,Cramer's V,0.15396544139142765,0.4,False
3,4,race,age,Cramer's V,0.38012994058731364,0.4,False
3,4,gender,age,Cramer's V,0.3642813375087212,0.4,False
4,5,race,gender,Cramer's V,0.22476278917123008,0.4,False
4,5,race,age,Cramer's V,0.2548452206573907,0.4,False
4,5,gender,age,Cramer's V,0.3374935013817577,0.4,False
5,6,race,gender,Cramer's V,0.3097705476764894,0.4,False
5,6,race,age,Cramer's V,0.2304752455972757,0.4,False
5,6,gender,age,Cramer's V,0.24881242659154632,0.4,False
6,7,race,gender,Cramer's V,0.116439688500962,0.4,False
6,7,race,age,Cramer's V,0.2973813014223296,0.4,False
6,7,gender,age,Cramer's V,0.48463554334325276,0.4,True
7,8,race,gender,Cramer's V,0.23607478965004577,0.4,False
7,8,race,age,Cramer's V,0.26787703715856775,0.4,False
7,8,gender,age,Cramer's V,0.3034079560138467,0.4,False
8,9,race,gender,Cramer's V,0.3086301306495479,0.4,False
8,9,race,age,Cramer's V,0.4515860097948388,0.4,True
8,9,gender,age,Cramer's V,0.3312105099478131,0.4,False
9,10,race,gender,Cramer's V,0.24078174388564877,0.4,False
9,10,race,age,Cramer's V,0.3443530562600296,0.4,False
9,10,gender,age,Cramer's V,0.40375589456232386,0.4,True
10,11,race,gender,Cramer's V,0.14085904245475275,0.4,False
10,11,race,age,Cramer's V,0.429001107356821,0.4,True
10,11,gender,age,Cramer's V,0.3782715636971353,0.4,False
11,12,race,gender,Cramer's V,0.16366236915407842,0.4,False
11,12,race,age,Cramer's V,0.41624564972347505,0.4,True
11,12,gender,age,Cramer's V,0.3578338455199654,0.4,False
12,13,race,gender,Cramer's V,0.17618776519129872,0.4,False
12,13,race,age,Cramer's V,0.34736895150555197,0.4,False
12,13,gender,age,Cramer's V,0.4172597117626054,0.4,True
13,14,race,gender,Cramer's V,0.19955770254409405,0.4,False
13,14,race,age,Cramer's V,0.3860952698003956,0.4,False
13,14,gender,age,Cramer's V,0.4287259952082091,0.4,True
14,15,race,gender,Cramer's V,0.13339891389879166,0.4,False
14,15,race,age,Cramer's V,0.35420900283537043,0.4,False
14,15,gender,age,Cramer's V,0.3219448100535572,0.4,False
15,16,race,gender,Cramer's V,0.31222293637606285,0.4,False
15,16,race,age,Cramer's V,0.2910270734671865,0.4,False
15,16,gender,age,Cramer's V,0.28012609311465986,0.4,False
16,17,race,gender,Cramer's V,0.2169304578186562,0.4,False
16,17,race,age,Cramer's V,0.3142674109770863,0.4,False
16,17,gender,age,Cramer's V,0.35097429734025215,0.4,False
17,18,race,gender,Cramer's V,0.2709061673627079,0.4,False
17,18,race,age,Cramer's V,0.3397666902953569,0.4,False
17,18,gender,age,Cramer's V,0.36832408667058925,0.4,False
18,19,race,gender,Cramer's V,0.11396057645963793,0.4,False
18,19,race,age,Cramer's V,0.27302769677239247,0.4,False
18,19,gender,age,Cramer's V,0.2726400774512284,0.4,False
19,20,race,gender,Cramer's V,0.16292086998461308,0.4,False
19,20,race,age,Cramer's V,0.3304420057921196,0.4,False
19,20,gender,age,Cramer's V,0.3962931495516845,0.4,False
20,21,race,gender,Cramer's V,0.32186401201313675,0.4,False
20,21,race,age,Cramer's V,0.35139211373345397,0.4,False
20,21,gender,age,Cramer's V,0.2996619717236361,0.4,False
21,22,race,gender,Cramer's V,0.09366344287693822,0.4,False
21,22,race,age,Cramer's V,0.38212187555980764,0.4,False
21,22,gender,age,Cramer's V,0.28710925218298977,0.4,False
22,23,race,gender,Cramer's V,0.13703314669893674,0.4,False
22,23,race,age,Cramer's V,0.2273782997002471,0.4,False
22,23,gender,age,Cramer's V,0.46187393032945057,0.4,True
23,24,race,gender,Cramer's V,0.19312606683657793,0.4,False
23,24,race,age,Cramer's V,0.2406444222691683,0.4,False
23,24,gender,age,Cramer's V,0.3113028323619093,0.4,False
24,25,race,gender,Cramer's V,0.09731946351016929,0.4,False
24,25,race,age,Cramer's V,0.33427655074669876,0.4,False
24,25,gender,age,Cramer's V,0.33377286374970644,0.4,False
25,26,race,gender,Cramer's V,0.15507669227774004,0.4,False
25,26,race,age,Cramer's V,0.1694637091472647,0.4,False
25,26,gender,age,Cramer's V,0.256329892397012,0.4,False
26,27,race,gender,Cramer's V,0.23534689338691067,0.4,False
26,27,race,age,Cramer's V,0.31846072530233727,0.4,False
26,27,gender,age,Cramer's V,0.3984639062448896,0.4,False
27,28,race,gender,Cramer's V,0.16614890627708614,0.4,False
27,28,race,age,Cramer's V,0.3335416016031584,0.4,False
27,28,gender,age,Cramer's V,0.26623132963481383,0.4,False
28,29,race,gender,Cramer's V,0.04288825198386928,0.4,False
28,29,race,age,Cramer's V,0.4254010242564247,0.4,True
28,29,gender,age,Cramer's V,0.37622147358671393,0.4,False
29,30,race,gender,Cramer's V,0.3389151005460679,0.4,False
29,30,race,age,Cramer's V,0.3678127028853564,0.4,False
29,30,gender,age,Cramer's V,0.3750375927961607,0.4,False
30,31,race,gender,Cramer's V,0.3714611886991122,0.4,False
30,31,race,age,Cramer's V,0.24156729852857997,0.4,False
30,31,gender,age,Cramer's V,0.3446792227070192,0.4,False
31,32,race,gender,Cramer's V,0.03756241132126745,0.4,False
31,32,race,age,Cramer's V,0.36341397438128203,0.4,False
31,32,gender,age,Cramer's V,0.37554038251328703,0.4,False
32,33,race,gender,Cramer's V,0.035251199395531604,0.4,False
32,33,race,age,Cramer's V,0.25651524326638214,0.4,False
32,33,gender,age,Cramer's V,0.1972014017626215,0.4,False
33,34,race,gender,Cramer's V,0.27145765473093675,0.4,False
33,34,race,age,Cramer's V,0.41631779526443496,0.4,True
33,34,gender,age,Cramer's V,0.4473287002726528,0.4,True
34,35,race,gender,Cramer's V,0.2200498282441934,0.4,False
34,35,race,age,Cramer's V,0.2458183561203963,0.4,False
34,35,gender,age,Cramer's V,0.4074531740627423,0.4,True
35,36,race,gender,Cramer's V,0.17861904127153383,0.4,False
35,36,race,age,Cramer's V,0.3654860836339427,0.4,False
35,36,gender,age,Cramer's V,0.2568353417076923,0.4,False
36,37,race,gender,Cramer's V,0.23550389202051777,0.4,False
36,37,race,age,Cramer's V,0.3150510018200356,0.4,False
36,37,gender,age,Cramer's V,0.20498001542269695,0.4,False
37,38,race,gender,Cramer's V,0.21861083613219776,0.4,False
37,38,race,age,Cramer's V,0.3362538115901051,0.4,False
37,38,gender,age,Cramer's V,0.43793202112680124,0.4,True
38,39,race,gender,Cramer's V,0.11606665064222516,0.4,False
38,39,race,age,Cramer's V,0.3540828584092089,0.4,False
38,39,gender,age,Cramer's V,0.46841384050220586,0.4,True
39,40,race,gender,Cramer's V,0.17380544678845175,0.4,False
39,40,race,age,Cramer's V,0.23031572741637574,0.4,False
39,40,gender,age,Cramer's V,0.31921041995491345,0.4,False
40,41,race,gender,Cramer's V,0.2670402735059715,0.4,False
40,41,race,age,Cramer's V,0.4440031516794658,0.4,True
40,41,gender,age,Cramer's V,0.34871550673610563,0.4,False
41,42,race,gender,Cramer's V,0.2294897477714658,0.4,False
41,42,race,age,Cramer's V,0.39106982248775735,0.4,False
41,42,gender,age,Cramer's V,0.24951746494889063,0.4,False
42,43,race,gender,Cramer's V,0.2986525569180592,0.4,False
42,43,race,age,Cramer's V,0.2910606130199938,0.4,False
42,43,gender,age,Cramer's V,0.37735239004021903,0.4,False
43,44,race,gender,Cramer's V,0.2655981190914979,0.4,False
43,44,race,age,Cramer's V,0.6036704311277714,0.4,True
43,44,gender,age,Cramer's V,0.4507264941283253,0.4,True
44,45,race,gender,Cramer's V,0.2060299266699496,0.4,False
44,45,race,age,Cramer's V,0.4131242265396444,0.4,True
44,45,gender,age,Cramer's V,0.3917679706881904,0.4,False
45,46,race,gender,Cramer's V,0.1995551220059221,0.4,False
45,46,race,age,Cramer's V,0.38521951388116765,0.4,False
45,46,gender,age,Cramer's V,0.4432988055438336,0.4,True
46,47,race,gender,Cramer's V,0.15023602612713538,0.4,False
46,47,race,age,Cramer's V,0.29482494863288705,0.4,False
46,47,gender,age,Cramer's V,0.3838958809052884,0.4,False
47,48,race,gender,Cramer's V,0.18063185201176257,0.4,False
47,48,race,age,Cramer's V,0.35626729374014016,0.4,False
47,48,gender,age,Cramer's V,0.3956083109688375,0.4,False
48,49,race,gender,Cramer's V,0.26342800793016924,0.4,False
48,49,race,age,Cramer's V,0.2302296818718154,0.4,False
48,49,gender,age,Cramer's V,0.2766083828808148,0.4,False
49,50,race,gender,Cramer's V,0.13130643285972254,0.4,False
49,50,race,age,Cramer's V,0.35657649420354026,0.4,False
49,50,gender,age,Cramer's V,0.2542712700894391,0.4,False
50,51,race,gender,Cramer's V,0.17693474333472964,0.4,False
50,51,race,age,Cramer's V,0.5599525946822644,0.4,True
50,51,gender,age,Cramer's V,0.34138335810018405,0.4,False
51,52,race,gender,Cramer's V,0.3304740053042269,0.4,False
51,52,race,age,Cramer's V,0.4670104669317126,0.4,True
51,52,gender,age,Cramer's V,0.29311370976661405,0.4,False
52,53,race,gender,Cramer's V,0.177987880642699,0.4,False
52,53,race,age,Cramer's V,0.489840519077159,0.4,True
52,53,gender,age,Cramer's V,0.2786941833475147,0.4,False
53,54,race,gender,Cramer's V,0.15867389177788235,0.4,False
53,54,race,age,Cramer's V,0.3055831107359896,0.4,False
53,54,gender,age,Cramer's V,0.4141055130749641,0.4,True
54,55,race,gender,Cramer's V,0.17376572850895278,0.4,False
54,55,race,age,Cramer's V,0.32892893135764373,0.4,False
54,55,gender,age,Cramer's V,0.27192306877544636,0.4,False
55,56,race,gender,Cramer's V,0.30787835566316785,0.4,False
55,56,race,age,Cramer's V,0.30949124777851006,0.4,False
55,56,gender,age,Cramer's V,0.3303474622620768,0.4,False
56,57,race,gender,Cramer's V,0.2212098150334103,0.4,False
56,57,race,age,Cramer's V,0.27950953136803425,0.4,False
56,57,gender,age,Cramer's V,0.3042164574185947,0.4,False
57,58,race,gender,Cramer's V,0.20693961736227573,0.4,False
57,58,race,age,Cramer's V,0.3547292938403217,0.4,False
57,58,gender,age,Cramer's V,0.3565696898700384,0.4,False
58,59,race,gender,Cramer's V,0.14460175261818323,0.4,False
58,59,race,age,Cramer's V,0.3025360249981206,0.4,False
58,59,gender,age,Cramer's V,0.37108357924282764,0.4,False
59,60,race,gender,Cramer's V,0.21147138242163394,0.4,False
59,60,race,age,Cramer's V,0.29981743020210055,0.4,False
59,60,gender,age,Cramer's V,0.30149527896727785,0.4,False
60,61,race,gender,Cramer's V,0.24435126462020615,0.4,False
60,61,race,age,Cramer's V,0.3158504057797714,0.4,False
60,61,gender,age,Cramer's V,0.23422103312788192,0.4,False
61,62,race,gender,Cramer's V,0.03279713387304045,0.4,False
61,62,race,age,Cramer's V,0.3527733839516102,0.4,False
61,62,gender,age,Cramer's V,0.39928354824478157,0.4,False
62,63,race,gender,Cramer's V,0.20127862628567655,0.4,False
62,63,race,age,Cramer's V,0.4058665217502344,0.4,True
62,63,gender,age,Cramer's V,0.3619513063883707,0.4,False
63,64,race,gender,Cramer's V,0.2546443598432921,0.4,False
63,64,race,age,Cramer's V,0.39118218808312866,0.4,False
63,64,gender,age,Cramer's V,0.24110123950802842,0.4,False
64,65,race,gender,Cramer's V,0.26537489128369496,0.4,False
64,65,race,age,Cramer's V,0.24778225525996503,0.4,False
64,65,gender,age,Cramer's V,0.14536859272096847,0.4,False
65,66,race,gender,Cramer's V,0.21368506733382528,0.4,False
65,66,race,age,Cramer's V,0.3206079367591803,0.4,False
65,66,gender,age,Cramer's V,0.28513607804779567,0.4,False
66,67,race,gender,Cramer's V,0.008689412492187121,0.4,False
66,67,race,age,Cramer's V,0.39722931555544094,0.4,False
66,67,gender,age,Cramer's V,0.46109992889971935,0.4,True
67,68,race,gender,Cramer's V,0.19301981160832776,0.4,False
67,68,race,age,Cramer's V,0.437061891810642,0.4,True
67,68,gender,age,Cramer's V,0.3244857551434351,0.4,False
68,69,race,gender,Cramer's V,0.24820408574588484,0.4,False
68,69,race,age,Cramer's V,0.36147018871182723,0.4,False
68,69,gender,age,Cramer's V,0.3693711822896286,0.4,False
69,70,race,gender,Cramer's V,0.11170017348240117,0.4,False
69,70,race,age,Cramer's V,0.48988121461782114,0.4,True
69,70,gender,age,Cramer's V,0.31383125931524514,0.4,False
70,71,race,gender,Cramer's V,0.3086066999241839,0.4,False
70,71,race,age,Cramer's V,0.36476988497056434,0.4,False
70,71,gender,age,Cramer's V,0.3983858745423016,0.4,False
71,72,race,gender,Cramer's V,0.03218696997235121,0.4,False
71,72,race,age,Cramer's V,0.31731112600466865,0.4,False
71,72,gender,age,Cramer's V,0.2952237832314519,0.4,False
72,73,race,gender,Cramer's V,0.3000325204289826,0.4,False
72,73,race,age,Cramer's V,0.25311610170583965,0.4,False
72,73,gender,age,Cramer's V,0.37598076012813736,0.4,False
73,74,race,gender,Cramer's V,0.19906766869196502,0.4,False
73,74,race,age,Cramer's V,0.2562800149994141,0.4,False
73,74,gender,age,Cramer's V,0.4377316958071576,0.4,True
74,75,race,gender,Cramer's V,0.11253267499342787,0.4,False
74,75,race,age,Cramer's V,0.3856180736185724,0.4,False
74,75,gender,age,Cramer's V,0.2850533480866542,0.4,False
75,76,race,gender,Cramer's V,0.12070113739631687,0.4,False
75,76,race,age,Cramer's V,0.37775578115950814,0.4,False
75,76,gender,age,Cramer's V,0.27800811157412314,0.4,False
76,77,race,gender,Cramer's V,0.22066141496667793,0.4,False
76,77,race,age,Cramer's V,0.3739839040869733,0.4,False
76,77,gender,age,Cramer's V,0.4149194903007996,0.4,True
77,78,race,gender,Cramer's V,0.2489584734604559,0.4,False
77,78,race,age,Cramer's V,0.36475915673803505,0.4,False
77,78,gender,age,Cramer's V,0.30824336745051917,0.4,False
78,79,race,gender,Cramer's V,0.17861904127153383,0.4,False
78,79,race,age,Cramer's V,0.3064466644054792,0.4,False
78,79,gender,age,Cramer's V,0.34212228548302553,0.4,False
79,80,race,gender,Cramer's V,0.20159462812453596,0.4,False
79,80,race,age,Cramer's V,0.31957448115087195,0.4,False
79,80,gender,age,Cramer's V,0.35868745188457146,0.4,False
80,81,race,gender,Cramer's V,0.07693431805669282,0.4,False
80,81,race,age,Cramer's V,0.3518525070840951,0.4,False
80,81,gender,age,Cramer's V,0.3827256177273175,0.4,False
81,82,race,gender,Cramer's V,0.2119214814163828,0.4,False
81,82,race,age,Cramer's V,0.36596252735569995,0.4,False
81,82,gender,age,Cramer's V,0.2993047499344662,0.4,False
82,83,race,gender,Cramer's V,0.2825486574775476,0.4,False
82,83,race,age,Cramer's V,0.3289540762989957,0.4,False
82,83,gender,age,Cramer's V,0.16397798812830378,0.4,False
83,84,race,gender,Cramer's V,0.03587804401793935,0.4,False
83,84,race,age,Cramer's V,0.4351888487429166,0.4,True
83,84,gender,age,Cramer's V,0.45845826711270316,0.4,True
84,85,race,gender,Cramer's V,0.10943765798490787,0.4,False
84,85,race,age,Cramer's V,0.42722727926496945,0.4,True
84,85,gender,age,Cramer's V,0.3086066999241838,0.4,False
85,86,race,gender,Cramer's V,0.2202268993778113,0.4,False
85,86,race,age,Cramer's V,0.46082763363465795,0.4,True
85,86,gender,age,Cramer's V,0.27524520987351014,0.4,False
86,87,race,gender,Cramer's V,0.1248011769061171,0.4,False
86,87,race,age,Cramer's V,0.3040544277306687,0.4,False
86,87,gender,age,Cramer's V,0.2685518535389687,0.4,False
87,88,race,gender,Cramer's V,0.2711075027781674,0.4,False
87,88,race,age,Cramer's V,0.4235500970406565,0.4,True
87,88,gender,age,Cramer's V,0.41106609209263567,0.4,True
88,89,race,gender,Cramer's V,0.3159836689013305,0.4,False
88,89,race,age,Cramer's V,0.28962537647629427,0.4,False
88,89,gender,age,Cramer's V,0.3566102471148844,0.4,False
89,90,race,gender,Cramer's V,0.04508597875533068,0.4,False
89,90,race,age,Cramer's V,0.40051361425402493,0.4,True
89,90,gender,age,Cramer's V,0.519631160148415,0.4,True
90,91,race,gender,Cramer's V,0.21654704686401688,0.4,False
90,91,race,age,Cramer's V,0.2305945439514116,0.4,False
90,91,gender,age,Cramer's V,0.21082668431405585,0.4,False
91,92,race,gender,Cramer's V,0.36065627921834165,0.4,False
91,92,race,age,Cramer's V,0.28357745808571694,0.4,False
91,92,gender,age,Cramer's V,0.5398353064489435,0.4,True
92,93,race,gender,Cramer's V,0.3795666235748227,0.4,False
92,93,race,age,Cramer's V,0.3573537960508844,0.4,False
92,93,gender,age,Cramer's V,0.31237476965326083,0.4,False
93,94,race,gender,Cramer's V,0.15381610706424642,0.4,False
93,94,race,age,Cramer's V,0.2387039837052048,0.4,False
93,94,gender,age,Cramer's V,0.38593316176294856,0.4,False
94,95,race,gender,Cramer's V,0.18669589252023655,0.4,False
94,95,race,age,Cramer's V,0.2516975597139298,0.4,False
94,95,gender,age,Cramer's V,0.3495712448640041,0.4,False
95,96,race,gender,Cramer's V,0.11341260468496726,0.4,False
95,96,race,age,Cramer's V,0.47423949727452464,0.4,True
95,96,gender,age,Cramer's V,0.40294613957432257,0.4,True
96,97,race,gender,Cramer's V,0.32012598681048426,0.4,False
96,97,race,age,Cramer's V,0.278630352606822,0.4,False
96,97,gender,age,Cramer's V,0.3973839801502289,0.4,False
97,98,race,gender,Cramer's V,0.15066900618669837,0.4,False
97,98,race,age,Cramer's V,0.4396991793662667,0.4,True
97,98,gender,age,Cramer's V,0.34371342235540714,0.4,False
98,99,race,gender,Cramer's V,0.223606797749979,0.4,False
98,99,race,age,Cramer's V,0.3103648801432901,0.4,False
98,99,gender,age,Cramer's V,0.33799863927562057,0.4,False
99,100,race,gender,Cramer's V,0.20535293862974532,0.4,False
99,100,race,age,Cramer's V,0.3017586241991148,0.4,False
99,100,gender,age,Cramer's V,0.27374238414259006,0.4,False
100,101,race,gender,Cramer's V,0.09334428565464077,0.4,False
100,101,race,age,Cramer's V,0.27017948778341194,0.4,False
100,101,gender,age,Cramer's V,0.22238562106252388,0.4,False
101,102,race,gender,Cramer's V,0.21861083613219776,0.4,False
101,102,race,age,Cramer's V,0.31447755040715253,0.4,False
101,102,gender,age,Cramer's V,0.2425581951243413,0.4,False
102,103,race,gender,Cramer's V,0.20378712033042004,0.4,False
102,103,race,age,Cramer's V,0.3388583624834864,0.4,False
102,103,gender,age,Cramer's V,0.468121476885635,0.4,True
103,104,race,gender,Cramer's V,0.18569588369722054,0.4,False
103,104,race,age,Cramer's V,0.2999198610911306,0.4,False
103,104,gender,age,Cramer's V,0.3226707673719826,0.4,False
104,105,race,gender,Cramer's V,0.3116029302796849,0.4,False
104,105,race,age,Cramer's V,0.3155900156777706,0.4,False
104,105,gender,age,Cramer's V,0.23323410588537036,0.4,False
105,106,race,gender,Cramer's V,0.07676494735787386,0.4,False
105,106,race,age,Cramer's V,0.24363680976646526,0.4,False
105,106,gender,age,Cramer's V,0.3877716894216017,0.4,False
106,107,race,gender,Cramer's V,0.01016814793477607,0.4,False
106,107,race,age,Cramer's V,0.24855513579416447,0.4,False
106,107,gender,age,Cramer's V,0.33879542998741624,0.4,False
107,108,race,gender,Cramer's V,0.1764517378613957,0.4,False
107,108,race,age,Cramer's V,0.360690366774142,0.4,False
107,108,gender,age,Cramer's V,0.426891466630312,0.4,True
108,109,race,gender,Cramer's V,0.2356152821791901,0.4,False
108,109,race,age,Cramer's V,0.343240413782042,0.4,False
108,109,gender,age,Cramer's V,0.2914733434753682,0.4,False
109,110,race,gender,Cramer's V,0.2317106916784819,0.4,False
109,110,race,age,Cramer's V,0.5146095132929777,0.4,True
109,110,gender,age,Cramer's V,0.22324977326500253,0.4,False
110,111,race,gender,Cramer's V,0.12266021999391981,0.4,False
110,111,race,age,Cramer's V,0.35744722171728793,0.4,False
110,111,gender,age,Cramer's V,0.3327874976774546,0.4,False
111,112,race,gender,Cramer's V,0.13229964826463558,0.4,False
111,112,race,age,Cramer's V,0.3864756472611514,0.4,False
111,112,gender,age,Cramer's V,0.2834465017890435,0.4,False
112,113,race,gender,Cramer's V,0.21607844749160723,0.4,False
112,113,race,age,Cramer's V,0.3454839667268216,0.4,False
112,113,gender,age,Cramer's V,0.31725539982349427,0.4,False
113,114,race,gender,Cramer's V,0.05628551170353688,0.4,False
113,114,race,age,Cramer's V,0.30950769158176344,0.4,False
113,114,gender,age,Cramer's V,0.38033342554771526,0.4,False
114,115,race,gender,Cramer's V,0.15665503810463677,0.4,False
114,115,race,age,Cramer's V,0.4681524542678866,0.4,True
114,115,gender,age,Cramer's V,0.35470508404733925,0.4,False
115,116,race,gender,Cramer's V,0.0621013448107908,0.4,False
115,116,race,age,Cramer's V,0.3619454335368184,0.4,False
115,116,gender,age,Cramer's V,0.41556130437180705,0.4,True
116,117,race,gender,Cramer's V,0.07060782616876876,0.4,False
116,117,race,age,Cramer's V,0.27668015006844876,0.4,False
116,117,gender,age,Cramer's V,0.3428152876237748,0.4,False
117,118,race,gender,Cramer's V,0.2548910744231277,0.4,False
117,118,race,age,Cramer's V,0.3406087004563063,0.4,False
117,118,gender,age,Cramer's V,0.24655480681174616,0.4,False
118,119,race,gender,Cramer's V,0.3316239203562217,0.4,False
118,119,race,age,Cramer's V,0.3099429817520151,0.4,False
118,119,gender,age,Cramer's V,0.2852944971637572,0.4,False
119,120,race,gender,Cramer's V,0.14085904245475275,0.4,False
119,120,race,age,Cramer's V,0.22702909018935832,0.4,False
119,120,gender,age,Cramer's V,0.36106254529674164,0.4,False
120,121,race,gender,Cramer's V,0.2007042275310952,0.4,False
120,121,race,age,Cramer's V,0.3140451219559677,0.4,False
120,121,gender,age,Cramer's V,0.4337071037599591,0.4,True
121,122,race,gender,Cramer's V,0.16278820596099708,0.4,False
121,122,race,age,Cramer's V,0.305536009632211,0.4,False
121,122,gender,age,Cramer's V,0.39939883922353764,0.4,False
122,123,race,gender,Cramer's V,0.23956519444919872,0.4,False
122,123,race,age,Cramer's V,0.4629814811111259,0.4,True
122,123,gender,age,Cramer's V,0.22726763771064976,0.4,False
123,124,race,gender,Cramer's V,0.21827203187936015,0.4,False
123,124,race,age,Cramer's V,0.29642914244159185,0.4,False
123,124,gender,age,Cramer's V,0.4966964736193505,0.4,True
124,125,race,gender,Cramer's V,0.1315778012053509,0.4,False
124,125,race,age,Cramer's V,0.390391795467392,0.4,False
124,125,gender,age,Cramer's V,0.37274900282320145,0.4,False
125,126,race,gender,Cramer's V,0.11111957962307888,0.4,False
125,126,race,age,Cramer's V,0.41525166235601146,0.4,True
125,126,gender,age,Cramer's V,0.3764762608717846,0.4,False
126,127,race,gender,Cramer's V,0.19967706813151628,0.4,False
126,127,race,age,Cramer's V,0.2984598512836908,0.4,False
126,127,gender,age,Cramer's V,0.2924385100956249,0.4,False
127,128,race,gender,Cramer's V,0.286779399961755,0.4,False
127,128,race,age,Cramer's V,0.4573014094933222,0.4,True
127,128,gender,age,Cramer's V,0.27549738569323945,0.4,False
128,129,race,gender,Cramer's V,0.2080319949535882,0.4,False
128,129,race,age,Cramer's V,0.2832131979006865,0.4,False
128,129,gender,age,Cramer's V,0.3186059325557832,0.4,False
129,130,race,gender,Cramer's V,0.27397451476269485,0.4,False
129,130,race,age,Cramer's V,0.32466144945087944,0.4,False
129,130,gender,age,Cramer's V,0.393177753908385,0.4,False
130,131,race,gender,Cramer's V,0.20727509006864037,0.4,False
130,131,race,age,Cramer's V,0.29357223214419664,0.4,False
130,131,gender,age,Cramer's V,0.46177342451427056,0.4,True
131,132,race,gender,Cramer's V,0.14920994227102272,0.4,False
131,132,race,age,Cramer's V,0.27108376047583943,0.4,False
131,132,gender,age,Cramer's V,0.334348361647863,0.4,False
132,133,race,gender,Cramer's V,0.3408989897493409,0.4,False
132,133,race,age,Cramer's V,0.412372140851904,0.4,True
132,133,gender,age,Cramer's V,0.4337076609478269,0.4,True
133,134,race,gender,Cramer's V,0.13318097607517068,0.4,False
133,134,race,age,Cramer's V,0.41087809745954307,0.4,True
133,134,gender,age,Cramer's V,0.31995592645205817,0.4,False
134,135,race,gender,Cramer's V,0.13572417850765925,0.4,False
134,135,race,age,Cramer's V,0.505727774608615,0.4,True
134,135,gender,age,Cramer's V,0.3209478443563572,0.4,False
135,136,race,gender,Cramer's V,0.14782371884055634,0.4,False
135,136,race,age,Cramer's V,0.3929721152109057,0.4,False
135,136,gender,age,Cramer's V,0.2944369570776089,0.4,False
136,137,race,gender,Cramer's V,0.2690549616538829,0.4,False
136,137,race,age,Cramer's V,0.31893018883891977,0.4,False
136,137,gender,age,Cramer's V,0.23451723816882844,0.4,False
137,138,race,gender,Cramer's V,0.10676555331514857,0.4,False
137,138,race,age,Cramer's V,0.277766330655465,0.4,False
137,138,gender,age,Cramer's V,0.48203720303956576,0.4,True
138,139,race,gender,Cramer's V,0.15156434368434174,0.4,False
138,139,race,age,Cramer's V,0.38589480952306787,0.4,False
138,139,gender,age,Cramer's V,0.4108258219367111,0.4,True
139,140,race,gender,Cramer's V,0.10206207261596578,0.4,False
139,140,race,age,Cramer's V,0.42456794097992906,0.4,True
139,140,gender,age,Cramer's V,0.24800393622068256,0.4,False
140,141,race,gender,Cramer's V,0.20195254999999163,0.4,False
140,141,race,age,Cramer's V,0.29293505818004834,0.4,False
140,141,gender,age,Cramer's V,0.3555488781424265,0.4,False
141,142,race,gender,Cramer's V,0.2214855609447634,0.4,False
141,142,race,age,Cramer's V,0.3592514941352092,0.4,False
141,142,gender,age,Cramer's V,0.3118227791018144,0.4,False
142,143,race,gender,Cramer's V,0.15874531873259193,0.4,False
142,143,race,age,Cramer's V,0.3034443112092881,0.4,False
142,143,gender,age,Cramer's V,0.3186059325557832,0.4,False
143,144,race,gender,Cramer's V,0.2074820003947448,0.4,False
143,144,race,age,Cramer's V,0.4065011970883202,0.4,True
143,144,gender,age,Cramer's V,0.2699206232527312,0.4,False
144,145,race,gender,Cramer's V,0.15913728452086684,0.4,False
144,145,race,age,Cramer's V,0.26979081033221447,0.4,False
144,145,gender,age,Cramer's V,0.25808792106567097,0.4,False
145,146,race,gender,Cramer's V,0.13093455543055219,0.4,False
145,146,race,age,Cramer's V,0.3689905801111809,0.4,False
145,146,gender,age,Cramer's V,0.36792086910274807,0.4,False
146,147,race,gender,Cramer's V,0.14782371884055634,0.4,False
146,147,race,age,Cramer's V,0.3594473676781052,0.4,False
146,147,gender,age,Cramer's V,0.3462808589990589,0.4,False
147,148,race,gender,Cramer's V,0.26356674470672536,0.4,False
147,148,race,age,Cramer's V,0.3161196516516683,0.4,False
147,148,gender,age,Cramer's V,0.2092314633121485,0.4,False
148,149,race,gender,Cramer's V,0.15742877225020024,0.4,False
148,149,race,age,Cramer's V,0.33752143606454504,0.4,False
148,149,gender,age,Cramer's V,0.42831765394158583,0.4,True
149,150,race,gender,Cramer's V,0.0933984048690638,0.4,False
149,150,race,age,Cramer's V,0.31976853308591,0.4,False
149,150,gender,age,Cramer's V,0.2789731783879192,0.4,False
150,151,race,gender,Cramer's V,0.2611913081840578,0.4,False
150,151,race,age,Cramer's V,0.48327260839112746,0.4,True
150,151,gender,age,Cramer's V,0.29585615457098546,0.4,False
151,152,race,gender,Cramer's V,0.2525098785418875,0.4,False
151,152,race,age,Cramer's V,0.4496118824029272,0.4,True
151,152,gender,age,Cramer's V,0.3875551214354467,0.4,False
152,153,race,gender,Cramer's V,0.20482620799328213,0.4,False
152,153,race,age,Cramer's V,0.3135387865803713,0.4,False
152,153,gender,age,Cramer's V,0.3102986841232278,0.4,False
153,154,race,gender,Cramer's V,0.2611633352579031,0.4,False
153,154,race,age,Cramer's V,0.3732322042050587,0.4,False
153,154,gender,age,Cramer's V,0.5351767137923169,0.4,True
154,155,race,gender,Cramer's V,0.040926005977380026,0.4,False
154,155,race,age,Cramer's V,0.23306261351444127,0.4,False
154,155,gender,age,Cramer's V,0.3842760176600967,0.4,False
155,156,race,gender,Cramer's V,0.17163758172224244,0.4,False
155,156,race,age,Cramer's V,0.41300350534206925,0.4,True
155,156,gender,age,Cramer's V,0.25033742086725935,0.4,False
156,157,race,gender,Cramer's V,0.25285860074614547,0.4,False
156,157,race,age,Cramer's V,0.47847383696304957,0.4,True
156,157,gender,age,Cramer's V,0.40501567674930616,0.4,True
157,158,race,gender,Cramer's V,0.1671590507984751,0.4,False
157,158,race,age,Cramer's V,0.3724692877114143,0.4,False
157,158,gender,age,Cramer's V,0.21839311247120846,0.4,False
158,159,race,gender,Cramer's V,0.23728561003686519,0.4,False
158,159,race,age,Cramer's V,0.4779543742926727,0.4,True
158,159,gender,age,Cramer's V,0.4789957837899764,0.4,True
159,160,race,gender,Cramer's V,0.26766413407468465,0.4,False
159,160,race,age,Cramer's V,0.34608990837668974,0.4,False
159,160,gender,age,Cramer's V,0.4408180513104271,0.4,True
160,161,race,gender,Cramer's V,0.26135362704440535,0.4,False
160,161,race,age,Cramer's V,0.33187218845275024,0.4,False
160,161,gender,age,Cramer's V,0.4245490966706571,0.4,True
161,162,race,gender,Cramer's V,0.23223972280615982,0.4,False
161,162,race,age,Cramer's V,0.25113379266475033,0.4,False
161,162,gender,age,Cramer's V,0.17012021249548037,0.4,False
162,163,race,gender,Cramer's V,0.1517754517096559,0.4,False
162,163,race,age,Cramer's V,0.25636911777484817,0.4,False
162,163,gender,age,Cramer's V,0.2793566567606816,0.4,False
163,164,race,gender,Cramer's V,0.19563129846287788,0.4,False
163,164,race,age,Cramer's V,0.4467122530800303,0.4,True
163,164,gender,age,Cramer's V,0.3068896395252168,0.4,False
164,165,race,gender,Cramer's V,0.27037431965198305,0.4,False
164,165,race,age,Cramer's V,0.3153281119434456,0.4,False
164,165,gender,age,Cramer's V,0.3169680583276491,0.4,False
165,166,race,gender,Cramer's V,0.22877915437782462,0.4,False
165,166,race,age,Cramer's V,0.5191055002806341,0.4,True
165,166,gender,age,Cramer's V,0.2584661428062886,0.4,False
166,167,race,gender,Cramer's V,0.3816318345511248,0.4,False
166,167,race,age,Cramer's V,0.3296380384973711,0.4,False
166,167,gender,age,Cramer's V,0.2715695122800054,0.4,False
167,168,race,gender,Cramer's V,0.15711944620630366,0.4,False
167,168,race,age,Cramer's V,0.5224344077850448,0.4,True
167,168,gender,age,Cramer's V,0.4373460320205706,0.4,True
168,169,race,gender,Cramer's V,0.0947169038030103,0.4,False
168,169,race,age,Cramer's V,0.3350372374606211,0.4,False
168,169,gender,age,Cramer's V,0.3839627482053895,0.4,False
169,170,race,gender,Cramer's V,0.29449512653602017,0.4,False
169,170,race,age,Cramer's V,0.45145875145197334,0.4,True
169,170,gender,age,Cramer's V,0.3976680834697359,0.4,False
170,171,race,gender,Cramer's V,0.20694447648628808,0.4,False
170,171,race,age,Cramer's V,0.27039061011738824,0.4,False
170,171,gender,age,Cramer's V,0.33869900403275305,0.4,False
171,172,race,gender,Cramer's V,0.2573881712203468,0.4,False
171,172,race,age,Cramer's V,0.26895762884844826,0.4,False
171,172,gender,age,Cramer's V,0.4516316370679121,0.4,True
172,173,race,gender,Cramer's V,0.16262312563634834,0.4,False
172,173,race,age,Cramer's V,0.4641103626636256,0.4,True
172,173,gender,age,Cramer's V,0.2685140326615154,0.4,False
173,174,race,gender,Cramer's V,0.13699416780753507,0.4,False
173,174,race,age,Cramer's V,0.4504426164614508,0.4,True
173,174,gender,age,Cramer's V,0.551757582407629,0.4,True
174,175,race,gender,Cramer's V,0.27045944436931274,0.4,False
174,175,race,age,Cramer's V,0.41589364545554947,0.4,True
174,175,gender,age,Cramer's V,0.39310642256107675,0.4,False
175,176,race,gender,Cramer's V,0.15402403791395403,0.4,False
175,176,race,age,Cramer's V,0.3772937280742608,0.4,False
175,176,gender,age,Cramer's V,0.3015399464179071,0.4,False
176,177,race,gender,Cramer's V,0.3404422137469161,0.4,False
176,177,race,age,Cramer's V,0.4171242908207025,0.4,True
176,177,gender,age,Cramer's V,0.5025912952867471,0.4,True
177,178,race,gender,Cramer's V,0.17204563554711821,0.4,False
177,178,race,age,Cramer's V,0.2444091236754875,0.4,False
177,178,gender,age,Cramer's V,0.3732509066515972,0.4,False
178,179,race,gender,Cramer's V,0.3820465887291705,0.4,False
178,179,race,age,Cramer's V,0.48431299262574273,0.4,True
178,179,gender,age,Cramer's V,0.30013008557014537,0.4,False
179,180,race,gender,Cramer's V,0.16854996561581054,0.4,False
179,180,race,age,Cramer's V,0.48569273815596203,0.4,True
179,180,gender,age,Cramer's V,0.5225584251471864,0.4,True
180,181,race,gender,Cramer's V,0.3485212273821611,0.4,False
180,181,race,age,Cramer's V,0.21266489900409893,0.4,False
180,181,gender,age,Cramer's V,0.43612991162793796,0.4,True
181,182,race,gender,Cramer's V,0.23218411879492562,0.4,False
181,182,race,age,Cramer's V,0.47288702037463526,0.4,True
181,182,gender,age,Cramer's V,0.2572865233261237,0.4,False
182,183,race,gender,Cramer's V,0.16165298402070513,0.4,False
182,183,race,age,Cramer's V,0.3508285503844895,0.4,False
182,183,gender,age,Cramer's V,0.2123278029755624,0.4,False
183,184,race,gender,Cramer's V,0.25777939492949475,0.4,False
183,184,race,age,Cramer's V,0.44040695996641765,0.4,True
183,184,gender,age,Cramer's V,0.2558027745532686,0.4,False
184,185,race,gender,Cramer's V,0.22000153045075255,0.4,False
184,185,race,age,Cramer's V,0.30687674249187735,0.4,False
184,185,gender,age,Cramer's V,0.41976131521987264,0.4,True
185,186,race,gender,Cramer's V,0.21004678540767702,0.4,False
185,186,race,age,Cramer's V,0.44152372715362675,0.4,True
185,186,gender,age,Cramer's V,0.3459903509277815,0.4,False
186,187,race,gender,Cramer's V,0.21051694023347362,0.4,False
186,187,race,age,Cramer's V,0.318916348907507,0.4,False
186,187,gender,age,Cramer's V,0.2877395936299862,0.4,False
187,188,race,gender,Cramer's V,0.24846486927396247,0.4,False
187,188,race,age,Cramer's V,0.2631844758915644,0.4,False
187,188,gender,age,Cramer's V,0.446491913431246,0.4,True
188,189,race,gender,Cramer's V,0.24527921563038768,0.4,False
188,189,race,age,Cramer's V,0.28412297211595333,0.4,False
188,189,gender,age,Cramer's V,0.27715431825795583,0.4,False
189,190,race,gender,Cramer's V,0.0553938989650773,0.4,False
189,190,race,age,Cramer's V,0.34479372801246083,0.4,False
189,190,gender,age,Cramer's V,0.37167674287003244,0.4,False
190,191,race,gender,Cramer's V,0.18997180241890035,0.4,False
190,191,race,age,Cramer's V,0.24617495044603183,0.4,False
190,191,gender,age,Cramer's V,0.2630260297151069,0.4,False
191,192,race,gender,Cramer's V,0.22171072923490437,0.4,False
191,192,race,age,Cramer's V,0.2973736464352653,0.4,False
191,192,gender,age,Cramer's V,0.2424728488931729,0.4,False
192,193,race,gender,Cramer's V,0.28508896885816026,0.4,False
192,193,race,age,Cramer's V,0.3000840918008008,0.4,False
192,193,gender,age,Cramer's V,0.3418171492269371,0.4,False
193,194,race,gender,Cramer's V,0.1819012819116175,0.4,False
193,194,race,age,Cramer's V,0.38843839705694494,0.4,False
193,194,gender,age,Cramer's V,0.3722847660913471,0.4,False
194,195,race,gender,Cramer's V,0.2285677390493252,0.4,False
194,195,race,age,Cramer's V,0.30880635953226565,0.4,False
194,195,gender,age,Cramer's V,0.30621418433081266,0.4,False
195,196,race,gender,Cramer's V,0.21508691172573222,0.4,False
195,196,race,age,Cramer's V,0.3768218274114933,0.4,False
195,196,gender,age,Cramer's V,0.4399241022670138,0.4,True
196,197,race,gender,Cramer's V,0.19279276925848182,0.4,False
196,197,race,age,Cramer's V,0.3172761036390142,0.4,False
196,197,gender,age,Cramer's V,0.329917814810883,0.4,False
197,198,race,gender,Cramer's V,0.1889958284376364,0.4,False
197,198,race,age,Cramer's V,0.2706092230708224,0.4,False
197,198,gender,age,Cramer's V,0.3289493474990947,0.4,False
198,199,race,gender,Cramer's V,0.16100994898938478,0.4,False
198,199,race,age,Cramer's V,0.28371186834960616,0.4,False
198,199,gender,age,Cramer's V,0.21670928822047064,0.4,False
199,200,race,gender,Cramer's V,0.20396227532584932,0.4,False
199,200,race,age,Cramer's V,0.3075769445741049,0.4,False
199,200,gender,age,Cramer's V,0.3939858343422231,0.4,False
200,201,race,gender,Cramer's V,0.2878185299330804,0.4,False
200,201,race,age,Cramer's V,0.3332407278770849,0.4,False
200,201,gender,age,Cramer's V,0.17673304133985407,0.4,False
201,202,race,gender,Cramer's V,0.31566910414536675,0.4,False
201,202,race,age,Cramer's V,0.3658024569985741,0.4,False
201,202,gender,age,Cramer's V,0.15961976349914045,0.4,False
202,203,race,gender,Cramer's V,0.27612889297007626,0.4,False
202,203,race,age,Cramer's V,0.38236866014152343,0.4,False
202,203,gender,age,Cramer's V,0.3830917112902069,0.4,False
203,204,race,gender,Cramer's V,0.3436936905268434,0.4,False
203,204,race,age,Cramer's V,0.3348653544531988,0.4,False
203,204,gender,age,Cramer's V,0.30206463326846805,0.4,False
204,205,race,gender,Cramer's V,0.14465955012550838,0.4,False
204,205,race,age,Cramer's V,0.4490338442679571,0.4,True
204,205,gender,age,Cramer's V,0.3317346563524854,0.4,False
205,206,race,gender,Cramer's V,0.24845199749997665,0.4,False
205,206,race,age,Cramer's V,0.35607983201571103,0.4,False
205,206,gender,age,Cramer's V,0.24856767125751472,0.4,False
206,207,race,gender,Cramer's V,0.15881547710859534,0.4,False
206,207,race,age,Cramer's V,0.37944347419234636,0.4,False
206,207,gender,age,Cramer's V,0.37748601538095655,0.4,False
207,208,race,gender,Cramer's V,0.2275236931025891,0.4,False
207,208,race,age,Cramer's V,0.3132814116971829,0.4,False
207,208,gender,age,Cramer's V,0.29878598877184037,0.4,False
208,209,race,gender,Cramer's V,0.23157193618935723,0.4,False
208,209,race,age,Cramer's V,0.32945737706730455,0.4,False
208,209,gender,age,Cramer's V,0.4231180129945764,0.4,True
209,210,race,gender,Cramer's V,0.1806081896864541,0.4,False
209,210,race,age,Cramer's V,0.34534986452237076,0.4,False
209,210,gender,age,Cramer's V,0.23519515591022783,0.4,False
210,211,race,gender,Cramer's V,0.01322214713369865,0.4,False
210,211,race,age,Cramer's V,0.4191592749896898,0.4,True
210,211,gender,age,Cramer's V,0.3293349942862715,0.4,False
211,212,race,gender,Cramer's V,0.04288825198386928,0.4,False
211,212,race,age,Cramer's V,0.2640638292129699,0.4,False
211,212,gender,age,Cramer's V,0.344265498021388,0.4,False
212,213,race,gender,Cramer's V,0.309099454328386,0.4,False
212,213,race,age,Cramer's V,0.2857026710763527,0.4,False
212,213,gender,age,Cramer's V,0.27732447961742196,0.4,False
213,214,race,gender,Cramer's V,0.141101035653334,0.4,False
213,214,race,age,Cramer's V,0.3463148797728673,0.4,False
213,214,gender,age,Cramer's V,0.41071216714390113,0.4,True
214,215,race,gender,Cramer's V,0.18183500463331967,0.4,False
214,215,race,age,Cramer's V,0.31954842559030516,0.4,False
214,215,gender,age,Cramer's V,0.37619248975786695,0.4,False
215,216,race,gender,Cramer's V,0.20736063835175772,0.4,False
215,216,race,age,Cramer's V,0.4366424840458303,0.4,True
215,216,gender,age,Cramer's V,0.4000388498609559,0.4,True
216,217,race,gender,Cramer's V,0.18727067586263466,0.4,False
216,217,race,age,Cramer's V,0.38866561050615667,0.4,False
216,217,gender,age,Cramer's V,0.34532054372080556,0.4,False
217,218,race,gender,Cramer's V,0.26071626909913576,0.4,False
217,218,race,age,Cramer's V,0.589087268173239,0.4,True
217,218,gender,age,Cramer's V,0.25430653682478294,0.4,False
218,219,race,gender,Cramer's V,0.12875255814306766,0.4,False
218,219,race,age,Cramer's V,0.378508703287886,0.4,False
218,219,gender,age,Cramer's V,0.34839642728756165,0.4,False
219,220,race,gender,Cramer's V,0.23889738445149783,0.4,False
219,220,race,age,Cramer's V,0.24744574274857836,0.4,False
219,220,gender,age,Cramer's V,0.23149735950738934,0.4,False
220,221,race,gender,Cramer's V,0.2746529504232181,0.4,False
220,221,race,age,Cramer's V,0.38913301250922083,0.4,False
220,221,gender,age,Cramer's V,0.300343669377025,0.4,False
221,222,race,gender,Cramer's V,0.059123174926413335,0.4,False
221,222,race,age,Cramer's V,0.3144243240071086,0.4,False
221,222,gender,age,Cramer's V,0.35797224476428197,0.4,False
222,223,race,gender,Cramer's V,0.23991598883278442,0.4,False
222,223,race,age,Cramer's V,0.40326131478769867,0.4,True
222,223,gender,age,Cramer's V,0.31047888389617284,0.4,False
223,224,race,gender,Cramer's V,0.190666718955968,0.4,False
223,224,race,age,Cramer's V,0.3234512938300992,0.4,False
223,224,gender,age,Cramer's V,0.19353167887948425,0.4,False
224,225,race,gender,Cramer's V,0.2605159396838112,0.4,False
224,225,race,age,Cramer's V,0.2600792632178295,0.4,False
224,225,gender,age,Cramer's V,0.3668950707563762,0.4,False
225,226,race,gender,Cramer's V,0.14152695780655128,0.4,False
225,226,race,age,Cramer's V,0.28967900263608987,0.4,False
225,226,gender,age,Cramer's V,0.31719479127585876,0.4,False
226,227,race,gender,Cramer's V,0.2543392312400499,0.4,False
226,227,race,age,Cramer's V,0.33122006805733767,0.4,False
226,227,gender,age,Cramer's V,0.2743997141897592,0.4,False
227,228,race,gender,Cramer's V,0.2530495819184274,0.4,False
227,228,race,age,Cramer's V,0.27095215771485365,0.4,False
227,228,gender,age,Cramer's V,0.295222373813368,0.4,False
228,229,race,gender,Cramer's V,0.18440914838134798,0.4,False
228,229,race,age,Cramer's V,0.2020936915394491,0.4,False
228,229,gender,age,Cramer's V,0.38088864305659176,0.4,False
229,230,race,gender,Cramer's V,0.22185154269439908,0.4,False
229,230,race,age,Cramer's V,0.4034190297696019,0.4,True
229,230,gender,age,Cramer's V,0.4291326086671374,0.4,True
230,231,race,gender,Cramer's V,0.1511857892036909,0.4,False
230,231,race,age,Cramer's V,0.315359571682325,0.4,False
230,231,gender,age,Cramer's V,0.5034226290447653,0.4,True
231,232,race,gender,Cramer's V,0.17301440523768608,0.4,False
231,232,race,age,Cramer's V,0.33958945494259274,0.4,False
231,232,gender,age,Cramer's V,0.35799979294350937,0.4,False
232,233,race,gender,Cramer's V,0.22852688269681337,0.4,False
232,233,race,age,Cramer's V,0.3762299693370075,0.4,False
232,233,gender,age,Cramer's V,0.31305150779770957,0.4,False
233,234,race,gender,Cramer's V,0.060895542452793966,0.4,False
233,234,race,age,Cramer's V,0.35821945553135204,0.4,False
233,234,gender,age,Cramer's V,0.403745485010875,0.4,True
234,235,race,gender,Cramer's V,0.1837195155989132,0.4,False
234,235,race,age,Cramer's V,0.2937297634102535,0.4,False
234,235,gender,age,Cramer's V,0.2558525479954997,0.4,False
235,236,race,gender,Cramer's V,0.055009861401563526,0.4,False
235,236,race,age,Cramer's V,0.3708335674262489,0.4,False
235,236,gender,age,Cramer's V,0.4191698091813572,0.4,True
236,237,race,gender,Cramer's V,0.18047156017384852,0.4,False
236,237,race,age,Cramer's V,0.47071963808039563,0.4,True
236,237,gender,age,Cramer's V,0.3937169005198192,0.4,False
237,238,race,gender,Cramer's V,0.17012021249548032,0.4,False
237,238,race,age,Cramer's V,0.3297850359471159,0.4,False
237,238,gender,age,Cramer's V,0.3396757278875081,0.4,False
238,239,race,gender,Cramer's V,0.037406745497452716,0.4,False
238,239,race,age,Cramer's V,0.25567126956418873,0.4,False
238,239,gender,age,Cramer's V,0.2942078924854655,0.4,False
239,240,race,gender,Cramer's V,0.20827574961763526,0.4,False
239,240,race,age,Cramer's V,0.24953671709322475,0.4,False
239,240,gender,age,Cramer's V,0.2139494114255766,0.4,False
240,241,race,gender,Cramer's V,0.3231994240614944,0.4,False
240,241,race,age,Cramer's V,0.35598772546360224,0.4,False
240,241,gender,age,Cramer's V,0.23381719576223944,0.4,False
241,242,race,gender,Cramer's V,0.09123883116796493,0.4,False
241,242,race,age,Cramer's V,0.3013028750977054,0.4,False
241,242,gender,age,Cramer's V,0.5248313364290776,0.4,True
242,243,race,gender,Cramer's V,0.13597405446975347,0.4,False
242,243,race,age,Cramer's V,0.2914501360750786,0.4,False
242,243,gender,age,Cramer's V,0.3607346732773335,0.4,False
243,244,race,gender,Cramer's V,0.23564947744548764,0.4,False
243,244,race,age,Cramer's V,0.31252486892169234,0.4,False
243,244,gender,age,Cramer's V,0.4402244674352122,0.4,True
244,245,race,gender,Cramer's V,0.26675661361827735,0.4,False
244,245,race,age,Cramer's V,0.36601181191956966,0.4,False
244,245,gender,age,Cramer's V,0.39607448794387146,0.4,False
245,246,race,gender,Cramer's V,0.3279347198878047,0.4,False
245,246,race,age,Cramer's V,0.30578381759799994,0.4,False
245,246,gender,age,Cramer's V,0.3228286887543894,0.4,False
246,247,race,gender,Cramer's V,0.1946676903411325,0.4,False
246,247,race,age,Cramer's V,0.33903378925471467,0.4,False
246,247,gender,age,Cramer's V,0.45268198220328393,0.4,True
247,248,race,gender,Cramer's V,0.08768902629818684,0.4,False
247,248,race,age,Cramer's V,0.28196295074009653,0.4,False
247,248,gender,age,Cramer's V,0.3586550756797995,0.4,False
248,249,race,gender,Cramer's V,0.175782453332154,0.4,False
248,249,race,age,Cramer's V,0.3192148933683204,0.4,False
248,249,gender,age,Cramer's V,0.3039913062666666,0.4,False
249,250,race,gender,Cramer's V,0.18684999079277614,0.4,False
249,250,race,age,Cramer's V,0.21042841318513586,0.4,False
249,250,gender,age,Cramer's V,0.3659397783951909,0.4,False
250,251,race,gender,Cramer's V,0.1734309120113019,0.4,False
250,251,race,age,Cramer's V,0.36228702384606115,0.4,False
250,251,gender,age,Cramer's V,0.21007444902051778,0.4,False
251,252,race,gender,Cramer's V,0.22583279507509027,0.4,False
251,252,race,age,Cramer's V,0.2551875068456045,0.4,False
251,252,gender,age,Cramer's V,0.29156840011063995,0.4,False
252,253,race,gender,Cramer's V,0.20727509006864037,0.4,False
252,253,race,age,Cramer's V,0.2969840150129118,0.4,False
252,253,gender,age,Cramer's V,0.2669336270565424,0.4,False
253,254,race,gender,Cramer's V,0.16772892513626184,0.4,False
253,254,race,age,Cramer's V,0.361689434308877,0.4,False
253,254,gender,age,Cramer's V,0.27370053087730334,0.4,False
254,255,race,gender,Cramer's V,0.01824829671504528,0.4,False
254,255,race,age,Cramer's V,0.31669760686565507,0.4,False
254,255,gender,age,Cramer's V,0.5158016362310058,0.4,True
255,256,race,gender,Cramer's V,0.10739097735235022,0.4,False
255,256,race,age,Cramer's V,0.300036547481405,0.4,False
255,256,gender,age,Cramer's V,0.33252442319941694,0.4,False
256,257,race,gender,Cramer's V,0.1954733266422082,0.4,False
256,257,race,age,Cramer's V,0.5962274359575138,0.4,True
256,257,gender,age,Cramer's V,0.2092645853140628,0.4,False
257,258,race,gender,Cramer's V,0.1929427136647107,0.4,False
257,258,race,age,Cramer's V,0.49005256366181293,0.4,True
257,258,gender,age,Cramer's V,0.4152863138398886,0.4,True
258,259,race,gender,Cramer's V,0.19935977072072034,0.4,False
258,259,race,age,Cramer's V,0.3785497086727787,0.4,False
258,259,gender,age,Cramer's V,0.32116714657474077,0.4,False
259,260,race,gender,Cramer's V,0.209940096396196,0.4,False
259,260,race,age,Cramer's V,0.3585196156569744,0.4,False
259,260,gender,age,Cramer's V,0.28137984254786774,0.4,False
260,261,race,gender,Cramer's V,0.18332862783345874,0.4,False
260,261,race,age,Cramer's V,0.36918526543024943,0.4,False
260,261,gender,age,Cramer's V,0.3781717830274797,0.4,False
261,262,race,gender,Cramer's V,0.22580956205959152,0.4,False
261,262,race,age,Cramer's V,0.27376032109539156,0.4,False
261,262,gender,age,Cramer's V,0.3385759031884123,0.4,False
262,263,race,gender,Cramer's V,0.1489546910976623,0.4,False
262,263,race,age,Cramer's V,0.26735570388190716,0.4,False
262,263,gender,age,Cramer's V,0.33905700566719754,0.4,False
263,264,race,gender,Cramer's V,0.24245901698102953,0.4,False
263,264,race,age,Cramer's V,0.40456175877033546,0.4,True
263,264,gender,age,Cramer's V,0.4813449999268506,0.4,True
264,265,race,gender,Cramer's V,0.21722836066345658,0.4,False
264,265,race,age,Cramer's V,0.3330339965612929,0.4,False
264,265,gender,age,Cramer's V,0.31128273417332286,0.4,False
265,266,race,gender,Cramer's V,0.18304365665445346,0.4,False
265,266,race,age,Cramer's V,0.4575804910706719,0.4,True
265,266,gender,age,Cramer's V,0.2974609596558052,0.4,False
266,267,race,gender,Cramer's V,0.30786094019519705,0.4,False
266,267,race,age,Cramer's V,0.325318619441579,0.4,False
266,267,gender,age,Cramer's V,0.19589875638023524,0.4,False
267,268,race,gender,Cramer's V,0.2851643058285544,0.4,False
267,268,race,age,Cramer's V,0.4295307627671653,0.4,True
267,268,gender,age,Cramer's V,0.28215313149137583,0.4,False
268,269,race,gender,Cramer's V,0.18569588369722054,0.4,False
268,269,race,age,Cramer's V,0.28300467749306163,0.4,False
268,269,gender,age,Cramer's V,0.32558197854553433,0.4,False
269,270,race,gender,Cramer's V,0.19563129846287788,0.4,False
269,270,race,age,Cramer's V,0.48128424770510886,0.4,True
269,270,gender,age,Cramer's V,0.41930143391164204,0.4,True
270,271,race,gender,Cramer's V,0.22700174153566632,0.4,False
270,271,race,age,Cramer's V,0.34126210235246157,0.4,False
270,271,gender,age,Cramer's V,0.3438312258890726,0.4,False
271,272,race,gender,Cramer's V,0.2673297829028321,0.4,False
271,272,race,age,Cramer's V,0.3925726020282718,0.4,False
271,272,gender,age,Cramer's V,0.3618728042909901,0.4,False
272,273,race,gender,Cramer's V,0.2076328588807991,0.4,False
272,273,race,age,Cramer's V,0.3257810895027936,0.4,False
272,273,gender,age,Cramer's V,0.3627836395318415,0.4,False
273,274,race,gender,Cramer's V,0.27317062598540987,0.4,False
273,274,race,age,Cramer's V,0.4395588154120905,0.4,True
273,274,gender,age,Cramer's V,0.41360070481846056,0.4,True
274,275,race,gender,Cramer's V,0.22828716089459247,0.4,False
274,275,race,age,Cramer's V,0.4886591217987741,0.4,True
274,275,gender,age,Cramer's V,0.3296427988608965,0.4,False
275,276,race,gender,Cramer's V,0.1503911883592725,0.4,False
275,276,race,age,Cramer's V,0.3616929412205338,0.4,False
275,276,gender,age,Cramer's V,0.3352219225732968,0.4,False
276,277,race,gender,Cramer's V,0.24001747854301075,0.4,False
276,277,race,age,Cramer's V,0.3356221130356012,0.4,False
276,277,gender,age,Cramer's V,0.5070318340974039,0.4,True
277,278,race,gender,Cramer's V,0.283630284027292,0.4,False
277,278,race,age,Cramer's V,0.30356654540316746,0.4,False
277,278,gender,age,Cramer's V,0.34815328711887683,0.4,False
278,279,race,gender,Cramer's V,0.22360679774997896,0.4,False
278,279,race,age,Cramer's V,0.4025023004305091,0.4,True
278,279,gender,age,Cramer's V,0.43901863329048946,0.4,True
279,280,race,gender,Cramer's V,0.00879447801967524,0.4,False
279,280,race,age,Cramer's V,0.32481322629200343,0.4,False
279,280,gender,age,Cramer's V,0.2376085466851339,0.4,False
280,281,race,gender,Cramer's V,0.17019928785050442,0.4,False
280,281,race,age,Cramer's V,0.416178792388611,0.4,True
280,281,gender,age,Cramer's V,0.4347590643280989,0.4,True
281,282,race,gender,Cramer's V,0.4195115533949022,0.4,True
281,282,race,age,Cramer's V,0.37397577613657135,0.4,False
281,282,gender,age,Cramer's V,0.3352574158725425,0.4,False
282,283,race,gender,Cramer's V,0.28438530201119744,0.4,False
282,283,race,age,Cramer's V,0.3103041740862458,0.4,False
282,283,gender,age,Cramer's V,0.3096709606923192,0.4,False
283,284,race,gender,Cramer's V,0.28608843197356115,0.4,False
283,284,race,age,Cramer's V,0.39396163414266294,0.4,False
283,284,gender,age,Cramer's V,0.3274337874350502,0.4,False
284,285,race,gender,Cramer's V,0.3149944427198762,0.4,False
284,285,race,age,Cramer's V,0.36342685871114844,0.4,False
284,285,gender,age,Cramer's V,0.2774751068204074,0.4,False
285,286,race,gender,Cramer's V,0.11470786693528089,0.4,False
285,286,race,age,Cramer's V,0.3609655008391977,0.4,False
285,286,gender,age,Cramer's V,0.2703207507215765,0.4,False
286,287,race,gender,Cramer's V,0.2396011692624769,0.4,False
286,287,race,age,Cramer's V,0.4095584149277063,0.4,True
286,287,gender,age,Cramer's V,0.3547715417428359,0.4,False
287,288,race,gender,Cramer's V,0.1707846766105401,0.4,False
287,288,race,age,Cramer's V,0.3153698694516216,0.4,False
287,288,gender,age,Cramer's V,0.26922156101944905,0.4,False
288,289,race,gender,Cramer's V,0.2461934219310906,0.4,False
288,289,race,age,Cramer's V,0.3234578328715786,0.4,False
288,289,gender,age,Cramer's V,0.340857306601574,0.4,False
289,290,race,gender,Cramer's V,0.2249290284676067,0.4,False
289,290,race,age,Cramer's V,0.268620928562639,0.4,False
289,290,gender,age,Cramer's V,0.3417055352362029,0.4,False
290,291,race,gender,Cramer's V,0.2972941950052816,0.4,False
290,291,race,age,Cramer's V,0.3115774363881524,0.4,False
290,291,gender,age,Cramer's V,0.30721541812108505,0.4,False
291,292,race,gender,Cramer's V,0.268551493893663,0.4,False
291,292,race,age,Cramer's V,0.3154011117925341,0.4,False
291,292,gender,age,Cramer's V,0.3514597128746477,0.4,False
292,293,race,gender,Cramer's V,0.22707660823658263,0.4,False
292,293,race,age,Cramer's V,0.4461960433384737,0.4,True
292,293,gender,age,Cramer's V,0.3815578851931728,0.4,False
293,294,race,gender,Cramer's V,0.1519576684637077,0.4,False
293,294,race,age,Cramer's V,0.27289557096774375,0.4,False
293,294,gender,age,Cramer's V,0.4554913068600102,0.4,True
294,295,race,gender,Cramer's V,0.16057494737813305,0.4,False
294,295,race,age,Cramer's V,0.3943828500542555,0.4,False
294,295,gender,age,Cramer's V,0.29693373479135515,0.4,False
295,296,race,gender,Cramer's V,0.19958805311566635,0.4,False
295,296,race,age,Cramer's V,0.29699077788645317,0.4,False
295,296,gender,age,Cramer's V,0.48596247338514786,0.4,True
296,297,race,gender,Cramer's V,0.2500153803562236,0.4,False
296,297,race,age,Cramer's V,0.2605865043759642,0.4,False
296,297,gender,age,Cramer's V,0.3603186033233983,0.4,False
297,298,race,gender,Cramer's V,0.30558526296465355,0.4,False
297,298,race,age,Cramer's V,0.5429341823786502,0.4,True
297,298,gender,age,Cramer's V,0.23256069750062675,0.4,False
298,299,race,gender,Cramer's V,0.19612175185621644,0.4,False
298,299,race,age,Cramer's V,0.3549931457163626,0.4,False
298,299,gender,age,Cramer's V,0.27797660801718266,0.4,False
299,300,race,gender,Cramer's V,0.17137361949158766,0.4,False
299,300,race,age,Cramer's V,0.529570769359602,0.4,True
299,300,gender,age,Cramer's V,0.2588315673767962,0.4,False
300,301,race,gender,Cramer's V,0.5101520662354503,0.4,True
300,301,race,age,Cramer's V,0.35367711569713767,0.4,False
300,301,gender,age,Cramer's V,0.31073260869601915,0.4,False
301,302,race,gender,Cramer's V,0.15575969871517586,0.4,False
301,302,race,age,Cramer's V,0.348241194898825,0.4,False
301,302,gender,age,Cramer's V,0.2568838779783364,0.4,False
302,303,race,gender,Cramer's V,0.19703730711390827,0.4,False
302,303,race,age,Cramer's V,0.26499853764819675,0.4,False
302,303,gender,age,Cramer's V,0.40436952930620296,0.4,True
303,304,race,gender,Cramer's V,0.004042260417272236,0.4,False
303,304,race,age,Cramer's V,0.2529240760293376,0.4,False
303,304,gender,age,Cramer's V,0.41186117761890306,0.4,True
304,305,race,gender,Cramer's V,0.15319421813002104,0.4,False
304,305,race,age,Cramer's V,0.32840010456752605,0.4,False
304,305,gender,age,Cramer's V,0.38225540691950466,0.4,False
305,306,race,gender,Cramer's V,0.14364021910739747,0.4,False
305,306,race,age,Cramer's V,0.46970595616601624,0.4,True
305,306,gender,age,Cramer's V,0.3201245961887656,0.4,False
306,307,race,gender,Cramer's V,0.14300950271831078,0.4,False
306,307,race,age,Cramer's V,0.2932614004928792,0.4,False
306,307,gender,age,Cramer's V,0.3272280386831353,0.4,False
307,308,race,gender,Cramer's V,0.12241393786749956,0.4,False
307,308,race,age,Cramer's V,0.31386220717832686,0.4,False
307,308,gender,age,Cramer's V,0.3736016110400384,0.4,False
308,309,race,gender,Cramer's V,0.3200431916611991,0.4,False
308,309,race,age,Cramer's V,0.2907622045512685,0.4,False
308,309,gender,age,Cramer's V,0.41699805885856905,0.4,True
309,310,race,gender,Cramer's V,0.1061988488107183,0.4,False
309,310,race,age,Cramer's V,0.3707030891130031,0.4,False
309,310,gender,age,Cramer's V,0.3146386717082562,0.4,False
310,311,race,gender,Cramer's V,0.16129479177027617,0.4,False
310,311,race,age,Cramer's V,0.2968395344415215,0.4,False
310,311,gender,age,Cramer's V,0.38493146152111524,0.4,False
311,312,race,gender,Cramer's V,0.1693018062640741,0.4,False
311,312,race,age,Cramer's V,0.29042184671737664,0.4,False
311,312,gender,age,Cramer's V,0.41954786158824037,0.4,True
312,313,race,gender,Cramer's V,0.023379191095664525,0.4,False
312,313,race,age,Cramer's V,0.33576304876041974,0.4,False
312,313,gender,age,Cramer's V,0.49432036492872544,0.4,True
313,314,race,gender,Cramer's V,0.20304696544257586,0.4,False
313,314,race,age,Cramer's V,0.3510102287799897,0.4,False
313,314,gender,age,Cramer's V,0.2585719558133491,0.4,False
314,315,race,gender,Cramer's V,0.0912388311679649,0.4,False
314,315,race,age,Cramer's V,0.20899970372218046,0.4,False
314,315,gender,age,Cramer's V,0.3279557700368171,0.4,False
315,316,race,gender,Cramer's V,0.3142655916116438,0.4,False
315,316,race,age,Cramer's V,0.34560308001019485,0.4,False
315,316,gender,age,Cramer's V,0.43196913911132184,0.4,True
316,317,race,gender,Cramer's V,0.13468572271194534,0.4,False
316,317,race,age,Cramer's V,0.31343187176727616,0.4,False
316,317,gender,age,Cramer's V,0.27181871415912606,0.4,False
317,318,race,gender,Cramer's V,0.26252190178678225,0.4,False
317,318,race,age,Cramer's V,0.47485807993381707,0.4,True
317,318,gender,age,Cramer's V,0.39766315100269656,0.4,False
318,319,race,gender,Cramer's V,0.16792547965907742,0.4,False
318,319,race,age,Cramer's V,0.2897272123919225,0.4,False
318,319,gender,age,Cramer's V,0.38169733290145674,0.4,False
319,320,race,gender,Cramer's V,0.21508691172573224,0.4,False
319,320,race,age,Cramer's V,0.27479318452482454,0.4,False
319,320,gender,age,Cramer's V,0.3145886987523806,0.4,False
320,321,race,gender,Cramer's V,0.10905518362415921,0.4,False
320,321,race,age,Cramer's V,0.2772284818364546,0.4,False
320,321,gender,age,Cramer's V,0.19438404555496522,0.4,False
321,322,race,gender,Cramer's V,0.1196777046301594,0.4,False
321,322,race,age,Cramer's V,0.24527731321706792,0.4,False
321,322,gender,age,Cramer's V,0.40844133522982745,0.4,True
322,323,race,gender,Cramer's V,0.22720900427564844,0.4,False
322,323,race,age,Cramer's V,0.3453811217888425,0.4,False
322,323,gender,age,Cramer's V,0.438826323923876,0.4,True
323,324,race,gender,Cramer's V,0.14179761913870434,0.4,False
323,324,race,age,Cramer's V,0.3477842377910719,0.4,False
323,324,gender,age,Cramer's V,0.37840879869809474,0.4,False
324,325,race,gender,Cramer's V,0.19667418488089497,0.4,False
324,325,race,age,Cramer's V,0.5142363749510241,0.4,True
324,325,gender,age,Cramer's V,0.3423446176002147,0.4,False
325,326,race,gender,Cramer's V,0.264048682754836,0.4,False
325,326,race,age,Cramer's V,0.3160431530979856,0.4,False
325,326,gender,age,Cramer's V,0.3021652654880836,0.4,False
326,327,race,gender,Cramer's V,0.22525130574127808,0.4,False
326,327,race,age,Cramer's V,0.24860211544355734,0.4,False
326,327,gender,age,Cramer's V,0.41939223990180236,0.4,True
327,328,race,gender,Cramer's V,0.20706279240848655,0.4,False
327,328,race,age,Cramer's V,0.17443107745852984,0.4,False
327,328,gender,age,Cramer's V,0.4662357897977285,0.4,True
328,329,race,gender,Cramer's V,0.16967577513574958,0.4,False
328,329,race,age,Cramer's V,0.4164182574635816,0.4,True
328,329,gender,age,Cramer's V,0.3324897751051159,0.4,False
329,330,race,gender,Cramer's V,0.2660946661040379,0.4,False
329,330,race,age,Cramer's V,0.3881034322186341,0.4,False
329,330,gender,age,Cramer's V,0.3999667931907021,0.4,False
330,331,race,gender,Cramer's V,0.288320278732841,0.4,False
330,331,race,age,Cramer's V,0.3715682712076521,0.4,False
330,331,gender,age,Cramer's V,0.30618982247712123,0.4,False
331,332,race,gender,Cramer's V,0.31432408538892836,0.4,False
331,332,race,age,Cramer's V,0.38844855127644407,0.4,False
331,332,gender,age,Cramer's V,0.2865759392689383,0.4,False
332,333,race,gender,Cramer's V,0.15495283157811152,0.4,False
332,333,race,age,Cramer's V,0.3258386916198984,0.4,False
332,333,gender,age,Cramer's V,0.4868983266680003,0.4,True
333,334,race,gender,Cramer's V,0.13683446144626177,0.4,False
333,334,race,age,Cramer's V,0.3327181968035471,0.4,False
333,334,gender,age,Cramer's V,0.2802931533950016,0.4,False
334,335,race,gender,Cramer's V,0.1909052256875259,0.4,False
334,335,race,age,Cramer's V,0.20781948478121037,0.4,False
334,335,gender,age,Cramer's V,0.15430653801490085,0.4,False
335,336,race,gender,Cramer's V,0.2912912750314201,0.4,False
335,336,race,age,Cramer's V,0.5294258417870614,0.4,True
335,336,gender,age,Cramer's V,0.33643679990835945,0.4,False
336,337,race,gender,Cramer's V,0.3185558546194298,0.4,False
336,337,race,age,Cramer's V,0.3700421826376244,0.4,False
336,337,gender,age,Cramer's V,0.28583228269500227,0.4,False
337,338,race,gender,Cramer's V,0.12963443954520354,0.4,False
337,338,race,age,Cramer's V,0.3852320016176768,0.4,False
337,338,gender,age,Cramer's V,0.36076076427075315,0.4,False
338,339,race,gender,Cramer's V,0.18752074266007307,0.4,False
338,339,race,age,Cramer's V,0.3151246841451109,0.4,False
338,339,gender,age,Cramer's V,0.34400955940680866,0.4,False
339,340,race,gender,Cramer's V,0.15811388300841897,0.4,False
339,340,race,age,Cramer's V,0.29447669554062206,0.4,False
339,340,gender,age,Cramer's V,0.25549896336329875,0.4,False
340,341,race,gender,Cramer's V,0.060238892892877045,0.4,False
340,341,race,age,Cramer's V,0.35763349458154514,0.4,False
340,341,gender,age,Cramer's V,0.4215832034992111,0.4,True
341,342,race,gender,Cramer's V,0.1610205012101091,0.4,False
341,342,race,age,Cramer's V,0.3705923584779179,0.4,False
341,342,gender,age,Cramer's V,0.4616095030795329,0.4,True
342,343,race,gender,Cramer's V,0.29025318875121237,0.4,False
342,343,race,age,Cramer's V,0.5285950230684152,0.4,True
342,343,gender,age,Cramer's V,0.37030422689803827,0.4,False
343,344,race,gender,Cramer's V,0.18999358140634584,0.4,False
343,344,race,age,Cramer's V,0.3499181165592128,0.4,False
343,344,gender,age,Cramer's V,0.39553248903655175,0.4,False
344,345,race,gender,Cramer's V,0.2736348157234608,0.4,False
344,345,race,age,Cramer's V,0.3083614006650099,0.4,False
344,345,gender,age,Cramer's V,0.3387812380766197,0.4,False
345,346,race,gender,Cramer's V,0.2200865077203192,0.4,False
345,346,race,age,Cramer's V,0.3409189779978271,0.4,False
345,346,gender,age,Cramer's V,0.366352305426939,0.4,False
346,347,race,gender,Cramer's V,0.22311235092351983,0.4,False
346,347,race,age,Cramer's V,0.43097286696628767,0.4,True
346,347,gender,age,Cramer's V,0.39902429368987447,0.4,False
347,348,race,gender,Cramer's V,0.14085904245475275,0.4,False
347,348,race,age,Cramer's V,0.46291654408945765,0.4,True
347,348,gender,age,Cramer's V,0.25985728299550803,0.4,False
348,349,race,gender,Cramer's V,0.262409147695054,0.4,False
348,349,race,age,Cramer's V,0.2646188733785785,0.4,False
348,349,gender,age,Cramer's V,0.25260079291513343,0.4,False
349,350,race,gender,Cramer's V,0.3435472185275623,0.4,False
349,350,race,age,Cramer's V,0.3447131568330794,0.4,False
349,350,gender,age,Cramer's V,0.36584184341845033,0.4,False
350,351,race,gender,Cramer's V,0.15334650799790492,0.4,False
350,351,race,age,Cramer's V,0.33441862762484564,0.4,False
350,351,gender,age,Cramer's V,0.323108046207162,0.4,False
351,352,race,gender,Cramer's V,0.2855369311163427,0.4,False
351,352,race,age,Cramer's V,0.3736171460554426,0.4,False
351,352,gender,age,Cramer's V,0.3854031924593295,0.4,False
352,353,race,gender,Cramer's V,0.27599057755306006,0.4,False
352,353,race,age,Cramer's V,0.4068663797794019,0.4,True
352,353,gender,age,Cramer's V,0.34970963949528594,0.4,False
353,354,race,gender,Cramer's V,0.10601097813285411,0.4,False
353,354,race,age,Cramer's V,0.35194839845610143,0.4,False
353,354,gender,age,Cramer's V,0.36698944868391237,0.4,False
354,355,race,gender,Cramer's V,0.25306008943923786,0.4,False
354,355,race,age,Cramer's V,0.47079301425473835,0.4,True
354,355,gender,age,Cramer's V,0.3455057479077244,0.4,False
355,356,race,gender,Cramer's V,0.27699466461656663,0.4,False
355,356,race,age,Cramer's V,0.3118950415405924,0.4,False
355,356,gender,age,Cramer's V,0.3573635074523929,0.4,False
356,357,race,gender,Cramer's V,0.2583300550539434,0.4,False
356,357,race,age,Cramer's V,0.32626062133110534,0.4,False
356,357,gender,age,Cramer's V,0.4972809666459796,0.4,True
357,358,race,gender,Cramer's V,0.3778302288305977,0.4,False
357,358,race,age,Cramer's V,0.34343321769849733,0.4,False
357,358,gender,age,Cramer's V,0.2715096429548796,0.4,False
358,359,race,gender,Cramer's V,0.16499326417395718,0.4,False
358,359,race,age,Cramer's V,0.3794738908483674,0.4,False
358,359,gender,age,Cramer's V,0.417594049638978,0.4,True
359,360,race,gender,Cramer's V,0.1485462148989036,0.4,False
359,360,race,age,Cramer's V,0.29992365581218966,0.4,False
359,360,gender,age,Cramer's V,0.2143186116036493,0.4,False
360,361,race,gender,Cramer's V,0.1889461608649789,0.4,False
360,361,race,age,Cramer's V,0.38018184003809713,0.4,False
360,361,gender,age,Cramer's V,0.4250617922624217,0.4,True
361,362,race,gender,Cramer's V,0.18727067586263466,0.4,False
361,362,race,age,Cramer's V,0.36813237088733003,0.4,False
361,362,gender,age,Cramer's V,0.3178420570047214,0.4,False
362,363,race,gender,Cramer's V,0.13130643285972254,0.4,False
362,363,race,age,Cramer's V,0.33869858656749585,0.4,False
362,363,gender,age,Cramer's V,0.18311414703125195,0.4,False
363,364,race,gender,Cramer's V,0.2533409799419098,0.4,False
363,364,race,age,Cramer's V,0.3370278206404098,0.4,False
363,364,gender,age,Cramer's V,0.5541710369010825,0.4,True
364,365,race,gender,Cramer's V,0.3586544366463467,0.4,False
364,365,race,age,Cramer's V,0.31670898455314805,0.4,False
364,365,gender,age,Cramer's V,0.3719291340943559,0.4,False
365,366,race,gender,Cramer's V,0.16705381391691138,0.4,False
365,366,race,age,Cramer's V,0.3757067172973719,0.4,False
365,366,gender,age,Cramer's V,0.30007214139818117,0.4,False
366,367,race,gender,Cramer's V,0.19301981160832776,0.4,False
366,367,race,age,Cramer's V,0.28607982787367114,0.4,False
366,367,gender,age,Cramer's V,0.27201428188116356,0.4,False
367,368,race,gender,Cramer's V,0.28667497966120126,0.4,False
367,368,race,age,Cramer's V,0.32439104959237086,0.4,False
367,368,gender,age,Cramer's V,0.41104515572346545,0.4,True
368,369,race,gender,Cramer's V,0.248746859276655,0.4,False
368,369,race,age,Cramer's V,0.5519603852492783,0.4,True
368,369,gender,age,Cramer's V,0.30793402264034614,0.4,False
369,370,race,gender,Cramer's V,0.13270583046130136,0.4,False
369,370,race,age,Cramer's V,0.35508719870702593,0.4,False
369,370,gender,age,Cramer's V,0.3563620364302002,0.4,False
370,371,race,gender,Cramer's V,0.15711944620630364,0.4,False
370,371,race,age,Cramer's V,0.4100614848111866,0.4,True
370,371,gender,age,Cramer's V,0.35337855113662675,0.4,False
371,372,race,gender,Cramer's V,0.12171612389003694,0.4,False
371,372,race,age,Cramer's V,0.31384574674116383,0.4,False
371,372,gender,age,Cramer's V,0.25376372872604364,0.4,False
372,373,race,gender,Cramer's V,0.25795844488045255,0.4,False
372,373,race,age,Cramer's V,0.24637613120344964,0.4,False
372,373,gender,age,Cramer's V,0.22169602327361138,0.4,False
373,374,race,gender,Cramer's V,0.12862022671272705,0.4,False
373,374,race,age,Cramer's V,0.3530957877970599,0.4,False
373,374,gender,age,Cramer's V,0.4281096315164894,0.4,True
374,375,race,gender,Cramer's V,0.2784532849223689,0.4,False
374,375,race,age,Cramer's V,0.3244746776331256,0.4,False
374,375,gender,age,Cramer's V,0.2034787938056925,0.4,False
375,376,race,gender,Cramer's V,0.36392198302169626,0.4,False
375,376,race,age,Cramer's V,0.2853561744938478,0.4,False
375,376,gender,age,Cramer's V,0.2827306595934121,0.4,False
376,377,race,gender,Cramer's V,0.2011996584455283,0.4,False
376,377,race,age,Cramer's V,0.3769844063893372,0.4,False
376,377,gender,age,Cramer's V,0.35864007394923186,0.4,False
377,378,race,gender,Cramer's V,0.1942007783395636,0.4,False
377,378,race,age,Cramer's V,0.33387737692191227,0.4,False
377,378,gender,age,Cramer's V,0.29481872721739016,0.4,False
378,379,race,gender,Cramer's V,0.07165349663551991,0.4,False
378,379,race,age,Cramer's V,0.3171684039748329,0.4,False
378,379,gender,age,Cramer's V,0.5085423356090291,0.4,True
379,380,race,gender,Cramer's V,0.1896327796901288,0.4,False
379,380,race,age,Cramer's V,0.30624927557239834,0.4,False
379,380,gender,age,Cramer's V,0.4754780114577666,0.4,True
380,381,race,gender,Cramer's V,0.273462231804417,0.4,False
380,381,race,age,Cramer's V,0.3123340527201717,0.4,False
380,381,gender,age,Cramer's V,0.30544403054578717,0.4,False
381,382,race,gender,Cramer's V,0.20743203382767766,0.4,False
381,382,race,age,Cramer's V,0.2651316363252392,0.4,False
381,382,gender,age,Cramer's V,0.445627359844932,0.4,True
382,383,race,gender,Cramer's V,0.1603440902332458,0.4,False
382,383,race,age,Cramer's V,0.3189251754626148,0.4,False
382,383,gender,age,Cramer's V,0.32256226770410784,0.4,False
383,384,race,gender,Cramer's V,0.15677892850370448,0.4,False
383,384,race,age,Cramer's V,0.3215767731952665,0.4,False
383,384,gender,age,Cramer's V,0.2580451541635719,0.4,False
384,385,race,gender,Cramer's V,0.26389719550987994,0.4,False
384,385,race,age,Cramer's V,0.2737892308497413,0.4,False
384,385,gender,age,Cramer's V,0.24131493354815758,0.4,False
385,386,race,gender,Cramer's V,0.31036357623044214,0.4,False
385,386,race,age,Cramer's V,0.6374855112112688,0.4,True
385,386,gender,age,Cramer's V,0.2809892476848372,0.4,False
386,387,race,gender,Cramer's V,0.21642018189889234,0.4,False
386,387,race,age,Cramer's V,0.34812440186455434,0.4,False
386,387,gender,age,Cramer's V,0.2548316392659722,0.4,False
387,388,race,gender,Cramer's V,0.3497456952561166,0.4,False
387,388,race,age,Cramer's V,0.26295296393052786,0.4,False
387,388,gender,age,Cramer's V,0.33649800322321527,0.4,False
388,389,race,gender,Cramer's V,0.07118684968143743,0.4,False
388,389,race,age,Cramer's V,0.4173587326129785,0.4,True
388,389,gender,age,Cramer's V,0.4463051021310917,0.4,True
389,390,race,gender,Cramer's V,0.1735832917173114,0.4,False
389,390,race,age,Cramer's V,0.5493108630296912,0.4,True
389,390,gender,age,Cramer's V,0.35030104784615534,0.4,False
390,391,race,gender,Cramer's V,0.1526115118732234,0.4,False
390,391,race,age,Cramer's V,0.4315008349500827,0.4,True
390,391,gender,age,Cramer's V,0.423987131707229,0.4,True
391,392,race,gender,Cramer's V,0.23263248998422512,0.4,False
391,392,race,age,Cramer's V,0.21255997115070252,0.4,False
391,392,gender,age,Cramer's V,0.3214485699643705,0.4,False
392,393,race,gender,Cramer's V,0.22526543034070512,0.4,False
392,393,race,age,Cramer's V,0.27100829120165193,0.4,False
392,393,gender,age,Cramer's V,0.5053358685996909,0.4,True
393,394,race,gender,Cramer's V,0.3378290947338637,0.4,False
393,394,race,age,Cramer's V,0.45251449926173565,0.4,True
393,394,gender,age,Cramer's V,0.21393765492281303,0.4,False
394,395,race,gender,Cramer's V,0.3360241569330294,0.4,False
394,395,race,age,Cramer's V,0.35004250343877497,0.4,False
394,395,gender,age,Cramer's V,0.47149516679144476,0.4,True
395,396,race,gender,Cramer's V,0.2573699987164709,0.4,False
395,396,race,age,Cramer's V,0.4905656373012671,0.4,True
395,396,gender,age,Cramer's V,0.20420554603937272,0.4,False
396,397,race,gender,Cramer's V,0.2736161298290274,0.4,False
396,397,race,age,Cramer's V,0.3065093802773419,0.4,False
396,397,gender,age,Cramer's V,0.27819147422649776,0.4,False
397,398,race,gender,Cramer's V,0.2091516930027296,0.4,False
397,398,race,age,Cramer's V,0.29543904605060034,0.4,False
397,398,gender,age,Cramer's V,0.34429184026091475,0.4,False
398,399,race,gender,Cramer's V,0.5225907053289096,0.4,True
398,399,race,age,Cramer's V,0.27693466685618645,0.4,False
398,399,gender,age,Cramer's V,0.2410200392927097,0.4,False
399,400,race,gender,Cramer's V,0.1900087635373097,0.4,False
399,400,race,age,Cramer's V,0.40180528241537183,0.4,True
399,400,gender,age,Cramer's V,0.301247720264361,0.4,False
400,401,race,gender,Cramer's V,0.31452378720585844,0.4,False
400,401,race,age,Cramer's V,0.40291937111132653,0.4,True
400,401,gender,age,Cramer's V,0.3691066857646969,0.4,False
401,402,race,gender,Cramer's V,0.0338061701891407,0.4,False
401,402,race,age,Cramer's V,0.3989686819488582,0.4,False
401,402,gender,age,Cramer's V,0.374832130258501,0.4,False
402,403,race,gender,Cramer's V,0.19052054199764634,0.4,False
402,403,race,age,Cramer's V,0.27435351201903696,0.4,False
402,403,gender,age,Cramer's V,0.37385704402420433,0.4,False
403,404,race,gender,Cramer's V,0.12006241362301179,0.4,False
403,404,race,age,Cramer's V,0.2799555270486674,0.4,False
403,404,gender,age,Cramer's V,0.39454353441789436,0.4,False
404,405,race,gender,Cramer's V,0.19458404368825316,0.4,False
404,405,race,age,Cramer's V,0.29527727563383993,0.4,False
404,405,gender,age,Cramer's V,0.2191923070951897,0.4,False
405,406,race,gender,Cramer's V,0.29249083237167495,0.4,False
405,406,race,age,Cramer's V,0.2876427047456536,0.4,False
405,406,gender,age,Cramer's V,0.3419935110530882,0.4,False
406,407,race,gender,Cramer's V,0.24780283474575165,0.4,False
406,407,race,age,Cramer's V,0.2579157924638647,0.4,False
406,407,gender,age,Cramer's V,0.3554719865406723,0.4,False
407,408,race,gender,Cramer's V,0.224371175970783,0.4,False
407,408,race,age,Cramer's V,0.3419960940470551,0.4,False
407,408,gender,age,Cramer's V,0.3003731356874976,0.4,False
408,409,race,gender,Cramer's V,0.22765527245579678,0.4,False
408,409,race,age,Cramer's V,0.3953635227684068,0.4,False
408,409,gender,age,Cramer's V,0.286517777763946,0.4,False
409,410,race,gender,Cramer's V,0.4366555210656737,0.4,True
409,410,race,age,Cramer's V,0.24144980816001876,0.4,False
409,410,gender,age,Cramer's V,0.2571137950548426,0.4,False
410,411,race,gender,Cramer's V,0.30334671708991806,0.4,False
410,411,race,age,Cramer's V,0.2660019187092844,0.4,False
410,411,gender,age,Cramer's V,0.3871945800978403,0.4,False
411,412,race,gender,Cramer's V,0.19961310162829557,0.4,False
411,412,race,age,Cramer's V,0.3126345864030156,0.4,False
411,412,gender,age,Cramer's V,0.25268410235534516,0.4,False
412,413,race,gender,Cramer's V,0.31604542094748994,0.4,False
412,413,race,age,Cramer's V,0.2340742050774557,0.4,False
412,413,gender,age,Cramer's V,0.28608350527696497,0.4,False
413,414,race,gender,Cramer's V,0.22647038354312016,0.4,False
413,414,race,age,Cramer's V,0.35813518568809205,0.4,False
413,414,gender,age,Cramer's V,0.3528014519086684,0.4,False
414,415,race,gender,Cramer's V,0.12765960453607855,0.4,False
414,415,race,age,Cramer's V,0.1930463668834505,0.4,False
414,415,gender,age,Cramer's V,0.36893918405719417,0.4,False
415,416,race,gender,Cramer's V,0.2233354531159953,0.4,False
415,416,race,age,Cramer's V,0.35065684176076656,0.4,False
415,416,gender,age,Cramer's V,0.1506690061866984,0.4,False
416,417,race,gender,Cramer's V,0.33804948669377693,0.4,False
416,417,race,age,Cramer's V,0.3044434025116067,0.4,False
416,417,gender,age,Cramer's V,0.3519036286203424,0.4,False
417,418,race,gender,Cramer's V,0.1008712554448004,0.4,False
417,418,race,age,Cramer's V,0.3184972054218412,0.4,False
417,418,gender,age,Cramer's V,0.32570260885587443,0.4,False
418,419,race,gender,Cramer's V,0.21115609057494553,0.4,False
418,419,race,age,Cramer's V,0.32922583368581537,0.4,False
418,419,gender,age,Cramer's V,0.31365586708232696,0.4,False
419,420,race,gender,Cramer's V,0.16422453217986943,0.4,False
419,420,race,age,Cramer's V,0.4542728058351698,0.4,True
419,420,gender,age,Cramer's V,0.3015292911474993,0.4,False
420,421,race,gender,Cramer's V,0.17861904127153383,0.4,False
420,421,race,age,Cramer's V,0.29743681844832354,0.4,False
420,421,gender,age,Cramer's V,0.38440799058298547,0.4,False
421,422,race,gender,Cramer's V,0.18374080592150388,0.4,False
421,422,race,age,Cramer's V,0.30189170237376417,0.4,False
421,422,gender,age,Cramer's V,0.29885125898739245,0.4,False
422,423,race,gender,Cramer's V,0.1294412496679036,0.4,False
422,423,race,age,Cramer's V,0.3296718856987014,0.4,False
422,423,gender,age,Cramer's V,0.36357691933599695,0.4,False
423,424,race,gender,Cramer's V,0.20153730163574504,0.4,False
423,424,race,age,Cramer's V,0.6566459186150954,0.4,True
423,424,gender,age,Cramer's V,0.21287615605383758,0.4,False
424,425,race,gender,Cramer's V,0.2962386756336459,0.4,False
424,425,race,age,Cramer's V,0.32783208767443484,0.4,False
424,425,gender,age,Cramer's V,0.4556760088045014,0.4,True
425,426,race,gender,Cramer's V,0.29308389497507964,0.4,False
425,426,race,age,Cramer's V,0.2943664647360976,0.4,False
425,426,gender,age,Cramer's V,0.3716257043072627,0.4,False
426,427,race,gender,Cramer's V,0.07472894743280938,0.4,False
426,427,race,age,Cramer's V,0.20021800796194814,0.4,False
426,427,gender,age,Cramer's V,0.36656599592792205,0.4,False
427,428,race,gender,Cramer's V,0.2863810513687526,0.4,False
427,428,race,age,Cramer's V,0.34255082545935606,0.4,False
427,428,gender,age,Cramer's V,0.38208448775002135,0.4,False
428,429,race,gender,Cramer's V,0.1593220988986923,0.4,False
428,429,race,age,Cramer's V,0.3944463742654082,0.4,False
428,429,gender,age,Cramer's V,0.35974756283227755,0.4,False
429,430,race,gender,Cramer's V,0.15751382815678774,0.4,False
429,430,race,age,Cramer's V,0.3168189205130617,0.4,False
429,430,gender,age,Cramer's V,0.5225955038134759,0.4,True
430,431,race,gender,Cramer's V,0.13075764213081298,0.4,False
430,431,race,age,Cramer's V,0.2718334151658377,0.4,False
430,431,gender,age,Cramer's V,0.23131353696001533,0.4,False
431,432,race,gender,Cramer's V,0.26406639526901465,0.4,False
431,432,race,age,Cramer's V,0.27035205397820283,0.4,False
431,432,gender,age,Cramer's V,0.35597098380196296,0.4,False
432,433,race,gender,Cramer's V,0.30838674882806744,0.4,False
432,433,race,age,Cramer's V,0.42936509400262135,0.4,True
432,433,gender,age,Cramer's V,0.33751361628306287,0.4,False
433,434,race,gender,Cramer's V,0.18832944617230335,0.4,False
433,434,race,age,Cramer's V,0.307614941112055,0.4,False
433,434,gender,age,Cramer's V,0.4849735508148722,0.4,True
434,435,race,gender,Cramer's V,0.22713242513049578,0.4,False
434,435,race,age,Cramer's V,0.3313666420606005,0.4,False
434,435,gender,age,Cramer's V,0.4358076045563429,0.4,True
435,436,race,gender,Cramer's V,0.19968771902836277,0.4,False
435,436,race,age,Cramer's V,0.25843410373677944,0.4,False
435,436,gender,age,Cramer's V,0.4951949285653487,0.4,True
436,437,race,gender,Cramer's V,0.0053547955260166875,0.4,False
436,437,race,age,Cramer's V,0.4571151368813038,0.4,True
436,437,gender,age,Cramer's V,0.2990095393416919,0.4,False
437,438,race,gender,Cramer's V,0.2393230908117009,0.4,False
437,438,race,age,Cramer's V,0.309113220174274,0.4,False
437,438,gender,age,Cramer's V,0.48049516223275013,0.4,True
438,439,race,gender,Cramer's V,0.21417739726652874,0.4,False
438,439,race,age,Cramer's V,0.2915054963903281,0.4,False
438,439,gender,age,Cramer's V,0.20105959229971815,0.4,False
439,440,race,gender,Cramer's V,0.1911656476383447,0.4,False
439,440,race,age,Cramer's V,0.2820859090069281,0.4,False
439,440,gender,age,Cramer's V,0.34552799156191577,0.4,False
440,441,race,gender,Cramer's V,0.18741996522310433,0.4,False
440,441,race,age,Cramer's V,0.2631776719739821,0.4,False
440,441,gender,age,Cramer's V,0.3543575357159351,0.4,False
441,442,race,gender,Cramer's V,0.18428270119605356,0.4,False
441,442,race,age,Cramer's V,0.3817336248012397,0.4,False
441,442,gender,age,Cramer's V,0.19468614638695608,0.4,False
442,443,race,gender,Cramer's V,0.25236679490945346,0.4,False
442,443,race,age,Cramer's V,0.3761505269991609,0.4,False
442,443,gender,age,Cramer's V,0.3003058821082,0.4,False
443,444,race,gender,Cramer's V,0.14673533031768823,0.4,False
443,444,race,age,Cramer's V,0.378497272549609,0.4,False
443,444,gender,age,Cramer's V,0.5943480126542966,0.4,True
444,445,race,gender,Cramer's V,0.2837636646294282,0.4,False
444,445,race,age,Cramer's V,0.32057336360261124,0.4,False
444,445,gender,age,Cramer's V,0.36599364447692484,0.4,False
445,446,race,gender,Cramer's V,0.18362852098580362,0.4,False
445,446,race,age,Cramer's V,0.21816031397557759,0.4,False
445,446,gender,age,Cramer's V,0.38129771227735604,0.4,False
446,447,race,gender,Cramer's V,0.18946618668626836,0.4,False
446,447,race,age,Cramer's V,0.4734632400758838,0.4,True
446,447,gender,age,Cramer's V,0.4882456742090383,0.4,True
447,448,race,gender,Cramer's V,0.3088439984597651,0.4,False
447,448,race,age,Cramer's V,0.22090386915525745,0.4,False
447,448,gender,age,Cramer's V,0.24930269772509794,0.4,False
448,449,race,gender,Cramer's V,0.33834792615070347,0.4,False
448,449,race,age,Cramer's V,0.6326210913660386,0.4,True
448,449,gender,age,Cramer's V,0.4301777491016087,0.4,True
449,450,race,gender,Cramer's V,0.3457862795819096,0.4,False
449,450,race,age,Cramer's V,0.31844523008715214,0.4,False
449,450,gender,age,Cramer's V,0.3300030880655624,0.4,False
450,451,race,gender,Cramer's V,0.1811583408133653,0.4,False
450,451,race,age,Cramer's V,0.3272883873788335,0.4,False
450,451,gender,age,Cramer's V,0.32149933648737655,0.4,False
451,452,race,gender,Cramer's V,0.42607330535773014,0.4,True
451,452,race,age,Cramer's V,0.3218466808376907,0.4,False
451,452,gender,age,Cramer's V,0.4174949033245727,0.4,True
452,453,race,gender,Cramer's V,0.3885161096297816,0.4,False
452,453,race,age,Cramer's V,0.5490803825920264,0.4,True
452,453,gender,age,Cramer's V,0.40540881023826236,0.4,True
453,454,race,gender,Cramer's V,0.26832730977348707,0.4,False
453,454,race,age,Cramer's V,0.4960016814173995,0.4,True
453,454,gender,age,Cramer's V,0.32273757785473967,0.4,False
454,455,race,gender,Cramer's V,0.13727288094829163,0.4,False
454,455,race,age,Cramer's V,0.28100055917281,0.4,False
454,455,gender,age,Cramer's V,0.3511343214703304,0.4,False
455,456,race,gender,Cramer's V,0.3477196747127157,0.4,False
455,456,race,age,Cramer's V,0.48071878149290215,0.4,True
455,456,gender,age,Cramer's V,0.29727839906864184,0.4,False
456,457,race,gender,Cramer's V,0.15015844953553165,0.4,False
456,457,race,age,Cramer's V,0.39571426671623466,0.4,False
456,457,gender,age,Cramer's V,0.3817587749360989,0.4,False
457,458,race,gender,Cramer's V,0.20626647797731046,0.4,False
457,458,race,age,Cramer's V,0.2199019921905806,0.4,False
457,458,gender,age,Cramer's V,0.352474724977995,0.4,False
458,459,race,gender,Cramer's V,0.3319700011034929,0.4,False
458,459,race,age,Cramer's V,0.36226718384020445,0.4,False
458,459,gender,age,Cramer's V,0.5100826013345879,0.4,True
459,460,race,gender,Cramer's V,0.22606325294129687,0.4,False
459,460,race,age,Cramer's V,0.31589961782592985,0.4,False
459,460,gender,age,Cramer's V,0.5342155647716885,0.4,True
460,461,race,gender,Cramer's V,0.12682238005934163,0.4,False
460,461,race,age,Cramer's V,0.3411389917442914,0.4,False
460,461,gender,age,Cramer's V,0.5210115079851801,0.4,True
461,462,race,gender,Cramer's V,0.28147079147153603,0.4,False
461,462,race,age,Cramer's V,0.23591686263053083,0.4,False
461,462,gender,age,Cramer's V,0.3565502134916735,0.4,False
462,463,race,gender,Cramer's V,0.2401031126585581,0.4,False
462,463,race,age,Cramer's V,0.3546536545794366,0.4,False
462,463,gender,age,Cramer's V,0.39617324851079455,0.4,False
463,464,race,gender,Cramer's V,0.19765696093350552,0.4,False
463,464,race,age,Cramer's V,0.4147935937395658,0.4,True
463,464,gender,age,Cramer's V,0.33071891388307384,0.4,False
464,465,race,gender,Cramer's V,0.19935794376846327,0.4,False
464,465,race,age,Cramer's V,0.27779273464006116,0.4,False
464,465,gender,age,Cramer's V,0.4231171839288067,0.4,True
465,466,race,gender,Cramer's V,0.36560021956127353,0.4,False
465,466,race,age,Cramer's V,0.3650605992157919,0.4,False
465,466,gender,age,Cramer's V,0.2674112869208782,0.4,False
466,467,race,gender,Cramer's V,0.12009611535381536,0.4,False
466,467,race,age,Cramer's V,0.3178645167958371,0.4,False
466,467,gender,age,Cramer's V,0.301799108713399,0.4,False
467,468,race,gender,Cramer's V,0.22626539677262836,0.4,False
467,468,race,age,Cramer's V,0.452635032031572,0.4,True
467,468,gender,age,Cramer's V,0.40150255425746517,0.4,True
468,469,race,gender,Cramer's V,0.16860632741829398,0.4,False
468,469,race,age,Cramer's V,0.2676151814075734,0.4,False
468,469,gender,age,Cramer's V,0.37002844480462344,0.4,False
469,470,race,gender,Cramer's V,0.2692582403567252,0.4,False
469,470,race,age,Cramer's V,0.431308225882936,0.4,True
469,470,gender,age,Cramer's V,0.3637510341082411,0.4,False
470,471,race,gender,Cramer's V,0.24875759662840827,0.4,False
470,471,race,age,Cramer's V,0.34340681522174354,0.4,False
470,471,gender,age,Cramer's V,0.5128408115640739,0.4,True
471,472,race,gender,Cramer's V,0.2755798887214934,0.4,False
471,472,race,age,Cramer's V,0.3124001873645753,0.4,False
471,472,gender,age,Cramer's V,0.42557968906313154,0.4,True
472,473,race,gender,Cramer's V,0.16658637577961033,0.4,False
472,473,race,age,Cramer's V,0.21316257328054794,0.4,False
472,473,gender,age,Cramer's V,0.4286067004885757,0.4,True
473,474,race,gender,Cramer's V,0.22676078705423153,0.4,False
473,474,race,age,Cramer's V,0.3489534485694464,0.4,False
473,474,gender,age,Cramer's V,0.35787090018131007,0.4,False
474,475,race,gender,Cramer's V,0.16666666666666666,0.4,False
474,475,race,age,Cramer's V,0.4933414831271077,0.4,True
474,475,gender,age,Cramer's V,0.301509702354639,0.4,False
475,476,race,gender,Cramer's V,0.17672537683667766,0.4,False
475,476,race,age,Cramer's V,0.3675156909495143,0.4,False
475,476,gender,age,Cramer's V,0.26481623672711985,0.4,False
476,477,race,gender,Cramer's V,0.10721125348377948,0.4,False
476,477,race,age,Cramer's V,0.39494843803651514,0.4,False
476,477,gender,age,Cramer's V,0.34862742478353054,0.4,False
477,478,race,gender,Cramer's V,0.37554938674835636,0.4,False
477,478,race,age,Cramer's V,0.32121351573418855,0.4,False
477,478,gender,age,Cramer's V,0.3028312151480345,0.4,False
478,479,race,gender,Cramer's V,0.3255326089670454,0.4,False
478,479,race,age,Cramer's V,0.32181487662135017,0.4,False
478,479,gender,age,Cramer's V,0.34143453268079355,0.4,False
479,480,race,gender,Cramer's V,0.24657568117454928,0.4,False
479,480,race,age,Cramer's V,0.3810203471540759,0.4,False
479,480,gender,age,Cramer's V,0.40208307423669837,0.4,True
480,481,race,gender,Cramer's V,0.2601447273529333,0.4,False
480,481,race,age,Cramer's V,0.29559753022970253,0.4,False
480,481,gender,age,Cramer's V,0.05192477994956866,0.4,False
481,482,race,gender,Cramer's V,0.25625019102627516,0.4,False
481,482,race,age,Cramer's V,0.33351140357564335,0.4,False
481,482,gender,age,Cramer's V,0.4169262281385433,0.4,True
482,483,race,gender,Cramer's V,0.3100897061992841,0.4,False
482,483,race,age,Cramer's V,0.3692362437880497,0.4,False
482,483,gender,age,Cramer's V,0.36175156880221565,0.4,False
483,484,race,gender,Cramer's V,0.19294166164107032,0.4,False
483,484,race,age,Cramer's V,0.2827360680104757,0.4,False
483,484,gender,age,Cramer's V,0.299572162256883,0.4,False
484,485,race,gender,Cramer's V,0.24861910832936324,0.4,False
484,485,race,age,Cramer's V,0.512998259750531,0.4,True
484,485,gender,age,Cramer's V,0.42462068339558606,0.4,True
485,486,race,gender,Cramer's V,0.22620944043259086,0.4,False
485,486,race,age,Cramer's V,0.5048377076953654,0.4,True
485,486,gender,age,Cramer's V,0.2798771244099567,0.4,False
486,487,race,gender,Cramer's V,0.21143288228883375,0.4,False
486,487,race,age,Cramer's V,0.2975369026541063,0.4,False
486,487,gender,age,Cramer's V,0.20710551674595273,0.4,False
487,488,race,gender,Cramer's V,0.1943473638432416,0.4,False
487,488,race,age,Cramer's V,0.28502035708580925,0.4,False
487,488,gender,age,Cramer's V,0.19326258652524378,0.4,False
488,489,race,gender,Cramer's V,0.1997090310539522,0.4,False
488,489,race,age,Cramer's V,0.3191857961561068,0.4,False
488,489,gender,age,Cramer's V,0.3065184894505392,0.4,False
489,490,race,gender,Cramer's V,0.1932941731212748,0.4,False
489,490,race,age,Cramer's V,0.45015177733362627,0.4,True
489,490,gender,age,Cramer's V,0.36177372884198056,0.4,False
490,491,race,gender,Cramer's V,0.30503451773764656,0.4,False
490,491,race,age,Cramer's V,0.4332569704251373,0.4,True
490,491,gender,age,Cramer's V,0.4639327824032974,0.4,True
491,492,race,gender,Cramer's V,0.16418267275468842,0.4,False
491,492,race,age,Cramer's V,0.4060666116761081,0.4,True
491,492,gender,age,Cramer's V,0.5134483336437067,0.4,True
492,493,race,gender,Cramer's V,0.24379208869753258,0.4,False
492,493,race,age,Cramer's V,0.2689719088129895,0.4,False
492,493,gender,age,Cramer's V,0.24912733951776656,0.4,False
493,494,race,gender,Cramer's V,0.22882899190251513,0.4,False
493,494,race,age,Cramer's V,0.3641095406272095,0.4,False
493,494,gender,age,Cramer's V,0.34647458113158297,0.4,False
494,495,race,gender,Cramer's V,0.2676516895156554,0.4,False
494,495,race,age,Cramer's V,0.36693683258419946,0.4,False
494,495,gender,age,Cramer's V,0.3595462477533374,0.4,False
495,496,race,gender,Cramer's V,0.16929741924086192,0.4,False
495,496,race,age,Cramer's V,0.3294983267877275,0.4,False
495,496,gender,age,Cramer's V,0.2286558477975714,0.4,False
496,497,race,gender,Cramer's V,0.1892565228226881,0.4,False
496,497,race,age,Cramer's V,0.2728484867785021,0.4,False
496,497,gender,age,Cramer's V,0.32754927097706554,0.4,False
497,498,race,gender,Cramer's V,0.11940021045379381,0.4,False
497,498,race,age,Cramer's V,0.4048087571559315,0.4,True
497,498,gender,age,Cramer's V,0.4638945302524435,0.4,True
498,499,race,gender,Cramer's V,0.31070355480872125,0.4,False
498,499,race,age,Cramer's V,0.38044803551983786,0.4,False
498,499,gender,age,Cramer's V,0.19115873463961341,0.4,False
499,500,race,gender,Cramer's V,0.3072869134516921,0.4,False
499,500,race,age,Cramer's V,0.31584418325095276,0.4,False
499,500,gender,age,Cramer's V,0.41222976414799,0.4,True
500,501,race,gender,Cramer's V,0.3236694374850748,0.4,False
500,501,race,age,Cramer's V,0.2372684056006958,0.4,False
500,501,gender,age,Cramer's V,0.20614653161378313,0.4,False
501,502,race,gender,Cramer's V,0.15657627225176254,0.4,False
501,502,race,age,Cramer's V,0.39581140290126393,0.4,False
501,502,gender,age,Cramer's V,0.3453324199763734,0.4,False
502,503,race,gender,Cramer's V,0.27638539919628335,0.4,False
502,503,race,age,Cramer's V,0.3864196220692271,0.4,False
502,503,gender,age,Cramer's V,0.2767234263680159,0.4,False
503,504,race,gender,Cramer's V,0.052057920629535355,0.4,False
503,504,race,age,Cramer's V,0.42871781542452825,0.4,True
503,504,gender,age,Cramer's V,0.2871967313218632,0.4,False
504,505,race,gender,Cramer's V,0.2593623280360914,0.4,False
504,505,race,age,Cramer's V,0.4763686422649305,0.4,True
504,505,gender,age,Cramer's V,0.3927843809171555,0.4,False
505,506,race,gender,Cramer's V,0.17672537683667766,0.4,False
505,506,race,age,Cramer's V,0.3818813079129867,0.4,False
505,506,gender,age,Cramer's V,0.23567215601319805,0.4,False
506,507,race,gender,Cramer's V,0.1742330131092924,0.4,False
506,507,race,age,Cramer's V,0.23139072294858037,0.4,False
506,507,gender,age,Cramer's V,0.39112170800940016,0.4,False
507,508,race,gender,Cramer's V,0.258527059144836,0.4,False
507,508,race,age,Cramer's V,0.36115185617875606,0.4,False
507,508,gender,age,Cramer's V,0.28927591596182967,0.4,False
508,509,race,gender,Cramer's V,0.011359236684941282,0.4,False
508,509,race,age,Cramer's V,0.5560852175977791,0.4,True
508,509,gender,age,Cramer's V,0.21562356275718444,0.4,False
509,510,race,gender,Cramer's V,0.2897123957455804,0.4,False
509,510,race,age,Cramer's V,0.3383201229886307,0.4,False
509,510,gender,age,Cramer's V,0.26967839872183347,0.4,False
510,511,race,gender,Cramer's V,0.2052806652248368,0.4,False
510,511,race,age,Cramer's V,0.22344385464173355,0.4,False
510,511,gender,age,Cramer's V,0.32350450934469493,0.4,False
511,512,race,gender,Cramer's V,0.23174059571793565,0.4,False
511,512,race,age,Cramer's V,0.38681989301176023,0.4,False
511,512,gender,age,Cramer's V,0.1918100309237318,0.4,False
512,513,race,gender,Cramer's V,0.1494080829940326,0.4,False
512,513,race,age,Cramer's V,0.24819827191369112,0.4,False
512,513,gender,age,Cramer's V,0.288131815355304,0.4,False
513,514,race,gender,Cramer's V,0.24464949548864662,0.4,False
513,514,race,age,Cramer's V,0.5701115970715456,0.4,True
513,514,gender,age,Cramer's V,0.4905128254532202,0.4,True
514,515,race,gender,Cramer's V,0.07664750718450652,0.4,False
514,515,race,age,Cramer's V,0.3464101615137754,0.4,False
514,515,gender,age,Cramer's V,0.31770312984460275,0.4,False
515,516,race,gender,Cramer's V,0.21124483772742644,0.4,False
515,516,race,age,Cramer's V,0.3752602791052459,0.4,False
515,516,gender,age,Cramer's V,0.4466374889593014,0.4,True
516,517,race,gender,Cramer's V,0.18100699644912283,0.4,False
516,517,race,age,Cramer's V,0.3574293383627015,0.4,False
516,517,gender,age,Cramer's V,0.5209294783053858,0.4,True
517,518,race,gender,Cramer's V,0.3283650606973449,0.4,False
517,518,race,age,Cramer's V,0.5156271133658379,0.4,True
517,518,gender,age,Cramer's V,0.1619401283560489,0.4,False
518,519,race,gender,Cramer's V,0.3,0.4,False
518,519,race,age,Cramer's V,0.376553486850401,0.4,False
518,519,gender,age,Cramer's V,0.2643188539077816,0.4,False
519,520,race,gender,Cramer's V,0.20192620817612336,0.4,False
519,520,race,age,Cramer's V,0.39236637980967154,0.4,False
519,520,gender,age,Cramer's V,0.3978731334270138,0.4,False
520,521,race,gender,Cramer's V,0.26133159104499504,0.4,False
520,521,race,age,Cramer's V,0.2469865698572813,0.4,False
520,521,gender,age,Cramer's V,0.3541180449615719,0.4,False
521,522,race,gender,Cramer's V,0.26272598522159474,0.4,False
521,522,race,age,Cramer's V,0.31456794409632943,0.4,False
521,522,gender,age,Cramer's V,0.3093180493887411,0.4,False
522,523,race,gender,Cramer's V,0.17630951190525654,0.4,False
522,523,race,age,Cramer's V,0.438219674653693,0.4,True
522,523,gender,age,Cramer's V,0.3186511848822516,0.4,False
523,524,race,gender,Cramer's V,0.22091029454123548,0.4,False
523,524,race,age,Cramer's V,0.2954072136084155,0.4,False
523,524,gender,age,Cramer's V,0.3437284310007924,0.4,False
524,525,race,gender,Cramer's V,0.2316578333281109,0.4,False
524,525,race,age,Cramer's V,0.32224577300150614,0.4,False
524,525,gender,age,Cramer's V,0.23585055782313855,0.4,False
525,526,race,gender,Cramer's V,0.04399413450640596,0.4,False
525,526,race,age,Cramer's V,0.16494205756247002,0.4,False
525,526,gender,age,Cramer's V,0.3837759730232675,0.4,False
526,527,race,gender,Cramer's V,0.19701096625699788,0.4,False
526,527,race,age,Cramer's V,0.2996096212269873,0.4,False
526,527,gender,age,Cramer's V,0.2737556020059309,0.4,False
527,528,race,gender,Cramer's V,0.11388714824553262,0.4,False
527,528,race,age,Cramer's V,0.371757263820713,0.4,False
527,528,gender,age,Cramer's V,0.3611907218816149,0.4,False
528,529,race,gender,Cramer's V,0.2703274367816243,0.4,False
528,529,race,age,Cramer's V,0.44450986665693676,0.4,True
528,529,gender,age,Cramer's V,0.4323097035099058,0.4,True
529,530,race,gender,Cramer's V,0.20760882258153834,0.4,False
529,530,race,age,Cramer's V,0.2101529991443662,0.4,False
529,530,gender,age,Cramer's V,0.36014198765331257,0.4,False
530,531,race,gender,Cramer's V,0.29806538746827277,0.4,False
530,531,race,age,Cramer's V,0.3635130393782042,0.4,False
530,531,gender,age,Cramer's V,0.3916258574128394,0.4,False
531,532,race,gender,Cramer's V,0.12978798012950296,0.4,False
531,532,race,age,Cramer's V,0.41799819947834427,0.4,True
531,532,gender,age,Cramer's V,0.28559501731902665,0.4,False
532,533,race,gender,Cramer's V,0.02594996480538409,0.4,False
532,533,race,age,Cramer's V,0.4897948447043822,0.4,True
532,533,gender,age,Cramer's V,0.2996911990946928,0.4,False
533,534,race,gender,Cramer's V,0.21049205775010107,0.4,False
533,534,race,age,Cramer's V,0.5346040591757739,0.4,True
533,534,gender,age,Cramer's V,0.3226908997370315,0.4,False
534,535,race,gender,Cramer's V,0.2698973411874572,0.4,False
534,535,race,age,Cramer's V,0.4361694079823361,0.4,True
534,535,gender,age,Cramer's V,0.4724967480635145,0.4,True
535,536,race,gender,Cramer's V,0.26841872347344015,0.4,False
535,536,race,age,Cramer's V,0.4649825708656091,0.4,True
535,536,gender,age,Cramer's V,0.42146278135604814,0.4,True
536,537,race,gender,Cramer's V,0.3624198753833858,0.4,False
536,537,race,age,Cramer's V,0.22789126813532112,0.4,False
536,537,gender,age,Cramer's V,0.16153983899245913,0.4,False
537,538,race,gender,Cramer's V,0.3205109557055308,0.4,False
537,538,race,age,Cramer's V,0.2665540108685885,0.4,False
537,538,gender,age,Cramer's V,0.30293180217282695,0.4,False
538,539,race,gender,Cramer's V,0.34308809067635215,0.4,False
538,539,race,age,Cramer's V,0.3089138174549551,0.4,False
538,539,gender,age,Cramer's V,0.2256409104728969,0.4,False
539,540,race,gender,Cramer's V,0.02923526731023428,0.4,False
539,540,race,age,Cramer's V,0.3496893030901177,0.4,False
539,540,gender,age,Cramer's V,0.4423678727255966,0.4,True
540,541,race,gender,Cramer's V,0.37518677646700915,0.4,False
540,541,race,age,Cramer's V,0.5592991881399824,0.4,True
540,541,gender,age,Cramer's V,0.39585123942843387,0.4,False
541,542,race,gender,Cramer's V,0.25638694532730355,0.4,False
541,542,race,age,Cramer's V,0.3106397874672265,0.4,False
541,542,gender,age,Cramer's V,0.32442504702005376,0.4,False
542,543,race,gender,Cramer's V,0.017409348335546283,0.4,False
542,543,race,age,Cramer's V,0.431456902245733,0.4,True
542,543,gender,age,Cramer's V,0.4793911874295786,0.4,True
543,544,race,gender,Cramer's V,0.22045895431493456,0.4,False
543,544,race,age,Cramer's V,0.2639956643917858,0.4,False
543,544,gender,age,Cramer's V,0.4239090996088464,0.4,True
544,545,race,gender,Cramer's V,0.11285413689500745,0.4,False
544,545,race,age,Cramer's V,0.31975594175637323,0.4,False
544,545,gender,age,Cramer's V,0.38681174172505034,0.4,False
545,546,race,gender,Cramer's V,0.0740923707457312,0.4,False
545,546,race,age,Cramer's V,0.20376945487668346,0.4,False
545,546,gender,age,Cramer's V,0.293390819615568,0.4,False
546,547,race,gender,Cramer's V,0.09234307673757396,0.4,False
546,547,race,age,Cramer's V,0.3630013847072998,0.4,False
546,547,gender,age,Cramer's V,0.30880315900515803,0.4,False
547,548,race,gender,Cramer's V,0.25184185040986734,0.4,False
547,548,race,age,Cramer's V,0.6442923754885395,0.4,True
547,548,gender,age,Cramer's V,0.31562750729722344,0.4,False
548,549,race,gender,Cramer's V,0.16478507779468168,0.4,False
548,549,race,age,Cramer's V,0.3230099343189788,0.4,False
548,549,gender,age,Cramer's V,0.169017631984946,0.4,False
549,550,race,gender,Cramer's V,0.21257838146549934,0.4,False
549,550,race,age,Cramer's V,0.33578444806705326,0.4,False
549,550,gender,age,Cramer's V,0.3132405754682143,0.4,False
550,551,race,gender,Cramer's V,0.17817416127494962,0.4,False
550,551,race,age,Cramer's V,0.3081643681183433,0.4,False
550,551,gender,age,Cramer's V,0.35989416433697496,0.4,False
551,552,race,gender,Cramer's V,0.24894616162125516,0.4,False
551,552,race,age,Cramer's V,0.2876613620555383,0.4,False
551,552,gender,age,Cramer's V,0.24890331848503333,0.4,False
552,553,race,gender,Cramer's V,0.23481615853548074,0.4,False
552,553,race,age,Cramer's V,0.4258075912753489,0.4,True
552,553,gender,age,Cramer's V,0.3488687456757938,0.4,False
553,554,race,gender,Cramer's V,0.10316407676502881,0.4,False
553,554,race,age,Cramer's V,0.39079106018133625,0.4,False
553,554,gender,age,Cramer's V,0.16673437999060528,0.4,False
554,555,race,gender,Cramer's V,0.22696096888306339,0.4,False
554,555,race,age,Cramer's V,0.4329992247854484,0.4,True
554,555,gender,age,Cramer's V,0.3007265886247045,0.4,False
555,556,race,gender,Cramer's V,0.21758774472559683,0.4,False
555,556,race,age,Cramer's V,0.33734169286761184,0.4,False
555,556,gender,age,Cramer's V,0.2825823287694196,0.4,False
556,557,race,gender,Cramer's V,0.14028913952814884,0.4,False
556,557,race,age,Cramer's V,0.27107650195293825,0.4,False
556,557,gender,age,Cramer's V,0.33282208558867926,0.4,False
557,558,race,gender,Cramer's V,0.19133479827270747,0.4,False
557,558,race,age,Cramer's V,0.28043734299493767,0.4,False
557,558,gender,age,Cramer's V,0.26303372252762414,0.4,False
558,559,race,gender,Cramer's V,0.24290023319510742,0.4,False
558,559,race,age,Cramer's V,0.3458740855018487,0.4,False
558,559,gender,age,Cramer's V,0.4879579576767975,0.4,True
559,560,race,gender,Cramer's V,0.10076059029305716,0.4,False
559,560,race,age,Cramer's V,0.3089058950583484,0.4,False
559,560,gender,age,Cramer's V,0.26808577334499095,0.4,False
560,561,race,gender,Cramer's V,0.04718782696709364,0.4,False
560,561,race,age,Cramer's V,0.36716060313045434,0.4,False
560,561,gender,age,Cramer's V,0.33428097144505564,0.4,False
561,562,race,gender,Cramer's V,0.191662969499982,0.4,False
561,562,race,age,Cramer's V,0.49354811679282456,0.4,True
561,562,gender,age,Cramer's V,0.3160346498058399,0.4,False
562,563,race,gender,Cramer's V,0.27545951146872316,0.4,False
562,563,race,age,Cramer's V,0.25847161702511323,0.4,False
562,563,gender,age,Cramer's V,0.28607032052948306,0.4,False
563,564,race,gender,Cramer's V,0.2901360297478807,0.4,False
563,564,race,age,Cramer's V,0.6496039670973749,0.4,True
563,564,gender,age,Cramer's V,0.47609318562815356,0.4,True
564,565,race,gender,Cramer's V,0.13498731178900972,0.4,False
564,565,race,age,Cramer's V,0.7247718569881144,0.4,True
564,565,gender,age,Cramer's V,0.3726088473494254,0.4,False
565,566,race,gender,Cramer's V,0.4879500364742666,0.4,True
565,566,race,age,Cramer's V,0.38681220399845545,0.4,False
565,566,gender,age,Cramer's V,0.2870582959254237,0.4,False
566,567,race,gender,Cramer's V,0.19364916731037085,0.4,False
566,567,race,age,Cramer's V,0.34776046051574383,0.4,False
566,567,gender,age,Cramer's V,0.4041452650060094,0.4,True
567,568,race,gender,Cramer's V,0.2556072577183443,0.4,False
567,568,race,age,Cramer's V,0.347592676408766,0.4,False
567,568,gender,age,Cramer's V,0.4189935029992178,0.4,True
568,569,race,gender,Cramer's V,0.06395799857879679,0.4,False
568,569,race,age,Cramer's V,0.30264160982390803,0.4,False
568,569,gender,age,Cramer's V,0.22019680899942953,0.4,False
569,570,race,gender,Cramer's V,0.19487908961593173,0.4,False
569,570,race,age,Cramer's V,0.49265478526609235,0.4,True
569,570,gender,age,Cramer's V,0.3260200364759826,0.4,False
570,571,race,gender,Cramer's V,0.04028192720373408,0.4,False
570,571,race,age,Cramer's V,0.37799762633353196,0.4,False
570,571,gender,age,Cramer's V,0.4122626278336425,0.4,True
571,572,race,gender,Cramer's V,0.22017211930428546,0.4,False
571,572,race,age,Cramer's V,0.2949420828491544,0.4,False
571,572,gender,age,Cramer's V,0.24321487621384008,0.4,False
572,573,race,gender,Cramer's V,0.4193097984434743,0.4,True
572,573,race,age,Cramer's V,0.4001224860564622,0.4,True
572,573,gender,age,Cramer's V,0.2539211060788208,0.4,False
573,574,race,gender,Cramer's V,0.3843467641060048,0.4,False
573,574,race,age,Cramer's V,0.37842849112563254,0.4,False
573,574,gender,age,Cramer's V,0.5176926962743851,0.4,True
574,575,race,gender,Cramer's V,0.17016246006290645,0.4,False
574,575,race,age,Cramer's V,0.2970346267716047,0.4,False
574,575,gender,age,Cramer's V,0.4114544416214894,0.4,True
575,576,race,gender,Cramer's V,0.22255007521937373,0.4,False
575,576,race,age,Cramer's V,0.2667382944296746,0.4,False
575,576,gender,age,Cramer's V,0.34758610654233973,0.4,False
576,577,race,gender,Cramer's V,0.16474518192366633,0.4,False
576,577,race,age,Cramer's V,0.3332085934399839,0.4,False
576,577,gender,age,Cramer's V,0.28131693562537796,0.4,False
577,578,race,gender,Cramer's V,0.22679000236632424,0.4,False
577,578,race,age,Cramer's V,0.30717936420497444,0.4,False
577,578,gender,age,Cramer's V,0.4896356731026359,0.4,True
578,579,race,gender,Cramer's V,0.23979061295964535,0.4,False
578,579,race,age,Cramer's V,0.4929637728804046,0.4,True
578,579,gender,age,Cramer's V,0.3682472818719245,0.4,False
579,580,race,gender,Cramer's V,0.21207902122647068,0.4,False
579,580,race,age,Cramer's V,0.5069819630273434,0.4,True
579,580,gender,age,Cramer's V,0.4148855075686794,0.4,True
580,581,race,gender,Cramer's V,0.2092485274417938,0.4,False
580,581,race,age,Cramer's V,0.4112994775208533,0.4,True
580,581,gender,age,Cramer's V,0.32771442846257637,0.4,False
581,582,race,gender,Cramer's V,0.21730674684008827,0.4,False
581,582,race,age,Cramer's V,0.34663818885665704,0.4,False
581,582,gender,age,Cramer's V,0.40017052895198996,0.4,True
582,583,race,gender,Cramer's V,0.20147901174251262,0.4,False
582,583,race,age,Cramer's V,0.6071694333937632,0.4,True
582,583,gender,age,Cramer's V,0.2743310154297847,0.4,False
583,584,race,gender,Cramer's V,0.1818813021748197,0.4,False
583,584,race,age,Cramer's V,0.29199775521494653,0.4,False
583,584,gender,age,Cramer's V,0.3247256926188247,0.4,False
584,585,race,gender,Cramer's V,0.1889822365046136,0.4,False
584,585,race,age,Cramer's V,0.5663777274564477,0.4,True
584,585,gender,age,Cramer's V,0.31344376067188506,0.4,False
585,586,race,gender,Cramer's V,0.11861945428723115,0.4,False
585,586,race,age,Cramer's V,0.5365654708162573,0.4,True
585,586,gender,age,Cramer's V,0.32054807498418764,0.4,False
586,587,race,gender,Cramer's V,0.2330372875384977,0.4,False
586,587,race,age,Cramer's V,0.3190246001904799,0.4,False
586,587,gender,age,Cramer's V,0.3212253152939587,0.4,False
587,588,race,gender,Cramer's V,0.28712905143750345,0.4,False
587,588,race,age,Cramer's V,0.3050318257749365,0.4,False
587,588,gender,age,Cramer's V,0.4837890918498282,0.4,True
588,589,race,gender,Cramer's V,0.1574471324040015,0.4,False
588,589,race,age,Cramer's V,0.24660748797014545,0.4,False
588,589,gender,age,Cramer's V,0.2684137353948477,0.4,False
589,590,race,gender,Cramer's V,0.25246951666350753,0.4,False
589,590,race,age,Cramer's V,0.32675425216485704,0.4,False
589,590,gender,age,Cramer's V,0.41268345460838707,0.4,True
590,591,race,gender,Cramer's V,0.1856953381770519,0.4,False
590,591,race,age,Cramer's V,0.3094881832960174,0.4,False
590,591,gender,age,Cramer's V,0.334741932022231,0.4,False
591,592,race,gender,Cramer's V,0.13853465484934624,0.4,False
591,592,race,age,Cramer's V,0.3354532325043267,0.4,False
591,592,gender,age,Cramer's V,0.40255351925349947,0.4,True
592,593,race,gender,Cramer's V,0.18133076034018752,0.4,False
592,593,race,age,Cramer's V,0.6214894066037722,0.4,True
592,593,gender,age,Cramer's V,0.30914427287681456,0.4,False
593,594,race,gender,Cramer's V,0.18736240254458358,0.4,False
593,594,race,age,Cramer's V,0.25540803062602024,0.4,False
593,594,gender,age,Cramer's V,0.33007426738917445,0.4,False
594,595,race,gender,Cramer's V,0.17072801833568632,0.4,False
594,595,race,age,Cramer's V,0.30529181646924836,0.4,False
594,595,gender,age,Cramer's V,0.39505908999517225,0.4,False
595,596,race,gender,Cramer's V,0.12747333459221863,0.4,False
595,596,race,age,Cramer's V,0.33087447491667826,0.4,False
595,596,gender,age,Cramer's V,0.532338774035005,0.4,True
596,597,race,gender,Cramer's V,0.09933992677987825,0.4,False
596,597,race,age,Cramer's V,0.41710503256030673,0.4,True
596,597,gender,age,Cramer's V,0.4172271870827999,0.4,True
597,598,race,gender,Cramer's V,0.06666666666666667,0.4,False
597,598,race,age,Cramer's V,0.3370624736026114,0.4,False
597,598,gender,age,Cramer's V,0.35734060459498257,0.4,False
598,599,race,gender,Cramer's V,0.2839682651034275,0.4,False
598,599,race,age,Cramer's V,0.2847559002745852,0.4,False
598,599,gender,age,Cramer's V,0.4495349470431735,0.4,True
599,600,race,gender,Cramer's V,0.14472416181843492,0.4,False
599,600,race,age,Cramer's V,0.37274203852328214,0.4,False
599,600,gender,age,Cramer's V,0.402142618751465,0.4,True
600,601,race,gender,Cramer's V,0.24743582965269675,0.4,False
600,601,race,age,Cramer's V,0.622139363050906,0.4,True
600,601,gender,age,Cramer's V,0.2734708847141223,0.4,False
601,602,race,gender,Cramer's V,0.22969553703374343,0.4,False
601,602,race,age,Cramer's V,0.2804792803309052,0.4,False
601,602,gender,age,Cramer's V,0.43321751621160526,0.4,True
602,603,race,gender,Cramer's V,0.30724922354633755,0.4,False
602,603,race,age,Cramer's V,0.235873681353079,0.4,False
602,603,gender,age,Cramer's V,0.3042765954524007,0.4,False
603,604,race,gender,Cramer's V,0.38901651807327065,0.4,False
603,604,race,age,Cramer's V,0.2083954318722217,0.4,False
603,604,gender,age,Cramer's V,0.4278531710756769,0.4,True
604,605,race,gender,Cramer's V,0.21879214883478684,0.4,False
604,605,race,age,Cramer's V,0.4045146715688721,0.4,True
604,605,gender,age,Cramer's V,0.3990373943570856,0.4,False
605,606,race,gender,Cramer's V,0.1838302392711274,0.4,False
605,606,race,age,Cramer's V,0.32758429693314955,0.4,False
605,606,gender,age,Cramer's V,0.22945494688407278,0.4,False
606,607,race,gender,Cramer's V,0.190510460661354,0.4,False
606,607,race,age,Cramer's V,0.31395269339224485,0.4,False
606,607,gender,age,Cramer's V,0.26209656412187854,0.4,False
607,608,race,gender,Cramer's V,0.19066535173774063,0.4,False
607,608,race,age,Cramer's V,0.2553138954016902,0.4,False
607,608,gender,age,Cramer's V,0.3016573403667661,0.4,False
608,609,race,gender,Cramer's V,0.23481615853548074,0.4,False
608,609,race,age,Cramer's V,0.420931202676078,0.4,True
608,609,gender,age,Cramer's V,0.36012027114091993,0.4,False
609,610,race,gender,Cramer's V,0.20320966446246927,0.4,False
609,610,race,age,Cramer's V,0.3885438142721523,0.4,False
609,610,gender,age,Cramer's V,0.3341219048036677,0.4,False
610,611,race,gender,Cramer's V,0.18071682129971958,0.4,False
610,611,race,age,Cramer's V,0.5405878445487045,0.4,True
610,611,gender,age,Cramer's V,0.2565939512935873,0.4,False
611,612,race,gender,Cramer's V,0.35443544270267036,0.4,False
611,612,race,age,Cramer's V,0.24416589765674493,0.4,False
611,612,gender,age,Cramer's V,0.4045169433292122,0.4,True
612,613,race,gender,Cramer's V,0.24472659658900972,0.4,False
612,613,race,age,Cramer's V,0.33727519453209437,0.4,False
612,613,gender,age,Cramer's V,0.3818008580362053,0.4,False
613,614,race,gender,Cramer's V,0.1925837555323774,0.4,False
613,614,race,age,Cramer's V,0.24604405420392741,0.4,False
613,614,gender,age,Cramer's V,0.37157033806404977,0.4,False
614,615,race,gender,Cramer's V,0.1569214417918511,0.4,False
614,615,race,age,Cramer's V,0.3139448538973748,0.4,False
614,615,gender,age,Cramer's V,0.48304188556948213,0.4,True
615,616,race,gender,Cramer's V,0.14430881809767493,0.4,False
615,616,race,age,Cramer's V,0.1934167059702813,0.4,False
615,616,gender,age,Cramer's V,0.28905867355348075,0.4,False
616,617,race,gender,Cramer's V,0.25082727413681877,0.4,False
616,617,race,age,Cramer's V,0.22760785909019757,0.4,False
616,617,gender,age,Cramer's V,0.4172767633080235,0.4,True
617,618,race,gender,Cramer's V,0.3333333333333333,0.4,False
617,618,race,age,Cramer's V,0.5349465398088997,0.4,True
617,618,gender,age,Cramer's V,0.36544540935989633,0.4,False
618,619,race,gender,Cramer's V,0.0875376219064817,0.4,False
618,619,race,age,Cramer's V,0.3622643112913984,0.4,False
618,619,gender,age,Cramer's V,0.5211818690208417,0.4,True
619,620,race,gender,Cramer's V,0.17622684421256035,0.4,False
619,620,race,age,Cramer's V,0.341731956371317,0.4,False
619,620,gender,age,Cramer's V,0.36689429039671095,0.4,False
620,621,race,gender,Cramer's V,0.24186655996847445,0.4,False
620,621,race,age,Cramer's V,0.3441484702487187,0.4,False
620,621,gender,age,Cramer's V,0.3603723084863982,0.4,False
621,622,race,gender,Cramer's V,0.18490006540840973,0.4,False
621,622,race,age,Cramer's V,0.363766418634276,0.4,False
621,622,gender,age,Cramer's V,0.41812245681007004,0.4,True
622,623,race,gender,Cramer's V,0.26326752467721803,0.4,False
622,623,race,age,Cramer's V,0.4107257627345928,0.4,True
622,623,gender,age,Cramer's V,0.5055250296034367,0.4,True
623,624,race,gender,Cramer's V,0.26209656412187854,0.4,False
623,624,race,age,Cramer's V,0.3100579151486063,0.4,False
623,624,gender,age,Cramer's V,0.27260598203351705,0.4,False
624,625,race,gender,Cramer's V,0.177954924441702,0.4,False
624,625,race,age,Cramer's V,0.48875675921244566,0.4,True
624,625,gender,age,Cramer's V,0.28604554171843766,0.4,False
625,626,race,gender,Cramer's V,0.23126219630996156,0.4,False
625,626,race,age,Cramer's V,0.35436145611157194,0.4,False
625,626,gender,age,Cramer's V,0.29421646266975054,0.4,False
626,627,race,gender,Cramer's V,0.4612708332728327,0.4,True
626,627,race,age,Cramer's V,0.5692227493988122,0.4,True
626,627,gender,age,Cramer's V,0.4006711484909057,0.4,True
627,628,race,gender,Cramer's V,0.23799290955824717,0.4,False
627,628,race,age,Cramer's V,0.3243355352163338,0.4,False
627,628,gender,age,Cramer's V,0.3984925297873177,0.4,False
628,629,race,gender,Cramer's V,0.19138975058773816,0.4,False
628,629,race,age,Cramer's V,0.34418994533065383,0.4,False
628,629,gender,age,Cramer's V,0.5007161778060408,0.4,True
629,630,race,gender,Cramer's V,0.24790768312611086,0.4,False
629,630,race,age,Cramer's V,0.2765047500903445,0.4,False
629,630,gender,age,Cramer's V,0.3642765478117395,0.4,False
630,631,race,gender,Cramer's V,0.1819942769508071,0.4,False
630,631,race,age,Cramer's V,0.2847275679480877,0.4,False
630,631,gender,age,Cramer's V,0.2985839806490288,0.4,False
631,632,race,gender,Cramer's V,0.11678393831286582,0.4,False
631,632,race,age,Cramer's V,0.37533816661277514,0.4,False
631,632,gender,age,Cramer's V,0.2830992794413331,0.4,False
632,633,race,gender,Cramer's V,0.13501207208086968,0.4,False
632,633,race,age,Cramer's V,0.7794808056266211,0.4,True
632,633,gender,age,Cramer's V,0.3252985862050222,0.4,False
633,634,race,gender,Cramer's V,0.21481622421678775,0.4,False
633,634,race,age,Cramer's V,0.28252316722121823,0.4,False
633,634,gender,age,Cramer's V,0.27235860821632574,0.4,False
634,635,race,gender,Cramer's V,0.20230820489834184,0.4,False
634,635,race,age,Cramer's V,0.6080251779138967,0.4,True
634,635,gender,age,Cramer's V,0.3927370930309795,0.4,False
635,636,race,gender,Cramer's V,0.15124119906049124,0.4,False
635,636,race,age,Cramer's V,0.3395319893854815,0.4,False
635,636,gender,age,Cramer's V,0.33373162158801045,0.4,False
636,637,race,gender,Cramer's V,0.3500395818336685,0.4,False
636,637,race,age,Cramer's V,0.6519276896326099,0.4,True
636,637,gender,age,Cramer's V,0.3996577225704092,0.4,False
637,638,race,gender,Cramer's V,0.01873375832842657,0.4,False
637,638,race,age,Cramer's V,0.5249211020210955,0.4,True
637,638,gender,age,Cramer's V,0.38208093815820093,0.4,False
638,639,race,gender,Cramer's V,0.09588153686289017,0.4,False
638,639,race,age,Cramer's V,0.5671032027208761,0.4,True
638,639,gender,age,Cramer's V,0.23570226039551587,0.4,False
639,640,race,gender,Cramer's V,0.140825178037277,0.4,False
639,640,race,age,Cramer's V,0.7350567224351119,0.4,True
639,640,gender,age,Cramer's V,0.2421739521953328,0.4,False
640,641,race,gender,Cramer's V,0.12120301539223742,0.4,False
640,641,race,age,Cramer's V,0.38842903814466895,0.4,False
640,641,gender,age,Cramer's V,0.28043176586942137,0.4,False
641,642,race,gender,Cramer's V,0.191662969499982,0.4,False
641,642,race,age,Cramer's V,0.33107395964168473,0.4,False
641,642,gender,age,Cramer's V,0.20488564540351137,0.4,False
642,643,race,gender,Cramer's V,0.2471138731770823,0.4,False
642,643,race,age,Cramer's V,0.32286772959423843,0.4,False
642,643,gender,age,Cramer's V,0.3187013400523903,0.4,False
643,644,race,gender,Cramer's V,0.15222843386411714,0.4,False
643,644,race,age,Cramer's V,0.4225168455464051,0.4,True
643,644,gender,age,Cramer's V,0.38826379963063357,0.4,False
644,645,race,gender,Cramer's V,0.15057125875155106,0.4,False
644,645,race,age,Cramer's V,0.38960833126956074,0.4,False
644,645,gender,age,Cramer's V,0.27653773391631364,0.4,False
645,646,race,gender,Cramer's V,0.1446203052124375,0.4,False
645,646,race,age,Cramer's V,0.31939533518569135,0.4,False
645,646,gender,age,Cramer's V,0.356522349834783,0.4,False
646,647,race,gender,Cramer's V,0.1864345320959472,0.4,False
646,647,race,age,Cramer's V,0.2387056893384885,0.4,False
646,647,gender,age,Cramer's V,0.3906871170203263,0.4,False
647,648,race,gender,Cramer's V,0.15259493719024916,0.4,False
647,648,race,age,Cramer's V,0.4325667293600716,0.4,True
647,648,gender,age,Cramer's V,0.29347394255239373,0.4,False
648,649,race,gender,Cramer's V,0.15351595624837508,0.4,False
648,649,race,age,Cramer's V,0.4000192785020716,0.4,True
648,649,gender,age,Cramer's V,0.3505416618695727,0.4,False
649,650,race,gender,Cramer's V,0.2472223313515208,0.4,False
649,650,race,age,Cramer's V,0.33578229591470454,0.4,False
649,650,gender,age,Cramer's V,0.3263569759322527,0.4,False
650,651,race,gender,Cramer's V,0.3061516420228366,0.4,False
650,651,race,age,Cramer's V,0.3427130504995729,0.4,False
650,651,gender,age,Cramer's V,0.2958887988758299,0.4,False
651,652,race,gender,Cramer's V,0.15882096333554366,0.4,False
651,652,race,age,Cramer's V,0.19056327858124042,0.4,False
651,652,gender,age,Cramer's V,0.44529832504804945,0.4,True
652,653,race,gender,Cramer's V,0.1644959579519625,0.4,False
652,653,race,age,Cramer's V,0.2902885159983751,0.4,False
652,653,gender,age,Cramer's V,0.4431955753608267,0.4,True
653,654,race,gender,Cramer's V,0.08795228242211096,0.4,False
653,654,race,age,Cramer's V,0.40387816663373516,0.4,True
653,654,gender,age,Cramer's V,0.45788439551716503,0.4,True
654,655,race,gender,Cramer's V,0.18961999324463333,0.4,False
654,655,race,age,Cramer's V,0.5182392118551371,0.4,True
654,655,gender,age,Cramer's V,0.26041829071910116,0.4,False
655,656,race,gender,Cramer's V,0.2471138731770823,0.4,False
655,656,race,age,Cramer's V,0.26999226210269806,0.4,False
655,656,gender,age,Cramer's V,0.3940033429045476,0.4,False
656,657,race,gender,Cramer's V,0.3512430035026727,0.4,False
656,657,race,age,Cramer's V,0.3531755377880652,0.4,False
656,657,gender,age,Cramer's V,0.3237243562360536,0.4,False
657,658,race,gender,Cramer's V,0.19902190705015488,0.4,False
657,658,race,age,Cramer's V,0.3205155302672335,0.4,False
657,658,gender,age,Cramer's V,0.41706754334285184,0.4,True
658,659,race,gender,Cramer's V,0.14415657968101903,0.4,False
658,659,race,age,Cramer's V,0.34996351685633026,0.4,False
658,659,gender,age,Cramer's V,0.22540727432307078,0.4,False
659,660,race,gender,Cramer's V,0.26604494832624526,0.4,False
659,660,race,age,Cramer's V,0.2589783323535005,0.4,False
659,660,gender,age,Cramer's V,0.3480219548329554,0.4,False
660,661,race,gender,Cramer's V,0.34784755425030806,0.4,False
660,661,race,age,Cramer's V,0.30117368341305584,0.4,False
660,661,gender,age,Cramer's V,0.2166656321957071,0.4,False
661,662,race,gender,Cramer's V,0.15289415743128767,0.4,False
661,662,race,age,Cramer's V,0.42786985078289036,0.4,True
661,662,gender,age,Cramer's V,0.26960349425520347,0.4,False
662,663,race,gender,Cramer's V,0.16482006399537869,0.4,False
662,663,race,age,Cramer's V,0.23970113996548736,0.4,False
662,663,gender,age,Cramer's V,0.40120750729347077,0.4,True
663,664,race,gender,Cramer's V,0.25197631533948484,0.4,False
663,664,race,age,Cramer's V,0.411555021891609,0.4,True
663,664,gender,age,Cramer's V,0.3422873312885202,0.4,False
664,665,race,gender,Cramer's V,0.17866298019424467,0.4,False
664,665,race,age,Cramer's V,0.5701234077291513,0.4,True
664,665,gender,age,Cramer's V,0.29546842014263947,0.4,False
665,666,race,gender,Cramer's V,0.24009640842501792,0.4,False
665,666,race,age,Cramer's V,0.43474583928218974,0.4,True
665,666,gender,age,Cramer's V,0.48226263778984685,0.4,True
666,667,race,gender,Cramer's V,0.330490709739486,0.4,False
666,667,race,age,Cramer's V,0.4440856159289235,0.4,True
666,667,gender,age,Cramer's V,0.2992247725965625,0.4,False
667,668,race,gender,Cramer's V,0.41481488963105934,0.4,True
667,668,race,age,Cramer's V,0.4525497010832658,0.4,True
667,668,gender,age,Cramer's V,0.2397453296788555,0.4,False
668,669,race,gender,Cramer's V,0.11515701844790535,0.4,False
668,669,race,age,Cramer's V,0.2827667365965247,0.4,False
668,669,gender,age,Cramer's V,0.3985763068867234,0.4,False
669,670,race,gender,Cramer's V,0.15358952955766086,0.4,False
669,670,race,age,Cramer's V,0.3496809770552092,0.4,False
669,670,gender,age,Cramer's V,0.504678962015314,0.4,True
670,671,race,gender,Cramer's V,0.2411632688081297,0.4,False
670,671,race,age,Cramer's V,0.43957369469610336,0.4,True
670,671,gender,age,Cramer's V,0.27628068792175564,0.4,False
671,672,race,gender,Cramer's V,0.05063696835418331,0.4,False
671,672,race,age,Cramer's V,0.4321280989215478,0.4,True
671,672,gender,age,Cramer's V,0.3025785886724854,0.4,False
672,673,race,gender,Cramer's V,0.1188473125060095,0.4,False
672,673,race,age,Cramer's V,0.3959339937614618,0.4,False
672,673,gender,age,Cramer's V,0.2151589857536329,0.4,False
673,674,race,gender,Cramer's V,0.19907211426455892,0.4,False
673,674,race,age,Cramer's V,0.3558412301346916,0.4,False
673,674,gender,age,Cramer's V,0.33964166879602703,0.4,False
674,675,race,gender,Cramer's V,0.3077991267573872,0.4,False
674,675,race,age,Cramer's V,0.485328604446363,0.4,True
674,675,gender,age,Cramer's V,0.32203059435976533,0.4,False
675,676,race,gender,Cramer's V,0.20881726739613918,0.4,False
675,676,race,age,Cramer's V,0.39842160050440617,0.4,False
675,676,gender,age,Cramer's V,0.4351457822981303,0.4,True
676,677,race,gender,Cramer's V,0.19867631615950954,0.4,False
676,677,race,age,Cramer's V,0.3408962149513017,0.4,False
676,677,gender,age,Cramer's V,0.3804536794445234,0.4,False
677,678,race,gender,Cramer's V,0.2432310111526176,0.4,False
677,678,race,age,Cramer's V,0.27317185782686,0.4,False
677,678,gender,age,Cramer's V,0.31804425236851314,0.4,False
678,679,race,gender,Cramer's V,0.19279405799312324,0.4,False
678,679,race,age,Cramer's V,0.5040327403277084,0.4,True
678,679,gender,age,Cramer's V,0.3574782899572054,0.4,False
679,680,race,gender,Cramer's V,0.19802950859533489,0.4,False
679,680,race,age,Cramer's V,0.21699749327564152,0.4,False
679,680,gender,age,Cramer's V,0.3326233960714462,0.4,False
680,681,race,gender,Cramer's V,0.22835107296380094,0.4,False
680,681,race,age,Cramer's V,0.5017625072211639,0.4,True
680,681,gender,age,Cramer's V,0.32758484085346384,0.4,False
681,682,race,gender,Cramer's V,0.16974475171962652,0.4,False
681,682,race,age,Cramer's V,0.30032923529461725,0.4,False
681,682,gender,age,Cramer's V,0.27719597190003836,0.4,False
682,683,race,gender,Cramer's V,0.2633491840572901,0.4,False
682,683,race,age,Cramer's V,0.47130746164178466,0.4,True
682,683,gender,age,Cramer's V,0.41347748590549416,0.4,True
683,684,race,gender,Cramer's V,0.039957914787850116,0.4,False
683,684,race,age,Cramer's V,0.37565434052868873,0.4,False
683,684,gender,age,Cramer's V,0.2948015291606229,0.4,False
684,685,race,gender,Cramer's V,0.2804148331177911,0.4,False
684,685,race,age,Cramer's V,0.514903945175847,0.4,True
684,685,gender,age,Cramer's V,0.3070145994215328,0.4,False
685,686,race,gender,Cramer's V,0.1084652289093281,0.4,False
685,686,race,age,Cramer's V,0.3103967684209258,0.4,False
685,686,gender,age,Cramer's V,0.39244196410063714,0.4,False
686,687,race,gender,Cramer's V,0.12113592796308721,0.4,False
686,687,race,age,Cramer's V,0.29749355532336696,0.4,False
686,687,gender,age,Cramer's V,0.31494414554776984,0.4,False
687,688,race,gender,Cramer's V,0.13408277440440847,0.4,False
687,688,race,age,Cramer's V,0.3424002348266563,0.4,False
687,688,gender,age,Cramer's V,0.3598637460328732,0.4,False
688,689,race,gender,Cramer's V,0.23563973160799942,0.4,False
688,689,race,age,Cramer's V,0.635377783331367,0.4,True
688,689,gender,age,Cramer's V,0.24434772646773154,0.4,False
689,690,race,gender,Cramer's V,0.23872763027971136,0.4,False
689,690,race,age,Cramer's V,0.3007328642937441,0.4,False
689,690,gender,age,Cramer's V,0.2168977225436497,0.4,False
690,691,race,gender,Cramer's V,0.15465354363891828,0.4,False
690,691,race,age,Cramer's V,0.49925755782032755,0.4,True
690,691,gender,age,Cramer's V,0.28045022686584503,0.4,False
691,692,race,gender,Cramer's V,0.0,0.4,False
691,692,race,age,Cramer's V,0.39977985138301897,0.4,False
691,692,gender,age,Cramer's V,0.3717396393675608,0.4,False
692,693,race,gender,Cramer's V,0.15092814193948068,0.4,False
692,693,race,age,Cramer's V,0.7509522427961188,0.4,True
692,693,gender,age,Cramer's V,0.41581545706126144,0.4,True
693,694,race,gender,Cramer's V,0.19587136441514227,0.4,False
693,694,race,age,Cramer's V,0.2893313873871233,0.4,False
693,694,gender,age,Cramer's V,0.28286954637368555,0.4,False
694,695,race,gender,Cramer's V,0.22547297117052492,0.4,False
694,695,race,age,Cramer's V,0.44946705533879716,0.4,True
694,695,gender,age,Cramer's V,0.23657714947204353,0.4,False
695,696,race,gender,Cramer's V,0.21879214883478687,0.4,False
695,696,race,age,Cramer's V,0.31219576062931215,0.4,False
695,696,gender,age,Cramer's V,0.4764053995971377,0.4,True
696,697,race,gender,Cramer's V,0.31013277186124044,0.4,False
696,697,race,age,Cramer's V,0.21056343304799943,0.4,False
696,697,gender,age,Cramer's V,0.34160556168084094,0.4,False
697,698,race,gender,Cramer's V,0.27791449626902737,0.4,False
697,698,race,age,Cramer's V,0.4563274869998937,0.4,True
697,698,gender,age,Cramer's V,0.2719314378439598,0.4,False
698,699,race,gender,Cramer's V,0.24842832525967706,0.4,False
698,699,race,age,Cramer's V,0.4238953495141299,0.4,True
698,699,gender,age,Cramer's V,0.4022561461587717,0.4,True
699,700,race,gender,Cramer's V,0.18059284153478009,0.4,False
699,700,race,age,Cramer's V,0.30629011427254804,0.4,False
699,700,gender,age,Cramer's V,0.39663626880824054,0.4,False
700,701,race,gender,Cramer's V,0.2108376611989541,0.4,False
700,701,race,age,Cramer's V,0.3926331544665776,0.4,False
700,701,gender,age,Cramer's V,0.2863972042214424,0.4,False
701,702,race,gender,Cramer's V,0.30917347120042116,0.4,False
701,702,race,age,Cramer's V,0.3490031639725811,0.4,False
701,702,gender,age,Cramer's V,0.5146314905790075,0.4,True
702,703,race,gender,Cramer's V,0.21143288228883375,0.4,False
702,703,race,age,Cramer's V,0.5083663884344374,0.4,True
702,703,gender,age,Cramer's V,0.4689221086690368,0.4,True
703,704,race,gender,Cramer's V,0.1974024871562764,0.4,False
703,704,race,age,Cramer's V,0.35080475062913996,0.4,False
703,704,gender,age,Cramer's V,0.31821840314736954,0.4,False
704,705,race,gender,Cramer's V,0.2611045768456483,0.4,False
704,705,race,age,Cramer's V,0.2746503532447531,0.4,False
704,705,gender,age,Cramer's V,0.2517480613068128,0.4,False
705,706,race,gender,Cramer's V,0.12946225433330233,0.4,False
705,706,race,age,Cramer's V,0.34088427742026256,0.4,False
705,706,gender,age,Cramer's V,0.522411478543258,0.4,True
706,707,race,gender,Cramer's V,0.24648856409010228,0.4,False
706,707,race,age,Cramer's V,0.3418903058397774,0.4,False
706,707,gender,age,Cramer's V,0.3199243764722188,0.4,False
707,708,race,gender,Cramer's V,0.2449489742783178,0.4,False
707,708,race,age,Cramer's V,0.5040242097760821,0.4,True
707,708,gender,age,Cramer's V,0.3788542510392929,0.4,False
708,709,race,gender,Cramer's V,0.23241868539941696,0.4,False
708,709,race,age,Cramer's V,0.4803564269568666,0.4,True
708,709,gender,age,Cramer's V,0.29030745652976686,0.4,False
709,710,race,gender,Cramer's V,0.24839487553175416,0.4,False
709,710,race,age,Cramer's V,0.43649550105366164,0.4,True
709,710,gender,age,Cramer's V,0.3408708795651666,0.4,False
710,711,race,gender,Cramer's V,0.2083812205499946,0.4,False
710,711,race,age,Cramer's V,0.35644738540504334,0.4,False
710,711,gender,age,Cramer's V,0.3452312764834459,0.4,False
711,712,race,gender,Cramer's V,0.17682055504059344,0.4,False
711,712,race,age,Cramer's V,0.34832243275713737,0.4,False
711,712,gender,age,Cramer's V,0.35365982075605407,0.4,False
712,713,race,gender,Cramer's V,0.19462473604038075,0.4,False
712,713,race,age,Cramer's V,0.3310154362866097,0.4,False
712,713,gender,age,Cramer's V,0.3622405665189275,0.4,False
713,714,race,gender,Cramer's V,0.16673507882345553,0.4,False
713,714,race,age,Cramer's V,0.32243893447731536,0.4,False
713,714,gender,age,Cramer's V,0.3152270178576507,0.4,False
714,715,race,gender,Cramer's V,0.13342691397366357,0.4,False
714,715,race,age,Cramer's V,0.35424669526299923,0.4,False
714,715,gender,age,Cramer's V,0.4240312301591832,0.4,True
715,716,race,gender,Cramer's V,0.21492684426822253,0.4,False
715,716,race,age,Cramer's V,0.3657472402780967,0.4,False
715,716,gender,age,Cramer's V,0.22625343276020615,0.4,False
716,717,race,gender,Cramer's V,0.07721437444282125,0.4,False
716,717,race,age,Cramer's V,0.4638442789897436,0.4,True
716,717,gender,age,Cramer's V,0.2640111683602991,0.4,False
717,718,race,gender,Cramer's V,0.14266477496263322,0.4,False
717,718,race,age,Cramer's V,0.33565586540671855,0.4,False
717,718,gender,age,Cramer's V,0.37752978111956137,0.4,False
718,719,race,gender,Cramer's V,0.1306187962539586,0.4,False
718,719,race,age,Cramer's V,0.3539309170121961,0.4,False
718,719,gender,age,Cramer's V,0.31302343059044424,0.4,False
719,720,race,gender,Cramer's V,0.14504754485877897,0.4,False
719,720,race,age,Cramer's V,0.3936552128437295,0.4,False
719,720,gender,age,Cramer's V,0.34870080857369146,0.4,False
720,721,race,gender,Cramer's V,0.280717307022173,0.4,False
720,721,race,age,Cramer's V,0.39360530726079046,0.4,False
720,721,gender,age,Cramer's V,0.2916666666666667,0.4,False
721,722,race,gender,Cramer's V,0.05170876899950191,0.4,False
721,722,race,age,Cramer's V,0.45447510278080033,0.4,True
721,722,gender,age,Cramer's V,0.32368651781670715,0.4,False
722,723,race,gender,Cramer's V,0.18296388571459526,0.4,False
722,723,race,age,Cramer's V,0.5325446413122892,0.4,True
722,723,gender,age,Cramer's V,0.378989297448168,0.4,False
723,724,race,gender,Cramer's V,0.02923526731023428,0.4,False
723,724,race,age,Cramer's V,0.3375929754808549,0.4,False
723,724,gender,age,Cramer's V,0.42096598471762936,0.4,True
724,725,race,gender,Cramer's V,0.25585614237574567,0.4,False
724,725,race,age,Cramer's V,0.31581181607818787,0.4,False
724,725,gender,age,Cramer's V,0.2857173578943893,0.4,False
725,726,race,gender,Cramer's V,0.030082841879809342,0.4,False
725,726,race,age,Cramer's V,0.3933629016333788,0.4,False
725,726,gender,age,Cramer's V,0.2687278616802416,0.4,False
726,727,race,gender,Cramer's V,0.2274565542412685,0.4,False
726,727,race,age,Cramer's V,0.39188969301458454,0.4,False
726,727,gender,age,Cramer's V,0.37348608722280435,0.4,False
727,728,race,gender,Cramer's V,0.13023236957634643,0.4,False
727,728,race,age,Cramer's V,0.37389184943920606,0.4,False
727,728,gender,age,Cramer's V,0.3272191443376329,0.4,False
728,729,race,gender,Cramer's V,0.29020083427951104,0.4,False
728,729,race,age,Cramer's V,0.2771103091853317,0.4,False
728,729,gender,age,Cramer's V,0.36887447196624495,0.4,False
729,730,race,gender,Cramer's V,0.18650096164806276,0.4,False
729,730,race,age,Cramer's V,0.21680895416736284,0.4,False
729,730,gender,age,Cramer's V,0.3210428322316567,0.4,False
730,731,race,gender,Cramer's V,0.17541160386140583,0.4,False
730,731,race,age,Cramer's V,0.32226285733512533,0.4,False
730,731,gender,age,Cramer's V,0.2945404394382505,0.4,False
731,732,race,gender,Cramer's V,0.22254801840939695,0.4,False
731,732,race,age,Cramer's V,0.37210883911547094,0.4,False
731,732,gender,age,Cramer's V,0.25150193214747185,0.4,False
732,733,race,gender,Cramer's V,0.26943012562182533,0.4,False
732,733,race,age,Cramer's V,0.2665087916503619,0.4,False
732,733,gender,age,Cramer's V,0.32844906435973886,0.4,False
733,734,race,gender,Cramer's V,0.2593623280360914,0.4,False
733,734,race,age,Cramer's V,0.39999999999999997,0.4,False
733,734,gender,age,Cramer's V,0.2897038408654369,0.4,False
734,735,race,gender,Cramer's V,0.14891863352449203,0.4,False
734,735,race,age,Cramer's V,0.21180799300645953,0.4,False
734,735,gender,age,Cramer's V,0.26657752520782746,0.4,False
735,736,race,gender,Cramer's V,0.22938284036779458,0.4,False
735,736,race,age,Cramer's V,0.38788598292494847,0.4,False
735,736,gender,age,Cramer's V,0.3644175956279006,0.4,False
736,737,race,gender,Cramer's V,0.19340994650588011,0.4,False
736,737,race,age,Cramer's V,0.4061327608160971,0.4,True
736,737,gender,age,Cramer's V,0.2904952054466035,0.4,False
737,738,race,gender,Cramer's V,0.14511322181249944,0.4,False
737,738,race,age,Cramer's V,0.3575265364873153,0.4,False
737,738,gender,age,Cramer's V,0.3609105294341109,0.4,False
738,739,race,gender,Cramer's V,0.13882851595192866,0.4,False
738,739,race,age,Cramer's V,0.43414047454233795,0.4,True
738,739,gender,age,Cramer's V,0.32695038113471886,0.4,False
739,740,race,gender,Cramer's V,0.18918944206283628,0.4,False
739,740,race,age,Cramer's V,0.3599704912610957,0.4,False
739,740,gender,age,Cramer's V,0.3225709447498984,0.4,False
740,741,race,gender,Cramer's V,0.2541581334373623,0.4,False
740,741,race,age,Cramer's V,0.37487439791885596,0.4,False
740,741,gender,age,Cramer's V,0.32654448354664944,0.4,False
741,742,race,gender,Cramer's V,0.06836845386907643,0.4,False
741,742,race,age,Cramer's V,0.16372698863207252,0.4,False
741,742,gender,age,Cramer's V,0.2654787814161598,0.4,False
742,743,race,gender,Cramer's V,0.18595832561682513,0.4,False
742,743,race,age,Cramer's V,0.3895233871867567,0.4,False
742,743,gender,age,Cramer's V,0.22609831529507624,0.4,False
743,744,race,gender,Cramer's V,0.17719438326980227,0.4,False
743,744,race,age,Cramer's V,0.35242921162461716,0.4,False
743,744,gender,age,Cramer's V,0.3843907808486485,0.4,False
744,745,race,gender,Cramer's V,0.16666666666666669,0.4,False
744,745,race,age,Cramer's V,0.33238663804001484,0.4,False
744,745,gender,age,Cramer's V,0.3386611654794287,0.4,False
745,746,race,gender,Cramer's V,0.23388213848187445,0.4,False
745,746,race,age,Cramer's V,0.3596341678621172,0.4,False
745,746,gender,age,Cramer's V,0.4444990926297534,0.4,True
746,747,race,gender,Cramer's V,0.16864007520022972,0.4,False
746,747,race,age,Cramer's V,0.3174801581101578,0.4,False
746,747,gender,age,Cramer's V,0.27941880092463434,0.4,False
747,748,race,gender,Cramer's V,0.23523598444848232,0.4,False
747,748,race,age,Cramer's V,0.38453402878677817,0.4,False
747,748,gender,age,Cramer's V,0.39141789562850304,0.4,False
748,749,race,gender,Cramer's V,0.268560526390761,0.4,False
748,749,race,age,Cramer's V,0.3337565994006226,0.4,False
748,749,gender,age,Cramer's V,0.34696643340822136,0.4,False
749,750,race,gender,Cramer's V,0.2995012465378748,0.4,False
749,750,race,age,Cramer's V,0.406524149656736,0.4,True
749,750,gender,age,Cramer's V,0.32939854486707165,0.4,False
750,751,race,gender,Cramer's V,0.16151457061744967,0.4,False
750,751,race,age,Cramer's V,0.3236013180615097,0.4,False
750,751,gender,age,Cramer's V,0.5340586465855895,0.4,True
751,752,race,gender,Cramer's V,0.22039504314880426,0.4,False
751,752,race,age,Cramer's V,0.2615698824765638,0.4,False
751,752,gender,age,Cramer's V,0.2528777648334546,0.4,False
752,753,race,gender,Cramer's V,0.1303845922812832,0.4,False
752,753,race,age,Cramer's V,0.37193245664278957,0.4,False
752,753,gender,age,Cramer's V,0.2787702662596108,0.4,False
753,754,race,gender,Cramer's V,0.24613583659543414,0.4,False
753,754,race,age,Cramer's V,0.27088741761634144,0.4,False
753,754,gender,age,Cramer's V,0.3878738711486301,0.4,False
754,755,race,gender,Cramer's V,0.11314714296070713,0.4,False
754,755,race,age,Cramer's V,0.3956572168884768,0.4,False
754,755,gender,age,Cramer's V,0.2617238495697019,0.4,False
755,756,race,gender,Cramer's V,0.1787361061847986,0.4,False
755,756,race,age,Cramer's V,0.2870653443517495,0.4,False
755,756,gender,age,Cramer's V,0.4551777791534715,0.4,True
756,757,race,gender,Cramer's V,0.24931468064255047,0.4,False
756,757,race,age,Cramer's V,0.38787048191068674,0.4,False
756,757,gender,age,Cramer's V,0.385185834040205,0.4,False
757,758,race,gender,Cramer's V,0.23725002501579753,0.4,False
757,758,race,age,Cramer's V,0.30661923752471054,0.4,False
757,758,gender,age,Cramer's V,0.33515890048855823,0.4,False
758,759,race,gender,Cramer's V,0.19663534707191202,0.4,False
758,759,race,age,Cramer's V,0.20838743886166622,0.4,False
758,759,gender,age,Cramer's V,0.34772170491397114,0.4,False
759,760,race,gender,Cramer's V,0.21821789023599236,0.4,False
759,760,race,age,Cramer's V,0.44257069912045033,0.4,True
759,760,gender,age,Cramer's V,0.33944308724309613,0.4,False
760,761,race,gender,Cramer's V,0.13149267120507194,0.4,False
760,761,race,age,Cramer's V,0.21480683254645785,0.4,False
760,761,gender,age,Cramer's V,0.3353059908902341,0.4,False
761,762,race,gender,Cramer's V,0.2563973803925945,0.4,False
761,762,race,age,Cramer's V,0.3448275924646561,0.4,False
761,762,gender,age,Cramer's V,0.4349026000074185,0.4,True
762,763,race,gender,Cramer's V,0.29407281975886274,0.4,False
762,763,race,age,Cramer's V,0.3499609195323357,0.4,False
762,763,gender,age,Cramer's V,0.3768564014102788,0.4,False
763,764,race,gender,Cramer's V,0.23629155573562122,0.4,False
763,764,race,age,Cramer's V,0.3444827552554245,0.4,False
763,764,gender,age,Cramer's V,0.2351380469845395,0.4,False
764,765,race,gender,Cramer's V,0.16482006399537869,0.4,False
764,765,race,age,Cramer's V,0.27516315276267983,0.4,False
764,765,gender,age,Cramer's V,0.34353963456853204,0.4,False
765,766,race,gender,Cramer's V,0.17856107630448048,0.4,False
765,766,race,age,Cramer's V,0.49867203294515483,0.4,True
765,766,gender,age,Cramer's V,0.4492273606628023,0.4,True
766,767,race,gender,Cramer's V,0.34450901256584177,0.4,False
766,767,race,age,Cramer's V,0.3434945265107957,0.4,False
766,767,gender,age,Cramer's V,0.30288263690395284,0.4,False
767,768,race,gender,Cramer's V,0.18460173954730819,0.4,False
767,768,race,age,Cramer's V,0.39438570696315545,0.4,False
767,768,gender,age,Cramer's V,0.3822230087885469,0.4,False
768,769,race,gender,Cramer's V,0.32942884011159945,0.4,False
768,769,race,age,Cramer's V,0.3548724357727545,0.4,False
768,769,gender,age,Cramer's V,0.27247546591728294,0.4,False
769,770,race,gender,Cramer's V,0.23176342617912282,0.4,False
769,770,race,age,Cramer's V,0.3177684707091013,0.4,False
769,770,gender,age,Cramer's V,0.37965285063256127,0.4,False
770,771,race,gender,Cramer's V,0.12875255814306766,0.4,False
770,771,race,age,Cramer's V,0.2738742931032887,0.4,False
770,771,gender,age,Cramer's V,0.279984658795156,0.4,False
771,772,race,gender,Cramer's V,0.11815302755086249,0.4,False
771,772,race,age,Cramer's V,0.2799046823575371,0.4,False
771,772,gender,age,Cramer's V,0.4808547638825851,0.4,True
772,773,race,gender,Cramer's V,0.21078865194996182,0.4,False
772,773,race,age,Cramer's V,0.2943814500457295,0.4,False
772,773,gender,age,Cramer's V,0.44157029567081246,0.4,True
773,774,race,gender,Cramer's V,0.28677409617917415,0.4,False
773,774,race,age,Cramer's V,0.4519119775735486,0.4,True
773,774,gender,age,Cramer's V,0.3335311719639022,0.4,False
774,775,race,gender,Cramer's V,0.22812937284069354,0.4,False
774,775,race,age,Cramer's V,0.44708071372745095,0.4,True
774,775,gender,age,Cramer's V,0.23636115938423372,0.4,False
775,776,race,gender,Cramer's V,0.15272544658549686,0.4,False
775,776,race,age,Cramer's V,0.3319568649619408,0.4,False
775,776,gender,age,Cramer's V,0.33887860610758447,0.4,False
776,777,race,gender,Cramer's V,0.26604494832624526,0.4,False
776,777,race,age,Cramer's V,0.3827263580987195,0.4,False
776,777,gender,age,Cramer's V,0.5496443071469812,0.4,True
777,778,race,gender,Cramer's V,0.06843130689460442,0.4,False
777,778,race,age,Cramer's V,0.3359411983507618,0.4,False
777,778,gender,age,Cramer's V,0.3624750364891453,0.4,False
778,779,race,gender,Cramer's V,0.02764278311947224,0.4,False
778,779,race,age,Cramer's V,0.48307373991434877,0.4,True
778,779,gender,age,Cramer's V,0.3816899368484843,0.4,False
779,780,race,gender,Cramer's V,0.1952764235926664,0.4,False
779,780,race,age,Cramer's V,0.2996292041536366,0.4,False
779,780,gender,age,Cramer's V,0.2590736368922706,0.4,False
780,781,race,gender,Cramer's V,0.21832733189059964,0.4,False
780,781,race,age,Cramer's V,0.5034335459151011,0.4,True
780,781,gender,age,Cramer's V,0.31155565464926377,0.4,False
781,782,race,gender,Cramer's V,0.11725716226198092,0.4,False
781,782,race,age,Cramer's V,0.264368733905099,0.4,False
781,782,gender,age,Cramer's V,0.1635314067553831,0.4,False
782,783,race,gender,Cramer's V,0.3425434798050935,0.4,False
782,783,race,age,Cramer's V,0.2779534272965754,0.4,False
782,783,gender,age,Cramer's V,0.35070593437582026,0.4,False
783,784,race,gender,Cramer's V,0.145603952060661,0.4,False
783,784,race,age,Cramer's V,0.44185261628675326,0.4,True
783,784,gender,age,Cramer's V,0.4354628378110733,0.4,True
784,785,race,gender,Cramer's V,0.23845290016147377,0.4,False
784,785,race,age,Cramer's V,0.36009978496730993,0.4,False
784,785,gender,age,Cramer's V,0.3063087928605662,0.4,False
785,786,race,gender,Cramer's V,0.331275700502753,0.4,False
785,786,race,age,Cramer's V,0.3366648986280779,0.4,False
785,786,gender,age,Cramer's V,0.2666375275454884,0.4,False
786,787,race,gender,Cramer's V,0.20093595324620375,0.4,False
786,787,race,age,Cramer's V,0.3246477386851224,0.4,False
786,787,gender,age,Cramer's V,0.37406008690663695,0.4,False
787,788,race,gender,Cramer's V,0.25776809640021575,0.4,False
787,788,race,age,Cramer's V,0.22432601801343974,0.4,False
787,788,gender,age,Cramer's V,0.39780542762657006,0.4,False
788,789,race,gender,Cramer's V,0.15249857033260467,0.4,False
788,789,race,age,Cramer's V,0.3549974269389798,0.4,False
788,789,gender,age,Cramer's V,0.21619082277375704,0.4,False
789,790,race,gender,Cramer's V,0.32373270978310575,0.4,False
789,790,race,age,Cramer's V,0.2538756275694974,0.4,False
789,790,gender,age,Cramer's V,0.39874566137676426,0.4,False
790,791,race,gender,Cramer's V,0.1615145706174497,0.4,False
790,791,race,age,Cramer's V,0.4660697800005225,0.4,True
790,791,gender,age,Cramer's V,0.23789660378995348,0.4,False
791,792,race,gender,Cramer's V,0.1303845922812832,0.4,False
791,792,race,age,Cramer's V,0.25427260647690386,0.4,False
791,792,gender,age,Cramer's V,0.3438230179024595,0.4,False
792,793,race,gender,Cramer's V,0.22606325294129687,0.4,False
792,793,race,age,Cramer's V,0.3648543998895082,0.4,False
792,793,gender,age,Cramer's V,0.46454956810404646,0.4,True
793,794,race,gender,Cramer's V,0.17719438326980227,0.4,False
793,794,race,age,Cramer's V,0.3070874811652787,0.4,False
793,794,gender,age,Cramer's V,0.3433034845474829,0.4,False
794,795,race,gender,Cramer's V,0.26828936543793636,0.4,False
794,795,race,age,Cramer's V,0.46235960514958363,0.4,True
794,795,gender,age,Cramer's V,0.38763487115804796,0.4,False
795,796,race,gender,Cramer's V,0.26832453376557897,0.4,False
795,796,race,age,Cramer's V,0.2993447621935971,0.4,False
795,796,gender,age,Cramer's V,0.32970363395721497,0.4,False
796,797,race,gender,Cramer's V,0.22606325294129692,0.4,False
796,797,race,age,Cramer's V,0.2949246724622933,0.4,False
796,797,gender,age,Cramer's V,0.4219089575474564,0.4,True
797,798,race,gender,Cramer's V,0.21793349205662527,0.4,False
797,798,race,age,Cramer's V,0.2893090067430121,0.4,False
797,798,gender,age,Cramer's V,0.2887530071189469,0.4,False
798,799,race,gender,Cramer's V,0.19808860802152609,0.4,False
798,799,race,age,Cramer's V,0.6144061058133428,0.4,True
798,799,gender,age,Cramer's V,0.4018672992459184,0.4,True
799,800,race,gender,Cramer's V,0.0,0.4,False
799,800,race,age,Cramer's V,0.5086213249303583,0.4,True
799,800,gender,age,Cramer's V,0.3381874455081379,0.4,False
800,801,race,gender,Cramer's V,0.18059284153478009,0.4,False
800,801,race,age,Cramer's V,0.38751309480068974,0.4,False
800,801,gender,age,Cramer's V,0.23181477136034026,0.4,False
801,802,race,gender,Cramer's V,0.22035587892962546,0.4,False
801,802,race,age,Cramer's V,0.5111932536414605,0.4,True
801,802,gender,age,Cramer's V,0.5004755460708371,0.4,True
802,803,race,gender,Cramer's V,0.1437993271357627,0.4,False
802,803,race,age,Cramer's V,0.37539346956451647,0.4,False
802,803,gender,age,Cramer's V,0.31429502383456287,0.4,False
803,804,race,gender,Cramer's V,0.1084652289093281,0.4,False
803,804,race,age,Cramer's V,0.2758224833621116,0.4,False
803,804,gender,age,Cramer's V,0.39555748859879064,0.4,False
804,805,race,gender,Cramer's V,0.11522048364153628,0.4,False
804,805,race,age,Cramer's V,0.35406863607047934,0.4,False
804,805,gender,age,Cramer's V,0.34427492471625304,0.4,False
805,806,race,gender,Cramer's V,0.25515518153991434,0.4,False
805,806,race,age,Cramer's V,0.3053487568783424,0.4,False
805,806,gender,age,Cramer's V,0.3503583122600304,0.4,False
806,807,race,gender,Cramer's V,0.3357650734459088,0.4,False
806,807,race,age,Cramer's V,0.48267646307401163,0.4,True
806,807,gender,age,Cramer's V,0.4098017068109659,0.4,True
807,808,race,gender,Cramer's V,0.20635078182863842,0.4,False
807,808,race,age,Cramer's V,0.25191741976102616,0.4,False
807,808,gender,age,Cramer's V,0.2712387212273065,0.4,False
808,809,race,gender,Cramer's V,0.13795340470068912,0.4,False
808,809,race,age,Cramer's V,0.42245261239127135,0.4,True
808,809,gender,age,Cramer's V,0.36626353407753504,0.4,False
809,810,race,gender,Cramer's V,0.2085144140570748,0.4,False
809,810,race,age,Cramer's V,0.3756260438415181,0.4,False
809,810,gender,age,Cramer's V,0.2085809152273374,0.4,False
810,811,race,gender,Cramer's V,0.24679252079578093,0.4,False
810,811,race,age,Cramer's V,0.31135113450423274,0.4,False
810,811,gender,age,Cramer's V,0.3359778517010995,0.4,False
811,812,race,gender,Cramer's V,0.1483415259909825,0.4,False
811,812,race,age,Cramer's V,0.22078494873913754,0.4,False
811,812,gender,age,Cramer's V,0.27832344907982925,0.4,False
812,813,race,gender,Cramer's V,0.3396397252109209,0.4,False
812,813,race,age,Cramer's V,0.32991132946910673,0.4,False
812,813,gender,age,Cramer's V,0.38747448767842474,0.4,False
813,814,race,gender,Cramer's V,0.23698480301376137,0.4,False
813,814,race,age,Cramer's V,0.2823027110801325,0.4,False
813,814,gender,age,Cramer's V,0.3539018908164682,0.4,False
814,815,race,gender,Cramer's V,0.23835366281468062,0.4,False
814,815,race,age,Cramer's V,0.26311968054630547,0.4,False
814,815,gender,age,Cramer's V,0.19290505511593872,0.4,False
815,816,race,gender,Cramer's V,0.4086914242395904,0.4,True
815,816,race,age,Cramer's V,0.42150810320562965,0.4,True
815,816,gender,age,Cramer's V,0.3385056263966496,0.4,False
816,817,race,gender,Cramer's V,0.0,0.4,False
816,817,race,age,Cramer's V,0.31740662477781995,0.4,False
816,817,gender,age,Cramer's V,0.2851692250718941,0.4,False
817,818,race,gender,Cramer's V,0.14681974934394248,0.4,False
817,818,race,age,Cramer's V,0.46512659378995197,0.4,True
817,818,gender,age,Cramer's V,0.31546904180699437,0.4,False
818,819,race,gender,Cramer's V,0.21477251753404303,0.4,False
818,819,race,age,Cramer's V,0.3966319552157936,0.4,False
818,819,gender,age,Cramer's V,0.18757511407358263,0.4,False
819,820,race,gender,Cramer's V,0.2505096845250026,0.4,False
819,820,race,age,Cramer's V,0.4214184825265332,0.4,True
819,820,gender,age,Cramer's V,0.262526318732448,0.4,False
820,821,race,gender,Cramer's V,0.1707280183356863,0.4,False
820,821,race,age,Cramer's V,0.43991673848123536,0.4,True
820,821,gender,age,Cramer's V,0.23836128347796492,0.4,False
821,822,race,gender,Cramer's V,0.010154334054280715,0.4,False
821,822,race,age,Cramer's V,0.2488621448709274,0.4,False
821,822,gender,age,Cramer's V,0.45570924065541846,0.4,True
822,823,race,gender,Cramer's V,0.15032042032716897,0.4,False
822,823,race,age,Cramer's V,0.46271887533038725,0.4,True
822,823,gender,age,Cramer's V,0.22192480786832852,0.4,False
823,824,race,gender,Cramer's V,0.18331776750779413,0.4,False
823,824,race,age,Cramer's V,0.4813987395928542,0.4,True
823,824,gender,age,Cramer's V,0.33057960310454176,0.4,False
824,825,race,gender,Cramer's V,0.1742269485062481,0.4,False
824,825,race,age,Cramer's V,0.3921182750451561,0.4,False
824,825,gender,age,Cramer's V,0.27898499044114977,0.4,False
825,826,race,gender,Cramer's V,0.13770607453181927,0.4,False
825,826,race,age,Cramer's V,0.5356160299976224,0.4,True
825,826,gender,age,Cramer's V,0.33770553062923686,0.4,False
826,827,race,gender,Cramer's V,0.13408277440440847,0.4,False
826,827,race,age,Cramer's V,0.3382202633310481,0.4,False
826,827,gender,age,Cramer's V,0.43738565034498805,0.4,True
827,828,race,gender,Cramer's V,0.2885242722199447,0.4,False
827,828,race,age,Cramer's V,0.3106027610425526,0.4,False
827,828,gender,age,Cramer's V,0.34337030976382854,0.4,False
828,829,race,gender,Cramer's V,0.2068985682499027,0.4,False
828,829,race,age,Cramer's V,0.28954202884238656,0.4,False
828,829,gender,age,Cramer's V,0.3282012330609318,0.4,False
829,830,race,gender,Cramer's V,0.17407765595569785,0.4,False
829,830,race,age,Cramer's V,0.45851762621216324,0.4,True
829,830,gender,age,Cramer's V,0.20111857067856442,0.4,False
830,831,race,gender,Cramer's V,0.01613086827693107,0.4,False
830,831,race,age,Cramer's V,0.3374255727311917,0.4,False
830,831,gender,age,Cramer's V,0.279165144552786,0.4,False
831,832,race,gender,Cramer's V,0.17019578187594717,0.4,False
831,832,race,age,Cramer's V,0.23656263321290644,0.4,False
831,832,gender,age,Cramer's V,0.35629711939961695,0.4,False
832,833,race,gender,Cramer's V,0.12978798012950296,0.4,False
832,833,race,age,Cramer's V,0.468894610108147,0.4,True
832,833,gender,age,Cramer's V,0.3849171058123253,0.4,False
833,834,race,gender,Cramer's V,0.14442970747104034,0.4,False
833,834,race,age,Cramer's V,0.17849204584753633,0.4,False
833,834,gender,age,Cramer's V,0.42495586127945084,0.4,True
834,835,race,gender,Cramer's V,0.27107605773133914,0.4,False
834,835,race,age,Cramer's V,0.2704423707793926,0.4,False
834,835,gender,age,Cramer's V,0.17329582516013545,0.4,False
835,836,race,gender,Cramer's V,0.22414951078282472,0.4,False
835,836,race,age,Cramer's V,0.17407030775140292,0.4,False
835,836,gender,age,Cramer's V,0.2797249354128341,0.4,False
836,837,race,gender,Cramer's V,0.24810906842348968,0.4,False
836,837,race,age,Cramer's V,0.2529085014071959,0.4,False
836,837,gender,age,Cramer's V,0.18470149437780015,0.4,False
837,838,race,gender,Cramer's V,0.29923989282439756,0.4,False
837,838,race,age,Cramer's V,0.37984020021910625,0.4,False
837,838,gender,age,Cramer's V,0.3538448008142636,0.4,False
838,839,race,gender,Cramer's V,0.04842247027432693,0.4,False
838,839,race,age,Cramer's V,0.27918090408672847,0.4,False
838,839,gender,age,Cramer's V,0.3360091114339596,0.4,False
839,840,race,gender,Cramer's V,0.19848518212039787,0.4,False
839,840,race,age,Cramer's V,0.28093821749858466,0.4,False
839,840,gender,age,Cramer's V,0.3548400461240717,0.4,False
840,841,race,gender,Cramer's V,0.2426200880808702,0.4,False
840,841,race,age,Cramer's V,0.33580992850243135,0.4,False
840,841,gender,age,Cramer's V,0.37743580044022323,0.4,False
841,842,race,gender,Cramer's V,0.28549229053201486,0.4,False
841,842,race,age,Cramer's V,0.5754085433436721,0.4,True
841,842,gender,age,Cramer's V,0.2861349670578892,0.4,False
842,843,race,gender,Cramer's V,0.1915869498910757,0.4,False
842,843,race,age,Cramer's V,0.2870379366418804,0.4,False
842,843,gender,age,Cramer's V,0.37397236190423305,0.4,False
843,844,race,gender,Cramer's V,0.14085904245475278,0.4,False
843,844,race,age,Cramer's V,0.3111336722721495,0.4,False
843,844,gender,age,Cramer's V,0.36212640215197117,0.4,False
844,845,race,gender,Cramer's V,0.3123785187231179,0.4,False
844,845,race,age,Cramer's V,0.36804109329869944,0.4,False
844,845,gender,age,Cramer's V,0.34194811120682017,0.4,False
845,846,race,gender,Cramer's V,0.24566283889661977,0.4,False
845,846,race,age,Cramer's V,0.3056804339931524,0.4,False
845,846,gender,age,Cramer's V,0.38793468561057015,0.4,False
846,847,race,gender,Cramer's V,0.28220571205041983,0.4,False
846,847,race,age,Cramer's V,0.2607949513465037,0.4,False
846,847,gender,age,Cramer's V,0.44078946937181507,0.4,True
847,848,race,gender,Cramer's V,0.29105487573184385,0.4,False
847,848,race,age,Cramer's V,0.23740265880257963,0.4,False
847,848,gender,age,Cramer's V,0.2112713155482774,0.4,False
848,849,race,gender,Cramer's V,0.1446203052124375,0.4,False
848,849,race,age,Cramer's V,0.2982080862050234,0.4,False
848,849,gender,age,Cramer's V,0.3453540379312233,0.4,False
849,850,race,gender,Cramer's V,0.17380544678845175,0.4,False
849,850,race,age,Cramer's V,0.2633725106480921,0.4,False
849,850,gender,age,Cramer's V,0.4937983450312035,0.4,True
850,851,race,gender,Cramer's V,0.20267613593518125,0.4,False
850,851,race,age,Cramer's V,0.3565927767193391,0.4,False
850,851,gender,age,Cramer's V,0.2742511170691474,0.4,False
851,852,race,gender,Cramer's V,0.17085263714051416,0.4,False
851,852,race,age,Cramer's V,0.27700296325016505,0.4,False
851,852,gender,age,Cramer's V,0.21252327726728923,0.4,False
852,853,race,gender,Cramer's V,0.2088852313608951,0.4,False
852,853,race,age,Cramer's V,0.3826123699784396,0.4,False
852,853,gender,age,Cramer's V,0.41443458079173573,0.4,True
853,854,race,gender,Cramer's V,0.250529176964326,0.4,False
853,854,race,age,Cramer's V,0.3644945692267937,0.4,False
853,854,gender,age,Cramer's V,0.3916462808059872,0.4,False
854,855,race,gender,Cramer's V,0.32097128032376626,0.4,False
854,855,race,age,Cramer's V,0.38434628864745085,0.4,False
854,855,gender,age,Cramer's V,0.47579524108442145,0.4,True
855,856,race,gender,Cramer's V,0.04515151177317545,0.4,False
855,856,race,age,Cramer's V,0.36889067604671144,0.4,False
855,856,gender,age,Cramer's V,0.2851983631406505,0.4,False
856,857,race,gender,Cramer's V,0.1575074073262577,0.4,False
856,857,race,age,Cramer's V,0.25908141207605573,0.4,False
856,857,gender,age,Cramer's V,0.23240732423482688,0.4,False
857,858,race,gender,Cramer's V,0.24722233135152077,0.4,False
857,858,race,age,Cramer's V,0.2204970810160756,0.4,False
857,858,gender,age,Cramer's V,0.2710672598448811,0.4,False
858,859,race,gender,Cramer's V,0.2574516716593977,0.4,False
858,859,race,age,Cramer's V,0.42253176781416635,0.4,True
858,859,gender,age,Cramer's V,0.43697590431045613,0.4,True
859,860,race,gender,Cramer's V,0.2946278254943948,0.4,False
859,860,race,age,Cramer's V,0.31398605369396515,0.4,False
859,860,gender,age,Cramer's V,0.32715259722730594,0.4,False
860,861,race,gender,Cramer's V,0.1084652289093281,0.4,False
860,861,race,age,Cramer's V,0.3646726081173511,0.4,False
860,861,gender,age,Cramer's V,0.4174063837573058,0.4,True
861,862,race,gender,Cramer's V,0.11556845185649485,0.4,False
861,862,race,age,Cramer's V,0.3696954397831509,0.4,False
861,862,gender,age,Cramer's V,0.23278519778240922,0.4,False
862,863,race,gender,Cramer's V,0.16442858385876058,0.4,False
862,863,race,age,Cramer's V,0.21558844628823368,0.4,False
862,863,gender,age,Cramer's V,0.3839605187377983,0.4,False
863,864,race,gender,Cramer's V,0.16096983189670044,0.4,False
863,864,race,age,Cramer's V,0.41333703641088615,0.4,True
863,864,gender,age,Cramer's V,0.35564337957950964,0.4,False
864,865,race,gender,Cramer's V,0.15889162445979146,0.4,False
864,865,race,age,Cramer's V,0.36963871016961003,0.4,False
864,865,gender,age,Cramer's V,0.3248695349997965,0.4,False
865,866,race,gender,Cramer's V,0.030794751789719303,0.4,False
865,866,race,age,Cramer's V,0.39935177175873104,0.4,False
865,866,gender,age,Cramer's V,0.21520764513570803,0.4,False
866,867,race,gender,Cramer's V,0.17562332585019286,0.4,False
866,867,race,age,Cramer's V,0.5130782755299091,0.4,True
866,867,gender,age,Cramer's V,0.2643217457588479,0.4,False
867,868,race,gender,Cramer's V,0.044946657497549475,0.4,False
867,868,race,age,Cramer's V,0.20552515100379598,0.4,False
867,868,gender,age,Cramer's V,0.32259768143814066,0.4,False
868,869,race,gender,Cramer's V,0.3188996938544987,0.4,False
868,869,race,age,Cramer's V,0.4106000462009521,0.4,True
868,869,gender,age,Cramer's V,0.3893385209456884,0.4,False
869,870,race,gender,Cramer's V,0.2372684056006958,0.4,False
869,870,race,age,Cramer's V,0.32803875930966997,0.4,False
869,870,gender,age,Cramer's V,0.34117049461714355,0.4,False
870,871,race,gender,Cramer's V,0.35654711156223495,0.4,False
870,871,race,age,Cramer's V,0.2847441882329432,0.4,False
870,871,gender,age,Cramer's V,0.38341136608081633,0.4,False
871,872,race,gender,Cramer's V,0.24879445389615276,0.4,False
871,872,race,age,Cramer's V,0.2905022106482744,0.4,False
871,872,gender,age,Cramer's V,0.5204216124900086,0.4,True
872,873,race,gender,Cramer's V,0.11388714824553262,0.4,False
872,873,race,age,Cramer's V,0.3603624718406609,0.4,False
872,873,gender,age,Cramer's V,0.3863668655733196,0.4,False
873,874,race,gender,Cramer's V,0.2412501852066459,0.4,False
873,874,race,age,Cramer's V,0.3917331211902396,0.4,False
873,874,gender,age,Cramer's V,0.41060239940943116,0.4,True
874,875,race,gender,Cramer's V,0.20845812726591367,0.4,False
874,875,race,age,Cramer's V,0.2775251376365788,0.4,False
874,875,gender,age,Cramer's V,0.27453428814826636,0.4,False
875,876,race,gender,Cramer's V,0.26516504294495535,0.4,False
875,876,race,age,Cramer's V,0.29567619824755675,0.4,False
875,876,gender,age,Cramer's V,0.49616585488680653,0.4,True
876,877,race,gender,Cramer's V,0.12989174348310137,0.4,False
876,877,race,age,Cramer's V,0.3114099050333389,0.4,False
876,877,gender,age,Cramer's V,0.25361322374995304,0.4,False
877,878,race,gender,Cramer's V,0.3030922635981522,0.4,False
877,878,race,age,Cramer's V,0.2876512972155357,0.4,False
877,878,gender,age,Cramer's V,0.3527383163573511,0.4,False
878,879,race,gender,Cramer's V,0.06212020322240853,0.4,False
878,879,race,age,Cramer's V,0.3097015560338544,0.4,False
878,879,gender,age,Cramer's V,0.27637719946543415,0.4,False
879,880,race,gender,Cramer's V,0.2595759602590059,0.4,False
879,880,race,age,Cramer's V,0.3619435746915591,0.4,False
879,880,gender,age,Cramer's V,0.24090894252964504,0.4,False
880,881,race,gender,Cramer's V,0.2711630722733202,0.4,False
880,881,race,age,Cramer's V,0.49750368906664466,0.4,True
880,881,gender,age,Cramer's V,0.29674406649201507,0.4,False
881,882,race,gender,Cramer's V,0.22568047549274958,0.4,False
881,882,race,age,Cramer's V,0.6490119838523374,0.4,True
881,882,gender,age,Cramer's V,0.3904747014474721,0.4,False
882,883,race,gender,Cramer's V,0.20404592175895678,0.4,False
882,883,race,age,Cramer's V,0.33974838480031,0.4,False
882,883,gender,age,Cramer's V,0.44062271883696247,0.4,True
883,884,race,gender,Cramer's V,0.32216126208450135,0.4,False
883,884,race,age,Cramer's V,0.45500562925652094,0.4,True
883,884,gender,age,Cramer's V,0.6118619125260208,0.4,True
884,885,race,gender,Cramer's V,0.19015162583791811,0.4,False
884,885,race,age,Cramer's V,0.30722578986382865,0.4,False
884,885,gender,age,Cramer's V,0.27313008591294563,0.4,False
885,886,race,gender,Cramer's V,0.2923138022145816,0.4,False
885,886,race,age,Cramer's V,0.4066798918897784,0.4,True
885,886,gender,age,Cramer's V,0.3440704212350927,0.4,False
886,887,race,gender,Cramer's V,0.014589603651080285,0.4,False
886,887,race,age,Cramer's V,0.28929130420643256,0.4,False
886,887,gender,age,Cramer's V,0.45111169668801104,0.4,True
887,888,race,gender,Cramer's V,0.20568038741870232,0.4,False
887,888,race,age,Cramer's V,0.4488443236266355,0.4,True
887,888,gender,age,Cramer's V,0.36054545185061715,0.4,False
888,889,race,gender,Cramer's V,0.2849431624794121,0.4,False
888,889,race,age,Cramer's V,0.3935480015591393,0.4,False
888,889,gender,age,Cramer's V,0.5678971055632548,0.4,True
889,890,race,gender,Cramer's V,0.04622238656877778,0.4,False
889,890,race,age,Cramer's V,0.48214780831426973,0.4,True
889,890,gender,age,Cramer's V,0.42535504724998136,0.4,True
890,891,race,gender,Cramer's V,0.27218621374878665,0.4,False
890,891,race,age,Cramer's V,0.3074246998411905,0.4,False
890,891,gender,age,Cramer's V,0.2597815597589764,0.4,False
891,892,race,gender,Cramer's V,0.21493173840527377,0.4,False
891,892,race,age,Cramer's V,0.30495455480658185,0.4,False
891,892,gender,age,Cramer's V,0.4111945027367451,0.4,True
892,893,race,gender,Cramer's V,0.389833273641789,0.4,False
892,893,race,age,Cramer's V,0.2490744137049284,0.4,False
892,893,gender,age,Cramer's V,0.42389762878459186,0.4,True
893,894,race,gender,Cramer's V,0.1977937149856819,0.4,False
893,894,race,age,Cramer's V,0.31111075616869327,0.4,False
893,894,gender,age,Cramer's V,0.3981325428389601,0.4,False
894,895,race,gender,Cramer's V,0.2120790212264707,0.4,False
894,895,race,age,Cramer's V,0.3324279354197879,0.4,False
894,895,gender,age,Cramer's V,0.42294379801114507,0.4,True
895,896,race,gender,Cramer's V,0.2596973621000881,0.4,False
895,896,race,age,Cramer's V,0.43696077125804444,0.4,True
895,896,gender,age,Cramer's V,0.2517762212702938,0.4,False
896,897,race,gender,Cramer's V,0.11068259165075645,0.4,False
896,897,race,age,Cramer's V,0.40655497811719227,0.4,True
896,897,gender,age,Cramer's V,0.3492529923267072,0.4,False
897,898,race,gender,Cramer's V,0.2869210745368109,0.4,False
897,898,race,age,Cramer's V,0.2607534256085885,0.4,False
897,898,gender,age,Cramer's V,0.3415558609954631,0.4,False
898,899,race,gender,Cramer's V,0.18354316719641922,0.4,False
898,899,race,age,Cramer's V,0.3655187937767203,0.4,False
898,899,gender,age,Cramer's V,0.3930412812088856,0.4,False
899,900,race,gender,Cramer's V,0.2228213833184668,0.4,False
899,900,race,age,Cramer's V,0.22966799620557526,0.4,False
899,900,gender,age,Cramer's V,0.37215916459596476,0.4,False
900,901,race,gender,Cramer's V,0.24715533424283853,0.4,False
900,901,race,age,Cramer's V,0.39131230409694245,0.4,False
900,901,gender,age,Cramer's V,0.20517225722671015,0.4,False
901,902,race,gender,Cramer's V,0.228164528485591,0.4,False
901,902,race,age,Cramer's V,0.490544884813446,0.4,True
901,902,gender,age,Cramer's V,0.49157814219548457,0.4,True
902,903,race,gender,Cramer's V,0.3368673682986398,0.4,False
902,903,race,age,Cramer's V,0.31881033019653965,0.4,False
902,903,gender,age,Cramer's V,0.45160747048469346,0.4,True
903,904,race,gender,Cramer's V,0.12992436984777675,0.4,False
903,904,race,age,Cramer's V,0.4069835736878095,0.4,True
903,904,gender,age,Cramer's V,0.39483849343425964,0.4,False
904,905,race,gender,Cramer's V,0.29985601385342237,0.4,False
904,905,race,age,Cramer's V,0.2791089137134207,0.4,False
904,905,gender,age,Cramer's V,0.4704252927751279,0.4,True
905,906,race,gender,Cramer's V,0.36007130486942296,0.4,False
905,906,race,age,Cramer's V,0.3675808717966963,0.4,False
905,906,gender,age,Cramer's V,0.2390543677508126,0.4,False
906,907,race,gender,Cramer's V,0.2681491674311119,0.4,False
906,907,race,age,Cramer's V,0.5685145842554596,0.4,True
906,907,gender,age,Cramer's V,0.2603804520273743,0.4,False
907,908,race,gender,Cramer's V,0.1915869498910757,0.4,False
907,908,race,age,Cramer's V,0.3613052500766812,0.4,False
907,908,gender,age,Cramer's V,0.36620694543075016,0.4,False
908,909,race,gender,Cramer's V,0.19605910549771438,0.4,False
908,909,race,age,Cramer's V,0.42675095375554833,0.4,True
908,909,gender,age,Cramer's V,0.25515161139179854,0.4,False
909,910,race,gender,Cramer's V,0.2287087499587462,0.4,False
909,910,race,age,Cramer's V,0.36674413782126447,0.4,False
909,910,gender,age,Cramer's V,0.3244743522739591,0.4,False
910,911,race,gender,Cramer's V,0.24838367341288498,0.4,False
910,911,race,age,Cramer's V,0.4021809075548668,0.4,True
910,911,gender,age,Cramer's V,0.4949322586072912,0.4,True
911,912,race,gender,Cramer's V,0.15026857675938216,0.4,False
911,912,race,age,Cramer's V,0.3411351362978185,0.4,False
911,912,gender,age,Cramer's V,0.5706381443799917,0.4,True
912,913,race,gender,Cramer's V,0.19120444499264716,0.4,False
912,913,race,age,Cramer's V,0.4488487512127013,0.4,True
912,913,gender,age,Cramer's V,0.33930141176934975,0.4,False
913,914,race,gender,Cramer's V,0.28545606719859323,0.4,False
913,914,race,age,Cramer's V,0.31077713289508346,0.4,False
913,914,gender,age,Cramer's V,0.34428806719579697,0.4,False
914,915,race,gender,Cramer's V,0.20611355851699362,0.4,False
914,915,race,age,Cramer's V,0.3911047979288454,0.4,False
914,915,gender,age,Cramer's V,0.26208179770229884,0.4,False
915,916,race,gender,Cramer's V,0.31440511241492825,0.4,False
915,916,race,age,Cramer's V,0.30445289897054306,0.4,False
915,916,gender,age,Cramer's V,0.4163319604614207,0.4,True
916,917,race,gender,Cramer's V,0.3146266024828463,0.4,False
916,917,race,age,Cramer's V,0.46527406012521866,0.4,True
916,917,gender,age,Cramer's V,0.3274921102119595,0.4,False
917,918,race,gender,Cramer's V,0.08008300234351291,0.4,False
917,918,race,age,Cramer's V,0.2516840292487649,0.4,False
917,918,gender,age,Cramer's V,0.3858101102318775,0.4,False
918,919,race,gender,Cramer's V,0.390501849358181,0.4,False
918,919,race,age,Cramer's V,0.35925300308488856,0.4,False
918,919,gender,age,Cramer's V,0.38414181634512934,0.4,False
919,920,race,gender,Cramer's V,0.1943473638432416,0.4,False
919,920,race,age,Cramer's V,0.32489950444718835,0.4,False
919,920,gender,age,Cramer's V,0.350036073177112,0.4,False
920,921,race,gender,Cramer's V,0.309093384818764,0.4,False
920,921,race,age,Cramer's V,0.36838375084226804,0.4,False
920,921,gender,age,Cramer's V,0.2832595157851335,0.4,False
921,922,race,gender,Cramer's V,0.26082026547865056,0.4,False
921,922,race,age,Cramer's V,0.41187723552395705,0.4,True
921,922,gender,age,Cramer's V,0.34061314715864394,0.4,False
922,923,race,gender,Cramer's V,0.15097027121927942,0.4,False
922,923,race,age,Cramer's V,0.20993826252990203,0.4,False
922,923,gender,age,Cramer's V,0.2969934817552874,0.4,False
923,924,race,gender,Cramer's V,0.2949721122556283,0.4,False
923,924,race,age,Cramer's V,0.2560446492974662,0.4,False
923,924,gender,age,Cramer's V,0.38600887166339715,0.4,False
924,925,race,gender,Cramer's V,0.10540925533894599,0.4,False
924,925,race,age,Cramer's V,0.43371507494409994,0.4,True
924,925,gender,age,Cramer's V,0.27669754914778494,0.4,False
925,926,race,gender,Cramer's V,0.2540118341543027,0.4,False
925,926,race,age,Cramer's V,0.27473888346432385,0.4,False
925,926,gender,age,Cramer's V,0.4505801323338997,0.4,True
926,927,race,gender,Cramer's V,0.18271333892979436,0.4,False
926,927,race,age,Cramer's V,0.25836776630027514,0.4,False
926,927,gender,age,Cramer's V,0.42286243928088246,0.4,True
927,928,race,gender,Cramer's V,0.14090319197549045,0.4,False
927,928,race,age,Cramer's V,0.3733251367829532,0.4,False
927,928,gender,age,Cramer's V,0.2947210398376166,0.4,False
928,929,race,gender,Cramer's V,0.02923526731023428,0.4,False
928,929,race,age,Cramer's V,0.17924877901169534,0.4,False
928,929,gender,age,Cramer's V,0.22492438207051088,0.4,False
929,930,race,gender,Cramer's V,0.15884539759855593,0.4,False
929,930,race,age,Cramer's V,0.35382547845643797,0.4,False
929,930,gender,age,Cramer's V,0.42716100165267673,0.4,True
930,931,race,gender,Cramer's V,0.20836741762424205,0.4,False
930,931,race,age,Cramer's V,0.45176503272090374,0.4,True
930,931,gender,age,Cramer's V,0.31749698267214294,0.4,False
931,932,race,gender,Cramer's V,0.0842151921066519,0.4,False
931,932,race,age,Cramer's V,0.4900080970181984,0.4,True
931,932,gender,age,Cramer's V,0.24457497662663527,0.4,False
932,933,race,gender,Cramer's V,0.1713023998521969,0.4,False
932,933,race,age,Cramer's V,0.3241242490728157,0.4,False
932,933,gender,age,Cramer's V,0.3116489966694857,0.4,False
933,934,race,gender,Cramer's V,0.23904572186687875,0.4,False
933,934,race,age,Cramer's V,0.34349159893952885,0.4,False
933,934,gender,age,Cramer's V,0.36483773922624674,0.4,False
934,935,race,gender,Cramer's V,0.10536264500930079,0.4,False
934,935,race,age,Cramer's V,0.39683577520005997,0.4,False
934,935,gender,age,Cramer's V,0.1579455154992572,0.4,False
935,936,race,gender,Cramer's V,0.09848194712342068,0.4,False
935,936,race,age,Cramer's V,0.41065742438438907,0.4,True
935,936,gender,age,Cramer's V,0.32987777382153366,0.4,False
936,937,race,gender,Cramer's V,0.26020468199093943,0.4,False
936,937,race,age,Cramer's V,0.3136102949544499,0.4,False
936,937,gender,age,Cramer's V,0.38724281126546556,0.4,False
937,938,race,gender,Cramer's V,0.17445716131181185,0.4,False
937,938,race,age,Cramer's V,0.3838539189841376,0.4,False
937,938,gender,age,Cramer's V,0.3205197494566182,0.4,False
938,939,race,gender,Cramer's V,0.19154585564510346,0.4,False
938,939,race,age,Cramer's V,0.3666035299177412,0.4,False
938,939,gender,age,Cramer's V,0.3201833242239688,0.4,False
939,940,race,gender,Cramer's V,0.17549768941550864,0.4,False
939,940,race,age,Cramer's V,0.7137356740790198,0.4,True
939,940,gender,age,Cramer's V,0.22792646284844043,0.4,False
940,941,race,gender,Cramer's V,0.18946618668626836,0.4,False
940,941,race,age,Cramer's V,0.6678803335491253,0.4,True
940,941,gender,age,Cramer's V,0.436967013560716,0.4,True
941,942,race,gender,Cramer's V,0.16984155512168933,0.4,False
941,942,race,age,Cramer's V,0.3577675968953566,0.4,False
941,942,gender,age,Cramer's V,0.3856382410337727,0.4,False
942,943,race,gender,Cramer's V,0.22870874995874627,0.4,False
942,943,race,age,Cramer's V,0.3766868475946481,0.4,False
942,943,gender,age,Cramer's V,0.4284011945916859,0.4,True
943,944,race,gender,Cramer's V,0.2309401076758503,0.4,False
943,944,race,age,Cramer's V,0.2581639578807025,0.4,False
943,944,gender,age,Cramer's V,0.272092681105814,0.4,False
944,945,race,gender,Cramer's V,0.1826134448798775,0.4,False
944,945,race,age,Cramer's V,0.2537785637195534,0.4,False
944,945,gender,age,Cramer's V,0.26037044066754494,0.4,False
945,946,race,gender,Cramer's V,0.23174059571793565,0.4,False
945,946,race,age,Cramer's V,0.2249491524552971,0.4,False
945,946,gender,age,Cramer's V,0.2932307575285167,0.4,False
946,947,race,gender,Cramer's V,0.18524872445114315,0.4,False
946,947,race,age,Cramer's V,0.3789425623784922,0.4,False
946,947,gender,age,Cramer's V,0.319880327612145,0.4,False
947,948,race,gender,Cramer's V,0.14391617799635203,0.4,False
947,948,race,age,Cramer's V,0.3757730838934743,0.4,False
947,948,gender,age,Cramer's V,0.15118204619367082,0.4,False
948,949,race,gender,Cramer's V,0.302107294192479,0.4,False
948,949,race,age,Cramer's V,0.3169653497892679,0.4,False
948,949,gender,age,Cramer's V,0.22358830179910155,0.4,False
949,950,race,gender,Cramer's V,0.22010999517249127,0.4,False
949,950,race,age,Cramer's V,0.3269902971655045,0.4,False
949,950,gender,age,Cramer's V,0.3601780812936558,0.4,False
950,951,race,gender,Cramer's V,0.24893486912311671,0.4,False
950,951,race,age,Cramer's V,0.3830106269995904,0.4,False
950,951,gender,age,Cramer's V,0.3417994506580258,0.4,False
951,952,race,gender,Cramer's V,0.20833333333333331,0.4,False
951,952,race,age,Cramer's V,0.2563673269923575,0.4,False
951,952,gender,age,Cramer's V,0.42329792612208633,0.4,True
952,953,race,gender,Cramer's V,0.24874347963277152,0.4,False
952,953,race,age,Cramer's V,0.29248870985060416,0.4,False
952,953,gender,age,Cramer's V,0.42192299674675965,0.4,True
953,954,race,gender,Cramer's V,0.16442858385876058,0.4,False
953,954,race,age,Cramer's V,0.38184880401431803,0.4,False
953,954,gender,age,Cramer's V,0.3115243783882263,0.4,False
954,955,race,gender,Cramer's V,0.2611926000943046,0.4,False
954,955,race,age,Cramer's V,0.4004370789867058,0.4,True
954,955,gender,age,Cramer's V,0.3650767107192352,0.4,False
955,956,race,gender,Cramer's V,0.0730881682755858,0.4,False
955,956,race,age,Cramer's V,0.1674660317642709,0.4,False
955,956,gender,age,Cramer's V,0.5000986096055343,0.4,True
956,957,race,gender,Cramer's V,0.272753866228106,0.4,False
956,957,race,age,Cramer's V,0.309306513151148,0.4,False
956,957,gender,age,Cramer's V,0.25899840453593526,0.4,False
957,958,race,gender,Cramer's V,0.24150091202022106,0.4,False
957,958,race,age,Cramer's V,0.3285321270874381,0.4,False
957,958,gender,age,Cramer's V,0.40266601259042617,0.4,True
958,959,race,gender,Cramer's V,0.1852527453100526,0.4,False
958,959,race,age,Cramer's V,0.32860565700128197,0.4,False
958,959,gender,age,Cramer's V,0.4319185780009338,0.4,True
959,960,race,gender,Cramer's V,0.29105487573184385,0.4,False
959,960,race,age,Cramer's V,0.3699565486842469,0.4,False
959,960,gender,age,Cramer's V,0.341907602803494,0.4,False
960,961,race,gender,Cramer's V,0.11935247900657214,0.4,False
960,961,race,age,Cramer's V,0.36583195648773253,0.4,False
960,961,gender,age,Cramer's V,0.3833688531426528,0.4,False
961,962,race,gender,Cramer's V,0.20611355851699356,0.4,False
961,962,race,age,Cramer's V,0.30964110958847496,0.4,False
961,962,gender,age,Cramer's V,0.3094373369613286,0.4,False
962,963,race,gender,Cramer's V,0.3976085429683203,0.4,False
962,963,race,age,Cramer's V,0.31485903611709276,0.4,False
962,963,gender,age,Cramer's V,0.3064953408118857,0.4,False
963,964,race,gender,Cramer's V,0.15283515910478798,0.4,False
963,964,race,age,Cramer's V,0.37556206453779467,0.4,False
963,964,gender,age,Cramer's V,0.2677882116818988,0.4,False
964,965,race,gender,Cramer's V,0.3037247889474305,0.4,False
964,965,race,age,Cramer's V,0.3322632396141053,0.4,False
964,965,gender,age,Cramer's V,0.27819891447546247,0.4,False
965,966,race,gender,Cramer's V,0.19354119452957064,0.4,False
965,966,race,age,Cramer's V,0.2673512137183437,0.4,False
965,966,gender,age,Cramer's V,0.40967324519935133,0.4,True
966,967,race,gender,Cramer's V,0.1682122947987545,0.4,False
966,967,race,age,Cramer's V,0.34919153235933564,0.4,False
966,967,gender,age,Cramer's V,0.3893383550928551,0.4,False
967,968,race,gender,Cramer's V,0.24028752618081367,0.4,False
967,968,race,age,Cramer's V,0.34961248770120135,0.4,False
967,968,gender,age,Cramer's V,0.3686000719911696,0.4,False
968,969,race,gender,Cramer's V,0.08950500512362661,0.4,False
968,969,race,age,Cramer's V,0.3767341099736859,0.4,False
968,969,gender,age,Cramer's V,0.2835571861818604,0.4,False
969,970,race,gender,Cramer's V,0.2638038598827322,0.4,False
969,970,race,age,Cramer's V,0.5087430043199065,0.4,True
969,970,gender,age,Cramer's V,0.44662619032148587,0.4,True
970,971,race,gender,Cramer's V,0.1379044614978662,0.4,False
970,971,race,age,Cramer's V,0.26009979365292957,0.4,False
970,971,gender,age,Cramer's V,0.29487104089836047,0.4,False
971,972,race,gender,Cramer's V,0.04399413450640596,0.4,False
971,972,race,age,Cramer's V,0.5244044240850758,0.4,True
971,972,gender,age,Cramer's V,0.40813076287260885,0.4,True
972,973,race,gender,Cramer's V,0.11944163573823863,0.4,False
972,973,race,age,Cramer's V,0.256897650734538,0.4,False
972,973,gender,age,Cramer's V,0.32307445639837323,0.4,False
973,974,race,gender,Cramer's V,0.20809815786028307,0.4,False
973,974,race,age,Cramer's V,0.30754837349942593,0.4,False
973,974,gender,age,Cramer's V,0.3524010991935901,0.4,False
974,975,race,gender,Cramer's V,0.16151457061744967,0.4,False
974,975,race,age,Cramer's V,0.3744189106125694,0.4,False
974,975,gender,age,Cramer's V,0.24543045446326228,0.4,False
975,976,race,gender,Cramer's V,0.1811643254631353,0.4,False
975,976,race,age,Cramer's V,0.2955207416765872,0.4,False
975,976,gender,age,Cramer's V,0.20286729937360817,0.4,False
976,977,race,gender,Cramer's V,0.25432264090358586,0.4,False
976,977,race,age,Cramer's V,0.4865077746704721,0.4,True
976,977,gender,age,Cramer's V,0.44372547210346625,0.4,True
977,978,race,gender,Cramer's V,0.1122869228088692,0.4,False
977,978,race,age,Cramer's V,0.42972065012296845,0.4,True
977,978,gender,age,Cramer's V,0.3874205685939983,0.4,False
978,979,race,gender,Cramer's V,0.0,0.4,False
978,979,race,age,Cramer's V,0.29417420270727607,0.4,False
978,979,gender,age,Cramer's V,0.2980217056377316,0.4,False
979,980,race,gender,Cramer's V,0.2494313307902671,0.4,False
979,980,race,age,Cramer's V,0.28894396141196466,0.4,False
979,980,gender,age,Cramer's V,0.45161597541197745,0.4,True
980,981,race,gender,Cramer's V,0.25152313787977615,0.4,False
980,981,race,age,Cramer's V,0.3999297226623486,0.4,False
980,981,gender,age,Cramer's V,0.2869156702793555,0.4,False
981,982,race,gender,Cramer's V,0.15929909224002073,0.4,False
981,982,race,age,Cramer's V,0.49598357253997627,0.4,True
981,982,gender,age,Cramer's V,0.2503451698196201,0.4,False
982,983,race,gender,Cramer's V,0.3732642025088288,0.4,False
982,983,race,age,Cramer's V,0.29941153336826054,0.4,False
982,983,gender,age,Cramer's V,0.31349572547719545,0.4,False
983,984,race,gender,Cramer's V,0.21655995552218826,0.4,False
983,984,race,age,Cramer's V,0.304724700110022,0.4,False
983,984,gender,age,Cramer's V,0.38990706789277235,0.4,False
984,985,race,gender,Cramer's V,0.21991200586275558,0.4,False
984,985,race,age,Cramer's V,0.27416540019970914,0.4,False
984,985,gender,age,Cramer's V,0.49243743120919836,0.4,True
985,986,race,gender,Cramer's V,0.17209191430489737,0.4,False
985,986,race,age,Cramer's V,0.6375677408900191,0.4,True
985,986,gender,age,Cramer's V,0.42549167824464496,0.4,True
986,987,race,gender,Cramer's V,0.16984155512168933,0.4,False
986,987,race,age,Cramer's V,0.3498200847323198,0.4,False
986,987,gender,age,Cramer's V,0.4392371716160791,0.4,True
987,988,race,gender,Cramer's V,0.0950381926622983,0.4,False
987,988,race,age,Cramer's V,0.3126577247676662,0.4,False
987,988,gender,age,Cramer's V,0.2305338382216489,0.4,False
988,989,race,gender,Cramer's V,0.23039807034284038,0.4,False
988,989,race,age,Cramer's V,0.31359164895323766,0.4,False
988,989,gender,age,Cramer's V,0.38104235024094585,0.4,False
989,990,race,gender,Cramer's V,0.3069991135670493,0.4,False
989,990,race,age,Cramer's V,0.2221184685663383,0.4,False
989,990,gender,age,Cramer's V,0.4077739200739463,0.4,True
990,991,race,gender,Cramer's V,0.115410309917828,0.4,False
990,991,race,age,Cramer's V,0.366628189196083,0.4,False
990,991,gender,age,Cramer's V,0.34256272799646564,0.4,False
991,992,race,gender,Cramer's V,0.12840348592282305,0.4,False
991,992,race,age,Cramer's V,0.4846597587690583,0.4,True
991,992,gender,age,Cramer's V,0.2279579114313961,0.4,False
992,993,race,gender,Cramer's V,0.20707613027963306,0.4,False
992,993,race,age,Cramer's V,0.29083273325507036,0.4,False
992,993,gender,age,Cramer's V,0.5003508222746769,0.4,True
993,994,race,gender,Cramer's V,0.15973228631739128,0.4,False
993,994,race,age,Cramer's V,0.4435276172968067,0.4,True
993,994,gender,age,Cramer's V,0.3174316756629483,0.4,False
994,995,race,gender,Cramer's V,0.22969553703374346,0.4,False
994,995,race,age,Cramer's V,0.3023132449297661,0.4,False
994,995,gender,age,Cramer's V,0.4207273395595698,0.4,True
995,996,race,gender,Cramer's V,0.24100377295176245,0.4,False
995,996,race,age,Cramer's V,0.27188242234397214,0.4,False
995,996,gender,age,Cramer's V,0.3137139179051354,0.4,False
996,997,race,gender,Cramer's V,0.12069612641759185,0.4,False
996,997,race,age,Cramer's V,0.540154396987738,0.4,True
996,997,gender,age,Cramer's V,0.47316017503904545,0.4,True
997,998,race,gender,Cramer's V,0.20423327335800126,0.4,False
997,998,race,age,Cramer's V,0.40098275774858677,0.4,True
997,998,gender,age,Cramer's V,0.2744302150984869,0.4,False
998,999,race,gender,Cramer's V,0.20314980007334804,0.4,False
998,999,race,age,Cramer's V,0.3003101321638901,0.4,False
998,999,gender,age,Cramer's V,0.35000818499651276,0.4,False
999,1000,race,gender,Cramer's V,0.17641192254290544,0.4,False
999,1000,race,age,Cramer's V,0.21875208415707165,0.4,False
999,1000,gender,age,Cramer's V,0.35153122702571327,0.4,False
1000,1001,race,gender,Cramer's V,0.32025630761017426,0.4,False
1000,1001,race,age,Cramer's V,0.28947589933584505,0.4,False
1000,1001,gender,age,Cramer's V,0.37680352296929415,0.4,False
1001,1002,race,gender,Cramer's V,0.33569058974450083,0.4,False
1001,1002,race,age,Cramer's V,0.36533793789098046,0.4,False
1001,1002,gender,age,Cramer's V,0.3144546397019888,0.4,False
1002,1003,race,gender,Cramer's V,0.15471966055889833,0.4,False
1002,1003,race,age,Cramer's V,0.22957337419168988,0.4,False
1002,1003,gender,age,Cramer's V,0.3248179855893171,0.4,False
1003,1004,race,gender,Cramer's V,0.18510150091614697,0.4,False
1003,1004,race,age,Cramer's V,0.41730294717764105,0.4,True
1003,1004,gender,age,Cramer's V,0.31016240398519956,0.4,False
1004,1005,race,gender,Cramer's V,0.11834115780078218,0.4,False
1004,1005,race,age,Cramer's V,0.46024493134134226,0.4,True
1004,1005,gender,age,Cramer's V,0.24962092472508401,0.4,False
1005,1006,race,gender,Cramer's V,0.13498731178900972,0.4,False
1005,1006,race,age,Cramer's V,0.23458293739944183,0.4,False
1005,1006,gender,age,Cramer's V,0.22990513221904277,0.4,False
1006,1007,race,gender,Cramer's V,0.20568038741870234,0.4,False
1006,1007,race,age,Cramer's V,0.35665603267157225,0.4,False
1006,1007,gender,age,Cramer's V,0.33122040955677795,0.4,False
1007,1008,race,gender,Cramer's V,0.0,0.4,False
1007,1008,race,age,Cramer's V,0.42927881735569373,0.4,True
1007,1008,gender,age,Cramer's V,0.4392137049580356,0.4,True
1008,1009,race,gender,Cramer's V,0.2315449278499825,0.4,False
1008,1009,race,age,Cramer's V,0.36788099004490954,0.4,False
1008,1009,gender,age,Cramer's V,0.4677994141864812,0.4,True
1009,1010,race,gender,Cramer's V,0.18575577604298965,0.4,False
1009,1010,race,age,Cramer's V,0.3847035155438469,0.4,False
1009,1010,gender,age,Cramer's V,0.3647691417959129,0.4,False
1010,1011,race,gender,Cramer's V,0.1716913359881882,0.4,False
1010,1011,race,age,Cramer's V,0.34277117122857514,0.4,False
1010,1011,gender,age,Cramer's V,0.4622501635210242,0.4,True
1011,1012,race,gender,Cramer's V,0.16903085094570333,0.4,False
1011,1012,race,age,Cramer's V,0.40455977345908156,0.4,True
1011,1012,gender,age,Cramer's V,0.3496029493900505,0.4,False
1012,1013,race,gender,Cramer's V,0.29759544662741805,0.4,False
1012,1013,race,age,Cramer's V,0.23530015218048972,0.4,False
1012,1013,gender,age,Cramer's V,0.3694808912951495,0.4,False
1013,1014,race,gender,Cramer's V,0.19823266048581514,0.4,False
1013,1014,race,age,Cramer's V,0.45402663285986405,0.4,True
1013,1014,gender,age,Cramer's V,0.23959696287167503,0.4,False
1014,1015,race,gender,Cramer's V,0.15905225257008793,0.4,False
1014,1015,race,age,Cramer's V,0.33516437329588566,0.4,False
1014,1015,gender,age,Cramer's V,0.3334103307674324,0.4,False
1015,1016,race,gender,Cramer's V,0.29116928017662524,0.4,False
1015,1016,race,age,Cramer's V,0.6478975888401994,0.4,True
1015,1016,gender,age,Cramer's V,0.24895615410482763,0.4,False
1016,1017,race,gender,Cramer's V,0.10228725774481491,0.4,False
1016,1017,race,age,Cramer's V,0.37243558991259196,0.4,False
1016,1017,gender,age,Cramer's V,0.3532285826325687,0.4,False
1017,1018,race,gender,Cramer's V,0.1589564858620093,0.4,False
1017,1018,race,age,Cramer's V,0.4751542959274088,0.4,True
1017,1018,gender,age,Cramer's V,0.4529616676584766,0.4,True
1018,1019,race,gender,Cramer's V,0.19364916731037085,0.4,False
1018,1019,race,age,Cramer's V,0.37950924761758975,0.4,False
1018,1019,gender,age,Cramer's V,0.26330133082072676,0.4,False
1019,1020,race,gender,Cramer's V,0.16487128216441965,0.4,False
1019,1020,race,age,Cramer's V,0.3315001146880034,0.4,False
1019,1020,gender,age,Cramer's V,0.38994394091494367,0.4,False
1020,1021,race,gender,Cramer's V,0.20386793837918313,0.4,False
1020,1021,race,age,Cramer's V,0.33579717130991477,0.4,False
1020,1021,gender,age,Cramer's V,0.3043855208155017,0.4,False
1021,1022,race,gender,Cramer's V,0.30084176492701453,0.4,False
1021,1022,race,age,Cramer's V,0.3408191528685599,0.4,False
1021,1022,gender,age,Cramer's V,0.31185156815418463,0.4,False
1022,1023,race,gender,Cramer's V,0.20377391767301703,0.4,False
1022,1023,race,age,Cramer's V,0.48773854562551117,0.4,True
1022,1023,gender,age,Cramer's V,0.36627638557376163,0.4,False
1023,1024,race,gender,Cramer's V,0.3078932442884445,0.4,False
1023,1024,race,age,Cramer's V,0.6020519724576168,0.4,True
1023,1024,gender,age,Cramer's V,0.43041946242545315,0.4,True
1024,1025,race,gender,Cramer's V,0.20911353402266633,0.4,False
1024,1025,race,age,Cramer's V,0.4384623588423304,0.4,True
1024,1025,gender,age,Cramer's V,0.4038739092126477,0.4,True
1025,1026,race,gender,Cramer's V,0.09672695452569209,0.4,False
1025,1026,race,age,Cramer's V,0.3263984493106827,0.4,False
1025,1026,gender,age,Cramer's V,0.3391957597625009,0.4,False
1026,1027,race,gender,Cramer's V,0.20727999558155874,0.4,False
1026,1027,race,age,Cramer's V,0.40237451336573593,0.4,True
1026,1027,gender,age,Cramer's V,0.4033896531538698,0.4,True
1027,1028,race,gender,Cramer's V,0.024806946917841716,0.4,False
1027,1028,race,age,Cramer's V,0.4122069018278684,0.4,True
1027,1028,gender,age,Cramer's V,0.4157326810156152,0.4,True
1028,1029,race,gender,Cramer's V,0.20332934036475275,0.4,False
1028,1029,race,age,Cramer's V,0.24149276609012146,0.4,False
1028,1029,gender,age,Cramer's V,0.4949582618756926,0.4,True
1029,1030,race,gender,Cramer's V,0.2547471601957968,0.4,False
1029,1030,race,age,Cramer's V,0.27513063099462093,0.4,False
1029,1030,gender,age,Cramer's V,0.2529289702131094,0.4,False
1030,1031,race,gender,Cramer's V,0.16757991551205675,0.4,False
1030,1031,race,age,Cramer's V,0.4928580610979803,0.4,True
1030,1031,gender,age,Cramer's V,0.34183722704507513,0.4,False
1031,1032,race,gender,Cramer's V,0.24275102543663016,0.4,False
1031,1032,race,age,Cramer's V,0.39887568256723405,0.4,False
1031,1032,gender,age,Cramer's V,0.33071518021578933,0.4,False
1032,1033,race,gender,Cramer's V,0.2287087499587462,0.4,False
1032,1033,race,age,Cramer's V,0.4579836420830804,0.4,True
1032,1033,gender,age,Cramer's V,0.3726456519828254,0.4,False
1033,1034,race,gender,Cramer's V,0.2063143176506141,0.4,False
1033,1034,race,age,Cramer's V,0.4588320797608137,0.4,True
1033,1034,gender,age,Cramer's V,0.32408642798661297,0.4,False
1034,1035,race,gender,Cramer's V,0.3019174090108076,0.4,False
1034,1035,race,age,Cramer's V,0.4405984386343013,0.4,True
1034,1035,gender,age,Cramer's V,0.3211538337716624,0.4,False
1035,1036,race,gender,Cramer's V,0.087103277322465,0.4,False
1035,1036,race,age,Cramer's V,0.537984766910374,0.4,True
1035,1036,gender,age,Cramer's V,0.37317456941659255,0.4,False
1036,1037,race,gender,Cramer's V,0.2192399619714847,0.4,False
1036,1037,race,age,Cramer's V,0.3915373481758941,0.4,False
1036,1037,gender,age,Cramer's V,0.15016330979251602,0.4,False
1037,1038,race,gender,Cramer's V,0.1937074615113246,0.4,False
1037,1038,race,age,Cramer's V,0.2767234263680159,0.4,False
1037,1038,gender,age,Cramer's V,0.38056594484901757,0.4,False
1038,1039,race,gender,Cramer's V,0.3172083195826086,0.4,False
1038,1039,race,age,Cramer's V,0.44530627275903734,0.4,True
1038,1039,gender,age,Cramer's V,0.37789062658190997,0.4,False
1039,1040,race,gender,Cramer's V,0.27588414628648666,0.4,False
1039,1040,race,age,Cramer's V,0.2392063544641584,0.4,False
1039,1040,gender,age,Cramer's V,0.49733217603157837,0.4,True
1040,1041,race,gender,Cramer's V,0.24071067334916602,0.4,False
1040,1041,race,age,Cramer's V,0.270686119069097,0.4,False
1040,1041,gender,age,Cramer's V,0.263012599014084,0.4,False
1041,1042,race,gender,Cramer's V,0.16105935664087415,0.4,False
1041,1042,race,age,Cramer's V,0.4417267527339242,0.4,True
1041,1042,gender,age,Cramer's V,0.2817197454886663,0.4,False
1042,1043,race,gender,Cramer's V,0.14819230174459813,0.4,False
1042,1043,race,age,Cramer's V,0.3785607684855919,0.4,False
1042,1043,gender,age,Cramer's V,0.37218022983566645,0.4,False
1043,1044,race,gender,Cramer's V,0.2992463652189851,0.4,False
1043,1044,race,age,Cramer's V,0.4326789476696622,0.4,True
1043,1044,gender,age,Cramer's V,0.43661961645739095,0.4,True
1044,1045,race,gender,Cramer's V,0.06262242910851495,0.4,False
1044,1045,race,age,Cramer's V,0.2738341570611323,0.4,False
1044,1045,gender,age,Cramer's V,0.3160039158910454,0.4,False
1045,1046,race,gender,Cramer's V,0.19245008972987523,0.4,False
1045,1046,race,age,Cramer's V,0.4332335704104799,0.4,True
1045,1046,gender,age,Cramer's V,0.21280553396515628,0.4,False
1046,1047,race,gender,Cramer's V,0.06286946134619313,0.4,False
1046,1047,race,age,Cramer's V,0.3265986323710904,0.4,False
1046,1047,gender,age,Cramer's V,0.3690960363617727,0.4,False
1047,1048,race,gender,Cramer's V,0.1825741858350554,0.4,False
1047,1048,race,age,Cramer's V,0.45442690682514697,0.4,True
1047,1048,gender,age,Cramer's V,0.46721025062108623,0.4,True
1048,1049,race,gender,Cramer's V,0.2288289919025151,0.4,False
1048,1049,race,age,Cramer's V,0.3433032811627976,0.4,False
1048,1049,gender,age,Cramer's V,0.24592607979807155,0.4,False
1049,1050,race,gender,Cramer's V,0.24626238301925568,0.4,False
1049,1050,race,age,Cramer's V,0.3196282711333374,0.4,False
1049,1050,gender,age,Cramer's V,0.2974680733806623,0.4,False
1050,1051,race,gender,Cramer's V,0.20856370241943606,0.4,False
1050,1051,race,age,Cramer's V,0.4829708773489882,0.4,True
1050,1051,gender,age,Cramer's V,0.38223662218003723,0.4,False
1051,1052,race,gender,Cramer's V,0.23145502494313785,0.4,False
1051,1052,race,age,Cramer's V,0.27979068655483924,0.4,False
1051,1052,gender,age,Cramer's V,0.4494465090554876,0.4,True
1052,1053,race,gender,Cramer's V,0.165920950771028,0.4,False
1052,1053,race,age,Cramer's V,0.28940128613461574,0.4,False
1052,1053,gender,age,Cramer's V,0.26603658200135366,0.4,False
1053,1054,race,gender,Cramer's V,0.12840348592282305,0.4,False
1053,1054,race,age,Cramer's V,0.41889878309227696,0.4,True
1053,1054,gender,age,Cramer's V,0.2986970728831697,0.4,False
1054,1055,race,gender,Cramer's V,0.21128856368212914,0.4,False
1054,1055,race,age,Cramer's V,0.2671274694673714,0.4,False
1054,1055,gender,age,Cramer's V,0.2844836968757905,0.4,False
1055,1056,race,gender,Cramer's V,0.21306222078632892,0.4,False
1055,1056,race,age,Cramer's V,0.2330059075067782,0.4,False
1055,1056,gender,age,Cramer's V,0.5229972827239966,0.4,True
1056,1057,race,gender,Cramer's V,0.19170846812839737,0.4,False
1056,1057,race,age,Cramer's V,0.6339301330841747,0.4,True
1056,1057,gender,age,Cramer's V,0.30286050364096856,0.4,False
1057,1058,race,gender,Cramer's V,0.20799083654760922,0.4,False
1057,1058,race,age,Cramer's V,0.38856983090110525,0.4,False
1057,1058,gender,age,Cramer's V,0.5150643513008264,0.4,True
1058,1059,race,gender,Cramer's V,0.2167467800606659,0.4,False
1058,1059,race,age,Cramer's V,0.19655851432682128,0.4,False
1058,1059,gender,age,Cramer's V,0.29172833254401714,0.4,False
1059,1060,race,gender,Cramer's V,0.04999999999999996,0.4,False
1059,1060,race,age,Cramer's V,0.4546060565661951,0.4,True
1059,1060,gender,age,Cramer's V,0.19997531846616143,0.4,False
1060,1061,race,gender,Cramer's V,0.20359187797595898,0.4,False
1060,1061,race,age,Cramer's V,0.4129196598645377,0.4,True
1060,1061,gender,age,Cramer's V,0.5167338665975831,0.4,True
1061,1062,race,gender,Cramer's V,0.20672455764868075,0.4,False
1061,1062,race,age,Cramer's V,0.587341210004625,0.4,True
1061,1062,gender,age,Cramer's V,0.20992284074773537,0.4,False
1062,1063,race,gender,Cramer's V,0.15026857675938213,0.4,False
1062,1063,race,age,Cramer's V,0.4630874480476342,0.4,True
1062,1063,gender,age,Cramer's V,0.3109597919022058,0.4,False
1063,1064,race,gender,Cramer's V,0.17946931178995132,0.4,False
1063,1064,race,age,Cramer's V,0.3684915901475314,0.4,False
1063,1064,gender,age,Cramer's V,0.4699766829728488,0.4,True
1064,1065,race,gender,Cramer's V,0.11068259165075645,0.4,False
1064,1065,race,age,Cramer's V,0.5163008207118213,0.4,True
1064,1065,gender,age,Cramer's V,0.30575576861003645,0.4,False
1065,1066,race,gender,Cramer's V,0.1303845922812832,0.4,False
1065,1066,race,age,Cramer's V,0.4528445937856139,0.4,True
1065,1066,gender,age,Cramer's V,0.4299498065559532,0.4,True
1066,1067,race,gender,Cramer's V,0.14964345088630637,0.4,False
1066,1067,race,age,Cramer's V,0.4677943833369369,0.4,True
1066,1067,gender,age,Cramer's V,0.5052305458784867,0.4,True
1067,1068,race,gender,Cramer's V,0.14700066463216704,0.4,False
1067,1068,race,age,Cramer's V,0.22030875541480027,0.4,False
1067,1068,gender,age,Cramer's V,0.37973657726432103,0.4,False
1068,1069,race,gender,Cramer's V,0.20817682499266635,0.4,False
1068,1069,race,age,Cramer's V,0.2973184629286725,0.4,False
1068,1069,gender,age,Cramer's V,0.3103624907027595,0.4,False
1069,1070,race,gender,Cramer's V,0.24834568512989744,0.4,False
1069,1070,race,age,Cramer's V,0.3106521041906254,0.4,False
1069,1070,gender,age,Cramer's V,0.2958142606618039,0.4,False
1070,1071,race,gender,Cramer's V,0.14617633655117154,0.4,False
1070,1071,race,age,Cramer's V,0.2766812172851626,0.4,False
1070,1071,gender,age,Cramer's V,0.5331164717474659,0.4,True
1071,1072,race,gender,Cramer's V,0.12750490721491603,0.4,False
1071,1072,race,age,Cramer's V,0.26399483357327,0.4,False
1071,1072,gender,age,Cramer's V,0.4276915111260211,0.4,True
1072,1073,race,gender,Cramer's V,0.24959169154357555,0.4,False
1072,1073,race,age,Cramer's V,0.2802344468440878,0.4,False
1072,1073,gender,age,Cramer's V,0.3063079829430156,0.4,False
1073,1074,race,gender,Cramer's V,0.15612494995995996,0.4,False
1073,1074,race,age,Cramer's V,0.416917872992407,0.4,True
1073,1074,gender,age,Cramer's V,0.542528899541404,0.4,True
1074,1075,race,gender,Cramer's V,0.22506353496566658,0.4,False
1074,1075,race,age,Cramer's V,0.21447755703385543,0.4,False
1074,1075,gender,age,Cramer's V,0.42218567093251846,0.4,True
1075,1076,race,gender,Cramer's V,0.05634361698190111,0.4,False
1075,1076,race,age,Cramer's V,0.2952939480753785,0.4,False
1075,1076,gender,age,Cramer's V,0.3777257837066033,0.4,False
1076,1077,race,gender,Cramer's V,0.3037803052559879,0.4,False
1076,1077,race,age,Cramer's V,0.3665545299470782,0.4,False
1076,1077,gender,age,Cramer's V,0.2837372422014526,0.4,False
1077,1078,race,gender,Cramer's V,0.17480256536033606,0.4,False
1077,1078,race,age,Cramer's V,0.4222773209218609,0.4,True
1077,1078,gender,age,Cramer's V,0.3476495578219012,0.4,False
1078,1079,race,gender,Cramer's V,0.165920950771028,0.4,False
1078,1079,race,age,Cramer's V,0.4556363356445273,0.4,True
1078,1079,gender,age,Cramer's V,0.51234753829798,0.4,True
1079,1080,race,gender,Cramer's V,0.2046166046816171,0.4,False
1079,1080,race,age,Cramer's V,0.378567331978081,0.4,False
1079,1080,gender,age,Cramer's V,0.2808718960167178,0.4,False
1080,1081,race,gender,Cramer's V,0.1157993783654165,0.4,False
1080,1081,race,age,Cramer's V,0.6659402608165623,0.4,True
1080,1081,gender,age,Cramer's V,0.38224094525022734,0.4,False
1081,1082,race,gender,Cramer's V,0.2079601872020155,0.4,False
1081,1082,race,age,Cramer's V,0.23425355422884261,0.4,False
1081,1082,gender,age,Cramer's V,0.28525069324422414,0.4,False
1082,1083,race,gender,Cramer's V,0.2942470359413422,0.4,False
1082,1083,race,age,Cramer's V,0.4456465225324523,0.4,True
1082,1083,gender,age,Cramer's V,0.37331649109448306,0.4,False
1083,1084,race,gender,Cramer's V,0.2911684233162957,0.4,False
1083,1084,race,age,Cramer's V,0.32377650780079675,0.4,False
1083,1084,gender,age,Cramer's V,0.2644645920871757,0.4,False
1084,1085,race,gender,Cramer's V,0.1963203164898291,0.4,False
1084,1085,race,age,Cramer's V,0.33788517156926134,0.4,False
1084,1085,gender,age,Cramer's V,0.3672304417640201,0.4,False
1085,1086,race,gender,Cramer's V,0.18354316719641922,0.4,False
1085,1086,race,age,Cramer's V,0.3708782892909372,0.4,False
1085,1086,gender,age,Cramer's V,0.4541662827613699,0.4,True
1086,1087,race,gender,Cramer's V,0.3261640365267211,0.4,False
1086,1087,race,age,Cramer's V,0.2241724621948117,0.4,False
1086,1087,gender,age,Cramer's V,0.3898796902116166,0.4,False
1087,1088,race,gender,Cramer's V,0.30381299129833805,0.4,False
1087,1088,race,age,Cramer's V,0.2857949228533249,0.4,False
1087,1088,gender,age,Cramer's V,0.20167293250819374,0.4,False
1088,1089,race,gender,Cramer's V,0.19652902053889776,0.4,False
1088,1089,race,age,Cramer's V,0.32324004545248874,0.4,False
1088,1089,gender,age,Cramer's V,0.30486904355694633,0.4,False
1089,1090,race,gender,Cramer's V,0.19820624179302296,0.4,False
1089,1090,race,age,Cramer's V,0.22746018493460052,0.4,False
1089,1090,gender,age,Cramer's V,0.1415849437486073,0.4,False
1090,1091,race,gender,Cramer's V,0.15005593071106293,0.4,False
1090,1091,race,age,Cramer's V,0.27093386118320945,0.4,False
1090,1091,gender,age,Cramer's V,0.4697290214088854,0.4,True
1091,1092,race,gender,Cramer's V,0.06729773775727073,0.4,False
1091,1092,race,age,Cramer's V,0.4098606345459949,0.4,True
1091,1092,gender,age,Cramer's V,0.3642771505248903,0.4,False
1092,1093,race,gender,Cramer's V,0.2589045453121434,0.4,False
1092,1093,race,age,Cramer's V,0.3564458256810751,0.4,False
1092,1093,gender,age,Cramer's V,0.4357236837176131,0.4,True
1093,1094,race,gender,Cramer's V,0.1839950180484968,0.4,False
1093,1094,race,age,Cramer's V,0.5778512239642978,0.4,True
1093,1094,gender,age,Cramer's V,0.4452033451340168,0.4,True
1094,1095,race,gender,Cramer's V,0.17945787306531916,0.4,False
1094,1095,race,age,Cramer's V,0.4037129264516149,0.4,True
1094,1095,gender,age,Cramer's V,0.30061665018819295,0.4,False
1095,1096,race,gender,Cramer's V,0.2653740286360703,0.4,False
1095,1096,race,age,Cramer's V,0.4059417773055421,0.4,True
1095,1096,gender,age,Cramer's V,0.23434083230383992,0.4,False
1096,1097,race,gender,Cramer's V,0.18132793109199782,0.4,False
1096,1097,race,age,Cramer's V,0.30838242359220397,0.4,False
1096,1097,gender,age,Cramer's V,0.3345070100821498,0.4,False
1097,1098,race,gender,Cramer's V,0.24860723150293831,0.4,False
1097,1098,race,age,Cramer's V,0.5667016795905881,0.4,True
1097,1098,gender,age,Cramer's V,0.3811462132796755,0.4,False
1098,1099,race,gender,Cramer's V,0.2681143499693708,0.4,False
1098,1099,race,age,Cramer's V,0.46691843025609997,0.4,True
1098,1099,gender,age,Cramer's V,0.4688263861114361,0.4,True
1099,1100,race,gender,Cramer's V,0.15612494995995996,0.4,False
1099,1100,race,age,Cramer's V,0.46172554205986505,0.4,True
1099,1100,gender,age,Cramer's V,0.34003676271838607,0.4,False
1100,1101,race,gender,Cramer's V,0.2697092055447043,0.4,False
1100,1101,race,age,Cramer's V,0.29999150143362546,0.4,False
1100,1101,gender,age,Cramer's V,0.4575724771799238,0.4,True
1101,1102,race,gender,Cramer's V,0.14824986333222023,0.4,False
1101,1102,race,age,Cramer's V,0.22606191320960856,0.4,False
1101,1102,gender,age,Cramer's V,0.2634919503315924,0.4,False
1102,1103,race,gender,Cramer's V,0.03739787960033823,0.4,False
1102,1103,race,age,Cramer's V,0.44148905695678053,0.4,True
1102,1103,gender,age,Cramer's V,0.323781621900769,0.4,False
1103,1104,race,gender,Cramer's V,0.2979686036905378,0.4,False
1103,1104,race,age,Cramer's V,0.36932081094606817,0.4,False
1103,1104,gender,age,Cramer's V,0.5186508688413188,0.4,True
1104,1105,race,gender,Cramer's V,0.014589603651080288,0.4,False
1104,1105,race,age,Cramer's V,0.4487051141465623,0.4,True
1104,1105,gender,age,Cramer's V,0.26936735828269726,0.4,False
1105,1106,race,gender,Cramer's V,0.29902610165588694,0.4,False
1105,1106,race,age,Cramer's V,0.36319386722613034,0.4,False
1105,1106,gender,age,Cramer's V,0.280606553648813,0.4,False
1106,1107,race,gender,Cramer's V,0.29984538659899823,0.4,False
1106,1107,race,age,Cramer's V,0.441856999646429,0.4,True
1106,1107,gender,age,Cramer's V,0.30529694393402423,0.4,False
1107,1108,race,gender,Cramer's V,0.2651029420668,0.4,False
1107,1108,race,age,Cramer's V,0.3010059387510464,0.4,False
1107,1108,gender,age,Cramer's V,0.22285593807089785,0.4,False
1108,1109,race,gender,Cramer's V,0.04999999999999996,0.4,False
1108,1109,race,age,Cramer's V,0.45813632129409787,0.4,True
1108,1109,gender,age,Cramer's V,0.4124789556921527,0.4,True
1109,1110,race,gender,Cramer's V,0.19507682662870654,0.4,False
1109,1110,race,age,Cramer's V,0.4568718780001551,0.4,True
1109,1110,gender,age,Cramer's V,0.49351859748200577,0.4,True
1110,1111,race,gender,Cramer's V,0.1940548234375527,0.4,False
1110,1111,race,age,Cramer's V,0.27896058214456565,0.4,False
1110,1111,gender,age,Cramer's V,0.23822621141335262,0.4,False
1111,1112,race,gender,Cramer's V,0.05413833778284764,0.4,False
1111,1112,race,age,Cramer's V,0.30504474008123733,0.4,False
1111,1112,gender,age,Cramer's V,0.3524803884507963,0.4,False
1112,1113,race,gender,Cramer's V,0.14797384398400062,0.4,False
1112,1113,race,age,Cramer's V,0.3076331512419727,0.4,False
1112,1113,gender,age,Cramer's V,0.3617152361843665,0.4,False
1113,1114,race,gender,Cramer's V,0.04515151177317545,0.4,False
1113,1114,race,age,Cramer's V,0.45029592450619044,0.4,True
1113,1114,gender,age,Cramer's V,0.4014733896654348,0.4,True
1114,1115,race,gender,Cramer's V,0.08956221510397983,0.4,False
1114,1115,race,age,Cramer's V,0.4566428881223568,0.4,True
1114,1115,gender,age,Cramer's V,0.39775337322049287,0.4,False
1115,1116,race,gender,Cramer's V,0.28919952219248846,0.4,False
1115,1116,race,age,Cramer's V,0.3362412839884493,0.4,False
1115,1116,gender,age,Cramer's V,0.21718039835168138,0.4,False
1116,1117,race,gender,Cramer's V,0.12806525375705213,0.4,False
1116,1117,race,age,Cramer's V,0.23280325183376488,0.4,False
1116,1117,gender,age,Cramer's V,0.4358919368682801,0.4,True
1117,1118,race,gender,Cramer's V,0.08507127705430852,0.4,False
1117,1118,race,age,Cramer's V,0.46757430994258214,0.4,True
1117,1118,gender,age,Cramer's V,0.32108178860052095,0.4,False
1118,1119,race,gender,Cramer's V,0.05634361698190111,0.4,False
1118,1119,race,age,Cramer's V,0.44923719676460017,0.4,True
1118,1119,gender,age,Cramer's V,0.29429523715086964,0.4,False
1119,1120,race,gender,Cramer's V,0.29594768796800125,0.4,False
1119,1120,race,age,Cramer's V,0.40879701937820323,0.4,True
1119,1120,gender,age,Cramer's V,0.19481712695169529,0.4,False
1120,1121,race,gender,Cramer's V,0.19370746151132456,0.4,False
1120,1121,race,age,Cramer's V,0.2847744567689844,0.4,False
1120,1121,gender,age,Cramer's V,0.2946674400192665,0.4,False
1121,1122,race,gender,Cramer's V,0.10316407676502883,0.4,False
1121,1122,race,age,Cramer's V,0.2914814669224643,0.4,False
1121,1122,gender,age,Cramer's V,0.44411275568809705,0.4,True
1122,1123,race,gender,Cramer's V,0.15848366191529834,0.4,False
1122,1123,race,age,Cramer's V,0.5035044566751499,0.4,True
1122,1123,gender,age,Cramer's V,0.46723658704313176,0.4,True
1123,1124,race,gender,Cramer's V,0.125,0.4,False
1123,1124,race,age,Cramer's V,0.32060867969224904,0.4,False
1123,1124,gender,age,Cramer's V,0.41978003499187266,0.4,True
1124,1125,race,gender,Cramer's V,0.22870874995874624,0.4,False
1124,1125,race,age,Cramer's V,0.41005871304990965,0.4,True
1124,1125,gender,age,Cramer's V,0.42183968275722705,0.4,True
1125,1126,race,gender,Cramer's V,0.13149267120507194,0.4,False
1125,1126,race,age,Cramer's V,0.331509561046519,0.4,False
1125,1126,gender,age,Cramer's V,0.327694236361891,0.4,False
1126,1127,race,gender,Cramer's V,0.19947229459485202,0.4,False
1126,1127,race,age,Cramer's V,0.4694496437340384,0.4,True
1126,1127,gender,age,Cramer's V,0.3758170720886084,0.4,False
1127,1128,race,gender,Cramer's V,0.16601982515709093,0.4,False
1127,1128,race,age,Cramer's V,0.44093432268658445,0.4,True
1127,1128,gender,age,Cramer's V,0.5144992959947475,0.4,True
1128,1129,race,gender,Cramer's V,0.2296587293792884,0.4,False
1128,1129,race,age,Cramer's V,0.4002990903088935,0.4,True
1128,1129,gender,age,Cramer's V,0.40265960504755927,0.4,True
1129,1130,race,gender,Cramer's V,0.26808227533886864,0.4,False
1129,1130,race,age,Cramer's V,0.37764817720087795,0.4,False
1129,1130,gender,age,Cramer's V,0.3030051462137929,0.4,False
1130,1131,race,gender,Cramer's V,0.10540925533894599,0.4,False
1130,1131,race,age,Cramer's V,0.2126050160676903,0.4,False
1130,1131,gender,age,Cramer's V,0.34404555939406556,0.4,False
1131,1132,race,gender,Cramer's V,0.20568038741870232,0.4,False
1131,1132,race,age,Cramer's V,0.2644737819336917,0.4,False
1131,1132,gender,age,Cramer's V,0.45056024585774573,0.4,True
1132,1133,race,gender,Cramer's V,0.16803361008336118,0.4,False
1132,1133,race,age,Cramer's V,0.42888282338008854,0.4,True
1132,1133,gender,age,Cramer's V,0.4393539842919453,0.4,True
1133,1134,race,gender,Cramer's V,0.3254555654029592,0.4,False
1133,1134,race,age,Cramer's V,0.3114712721909085,0.4,False
1133,1134,gender,age,Cramer's V,0.3611134591827483,0.4,False
1134,1135,race,gender,Cramer's V,0.12479432039516342,0.4,False
1134,1135,race,age,Cramer's V,0.5107926104683689,0.4,True
1134,1135,gender,age,Cramer's V,0.38515186114938377,0.4,False
1135,1136,race,gender,Cramer's V,0.22259358491987935,0.4,False
1135,1136,race,age,Cramer's V,0.4310498952720824,0.4,True
1135,1136,gender,age,Cramer's V,0.26988353888531713,0.4,False
1136,1137,race,gender,Cramer's V,0.2518793827275735,0.4,False
1136,1137,race,age,Cramer's V,0.3022829373817138,0.4,False
1136,1137,gender,age,Cramer's V,0.41938275582324064,0.4,True
1137,1138,race,gender,Cramer's V,0.19062131521379694,0.4,False
1137,1138,race,age,Cramer's V,0.3957107846065407,0.4,False
1137,1138,gender,age,Cramer's V,0.5513674336258805,0.4,True
1138,1139,race,gender,Cramer's V,0.2252213082307254,0.4,False
1138,1139,race,age,Cramer's V,0.3704920942783759,0.4,False
1138,1139,gender,age,Cramer's V,0.3980301876780583,0.4,False
1139,1140,race,gender,Cramer's V,0.20783470901701992,0.4,False
1139,1140,race,age,Cramer's V,0.40201048000705525,0.4,True
1139,1140,gender,age,Cramer's V,0.3146994154946037,0.4,False
1140,1141,race,gender,Cramer's V,0.1084652289093281,0.4,False
1140,1141,race,age,Cramer's V,0.18012975309053764,0.4,False
1140,1141,gender,age,Cramer's V,0.3120056993819523,0.4,False
1141,1142,race,gender,Cramer's V,0.32871492387808177,0.4,False
1141,1142,race,age,Cramer's V,0.30784431046505656,0.4,False
1141,1142,gender,age,Cramer's V,0.31269197084121086,0.4,False
1142,1143,race,gender,Cramer's V,0.14057269920110294,0.4,False
1142,1143,race,age,Cramer's V,0.27915215551008365,0.4,False
1142,1143,gender,age,Cramer's V,0.3515312270257133,0.4,False
1143,1144,race,gender,Cramer's V,0.26671525310538025,0.4,False
1143,1144,race,age,Cramer's V,0.3219093444971824,0.4,False
1143,1144,gender,age,Cramer's V,0.35684969652941345,0.4,False
1144,1145,race,gender,Cramer's V,0.014927035850663307,0.4,False
1144,1145,race,age,Cramer's V,0.4217399475190054,0.4,True
1144,1145,gender,age,Cramer's V,0.2541398176988174,0.4,False
1145,1146,race,gender,Cramer's V,0.21796176586341726,0.4,False
1145,1146,race,age,Cramer's V,0.3954557894193501,0.4,False
1145,1146,gender,age,Cramer's V,0.4745569524043124,0.4,True
1146,1147,race,gender,Cramer's V,0.26960744062991054,0.4,False
1146,1147,race,age,Cramer's V,0.315950988859442,0.4,False
1146,1147,gender,age,Cramer's V,0.3876389165431772,0.4,False
1147,1148,race,gender,Cramer's V,0.32442789063395605,0.4,False
1147,1148,race,age,Cramer's V,0.38727742387728664,0.4,False
1147,1148,gender,age,Cramer's V,0.4875912159526934,0.4,True
1148,1149,race,gender,Cramer's V,0.15848366191529834,0.4,False
1148,1149,race,age,Cramer's V,0.39744681007241045,0.4,False
1148,1149,gender,age,Cramer's V,0.21247150886414862,0.4,False
1149,1150,race,gender,Cramer's V,0.2948233727409845,0.4,False
1149,1150,race,age,Cramer's V,0.3901086080162323,0.4,False
1149,1150,gender,age,Cramer's V,0.396928579426073,0.4,False
1150,1151,race,gender,Cramer's V,0.18894159079245312,0.4,False
1150,1151,race,age,Cramer's V,0.3546313205728319,0.4,False
1150,1151,gender,age,Cramer's V,0.30982604774800265,0.4,False
1151,1152,race,gender,Cramer's V,0.25425886492843636,0.4,False
1151,1152,race,age,Cramer's V,0.30965041219273853,0.4,False
1151,1152,gender,age,Cramer's V,0.29341486242959874,0.4,False
1152,1153,race,gender,Cramer's V,0.1856953381770519,0.4,False
1152,1153,race,age,Cramer's V,0.44488634001568444,0.4,True
1152,1153,gender,age,Cramer's V,0.4596072508478609,0.4,True
1153,1154,race,gender,Cramer's V,0.22513786162613486,0.4,False
1153,1154,race,age,Cramer's V,0.3073442472573522,0.4,False
1153,1154,gender,age,Cramer's V,0.49212549212573825,0.4,True
1154,1155,race,gender,Cramer's V,0.18663693593259068,0.4,False
1154,1155,race,age,Cramer's V,0.33265682503881655,0.4,False
1154,1155,gender,age,Cramer's V,0.43285965033417334,0.4,True
1155,1156,race,gender,Cramer's V,0.19601950239758553,0.4,False
1155,1156,race,age,Cramer's V,0.26568309643325994,0.4,False
1155,1156,gender,age,Cramer's V,0.4885071813448325,0.4,True
1156,1157,race,gender,Cramer's V,0.22045895431493456,0.4,False
1156,1157,race,age,Cramer's V,0.652319579143025,0.4,True
1156,1157,gender,age,Cramer's V,0.4562587456813871,0.4,True
1157,1158,race,gender,Cramer's V,0.23145502494313785,0.4,False
1157,1158,race,age,Cramer's V,0.27285792501879963,0.4,False
1157,1158,gender,age,Cramer's V,0.2536054539841685,0.4,False
1158,1159,race,gender,Cramer's V,0.23453785903554925,0.4,False
1158,1159,race,age,Cramer's V,0.5840166044445001,0.4,True
1158,1159,gender,age,Cramer's V,0.2634458475000221,0.4,False
1159,1160,race,gender,Cramer's V,0.2970666445573566,0.4,False
1159,1160,race,age,Cramer's V,0.47056033975000267,0.4,True
1159,1160,gender,age,Cramer's V,0.30840909325177057,0.4,False
1160,1161,race,gender,Cramer's V,0.1716913359881882,0.4,False
1160,1161,race,age,Cramer's V,0.3425873823204898,0.4,False
1160,1161,gender,age,Cramer's V,0.24256355579502134,0.4,False
1161,1162,race,gender,Cramer's V,0.12517269177011794,0.4,False
1161,1162,race,age,Cramer's V,0.2917052431264462,0.4,False
1161,1162,gender,age,Cramer's V,0.31027616504314226,0.4,False
1162,1163,race,gender,Cramer's V,0.373119645225298,0.4,False
1162,1163,race,age,Cramer's V,0.25494067525438086,0.4,False
1162,1163,gender,age,Cramer's V,0.41291153801313607,0.4,True
1163,1164,race,gender,Cramer's V,0.23195563973186514,0.4,False
1163,1164,race,age,Cramer's V,0.515035186551602,0.4,True
1163,1164,gender,age,Cramer's V,0.4121032150190773,0.4,True
1164,1165,race,gender,Cramer's V,0.2951334912904418,0.4,False
1164,1165,race,age,Cramer's V,0.26248186026717674,0.4,False
1164,1165,gender,age,Cramer's V,0.3756035236261235,0.4,False
1165,1166,race,gender,Cramer's V,0.22870874995874624,0.4,False
1165,1166,race,age,Cramer's V,0.3010563412966427,0.4,False
1165,1166,gender,age,Cramer's V,0.3625644652375511,0.4,False
1166,1167,race,gender,Cramer's V,0.17555576370106274,0.4,False
1166,1167,race,age,Cramer's V,0.3242167449860615,0.4,False
1166,1167,gender,age,Cramer's V,0.3380510788706209,0.4,False
1167,1168,race,gender,Cramer's V,0.19591793788175285,0.4,False
1167,1168,race,age,Cramer's V,0.341109757051695,0.4,False
1167,1168,gender,age,Cramer's V,0.33950133813358074,0.4,False
1168,1169,race,gender,Cramer's V,0.22752108521777584,0.4,False
1168,1169,race,age,Cramer's V,0.37701241992787743,0.4,False
1168,1169,gender,age,Cramer's V,0.3303714563113756,0.4,False
1169,1170,race,gender,Cramer's V,0.18389242812245682,0.4,False
1169,1170,race,age,Cramer's V,0.4983347028012874,0.4,True
1169,1170,gender,age,Cramer's V,0.20770275502453564,0.4,False
1170,1171,race,gender,Cramer's V,0.25890725565917816,0.4,False
1170,1171,race,age,Cramer's V,0.24366729263444428,0.4,False
1170,1171,gender,age,Cramer's V,0.3621343356043859,0.4,False
1171,1172,race,gender,Cramer's V,0.2262293618158086,0.4,False
1171,1172,race,age,Cramer's V,0.30926332685243224,0.4,False
1171,1172,gender,age,Cramer's V,0.2848612069637839,0.4,False
1172,1173,race,gender,Cramer's V,0.1668022389006538,0.4,False
1172,1173,race,age,Cramer's V,0.2740316964907636,0.4,False
1172,1173,gender,age,Cramer's V,0.2636411591747552,0.4,False
1173,1174,race,gender,Cramer's V,0.15590239111558088,0.4,False
1173,1174,race,age,Cramer's V,0.3201029420069714,0.4,False
1173,1174,gender,age,Cramer's V,0.3624552862062223,0.4,False
1174,1175,race,gender,Cramer's V,0.16903085094570333,0.4,False
1174,1175,race,age,Cramer's V,0.35079591724787157,0.4,False
1174,1175,gender,age,Cramer's V,0.45592694513260645,0.4,True
1175,1176,race,gender,Cramer's V,0.3239710866069146,0.4,False
1175,1176,race,age,Cramer's V,0.30595059933062596,0.4,False
1175,1176,gender,age,Cramer's V,0.4287651795845771,0.4,True
1176,1177,race,gender,Cramer's V,0.23651363030068195,0.4,False
1176,1177,race,age,Cramer's V,0.27966373657583055,0.4,False
1176,1177,gender,age,Cramer's V,0.3729349269914457,0.4,False
1177,1178,race,gender,Cramer's V,0.2238345419588162,0.4,False
1177,1178,race,age,Cramer's V,0.31553509175305927,0.4,False
1177,1178,gender,age,Cramer's V,0.40172057352333745,0.4,True
1178,1179,race,gender,Cramer's V,0.2627807231132027,0.4,False
1178,1179,race,age,Cramer's V,0.2965006591928108,0.4,False
1178,1179,gender,age,Cramer's V,0.3428372275529426,0.4,False
1179,1180,race,gender,Cramer's V,0.08944271909999157,0.4,False
1179,1180,race,age,Cramer's V,0.3052224013497605,0.4,False
1179,1180,gender,age,Cramer's V,0.24121477308820727,0.4,False
1180,1181,race,gender,Cramer's V,0.15884539759855593,0.4,False
1180,1181,race,age,Cramer's V,0.3081703613769593,0.4,False
1180,1181,gender,age,Cramer's V,0.36597268615694545,0.4,False
1181,1182,race,gender,Cramer's V,0.20093595324620375,0.4,False
1181,1182,race,age,Cramer's V,0.37937652222808615,0.4,False
1181,1182,gender,age,Cramer's V,0.33360041632385773,0.4,False
1182,1183,race,gender,Cramer's V,0.24459979523511424,0.4,False
1182,1183,race,age,Cramer's V,0.2303440096207935,0.4,False
1182,1183,gender,age,Cramer's V,0.4056314677312532,0.4,True
1183,1184,race,gender,Cramer's V,0.22987563891058246,0.4,False
1183,1184,race,age,Cramer's V,0.38966658941763777,0.4,False
1183,1184,gender,age,Cramer's V,0.33002436867007856,0.4,False
1184,1185,race,gender,Cramer's V,0.31138895965837765,0.4,False
1184,1185,race,age,Cramer's V,0.3211355918215489,0.4,False
1184,1185,gender,age,Cramer's V,0.22252595906765332,0.4,False
1185,1186,race,gender,Cramer's V,0.21402100051661174,0.4,False
1185,1186,race,age,Cramer's V,0.34127018055267266,0.4,False
1185,1186,gender,age,Cramer's V,0.4237089991962694,0.4,True
1186,1187,race,gender,Cramer's V,0.2287087499587462,0.4,False
1186,1187,race,age,Cramer's V,0.44753201034663465,0.4,True
1186,1187,gender,age,Cramer's V,0.3582410091604714,0.4,False
1187,1188,race,gender,Cramer's V,0.1338132389040147,0.4,False
1187,1188,race,age,Cramer's V,0.6513708111812607,0.4,True
1187,1188,gender,age,Cramer's V,0.40314346681094454,0.4,True
1188,1189,race,gender,Cramer's V,0.18746020713467784,0.4,False
1188,1189,race,age,Cramer's V,0.420144619693893,0.4,True
1188,1189,gender,age,Cramer's V,0.43723731609760313,0.4,True
1189,1190,race,gender,Cramer's V,0.27591490039152383,0.4,False
1189,1190,race,age,Cramer's V,0.23953361727516506,0.4,False
1189,1190,gender,age,Cramer's V,0.32987088095968803,0.4,False
1190,1191,race,gender,Cramer's V,0.18946618668626836,0.4,False
1190,1191,race,age,Cramer's V,0.3244691161282128,0.4,False
1190,1191,gender,age,Cramer's V,0.3429083224217773,0.4,False
1191,1192,race,gender,Cramer's V,0.2248534336003063,0.4,False
1191,1192,race,age,Cramer's V,0.3356198632987813,0.4,False
1191,1192,gender,age,Cramer's V,0.42807032923763655,0.4,True
1192,1193,race,gender,Cramer's V,0.18634718867016678,0.4,False
1192,1193,race,age,Cramer's V,0.3405122636013091,0.4,False
1192,1193,gender,age,Cramer's V,0.3333990730703562,0.4,False
1193,1194,race,gender,Cramer's V,0.2287087499587462,0.4,False
1193,1194,race,age,Cramer's V,0.4349184295980574,0.4,True
1193,1194,gender,age,Cramer's V,0.34817719127116037,0.4,False
1194,1195,race,gender,Cramer's V,0.30010125606016524,0.4,False
1194,1195,race,age,Cramer's V,0.3089458380755396,0.4,False
1194,1195,gender,age,Cramer's V,0.441679769197683,0.4,True
1195,1196,race,gender,Cramer's V,0.16357680035540637,0.4,False
1195,1196,race,age,Cramer's V,0.34323905830540974,0.4,False
1195,1196,gender,age,Cramer's V,0.35571141708539233,0.4,False
1196,1197,race,gender,Cramer's V,0.11899666683712722,0.4,False
1196,1197,race,age,Cramer's V,0.38304955230055704,0.4,False
1196,1197,gender,age,Cramer's V,0.31865845332666637,0.4,False
1197,1198,race,gender,Cramer's V,0.1574281268924839,0.4,False
1197,1198,race,age,Cramer's V,0.21795355955074536,0.4,False
1197,1198,gender,age,Cramer's V,0.3796353440499736,0.4,False
1198,1199,race,gender,Cramer's V,0.05413833778284764,0.4,False
1198,1199,race,age,Cramer's V,0.4286769542491836,0.4,True
1198,1199,gender,age,Cramer's V,0.408248290463863,0.4,True
1199,1200,race,gender,Cramer's V,0.26249423956813145,0.4,False
1199,1200,race,age,Cramer's V,0.2885275787499204,0.4,False
1199,1200,gender,age,Cramer's V,0.37770069839019227,0.4,False
1200,1201,race,gender,Cramer's V,0.23063019744364932,0.4,False
1200,1201,race,age,Cramer's V,0.3674300737371558,0.4,False
1200,1201,gender,age,Cramer's V,0.28380376353521125,0.4,False
1201,1202,race,gender,Cramer's V,0.15848366191529834,0.4,False
1201,1202,race,age,Cramer's V,0.3634154418254713,0.4,False
1201,1202,gender,age,Cramer's V,0.3822423401525194,0.4,False
1202,1203,race,gender,Cramer's V,0.13149267120507194,0.4,False
1202,1203,race,age,Cramer's V,0.22248115256772483,0.4,False
1202,1203,gender,age,Cramer's V,0.33617974107185716,0.4,False
1203,1204,race,gender,Cramer's V,0.15265299930415785,0.4,False
1203,1204,race,age,Cramer's V,0.31962219411701803,0.4,False
1203,1204,gender,age,Cramer's V,0.26926390865292826,0.4,False
1204,1205,race,gender,Cramer's V,0.2308110880736195,0.4,False
1204,1205,race,age,Cramer's V,0.5281172857375755,0.4,True
1204,1205,gender,age,Cramer's V,0.3831084291831739,0.4,False
1205,1206,race,gender,Cramer's V,0.014589603651080288,0.4,False
1205,1206,race,age,Cramer's V,0.2919371040605711,0.4,False
1205,1206,gender,age,Cramer's V,0.3367869388219714,0.4,False
1206,1207,race,gender,Cramer's V,0.2869191186469826,0.4,False
1206,1207,race,age,Cramer's V,0.3220679334049786,0.4,False
1206,1207,gender,age,Cramer's V,0.35424530493766776,0.4,False
1207,1208,race,gender,Cramer's V,0.23388213848187445,0.4,False
1207,1208,race,age,Cramer's V,0.3598949996518579,0.4,False
1207,1208,gender,age,Cramer's V,0.23287821594780542,0.4,False
1208,1209,race,gender,Cramer's V,0.28560519243903293,0.4,False
1208,1209,race,age,Cramer's V,0.4538062934562771,0.4,True
1208,1209,gender,age,Cramer's V,0.4430422916026653,0.4,True
1209,1210,race,gender,Cramer's V,0.20838122054999458,0.4,False
1209,1210,race,age,Cramer's V,0.447266529582584,0.4,True
1209,1210,gender,age,Cramer's V,0.3131388035942635,0.4,False
1210,1211,race,gender,Cramer's V,0.2193770427617066,0.4,False
1210,1211,race,age,Cramer's V,0.3604942383916041,0.4,False
1210,1211,gender,age,Cramer's V,0.3675956349965086,0.4,False
1211,1212,race,gender,Cramer's V,0.13729241184131902,0.4,False
1211,1212,race,age,Cramer's V,0.34746825914368407,0.4,False
1211,1212,gender,age,Cramer's V,0.44531067388906975,0.4,True
1212,1213,race,gender,Cramer's V,0.12810252304406972,0.4,False
1212,1213,race,age,Cramer's V,0.26476065467676824,0.4,False
1212,1213,gender,age,Cramer's V,0.35505014583943784,0.4,False
1213,1214,race,gender,Cramer's V,0.2907690072567885,0.4,False
1213,1214,race,age,Cramer's V,0.3209917666945903,0.4,False
1213,1214,gender,age,Cramer's V,0.35327551779065886,0.4,False
1214,1215,race,gender,Cramer's V,0.1648200639953787,0.4,False
1214,1215,race,age,Cramer's V,0.34301276354623933,0.4,False
1214,1215,gender,age,Cramer's V,0.2344036154692477,0.4,False
1215,1216,race,gender,Cramer's V,0.30823028755377796,0.4,False
1215,1216,race,age,Cramer's V,0.2673966616449603,0.4,False
1215,1216,gender,age,Cramer's V,0.315217231479249,0.4,False
1216,1217,race,gender,Cramer's V,0.25819888974716115,0.4,False
1216,1217,race,age,Cramer's V,0.30442232514707596,0.4,False
1216,1217,gender,age,Cramer's V,0.46870036810808074,0.4,True
1217,1218,race,gender,Cramer's V,0.112833866731055,0.4,False
1217,1218,race,age,Cramer's V,0.34279720044790424,0.4,False
1217,1218,gender,age,Cramer's V,0.37392944832311925,0.4,False
1218,1219,race,gender,Cramer's V,0.14090319197549048,0.4,False
1218,1219,race,age,Cramer's V,0.39287161118807584,0.4,False
1218,1219,gender,age,Cramer's V,0.3851207318073243,0.4,False
1219,1220,race,gender,Cramer's V,0.2755465948363832,0.4,False
1219,1220,race,age,Cramer's V,0.41027370740906816,0.4,True
1219,1220,gender,age,Cramer's V,0.4467131266499425,0.4,True
1220,1221,race,gender,Cramer's V,0.3370266406706436,0.4,False
1220,1221,race,age,Cramer's V,0.37381569047418567,0.4,False
1220,1221,gender,age,Cramer's V,0.34844868862429174,0.4,False
1221,1222,race,gender,Cramer's V,0.1554095282475599,0.4,False
1221,1222,race,age,Cramer's V,0.44501832607355685,0.4,True
1221,1222,gender,age,Cramer's V,0.37076892701480824,0.4,False
1222,1223,race,gender,Cramer's V,0.2306660597477327,0.4,False
1222,1223,race,age,Cramer's V,0.35793894252535435,0.4,False
1222,1223,gender,age,Cramer's V,0.32648718081885014,0.4,False
1223,1224,race,gender,Cramer's V,0.1268558809433545,0.4,False
1223,1224,race,age,Cramer's V,0.21010098226374854,0.4,False
1223,1224,gender,age,Cramer's V,0.4679712191639695,0.4,True
1224,1225,race,gender,Cramer's V,0.28701413546385013,0.4,False
1224,1225,race,age,Cramer's V,0.5132008421931281,0.4,True
1224,1225,gender,age,Cramer's V,0.3017199884375628,0.4,False
1225,1226,race,gender,Cramer's V,0.19480430680228292,0.4,False
1225,1226,race,age,Cramer's V,0.4331234544566621,0.4,True
1225,1226,gender,age,Cramer's V,0.27787488590092524,0.4,False
1226,1227,race,gender,Cramer's V,0.17533523596109013,0.4,False
1226,1227,race,age,Cramer's V,0.7291618039421012,0.4,True
1226,1227,gender,age,Cramer's V,0.29017143324257283,0.4,False
1227,1228,race,gender,Cramer's V,0.19304683562633607,0.4,False
1227,1228,race,age,Cramer's V,0.38178785667055726,0.4,False
1227,1228,gender,age,Cramer's V,0.423305420692293,0.4,True
1228,1229,race,gender,Cramer's V,0.3307059584319822,0.4,False
1228,1229,race,age,Cramer's V,0.2613609006207896,0.4,False
1228,1229,gender,age,Cramer's V,0.445814784218452,0.4,True
1229,1230,race,gender,Cramer's V,0.13763491497640704,0.4,False
1229,1230,race,age,Cramer's V,0.5415224540557559,0.4,True
1229,1230,gender,age,Cramer's V,0.24328912248728177,0.4,False
1230,1231,race,gender,Cramer's V,0.27506864646578216,0.4,False
1230,1231,race,age,Cramer's V,0.3703256990460078,0.4,False
1230,1231,gender,age,Cramer's V,0.2026213487840341,0.4,False
1231,1232,race,gender,Cramer's V,0.12992436984777675,0.4,False
1231,1232,race,age,Cramer's V,0.8093706087528292,0.4,True
1231,1232,gender,age,Cramer's V,0.42644348206122806,0.4,True
1232,1233,race,gender,Cramer's V,0.18277039673083537,0.4,False
1232,1233,race,age,Cramer's V,0.33903438607951697,0.4,False
1232,1233,gender,age,Cramer's V,0.4391071610434234,0.4,True
1233,1234,race,gender,Cramer's V,0.3041532237379618,0.4,False
1233,1234,race,age,Cramer's V,0.5357105259428105,0.4,True
1233,1234,gender,age,Cramer's V,0.25686085875451997,0.4,False
1234,1235,race,gender,Cramer's V,0.18677719131558357,0.4,False
1234,1235,race,age,Cramer's V,0.2736989657814545,0.4,False
1234,1235,gender,age,Cramer's V,0.3003954268760626,0.4,False
1235,1236,race,gender,Cramer's V,0.21899201521999934,0.4,False
1235,1236,race,age,Cramer's V,0.3255170764103422,0.4,False
1235,1236,gender,age,Cramer's V,0.3140438309254008,0.4,False
1236,1237,race,gender,Cramer's V,0.27670839585681395,0.4,False
1236,1237,race,age,Cramer's V,0.30268842805338186,0.4,False
1236,1237,gender,age,Cramer's V,0.44813926499337325,0.4,True
1237,1238,race,gender,Cramer's V,0.23616975320281058,0.4,False
1237,1238,race,age,Cramer's V,0.23192865869643248,0.4,False
1237,1238,gender,age,Cramer's V,0.32134555460929826,0.4,False
1238,1239,race,gender,Cramer's V,0.1632214490057089,0.4,False
1238,1239,race,age,Cramer's V,0.37822211291168256,0.4,False
1238,1239,gender,age,Cramer's V,0.44880510798723844,0.4,True
1239,1240,race,gender,Cramer's V,0.2099922101108863,0.4,False
1239,1240,race,age,Cramer's V,0.3276051020369775,0.4,False
1239,1240,gender,age,Cramer's V,0.4474255953201136,0.4,True
1240,1241,race,gender,Cramer's V,0.1839950180484968,0.4,False
1240,1241,race,age,Cramer's V,0.44181581097354455,0.4,True
1240,1241,gender,age,Cramer's V,0.4104978714839792,0.4,True
1241,1242,race,gender,Cramer's V,0.34153082491054615,0.4,False
1241,1242,race,age,Cramer's V,0.22478946378845924,0.4,False
1241,1242,gender,age,Cramer's V,0.4093322902908625,0.4,True
1242,1243,race,gender,Cramer's V,0.17823125922907507,0.4,False
1242,1243,race,age,Cramer's V,0.34578835592613133,0.4,False
1242,1243,gender,age,Cramer's V,0.391269735646884,0.4,False
1243,1244,race,gender,Cramer's V,0.27791449626902737,0.4,False
1243,1244,race,age,Cramer's V,0.3711129827546988,0.4,False
1243,1244,gender,age,Cramer's V,0.4154570836970554,0.4,True
1244,1245,race,gender,Cramer's V,0.3474591692217395,0.4,False
1244,1245,race,age,Cramer's V,0.45186395229860254,0.4,True
1244,1245,gender,age,Cramer's V,0.38962982008496505,0.4,False
1245,1246,race,gender,Cramer's V,0.22736183636349594,0.4,False
1245,1246,race,age,Cramer's V,0.5235759201882267,0.4,True
1245,1246,gender,age,Cramer's V,0.36323076228211243,0.4,False
1246,1247,race,gender,Cramer's V,0.21908902300206645,0.4,False
1246,1247,race,age,Cramer's V,0.2900923809169925,0.4,False
1246,1247,gender,age,Cramer's V,0.33060269617396887,0.4,False
1247,1248,race,gender,Cramer's V,0.24055892535076426,0.4,False
1247,1248,race,age,Cramer's V,0.3706259210787585,0.4,False
1247,1248,gender,age,Cramer's V,0.31035353798779347,0.4,False
1248,1249,race,gender,Cramer's V,0.14391617799635203,0.4,False
1248,1249,race,age,Cramer's V,0.31691327476757114,0.4,False
1248,1249,gender,age,Cramer's V,0.2574645725035168,0.4,False
1249,1250,race,gender,Cramer's V,0.2841011957193098,0.4,False
1249,1250,race,age,Cramer's V,0.48211410082176614,0.4,True
1249,1250,gender,age,Cramer's V,0.2608336405339388,0.4,False
1250,1251,race,gender,Cramer's V,0.2414344596170942,0.4,False
1250,1251,race,age,Cramer's V,0.4544454370666024,0.4,True
1250,1251,gender,age,Cramer's V,0.41379880897167576,0.4,True
1251,1252,race,gender,Cramer's V,0.24807786954648195,0.4,False
1251,1252,race,age,Cramer's V,0.3047108176652969,0.4,False
1251,1252,gender,age,Cramer's V,0.36903334659384723,0.4,False
1252,1253,race,gender,Cramer's V,0.1716913359881882,0.4,False
1252,1253,race,age,Cramer's V,0.412897450128586,0.4,True
1252,1253,gender,age,Cramer's V,0.3513894343057688,0.4,False
1253,1254,race,gender,Cramer's V,0.23344709168486483,0.4,False
1253,1254,race,age,Cramer's V,0.29544907671714604,0.4,False
1253,1254,gender,age,Cramer's V,0.3837251952972271,0.4,False
1254,1255,race,gender,Cramer's V,0.0551582166298786,0.4,False
1254,1255,race,age,Cramer's V,0.3996291537114671,0.4,False
1254,1255,gender,age,Cramer's V,0.4448782605013047,0.4,True
1255,1256,race,gender,Cramer's V,0.1998263134713633,0.4,False
1255,1256,race,age,Cramer's V,0.2343017120087547,0.4,False
1255,1256,gender,age,Cramer's V,0.2986785529555858,0.4,False
1256,1257,race,gender,Cramer's V,0.2639905164355641,0.4,False
1256,1257,race,age,Cramer's V,0.26131276498002154,0.4,False
1256,1257,gender,age,Cramer's V,0.20615999248627873,0.4,False
1257,1258,race,gender,Cramer's V,0.24079476749108475,0.4,False
1257,1258,race,age,Cramer's V,0.4645163522307123,0.4,True
1257,1258,gender,age,Cramer's V,0.5192602215432592,0.4,True
1258,1259,race,gender,Cramer's V,0.36033662895176954,0.4,False
1258,1259,race,age,Cramer's V,0.3324611883821054,0.4,False
1258,1259,gender,age,Cramer's V,0.30856912442033685,0.4,False
1259,1260,race,gender,Cramer's V,0.2098833312895245,0.4,False
1259,1260,race,age,Cramer's V,0.3781231457157186,0.4,False
1259,1260,gender,age,Cramer's V,0.31602368224855476,0.4,False
1260,1261,race,gender,Cramer's V,0.2487434796327715,0.4,False
1260,1261,race,age,Cramer's V,0.28483389566611556,0.4,False
1260,1261,gender,age,Cramer's V,0.2844301466994818,0.4,False
1261,1262,race,gender,Cramer's V,0.27102928782146796,0.4,False
1261,1262,race,age,Cramer's V,0.45094141044388486,0.4,True
1261,1262,gender,age,Cramer's V,0.4858573326299099,0.4,True
1262,1263,race,gender,Cramer's V,0.24900735331443927,0.4,False
1262,1263,race,age,Cramer's V,0.3802639405558041,0.4,False
1262,1263,gender,age,Cramer's V,0.4508076548696574,0.4,True
1263,1264,race,gender,Cramer's V,0.1765865105236658,0.4,False
1263,1264,race,age,Cramer's V,0.6147976825559694,0.4,True
1263,1264,gender,age,Cramer's V,0.41264155524106244,0.4,True
1264,1265,race,gender,Cramer's V,0.2705113716808598,0.4,False
1264,1265,race,age,Cramer's V,0.394891875631284,0.4,False
1264,1265,gender,age,Cramer's V,0.28941438070815306,0.4,False
1265,1266,race,gender,Cramer's V,0.21479656919412407,0.4,False
1265,1266,race,age,Cramer's V,0.4425594722564263,0.4,True
1265,1266,gender,age,Cramer's V,0.23524995442470711,0.4,False
1266,1267,race,gender,Cramer's V,0.1598854194683767,0.4,False
1266,1267,race,age,Cramer's V,0.3047899813213459,0.4,False
1266,1267,gender,age,Cramer's V,0.40220874975103743,0.4,True
1267,1268,race,gender,Cramer's V,0.23598942712333154,0.4,False
1267,1268,race,age,Cramer's V,0.5586599322606015,0.4,True
1267,1268,gender,age,Cramer's V,0.4700166066968091,0.4,True
1268,1269,race,gender,Cramer's V,0.2644271612943034,0.4,False
1268,1269,race,age,Cramer's V,0.30595332856436314,0.4,False
1268,1269,gender,age,Cramer's V,0.32617782579297583,0.4,False
1269,1270,race,gender,Cramer's V,0.13151423561447506,0.4,False
1269,1270,race,age,Cramer's V,0.3003538329809712,0.4,False
1269,1270,gender,age,Cramer's V,0.2910091547779709,0.4,False
1270,1271,race,gender,Cramer's V,0.4482479063052786,0.4,True
1270,1271,race,age,Cramer's V,0.6263760822274671,0.4,True
1270,1271,gender,age,Cramer's V,0.35899365588879006,0.4,False
1271,1272,race,gender,Cramer's V,0.21449229460389582,0.4,False
1271,1272,race,age,Cramer's V,0.2182570652538088,0.4,False
1271,1272,gender,age,Cramer's V,0.2589123388421588,0.4,False
1272,1273,race,gender,Cramer's V,0.09128709291752768,0.4,False
1272,1273,race,age,Cramer's V,0.3229502670690953,0.4,False
1272,1273,gender,age,Cramer's V,0.4204190014166067,0.4,True
1273,1274,race,gender,Cramer's V,0.2921532737340715,0.4,False
1273,1274,race,age,Cramer's V,0.42758508083864094,0.4,True
1273,1274,gender,age,Cramer's V,0.38170408132217515,0.4,False
1274,1275,race,gender,Cramer's V,0.15754781033264406,0.4,False
1274,1275,race,age,Cramer's V,0.4005397592816874,0.4,True
1274,1275,gender,age,Cramer's V,0.3468975089870069,0.4,False
1275,1276,race,gender,Cramer's V,0.228298036120471,0.4,False
1275,1276,race,age,Cramer's V,0.3968003537697551,0.4,False
1275,1276,gender,age,Cramer's V,0.25377733170279804,0.4,False
1276,1277,race,gender,Cramer's V,0.13376463130674252,0.4,False
1276,1277,race,age,Cramer's V,0.3734912241577685,0.4,False
1276,1277,gender,age,Cramer's V,0.2984028971781089,0.4,False
1277,1278,race,gender,Cramer's V,0.3862509738690827,0.4,False
1277,1278,race,age,Cramer's V,0.28005022855099376,0.4,False
1277,1278,gender,age,Cramer's V,0.21916296997304863,0.4,False
1278,1279,race,gender,Cramer's V,0.16102673922343524,0.4,False
1278,1279,race,age,Cramer's V,0.31536878543024816,0.4,False
1278,1279,gender,age,Cramer's V,0.2667467828369185,0.4,False
1279,1280,race,gender,Cramer's V,0.29977895897214707,0.4,False
1279,1280,race,age,Cramer's V,0.19197110209717513,0.4,False
1279,1280,gender,age,Cramer's V,0.3283040737103559,0.4,False
1280,1281,race,gender,Cramer's V,0.2853887266829106,0.4,False
1280,1281,race,age,Cramer's V,0.3420632778978671,0.4,False
1280,1281,gender,age,Cramer's V,0.39002308118871554,0.4,False
1281,1282,race,gender,Cramer's V,0.25362524565936917,0.4,False
1281,1282,race,age,Cramer's V,0.37969986046757204,0.4,False
1281,1282,gender,age,Cramer's V,0.4205646860300145,0.4,True
1282,1283,race,gender,Cramer's V,0.29344694769431684,0.4,False
1282,1283,race,age,Cramer's V,0.34206938004074666,0.4,False
1282,1283,gender,age,Cramer's V,0.40778807767162134,0.4,True
1283,1284,race,gender,Cramer's V,0.2001401368566964,0.4,False
1283,1284,race,age,Cramer's V,0.36860515513245434,0.4,False
1283,1284,gender,age,Cramer's V,0.23677922146516675,0.4,False
1284,1285,race,gender,Cramer's V,0.26380385988273225,0.4,False
1284,1285,race,age,Cramer's V,0.29983859647696265,0.4,False
1284,1285,gender,age,Cramer's V,0.4771713385286002,0.4,True
1285,1286,race,gender,Cramer's V,0.2775861407920299,0.4,False
1285,1286,race,age,Cramer's V,0.36166776387808114,0.4,False
1285,1286,gender,age,Cramer's V,0.3086658143198844,0.4,False
1286,1287,race,gender,Cramer's V,0.19823266048581514,0.4,False
1286,1287,race,age,Cramer's V,0.28299891137314265,0.4,False
1286,1287,gender,age,Cramer's V,0.4530872530283979,0.4,True
1287,1288,race,gender,Cramer's V,0.2351041626480221,0.4,False
1287,1288,race,age,Cramer's V,0.3719318934070233,0.4,False
1287,1288,gender,age,Cramer's V,0.39077295920352795,0.4,False
1288,1289,race,gender,Cramer's V,0.26662372216263536,0.4,False
1288,1289,race,age,Cramer's V,0.21265544055084418,0.4,False
1288,1289,gender,age,Cramer's V,0.2697604038865795,0.4,False
1289,1290,race,gender,Cramer's V,0.26040894231593625,0.4,False
1289,1290,race,age,Cramer's V,0.3240027077312437,0.4,False
1289,1290,gender,age,Cramer's V,0.3892494720807615,0.4,False
1290,1291,race,gender,Cramer's V,0.23099155918761172,0.4,False
1290,1291,race,age,Cramer's V,0.4423029667342447,0.4,True
1290,1291,gender,age,Cramer's V,0.35870090963097084,0.4,False
1291,1292,race,gender,Cramer's V,0.34978489129114354,0.4,False
1291,1292,race,age,Cramer's V,0.3674317901635446,0.4,False
1291,1292,gender,age,Cramer's V,0.26377741697311374,0.4,False
1292,1293,race,gender,Cramer's V,0.28481050064313945,0.4,False
1292,1293,race,age,Cramer's V,0.5691761585778294,0.4,True
1292,1293,gender,age,Cramer's V,0.486210307339286,0.4,True
1293,1294,race,gender,Cramer's V,0.3499125327988341,0.4,False
1293,1294,race,age,Cramer's V,0.3157384489874951,0.4,False
1293,1294,gender,age,Cramer's V,0.30747528122442147,0.4,False
1294,1295,race,gender,Cramer's V,0.26574534265406474,0.4,False
1294,1295,race,age,Cramer's V,0.28968790469331623,0.4,False
1294,1295,gender,age,Cramer's V,0.31744169664558997,0.4,False
1295,1296,race,gender,Cramer's V,0.24470688214559969,0.4,False
1295,1296,race,age,Cramer's V,0.5933866690237632,0.4,True
1295,1296,gender,age,Cramer's V,0.27053402891607564,0.4,False
1296,1297,race,gender,Cramer's V,0.3424075171508628,0.4,False
1296,1297,race,age,Cramer's V,0.2589802769056033,0.4,False
1296,1297,gender,age,Cramer's V,0.3239688381323242,0.4,False
1297,1298,race,gender,Cramer's V,0.28862578419961604,0.4,False
1297,1298,race,age,Cramer's V,0.5576395588805948,0.4,True
1297,1298,gender,age,Cramer's V,0.39021563855890873,0.4,False
1298,1299,race,gender,Cramer's V,0.3604365823754991,0.4,False
1298,1299,race,age,Cramer's V,0.3371250121387077,0.4,False
1298,1299,gender,age,Cramer's V,0.36670551464756357,0.4,False
1299,1300,race,gender,Cramer's V,0.2862646977962777,0.4,False
1299,1300,race,age,Cramer's V,0.3299272259557261,0.4,False
1299,1300,gender,age,Cramer's V,0.48163135432976933,0.4,True
1300,1301,race,gender,Cramer's V,0.3647873746746214,0.4,False
1300,1301,race,age,Cramer's V,0.37266935333907086,0.4,False
1300,1301,gender,age,Cramer's V,0.44238453446802073,0.4,True
1301,1302,race,gender,Cramer's V,0.2547129203146623,0.4,False
1301,1302,race,age,Cramer's V,0.30497780877433883,0.4,False
1301,1302,gender,age,Cramer's V,0.31359164374927817,0.4,False
1302,1303,race,gender,Cramer's V,0.2773500981126145,0.4,False
1302,1303,race,age,Cramer's V,0.26982198607667945,0.4,False
1302,1303,gender,age,Cramer's V,0.3499805744415002,0.4,False
1303,1304,race,gender,Cramer's V,0.2638742686008426,0.4,False
1303,1304,race,age,Cramer's V,0.21498807098142703,0.4,False
1303,1304,gender,age,Cramer's V,0.4316535489542352,0.4,True
1304,1305,race,gender,Cramer's V,0.2288289919025151,0.4,False
1304,1305,race,age,Cramer's V,0.34302020896240765,0.4,False
1304,1305,gender,age,Cramer's V,0.46641116888312034,0.4,True
1305,1306,race,gender,Cramer's V,0.1762445907903223,0.4,False
1305,1306,race,age,Cramer's V,0.5100675494092505,0.4,True
1305,1306,gender,age,Cramer's V,0.438828102233826,0.4,True
1306,1307,race,gender,Cramer's V,0.17939490917592288,0.4,False
1306,1307,race,age,Cramer's V,0.4342400137481567,0.4,True
1306,1307,gender,age,Cramer's V,0.2573798346348007,0.4,False
1307,1308,race,gender,Cramer's V,0.2062842492517587,0.4,False
1307,1308,race,age,Cramer's V,0.23091642915199784,0.4,False
1307,1308,gender,age,Cramer's V,0.2281739182943738,0.4,False
1308,1309,race,gender,Cramer's V,0.2552596793320123,0.4,False
1308,1309,race,age,Cramer's V,0.3989022133175528,0.4,False
1308,1309,gender,age,Cramer's V,0.45724858659796336,0.4,True
1309,1310,race,gender,Cramer's V,0.3931708861407636,0.4,False
1309,1310,race,age,Cramer's V,0.5633778167579135,0.4,True
1309,1310,gender,age,Cramer's V,0.40902962761975264,0.4,True
1310,1311,race,gender,Cramer's V,0.15471966055889833,0.4,False
1310,1311,race,age,Cramer's V,0.28437273093357474,0.4,False
1310,1311,gender,age,Cramer's V,0.3919171617128276,0.4,False
1311,1312,race,gender,Cramer's V,0.23797231850103884,0.4,False
1311,1312,race,age,Cramer's V,0.3704850411708791,0.4,False
1311,1312,gender,age,Cramer's V,0.3234464256952141,0.4,False
1312,1313,race,gender,Cramer's V,0.2826727760471825,0.4,False
1312,1313,race,age,Cramer's V,0.24007284363749068,0.4,False
1312,1313,gender,age,Cramer's V,0.39477734095149597,0.4,False
1313,1314,race,gender,Cramer's V,0.07094667713797341,0.4,False
1313,1314,race,age,Cramer's V,0.26468642941281917,0.4,False
1313,1314,gender,age,Cramer's V,0.2821006874085491,0.4,False
1314,1315,race,gender,Cramer's V,0.2657786633128032,0.4,False
1314,1315,race,age,Cramer's V,0.20640162952979477,0.4,False
1314,1315,gender,age,Cramer's V,0.3016079673472934,0.4,False
1315,1316,race,gender,Cramer's V,0.27487370837451075,0.4,False
1315,1316,race,age,Cramer's V,0.323011972988429,0.4,False
1315,1316,gender,age,Cramer's V,0.32025630761017426,0.4,False
1316,1317,race,gender,Cramer's V,0.2956602205004836,0.4,False
1316,1317,race,age,Cramer's V,0.39536624822123784,0.4,False
1316,1317,gender,age,Cramer's V,0.14997443203906294,0.4,False
1317,1318,race,gender,Cramer's V,0.2872653259990971,0.4,False
1317,1318,race,age,Cramer's V,0.31496675987960987,0.4,False
1317,1318,gender,age,Cramer's V,0.2843264877052125,0.4,False
1318,1319,race,gender,Cramer's V,0.2611111731833594,0.4,False
1318,1319,race,age,Cramer's V,0.43990216895611045,0.4,True
1318,1319,gender,age,Cramer's V,0.36196820167105703,0.4,False
1319,1320,race,gender,Cramer's V,0.24444444444444444,0.4,False
1319,1320,race,age,Cramer's V,0.5107093831858527,0.4,True
1319,1320,gender,age,Cramer's V,0.4352497166904276,0.4,True
1320,1321,race,gender,Cramer's V,0.19096968243986284,0.4,False
1320,1321,race,age,Cramer's V,0.33029129664579365,0.4,False
1320,1321,gender,age,Cramer's V,0.2106164804343815,0.4,False
1321,1322,race,gender,Cramer's V,0.1174734306277602,0.4,False
1321,1322,race,age,Cramer's V,0.3830634899891105,0.4,False
1321,1322,gender,age,Cramer's V,0.3157769778104473,0.4,False
1322,1323,race,gender,Cramer's V,0.13031973814908426,0.4,False
1322,1323,race,age,Cramer's V,0.38791474143355736,0.4,False
1322,1323,gender,age,Cramer's V,0.21662566586299778,0.4,False
1323,1324,race,gender,Cramer's V,0.3484167486921815,0.4,False
1323,1324,race,age,Cramer's V,0.38176805228678545,0.4,False
1323,1324,gender,age,Cramer's V,0.4489571249016993,0.4,True
1324,1325,race,gender,Cramer's V,0.18439088914585774,0.4,False
1324,1325,race,age,Cramer's V,0.3535533905932738,0.4,False
1324,1325,gender,age,Cramer's V,0.4871813615198612,0.4,True
1325,1326,race,gender,Cramer's V,0.22227181986199218,0.4,False
1325,1326,race,age,Cramer's V,0.3238711050886915,0.4,False
1325,1326,gender,age,Cramer's V,0.29166666666666663,0.4,False
1326,1327,race,gender,Cramer's V,0.27084244474854563,0.4,False
1326,1327,race,age,Cramer's V,0.4538393001671035,0.4,True
1326,1327,gender,age,Cramer's V,0.23684503603742912,0.4,False
1327,1328,race,gender,Cramer's V,0.057423784614273915,0.4,False
1327,1328,race,age,Cramer's V,0.3321389216238286,0.4,False
1327,1328,gender,age,Cramer's V,0.3062793422176471,0.4,False
1328,1329,race,gender,Cramer's V,0.37161706508366393,0.4,False
1328,1329,race,age,Cramer's V,0.44255507238155667,0.4,True
1328,1329,gender,age,Cramer's V,0.47366360276126673,0.4,True
1329,1330,race,gender,Cramer's V,0.1954933868564889,0.4,False
1329,1330,race,age,Cramer's V,0.44511867027864677,0.4,True
1329,1330,gender,age,Cramer's V,0.20809274645858775,0.4,False
1330,1331,race,gender,Cramer's V,0.3262334552859464,0.4,False
1330,1331,race,age,Cramer's V,0.3840447974116794,0.4,False
1330,1331,gender,age,Cramer's V,0.3764555607616492,0.4,False
1331,1332,race,gender,Cramer's V,0.22227181986199218,0.4,False
1331,1332,race,age,Cramer's V,0.2740894927209141,0.4,False
1331,1332,gender,age,Cramer's V,0.22814653027189344,0.4,False
1332,1333,race,gender,Cramer's V,0.26681197591366856,0.4,False
1332,1333,race,age,Cramer's V,0.3540880800049957,0.4,False
1332,1333,gender,age,Cramer's V,0.3435921354681384,0.4,False
1333,1334,race,gender,Cramer's V,0.3278605649072264,0.4,False
1333,1334,race,age,Cramer's V,0.3983525702243906,0.4,False
1333,1334,gender,age,Cramer's V,0.42736900036499553,0.4,True
1334,1335,race,gender,Cramer's V,0.22947311649623917,0.4,False
1334,1335,race,age,Cramer's V,0.3743827457494259,0.4,False
1334,1335,gender,age,Cramer's V,0.410544770453855,0.4,True
1335,1336,race,gender,Cramer's V,0.2337170424123549,0.4,False
1335,1336,race,age,Cramer's V,0.29244498950692976,0.4,False
1335,1336,gender,age,Cramer's V,0.3349442987788529,0.4,False
1336,1337,race,gender,Cramer's V,0.14056349031240206,0.4,False
1336,1337,race,age,Cramer's V,0.5606847720708309,0.4,True
1336,1337,gender,age,Cramer's V,0.3521120955240609,0.4,False
1337,1338,race,gender,Cramer's V,0.15360770906054252,0.4,False
1337,1338,race,age,Cramer's V,0.3530754062794312,0.4,False
1337,1338,gender,age,Cramer's V,0.2659612732342791,0.4,False
1338,1339,race,gender,Cramer's V,0.06221710168382551,0.4,False
1338,1339,race,age,Cramer's V,0.20354009783964294,0.4,False
1338,1339,gender,age,Cramer's V,0.2897038408654369,0.4,False
1339,1340,race,gender,Cramer's V,0.276922157444258,0.4,False
1339,1340,race,age,Cramer's V,0.36859221260568226,0.4,False
1339,1340,gender,age,Cramer's V,0.29248725366148837,0.4,False
1340,1341,race,gender,Cramer's V,0.3252790365407879,0.4,False
1340,1341,race,age,Cramer's V,0.3417603009505129,0.4,False
1340,1341,gender,age,Cramer's V,0.2397457108377596,0.4,False
1341,1342,race,gender,Cramer's V,0.1819746881450338,0.4,False
1341,1342,race,age,Cramer's V,0.32765680575715556,0.4,False
1341,1342,gender,age,Cramer's V,0.34169546854821103,0.4,False
1342,1343,race,gender,Cramer's V,0.3514110126752389,0.4,False
1342,1343,race,age,Cramer's V,0.3008833535115017,0.4,False
1342,1343,gender,age,Cramer's V,0.4005376272776048,0.4,True
1343,1344,race,gender,Cramer's V,0.3111352690208634,0.4,False
1343,1344,race,age,Cramer's V,0.3306087660319311,0.4,False
1343,1344,gender,age,Cramer's V,0.3535132834126345,0.4,False
1344,1345,race,gender,Cramer's V,0.35611354996000405,0.4,False
1344,1345,race,age,Cramer's V,0.448079450319304,0.4,True
1344,1345,gender,age,Cramer's V,0.3679900360969936,0.4,False
1345,1346,race,gender,Cramer's V,0.25549381304230234,0.4,False
1345,1346,race,age,Cramer's V,0.6348025900256516,0.4,True
1345,1346,gender,age,Cramer's V,0.35531985507918035,0.4,False
1346,1347,race,gender,Cramer's V,0.20784329168031454,0.4,False
1346,1347,race,age,Cramer's V,0.35570313719302443,0.4,False
1346,1347,gender,age,Cramer's V,0.3818522867393777,0.4,False
1347,1348,race,gender,Cramer's V,0.33511746739744813,0.4,False
1347,1348,race,age,Cramer's V,0.3326676739997682,0.4,False
1347,1348,gender,age,Cramer's V,0.36651351982500335,0.4,False
1348,1349,race,gender,Cramer's V,0.16720343670903365,0.4,False
1348,1349,race,age,Cramer's V,0.4271657040546897,0.4,True
1348,1349,gender,age,Cramer's V,0.42835017330186986,0.4,True
1349,1350,race,gender,Cramer's V,0.3245087562642028,0.4,False
1349,1350,race,age,Cramer's V,0.48222212663167935,0.4,True
1349,1350,gender,age,Cramer's V,0.20622496364936982,0.4,False
1350,1351,race,gender,Cramer's V,0.2534719808955399,0.4,False
1350,1351,race,age,Cramer's V,0.27079842213877325,0.4,False
1350,1351,gender,age,Cramer's V,0.4569501272605346,0.4,True
1351,1352,race,gender,Cramer's V,0.2672612419124244,0.4,False
1351,1352,race,age,Cramer's V,0.3942952573896876,0.4,False
1351,1352,gender,age,Cramer's V,0.31669799343794247,0.4,False
1352,1353,race,gender,Cramer's V,0.11497732161746127,0.4,False
1352,1353,race,age,Cramer's V,0.3603106007440131,0.4,False
1352,1353,gender,age,Cramer's V,0.2555202282202281,0.4,False
1353,1354,race,gender,Cramer's V,0.19188295576407097,0.4,False
1353,1354,race,age,Cramer's V,0.49642966689650236,0.4,True
1353,1354,gender,age,Cramer's V,0.30550504633038933,0.4,False
1354,1355,race,gender,Cramer's V,0.3042043884161014,0.4,False
1354,1355,race,age,Cramer's V,0.4061135229213897,0.4,True
1354,1355,gender,age,Cramer's V,0.42591114186868806,0.4,True
1355,1356,race,gender,Cramer's V,0.369843901916081,0.4,False
1355,1356,race,age,Cramer's V,0.464384979398461,0.4,True
1355,1356,gender,age,Cramer's V,0.4513867521316947,0.4,True
1356,1357,race,gender,Cramer's V,0.27234627622292573,0.4,False
1356,1357,race,age,Cramer's V,0.40954229176925794,0.4,True
1356,1357,gender,age,Cramer's V,0.5401538508012448,0.4,True
1357,1358,race,gender,Cramer's V,0.19347963519485845,0.4,False
1357,1358,race,age,Cramer's V,0.24760349110521201,0.4,False
1357,1358,gender,age,Cramer's V,0.4655327050587532,0.4,True
1358,1359,race,gender,Cramer's V,0.3164979307530148,0.4,False
1358,1359,race,age,Cramer's V,0.3316219665871498,0.4,False
1358,1359,gender,age,Cramer's V,0.253786105774746,0.4,False
1359,1360,race,gender,Cramer's V,0.2938270149780097,0.4,False
1359,1360,race,age,Cramer's V,0.46151743073304596,0.4,True
1359,1360,gender,age,Cramer's V,0.31769877472037444,0.4,False
1360,1361,race,gender,Cramer's V,0.08910849754517636,0.4,False
1360,1361,race,age,Cramer's V,0.4368282587711479,0.4,True
1360,1361,gender,age,Cramer's V,0.4895676235896964,0.4,True
1361,1362,race,gender,Cramer's V,0.255806525484509,0.4,False
1361,1362,race,age,Cramer's V,0.45704498295266277,0.4,True
1361,1362,gender,age,Cramer's V,0.40490958332835025,0.4,True
1362,1363,race,gender,Cramer's V,0.3139826345586273,0.4,False
1362,1363,race,age,Cramer's V,0.27014065745498944,0.4,False
1362,1363,gender,age,Cramer's V,0.27436195794996093,0.4,False
1363,1364,race,gender,Cramer's V,0.24638726366269306,0.4,False
1363,1364,race,age,Cramer's V,0.4852951304478169,0.4,True
1363,1364,gender,age,Cramer's V,0.3184412867845359,0.4,False
1364,1365,race,gender,Cramer's V,0.1349343652045885,0.4,False
1364,1365,race,age,Cramer's V,0.3822644233048882,0.4,False
1364,1365,gender,age,Cramer's V,0.34675365209049386,0.4,False
1365,1366,race,gender,Cramer's V,0.07115664556660496,0.4,False
1365,1366,race,age,Cramer's V,0.471784965527808,0.4,True
1365,1366,gender,age,Cramer's V,0.34670721123281073,0.4,False
1366,1367,race,gender,Cramer's V,0.14727426163902857,0.4,False
1366,1367,race,age,Cramer's V,0.5591164443347058,0.4,True
1366,1367,gender,age,Cramer's V,0.43214666721396633,0.4,True
1367,1368,race,gender,Cramer's V,0.11556845185649485,0.4,False
1367,1368,race,age,Cramer's V,0.33173690014669177,0.4,False
1367,1368,gender,age,Cramer's V,0.4674221617627974,0.4,True
1368,1369,race,gender,Cramer's V,0.2340505946726848,0.4,False
1368,1369,race,age,Cramer's V,0.4700933522222467,0.4,True
1368,1369,gender,age,Cramer's V,0.4110170722920912,0.4,True
1369,1370,race,gender,Cramer's V,0.22969553703374343,0.4,False
1369,1370,race,age,Cramer's V,0.392111624733986,0.4,False
1369,1370,gender,age,Cramer's V,0.260848705866815,0.4,False
1370,1371,race,gender,Cramer's V,0.31943828249996997,0.4,False
1370,1371,race,age,Cramer's V,0.4724555912615341,0.4,True
1370,1371,gender,age,Cramer's V,0.5832560245617615,0.4,True
1371,1372,race,gender,Cramer's V,0.11454995906456326,0.4,False
1371,1372,race,age,Cramer's V,0.406255582579405,0.4,True
1371,1372,gender,age,Cramer's V,0.295924245373255,0.4,False
1372,1373,race,gender,Cramer's V,0.24909649144269788,0.4,False
1372,1373,race,age,Cramer's V,0.3033263494959529,0.4,False
1372,1373,gender,age,Cramer's V,0.37222137611167244,0.4,False
1373,1374,race,gender,Cramer's V,0.2612838126812122,0.4,False
1373,1374,race,age,Cramer's V,0.2945993326346256,0.4,False
1373,1374,gender,age,Cramer's V,0.34552533206993785,0.4,False
1374,1375,race,gender,Cramer's V,0.2882444687804923,0.4,False
1374,1375,race,age,Cramer's V,0.34633284028784106,0.4,False
1374,1375,gender,age,Cramer's V,0.33247753388960066,0.4,False
1375,1376,race,gender,Cramer's V,0.26868075687035353,0.4,False
1375,1376,race,age,Cramer's V,0.23201634658270326,0.4,False
1375,1376,gender,age,Cramer's V,0.2318579171779427,0.4,False
1376,1377,race,gender,Cramer's V,0.22627659655138255,0.4,False
1376,1377,race,age,Cramer's V,0.5180005629516249,0.4,True
1376,1377,gender,age,Cramer's V,0.25413876182890643,0.4,False
1377,1378,race,gender,Cramer's V,0.23837943324283503,0.4,False
1377,1378,race,age,Cramer's V,0.3882405208713942,0.4,False
1377,1378,gender,age,Cramer's V,0.2981078237526823,0.4,False
1378,1379,race,gender,Cramer's V,0.2984492185835977,0.4,False
1378,1379,race,age,Cramer's V,0.4334470182437291,0.4,True
1378,1379,gender,age,Cramer's V,0.228033698800948,0.4,False
1379,1380,race,gender,Cramer's V,0.33465580715955656,0.4,False
1379,1380,race,age,Cramer's V,0.4940658781715576,0.4,True
1379,1380,gender,age,Cramer's V,0.2680073823409484,0.4,False
1380,1381,race,gender,Cramer's V,0.3017689365466417,0.4,False
1380,1381,race,age,Cramer's V,0.3661887336328675,0.4,False
1380,1381,gender,age,Cramer's V,0.3868254070200772,0.4,False
1381,1382,race,gender,Cramer's V,0.24829165414832868,0.4,False
1381,1382,race,age,Cramer's V,0.43675164206416767,0.4,True
1381,1382,gender,age,Cramer's V,0.31577232115708465,0.4,False
1382,1383,race,gender,Cramer's V,0.16895660062323395,0.4,False
1382,1383,race,age,Cramer's V,0.3178208630818641,0.4,False
1382,1383,gender,age,Cramer's V,0.2605999325197934,0.4,False
1383,1384,race,gender,Cramer's V,0.31388749665675775,0.4,False
1383,1384,race,age,Cramer's V,0.5674250612161927,0.4,True
1383,1384,gender,age,Cramer's V,0.2856230225179261,0.4,False
1384,1385,race,gender,Cramer's V,0.22745573439926967,0.4,False
1384,1385,race,age,Cramer's V,0.2779215897567334,0.4,False
1384,1385,gender,age,Cramer's V,0.3299963173195186,0.4,False
1385,1386,race,gender,Cramer's V,0.33401291270000344,0.4,False
1385,1386,race,age,Cramer's V,0.32355093976483923,0.4,False
1385,1386,gender,age,Cramer's V,0.3809209007139574,0.4,False
1386,1387,race,gender,Cramer's V,0.2399365321156502,0.4,False
1386,1387,race,age,Cramer's V,0.26104528138581173,0.4,False
1386,1387,gender,age,Cramer's V,0.35680112581279866,0.4,False
1387,1388,race,gender,Cramer's V,0.2151727844091603,0.4,False
1387,1388,race,age,Cramer's V,0.2656173948987777,0.4,False
1387,1388,gender,age,Cramer's V,0.32816506165694675,0.4,False
1388,1389,race,gender,Cramer's V,0.2997965742102996,0.4,False
1388,1389,race,age,Cramer's V,0.33153562810593445,0.4,False
1388,1389,gender,age,Cramer's V,0.2963661303680005,0.4,False
1389,1390,race,gender,Cramer's V,0.27294338592406797,0.4,False
1389,1390,race,age,Cramer's V,0.2778274249751587,0.4,False
1389,1390,gender,age,Cramer's V,0.34033591107887184,0.4,False
1390,1391,race,gender,Cramer's V,0.1302601497883333,0.4,False
1390,1391,race,age,Cramer's V,0.39494592417582863,0.4,False
1390,1391,gender,age,Cramer's V,0.4863787846552309,0.4,True
1391,1392,race,gender,Cramer's V,0.12637237215580288,0.4,False
1391,1392,race,age,Cramer's V,0.3609844627059867,0.4,False
1391,1392,gender,age,Cramer's V,0.31864814533835417,0.4,False
1392,1393,race,gender,Cramer's V,0.17025130615174974,0.4,False
1392,1393,race,age,Cramer's V,0.4481782754209035,0.4,True
1392,1393,gender,age,Cramer's V,0.19554003674557224,0.4,False
