bucket,bucket_id,SID,SA,cell,cell_record_count
1,0,00011,diag_1,"276(1), 648(1), 8(1), 414(1), 428(1), 398(1), 250.7(1), 518(1), 999(1), 682(1), V57(1), 189(1), 427(1), 996(1), 277(1), 486(1), 998(1), 511(1), 432(1), 295(1), 196(1), 250.6(1), 845(1), 423(1), 808(1), 250.4(1), 722(1), 784(1), 151(1), 198(1), 564(1), 578(1), 569(1), 434(1), 255(1), 250.13(1), 577(1), 824(1), 250.8(1), 332(1), 510(1), 642(1), 250.42(1), 456(1), 446(1), 566(1), 733(1), 507(1), 728(1), 596(1), 288(1), V58(1), 922(1), 885(1), 515(1), 431(1), 851(1)",57
1,0,00012,diag_2,"250.01(1), 250(1), 250.43(1), 411(1), 492(1), 427(1), 403(1), 998(1), 507(1), 174(1), 715(1), 496(1), 428(1), 585(1), 250.02(1), 244(1), 41(1), 571(1), 997(1), 599(1), 198(1), 707(1), 493(1), 242(1), 70(1), V45(1), 357(1), 511(1), 196(1), 197(1), 414(1), 53(1), 566(1), 250.6(1), 486(1), V15(1), 574(1), 250.82(1), 786(1), 294(1), 512(1), 648(1), 38(1), 578(1), 277(1), 250.12(1), 250.53(1), 255(1), 250.7(1), 591(1), 200(1), 154(1), 847(1), 816(1), 482(1), 432(1), 345(1)",57
2,1,00021,diag_1,"428(2), 996(1), 414(1), 786(2), 707(1), 997(1), 38(1), 433(1), 599(2), 558(1), 584(1), 250.03(1), 562(1), 438(1), 415(1), 803(1), 632(1), 737(1), 292(1), 626(1), 826(1), 220(1), 49(1), 355(1), 284(1), 836(1), 966(1), 480(1), 972(1), 924(1), 621(1), 933(1), 850(1), 473(1), 250.53(1), 465(1), 228(1), 383(1), 942(1), 860(1), 242(1), 658(1), 205(1), 555(1), 732(1), 88(1), 219(1), 814(1), 75(1), 375(1), 971(1), 327(1), 98(1), 372(1)",57
2,1,00022,diag_2,"411(1), 410(1), 999(1), 424(1), 427(2), 428(2), 396(1), 414(1), 276(2), 250.02(1), 788(1), 401(1), 285(1), 780(1), 416(1), E812(1), 453(1), 738(1), E939(1), 218(1), 958(1), 621(1), 331(1), 286(1), 205(1), 278(1), E950(1), 600(1), 349(1), 922(1), 620(1), E915(1), 873(1), V58(1), 362(1), 726(1), 274(1), V14(1), E924(1), 807(1), 241(1), 646(1), 336(1), 5(1), 737(1), 320(1), 239(1), 833(1), 463(1), 376(1), 972(1), 347(1), 99(1), 360(1)",57
3,2,00031,diag_1,"462(1), 411(1), 996(2), 414(4), 428(2), #####(4), 998(1), 250.7(1), 410(4), 185(1), 578(1), 250.6(2), 250.32(1), 574(1), 486(2), 427(1), 188(1), 296(1), 562(1), 70(1), 722(1), 491(2), 738(1), 682(1), 250.13(1), 250.41(1), 250.02(2), 560(1), 250.22(1), 38(1), V57(2), 780(3), 786(1), 435(2), 276(2), 197(1), 404(1)",57
3,2,00032,diag_2,"250.01(2), 403(2), 411(2), 496(2), 427(2), 491(2), 553(1), 440(1), 250.03(1), 424(1), 428(2), 250.52(1), 425(1), 250(4), 414(1), #####(2), 867(1), 285(1), 276(3), 250.02(1), 581(1), 228(1), 493(1), 567(1), 250.51(1), 401(1), 444(1), V10(1), 707(1), 250.42(1), 780(1), 599(1), 157(1), 585(1), 426(1), 402(1), 153(1), 787(1), 573(1), 584(2), 112(1), V44(1), 486(1)",57
4,3,00041,diag_1,"403(2), 414(4), 715(1), 997(1), 996(1), 486(3), 682(2), 244(1), 730(1), 427(1), 291(1), 434(3), 295(1), 410(2), 786(2), 599(2), 296(1), 577(1), 491(2), 235(1), 250.8(1), 428(1), 250.82(1), 574(1), 724(2), 250.83(1), 281(1), 250.33(1), 466(1), 530(1), 440(2), V53(1), 191(1), 38(2), 820(1), 162(1), 401(1), 562(1), 553(1), 337(1), 453(1)",57
4,3,00042,diag_2,"V45(1), 424(1), 411(1), 250.01(1), 577(1), 535(1), 413(1), 511(1), 428(2), 250.02(1), 340(1), 496(3), 998(1), 427(4), 493(1), 305(1), 414(2), 276(7), 250(4), 599(2), 571(1), 401(1), 584(1), 285(1), 272(1), 203(1), 403(1), #####(2), 250.13(1), 491(1), V42(1), 569(1), 518(1), 729(1), 682(1), 435(1), 290(1), 575(1), 258(1)",57
5,4,00051,diag_1,"414(4), 427(3), 590(1), 707(1), 428(2), 560(1), 786(2), 571(1), 722(1), 250.6(1), 807(1), 410(4), 996(2), #####(2), 995(1), V55(1), 486(1), 434(1), 250.12(1), 296(1), 593(1), 820(1), 789(1), 557(1), 250.13(1), 403(1), 715(1), 711(1), 250.8(1), 280(1), 562(1), 682(1), 386(1), 200(1), 531(2), 530(1), 812(1), 210(1), 572(1), 780(1), 723(1), 204(1), 158(1), 278(1)",57
5,4,00052,diag_2,"411(2), 424(1), 250.01(1), 780(2), 410(1), 997(1), 427(3), 493(1), 70(1), 250.6(2), 413(2), 401(2), 250.02(1), 428(2), 250(3), 425(1), 707(1), 276(3), #####(4), 998(1), 250.41(1), 293(1), 198(1), 403(1), 626(1), 458(1), 710(1), 415(1), 41(1), 280(2), 682(1), 788(1), 287(2), 285(1), 441(1), 786(1), 785(1), 789(1), 537(1), V65(1)",57
6,5,00061,diag_1,"440(2), 414(5), 250.7(2), 411(1), 250.4(1), 402(2), 511(1), 491(2), 575(1), 724(1), 574(1), 428(2), 410(2), 786(1), 435(1), #####(5), 198(1), 820(1), 38(2), 562(1), 154(1), 715(2), 250.81(1), 996(2), 558(1), 584(1), 486(2), 250.6(1), 516(1), 286(1), 969(1), 518(1), 227(1), 721(1), 532(1), V57(1), 241(1), 436(1), V58(1)",57
6,5,00062,diag_2,"250.03(1), 411(2), 440(1), 401(3), 403(3), 250.01(1), 785(1), 250.02(2), 425(2), 250.6(1), 997(1), 285(3), 733(1), 276(4), 427(2), 428(2), 414(1), 599(3), 284(1), 496(5), 250(3), 196(1), 711(1), E878(1), 682(1), 790(1), 250.83(1), #####(1), 491(1), 707(1), 434(2), 590(1), 253(1), 179(1)",57
7,6,00071,diag_1,"998(1), 434(4), 997(1), 428(2), 414(6), 786(3), 250.7(1), 574(1), 410(5), 250.6(1), 530(1), 590(1), 435(1), #####(1), 427(2), 560(1), 250.02(1), 996(1), 715(2), 599(2), 250.8(1), 296(1), 276(2), 507(1), 789(1), 250.12(1), 824(1), 656(1), 486(1), 416(1), 535(1), 358(1), 250.81(1), 591(1), 787(1), 783(1), 359(1), 788(1)",57
7,6,00072,diag_2,"250.01(1), 507(1), 403(3), 424(2), 411(2), 707(1), 511(1), 401(4), 574(1), 426(1), 428(2), 250.6(1), 413(1), 578(1), 491(1), 427(1), 414(1), 425(1), 276(5), 496(2), #####(2), 599(2), 398(1), 446(1), 280(1), 300(1), 780(2), 562(1), 162(1), 402(1), 250(1), 648(1), 585(4), 584(1), 305(1), 783(1), 263(1), 250.92(1)",57
8,7,00081,diag_1,"578(1), 997(1), 295(1), 414(4), 786(3), 996(1), 722(1), 577(2), 574(1), 428(2), 250.6(2), 493(1), 250.13(1), 560(1), 789(1), 599(1), 434(2), 584(1), 682(1), 466(1), 440(1), 787(1), 491(1), 486(4), 571(1), 808(1), 433(1), 780(2), 453(1), 211(1), 340(1), 550(1), 38(1), 380(1), 426(1), 345(1), 290(1), 998(1), 586(1), 553(1), 727(1), 756(1), 681(1), 250.8(1)",57
8,7,00082,diag_2,"250.01(3), 585(1), 250.02(4), 411(1), 401(5), 250.6(1), 250(3), 425(1), 707(2), 276(4), 427(7), 403(1), 198(1), 428(2), 414(2), 303(1), 852(1), 518(1), V45(1), 491(1), 599(1), 536(1), 244(1), #####(1), 682(2), 721(1), 519(1), 996(1), 397(1), 614(1), 722(1), 724(1), 730(1)",57
9,8,00091,diag_1,"398(1), 250.7(1), 491(2), 414(3), 998(1), 427(4), 722(1), 780(3), 410(4), 571(1), 276(3), 434(2), 428(2), 435(1), 250.02(2), 569(1), 789(1), 682(2), 786(2), #####(2), 433(2), 562(1), V57(2), 535(1), 584(1), 574(1), 424(1), 694(1), 579(1), 482(1), 440(1), 518(1), 437(1), 715(1), 614(1), 250.2(1)",57
9,8,00092,diag_2,"276(2), 440(1), 250.03(1), 411(2), V45(1), 250.02(2), 292(1), 426(1), 401(2), 414(4), 599(3), 571(2), 342(1), 425(2), 427(2), 403(1), 787(1), 496(3), 707(1), V42(1), 135(1), 428(2), 272(1), 518(1), 250(2), #####(1), 412(1), 710(1), 576(1), V12(1), 466(1), 584(1), 204(1), 197(1), 405(1), 491(1), V57(1), 790(1), V43(1), 340(1), 250.1(1)",57
10,9,00101,diag_1,"189(1), 250.4(1), 997(1), 414(6), 296(1), 250.7(1), 722(1), 455(1), 575(1), 560(1), 250.22(1), 441(1), 250.13(1), 156(1), 410(2), 996(2), 682(2), 599(2), 428(2), 250.12(1), 786(3), 492(1), #####(1), 491(1), 730(1), 276(2), 295(1), 250.82(2), 820(1), 250.8(2), 486(1), 780(1), 733(1), 218(1), 311(1), 54(1), 305(1), 435(1), 540(1), 38(1), 493(1), 508(1)",57
10,9,00102,diag_2,"403(4), 560(1), 411(2), 250.01(2), 707(5), 413(1), 414(2), 401(2), 998(1), 535(1), 428(2), 444(1), 272(1), 276(5), 196(1), 496(4), 788(1), 599(2), 425(1), 780(2), 427(3), 440(1), 162(1), #####(2), 382(1), 285(1), 112(1), 250.5(1), 437(1), E932(1), 201(1), 478(1), 8(1)",57
11,10,00111,diag_1,"722(1), 998(1), 414(7), 250.7(1), 432(1), 296(1), 410(4), 250.83(1), 648(1), 574(1), 386(1), 996(3), 250.02(1), 411(1), 428(2), 599(1), 198(1), 434(2), 562(1), 682(1), 786(3), 427(2), 823(1), #####(2), 571(1), 250.82(1), 276(3), 584(1), 486(2), 518(1), 780(1), 532(1), 250.11(1), 429(1), 585(1), 162(1), V57(1)",57
11,10,00112,diag_2,"250.01(1), 250.02(2), 411(1), 785(1), 342(1), 250.6(1), 996(2), 250.93(1), 428(2), 414(2), 403(1), #####(6), 574(1), 496(3), 427(2), 410(1), 276(3), 250(3), 401(1), 162(1), 780(1), 38(1), 786(1), 560(1), 998(1), 493(1), 112(1), 456(1), 250.82(1), 303(1), 295(1), 584(1), 305(1), 284(1), 250.92(1), 250.4(1), 280(1), 250.81(1), 404(1), 486(1), 438(1)",57
12,11,00121,diag_1,"414(2), 577(1), V57(1), 592(1), 575(1), 599(1), 724(1), 996(3), 530(1), 433(3), 276(1), 466(2), 435(1), 250.6(1), 428(2), 434(3), 296(2), 786(2), #####(1), 535(1), 682(1), 721(1), 188(1), 715(2), 250.8(2), 574(1), 447(1), 820(1), 486(1), 453(1), 654(1), 584(1), 780(1), 38(2), 280(2), 413(1), 781(1), 250.31(1), 518(2), 346(1), 322(1)",57
12,11,00122,diag_2,"411(1), 250.01(2), 250.13(1), 427(3), 250.02(1), 401(2), 403(1), 425(2), 285(2), 292(1), 787(1), 428(2), 276(3), 733(1), 250(3), 515(1), 305(2), 414(2), 496(2), 560(1), 707(2), #####(2), 283(1), 599(3), 250.7(1), 813(1), 577(1), 424(1), 162(1), 648(1), 458(1), 433(1), 197(1), 578(1), 435(1), 486(1), 485(1), 344(1), 719(1)",57
13,12,00131,diag_1,"414(5), 577(1), 707(1), 682(1), 428(2), 250.13(1), 996(2), 786(2), 250.12(1), 276(1), 820(1), 410(1), V57(1), 440(1), 958(1), #####(3), 295(1), 574(1), 789(1), 558(1), 38(2), 427(1), 401(1), 493(1), 435(2), 535(1), 599(2), 491(1), 715(1), 403(1), 335(1), 572(1), 458(1), 436(1), 780(1), 507(1), 892(1), V58(1), 250.11(2), 444(1), 486(1), 41(1), 420(1), 807(1)",57
13,12,00132,diag_2,"411(2), 250.6(4), 41(1), 242(1), 276(8), 403(3), 250.02(3), 427(4), 414(1), 401(2), 425(1), 518(1), 496(3), 780(1), 788(1), 204(1), 287(1), 428(2), 786(1), 996(2), 285(1), 584(1), 250.41(1), 682(1), 599(2), 707(2), 303(1), 250(1), 202(1), 491(1), 8(1), 860(1)",57
14,13,00141,diag_1,"682(1), 250.7(1), 997(1), 648(1), 414(1), 618(1), 250.13(1), 707(1), 578(1), 427(4), 410(3), 824(1), 996(1), 250.6(1), 282(1), 786(4), 562(2), 433(1), 428(2), 404(1), V57(1), 486(2), 38(3), 780(2), 403(1), 276(1), 431(1), 491(1), 434(1), #####(1), 225(1), 368(1), 294(1), 250.1(2), 626(1), 599(1), 199(1), 552(1), 820(1), 42(1), 646(1), 616(1)",57
14,13,00142,diag_2,"250.03(1), 440(1), 780(3), 642(1), 411(2), 998(1), 276(2), 682(1), 250.02(2), 424(1), V42(1), 250.41(1), 403(1), 250(4), 425(1), 401(3), 285(1), 414(1), 427(2), 511(1), 250.82(1), 715(1), 785(1), 486(3), 482(1), 428(2), 410(1), 584(1), 599(4), 784(1), 518(1), 250.22(1), 617(1), 596(1), 443(1), 560(1), E849(1), 577(1), 728(1), 383(1)",57
15,14,00151,diag_1,"648(1), 414(2), 185(1), 722(1), 250.22(1), 250.12(1), 530(1), 434(1), 410(2), 996(2), 428(2), 250.02(1), #####(1), 571(1), 511(1), 427(2), 789(1), 786(2), 433(1), 276(2), 211(1), 578(2), 198(1), 296(2), 682(1), 403(1), 780(1), 250.42(1), 733(1), 38(1), 598(1), 592(1), 458(1), 250.8(1), 577(1), 415(1), 426(1), 8(1), 250.11(1), 715(1), 825(1), 203(1), 251(1), 495(1), 366(1), 486(1), 493(1), 824(1)",57
15,14,00152,diag_2,"250.01(1), 411(2), 998(1), 401(2), 491(1), 276(3), 788(1), 424(2), 428(2), 38(1), 426(1), 414(2), 403(3), 572(1), 250(5), 425(1), 496(1), #####(4), 250.41(1), 153(1), 584(1), 304(1), 309(1), 707(1), 305(2), 250.4(1), 682(1), 780(1), 786(1), 280(1), 599(1), 785(1), 518(2), 427(1), 733(1), 562(1), 42(1), 473(1), 825(1)",57
16,15,00161,diag_1,"250.03(1), 414(7), 482(1), 593(1), 486(2), 997(1), 996(3), 250.13(1), 428(2), 998(2), 182(1), 296(1), 410(2), 511(1), 722(2), 38(2), #####(3), 250.6(1), 599(2), 789(1), 574(2), 276(1), 560(1), 440(1), 820(1), 491(2), 250.8(1), 715(1), 250.81(1), 507(1), 515(1), 135(1), 592(1), 320(1), 3(1), 297(1), 578(1), 403(1)",57
16,15,00162,diag_2,"V15(1), 250.01(2), 277(1), 403(4), 581(1), 411(1), 560(1), 250.02(1), 276(4), 401(3), 250.6(1), 567(1), 300(1), 414(1), 285(1), 428(2), 424(1), 250(4), 788(1), 413(1), 707(2), 38(1), 584(2), 722(1), 577(1), 714(1), 599(2), 496(2), 288(1), 491(2), 724(1), 427(1), 162(1), 284(1), #####(1), 558(1), 470(1), 250.23(1), 481(1)",57
17,16,00171,diag_1,"618(1), 250.03(1), 414(5), 427(1), 428(2), 786(1), 722(1), 296(1), 250.13(1), 197(1), 434(1), 440(1), 433(2), 493(2), 410(2), #####(4), 250.6(1), 331(2), 564(1), 276(2), 715(3), 435(1), 562(1), 682(2), 486(3), 724(1), 577(1), 38(1), 491(2), 482(1), 812(1), 820(1), 590(1), 789(1), 346(1), 285(1), 824(1), 924(1)",57
17,16,00172,diag_2,"250.03(1), 276(4), 250.01(3), 250.51(1), 411(2), 401(3), 250.02(4), 496(4), 196(1), 729(1), 424(3), V42(1), 285(1), 425(1), 427(2), 403(1), 413(1), 250(3), 428(2), 780(1), 569(1), 577(1), 599(1), 511(1), #####(2), 491(1), E888(1), 733(1), 220(1), 564(1), V43(1), 294(1), E944(1), 799(1), E885(1), 920(1)",57
18,17,00181,diag_1,"577(3), 486(3), 250.41(1), 303(1), 414(2), 786(5), 401(1), 153(1), 443(1), 996(1), 241(1), 428(2), 410(1), 250.6(2), 998(1), 309(1), 427(2), 805(1), 969(1), 455(1), 78(1), 852(1), 584(2), 436(1), 531(1), 154(1), 424(1), #####(2), 595(1), 560(1), 715(1), 491(1), 250.43(1), 481(1), 840(1), 552(1), 415(1), 724(1), 7(1), 820(1), 861(1), 174(1), 301(1)",57
18,17,00182,diag_2,"250.01(3), 250.02(3), 403(2), 428(2), 710(1), 276(4), 196(1), 440(1), 790(1), 401(4), 227(1), 492(1), 250(6), 707(2), 571(1), 285(2), 290(1), 333(1), V42(1), 496(2), 780(1), 197(1), 584(1), 788(1), 427(2), 518(1), 805(1), 41(1), 438(1), 208(1), E934(1), 493(1), E885(1), 486(1), 217(1), 296(1)",57
19,18,00191,diag_1,"642(1), 414(4), 410(2), 250.13(2), 711(1), 288(1), 250.12(1), 276(1), 250.6(1), 562(1), 402(1), 786(3), 183(1), 250.81(1), 730(1), 721(1), 574(1), 428(2), 578(1), 780(2), 296(1), 599(1), 444(1), 682(2), 787(1), 403(1), 821(1), 569(1), 493(1), 453(1), 584(1), 820(2), #####(1), 715(1), 576(1), 250.02(1), 611(1), 507(1), 250.8(1), 496(1), 289(1), 573(1), 604(1), 38(1), 250(1), 965(1)",57
19,18,00192,diag_2,"648(1), 411(3), 250.02(2), 276(7), 280(1), 599(6), 287(1), 157(1), 285(3), 403(2), 413(1), 250(4), 415(1), 428(2), 427(2), 414(2), 496(2), 294(1), 301(1), 162(1), 401(2), 486(1), 402(1), 794(1), 250.11(1), 682(1), 295(1), #####(1), 789(1), 728(1), 279(1), 967(1)",57
20,19,00201,diag_1,"202(2), 607(1), 414(5), 562(1), 428(2), 535(2), 296(1), 722(1), 434(1), 996(1), 410(3), 38(1), 411(1), 786(4), 250.7(1), 250.6(1), 530(1), 511(1), 250.82(1), 278(1), 682(3), #####(2), 590(1), 458(2), 486(1), 403(1), 427(3), 491(1), 584(1), 820(1), 174(1), 507(1), 153(1), 518(1), 578(1), V57(1), 625(1), 435(1), 726(1)",57
20,19,00202,diag_2,"512(1), 203(1), V10(1), 411(1), 250.6(2), 250.02(1), V45(1), 571(1), 428(2), 403(3), 38(2), 414(2), 511(1), 427(6), 112(1), 396(1), 401(1), 785(1), 707(2), 535(1), 786(1), 276(2), 250(3), 242(1), 493(1), 250.42(1), 496(1), 599(1), 425(1), 304(1), 584(1), #####(2), 413(1), 805(1), 197(1), 531(1), 530(1), 781(1), 280(1), 386(1), 716(1)",57
21,20,00211,diag_1,"332(1), 786(4), 414(5), 250.7(2), 434(3), 618(1), 276(2), 996(1), 295(1), 410(2), 486(5), V57(2), 404(1), 398(1), 780(2), 250.12(1), 733(1), 428(1), 431(1), 572(1), 789(1), 578(1), 787(1), 250.6(1), 491(3), 590(1), 729(1), 584(1), 250.82(1), 782(1), 350(1), 153(1), 536(1), 820(1), 518(1), 197(1), 808(1)",57
21,20,00212,diag_2,"276(2), 250.52(1), 411(2), 440(1), 250.02(1), 424(2), 401(5), 250.6(1), 403(1), 414(3), 250.82(1), 434(1), 425(1), 584(2), 413(1), 788(1), 493(1), 427(3), 295(2), 250(3), 496(3), 507(1), 571(1), 682(1), 280(1), 250.4(1), 536(1), 428(1), 599(3), 786(1), 491(1), 730(1), 560(1), E888(1), 486(2), 151(1), 861(1)",57
22,21,00221,diag_1,"414(4), 530(1), 410(2), 295(1), 402(2), 997(1), 250.4(1), 738(1), 250.6(1), 433(1), 996(3), 786(2), 428(2), 435(1), 250.02(1), 574(2), 722(1), 577(2), 578(1), 780(1), 427(1), 486(2), 434(1), #####(1), 482(1), 789(1), 250.8(2), 995(1), V58(1), 532(1), 453(2), 415(1), 491(1), 401(1), 518(1), 572(1), 608(1), 276(1), 238(1), 493(1), 39(1), 820(1), 715(1)",57
22,21,00222,diag_2,"411(1), 250.02(1), 425(3), 428(2), 427(5), 276(3), 424(1), 420(1), 403(1), 518(2), 496(1), 599(1), 996(1), #####(4), 682(2), 997(2), 250(3), 578(1), 284(1), 574(1), 414(2), 202(1), 781(1), 493(2), 150(1), 562(1), 155(1), 280(1), 722(1), 784(1), 584(1), 79(1), 285(1), 250.8(1), 466(1), 491(1), E880(1), E879(1)",57
23,22,00231,diag_1,"427(2), 997(1), 414(2), 574(1), 434(1), 996(1), 250.8(3), 410(4), 518(1), 276(1), 786(4), 428(2), 250.6(3), 250.02(1), 998(1), 733(1), #####(4), 715(1), 780(2), 595(1), 424(1), 562(1), 577(1), 530(2), 79(1), 38(2), 584(1), 682(1), 453(1), 486(1), 157(1), 599(1), 726(1), 218(1), 212(1), 198(1), 421(1), 823(1)",57
23,22,00232,diag_2,"250.03(1), 428(2), 411(3), 250.01(1), 250.02(2), 998(1), 292(1), 426(2), 440(1), 434(1), 403(4), 401(1), 300(1), V45(1), 584(1), 198(1), 425(1), 786(1), 250(2), 571(1), 789(1), 280(1), 414(1), 427(3), 303(1), 578(1), 599(2), 276(1), 585(2), 250.11(1), 518(1), #####(1), 536(1), 70(1), 337(1), 719(1), 782(1), 530(1), 627(1), 731(1), 496(1), 431(1), 41(1), 864(1)",57
24,23,00241,diag_1,"997(1), 414(4), 466(1), 189(1), 715(1), 493(1), 599(1), 428(2), 558(2), 435(1), 410(2), 295(1), 434(3), 250.6(1), 433(1), 440(2), 441(1), 553(1), 574(1), 786(2), 386(1), #####(3), 730(1), 560(3), 403(1), 682(2), 458(1), 486(2), 426(1), 724(1), 8(1), 820(1), 250.3(1), 197(1), 998(1), 250.8(1), 285(1), 965(1), 959(1), 253(1), 824(1)",57
24,23,00242,diag_2,"250.02(3), 250.01(3), 425(1), 401(2), 411(1), 250.13(1), 250.6(1), 414(1), 428(2), 276(4), 433(1), 427(1), 707(1), 250(4), 403(2), 342(1), 424(1), 780(1), 250.12(1), 496(2), 250.81(1), 715(1), 272(1), #####(2), 287(1), 491(2), 358(1), 518(2), 599(2), 285(1), 530(1), 162(1), E870(1), 585(1), 682(1), 562(1), 8(1), 891(1), E817(1)",57
25,24,00251,diag_1,"428(2), 250.13(2), 434(1), 250.7(2), 593(1), 414(3), 286(1), 410(3), 996(3), 433(1), 584(3), 786(1), 441(1), 780(2), 276(3), #####(6), 562(1), 574(1), 427(2), 250.82(1), 493(1), 294(1), 531(1), 592(1), 486(1), 250.8(1), 250.02(1), 464(1), 250.22(1), 789(1), 38(1), 518(1), 728(1), 714(1), 333(1), 604(1), 787(1)",57
25,24,00252,diag_2,"250.43(1), V15(1), 250.01(2), 440(1), 591(1), 411(1), 789(1), V42(1), 276(4), 576(1), 707(2), 428(2), 427(3), 250.82(1), 401(1), 599(1), 682(1), 997(1), 198(1), 255(1), 414(3), 410(1), 491(4), 496(1), 780(1), 585(2), 250(1), #####(2), 285(1), E878(1), 681(1), 204(1), 348(2), 54(1), 332(1), 486(1), 294(1), 715(1), 850(1), 603(1), E931(1)",57
26,25,00261,diag_1,"202(1), 191(1), 296(1), 250.22(1), 596(1), 414(5), 852(1), 590(1), 575(1), 998(1), 682(1), 654(1), 153(1), 410(1), 434(3), 250.6(1), 433(1), 38(2), 435(1), 786(2), 428(2), 416(1), 996(1), 250.02(1), #####(4), 558(1), 715(1), 438(1), 780(1), 486(3), 663(1), 626(1), 287(1), 413(1), 562(1), 427(1), 493(1), 584(1), 47(1), 567(1), 201(1), V57(1), 560(1)",57
26,25,00262,diag_2,"401(3), 492(1), 293(1), 276(3), 250(5), 998(1), 250.01(1), 250.02(1), 428(2), 250.41(1), 250.6(1), 648(2), 496(3), 196(1), 410(1), 427(2), 780(2), 403(1), 590(1), 599(5), 414(2), 425(1), 682(1), 785(1), 433(1), 518(2), #####(1), 625(1), 996(1), 560(1), 396(1), 250.5(1), 490(1), 508(1), 38(1), 728(1), 579(1)",57
27,26,00271,diag_1,"250.03(1), 414(3), 997(1), 434(3), 786(4), 296(1), 250.13(1), 723(1), 996(2), 157(1), 493(1), 410(1), 433(1), 823(1), 428(2), 574(2), 427(2), 682(2), 780(1), 276(1), 599(1), 435(2), 715(3), 415(1), 491(1), 486(1), 250.2(1), 998(1), 751(1), 250.02(1), 518(1), 250.8(1), 292(1), 507(1), 250.23(1), 844(1), 198(1), 592(1), 442(1), V57(1), 911(1), 183(1)",57
27,26,00272,diag_2,"276(4), 411(3), 410(1), 424(1), 401(2), 590(1), 998(2), 428(2), 196(1), 250.02(1), #####(7), 250(6), 250.6(1), 403(1), 414(1), 425(1), 496(1), 402(1), 427(2), 453(1), 172(1), 250.22(1), 599(1), 682(2), 465(1), 491(1), 296(1), 486(2), E935(1), 185(1), 592(1), 441(1), V49(1), 295(1), 182(1)",57
28,27,00281,diag_1,"250.7(1), 410(3), 491(3), 414(2), 250.13(2), 682(2), 577(3), 434(2), 780(2), 996(2), 198(1), 38(1), 440(1), 411(1), 415(1), 786(2), 250.02(1), 722(1), 428(2), 584(2), 532(1), 276(1), 599(2), 535(1), 530(1), 493(1), 486(1), 661(1), 820(1), 715(2), 250.8(2), 580(1), 283(1), 518(1), 250(1), 250.92(1), 600(1), 274(1), 728(1)",57
28,27,00282,diag_2,"440(1), 250.02(2), 250.01(1), 411(1), 276(5), 250.7(1), 287(1), 403(2), 426(1), 280(2), 486(2), 250(6), 198(1), 427(5), 996(1), 444(1), 424(1), 303(1), 599(1), 496(2), 786(1), 788(1), 707(2), 305(1), 790(1), 428(1), 648(1), 272(2), 423(1), 285(1), 710(1), 535(1), 491(1), 753(1), 730(1), 250.8(1), 727(1)",57
29,28,00291,diag_1,"277(1), 648(2), 434(1), 414(5), 707(2), 455(1), 786(1), 428(2), V58(1), 584(1), 557(1), 733(1), 784(1), 410(1), 402(1), 38(3), 780(2), 722(1), 404(1), 682(1), 574(1), 440(1), 435(1), #####(1), 578(1), 599(1), 427(1), 540(1), 998(1), 577(1), 507(2), 486(2), 415(2), 276(1), 459(1), 518(1), 560(1), 730(1), 250(1), 494(1), 716(1), 250.11(1), 537(1), V57(1)",57
29,28,00292,diag_2,"250.02(2), 250.03(1), 250.01(2), 411(1), 250.7(1), 428(2), 250.6(2), 112(1), 203(1), 403(3), 496(4), 250.41(1), 410(2), 276(2), 425(1), 491(3), 285(1), 250(2), 577(1), 401(2), 427(2), 38(1), 786(1), 414(1), 304(1), #####(1), 682(1), 574(1), 599(1), 280(2), 263(1), 707(1), 507(1), 486(2), 250.8(1), 453(1), 515(1), 138(1), 808(1)",57
30,29,00301,diag_1,"410(5), 571(2), 590(1), 288(1), 414(4), 715(3), 250.6(1), 295(2), 415(1), 250.7(2), 491(3), 428(2), 423(1), 786(1), 250.13(1), #####(3), 218(1), 724(1), 402(1), 482(1), 780(2), 578(1), 401(1), 592(1), 296(1), 427(1), 8(1), 507(1), 569(1), 197(2), 481(1), V57(1), 552(1), 250.1(2), 233(1), 162(1), 453(1)",57
30,29,00302,diag_2,"398(1), 572(1), 250.01(1), 403(4), 411(1), V45(1), 789(2), 250.02(1), 996(1), 434(1), 707(1), 785(1), 135(1), 427(2), 285(2), 112(1), 599(3), 413(1), 276(3), 462(1), 401(3), 496(1), 250(3), 218(1), 272(1), 491(2), 428(2), 786(1), 281(1), #####(2), 577(1), 404(1), 244(1), 153(1), 560(1), 682(1), 197(1), 799(1), 718(1), 346(1)",57
31,30,00311,diag_1,"733(1), 410(3), 414(4), 794(1), 79(1), 466(1), V57(1), 428(2), 402(1), 432(1), 386(1), 250.02(2), 440(1), 786(2), 188(1), 459(1), #####(1), 276(1), 562(1), 599(2), 780(1), 532(1), 38(1), 427(1), 426(1), 681(1), 715(1), 556(1), 805(1), 584(1), 998(1), 491(2), 280(1), 486(2), 577(1), 8(2), 292(1), 515(1), 285(1), 530(1), 722(1), 527(1), 162(1), 970(1), 618(1)",57
31,30,00312,diag_2,"250.01(3), 204(1), 411(1), 424(3), 250(5), 434(1), 250.6(1), 428(2), 780(2), 403(2), 427(6), 425(1), 287(1), 414(1), 599(1), 553(1), 250.02(1), 276(6), 285(1), 507(1), #####(4), 682(1), 535(1), 518(1), 304(1), 317(1), 486(2), 530(1), 377(1), 305(1), 584(1), 618(1)",57
32,31,00321,diag_1,"715(1), 351(1), 996(2), 812(1), 414(2), 250.41(1), 250.13(1), 997(1), 250.12(1), 433(2), 724(1), 786(4), 296(1), 789(2), V57(2), 434(2), 574(2), 250.6(1), 428(2), 998(1), #####(7), 410(1), 780(2), 682(2), 599(1), 440(1), 518(1), 821(1), 491(1), 38(2), 250.11(2), 312(1), 451(1), 537(1), 820(1), 562(1)",57
32,31,00322,diag_2,"999(1), 53(1), 567(1), 250.01(1), 411(2), 276(5), 789(1), 250.6(2), 787(1), 414(1), 250(4), 198(1), 342(1), 428(2), 425(2), 496(2), 38(1), 707(2), 998(1), 535(1), 518(1), 599(2), 427(4), 70(1), 511(1), 492(1), 413(1), #####(1), 591(1), 730(1), 585(2), 486(1), 568(1), 401(1), 577(1), 584(1), 380(1), 812(1), 792(1)",57
33,32,00331,diag_1,"410(4), 303(1), 575(2), 414(3), 398(1), 786(4), 38(1), 427(3), 434(1), 402(1), 812(1), 250.02(1), 295(1), 733(1), 453(1), 780(1), 682(2), 564(1), 493(2), 531(1), 486(3), 664(1), 157(1), 440(1), 287(1), 458(1), 8(1), 331(1), 584(1), 250.8(1), 428(1), 578(1), 217(1), 294(1), V57(2), 160(1), 459(1), 336(1), 785(1), 802(1), 275(1)",57
33,32,00332,diag_2,"250.03(1), 581(1), 250.01(1), 573(1), 411(2), 276(5), 250.02(2), 711(1), 997(1), 428(2), 424(1), 162(1), 401(3), 425(1), 303(1), 784(1), 305(2), 730(1), 599(4), 996(1), 38(1), 496(2), 733(1), 710(1), #####(3), 648(1), 427(1), 197(1), 682(1), 250(1), 41(1), 453(1), 286(1), 414(1), 298(1), 438(1), 782(1), 324(1), 493(1), 921(1), 712(1)",57
34,33,00341,diag_1,"493(1), 250.03(1), 414(6), 648(1), 250.12(1), 433(1), 250.13(1), 250.83(1), 436(1), 599(1), 682(3), 410(4), 786(1), 296(1), 185(1), 426(1), 295(1), 250.6(3), 250.7(1), 730(1), 577(1), 411(1), 428(2), 440(1), #####(3), 404(1), 592(1), 780(1), 486(2), 507(1), 427(1), 560(1), 491(1), 530(1), 726(1), 250.11(1), 290(1), 600(1), 250(1), 511(1), 622(1)",57
34,33,00342,diag_2,"250.03(1), 276(6), 250.01(1), 250.91(1), 426(1), 250.02(2), 411(2), 787(1), 434(1), V42(1), 424(2), 250(5), 401(3), 198(1), 250.41(1), 427(2), 305(2), 403(3), 707(2), 496(2), 425(1), 414(1), 536(1), 780(3), 491(1), 571(1), 599(3), 428(1), 413(1), 486(1), V64(1), 459(1), 626(1)",57
35,34,00351,diag_1,"296(1), 250.12(2), 402(1), 235(1), 414(4), 162(1), 727(1), 535(1), 174(1), 434(4), 250.42(1), V58(1), 786(6), 410(3), 996(1), 53(1), 428(1), 38(1), 780(3), 512(1), 997(1), 427(2), 250.82(1), 515(1), 276(1), 491(2), 496(1), 486(2), V57(1), 820(2), 562(1), 425(1), 801(1), 715(2), 682(1), 534(1)",57
35,34,00352,diag_2,"250.83(1), 157(1), 250.01(1), 211(1), 411(1), 196(1), 496(1), 250.02(1), 174(1), 250.42(1), 276(6), 410(1), 401(1), 428(1), 202(1), 482(1), 135(1), 599(1), 250(5), 414(2), 38(1), 491(2), V42(1), 576(1), 427(4), 584(3), 436(1), 780(2), 486(1), 511(1), 493(2), 250.4(1), 402(1), E885(1), 278(1), 593(1), 924(1), 285(1), 736(1)",57
36,35,00361,diag_1,"410(2), 599(4), 250.7(1), 414(5), 311(1), 296(2), 729(1), 575(1), 427(2), 411(1), 434(1), 428(2), 786(3), 998(1), 348(2), 780(2), 558(1), #####(3), 584(2), 562(1), 491(1), 486(2), 715(2), V57(1), 197(1), 276(1), 536(1), 652(1), 518(1), 600(1), 821(1), 708(1), 250.8(1), 150(1), 461(1), 8(1), 801(1)",57
36,35,00362,diag_2,"250.01(3), 440(1), 250.02(1), 309(1), 300(1), 411(1), 425(2), 250(5), 427(2), 428(2), 397(1), 244(1), 414(3), 401(1), 998(1), 250.53(1), 496(3), 276(3), 491(2), 287(1), 560(1), 599(2), 263(1), 493(1), 404(1), 518(1), #####(2), 707(1), 789(1), 584(1), 585(2), 786(1), 648(1), E849(1), 519(1), 8(1), 70(1), 322(1)",57
37,36,00371,diag_1,"414(5), 434(1), 276(2), 428(2), 996(1), 433(1), 436(1), 486(5), 410(3), 560(2), 786(3), 722(1), 250.6(1), 250.8(2), 553(1), 562(1), #####(3), 482(1), 198(1), 424(1), 427(2), 721(1), 780(1), 540(1), 331(1), 507(1), 154(1), 569(1), 491(1), 535(1), 431(1), 493(1), 536(1), 812(1), 584(1), 458(1), 285(1), 226(1)",57
37,36,00372,diag_2,"411(1), 729(1), 250.13(1), 250.4(1), 424(1), 998(1), 401(1), 342(1), 250(5), 250.6(1), 425(1), 428(2), 403(1), 427(3), 135(1), 412(1), 710(1), 304(1), 707(2), 788(2), 571(1), 493(1), 511(1), #####(4), 404(1), 153(1), 276(3), 491(1), 414(1), 496(1), 790(1), 305(1), 780(2), 211(1), 295(1), 599(1), 429(1), 311(1), 250.8(1), E942(1), 568(1), 585(1)",57
38,37,00381,diag_1,"434(2), 435(1), 414(7), 654(1), 821(1), 998(2), 562(2), 428(2), 511(1), 593(1), 427(2), 491(2), 410(1), 786(3), 682(2), 571(1), #####(4), 599(1), 413(1), 535(1), 574(1), 38(1), 532(1), 486(1), 294(1), 250.8(1), 250.11(1), 348(1), 557(1), 584(1), V55(1), 415(1), 493(1), V57(1), 576(1), 582(1), 402(1), 298(1), 362(1)",57
38,37,00382,diag_2,"250.01(2), 293(1), 250.7(1), 250.02(3), 411(3), 648(1), 424(2), 250.6(1), 284(1), 591(1), 428(2), 285(1), 414(2), 250(2), 287(2), 496(3), 511(1), 401(2), 276(4), 584(1), 410(1), 403(1), V12(1), 571(1), 574(1), 280(1), 682(2), 427(2), 303(1), 599(1), #####(3), 518(1), 486(1), 438(1), 70(1), 595(1), 272(1)",57
39,38,00391,diag_1,"642(1), 466(1), 569(1), 410(3), 414(6), 482(1), 250.13(1), 733(1), 250.81(1), 296(1), 997(1), 493(1), 411(1), 574(1), 427(2), 789(1), 428(2), 787(2), 250.02(1), 682(1), 401(1), 185(1), 560(1), 486(2), 404(1), #####(3), 435(1), 562(1), 331(1), 808(1), 578(1), 250.8(1), 998(1), 805(1), 824(1), 291(1), 518(1), 376(1), 420(1), 458(1), 282(1), 802(1), 584(1), 485(1)",57
39,38,00392,diag_2,"648(1), 250.02(3), 250.01(1), 411(2), 277(1), 276(6), 250.81(1), 41(1), 401(4), 305(2), 599(2), 197(1), 786(1), 424(1), 427(4), 403(1), 150(1), 413(1), 425(1), 253(1), 584(1), 250(2), 493(1), 518(1), 491(2), 780(1), 569(1), 585(3), 785(1), E885(1), 428(1), 250.9(1), 486(2), 813(1), 592(1), 515(1)",57
40,39,00401,diag_1,"162(1), 648(1), 812(1), 715(2), 410(1), 414(5), 250.13(1), 434(2), 562(1), 433(1), 296(1), 440(1), 574(2), 733(1), 491(2), 482(1), 250.02(1), 786(2), 722(2), 250.7(1), 578(1), 428(2), 780(3), 820(3), #####(3), 682(1), 250.82(1), 427(2), 592(1), 572(2), 584(2), 486(3), 284(1), 789(1), 746(1)",57
40,39,00402,diag_2,"512(1), 661(1), 250.01(2), 426(1), 411(2), 288(1), 425(1), 424(1), 401(1), 250(7), 250.82(1), 998(2), 428(2), 410(2), 250.02(1), 707(1), 780(1), 427(4), 276(4), 412(1), 785(2), 786(1), 496(2), 414(1), 591(1), 571(1), 289(1), 295(1), 491(1), 493(1), 794(1), 518(1), 682(1), 578(1), 696(1), 486(1), 570(1), 911(1)",57
41,40,00411,diag_1,"428(2), 482(1), 812(1), 250.7(2), 414(4), 574(4), 410(3), 427(5), 433(1), 722(1), 560(1), 780(1), 996(2), #####(3), 786(1), 250.6(2), 535(1), 276(2), 440(1), 729(1), 491(1), 998(1), 486(1), 531(1), 493(1), 458(1), 715(1), 682(1), 562(1), 507(1), 599(1), 197(1), 250.8(1), 444(1), 426(1), 353(1), 278(1), 300(1)",57
41,40,00412,diag_2,"250.52(1), 572(1), 292(1), 440(1), 411(1), 424(1), 787(1), 250.02(1), 425(2), 403(2), V45(1), 426(1), 414(4), 428(2), 788(1), V10(1), 288(1), 496(1), 707(3), 997(1), 250(2), 599(1), 250.11(1), 401(4), 276(1), 682(1), 518(1), 511(1), 285(1), 303(1), 491(1), 250.92(1), 578(1), 486(2), 197(1), 263(1), 443(1), 278(1), 585(3), #####(1), 620(1), 296(1)",57
42,41,00421,diag_1,"250.13(1), 340(1), 447(1), 414(3), 466(2), 512(1), 577(2), 250.12(1), 996(2), 565(1), 434(1), 410(2), 786(4), 218(1), 540(1), 70(1), 584(1), 574(1), 428(2), #####(2), 482(1), 416(1), 560(1), 250.6(1), 599(1), 486(4), 715(3), 707(1), 435(1), 820(1), V57(2), 518(1), 681(1), 507(1), 453(1), 415(1), 438(1), 250.11(1), 420(1), 38(1)",57
42,41,00422,diag_2,"V15(1), 250.02(2), V42(1), 411(1), 789(1), 250.01(1), 492(1), 403(1), 401(3), 250.41(1), 428(2), 276(2), 425(2), 496(5), 250.51(1), 250.6(1), 250(2), 250.82(1), 414(2), 599(3), 272(1), 578(1), 518(3), 331(1), 682(2), 625(1), 780(1), 263(1), 453(2), 507(1), 493(1), 427(1), 285(1), 574(1), 345(1), 577(1), 585(1), 250.2(1), 189(1)",57
43,42,00431,diag_1,"786(4), 296(1), 414(5), 428(2), 996(3), 295(1), 411(1), 434(2), 250.12(1), 491(2), 151(1), 410(2), 250.02(1), 250.6(1), #####(5), 402(2), 789(1), 401(1), 532(1), 531(1), 780(1), 682(1), 507(1), 715(1), 486(2), 435(1), 218(1), 38(1), 552(1), 820(1), 584(1), 458(1), 250.1(1), 453(1), V57(1), 162(1), 617(1), 282(1)",57
43,42,00432,diag_2,"250.01(1), 300(1), 411(3), 250.02(2), 250.6(1), 996(1), 780(2), 250(3), 272(1), 427(6), 787(1), 305(1), 403(1), 276(4), 410(1), 285(2), 425(2), 413(1), 496(4), 786(1), 402(1), 401(2), 428(2), 42(1), 493(1), 616(1), 455(1), 486(1), 599(1), #####(3), 287(1), 781(1), 585(1), 273(1)",57
44,43,00441,diag_1,"250.03(1), 571(1), 996(1), 189(1), 414(4), 250.13(1), 428(2), V58(1), 276(2), 410(2), 433(1), 250.82(2), 599(2), 552(1), 786(1), #####(2), 403(1), 578(1), 535(1), 562(1), 574(1), 486(2), 435(2), 423(1), 998(1), 491(2), 577(1), 426(2), 569(1), 427(1), 444(1), 197(1), 250.11(1), 38(1), 8(1), 345(1), 644(1), 537(1), 478(1), 812(1), 155(1), 824(1), 780(1), 664(1)",57
44,43,00442,diag_2,"401(3), 572(1), 567(1), 250.02(4), 411(1), 276(7), 202(1), 492(1), 424(1), 112(2), 250.42(1), 285(2), 413(1), 428(2), 511(1), 427(2), 280(2), 518(1), 250(1), 453(1), 404(1), 682(2), 305(1), 272(1), #####(1), 162(2), 599(1), 496(1), 491(1), 493(1), 303(1), 648(1), 410(2), 780(1), E888(1), 824(1), 282(1), 647(1)",57
45,44,00451,diag_1,"196(1), 332(1), 250.41(1), 280(1), 805(2), 250.81(1), 414(3), 8(1), 996(1), 250.13(2), 733(1), 304(1), 303(1), 296(2), 433(1), 432(1), 440(2), 590(1), 410(2), 786(2), 428(1), 250.6(1), 595(1), 599(1), 403(1), 276(1), 780(2), 185(1), 435(1), 38(2), 427(2), 584(1), 486(2), 79(1), 715(2), 682(1), 518(1), 799(1), 250.8(1), 560(1), 443(1), 562(1), 820(1), 808(1)",57
45,44,00452,diag_2,"V10(1), 276(3), 403(2), 250.01(4), 996(1), 411(2), 444(1), 198(2), 571(1), 401(2), 250(2), 414(2), 493(1), 786(1), 788(1), 425(1), 404(1), 428(2), 427(2), 997(2), 41(1), 285(2), #####(4), 486(1), 496(2), 781(1), 599(1), 413(1), 707(3), 42(1), 511(1), 733(1), 466(1), 585(1), 872(1), 808(1)",57
46,45,00461,diag_1,"786(5), 648(1), 295(2), 711(1), V58(1), 241(1), 414(4), 428(2), 682(4), 733(1), 447(1), 174(1), 410(3), 402(1), 571(1), #####(2), 482(1), 436(1), 440(1), 280(1), 578(1), 250.22(1), 276(1), 530(1), 535(2), 486(3), 293(1), 820(1), 250.8(1), 600(1), 715(1), 153(1), 285(1), 780(1), 562(1), V57(1), 581(1), 250.21(1), 601(1)",57
46,45,00462,diag_2,"250.03(1), 250.01(3), 250.41(1), 203(1), 401(2), 426(1), 250.02(2), 411(1), V42(1), 250(3), 250.6(1), 162(1), 196(1), 428(2), 276(2), 70(1), 511(1), 518(1), 790(1), 342(1), 427(1), 784(1), 535(1), 560(1), 584(1), #####(3), 536(1), 41(2), 785(1), 136(1), 599(2), 491(1), 530(1), 997(1), 585(1), 682(1), 681(1), 285(1), 197(1), 403(1), 295(1), 569(1), 532(1), 820(1), 280(1)",57
47,46,00471,diag_1,"586(1), 293(1), 599(3), 414(6), 786(3), 730(1), 250.42(1), 435(1), 466(1), 558(1), 433(1), 434(1), 296(2), 276(2), 411(1), 410(4), 722(1), 428(2), 250.6(1), 184(1), 996(1), 250.82(1), 577(1), 491(2), 250.4(1), 294(1), 507(1), V57(1), 715(1), 782(1), 374(1), 568(1), 437(1), 518(1), 823(1), 514(1), 420(1), 608(1), 784(1), 250.8(1), 853(1)",57
47,46,00472,diag_2,"996(1), 250.01(2), 411(2), 250.41(1), 424(2), 440(1), 276(5), 250.02(1), 250.6(1), V45(2), 496(2), 250(3), 305(1), 250.81(1), 511(1), 403(2), 38(2), 162(1), 425(1), 285(1), 535(1), 413(1), 599(3), 196(1), 590(1), 250.4(1), 404(1), 402(1), 428(1), 286(1), 567(1), 401(1), 969(1), 427(2), 295(1), 359(1), 486(1), 758(1), 250.92(1), 280(1), 731(1)",57
48,47,00481,diag_1,"428(2), 250.7(1), 780(2), 250.13(1), 410(1), 852(1), 786(1), 434(3), 493(1), 427(3), 414(3), 575(1), 250.02(1), #####(3), 117(1), 789(1), 157(1), 710(1), 225(1), 112(1), 276(2), 403(1), 560(2), 250.6(1), 486(3), 491(1), 507(1), 348(1), 715(1), 440(1), 682(1), 415(1), 38(1), 574(1), 576(1), 285(1), 253(1), 425(1), V57(1), 250.11(1), 719(1), 723(1), 968(1)",57
48,47,00482,diag_2,"250.43(1), 440(1), 434(1), 276(4), 250.02(4), 250.6(1), 424(1), 403(3), 401(1), 242(1), 411(1), 250(5), 428(2), 780(2), 425(2), 413(1), 496(4), V42(1), 427(2), 682(1), 294(1), 491(2), 511(1), 244(1), 553(1), 873(1), 295(1), 707(1), 518(1), 575(1), 576(1), 162(1), #####(1), 438(1), 584(1), 443(1), 344(1)",57
49,48,00491,diag_1,"293(1), 250.83(1), 738(1), 434(1), 414(4), 295(1), 428(2), 427(1), 250.12(2), 424(1), 433(1), 276(4), 250.6(4), 786(2), 599(1), #####(4), 402(1), 431(1), 562(1), 404(1), 435(1), 38(3), 491(2), 560(1), 458(1), 715(1), 556(1), 453(1), 584(1), 820(2), 567(1), 485(1), V57(1), 641(1), 250.8(1), 5(1), 569(1), 821(1)",57
49,48,00492,diag_2,"250.03(1), 682(2), 492(1), 250.6(1), 411(3), 250(3), 451(1), 250.02(1), 401(5), 496(3), 428(2), 787(1), 578(1), 413(3), 536(1), 427(2), 707(2), 305(1), 403(2), 599(3), 276(2), #####(2), 332(1), 250.92(1), 263(1), 584(1), 250.11(1), 493(1), 562(1), 357(1), 424(1), V43(1), 648(1), 790(1), 565(1), 585(1)",57
50,49,00501,diag_1,"410(6), 250.03(1), 296(1), 414(4), 733(1), 189(1), 250.13(1), V57(2), 276(4), 203(1), 434(1), 722(1), 996(2), 250.02(1), 153(1), 786(2), 433(1), 218(1), 428(2), 532(1), 577(1), 436(1), 599(1), 185(1), 427(1), 486(1), 715(1), V53(1), 197(2), 250.11(1), 250.6(1), 584(1), 250.8(1), 285(1), 787(1), 403(1), 570(1), 934(1), 309(1), 716(1), 854(1)",57
50,49,00502,diag_2,"398(1), 276(4), 300(1), 250.02(2), 411(1), 198(1), 401(4), 434(1), 284(1), V45(1), 250(2), 998(1), 403(2), 410(1), 196(1), 414(2), 427(4), 437(1), 518(2), 496(1), 599(1), 280(1), 8(1), 428(2), 491(1), 596(1), 305(1), 781(1), 707(2), 70(1), 530(1), 486(1), 584(2), 578(1), 733(1), 576(1), E947(1), 296(1), 906(1), 860(1)",57
51,50,00511,diag_1,"648(1), 414(3), 429(1), 250.83(1), 578(1), 440(1), 295(1), 783(1), 250.41(1), 250.13(1), 410(2), 786(2), 553(1), 154(1), 250.7(1), 428(2), #####(3), 535(1), 998(1), 38(2), 424(1), 153(1), 276(1), 531(1), 491(2), 562(1), 530(1), 780(2), V58(1), 999(1), 250.82(1), 441(1), 493(2), 427(1), 280(1), 431(1), 714(1), 584(1), 486(1), 728(1), 250.12(1), 518(2), 180(1), 341(1), 182(1)",57
51,50,00512,diag_2,"250.01(2), 424(1), 910(1), 411(1), 250.02(1), 250.6(1), 707(2), 401(3), 162(1), 583(1), 558(1), 496(1), 403(3), 285(5), 428(1), 414(2), 427(4), 425(1), 599(2), 38(1), 153(1), 276(3), 198(1), 250.5(1), V58(1), 205(1), 780(1), 294(1), 250(2), 590(1), V15(1), 70(1), 518(1), 278(1), 295(1), 491(1), 493(1), 305(1), 453(1)",57
52,51,00521,diag_1,"577(1), 434(1), 250.81(1), 997(1), 414(5), 590(1), 682(3), 427(4), 250.13(1), 433(1), 250.12(1), 571(1), 410(2), 428(2), 996(2), 724(1), 444(1), 402(1), 574(1), 435(1), 786(1), 276(1), 998(1), 436(1), 346(1), 38(1), V57(1), 599(2), 507(1), 250.82(1), 491(2), 820(2), 345(1), 707(1), 824(1), 250.8(2), 285(1), 437(1), 440(1), 250.1(1), 512(1)",57
52,51,00522,diag_2,"250.03(1), 250.01(1), 434(1), 440(1), 411(2), 250.6(1), 250.02(1), 426(1), V45(1), 578(1), 401(1), 276(3), 427(5), 303(1), 250(3), 425(1), 511(1), 413(1), 780(1), 788(1), 386(1), 599(3), 435(1), 730(2), 438(1), 507(1), 414(2), 436(1), 41(1), 428(2), 707(1), E885(1), 343(1), #####(3), 682(2), 250.8(1), 593(1), 459(1), E878(1), 452(1)",57
53,52,00531,diag_1,"599(2), 648(1), 398(1), 780(2), 414(5), 682(2), 440(2), 250.4(1), 428(2), 410(3), 250.7(1), 572(1), #####(4), 998(2), 786(1), 296(1), 592(1), 401(1), 435(1), 507(2), 426(1), 486(2), 959(1), 427(2), V57(2), 250.11(3), 558(1), 584(1), 250.8(1), 564(1), 824(1), 518(1), V66(1), 600(1), 533(1), 205(1)",57
53,52,00532,diag_2,"250.83(1), 250(2), 403(3), 250.01(1), 250.6(1), 358(1), 411(1), 998(2), 285(1), 583(1), 413(1), 401(2), 414(3), 428(2), 707(1), 571(1), 276(4), 427(4), #####(3), 301(1), 997(1), 599(1), 396(1), 402(2), 38(1), 780(1), 518(2), 785(1), 410(1), 682(1), 530(1), 486(1), 585(1), 157(1), 584(1), 515(1), 691(1), 491(1), V58(1)",57
54,53,00541,diag_1,"434(2), 996(1), 654(1), 482(1), 414(4), 427(2), 577(1), 998(1), 433(1), 428(2), 922(1), 486(2), 560(1), 786(3), 250.81(1), 304(1), 782(1), 250.22(1), 436(1), 410(1), #####(1), 722(2), 250.02(1), 721(1), 458(2), 435(1), 424(1), 578(1), 599(1), 518(1), 38(1), 250.8(2), 413(1), 716(1), 276(1), 724(2), 415(1), 550(1), 511(1), 250.2(1), 442(1), 594(1), 682(1), 395(1)",57
54,53,00542,diag_2,"293(1), 250.41(1), 648(1), 250.02(3), 411(1), V42(1), 250.6(2), 567(1), 401(3), 424(3), 492(1), 250(5), 780(3), 413(1), 276(3), 425(2), 493(1), 428(2), 403(2), 738(1), #####(4), 280(1), 518(1), 507(1), 242(1), 414(1), 496(1), 244(1), 8(1), 162(1), 707(1), 433(1), 722(1), 427(1), 959(1), 584(1)",57
55,54,00551,diag_1,"277(1), 250.03(1), 434(2), 414(6), 250.41(1), 250.13(1), 682(1), 11(1), 296(1), 411(1), 135(1), 592(2), 410(3), 250.6(3), 997(1), 428(2), #####(2), 185(1), 577(1), 440(1), 403(1), 198(1), 427(3), 276(1), 426(1), 475(1), 486(2), 491(1), 250.4(1), 552(1), 788(1), 250.8(1), 211(1), 535(1), 715(1), 182(1), 584(1), 569(1), 791(1), 992(1), 474(1)",57
55,54,00552,diag_2,"428(2), 780(1), 250.02(2), 411(3), 599(8), 276(2), V10(1), 250.01(1), 250(4), 414(4), 427(5), 285(1), 401(2), 413(1), 287(1), 41(1), #####(6), 785(1), 303(1), 416(1), 707(1), 304(1), 403(1), 496(1), 492(1), 415(1), 396(1), 585(1), 478(1)",57
56,55,00561,diag_1,"648(1), 250.03(1), 250.83(1), 562(1), 682(1), 250.7(2), 434(3), 456(1), 578(1), 414(5), 410(1), 295(1), 428(2), 486(3), 433(1), 531(1), #####(2), 250.12(1), 723(1), 574(1), 435(1), 786(1), 250.42(1), 427(2), 507(1), 413(1), 491(1), 174(1), 493(1), 38(2), 535(1), 807(1), 188(1), 290(1), 250.8(1), 564(1), 844(1), 276(1), 496(1), 599(1), 250(1), 250.1(1), 250.11(1), 715(1)",57
56,55,00562,diag_2,"250.03(1), 34(1), E932(1), 250.01(2), 440(1), 250.02(2), 285(1), 573(1), 411(1), 424(2), V45(1), 303(1), 276(3), 410(2), 401(3), 496(4), 425(2), 493(1), 287(1), 250(3), 599(1), 427(4), 492(1), 997(1), 785(1), 428(2), 486(1), #####(1), 286(1), 403(1), 70(1), 453(1), 295(1), 438(1), 278(1), 340(1), 577(1), 250.31(1), E929(1)",57
57,56,00571,diag_1,"398(1), 434(1), 311(1), 410(1), 414(5), 428(2), 250.13(1), 682(3), 491(2), 153(1), 599(3), 38(1), 466(1), 157(1), 789(2), 996(2), 333(1), 786(3), 562(1), #####(2), 250.7(1), 440(1), 535(1), 288(1), 486(1), 427(2), 715(2), 557(1), 578(1), V57(1), 276(1), 162(1), 574(1), 453(1), 282(1), 625(1), 239(1), 197(1), 723(1), 813(1)",57
57,56,00572,diag_2,"397(1), 292(1), 250.6(1), 290(1), 411(2), 250.02(3), 276(2), 403(3), 401(2), 196(1), 424(1), 204(1), 427(2), 413(1), 496(2), 562(1), 250.8(1), 511(1), 250(2), 428(2), 786(2), 682(2), 414(2), 599(2), 518(1), 997(1), 530(2), 715(1), 41(1), 707(1), 486(2), 38(1), 574(1), 560(1), 272(1), 571(1), 728(1), 799(1), V08(1), 870(1)",57
58,57,00581,diag_1,"414(5), 434(4), 997(2), 780(1), 296(2), 996(2), 572(1), 428(2), #####(2), 482(1), 250.7(1), 444(1), 590(1), 786(1), 578(1), 404(1), 401(1), 440(1), 486(2), 569(1), 427(3), 410(1), 458(1), 491(2), 250.6(1), 250.82(1), 493(2), 721(1), 507(1), 250.8(1), 682(1), 820(1), 331(1), 162(1), 805(1), 250.4(1), 585(1), 715(1), 518(1), 784(1)",57
58,57,00582,diag_2,"411(2), 426(1), 996(1), 250.02(1), 250(5), 276(3), 401(1), 413(1), 427(3), 786(1), 403(2), 571(1), 414(1), 496(1), 564(1), 491(4), 707(3), 998(1), 428(2), 280(1), 482(1), 730(2), 425(2), 486(3), 433(1), #####(3), 682(1), 780(2), 285(1), 294(1), 530(1), 518(1), 600(1), 782(1)",57
59,58,00591,diag_1,"433(3), 296(2), 482(1), 996(1), 250.7(1), 626(1), 414(4), 410(2), 295(1), 432(1), 386(1), 403(1), 428(2), 250.02(1), #####(4), 786(1), 532(1), 599(3), 70(1), 404(1), 496(1), 486(3), 427(3), 715(2), 493(2), 276(1), 151(1), 453(1), 780(1), 38(1), 682(1), 511(1), 250.6(1), 8(1), 162(1), 790(1), 810(1), 153(1)",57
59,58,00592,diag_2,"250.01(1), 309(1), 277(1), 250.41(1), 250.6(1), 440(1), 998(1), 411(1), 426(1), 780(1), 250(5), 424(1), 403(2), 250.02(1), 428(2), V45(1), 305(1), 276(5), 427(1), 414(4), 401(2), 785(1), 596(1), 486(1), 272(1), 413(1), 496(2), 511(1), #####(2), 250.13(1), 599(2), 578(1), 285(2), 337(1), 250.8(1), 197(1), 162(1), 781(1), 702(1)",57
60,59,00601,diag_1,"596(1), 404(1), 428(2), 997(1), 414(4), 577(1), 276(3), 433(1), 571(1), 434(3), 410(3), 996(2), 578(2), 786(1), #####(2), 998(1), 491(3), 348(1), 486(4), 715(1), 780(2), 427(2), 724(1), 682(2), 618(1), 431(1), 38(1), 458(1), 530(2), 162(1), 42(1), 287(1), 9(1), 349(1), 250.1(1)",57
60,59,00602,diag_2,"V42(1), 581(1), 250.01(1), 440(1), 411(1), 135(1), 250.6(1), 410(1), 401(5), 276(3), 250(4), 403(2), 414(2), 427(4), 211(1), 428(2), 486(3), 496(2), 41(1), 402(1), 8(2), #####(2), 618(1), 599(1), 250.42(1), 537(1), 584(1), 585(3), 682(1), 453(1), 473(1), 437(1), 9(1), 296(1), 510(1)",57
61,60,00611,diag_1,"648(1), 250.83(1), V58(1), 593(1), 995(1), 410(1), 414(1), 401(1), 250.13(1), 295(1), 411(1), 575(1), 491(1), 820(2), 250.81(1), 730(1), 397(1), 574(1), 250.02(2), 428(2), 435(1), 786(1), 434(1), 250.6(1), 780(2), #####(2), 577(1), 276(1), 600(1), 427(2), 197(1), 724(1), 351(1), 562(1), 250.8(5), 250.82(1), 790(1), 584(1), 682(1), 8(1), 415(1), 486(1), 799(1), 784(1), 519(1), 396(1), 564(1)",57
61,60,00612,diag_2,"250.01(1), 731(1), 155(1), 591(1), 250.02(5), 411(1), 434(1), 276(7), 401(4), 428(2), 707(5), 398(1), 571(1), 427(5), 250(2), 414(2), 599(1), 412(1), 413(1), 518(2), 403(4), 578(1), 996(1), 285(1), 404(1), 453(1), 491(1), 585(1), 607(1)",57
62,61,00621,diag_1,"276(1), 250.7(1), 592(1), 414(10), 998(3), 996(1), 428(2), 410(3), 436(1), #####(3), 189(1), 386(1), 786(1), 435(1), 578(2), 600(1), 250.8(2), 780(2), 198(1), 491(1), 250.11(1), 560(1), 715(2), 574(1), 162(1), 536(1), 8(1), 250.12(1), 518(1), 995(1), 250.93(1), 643(1), 616(1), 558(1), 584(1), 822(1), 682(1)",57
62,61,00622,diag_2,"250.01(2), 440(1), 250.02(2), 411(2), 426(1), 424(2), 397(1), 401(2), 496(2), 250(2), 285(2), 428(2), 250.4(1), 786(2), 425(1), 223(1), 427(2), 780(4), 414(2), 244(1), #####(1), 788(1), 873(1), 493(2), 682(1), 577(1), 730(1), 276(3), 733(1), 580(1), 599(1), E930(1), 648(1), 705(1), 714(1), 814(1), 250.12(1), V43(1), 695(1)",57
63,62,00631,diag_1,"398(1), 522(1), 618(1), 414(4), 79(1), 281(1), 578(1), 575(1), 789(2), 250.81(1), 782(1), 428(2), 410(1), 434(1), 995(1), 348(1), 786(2), 250.11(1), 996(2), 458(2), 435(1), 276(1), 444(1), 292(1), 780(1), 491(2), 560(2), 427(2), 599(2), 486(1), 174(1), 415(1), 38(2), 518(1), 493(1), 715(1), 577(1), 781(1), 172(1), 863(1), 540(1), 904(1), 808(1), 42(1)",57
63,62,00632,diag_2,"250.7(1), 250.03(1), 617(1), 411(2), V42(1), 414(1), 250.6(1), 250(2), 787(2), 428(2), 730(1), 425(2), 427(3), 507(1), 403(1), 710(1), 38(2), 424(1), #####(6), 112(1), 303(1), 997(1), 276(3), 272(1), 707(2), 511(1), 715(1), 577(2), 574(1), 402(1), 599(1), 595(1), 453(1), 584(1), 780(1), 286(1), 585(1), 285(1), E888(1), 31(1)",57
64,63,00641,diag_1,"250.32(1), 642(1), 730(1), 189(1), 435(2), 414(4), 428(2), 255(1), 433(1), 715(1), 434(2), 410(4), 250.02(1), #####(4), 786(1), 733(1), 562(1), 996(1), V57(2), 577(1), 576(1), 276(2), 820(2), 427(2), 332(1), 599(1), 486(1), 552(1), 250.11(1), 38(1), 780(1), 298(1), 250.6(1), 230(1), 781(1), 575(1), 568(1), 275(1), 171(1), 682(1), 924(1)",57
64,63,00642,diag_2,"272(1), 648(1), 250.7(1), 276(4), 434(1), V45(1), 411(1), 424(1), 412(1), 997(1), 401(2), 250(4), 428(2), 250.02(1), 496(3), 414(1), 427(5), 403(2), 280(1), 70(1), 38(1), 591(1), 518(2), 153(1), 250.92(1), #####(3), 162(1), 331(1), 571(1), 578(1), 599(1), 438(1), 357(1), 211(1), 611(1), 577(1), 556(1), 882(1), 919(1)",57
65,64,00651,diag_1,"789(1), 733(3), 434(2), 414(4), 447(1), 433(1), 599(3), 427(2), 440(1), 404(1), 410(1), 428(2), #####(4), 435(2), 996(1), 531(1), 294(1), 721(1), 577(1), 276(3), 780(1), 241(1), 507(1), 682(1), 403(1), 431(1), 569(1), V57(1), 250.4(1), 560(1), 728(1), 557(1), 584(1), 515(1), 465(1), 285(1), 562(1), 188(1), 308(1), 179(1), 986(1)",57
65,64,00652,diag_2,"250.01(1), 135(1), 250.02(1), 411(2), 403(7), 996(1), 414(2), 250.81(1), 427(1), 424(1), V45(1), 425(3), 276(4), 496(4), 788(1), 250(1), 535(1), 599(3), 998(1), 342(1), 707(1), 428(2), 491(2), 275(1), 682(2), #####(1), 997(1), 8(1), 287(1), 780(1), 410(1), 584(1), 278(1), 188(1), 626(1), 348(1)",57
66,65,00661,diag_1,"428(2), 296(1), 414(4), 590(1), 398(2), 433(1), 250.13(2), 571(1), 416(1), 435(1), 250.12(1), 730(1), 250.7(1), 535(1), 434(1), #####(3), 996(1), 410(1), 786(3), 198(1), 722(3), 482(1), 532(1), 531(1), 733(1), 250.6(1), 427(1), 491(1), 197(1), 715(1), 276(1), 789(1), 492(1), 153(2), 38(1), 578(1), 780(1), 486(1), 285(1), 250.8(2), 812(1), 94(1), 839(1)",57
66,65,00662,diag_2,"250.41(1), 250.6(2), 411(2), 396(1), 998(1), 276(3), 428(2), 710(1), 250(4), #####(2), 250.4(1), 518(1), 785(2), 250.5(1), 427(2), 511(2), 38(1), 496(3), 401(1), 305(1), 599(3), 285(1), 784(1), 536(1), 272(1), 414(1), 415(1), 591(1), 197(2), 413(1), 394(1), 280(1), 569(1), E942(1), 491(1), 707(1), 721(1), 724(1), 820(1), 344(1)",57
67,66,00671,diag_1,"414(4), 250.03(1), 295(1), 786(2), 599(2), 250.7(1), 411(1), 789(1), 780(2), 250.13(1), 560(2), 729(1), 491(3), 433(1), 428(2), 410(1), 996(2), 250.02(1), 402(1), 572(1), 434(2), 592(1), 403(1), 486(3), 724(1), 415(1), 427(3), 518(1), 250.11(1), 276(1), 726(1), 493(1), 511(1), 38(3), 584(2), 284(1), 112(1), 682(1)",57
67,66,00672,diag_2,"250.03(1), 295(1), 250.01(2), 250.22(1), 440(1), 411(2), 996(1), 424(1), 250.02(3), 780(2), V10(1), 250.6(1), 599(2), 571(2), 414(2), E849(1), 401(1), 276(5), 729(1), 403(2), 250(4), 198(1), 536(1), 112(1), 784(1), 428(2), 427(1), 507(1), 8(1), 157(1), #####(1), 789(1), 162(1), 591(1), 560(1), 202(1), 518(1), 486(1), 287(1), 912(1)",57
68,67,00681,diag_1,"514(1), 648(1), 799(1), 434(2), 414(1), 402(1), 575(1), 433(1), 493(1), 410(3), 250.22(1), 590(1), 440(1), 428(2), 413(1), 424(1), 786(3), 730(1), 250.8(2), #####(2), 250.7(2), 789(1), 79(1), 250.6(1), 185(1), 276(1), 535(1), 491(2), 486(3), 599(1), 552(2), 38(1), 557(1), 507(1), 998(1), 415(1), V57(1), 250.11(1), 562(1), 250.2(1), 345(1), 807(1), 790(1), 860(1)",57
68,67,00682,diag_2,"250.43(1), 642(1), 250.83(1), 250.51(1), 411(1), 426(1), 276(5), 250(3), 250.02(1), 998(3), 425(1), 496(2), 414(2), 428(2), 427(2), 403(1), V45(1), 707(1), 599(3), 284(1), #####(4), 786(2), 601(1), 443(1), 401(1), 997(1), 250.42(1), 518(2), 311(1), 250.8(2), 435(1), 162(1), 491(1), 560(1), 805(1), 493(1), 807(1)",57
69,68,00691,diag_1,"560(1), 414(7), 296(2), 333(1), 311(1), 433(1), 428(2), 571(1), 733(1), 434(1), 250.02(2), 786(4), #####(3), 250.7(1), 715(2), 789(1), 578(1), 530(1), 410(2), 438(1), 427(2), 211(1), 780(1), 540(1), 458(1), 536(1), 276(2), 38(2), 8(1), 303(1), 278(1), 486(1), 518(1), 591(1), 695(1), 513(1), 594(1), 945(1)",57
69,68,00692,diag_2,"53(1), 250.01(1), 300(1), 411(1), 250.82(1), E939(1), 578(1), 401(3), 496(3), 414(1), V45(2), 789(1), 413(1), 493(1), 425(1), 780(2), 276(3), 250(3), 599(1), 428(2), 427(2), 564(1), 518(1), 996(1), 491(1), 396(1), #####(2), 242(1), 458(1), 250.8(1), 787(1), 295(1), 707(1), 590(1), 486(2), 584(1), 291(1), 724(1), 592(1), 403(1), 303(1), 594(1), 917(1)",57
70,69,00701,diag_1,"682(3), 423(1), 428(2), 411(1), 786(2), 404(1), 410(3), 996(2), 780(4), 435(1), 599(1), 577(1), 250.12(1), 238(1), 590(2), 531(2), 997(1), 574(2), 458(1), #####(2), 507(1), 578(1), 276(1), 820(1), 427(1), 722(1), 331(1), 576(2), 250.11(1), 486(2), 491(1), 38(2), 287(1), 560(1), V57(1), 430(1), 291(1), 860(1), 518(1), 266(1)",57
70,69,00702,diag_2,"250.03(1), 250.01(1), 250.41(1), 428(2), 250.02(1), 996(2), 414(3), 424(2), 788(1), 403(1), 535(1), 276(7), 250.6(1), 427(3), 599(2), 263(1), 8(1), 250(2), 250.13(1), 280(1), 453(2), 285(2), 162(1), #####(1), 784(1), 780(1), 707(1), 574(2), 486(1), 287(1), 585(1), 491(2), 493(1), 593(1), 278(1), 799(1), 303(1), 518(1)",57
71,70,00711,diag_1,"680(1), 648(1), 414(8), 218(2), 433(1), 153(2), 571(1), 250.02(2), 530(1), 191(1), 786(1), 574(1), 435(4), 996(2), 250.43(1), 486(2), 428(2), 434(1), 780(1), 410(1), 427(1), 510(1), 507(1), 401(1), V58(1), 514(1), 415(1), 227(1), 715(3), 852(1), 38(1), 290(1), 162(1), 491(1), 8(1), #####(1), 518(1), 440(1), 599(1)",57
71,70,00712,diag_2,"250.03(1), V23(1), 250.02(1), 411(2), 218(1), V45(1), 496(2), 196(1), 250(4), 591(1), 427(1), 428(2), 70(1), 780(4), 787(1), 414(1), 42(1), 272(2), 403(2), V12(1), 682(1), 491(2), 518(1), 486(2), #####(1), 492(1), 599(2), 202(1), 433(1), 402(1), 250.92(1), 244(1), 280(1), 311(1), 197(1), 585(1), 276(1), 574(1), 421(1), 494(1), 255(1), 447(1), 974(1)",57
72,71,00721,diag_1,"358(1), 189(2), 428(2), 414(2), 250.7(1), 286(1), 250.81(2), 682(2), 410(4), 250.13(1), #####(5), 440(1), 250.02(1), 434(2), 786(2), 250.6(1), 455(1), 577(2), 491(1), 486(3), 599(3), 250.23(1), 998(1), 153(1), 557(1), 556(1), 276(1), 444(1), 996(1), 780(2), 787(1), 530(1), 564(1), 719(1), 250.12(1), 135(1), 252(1)",57
72,71,00722,diag_2,"496(4), 250.02(3), 250.01(1), 440(1), 411(1), 281(1), 276(5), 707(1), 414(3), 70(1), 425(1), 253(1), 780(2), 296(1), 428(2), 536(1), 599(1), #####(3), 305(1), 491(1), 518(1), 250(1), 287(1), 437(1), 682(1), 998(1), 578(1), 427(2), 444(1), 486(1), 38(1), 202(1), 584(1), 574(1), 493(1), 577(1), 560(1), 131(1), 517(1), V53(1), 588(1)",57
73,72,00731,diag_1,"196(1), 433(2), 414(4), 250.13(1), 410(5), 996(2), 434(3), 572(1), 786(3), 428(2), #####(1), 404(1), 577(1), 427(3), 574(1), 820(2), 401(1), 715(2), 507(1), 569(1), 426(1), 728(1), V57(2), 486(3), 812(1), 441(1), 435(1), 682(1), 285(1), 491(1), 453(1), 250.8(1), 250.6(1), 562(1), 490(1), 823(1)",57
73,72,00732,diag_2,"427(8), 250.02(1), 411(1), 710(1), 276(1), 250.82(1), 250(5), 410(1), 682(1), 38(1), 401(2), 403(2), 428(2), 571(1), 496(1), 511(2), 425(1), 786(1), 788(1), 342(1), 997(1), 493(1), 486(1), #####(6), 414(1), 996(1), 560(1), 162(1), 438(1), 599(1), 491(1), 530(1), 730(1), 585(2), 569(1), E885(1)",57
74,73,00741,diag_1,"996(2), 348(1), 562(1), 414(6), 402(1), 453(1), 293(1), 428(2), 729(1), 780(2), 185(1), #####(4), 532(1), 250.02(2), 786(1), 410(1), 574(2), 507(1), 250.12(1), 427(2), 724(1), 571(1), 577(1), 415(1), 715(1), 566(1), 486(2), 820(1), 250.11(1), 682(1), 600(1), 250.8(1), 276(1), 584(1), 599(1), 425(1), 278(1), 250.82(1), 518(2), 250.6(1), 487(1)",57
74,73,00742,diag_2,"250.01(2), 250.53(1), 440(1), 250.7(1), 411(2), 451(1), 250.02(4), 250.6(1), 276(5), 788(1), 250(6), 428(2), 425(1), 280(1), 414(2), 786(1), 427(2), 38(1), 403(1), 491(2), 401(3), 456(1), 789(1), #####(1), 413(1), 553(1), 604(1), 707(1), 682(1), 493(1), 584(1), 599(1), 585(1), 458(1), 378(1), 518(1), 250.33(1)",57
75,74,00751,diag_1,"786(4), V58(1), 426(1), 491(1), 715(2), 250.7(2), 575(1), 250.6(1), 250.13(1), 433(1), 295(2), 428(2), 414(2), 571(1), 997(2), 296(1), 410(3), 466(1), 722(1), 435(1), 402(1), #####(1), 250.82(1), 730(1), 403(1), 440(1), 599(1), 427(1), 530(1), 276(1), 415(1), 820(2), 162(1), 625(1), V57(2), 486(1), 197(1), 560(1), 584(1), 558(1), 518(1), 585(1), 780(1), 8(1)",57
75,74,00752,diag_2,"250.01(4), 203(1), 440(1), 250.02(1), 135(1), 276(3), 250(7), 424(1), 410(1), 789(1), 414(3), 198(1), 401(3), 420(1), 428(2), 305(1), 496(1), 682(2), 599(1), 785(1), 491(1), 707(1), 730(1), #####(3), 427(2), 492(1), 486(1), 197(1), 782(1), V61(1), 530(1), 562(1), 403(1), 805(1), 285(1), 584(1), 453(1)",57
76,75,00761,diag_1,"414(5), 574(1), 443(1), 250.13(1), 410(3), 621(1), 428(2), 427(1), 296(2), #####(5), 482(2), 250.6(1), 572(1), 434(1), 535(1), 402(1), 486(1), 531(1), 250.02(1), 786(1), 998(1), 431(1), 432(1), 569(1), V57(1), 507(1), 403(1), 592(1), 284(1), 250.11(2), 820(1), 558(1), 707(1), 38(1), 493(1), 250(1), 584(1), 238(1), 518(1), 162(1), 720(1), 534(1), 717(1)",57
76,75,00762,diag_2,"411(2), V42(1), 250.01(1), V45(2), 250.4(1), 305(2), 424(1), V72(1), 401(2), 426(1), 414(2), 403(2), 496(2), 428(1), 413(1), 276(6), 578(1), 789(1), 599(3), 427(2), 250(1), 285(1), 250.12(1), 786(1), 682(3), 493(2), 348(1), 287(1), 707(2), 996(1), 591(1), 70(1), 780(1), 112(1), 515(1), 680(1), 585(1), 718(1)",57
77,76,00771,diag_1,"250.03(1), 414(4), 429(1), 571(1), 434(3), 433(2), 786(3), 276(2), 577(1), 432(1), 851(1), 154(1), 733(1), 250.13(1), 428(2), #####(4), 998(2), 780(3), 599(2), 426(1), 578(2), 572(1), 515(1), V57(1), 427(2), 486(1), 682(2), 560(1), 821(1), 250.8(1), 8(1), 530(1), 518(1), 864(1), 693(1), 721(1), 715(1)",57
77,76,00772,diag_2,"305(1), 411(2), 428(2), 424(1), 250.02(2), 250(5), 414(2), 250.6(1), 290(1), 401(3), E849(1), 493(1), 285(2), 465(1), 425(1), 511(1), 496(3), 403(1), 276(6), 780(2), 362(1), 197(1), 486(1), 535(1), 284(1), 396(1), 427(2), 996(1), 491(1), 536(1), 584(1), 730(2), 340(1), 585(1), 756(1), 840(1)",57
78,77,00781,diag_1,"611(1), 410(4), 577(1), 428(2), 250.7(1), 440(2), 614(1), 414(2), 656(1), #####(4), 434(1), 996(1), 535(2), 786(2), 707(1), 250.6(2), 188(1), 530(1), 491(2), 507(1), 715(3), 824(1), 250.11(1), 403(1), 453(2), 682(1), 427(1), 250.82(1), 38(3), 724(1), 562(1), 515(1), 486(1), 250.8(1), 584(1), 155(1), 718(1), 280(1), 813(1)",57
78,77,00782,diag_2,"250.01(2), 250.51(1), 250.7(1), 440(1), 250.6(1), 250(5), 648(1), 998(2), 413(1), 414(1), 425(1), 401(3), 496(3), 427(4), 276(7), 428(1), 599(3), 185(1), 707(4), 357(1), 295(2), 785(1), 486(1), 820(1), 682(1), 786(1), 491(2), 584(1), 305(1), 493(1), 528(1)",57
79,78,00791,diag_1,"277(1), 590(1), 428(2), 414(4), 532(1), 410(3), 433(1), 435(1), 276(2), 436(1), 294(1), 618(1), #####(2), 250.02(2), 786(3), 996(1), 250.6(1), 722(1), 157(1), 518(2), V57(3), 530(1), 599(1), 820(1), 715(2), 466(1), 427(1), 38(3), 458(1), 486(2), 562(1), 592(1), 162(1), 537(1), 250.1(1), 584(1), 634(1), 48(1), 487(1)",57
79,78,00792,diag_2,"263(1), 250.01(1), 423(1), 411(3), 250.02(3), 426(1), 414(2), 599(5), 250(5), 403(2), 250.6(1), 425(1), 276(1), 496(4), 401(1), 428(2), 413(1), 576(1), 998(1), 278(1), 410(1), 162(1), 443(1), 427(1), #####(4), 682(1), 272(1), 280(1), 518(1), 197(1), 70(1), 486(1), 648(1), 491(1), V62(1), 137(1)",57
80,79,00801,diag_1,"428(2), 572(1), 996(1), 414(3), 729(1), 433(1), 436(1), 571(1), 435(2), 250.13(1), 577(2), 682(2), 241(1), #####(4), 786(3), 575(1), 722(1), 250.7(1), 410(1), 590(3), 440(1), 427(1), 250.6(1), 557(1), 415(1), 486(2), 618(1), 799(1), 300(1), 599(1), 530(1), 345(1), 453(1), 421(1), 250(1), 274(1), 204(1), 555(1), 8(1), 939(1), 709(1), 959(1), 816(1)",57
80,79,00802,diag_2,"250.41(1), 581(1), 440(1), 411(1), 397(1), 496(3), 250(5), 789(1), 507(1), V45(1), 780(1), 410(2), 250.6(2), 250.02(1), 413(1), 427(1), 414(1), 511(1), 276(6), 428(2), 707(3), 157(1), 578(1), 560(1), 625(1), 786(2), 135(1), 41(1), 574(1), 599(2), 415(1), 593(1), #####(1), 283(1), 263(1), 94(1), 785(1), 755(1), 585(1)",57
81,80,00811,diag_1,"250.83(1), 786(5), 560(1), 250.7(2), 414(7), 493(1), V57(1), 577(1), 428(2), 682(1), 733(1), 715(2), 446(1), #####(2), 250.02(1), 440(1), 197(1), 402(1), 780(1), 730(1), 724(1), 424(1), 486(2), 444(1), 824(1), 250.6(1), 564(1), V55(1), 250.8(2), 47(1), 38(1), 410(1), 491(3), 562(2), 250.2(1), 276(1), 584(1), 551(1)",57
81,80,00812,diag_2,"682(1), 250.01(2), 440(1), 411(1), 135(1), 434(1), 401(3), 250(7), 250.02(2), 428(2), 250.4(1), 413(1), 250.6(1), 425(1), 301(1), 305(1), 427(3), 198(1), 785(2), 278(1), 287(1), 707(4), 414(1), #####(2), 403(1), 780(2), 998(1), 272(1), 458(1), 276(3), 285(2), 584(1), 518(1), 569(1), 424(1)",57
82,81,00821,diag_1,"398(1), 276(3), 414(1), 427(3), 185(1), 453(1), 296(2), 434(4), 428(2), 786(4), 435(1), 410(2), 552(1), #####(3), 250.13(1), 250.7(1), 577(1), V57(1), 780(2), 431(1), 250.12(1), 599(1), 574(1), 486(1), 491(2), 998(1), 852(1), 458(1), 415(1), 733(1), 250.8(1), 285(1), 962(1), 250.1(1), 967(1), 851(1), 707(1), 518(1), 493(1), 494(1)",57
82,81,00822,diag_2,"403(2), 250.01(1), 411(1), 397(1), 788(1), V42(1), 250(5), 425(1), 305(2), 401(1), 780(3), 428(2), 427(5), 292(1), 424(1), 276(2), 558(1), 707(4), 414(2), 715(1), 486(2), 786(1), 496(1), 493(1), #####(1), E947(1), 905(1), 682(1), 585(2), 250.8(1), 189(1), 280(1), 881(1), 584(2), 491(1), 466(1)",57
83,82,00831,diag_1,"340(1), 288(1), 401(1), 593(1), 410(3), 295(1), 414(5), 276(4), 285(1), 174(1), 435(1), 404(2), 428(2), 786(4), 434(1), 998(1), 440(1), 577(1), 721(1), 562(1), #####(2), 578(1), 427(2), 310(1), 715(2), 536(1), 486(3), 493(1), 711(1), 584(3), 491(1), 682(1), 592(1), 274(1), 459(1), 574(1)",57
83,82,00832,diag_2,"250.01(2), 201(1), 250.03(1), 788(1), 787(1), 411(2), V42(1), 250.22(1), 250(6), 196(1), 424(1), 413(2), 250.81(1), 707(2), 414(3), 425(1), 410(1), 428(2), 998(2), 211(1), 250.1(1), 599(3), #####(4), 491(1), 280(1), 567(1), 295(2), 578(1), 401(1), 682(1), 276(2), 41(1), 263(1), 584(1), 790(1), 486(1), 156(1)",57
84,83,00841,diag_1,"414(4), 786(4), 410(1), 433(1), 295(2), 198(1), 518(1), 225(1), 38(4), 820(1), 428(2), 434(2), 729(1), 440(1), 511(1), 250.7(2), 303(1), 998(1), 574(1), 780(1), 427(2), 996(1), 141(1), 403(1), 824(1), #####(1), 491(1), 250.6(1), 386(1), 557(1), 530(1), 682(1), 185(1), 250.11(1), 724(1), 415(1), 552(1), 785(1), 250.8(1), 486(1), 202(1), 747(1), 164(1)",57
84,83,00842,diag_2,"250.02(3), 411(1), 135(1), 426(1), 403(2), 288(1), 250.6(1), 250(3), 401(4), 250.5(1), 780(2), 496(4), 519(1), 428(2), 682(4), 507(1), V45(1), 781(1), 396(1), 599(2), 276(3), 425(2), 402(1), 196(1), 578(1), 518(2), 427(2), 272(1), 550(1), 600(1), 785(1), 40(1), 790(1), 284(1), 424(1)",57
85,84,00851,diag_1,"434(2), 296(2), 557(1), 414(4), 996(3), 250.81(1), 433(1), 250.13(2), 428(2), 410(1), #####(2), 824(1), 644(1), 511(1), 780(2), 292(1), 540(1), 415(1), V57(1), 403(1), 531(2), 682(1), 852(1), 38(1), 250.6(1), 182(1), 590(1), 250.8(3), 724(1), 784(1), 9(1), 300(1), 291(1), 290(1), 276(1), 787(1), 153(1), 250.1(1), 686(1), 800(1), 964(1), 815(1), 812(1)",57
85,84,00852,diag_2,"250.01(1), 309(1), 250.41(1), V44(1), 411(1), V42(1), 403(1), 496(1), 250(2), 276(2), 428(2), 427(3), 511(1), 491(2), 425(1), 305(2), 414(1), 401(2), 250.02(1), 578(1), 648(1), 997(2), 785(1), 599(3), #####(3), 41(1), 285(1), E885(1), 337(1), 577(1), 493(1), 786(1), 707(1), 413(1), 303(1), 331(1), 585(1), 291(1), 304(1), 569(1), 867(1), 790(1), 816(1), E928(1)",57
86,85,00861,diag_1,"250.13(1), 220(1), 185(1), 786(2), 414(5), 428(2), 296(1), 250.02(1), 433(1), 578(1), 410(2), 996(3), 434(1), 438(1), V58(1), 440(1), 250.7(1), 599(2), 569(1), 780(1), 721(1), V57(3), 427(1), 592(1), 715(2), 577(2), 493(1), 789(1), 250.8(3), 491(1), 558(1), 584(2), 486(2), 280(1), 519(1), 724(1), 790(1), 38(1), 568(1)",57
86,85,00862,diag_2,"250.6(1), 218(1), 198(1), 250.02(1), 250(4), 496(1), 428(2), 427(2), 424(1), 413(3), 403(4), 682(2), 150(1), 414(1), 425(2), 410(1), 38(1), 162(1), #####(4), 305(1), 997(1), 401(3), 781(1), 276(4), 433(1), 295(1), 530(1), 41(2), 707(1), 285(1), 197(1), 491(1), 722(1), 584(1), 585(1), 568(1)",57
87,86,00871,diag_1,"593(1), 722(2), 491(1), 414(5), 434(2), 348(1), 250.13(1), 648(1), 822(1), 250.42(2), 296(1), 486(5), 428(2), 410(3), 786(1), 996(1), #####(5), 435(1), 426(1), V57(1), 424(1), 592(1), 599(1), 805(1), 577(1), 458(1), 682(1), 820(1), 780(1), 250.8(1), 415(1), 250.4(1), 437(1), 715(1), 250.82(1), 518(1), 482(1), 229(1), 31(1)",57
87,86,00872,diag_2,"536(1), 250.7(1), 250.01(2), 250.6(2), 411(2), 250(4), 426(1), 276(6), 413(1), 658(1), 403(3), 401(3), 203(1), 425(1), 682(1), 414(3), 428(2), 427(3), #####(3), 491(1), 591(1), 162(1), 496(2), 250.11(1), 786(1), 584(1), 599(1), 518(1), 280(1), 493(2), 515(2), 759(1)",57
88,87,00881,diag_1,"996(2), 648(1), 572(1), 414(3), 402(1), 218(1), 435(1), 682(2), 250.02(1), 434(1), 428(2), 786(3), 276(2), 410(3), 250.7(1), 413(1), 998(2), 295(1), 531(1), 608(1), 550(1), 427(1), 507(1), #####(1), 715(2), 404(1), 599(1), 577(2), 38(2), 820(1), 486(2), 250.11(1), 536(1), 112(1), 300(1), 250.8(1), 560(1), 578(1), 150(1), 724(1), 824(1), 584(1)",57
88,87,00882,diag_2,"250.41(1), 250.92(1), 250.01(1), 411(2), 250.02(2), 997(2), 280(1), 424(1), 788(1), 276(5), 401(2), 496(1), 414(3), 8(1), 428(2), 785(1), 403(1), 478(1), 198(1), 427(1), 250.4(1), 572(1), #####(1), 486(1), 518(1), 250(1), 286(1), 599(4), 682(1), 794(1), 719(1), 574(1), V12(1), 707(1), 304(1), 432(1), 356(1), 799(1), 557(1), 491(1), E878(1), 826(1), 250.32(1)",57
89,88,00891,diag_1,"V58(1), 250.7(1), 414(5), 410(3), 789(1), 577(1), 295(1), 428(2), 250.12(1), 225(1), 786(4), 276(2), 571(1), 434(3), 440(1), #####(2), 540(1), 780(1), 250.6(2), 682(2), 922(1), 331(1), 996(1), 427(1), 157(1), 486(1), 599(1), 453(1), 553(1), 250.8(1), 518(1), 784(1), 560(1), 562(1), 558(1), 585(1), 38(1), 174(1), 252(1), 487(1), 457(1)",57
89,88,00892,diag_2,"203(1), 440(1), 411(1), 250.02(1), 414(2), 250.6(1), 401(4), 573(1), 413(1), 427(5), 780(1), 244(1), 348(1), 250(3), 496(3), E932(1), 577(1), 428(2), 250.81(1), 403(1), 998(1), 733(1), 294(1), 786(1), 197(2), #####(2), 342(1), 486(1), 288(1), 250.92(1), 424(1), 584(2), 276(3), 285(1), 518(1), 585(2), 79(1), 682(1)",57
90,89,00901,diag_1,"250.03(1), 593(1), 642(1), 722(2), 414(5), 733(1), 250.02(1), 251(1), 455(1), 296(1), 250.6(1), 428(1), 572(1), 786(2), 250.7(1), 410(2), 996(1), 569(1), 780(1), 577(1), 465(1), 584(2), 434(2), 458(1), 590(1), 283(1), 530(2), 203(1), 789(1), 486(1), 493(1), 682(1), 346(1), 491(3), 250.4(1), 427(1), 522(1), 787(1), 250.8(1), 599(1), 566(1), 540(1), 846(1), 707(1), 262(1)",57
90,89,00902,diag_2,"276(6), 250.01(2), 648(1), 411(2), 401(4), 496(1), 250(4), 428(2), 414(2), 250.8(1), 250.6(1), 198(1), 997(1), 571(1), 682(2), #####(4), 70(2), 998(1), 112(1), 427(2), 294(1), 250.02(1), 599(2), 403(3), 707(1), 295(1), 305(1), 402(1), 282(1), 486(1), 584(1), V64(1), 585(1)",57
91,90,00911,diag_1,"414(5), 296(1), 786(3), 411(1), 428(2), 250.81(1), 185(1), 423(1), 435(1), 577(1), 599(3), #####(6), 410(2), 997(1), 402(1), 996(3), 458(1), 276(1), 820(2), 553(1), 427(1), 434(1), 250.6(1), 562(1), 569(1), 715(1), 738(1), 682(4), 493(1), 346(1), 707(1), 238(1), 584(1), 386(1), 850(1), 491(1)",57
91,90,00912,diag_2,"250.03(1), 250.01(2), 250.02(2), 411(3), 428(2), 780(1), 250(2), 403(2), 138(1), 250.6(1), 413(1), 414(1), 788(1), 496(5), 578(1), 401(2), 486(1), 276(2), 427(3), E942(1), 599(3), 787(1), 284(1), 518(1), #####(3), 707(2), 8(1), 286(2), 724(1), 250.82(1), 584(1), 280(1), 608(1), 796(1), 585(1), V46(1)",57
92,91,00921,diag_1,"250.13(3), 780(5), 199(1), 435(2), 593(1), 250.7(2), 414(3), 783(1), V57(1), 733(1), 997(1), 250.22(1), 428(2), 995(1), 250.12(1), 786(3), 250.02(1), 722(1), 410(1), 276(1), 522(1), 730(1), 578(1), 590(1), 162(1), 482(2), 574(1), 532(1), 486(1), 820(1), 250.8(1), 491(1), 715(3), 285(1), 562(1), 577(1), 535(1), 682(1), 161(1), 483(1), 873(1)",57
92,91,00922,diag_2,"382(1), 309(1), 276(4), 250.01(1), 453(1), 440(1), 411(2), 496(3), 567(1), 272(1), 780(2), 425(1), 401(3), 250(2), 786(1), 305(1), 682(1), V43(1), 428(2), 787(1), 571(1), 511(1), 403(1), 492(1), 531(1), 575(1), 415(2), 427(3), 438(1), 295(2), 285(2), 599(1), 493(1), 491(1), 340(1), 278(1), 456(1), 202(1), 593(1), 198(1), 807(1)",57
93,92,00931,diag_1,"958(1), 250.83(1), 794(1), 996(2), 414(2), 486(5), 427(2), 599(1), 820(1), 295(1), 162(1), 786(1), 154(1), 428(2), 250.12(3), 435(2), 189(1), #####(4), 440(1), 780(2), 404(1), 410(1), 998(1), 962(1), 592(1), 276(1), 250.82(1), 531(1), 574(1), 969(1), 682(3), 250.11(1), 491(1), 250.8(1), 296(1), 584(1), 250(1), 802(1), 813(1), 38(1)",57
93,92,00932,diag_2,"250.01(2), 682(4), 414(3), 411(3), V42(1), 250.6(1), E849(1), 780(2), 196(1), 424(2), 511(1), 8(1), 250(1), 288(1), 574(1), 496(2), 276(4), 599(4), 38(1), 427(1), 250.81(1), 590(1), 162(1), 562(1), 428(2), 41(2), 493(1), 401(1), 707(1), #####(3), 584(1), 291(1), 585(1), 802(1), E888(1), 615(1)",57
94,93,00941,diag_1,"250.33(1), 786(2), 482(2), 414(4), 562(2), 250.13(1), 604(1), 571(1), 428(2), 411(1), 188(1), 410(2), 496(1), 431(1), 250.4(1), 507(1), 780(1), 577(1), 575(1), 427(2), 250.6(1), 415(1), #####(1), 820(1), 599(1), 250.8(1), 724(1), 996(1), 296(1), 276(1), 486(1), 198(1), 292(1), 715(1), 511(1), 453(1), 349(1), 250(1), 785(1), 211(1), V57(1), 518(2), 595(1), 53(1), 454(1), 223(1), 384(1)",57
94,93,00942,diag_2,"581(1), 250.7(1), 277(1), 411(1), 290(1), 496(3), 272(1), 276(4), 285(2), 250.4(1), 789(1), 250.42(2), 311(1), 250(4), 250.02(1), 414(1), 428(2), 780(3), 997(1), 590(1), 401(3), #####(3), 410(1), 453(2), 492(1), 304(2), 599(2), 584(2), 427(1), 996(1), 560(1), 799(1), 493(1), 682(1), 585(1), 473(1)",57
95,94,00951,diag_1,"V57(1), 428(2), 997(1), 414(2), 250.13(2), 433(1), 996(3), 733(1), 410(4), 780(3), 296(1), 722(1), 729(1), 250.7(1), 435(2), 820(1), 578(1), 442(1), 440(1), 250.22(1), 507(2), 574(1), 584(2), 805(1), 785(1), 486(2), 290(1), V55(1), 532(1), 599(1), 682(1), 38(2), 491(1), 560(1), 707(1), 250.8(1), 786(1), 8(1), 790(1), 493(1), 518(1), 528(1)",57
95,94,00952,diag_2,"V57(1), 250.41(1), 434(1), 411(1), V15(1), 401(1), 567(1), 413(1), 496(2), 441(1), 250.52(1), 305(1), 294(1), 998(1), 275(1), 682(3), 272(1), 428(1), 437(1), 997(1), 403(3), 427(5), 780(1), 785(1), 486(2), 707(2), 599(4), 250.42(1), 250(1), 241(1), 560(1), 79(1), 285(1), 590(1), 41(1), 276(4), 299(1), 585(1), 402(1), 515(1)",57
96,95,00961,diag_1,"250.03(1), 428(2), 414(5), 201(1), 433(1), 296(1), 722(1), V57(4), 295(1), 250.13(1), 290(1), 590(1), 599(1), 997(1), 410(1), 434(1), 996(2), 786(1), 435(1), 618(1), 188(1), 600(1), 276(2), #####(4), 426(1), 569(1), 560(1), 287(1), 715(1), 493(1), 820(1), 427(1), 507(1), 577(2), 824(2), 38(1), 250.7(1), 280(1), 584(2), 250.6(1), 813(1)",57
96,95,00962,diag_2,"276(2), 250.03(1), 411(2), 518(2), 250(5), 425(1), 401(4), 250.02(1), 250.6(1), 496(2), 599(4), V42(1), 788(3), 486(1), 492(1), 780(1), 38(1), 618(1), 300(1), 427(5), 410(1), 413(1), 285(1), 491(1), 162(1), 112(1), 786(1), E880(1), 790(1), 574(1), 584(1), 799(1), 578(1), 403(1), 585(1), 342(1), 823(1)",57
97,96,00971,diag_1,"648(1), 78(1), 411(1), 977(1), 577(2), 433(1), 414(5), 715(1), 999(1), 250.13(1), 427(1), 296(2), 729(1), 410(4), 714(1), 574(2), 428(2), 786(1), 491(1), 998(1), 578(2), 486(3), 789(1), V57(2), 599(2), 532(1), #####(1), 38(1), 820(1), 250.6(1), 726(1), 530(1), 682(1), 250.8(2), 289(1), 780(1), 620(1), 611(1), 250.1(1), 891(1)",57
97,96,00972,diag_2,"250.03(1), 451(1), 424(1), E950(1), 250.01(2), V45(1), 411(1), 428(2), 250(3), 410(2), 427(4), 413(1), 276(3), 426(1), 305(1), 303(1), 682(2), 414(2), 511(2), 244(1), 496(4), 403(1), 250.02(1), 425(1), 571(1), 996(1), 280(1), #####(1), 780(1), 518(1), 707(2), 599(1), 41(1), 112(1), 584(1), 998(1), 481(1), 585(1), 461(1), 815(1)",57
98,97,00981,diag_1,"682(2), 648(1), 428(2), 414(3), 250.7(2), 198(2), 786(2), 404(1), 197(1), 997(3), 572(1), 996(2), 410(1), 733(1), 998(1), 440(1), 434(1), #####(4), 721(1), 780(1), 276(2), 599(2), 250.6(1), 401(1), 577(1), 574(1), 403(2), 569(1), 427(2), 820(1), 562(1), 789(1), 560(1), 415(1), 518(1), V57(1), 278(1), 250.82(1), 263(1), 824(1)",57
98,97,00982,diag_2,"250.83(1), 250.01(1), 250.41(1), 155(1), 440(1), 411(1), 196(1), 198(1), 250.02(1), 428(2), 424(1), 570(1), 496(2), 571(1), 753(1), 998(1), 425(1), #####(6), 560(2), 785(1), 558(1), 682(1), 427(4), 276(5), 401(1), 599(2), 780(1), 591(1), 518(1), 493(2), 530(1), 250.13(1), 491(1), 486(1), 285(1), 799(1), 997(1), 728(1), 501(1), E884(1)",57
99,98,00991,diag_1,"435(2), 786(2), 411(1), 414(4), 428(2), 185(1), 250.41(1), 574(1), 410(3), 296(2), V57(3), 401(2), 681(1), 434(1), 413(1), 507(1), 578(1), 996(2), 780(1), 722(1), 575(1), 200(1), 577(1), 197(1), 531(1), 276(1), 599(1), 250.82(1), 250.6(2), 728(1), 493(1), 682(2), 511(1), 562(1), 515(1), 491(1), 584(1), 486(1), 250.8(1), 822(1), 518(1), 287(1)",57
99,98,00992,diag_2,"250.41(1), 250.01(1), 401(5), 411(2), 250.5(1), 151(1), 403(2), 413(1), 250.02(2), 424(1), 305(1), 300(1), 250(5), 715(1), 780(3), 428(2), 38(1), 996(1), 427(2), 70(1), 599(1), 204(1), 280(1), 518(2), #####(3), 536(1), 682(1), 733(1), 276(1), 205(1), 250.8(1), 425(1), 584(1), 491(1), 595(1), 331(1), 486(1), 585(1), 457(1)",57
100,99,01001,diag_1,"996(3), 428(2), 250.7(1), 414(7), 715(2), 997(1), 416(1), 493(1), 250.12(1), 410(3), 198(1), 595(1), 427(3), #####(3), 441(1), 560(2), 786(2), 276(1), 431(1), 577(1), 562(1), 682(2), 401(1), 820(2), 626(1), 153(1), 530(1), 807(1), 486(1), 112(1), 491(1), 482(1), 451(1), 558(1), 250.8(1), 584(1), 518(1)",57
100,99,01002,diag_2,"250.43(1), 250.51(1), 440(1), 411(3), 250.01(1), 250(5), 780(2), 428(2), 413(1), 112(1), 250.6(1), 401(3), 414(2), 162(1), 198(2), 38(1), 244(1), 410(1), 997(2), 425(1), 424(1), 276(4), 433(1), 599(1), 294(1), 465(1), 496(2), 285(1), 491(2), #####(4), 786(1), 427(1), 415(1), 577(1), 707(1), 486(1)",57
101,100,01011,diag_1,"722(3), 414(5), 250.3(1), 428(2), 599(2), 786(3), 486(1), #####(7), 410(1), 730(1), 493(1), 996(2), 578(1), 434(2), 220(1), 38(2), 511(3), 682(2), 535(1), 427(2), 560(1), 453(1), 567(1), 557(2), 250.8(2), 491(1), 250.4(1), 574(1), 250.2(1), 278(1), 280(1), 192(1)",57
101,100,01012,diag_2,"250.01(1), 411(2), 250.02(2), 530(1), 253(1), 440(1), 428(2), 250.4(1), 424(1), 426(1), 493(3), 401(2), 425(1), 496(3), 682(1), #####(1), 427(2), 250(6), 599(2), 157(1), 578(1), 276(5), 486(2), 305(1), 512(1), 403(1), 784(1), 571(1), 278(1), 722(1), 724(1), 280(1), 518(1), 404(1), 291(1), 723(1), 584(1)",57
102,101,01021,diag_1,"794(1), 428(2), 411(1), 386(1), 414(6), 574(1), 410(2), 998(3), 250.02(1), 427(2), 250.7(2), #####(5), 434(2), 786(3), 530(1), 507(1), 402(1), 435(1), 493(1), 426(1), 780(1), 440(1), 403(1), 599(1), 250.82(1), 682(1), 983(1), 486(1), 453(1), 250.11(1), 38(1), 112(1), 577(1), 560(1), 421(1), 250.8(1), 785(1), 724(1), 518(1)",57
102,101,01022,diag_2,"250.51(1), 250.03(1), 250.02(5), 250.01(1), 411(2), 426(1), 428(2), 413(2), 427(3), 424(1), 511(1), 276(3), 403(3), 998(1), 414(1), 250(4), 38(1), 707(3), 401(3), 996(1), 284(1), 584(1), 342(1), 682(1), 785(1), 519(1), 415(1), 599(2), 574(1), 564(1), 41(1), 585(3), 493(1), 344(1)",57
103,102,01031,diag_1,"648(1), 250.03(1), 654(1), 428(2), 621(1), 722(2), 414(5), 423(1), 297(1), 998(1), 733(1), 410(4), V58(1), 786(1), 294(1), #####(1), 486(4), 250.6(3), 250.8(2), 402(1), 427(3), V57(1), 434(1), 682(2), 780(1), 820(1), 276(1), 560(1), 453(1), 153(1), 586(1), 38(1), 782(1), 882(1), 518(1), 584(1), 994(1), V60(1), 873(1)",57
103,102,01032,diag_2,"250.01(4), 799(1), 250.41(1), 411(3), 250.02(2), 404(1), 250(5), 427(4), 414(2), 162(1), 780(1), 428(2), 425(1), 511(1), 571(1), E932(1), 496(1), 424(1), 781(1), 585(2), 491(1), 562(1), 276(1), 707(2), 433(1), 357(1), #####(1), 250.13(1), 493(1), 403(1), 682(1), 584(1), 596(1), 518(1), 402(1), 486(1), 728(1), 507(1), 719(1), 782(1)",57
104,103,01041,diag_1,"491(2), 440(2), 414(3), 250.7(1), 311(1), 786(5), 250.13(1), 410(2), 428(2), 496(1), #####(4), 434(1), 998(2), 431(1), 996(2), 574(3), 824(1), 288(1), 276(1), 722(1), 402(1), 552(1), 250.11(2), 595(1), 721(1), 821(1), 535(1), 682(1), 661(1), 250.8(2), 162(1), 291(1), 511(1), 331(1), 38(1), 715(1), 486(1), 873(1)",57
104,103,01042,diag_2,"250.03(1), 250.7(1), 434(1), 440(1), 411(1), 305(2), V45(1), 276(3), 414(4), 427(3), 518(2), 250(5), 70(1), 401(3), 413(1), 403(1), 292(1), 287(1), 707(1), 496(3), 428(2), 486(1), 599(2), 396(1), 444(1), 729(1), 558(1), 733(1), 574(1), 648(1), 682(1), 197(1), 293(1), 585(1), 482(1), 285(1), 491(1), E813(1)",57
105,104,01051,diag_1,"648(1), 595(1), 411(1), 414(6), 198(1), 535(1), 428(2), 295(1), V57(1), 572(1), 250.02(1), 726(1), 410(3), 250.12(1), 486(1), 578(1), 433(1), 996(4), 682(2), 786(3), 998(1), 250.6(2), 780(2), 962(1), 574(1), 435(1), 296(1), 238(1), 415(1), V53(1), 38(1), 719(1), 821(1), 250.8(1), 518(1), 584(1), 458(1), 991(1), 493(1), 707(1), 825(1)",57
105,104,01052,diag_2,"250.41(1), 250.03(1), 414(2), 411(1), 196(1), 250(3), 250.6(1), 426(1), 401(2), 428(2), 434(1), 571(1), 402(1), 715(1), 276(4), 250.02(1), 535(1), 496(1), #####(5), 721(1), 174(1), 785(1), 682(2), 599(2), 530(1), 41(1), V45(1), 784(1), V43(1), 284(1), 453(1), 996(1), 590(1), 466(2), 707(1), 584(1), 585(2), 780(1), 506(1), 191(1), 802(1)",57
106,105,01061,diag_1,"648(1), 464(1), V57(4), 414(4), 434(1), 733(1), 250.13(1), 560(2), 682(3), V45(1), 786(4), 426(1), 250.7(1), 729(1), 428(2), 410(1), 998(1), #####(2), 440(1), 427(1), V55(1), 532(1), 599(2), 415(1), 722(1), 780(1), 577(1), 486(2), 707(2), 784(1), 250(1), 584(1), 250.8(1), 227(1), 562(1), 250.02(1), 357(1), 936(1), 920(1), 493(1)",57
106,105,01062,diag_2,"250.01(2), 204(1), 250.51(1), 411(1), V45(1), 250.52(1), 250.6(2), 412(1), 401(1), 276(3), 250.02(1), 250.81(1), 414(2), 707(3), 340(1), 305(2), 496(5), 428(2), 425(1), 403(1), 250(2), 682(1), 280(1), 427(1), 820(1), #####(2), 721(1), 424(1), 250.92(1), 790(1), 577(1), 599(1), 785(1), 784(1), 453(1), 252(1), 569(1), 681(1), 459(1), 430(1), 780(1), 799(1)",57
107,106,01071,diag_1,"368(1), 414(4), 428(2), 296(2), 996(1), 410(3), 424(2), 997(1), 413(1), 440(1), 786(1), 435(1), #####(1), 434(2), 569(1), 959(1), 780(2), V57(1), 574(1), 599(2), 276(2), 820(3), 682(1), 557(1), 577(1), 556(2), 625(1), 787(1), 575(1), 250.6(1), 715(1), 486(2), 348(1), 38(1), 724(1), 8(1), 584(1), 518(1), 458(1), 692(1), 427(1)",57
107,106,01072,diag_2,"197(1), 250.01(1), 411(2), 333(1), 250.6(1), 414(2), 427(5), 997(1), 599(2), 250(2), 38(1), 401(6), 428(2), 496(1), 425(1), 403(3), 873(1), 486(2), 435(1), #####(5), 342(1), 41(1), 276(2), 998(1), 518(1), 453(2), 722(1), 202(1), 516(1), 746(1), 850(1), 780(1), 490(1), 723(1)",57
108,107,01081,diag_1,"411(1), 786(3), 414(6), 440(1), 250.13(1), 348(1), 218(1), 276(4), 428(2), 235(1), 250.12(1), 998(1), 198(1), 435(1), 434(1), 410(2), 996(2), 386(1), 250.02(1), 162(2), 787(1), 592(1), 574(1), #####(1), 562(2), 715(1), 458(1), 427(1), 536(1), 491(4), 401(1), 453(1), 707(1), 38(1), 518(2), 813(1), 486(1), 323(1)",57
108,107,01082,diag_2,"250.6(1), 250.01(1), 411(1), 440(1), 535(1), 401(4), 42(1), 250.02(3), 280(1), 285(1), 998(1), 427(2), 414(1), 518(1), 276(3), 591(2), 435(1), 577(1), 428(2), 403(5), 250(2), 295(1), 198(1), 496(3), 486(2), 287(1), 599(1), 707(1), 453(1), 560(1), 197(1), #####(2), 682(1), 396(1), 799(1), 780(1), 584(1), 507(1)",57
109,108,01091,diag_1,"996(2), 414(3), 250.7(1), 250.81(1), 250.42(1), 436(1), 420(1), 434(2), 250.13(1), 38(1), 410(1), 998(1), 296(1), 197(1), 250.02(1), 294(1), 435(2), 428(2), 578(1), 440(1), 426(1), 786(1), 576(1), 599(2), 560(1), 250.6(1), 824(1), 711(1), 507(1), 789(1), 250.8(1), 291(1), V57(1), 607(1), 715(2), 759(1), 577(1), 486(2), 162(1), 584(2), 567(1), 309(1), 278(1), 573(1), 250.2(1), 427(1), 518(1)",57
109,108,01092,diag_2,"250.01(1), 411(2), 710(1), 440(1), 571(1), 403(3), 437(1), 511(1), 250.02(1), 276(4), V42(1), 414(2), V10(1), 401(1), 789(1), 428(2), 425(2), 496(2), 427(2), 682(2), 493(2), 599(3), 576(1), 288(1), 536(1), 453(1), 486(2), 38(1), 786(1), V43(1), #####(1), 492(1), 577(1), 518(1), 8(1), 296(1), 780(1), 285(1), 429(1), 584(1), 482(1)",57
110,109,01101,diag_1,"414(7), 244(1), 436(1), 578(1), 295(1), 250.31(1), 250.02(1), 428(2), 433(1), 596(1), 250.11(2), 681(1), 250.8(2), 250.6(2), 410(2), #####(4), 996(2), 303(1), 440(1), 786(3), 780(1), 427(2), 820(2), 197(1), 540(1), 789(2), 162(2), V57(1), 239(1), 458(1), 998(1), 278(1), 250.1(1), 285(1), 261(1), 655(1)",57
110,109,01102,diag_2,"250.01(1), 411(2), 424(1), 250(7), 276(2), 414(1), 401(2), 250.6(1), 707(1), 511(1), 428(2), 244(1), 715(1), 250.42(1), 425(2), 496(3), 780(1), 403(2), 413(1), 427(3), #####(1), 486(3), 396(1), 197(3), 599(1), 577(2), V12(1), 553(1), 438(1), 515(1), 585(1), 728(1), 458(1), 584(1), 518(1), 648(1)",57
111,110,01111,diag_1,"997(1), 996(3), 414(3), 198(1), 682(1), 250.81(1), 824(1), 250.41(1), 571(1), 786(2), 288(1), 426(1), 493(1), 427(2), 410(2), 435(2), 428(2), 282(1), 715(1), 296(1), 507(1), 722(1), #####(5), 453(1), 440(1), 780(1), 403(1), 572(1), 789(2), 434(1), 820(1), 486(3), 599(2), 491(1), 577(1), 415(1), V58(1), 536(1), 331(1), 250.8(1)",57
111,110,01112,diag_2,"250.7(1), 250.01(3), 411(2), 436(1), 780(2), 403(1), 404(1), 303(1), 250.02(2), 203(2), V45(1), 426(1), 414(2), 560(1), 424(2), 425(1), 276(8), 427(5), 300(1), 413(1), 682(1), 707(2), 250(2), 162(2), 535(1), 486(1), 285(1), 784(1), 428(1), 453(1), 205(1), 532(1), 790(1), 518(1), 515(1)",57
112,111,01121,diag_1,"411(1), 786(3), 414(3), 151(1), 434(1), 996(1), 295(1), 433(3), 293(1), 729(1), 250.13(1), 410(2), 227(1), 577(1), 403(1), 426(1), 428(2), 493(1), 435(1), 440(1), 726(1), 250.6(1), V57(2), 292(1), 590(1), 401(1), 530(2), 438(1), 789(1), 427(1), #####(1), 486(4), 728(1), 491(2), 250.8(1), 574(1), 540(1), 531(1), 250.11(1), 276(1), 197(1), 516(1), 578(1)",57
112,111,01122,diag_2,"250.41(1), 250.01(1), 411(1), 196(2), 250.5(1), 401(1), 250(2), 414(2), 413(1), 276(4), 726(1), 496(3), 599(4), 578(1), 425(3), 250.02(1), 250.4(1), 250.42(1), 403(2), 427(2), 530(1), 428(2), 584(2), 295(1), #####(4), 782(1), 250.11(1), 491(2), 305(1), 569(1), 41(1), 722(1), 585(1), 518(1), 154(1), 557(1)",57
113,112,01131,diag_1,"462(1), 414(7), 680(1), 575(1), 428(1), 820(3), 295(1), 250.7(1), 997(1), 296(1), 507(1), 996(1), 786(4), 294(1), 411(1), 386(1), V57(1), 434(1), 780(2), 599(1), 250.6(3), 403(1), 550(1), 789(1), 276(1), 427(1), 562(2), 600(1), 38(1), 560(1), 715(2), 486(1), 440(1), 8(1), 782(1), 808(1), 823(1), 992(1), 998(1), 540(1), 250.8(1)",57
113,112,01132,diag_2,"250(4), 411(2), 682(2), 401(3), 250.02(2), 428(2), 250.6(1), 780(1), 492(1), 595(1), 435(1), 285(3), 787(1), 38(1), 414(1), 599(8), V17(1), 427(1), 786(2), 496(3), 342(1), 403(2), 998(1), 620(1), 276(2), 707(1), 491(1), 585(1), 515(1), 593(1), E900(1), V09(1), 568(1), 962(1)",57
114,113,01141,diag_1,"276(3), 250.83(1), 8(2), 414(3), 733(1), 410(3), 997(1), 434(4), 511(1), 250.13(1), 433(1), 428(2), 578(1), 786(2), 250.7(2), 722(1), 618(1), 426(1), 998(1), 996(2), 592(1), 332(1), 599(1), V57(2), 682(2), 780(1), 447(1), 715(1), 250(1), 453(1), 486(1), 250.8(1), 38(1), 238(1), 491(2), 481(1), 850(1), 518(1), 781(1), 458(1)",57
114,113,01142,diag_2,"250.03(2), 780(2), 411(1), 198(1), 426(1), 511(1), 250.02(1), 420(1), 276(2), 414(2), 413(1), 424(2), 787(1), 682(2), 998(2), 401(3), 428(2), 707(2), 403(2), #####(6), 427(3), 591(1), 599(2), 250(1), 162(1), 255(1), 552(1), 537(1), 285(2), 585(1), 593(1), 486(1), 435(1), 332(1), 335(1), 945(1)",57
115,114,01151,diag_1,"250.03(1), 998(1), 414(3), 79(1), 584(1), 398(1), 574(1), 250.12(1), 276(1), 427(2), 410(2), 434(1), 428(2), 786(2), 535(1), 715(2), #####(3), 250.6(2), 578(2), 996(1), 507(1), 530(2), 599(1), 491(1), 780(3), 682(2), 250.11(1), 486(3), 296(1), 821(1), 820(1), 577(1), 560(2), 437(1), 722(1), 250.82(1), 537(1), 38(1), V57(1)",57
115,114,01152,diag_2,"403(3), 250.01(2), 411(1), 462(1), 428(2), 410(2), 250.02(3), 42(1), 518(1), 780(1), 250(1), 401(2), 578(1), 496(2), 997(1), 600(1), 8(1), 153(1), 427(4), 599(2), 413(1), 414(1), 530(1), #####(2), 305(1), 295(1), 275(1), 278(1), 425(1), 707(1), 584(1), 285(2), 486(1), 274(1), 722(1), 276(2), 786(1), 790(1), 574(1), 821(1), 455(1)",57
116,115,01161,diag_1,"433(2), 648(1), 786(3), 414(8), 340(1), 427(3), V57(1), 250.13(1), 410(1), 997(1), 998(1), 571(1), 428(2), 250.7(1), 507(1), 250.22(1), 402(1), 572(1), 535(1), 425(1), 512(1), #####(2), 38(3), 780(2), 250.8(2), 386(1), 532(1), 820(1), 728(1), 486(3), 481(1), 426(1), 569(1), 585(1), 493(1), 276(1), 813(1)",57
116,115,01162,diag_2,"250.01(2), 648(1), 411(2), 250.6(1), 788(1), 250(2), 428(2), 413(1), 427(3), V45(1), 824(1), 558(1), 414(3), 453(1), 342(1), 789(1), 425(3), 785(1), 250.82(1), 276(5), 41(1), 250.02(2), 486(1), 493(2), 112(1), 403(1), 780(2), #####(3), 285(1), 38(1), 491(1), 496(1), 585(1), 711(1), 599(1), 296(1), 584(1), E849(1)",57
117,116,01171,diag_1,"414(3), 411(1), 433(1), 569(1), 410(1), 780(1), 996(1), 786(3), 428(2), 434(1), 722(1), 426(1), 571(1), #####(3), 290(1), 491(6), 427(5), 250.82(1), 276(1), 577(2), 482(1), 288(1), 715(2), 250.11(1), 250.4(2), 820(1), 38(1), 153(1), 250.92(1), 584(2), 518(1), V57(1), 285(1), 507(1), 843(1), 493(1), 486(1)",57
117,116,01172,diag_2,"411(1), 575(1), 428(2), 496(3), V10(1), 414(3), 285(1), 250.02(2), 38(1), 250(6), 431(1), 401(1), 996(1), 493(2), 403(1), 427(1), 530(1), 781(1), 276(4), 780(1), 250.82(1), 425(2), #####(3), 280(1), 305(1), 518(2), 295(2), 584(2), 707(1), 564(1), 112(1), 574(1), 491(1), V49(1), 255(1), 585(1)",57
118,117,01181,diag_1,"304(1), 786(10), 414(4), 780(2), 250.7(1), 174(2), 428(2), 535(1), 250.22(1), 197(1), 604(1), #####(2), 493(2), 714(1), 434(1), 681(1), 574(2), V57(1), 536(1), 250.6(1), 424(1), 721(1), 682(1), 577(1), 715(2), 486(3), 250.4(1), 558(1), 331(1), 560(1), 285(1), 38(1), 250.8(1), 584(2), 537(1)",57
118,117,01182,diag_2,"250.93(1), 250.01(2), 411(1), 250.02(4), 440(1), 250(1), 196(1), 413(1), 362(1), 571(1), 198(1), 403(2), 162(1), 401(1), 496(4), 272(2), 428(2), 280(1), 599(2), 789(1), 682(1), #####(4), 433(1), 784(1), 414(1), 276(4), 425(2), 295(1), 491(1), 274(1), 593(1), 305(1), 707(2), 200(1), 486(1), 404(1), 808(1), 569(1)",57
119,118,01191,diag_1,"404(1), 414(4), 486(1), 558(1), 398(1), 295(1), 410(1), 198(1), 250.7(2), 296(1), 434(1), 996(2), 428(2), 722(1), 426(1), 250.02(1), 786(2), 276(4), V57(2), 578(1), 532(1), 577(1), 780(1), 458(1), 250.6(2), 820(1), 715(1), 427(1), #####(1), 433(1), 491(1), 724(1), 162(1), 250.8(1), 202(1), 250.11(1), 274(2), 530(1), 535(1), 34(1), 402(1), 935(1), 633(1), 959(1)",57
119,118,01192,diag_2,"250.41(1), 411(1), 250.01(2), V45(1), 414(2), 427(5), 413(1), 250.92(1), 591(1), 410(1), 401(3), 250(2), 425(1), 276(4), 428(2), 785(1), 162(1), 998(1), 599(1), 112(1), #####(3), 285(1), 536(1), 403(1), 496(1), 287(1), 518(1), 154(1), 357(1), 577(1), 438(1), 486(1), 204(1), 585(2), 611(1), 424(1), 453(1), 250.12(1), 308(1), 568(1), 811(1)",57
120,119,01201,diag_1,"414(4), 250.13(1), 276(2), 599(1), 250.02(1), 434(2), 682(2), 996(3), 433(1), 733(1), 410(4), 428(2), 427(1), #####(3), 786(4), 440(1), 780(1), 998(2), 250.11(2), 577(1), 435(1), 824(1), 600(2), 556(1), 553(1), 852(1), 38(1), 346(1), 486(2), 715(2), 453(1), 250.8(2), 584(1), V71(1)",57
120,119,01202,diag_2,"250.01(1), 411(1), 571(1), 250(6), 250.6(2), V42(1), 401(4), V10(1), 244(1), 997(1), 403(2), 428(2), 511(2), 426(1), 414(4), 496(2), 157(1), 682(1), 41(1), V15(1), 412(1), 599(1), 427(6), 493(1), 591(1), 560(1), 255(1), 786(1), 585(2), 584(1), 276(1), 285(1), 707(1), 601(1), 486(1)",57
121,120,01211,diag_1,"423(1), 411(1), 414(3), 480(1), 998(1), 185(1), 295(1), 420(1), 250.13(1), 162(3), 70(1), 427(2), 786(2), 410(3), 401(1), 428(2), 997(1), 434(2), #####(2), V57(1), 578(1), 599(1), 404(2), 461(1), 724(2), 455(1), 493(2), 250.11(1), 296(1), 780(1), 38(1), 403(1), 531(1), 486(3), 721(1), 250.8(1), 584(1), 969(1), 459(1), 388(1), 659(1)",57
121,120,01212,diag_2,"250.01(1), 250.6(3), 411(1), 250(6), 428(2), 427(8), 276(4), 196(1), 571(1), 250.02(1), 305(1), 403(3), 401(2), #####(2), 581(1), 496(3), 492(1), 560(1), 780(3), 410(1), 421(1), 197(1), 493(1), 331(1), 204(1), 682(1), 285(1), 340(1), 518(1), 648(1), 586(1)",57
122,121,01221,diag_1,"38(1), 414(7), 250.7(1), 440(1), 185(1), 433(1), 496(1), 410(2), 428(2), 435(1), 434(2), 413(1), 998(1), 441(1), 250.02(1), 780(3), 574(2), 550(1), 786(1), 599(1), 250.13(1), 162(1), 427(3), 276(1), 789(1), 799(1), 493(1), 491(2), 552(1), #####(1), 823(1), 560(2), 577(1), 787(1), 401(1), 584(1), 487(1), 562(1), 682(1), 820(1), V56(1)",57
122,121,01222,diag_2,"250.41(1), 411(2), 440(1), 250.6(1), 401(3), 414(3), 413(2), 428(2), #####(4), 402(1), 493(1), 550(1), 427(1), 250(3), 789(1), 403(2), 70(1), 295(2), 518(1), 41(1), 584(1), 198(1), 496(3), 599(1), 304(1), 780(1), 162(1), 507(1), 331(1), 276(3), 790(1), 724(1), 416(1), 189(1), 344(1), 585(1), 454(1), E937(1), 844(1)",57
123,122,01231,diag_1,"250.33(1), 729(1), 414(4), 682(1), 404(1), 428(2), 780(2), 250.13(1), 572(1), 410(1), 434(2), 571(1), 786(7), 296(1), 996(1), 188(1), 250.12(1), 198(1), 250.7(1), #####(2), 592(1), 600(1), 191(1), 475(1), 577(1), 590(1), 250.82(1), 493(1), 427(1), 276(1), 401(1), 491(2), 784(1), 715(1), 787(1), 507(1), 465(1), 278(1), 153(1), 440(1), 486(1), 823(1), 250.02(1)",57
123,122,01232,diag_2,"518(2), 250.41(1), 250.01(1), 250.7(1), 411(2), 567(1), 250(6), 250.81(1), 276(4), 571(1), 424(1), 284(1), 414(3), 496(2), 38(1), 572(1), 733(1), 707(1), 427(4), 591(1), 786(1), 599(2), 342(1), 788(1), 780(3), 365(1), 428(1), 716(1), 250.8(1), 401(1), 996(1), 493(1), 998(1), 574(1), 447(1), 491(1), 285(1), 725(1)",57
124,123,01241,diag_1,"579(1), 233(1), 414(3), 154(1), 250.13(1), 211(1), 410(3), 786(2), 428(2), 198(1), 435(1), 998(1), #####(4), 578(2), 296(1), 530(1), 434(1), 427(1), 682(2), 424(1), 820(1), 812(2), 599(1), 162(1), 38(2), 560(1), 576(1), 466(2), 562(3), 276(1), 455(1), 202(1), 493(1), 518(2), 617(1), 620(1), 250.1(1), 491(1), 443(1), 989(1)",57
124,123,01242,diag_2,"496(5), 617(1), 411(2), 198(1), 401(1), 428(2), V42(1), 414(1), 250(5), 287(1), #####(5), 682(1), 789(1), 303(2), 276(4), 280(2), 305(2), 590(1), 584(3), 599(2), 427(1), 263(1), 486(2), 294(1), 585(1), 786(1), 402(1), 491(1), E885(1), 614(1), 560(1), 785(1), 410(1)",57
125,124,01251,diag_1,"250.03(2), 648(1), 436(2), 786(3), 414(3), 196(1), 433(2), 295(1), 411(1), 227(1), 402(2), 656(1), 715(1), 410(3), 296(1), 250.12(1), 428(2), 578(2), 218(1), #####(2), 780(1), 807(1), V57(1), 652(1), 415(1), 820(2), 574(2), 590(1), 558(1), 491(1), 466(1), 486(3), 276(2), 707(1), 155(1), 805(1), 250.8(1), 250.2(1), 584(1)",57
125,124,01252,diag_2,"V42(2), 780(1), 250.01(2), 434(2), 250.6(1), 411(2), 197(1), 250.02(1), 715(2), 242(1), 486(2), 413(2), 401(3), 648(2), 414(5), 250(3), 305(1), 614(1), 428(2), 403(1), 250.92(1), 287(1), 599(2), 286(1), 295(1), 496(1), 578(1), 292(1), 276(1), 493(1), 558(1), 682(1), 574(1), E885(1), 905(1), 730(1), 719(1), 283(1), 585(1)",57
126,125,01261,diag_1,"428(2), 423(1), 414(1), 250.02(2), #####(5), 733(1), 996(2), 997(1), 295(1), 410(2), 250.13(1), 435(1), 441(1), 786(4), 250.7(1), 250.12(1), 569(1), 726(1), 682(2), 356(1), 715(3), 564(1), 535(1), 780(1), 711(1), 486(3), 584(2), 250.6(1), 560(1), 491(2), 553(1), 821(1), 250.8(1), 345(1), 724(1), 211(1), 53(1), 145(1), 707(1)",57
126,125,01262,diag_2,"250.03(1), 250.7(1), 250.82(1), 411(3), 277(1), 788(1), 511(1), 250(4), 250.02(1), 276(7), 492(1), 996(1), 427(3), 785(1), 496(4), 428(2), 682(1), 250.6(1), 998(1), 553(1), 599(2), 491(1), 401(1), 414(1), 707(2), 42(1), #####(2), 305(2), 518(1), 516(1), 738(1), 560(1), 403(1), 250.12(1), 198(1), 995(1)",57
127,126,01271,diag_1,"277(1), 414(5), 574(1), 681(1), 402(1), 716(1), 250.13(2), 218(1), 250.41(1), 433(2), 682(2), 296(1), 250.02(1), 441(1), 276(1), 789(2), V55(1), 998(1), 428(2), 786(2), 410(1), 284(1), 434(1), 780(2), 435(1), 427(2), 599(2), 250.12(1), 3(1), 824(1), 715(2), 530(1), 415(1), #####(1), 491(2), 455(1), V58(2), 250.8(1), 562(1), 518(1), 793(1)",57
127,126,01272,diag_2,"250.02(3), 411(1), 250.01(2), 250.41(1), 250.5(1), 715(1), 788(1), 414(2), 404(1), 492(1), 401(3), 496(1), 250(4), 250.6(1), 300(1), 285(2), 287(1), 244(1), 486(3), 70(1), 424(1), 428(2), 571(1), 787(1), 427(3), 530(1), 311(1), 250.11(1), 276(2), #####(2), 250.13(1), 403(2), 786(1), 491(1), 493(1), 730(1), 340(1), V12(1), 474(1)",57
128,127,01281,diag_1,"428(2), 414(4), 434(5), 786(1), 733(1), 250.13(1), 642(1), 410(3), 426(1), 303(1), 780(1), 996(4), V57(1), 425(1), 427(5), 475(1), 574(1), 599(1), 38(1), 654(1), 458(1), 564(1), 276(1), 820(1), #####(1), 552(1), 431(1), 250.6(1), 532(1), 453(1), 486(1), 787(1), 250(2), 562(1), 8(1), 136(1), 151(1), 250.8(1), 897(1)",57
128,127,01282,diag_2,"250.41(1), 411(1), 253(1), 410(2), 397(1), 996(1), 428(2), 427(5), 276(5), 648(2), 414(3), 250(4), 250.02(1), 38(1), 401(4), 285(2), 780(2), 535(1), 287(1), 424(1), 486(1), 197(1), 518(1), 496(1), 560(1), 786(1), 403(1), E947(1), 425(1), 280(1), #####(1), 344(1), 278(1), 585(1), 731(1), 808(1)",57
129,128,01291,diag_1,"428(2), 682(1), 414(3), 250.81(1), 786(3), 996(2), 727(1), 434(1), 486(3), 157(1), 618(1), 433(1), 738(1), #####(3), 820(1), 410(1), 250.02(2), 574(1), 592(1), 288(1), 535(1), 250.6(1), 491(4), 415(1), 493(1), 715(2), 203(1), 566(1), 152(1), 112(1), 707(1), 427(1), 250.8(1), 345(1), 402(1), 276(1), 790(1), 533(1), 824(1), 518(1), 174(1), 724(1)",57
129,128,01292,diag_2,"250.01(1), 250.22(1), 411(4), 780(1), 250.6(2), 250.02(3), 413(2), 997(1), 788(1), 414(1), 276(2), 285(1), 250(5), 300(1), 428(2), 996(2), 599(3), 591(1), 79(1), 496(1), 682(2), 453(1), 278(2), 401(1), 491(4), 733(1), 196(1), 427(1), 707(1), 785(1), 396(1), 584(1), 403(1), E885(1), 233(1), 908(1)",57
130,129,01301,diag_1,"250.22(1), 250.83(1), 414(2), 599(2), 250.7(1), 592(1), 715(3), 410(3), 427(2), 436(1), 295(1), 428(2), 413(1), #####(4), 786(1), 296(1), 250.02(1), 280(1), V57(1), 434(2), 438(1), 682(2), 780(2), 578(1), 290(1), 276(2), 564(1), 560(1), 491(1), 558(2), 38(1), 486(2), 250.92(1), 820(1), 493(1), 250.82(1), 553(1), 278(1), 611(1), 373(1)",57
130,129,01302,diag_2,"155(1), 428(2), 411(2), 250.01(3), V45(1), 440(1), 426(1), 397(1), 414(2), V15(2), 434(1), 424(1), #####(4), 250(6), 410(1), 276(7), 425(1), 780(2), 401(3), 599(2), 784(1), 682(2), 427(1), 284(1), 496(1), 285(1), 584(1), 707(1), 709(1), 518(1), 585(1), 693(1)",57
131,130,01311,diag_1,"295(1), 312(1), 414(3), 276(2), 428(2), 189(1), 574(1), 157(1), 682(2), 410(3), 996(4), 786(2), 250.13(1), 441(2), 434(2), 427(1), #####(3), 715(1), 569(1), 493(2), 564(1), 531(1), 411(1), 250.11(2), 515(1), 197(1), 728(1), 38(2), 486(2), 305(1), 491(1), 239(1), 198(1), 590(1), 780(1), 490(1), 518(1), 795(1)",57
131,130,01312,diag_2,"309(1), 250.01(2), 411(2), 401(3), 250.6(1), 511(1), 428(2), 451(1), 414(4), 250(3), 482(1), #####(7), 425(1), 427(5), 496(1), 413(1), 599(2), 788(2), 280(1), 493(1), 306(1), 789(1), 577(1), 263(1), 276(3), 189(1), 592(1), 491(1), 438(1), 368(1), V54(1), 481(1), 585(1)",57
132,131,01321,diag_1,"738(1), 414(5), 599(2), V57(1), 250.81(1), 428(2), 295(1), 433(1), 398(1), 376(1), 435(1), 786(2), 998(1), 997(1), 410(3), 426(1), 434(1), 996(3), 575(1), 780(3), 241(1), 440(1), 682(1), 38(3), 402(1), 560(1), 250.11(1), 493(1), 202(1), 427(1), 565(1), 42(1), 153(1), 576(1), 788(1), 193(1), 276(1), 285(1), 790(1), 453(1), 518(1), 821(1)",57
132,131,01322,diag_2,"250.01(1), 411(3), 250.41(1), 436(1), 428(2), 999(1), 250(6), 413(2), 427(2), 682(1), 535(1), 707(4), 425(4), 401(1), 820(1), 403(2), 433(1), 493(1), 496(1), 288(1), 486(2), 296(1), E879(1), 789(1), 295(1), 276(2), 424(1), 721(1), 599(2), 70(1), 574(1), 242(1), 584(2), 585(1), 482(1), E888(1)",57
133,132,01331,diag_1,"320(1), 414(5), 411(1), 428(2), 440(1), 433(2), 435(1), 296(1), 491(4), 820(1), 250.13(1), 250.7(1), 532(1), #####(3), 276(2), 303(1), V57(1), 162(1), 410(1), 427(2), 590(1), 482(1), 535(1), 780(1), 171(1), 574(2), 507(2), 403(1), 578(1), 38(1), 600(1), 447(1), 486(3), 786(1), 250.8(1), 719(1), 280(1), 861(1), 599(1), 813(1)",57
133,132,01332,diag_2,"38(1), 250.01(1), 411(1), 511(2), 250.6(2), 440(1), 272(1), 413(1), 250(3), 401(2), 250.02(2), 427(1), 426(1), 285(3), 682(2), 410(1), 425(2), 577(1), 428(2), 276(5), 412(1), 493(1), 486(2), 304(1), 599(3), V64(1), 496(1), 574(1), 444(1), 162(1), 719(1), #####(2), 518(1), 584(2), 348(1), 446(1), 832(1)",57
134,133,01341,diag_1,"648(1), 250.03(1), 433(2), 414(6), 722(2), 189(1), 428(2), 410(1), 996(2), #####(10), 780(1), 434(1), 786(3), 782(1), 507(1), 427(2), 443(1), 510(1), 458(1), 401(1), 599(1), 250.42(1), 553(1), 440(1), 283(1), V57(1), 250.8(3), 558(1), 491(1), 562(1), 584(1), 331(1), 715(1), 459(1)",57
134,133,01342,diag_2,"250.01(4), 564(1), 411(2), 250.6(1), 276(2), 250(5), 250.02(3), 153(1), 414(3), 401(3), 780(1), 340(1), 428(2), 496(2), 403(2), 427(1), 682(2), 599(1), 440(1), 493(2), 424(2), 162(1), 282(1), 530(1), 707(1), 204(1), 729(1), 438(2), #####(2), 592(1), 569(1), 491(1), 727(1), 585(1)",57
135,134,01351,diag_1,"250.03(1), 414(2), 433(1), 304(1), 276(2), 286(1), 428(2), 593(1), 250.13(1), 786(4), 996(2), #####(3), 577(3), 410(2), V57(3), 250.6(2), 789(1), 574(1), 560(1), 820(1), 403(1), 851(1), 780(4), 427(1), 530(1), 250.8(1), 715(1), 296(1), 486(2), 404(1), 557(1), 482(1), 453(1), 562(1), 584(1), 402(1), 280(1), 693(1)",57
135,134,01352,diag_2,"780(2), 411(1), 250.6(1), 296(1), 440(1), 427(6), 250.4(1), 276(4), 414(1), 250(2), 242(1), 424(2), 250.02(2), 998(1), 401(4), 599(2), 486(2), 496(1), 428(2), 682(1), 403(1), 576(1), 786(1), 331(1), 571(1), 790(1), 301(1), 560(1), 491(1), 282(1), 591(1), 574(1), 585(1), 278(1), 584(2), #####(1), 285(1), 556(1)",57
136,135,01361,diag_1,"428(2), 117(1), 414(4), 294(1), 410(4), 153(1), 296(2), 682(2), 436(1), 996(1), 250.22(1), 250.12(1), 157(1), #####(4), 435(1), 592(1), 786(1), 820(2), 660(1), 574(1), 812(1), 789(1), 332(1), 427(1), 438(1), 276(1), 511(1), 486(4), 562(1), 823(1), 722(1), 250.8(1), 38(1), 251(1), 250.6(1), 736(1), 491(1), 207(1), 8(1), 921(1), 862(1)",57
136,135,01362,diag_2,"250.43(1), 484(1), 411(1), 250.6(1), 401(2), 996(2), 780(3), 414(2), 250(1), 196(1), 581(1), 496(2), 250.8(1), 38(1), 305(1), 425(3), 197(1), 428(2), 591(1), 786(1), 427(1), 340(1), 642(1), 710(1), 998(1), 276(3), 486(1), 560(1), 599(1), #####(2), 789(1), 724(1), 303(1), 682(1), 491(1), 707(1), 487(1), 585(2), 250.02(1), 584(1), 297(1), 562(1), 920(1), 807(1)",57
137,136,01371,diag_1,"715(2), 414(2), 276(2), 250.41(1), 558(1), 433(1), 786(1), 281(1), 428(2), 410(3), 440(1), 250.7(1), 250.02(1), #####(2), 996(2), 427(3), 453(2), 416(1), 227(1), 584(1), 780(2), 600(1), 507(1), 250.11(1), 599(1), 536(1), 562(1), 511(1), 577(2), 250.4(1), 491(2), 285(3), 567(1), 493(2), 555(1), 8(1), 585(1), 389(1), 369(1), 824(1)",57
137,136,01372,diag_2,"201(1), 411(1), 250.01(1), V45(1), 403(3), 250.5(1), 250(5), 250.02(1), 428(2), 424(2), 682(3), 427(2), 276(2), 496(2), 287(1), 493(1), 255(1), 250.42(1), #####(4), 401(1), V12(1), 197(1), 599(3), 786(1), 250.82(1), 151(1), 303(1), 584(2), 560(1), 413(1), 780(1), 530(1), 438(1), 535(1), 724(1), 292(1), 845(1), 934(1)",57
138,137,01381,diag_1,"414(6), 626(1), 599(1), 250.7(1), 730(1), 574(1), 311(1), 780(1), 197(1), 398(1), 733(1), 296(1), 428(2), 786(3), 578(1), 410(3), 781(1), 250.42(1), 592(1), 434(2), 435(1), 998(1), 415(2), 276(1), 437(1), 491(2), 188(1), 250.6(1), 250.11(1), 155(1), 577(1), 682(1), 348(1), 715(1), 486(1), 38(1), 562(1), 465(1), 150(1), 924(1), 518(1), 275(1), 352(1), 560(1)",57
138,137,01382,diag_2,"250.01(3), 411(2), 440(1), 250.6(2), 53(1), 250(3), 305(1), 413(1), V10(1), 396(1), 496(2), 285(1), 511(1), 414(2), 571(2), 428(2), 333(1), 427(6), 403(3), 530(1), 998(1), 112(1), 453(1), 574(1), 599(4), 276(4), 515(1), 491(2), 300(1), 296(1), 518(1), 507(1), 751(1)",57
139,138,01391,diag_1,"996(1), 681(1), 414(4), 410(5), 250.6(2), 812(1), 571(1), 428(2), 578(2), 786(1), 250.7(1), 174(1), #####(2), 386(1), 435(1), 995(1), 250.11(2), 425(1), 515(1), 530(1), 276(2), 599(5), 585(1), 427(1), 682(1), 486(2), 780(1), 820(2), 802(1), 532(1), 560(2), 562(1), 250.8(1), 573(1), 507(1), 288(1), 813(1)",57
139,138,01392,diag_2,"250.53(1), 250.41(1), 411(2), 250(4), 427(3), 414(2), 492(1), 434(1), 789(2), 428(2), 780(3), 425(1), 785(1), 599(2), 682(1), 578(1), 276(4), 403(2), 401(1), #####(7), 530(1), 293(1), 295(1), 486(1), 536(1), 285(2), 340(1), 518(1), 790(1), 491(1), 584(1), E933(1), 540(1), V72(1)",57
140,139,01401,diag_1,"440(3), 414(5), 599(3), 786(2), 250.4(1), 276(1), 428(2), 410(2), 424(1), 996(3), #####(3), 780(1), 250.7(1), 434(1), 997(1), 789(2), 535(1), 577(1), 715(2), 458(1), 427(2), 507(1), 403(1), 38(1), 491(2), 202(1), 188(1), 618(1), 567(1), 451(1), 156(1), 345(1), 584(1), 280(1), 250.1(1), 627(1), 405(1), 952(1)",57
140,139,01402,diag_2,"250.7(1), 411(1), V42(2), 401(3), 413(2), 496(2), 427(4), 414(1), 581(1), 250.02(1), 424(1), 428(2), 403(3), 789(1), 590(1), 70(1), 707(2), 425(3), 577(1), 599(4), #####(5), 404(1), 276(2), 682(1), 595(1), 625(1), 153(1), 296(1), 576(1), 560(1), 466(1), 584(2), 790(1), 311(1)",57
141,140,01411,diag_1,"996(3), 794(1), 414(8), 250.7(2), 296(2), 434(2), 486(1), 410(2), 786(1), 428(2), 198(1), 482(2), 530(1), 600(1), #####(2), 780(3), 577(1), 590(1), 427(2), 276(1), 715(2), 820(1), 535(1), 453(1), 784(1), 250.6(2), 682(1), 250.82(1), 444(1), 278(1), 787(1), 518(1), 790(1), 501(1), 564(1), 285(1)",57
141,140,01412,diag_2,"250.83(1), 414(4), 411(2), 440(1), 250.6(3), 250.4(1), 434(1), 250(5), 413(1), 272(1), 250.52(1), 428(1), 786(1), 511(1), 424(1), 496(5), 682(1), 427(4), 780(2), 425(1), 788(1), 401(1), 996(1), 403(2), 280(1), 276(3), 781(1), 518(1), 707(3), 599(1), 337(1), 197(1), 152(1), 238(1)",57
142,141,01421,diag_1,"250.23(1), 414(4), 250.83(1), 574(1), 996(2), 410(3), 250.6(1), 411(1), 428(2), 296(1), 786(4), #####(5), 722(1), 250.02(1), 434(1), 276(2), 427(3), 402(1), 682(1), 153(1), 241(1), 453(1), 715(1), 569(1), 566(1), 431(1), 577(2), 486(2), 784(1), 820(1), 511(1), 38(1), 581(1), 780(1), 278(1), 792(1), 669(1), 540(1)",57
142,141,01422,diag_2,"250.6(1), 411(2), 707(1), 250.01(1), 567(1), 426(1), 440(1), 401(4), 493(2), 414(1), 511(1), 780(1), 250(4), 410(1), 415(1), 599(4), 786(1), 428(2), 284(1), 276(2), 250.13(1), 425(3), 496(1), 198(1), 278(1), 282(1), 996(1), 491(1), 560(2), 444(1), 565(1), 507(1), 574(1), 403(1), 733(1), 250.92(1), 782(1), 291(1), 585(1), 648(1), 543(1)",57
143,142,01431,diag_1,"707(1), 414(3), 496(2), 38(2), 433(1), 410(5), 722(1), 786(2), 425(1), 250.13(1), 824(1), 996(2), 998(1), 535(2), 250.02(1), 250.12(1), 276(2), 434(1), 435(1), 532(1), 574(2), 442(1), 560(1), 715(1), 458(3), 250.6(1), 431(1), 250.82(1), 428(1), 486(4), 491(2), 112(1), 202(1), 404(1), 250.2(1), 780(1), 891(1), 490(1)",57
143,142,01432,diag_2,"250.51(1), 411(2), 428(2), 250.6(1), 285(1), 425(2), 414(2), 250.02(1), 244(1), 276(10), E880(1), 38(1), 250(5), 787(1), 427(6), 496(3), 112(1), 599(3), #####(1), 518(1), 416(1), 401(3), 493(1), 491(2), 790(1), 295(1), 202(1), 996(1)",57
144,143,01441,diag_1,"293(1), 414(4), 250.81(1), 786(3), 733(1), 428(2), V55(1), V57(1), 780(2), 440(1), 410(2), 714(1), 727(1), 174(1), 250.7(2), #####(4), 599(1), 996(1), 182(2), 507(1), 799(1), 654(1), 486(6), 162(1), 558(1), 560(2), 491(2), 682(2), 250.4(1), 427(1), 38(2), 421(1), 143(1), 807(1), 883(1)",57
144,143,01442,diag_2,"250.7(1), 250.01(2), V45(1), 411(2), 250.6(3), 441(1), 567(1), 250(7), 788(1), 414(2), 250.4(1), 280(1), 403(2), 196(1), 682(2), 496(2), 785(2), 453(1), 427(3), 253(1), 38(1), 276(2), 599(3), 996(1), 648(1), 197(1), 578(1), 428(1), 707(1), 573(1), 574(1), 584(1), 491(1), 41(1), 998(1), 810(1), 681(1)",57
145,144,01451,diag_1,"648(1), 414(3), 486(5), 250.23(1), 401(1), 789(1), 997(1), 410(2), 440(1), 351(1), 435(1), 786(3), V57(1), 577(1), 434(2), 572(1), 820(1), 682(2), 428(2), 958(1), 530(1), 437(1), 780(2), 415(1), 599(1), 250.6(2), 507(1), 276(1), 715(1), #####(1), 300(1), 455(1), 174(1), 574(1), 969(1), 493(1), 808(1), 723(1), 625(1), 996(1), 8(1), 491(1), 945(1)",57
145,144,01452,diag_2,"250.91(1), 411(1), 250.03(1), 276(4), 250.01(2), 567(1), 250.02(3), 788(1), 428(2), 427(2), 997(1), 414(2), 426(1), 511(1), 571(1), 820(1), 250(2), 401(3), 780(1), 287(1), 425(1), 403(1), 682(1), 453(1), 486(1), 250.82(1), 41(1), 599(4), 410(1), 491(2), 536(1), 560(1), 558(1), 518(2), 577(1), 8(1), 618(1), 552(1), 584(1), 958(1)",57
146,145,01461,diag_1,"296(2), 428(2), 414(5), 420(1), 642(1), 427(2), 593(1), 410(3), 250.13(1), #####(4), 435(1), 288(1), 786(1), 250.7(1), 562(2), 820(3), 997(1), 682(1), 250.22(1), 560(1), 532(1), 434(1), 453(1), 599(2), 300(1), 996(2), 724(1), 250.8(1), 578(1), 250.6(1), 486(3), 722(1), 250.82(1), 491(1), 38(1), 250.11(2), 812(1)",57
146,145,01462,diag_2,"309(1), 423(1), 411(3), V45(1), 250(6), 250.42(1), 401(2), 250.02(1), 410(1), 648(1), 276(4), 414(1), 287(1), 427(3), 599(2), 530(1), 496(1), 785(1), 279(1), 560(1), 575(1), 578(1), 342(1), 415(1), 428(2), 293(1), 486(1), 730(1), 518(1), 780(1), 562(1), 707(2), 295(1), 286(1), 724(1), 682(1), 485(1), 584(1), 783(1), 799(1), E885(1)",57
147,146,01471,diag_1,"414(4), 276(4), 410(1), 428(2), 191(1), 786(3), 789(2), 250.02(1), 722(1), 592(1), 157(1), 518(3), #####(4), 840(1), 682(1), 998(1), 250.6(2), 427(1), 507(2), 564(1), 730(2), 824(1), 618(1), 401(1), 574(1), 530(1), 333(1), 250(1), 577(1), 250.7(1), 922(1), 38(1), 996(1), 250.8(1), 486(1), 790(1), 820(1), 724(1), 250.9(1)",57
147,146,01472,diag_2,"411(2), 250.02(2), 413(3), V42(1), 414(2), 401(4), 300(1), 250(3), 493(1), 492(1), 425(1), 726(1), 428(1), 780(1), 38(1), 427(3), 496(3), 276(2), 707(3), 290(1), 486(1), 295(1), 303(1), 535(1), 357(1), 296(1), 403(1), 278(1), 272(1), 577(1), 585(3), E878(1), 790(1), 584(1), 41(1), E888(1), 491(1), 490(1)",57
148,147,01481,diag_1,"414(5), 824(1), 786(5), 435(1), 584(1), 70(1), 413(1), 250.6(1), 458(2), 428(2), 410(2), 784(1), 572(1), 426(1), 434(1), 250.12(1), V57(1), 401(1), 162(1), 38(1), 553(1), V53(1), 530(1), 789(1), 536(1), 715(3), 562(1), #####(1), 707(1), 453(1), 403(1), 250.82(1), 250.8(1), 278(1), 962(1), 491(2), 486(2), 682(1), 8(1), 518(1), 280(1), 577(1)",57
148,147,01482,diag_2,"250.51(1), 411(3), 250.41(1), 250.01(2), 250.22(1), 571(3), 424(1), 250.4(1), 135(1), 427(3), 511(1), 250(3), 250.6(1), 787(2), 428(2), 996(1), 425(1), #####(4), 276(5), 403(1), 780(1), 198(1), 250.13(1), 401(2), 577(1), 496(1), 593(1), 493(2), 707(1), 250.92(1), 491(1), 518(2), 584(1), 507(1), 535(1), V11(1)",57
149,148,01491,diag_1,"414(5), 411(1), 250.7(1), 410(4), 295(1), 428(2), 433(1), 427(3), 590(1), 998(1), 996(2), 290(1), 253(1), 722(1), 786(3), 198(1), #####(2), 440(1), 682(2), 162(1), 486(4), 530(1), 507(1), 715(1), 276(2), 599(1), 620(1), 153(1), 250.8(1), 38(1), 491(1), 574(1), 577(1), 466(1), 518(1), 847(1), 459(1), 324(1)",57
149,148,01492,diag_2,"411(1), 414(4), 440(1), 250(1), V15(1), 410(1), E942(1), 786(1), 401(4), 511(2), 599(2), V45(1), 250.02(3), 998(1), 38(1), 428(2), 437(1), 427(6), 403(2), 276(3), 295(1), 242(1), 478(1), 493(1), 530(1), #####(2), 496(1), 620(1), 996(1), 491(2), 794(1), 584(2), 153(1), 585(1), 790(1)",57
150,149,01501,diag_1,"250.32(1), 681(1), 414(5), 340(1), 427(3), 786(1), 185(1), V57(2), 433(1), 295(1), 410(2), 250.13(1), 250.12(1), 250.7(1), 577(2), 599(2), 440(1), 428(2), 592(2), 434(1), 996(1), 296(1), #####(4), 486(2), 557(1), 458(1), 250.11(1), 491(3), 170(1), 153(1), 511(1), 250.82(1), 38(1), 595(1), 707(1), 562(1), 808(1), 518(1), 250.8(1)",57
150,149,01502,diag_2,"401(3), 250.03(1), 411(2), 788(1), 250.01(1), V45(1), 250.5(1), 250(4), 440(1), 414(2), 413(1), 427(5), 276(3), 789(1), 682(1), 250.02(2), 428(2), 287(1), 998(1), 780(2), 425(1), 8(2), 403(2), 303(1), 496(1), 492(1), 491(3), 197(1), #####(1), 560(1), 599(2), 584(1), 799(1), 280(1), 569(1), 731(1)",57
151,150,01511,diag_1,"250.03(1), 486(2), 414(6), 440(1), 592(1), 733(1), 433(1), 293(1), 789(1), 250.81(1), 413(1), 428(2), 296(2), 722(1), 786(3), 507(1), 250.02(1), #####(7), 410(1), 198(1), 434(2), 996(1), 780(1), 577(1), 682(1), 453(1), 386(1), 437(1), 840(1), 250.8(2), 493(1), 560(1), 427(1), 220(1), 584(1), 278(2), 637(1), 491(1)",57
151,150,01512,diag_2,"428(2), 250.7(1), 411(2), 250.01(2), 997(1), 135(1), 788(2), 414(3), 682(1), 397(1), 272(1), 996(3), 511(1), 250(6), 780(1), 250.02(2), 425(2), 424(1), 401(3), #####(2), 284(1), 403(2), 427(3), 496(1), 342(1), 707(1), 923(1), 569(1), 276(2), 560(1), 515(1), 296(1), 574(1), 518(1), 480(1)",57
152,151,01521,diag_1,"292(1), 414(1), 786(3), 996(3), 535(1), 852(4), 185(1), 410(3), 531(1), 682(4), 433(1), 552(1), 428(2), 560(1), #####(1), 998(1), 820(1), 401(1), 564(1), 625(1), 789(1), 250.11(1), 574(1), 797(1), 491(3), 493(1), 577(1), 486(1), 432(1), 562(1), 250.2(1), 427(1), 527(1), 733(1), 781(1), 584(2), 276(1), 822(1), 518(1), 812(1), 753(1)",57
152,151,01522,diag_2,"E939(1), 411(1), 250.01(4), 276(7), 426(1), 253(1), 250.6(3), 428(2), 414(1), 250(3), 38(1), 424(2), 287(1), 403(3), 294(1), 427(2), 41(1), 572(1), 496(1), 305(1), 997(1), 599(4), #####(1), 493(1), 574(1), 202(1), 162(1), 278(1), 585(3), 780(1), 958(1), E888(1), 491(1), 813(1)",57
153,152,01531,diag_1,"414(2), 440(1), 727(1), 411(1), 250.7(1), 420(1), 276(4), 423(1), 433(1), 154(1), 722(1), 250.81(1), 786(1), 427(2), 250.22(1), 410(1), 428(2), 569(1), 401(1), 571(1), 434(1), 998(1), 425(1), 491(1), 996(1), 482(1), 577(1), 11(1), 715(2), 486(2), #####(1), 455(1), 780(2), 562(1), 558(3), 493(1), 250.8(2), 574(1), V57(1), 485(1), 285(1), 403(1), 8(1), 584(1), 718(1)",57
153,152,01532,diag_2,"250.01(1), 250.41(1), 250.6(1), 250(3), 440(1), 427(2), 250.81(1), 998(1), 162(1), 571(1), 198(1), 492(1), 711(1), 414(2), 426(1), 250.02(1), 780(2), 428(2), 496(4), 578(1), 456(1), 403(1), #####(2), 242(1), 493(2), 599(1), 486(1), 211(2), 682(1), 401(2), 707(2), 424(1), 577(1), 276(4), 491(2), 348(1), 278(1), 250.82(1), 285(1)",57
154,153,01541,diag_1,"648(1), 414(3), 997(1), 276(1), 530(1), 250.41(1), 733(1), 174(1), 250.13(1), 295(1), 786(4), 434(3), 428(2), 820(1), 410(1), V58(1), 572(1), 250.22(1), 799(1), V57(2), 482(1), 557(1), 535(2), 711(1), 250.6(1), 996(1), 427(1), 715(1), 493(1), 531(1), 962(1), 486(2), 682(1), 518(1), 348(1), 584(1), 491(2), 151(1), 285(1), 8(1), 458(1), 924(1), 835(1), 710(1), 933(1)",57
154,153,01542,diag_2,"642(1), 492(1), 250.02(1), 413(2), 250.6(1), 277(1), 496(5), 486(2), 424(1), 196(1), 276(4), 250(4), 873(1), 401(4), 203(1), 530(1), 428(2), 427(2), 599(3), 786(1), 378(1), 729(1), 784(1), 730(1), #####(1), 280(1), 780(1), 560(1), 696(1), 491(1), 425(1), 518(1), 785(1), 403(1), 585(2), 323(1), 799(1)",57
155,154,01551,diag_1,"433(1), 491(6), 403(3), 414(2), 434(2), 410(2), 398(1), 38(1), 571(1), 562(1), 295(2), 730(1), 996(2), 435(2), 997(1), 442(1), 428(2), #####(3), 780(2), 427(2), 250.12(1), 250.93(1), 560(2), V53(1), 682(1), 715(2), 250.11(1), 486(2), 250.92(1), 189(1), 8(1), 250.4(2), 658(1), 518(1), 195(1)",57
155,154,01552,diag_2,"250.01(1), 281(1), 250.41(1), 411(1), 250.03(1), 250.6(1), 434(2), 567(1), 396(1), 272(1), 250(3), 581(1), 780(3), 38(1), 428(2), 785(1), 414(1), 578(1), 496(3), 296(1), 403(1), 427(4), 493(1), 424(1), 276(4), 70(1), 998(2), 285(2), #####(1), 401(2), 518(1), 584(1), 599(1), 486(2), 280(1), 583(1), 648(1), 198(1), 585(1)",57
156,155,01561,diag_1,"358(1), 414(5), 535(1), 185(1), 715(1), 433(1), 70(1), 410(2), 303(1), 250.13(1), 441(1), 428(2), 786(4), 435(1), 434(2), #####(2), V57(1), 997(1), 437(1), 415(1), 996(1), 780(1), 296(1), 427(2), 572(1), 578(1), 507(2), 707(1), 599(2), 486(2), 491(3), 789(1), 38(1), 250.8(1), 485(1), 511(1), 519(1), 183(1), 250.1(1), 562(1)",57
156,155,01562,diag_2,"276(7), 411(1), 250.01(1), 250.4(1), V45(1), 250.5(1), 250.02(1), 413(2), 424(4), 789(1), 427(2), 414(2), 293(1), 780(1), 410(3), 401(1), 496(2), 425(1), 781(1), 443(1), 250(1), 997(1), 303(1), 428(2), 599(2), 491(2), 710(1), 737(1), 577(1), #####(1), 493(1), 403(1), 250.12(1), 585(1), 707(1), 429(1), 197(1), 557(1), 799(1)",57
157,156,01571,diag_1,"997(1), 414(4), 722(1), 562(2), 648(1), 428(2), 402(2), 571(2), 410(4), 427(3), 572(2), 786(1), 733(1), 434(1), 682(1), 250.7(1), 250.02(1), 300(1), 715(3), 780(2), V55(1), #####(2), 996(1), 162(2), 291(1), 250.6(1), 250.4(1), 599(1), 486(1), 250.8(1), 518(1), 493(1), 276(2), 566(1), 278(1), 8(1), 344(1), 805(1)",57
157,156,01572,diag_2,"250.7(1), 411(3), 250.01(2), 250(2), 401(2), 428(2), 496(3), 789(1), 414(1), 492(1), 571(1), 287(1), 682(3), 425(1), 250.02(1), 531(1), 599(2), 511(1), 715(1), 413(1), 493(1), V15(1), 584(2), 491(1), 285(1), V43(1), 427(1), #####(3), 197(1), 577(1), 780(2), 707(1), 276(4), 403(1), 486(1), 291(1), 785(1), 458(1), 805(1)",57
158,157,01581,diag_1,"648(1), 414(6), 185(1), 250.02(2), V57(4), 590(1), 996(4), 492(1), 433(1), 434(3), 295(1), 733(2), 428(2), 440(1), 410(1), 786(1), 250.6(1), 715(3), 780(2), 535(1), 730(1), #####(1), 486(3), 250.22(1), 599(1), 576(1), 562(1), 491(1), 796(1), 560(1), 507(2), 38(1), 724(1), 250.8(1), 250(1)",57
158,157,01582,diag_2,"250.01(1), 411(2), 250(2), 135(1), 250.6(2), 287(1), 434(1), 401(4), 578(2), 428(2), 427(3), 250.02(1), 70(1), 112(1), 414(2), 38(1), 305(3), 453(1), 285(3), 276(3), 790(1), 404(1), 707(3), 491(1), 496(1), 584(2), 197(1), #####(1), 599(2), 492(1), 585(1), 250.92(1), 518(1), 756(1), 348(1), 459(1)",57
159,158,01591,diag_1,"410(3), 428(2), 414(3), 250.7(1), 604(1), 250.43(1), 786(3), 185(1), 296(1), 435(1), #####(3), 599(1), 998(1), 453(2), 427(1), 403(1), 250.12(1), 486(3), 416(1), 780(1), 250.6(1), 161(1), 733(1), 682(2), 577(3), 493(2), 295(1), 197(1), 491(4), 38(2), 250.8(1), 722(1), 250.02(1), 278(1), 920(1), 584(1), 250.1(1)",57
159,158,01592,diag_2,"250.01(2), 411(1), 440(1), 413(2), 401(2), 272(1), 786(1), 250.02(2), 518(1), 511(1), 250(2), 70(1), 410(2), 437(1), 788(2), 428(2), 789(1), 496(1), 403(5), 512(1), 250.4(1), 276(3), 204(1), 427(2), 780(1), 197(1), 491(1), #####(5), 425(1), 345(1), 162(1), 599(2), 250.12(1), 346(1), 616(1), 284(1), 585(1)",57
160,159,01601,diag_1,"410(7), 414(8), 54(1), 402(1), 722(1), 436(1), 434(2), V57(2), 512(1), 276(2), 424(1), 435(1), 574(1), 290(1), 250.11(1), 996(1), 780(2), 440(1), 491(2), 250.8(2), 428(2), 250.6(1), 599(1), 785(1), 784(1), 486(3), 493(1), 562(1), 415(1), 823(1), 38(1), 518(1), 789(1), 584(1), 610(1)",57
160,159,01602,diag_2,"250.7(1), 411(2), 492(2), 42(1), 511(1), 426(1), 272(2), 496(5), 427(3), 599(1), 414(4), 780(3), 250(1), 410(1), 250.02(1), 571(1), 403(4), 584(2), 486(2), 428(2), 342(1), 578(1), 536(1), 276(5), 402(1), 424(1), 493(1), #####(1), 564(1), 707(1), 305(1), 491(1), 530(1)",57
161,160,01611,diag_1,"786(2), 414(4), 486(4), 286(1), 574(2), 682(2), 434(2), 295(1), 738(1), 153(1), 410(1), 428(2), 250.13(2), 535(1), 250.7(1), 197(1), 596(1), 200(1), 440(1), 507(1), 789(1), 807(1), 250.11(1), 415(1), 250.12(1), 599(1), 820(1), 491(1), 276(2), 8(1), 715(1), 569(1), 285(1), 558(1), V58(1), 250(1), 280(1), 155(1), 162(1), 600(1), 681(1), 518(1), 250.01(1), 112(1)",57
161,160,01612,diag_2,"250.41(1), 411(2), 250.01(1), 599(1), 135(1), 433(1), 250.6(1), 427(4), 250.02(2), 496(2), 414(1), 724(1), 196(1), 998(1), 577(2), 780(1), 278(1), 707(1), 198(1), 591(1), 285(1), 784(1), 493(1), 428(2), 786(1), 401(2), 276(6), 402(1), 250.82(1), 41(1), 284(1), #####(2), 263(1), 202(1), 574(1), 584(2), 578(1), 466(1), 250.8(1), 491(1), 692(1)",57
162,161,01621,diag_1,"411(1), 297(1), 414(4), 599(2), 225(1), 428(2), 157(1), 996(2), 250.81(1), 729(1), 423(1), 572(1), 427(4), 250.13(1), 578(2), V57(2), 435(2), 786(2), 722(1), #####(1), 401(1), 682(1), 431(1), 276(2), 780(2), 486(1), 434(1), 250.8(3), 560(2), 250.82(1), 432(1), 789(1), 38(2), 820(1), 518(1), 997(1), 535(1), 893(1)",57
162,161,01622,diag_2,"281(1), 294(1), 411(2), 250.01(1), 250(6), 196(1), 715(1), 272(2), 401(2), 682(1), 710(1), 197(1), 571(2), 414(1), 426(1), 276(3), 424(1), 496(3), V15(1), 599(3), 413(1), 427(1), 403(1), 428(1), 402(1), 433(1), 340(1), 805(2), 285(2), 493(1), 250.8(1), 507(1), 278(1), 595(1), 728(1), 584(1), 585(1), E935(1), 706(1), 730(1)",57
163,162,01631,diag_1,"250.83(1), 715(1), 414(2), 812(1), 293(1), 786(2), 296(1), 996(1), 413(1), 820(1), 410(3), 428(2), 435(1), #####(8), 434(2), 599(4), 182(1), 253(1), 424(1), 250.02(1), 401(1), 997(1), 780(1), 427(2), 600(1), 560(1), 491(1), 276(1), 197(1), 284(1), 493(1), 331(1), 535(1), 486(1), 287(1), 250.8(1), 278(1), 724(1), 155(1), 471(1)",57
163,162,01632,diag_2,"496(2), 250.51(1), V45(2), 250.01(1), 786(3), V42(1), 244(1), 250(3), 401(3), 250.6(1), 414(4), 511(1), 198(1), 780(2), 203(1), 196(1), 250.02(2), 428(2), 412(1), 413(1), 427(1), 276(4), 403(1), #####(1), 707(1), 272(1), 787(1), 250.8(1), 250.11(1), 599(1), 518(1), 285(1), 578(1), 584(2), 682(1), 530(1), 585(1), 727(1), 473(1)",57
164,163,01641,diag_1,"286(1), 786(2), 435(1), 250.13(2), 398(1), 427(2), 410(7), 250.02(1), 433(1), 296(1), 426(1), 423(1), 428(2), 425(1), 780(3), V57(2), 250.7(2), 434(1), 996(1), 682(2), 820(1), 486(2), 824(1), 723(1), 977(1), 535(1), 590(1), 507(1), 482(1), 402(1), 493(1), 276(1), 788(1), 557(1), 453(1), 481(2), 721(1), 491(1), 784(1), 813(1)",57
164,163,01642,diag_2,"E934(1), 250.01(2), 244(1), 394(1), 411(1), 250.02(2), V15(1), 414(1), 427(4), 250(4), 424(1), 401(4), 276(3), 496(2), 518(3), 204(1), 428(2), 437(1), 425(2), 682(1), 599(3), 403(1), 707(2), 790(1), 255(1), #####(1), 41(1), 311(1), 558(1), 493(1), 724(1), 280(1), 585(2), 907(1), 802(1)",57
165,164,01651,diag_1,"428(2), 250.03(1), 414(5), 682(4), 311(1), 786(4), V57(1), 440(1), 410(3), 434(1), 998(1), 590(1), #####(5), 427(2), 401(1), 276(1), 415(1), 250.6(1), 250.11(1), 780(1), 486(1), 715(1), 562(1), 493(2), 453(1), 38(1), 250.82(1), 530(1), 808(1), 820(1), 532(1), 278(1), 584(1), 821(1), 8(1), 531(1), 707(1), 458(1)",57
165,164,01652,diag_2,"250.43(1), 276(4), 411(2), 250.4(1), 250.01(1), 413(2), 496(5), 426(1), 250(3), 998(1), 414(1), 401(2), 428(2), 403(2), 204(1), 996(1), 396(1), 786(1), 553(1), 599(1), 427(4), 682(2), #####(4), 707(2), 518(1), 711(1), 458(1), 8(1), 285(2), 714(1), 416(1), 291(1), 280(1), 585(1)",57
166,165,01661,diag_1,"414(4), 493(2), 331(2), 648(1), 571(1), 189(1), 250.02(1), 426(1), 569(2), 436(1), 410(3), 428(2), 250.13(1), 564(1), V57(1), 434(1), 780(2), 682(1), 250.6(2), 852(1), 715(3), 572(1), 578(1), 276(1), 401(1), 491(3), 786(1), 332(1), 577(2), 486(1), 427(1), 453(1), 415(1), 38(1), 574(1), 518(2), 998(1), 584(1), 823(1), 8(1)",57
166,165,01662,diag_2,"999(1), 411(1), 250.03(1), 250.01(2), 648(1), 413(1), 401(4), 287(1), 276(3), 998(1), 250(4), 788(1), 599(3), 428(2), 707(2), 403(2), 396(1), 427(3), 682(1), 255(1), 784(1), 425(1), 456(1), 280(1), 486(2), #####(1), 202(1), 585(2), 574(1), 577(1), 733(2), 8(1), 518(1), 493(1), E878(1), 515(1), 416(1), E884(1)",57
167,166,01671,diag_1,"277(1), 820(2), 414(3), 411(1), 786(3), 571(1), 410(3), 433(1), 996(1), 426(1), 428(2), V57(1), 198(1), 715(2), 227(1), 435(1), 654(1), #####(2), 250.82(2), 682(1), 440(1), 250.7(1), 434(1), 427(1), 780(2), 577(1), 331(1), 530(1), 789(2), 516(1), 403(2), 599(1), 566(1), 511(1), 486(1), 444(1), 285(2), 250.8(1), 785(1), 481(1), 491(1), 298(1)",57
167,166,01672,diag_2,"250.01(1), 250.83(1), 411(1), 305(2), 413(1), 401(3), 426(1), 789(1), 414(2), 428(2), 780(1), 424(2), #####(1), 781(1), 162(1), 715(1), 252(1), 496(3), 599(1), 648(1), 427(5), 304(1), 682(2), 788(1), 250(3), 707(1), 342(1), 553(1), 276(1), 250.02(1), 41(1), 403(2), 729(1), 852(1), 493(1), 38(1), 730(1), 486(1), 585(1), 584(1), 193(1)",57
168,167,01681,diag_1,"359(1), 428(2), #####(7), 590(2), 414(6), 250.7(1), 682(2), 250.81(1), 410(2), 571(1), 295(1), 250.4(1), 433(1), 786(1), 577(1), 296(1), 618(1), 437(1), 250.12(1), 250.11(1), 427(2), 531(1), 553(1), 721(1), 715(1), 348(1), 491(1), 386(1), 820(1), 486(3), 453(1), 724(1), 250.8(1), 562(1), 584(2), 285(1), 250.02(1), 996(1)",57
168,167,01682,diag_2,"250.02(4), 250.03(1), 250.01(2), 999(1), 411(1), V45(1), 440(1), 512(1), 250(7), 401(2), 433(1), 250.6(1), 707(1), 153(1), 581(1), 413(1), 342(1), 428(2), 682(1), #####(3), 427(1), 250.11(1), 403(1), E879(1), 200(1), 574(1), 496(1), 478(1), V12(1), 518(1), 491(2), 599(1), 425(2), 595(1), 584(1), 412(1), 250.8(1), 486(2), 372(1), 78(1)",57
169,168,01691,diag_1,"428(2), 414(5), V57(2), 714(1), 250.13(1), 306(1), 413(1), 295(1), 426(1), 436(1), 983(1), 250.02(1), 786(4), 434(2), 410(2), 618(1), #####(3), 174(1), 250.7(1), 715(2), 780(1), 435(2), 530(1), 878(1), 427(2), 562(1), 822(1), 162(1), 250.4(1), 491(1), 599(1), 682(1), 38(1), 458(1), 558(1), 518(1), 250.1(1), 584(1), 275(1), 962(1), 814(1)",57
169,168,01692,diag_2,"250.01(1), 411(2), 410(1), 272(1), 428(2), 492(1), 599(2), 401(5), 250.93(1), 496(4), 287(2), 250(3), 162(1), 947(1), 789(1), 427(2), 250.02(2), 682(1), 425(1), 244(1), 38(1), 403(4), 578(1), 250.5(1), 285(1), 435(1), 414(1), 733(1), 197(1), 996(1), #####(1), 276(4), 486(1), 590(1), 251(1), 866(1)",57
170,169,01701,diag_1,"435(2), 414(3), 410(4), 337(1), 998(2), 428(2), 413(1), V57(3), 786(4), 530(1), 250.22(1), 157(1), 592(3), #####(1), 682(2), 711(1), 599(1), 728(1), 276(2), 560(1), 300(1), 427(1), 486(3), 715(1), 493(1), 780(1), 575(1), 491(1), 578(1), 784(1), 577(1), 331(1), 250.82(1), 518(2), 965(1), 466(1), 278(1)",57
170,169,01702,diag_2,"250.01(1), 411(2), V45(1), 250.52(1), 250(5), 511(2), 250.02(3), 599(1), 820(1), 112(1), 410(1), 424(1), 780(3), 401(2), 710(1), 428(2), 197(1), 300(1), 403(2), 427(3), 682(1), 293(1), 596(1), #####(5), 578(1), 276(4), 532(1), 574(2), 294(1), 560(1), 812(1), 733(1), 491(2)",57
171,170,01711,diag_1,"414(5), 515(1), 433(1), 453(1), 682(3), 428(2), 786(2), 996(5), #####(6), 427(1), 350(1), 440(1), 852(1), 424(1), 578(1), 997(1), 162(1), 250.6(2), 820(2), 780(2), 715(2), 276(1), 486(3), 434(1), 491(1), 38(1), 969(1), 398(1), 560(1), 250.4(1), 493(1), 250.1(1), V57(1), 292(1)",57
171,170,01712,diag_2,"250.01(2), 411(2), 362(1), 250.81(1), 413(1), 250.6(1), 428(2), 511(1), 414(2), 250(1), 780(1), 401(1), 38(1), 496(3), 996(2), 425(1), 427(5), #####(5), 721(1), 560(1), 707(2), 682(1), 424(1), 491(2), 599(2), 250.82(1), 278(1), 403(2), 794(1), 585(2), 276(1), 285(1), 486(1), 295(1), 684(1), 459(1), 150(1)",57
172,171,01721,diag_1,"428(2), 786(4), 482(1), 414(4), 361(1), 729(1), 571(1), V58(1), 789(1), 435(1), 715(4), 410(4), 296(1), 556(1), 396(1), 197(1), 722(1), 996(1), #####(1), 532(1), 682(1), 574(1), 38(3), 290(1), 486(2), 427(2), 480(1), 402(1), 565(1), 491(1), 276(1), 536(1), 560(1), 562(1), 250.8(2), 250.92(1), 440(1), 518(1), 790(1)",57
172,171,01722,diag_2,"250.7(1), 250.01(2), 411(1), 250.51(1), 250.02(3), 413(1), 172(1), V45(1), 496(2), 426(1), 250.6(2), 453(1), 414(2), 250(5), 424(1), 428(2), 511(1), 786(1), #####(3), 427(4), 599(5), 785(1), 401(1), 250.42(1), 396(2), 518(1), 566(1), 292(1), 536(1), 197(1), 276(1), 707(1), 584(1), 493(1), 590(1), 348(1)",57
173,172,01731,diag_1,"491(2), 434(2), 414(3), 250.7(1), 250.6(1), 402(1), 786(4), 250.81(1), 998(3), 426(1), 410(2), V57(1), 250.13(1), 578(1), 296(1), 424(1), 250.02(1), 996(1), 577(1), 507(1), 997(1), 820(2), 250.8(1), 427(1), 493(1), 722(1), 590(1), 440(1), 486(4), 682(1), 515(1), 721(1), 787(1), 805(1), 599(1), 780(1), 458(1), 710(1), 574(1), V67(1), 280(2), 459(1)",57
173,172,01732,diag_2,"V44(1), 250.01(1), 411(1), 440(1), 413(1), V42(1), 403(3), 250.52(1), V10(2), 730(1), 424(2), 998(1), 250(2), 428(2), 38(1), #####(7), 577(1), 578(1), 42(1), 304(1), 276(5), 41(1), 569(1), 571(1), 425(2), 250.02(1), 564(1), 707(2), 402(1), 427(1), 722(1), 599(2), 401(1), 733(1), 288(1), 491(1), 575(1), V43(1)",57
174,173,01741,diag_1,"V57(1), 428(2), 282(1), 414(6), 535(2), 571(2), 250.81(1), 218(1), 433(1), 295(1), 812(2), 410(2), 786(2), 998(1), 250.41(1), 250.13(1), 250.02(1), V55(1), 401(1), 296(1), 780(3), 733(1), 682(2), 427(3), 789(1), #####(1), 486(1), V58(2), 599(2), 724(1), 491(1), 250.8(1), 274(1), 537(1), 443(1), 715(1), 280(1), 331(1), 820(1)",57
174,173,01742,diag_2,"250.7(1), 250.03(1), 250.01(2), 411(1), 272(1), 410(1), 424(1), 70(1), 401(4), 707(2), 218(1), 250(2), 250.6(1), 414(2), 280(1), 250.02(1), 585(1), 276(3), 428(2), 496(4), 255(1), 456(1), 38(1), 599(1), #####(4), 786(1), 518(2), 197(1), 682(1), 785(1), V49(1), 202(1), 331(1), 427(1), 402(1), 285(1), 873(1), 578(1), 742(1), 325(1)",57
175,174,01751,diag_1,"648(1), 414(4), 428(2), 433(1), 730(3), 410(3), 435(2), 786(5), 799(1), 431(1), 553(1), 250.12(1), 820(2), 250.6(1), 530(1), 434(1), 386(1), 276(1), 440(2), 996(1), 577(2), 250.7(1), 560(1), 682(1), 402(1), 574(1), 415(1), 444(1), 807(1), 844(1), 998(1), 486(1), 562(1), 850(1), 491(1), 278(1), 250.8(1), 537(1), 250.1(1), 852(1), 787(1)",57
175,174,01752,diag_2,"250.01(3), 411(1), 250.6(1), V45(2), 250.81(1), V42(1), 250(3), 414(2), 428(2), 530(1), 453(2), #####(3), 250.02(1), 401(2), 295(1), 997(1), 403(3), 38(1), 578(2), 493(1), 780(1), 70(1), 444(1), 250.13(1), 707(1), 518(2), 404(1), 425(1), V64(1), 415(1), 410(1), 305(1), 491(1), 599(2), 574(1), 276(1), 427(1), 553(1), 790(1), 585(1), 263(1)",57
176,175,01761,diag_1,"250.03(1), 340(1), 296(1), 414(8), 189(1), 411(1), 434(2), 478(1), 682(2), 401(1), 410(4), 250.13(1), 332(1), 996(2), 786(1), 428(2), 590(1), 250.7(1), 435(1), 427(2), 250.6(1), 733(1), #####(1), 386(1), 491(2), 600(1), 486(1), 276(1), 595(1), 38(2), 577(1), 562(1), 415(2), 719(1), 466(1), 250.8(1), 280(1), 443(1), 518(1)",57
176,175,01762,diag_2,"564(1), 788(1), 250.01(2), 411(3), 997(1), 780(1), 250.6(1), 250(2), 413(1), 998(1), V42(1), 496(3), 434(1), 414(1), 276(4), 428(2), 285(1), 427(3), 38(1), 425(1), 282(1), 403(1), 707(1), 401(2), 682(2), 250.8(1), 486(1), 303(1), #####(1), 493(1), 560(1), 599(2), 577(1), 596(1), 453(1), 786(2), 799(1), 301(1), 785(1), E878(1), 516(1)",57
177,176,01771,diag_1,"196(1), 446(1), 414(3), 599(1), 786(1), 250.41(1), 295(2), 433(1), 738(1), 296(1), 722(2), 427(5), 250.13(2), 410(2), 436(1), 434(1), 428(1), V55(1), V57(1), 447(1), 276(3), 250.02(1), 996(2), 250.7(2), 578(1), 530(1), 112(1), 535(1), 560(1), 250.2(1), 536(1), 557(1), 486(1), 533(1), 820(1), 38(1), 250.8(2), 8(1), 292(1), 518(2), 493(1)",57
177,176,01772,diag_2,"496(5), 401(2), 411(1), 250.81(1), 135(1), 403(4), 250(7), 788(1), 426(1), 682(2), 276(5), 428(2), 577(1), 427(3), 285(1), 295(1), 493(2), 571(1), 599(2), 707(2), 785(1), 443(1), #####(2), 724(1), 584(2), 153(1), 585(1), 491(1), 799(1), 482(1)",57
178,177,01781,diag_1,"250.03(1), 456(1), 414(3), 491(2), 250.7(2), 482(1), 433(1), 427(2), 398(1), 453(1), 410(4), 486(2), 428(2), 786(4), 435(1), 722(1), V57(2), 296(1), 532(1), 820(1), 250.02(1), 780(2), 437(1), 250.12(1), 182(1), 730(1), #####(2), 276(1), 250.6(1), 784(1), 250.82(1), 600(1), 250.8(1), 599(1), 562(1), 444(1), 724(1), 558(1), 715(1), 490(1), 674(1)",57
178,177,01782,diag_2,"531(1), 578(1), 411(3), 250.03(1), 440(1), 277(1), 250(4), 414(3), 427(2), 250.6(1), 998(2), 434(1), 250.02(1), 398(1), 496(1), 428(2), 710(1), 410(1), 571(1), 276(6), 425(1), 403(3), 682(1), 599(1), 250.12(1), 162(1), 205(1), 518(1), 780(2), 202(1), 272(1), 601(1), 585(2), 707(1), 273(1), 569(1), 736(1), 648(1)",57
179,178,01791,diag_1,"292(1), 414(5), 427(1), 411(1), 276(2), 410(1), 433(1), 428(2), 995(2), V57(1), 996(2), 435(2), 786(2), 296(1), 300(1), 998(1), #####(1), 599(1), 434(1), 562(2), 682(1), 440(1), 715(2), 530(2), V58(1), 820(1), 491(1), 507(1), 592(1), 486(1), 331(1), 608(1), 560(2), 250.8(3), 250.13(1), 38(1), 584(2), 745(1), 280(1), 813(1)",57
179,178,01792,diag_2,"250.7(1), 411(1), 250.01(1), 410(2), 250.6(1), 998(1), 780(1), 250.02(2), 427(4), 496(2), 511(1), 414(1), 38(1), 401(3), 428(2), 294(2), 424(1), 425(1), 789(1), 403(3), 250(3), 707(2), 303(1), 788(1), 585(1), 682(2), 157(1), 286(1), 591(1), 517(1), 599(4), 522(1), 285(1), 584(1), 263(1), 518(1), 792(1), 881(1)",57
180,179,01801,diag_1,"250.03(1), 414(5), 787(1), 253(1), 410(1), 786(3), 436(1), 428(2), 435(2), 654(1), 729(1), 799(1), 276(2), 441(1), 575(1), 996(1), #####(3), 38(1), 569(1), 284(1), V57(1), 715(2), 730(1), 250.6(1), 486(2), 491(2), 599(1), 614(1), 562(2), 780(1), 403(1), 540(1), 250.8(1), 493(2), 584(1), 458(1), 601(1), 557(1), 723(1), 959(1), 285(1)",57
180,179,01802,diag_2,"789(2), 411(1), 250.81(1), 250.01(1), 413(1), 272(1), 410(1), 401(2), 250.42(1), 414(3), 599(2), 250(3), 648(1), 304(1), 276(6), 250.02(2), 403(2), 453(1), 427(1), 203(1), 428(2), 486(1), 305(1), 733(1), 562(1), #####(1), 280(1), 553(1), 518(2), 584(1), 560(1), 278(2), 162(1), 790(1), 585(2), 557(1), 782(1), 473(1), 799(1)",57
181,180,01811,diag_1,"444(1), 414(3), 420(1), 780(1), 433(1), 410(4), 571(1), 295(1), 428(2), 250.82(1), 786(1), V57(2), 722(1), 250.42(1), #####(3), 440(1), 435(1), 424(1), 250.6(3), 730(1), 507(1), 682(1), 486(4), 578(1), 715(1), 255(1), 427(1), 577(1), 491(1), 434(1), 202(1), 250(1), 820(1), 493(1), 560(1), 584(1), 38(2), 518(2), 595(1), 881(1), 403(1)",57
181,180,01812,diag_2,"250.41(1), 411(1), 250(3), 250.01(1), 401(1), 428(2), 427(8), 250.02(2), 572(1), 242(1), 414(1), 440(1), 496(2), 530(1), 276(3), 425(1), 410(1), 682(2), 790(1), #####(2), 785(1), 491(3), 295(1), 574(1), 536(1), 584(2), 577(1), 357(1), 345(1), 284(1), 285(1), 494(1), 585(1), 515(1), 562(1), 156(1), 348(1), 514(1)",57
182,181,01821,diag_1,"786(6), 414(3), 789(1), 997(1), 433(1), 410(3), 530(1), 428(2), V57(2), 250.22(1), 435(1), 157(1), 250.13(2), 507(1), 250.7(2), 250.02(1), #####(1), 455(2), 599(1), 996(1), 276(3), 820(1), 577(1), 250.11(1), 535(2), 153(1), 345(1), 486(1), 536(1), 562(1), 434(1), V58(1), 250.6(1), 972(1), 278(1), 715(1), 574(1), 518(2), 415(1)",57
182,181,01822,diag_2,"250.03(1), 411(1), 250.01(1), 250.4(1), 492(1), 250(5), 496(2), 428(2), 250.02(1), 196(1), 511(1), 414(1), 998(1), 780(2), 185(1), 197(1), 530(1), 296(1), 413(2), 403(1), 276(2), 427(2), 785(1), #####(2), 518(1), 790(1), 710(1), 305(1), 707(2), 599(1), 280(1), 728(1), 682(1), 285(2), 332(1), 319(1), 202(1), 337(1), 574(1), 584(1), 585(2), 507(1), 491(1)",57
183,182,01831,diag_1,"598(1), 250.23(1), 414(6), 250.7(1), 276(2), 434(3), 250.13(1), 250.02(1), 996(3), 428(2), #####(1), 482(1), 38(2), 789(3), 562(2), 401(1), 453(1), 682(1), 486(2), 250.6(1), 250.11(1), 784(1), 421(1), 599(2), 715(2), 435(1), 250.82(1), 560(1), 250.4(1), 782(1), 404(2), 211(1), 491(1), 821(1), 278(1), 584(1), 212(1), 707(1)",57
183,182,01832,diag_2,"599(2), 276(5), 411(2), 250.6(1), V45(1), 250.02(2), 440(1), 451(1), V10(1), 401(3), 780(1), 444(1), 496(2), 403(3), 427(5), 42(1), 998(1), 428(2), 250(2), 786(1), 682(1), 162(1), 410(1), 425(1), 560(1), #####(2), 491(2), E932(1), 707(1), 518(2), 996(1), 486(1), 584(2), 455(1), 741(1)",57
184,183,01841,diag_1,"414(6), 250.83(2), 441(1), 428(2), 578(1), V57(2), 593(1), 162(1), 295(1), 434(3), V58(1), 786(3), 996(2), 296(1), 427(3), 510(1), 599(1), 431(1), #####(1), 250.7(1), 416(1), 486(2), 591(1), 435(1), 250.6(1), 577(1), 491(3), 511(1), 789(1), 493(1), 53(1), 415(1), 250.8(2), 604(1), 250.1(1), 575(1), 730(1), 287(1)",57
184,183,01842,diag_2,"411(1), 599(3), 348(1), 196(1), 250.6(1), 414(3), V45(1), 440(1), 250(6), 401(4), 496(4), 250.52(1), 428(2), 292(1), 203(1), 285(2), 38(1), 530(1), 287(1), 425(2), 707(2), 276(2), 250.02(1), 342(1), 682(1), #####(2), 154(1), 518(1), 427(1), 453(1), 723(1), 585(1), 486(1), 730(1), 94(1), 593(1)",57
185,184,01851,diag_1,"312(1), 996(2), 578(1), 414(3), 428(2), 250.22(1), 250.02(1), #####(5), 786(3), 433(1), 435(1), 250.7(1), 250.8(2), 486(2), 780(3), 562(2), 427(1), 331(1), 253(1), 998(1), 250.6(1), 532(1), 250.2(1), 507(2), 153(1), 715(2), 431(1), 453(2), 577(2), 787(2), 599(1), 965(1), 682(2), 38(1), 560(1), 916(1)",57
185,184,01852,diag_2,"250.01(2), 436(1), 411(1), 434(1), 250(2), 428(1), 511(1), 70(1), 414(2), 780(3), 280(1), 295(1), 403(1), 425(2), 427(3), 707(4), 250.4(1), 599(4), 288(1), 401(1), 204(1), 293(1), 496(1), 211(1), 682(2), 198(1), 276(3), 285(1), 340(1), 415(1), 560(1), 574(1), 493(1), E930(1), 789(1), 296(1), 491(1), 518(1), 821(1), 354(1)",57
186,185,01861,diag_1,"414(4), 250.7(2), 435(2), 682(4), 250.13(1), 486(1), 410(3), 723(1), 428(2), 250.12(1), 572(1), 996(1), #####(3), 786(3), 733(1), 600(1), 250.02(1), 599(2), 401(1), 276(1), 296(1), 188(1), 574(1), 780(1), 998(1), 250.82(1), 715(1), 728(1), 558(1), 348(1), 403(1), 458(1), 962(1), 38(1), 459(1), 298(1), 562(1), 820(1), 440(1), 705(1), 716(1)",57
186,185,01862,diag_2,"411(2), 440(1), 250.6(4), 413(1), 496(3), 780(3), 414(4), 571(1), 428(2), 493(1), 427(3), 997(1), 276(3), 250.02(2), 707(2), 682(2), 401(4), 303(1), 198(1), #####(2), 295(1), 722(1), 402(1), 250(1), 250.82(1), 552(1), 599(1), 585(1), 410(1), 284(1), 568(1), 812(1), 799(1), 726(1)",57
187,186,01871,diag_1,"414(5), 420(1), 250.41(1), V58(1), 434(2), 428(2), 410(2), 722(1), 569(2), 574(2), 427(3), 592(2), #####(3), 996(1), 562(1), 682(3), 535(1), 560(1), 711(1), 197(1), 786(2), 276(1), 724(1), 558(1), 274(1), 486(1), 285(1), 715(2), 599(4), 250.8(1), 8(1), 567(1), 250.1(2), 824(1), 780(1)",57
187,186,01872,diag_2,"411(2), 427(1), V45(1), 403(3), 250(6), 440(1), 788(1), 571(1), 428(2), 496(2), 578(1), 414(2), 433(1), 425(1), 426(1), 780(1), 285(3), #####(2), 276(3), 518(2), 202(1), 599(1), 280(1), 707(1), 415(1), 41(1), 787(1), 424(1), 723(1), 595(1), 486(1), 790(1), 996(1), 585(1), 402(1), 574(1), 531(1), 516(1), 584(1), 992(1)",57
188,187,01881,diag_1,"453(1), 414(3), 426(1), 491(2), V57(1), 592(2), 300(1), 433(3), 295(1), 288(1), 786(2), 250.22(1), 197(1), 722(1), 428(2), 522(1), 998(1), 437(1), #####(2), 780(1), 789(1), 202(1), 486(1), 434(1), 682(1), 787(1), 577(1), 595(1), 403(1), 410(1), 599(2), 250.6(1), 820(1), 250.8(4), 511(1), 574(1), 466(1), 183(1), 424(1), 38(1), 552(1), 280(1), 970(1), 307(1)",57
188,187,01882,diag_2,"250.7(1), 411(2), 250.01(2), 250.6(2), 250(4), 997(1), 427(3), 428(2), 496(3), 204(1), 288(1), 590(1), V10(1), 789(1), 682(2), 710(1), 599(3), 403(3), 185(1), 250.02(1), 784(1), 530(1), 290(1), 518(3), 276(3), #####(1), 723(1), 585(1), 536(1), 280(2), 429(1), 38(1), 197(1), 746(1), 578(1), 8(1)",57
189,188,01891,diag_1,"446(1), 794(1), 824(1), 786(3), 414(6), 429(1), 512(1), 401(1), 553(2), 428(2), 410(2), 434(2), 593(1), V57(2), 440(1), 550(1), 250.12(2), 722(1), #####(3), 682(1), 562(1), 780(1), 250.6(1), 820(1), 507(1), 486(4), 574(1), 557(1), 427(1), 715(1), 458(1), 402(1), 491(1), 493(1), 250.8(1), 618(1), 584(1), 850(1), 518(1)",57
189,188,01892,diag_2,"250.03(1), 414(2), 250.51(1), 250.01(4), 411(1), V42(1), 492(1), 250.1(1), 413(1), 135(1), 496(3), 428(2), 427(4), 250.02(2), 596(1), 250(2), 572(1), 250.4(1), V10(1), 401(3), 433(1), 453(1), 425(2), 276(1), 682(2), 250.92(1), 340(1), 599(1), 789(1), #####(5), 403(2), 805(1), 707(1), 491(1), 924(1), 728(1)",57
190,189,01901,diag_1,"250.03(1), 786(2), 414(4), 780(2), 250.81(1), 492(1), 435(2), 410(2), V57(2), 250.7(1), 434(2), 998(1), 722(1), 428(2), 599(1), 294(1), 721(1), 682(2), 486(1), 250.11(1), 309(1), 661(1), 427(2), 153(1), #####(1), 291(1), 560(1), 238(1), 278(2), 250.8(2), 292(1), 491(1), 38(4), 820(1), 707(1), 276(1), 584(2), 493(1), 801(1)",57
190,189,01902,diag_2,"701(1), 250.41(1), 411(1), 250.01(1), 250(3), 707(3), 512(1), 785(2), 780(2), 428(2), 491(2), #####(2), 496(2), 401(4), 427(2), 493(1), 38(1), 682(3), 998(2), 722(1), 424(1), 786(1), 295(1), 197(1), 402(1), 599(2), 284(1), 276(4), 285(1), 446(1), 577(1), 552(1), 403(1), 593(1), 585(1), 995(1)",57
191,190,01911,diag_1,"410(1), 414(3), 427(3), 413(1), V57(1), 998(2), 786(3), 235(1), 730(1), 428(2), 997(1), 438(1), 218(1), 592(1), 434(1), 822(1), 250.22(2), 780(1), 560(1), 530(1), 404(1), 682(1), 153(1), 578(1), 532(1), 491(2), 599(1), 424(1), 577(2), 440(1), 331(1), 453(1), 486(3), 300(1), 590(1), 552(1), 276(1), 250.8(2), #####(1), 152(1), 518(1), 278(1), 250.1(1)",57
191,190,01912,diag_2,"250.01(1), 411(2), 250(5), 250.6(1), 401(5), 820(1), 287(1), 414(3), 424(4), 427(5), 250.02(1), 280(1), 788(1), 507(1), 413(1), 496(1), 428(2), 584(1), 276(4), 425(1), 491(1), 707(2), 403(1), 560(2), 625(1), 518(1), 593(1), 250.12(1), 585(1), 202(1), 493(1), 285(1), 731(1)",57
192,191,01921,diag_1,"414(4), 730(1), 218(1), 996(1), 786(5), 410(1), 428(2), 997(1), 682(2), 626(1), 434(1), 401(1), 507(1), #####(3), 820(2), 250.7(1), 553(1), 427(2), 424(1), 491(2), 486(2), 780(2), 592(1), 532(1), 715(1), 599(2), 153(1), 425(1), 162(1), 38(1), 787(1), 211(1), 276(2), 280(1), 368(1), 403(1), 824(1), 969(1), 816(1)",57
192,191,01922,diag_2,"411(1), 250.6(1), 620(1), 250(3), 401(2), 496(3), 998(1), 428(2), 453(1), 250.42(1), 250.02(2), 413(1), 38(1), 599(4), 403(1), 785(1), 197(1), 396(1), 276(4), 491(1), 427(3), 682(1), 465(1), 272(1), 295(1), 284(1), 560(1), 518(1), 585(1), 486(1), 707(1), 348(1), 553(1), 584(2), 458(1), 493(1), 214(1), 533(1), E928(1), E854(1), 883(1)",57
193,192,01931,diag_1,"199(1), 414(4), 780(1), 578(1), 428(2), 276(2), 998(1), 426(1), 786(3), 434(2), 410(2), #####(4), V57(1), 440(1), 486(1), 435(1), 733(1), 427(2), 922(1), 820(1), 515(1), 296(1), 511(1), 715(1), 491(2), 466(1), 403(1), 553(1), 250.6(1), 274(1), 453(1), 599(2), 584(2), 250.8(1), 485(1), 600(1), 535(1), 242(1), 518(2), 812(1)",57
193,192,01932,diag_2,"198(2), 411(1), 250.01(1), 250.6(1), 250(6), 274(1), 401(4), V42(1), 788(1), 493(1), 250.02(2), 428(2), 424(1), #####(8), 496(3), 427(3), 425(1), 204(1), 599(1), E812(1), 507(1), 304(1), 568(1), 536(1), 284(1), 276(1), 41(1), 730(1), 491(2), 188(1), 584(1), 787(1), 560(1), 486(1)",57
194,193,01941,diag_1,"414(2), 429(1), 648(1), 715(2), 162(1), 278(1), 410(3), 435(1), 571(1), 191(1), 786(1), 428(2), #####(5), 250.12(3), 250.02(1), 250.13(1), 532(1), 780(1), 562(1), 427(4), 276(1), 402(3), 486(1), 348(1), 250.11(1), 577(3), 682(1), 464(1), 285(1), 153(1), 560(1), 416(1), 38(2), 404(1), 493(1), 852(1), 415(1), 453(1)",57
194,193,01942,diag_2,"411(2), 511(1), 648(1), 250.01(2), 492(1), 250.02(2), 437(1), 682(1), 780(1), 401(4), 424(2), 305(1), 590(1), 276(4), 286(1), V43(1), 425(2), 427(3), 496(2), 486(2), 250(3), 428(2), 303(1), 518(2), 403(1), 8(1), 585(2), 998(1), 280(1), 535(1), 491(1), 404(1), 599(1), 285(1), 438(1), 584(1), 575(1)",57
195,194,01951,diag_1,"648(1), 414(1), 428(2), 433(2), 250.8(3), 729(1), 410(4), 786(2), 154(1), #####(6), 157(1), 250.12(1), V57(1), 682(1), 250.7(1), 722(1), 295(1), 434(1), 780(2), 427(2), 296(1), 486(1), 560(1), 820(3), 112(1), 162(2), 415(1), 493(1), 491(1), 821(1), 511(1), 458(1), 197(1), 599(1), 394(1), 442(1), 250.1(2), 584(1)",57
195,194,01952,diag_2,"250.01(1), 411(1), V45(1), 250(3), 511(1), 250.6(1), 413(1), 414(2), 198(1), 276(8), 428(2), 576(1), 401(3), 427(6), #####(2), 496(3), 162(1), 250.02(1), 707(1), 729(1), 403(2), 491(1), E932(1), 599(2), 197(1), 780(1), 786(1), 486(2), 280(1), 397(1), 585(1), E888(1), 493(1)",57
196,195,01961,diag_1,"V57(3), 154(1), 410(3), 486(3), 414(4), 411(1), 715(3), 250.81(1), 786(1), 428(2), 496(1), 586(1), 491(2), 553(1), 230(1), 530(1), 435(1), 550(1), 204(1), 276(2), 997(1), 182(1), 578(1), 427(1), 453(1), 573(1), 431(1), 278(1), 507(1), #####(2), 42(1), 996(1), 250.4(1), 250.8(2), 784(1), 38(1), 415(1), 298(1), 8(1), 333(1), 250(1)",57
196,195,01962,diag_2,"250.7(1), 250.01(3), 250.41(1), 411(2), 401(2), 410(1), 272(1), 785(1), 414(3), 428(2), 996(1), 496(3), 781(1), 998(1), 413(1), 518(2), #####(2), 403(1), 287(1), 250(3), 574(2), 198(2), 305(1), 426(1), 599(1), 427(2), 997(1), 584(2), 112(1), 162(1), 585(2), 707(1), 41(1), 285(1), 276(1), 486(1), 733(1), 438(1), V18(1)",57
197,196,01971,diag_1,"189(1), 250.41(1), 428(2), 414(5), 560(1), 286(1), 410(4), 999(1), 786(3), 996(1), 434(1), #####(3), 250.02(1), 296(1), 402(1), 715(3), 250.6(1), 491(1), 535(2), 592(1), 486(1), 599(1), 198(1), V57(1), 513(1), 780(1), 569(1), 574(1), 38(2), 578(1), 478(1), 608(1), 536(1), 435(1), 728(1), 250.8(3), 924(1), 518(1), 537(1)",57
197,196,01972,diag_2,"250.41(1), V42(1), 250.01(2), 411(1), 434(1), 427(3), 426(1), 413(1), 424(2), 287(1), 433(1), 250.02(2), 585(2), 414(3), 292(1), 250(3), 780(1), 410(1), 425(2), 428(2), 682(1), 530(1), 599(3), 786(1), 401(2), 591(1), #####(2), 560(2), 577(1), 402(1), 576(1), 285(4), 438(1), 276(1), 707(1), 730(1), 491(1)",57
198,197,01981,diag_1,"805(2), 414(3), 482(2), 250.42(1), 430(1), 515(1), 218(1), 433(1), 331(1), 410(7), 250.13(1), V57(2), 786(1), 428(2), 820(3), 715(3), 276(1), 434(2), 682(1), 427(1), 38(2), 530(1), 494(1), 278(1), 707(1), 444(1), 415(1), 491(1), 574(1), 403(1), 250(1), 79(1), 790(1), 53(1), 518(1), 584(1), 906(1), 147(1), 958(1)",57
198,197,01982,diag_2,"250.51(1), 411(1), 277(1), 397(2), 250.01(1), 998(1), 413(1), 250(4), 250.6(1), 414(1), 786(1), 276(4), 428(2), 396(1), 427(6), #####(3), 496(4), 997(1), 401(1), 707(2), 788(1), 342(1), 486(1), 599(2), 438(1), 280(1), 682(2), 453(1), 535(1), 305(1), 285(1), 263(1), 507(1), 805(1), 202(1), E919(1)",57
199,198,01991,diag_1,"277(1), 340(1), 434(3), 433(2), 786(5), 414(1), 562(3), 410(4), 428(2), 996(1), 572(1), 250.6(1), 486(3), 182(1), 780(2), 424(1), 682(1), 427(1), #####(3), 592(1), 465(1), 575(1), 276(3), 454(1), 402(1), 250.02(1), 578(1), 250.8(2), 577(1), 151(1), 820(1), 558(1), 455(1), 112(1), 515(1), 491(1)",57
199,198,01992,diag_2,"250.01(1), 599(2), 250.5(1), V45(1), 250.6(1), 401(4), 581(1), 414(3), 780(1), 250(3), 998(1), 496(3), 571(2), 272(1), 511(1), 425(1), 250.02(1), 38(1), 427(4), 997(1), 276(2), 428(2), 155(1), 486(3), 284(1), 491(2), 714(1), 280(1), 453(1), 574(1), 682(1), 154(1), 202(1), 562(1), 584(2), 117(1), 464(1)",57
200,199,02001,diag_1,"694(1), 428(2), 414(6), 185(1), 724(1), 250.41(1), 682(2), 38(2), 410(4), 786(2), 995(1), 436(1), 654(1), 250.6(3), 996(3), 250.12(1), #####(2), 569(1), 722(1), 577(1), 197(1), 435(1), 600(1), 715(2), 486(2), 780(1), 276(1), 431(1), 959(1), 599(1), 482(1), 285(1), 805(1), 824(2), 584(1), 8(1), 278(1)",57
200,199,02002,diag_2,"682(2), 250.7(1), 411(1), 600(1), 250.03(1), 403(2), 998(1), 272(1), V42(2), 250.02(1), 427(3), 414(3), 493(1), 276(5), 401(3), 707(2), 648(1), 250(2), 437(1), 38(1), 300(1), 996(1), 428(2), 425(1), 424(1), 738(1), 599(3), 198(1), #####(1), 491(2), 536(1), 342(1), 426(1), 295(1), 285(1), 518(1), 568(1), 837(1)",57
201,200,02011,diag_1,"340(1), 414(5), 157(1), 786(5), 162(2), 410(3), 998(1), 584(1), 491(3), 560(1), 427(2), 428(2), 250.7(1), 434(1), 996(1), 682(1), #####(2), 599(2), 276(1), 592(1), 625(1), 715(1), 440(1), V57(1), 402(1), 486(2), 535(1), 153(1), 558(1), 493(1), 578(1), 812(1), 790(1), 574(1), 38(3), 404(1), 445(1)",57
201,200,02012,diag_2,"788(1), 411(1), 250.6(2), 570(1), V42(1), 413(2), 401(5), 496(1), 492(1), 414(3), 511(1), 780(1), 428(2), 242(1), V15(1), 425(3), 303(1), 707(1), 427(1), 599(1), 276(3), 250(3), 250.13(1), 753(1), 198(1), 250.92(1), 403(1), 263(1), #####(1), 41(2), 197(1), 578(1), 285(2), 416(1), 486(1), 584(3), 278(1), 995(1)",57
202,201,02021,diag_1,"250.43(1), 414(4), 786(3), 433(1), 427(2), 250.7(2), 738(1), 410(1), 996(3), 441(1), 428(2), #####(2), 300(1), 780(1), 296(1), 432(1), 250.11(1), 578(1), 291(1), 532(1), 250.2(1), 518(2), 577(1), 276(2), 590(1), V57(1), 404(1), 486(2), 820(1), 726(1), 440(1), 482(1), 824(2), 250.82(1), 535(1), 447(1), 280(1), 584(2), 79(1), 196(1), 801(1)",57
202,201,02022,diag_2,"250.53(1), 309(1), 250.01(2), 362(1), 411(2), 434(1), 440(1), 722(1), 414(1), 530(1), 38(1), 401(1), 496(2), 424(1), 682(3), 425(1), 428(2), 250(1), 493(1), 780(1), 70(1), 427(3), 788(1), 444(1), 535(1), 305(1), 511(1), 303(1), 403(4), 276(2), 599(1), 808(1), 958(1), 730(1), 515(1), 518(1), 285(1), 443(1), E878(1), 491(2), E885(1), 153(1), 199(1), 801(1)",57
203,202,02031,diag_1,"276(1), 414(4), 786(1), 682(3), 411(1), 250.02(1), 996(3), 428(2), 198(1), 435(1), 410(1), 998(1), 820(1), 241(1), 250.7(1), 434(1), 575(1), 427(1), 440(1), 491(2), 574(1), 722(1), 250.6(3), 401(1), 780(2), 577(1), 458(1), 250.11(1), 486(3), 493(2), 562(2), V57(1), 250.8(1), 531(1), 599(1), 38(1), 490(1), 824(1), 197(1), 619(1), 518(1)",57
203,202,02032,diag_2,"250.41(1), 411(1), V45(1), 135(1), 250.5(1), 412(1), 413(1), 401(1), 244(1), 414(2), 250.02(4), 428(2), 998(1), 571(1), 729(1), 707(3), 403(2), 427(1), 599(2), 250(4), 721(1), 787(1), 493(2), 682(1), 305(1), 112(1), #####(3), 276(2), 518(1), 786(1), 280(1), 278(1), 924(1), 285(1), 304(1), 491(1), 785(1), 585(1), E888(1), 152(1), 584(1)",57
204,203,02041,diag_1,"250.03(1), 304(1), 331(1), 282(1), 414(3), 780(1), 174(1), 722(1), 428(2), V57(1), 433(1), 434(2), 250.13(2), 410(3), 786(3), #####(8), 426(1), 441(1), 332(1), 560(1), 724(1), 250.12(1), 730(1), 427(3), 486(2), 789(1), 250.8(2), 435(1), 707(1), 202(1), 38(1), 415(1), 298(1), 518(2), 531(1), 584(1)",57
204,203,02042,diag_2,"70(1), 250.93(1), V57(1), 250.01(3), 411(3), 250.6(1), 440(1), 401(4), 204(1), 511(1), 340(1), 599(4), 427(4), 428(2), 496(1), 403(2), 425(2), 682(1), 303(1), 785(1), 250.02(1), 707(3), 998(1), 486(2), 402(1), 518(1), 331(1), 38(1), 284(1), 276(2), 730(1), 300(1), V43(1), 584(1), 493(1), E935(1), 491(1)",57
205,204,02051,diag_1,"250.32(1), 218(1), 414(6), 304(1), 154(1), 296(1), 571(1), 785(1), 572(1), 996(2), 786(5), 427(4), 410(1), 428(2), 197(2), V57(1), 578(1), 250.7(1), #####(2), 715(4), 515(1), 722(1), 250.11(2), 780(2), 402(1), 174(1), 486(1), 728(1), 560(1), 787(1), 531(1), 716(1), 280(1), 558(1), 574(1), 357(1)",57
205,204,02052,diag_2,"276(3), 250.01(1), 411(1), V45(1), 493(1), 196(1), 413(1), 401(5), 428(2), 414(1), 250.6(1), 571(1), 38(1), 780(2), 437(1), 250(3), V10(1), 496(4), 425(2), 424(1), 707(2), 197(2), 250.02(1), 427(2), 599(1), 997(1), 722(1), 305(1), 292(1), #####(2), 396(1), 794(1), 285(2), 403(1), 42(1), 280(1), 593(1), 263(1)",57
206,205,02061,diag_1,"414(5), 486(4), 787(1), 434(2), 250.7(1), 436(1), 250.02(2), 410(2), 433(1), 250.81(1), V57(1), 157(1), 250.13(1), 786(1), 428(2), #####(2), 457(1), 156(1), 721(1), 276(2), 715(1), 564(1), 576(1), 432(1), 491(1), 780(2), 440(1), 574(2), 824(1), 193(1), 250.6(1), 540(1), 493(1), 535(1), 996(1), 537(1), 250.8(1), 599(1), 584(1), 38(1), 518(1), 653(1)",57
206,205,02062,diag_2,"250.43(2), 411(3), 250.01(1), 440(1), 997(2), 250(4), 272(1), 424(3), V15(1), 414(1), 427(3), 730(1), 781(1), 197(1), 276(4), 496(1), 425(1), 428(2), 486(1), 599(3), 157(1), 787(1), 780(1), 244(1), 493(1), 241(1), 536(1), 403(1), 295(1), 8(1), 285(1), 585(2), #####(2), 491(3), 785(1), 648(1)",57
207,206,02071,diag_1,"414(4), 892(1), 648(1), 996(1), 440(1), 433(1), V57(2), 780(2), 626(1), 428(2), 786(3), 250.13(1), 296(1), 401(3), 722(1), 434(1), 592(1), 998(1), 682(2), 578(1), 250.11(1), 530(1), 427(1), 511(1), 112(1), 250.6(1), 493(2), 294(1), 569(1), #####(2), 577(1), 486(1), 560(1), 274(1), 203(1), 599(1), 415(1), 719(1), 38(2), 518(1), 491(1), 584(1), 342(1)",57
207,206,02072,diag_2,"411(2), 250.6(5), 250(4), 287(1), 820(1), 617(1), 305(1), 250.02(3), 276(4), 414(2), 401(3), 998(2), 410(1), 493(1), 496(1), 428(2), 403(1), 530(1), 286(1), 425(1), 427(2), 486(2), 491(1), 560(1), 438(1), 723(1), #####(2), 599(3), 584(1), 41(1), 453(1), 280(1), 585(1), 780(1)",57
208,207,02081,diag_1,"414(8), 218(1), V57(4), 433(1), 996(1), 276(2), 410(3), 282(1), 435(1), 786(2), 729(1), 599(1), 440(1), 250.22(1), 428(1), 434(1), 715(4), 530(1), 531(1), 427(2), 486(2), 292(1), 780(1), 998(1), 788(1), 560(1), 726(1), 820(2), 577(1), 562(1), 707(1), 38(1), 584(1), 174(1), V58(1), 518(1), 823(1)",57
208,207,02082,diag_2,"411(1), 218(1), 492(1), 250.02(2), 250(4), 401(1), 715(1), 253(1), 428(2), 427(4), 414(2), 599(3), #####(5), 787(1), 285(1), 496(3), 403(2), 788(1), 486(2), 286(1), 997(1), 578(1), 710(1), 41(1), V49(1), 590(1), 305(1), 276(1), 574(2), 493(1), 162(1), 682(1), 585(1), 233(1), 202(1), 920(1), E814(1)",57
209,208,02091,diag_1,"414(4), 282(1), 433(1), 786(4), 493(1), 410(2), 562(2), 434(3), 730(1), 722(1), 428(1), 440(1), 682(2), 820(1), 784(1), 203(1), 276(1), 715(3), 530(1), 458(2), 425(1), 564(1), 491(2), 250.6(1), 574(1), 38(3), 486(1), 989(1), 162(1), 518(1), 515(1), 780(1), V54(1), 8(2), 781(1), 584(1), 345(1), 707(1), 917(1)",57
209,208,02092,diag_2,"411(1), V42(1), 413(1), 250(8), 401(2), 403(2), 414(1), 250.6(1), 567(1), 428(2), 530(1), 425(2), 250.82(1), 244(1), 427(4), 496(1), 733(1), 112(1), #####(2), 402(1), 357(1), 599(2), 996(1), 707(2), 682(1), E947(1), 491(1), 585(1), 285(2), 458(1), 486(2), 250.02(1), 276(3), 250.8(1), 481(1), 584(1)",57
210,209,02101,diag_1,"414(3), 715(4), 278(1), 295(1), 786(2), 428(2), 410(3), 250.02(1), 434(2), V57(2), #####(3), 296(2), 535(1), 722(1), 783(1), 592(1), 562(1), 805(2), 560(1), 532(1), 728(1), 491(2), 682(1), 486(2), 599(2), 552(2), 250.82(1), 507(1), 250.8(2), 250.6(1), 9(1), 211(1), 820(1), 584(1), 115(1), 280(1), 487(1)",57
210,209,02102,diag_2,"411(2), 250.01(2), 250(4), 414(2), 511(1), 996(2), 496(6), 428(2), 250.11(1), 789(1), 427(1), 785(1), #####(3), 560(1), 401(2), 599(2), 342(1), 413(2), 486(1), 285(2), 41(2), 276(3), 403(1), 584(1), 723(1), 729(1), 402(1), 562(1), E888(2), 278(1), 263(1), 425(1), 579(1), 518(1)",57
211,210,02111,diag_1,"737(1), 250.83(1), 571(1), 434(2), 440(1), 410(4), 433(1), 414(1), 436(1), 428(2), 250.43(1), 250.02(2), 998(1), 715(2), V57(2), 425(1), 722(1), 154(1), 250.12(1), 250.7(1), 309(1), 733(1), 780(2), 560(1), 250.8(2), #####(1), 188(1), 721(1), 507(1), 491(1), 8(2), 577(1), 296(1), 576(1), 331(1), 532(1), 967(1), 482(1), 820(1), 263(1), 458(1), 782(1), 660(1), 781(1), 562(1), 38(1)",57
211,210,02112,diag_2,"710(1), 578(1), 567(1), 250.01(2), 250.6(1), 434(1), 414(4), 157(1), 276(4), 401(1), 998(1), 428(2), 715(1), 427(3), 424(2), 530(1), 295(1), 198(1), 785(1), 301(2), 599(3), 250(2), 571(1), 486(1), 996(1), 250.92(1), 8(1), #####(1), 585(1), 294(1), 584(2), 292(1), 491(1), 285(1), 250.82(1), 404(1), 682(1), 784(2), 648(1), 592(1)",57
212,211,02121,diag_1,"648(1), 996(1), 414(1), 288(1), V57(2), 428(2), 296(2), 434(2), 682(4), 786(2), #####(2), 427(2), 440(1), 730(1), 599(1), 507(1), 153(1), 715(2), 530(1), 458(1), 276(2), 250.6(1), 729(1), 780(1), 998(2), 491(2), 560(1), 552(2), 250.11(1), 924(1), 562(1), 198(1), 250.8(1), 787(1), 486(1), 584(1), V58(1), 810(1), 410(1), 8(1), 285(1), 980(1)",57
212,211,02122,diag_2,"250.01(2), 411(1), 581(1), V45(1), 511(1), 401(1), 433(1), 425(1), 250.02(1), 571(1), 590(1), 427(5), 403(1), 577(1), 599(3), 428(2), 682(1), 707(5), 38(1), #####(2), 331(1), 496(1), 782(1), 786(1), 730(1), 276(3), 250(1), 564(1), V09(1), 780(1), 280(1), 162(1), 285(2), 789(1), 491(1), 205(1), 486(1), 869(1), 965(1), 584(1), 303(1)",57
213,212,02131,diag_1,"786(3), 607(1), 441(1), 241(1), 434(1), 428(2), 496(1), 135(1), 424(1), 414(2), 426(1), #####(7), 427(3), V57(1), 715(2), V55(1), 682(2), 922(1), 250.42(1), 560(2), 820(2), 507(1), 250.6(1), 998(1), 789(1), 577(1), 824(1), 197(1), 486(2), 198(1), 211(1), 38(1), 596(1), 403(1), 466(1), 435(1), 736(1), 681(1), 514(1), 146(1)",57
213,212,02132,diag_2,"250.01(1), 250.6(1), 440(1), 414(1), 250.02(3), 250(3), 295(1), 282(1), 396(1), 398(1), 518(3), 276(7), 496(1), 425(1), 427(4), 403(2), 574(1), 401(2), 584(3), 413(1), 558(1), 996(1), 682(2), 599(3), 197(2), 491(2), 707(1), 466(1), 285(1), 284(1), 493(1), 728(1), 198(1)",57
214,213,02141,diag_1,"277(1), 786(2), 414(6), 965(1), 250.7(2), 433(1), 410(3), 578(1), 996(1), 428(2), 722(1), 250.22(1), 486(1), 434(2), 282(1), #####(2), 440(1), 780(4), 715(2), 592(1), 569(1), 518(1), 491(2), 250.01(1), 577(1), 453(1), 599(1), 730(1), 427(1), 710(1), 482(1), 250.8(1), 682(1), 552(1), 278(1), 173(1), 998(1), 250.52(1), 438(1), 802(1)",57
214,213,02142,diag_2,"482(1), 250.01(1), 411(1), 250.03(1), 440(1), 242(1), 250(3), 424(1), 401(2), 305(1), 414(2), 427(2), 511(3), 998(1), 250.02(2), 428(2), 599(2), 996(1), 286(1), 585(2), 786(1), 707(1), 276(2), #####(3), 591(1), 280(1), 682(2), V42(1), 403(2), 593(1), 250.8(1), 404(1), 451(1), 491(1), 344(1), 560(1), 574(1), 285(1), 513(1), 312(1), 800(1)",57
215,214,02151,diag_1,"250.23(1), 414(5), 303(1), 70(1), 733(1), 780(3), 433(1), 250.13(1), 413(1), 153(1), 786(3), 996(1), 410(2), 572(1), 434(3), 250.7(1), 428(2), 552(1), 577(2), 851(1), 404(1), 440(1), 531(1), #####(2), V57(1), 682(1), 578(1), 807(1), 346(1), 491(1), 427(2), 715(1), 38(2), 276(1), 250.8(1), 812(1), 584(1), 441(1), 518(1), 486(1), 987(1)",57
215,214,02152,diag_2,"518(3), 411(1), 250.02(3), 276(2), 997(1), 250(5), 571(2), 424(2), V45(1), 492(1), 427(2), 786(1), 496(2), 196(1), 413(1), 428(2), 780(1), 530(1), 401(2), #####(3), 425(2), 282(1), 996(1), 707(1), 272(1), 112(1), 569(1), 453(1), 599(1), 560(1), 285(1), 416(2), 250.12(1), 403(2), 442(1), 799(1), V58(1)",57
216,215,02161,diag_1,"293(1), 782(1), 414(3), 682(1), 244(1), 593(1), 250.81(1), 654(1), 996(2), 786(1), 410(2), 461(1), 434(1), 569(1), 722(1), 296(1), 435(1), 780(2), 998(1), 485(1), 532(2), 250.7(1), 562(2), 428(1), 276(2), 577(2), 997(1), 250.02(2), 162(1), 820(1), 438(1), 402(1), 305(1), 808(1), 486(3), 38(1), 560(1), 707(1), 648(1), 427(1), 557(1), 518(1), 534(1), 812(1), 250.11(1)",57
216,215,02162,diag_2,"250.41(1), 250.7(1), 411(2), 250.5(1), 276(4), 413(2), 428(2), 681(1), 648(1), 998(1), 250(1), #####(4), 401(1), 424(2), 571(1), 305(1), 287(1), 496(2), 492(1), 403(1), 707(1), 530(1), 577(1), 569(1), 427(1), 780(2), 425(1), 616(1), 285(1), 493(1), 820(1), 599(2), 250.12(1), 790(1), 590(1), 786(2), 663(1), 402(1), 584(1), 280(1), E888(1), 622(1), 261(1)",57
217,216,02171,diag_1,"250.83(1), 428(2), 414(1), 486(2), 3(1), 411(1), 303(1), 604(1), 427(2), 997(2), 998(1), 250.13(1), 410(1), #####(4), 434(1), 295(1), 786(2), 154(1), V57(3), 996(1), 432(1), 724(1), 726(1), 562(1), 592(1), 715(2), 403(1), 38(2), 574(1), 276(1), 595(1), 278(2), 331(1), 599(1), 250.6(1), 250.8(1), 491(1), 584(2), 664(1), 540(1), 528(1), 860(1), 518(1)",57
217,216,02172,diag_2,"250.6(1), 250.83(1), 411(1), 250.01(1), 578(1), 386(1), 250.13(1), 250.4(1), 999(1), 511(1), 252(1), 414(2), 599(2), 410(1), 428(2), 413(1), 250(6), 401(1), 276(7), 789(1), 427(4), 305(1), 250.02(1), 788(1), #####(1), 719(1), 601(1), 493(1), 585(1), 515(1), 707(1), 285(1), 786(1), 996(1), 648(1), 518(1), 557(1), 521(1), E881(1), 366(1)",57
218,217,02181,diag_1,"845(1), 414(4), 225(2), 593(1), 185(1), 435(3), 410(1), 996(1), 218(1), 427(4), 491(1), 250.13(1), 507(2), 590(1), 428(2), 250.12(1), 562(1), 780(1), V58(1), 733(1), 820(2), V57(1), 112(1), 715(1), 486(2), #####(2), 540(1), 535(2), 250.6(1), 453(1), 88(1), 250.82(1), 998(1), 965(1), 458(1), 250.92(1), 38(2), 8(1), 401(1), 959(1), 654(1)",57
218,217,02182,diag_2,"250.01(1), 411(2), 414(3), 599(3), 250.02(2), 997(1), 242(2), 428(2), 786(1), 401(4), 433(1), 280(2), 511(1), 465(1), 38(1), 250(3), 427(1), 276(3), 425(2), 733(1), 413(1), V43(1), 493(2), #####(1), 486(2), 295(1), 707(1), 569(1), 682(1), 285(1), 304(1), 724(1), 584(1), 578(1), 458(1), 491(1), E917(1), 644(1)",57
219,218,02191,diag_1,"414(7), V57(2), 250.81(2), 491(3), 428(2), 996(4), #####(4), 434(2), 572(1), 786(2), 410(2), V55(1), 780(2), 682(1), 435(1), 276(1), 578(1), 189(1), 715(1), 577(1), 486(2), 402(1), 560(1), 274(1), 564(1), 535(1), 8(1), 787(1), 250.4(1), 38(1), 197(1), 584(1), 518(1), 805(1), 820(1)",57
219,218,02192,diag_2,"250.03(1), 436(1), 135(1), 411(3), 250.01(1), V42(1), 424(1), 428(2), 250.4(1), 305(2), 707(2), 414(4), 250.02(2), 250(4), 38(1), 496(3), 401(1), 303(1), 425(3), 403(1), 721(1), 292(1), 682(1), #####(3), 427(1), 585(1), 591(1), 789(1), 584(1), 285(1), 787(1), 41(1), 276(2), 785(1), 518(1), 515(1), 805(1), 694(1)",57
220,219,02201,diag_1,"250.03(1), 414(6), 250.7(1), 174(1), 410(3), 250.93(1), 428(2), 250.13(1), 593(1), 786(4), 434(3), 295(1), 553(1), 386(1), 682(1), #####(2), 250.02(1), 820(1), 250.8(1), 283(1), 996(1), 574(1), 531(1), 715(2), 486(2), 535(1), 599(1), 780(2), 577(1), 827(1), 721(1), 285(2), 969(1), 491(1), 584(2), 155(1), 518(1), 711(1)",57
220,219,02202,diag_2,"401(5), 411(2), 440(2), 250(4), 496(1), 196(1), 428(2), 414(4), 305(1), 511(1), 789(1), 427(3), 707(1), #####(5), 493(1), 300(1), 250.02(1), 276(2), 599(2), 784(1), 518(3), 403(2), 790(1), 250.6(1), 486(3), 311(1), 250.82(1), 576(1), 731(1), 491(1), 717(1)",57
221,220,02211,diag_1,"414(4), 426(1), 278(2), 233(1), 410(4), 491(1), 250.13(2), 437(1), 428(2), 996(1), 424(2), 722(1), 250.12(1), 581(1), 250.7(1), 486(2), 574(2), 427(2), 403(1), 566(1), 188(1), 507(1), 453(1), 530(1), 682(1), 573(1), 350(1), 38(3), 715(1), 250.6(1), 198(1), 250.8(1), 599(1), 820(1), 285(1), 560(1), 786(1), 584(1), 823(1), 537(1), 879(1), 683(1)",57
221,220,02212,diag_2,"411(1), 426(1), 250(5), 413(1), 250.01(1), V42(1), 300(1), 414(1), 250.6(1), 276(5), 401(2), 780(2), 427(6), 428(2), 496(1), V43(1), 403(2), 707(1), 571(1), 518(1), 424(1), 293(1), 250.02(1), 599(2), 786(1), 585(1), #####(2), 727(1), 536(2), 162(1), 285(2), 295(1), 680(1), 486(1), 556(1), 250.12(1)",57
222,221,02221,diag_1,"434(2), 296(1), 414(5), 432(1), 428(2), 433(2), 786(3), 780(2), 162(1), 410(3), 191(1), 574(1), V57(1), #####(1), 507(1), 486(2), 427(2), 441(1), 386(1), 435(2), 331(1), 491(2), 789(2), 823(1), 784(1), 592(1), 346(1), 250.6(1), 493(1), 599(1), 444(1), 276(1), 404(1), 860(1), 661(1), 715(1), 820(1), 584(1), V56(1), 518(1)",57
222,221,02222,diag_2,"250.7(1), 250.03(1), 411(3), 250.01(1), V45(1), 492(1), 250(1), 414(2), 437(1), V10(1), 428(2), 496(2), 427(3), 997(1), 493(1), 425(1), 410(1), 491(2), 250.02(2), 426(1), 453(1), 786(1), 486(1), 780(2), 560(2), 292(1), 342(1), 591(1), 729(1), 403(4), 458(1), 413(1), 558(1), 518(2), #####(1), 648(1), 285(1), 584(1), E888(1), 275(1), 225(1), 307(1)",57
223,222,02231,diag_1,"414(5), 780(1), 440(1), 293(2), 286(1), 714(1), 569(1), 578(1), 436(1), 410(2), 250.02(1), 162(1), 590(1), 441(1), 530(1), 507(2), 250.11(2), 998(1), 428(2), 715(1), 434(1), 486(4), 185(1), 250.22(1), 595(1), 574(1), 427(2), 447(1), 789(1), 458(1), 682(1), 403(1), 401(1), 38(1), 482(1), 843(1), 820(1), 8(1), 584(3), 348(1), 518(1), 526(1)",57
223,222,02232,diag_2,"250.01(2), 250.41(1), 411(1), 780(3), 403(2), 250(3), 250.6(1), 413(1), 434(1), 305(1), 410(2), 414(3), V15(1), 585(1), 428(2), 511(1), 218(1), 272(1), 518(2), 198(1), 493(1), 590(2), 396(1), 584(1), #####(5), 401(1), 276(5), 486(2), 591(1), 496(1), 577(2), 491(2), E885(1), 189(1)",57
224,223,02241,diag_1,"414(5), 49(1), 428(2), 410(4), 786(2), 996(4), 553(1), 295(1), 435(1), 592(1), #####(4), 421(1), 427(2), 250.02(1), 276(3), 296(1), 784(1), 715(3), 719(1), 562(3), 486(1), 822(1), 560(1), 331(1), 599(2), 578(1), 38(1), 584(1), 280(1), 623(1), 250.6(1), 863(1), 805(1), 652(1)",57
224,223,02242,diag_2,"411(2), 351(1), 250.52(1), 424(1), 401(4), 426(1), 414(3), 250(5), 428(2), 535(1), 496(2), 276(2), 413(1), 996(1), 785(1), 427(1), 396(1), 403(1), 786(1), 780(2), 599(2), #####(3), 287(1), 425(1), 682(1), 491(1), 280(1), 518(1), 790(1), 562(1), 294(1), 585(1), E878(1), 783(1), 584(1), 250.02(1), 713(1), 868(1), 860(1), 656(1)",57
225,224,02251,diag_1,"414(5), 429(1), 427(2), 786(4), 715(3), 295(1), 413(1), 595(1), 423(1), 410(1), 434(2), V57(1), 682(1), 780(1), 250.6(1), 404(2), 440(1), 435(1), 276(1), 428(2), 491(1), 724(1), 995(1), 789(1), 577(1), 515(1), 401(1), 403(1), 331(1), 250(2), 38(4), 790(1), 486(1), 781(2), 824(1), 443(1), 599(1), 521(1), 518(1)",57
225,224,02252,diag_2,"250.01(3), 411(2), 276(2), 250.6(1), 413(1), 428(2), 250(3), 414(2), 305(1), 185(1), 401(3), 427(4), 780(2), 250.02(1), 786(1), 396(1), 784(2), 295(1), 486(1), 491(2), E942(1), 577(1), 599(3), 493(2), 996(1), 453(1), 294(1), 781(1), #####(1), 403(1), 585(1), 425(1), 584(1), E885(1), 707(1), 625(1), E888(1), 482(1)",57
226,225,02261,diag_1,"250.03(1), 413(1), 786(3), 414(2), 428(2), 722(1), 738(1), 805(1), 530(2), 410(3), 996(1), 282(1), 250.12(1), 250.13(2), 435(1), V57(1), 574(1), 733(1), 924(1), 434(2), #####(2), 715(3), 427(1), 250.7(1), 789(1), 291(1), 415(1), 276(1), 440(1), 560(2), 162(1), 620(1), 785(1), 820(1), 486(1), 280(1), 250.8(1), 38(2), 682(1), 491(1), 812(1), 195(1), 194(1)",57
226,225,02262,diag_2,"427(7), 250.01(3), 411(1), 53(1), V42(2), 250.6(1), 722(1), 414(2), 276(6), 530(1), 250(1), 428(2), 250.02(2), 996(1), 282(1), V12(1), 715(1), 682(1), 788(1), 401(3), 585(2), 785(1), 787(1), 571(1), 287(1), 599(2), 444(1), 493(1), 280(1), 285(1), 786(1), 707(1), 584(1), 486(1), 518(2)",57
227,226,02271,diag_1,"462(1), 414(5), 436(1), 410(2), 433(1), 799(1), 428(2), 786(6), 250.81(1), 157(1), 507(2), 218(1), 789(1), #####(3), 780(2), 250.02(1), 722(1), 427(3), 574(1), 440(1), 682(1), 560(1), 250.2(1), 962(1), 276(1), 562(1), 724(1), 415(1), 996(1), 38(2), 608(1), 491(1), 715(1), 784(1), 821(1), 578(1), 486(1), 584(1), 327(1)",57
227,226,02272,diag_2,"V42(1), 411(2), 250(5), 599(1), 396(1), 414(3), 496(3), 428(2), 511(1), 427(3), 285(2), 788(1), 250.02(3), 197(1), 401(1), 280(2), 425(2), 789(1), 493(1), 722(1), 198(1), 491(1), #####(2), 518(2), 682(1), 250.82(1), 707(2), 453(1), 592(1), 284(1), 403(1), 782(1), 305(1), 585(2), 486(1), 799(1)",57
228,227,02281,diag_1,"250.03(1), 414(5), 722(1), 296(1), 428(2), 250.11(2), 482(2), 507(1), 466(1), 157(1), 786(2), 553(1), 250.83(1), 434(1), #####(2), 997(1), 435(1), 250.12(1), 427(2), 410(1), 998(1), 274(1), 715(1), 402(1), 440(2), 486(4), 276(2), 250.8(2), 250.6(1), 300(1), 211(1), 38(1), 728(1), 292(1), 584(1), 518(2), 705(1), 237(1), 112(1), 805(1)",57
228,227,02282,diag_2,"710(1), 250.01(1), 250.53(1), 411(1), 309(2), 135(1), 277(1), 250.02(2), 413(1), 272(2), 434(1), V42(1), 496(4), 250(1), 791(1), 780(1), 425(2), 493(1), 427(2), 682(2), 346(1), 276(4), 403(4), 428(2), 285(1), 244(1), 70(1), 444(1), 599(1), 787(1), 707(1), 585(1), 593(1), 584(1), #####(1), 162(1), 280(1), 486(1), 595(1), 619(1), 862(1)",57
229,228,02291,diag_1,"414(3), 440(3), 441(1), 428(2), 250.13(1), 571(1), 410(3), 281(1), 572(1), 250.12(1), 434(1), 295(1), 786(1), 233(1), 996(1), 553(1), 530(2), 296(1), #####(3), 997(1), 780(1), 189(1), 733(1), 197(1), 276(4), 724(1), 486(2), 577(2), 427(1), 250.2(1), 715(2), 562(1), 250.8(1), 626(1), 38(1), 711(1), 491(1), 250.1(1), 493(1), 357(1), 682(1)",57
229,228,02292,diag_2,"250.41(2), 250.01(1), 196(1), 411(1), 413(1), 288(1), 410(1), 428(2), 414(3), 250(1), 571(1), 401(4), 250.02(1), 305(1), 780(1), 788(1), 427(4), 496(4), 403(1), 599(3), 276(6), 198(1), 425(1), 682(1), 303(1), 574(1), 787(1), 577(1), 294(1), 584(1), 280(1), 285(1), 585(1), 112(1), 518(1), 344(1), 754(1)",57
230,229,02301,diag_1,"403(1), 434(1), 429(1), 414(5), 682(2), 250.41(1), 590(1), 436(1), 486(2), 996(2), 295(1), 428(2), 427(3), 424(1), 410(2), 786(2), 722(2), 401(1), 780(1), 250.13(1), 578(1), 276(6), 574(3), 997(1), 784(1), 721(1), 820(1), 250.6(1), 250.8(2), 564(1), 787(1), 491(1), 284(1), 691(1), 848(1), 518(1)",57
230,229,02302,diag_2,"250.51(1), 250.41(1), 511(2), 411(3), 250.81(1), 403(3), 250.6(1), 998(3), 414(1), 398(1), 333(1), 440(1), 425(3), 293(1), 428(2), 250(2), 401(1), 427(4), 424(1), 466(1), 780(1), 707(1), 244(1), #####(1), 486(1), 305(1), 496(2), 276(2), 280(1), 458(1), 413(1), 599(1), 573(1), 680(1), 263(1), 8(1), 731(1), 202(1), 493(1), 70(1), 348(1)",57
231,230,02311,diag_1,"715(2), 641(1), 428(2), 786(2), 227(1), 714(2), 996(2), 571(3), 414(1), 410(3), 295(1), 572(1), 435(1), V57(3), 584(1), 574(1), 296(1), 998(3), 427(1), 440(1), 182(1), 250.7(1), 434(2), 491(1), 162(1), 780(1), 291(1), #####(1), 153(1), 707(1), 785(1), 486(1), 38(1), 183(1), 285(1), 250.4(1), 357(1), 511(1), 404(1), 8(1), 781(1), V54(1), 599(1)",57
231,230,02312,diag_2,"436(1), 648(1), 250.01(1), 250.6(1), 401(1), 493(1), 567(1), 572(1), 413(1), 511(1), 715(1), 414(1), 250(3), 719(1), 303(1), 428(2), 250.02(1), 496(2), 250.81(1), 997(1), 425(1), 456(1), 707(2), 305(1), 357(1), 293(1), #####(3), 198(1), 276(2), 784(1), 295(1), 785(1), 403(2), 780(1), 491(1), 569(1), 788(1), 599(1), 682(1), 197(1), 681(1), 285(1), 250.13(1), 584(2), 459(1), 415(1), 348(1)",57
232,231,02321,diag_1,"648(2), 276(3), 250.33(1), 482(1), 780(3), 414(2), 250.83(1), 250.13(3), 607(1), 571(1), 436(1), 427(2), 433(1), 786(2), 426(1), 434(2), 733(1), 820(1), 403(2), 592(1), 290(1), 572(1), 428(2), #####(1), 410(1), 250.12(1), 250.11(1), 567(1), 560(2), 440(1), 507(1), 250.82(1), 486(1), 274(1), 682(1), 38(3), 288(1), 491(1), 292(1), 518(1), 285(1)",57
232,231,02322,diag_2,"250.01(1), 250.83(1), 305(2), 250.03(1), 201(1), 411(1), 276(5), 648(1), 244(1), 250(5), 38(1), 250.22(1), 433(1), 784(1), 492(1), 401(2), 787(1), 300(1), 577(2), 682(2), 386(1), 428(2), 198(1), V45(1), 437(1), 403(1), 599(2), 404(1), 496(2), 427(1), 730(1), 733(1), 491(2), 284(1), 250.92(1), 486(1), 799(1), 584(1), 535(1), 540(1), 995(1)",57
233,232,02331,diag_1,"411(2), 434(1), 578(1), 414(4), 786(2), 182(1), 415(1), 250.81(1), 556(1), 426(1), 428(2), 998(1), 410(2), 250.6(1), 235(1), 996(3), 276(3), 250.02(1), 295(1), V57(2), 577(1), 427(1), 402(1), 682(2), 530(1), #####(2), 348(1), 820(1), 491(1), 562(1), 250(1), 278(1), 458(1), 486(2), 808(1), 599(2), 250.8(1), 715(1), 518(1), 780(1), 659(1)",57
233,232,02332,diag_2,"411(3), 250.03(1), 250.01(1), 492(1), 617(1), V42(1), 401(2), 578(1), 428(2), 414(1), 511(1), 427(1), 250(3), 998(1), 462(1), 515(1), 34(1), 272(1), 278(1), 707(2), 571(1), 424(2), 340(1), 518(2), 403(1), 413(1), 599(1), #####(2), 808(1), 486(1), 380(1), 795(1), 276(5), 560(1), 496(1), 584(1), 780(1), 458(1), 285(1), 491(1), 493(1), 924(1), 648(1)",57
234,233,02341,diag_1,"414(4), 420(1), 433(2), 428(1), 496(1), 171(1), 250.13(1), 282(1), 512(1), 276(1), 295(1), 786(3), 996(1), 435(1), 507(1), 574(1), 427(1), 431(1), 599(4), 401(1), 562(1), 250.12(1), 440(2), 780(1), 466(1), 296(1), 402(1), 540(1), 403(1), 453(2), 785(1), 787(1), 491(2), 486(3), 558(1), 250.8(2), 205(1), 8(1), 250.01(1), 493(1), V58(1), 584(1)",57
234,233,02342,diag_2,"411(2), 250(5), 997(1), 282(1), 276(5), 428(2), 599(2), 486(1), 512(1), 250.4(1), 304(2), 425(1), 157(1), 572(2), 511(1), 414(2), 710(1), 250.02(2), #####(6), 996(1), 250.82(1), 401(1), 591(2), 578(1), 530(1), 493(1), 197(1), 491(1), 162(1), 284(1), 278(1), 682(1), 466(1), 202(1), 585(1), 557(1)",57
235,234,02351,diag_1,"786(4), 414(7), 411(1), 724(1), 535(1), 250.6(2), 250.13(1), 188(1), 428(2), 410(1), 569(1), 491(1), 287(1), #####(2), 434(2), 238(1), 568(1), 404(1), 427(2), 642(1), 560(1), 346(1), 592(1), 486(2), 715(2), V57(1), 590(1), 515(1), 348(1), 250.11(1), 278(1), 780(1), 276(1), 558(1), 584(1), 292(1), 518(2), 599(1), 808(1), 820(1)",57
235,234,02352,diag_2,"250.01(2), 411(4), 414(1), 250.6(1), 378(1), 413(1), 401(4), 496(3), 295(1), V15(1), 276(5), 250.02(1), 250(2), 428(2), 287(1), 788(2), 780(2), 283(1), 427(1), 403(2), 250.42(1), #####(3), 648(1), 591(1), 438(1), 599(1), 710(1), 294(1), 402(1), V43(1), 569(1), 486(1), 493(1), 331(1), 733(1), 808(1), E927(1)",57
236,235,02361,diag_1,"414(5), 411(3), 433(1), 410(2), 413(1), 727(1), 428(1), 296(1), 789(2), 786(2), 996(2), 997(1), 715(3), 442(1), 235(1), 220(1), 276(2), 427(4), 682(1), 557(1), 250.6(2), 453(2), 807(1), 577(1), 780(1), 250(2), 998(1), 823(1), 844(1), 197(1), 250.8(1), 787(2), 491(1), 511(1), 599(1), 584(1), 518(1)",57
236,235,02362,diag_2,"411(2), 250.02(2), 250(3), 276(4), 997(1), 413(1), 401(4), 414(3), 998(1), 42(1), 424(1), V45(1), 272(1), 996(1), 682(3), 280(1), 428(2), 721(1), 259(1), 453(1), 396(1), #####(2), 496(3), 427(3), 578(1), 710(1), 403(1), 599(2), 285(1), 286(1), 197(1), 486(1), 402(1), 438(1), 491(1), E944(1)",57
237,236,02371,diag_1,"997(1), 682(2), 293(1), 414(5), 250.7(1), 185(1), 496(1), 786(3), 250.13(1), 787(1), 410(5), 235(1), 722(2), 153(1), 250.22(1), 996(2), 535(1), 780(4), 566(1), 276(3), 486(2), 562(1), 447(1), 820(2), 558(1), 608(1), 730(1), 574(2), 415(1), 291(1), 310(1), 458(1), 453(1), 250.8(1), 287(1), 250.1(1)",57
237,236,02372,diag_2,"250.03(1), 250.7(1), 496(4), 250(5), 440(1), 788(1), 428(2), 414(1), 276(3), 250.6(1), 272(1), 250.02(3), 196(1), 278(1), 427(3), 285(1), 722(1), 711(1), 486(1), 250.13(1), 584(3), 707(2), 780(1), #####(1), 402(1), 401(1), 112(1), 255(1), 599(4), 403(1), 41(1), 280(1), 733(1), 785(1), 303(1), 515(1), 289(1)",57
238,237,02381,diag_1,"296(3), 414(4), 799(1), 433(1), 996(4), 786(1), V57(3), 722(1), 532(1), 153(1), 711(1), 440(2), 428(2), 578(1), 410(1), 715(1), 599(2), 820(1), 434(1), 250.02(1), 564(1), 562(1), 600(1), 922(1), 453(1), 162(1), 486(1), 427(1), 823(1), 250.8(1), 995(1), 197(1), 682(1), 730(1), 451(1), 491(1), 278(1), 584(3), 8(1), 250.1(1), 834(1), 459(1)",57
238,237,02382,diag_2,"250.01(1), 411(1), V45(1), 414(1), 250.4(1), 250(5), 998(1), 428(2), 401(5), 38(1), 496(2), 997(1), 403(3), 250.42(1), 425(1), 780(1), 486(1), 303(1), 424(2), 410(1), 276(5), 608(1), 719(1), 280(1), 155(1), 197(1), 453(1), 682(2), 421(1), 157(1), 278(1), 584(1), 40(1), 599(2), 518(1), 285(1), 275(1), V63(1)",57
239,238,02391,diag_1,"38(2), 428(2), 557(1), 414(3), 585(1), 436(1), V57(1), 250.13(1), 433(1), 413(1), 786(6), 410(1), 174(1), 434(1), 435(1), 722(1), 296(1), 575(1), 491(1), 440(1), 250.8(4), 682(1), 507(1), 576(1), 427(2), 599(1), 535(1), 250.82(1), 532(1), 493(1), 402(1), 415(1), 135(1), 511(1), #####(1), 558(1), 536(1), 486(2), 275(1), 820(1), 584(1), 490(1), 784(1)",57
239,238,02392,diag_2,"250.7(1), 250.01(1), 250.41(2), 411(2), 434(1), 820(1), 578(1), 401(3), 272(2), 414(2), 250(4), 196(1), 530(1), 496(3), 396(1), 70(1), 425(1), 997(1), 242(1), 440(1), 428(1), 276(4), 427(3), 402(1), 780(1), E932(1), 403(1), 285(1), 358(1), 290(1), 491(2), 518(2), 585(2), 707(2), 507(1), 438(1), 745(1)",57
240,239,02401,diag_1,"999(1), V57(1), 433(2), 414(4), 996(2), 436(1), 250.13(1), 295(1), 410(4), 423(1), 428(2), 510(1), 296(2), 722(1), 218(1), 780(1), 511(1), 435(1), #####(2), 682(5), 250.7(1), 715(1), 552(1), 486(2), 560(1), 599(1), 333(1), 250.6(1), 562(1), 198(1), 79(1), 253(1), 276(1), 584(2), 458(1), 821(1), 427(1), 733(1), 312(1), 38(1)",57
240,239,02402,diag_2,"250.01(1), 250.03(1), 362(1), 411(1), 397(1), 401(6), 997(4), 413(1), 38(1), 250.02(4), 414(2), 496(6), 420(1), 428(2), 571(1), 280(2), V45(1), 425(1), 427(1), 42(1), 491(2), 780(1), 785(1), 682(1), #####(1), 707(1), 162(1), 305(1), 714(1), 202(1), 584(1), 276(1), 824(1), V58(1), 11(1), 310(1), 995(1)",57
241,240,02411,diag_1,"411(1), 578(2), 414(3), 410(5), 648(1), 250.6(2), 250.7(1), 250.13(1), 786(4), 424(1), 435(2), 434(2), 618(1), 428(2), 427(1), 780(2), 715(3), 682(2), 482(1), 276(1), 188(1), 162(1), 824(1), 47(1), 562(1), 557(1), 402(1), 516(1), 378(1), 486(1), 250.8(1), 415(1), 491(1), 966(1), 822(1), 443(1), 584(1), 518(1), 514(1)",57
241,240,02412,diag_2,"250.41(1), 250.01(1), 411(1), 250.6(2), 648(1), V42(1), 440(1), 424(3), 410(1), 997(1), 428(2), 414(1), 250(3), 496(3), 401(3), 599(2), #####(2), 276(7), 427(3), 426(1), 682(2), 244(1), 295(1), 584(1), 560(1), 518(3), 531(1), 285(2), 337(1), 780(1), E885(1), 785(1), 486(1)",57
242,241,02421,diag_1,"648(1), 997(1), 414(4), 654(1), 349(1), 426(1), 250.81(1), 250.13(2), 729(1), 410(2), 437(1), 250.02(2), 789(1), 786(2), 722(1), V57(1), 557(1), 153(1), 402(1), 682(2), 780(1), 428(2), 820(2), 440(1), 486(3), 427(3), 540(1), 724(1), 562(1), 788(1), 42(1), 493(1), 608(1), 494(1), 491(1), 599(1), 998(1), 250.8(1), 558(1), 459(1), 790(1), 537(1), 473(1)",57
242,241,02422,diag_2,"250.03(1), 250.81(1), 411(1), 250.01(2), 414(1), 413(2), 250.02(1), 730(1), 427(3), 250(7), 276(3), 428(2), 780(2), 401(2), V45(2), 70(1), 599(3), 285(2), 403(2), 198(1), 424(1), 250.13(1), 682(2), #####(4), 410(1), 518(1), 38(1), 591(1), 162(1), 611(1), 486(1), 280(1), 473(1)",57
243,242,02431,diag_1,"311(1), 414(6), 495(1), V57(3), 250.13(2), 410(2), 428(2), 185(1), 786(2), 996(3), #####(3), 398(1), 567(1), 250.7(1), 552(1), 250.12(1), 174(1), 434(1), 562(1), 276(1), 250.6(2), 536(1), 682(2), 784(1), 203(1), 600(1), 780(1), 250.11(1), 493(1), 724(1), 555(1), 998(1), 250.8(1), 285(1), 427(1), 584(2), 8(1), 453(1), 812(1)",57
243,242,02432,diag_2,"250.41(1), 411(1), 428(2), 250.02(1), 440(1), 715(1), 250(5), 401(3), 410(1), 414(3), 511(1), 276(4), 496(1), #####(3), 425(1), 427(5), 486(2), 571(1), 707(2), V15(1), 584(3), 403(2), 599(3), 41(1), 286(1), 358(1), 174(1), E878(1), 585(1), 458(1), 507(1), E888(1)",57
244,243,02441,diag_1,"414(2), 426(2), 593(1), 574(2), 996(3), 250.13(1), 410(2), 428(2), 786(2), 435(1), V54(1), 427(3), #####(3), 431(1), 486(1), 432(2), 780(1), 276(2), 491(2), 715(1), 38(2), 250.42(1), 560(1), 434(1), V57(1), 682(1), 577(1), 250.8(1), 443(1), 250.6(1), 719(1), 599(1), 998(1), 728(1), 781(1), 403(1), 285(1), 584(2), 291(1), 386(1)",57
244,243,02442,diag_2,"411(1), 250.4(2), 401(2), 276(6), 250.6(1), 425(4), 250(1), 428(2), 424(2), 250.01(1), 427(3), 403(3), 496(3), 414(2), 250.02(2), 780(2), #####(2), 342(2), 70(1), 786(1), 790(1), 438(1), 707(1), 599(2), 440(1), 493(1), 402(1), E878(1), 41(1), 518(1), 197(1), 250.8(1), 381(1)",57
245,244,02451,diag_1,"293(1), 414(4), 420(1), 410(2), 786(3), 998(2), 295(1), 722(1), 296(1), 428(2), 431(1), 486(4), #####(1), 507(2), 511(2), 432(1), 276(2), 427(2), 592(1), 724(2), 401(1), 403(1), 577(2), 433(1), 493(1), 250.6(1), 250.8(3), 574(1), 812(1), 250.7(1), 707(1), V57(1), 584(1), 8(1), 79(1), 491(1), 558(1), 518(1)",57
245,244,02452,diag_2,"250.6(1), 411(2), 162(1), 401(3), 414(4), 428(2), 707(1), 304(1), 250(3), 250.82(1), 496(2), 295(1), 427(2), 452(1), 599(2), 413(1), 276(5), #####(2), 574(1), 368(1), 70(1), 536(1), 682(1), 403(1), 250.8(1), 558(1), 357(1), 780(1), 728(1), 785(1), 491(1), V54(1), 294(1), 560(1), 278(1), 518(1), 557(1), 486(1), 731(1), 246(1)",57
246,245,02461,diag_1,"433(1), 996(3), 296(1), 414(3), 411(1), 435(2), 281(1), 410(2), V57(1), 427(5), 428(2), 250.3(1), 386(1), 997(1), 786(2), 722(1), 250.02(2), 530(1), 250.7(1), 562(2), 162(1), 556(1), 202(1), 575(1), 250.6(1), 555(1), 250.8(1), 493(1), 250.4(1), 510(1), 415(1), 724(1), 250.2(1), 824(1), 434(1), 518(1), 511(1), #####(1), 486(2), 451(1), V58(1), 820(1)",57
246,245,02462,diag_2,"250.41(2), 250.01(1), 411(1), 414(4), 250.52(1), 250.02(2), 707(2), 428(2), 425(1), 401(2), 250(2), 496(3), 276(5), 682(2), 403(1), 722(1), 280(1), 578(2), 577(1), 198(1), #####(4), E942(1), 599(1), 273(1), 486(1), 453(1), 574(1), 427(1), E880(1), 438(1), 205(1), 585(1), 491(1), 786(1), 584(1), 202(1), 840(1)",57
247,246,02471,diag_1,"648(2), 199(1), 435(2), 414(3), 410(1), 295(1), 427(3), 250.13(1), 594(1), 572(1), 428(2), 578(1), #####(3), 425(1), 440(1), 780(2), 296(1), 250.02(1), 434(1), 276(2), 250.12(1), 402(1), 486(1), 786(1), 493(1), 584(2), 415(1), 197(1), 444(1), 574(1), 198(1), 481(1), 8(1), 250.4(1), 531(1), 882(1), 782(1), 162(1), 250.11(1), 519(1), 370(1), 38(1), 518(1), 524(1), 112(1)",57
247,246,02472,diag_2,"250.01(1), 560(1), 250.03(1), 648(1), 250(5), 414(1), 425(1), 401(2), 411(1), 427(6), 276(3), 340(2), 571(1), 530(1), 496(3), 428(2), 424(1), 290(1), 599(1), 682(1), #####(4), 466(1), 185(1), 197(1), 518(2), 790(1), 403(1), 285(1), 208(1), 278(1), 584(1), 54(1), 786(1), 481(1), 486(1), 250.21(1), 995(1)",57
248,247,02481,diag_1,"250.03(1), 304(1), 414(3), V57(1), 440(4), 227(1), 218(1), 997(1), 309(1), 410(1), 348(1), 188(1), 427(3), 428(2), 250.02(1), 296(1), 575(1), 250.7(2), 557(2), 574(1), 566(1), 507(1), 530(1), 491(2), 682(1), #####(2), 250.11(1), 453(1), 780(1), V55(1), 486(2), 560(1), 435(1), 38(1), 558(1), 250.82(1), 715(1), V58(1), 8(1), 238(1), 808(1), 626(1), 584(1), 522(1)",57
248,247,02482,diag_2,"786(2), 427(2), 411(1), V42(2), 250.6(1), 252(1), 250(1), 997(1), 401(2), 511(1), 300(1), 428(2), 434(1), 414(2), 788(1), 425(1), 276(7), 303(1), V64(1), 785(1), 578(1), #####(1), 599(4), V12(1), 518(1), 707(2), 415(1), 162(1), 568(1), 585(2), 537(1), 730(1), 285(2), 491(1), 205(1), 455(1), 625(1), 486(1), 521(1)",57
249,248,02491,diag_1,"780(3), 540(1), 414(4), 433(1), 410(2), 428(2), 550(1), 578(1), 424(1), #####(5), 434(2), 786(2), 515(1), 250.7(1), 820(1), 296(1), 562(2), 682(2), 415(1), 440(1), 599(1), 250.8(3), 416(1), 552(1), 596(1), 574(1), 513(1), 402(1), 38(1), 491(3), 787(1), 486(2), 280(1), 466(1), 807(1), 584(1), V54(1)",57
249,248,02492,diag_2,"E939(1), 250.7(1), 411(1), V42(1), 250(3), 426(1), 427(3), 250.02(3), 707(3), 424(2), 414(1), 428(2), 496(3), 403(3), 425(1), 682(1), 153(1), 595(2), 278(1), 648(1), 287(1), 303(1), #####(2), 486(1), 491(2), 591(1), 780(1), 276(3), 162(1), 280(1), 558(1), 599(2), 733(1), 518(1), E888(1), 584(1), 729(1)",57
250,249,02501,diag_1,"428(2), 722(1), 414(6), 429(1), 250.7(1), 426(1), 410(4), 250.6(2), 557(2), 786(1), 486(3), 250.02(1), 568(1), #####(4), 682(2), 997(1), 197(1), 427(2), 296(1), 577(1), 331(1), 726(1), 507(1), 530(1), 276(1), 38(1), 153(1), 574(1), 511(1), 560(3), 493(1), 278(1), 820(1), 558(1), 584(2), 440(1)",57
250,249,02502,diag_2,"250.43(1), 250.01(1), 411(1), 585(3), 997(2), 440(1), 401(4), 414(2), 428(2), 493(2), 250.02(1), 253(1), 511(1), 427(2), 250(2), 425(3), 571(2), 403(5), #####(2), 304(1), 303(1), 276(3), 599(2), 998(1), 197(1), 789(2), 707(1), 574(1), 285(1), 486(1), 153(1), 355(1), 728(1), 892(1)",57
251,250,02511,diag_1,"414(6), 203(1), 250.12(1), 411(1), 682(2), 799(1), 276(1), 250.13(2), 428(2), 410(1), 789(1), 295(1), 786(1), 289(1), 398(1), 996(2), 780(2), 511(1), V57(2), #####(2), 574(1), 729(1), 998(1), 820(1), 491(4), 562(1), 427(1), 162(1), 486(2), 434(1), 250.11(1), 575(1), 285(1), 493(1), 466(1), 38(1), 558(1), 275(1), 250.6(1), 959(1), 174(1)",57
251,250,02512,diag_2,"250.6(3), 411(1), 414(3), 478(1), 707(2), 428(2), #####(8), V10(1), 403(1), 276(3), 250.02(3), 511(1), 311(1), 296(1), 250(1), 496(2), 427(3), 453(3), 491(2), 401(1), 682(1), 410(1), 342(1), 574(1), 578(1), E878(1), 996(1), 599(1), 585(2), 711(1), 486(1), 923(1), 610(1)",57
252,251,02521,diag_1,"414(5), 571(2), 250.81(1), 682(3), 250.41(1), 486(4), 786(1), 295(1), 153(1), 250.13(1), 398(1), 572(1), 733(1), 428(2), 590(1), 780(1), 530(1), 440(1), #####(5), 458(1), 996(2), 276(3), 575(1), 202(1), 574(2), 197(2), 415(1), 38(1), 721(1), 427(1), 599(1), 493(1), 250.6(1), 285(1), 250.1(1), 562(1), 246(1)",57
252,251,02522,diag_2,"397(1), 411(1), 572(1), 996(1), 250.81(1), 403(2), 401(4), 428(1), 250.6(1), V45(1), 789(1), 496(3), 492(1), 276(3), 410(1), 571(1), 204(1), 250(3), 250.02(2), 511(1), 396(1), 530(1), 425(1), 427(3), 682(3), 414(1), 250.11(1), 790(1), 151(1), 157(1), 453(1), 285(2), 584(2), 402(1), 491(1), 796(1), 585(2), 459(1), 786(1)",57
253,252,02531,diag_1,"414(5), 428(2), 436(1), 786(3), 491(2), #####(1), 410(4), V55(1), 996(1), 435(3), 578(1), 576(2), 276(1), 722(1), 682(1), 250.7(1), 348(1), 427(2), 250.22(1), 486(3), 600(1), 577(1), 198(1), 288(1), 515(1), 250.6(1), 995(1), 575(1), 38(1), 599(1), 250.8(1), 824(1), 250.1(1), 584(1), 284(1), 208(1), 250.11(1), 886(1), 882(1), 659(1)",57
253,252,02532,diag_2,"411(3), V45(1), 250.6(2), 250(5), 435(1), 496(2), 288(1), 203(1), 250.02(1), 401(3), 428(2), 433(1), 196(1), 287(1), 560(1), 707(2), 682(1), 404(1), 340(1), 478(1), #####(1), 584(1), 427(1), 410(1), 403(1), 303(2), 599(2), 284(1), 491(1), 536(1), 518(1), 276(6), 535(1), 424(1), 634(1), 816(1), 944(1), 645(1)",57
254,253,02541,diag_1,"250.03(1), 786(4), 414(3), 682(1), 70(1), 410(3), 571(1), 433(1), 722(1), 428(2), 441(1), 250.02(1), 998(1), 427(3), 250.11(2), 434(1), 486(1), 721(1), 715(2), 276(2), 558(1), 789(1), 331(1), 550(1), 532(1), 578(1), 493(3), 577(1), 507(1), 967(1), 531(1), 560(2), 38(1), #####(1), 584(2), 453(1), 242(1), 9(1), 518(1), 197(1)",57
254,253,02542,diag_2,"401(1), 250.01(1), 411(1), 250.6(1), 997(1), V42(1), 578(2), 250(6), 414(3), 250.02(2), 70(1), 427(5), 340(1), 424(1), 496(1), 428(2), 780(1), 403(4), #####(3), 425(1), 599(3), 305(1), 710(1), 491(2), 285(1), 276(5), 443(1), 584(1), 162(1), 183(1), V16(1)",57
255,254,02551,diag_1,"648(1), 642(1), 996(4), 414(4), 38(2), 540(1), 250.7(2), 453(2), 786(2), 722(1), 410(1), 794(1), 296(2), 434(2), V57(2), 998(1), 435(1), 428(2), 780(2), 189(1), 250.12(1), #####(2), 42(1), 820(1), 486(3), 564(1), 577(1), 821(1), 599(1), 162(1), 491(2), 578(1), 715(1), 285(1), 562(1), 440(1), 493(1), 294(1)",57
255,254,02552,diag_2,"250.01(3), 250.03(1), 250.6(2), 411(1), 250.41(1), 440(1), 274(1), 410(2), 428(1), 496(2), 250(1), 427(4), 552(1), 401(3), 599(5), 157(1), 287(1), 425(2), 276(2), 707(2), 729(1), 403(1), 112(1), 438(1), 682(1), 286(1), 493(1), 789(1), 486(1), 41(1), 518(1), 285(3), 585(1), 204(1), 447(1), 466(1), 356(1), 312(1)",57
256,255,02561,diag_1,"312(1), 250.03(1), 414(5), 340(1), 436(1), 428(2), 722(1), 786(4), 290(1), 410(3), 851(1), 403(1), 435(2), 285(1), 278(1), 996(2), 572(1), 682(1), 578(1), 427(2), 482(1), 820(2), 569(1), 431(1), 787(1), 491(2), 294(1), 557(1), 574(1), 250.82(2), 38(1), 250.4(1), 486(1), 276(1), 355(1), 378(1), 493(1), 584(1), 518(1), V54(1), 812(1)",57
256,255,02562,diag_2,"250.01(5), 276(3), 250(6), 411(1), 250.6(3), 413(1), 437(1), 424(1), 414(1), 287(1), 599(1), 300(1), 428(2), 493(1), 135(1), 780(1), 996(1), 515(1), 250.82(1), 427(2), 403(5), #####(2), 569(1), 342(1), 496(1), 8(1), 285(2), 296(1), 707(2), 491(1), 584(1), 786(1), 402(1), 486(1), 840(1)",57
257,256,02571,diag_1,"428(2), 789(1), 433(2), 410(3), 486(4), 414(2), 250.13(1), 786(1), 196(1), 996(1), 434(3), 592(1), 440(2), 625(1), V57(1), 682(1), 241(1), 458(1), 577(2), 574(1), 276(2), 618(1), 296(1), 721(1), 435(1), 427(1), 238(1), 250.42(1), 250.11(1), V53(1), 250.6(2), 560(1), 198(1), 38(2), 599(1), 197(1), 466(1), 490(1), 808(1), 250.8(1), 8(1), 602(1)",57
257,256,02572,diag_2,"508(1), 220(1), 250(6), 414(3), 250.22(1), 305(2), 496(2), 427(4), 276(3), 428(2), 401(4), 507(1), 244(1), 250.92(1), 250.02(1), 453(2), 340(1), 304(1), 599(4), 403(3), #####(1), 287(1), 486(2), 573(1), 491(1), 590(1), 162(1), 410(1), 584(1), 424(1), 816(1), 731(1)",57
258,257,02581,diag_1,"786(6), 428(2), 414(5), 252(1), 293(1), 427(1), 621(1), 250.81(1), 410(3), 444(1), 572(1), V57(2), 250(1), 296(1), 250.02(1), 434(1), 250.12(1), #####(2), 618(1), 250.11(1), 154(1), 276(2), 715(2), 996(1), 493(2), 682(1), 724(1), 789(1), 599(1), 290(1), 435(1), 780(1), 250.6(1), 518(1), 808(1), 335(1), 491(1), 531(1), 275(1), 216(1)",57
258,257,02582,diag_2,"250.41(1), 250.01(1), 411(2), 250.7(1), 403(1), 287(1), 424(1), 715(1), V10(1), 707(2), 414(2), 250.02(1), 250.6(1), 493(1), 530(2), 571(1), 428(2), 250(5), #####(3), 362(1), 295(1), 599(1), 427(3), 197(1), 401(2), 154(1), 296(1), 511(1), 790(1), 276(2), 496(3), 577(1), 518(1), 569(1), 536(1), 138(1), 305(1), 724(1), 584(1), 712(1)",57
259,258,02591,diag_1,"276(2), 682(2), 414(3), 411(1), 434(3), 433(1), 581(1), 250.22(1), 428(2), 410(3), 786(2), 250.82(1), 553(1), 571(1), 154(1), 427(4), 733(1), 722(1), 616(1), 507(2), 998(2), #####(2), 440(1), 250.8(1), 402(1), 404(1), 558(1), 250.6(1), 486(2), 785(1), 578(1), 453(1), 458(1), 577(1), 250.11(1), 491(1), 599(1), 38(1), 250.1(1), 584(1)",57
259,258,02592,diag_2,"250.03(2), 411(1), 410(3), 135(1), 414(3), 250.5(1), 250(3), 428(2), 511(1), 250.02(1), V15(1), 789(1), 456(1), 403(1), 197(1), 599(2), #####(4), 415(1), 566(1), 786(1), 38(1), 305(1), 427(3), 496(3), 425(1), 42(1), 682(1), 518(1), 280(1), 276(5), 996(1), 560(1), 402(1), 189(1), 707(1), 515(1), 459(1)",57
260,259,02601,diag_1,"414(4), 682(1), 404(1), 411(1), 996(4), 428(2), 218(1), 410(1), 577(1), 435(1), 433(1), V57(1), 430(1), #####(4), 440(1), 780(1), 250.02(1), 789(1), 786(1), 276(1), 557(1), 600(1), 715(1), 535(1), 486(1), 434(1), 250.82(1), 802(1), 730(1), 225(1), 821(1), 491(1), 518(1), 724(1), 53(1), 820(1), 383(1), 250.8(2), 9(1), 443(1), 590(1), 466(1), 8(1), 959(1), 250.91(1), 824(1)",57
260,259,02602,diag_2,"250.01(2), 411(4), 250.52(1), 428(2), 788(1), 414(2), 867(1), 250.02(1), 435(1), 427(4), 437(1), 38(1), 496(3), 425(1), 401(2), 426(1), 276(3), #####(5), 536(1), 403(1), 287(1), 724(1), 599(2), 342(1), 295(1), 707(2), 518(1), 432(1), E885(1), 285(1), 250(1), 275(1), 458(1), 585(1), 728(1), 920(1), E918(1)",57
261,260,02611,diag_1,"414(3), 346(1), 250.41(1), 428(2), 486(3), 433(1), 786(3), 996(2), 722(1), 250.7(1), 507(2), #####(3), 250.12(1), V57(1), 427(2), 780(2), 654(1), 620(1), 599(2), 250.92(1), 682(1), 250.6(2), 537(1), 560(1), 250.11(1), 564(1), 453(1), 493(1), 552(1), 250.1(1), 38(1), 574(1), 466(1), 531(1), 250.8(2), 8(1), 155(1), 558(1), 852(1), 491(1), V58(1)",57
261,260,02612,diag_2,"411(2), 250.01(1), 599(2), V42(1), 250(5), 428(2), 427(5), 496(2), 682(1), 276(6), 707(3), 403(2), 724(1), 648(1), 244(1), 38(1), 996(1), 493(1), 515(1), 414(1), 157(1), #####(1), 560(1), 401(1), 786(1), 402(1), 568(1), 305(1), 491(1), 285(1), 730(1), 530(1), 446(1), E888(1), 291(1), 799(1), 171(1)",57
262,261,02621,diag_1,"250.32(1), 786(3), 715(1), 182(1), 648(1), 250.7(2), 414(2), 295(1), 410(2), 428(2), V57(2), 426(1), 250.13(1), 250.02(1), 296(1), 402(1), 530(2), 996(1), 572(1), 434(1), #####(2), 724(1), 276(1), 294(1), 820(1), 789(1), 427(1), 348(1), 486(2), 790(1), 440(2), 250.8(2), 575(1), 478(1), 198(1), 415(1), 211(1), 823(1), 455(1), 493(1), 174(1), 787(1), 535(1), 808(1), 458(1)",57
262,261,02622,diag_2,"276(4), 250.01(3), 648(1), 440(1), 396(2), 283(1), 414(2), 511(1), 427(1), 738(1), 780(1), 250(6), 428(2), 401(4), 496(2), 272(1), 590(1), 112(1), 682(1), 997(1), 424(1), #####(4), 781(1), 420(1), 403(2), 413(1), 425(1), 486(1), 707(1), 785(1), 453(1), 280(1), 278(1), 466(1), 599(1), 584(1)",57
263,262,02631,diag_1,"574(1), 414(2), 428(2), 250.11(1), 410(4), 786(2), 997(1), 996(2), 590(1), 157(1), 530(1), 458(1), 427(2), 296(1), 486(2), 507(1), 398(1), #####(2), 715(2), 491(2), 413(1), 250.8(4), 682(1), 577(1), 211(1), 493(1), 789(1), 287(1), 403(1), 844(1), 852(1), 285(1), 575(1), 38(3), 599(1), 790(1), 584(1), 518(1), V43(1), 477(1)",57
263,262,02632,diag_2,"250.01(1), 411(3), 250.6(1), 414(2), 250.02(1), 424(1), 496(2), 250(5), 780(1), 428(2), 287(1), 574(1), 425(1), 578(1), 577(1), 276(8), 584(2), 401(1), 550(1), 402(1), 788(1), 288(1), 38(1), 707(2), 599(2), 491(2), 564(1), 284(1), V43(1), 873(1), 250.82(1), 786(1), 285(1), 486(1), 403(1), 995(1), 784(1)",57
264,263,02641,diag_1,"286(1), 414(3), 996(3), V57(2), 250.13(1), 410(3), 786(3), 428(2), 572(2), 295(1), 997(1), 590(1), 424(1), 434(2), 435(2), #####(2), 250.02(1), 250.2(1), 276(1), 730(1), 715(2), 427(1), 511(1), 404(1), 560(3), 642(1), 440(2), 278(1), 403(1), 198(1), 486(1), 482(1), 250.8(2), 527(1), 562(1), 466(1), 584(1), 421(1)",57
264,263,02642,diag_2,"496(8), 411(1), 567(1), 715(1), 401(1), 414(2), 272(1), 250.02(1), 511(1), 427(1), 300(1), 571(1), 295(2), 428(2), 410(1), 250.42(1), 599(2), 996(1), #####(2), 425(1), 453(1), 276(4), 203(1), 403(1), 444(1), 998(1), 429(1), 162(2), 648(1), 707(1), 438(2), 204(1), 780(1), 250(1), 560(1), 518(1), 736(1), 285(1), 519(1), 482(1)",57
265,264,02651,diag_1,"295(1), 585(1), 820(2), 303(1), 414(6), 433(1), 410(4), 535(1), 250.13(1), 250.02(1), 434(1), 428(1), 799(1), 715(2), 577(1), 530(1), 296(1), 250.82(1), 682(2), 566(1), 569(1), 435(1), 162(1), V57(1), 515(1), 276(2), 998(1), 721(1), 707(1), 38(3), 453(1), 459(1), 518(2), 493(1), 447(1), 812(1), 250(1), 648(1), 204(1), 287(1), 780(1), 685(1)",57
265,264,02652,diag_2,"250.01(3), 250.02(2), 411(3), V45(1), 998(1), 401(2), 414(3), 276(4), 428(2), 292(1), 486(2), 403(2), 433(1), 427(2), 585(1), 250(2), 250.82(1), 287(1), 710(1), #####(1), 286(1), 496(1), 719(1), 560(1), 682(3), 599(2), 707(2), 706(1), 493(1), 278(1), 693(1), 659(1), 285(2), 584(1), 850(1), 349(1)",57
266,265,02661,diag_1,"V57(1), 571(1), 786(2), 530(1), 415(1), 414(2), 403(1), 436(1), 486(1), 423(1), 428(2), 434(1), 998(1), 182(1), 507(2), 433(1), 307(1), 996(2), 276(2), 789(2), 188(1), 410(2), 590(1), 585(1), 562(2), 783(1), 715(2), #####(2), 511(1), 611(1), 625(1), 250.82(1), 577(1), 682(1), 492(1), 664(1), 283(1), 298(1), 535(1), 820(1), 805(1), 578(1), 378(1), 584(2), 735(1)",57
266,265,02662,diag_2,"250.53(1), 250.1(1), 250.01(3), 250.03(1), 411(1), 250.41(1), 427(3), 135(1), 413(1), 428(2), 414(2), 401(3), 250.02(3), 196(1), 280(1), 38(1), 70(1), 786(1), 250(4), 486(1), 780(1), 493(1), 496(3), 276(5), #####(3), 424(1), 574(1), 491(2), 648(1), 584(1), 682(1), E935(1), 291(1), 535(1), 403(1)",57
267,266,02671,diag_1,"78(1), 428(2), 446(1), 850(1), 434(1), 414(4), 411(1), 790(2), 410(2), 235(1), 786(3), 729(1), 296(1), 722(2), V57(1), 996(2), 682(2), #####(4), 250.6(2), 721(1), 780(2), 401(1), 998(1), 724(1), 486(2), 552(1), 220(1), 562(2), 280(2), 466(1), 427(1), 626(1), 443(1), 824(1), 518(1), 715(1), 955(1), 915(1)",57
267,266,02672,diag_2,"V42(1), 250.83(2), 707(2), 250.52(1), 411(2), 414(1), 250.41(1), 424(1), 427(3), 433(1), 412(1), 552(1), 401(3), 250(4), V64(1), 305(2), 340(1), 781(1), 428(2), 722(1), 38(1), 493(2), 578(1), 204(1), 790(1), 486(1), 278(1), 496(1), 599(2), 276(1), 511(1), 585(1), 569(1), 711(1), #####(2), 337(1), 280(1), 425(1), 813(1), 491(1), 473(1), 681(1)",57
268,267,02681,diag_1,"682(2), 414(3), 996(1), 435(3), 410(2), 786(2), 346(1), 428(2), 283(1), 250.81(1), 486(1), V57(1), #####(1), 590(1), 250.4(1), 250.7(1), 997(1), 577(2), V53(1), 536(1), 724(1), 969(1), 729(1), 493(1), 453(1), 250.11(1), 250.6(1), 780(1), 458(1), 491(3), 226(1), 153(1), 535(1), 584(3), 38(1), 290(1), 250.1(2), 250.8(1), 534(1), 569(1), 278(1), 995(1), 276(1)",57
268,267,02682,diag_2,"250.7(1), 411(1), 401(4), 425(1), 250.02(1), 414(1), 428(2), 250(2), 250.6(1), 998(2), 70(1), 427(3), 730(1), 511(1), 496(2), 507(1), 780(1), 997(1), 707(1), 276(6), 599(1), #####(3), 295(1), 459(1), 536(1), 403(2), 410(1), 285(2), 263(1), 298(1), 518(1), 205(1), 681(1), 280(1), 585(2), V65(1), 741(1), 933(1)",57
269,268,02691,diag_1,"724(1), V57(1), 648(1), 553(1), 414(8), 250.41(2), 250.7(1), 274(1), 410(2), 486(7), 296(1), 250.13(1), 729(1), 682(1), 789(1), 998(1), 599(2), 189(1), 435(1), 574(2), 515(1), 507(1), 250.6(1), 530(1), 825(1), 715(2), 552(1), 428(2), 427(1), 780(2), #####(1), 250.31(1), 38(2), 278(1), 576(1), 487(1)",57
269,268,02692,diag_2,"250.43(1), 250.51(1), 250.01(2), 411(3), 276(5), V15(1), 250.42(1), 730(1), 424(1), 440(1), 250.03(1), 413(1), 414(1), 427(3), 428(2), 250(2), 345(1), 560(1), 250.02(3), 682(1), 518(2), 584(2), 403(1), 401(2), 707(1), 425(1), 295(1), 733(1), 250.6(1), 491(1), 493(1), 577(1), 331(1), 416(1), 486(1), 599(1), 574(1), 285(1), 575(1), 511(1), 747(1)",57
270,269,02701,diag_1,"414(4), 486(1), 648(1), 410(2), 402(1), 295(1), 428(2), 715(3), 786(2), 722(1), 998(1), 996(4), 820(2), 250.02(1), 569(1), 682(2), 507(1), 427(2), 290(1), 562(1), 185(1), V55(1), 182(1), 250.7(1), 780(1), V57(1), 250.8(2), 250.11(1), 807(1), 789(1), 183(1), 535(1), 511(1), 491(2), 756(1), 280(1), 493(1), 8(1), 867(1), 518(1), 724(1)",57
270,269,02702,diag_2,"411(1), 250.52(1), 250(2), 424(1), 414(1), 428(2), 397(1), 780(4), 403(2), 571(1), 282(1), #####(4), 496(2), E879(1), 250.02(2), 276(5), 401(3), 53(1), 998(1), 682(1), 599(2), 591(1), 707(2), V43(1), 491(1), 493(1), 576(1), 197(1), 250.11(1), 596(1), 486(1), 285(2), 515(1), 788(1), 404(1), 799(1), 598(1)",57
271,270,02711,diag_1,"250.83(1), 250.13(1), 414(2), 428(2), 200(1), 410(3), 295(1), 786(4), 70(1), 435(2), 722(1), 998(1), 486(5), 250.7(1), 250.02(1), 780(4), 162(1), 578(1), #####(2), 730(1), 427(1), 562(3), 276(1), 560(2), 592(1), V58(1), 516(1), 711(1), 491(2), 8(1), 250.4(1), 250.8(2), 707(1), 482(1), 573(1), 584(1)",57
271,270,02712,diag_2,"276(4), 250.6(1), 411(1), 397(1), 250(4), 414(2), 428(2), 250.02(3), 401(3), 456(1), #####(7), 511(1), 682(2), 8(1), 427(2), 198(1), 535(1), 493(2), 599(4), 790(1), 591(1), 151(1), 496(1), V43(1), 280(1), 578(1), 403(2), 202(1), 584(2), 728(1), V58(1)",57
272,271,02721,diag_1,"786(2), 414(5), 428(2), 250.7(1), 433(2), 435(1), 250.22(1), 410(3), 581(1), 532(1), 250.12(1), 996(3), V57(1), #####(3), 276(3), 427(2), 507(1), 250.1(1), 715(2), 789(1), 998(1), 486(2), 331(1), 682(1), 278(1), 250.6(1), 332(1), 493(1), 38(1), 693(1), 558(1), 562(1), 188(1), 584(1), 492(1), 658(1), 681(2), 836(1)",57
272,271,02722,diag_2,"250.01(1), 411(2), 250.6(1), 424(2), 440(1), 401(4), V45(1), 599(7), 276(5), 428(2), 250(3), 403(1), 38(1), 780(1), 733(1), 425(1), #####(3), 427(1), 581(1), 493(1), 786(1), 465(1), 294(1), 707(1), E878(1), 466(1), 996(1), 285(2), 491(1), 584(2), 515(1), 648(1), 924(1), 27(1), 836(1)",57
273,272,02731,diag_1,"362(1), 182(1), 414(4), 600(1), 153(1), 482(1), 714(1), V57(1), 386(1), 250.22(1), 410(3), 440(2), 512(2), 420(1), 786(3), 722(1), 578(1), 733(1), 428(2), 427(2), 599(1), 820(2), 435(1), 996(2), 434(1), 577(1), 276(1), 564(1), 574(1), 458(1), 562(2), 780(1), 491(3), 197(1), 584(3), 808(1), 998(1), 537(1), 292(1)",57
273,272,02732,diag_2,"496(2), 250.93(1), 411(2), 250.01(2), 277(1), 486(2), 434(1), 998(1), 250.6(1), 250(2), 410(1), 413(1), 414(1), 511(1), 518(3), 428(2), 721(1), 572(1), 70(1), 780(1), 396(1), 785(1), 253(1), 788(1), 427(5), 403(2), 599(3), 250.82(1), 276(2), 416(1), 560(1), 585(2), #####(3), 197(1), 578(1), 285(1), 438(1), E936(1)",57
274,273,02741,diag_1,"414(4), 892(1), 426(2), 410(2), 250.13(1), 427(1), 786(2), 440(2), 435(1), 780(2), 682(2), 428(2), 820(1), 600(2), 540(1), 569(2), 402(1), 486(3), 715(1), 228(1), 250.11(2), 535(1), 250.4(1), 491(3), 250.6(1), 493(1), V57(1), 536(1), 577(1), 560(1), 576(1), 250.82(1), 276(2), 584(2), 250.1(1), 35(1), 250.12(1), 296(1)",57
274,273,02742,diag_2,"411(2), 41(1), 401(5), 250.02(2), 286(1), 424(1), 276(5), 242(1), 427(4), 998(2), 414(1), 496(2), 250(1), 425(3), 784(1), 788(1), 710(1), 599(2), 250.82(1), 404(1), 280(1), 428(2), 536(1), 799(1), 682(1), 576(1), 518(1), 574(1), 707(3), 250.8(1), 491(1), 490(1), 995(1), #####(1), V58(1), 314(1)",57
275,274,02751,diag_1,"579(1), 320(1), 250.23(1), 531(1), 414(1), 276(2), 593(1), 410(5), 433(1), V57(1), 786(4), 189(1), 532(1), 592(1), 402(1), 682(1), 424(1), 435(1), 296(2), 820(1), 428(2), 427(2), 398(1), 482(1), 715(1), 486(1), 440(1), 578(1), 250.6(1), 790(2), 569(1), 853(1), 574(1), 518(1), 38(3), 250.8(1), 562(1), 250.2(1), 394(1), 491(1), 972(1), V58(1), 163(1)",57
275,274,02752,diag_2,"250.82(1), 250(3), 276(4), 250.03(1), 411(1), 250.6(1), 414(3), 424(1), 852(1), 70(1), 428(2), 427(4), 496(5), 401(1), 295(2), 250.42(1), 518(3), 599(3), 584(2), 560(1), 724(1), 486(1), 569(1), #####(2), 284(1), 285(2), 696(1), 402(1), 730(1), 785(2), 780(1), 585(1), 202(1)",57
276,275,02761,diag_1,"250.03(1), 282(1), 414(7), 276(4), 786(1), 560(2), V57(1), 70(1), 295(1), 428(2), 434(3), 250.13(1), 530(1), 435(2), 996(1), 682(3), 386(2), 578(1), 227(1), 780(2), 998(1), 738(1), #####(1), 250.02(1), 427(1), 250.6(1), 540(1), 820(1), 681(1), 558(1), 486(1), 584(2), 716(1), 443(1), 415(1), 8(1), 433(1), 812(1)",57
276,275,02762,diag_2,"276(6), 250.01(3), 250.6(1), 492(1), 411(2), V42(1), 715(1), 250(5), 424(2), 300(1), 496(4), 428(2), 511(1), 250.02(3), 404(1), 414(1), 38(1), 226(1), 288(1), 425(1), 433(1), 724(1), 401(1), 427(3), 413(1), 295(1), 599(1), 682(1), 342(1), 491(1), #####(1), 584(2), 785(1), 995(1), 831(1)",57
277,276,02771,diag_1,"733(1), 414(3), 722(1), 428(2), 410(1), 786(4), 493(2), 250.13(1), 433(1), 997(1), 250.12(1), 682(1), 401(1), 998(1), 435(1), 996(3), 198(1), #####(3), 491(3), 535(1), 346(1), V57(3), 430(1), 250.7(1), 233(1), 780(1), 574(1), 724(1), 250.2(1), 486(1), 8(1), 592(1), 197(1), 250.8(2), 599(1), 518(1), 193(1), 558(1), 705(1), 276(1), 382(1)",57
277,276,02772,diag_2,"250.01(2), 135(1), 411(1), 715(1), 414(2), 413(1), 250.4(1), V42(1), 276(5), 427(8), 428(2), 410(1), 496(1), 250.02(2), 493(1), 250(1), 38(2), 198(1), 591(1), 512(1), 780(1), #####(1), 719(1), 403(2), 785(1), 280(1), 424(1), 574(1), 585(1), 8(1), 592(1), 441(1), 154(1), 707(1), V54(1), V58(1), 153(1), 250.92(1), 163(1), 295(1)",57
278,277,02781,diag_1,"616(1), 434(2), 786(3), 780(1), 358(1), 303(1), 414(8), 997(1), 401(1), 410(2), 433(1), 290(1), V57(3), 722(1), 250.02(1), 296(1), 682(2), 577(1), 428(2), 569(1), 789(1), 574(1), #####(1), 276(1), 486(4), 715(1), 274(1), 515(1), 493(2), 278(1), 250.8(2), 280(1), 518(2), 491(1), 584(1), 150(1)",57
278,277,02782,diag_2,"250.01(3), 250.41(1), 401(3), 300(1), V45(1), 411(1), 997(1), 250.02(4), 581(1), 780(2), 496(5), 414(2), 413(2), 250(3), 428(2), 427(4), 293(1), 998(1), 781(1), 410(1), #####(4), 788(1), 403(1), 295(1), 162(1), 730(1), 599(1), 276(2), 851(1), 731(1), 285(1), 515(1), 989(1)",57
279,278,02791,diag_1,"414(5), V57(1), 433(2), 508(1), 410(1), 571(1), 977(1), 250.81(1), 733(2), 174(1), 618(1), 428(2), 444(1), 250.6(5), #####(1), 574(1), 276(1), 427(1), 715(3), 430(1), 151(1), 996(1), 458(1), 38(1), 532(1), 780(2), 250.8(2), 486(1), 198(1), 724(1), 518(3), 250.4(1), 493(1), 491(1), 8(1), 584(1), 659(1), 786(1), 813(1), 250.82(1)",57
279,278,02792,diag_2,"411(1), 250.6(1), 998(2), 424(2), 250(4), 496(2), 427(5), 272(1), 456(1), 780(1), 730(1), 196(1), 425(1), 997(1), 595(1), 682(2), 428(2), 401(1), 197(1), 285(3), 38(1), 276(4), #####(1), 536(1), 707(1), 189(1), 493(1), 491(2), 790(1), 403(1), 138(1), 402(1), 278(1), 486(1), 648(1), 500(1), 584(1), 821(1), E858(1)",57
280,279,02801,diag_1,"304(1), 786(4), 301(1), 414(5), 540(1), 444(1), 428(2), 965(1), 410(2), 433(2), 153(2), 722(1), 296(1), 424(1), #####(5), 996(2), 294(1), 427(2), 715(1), 250.7(1), 578(1), 486(1), 250.6(1), 482(1), 790(1), 780(2), 491(3), 493(1), 276(2), 8(1), 575(1), 599(1), 584(1), 821(1), 345(1), 813(1)",57
280,279,02802,diag_2,"599(5), 250.01(1), 331(1), 411(3), 250.03(2), 969(1), 414(1), 250(5), 413(2), 428(2), 996(1), 427(3), 401(3), 496(2), V10(1), 410(2), 425(1), 403(2), 112(1), 276(3), #####(3), 707(1), 560(1), E934(1), 491(1), 786(2), 558(1), 585(2), 162(1), 515(1), E917(1)",57
281,280,02811,diag_1,"414(5), 411(1), 276(1), 427(2), 805(1), 250.02(2), V57(1), 410(6), 428(2), 786(2), 435(1), 711(1), #####(5), 403(1), 250.12(1), 574(1), 440(1), 965(1), 715(1), 820(1), 250.7(1), 486(2), 42(1), 780(2), 998(1), 401(1), 560(2), 348(1), 599(1), 577(1), 280(1), 562(1), 551(1), 578(1), 112(1), 518(2)",57
281,280,02812,diag_2,"250.01(3), V45(1), 411(2), 365(1), 277(1), 434(1), 512(1), 428(2), 424(1), 414(1), 250(3), 250.02(1), 496(3), 429(1), 998(1), 401(1), 403(1), 518(3), 425(1), 250.4(1), 276(5), 682(1), 427(5), 38(1), #####(1), 785(1), 112(2), 564(1), 786(1), 599(1), 780(1), 577(1), 584(1), 285(1), 491(2), 486(2)",57
282,281,02821,diag_1,"426(1), 648(1), 786(5), 296(2), 433(1), 558(1), 410(3), 414(2), 250.13(1), 680(1), 250.02(1), 530(1), 780(1), 441(1), 151(1), 402(1), 722(1), 599(2), 300(1), 427(1), 478(1), 733(1), 682(2), 250.6(1), 577(1), 565(1), 493(3), 486(2), 250.8(1), 574(1), 715(1), 396(1), 820(2), 38(2), 562(1), 787(1), 491(1), 552(1), 487(2), 588(1), 463(1)",57
282,281,02822,diag_2,"250.01(3), 250.6(1), 309(1), 274(1), V15(1), 426(1), 401(1), 414(2), 250.82(1), 403(1), 250(1), 428(2), 272(1), 496(2), 250.02(2), 244(1), 295(1), 196(1), 599(2), 413(1), 722(1), 788(1), 427(3), 780(1), 733(1), 680(1), 682(1), 41(1), 303(1), 205(1), #####(3), 493(1), 276(7), 790(1), 285(1), 518(1), 294(1), 402(1), V72(1), 584(1)",57
283,282,02831,diag_1,"414(1), 403(1), 428(2), 413(1), 154(1), 410(2), 250.7(1), 996(1), 295(1), 276(2), 590(1), #####(5), 434(2), 997(1), 532(1), 426(1), 998(1), 427(2), 530(1), 174(1), 440(2), 780(1), 185(1), 250.6(2), 715(3), 574(1), 682(1), 493(1), 486(2), 197(1), 820(1), 491(2), 566(1), 250(1), 345(1), 584(1), 518(1), 334(1), 272(1), 415(1), 155(1), 250.82(1)",57
283,282,02832,diag_2,"250.01(1), 250.51(1), 250.41(1), 250.6(1), 414(3), 196(1), 440(1), 682(5), 707(2), 250.02(1), 340(1), 496(1), 425(1), 780(3), 305(1), 599(3), 426(1), 428(2), 553(1), 250(1), 493(2), 403(1), 276(5), 784(1), 560(1), 427(1), 401(1), 681(1), 518(2), 162(2), 491(2), E885(1), 202(1), 197(1), 266(1), 698(1), 686(1)",57
284,283,02841,diag_1,"276(2), 414(2), 486(2), 648(1), 411(1), V57(2), 423(1), 433(1), 250.13(2), 189(1), 786(2), 428(2), 434(2), 996(1), 568(1), 410(1), 435(2), 296(1), 577(1), #####(2), 715(2), 733(1), 780(2), 592(1), 458(1), 724(1), 403(1), 292(1), 531(1), 250.6(2), 402(1), 351(1), 250.8(1), 507(1), 444(1), 285(1), 493(1), 599(1), 584(2), 9(1), 38(1), 535(1), 706(1)",57
284,283,02842,diag_2,"250.7(1), 411(1), 250.01(1), 648(1), 305(2), 250.4(1), 427(6), 428(2), 276(5), 250(1), 780(2), 424(1), 401(2), 38(2), #####(4), 250.02(1), 996(1), 682(1), 729(1), 414(1), 584(1), 998(1), 496(2), V43(1), 591(1), 599(1), 536(1), 491(1), 786(1), 286(1), 707(2), 416(1), 386(1), 332(1), 403(1), 486(1), 585(1), 289(1)",57
285,284,02851,diag_1,"462(1), 558(1), 682(2), 414(4), 411(1), 410(2), 437(1), 185(1), 428(2), 296(1), 786(1), 998(1), 722(1), 996(2), 577(2), 515(1), 535(1), 431(1), 590(1), 250.02(1), 250.12(1), 465(1), 486(1), 427(2), 715(1), 250.7(1), #####(1), 153(1), 536(1), 331(1), 250.11(1), 250.8(2), 250.6(2), 162(1), 491(1), 333(1), 466(1), 38(1), 823(1), 599(1), 578(1), 250.82(1), 560(1), 8(1), 584(1), 252(1)",57
285,284,02852,diag_2,"250(4), 250.53(1), 250.01(1), 411(2), 414(2), 394(1), 426(1), 250.02(3), 272(1), 486(2), 998(1), 428(2), 425(1), 599(5), #####(3), 70(1), 496(1), 786(3), 707(2), 494(1), 401(1), 785(1), 276(6), 443(1), 560(1), 41(1), 198(1), 8(1), 357(1), 682(1), 427(1), 285(1), 564(1), 245(1)",57
286,285,02861,diag_1,"999(1), 414(5), 511(1), 331(2), 402(1), 428(2), 250.7(1), 786(3), 250.13(1), 434(3), 682(1), 153(1), 560(2), 998(1), 507(1), 296(1), 530(1), 440(1), 276(2), 401(1), 780(1), 427(1), 715(2), 820(2), 386(1), 493(1), 562(1), 491(2), 552(1), 486(2), 250.8(1), 724(1), 38(1), 599(2), 573(1), 866(1), 355(1), 275(1), 251(1), 528(1)",57
286,285,02862,diag_2,"682(1), 411(2), 250.02(1), V42(1), 401(1), 437(1), 413(1), 250.6(1), 250.4(1), 440(1), 414(1), 276(6), 997(2), 250(4), V08(1), V10(1), 427(3), 295(1), 710(1), 496(4), 428(2), #####(3), 287(1), 599(3), 780(2), 342(1), 707(1), 285(1), 41(1), 491(1), 263(1), 275(1), 584(1), 403(1), 728(1), 205(1)",57
287,286,02871,diag_1,"426(2), 414(2), 404(1), 227(1), 250.13(1), 786(4), 433(1), 496(1), 277(1), 585(1), 428(2), 348(1), 410(2), 730(1), 733(1), 434(1), 996(2), 427(3), 998(1), 577(2), 593(1), #####(2), 682(1), 402(1), 458(1), 486(4), 453(2), 491(1), 197(1), 595(1), 715(2), 250.4(1), 38(1), 599(1), 518(3), 991(1), 42(1), 250.12(1)",57
287,286,02872,diag_2,"250.01(1), 411(1), 250.41(1), 70(1), 414(4), 272(2), 295(1), 483(1), 250.4(1), 250(4), 252(1), 427(3), 997(1), 198(1), 280(1), 401(2), 38(2), 403(2), 250.02(2), 424(1), 584(1), 578(1), 444(1), E942(1), 415(1), 682(1), 425(1), 250.82(1), 428(1), 496(1), 707(1), V43(1), 493(2), 518(1), 599(1), 577(1), 607(1), 250.92(1), 486(2), 507(1), 130(1), V58(1)",57
288,287,02881,diag_1,"250.03(1), 303(1), 337(1), 309(1), 414(4), 411(1), 786(6), 433(1), 434(1), 250.82(1), 553(1), 824(1), 423(1), 410(1), 799(1), 578(1), 428(2), V57(1), 250.7(1), 295(1), 686(1), 996(1), 784(1), 151(1), #####(1), 198(1), 599(1), 715(1), 486(2), 780(1), 511(1), 562(1), 998(1), 250.11(1), 707(1), 560(1), 555(1), 682(1), 250.8(1), 724(1), 590(1), 584(2), V58(1), 518(1), 490(1), 493(1)",57
288,287,02882,diag_2,"786(1), 250.01(2), 780(3), 411(1), 401(2), 135(1), 581(1), 272(1), 413(1), 414(2), 496(1), V45(1), 250.6(2), 250(6), 276(6), 428(2), 8(1), 571(1), 486(2), 550(1), 425(2), 682(2), 345(1), 41(1), 403(2), 578(1), 493(1), 250.02(1), #####(1), 730(1), 709(1), 584(1), 599(1), 202(1), 491(1), V58(1)",57
289,288,02891,diag_1,"429(1), 250.03(1), 250.53(1), 277(1), 531(2), 414(4), 386(1), 410(3), 250.7(2), 729(1), 722(2), 428(2), 434(1), 530(1), 507(2), V57(1), 780(1), 584(1), #####(3), 250.02(1), 250.12(2), 427(1), 996(1), 560(2), 486(3), 574(1), 157(1), 785(1), 682(1), 578(1), 79(1), 733(1), 790(1), 250.6(1), 202(1), 416(1), 250.8(1), 537(1), 38(1), 491(1), 599(1)",57
289,288,02892,diag_2,"511(1), 304(1), 276(4), 486(2), 250.03(1), 411(2), 788(1), 437(1), 414(3), 440(1), 424(1), 427(4), 250(6), 250.02(2), 425(2), 535(2), 401(1), 250.6(1), 491(2), 786(1), 428(2), 724(1), 599(1), 789(1), 577(1), 785(1), 278(1), 707(1), 518(1), 280(3), 162(1), 344(1), 516(1), 294(1), 585(1)",57
290,289,02901,diag_1,"852(1), 414(4), 443(1), 410(4), 295(1), 227(1), 428(2), 435(1), 780(3), 786(2), #####(1), 250.42(1), 614(1), 296(1), 600(1), 458(1), 535(1), 427(1), 618(1), 522(1), 250.7(1), 331(1), 507(1), 434(1), 654(1), 415(3), 453(1), 250.6(2), 486(2), 491(1), 426(1), 998(1), 294(1), 250.8(1), 599(2), 723(1), 578(1), 242(1), 584(1), 473(1), 518(1), 627(1)",57
290,289,02902,diag_2,"250.83(1), 411(1), 434(1), 401(1), 250.01(1), 414(3), 428(2), 413(1), 592(1), #####(5), 250.02(1), 427(1), 250(2), 305(1), 425(1), 595(1), 304(1), 496(2), 599(4), 682(1), 707(3), 276(6), 402(1), 784(1), 648(1), 415(1), 403(1), 584(2), 250.8(1), 562(1), 278(1), 455(1), 250.12(1), 263(1), 41(1), 348(1), 621(1)",57
291,290,02911,diag_1,"286(1), 414(7), 996(3), 426(1), 250.6(1), 434(3), 436(1), 428(2), 532(1), 433(1), 786(4), 410(1), 799(1), 218(1), 153(1), 296(1), 189(1), 998(1), #####(2), 182(1), 162(2), 402(1), 401(1), 250.82(2), 276(1), 274(1), 722(1), 682(1), 486(1), 535(1), 724(1), 250.8(2), 599(1), 197(1), 518(1), 278(1), 250.01(1), 491(1), 354(1)",57
291,290,02912,diag_2,"401(3), 411(2), V42(2), 250.6(1), 410(2), 397(1), 492(1), 997(1), 250(2), 414(2), 427(4), 424(2), 496(3), 780(2), 153(1), 486(1), 280(1), 196(1), 197(2), 38(1), 425(2), 250.02(2), 789(1), 428(2), 41(1), 724(1), 403(2), 599(2), E932(1), 276(1), 493(1), 305(1), 162(2), 574(1), 730(1), 466(1)",57
292,291,02921,diag_1,"414(4), 340(1), 786(1), 295(1), 997(1), 433(1), 428(2), 189(1), 572(1), 434(2), 427(3), 550(1), 296(1), 733(1), 540(1), 600(1), 532(1), 682(1), 780(1), 722(1), V57(1), 250.8(2), 996(1), 592(1), 276(2), 730(1), 255(1), 578(1), 590(1), 250.42(1), 481(1), 486(1), 560(1), 311(1), 620(1), 820(2), 403(1), 723(1), 574(1), 599(1), 491(1), 250(1), 280(2), 552(1), 781(1), 584(1)",57
292,291,02922,diag_2,"250.01(1), 250.82(1), 512(1), 401(3), 250(4), 410(2), 511(1), 425(2), 414(1), 571(1), 250.02(2), 242(2), 70(1), 428(2), 997(1), 998(1), 427(3), 295(1), 493(1), V43(1), 276(4), 590(1), 41(1), 496(3), 789(1), 403(2), #####(4), 577(1), 303(1), 780(2), E885(1), 486(1), 294(1), 599(1), 535(1)",57
293,292,02931,diag_1,"996(3), 511(1), 440(1), 414(1), 410(2), 398(1), 571(1), 786(2), 250.13(1), 250.02(1), 722(1), 434(3), 276(2), 682(1), 402(1), 428(2), 780(3), V57(2), 386(1), 997(1), 427(2), 211(1), 250.7(1), 531(1), 486(3), 532(1), 784(1), 555(1), 574(1), 250.2(1), #####(1), 453(1), 481(1), 576(1), 238(1), 560(1), 599(1), 562(1), 518(1), 491(2), 38(1), 890(1)",57
293,292,02932,diag_2,"250.01(2), 250.6(1), V15(1), 250(4), 414(1), 250.02(3), 70(1), 276(7), 428(2), 425(2), 401(2), 572(1), 396(1), 496(2), 723(2), #####(3), 415(1), 707(2), 427(2), 578(1), 403(2), 438(1), 285(1), 112(1), 571(1), 568(1), 599(1), 250.8(1), 682(1), 585(1), 197(1), 278(1), 491(1), 331(1), 324(1)",57
294,293,02941,diag_1,"398(1), 250.83(1), 738(1), 414(4), 996(2), 420(1), 250.13(1), 436(1), 410(3), 428(2), 786(1), 434(1), 682(4), 182(1), 722(1), #####(2), 780(1), 577(2), 162(1), V57(1), 427(1), 715(2), 250.7(1), 486(2), 415(1), 386(1), 278(1), 294(1), 250.11(1), 599(1), 38(1), 250.2(1), 345(1), 536(1), 285(1), 578(1), 493(1), 8(1), 250.82(1), 349(1), 820(1), 805(1), 625(1)",57
294,293,02942,diag_2,"250.01(1), 427(4), 788(1), 411(1), 567(1), 428(2), 424(3), 401(3), 413(1), 599(2), 584(1), 250.02(2), 496(1), 250(6), 682(2), 486(1), 403(4), #####(4), 344(1), 785(1), 157(1), 558(1), 304(1), 8(1), 276(2), 285(2), 560(1), 491(2), 516(1), 850(1), E888(1), 618(1)",57
295,294,02951,diag_1,"340(1), 434(1), 682(3), 414(2), V57(1), 794(1), 295(1), 410(2), 250.13(2), 786(2), 398(1), 428(2), 618(1), 250.12(1), 780(1), 577(1), 566(1), 715(1), 427(1), 592(1), 250.7(1), 998(1), 250.6(1), 782(1), 569(1), #####(1), 574(1), 973(1), 567(1), 710(1), 491(1), 578(1), 564(1), 466(2), 591(1), 584(4), 431(1), 820(1), 599(1), 38(1), 280(1), 250(2), 518(2), 521(1)",57
295,294,02952,diag_2,"250.02(5), 250.01(1), 250.41(1), 411(1), 434(1), 578(1), 250(3), 414(1), 413(2), 276(4), 428(2), 425(2), 496(1), 682(2), 70(1), 585(1), 204(1), 591(1), 707(1), 403(2), 401(1), 518(2), 599(3), V42(1), 8(1), 288(1), 596(1), 786(1), 493(1), E942(1), 285(1), 38(1), 584(1), 785(1), 784(1), 410(1), 280(1), 79(1), 491(1), 291(1)",57
296,295,02961,diag_1,"250.03(1), 414(4), 486(2), 403(2), 482(1), 436(1), 428(2), 185(1), 250.7(1), 571(1), 553(1), 996(1), 786(2), 410(3), V57(2), 530(3), 434(2), 295(1), 427(2), 715(1), 276(2), 198(1), 924(1), 780(2), 574(1), 733(1), 285(1), #####(1), 707(1), 518(1), 599(1), 38(2), 552(1), 591(1), 590(1), 250.8(1), 584(1), 193(1), 728(1), V63(1)",57
296,295,02962,diag_2,"278(1), 434(2), 250.01(1), 250.41(1), 277(1), 825(1), V15(1), 410(1), 413(1), 272(1), 440(1), 428(2), 250(2), 414(1), #####(3), 427(3), 599(4), 401(2), 781(1), 496(3), 291(1), 786(2), 733(1), 280(1), 910(1), 507(1), 276(3), 518(3), 799(1), 584(1), 727(1), 491(1), 592(2), 731(1), 263(1), 275(1), 566(1), 995(1)",57
297,296,02971,diag_1,"434(3), 282(2), 618(1), 414(6), 996(2), 518(1), 436(1), 486(2), 715(1), 410(2), 331(1), 786(1), 276(1), 250.12(1), 153(1), 428(2), 250.11(3), #####(3), 577(1), 386(1), 182(1), 440(1), 574(1), 552(1), 493(2), 250.8(3), 292(1), 427(1), 562(1), 575(1), 491(2), 458(1), 599(1), 38(1), 584(1), 318(1), 920(1)",57
297,296,02972,diag_2,"250.51(1), 250.01(3), 411(2), 250(2), 444(1), 413(1), 428(2), 250.6(2), 426(1), 401(3), 493(1), 997(1), 295(2), 38(1), 198(2), 496(2), 585(1), 427(5), #####(2), 584(1), 616(1), 403(1), 780(2), 707(1), 276(5), 518(1), 304(1), 599(3), 785(1), 41(1), 566(1), 486(2), E819(1)",57
298,297,02981,diag_1,"433(1), 414(1), 427(1), 571(1), 428(2), 410(3), 296(2), V57(1), 250.13(1), 733(1), 989(1), 572(1), 682(2), 435(1), 162(2), 54(1), 276(2), 577(2), 820(1), 715(3), #####(1), 486(4), 250.7(1), 997(1), 482(2), 599(1), 995(1), 574(1), 250.6(1), 552(1), 558(1), 493(1), 447(1), 721(1), 250.4(1), 250.8(1), 808(1), 601(1), 443(1), 584(3), 38(1)",57
298,297,02982,diag_2,"362(1), 250(3), 567(1), 456(1), 511(1), 428(2), 300(1), 427(4), 794(1), 998(1), 599(4), 250.02(1), 198(1), 425(2), 486(2), #####(4), 287(1), 250.12(1), 707(2), 780(1), 250.42(1), 518(2), 785(2), 291(1), 493(1), 276(7), 560(2), 285(1), 722(1), 403(2), 491(1), 263(1)",57
299,298,02991,diag_1,"414(7), 410(1), 996(5), 250.13(1), 786(2), 250.7(1), 558(1), 250.21(1), 423(1), 404(1), 428(2), 433(1), 531(1), #####(6), 250.12(1), 512(1), 482(1), 998(1), 250.3(1), 682(2), 715(2), 486(3), 440(1), 444(1), 250.4(1), 250.6(1), 599(1), 780(1), 278(1), 578(1), 781(1), 250.8(1), 552(1), 291(1), 250.1(1), 148(1)",57
299,298,02992,diag_2,"250.01(1), 250.5(1), 411(3), 788(1), 780(1), 250(4), 578(1), V45(2), 440(1), 427(1), 250.6(1), 276(4), 162(1), 250.02(1), 412(1), V12(1), 253(1), 424(1), 401(1), 496(1), 410(1), 486(2), 425(1), 38(1), 428(2), 584(1), 682(1), 711(1), 403(2), 284(1), #####(3), 536(1), 453(1), 718(1), E878(1), 574(1), 285(1), 781(1), 278(2), 585(1), 599(1), 379(1)",57
300,299,03001,diag_1,"414(4), 560(1), 682(3), 411(1), 648(1), 276(3), 786(5), 572(1), 410(3), 428(2), 996(1), 593(1), 426(1), #####(4), 780(1), 465(1), 486(2), 574(2), 402(1), 294(1), 250.7(1), 197(1), 458(1), 415(1), 522(1), 493(1), 577(1), 250.8(1), 518(1), 345(1), 715(1), 491(2), 812(1), 584(1), 8(1), 625(1), 860(1)",57
300,299,03002,diag_2,"250.03(2), 250.9(1), 411(2), 496(3), 997(1), 648(1), 413(1), 424(2), 571(1), 428(2), 300(1), 401(2), 427(6), 426(1), 250(3), 491(2), 403(2), 996(1), #####(3), 250.02(1), 493(1), 785(1), 599(1), 41(1), 287(1), 584(1), 558(1), 250.12(1), 486(2), 577(1), 518(1), V45(1), 285(1), 707(1), 305(1), 276(1), 787(1), 812(1)",57
301,300,03011,diag_1,"999(1), 296(1), 250.83(1), 414(2), 607(1), 437(1), 250.13(1), 428(2), 410(2), 786(1), 434(1), 426(1), 682(2), 996(2), 788(1), #####(3), 427(3), 715(1), 276(2), 250.7(1), 238(1), 415(2), 486(2), 557(1), 458(1), 507(1), 493(2), 351(1), 291(1), 820(1), 250.8(3), 250.6(1), 724(1), 38(1), 531(1), 716(1), 584(1), 53(1), 487(1), 348(1), 868(1), 518(1)",57
301,300,03012,diag_2,"250.01(2), 707(5), 411(1), 401(3), 427(2), 250.02(5), 276(4), 414(2), 428(2), 496(3), 457(1), 425(1), 413(1), 250(2), 780(2), 599(3), 458(1), 426(1), 560(1), 453(1), 518(1), 491(2), #####(2), 403(2), 585(1), 285(1), 202(1), 250.92(1), 593(1), 584(1), 482(1)",57
302,301,03021,diag_1,"414(4), 491(1), 428(2), 432(1), 410(3), 437(1), 786(2), 571(1), 218(1), 424(1), 401(1), 300(1), 441(1), 789(1), 577(1), 574(1), 530(1), #####(2), 276(4), 250.5(1), 427(3), 715(2), 599(2), 250.02(2), 560(2), 38(1), 780(1), 721(1), 434(1), 486(2), 590(1), 250.8(1), 285(1), 824(1), 250.1(2), 820(1), 447(1), 347(1)",57
302,301,03022,diag_2,"411(2), 250.03(1), 250.6(1), 250(4), 434(1), 414(3), 428(2), 401(2), 303(1), 599(2), 424(1), #####(4), 427(3), 788(1), 496(1), 571(1), 553(1), 410(1), 378(1), 998(1), 577(1), 278(1), 250.13(1), 42(1), 560(1), 250.82(1), 584(2), 255(1), 403(2), 486(1), 342(1), 493(1), 41(1), 285(1), 491(1), 290(1), 438(1), 807(1), V58(2), 263(1)",57
303,302,03031,diag_1,"250.03(1), 250.83(1), 434(3), 567(1), 414(3), 715(2), 410(4), 786(4), 250.13(1), 250.11(1), 722(2), V57(1), 70(1), 682(2), 996(2), 733(1), 788(1), 574(2), 577(2), 296(1), 784(2), 402(1), 331(1), 253(1), 403(2), 428(1), 566(1), 486(2), 188(1), 599(1), 276(1), 250.4(1), 518(1), 38(1), 250.8(1), 852(1), 8(1), 250.92(1)",57
303,302,03032,diag_2,"276(3), 242(1), 250.03(1), 250.41(1), 411(1), 250.01(1), 250(3), 414(2), 599(7), V15(1), 250.02(3), 493(1), 428(2), 682(2), 573(1), 401(2), 305(1), 571(1), 553(1), 496(2), 410(1), 403(3), 70(1), 285(2), 425(1), 286(1), 427(1), #####(1), 996(1), 574(1), 780(1), 705(1), 189(1), 491(1), 607(1), 432(1), 728(1)",57
304,303,03041,diag_1,"414(6), 436(1), 288(1), 996(1), 433(2), 250.13(2), 401(1), 786(3), 398(1), 410(1), 220(1), 427(3), 434(3), 530(1), 997(1), 162(1), 435(1), 682(4), 780(1), 276(1), 250.11(1), 599(2), 402(1), 654(1), 486(1), 507(1), 250(1), 823(1), 967(1), 491(1), 998(1), 250.8(1), V57(1), 518(2), 197(1), 487(1), 584(1), 820(1), 850(1)",57
304,303,03042,diag_2,"411(3), 428(2), 414(1), V42(1), 998(1), 70(2), 434(1), 413(2), 496(3), 276(3), 424(1), 425(1), 996(1), 620(1), 780(1), 433(1), 427(2), 401(1), 272(1), 578(2), 682(1), 198(1), #####(5), 250(1), 250.82(1), 585(1), 250.02(1), 648(1), 41(2), 518(2), 300(1), E878(1), 707(1), V54(1), 162(1), 458(1), 997(1), 491(1), E887(1), 865(1)",57
305,304,03051,diag_1,"295(3), 786(4), 428(2), 250.13(1), 414(1), 780(3), V57(1), 250.7(1), 512(1), 348(1), 410(3), 426(1), 435(1), 682(1), 276(2), 157(1), 427(3), 996(1), #####(2), 574(1), 569(1), 997(1), 820(2), 455(1), 486(2), 493(2), 444(1), 789(1), 250.11(1), 278(1), 250.8(1), 453(1), 787(1), 38(2), 707(1), 584(1), 487(1), 285(1), 518(1)",57
305,304,03052,diag_2,"250.01(2), V42(1), 287(1), 250.02(2), 250(6), 250.6(2), 203(1), 440(1), 511(1), 428(2), 426(1), 340(1), 401(2), 577(1), 491(2), 197(2), 424(1), 403(4), 453(2), 784(1), 427(2), 41(1), 496(1), 780(1), 285(1), #####(1), 584(1), 276(3), 707(2), 724(1), 574(1), 590(1), 263(1), 562(1), 191(1), 995(1), 348(1)",57
306,305,03061,diag_1,"840(1), 722(1), 293(1), 577(1), 414(5), 433(2), 292(1), 823(1), 410(3), 572(1), 571(1), 786(1), 481(1), 428(2), 435(1), 174(1), 997(1), #####(1), 780(2), 729(1), 996(2), 427(3), 721(1), 730(1), 112(1), 415(1), 507(2), 715(1), 493(1), 250.8(3), 555(1), 682(1), 250.4(1), 445(1), 491(1), 584(1), 599(2), 820(1), 250.82(1), 486(1), 275(1)",57
306,305,03062,diag_2,"428(2), 250.01(3), 411(2), 492(2), 250.03(1), 998(1), 414(2), 250(5), 413(1), 571(1), 682(3), #####(2), 424(1), 401(1), 196(1), 780(2), 496(1), 786(1), 276(4), 584(2), 425(1), 707(1), 996(2), 427(1), 155(1), 491(1), 560(2), 285(1), 599(2), 416(1), 112(1), E885(1), 730(1), 202(1), 403(1), 585(1)",57
307,306,03071,diag_1,"414(5), 786(4), 496(1), 433(1), 574(1), 250.13(1), 250.81(1), 747(1), 996(2), V57(1), 434(2), 189(1), 198(1), 428(2), 427(2), 682(1), #####(3), 478(1), 440(1), 715(1), 447(1), 785(1), 998(1), 486(3), 404(1), 722(1), 185(1), 536(1), 250.6(1), 577(1), 205(1), 820(1), 38(2), 557(1), 801(1), 491(3), 204(1), 823(1), 61(1)",57
307,306,03072,diag_2,"250.01(2), V45(1), 250.02(1), 272(2), 413(1), 401(2), 414(2), 581(1), 276(7), 707(2), 780(1), 250(4), 786(1), 427(2), 433(1), 493(2), 196(1), 428(2), 788(1), 496(2), 425(1), 305(1), 682(1), #####(1), 518(2), 558(1), 285(2), 599(2), 211(1), 250.11(1), 585(1), 202(1), 486(1), 466(1), 348(1), 238(1)",57
308,307,03081,diag_1,"428(2), 250.41(2), 293(1), 414(6), 303(1), 410(5), 786(1), 402(1), 223(1), #####(4), 276(1), 922(1), 296(2), 185(1), 250.02(1), 427(1), 997(2), 578(1), 250.7(2), 211(1), 403(2), 557(1), 486(1), 780(1), 434(1), 250.6(1), 567(1), 577(2), 453(1), 250.8(1), 715(1), 280(1), 682(1), 38(1), 307(1), 250.2(1), 238(1), 969(1)",57
308,307,03082,diag_2,"250.01(1), 996(1), 403(2), 599(3), 411(2), 250(5), 414(3), 413(1), 305(1), 786(1), 427(2), 997(1), 496(2), 785(2), 286(1), 303(1), 518(3), 276(2), 428(2), 577(1), 707(3), 280(1), 584(1), 112(1), 560(1), 301(1), 342(1), 574(1), 780(2), 285(1), 537(1), 250.8(1), 486(1), 296(1), 995(1), 448(1), 980(1)",57
309,308,03091,diag_1,"250.23(1), 414(5), 786(2), 434(1), 250.7(1), 413(1), 433(2), 780(1), 250.13(1), 410(1), 161(1), 585(1), 574(2), 427(1), 401(1), 428(2), 682(1), 191(1), 996(2), 276(2), 789(2), 592(1), 250.12(1), 197(1), 577(1), 724(1), 541(1), 250.6(2), 507(1), 558(1), 552(1), 486(3), 250.8(2), 562(1), 626(1), 823(1), 824(1), 584(1), 536(1), 537(1), 719(1), 756(1)",57
309,308,03092,diag_2,"295(1), 999(1), 411(1), 250.6(1), 492(1), 250(3), 440(1), 413(1), 401(2), 428(2), 434(1), 276(3), 412(1), 496(1), 532(1), 250.4(1), 414(1), 425(1), 780(1), 403(2), 723(1), #####(1), 427(2), 591(1), 711(1), 157(1), 560(2), 737(1), V64(1), 599(4), 536(1), 491(1), 331(1), 577(1), 493(1), 584(2), 357(1), 280(2), 402(1), E885(1), 285(1), 920(1), 952(1)",57
310,309,03101,diag_1,"584(3), 428(2), 276(2), 820(2), 853(1), 414(4), 648(1), 433(1), 786(3), 410(1), 250.13(1), 296(1), #####(6), 530(1), 789(2), 566(1), 434(2), 440(1), 998(1), 682(1), 427(1), 715(2), 722(1), 507(1), 250.82(1), 153(1), 493(1), 250.8(1), 348(1), 486(1), 808(1), 202(1), 599(1), 403(1), 578(1), 455(1), 8(1), 728(1), 490(1)",57
310,309,03102,diag_2,"250.83(1), 250.01(2), 250.41(1), 250.51(1), 411(2), 135(1), 305(1), 250(5), 401(2), 414(1), 276(8), 300(1), 413(1), 426(1), 250.02(1), 496(3), 425(1), 780(1), 682(3), 427(2), 428(2), 8(1), 403(3), 536(1), 571(1), 197(2), #####(1), 112(1), 285(1), 564(1), 707(1), 785(1), 584(1), 805(1)",57
311,310,03111,diag_1,"456(1), 571(1), 530(1), 414(5), 436(1), 226(1), 295(1), 410(2), 296(1), 722(1), 428(2), 276(1), 434(2), 729(1), 715(2), 507(1), 440(2), 435(1), #####(6), 427(1), 562(2), 486(3), 415(1), 278(2), 780(1), 532(1), 458(1), 8(1), 250.82(1), 599(1), 38(1), 285(1), 239(1), 716(1), 518(2), 162(1), 805(1), 540(1)",57
311,310,03112,diag_2,"258(1), 567(1), 250.01(1), 411(2), 496(4), 241(1), 401(5), 427(3), 428(2), 272(1), 250(2), 426(2), 571(1), 305(1), 997(1), 530(1), 425(2), 403(3), 707(3), #####(2), 453(1), 593(1), 599(3), 491(2), 285(1), 311(1), 276(2), 518(1), 250.92(1), 783(1), 486(1), 477(1), E849(1), 542(1)",57
312,311,03121,diag_1,"414(2), V57(1), 997(1), 250.13(2), 427(2), 433(1), 410(1), 428(2), 480(1), 434(2), 786(1), 572(1), 595(1), 440(3), 458(1), 820(1), #####(5), 711(1), 715(1), 486(4), 250.12(1), 290(1), 491(2), 250.6(1), 435(1), 294(1), 151(1), 577(1), 787(1), 250.8(1), 403(1), 250.4(1), 79(1), 197(1), 575(1), 562(2), 250.1(1), 378(1), 574(1), 202(1), 518(1)",57
312,311,03122,diag_2,"250.01(4), 250.6(1), 411(1), 401(3), 424(1), 511(1), 276(3), 250.42(1), 496(1), 788(1), 295(1), 599(1), 414(2), 571(1), 250.82(1), 684(1), 427(5), 790(1), 493(1), 305(1), 250.02(1), 403(2), 428(2), 596(1), 707(1), 714(1), 491(2), 730(1), 197(1), 577(2), 682(2), 162(1), 447(1), 584(1), 518(1), 569(1), 435(1), 211(1), 575(1), 202(1)",57
313,312,03131,diag_1,"648(1), 428(2), 414(2), 996(3), 411(1), 436(1), 250.7(1), 442(1), 507(2), 410(2), 600(1), 571(1), 432(1), 296(1), 401(1), 427(3), 721(1), #####(2), 577(1), 493(1), 682(2), 578(1), 403(1), 730(1), 824(1), 402(1), 276(1), 346(1), 518(1), 786(1), 250.8(1), 250.12(1), 250.11(1), 707(1), 823(1), 787(1), 491(2), 715(1), 458(1), 596(1), 782(1), 756(1), 250.1(1), 584(1), 451(1), 38(1)",57
313,312,03132,diag_2,"642(1), 250.5(1), 411(1), 567(1), 427(6), 784(1), 440(1), 250.02(1), 38(1), 428(2), 788(1), 789(1), 496(2), 425(1), 303(1), 401(2), 295(1), 70(1), 997(1), 518(1), #####(2), 250.82(2), 707(1), 305(2), 599(2), 560(1), 94(1), 583(1), 150(1), 491(1), 276(3), 682(1), 403(2), 584(1), 296(1), 285(1), 402(1), 592(1), 250.8(1), 585(1), 486(1), 995(1)",57
314,313,03141,diag_1,"295(1), 428(2), 414(4), 482(1), 786(4), 507(1), 410(1), 433(1), 571(1), 787(1), 250.02(1), 241(1), 250.81(1), 722(1), 682(2), 996(1), 426(1), 780(2), 715(2), 590(2), 250.92(1), 434(1), 250.7(1), 562(2), 721(1), V53(1), 486(1), 726(1), 516(1), 250.6(1), 427(2), 250.4(2), 466(2), 599(1), 155(1), 250.1(1), 569(1), 38(1), 584(1), 8(1), 728(1), 288(1)",57
314,313,03142,diag_2,"250.01(2), 411(3), 277(1), 250.6(1), 414(1), 496(2), 456(1), 427(2), 306(1), 424(2), 198(1), 403(3), 250(6), 707(3), V12(1), 250.02(1), 453(1), 401(1), 599(1), 287(1), 413(1), 410(1), 558(1), 428(2), #####(3), 518(1), 197(2), 780(1), 41(1), 280(1), 276(2), 404(1), 562(1), 507(1), 294(1), 491(1), 183(1)",57
315,314,03151,diag_1,"410(3), 414(4), V57(1), 786(3), 437(1), 572(1), 396(1), 331(1), 682(1), 79(1), 820(2), 428(2), 440(1), 296(1), 780(1), 434(1), 427(2), 250.6(3), 250.8(1), 507(1), 298(1), 250.92(2), 197(1), 592(1), 493(1), 535(1), 482(1), 415(1), 466(1), 250.11(1), 577(1), 458(1), 198(1), 578(1), 590(1), 599(1), 584(2), 38(2), 805(1), 276(1), 790(1), 377(1)",57
315,314,03152,diag_2,"250.41(1), 411(1), V45(1), 788(1), 413(1), 428(2), 414(1), 250(7), 398(1), 250.02(3), 571(1), V42(1), 507(1), 425(1), 496(1), 305(1), 401(1), 427(2), #####(3), 996(1), E932(1), 250.11(1), 112(1), 577(1), 593(1), 403(1), 707(2), 276(5), 197(1), 518(1), 599(2), 162(1), 280(1), 790(1), 287(1), 584(1), 481(1), 250.8(1), 585(1)",57
316,315,03161,diag_1,"446(1), 414(5), 799(1), 786(1), 998(1), 428(2), 410(2), 294(1), 250.82(1), 191(1), 578(2), 401(1), 618(1), 282(1), 996(1), 427(4), 403(2), #####(2), 435(1), 780(3), 486(2), 331(1), 197(2), 515(1), 574(1), 724(1), 453(1), 789(1), 250.4(1), 211(1), 458(1), 278(1), 38(1), 682(1), 924(1), 518(1), 577(1), 620(1), 491(1), 250.11(1), 821(1)",57
316,315,03162,diag_2,"250.01(1), 411(1), 440(2), 492(2), 250.6(1), 250(3), 401(3), 428(2), 437(1), 786(1), 244(1), V64(1), 250.02(1), 746(1), 585(1), 425(2), 790(1), 250.4(1), 427(2), 780(1), #####(4), 403(3), 682(1), 294(1), 572(1), 518(2), 574(1), 276(3), 787(1), 552(1), 162(1), 729(1), 250.8(1), 285(2), E888(1), 493(1), 584(1), 625(1), 368(1)",57
317,316,03171,diag_1,"618(1), 414(4), 411(1), 423(1), 276(3), 410(2), 250.7(1), 428(2), 250.13(2), 530(1), 285(1), 191(1), 577(2), #####(3), V57(2), 682(1), 820(2), 785(1), 427(1), 599(2), 434(1), 531(1), 250.8(1), 444(1), 584(1), 780(1), 486(1), 188(1), 491(1), 311(1), 404(1), 451(1), 569(1), 787(1), 715(1), 733(1), 402(1), 38(1), 250.1(1), 443(1), V58(1), 453(1), 870(1)",57
317,316,03172,diag_2,"250.01(1), 411(1), 250(3), 511(2), V42(1), 398(1), 401(1), 440(1), 413(1), 276(3), 427(3), 311(1), 285(3), 496(2), 250.6(1), 599(4), 305(1), 446(1), 453(1), 428(2), 300(1), #####(3), V49(1), 788(1), 424(1), 250.4(1), 518(2), 403(1), 486(1), 301(1), 682(1), 569(1), 786(1), 584(2), 590(2), 250.92(1), 153(1), 873(1)",57
318,317,03181,diag_1,"277(1), 250.22(1), 414(5), 436(1), 824(1), 410(3), 572(1), 780(2), 996(1), 786(4), 434(1), 250.81(2), V57(1), 198(1), 738(1), 427(3), 789(1), 507(1), 435(1), 182(1), 715(1), 511(1), 404(1), 590(1), 250.7(1), 428(1), 292(1), 592(1), 853(1), 626(1), 491(2), 707(2), 577(1), 285(1), 486(2), 151(1), 38(1), 8(1), 250.1(1), 584(1), 805(1)",57
318,317,03182,diag_2,"482(1), 135(1), 411(2), 250.02(1), 250.01(1), V45(2), 398(1), 401(2), 414(3), 571(1), V09(1), 428(2), 250(3), 276(5), #####(5), 781(1), 427(3), 196(1), 724(1), 301(1), 285(1), 710(1), 198(1), 429(1), 785(1), 403(1), 496(1), 599(2), 998(1), 358(1), 162(1), 402(1), 531(1), 707(1), 491(1), 348(1), 359(1), 805(1)",57
319,318,03191,diag_1,"250.03(1), 296(2), 250.41(1), 682(2), 414(4), 681(1), 428(2), 411(2), 786(5), #####(4), 404(1), 434(1), 592(1), 733(1), 996(1), 820(1), 250.11(1), 780(1), 711(1), 427(2), 435(1), 599(2), 250.6(1), 560(1), 276(2), 486(2), 274(1), 604(1), 438(1), V57(1), 426(1), 787(1), 537(1), 553(1), 816(1), 618(1), 250.8(1), 287(1), 493(1)",57
319,318,03192,diag_2,"311(1), 250.01(3), 403(4), 411(2), 492(1), 305(2), 493(4), 272(1), 413(1), 401(1), 496(6), 295(1), 424(1), 250.4(1), 250(3), 287(1), 585(3), 425(1), 250.02(1), 682(1), 535(1), 996(1), 427(1), 590(1), 780(1), 491(1), 786(1), V54(1), 584(2), 599(1), 335(1), 276(1), 618(1), 458(1), 515(1), 162(1), 416(1)",57
320,319,03201,diag_1,"996(2), 440(1), 414(5), 250.7(2), 171(1), 401(1), 433(1), 424(1), V55(1), 250.13(1), 786(2), 410(2), 295(1), 426(1), 434(1), 789(1), 296(1), 552(1), 428(1), 664(1), 715(4), 654(1), 807(1), 427(1), 415(2), 278(1), 535(1), 507(1), 599(6), 250.6(1), 577(1), V58(1), 250.82(1), 402(1), 824(2), 79(1), 584(1), 280(1), 812(1)",57
320,319,03202,diag_2,"250.01(2), 411(2), 581(1), 425(3), 250(4), V15(1), 413(2), 433(1), 295(1), 414(1), 997(2), 276(4), 996(2), 401(3), 998(2), 303(2), 496(1), 70(1), 305(1), 453(2), 648(2), 403(1), 428(1), 780(1), 577(1), 197(1), 682(1), 263(1), 41(1), 285(1), 733(1), 786(1), 596(1), 569(1), 250.8(1), E888(1), 799(1), E916(1)",57
321,320,03211,diag_1,"486(2), 276(2), 414(3), 250.83(1), 786(5), 433(1), 410(4), 428(2), 250.02(1), 441(1), 722(1), V57(1), 427(3), 440(2), 431(1), 290(1), 574(1), 592(1), 608(1), 435(2), 401(1), 188(1), 557(1), 183(1), #####(1), 530(1), 493(1), 998(1), 250.6(1), 202(1), 996(1), 434(1), 250.4(1), 560(1), 38(2), 403(1), 584(1), 491(1), 250.82(1), 280(1)",57
321,320,03212,diag_2,"250.41(1), 250.01(1), 411(1), 593(1), 250.6(1), 250(3), 413(1), 496(2), 401(6), 428(2), 414(1), 427(4), 305(1), 295(1), 403(5), E942(1), 412(1), #####(3), 780(1), 591(1), 250.02(1), 789(1), 272(1), 276(3), 443(1), 560(1), E878(1), 787(1), 435(1), 402(1), 599(3), 524(1), 416(1), 731(1), 535(1)",57
322,321,03221,diag_1,"414(3), 648(1), 781(1), 218(1), 250.7(1), 295(1), 296(2), 433(2), 428(2), 786(3), 996(2), 789(1), 427(2), 733(1), 402(2), #####(5), 486(3), 586(1), 562(1), 440(1), 250.6(2), 575(1), 250.11(1), 998(1), 482(1), 434(1), 790(1), 519(1), V58(1), 276(2), 682(1), 728(1), 280(1), 38(2), 491(1), 345(1), 723(1), 348(1)",57
322,321,03222,diag_2,"250.6(1), 411(1), 250(5), E939(1), 218(1), 440(1), 293(1), 425(2), 511(1), 412(1), 433(1), 401(1), 8(1), 340(1), 788(1), 496(2), 733(1), 396(1), 427(1), 288(1), 428(2), 403(1), 707(1), 682(1), 305(1), 530(1), 518(1), 285(2), 599(2), 491(3), 276(2), 342(1), 157(1), 578(1), 204(1), 532(1), 780(1), #####(1), 402(1), 585(1), 595(1), 584(1), 344(1), 490(1), 850(1)",57
323,322,03231,diag_1,"312(1), 648(1), 414(6), 599(2), 572(1), 558(1), 250.13(2), 154(1), 786(2), 410(2), 427(3), 306(1), 434(1), 250.02(1), 189(1), 428(2), 185(1), 296(1), 965(1), 435(1), 250.7(2), 162(1), #####(1), 567(1), 718(1), 730(1), 491(2), 250.8(1), 716(1), 644(1), 300(1), 780(1), 211(1), 812(1), 38(1), 485(1), 285(2), 518(1), 822(1), 490(1), 578(1), 860(1)",57
323,322,03232,diag_2,"250.01(2), 492(1), 411(1), 250.02(2), V42(2), 250(2), 571(1), 428(2), 8(1), 198(1), 424(1), 276(2), #####(1), 401(4), 434(1), 250.6(1), 414(1), 272(1), 560(1), 496(2), 425(2), 305(1), 584(2), 250.82(1), 427(1), 707(2), 785(2), 284(1), 403(2), 718(1), 486(2), 780(1), 648(1), 576(1), 263(1), 491(1), 599(1), 593(1), 295(1), 891(1), 562(1)",57
324,323,03241,diag_1,"414(3), 997(1), 303(1), 715(2), 436(1), 512(1), 410(1), 996(1), 486(4), 786(2), 296(1), 250.02(2), 682(4), 434(1), 440(2), 780(1), 428(1), 574(2), 435(2), 427(4), 552(1), 511(1), 292(1), 403(1), 455(1), 481(1), 569(1), 250.8(1), 590(1), 642(1), 38(1), 558(1), 807(1), 808(1), 658(1), 584(1), 821(1), 323(1), 175(1), 543(1)",57
324,323,03242,diag_2,"250.01(3), 411(1), 250(6), 435(1), 511(1), 413(1), 414(1), 250.4(1), 250.81(1), 424(2), 496(2), 428(2), 780(4), 250.02(1), 401(1), 272(1), 427(3), 577(2), #####(1), 998(1), 493(1), 304(1), 707(1), 403(1), 276(6), 786(1), 729(1), 280(1), 682(1), 648(2), 599(1), 491(1), 486(1), 285(1), 584(1)",57
325,324,03251,diag_1,"786(5), 414(4), 434(1), 789(2), 996(2), 433(1), 295(1), V57(2), 250.13(2), 410(3), 428(2), 553(1), 250.02(2), 730(1), 574(1), 780(2), 852(1), 153(1), 481(1), 486(2), 276(1), 715(1), 787(1), 453(1), 427(2), 491(1), 578(1), V56(1), 250.8(2), 595(1), 398(1), 38(1), 403(1), 458(1), 562(1), 490(1), 584(1), 808(1)",57
325,324,03252,diag_2,"250.01(1), 411(2), V42(1), 250.6(1), 998(1), 428(2), 496(4), 427(3), 433(1), 276(3), 401(2), 414(1), 425(1), 577(2), 250(5), 530(1), #####(4), 682(2), 599(3), 402(1), E880(1), 438(1), 250.11(1), 493(1), 790(1), 733(1), 280(1), 403(1), 707(1), 486(1), 730(1), 490(1), 693(1), 568(1), 424(1), 807(1)",57
326,325,03261,diag_1,"414(6), 250.81(2), 648(1), 433(1), 410(3), 531(2), 786(3), 428(2), 434(2), 997(1), #####(3), 295(1), 715(2), 310(1), 296(2), 211(1), 577(2), 727(1), 507(1), 415(1), 276(1), 491(2), 250.11(1), 435(1), 38(1), 584(1), 820(2), 722(1), 466(2), 733(1), 305(1), 536(1), 493(1), 8(1), 682(1), 847(1)",57
326,325,03262,diag_2,"411(2), 70(1), 250(6), 272(1), 648(1), 401(4), 413(1), 414(2), 250.6(1), 346(1), 428(2), 276(5), 496(2), 250.02(1), 427(2), 453(2), 296(1), 789(1), 599(4), 403(1), 518(1), 530(1), 593(1), 733(1), 491(1), 996(1), 250.11(1), E885(2), 285(1), 585(1), 515(1), 537(1), 486(1), 728(1), 465(1)",57
327,326,03271,diag_1,"V58(1), 682(1), 414(4), 436(1), V57(2), 428(2), 786(3), 398(1), 996(1), 998(1), 410(2), 440(1), 79(1), 585(1), #####(2), 789(1), 530(1), 288(1), 444(1), 447(1), 434(1), 584(1), 427(2), 577(1), 507(1), 250.6(2), 435(1), 41(1), 162(1), 250.4(1), 620(2), 250.8(1), 38(2), 458(1), 558(1), 239(1), 656(1), 924(1), 575(1), 486(1), 8(1), 491(1), 553(1), 731(1)",57
327,326,03272,diag_2,"250.41(1), 250.03(1), 411(2), 250(2), 434(1), V45(1), 250.81(1), 401(2), 428(2), 250.02(1), 425(1), 414(1), 997(1), 440(1), 599(2), 427(2), V43(1), 250.6(1), 996(1), 496(1), 553(1), 340(1), 283(1), 403(3), 682(2), 784(1), 250.4(1), 305(1), 331(1), 536(1), 276(3), #####(1), 197(1), 730(1), 710(1), 707(1), 278(1), 780(1), 648(1), 518(1), 614(1), 510(1), 486(1), 473(1), 495(1), 304(1)",57
328,327,03281,diag_1,"648(1), 414(2), 715(2), 786(5), 218(1), 519(1), 410(4), 996(3), 153(1), V57(1), 401(1), 331(1), 535(2), 574(1), 428(2), 435(1), 557(1), 434(2), 427(1), 682(1), 780(1), 493(4), 47(1), 533(1), 250.11(1), 402(2), 197(1), 825(1), 250.8(1), 491(2), 578(1), 38(1), 534(1), 250.01(1), 296(1), 584(1), 280(1), 36(1)",57
328,327,03282,diag_2,"250.91(1), 411(1), 250.01(1), 250.6(1), 620(1), 701(1), 414(4), 413(1), 426(1), 428(1), 998(1), 196(1), 738(1), 286(1), 599(3), 250.02(1), 427(3), 496(3), 578(2), 571(1), 425(1), 444(1), 493(1), 558(1), 421(1), 250(3), 342(1), 276(4), 780(1), 486(1), 789(1), 825(1), 707(1), 112(1), 305(1), 584(1), 285(1), 8(1), 280(1), 402(1), 716(1), 535(1)",57
329,328,03291,diag_1,"304(1), 293(1), 789(1), 414(3), 411(1), 410(1), 786(3), 250.7(1), 427(3), 295(1), 428(2), 250.11(2), 571(1), 569(1), 682(2), 997(1), #####(1), 852(1), 465(1), 780(2), 590(1), 715(1), 416(1), 486(4), 250.8(1), 250.6(3), 440(1), 577(1), 493(1), 202(1), 721(1), 276(1), 560(1), 431(1), 38(1), 280(1), 808(1), 8(1), 518(1), 959(1), 451(1), 823(1)",57
329,328,03292,diag_2,"292(1), 427(3), 250.01(1), 411(2), 424(2), 250.4(2), 440(1), 250.6(1), 250(3), 401(2), 414(1), 244(1), 789(1), 496(3), 286(1), 295(1), 560(1), 998(1), 425(1), 413(2), 288(1), 157(1), 162(1), 428(2), 444(1), 410(1), 250.13(1), 599(3), 250.02(1), 403(1), 41(1), 787(1), 357(1), 486(1), 276(2), 518(1), E885(1), 728(1), 491(1), 584(1), 490(1), E829(1)",57
330,329,03301,diag_1,"414(4), 94(1), 410(2), 433(1), 295(2), 786(3), 997(1), 614(1), 428(2), 415(2), 250.02(2), 401(2), 715(1), 780(3), 682(3), 435(1), 530(1), #####(2), 402(1), 998(1), 250.7(1), 276(1), 427(1), 444(1), 486(2), 491(2), 153(1), 820(1), 250.6(1), 296(1), 250.8(1), 250.11(1), 574(2), 197(1), 416(1), 599(1), 434(1), 487(1)",57
330,329,03302,diag_2,"411(1), 998(1), 280(1), 250(3), 414(3), 428(2), 401(2), 272(1), 780(5), 530(1), 425(1), 284(1), 424(1), 997(1), 493(2), 303(1), 710(1), 496(2), 427(3), 276(3), 403(2), 785(1), 599(2), #####(1), 300(1), 453(1), 197(1), 584(1), 410(1), 707(1), 491(1), 296(1), 577(1), 162(1), 402(1), 459(1), 438(1), 515(1), 458(1)",57
331,330,03311,diag_1,"414(4), 250.02(1), 482(1), 198(1), 428(2), V57(1), 786(2), 410(3), 250.13(1), 996(1), 250.12(1), 162(1), 530(1), 424(1), 507(1), 276(2), 998(1), #####(5), 572(1), 296(2), 577(1), 560(1), 562(1), 574(1), 250.6(1), 486(3), 427(1), 481(1), 681(1), 156(1), 250(1), 557(1), 242(1), 250.8(1), 153(1), 38(2), 250.82(1), 403(1), 53(1), 599(1), 280(1)",57
331,330,03312,diag_2,"411(2), 462(1), 277(1), 172(1), 414(1), 496(3), 428(2), 38(1), 250(3), 276(2), 401(3), 426(1), 196(1), 427(4), 250.02(1), 292(1), #####(3), 425(1), 780(1), 787(1), 788(1), 424(1), 707(2), 682(1), 305(1), 584(1), 403(1), 518(2), 242(1), 197(1), 280(1), 298(1), 214(1), 599(1), 491(1), 733(1), 443(1), 294(1), 344(1), 626(1), 995(1)",57
332,331,03321,diag_1,"998(2), 414(3), 428(2), 410(3), 574(1), 296(1), 786(4), 250.93(1), 435(3), 403(1), 507(1), #####(5), 780(1), 578(1), 250.02(1), 174(1), 924(1), 715(2), 201(1), 486(3), 796(1), 250.6(1), 493(4), 726(1), 250.82(1), 599(3), 560(1), 707(1), 345(1), 576(1), 252(1), 278(1), 276(1), 831(1)",57
332,331,03322,diag_2,"250.5(1), V42(1), 411(3), 414(1), 250.6(1), 244(1), 428(2), 401(3), 599(2), 250.02(4), 420(1), 38(1), 496(3), 425(1), 154(1), 682(2), 276(5), 427(2), 295(2), 396(1), 493(1), 403(3), 412(1), #####(2), 435(1), 784(1), 536(1), 794(1), 530(1), 576(1), V65(1), 584(1), 402(1), 518(1), 466(1), 287(1)",57
333,332,03331,diag_1,"786(3), 996(2), 414(4), 724(1), 410(2), 427(1), 250.13(1), 428(2), V57(1), 434(1), 515(1), 348(1), 295(1), 654(1), 780(1), 440(1), 250.7(1), #####(2), 291(1), 710(1), 250.02(1), 276(1), 486(6), 577(1), 296(1), 250.6(1), 682(1), 453(1), 560(2), 250.8(1), 403(1), 578(1), 38(1), 599(1), 250.82(1), 562(1), 491(1), 250.1(1), V58(1), 487(1), 280(1), 253(1)",57
333,332,03332,diag_2,"250.01(3), 411(3), 414(2), 413(1), 276(6), 511(2), 780(2), 428(2), 599(4), 682(3), 401(1), 496(1), 433(1), 714(1), 415(1), 648(1), 250(1), 427(3), 584(1), 707(1), 571(1), 491(1), 558(1), 203(1), 305(1), 518(2), 301(1), 250.42(1), 280(1), 162(1), 402(1), 285(2), 250.8(1), 202(1), 786(1)",57
334,333,03341,diag_1,"414(4), 572(1), 250.7(2), 682(3), 303(1), 433(1), 415(1), 410(1), V57(2), 441(1), 998(1), 600(1), 996(1), 571(1), 401(1), 428(1), 569(1), 250.02(1), 486(4), 574(1), 715(4), 724(1), 396(1), 434(2), 250.42(1), 278(2), 403(1), 562(4), 427(1), 491(2), 431(1), 494(1), 965(1), 276(1), 599(1), 820(1), 455(1), 584(1)",57
334,333,03342,diag_2,"V45(1), 250(5), 571(1), 413(1), 440(1), 492(2), 304(1), 496(3), 295(1), 428(2), 424(2), 414(2), 599(2), 788(2), 789(1), 250.02(1), #####(4), 682(1), 276(4), 785(1), 403(2), 427(2), 781(1), 342(1), 786(1), 518(3), 285(4), 807(1), 552(1), 569(1), 577(1), E888(1)",57
335,334,03351,diag_1,"410(3), 414(5), V57(2), 786(3), 571(1), 722(2), 428(2), 682(4), 715(1), 820(1), 577(2), 250.22(1), 250.12(1), 415(2), 780(1), 250.2(1), 724(1), 802(1), 453(1), 552(2), 250.6(1), 560(1), 250.8(1), 401(1), 595(1), 434(1), 707(1), 38(1), 431(1), 536(1), 584(4), 599(1), 569(1), 491(1), 250.5(1), 285(1), 867(1)",57
335,334,03352,diag_2,"250.1(1), 411(2), 715(1), 244(1), 414(3), 456(1), 427(4), 250(5), 428(2), 401(1), 451(1), 571(1), 496(1), 276(5), 403(1), 493(2), 453(1), 790(1), 112(1), 530(1), 873(1), 574(1), 305(1), #####(2), 41(2), 728(1), 682(1), 491(1), V54(1), 599(3), 285(1), 518(1), 786(1), 535(1), 515(1), 466(1), 486(1)",57
336,335,03361,diag_1,"789(1), 276(2), 440(1), 414(4), 996(1), 411(1), 410(3), 786(4), 486(2), 997(1), 250.13(1), 600(1), 998(1), 434(1), 428(2), V57(1), 250.42(1), 38(3), 296(1), 250.1(2), 250.02(1), 493(1), 682(1), 491(1), 427(3), #####(2), 250.4(1), 292(1), 555(1), 560(1), 250.8(2), 574(1), 401(1), 564(1), 790(1), 584(2), 459(1), 820(1)",57
336,335,03362,diag_2,"250.01(2), 250.52(1), 411(1), 567(1), 280(1), 250(2), 401(4), 414(3), 413(1), 135(1), 42(1), 486(3), 710(1), 427(2), 998(1), 496(2), 285(1), 428(1), 250.4(1), 303(1), 250.6(1), 276(4), 592(1), 707(2), 599(1), 787(1), 491(2), 403(3), 595(1), 518(1), 441(1), 535(1), 577(2), 41(1), 153(1), 481(1), 682(1), E884(1)",57
337,336,03371,diag_1,"648(1), 414(6), 428(2), 820(1), 584(1), 433(1), 786(5), 410(1), 427(4), 423(1), 970(1), 996(3), 515(1), 780(3), 600(1), 250.13(1), 402(1), 250.7(1), 435(1), 558(1), 715(1), 730(1), 404(1), 153(1), 493(2), 560(2), 564(1), 707(1), 562(1), 458(1), 466(1), 486(2), 287(1), 349(1), #####(1), 275(1), 659(1)",57
337,336,03372,diag_2,"250.01(2), 250.5(1), 250.41(2), 411(1), 414(2), 424(2), 401(2), 428(2), 710(2), 250(2), 996(1), 244(1), 518(2), 305(2), 295(2), 682(3), 789(1), 250.82(1), 790(2), 584(1), 403(1), #####(3), 785(1), 427(1), 286(1), 280(1), 425(2), 599(2), 296(1), 276(3), 585(1), 486(1), 402(1), 491(1), V45(1), 758(1), 648(1)",57
338,337,03381,diag_1,"440(1), 414(2), 410(3), 530(1), 574(1), 433(1), 786(2), 411(1), 306(1), 331(1), 998(1), 250.02(1), 428(2), V57(1), 592(1), 250.7(1), #####(3), 996(2), 577(3), 715(1), 599(3), 843(1), 435(1), 38(1), 491(2), 532(1), 552(1), 250.6(1), 434(2), 427(1), 287(1), 291(1), 403(1), 250.11(1), 531(1), 250.4(1), 562(1), 560(1), 162(1), 285(1), 486(1), 584(2)",57
338,337,03382,diag_2,"250.7(1), 411(1), 398(1), V42(2), 250(2), 414(4), 278(1), 780(1), 293(1), 428(2), 401(2), 250.02(2), 785(1), 496(1), 425(1), 682(1), 427(2), 403(1), 70(1), 410(1), 493(1), 788(1), 198(1), 998(1), 305(1), 8(1), 276(9), 584(2), 599(2), 413(1), 507(1), 303(1), #####(1), E878(1), 280(2), 491(1), 263(1)",57
339,338,03391,diag_1,"446(1), 250.03(1), 433(1), 414(2), 154(1), V57(2), 622(1), 786(1), 410(1), 434(2), 428(2), 996(2), 296(1), 427(2), 376(1), 276(1), 250.02(1), 784(1), 715(2), #####(3), 435(1), 250.12(1), 780(2), 491(2), 486(1), 198(1), 250.2(1), 162(1), 355(1), 38(2), 403(1), 584(1), 518(2), 989(1), 986(1), 53(1), 240(1), 621(1), 865(1), 470(1), 378(1), 923(1), 866(1), 814(1)",57
339,338,03392,diag_2,"250(3), 276(10), 250.7(1), 411(1), 250.6(1), V45(1), 616(1), 401(2), 427(2), 42(1), 682(1), 562(1), 591(1), 305(1), 250.02(1), 373(1), 496(1), 438(1), 287(1), 780(1), 707(1), 403(1), 250.82(1), 491(1), 410(1), 736(1), 285(1), 599(2), 458(1), 585(2), 404(1), E905(1), E868(1), 584(1), 52(1), 627(1), 864(1), 327(1), 374(1), 920(1), E826(1), 822(1)",57
340,339,03401,diag_1,"840(1), 780(2), 414(4), 996(1), 572(1), 410(3), 433(1), 427(3), 486(6), 250.43(1), 786(2), 298(1), 250.02(1), V57(1), 682(1), 428(2), 153(1), #####(2), 292(1), 722(1), 715(2), 507(1), 276(1), 562(2), 250.11(1), 493(1), 188(1), 820(2), 577(1), 403(1), 599(1), 274(1), 250.8(1), 491(1), 250.4(1), 434(1), V58(1), 345(1)",57
340,339,03402,diag_2,"584(2), 250.7(1), 411(3), 715(1), 997(1), 571(1), 414(1), 250(7), 398(1), 424(1), 250.6(1), 486(1), 578(1), 309(1), 496(3), 730(2), 719(1), 250.02(1), 425(1), 780(2), 427(2), 511(1), 721(1), 401(1), 599(3), 204(1), 428(2), 305(1), 403(4), 276(1), #####(1), 491(1), 404(1), 285(1), 345(1), 153(1), 507(1)",57
341,340,03411,diag_1,"648(1), 293(1), 562(2), 47(1), 410(4), 414(1), 295(1), 294(1), 250.7(1), 433(1), 715(3), 309(1), 428(2), 296(1), 998(3), 426(1), 434(3), 780(1), 540(1), #####(2), 507(1), 386(1), 996(1), 682(2), 785(1), 820(3), 724(1), 493(1), 250.6(1), 438(1), 608(1), 574(1), 435(1), 537(1), 38(2), 599(1), 584(1), 560(1), 824(1), 466(1), 518(1)",57
341,340,03412,diag_2,"646(1), 403(3), 250.01(2), 414(3), 413(1), 250(3), 297(1), 440(1), 496(3), 250.6(1), 428(2), 304(1), 427(5), 300(1), 250.02(1), 998(1), 780(3), 707(1), #####(4), 424(1), 784(1), 593(1), 276(2), 729(1), 577(1), 285(3), 518(3), 250.8(1), 599(1), E885(1), 202(1), 802(1), 486(1)",57
342,341,03421,diag_1,"786(2), 531(1), 590(1), 414(4), 715(2), 34(1), 411(1), 398(1), 376(1), 250.13(1), 410(3), 426(1), 996(2), V57(2), 434(2), 682(2), 997(1), 553(1), 427(1), 428(1), 280(1), 402(1), 530(1), 724(1), 592(1), 574(1), 435(1), 486(2), 453(1), 443(3), 789(1), 707(1), 451(1), 421(1), 564(1), 250.6(1), 153(1), 491(1), 821(1), 599(1), 578(1), 250.1(1), 348(1)",57
342,341,03422,diag_2,"250.52(1), 250.5(1), 250.03(1), 411(2), 250.01(1), 250.13(1), 303(1), 250.02(3), 413(1), 414(1), 427(7), 276(3), 496(1), 428(2), 401(3), 38(1), 444(1), 531(1), 560(1), 530(1), 250(2), 250.6(1), 780(1), 707(1), 425(2), 998(1), 599(1), 593(1), 397(1), 787(1), 682(1), #####(2), 403(1), 569(1), 491(1), 285(2), 305(1), 250.8(1), 585(1)",57
343,342,03431,diag_1,"311(1), 250.41(1), 286(1), 618(1), 414(6), 486(2), 466(1), 786(4), 411(1), 410(3), 218(1), 162(1), 153(1), 428(2), 600(1), 532(1), 433(1), 577(1), 780(2), #####(4), 427(2), 458(1), 516(1), 440(1), 723(1), 682(2), 491(1), 183(1), 431(1), 724(1), 250.8(2), 38(1), 290(1), 578(1), 584(2), 812(1), 8(1)",57
343,342,03432,diag_2,"250.01(3), 70(1), 42(1), 411(1), 250.52(1), 492(1), 428(2), 997(1), 424(1), 414(2), 401(3), 996(1), 250.02(1), 427(3), V45(1), 250(4), 282(1), 403(2), 196(1), 998(1), 788(1), 276(5), 518(2), 295(1), 425(1), 444(1), #####(1), 707(2), 789(1), 722(1), 507(1), 599(1), 585(1), 404(1), 284(1), 402(1), 731(1), 189(1), 164(1)",57
344,343,03441,diag_1,"282(1), 433(1), 428(2), 786(2), 410(1), 820(1), V57(2), 426(1), 530(1), 592(1), #####(5), 153(1), 682(1), 205(1), 512(1), 965(1), 998(1), 780(2), 434(1), 574(1), 511(1), 444(1), 276(1), 440(1), 715(1), 427(2), 404(1), 724(1), 577(1), 962(1), 707(1), 250.11(2), 493(1), 250.8(2), 789(1), 250.1(1), 821(1), 552(1), 250(1), 584(2), 518(2), 935(1), 470(1), 360(1)",57
344,343,03442,diag_2,"250.4(1), 250(3), 433(1), 428(2), 997(1), 493(2), #####(6), 401(3), 578(2), 496(3), 996(2), 244(1), 491(2), 292(1), 682(2), 427(4), 780(2), 584(1), 707(2), 558(1), 574(1), 518(2), 138(1), 599(1), 276(4), 285(1), 305(1), 458(1), 557(1), 482(1), 250.92(1)",57
345,344,03451,diag_1,"414(6), 428(2), 998(1), 560(1), 552(2), #####(4), 410(3), 433(1), 962(1), 295(1), 786(1), 182(1), 435(2), 682(1), 250.11(1), 530(1), 211(1), 425(1), 427(3), 482(2), 715(3), 562(1), 531(1), 486(3), 401(1), 250.6(1), 780(1), 590(1), 250.8(2), 557(1), 812(1), 458(1), 491(1), 790(1), 493(1), 584(1)",57
345,344,03452,diag_2,"250.01(5), 250.6(2), 411(1), 492(1), 414(1), 413(1), 433(1), 250.13(1), 250.81(1), 42(1), 780(1), 453(1), 250(4), 250.02(1), 707(4), 424(1), 496(2), 70(1), 272(1), 425(2), 428(2), 427(1), 560(1), #####(2), 786(3), 493(2), 403(2), 276(3), 41(2), 577(1), 402(1), 682(1), 491(1), 518(1), 348(1)",57
346,345,03461,diag_1,"340(1), 461(1), 682(2), 433(2), 250.33(1), 274(1), 436(1), 414(4), 410(1), 592(1), 437(1), 413(1), 786(2), 428(2), 722(1), #####(2), 434(1), 780(2), 569(1), 332(1), 8(2), 486(2), 715(1), 427(1), 997(1), 435(1), 491(2), 250.7(1), 724(1), 507(1), 250.11(1), 599(2), 198(1), 558(1), 285(1), 560(1), 458(1), 250(1), 578(1), 728(1), 276(1), 250.82(1), 455(1), 38(1)",57
346,345,03462,diag_2,"250(4), 250.6(3), 250.03(1), 780(2), 250.01(1), 496(2), V45(1), 414(2), 413(2), V15(1), 401(7), 250.02(2), 427(1), 511(2), 571(1), 788(1), 707(3), 244(1), 785(1), 998(1), 599(2), 280(1), 428(2), 682(1), 403(1), 786(1), 558(1), #####(1), 530(1), 276(1), 250.12(1), 578(1), 285(1), 486(1), 584(1), 389(1)",57
347,346,03471,diag_1,"250.03(1), 414(4), 996(4), 436(1), 410(3), 154(1), 250.81(1), 434(1), 553(1), 428(2), 682(1), 276(3), 440(1), 153(1), 789(1), 530(1), 780(1), 574(1), 998(1), 715(2), 507(1), #####(2), 278(2), 786(1), 962(1), 453(1), 420(1), 250.4(1), 250.8(1), 599(1), 285(1), 79(1), 491(1), 790(1), 642(1), 486(1), 555(1), 920(1), 562(1), 537(1), 584(2), 661(1)",57
347,346,03472,diag_2,"276(4), 411(2), V42(1), 403(3), 420(1), 414(2), 428(2), 401(2), 250(3), 707(2), 424(1), 996(1), 250.02(1), 295(1), #####(3), 496(5), 427(2), 789(1), 998(1), 402(1), 410(1), 780(3), 422(1), E878(1), 70(1), 278(1), 8(1), 648(2), 491(1), 94(1), 293(1), 533(1), 585(1), 211(1), 250.12(1)",57
348,347,03481,diag_1,"414(4), 410(2), V57(1), 786(2), 162(1), 413(1), 574(1), 996(2), 428(2), #####(6), 434(1), 682(3), 535(1), 296(1), 486(3), 440(1), 250.7(1), 577(3), 453(1), 693(1), 250.12(1), 276(2), 707(1), 427(1), 715(1), 285(1), 491(3), 250.8(1), 531(1), 403(1), 280(1), 38(2), 402(1), 790(1), 518(1)",57
348,347,03482,diag_2,"411(1), 414(1), 413(1), 428(2), 496(1), 250(4), 996(1), 196(1), V64(1), 401(3), 38(2), 424(2), 396(1), 250.82(1), 303(1), 427(1), 511(1), 410(1), 305(1), 682(1), 707(1), 584(2), 250.42(1), 491(3), 276(5), 250.02(1), 574(1), 227(1), 403(2), #####(3), 278(1), 736(1), 578(1), 599(1), 730(1), 150(1), 486(3)",57
349,348,03491,diag_1,"654(1), 296(2), V57(2), 436(1), 493(1), 411(1), 309(1), 427(3), 414(1), 786(1), 781(2), 428(2), 410(2), 241(1), 515(1), #####(3), 434(4), 426(1), 440(1), 997(2), 250.7(1), 153(1), 715(2), 532(1), 789(2), 278(1), 250.82(1), 250.6(1), 530(1), 780(2), 540(1), 491(2), 562(1), 486(1), 531(1), 351(1), 808(1), 9(1), 518(1), 42(1)",57
349,348,03492,diag_2,"250.01(3), 715(1), 401(3), 250(4), 293(1), 250.6(1), 427(3), 295(2), 428(2), 436(1), 511(1), 423(1), 424(1), 873(1), 496(1), 410(2), 707(1), 486(1), 40(1), 560(1), #####(3), 996(1), 784(1), 280(1), 8(1), 571(1), 493(1), 536(1), 786(1), 311(1), 276(4), 491(2), 285(1), 438(1), 573(1), 808(1), 250.92(1), 507(1), 46(1)",57
350,349,03501,diag_1,"358(1), 569(1), 414(4), 38(2), 444(1), 682(2), 433(1), V57(1), 996(2), 786(1), 250.13(1), 997(1), 530(1), 428(2), 434(3), 401(1), 789(1), #####(3), 574(1), 250.8(4), 507(1), 427(3), 486(2), 250.42(1), 715(1), 780(1), 493(1), 724(1), 823(1), 197(1), 250.1(1), 487(1), 491(2), 518(1), 821(1), 584(1), 519(1), 8(1), 162(1)",57
350,349,03502,diag_2,"401(4), 250.01(2), 411(2), 250.41(1), 413(2), 250.6(1), 198(1), 997(1), 276(7), 788(1), 707(3), 340(1), 250.02(1), 203(1), 496(1), 287(1), 425(2), 403(1), 427(4), E932(1), 599(4), 428(2), 197(1), 250(1), 294(1), 491(1), 780(1), 730(1), #####(1), 153(1), 486(1), 786(1), 94(1), 584(1), 799(1)",57
351,350,03511,diag_1,"968(1), 414(5), V57(2), 428(2), 820(1), 780(2), 434(3), 410(1), 644(1), 250.7(1), 426(1), 715(3), 996(1), 571(1), 440(1), 220(1), 682(2), 250.02(1), 427(1), 481(1), 250.2(1), 789(1), 211(1), 618(1), 726(1), 295(1), 386(1), 724(1), 415(1), 250.8(2), 562(1), 250.11(1), 453(1), 812(1), 38(2), 486(1), 518(1), 493(1), 536(1), 491(1), 601(1), 351(1), 296(1)",57
351,350,03512,diag_2,"250.01(3), 999(1), 250.7(1), 250.52(1), 411(1), 135(1), 414(1), 413(1), 428(2), 642(1), 427(4), 440(1), 998(1), 581(1), 719(1), 789(1), 250(4), 553(1), 496(1), 276(3), 401(2), 599(3), #####(4), 780(1), 493(1), 425(1), 596(1), 317(1), 403(1), 342(1), 305(1), 415(1), 491(2), 584(1), 535(1), 466(1), 562(1), 782(1), 314(1)",57
352,351,03521,diag_1,"250.13(2), 404(1), 414(4), 428(2), 434(2), 786(3), 722(3), 423(1), V57(1), 225(1), 996(2), 440(2), 715(5), #####(2), 435(1), 465(1), 427(3), 820(2), 278(1), 577(1), 162(1), 250.8(2), 852(1), 288(1), 562(1), 721(1), V58(2), 733(1), 250.82(1), 487(1), 47(1), 584(1), 537(1), 157(1), 569(1)",57
352,351,03522,diag_2,"250.6(3), 250.41(1), 411(2), V42(1), 428(2), 496(2), 414(2), 250.4(1), 250(4), 403(4), 401(3), 577(1), 70(1), 574(2), 427(3), 293(1), 425(1), #####(4), 444(1), 453(1), 599(2), 276(4), 197(2), 284(1), 724(1), 285(3), E888(1), 153(1), 199(1), 990(1)",57
353,352,03531,diag_1,"648(2), 455(2), 482(1), 786(4), 286(1), 996(3), 593(1), 414(1), V57(3), 410(2), 441(1), V55(1), 185(1), 250.02(1), 618(1), 574(1), 435(1), 535(1), 428(2), 780(1), 250.22(1), 434(1), 276(2), 427(1), 440(1), 250.6(1), 486(2), 278(1), 715(1), 682(2), 218(1), 188(1), 296(1), 79(1), 590(1), 536(1), 531(1), 280(1), 681(1), 493(1), 250.1(1), 443(1), 250.8(1)",57
353,352,03532,diag_2,"250.01(1), 250.41(1), 277(1), 250.02(1), 492(1), 569(1), 250.81(1), 753(1), 413(1), 428(2), 496(2), 453(1), 250(6), 38(1), 401(1), #####(4), 788(1), 427(4), 493(2), 414(1), 403(1), 410(1), 276(5), 996(1), 707(2), 284(1), 805(1), 626(1), 518(1), 188(1), 296(1), 41(2), 578(1), 710(1), 211(1), 785(1), V58(1)",57
354,353,03541,diag_1,"593(1), 414(2), 786(3), 295(1), 153(1), 250.13(1), V57(3), 250.81(1), 428(2), 250.22(1), 410(2), V55(1), 297(1), 386(1), 250.6(2), #####(3), 577(1), 281(1), 715(1), 511(1), 540(1), 716(1), 562(1), 592(1), 682(2), 481(1), 516(1), 599(1), 403(1), 276(2), 486(3), 780(2), 250.8(1), 238(1), 250.1(1), 487(1), 453(1), 578(1), 38(1), 280(1), 626(1), 518(1)",57
354,353,03542,diag_2,"250.6(1), 411(2), 135(1), 250(3), 196(1), 276(5), 427(5), 79(1), 414(1), 203(1), 428(2), 496(3), 571(1), 786(1), 572(1), 403(3), 808(1), 560(2), 998(1), 591(1), 404(1), 599(1), 707(2), 491(3), V45(1), 596(1), V54(1), 733(1), 205(1), 284(1), 443(1), 250.4(1), 518(1), 285(2), 354(1), 486(1)",57
355,354,03551,diag_1,"414(1), 411(1), 410(3), 433(1), 303(1), 250.7(1), 786(6), 428(2), 998(1), 577(1), 535(1), 157(1), 434(1), 427(3), #####(2), 596(1), 715(1), 250.1(1), 730(1), 486(4), 530(1), 599(2), 722(1), 276(1), 401(1), 311(1), 493(1), 250.11(1), 197(1), 491(1), 182(1), 42(1), 292(1), 584(3), 824(1), 560(1), 569(1), V57(1), 812(1), 645(1)",57
355,354,03552,diag_2,"411(1), 401(2), 414(2), 250(3), 820(1), 491(1), 440(1), 295(1), 428(2), 511(1), V10(1), 253(1), 427(2), 560(1), 250.02(1), 280(1), 410(1), 788(1), 518(2), #####(4), 135(1), 272(1), 785(1), 786(2), 496(1), 722(1), 403(1), 724(1), 276(5), 782(1), 569(1), 305(1), 614(1), 136(1), 584(1), E885(1), 425(1), 507(1), 562(1), V58(2), 648(1)",57
356,355,03561,diag_1,"250.41(1), 682(3), 414(4), 496(1), 433(1), 780(5), 427(2), V57(1), 786(1), 289(1), 428(2), 738(1), 250.1(1), 434(1), #####(3), 574(2), 715(2), 461(1), 250.6(2), 820(2), 599(2), 710(1), 507(1), 438(2), 276(1), 491(2), 493(1), 346(1), 812(1), 584(1), 575(1), 560(2), 518(1), 283(1), 9(1), 82(1)",57
356,355,03562,diag_2,"403(3), 250.03(1), 411(3), 250.7(1), 428(2), 413(1), 401(1), E937(1), 415(1), 250(4), 578(1), 511(1), 786(1), 285(1), 571(1), 425(1), 250.6(1), 427(6), 496(2), 424(1), 250.12(1), 536(1), 707(1), 599(1), 491(2), 780(1), 41(1), 531(1), #####(3), 789(1), 280(1), 250.02(1), 276(2), E885(1), 162(2), 250.8(1), 250.92(1), 540(1)",57
357,356,03571,diag_1,"250.23(1), 218(1), 996(1), 296(1), 250.83(1), 590(2), 414(2), 786(2), 572(1), 722(2), 437(1), 295(1), 198(1), 410(2), 998(1), 729(1), 507(1), 428(2), 402(1), 780(1), 250.02(1), 427(2), 715(1), 682(1), 564(2), 578(1), 434(2), 486(2), 596(1), 404(1), 531(1), 276(1), 250.6(1), 250.4(1), 263(1), 250.8(2), 719(1), 491(1), 155(1), 851(1), 599(1), 723(1), 250.12(1), 584(2), 808(1)",57
357,356,03572,diag_2,"276(5), 250.51(1), 250.01(2), 401(4), 250.03(1), 411(2), 250.6(1), 414(1), 571(1), 738(1), 493(2), V10(1), 427(2), 788(1), 781(1), 996(1), 425(1), 250.02(1), 786(1), 486(1), 496(2), 250(2), 272(2), 428(2), 403(2), 560(2), #####(1), 599(1), 780(2), 518(1), 707(1), 789(1), 802(1), 402(1), 722(1), 584(1), 585(2), 807(1)",57
358,357,03581,diag_1,"427(3), 414(3), 786(4), 789(1), 584(1), 250.43(1), 507(1), 433(2), 721(1), 574(3), 997(1), 410(2), V55(1), 250.02(1), 453(1), 428(2), 780(1), 682(2), 577(1), 250.7(1), 486(2), 250.6(2), 562(1), 592(1), 434(3), 278(1), 276(1), #####(2), 198(1), 556(1), 781(1), 820(1), 487(1), 431(1), V58(1), 417(1), 131(1), 665(1), 518(1)",57
358,357,03582,diag_2,"250.01(1), 411(2), 492(1), 250.6(3), 250.03(1), 413(1), 583(1), 571(1), 434(1), 781(1), 511(1), 305(1), 496(4), 427(5), 428(2), V15(1), 425(1), 401(1), 250(2), 250.02(1), 295(1), 403(1), 493(1), 590(1), 599(2), 785(1), 573(1), 491(4), 285(2), 276(2), 162(1), 784(1), 780(1), 289(1), 152(1), 581(1), V10(1), 648(1), E938(1)",57
359,358,03591,diag_1,"414(3), V71(1), 154(1), 440(2), 410(3), 250.12(1), 996(3), 786(4), 532(1), 510(1), 250.13(1), 294(1), 428(2), 250.02(1), 780(2), 434(1), 824(1), 569(2), 715(1), 491(3), 404(1), 576(1), 427(1), 789(1), #####(1), 486(1), 578(1), 278(1), 577(1), 574(1), 599(1), 493(1), 515(1), 560(1), 681(1), 820(1), 964(1), 403(1), 182(1), V54(1), 648(1), 644(1)",57
359,358,03592,diag_2,"411(1), 250.03(1), 196(1), 492(1), 413(1), 414(5), 282(1), 428(2), 440(1), 250(8), 401(2), 426(2), 511(1), 577(1), 244(1), 780(1), 427(2), 785(1), 403(2), 565(1), V10(1), 998(1), 571(1), #####(3), 303(1), 305(1), 574(1), 250.82(1), 599(1), 491(1), 579(1), 285(1), 250.02(1), 349(1), 584(1), 716(1), 518(1), 664(1), 641(1)",57
360,359,03601,diag_1,"250.03(1), 414(5), 431(1), 585(1), 311(1), 410(4), 250.7(1), 786(5), 250.13(1), 428(2), 507(1), 434(2), 296(1), 780(3), 290(1), 600(1), 276(2), 432(1), 486(1), 440(1), 715(1), 820(1), 562(3), 788(1), 592(1), 577(1), 567(1), 599(2), 158(1), 726(1), 298(1), 453(1), 491(1), 280(1), 38(2), 996(1), 682(1)",57
360,359,03602,diag_2,"295(1), 250.01(2), 250.41(1), 411(2), 309(1), 414(1), 428(2), 998(1), 424(1), 250(1), 427(5), 440(1), 401(3), 276(1), 279(1), 780(2), 250.02(2), 410(1), 493(1), 303(1), 599(3), 496(1), 426(1), 707(2), 198(2), 396(1), 558(1), 584(1), 591(1), 574(1), 536(1), 492(1), 425(1), 250.82(1), #####(2), 569(1), 585(2), 486(1), 812(1), 555(1)",57
361,360,03611,diag_1,"250.03(1), 414(3), 428(2), 250.41(1), 530(2), 715(2), 282(1), 996(2), 250.13(1), 618(1), 410(1), 433(1), 786(1), 722(1), 162(1), V57(1), 998(1), 780(3), 225(1), 572(2), 434(1), 427(2), 486(2), 562(1), 576(1), #####(3), 453(1), 599(1), 250.4(1), 584(2), 403(2), 577(1), 824(1), 276(2), 724(1), 458(1), 250.8(1), 820(1), 197(1), 519(1), 459(1)",57
361,360,03612,diag_2,"112(1), 250.01(4), 428(2), 411(1), 250(5), 250.6(1), 70(1), 620(1), 414(3), 401(2), 571(1), 196(1), 599(1), 998(1), 276(5), 427(3), 707(1), #####(2), 303(1), 496(2), 38(1), 278(1), 403(2), 788(1), 595(1), 305(1), 491(1), 250.12(1), 585(2), 724(1), 730(1), 285(1), 153(1), 584(2), 518(1)",57
362,361,03621,diag_1,"410(5), 359(1), 560(1), 250.83(1), 414(4), 276(2), 996(2), 786(1), V57(1), 574(3), 428(2), 424(1), #####(5), 296(1), 780(2), 997(1), 402(2), 730(1), 250.02(1), 530(1), 415(1), 440(1), 427(1), 278(1), 404(1), 846(1), 197(1), 431(1), 493(1), 564(1), 348(1), 453(3), 491(1), 945(1), 250.8(1), 250.82(1), 584(1)",57
362,361,03622,diag_2,"999(1), 203(1), 250.01(1), 707(3), 411(1), 398(1), V42(1), 567(1), 292(1), 396(1), 250.02(2), 428(2), 38(1), 493(1), 997(1), 427(4), 401(2), 424(1), #####(3), 198(1), 425(3), 250(3), 414(1), 496(1), 682(1), 276(4), 780(3), 200(1), E928(1), 197(1), 789(1), E878(1), 486(1), 595(1), 202(2), 402(1), 562(1)",57
363,362,03631,diag_1,"250.11(1), V57(4), 414(2), 715(2), 607(1), 496(1), 420(1), 250.81(1), 218(1), 786(2), 410(2), 433(1), 428(2), 780(4), 296(1), 996(1), 722(3), 851(1), 648(1), 574(2), #####(2), 434(1), 807(2), 427(1), 250.7(1), 511(1), 560(2), 250.22(1), 507(1), 608(1), 348(1), 599(1), 491(1), 486(1), 557(1), 38(2), 575(1), 787(1), 805(1)",57
363,362,03632,diag_2,"250.1(1), 250.6(1), 411(1), 250.7(1), 401(5), 414(1), 424(1), 428(2), 710(1), 511(1), V45(1), 496(2), 780(1), 242(1), 433(1), 38(1), 250.4(1), 719(1), 996(2), 284(1), 250.11(1), 250(4), 340(1), 412(1), 425(1), 427(3), 707(1), 599(3), #####(1), 722(1), 295(1), 404(1), 491(1), 276(2), 799(1), 431(1), 486(1), 569(1), E888(1), 577(1), E947(1), E885(1)",57
364,363,03641,diag_1,"598(1), 727(1), 593(1), 780(3), 414(3), 295(1), 427(2), 410(2), 250.13(1), 198(3), 434(1), 997(1), 435(1), 535(2), 751(1), 682(2), 428(1), 402(1), 996(1), 440(1), 250.7(1), 300(1), 202(2), 278(1), 250.6(1), 155(1), 786(1), 250.11(1), 592(1), 403(1), 197(1), 783(1), 491(1), 285(1), 599(1), 784(1), 486(1), 724(1), 578(1), 728(1), 584(1), 230(1), 518(1), 433(1), 38(1), 844(1)",57
364,363,03642,diag_2,"595(1), V57(1), 250.41(1), 492(1), 413(1), 250(6), 135(1), 425(2), 428(2), 276(4), 292(1), 401(2), 427(5), 424(2), 416(1), 530(1), 496(2), 591(1), 250.42(1), 682(1), 785(1), 426(1), 250.02(1), #####(2), 707(1), 584(1), 592(1), 305(1), 162(1), 41(1), 786(1), 491(1), E888(1), 573(1), 552(1), 486(1), V70(1), 995(1), E927(1)",57
365,364,03651,diag_1,"414(4), 723(1), 789(1), 553(1), 433(1), 786(3), 250.13(1), 996(3), V57(2), 296(1), 428(2), 998(1), 295(1), 410(2), 434(2), 507(2), 780(3), #####(4), 402(1), 440(1), 562(1), 425(1), 292(1), 415(1), 599(1), 250.8(2), V53(1), 642(1), 211(1), V58(1), 808(1), 715(1), 491(1), 305(1), 443(1), 198(1), 790(1), 486(1), 518(1)",57
365,364,03652,diag_2,"411(2), 250.01(1), 250.6(1), 413(1), 997(1), 401(3), 250(4), 276(3), 507(1), 724(1), 785(2), 428(2), 496(1), V45(1), 311(1), 403(3), 304(2), 780(1), 250.02(2), 427(2), 425(1), 278(1), 707(3), 599(2), 162(1), 453(1), 491(1), 723(1), 682(1), V72(1), 648(1), 562(1), 197(1), 285(1), 584(2), 202(1), 518(1), 514(1)",57
366,365,03661,diag_1,"722(2), 535(1), 482(2), 428(2), 414(3), 433(1), 250.13(2), 250.02(1), 585(1), 786(4), 437(1), #####(6), 180(1), 434(1), 250.8(2), 715(1), 574(1), 820(1), 486(3), 485(1), 577(1), 435(1), 453(1), 250.6(1), 421(1), 493(2), 427(1), 38(2), 507(1), 491(2), 558(1), 682(1), 333(1), 518(1), 250.1(1), 813(1), 23(1)",57
366,365,03662,diag_2,"250.01(2), 250.03(1), 250.6(1), 250.02(1), 433(1), 287(2), 413(1), 295(1), 414(1), 401(4), 511(1), 784(1), 780(4), 424(1), 250(2), 427(3), 425(1), 789(1), 453(1), 466(2), 711(1), 428(1), 496(1), V45(1), 682(2), 707(1), 276(4), 112(1), 38(1), 584(3), 518(1), 730(1), 590(1), 515(1), 783(1), 585(1), 491(1), E885(1), 555(1)",57
367,366,03671,diag_1,"414(5), 250.83(1), 411(1), 996(2), 786(2), 486(3), 424(1), 8(1), 162(2), 157(1), 787(1), 444(2), 428(2), 780(1), 491(1), 435(1), 578(1), 415(1), 682(1), 458(1), 562(2), 250.6(2), 401(1), 552(1), 812(1), 250.8(1), 250.4(1), 718(1), 790(1), 493(2), 42(1), 569(1), 250.1(1), 721(1), 433(1), 292(1), 820(1), 453(1), 584(1), 724(1), 518(1), 808(1), 66(1)",57
367,366,03672,diag_2,"250.01(1), 250.6(2), 411(2), 730(1), 250(3), 428(2), 414(1), 135(1), 433(1), 578(1), 999(1), 196(1), 250.02(2), 38(1), 413(1), 427(4), 426(1), 244(1), 401(1), 496(4), 493(2), 560(1), 707(1), 611(1), 553(1), 788(1), #####(1), 403(1), 276(2), 682(1), 280(1), 305(2), 733(1), 368(1), 584(1), 285(3), 575(1), 486(1), 805(1), 490(1)",57
368,367,03681,diag_1,"574(2), 414(5), 682(3), 295(1), 410(2), 433(1), 786(3), 722(1), 413(1), 250.81(1), 398(1), 719(1), 998(1), 444(1), 428(2), 571(1), 996(1), 250.7(1), #####(1), 434(2), 440(2), 427(2), 486(3), 600(1), 432(1), 491(1), 577(1), 276(1), 250.8(3), 599(2), 453(1), 562(1), 620(1), 715(2), 415(1), 821(1), 354(1)",57
368,367,03682,diag_2,"250.01(1), 411(2), 250.7(1), 413(1), 250.02(3), 414(2), 250(5), 997(1), 427(3), 730(1), 250.6(1), 403(4), 425(2), 401(1), 434(1), 496(1), 456(1), 70(1), 707(1), 410(1), 402(2), 599(1), V43(2), 429(1), 574(1), 250.13(1), 729(1), 780(1), 428(1), 112(1), 447(1), 577(1), 276(3), 491(1), 285(1), 486(1), 404(1), E849(1), 327(1)",57
369,368,03691,diag_1,"414(1), 490(1), 410(2), 535(1), 786(3), 250.02(1), 250.13(1), 715(4), 486(2), 507(2), 428(2), #####(4), 427(3), 250.8(2), 250.31(1), 162(1), 531(1), 250.6(1), 9(1), 536(1), 592(1), 276(1), 599(1), V57(1), 434(2), 493(1), 562(2), 435(1), 38(3), 590(1), 491(2), 458(1), 455(1), 681(1), 584(1), 808(1), 451(1)",57
369,368,03692,diag_2,"411(1), 250.51(1), 414(2), 201(1), 250(3), 401(1), 276(6), 426(2), 362(1), 403(5), 340(1), 780(1), 425(1), 53(1), 427(3), 424(1), 244(1), 518(1), 496(2), 250.6(1), 591(1), 781(1), 599(1), 250.02(1), V54(1), 787(1), 204(1), 294(1), 342(1), 491(1), 41(1), 428(1), 285(2), 455(1), 150(1), 486(1), 250.8(1), 250.92(1), 585(2)",57
370,369,03701,diag_1,"277(1), 428(2), 295(1), 780(1), 414(4), V57(3), 250.41(1), 296(3), 436(1), 437(1), 410(1), 786(3), 996(2), 434(1), 530(1), 290(1), 753(1), 570(1), 715(1), 250.7(1), 425(1), 560(1), 211(1), 722(1), 486(1), 555(1), 562(1), 250.6(1), 552(1), #####(1), 453(1), 278(1), 553(1), 782(1), 491(1), 578(2), 250.11(1), 79(1), 38(1), 820(1), 663(1), 250.8(2), 518(1), 599(1)",57
370,369,03702,diag_2,"250.01(2), 250.41(1), 309(1), 411(1), 852(1), 585(1), 413(1), 250(4), 293(1), 428(2), 332(1), 401(4), 425(2), 38(1), 424(2), 403(2), 780(1), 593(1), 70(2), 304(1), 278(1), 785(1), #####(3), 242(1), 599(2), 250.02(1), 394(1), 707(1), 285(2), 518(2), 41(1), 250.8(1), 571(1), 280(1), 577(1), 250.13(1), 648(1), 731(1), 592(1), 251(1)",57
371,370,03711,diag_1,"403(1), 414(6), 218(1), 442(1), 410(3), 550(2), 427(3), 786(2), V57(1), 428(2), 438(1), #####(4), 789(1), 618(1), 998(2), 780(1), 577(2), 682(3), 715(1), 250.13(1), 288(1), 707(1), 404(1), 644(1), 415(1), 250.4(1), 536(1), 996(1), 491(2), 250.11(1), 531(1), 250.02(1), 486(1), 808(1), 42(1), 250.6(1), 440(1)",57
371,370,03712,diag_2,"250.41(1), 411(2), 218(1), 250(3), 287(1), 401(4), 414(2), 272(2), 998(2), V10(1), 428(2), 427(2), 437(1), 424(1), 611(1), 496(4), 578(1), 425(2), 682(1), V12(1), 263(1), 410(1), 295(1), 574(1), #####(1), 707(1), 648(1), 453(1), 403(2), 599(1), 285(2), 276(1), 280(1), 466(1), 518(1), 486(1), 557(1), 337(1), 585(2)",57
372,371,03721,diag_1,"942(1), 433(3), 227(1), 414(5), V57(1), 244(1), 410(2), 786(4), 824(1), 614(1), 295(1), 618(1), 261(1), 426(1), 290(1), 428(2), 780(3), 402(1), 276(2), 427(2), 250.7(1), 511(1), 715(2), 560(2), 403(1), 574(2), 278(1), 250.8(1), 998(1), 250.6(1), 808(1), 486(1), 487(1), 434(1), 584(2), 514(1), 537(1), 345(1)",57
372,371,03722,diag_2,"591(1), 250.01(1), 252(1), 250.6(1), 715(1), 411(2), 401(1), 424(2), 413(1), 414(2), V42(1), 41(1), 427(2), 428(2), 250(2), 599(3), 788(1), 496(6), 493(2), 162(1), 280(1), #####(4), 785(1), 780(1), 571(1), 574(1), 786(1), 303(1), 285(2), 357(1), 577(1), 491(1), 707(1), 714(1), 438(1), 276(1), 403(1), 518(1), 836(1)",57
373,372,03731,diag_1,"429(1), 428(2), 250.41(1), 414(2), 309(1), 410(4), 433(1), 786(2), V57(1), 996(3), 486(2), 278(2), 250.13(1), 440(2), 294(1), 435(1), 135(1), 402(2), 715(1), 427(1), 820(1), 618(1), 577(1), 332(1), 722(1), 197(1), 608(1), 578(2), 780(1), 403(1), 491(3), 584(2), 415(2), 599(1), 153(1), 250.82(1), 38(1), 250.8(1), 646(1), 518(1)",57
373,372,03732,diag_2,"424(2), 250.01(1), 403(3), 411(1), 413(2), 304(1), 286(1), 410(3), 428(2), 250(2), 427(3), 38(1), 196(1), 250.6(1), 593(1), 780(2), 250.02(3), 517(1), 396(1), 401(2), 599(2), 596(1), 560(1), 305(1), 707(1), 789(1), 493(1), 574(1), 272(1), #####(3), 276(1), 250.11(1), 518(2), 41(1), 568(1), 682(1), 648(1), 491(1), 799(1)",57
374,373,03741,diag_1,"786(2), 440(1), 682(1), 414(4), 410(4), 441(1), 416(1), V57(2), 540(1), 428(2), 296(2), 998(1), 434(4), #####(2), 788(1), 600(1), 715(1), 724(1), 276(2), 162(1), 486(2), 250.6(2), 404(1), 435(1), 789(1), 491(2), 558(1), 493(2), 562(1), 466(1), 584(1), 280(1), 250.82(1), 599(1), 53(1), 838(1), 250.2(1), 576(1)",57
374,373,03742,diag_2,"250.01(3), 411(2), 401(3), 414(2), 496(4), 440(1), 780(1), 427(2), 428(2), V64(1), 272(2), 424(1), 42(1), 710(1), 250(2), 425(1), 431(1), 204(1), 738(1), 250.11(1), #####(5), 784(1), 707(2), 403(1), 276(2), 342(1), 304(1), 493(2), 250.02(1), 569(1), 682(1), 287(1), 584(1), 786(1), 250.6(1), 461(1), 156(1)",57
375,374,03751,diag_1,"826(1), 722(2), 414(4), 428(2), V57(2), 572(1), 426(1), 410(2), 433(2), 786(1), 424(1), 682(2), 296(2), 435(2), 250.7(2), 998(1), 482(1), #####(1), 250.02(1), 562(1), 486(4), 276(2), 250.11(1), 724(1), 427(1), 386(1), 493(1), 38(2), 250.92(1), 491(1), 403(1), 250.8(1), 584(3), 600(1), 280(1), 578(1), 574(1), 575(1)",57
375,374,03752,diag_2,"250(3), 250.01(1), 411(2), 424(2), 401(3), 571(2), 512(1), 780(1), 428(2), 414(1), 707(3), 292(1), 303(1), 331(1), 682(2), 427(3), 496(1), 276(7), 284(1), 250.02(2), 722(1), 305(2), 599(3), 301(1), #####(1), 491(1), 38(1), 594(1), 569(1), 291(1), 403(1), 575(1), 486(1), 535(1)",57
376,375,03761,diag_1,"414(3), 600(1), 250.22(1), 410(2), 250.81(1), 250.13(1), 722(1), V57(1), 820(1), 428(2), 434(2), 38(3), 715(2), 535(1), 250.7(1), 250.6(1), 226(1), 427(4), 402(1), 997(1), 530(2), 296(1), 486(3), 562(1), 560(2), 415(1), 578(1), 574(1), 466(1), 575(1), 569(1), 157(1), 250.11(1), 969(1), 599(1), 198(1), 250.1(1), 284(1), 518(1), 584(1), 813(1), 491(1)",57
376,375,03762,diag_2,"250.01(2), 411(1), 434(1), 250(4), 493(1), 428(2), 518(1), 276(3), 730(1), 292(1), 496(2), 250.4(1), 413(1), 250.02(3), 682(1), 401(3), 424(1), 599(5), 530(1), 553(1), 287(1), 403(2), #####(1), 453(1), 427(2), 280(1), 263(1), 577(1), 733(1), 707(1), 162(2), 458(1), 205(1), 585(1), 491(1), 486(1), 807(1), 487(1)",57
377,376,03771,diag_1,"682(1), 569(1), 293(1), 577(1), 414(3), 295(2), 433(1), V57(1), 410(1), 786(2), 593(1), 250.02(1), 424(1), 572(1), 428(2), 296(1), 998(1), 555(1), 250.81(1), V53(1), #####(4), 276(3), 486(2), 721(1), 715(1), 427(1), 440(1), 434(1), 733(1), 415(1), 250.4(1), 250.6(1), 532(1), 348(1), 431(1), 560(1), 255(1), 38(1), 787(1), 162(1), 493(1), 250(1), 584(1), 11(1), 556(1), 518(1)",57
377,376,03772,diag_2,"250.43(1), 250.01(2), 295(2), 411(1), 413(1), 250(1), 496(1), 428(2), 427(3), 453(1), 300(1), 276(7), 998(1), 572(1), 250.02(2), 403(4), 304(1), 401(2), 731(1), 707(1), 425(1), 780(1), 727(1), 781(1), 996(1), #####(1), E935(1), 486(2), 285(1), 250.8(1), 198(1), 342(1), 491(1), 250.92(1), 599(1), 518(2), 790(1), 162(1), 562(1)",57
378,377,03781,diag_1,"250.03(1), 440(1), 410(3), 507(2), 414(4), 218(1), 433(1), 786(2), V57(2), 722(1), 428(1), 296(1), 572(1), 434(2), 162(1), 780(1), 562(1), 574(1), 715(1), 435(1), 557(1), 822(1), 278(1), 486(1), 250.02(1), 276(1), 998(1), 250.6(1), 491(2), 576(1), 564(1), 719(1), 255(1), 558(3), 403(1), 348(2), 493(2), 599(1), 707(1), 532(1), 518(1), 536(1), 941(1)",57
378,377,03782,diag_2,"276(5), 250.51(1), 436(1), 250.01(1), 411(1), 250.02(6), 998(1), 413(2), 250(2), 401(3), 428(2), 358(1), 427(3), 511(2), 496(2), 599(2), 788(1), V49(1), E880(1), 331(1), 250.13(1), 536(1), 414(1), 574(1), 996(1), 425(1), #####(2), 402(1), 794(1), 453(1), 707(1), 584(1), 569(1), 255(1), 486(1), 585(1), 802(1)",57
379,378,03791,diag_1,"434(1), 414(5), 997(2), 433(1), 162(1), 464(1), 295(1), 453(1), V57(2), 786(1), 410(1), 996(1), 225(1), 428(2), 250.12(1), 296(1), 682(2), 250.6(2), 727(1), 486(2), #####(2), 427(2), 574(1), 820(1), 404(1), 715(2), 719(1), 507(1), 780(1), 493(1), 198(1), 564(1), 577(1), 789(1), 250.4(1), 38(2), 276(1), 724(1), 491(2), 250.82(1), 584(1), 8(1)",57
379,378,03792,diag_2,"250.41(1), 411(1), 567(1), 413(1), V12(1), 492(1), 401(5), 425(2), 250(3), 496(2), V42(1), 427(3), 996(1), 38(1), 518(1), V45(1), 303(1), 424(1), 414(1), 682(2), 428(2), 560(1), 276(2), #####(2), 707(1), 781(1), 491(3), 403(2), 278(1), 564(1), 569(1), 402(1), 288(1), 250.13(1), 507(1), 722(1), 799(1), 443(1), 585(1), 584(1)",57
380,379,03801,diag_1,"493(1), 585(1), 414(3), 428(2), 410(4), 577(1), 726(1), 996(3), V57(1), 296(2), 786(1), 250.13(1), 730(1), #####(1), 998(1), 427(2), 250.7(1), 715(2), 789(1), 511(1), 434(2), 724(1), 174(1), 486(1), 535(1), 824(1), 403(1), 564(1), 578(1), 599(1), 276(1), 562(1), 432(1), 557(1), 404(1), 250.12(1), 820(1), 250.8(1), 285(1), 38(1), 250.1(1), 584(2), 202(1), 790(1)",57
380,379,03802,diag_2,"250.43(1), 250.41(1), 411(2), 250(2), 414(2), 250.6(1), 715(1), 453(1), 300(1), 427(5), 425(2), 486(3), 518(2), 496(3), 38(1), 305(2), 682(1), 250.02(2), 403(2), 707(2), 401(2), 428(2), 710(1), 599(3), V45(1), 789(1), 593(1), 808(1), 410(1), 276(2), #####(1), 250.12(1), 290(1), 357(1), 728(1)",57
381,380,03811,diag_1,"295(1), 250.33(1), 227(1), 682(3), 414(4), 436(2), 410(2), 786(4), 250.7(2), 220(1), 428(2), 441(1), 574(1), 507(1), 599(1), 515(1), 435(1), 427(2), 780(1), 600(1), #####(4), 486(2), 151(1), 733(1), 722(1), 458(1), 787(1), 447(1), 617(1), 466(1), 531(1), 577(1), 250.8(2), 38(1), 584(1), 298(1), 434(1), 250.1(1), 250(1)",57
381,380,03812,diag_2,"250.01(2), 276(4), 428(2), 411(2), 414(4), 342(1), 250(5), 959(1), 425(1), 440(1), 401(3), 617(1), 496(1), 511(1), 550(1), 250.02(1), 682(1), 424(1), #####(1), 599(2), 780(3), 403(2), 427(1), 198(1), 518(2), 786(1), 8(1), 112(1), 218(1), 493(1), 280(1), 730(1), 584(1), 311(1), 348(1), V58(1), 585(1)",57
382,381,03821,diag_1,"682(2), 451(1), 414(3), 410(3), 295(1), 250.81(1), 433(2), 250.02(1), 572(1), 428(2), 592(1), 434(2), 530(1), 250.22(1), 427(3), V57(1), 402(1), #####(3), 285(1), 996(1), 276(1), 574(1), 486(4), 787(1), 569(1), 962(1), 455(1), 780(1), 722(1), 250.8(1), 560(1), 250(1), 558(1), 162(1), 185(1), 511(1), 250.11(1), 599(1), 38(1), 518(2), 789(1)",57
382,381,03822,diag_2,"250.83(1), 250.5(1), 411(2), 250.6(1), V45(1), 413(1), 414(1), 250(5), 290(1), 496(2), 305(1), 428(2), 403(1), 303(1), 401(2), 250.02(2), 276(1), 424(1), 562(1), 427(3), 599(3), #####(2), 204(1), 553(1), E950(1), 278(1), 412(1), 344(1), 707(1), 197(1), 593(1), 491(1), 250.12(1), 162(2), 600(1), 515(1), 465(1), 584(1), 486(3), 256(1)",57
383,382,03831,diag_1,"78(1), V57(3), 414(4), 410(1), 433(1), 428(2), 730(1), 571(1), 618(1), 250.02(1), 786(1), 715(2), 276(2), 182(1), 296(1), 780(1), 250.6(1), #####(3), 440(1), 291(1), 682(2), 590(1), 404(1), 402(1), 438(1), 250.42(1), 453(1), 532(1), 250.8(2), 486(2), 491(2), 719(1), 403(1), 38(2), 584(1), 198(1), 599(1), 333(1), 493(1), 280(1), 820(1), 627(1)",57
383,382,03832,diag_2,"277(1), 715(1), 411(3), 414(2), 250.81(1), 428(2), 451(1), 427(3), 70(1), 218(1), #####(4), V10(1), 571(2), 401(4), 303(1), 424(1), 707(1), 821(1), 493(3), 250.02(1), 599(5), 780(1), 403(3), 285(1), 491(1), 789(1), 486(2), 706(1), 189(1), 276(1), 799(1), 202(1), 404(1), V46(1), 812(1)",57
384,383,03841,diag_1,"250.03(1), 410(2), 153(1), 414(2), 786(1), 250.13(1), 799(1), 250.7(2), 998(1), 553(1), 996(1), 682(2), 571(1), 482(1), 250.6(3), 428(2), 569(2), 427(2), 507(2), 440(1), 203(1), 722(1), 540(1), 780(1), 789(1), 530(1), 592(1), 276(1), 335(1), 434(1), 562(2), 453(1), 599(2), 493(1), 250.8(1), 280(1), 162(1), 861(1), 518(1), 873(1), 250.82(1), 584(1), 660(1), 491(1), 38(1)",57
384,383,03842,diag_2,"701(1), 250.01(2), 411(3), 401(1), 250.02(3), 427(5), 440(1), 340(1), 788(2), 38(1), 456(1), 414(1), 682(2), 578(2), 428(2), 519(1), 444(1), 785(1), 722(1), 453(1), 276(4), 536(1), 599(1), 591(1), 707(1), 518(1), 272(1), #####(3), 41(1), 569(1), 403(1), 250(1), 820(1), 564(1), 881(1), 730(1), 648(1), 285(1), 995(1)",57
385,384,03851,diag_1,"414(2), 182(1), 410(1), 241(1), 250.12(1), 250.13(1), 786(2), 428(2), 440(1), 401(1), 153(1), 715(1), 600(1), 996(1), V57(1), 820(2), 592(1), 250.8(2), 250.6(2), 250.2(1), 486(3), 250.4(1), 997(1), 276(1), 510(1), 415(2), 535(1), 560(1), #####(2), 922(1), 785(1), 562(1), 578(1), 493(1), 595(1), 682(1), 162(1), 491(1), 571(1), 38(3), 661(1), 490(1), 707(1), 812(1), 250(1)",57
385,384,03852,diag_2,"411(1), 250(3), 196(1), 428(2), 401(2), 413(1), 577(1), 493(1), 496(1), 198(1), 427(3), 403(3), 438(1), #####(3), 599(6), V45(1), 272(1), E878(1), 276(3), 516(1), 453(1), 707(1), 280(5), 425(1), 491(3), 285(1), 426(1), 250.8(1), 458(1), 584(1), 648(1), 728(1), 824(1), V58(1)",57
386,385,03861,diag_1,"340(1), 296(1), 789(1), 414(4), 824(1), 411(1), 482(2), 161(1), 410(2), 433(1), 996(2), 413(1), 441(1), 594(1), 428(2), 600(1), 786(1), 722(1), 532(1), V57(1), 197(2), 250.6(2), 427(3), 682(1), 444(1), 346(1), 415(1), #####(2), 569(1), 577(1), 250.8(1), 198(1), 435(1), 715(1), 807(1), 486(1), 288(1), 38(2), 8(1), 518(1), 490(1), 860(1), 459(1), 275(1)",57
386,385,03862,diag_2,"250.02(2), 250.01(2), 250.41(1), 411(2), 401(4), 277(1), 997(1), 197(1), 414(2), 250.4(1), 300(1), 427(2), 250(1), 600(1), 788(1), 428(2), 791(1), 496(3), 285(1), 571(1), 203(1), 682(3), 493(2), 415(1), 518(2), 280(1), 491(2), 276(1), 577(1), 707(2), 162(1), 404(1), E885(1), 403(1), 486(1), 599(1), 263(1), #####(2), 585(1)",57
387,386,03871,diag_1,"786(2), 414(5), 410(5), 996(2), 433(1), 398(1), V57(1), 402(1), 592(1), 427(1), 428(2), 788(1), 574(1), 530(2), #####(1), 600(1), 434(1), 250.7(1), 733(1), 276(1), 715(2), 780(1), 532(1), 851(1), 440(1), 197(2), 552(1), 922(1), 486(2), 491(1), 726(1), 156(1), 789(1), 250.8(1), 493(1), 202(1), 250.2(1), 38(3), 562(1), 220(1)",57
387,386,03872,diag_2,"250.51(1), 250.01(3), 411(4), 998(1), 413(2), 414(2), 578(1), 496(3), 997(1), 427(3), E879(1), 428(2), 511(1), 599(5), 478(1), 250(2), 425(1), #####(2), 707(2), V12(1), 250.02(3), 574(1), 402(1), 401(1), 493(1), 276(2), 790(1), 786(1), 285(2), 535(1), 785(1), 592(1), 584(1), 261(1)",57
388,387,03881,diag_1,"414(6), 433(2), V57(1), 410(2), 572(1), 420(1), 428(2), 996(1), 458(1), 592(2), 434(3), 402(1), 997(1), #####(4), 574(1), 780(2), 427(2), 577(2), 682(2), 276(1), 250.6(1), 786(1), 486(1), 820(1), 453(2), 552(2), 560(1), 331(1), 250.1(2), 595(1), 493(1), 782(1), 274(1), 518(1), 584(1), 599(1)",57
388,387,03882,diag_2,"250.01(2), 250.6(2), 411(1), 424(2), 820(1), 414(2), 571(1), 427(7), 496(3), 397(1), 997(1), 682(2), 788(1), 401(1), 428(2), 403(2), 250(1), #####(4), 707(2), 290(1), 599(2), 416(1), 276(6), 596(1), 786(1), 493(1), 294(2), 723(1), 202(1), 591(1), 585(1)",57
389,388,03891,diag_1,"733(1), 578(2), 999(1), 575(1), 414(2), 218(1), 410(1), V57(2), 786(4), 153(1), 427(2), 189(1), 996(2), 250.81(1), 428(2), 722(1), 426(1), 507(1), 154(1), 604(1), 532(1), #####(2), 276(4), 780(1), 434(1), 682(1), 404(1), 535(1), 3(1), 852(1), 486(2), 491(2), 723(1), 466(1), 250.8(1), 289(1), 280(1), 511(1), 518(1), 584(1), 784(1), 142(1)",57
389,388,03892,diag_2,"250.01(2), 250.03(1), 682(3), 411(2), 413(1), 250(5), 414(2), 401(1), 196(2), 424(2), 560(1), 287(1), 428(2), 285(1), 250.02(2), 496(2), 530(1), 780(2), 493(4), 427(3), 403(1), #####(3), 250.13(1), 785(1), 599(1), 276(4), V54(1), 707(1), 486(2), 515(1), 150(1)",57
390,389,03901,diag_1,"786(3), 414(3), 428(2), 437(1), 410(2), 512(1), V57(1), 435(1), #####(4), 292(1), 682(2), 402(1), 250.8(4), 789(1), 532(1), 595(1), 996(1), 724(1), 599(2), 444(1), 154(2), 276(2), 250.6(1), 431(1), 415(1), 453(1), 530(1), 780(1), 346(1), 280(1), 801(1), 562(1), 518(1), 285(1), 821(1), 812(1), 9(1), 982(1), 816(1), 614(1), 452(1)",57
390,389,03902,diag_2,"250.01(1), 511(1), 413(1), 411(1), 496(4), 401(2), 428(2), 426(1), 276(5), 427(2), 250(5), 425(1), #####(3), 396(1), 403(2), 293(1), 305(1), 569(1), 607(1), 784(1), 453(1), 272(1), 682(1), 285(1), 153(1), 599(3), 486(1), 780(1), 455(1), 584(1), E947(1), 595(1), 681(1), 535(1), E950(1), 842(1), V63(1), 573(1)",57
391,390,03911,diag_1,"250.13(1), 428(2), 780(3), 402(1), 414(5), 574(2), 250.7(2), V57(2), 410(1), 781(1), 473(1), 996(1), 440(2), 786(1), 618(1), 507(1), 435(1), 427(2), 682(1), 715(3), 415(1), 278(1), 556(1), 577(1), 789(1), 707(1), V55(1), 157(1), 820(1), 536(2), 491(1), 250.12(1), 38(2), 285(1), 787(1), 519(1), 578(1), 5(1), 275(1), 599(1), 250.11(1)",57
391,390,03912,diag_2,"250.53(1), 250.5(1), 250.01(1), 250.03(1), 411(1), V45(1), 250(6), 492(1), 440(1), 427(4), 428(2), 250.81(1), 277(1), 38(1), 998(1), 401(5), 530(1), 425(1), 707(1), 496(2), 599(1), 424(1), 574(1), 719(1), 250.02(2), 278(1), 584(2), 331(1), #####(1), 276(3), 780(1), 112(1), 8(1), 682(1), 799(1), E935(1), 198(1), V49(1), V58(1)",57
392,391,03921,diag_1,"429(1), 157(1), 428(2), 250.13(3), 578(1), 414(2), 410(1), 786(4), 458(1), 715(2), 433(1), #####(2), 434(2), 996(1), 440(1), 550(1), 88(1), 427(3), 780(2), 276(1), 571(1), 491(1), 486(1), 724(1), 562(1), 682(2), 250.8(1), 560(1), 416(1), 290(1), 493(1), 274(1), 590(1), 794(1), 38(2), 415(1), 972(1), 438(1), 728(1), 285(1), 584(1), 518(1)",57
392,391,03922,diag_2,"428(2), 250.01(3), 250.6(1), 413(1), 414(1), 401(2), 250(2), 276(3), 382(1), 496(4), 581(1), 997(1), 403(3), V45(2), 427(4), #####(2), 599(3), 250.02(1), 789(1), V15(1), 518(1), 707(2), 287(1), 780(2), 560(1), 41(1), 786(1), 202(1), 782(1), 458(1), 285(1), 592(1), 425(1), 783(1), 154(1), 197(1)",57
393,392,03931,diag_1,"648(1), 414(4), 403(1), 250.41(1), 410(3), 530(1), 786(2), V57(1), 996(1), 250.11(2), 428(2), 250.02(2), 250.7(1), 426(1), 401(1), 440(1), 572(1), 998(1), 402(1), 780(3), #####(1), 290(1), 427(2), 682(1), 185(1), 724(1), 276(2), 486(1), 453(1), 824(1), 197(1), 599(2), 250.8(1), 790(1), 482(1), 715(2), 537(1), 280(1), 425(1), 584(1), 850(1), 805(1)",57
393,392,03932,diag_2,"250.01(2), 411(2), 585(1), 997(1), 414(2), 287(1), E930(1), 428(2), 427(6), 998(2), 581(1), 780(1), 710(1), 496(2), 250(2), 996(1), 276(6), #####(4), 599(2), 70(1), 278(1), 401(1), 250.02(1), 38(1), 305(1), 197(1), 403(1), 491(1), 518(1), 41(1), 285(1), 280(1), 569(1), 584(1), E936(1), 805(1)",57
394,393,03941,diag_1,"250.03(1), V57(1), 346(1), 414(2), 410(3), 428(2), 441(1), 786(4), 250.13(1), 996(1), 250.11(1), 440(2), 727(1), 780(2), 434(1), 250.6(1), 427(1), 655(1), #####(2), 557(1), 482(2), 250.8(2), 820(1), 486(2), 276(3), 715(1), 155(1), 493(2), 250.2(1), 823(1), 682(1), 562(1), 197(1), 38(1), 491(2), 443(1), 574(1), 287(1), 998(1), 535(1)",57
394,393,03942,diag_2,"599(3), 715(1), 250.03(1), 411(2), 414(3), 440(1), 305(1), 401(1), 427(5), 250(4), 292(1), 496(3), 428(2), 396(1), 403(2), 424(1), 425(1), 276(3), 648(1), 578(1), 38(1), V45(1), #####(4), 780(1), 491(1), 205(1), 280(1), 432(1), 162(1), 518(1), 785(1), 486(1), 289(1), 726(1), E849(1), 585(1)",57
395,394,03951,diag_1,"789(1), 250.41(1), 414(4), 411(1), 250.13(2), 290(1), 786(1), 428(2), 715(1), 513(1), V57(1), 572(1), 493(1), #####(2), 212(1), 440(1), 427(5), 211(1), 250.7(1), 996(1), 507(1), 530(1), 682(2), 276(2), 250.8(1), 618(1), 404(1), 453(1), 730(1), 997(1), 552(1), 555(1), 820(1), 38(2), 250.11(1), 590(1), 285(1), V58(1), 998(1), 805(1), 491(1), 9(1), 959(1), 584(1)",57
395,394,03952,diag_2,"250.03(1), 583(1), 411(2), 250(1), 401(4), 413(1), 437(1), 272(1), 276(5), 414(3), 511(1), 997(1), 496(3), 707(2), 284(1), 250.6(1), 453(1), 424(1), 410(1), 427(1), 530(1), 428(2), #####(4), 682(1), 599(4), 403(4), E878(1), 250.02(1), 584(1), 162(1), 174(1), 518(1), 486(1), 250.3(1)",57
396,395,03961,diag_1,"410(4), 414(7), 820(1), 420(1), 436(1), 585(1), 722(1), 185(1), 440(2), 532(1), 435(2), 427(4), 250.6(1), 250.4(1), 444(1), 278(1), 507(1), 453(2), 486(2), 715(2), 276(2), 154(1), 428(2), 491(1), 250.8(3), 599(1), 438(1), 780(1), 786(1), 584(2), 560(1), 250.82(1), 38(1), V57(1), 459(1)",57
396,395,03962,diag_2,"999(1), 250.01(1), 250.7(1), 411(1), 250.02(1), 997(1), 413(1), 331(1), 496(6), 428(2), 250(3), 427(3), 403(2), 788(1), 401(5), #####(4), V45(1), 444(1), 276(4), 157(1), 278(2), 599(2), 446(1), 515(1), 491(1), 295(1), 402(1), 536(1), 584(1), 730(1), 707(2), 799(1), 823(1)",57
397,396,03971,diag_1,"436(1), 682(2), 414(4), 799(1), 786(2), 714(1), 824(1), 997(1), 416(1), 434(1), 401(1), 427(1), 618(1), 572(1), 331(1), 203(1), 507(1), 428(2), 200(1), 250.7(1), 486(3), V54(2), 250.4(1), 493(1), 996(1), 599(1), 415(1), 296(2), 300(1), #####(1), 521(1), 465(1), 781(1), 578(1), 625(1), 458(1), 535(1), 823(1), 348(1), 38(2), 53(1), 574(1), 528(1), 431(1), 584(1), 998(1)",57
397,396,03972,diag_2,"250.01(2), 250.6(2), 411(3), 424(2), 286(1), 425(2), 492(1), 428(2), 571(1), 250.02(1), 511(1), 560(1), 789(1), 496(2), 427(2), 250(2), 682(1), 785(2), 402(1), 403(1), 414(1), 331(2), 453(1), 301(1), 599(1), 491(1), 250.22(1), 276(4), 295(1), #####(1), 518(2), 285(1), 263(1), 284(1), 584(2), 600(1), 873(1), 430(1), 577(1), 262(1)",57
398,397,03981,diag_1,"428(2), 562(1), 414(5), 433(1), 250.7(1), 410(1), 303(1), 786(1), 250.13(1), 530(1), 435(1), 516(1), 296(1), #####(4), 586(1), 722(1), 571(1), 820(2), 507(1), 578(1), 311(1), 577(1), 782(1), 211(1), 780(1), 560(1), 567(1), 733(1), 599(3), 440(1), 493(1), 250.11(1), 789(2), 491(2), 250.1(1), 415(1), 724(1), 486(2), 531(1), 569(1), 574(1), 736(1), 518(1)",57
398,397,03982,diag_2,"250.01(2), 998(1), 413(1), V45(1), 401(2), 496(4), 440(1), 428(2), 518(2), 250(4), 276(7), 287(1), 305(2), 493(1), 427(2), 599(4), 789(1), 410(1), 280(1), #####(3), 403(1), 335(1), 250.02(2), 425(1), 255(1), 296(1), 285(1), 211(1), 575(1), 996(1), 576(1), 486(1), 748(1)",57
399,398,03991,diag_1,"428(1), 414(3), 410(4), 786(7), 154(1), V57(2), 424(1), 997(1), 250.22(1), 276(1), 490(1), 250.7(1), 482(1), 434(2), 789(1), 996(1), 250.6(1), 250.11(1), 157(1), 577(2), 574(2), 711(1), 780(1), 530(1), 592(1), 726(1), 486(2), 427(1), 331(1), 560(1), 599(2), 682(2), 440(1), 562(1), 348(2), 403(1), 860(1), 493(1)",57
399,398,03992,diag_2,"250.01(1), 411(2), 434(1), 414(3), 496(2), 250.02(1), 401(2), 428(2), 250(2), 403(3), 780(1), 427(4), E933(1), V42(1), 707(2), 382(1), 276(1), 287(1), 438(1), 493(2), 197(1), 574(2), 717(1), 781(1), 786(1), 591(1), 294(1), 577(2), 491(2), 357(1), 584(4), 285(1), 790(1), 782(1), 490(1), 518(1), 327(1)",57
400,399,04001,diag_1,"250.13(2), 414(6), 996(2), 593(1), 410(3), 585(1), 295(1), 413(1), 174(1), 581(1), 564(1), 786(1), 428(2), 441(1), #####(4), 577(1), 250.82(2), 729(1), 715(2), 532(1), 162(1), 276(1), 250.6(1), 404(1), 427(1), 596(1), 453(1), 491(1), 486(2), 250.11(1), 590(1), 287(1), 458(1), 599(2), 781(1), 682(1), 787(1), 136(1), 250(1), 518(1)",57
400,399,04002,diag_2,"250.43(1), 250.5(1), 411(2), 567(1), 413(2), 250(9), 414(2), 401(2), 590(1), 196(1), 428(2), 250.6(1), 427(4), 70(2), 496(2), 425(1), 997(1), 599(2), 707(1), 536(1), 682(1), 272(1), 491(1), 276(6), 998(1), 518(1), 41(1), 403(1), 443(1), 789(1), 584(1), 730(1), 486(1)",57
401,400,04011,diag_1,"431(1), 820(2), 414(8), 303(1), 782(1), 486(2), 428(2), 410(3), 585(1), 821(1), 592(1), 571(1), 440(1), 532(1), 786(1), 218(1), 297(1), 250.6(2), 475(1), #####(2), 531(2), 724(1), 427(2), 278(1), 682(1), 729(1), 250.02(1), 577(1), 415(1), 434(1), 493(1), 802(1), 250.8(1), 284(1), 38(1), V57(1), 507(1), 722(1), 8(1), 453(1), 296(1)",57
401,400,04012,diag_2,"250.01(2), 250.41(1), 250.6(1), 411(3), 571(2), 277(1), 414(1), 413(1), 250(2), 428(2), 396(1), V42(1), #####(3), 427(2), 511(1), 456(1), 424(2), 784(1), 285(1), 585(1), 530(1), 250.02(1), 710(1), 305(2), 707(1), 733(1), 296(1), 403(2), 453(1), 518(3), 276(4), E885(1), 70(1), 799(1), 482(1), 584(1), 289(2), 527(1), V62(1)",57
402,401,04021,diag_1,"414(8), 616(1), 584(2), 427(1), 410(2), 786(1), 724(1), 787(1), 722(1), 241(1), 572(1), 715(2), 428(2), 996(2), 574(1), 573(1), 440(1), #####(4), 733(1), 682(2), 415(1), 530(1), 486(3), 535(1), V57(1), 250.12(1), 162(1), 425(1), 577(2), 707(1), 38(1), 491(1), 562(2), 250.42(1), 183(1), 250(1), 511(1)",57
402,401,04022,diag_2,"411(1), 401(2), 250.01(1), 413(1), V45(1), 250(3), 250.81(1), 428(2), #####(5), 427(2), 250.6(2), 786(3), 518(2), 780(1), 276(3), 414(1), 425(1), 410(1), 403(3), 496(1), 785(1), 707(1), 38(1), 493(1), 41(1), V54(1), 599(2), 197(1), 789(1), 280(1), 79(1), 486(2), 491(1), 568(1), 682(1), 285(1), 535(1), 805(1)",57
403,402,04031,diag_1,"414(5), 415(1), 296(1), 276(1), 722(1), 218(1), 440(1), 250.02(2), 413(1), 786(3), 250.7(2), 428(2), 402(1), 998(1), 435(1), 682(2), 458(1), 780(2), 427(3), #####(1), 250.11(1), 575(1), 560(3), 441(1), 486(2), 996(1), 531(1), 491(2), 715(2), 250.8(1), 820(1), 250(1), 490(2), 519(1), 250.1(1), V58(1), 584(1), 807(1)",57
403,402,04032,diag_2,"411(2), 250.01(1), 309(1), V42(1), 250.6(1), 424(1), 492(1), 413(1), V15(1), 394(1), 250(3), 427(5), 710(1), 305(2), 707(2), 425(1), 428(2), 250.02(2), 283(1), 785(1), #####(4), 531(1), 786(2), 414(1), 599(2), 486(1), 709(1), 285(1), 276(6), 280(1), 70(1), 404(1), 496(1), 162(1), 905(1), 805(1)",57
404,403,04041,diag_1,"304(1), 414(2), 482(1), 250.41(1), 293(1), 425(1), 250.13(1), 436(1), 738(1), 530(1), 786(3), 250.81(1), 280(1), 250.7(1), 410(2), 250.22(1), 428(2), 434(2), 507(1), 996(2), 427(2), 553(1), 716(1), 250.6(1), 715(1), 440(1), 276(1), 250.8(2), 458(1), 486(1), 664(1), 491(2), #####(1), 250.12(1), 296(1), 527(1), 197(1), 577(1), 642(1), 466(1), 654(1), 511(1), 38(1), 584(1), 238(1), 403(1), 682(1)",57
404,403,04042,diag_2,"305(1), 411(2), 277(1), 585(2), 162(1), V42(1), 424(1), 280(1), 250(4), 250.81(1), 414(2), 707(2), 999(1), 440(1), 428(2), 401(3), 413(1), 242(1), 250.11(1), 412(2), 197(1), 518(2), 386(1), 427(1), 560(1), 403(2), 496(1), #####(1), 493(1), E878(1), 648(3), 491(1), 276(2), 296(1), 573(1), 255(1), 263(1), 590(1), 284(1), 584(1), 882(1)",57
405,404,04051,diag_1,"414(4), 150(2), 411(2), 303(1), 410(1), 189(2), 440(1), 250.7(2), 185(1), 786(2), V57(1), 996(1), 428(2), 425(1), 403(1), 721(1), 604(1), 250.8(1), 715(2), 574(2), 540(1), 511(1), 250.6(1), 404(1), 458(1), 578(1), 250.4(1), 274(1), 453(1), 466(1), #####(2), 491(2), 250.11(1), 560(1), 562(1), 487(1), 38(1), 599(1), 427(1), 276(1), 8(1), 250.82(1), 518(1), 958(1)",57
405,404,04052,diag_2,"411(1), 250.01(1), 401(3), 250(6), 427(2), 413(1), 414(3), 998(1), 272(1), 710(1), 250.02(1), 574(1), 530(1), 719(1), 38(1), 424(2), 707(2), 250.4(1), 780(3), 786(1), E932(1), 157(1), 286(1), 428(2), 403(1), 276(4), #####(2), 491(1), 280(1), 599(1), 285(1), 847(1), 584(2), 197(1), 443(1), 507(1), 733(1)",57
406,405,04061,diag_1,"250.21(1), 786(5), 789(1), 682(1), 440(2), 428(2), 414(1), 410(1), 722(1), 535(1), 250.6(1), 434(2), 453(1), 402(1), 780(2), 998(1), 276(2), #####(1), 715(2), 577(1), V57(1), 486(4), 174(1), 403(1), 415(1), 331(1), 852(1), 491(3), 824(1), 250.8(1), 820(1), 562(1), 599(2), 972(1), 427(1), 584(1), 459(1), 617(1), 348(1), 250.11(1), 585(1)",57
406,405,04062,diag_2,"250.51(1), 411(1), 437(1), 250.6(1), 434(1), 250.4(2), 427(4), 250.02(1), 428(2), 250(7), 414(1), 571(1), 424(1), 574(1), 425(1), 682(1), #####(3), 599(4), 780(1), 438(1), 401(1), 496(1), 493(1), 402(1), 873(1), 707(2), E888(1), 342(1), 491(1), 41(1), 276(3), 486(1), 162(1), 518(1), 625(1), 584(1), V58(1), 745(1)",57
407,406,04071,diag_1,"414(4), V57(1), 189(1), 410(3), 411(1), 786(4), 428(2), 722(1), 997(1), 780(3), 427(2), 522(1), #####(6), 434(1), 682(2), 715(4), 250.6(2), 433(1), 511(1), 507(1), 276(1), 188(1), 820(1), 416(1), 79(1), 440(1), 250.8(1), 789(1), 486(1), 482(1), 578(1), 518(2), 812(1), 996(1)",57
407,406,04072,diag_2,"411(2), 437(1), 196(1), 413(2), V45(1), 414(3), 278(1), 496(1), 300(1), 401(3), 428(2), 295(1), 250(2), 253(1), 682(1), 425(1), 780(1), #####(3), 427(5), 272(1), 250.8(1), 707(3), 410(1), 574(1), 518(2), 599(1), 250.13(1), 276(2), 403(1), 491(5), 459(1), 250.12(1), 285(2), 349(1)",57
408,407,04081,diag_1,"643(1), 414(4), 618(1), 410(4), 70(1), 786(2), 250.02(1), 428(2), 600(1), V57(1), 413(1), 402(1), 205(1), 250.22(1), 711(1), 996(2), #####(1), 250.7(1), 250.6(3), 250.12(1), 780(2), 592(1), 153(1), 682(2), 486(3), 560(1), 433(1), 491(2), 198(1), 427(1), 584(3), 808(1), 458(1), 715(1), 552(1), 250(1), 253(1), 562(1), 294(1)",57
408,407,04082,diag_2,"648(1), 411(1), 620(1), 401(3), 414(2), 250(2), 998(1), 428(2), 511(2), 788(1), V43(1), 427(3), 682(2), 496(2), 276(5), #####(2), 280(1), 403(3), 785(1), 305(1), 198(1), 591(2), 707(1), 250.02(1), 584(1), 285(2), 491(3), 434(1), 425(1), 202(1), 486(2), 197(1), 250.92(1), E849(1), 312(1)",57
409,408,04091,diag_1,"786(2), 820(3), 235(1), 491(1), 414(4), 410(2), 250.81(1), 250.7(1), 590(3), 433(2), 295(1), 967(1), 592(1), 572(1), 996(2), 722(1), 427(2), 428(2), 478(1), 682(2), 715(1), 434(1), 162(1), 250.6(1), 278(1), 174(1), 263(1), 415(1), 250.13(1), 562(1), 531(1), 453(1), 566(1), 780(1), 599(2), 966(1), 250.82(1), 584(1), V58(1), 518(1), 569(1), 38(1)",57
409,408,04092,diag_2,"250.01(2), 428(2), 250.41(1), 411(2), 413(1), 414(1), 682(1), 496(3), 440(1), 250.6(1), 493(1), 780(4), 998(1), 599(1), 427(6), 342(1), 250(3), 425(1), 403(3), #####(1), 70(1), 250.11(1), 707(2), 276(4), 453(1), 584(1), 280(1), 278(1), E885(1), 466(1), 41(1), 154(1), 491(1), 585(1), 995(1), 793(1)",57
410,409,04101,diag_1,"715(2), 414(3), 250.81(1), 250.12(1), 560(3), 250.93(1), 410(3), V57(1), 786(4), 185(1), 432(1), 250.7(1), 574(1), 428(2), 435(1), 996(1), 444(1), 427(1), 729(2), 722(1), 552(1), 250.6(2), 331(1), 434(1), 486(4), 820(1), 558(1), 599(1), 733(1), 491(2), #####(2), 780(1), 285(1), 511(1), 805(1), 842(1), 682(1), 945(1), 815(1)",57
410,409,04102,diag_2,"250.01(1), 411(1), 413(1), 290(1), V15(1), 250.81(1), 577(1), 426(2), 427(4), 428(2), 401(5), 250(3), 696(1), 707(2), 511(2), 425(1), 403(2), 493(1), 958(1), 276(3), 593(1), 404(2), 486(2), 599(1), 38(1), #####(2), 496(1), 285(1), 790(1), 491(1), 789(1), 584(1), 585(1), 805(1), 714(1), 110(1), 948(1), 955(1)",57
411,410,04111,diag_1,"414(6), 250.03(1), 290(1), 280(1), 722(2), 496(1), 454(1), 786(2), 715(4), 250.02(1), 724(1), 294(1), 434(1), 428(2), 276(2), 331(1), 250.2(1), 820(2), 577(1), 278(1), 427(1), #####(3), 571(1), 997(1), 558(1), 456(1), 590(1), 599(2), 626(1), 250.8(1), 491(2), 560(1), 821(1), 584(4), 403(1), 998(1), 518(1)",57
411,410,04112,diag_2,"250.03(1), 291(1), 250.01(1), 250.43(1), 411(2), 433(1), 250.6(1), V45(2), 401(2), 250(5), 428(2), 997(1), 287(1), 738(1), 413(1), 414(1), 425(3), 250.02(1), 427(3), #####(2), 198(1), 574(1), 493(1), 599(1), 532(1), E878(1), 157(1), 578(1), 491(1), 276(4), 486(3), 263(1), 280(1), 784(1), 403(1), 404(1), 518(1), 238(1), E849(1)",57
412,411,04121,diag_1,"428(2), 786(2), 592(1), 250.83(1), 434(1), 414(4), 436(2), V57(2), 410(3), 540(1), 250.7(1), 996(3), #####(4), 715(2), 789(1), 402(1), 427(1), 437(1), 250.02(1), 486(3), 530(1), 707(1), 198(1), 537(1), 491(1), 197(2), V58(1), 458(1), 562(1), 38(2), 584(1), 239(1), 823(1), 577(1), 652(1), 847(1), 8(1), 958(1)",57
412,411,04122,diag_2,"250.53(1), 250.01(2), 38(2), 250.7(1), 411(2), 496(4), 425(1), 434(1), 440(2), 413(1), 401(2), 414(1), V64(1), 711(1), 428(2), 424(2), 453(1), 788(1), V12(1), 402(1), 427(2), 250(2), 276(5), 786(1), 682(1), 599(1), 162(2), 571(1), 250.02(1), 200(1), 491(1), 566(1), 280(1), 562(1), E884(1), 250.92(1), 648(1), E885(1), 584(1), 868(1)",57
413,412,04131,diag_1,"414(2), 480(1), V57(1), 398(1), 401(1), 153(3), 786(3), 998(2), 486(3), 296(1), 196(1), 428(2), 536(1), 608(1), 434(1), 716(1), 996(1), 276(2), 427(2), 789(1), 292(1), #####(3), 719(1), 682(2), 535(1), 404(1), 590(1), 410(1), 250.12(1), 491(2), 298(1), 560(1), 415(1), 482(1), 715(1), 780(1), 578(1), 584(3), 518(2)",57
413,412,04132,diag_2,"411(3), 295(1), 428(2), 425(1), 250.4(1), 997(1), 401(5), 250(2), 998(1), 427(4), 197(2), 429(1), 567(1), 196(1), V15(1), 682(2), 403(1), 780(2), #####(2), 599(1), 574(1), 496(1), 198(1), 305(1), 486(1), 491(2), 276(2), 263(1), 410(1), 518(2), 285(2), 311(1), 787(1), 790(1), 577(1), 250.92(1), 507(1), 348(1)",57
414,413,04141,diag_1,"320(1), 414(2), 786(3), 250.02(1), 578(1), 420(1), 410(3), 433(1), 536(1), 428(2), 197(1), 426(1), #####(4), 435(1), 172(1), 278(1), 996(2), 434(1), 715(2), 574(1), 250.6(3), 276(2), 427(2), 592(1), 486(1), 882(1), 562(1), 599(1), 493(2), 780(1), 514(1), 250.11(1), 590(1), 38(2), 250(1), 728(1), 518(1), 824(1), 314(1), 965(1)",57
414,413,04142,diag_2,"403(2), 411(1), 378(1), 413(1), V15(1), V42(1), 599(2), 414(1), 272(2), 428(2), 710(1), 250.6(1), 425(3), 424(1), V10(1), 496(3), 250.02(1), 278(1), 197(1), 571(1), 493(1), 53(1), 790(1), 250(2), 574(1), 707(1), 427(1), 591(1), 536(1), 295(1), #####(2), 518(1), 786(1), 696(1), 276(2), 331(1), 412(1), 8(1), 285(1), 566(1), 337(1), 466(1), 491(1), 805(1), 309(1), 963(1)",57
415,414,04151,diag_1,"428(2), 295(1), 820(2), 250.43(1), 414(2), 410(1), 466(2), V57(1), 432(1), 276(3), 996(3), 722(1), 386(1), 294(1), 592(1), 440(1), #####(5), 427(2), 250.6(1), 599(2), 715(1), 153(1), 724(1), 486(2), 540(2), 458(1), 535(2), 404(1), 493(3), 745(1), 574(1), 584(2), 780(2), 434(1), 491(1), 284(1)",57
415,414,04152,diag_2,"250.41(1), 401(2), 250.6(1), 707(2), 780(4), 427(5), 428(2), V42(1), 8(1), 788(2), 340(1), 250(5), 512(1), 38(2), 414(1), 496(1), 682(1), 250.42(1), 493(1), 250.02(1), #####(1), 710(1), 403(1), 410(1), 491(2), 599(2), 425(2), 276(3), 577(1), 576(1), 575(1), 458(1), 368(1), 466(1), E947(1), 461(1)",57
416,415,04161,diag_1,"434(1), 550(1), 562(3), 414(5), 481(1), 410(3), 295(1), 572(1), 996(1), 682(2), 564(1), 574(1), 309(1), 997(1), 577(1), 585(1), 530(1), 789(1), 428(2), 486(2), 715(1), 404(1), 560(2), 198(1), 782(1), 239(1), 402(1), 250.6(1), 726(1), 427(1), 491(4), 38(3), 507(1), 250.12(1), 285(1), 786(1), 716(1), 569(1), 599(1), 873(1)",57
416,415,04162,diag_2,"250.01(3), 411(2), 250.03(1), 413(1), 401(2), 414(3), 250(4), 571(1), 427(5), 997(1), 428(2), V10(1), 788(1), 296(1), 682(2), 511(1), 276(5), 424(1), #####(2), 410(1), 403(1), 578(1), 515(1), 599(3), 496(1), 263(1), 569(1), 794(1), 789(1), 491(1), 996(1), 285(2), 584(1), 799(1)",57
417,416,04171,diag_1,"453(1), 250.03(1), 426(1), 414(4), 250.13(2), 410(2), 310(1), 423(1), 513(1), 786(1), 784(1), 427(1), 530(2), 435(2), 250.12(1), 250.7(1), 151(1), 682(1), 276(3), V56(1), 428(1), 250.8(1), 574(1), 577(2), 962(1), 564(1), 415(1), 294(1), 386(1), 491(1), 560(2), 434(1), 486(1), 780(1), 346(1), 197(1), 402(1), 466(2), 531(1), 584(2), 812(1), 845(1), 274(1), 8(1)",57
417,416,04172,diag_2,"250.53(1), 276(6), 250.01(1), 411(1), 244(1), 413(1), 424(3), 511(1), 305(2), 599(1), 496(1), 427(4), 478(1), 560(1), 250(3), 530(1), 707(2), 287(2), 285(2), 403(1), 414(1), 574(1), 303(1), V43(1), 784(1), 428(2), 8(1), 507(1), 518(1), 491(1), 162(1), 584(3), 250.02(1), 564(1), 558(1), 486(1), 577(1), 395(1)",57
418,417,04181,diag_1,"434(1), 648(1), 296(1), 414(3), 410(1), V57(1), 786(2), 996(1), 428(2), 153(2), 440(1), 174(1), 401(1), 444(1), 250.2(1), 278(1), 435(1), #####(2), 536(1), 486(1), 562(1), 415(1), 557(1), 431(1), 250.8(2), 590(1), 198(1), 780(2), 162(1), 717(1), 728(1), 824(2), 820(1), 578(1), 250.1(1), 432(1), 38(1), 808(1), 491(1), 611(1), 280(2), 8(1), V58(1), 518(1), 812(1), 813(1), 433(1)",57
418,417,04182,diag_2,"377(1), 647(1), 250.51(1), 411(1), 413(2), 401(2), 428(2), 493(1), 250(4), 421(1), 414(1), 496(2), 196(1), 998(1), 707(1), 425(1), 427(4), 410(2), #####(1), 453(1), 41(1), 276(5), 403(2), 727(1), E888(1), 486(1), 285(1), 599(4), 332(1), 292(1), 275(1), 205(1), 491(1), 490(1), 802(2), 369(1), 913(1)",57
419,418,04191,diag_1,"577(1), 414(4), 410(2), 295(1), 433(1), 250.7(1), 648(1), 530(1), 722(1), 428(2), 434(3), 786(2), 715(2), 250.02(1), 780(2), 574(1), 592(1), 733(2), V57(1), 465(1), 486(3), 198(1), #####(3), 278(1), 250.8(1), 204(1), 789(1), 491(2), 535(1), 38(1), 162(1), 518(2), 599(2), 558(1), 250.1(1), 578(1), 560(1), 8(1), 427(1)",57
419,418,04192,diag_2,"250.41(1), 411(1), 434(1), 424(1), 250(3), 428(2), 440(1), 648(1), 272(1), 414(1), 496(2), 250.82(1), 278(1), 998(1), #####(4), 593(1), 425(1), 599(1), 157(1), 401(1), 590(1), 560(1), 438(1), 427(1), 197(1), 276(6), 518(1), 402(1), 789(1), 682(1), 296(1), 786(1), 519(1), 486(3), 996(1), 162(1), 535(1), 600(1), 291(1), 202(1), 557(1), 584(1), 799(1)",57
420,419,04201,diag_1,"682(3), 38(3), 414(6), 486(3), 558(1), 434(1), 410(4), 376(1), 997(1), V57(2), 786(2), 866(1), 428(2), 427(1), 250.11(2), 599(3), 276(1), 250.6(2), 578(1), 174(1), 274(1), 969(1), 250.8(2), 197(1), 493(2), 780(1), 756(1), 562(2), 852(1), 348(1), 491(2), 195(1)",57
420,419,04202,diag_2,"250.41(2), 250.7(1), 411(2), 250.01(3), 413(1), 250.6(1), 414(1), 780(1), 440(1), 428(2), 272(1), 250(2), 427(1), 401(3), 412(1), 425(1), 723(1), 496(2), 785(1), 250.02(2), 788(1), 707(1), 403(1), 233(1), 719(1), 300(1), 493(1), 491(1), 197(1), 530(1), 276(2), 515(1), 599(1), 996(1), 294(1), 41(1), 162(1), 518(2), E935(1), 291(1), 486(2), 584(1), 285(1), 995(1)",57
421,420,04211,diag_1,"293(1), 414(4), 457(1), 410(1), 437(1), 433(1), 398(1), V55(1), 530(2), 434(1), 553(1), 780(3), 805(2), 428(2), 511(1), 427(1), 577(2), 733(1), 682(2), 998(1), 486(2), 715(1), 786(1), 250.82(1), 491(3), 599(2), 789(1), 578(2), 562(1), 821(1), 38(1), 280(1), 558(1), 604(1), 493(1), 560(1), 584(2), 496(1), 518(1), 812(1), 813(1)",57
421,420,04212,diag_2,"428(2), 411(2), 682(2), 413(1), 401(5), 414(2), 427(4), 599(4), 530(1), 707(1), 738(1), 496(1), 512(1), #####(4), 574(1), 41(1), 780(1), 996(1), 404(1), 250.02(1), 724(1), 280(1), 276(3), 272(1), 285(1), 189(1), 403(1), 789(1), 608(1), 518(1), 486(2), V46(1), 491(1), 921(1), 250.8(1), 733(1), 813(1)",57
422,421,04221,diag_1,"V57(2), 414(5), 424(1), 410(1), 786(3), 185(1), 250.4(1), 434(3), 427(2), 428(2), 715(1), 431(1), 250.6(2), 724(1), 532(1), 998(1), #####(3), 569(1), 202(1), 493(1), 402(1), 296(1), 250.8(3), 198(1), 783(1), 197(1), 486(1), 654(1), 584(2), 38(4), 250.82(1), 491(1), 599(1), 681(1), 790(1), 239(1), 820(1)",57
422,421,04222,diag_2,"250.5(1), 411(2), 715(1), 414(2), 250(2), 496(1), 780(1), 682(2), 401(5), 428(2), 581(1), 424(1), 425(2), 427(4), 250.02(1), 280(1), 707(1), 403(2), #####(1), 8(1), 276(2), 486(4), 301(1), 162(2), 491(2), 730(1), 648(1), 998(1), 599(3), 278(1), 584(1), 94(1), 585(1), 145(1), 115(1)",57
423,422,04231,diag_1,"250.03(1), 414(8), 434(2), 807(1), 410(2), 70(1), 295(1), 786(2), 428(2), 553(1), 435(1), 432(1), 427(1), 276(2), #####(3), 440(1), 507(1), 969(1), 404(1), 592(1), 715(1), 250.8(2), 486(1), 453(1), 564(1), 824(1), 823(1), 491(2), 808(1), 682(1), 250.1(1), 599(1), 38(1), 518(3), 584(1), 652(1), 626(1), 535(1), 725(1)",57
423,422,04232,diag_2,"305(2), 250.01(3), 411(1), 414(3), 413(2), 250.02(2), 496(1), 428(2), 493(3), 250(4), 403(1), 427(7), 401(2), 780(2), 707(1), 599(2), E950(1), #####(1), 591(1), 276(4), 710(1), 53(1), 486(2), E885(1), 278(1), 680(1), 786(1), 518(1), 584(2), 250.6(1)",57
424,423,04241,diag_1,"414(2), 410(1), 786(4), V57(2), 843(1), 511(1), 553(1), 428(2), 401(1), 434(2), 996(1), 780(1), 276(2), #####(1), 486(5), 682(2), 278(1), 820(1), 783(1), 531(1), 482(1), 250.8(2), 491(4), 823(1), 536(1), 864(1), 38(2), 284(1), 518(4), 599(1), 584(1), 250(1), 250.11(1), 812(1), 238(1), 704(1)",57
424,423,04242,diag_2,"411(2), 414(1), 300(1), 427(2), 250(3), 420(1), 401(3), V43(1), 780(2), 428(2), 496(5), 403(5), 425(3), 707(1), V65(1), 402(1), 574(1), 599(2), 682(1), #####(1), 276(4), 786(1), 250.02(1), 491(2), 710(1), 590(1), 512(1), 202(1), 681(1), 507(1), V58(1), E849(1), 585(1), 584(1)",57
425,424,04251,diag_1,"648(1), 429(1), 786(1), 530(1), 250.41(1), 414(2), 410(4), 162(1), V57(1), 282(1), 511(2), 424(1), 428(2), 295(1), 434(2), 440(1), 250.7(1), 721(1), 278(1), 431(1), 733(1), 591(1), 780(1), 924(1), 730(1), 250.6(2), 331(1), 486(3), 276(1), 560(1), 578(1), 562(1), #####(1), 724(1), 453(1), 274(1), 280(1), 996(1), 38(1), 250.82(1), 427(2), 250.92(1), 661(1), 250.8(1), 820(1), 821(1)",57
425,424,04252,diag_2,"250.01(2), 428(2), 250.41(1), 585(1), 411(1), 997(1), V42(1), 496(4), 396(2), 250.11(1), #####(3), 250(4), 296(1), 401(1), 425(1), 707(4), V45(2), 197(2), 250.02(1), 403(3), 427(2), 38(1), 276(3), 560(1), 593(1), 486(1), 733(1), 402(1), 584(2), 250.8(1), 604(1), 458(1), 648(1), 731(1), 812(1)",57
426,425,04261,diag_1,"786(5), 414(5), 852(1), 54(1), 250.7(1), 296(1), 571(1), 998(1), 996(3), 401(1), 428(2), 162(1), 574(1), 435(1), 997(1), 577(1), 202(1), 242(1), #####(1), 780(1), 715(2), 276(2), 250.6(1), 427(1), 486(3), 599(1), 331(1), 491(2), 250.02(1), 415(1), 493(2), 250.8(1), 38(2), 453(1), 511(1), 507(1), 531(1), 250.82(1), 250(1)",57
426,425,04262,diag_2,"250.41(1), 411(2), 413(1), 250(7), 852(1), 729(1), 440(1), 295(1), 300(1), 572(1), 998(1), 428(2), 38(1), 250.02(2), 496(2), 451(1), 278(1), 414(2), 707(3), 425(1), 401(2), 427(3), 578(1), 820(1), 276(1), 294(1), 403(1), 296(1), 280(1), 560(1), 8(1), 202(1), 112(1), 162(1), 584(1), 285(2), 592(1), 730(1), 289(1), 535(1)",57
427,426,04271,diag_1,"577(2), 682(1), 414(1), 493(1), 250.81(1), 573(1), 410(2), 250.22(1), 428(2), 998(1), 786(2), 250.13(1), 427(1), 250.02(1), #####(4), 276(3), 997(1), 715(1), 530(1), 562(1), 724(1), 486(3), 707(1), 250.11(2), 491(2), 823(1), 595(1), 996(1), 820(1), 785(1), 599(1), 560(1), 458(1), 79(1), 38(2), 535(1), 162(1), 518(1), 584(1), 459(1), 285(1), 250.8(1), 346(1)",57
427,426,04272,diag_2,"250.1(1), 250.01(2), 411(1), 707(2), V42(1), 428(2), 496(3), 788(1), 286(1), 530(1), 396(1), 276(5), 424(1), 403(3), 401(1), 425(1), 780(2), 250(3), 590(1), 593(1), 491(2), #####(2), 250.22(1), 263(1), 599(3), E878(1), E888(1), 518(1), 486(3), 41(1), 789(1), 573(1), 285(1), 782(1), 585(1), V49(1), 435(1)",57
428,427,04281,diag_1,"410(5), 414(3), 519(1), 437(1), 442(1), 496(1), 786(2), 250.22(1), 553(1), 250.02(1), 250.81(1), V57(2), 427(3), 440(1), 428(2), 424(1), 211(1), 435(1), 276(2), 996(1), 724(1), 592(1), 434(1), 715(2), 727(1), 682(1), 482(1), 486(2), 824(2), 79(1), 555(1), 998(1), 527(1), 625(1), 38(2), 618(1), 491(1), 584(2), 728(1), V63(1)",57
428,427,04282,diag_2,"250.01(2), 411(1), 434(1), 424(3), 250(9), 578(2), 428(2), 414(3), 427(4), 401(2), 486(1), 719(1), 242(1), 601(1), 496(2), 403(2), 595(1), 425(1), 682(1), 295(1), V49(1), 493(1), 250.02(1), 276(4), 780(1), 998(1), 518(1), E928(1), #####(1), 285(1), 584(1), 995(1), 805(1)",57
429,428,04291,diag_1,"682(3), 414(3), 786(4), 250.13(1), 433(1), 996(1), 410(3), 715(2), 296(2), 428(2), 997(2), 560(1), 574(1), 780(2), 998(1), 577(1), 592(1), 722(1), 531(2), 486(1), 575(1), 415(1), 568(1), 307(1), 721(1), #####(1), 434(2), 558(1), 250.12(1), 491(2), 38(2), 724(1), 584(1), 403(1), 530(1), 518(1), 250.8(1), 47(1), V25(1)",57
429,428,04292,diag_2,"250.01(1), 411(1), 250.6(2), V12(1), 414(1), 997(1), 250.02(2), 242(1), 427(3), 428(2), 135(1), 250(6), 496(3), 305(1), #####(5), 707(2), 788(1), 401(1), 682(1), 780(1), 591(1), 564(1), 453(1), 722(1), 518(1), 507(1), 276(2), 584(4), 403(1), 443(1), 332(1), 585(1), 486(1), 485(1), 316(1), 212(1)",57
430,429,04301,diag_1,"428(2), 414(4), 458(1), 410(1), 433(1), 682(2), #####(9), 786(3), 250.22(1), V57(1), 530(1), 507(1), 724(1), 250.7(1), 434(3), 535(1), 574(1), 276(1), 427(2), V53(1), 562(3), 571(1), 965(1), 486(3), 715(1), 493(2), 250.11(1), 491(3), 8(1), 38(2), 816(1)",57
430,429,04302,diag_2,"250.41(1), 411(2), 413(2), V42(1), 414(2), 496(4), 250(3), 250.4(3), 440(1), 250.02(4), 303(1), 730(1), 424(1), 785(1), 707(1), 780(1), 401(5), 427(3), 682(2), 425(1), 428(2), 789(1), 403(2), 560(1), 786(1), 276(2), 996(1), 342(1), 518(1), 599(1), 584(1), 486(1), 883(1), 799(1)",57
431,430,04311,diag_1,"414(5), 411(1), 433(1), 584(3), 420(1), 410(2), 295(1), 780(3), 786(2), 153(1), 281(1), 157(1), 532(1), 428(2), 564(1), 997(1), 435(1), 250.7(1), 427(3), 535(1), 996(1), 682(3), 577(1), #####(3), 507(1), 440(1), 486(2), 562(1), 458(1), 403(2), 250.8(1), 491(1), 276(1), 182(1), 820(1), 617(1), 250(1), 38(1)",57
431,430,04312,diag_2,"411(2), 496(3), 997(1), 413(1), 250.01(1), 424(2), 403(2), 414(2), 250(3), 437(1), 425(2), 511(1), 196(1), 427(1), 428(2), 780(2), 530(1), 253(1), 493(1), 707(2), 41(1), 272(1), 305(1), 276(5), #####(5), 410(1), 112(1), 599(1), E944(1), 280(1), E885(1), 250.42(1), 153(1), 617(1), 285(1), 584(2)",57
432,431,04321,diag_1,"250.83(1), 414(6), 411(2), 540(1), 599(1), 790(1), 410(4), 560(1), 707(1), V57(1), 722(1), 250.13(1), 786(1), 250.22(1), 481(1), 996(1), 276(2), 428(1), 576(2), 577(1), 552(1), 404(1), 486(4), 485(1), 174(1), 458(1), 511(1), 220(1), 532(1), 562(1), 780(2), 491(1), 250.8(1), 965(1), 642(1), 519(1), 574(1), 823(1), 518(1), 784(1), 493(1), 952(1)",57
432,431,04322,diag_2,"250.43(1), 492(1), 414(3), 250.01(2), 411(1), 428(2), 433(1), 250.03(1), 250(4), 250.6(2), 427(3), 276(3), 305(1), 493(1), 599(2), #####(7), 403(4), V72(1), 511(1), 250.02(1), 616(1), 285(2), 401(1), 590(1), 507(1), 648(1), 491(1), 577(1), 518(1), 486(1), 716(1), 680(1), 327(1), 584(1)",57
433,432,04331,diag_1,"289(1), 434(2), 250.83(1), 414(3), 401(2), 295(1), 433(1), 250.7(1), 410(1), 722(1), 428(2), 402(1), 562(1), 585(1), 786(1), 440(1), 682(2), 574(1), 715(3), 852(1), 162(2), 435(1), 255(1), 250.13(1), 531(2), 250.02(1), 486(3), 453(2), 493(2), 250.4(1), 276(1), 188(1), #####(2), 466(1), 784(1), 599(1), 569(1), 584(2), 578(1), 540(1), 8(1)",57
433,432,04332,diag_2,"250.43(1), 250.83(1), 401(4), 411(2), 250.81(1), 292(1), 440(1), 427(5), 428(2), 250(4), 424(1), 496(3), V10(1), 276(3), 611(1), 723(1), 682(1), 571(1), 415(1), 486(2), 493(1), 560(1), 707(1), 403(2), 8(1), 491(1), #####(2), 710(1), 250.02(1), 197(1), 263(1), 285(4), 787(1), 562(1), 599(1)",57
434,433,04341,diag_1,"250.23(1), 250.03(1), 250.41(1), 414(4), 726(1), 153(1), 786(2), 286(1), 410(3), 185(1), 572(1), V55(1), 440(1), 435(1), 426(1), 434(2), 296(2), 250.6(2), 715(1), 996(1), 427(1), 577(2), 789(1), 824(1), 486(1), 564(1), V57(1), 415(1), 250.8(1), 201(1), 560(1), 403(1), 466(1), 351(1), 250.42(1), 428(1), 707(1), 558(1), 808(1), 599(1), 8(1), 285(1), 820(1), 253(1), 518(1), 935(1), 837(1)",57
434,433,04342,diag_2,"70(2), 786(1), 276(5), 411(1), 250.03(1), 620(1), 196(1), 413(1), 427(1), 250(4), 414(4), 997(1), 428(2), 571(1), 424(1), #####(4), 426(1), 305(1), 493(1), 599(1), 780(1), 560(3), 403(1), 707(1), 438(1), 453(1), 410(1), 284(1), 287(1), 401(1), 577(1), 486(1), 263(1), 280(1), 205(1), 808(1), 250.92(1), 491(2), E884(1)",57
435,434,04351,diag_1,"682(3), 414(2), 250.83(1), 250.6(2), 295(1), 410(2), 437(1), 786(1), 997(1), 722(1), 428(2), 562(1), 250.7(1), 780(2), 530(1), #####(2), 486(3), 577(3), 204(1), 162(2), 276(1), 415(1), 719(1), 996(1), 590(1), 569(1), 558(1), 707(1), 466(1), 493(2), 573(1), 790(1), 608(1), 599(1), 353(1), 821(1), 584(2), 850(1), 813(1), 491(1), 860(1)",56
435,434,04352,diag_2,"250.41(1), 411(1), 276(2), V42(1), 428(2), 415(1), 295(1), 780(1), 401(3), 560(2), 496(2), 997(1), 707(1), 250(5), 425(1), 427(5), 414(1), 574(1), 511(1), 682(2), 426(1), #####(1), 446(1), 250.02(1), 599(3), 518(2), 70(1), 789(1), 278(1), 786(1), 41(1), 263(1), 402(1), 584(1), 38(1), 592(1), 808(1), V02(1)",56
436,435,04361,diag_1,"434(1), 530(1), 715(4), 414(8), 491(1), 218(1), 410(3), 786(4), 572(1), 759(1), 996(2), 428(2), 507(1), 435(1), 433(1), 682(1), 427(1), 540(1), #####(1), 482(1), 532(1), 403(2), 486(2), 250.6(1), 311(1), 578(1), 162(1), 562(2), 584(2), 514(1), 38(1), 588(1), 805(1), 974(1), 58(1)",56
436,435,04362,diag_2,"250.01(4), 411(1), 218(1), 998(2), 401(4), 70(1), 414(2), 272(1), 427(4), 426(1), 428(2), 250(3), 250.02(2), 54(1), 530(1), 38(1), 518(1), 496(2), 403(3), #####(4), 537(1), 276(3), 331(1), 599(1), 284(1), 155(1), 198(1), 714(1), 285(1), 794(1), 577(1), 805(1), 296(1)",56
437,436,04371,diag_1,"250.41(1), 562(1), 414(2), V57(1), 996(1), 250.13(1), 410(4), 786(3), 154(1), 433(1), 424(1), 530(1), 435(1), 577(2), 515(2), 434(1), 428(2), 486(5), 404(1), 780(1), 250.8(1), 438(1), 820(1), 535(1), 250.6(1), 453(1), #####(1), 443(1), 576(1), 852(1), 493(1), 296(1), 531(1), 38(1), 275(1), 8(1), 518(1), 250.82(1), 851(1), 280(1), 995(1), 250.12(1), 657(1)",56
437,436,04372,diag_2,"585(3), 250.01(1), 411(1), 715(1), 413(1), 997(1), 305(3), 428(2), 250(1), 560(1), 578(1), #####(5), 790(2), 403(1), 710(1), 197(1), 401(3), 571(1), 250.02(1), 425(1), 996(1), 203(1), 295(1), 599(2), 682(1), 415(1), 518(1), 276(4), 410(1), 786(1), 250.12(1), 465(1), 285(1), 593(1), 486(1), 728(1), 806(1), 348(1), 487(1), 648(1)",56
438,437,04381,diag_1,"682(3), 997(2), 296(1), 531(2), 414(3), 295(2), 428(2), 189(1), 153(1), 410(1), 648(1), 486(6), 724(1), 174(1), 402(1), 996(1), 786(1), 434(1), 516(1), 440(1), 427(3), 197(1), 715(1), #####(2), 590(1), 574(1), 155(1), 431(1), 535(1), 188(1), 491(2), 250.8(2), 998(1), 518(1), 250.82(2), 726(1), V57(1)",56
438,437,04382,diag_2,"250.83(1), 250.01(3), 250.7(2), 250.41(1), 411(3), 401(1), 998(1), 425(1), 196(2), 305(1), 428(2), 250.11(1), 492(1), V15(1), 424(1), 38(1), 278(1), 250(7), 250.82(1), 284(1), 493(1), 707(2), 496(2), 427(2), 250.02(1), 780(1), #####(1), 403(1), 682(2), 518(1), 276(1), E878(1), 491(1), 726(1), V58(1), 731(2), 728(1), 799(1)",56
439,438,04391,diag_1,"462(1), 786(3), 428(2), 998(2), 436(1), 411(1), 996(1), 410(3), 714(1), 433(2), 414(3), 997(1), 379(1), 722(1), V57(1), 295(1), 402(1), 250.7(1), 278(1), 427(2), #####(3), 276(1), V53(1), 482(1), 507(1), 250.02(1), 486(2), 250.4(1), 430(1), 787(1), 250.92(1), 250.42(1), 291(1), 197(1), 969(1), 38(2), 576(1), 584(1), 920(1), 608(1), 823(1), 518(1)",56
439,438,04392,diag_2,"401(3), 250.5(1), 250.01(2), 433(1), 414(3), 867(1), 250.6(1), 997(1), V45(1), 250(3), 426(1), 440(1), 250.41(1), 428(2), 998(1), 719(1), 599(2), 287(1), 707(1), 38(1), 518(1), 780(2), 425(1), 250.02(1), 427(2), 276(4), 789(1), #####(2), 403(1), 491(1), 786(1), 404(1), 303(1), 153(1), 280(1), 782(1), E884(1), 584(1), 920(1), 585(1), 353(1)",56
440,439,04401,diag_1,"786(3), 410(4), 250.81(1), 428(2), 507(1), 997(1), 401(1), 426(1), 402(2), 996(1), 185(1), 730(1), #####(4), 434(1), 573(1), 922(1), 577(2), 998(1), 427(1), 722(1), 486(5), 250.6(1), 276(1), 250.8(2), 458(1), 493(1), 425(1), 403(1), 378(1), 218(1), 288(1), 38(1), 584(1), 599(2), 284(1), 518(1), 295(1), 557(1), V07(1)",56
440,439,04402,diag_2,"250.6(1), 414(4), 707(3), 428(2), 427(2), 295(1), 425(1), 250(3), #####(6), 496(2), 996(3), 198(1), 780(1), 560(1), 304(1), 682(1), 722(1), 280(1), 493(1), 250.02(2), 410(1), 424(1), 785(1), 276(4), 486(1), 621(1), 162(1), 491(1), 599(1), 305(1), 205(1), 787(1), 319(1), 585(1), 150(1)",56
441,440,04411,diag_1,"413(1), 648(1), 458(1), 277(1), 414(2), 428(2), 295(2), 799(1), 427(2), 996(2), 715(1), 332(1), 410(1), 786(2), 434(3), 402(1), 355(1), 435(1), 780(1), 250.6(2), 682(1), 193(1), 577(1), 564(1), 250.8(2), 455(1), 507(1), 820(1), 493(1), 569(1), 557(1), 562(1), 197(3), 733(1), 202(1), V57(1), 781(1), 486(1), 560(1), 491(1), 599(1), 250.1(1), 790(1), 487(1)",56
441,440,04412,diag_2,"250.01(1), 642(1), 250.51(1), 518(2), 411(3), V45(1), 250(4), 425(2), 998(1), 244(1), 295(1), 511(1), 296(1), 599(3), 403(1), 428(2), 493(2), 276(6), #####(1), 196(1), 303(1), 574(1), 724(1), 42(2), 427(1), 780(1), 569(1), 682(1), 280(1), 162(1), 733(1), V54(1), 491(1), 404(1), 342(1), 150(1), 570(1), 486(1), 995(1)",56
442,441,04421,diag_1,"414(6), 707(2), 436(1), 410(1), 786(3), 440(1), 998(2), V57(1), 435(2), 250.22(1), 250.7(2), 218(1), 427(1), 996(2), 276(2), 404(1), 157(1), 300(1), 191(1), 820(3), 250.8(1), 486(1), 403(2), 560(1), 574(1), 780(1), 721(1), 491(1), 38(2), 599(1), 891(1), 401(1), 518(2), 250.82(1), 575(1), 284(1), 656(1), 644(1)",56
442,441,04422,diag_2,"411(2), 250.01(1), 784(1), 413(1), 401(3), 414(2), 425(2), 496(1), 786(1), 491(1), 276(3), 707(1), 625(1), 424(1), 785(1), 403(3), 428(2), 402(1), 197(1), 682(3), 444(1), 278(1), 780(1), #####(5), 427(1), 404(1), 599(2), 722(1), E885(1), 290(1), 284(1), 285(1), 730(1), 552(1), 584(1), 648(1), 486(1), 799(1), 652(1)",56
443,442,04431,diag_1,"296(1), 250.41(1), 403(1), 250.83(1), 482(1), 414(5), 282(1), 398(1), 410(1), 436(1), 786(1), 441(1), 440(1), 428(2), 220(1), 250.8(2), 157(1), 427(1), 574(1), 276(1), 486(3), 824(1), 715(2), 733(1), 250.4(1), 507(1), #####(1), 493(1), 577(1), 996(1), 780(1), 844(1), 458(1), 575(1), 491(1), 820(3), 728(1), 584(2), 599(1), 787(1), 250(1), 518(1), 250.12(1), 506(1)",56
443,442,04432,diag_2,"250.01(1), 583(1), 250.41(1), 682(1), 277(1), 411(1), 287(1), 413(1), 396(1), 414(1), 496(5), 428(2), 585(2), 427(2), 250.02(2), 401(1), 424(1), E932(1), 250(4), 250.42(1), #####(3), 272(1), 996(1), 403(3), 331(2), 38(1), 276(6), 263(1), 707(1), 553(1), 491(1), 518(1), 285(1), 453(1), 512(1)",56
444,443,04441,diag_1,"250.03(1), 428(2), 414(3), 820(1), 648(2), 410(2), 250.13(1), 250.81(1), 530(1), 532(1), 435(2), 996(2), #####(4), 682(1), 577(1), 331(1), 401(1), 427(1), 552(1), 733(1), 434(2), 486(2), 780(3), 562(1), 592(1), 784(1), 715(2), 599(2), 728(1), 197(1), 566(1), 276(1), 250.12(1), 250.01(1), 491(1), 466(1), 786(1), 285(1), 38(1), 518(1)",56
444,443,04442,diag_2,"V42(2), 250.01(1), 411(1), 998(1), 250.02(2), 414(3), 428(2), 682(1), 730(1), 426(1), 648(1), 530(1), 531(1), 493(2), 496(2), 250(4), 250.11(1), 784(1), 425(1), 511(2), 427(4), 403(3), 287(1), 295(1), 591(1), 599(1), 789(1), 276(4), 707(1), E878(1), 404(1), 873(1), #####(1), V17(1), 590(1), 584(1), 486(1)",56
445,444,04451,diag_1,"250.03(1), 786(3), 585(1), 250.43(1), 574(2), 414(5), 440(2), V57(2), 433(2), 296(1), 428(1), 402(1), 532(1), 250.7(2), 218(1), 435(1), 557(1), 998(1), 250.6(1), 682(1), 715(1), 486(2), 780(2), 421(1), 493(2), 590(1), 491(1), 250.8(1), 250.11(1), 431(1), 298(1), 599(1), 518(1), 558(1), 576(1), 250.82(1), 584(1), 8(1), 533(1), 38(1), 458(1), 345(1)",56
445,444,04452,diag_2,"276(5), 250.01(2), 250.41(1), V42(1), 411(1), 250.4(1), 413(1), 250.6(1), 820(1), 250.02(1), 401(3), 428(2), 300(1), 724(1), 427(2), 511(1), #####(2), 707(5), 233(1), 496(2), 414(1), 785(1), 403(1), 682(1), 493(1), 574(1), 38(1), 250(2), 8(1), 729(1), 780(1), 518(1), 41(1), 577(1), 466(1), 447(1), 285(1), 995(1), 585(1), 438(1)",56
446,445,04461,diag_1,"786(6), 682(7), 414(3), 410(2), 292(1), 434(3), 996(1), 38(1), 435(1), 734(1), 250.12(1), 428(2), 715(2), 822(1), 427(3), 403(1), 438(1), 486(1), 577(1), 250.8(1), 560(2), 590(1), 707(1), 785(1), 493(1), 574(1), 491(1), 250.1(1), 654(1), 578(1), #####(1), 250.11(1), 349(1), 584(1), 780(1)",56
446,445,04462,diag_2,"250.01(2), 250.03(1), 411(2), 414(2), 492(1), 428(2), 401(5), 287(1), 786(1), 424(1), 38(1), 711(1), 785(1), 496(2), 425(4), 242(1), #####(3), V45(1), 780(1), 427(3), 272(1), 303(1), 682(1), 250(1), 444(1), 41(1), 599(2), 276(3), 733(1), 648(1), 202(1), 285(1), 584(2), 250.92(1), 850(1), E906(1)",56
447,446,04471,diag_1,"276(1), 414(5), 420(1), 786(6), 738(1), 410(4), 493(1), 434(1), 296(1), 332(1), 722(2), 250.7(1), 440(1), 404(1), 780(1), 682(3), 715(1), 427(2), 250.6(1), 560(1), 577(2), 733(1), 724(1), 820(1), 141(1), 274(1), 584(2), 618(2), 518(1), 38(2), 357(1), 558(1), 8(1), 403(1), 453(1), 491(1)",56
447,446,04472,diag_2,"250.03(1), 411(2), 578(1), 250.6(2), 427(3), 250.82(1), 413(1), 414(2), 496(3), 428(2), 511(1), 401(3), 996(1), 203(1), 785(2), 305(1), 707(2), 682(1), V45(1), 493(2), 536(1), 592(1), 998(1), 8(1), 599(2), 276(1), 786(1), 197(1), 196(1), 591(1), 425(1), 625(1), 403(1), 153(1), 286(1), 323(1), 584(2), 618(1), 585(2), 482(1)",56
448,447,04481,diag_1,"562(1), 715(2), 440(1), 414(3), 722(1), 428(2), V57(1), 433(1), 784(1), 786(2), 295(1), 410(1), 607(1), 530(1), 426(1), 427(2), 386(1), 250.8(2), 507(1), 466(1), 574(1), #####(4), 996(1), 486(1), 511(1), 250.4(1), 276(1), 404(1), 250.42(1), 415(1), 780(1), 578(1), 491(3), 820(1), 681(1), 560(1), 253(1), 8(2), 250.82(1), 584(1), 250.02(1), 807(1), 493(1)",56
448,447,04482,diag_2,"250.01(2), 250.6(2), 424(1), 997(1), 250(2), 411(1), 496(2), 401(3), 428(2), 571(1), 493(2), 403(2), 244(1), 414(1), #####(3), 413(1), 287(1), 788(1), 427(3), 492(1), 425(1), 402(2), 284(1), 276(5), 410(1), 280(1), 730(1), 305(1), 285(1), 250.02(1), 562(1), 514(1), 682(1), 516(1), 486(1), V58(1), 805(1), 585(1)",56
449,448,04491,diag_1,"786(3), 414(8), 444(2), 424(1), 410(2), 250.81(1), 433(1), 250.7(1), 572(2), 996(1), 303(1), 185(1), 722(1), 276(1), 296(1), 153(1), 386(1), 428(2), 250.6(1), 571(1), 486(2), 434(1), 724(1), #####(2), 211(1), 250.2(1), 574(1), 535(1), 507(1), 250.13(1), 577(1), 584(1), 238(1), 38(1), 491(2), 280(2), 557(1), 860(1), 552(1)",56
449,448,04492,diag_2,"250.01(1), 492(1), 250.7(1), 411(2), 861(1), 413(1), 998(2), V45(1), 414(1), 250(2), 707(2), 496(4), 440(1), 288(1), 427(3), 456(1), 401(3), 291(1), 788(1), 571(1), 780(1), 42(1), 599(2), 784(1), 515(1), 276(5), 332(1), 345(1), 162(1), 304(1), 584(1), 38(1), 263(1), 410(1), 733(1), 799(2), V63(1), 850(1), 585(1)",56
450,449,04501,diag_1,"722(1), 440(2), 414(2), 428(2), 295(1), 786(2), 410(1), 507(2), 512(1), 441(1), 413(2), 532(1), 252(1), 401(1), 682(2), 250.13(1), 403(1), 250.7(1), #####(2), 721(1), 250.11(1), 824(1), 250.6(2), 162(1), 250.01(1), 427(1), 562(2), 724(1), 789(1), 995(1), 599(1), 433(1), 493(1), 820(1), V71(1), 197(1), 38(2), 780(1), 250.1(1), 733(1), 288(1), 514(1), 715(1), 431(1), 422(1)",56
450,449,04502,diag_2,"250.01(2), 411(1), 413(2), 250.6(1), 401(1), 424(1), 428(2), 433(1), 162(1), 203(1), 250(5), 227(1), 427(3), 280(1), 38(1), 250.4(1), 496(2), 785(1), 786(1), 425(1), 780(2), 707(1), 403(2), 300(1), 491(1), 530(2), 278(1), E942(1), 782(1), 569(1), 250.02(1), E885(1), 153(1), 288(1), 154(1), 518(1), 8(1), 459(1), #####(1), 285(1), 592(1), 799(1), 250.13(1)",56
451,450,04511,diag_1,"996(3), 235(1), 250.41(1), 414(4), 608(1), 441(1), 433(1), 410(3), 600(1), 574(2), 997(1), 507(1), 428(2), 564(1), 447(1), 715(2), #####(5), 532(1), 724(2), 530(2), 486(3), 824(1), 415(1), 402(1), 493(1), 291(1), 250.8(2), 590(1), 250.12(1), 491(1), 250.6(1), 599(1), 38(1), 592(1), 789(1), 578(1), 584(1)",56
451,450,04512,diag_2,"250.01(1), 496(5), 585(1), 411(1), 250.03(1), 414(2), 413(1), 434(1), 250(4), 788(1), 996(1), 427(1), 997(1), 560(1), 428(2), 38(1), 401(3), 493(1), 425(1), 403(1), 280(1), 250.02(2), 599(2), #####(2), 424(1), 786(1), 453(1), 491(2), 682(1), 707(1), 518(1), 276(3), 357(1), 486(1), 41(1), 250.92(1), 787(1), 285(1), 584(1)",56
452,451,04521,diag_1,"250.23(1), 592(1), 594(1), 682(5), 250.83(1), V57(1), 780(1), 614(1), 786(4), 410(1), 593(1), 428(2), 250.7(1), 722(1), 434(1), #####(2), 346(1), 715(1), 486(2), 404(1), 577(1), 578(3), 707(1), 493(1), 560(1), 250.8(1), 291(1), 250.11(1), 162(1), 427(1), 491(1), 458(1), 451(1), 790(1), 250.1(1), 535(1), 285(1), 536(1), 38(2), 250(1), 487(1), 349(1), 599(1)",56
452,451,04522,diag_2,"276(8), 250.01(1), V42(1), 250.52(1), 707(1), 244(1), 250.6(1), 789(1), 414(2), 401(1), 428(2), 496(3), 396(1), 278(1), 682(3), 250(3), 250.02(1), 425(3), 403(1), 303(1), 780(2), #####(2), 427(2), 560(1), 280(2), 198(1), 402(1), 562(1), 311(1), 537(1), 491(1), 599(1), 518(1), 486(1), 585(1)",56
453,452,04531,diag_1,"722(2), 440(1), 402(1), 414(1), 824(1), V57(1), 410(3), 682(4), 786(4), 428(2), 480(1), 276(2), 427(1), 486(2), 562(1), #####(3), 733(2), 730(1), 453(2), 250.8(2), 421(1), 592(1), 569(1), 491(4), 155(1), 577(1), 38(2), 715(1), 287(1), 820(1), 518(2), 805(1), 35(1), 295(1)",56
453,452,04532,diag_2,"250.03(1), 250.01(3), 411(1), 414(4), 250.6(1), 496(4), 401(5), 428(2), 250(4), 518(1), #####(2), 493(1), 403(1), 305(1), 707(1), 8(1), 780(1), 424(1), 427(1), 591(1), 280(1), 491(2), 789(2), 276(1), 996(1), 575(1), 599(1), 564(1), 710(1), 285(1), 584(1), 486(1), 250.8(1), 507(1), 585(1), 682(1), V62(1)",56
454,453,04541,diag_1,"414(7), 428(2), 368(1), 350(1), 512(1), 410(1), 295(1), V57(1), 440(2), 250.02(1), 426(1), 530(1), #####(4), 435(2), 278(1), 996(2), 552(1), 403(1), 404(1), 153(2), 562(2), 574(1), 493(1), 507(1), 276(1), 824(1), 274(1), 415(1), 280(1), 536(1), 812(1), 599(1), 444(1), 38(1), 285(1), 535(1), 584(2), 253(1), 150(1), 787(1)",56
454,453,04542,diag_2,"411(2), V42(1), 427(6), 413(1), 401(5), 414(3), 710(1), 428(2), 719(1), 424(3), V45(1), 786(1), 276(4), 250(3), 42(1), 403(2), 682(3), 493(1), 530(1), 278(1), 491(2), 285(2), E812(1), 496(1), 263(1), 486(1), 410(1), 295(1), 402(1), 787(1), 518(1)",56
455,454,04551,diag_1,"648(1), 590(2), 414(1), 786(5), 410(2), 592(1), 296(2), 996(2), 434(2), 428(2), 444(1), 571(1), 250.8(1), 440(1), 715(3), V53(1), 386(1), 825(1), 486(2), 789(1), 531(1), 530(1), 726(1), 427(2), 250.11(2), #####(2), 599(1), 453(1), V57(1), 38(2), 507(1), 728(1), 491(1), 238(1), 574(1), 198(1), 182(1), 584(1), 298(1)",56
455,454,04552,diag_2,"250.91(1), 250.01(1), 203(2), 401(4), 428(2), 788(2), 300(1), 427(3), 38(2), 496(4), 780(1), 425(1), 403(1), 276(3), 250(1), 707(1), 781(1), 41(1), V43(1), 278(1), 682(1), 693(1), 599(2), 518(1), #####(1), 198(1), V54(1), 250.02(1), 592(1), 345(2), 794(1), 304(1), 305(1), 584(1), 535(1), 284(1), 568(1), 174(1), 285(1), V63(1)",56
456,455,04561,diag_1,"361(1), 410(2), 435(1), 414(3), 787(2), 786(3), V57(1), 799(2), 437(1), 424(1), 199(1), 430(1), 572(1), 577(3), 428(2), 276(2), 707(1), 486(1), 482(1), 403(1), #####(1), 250.6(1), 458(1), 642(1), 531(1), 820(1), 455(1), 574(2), 558(1), 341(1), 162(1), 880(1), 38(1), 250.8(1), 187(1), 11(1), 518(1), 49(1), 27(1), 660(1), 881(1), 655(1), 800(1), 875(1)",56
456,455,04562,diag_2,"365(1), 250.01(2), 411(1), 250.02(2), V42(1), 414(2), 427(5), 410(1), 496(4), 403(2), 250.6(1), 786(2), 599(2), 425(2), 250.13(1), 682(1), 574(1), 493(1), 428(1), 276(5), 648(1), 75(1), 162(1), 575(1), 518(3), E812(1), 486(1), 607(1), 714(1), 269(1), 320(1), 654(1), E816(1), V25(1), E968(1), 881(1)",56
457,456,04571,diag_1,"577(1), 414(7), V57(1), 278(1), 996(2), 410(2), 722(1), 820(1), 530(1), 250.13(1), 682(1), 434(6), 427(1), 402(1), 276(2), 252(1), 721(1), 250.12(1), 782(1), 511(1), 250.11(1), 574(1), 558(1), 783(1), 535(1), 823(1), 491(2), 38(1), 569(1), 486(1), 584(2), 298(1), 575(1), 287(1), 9(1), 611(1), 428(1), 415(1), 202(1), 863(1)",56
457,456,04572,diag_2,"250.01(2), 250.6(1), 715(1), 411(2), 413(1), 424(1), 567(1), 250(3), 493(2), 427(4), 401(1), E880(1), 530(1), 276(3), 496(3), 414(1), 425(1), 780(2), 518(2), 272(1), 599(2), 280(3), E885(1), 790(1), 428(2), 403(1), 733(1), 491(1), 787(1), 578(1), 70(1), 584(3), 345(1), 585(1), 685(1), 863(1)",56
458,457,04581,diag_1,"999(1), 414(3), 250.41(1), 996(1), 436(1), 572(1), 411(1), 189(1), 250.83(1), 332(1), 250.7(2), 786(3), V57(1), 401(1), 428(2), 682(1), 596(1), 574(1), 250.6(2), 427(3), #####(3), 710(1), 486(5), 998(1), 540(1), V58(2), 415(1), 824(1), 723(1), 250.2(1), 781(1), 250.12(1), 443(1), 531(1), 562(1), 491(1), 162(1), 38(2), 823(1)",56
458,457,04582,diag_2,"250.01(3), 788(2), 340(1), V42(1), 411(1), 424(2), 413(1), 291(1), 250.6(1), 440(1), 403(1), 272(1), 300(1), 414(1), 427(2), 401(1), 496(2), 250(5), 428(2), 785(1), 425(1), #####(4), 707(2), 682(1), V10(1), 453(1), 491(2), 276(5), 285(2), 518(1), 486(2), 153(1), 821(1), 482(1)",56
459,458,04591,diag_1,"578(1), 442(1), 444(1), 421(1), 414(3), V57(2), 436(1), 428(2), 410(3), 786(2), 486(4), 198(1), 401(1), 571(1), 435(1), 996(2), #####(1), 507(1), 276(1), 427(1), 157(1), 715(1), 438(1), 535(1), 682(1), 552(1), 250.4(1), 590(1), 453(1), 785(1), 250.11(2), 733(1), 211(1), 38(1), 711(1), 285(1), 536(1), 812(1), 288(1), 577(1), 491(1), 493(1), 518(1), 278(1)",56
459,458,04592,diag_2,"250.93(1), 250.01(3), 411(1), 434(1), 599(1), 250.6(1), V45(1), 401(1), 414(3), 250(3), 135(1), 196(1), 276(7), 426(1), 456(1), 425(2), 250.02(2), 403(2), 427(1), 8(1), 428(2), 780(1), 204(1), 295(2), 682(1), 41(1), 410(1), 211(1), 250.82(1), 728(1), #####(1), 424(1), 162(1), 535(1), 518(1), 486(1), 491(1), 585(1), V85(1)",56
460,459,04601,diag_1,"414(2), V57(1), 423(1), 303(1), 433(2), 786(1), 410(1), 585(1), 432(1), 998(1), 428(2), 553(1), 250.22(1), 434(1), 278(1), 515(2), 250.7(1), 996(1), 427(2), 682(2), #####(5), 250.6(2), 733(1), 789(1), 486(4), 507(1), 808(1), 493(3), 715(1), 466(1), 250.8(1), 491(1), 38(2), 599(1), 225(1), 518(3), 487(1)",56
460,459,04602,diag_2,"411(1), 340(1), 414(3), 427(6), 496(5), 401(4), 428(2), 250(2), 424(2), 998(1), 276(5), 707(2), 305(2), 425(1), 596(1), 781(1), #####(5), 493(2), 788(1), 599(1), 536(1), 515(1), 577(1), 585(1), 466(1), 584(1), 491(1), 995(1)",56
461,460,04611,diag_1,"78(1), 820(1), 414(4), 433(2), 454(1), 535(2), 250.7(1), V57(1), 410(1), 786(1), 428(2), 574(1), 682(2), 211(1), 250.6(1), 250.12(1), 507(1), 571(1), 427(3), 440(1), 724(2), 714(1), 183(1), 530(1), 486(2), 996(1), 276(1), 721(1), 485(1), 188(1), 578(1), 466(1), 558(1), 413(1), 162(1), 599(3), 569(1), 285(1), 491(1), 490(1), 962(1), 493(1), 273(1)",56
461,460,04612,diag_2,"70(1), 250.01(1), 411(2), 293(1), 414(1), 443(1), 401(2), 250.6(1), 250(4), 440(1), V43(1), 427(3), 493(1), 250.82(1), 413(1), 531(1), 428(2), 599(3), 403(2), 426(1), 486(1), 410(1), #####(2), 682(1), 276(3), 707(1), 722(1), 491(3), 280(1), 204(1), 584(2), 197(1), 41(1), 285(1), 162(1), 786(1), 152(1), 318(1), 425(1)",56
462,461,04621,diag_1,"414(4), 431(1), 722(3), 996(4), 433(1), 575(2), 786(6), 428(2), 426(1), 278(1), 386(1), 557(1), 780(1), 820(3), 486(2), #####(3), 403(2), 250.6(1), 511(1), 276(1), V57(1), 790(1), 560(1), 38(1), 596(1), 599(2), 531(1), 682(1), 415(1), 487(1), 8(1), 998(1), 346(1), 952(1)",56
462,461,04622,diag_2,"250.01(2), 250.52(1), 411(2), 715(1), 414(2), V42(1), 386(1), E879(1), 401(2), 250(5), 444(1), 496(3), 530(1), 428(2), 531(1), 425(1), 724(1), 599(3), 493(1), 403(1), 518(2), #####(1), 515(1), 250.02(1), 438(1), 780(1), 491(1), 578(1), 280(1), 998(1), 276(4), 511(1), 564(1), 331(1), 285(1), 959(1), 284(1), 349(1), 745(1)",56
463,462,04631,diag_1,"V57(2), 414(2), 436(1), 786(1), 296(2), 423(1), 433(2), 600(1), 427(3), 428(2), 309(1), 410(2), 250.8(2), 426(1), 722(2), 402(1), 250.7(1), 250.13(1), 276(1), 300(1), 780(3), 435(1), 682(1), 996(1), 403(2), 493(1), 331(1), 250.11(1), 789(1), 285(3), 486(1), 38(1), V58(1), 511(1), 562(1), #####(1), 518(2), 584(1), 728(1), 529(1)",56
463,462,04632,diag_2,"436(1), 411(2), 784(1), 250.6(2), 309(1), 413(1), 428(2), 250(3), 788(1), 492(1), 440(1), 331(1), #####(3), 599(4), 424(2), 427(1), 707(2), 276(5), 401(2), 780(1), 250.02(2), 403(2), 496(1), 786(1), 789(1), 491(3), 284(1), 404(1), 275(1), 197(2), 285(1), 584(1), 291(1), 312(1)",56
464,463,04641,diag_1,"648(1), 427(2), 414(1), 282(1), 433(1), 276(3), 162(2), 786(2), 428(2), 507(1), 825(1), 434(2), 780(4), 198(1), 577(2), 402(1), 721(1), 560(3), 578(2), #####(4), 442(1), 530(1), 250.4(1), 536(1), 188(1), 584(3), 812(1), 599(2), 38(2), 79(1), 715(1), 53(1), 424(1), 8(1), 296(1)",56
464,463,04642,diag_2,"250.93(1), 250.01(1), V45(1), 250.13(1), 401(2), 250.6(3), 414(2), 780(2), 250(4), 571(1), 427(3), 496(2), 250.02(1), 574(1), 410(1), 397(1), 403(2), 444(1), 786(1), 599(3), 290(1), 276(7), 112(1), 491(1), 198(1), 284(1), 600(1), 428(2), 250.8(1), 285(1), 590(1), 518(1), 584(1), 486(1), 319(1)",56
465,464,04651,diag_1,"590(1), 414(4), 284(1), 428(2), V57(1), 512(1), 574(1), 786(2), 410(3), 997(1), 402(1), 423(1), 996(1), 250.6(1), 526(1), 250.7(1), 481(1), 715(1), 576(1), 396(1), 292(1), 276(1), 455(1), 250.8(1), 486(3), #####(1), 250.4(1), 780(1), 291(1), 453(1), 491(1), 995(1), 787(1), 298(1), 403(1), 553(1), 288(1), 473(1), 435(1), 789(1), 518(1), 536(1), 38(1), 820(1), 626(1), 250.82(1), 493(1)",56
465,464,04652,diag_2,"250.01(1), 411(3), 997(1), 250.03(1), 428(2), 303(1), 250.6(1), 425(2), 414(1), 250(2), 560(3), 427(7), 518(1), 453(1), 402(1), 295(1), 780(1), 785(1), 38(1), 401(2), 413(1), 599(1), 276(3), 288(1), 404(1), 723(1), 287(1), 403(2), 250.92(1), 284(1), 782(1), 787(1), 493(1), 535(1), 486(1), 584(1), 618(1), 585(1), 327(1)",56
466,465,04661,diag_1,"293(1), 715(3), 414(1), 398(1), 428(2), 250.7(2), 786(2), 310(1), 250.02(1), 574(2), 820(2), 440(1), 996(1), 250.22(1), 278(1), 434(1), 682(1), 427(2), V57(1), 535(1), 726(1), 404(1), 780(1), 250.6(1), #####(2), 782(1), 600(1), 507(1), 592(1), 965(1), 590(1), 250.8(1), 486(2), 721(1), 285(1), 38(2), 562(1), 584(2), 599(1), 560(2), 280(1), 518(1), 491(1)",56
466,465,04662,diag_2,"428(2), 250.01(1), 411(2), 414(3), 440(1), 276(6), 250(3), 401(7), 788(1), 283(1), 38(1), 707(2), 486(1), 426(1), 682(2), 403(1), 599(2), 518(3), 162(1), 733(1), 496(1), E888(1), 996(1), 491(2), 455(1), 404(1), 305(1), 578(1), 285(1), 576(1), 481(1), 585(2)",56
467,466,04671,diag_1,"411(2), 38(2), 724(1), 414(3), 189(1), 295(1), 490(1), 185(1), 996(2), 410(2), 786(4), 507(1), 572(1), 296(1), 435(1), 250.13(1), 402(1), 403(1), 428(2), 431(1), 789(1), 780(3), 715(1), 250.6(2), 434(3), 536(1), 552(1), 250.8(1), 560(1), 386(1), 153(1), 535(1), 427(1), 482(1), 571(1), 486(1), #####(1), V58(1), 250(1), 491(1), 47(1)",56
467,466,04672,diag_2,"250.03(1), 250.7(1), 250.01(1), 997(1), 496(5), V45(1), 401(3), 436(1), 788(2), 727(1), 428(1), 250(5), 305(2), 707(3), 311(1), 276(3), 425(1), 403(3), 781(1), 560(1), 593(1), 780(1), 536(1), 599(3), 198(1), 298(1), 285(1), 294(1), 491(1), 250.8(2), 202(1), 458(1), 584(2), 250.2(1)",56
468,467,04681,diag_1,"V57(2), 581(1), 414(3), 434(1), 295(2), 410(1), 433(2), 441(1), 724(1), 786(2), 996(3), 428(2), 401(1), #####(5), 435(2), 296(1), 427(1), 682(1), 577(2), 486(1), 574(1), 453(2), 198(1), 493(1), 250.6(1), 491(2), 787(1), 162(1), 557(1), 38(2), 490(1), 599(1), 661(1), 511(1), 272(1), 518(1), 278(1), 327(1)",56
468,467,04682,diag_2,"250.03(1), V42(1), 414(5), 413(1), 250.6(1), 401(4), 250(7), 493(1), 530(1), 496(5), 738(1), 293(1), 70(1), 425(1), 428(2), 276(4), 574(1), 305(1), 197(2), 790(1), 331(1), E878(1), 518(2), #####(1), 707(1), 729(1), 599(1), 648(1), 486(2), 577(1), 584(1), V85(1)",56
469,468,04691,diag_1,"780(2), 440(2), 486(4), 414(5), 656(1), 250.7(2), 495(1), 786(1), 250.02(2), 426(1), 428(2), 730(1), 296(1), 174(1), 402(1), 998(2), 577(1), 434(1), 567(1), 425(1), 427(1), 415(1), 722(1), 782(1), 276(1), 592(1), V57(1), 578(1), 682(1), 590(1), 733(1), 599(1), 584(1), 574(1), 38(2), 535(1), 8(1), 285(1), 715(1), 491(2), 552(1)",56
469,468,04692,diag_2,"250.83(1), 250.01(2), 250.41(1), 684(1), 411(2), V10(1), 414(3), 440(1), 515(1), 427(3), 401(4), V45(1), 250(2), 707(4), 196(1), 272(1), 428(2), 250.02(1), 493(1), 433(1), 491(1), 496(1), 730(2), 276(5), 591(1), 438(1), 280(1), 733(1), 403(1), 577(1), 250.8(1), 157(1), 202(1), 285(1), 494(1), 584(2)",56
470,469,04701,diag_1,"282(1), 438(1), 414(1), V57(2), 998(2), 410(1), 332(1), 786(2), 250.13(1), 440(2), 604(1), 426(1), 250.81(2), 434(2), 780(5), 530(2), 427(2), 574(1), 428(2), 157(1), 404(2), 153(1), 562(1), 511(1), 276(2), 715(1), 433(1), 820(2), 486(1), 250.6(1), 348(1), 491(2), 577(1), 560(1), 38(1), 401(1), 250.82(1), 280(1), 518(1)",56
470,469,04702,diag_2,"250.01(1), 250.7(1), 411(1), 440(1), 421(1), 414(4), 244(1), 401(2), 574(2), 426(1), 756(1), 250(3), 428(2), 731(1), 404(1), 434(1), 157(1), 425(1), 197(1), #####(2), 780(1), 496(1), 204(1), 8(1), 530(1), 562(1), 427(2), 729(1), 599(4), 304(1), 403(1), 305(1), 577(1), 518(1), 416(1), 250.8(1), 491(1), 787(1), 296(1), 368(1), 682(1), 276(1), 410(1)",56
471,470,04711,diag_1,"410(5), 223(1), 411(2), 414(4), 250.81(1), 250.02(3), 780(3), 782(1), 715(1), 434(2), 435(1), 428(2), 458(1), 820(1), 996(2), 724(1), 444(1), 174(1), 532(1), 998(1), 162(1), 493(2), 560(2), 151(1), 577(1), 789(1), 250.8(2), 491(1), 482(1), 790(1), 38(3), 466(1), 584(1), 8(1), 621(1), 805(1)",56
471,470,04712,diag_2,"250.01(1), 135(2), 414(2), 411(1), 440(1), 427(2), 413(2), 696(1), 428(2), 250(3), 496(3), 272(1), 250.6(1), 997(1), 401(2), #####(2), 386(1), 403(2), 719(1), 276(5), 682(1), 402(1), 515(1), 730(1), 280(1), 333(1), 599(6), 707(1), 724(1), 466(1), 491(1), 486(1), 250.02(1), 585(1), 995(1)",56
472,471,04721,diag_1,"250.13(2), 786(3), 276(2), 562(3), 414(1), 436(1), 386(1), V57(1), 410(2), 787(1), 402(1), 226(1), 233(1), 428(2), 507(1), 250.7(1), 530(1), 434(1), 996(1), 577(2), 578(1), 486(3), 332(1), 540(1), 707(1), 431(1), 188(1), 789(1), 250.11(1), 557(1), 782(2), 780(1), 291(1), 560(2), 599(1), 491(1), 427(1), 346(1), 38(1), 250.1(1), 812(1), 584(1), 824(1)",56
472,471,04722,diag_2,"343(1), 250.01(2), 250.41(1), 411(1), 599(2), 437(1), 719(1), 401(2), 428(2), 250.6(1), 250.82(1), 218(1), 496(1), 427(5), 536(1), 425(1), 785(2), 151(1), 724(1), 403(1), 272(1), 413(1), 493(1), 404(1), 295(2), 287(1), 593(1), 707(1), 276(6), 569(1), 729(1), 263(1), #####(1), 491(2), 486(1), 250.92(1), 154(1), 412(1), V58(1), 845(1)",56
473,472,04731,diag_1,"558(1), 414(4), 482(1), 410(3), 250.7(1), 250.22(1), 786(1), 185(1), 296(3), 592(1), 507(1), 428(2), 780(3), 996(1), 276(3), 191(1), 715(2), 486(1), #####(2), 998(1), 427(1), 453(1), 792(1), 434(2), 552(1), 491(2), 197(1), 8(1), 294(1), 241(1), 787(1), 250.13(1), 162(1), 38(1), 291(1), 518(2), 681(1), 584(1), 605(1)",56
473,472,04732,diag_2,"250.83(1), 411(2), 277(1), 414(2), 440(1), 428(2), 272(1), 780(3), #####(4), 250(2), 571(1), 496(2), 511(1), 203(1), 682(2), 303(1), 427(2), 401(2), 493(2), 410(3), 403(1), 707(1), 162(1), 599(2), 185(1), 250.11(1), 446(1), 558(1), 275(1), 486(4), 584(1), 491(1), 577(1), 276(1), 808(1), 250.02(1)",56
474,473,04741,diag_1,"786(5), 295(1), 414(3), 644(1), V55(1), 433(1), 410(1), 496(1), 250.8(1), V57(1), 572(1), 722(1), 996(2), 428(2), #####(2), 250.7(1), 434(2), 250.6(1), 491(2), 600(1), 276(1), 577(1), 415(1), 715(1), 590(1), 507(1), 820(2), 998(1), 250.02(1), 780(1), 682(1), 198(1), 250.42(1), 458(1), 493(1), 787(1), 574(1), 728(1), 599(1), 584(1), 430(1), 250.11(1), 482(1), 997(1)",56
474,473,04742,diag_2,"250.01(1), 250.6(1), 411(1), 250.03(1), 413(1), 424(3), 250(3), 553(1), 414(2), 496(4), 428(1), E932(1), V43(1), 456(1), 427(3), 38(2), 278(1), 401(2), 707(3), 578(1), V15(1), 780(1), 574(1), 276(3), 403(2), 197(1), 404(1), 303(1), 459(1), 342(1), 568(1), 682(1), 250.82(1), 518(1), 486(1), V58(1), 482(1), 442(1), 585(1)",56
475,474,04751,diag_1,"250.41(1), 250.03(1), 436(1), 575(1), 786(2), 414(1), 780(1), 433(2), 410(3), 715(2), 428(2), 997(1), 278(1), 427(2), 530(1), 401(1), 682(1), 574(1), #####(3), 311(1), 996(1), 486(3), 250.6(2), 250.8(3), 250.4(1), 38(2), 562(1), 560(1), 553(1), 664(1), 250.11(1), 431(1), 403(1), 112(1), 459(1), 820(1), 288(1), 8(1), 271(1), 296(1), 690(1)",56
475,474,04752,diag_2,"403(3), 276(7), 250.6(2), 250.01(1), V42(1), V45(1), 250(1), 272(1), 428(2), 427(2), 599(3), 997(1), 414(2), 453(1), 401(2), 496(4), 413(1), 553(1), 425(1), 780(2), 507(1), 707(1), 340(1), #####(1), 568(1), 648(1), 434(1), 410(1), 331(1), 466(1), 518(1), 710(1), 285(2), 486(1), 797(1), V85(1)",56
476,475,04761,diag_1,"276(2), 309(1), 410(3), 507(2), 618(1), 786(1), 572(1), 250.7(1), 424(1), 435(3), 562(2), 428(2), 780(3), 331(1), 715(3), 569(1), 724(1), 574(1), 292(1), 250.6(2), 810(1), 196(1), 682(1), 202(1), 577(1), #####(3), 575(1), 486(1), V57(1), 599(1), 280(1), 820(1), 491(2), 821(1), 518(1), 38(1), 8(1), 414(1), 608(1), 789(1)",56
476,475,04762,diag_2,"250.01(1), 397(1), 414(1), 138(1), 218(1), 250(5), 428(2), 155(1), 707(2), 401(2), 997(1), 425(1), 599(2), 250.02(1), 496(3), 780(1), #####(2), 403(2), 724(1), 536(1), 427(2), 162(1), 511(1), 786(1), 276(2), 518(1), 560(1), V54(1), 595(1), E888(1), 486(2), 584(2), 535(1), 576(1), 438(1), 285(1), 590(1), 585(3)",56
477,476,04771,diag_1,"410(3), 414(3), 250.7(1), 513(1), 486(3), 426(2), 250.02(2), 440(1), 996(1), 428(2), 434(3), 250.13(1), 997(1), 435(1), 945(1), 516(1), 780(2), 576(1), #####(4), 250.8(1), 998(1), 531(1), 723(1), 682(1), 427(2), 820(1), 577(1), 493(2), 250.01(1), 574(2), 787(1), 38(1), 491(1), 584(2), 681(1), 789(1), 812(1)",56
477,476,04772,diag_2,"250.03(1), 411(1), 413(1), 424(3), 440(1), 486(1), 250.6(1), 305(1), 203(1), 427(5), 433(2), 38(1), 250(4), 276(6), 599(2), 401(1), 596(1), 425(2), 410(2), 786(3), 403(3), V45(1), 682(2), 428(2), 515(1), 491(1), 162(1), 578(1), 507(1), 575(1), 296(1), E888(1)",56
478,477,04781,diag_1,"414(4), 682(1), 239(1), 564(1), 410(4), 722(3), 432(1), 250.7(1), 402(1), 780(2), 550(1), 427(1), 922(1), 276(3), 486(5), 428(2), 571(1), 493(1), 250.6(1), 250.8(1), 592(1), 575(1), 599(4), 296(1), 415(1), 511(1), 853(1), 491(2), 403(1), 514(1), 38(1), 558(1), 574(1), 285(1), 962(1), 250.82(1)",56
478,477,04782,diag_2,"250.01(3), 411(1), 567(1), 250(4), 250.6(1), 428(2), 427(4), 250.02(2), 707(2), 425(1), 340(1), 496(1), 414(2), 493(1), 403(2), 530(1), #####(2), 789(1), 276(5), 599(2), 305(1), 591(1), 780(1), 250.12(1), 294(1), 162(1), 197(1), E884(1), 41(1), 584(2), 535(1), 153(1), 518(1), 290(1), V58(1), 728(1)",56
479,478,04791,diag_1,"496(1), 428(2), 250.41(1), 414(3), 345(1), 786(1), 507(1), 433(1), 722(1), #####(3), 402(1), 276(1), 682(3), 530(1), 174(1), 332(1), 562(1), 727(1), 998(2), 250.6(2), 540(1), 427(1), 250.02(1), 493(2), 431(1), 574(2), 707(1), 558(1), 784(1), 996(1), 162(1), 486(3), 250.8(1), 280(1), 808(1), 560(2), 491(3), 599(1), 721(1), 307(1)",56
479,478,04792,diag_2,"250.01(3), 585(2), 411(1), 424(3), 426(2), 250(5), 413(1), 599(2), 780(1), 786(2), 427(7), 496(1), 425(1), 250.82(1), 276(6), 295(1), 682(2), 707(1), 250.13(1), 401(1), 263(1), 414(1), 790(1), 8(1), 162(1), 250.02(2), 285(1), 486(1), 359(1), 296(1), 555(1)",56
480,479,04801,diag_1,"211(1), 414(2), 786(2), 410(1), 426(1), 512(1), 278(1), 135(1), 530(1), 595(1), 250.13(1), 428(2), 434(3), 276(1), 780(2), 532(1), 724(1), #####(2), 486(4), 820(2), 427(2), 574(1), 507(1), 250.8(3), 38(2), 466(1), 781(1), 415(1), V57(1), 599(1), 153(1), 491(1), 789(1), 189(1), 250.82(1), 617(1), 805(1), 716(1), 324(1), 812(1), 682(1)",56
480,479,04802,diag_2,"250.01(1), 411(1), 530(1), 410(2), 427(3), 428(2), 162(1), 250(4), 486(2), 493(3), 788(1), 276(3), 496(2), 424(1), 998(1), 425(1), 41(1), 401(1), 574(1), 780(2), 997(1), #####(1), 242(1), 286(1), 438(1), 599(3), 403(1), 707(1), 794(1), 153(1), 250.02(1), 211(1), 199(1), 331(1), 626(1), 250.8(1), 322(1), 799(2), V63(1)",56
481,480,04811,diag_1,"414(1), 996(2), 410(2), 786(5), 440(1), 428(2), 434(2), 435(1), 427(3), 682(3), #####(4), 535(1), 822(1), 599(3), 198(1), 608(1), 250.8(2), 250.4(1), 494(1), 250.02(1), 515(1), 510(1), 491(2), 456(1), 453(1), 486(2), 562(2), 276(1), 112(1), 38(1), 715(1), 824(1), 482(1), 681(1), 813(1)",56
481,480,04812,diag_2,"411(1), 567(1), 428(2), 250.02(1), 70(1), 295(1), 250(2), 427(3), 414(3), 780(2), 511(1), 401(2), V45(1), 79(1), 38(1), 276(4), 250.42(1), 788(1), 403(4), 501(1), 786(1), 515(1), 478(1), 789(1), 692(1), 410(1), #####(1), 682(1), 790(2), 707(1), 342(1), 787(1), 205(1), 599(1), 518(3), 491(1), 510(1), 305(1), 802(1)",56
482,481,04821,diag_1,"250.03(1), 414(7), 780(3), 786(1), 250.7(1), 428(2), 295(1), 410(2), 997(1), 593(1), 571(2), 434(1), 444(1), 404(1), 154(1), #####(2), 440(1), 996(2), 715(3), 146(1), 486(3), 250.8(1), 730(1), 820(1), 250.4(1), 787(1), 202(1), 599(1), 38(1), 493(1), 821(1), V54(1), 518(1), 562(1), 459(1), 427(1), 296(1), 299(1), 84(1)",56
482,481,04822,diag_2,"272(1), 250.03(1), 250.01(1), 411(2), 997(1), 250.6(1), 413(1), 440(1), 428(2), 303(1), 427(3), 560(1), 276(3), 456(1), 250.22(1), #####(3), 496(2), 197(1), 414(1), 425(1), 707(1), 403(1), 204(1), 250(1), 491(2), 572(1), 578(1), 682(1), 250.02(2), 404(1), E878(1), 599(2), 786(1), 112(1), 591(1), 733(1), 466(1), 402(1), 996(1), 278(1), 255(1), 584(1), V62(1), 780(1)",56
483,482,04831,diag_1,"998(1), 250.8(2), 411(2), 414(6), 593(1), 715(1), 997(1), 555(1), 786(2), 722(1), V57(1), 428(2), 278(1), #####(6), 402(1), 250.7(1), 730(1), 250.4(1), 431(1), 486(2), 485(1), 250.6(1), 250.02(1), 560(1), 288(2), 491(3), 599(1), 250.12(1), V54(1), 453(1), 584(2), 38(1), 562(1), 280(1), 537(1), 357(1), 250.1(1)",56
483,482,04832,diag_2,"250.7(2), 414(2), 411(2), 788(2), V42(1), 401(3), 250(5), V15(1), 996(1), 410(1), 724(1), 428(2), 424(1), 441(1), 707(2), 250.82(1), 427(4), 496(1), 741(1), 42(1), 403(3), 717(1), 276(4), 560(1), 331(1), #####(1), 682(1), 715(1), 162(1), 590(1), 198(1), 285(1), 569(1), 155(1), 486(1), V58(1)",56
484,483,04841,diag_1,"276(3), 414(1), 297(1), 428(2), 786(5), 682(2), 250.22(1), 996(1), #####(4), 250.13(1), 427(2), 185(1), 511(1), 715(1), 730(1), 824(1), 486(2), 540(1), 458(1), 435(1), 564(1), 577(1), 722(1), V57(1), 592(1), 558(1), 560(1), 780(1), 250.8(1), 311(1), 453(1), 781(1), 466(1), 298(1), 787(1), V58(1), 79(1), 8(1), 440(1), 584(1), 403(1), 278(1), 806(1)",56
484,483,04842,diag_2,"250.01(1), 411(1), 998(1), 429(1), 250.82(1), 401(3), 250(4), 451(1), 427(3), 414(2), 578(1), 276(8), 425(2), 786(2), 428(2), 996(1), 424(1), 515(1), 38(1), 599(3), 682(1), 721(1), 438(1), 753(1), #####(1), 250.02(1), 707(2), 304(1), 491(1), 785(1), 296(1), 995(1), 486(1), 585(1), V85(1)",56
485,484,04851,diag_1,"747(1), 428(2), 446(1), 414(6), 786(2), V57(2), 250.02(3), 410(2), 530(1), 242(1), 434(1), 250.6(3), 577(1), 562(1), 780(3), 578(1), 245(1), 403(1), 276(1), 682(1), 723(1), 820(1), 250.8(1), 592(2), 250.11(1), 724(1), 162(1), 491(2), 152(1), 486(1), 584(2), #####(1), 466(1), 850(1), 518(1), 481(1), 976(1), 345(1)",56
485,484,04852,diag_2,"780(1), 250.01(2), 250.02(1), 411(1), 250.6(1), 340(2), 413(1), 424(1), 250(5), 428(2), 414(2), 427(3), 496(1), 285(2), 278(1), #####(5), 781(1), 574(1), 707(2), 403(1), 515(2), 276(3), 305(1), 591(1), 729(1), 410(1), 196(1), 491(1), 287(1), 416(1), 584(1), V58(1), 298(1), 485(1), 799(1), 283(1), 225(1)",56
486,485,04861,diag_1,"V57(2), 414(2), 250.43(1), 420(1), 996(2), 493(2), 433(1), 786(6), 410(1), 722(2), 428(2), 296(2), 278(1), #####(1), 789(1), 331(1), 562(1), 531(1), 42(1), 585(1), 458(1), 403(1), 276(1), 682(1), 250.11(1), 560(1), 427(1), 486(4), 790(1), 197(1), 824(1), 726(1), 599(1), 537(1), 728(1), 511(1), 438(1), 250.12(1), 518(1), 577(1), 338(1)",56
486,485,04862,diag_2,"715(1), 411(2), 996(2), 276(3), V42(1), 496(3), 682(2), 250.02(3), 414(1), 401(4), 250(4), 574(1), 403(2), 295(1), 722(1), 425(2), 402(1), 428(1), 515(1), 493(1), 263(1), 789(3), 599(2), 787(1), 785(1), 162(1), E888(1), 726(1), 707(1), 280(1), 112(1), 728(1), 535(1), 289(1), 486(1), 585(1)",56
487,486,04871,diag_1,"730(2), 414(2), 433(2), 786(2), 403(2), 426(1), 413(1), 440(1), 722(1), 278(2), 733(1), 250.7(1), 682(1), 250.13(1), 996(3), 711(1), 427(2), 428(2), 296(1), 250.02(1), 198(1), 507(1), 250.6(1), 481(1), 250.8(1), 715(1), 707(1), 466(1), 493(1), 578(1), 599(2), 486(2), 275(1), 574(1), 535(1), 820(1), 518(2), 584(1), 491(1), 660(1), 444(1), 250.82(1), 997(1)",56
487,486,04872,diag_2,"250.01(1), 411(1), 401(1), 292(1), 996(3), 250(5), 440(1), 250.6(1), 427(5), 998(1), 250.42(1), 203(1), 272(1), 707(2), 276(5), 730(1), 403(2), 303(1), 280(1), 491(3), 536(1), 428(1), 682(1), 204(1), 519(1), E935(1), 577(1), 285(1), 294(1), 174(1), 493(1), 518(1), V70(1), 648(1), 728(1), 731(1), 585(1), 534(1)",56
488,487,04881,diag_1,"414(2), 411(1), 250.43(1), 786(5), 340(1), 997(1), 410(2), 437(1), 996(2), 296(1), 428(2), 435(1), 998(1), #####(2), 722(1), 404(1), 532(1), 434(1), 250.02(1), 682(2), 485(1), 427(1), 250.4(1), 276(1), 729(1), 493(1), 250.8(1), 562(1), 715(1), 569(1), 285(2), 162(1), 577(1), 491(1), 531(1), 599(1), V58(1), 924(1), 38(1), 486(1), 518(1), 280(1), 345(1), 250.13(1), 815(1)",56
488,487,04882,diag_2,"411(1), 250.02(2), 276(6), 492(1), 413(1), 780(3), 440(1), 414(2), 401(3), 428(2), 38(1), 496(1), 511(1), 250(2), 998(1), 425(1), #####(4), 280(2), 272(1), 707(1), 403(3), 427(1), 786(2), 285(1), 278(1), 197(1), 558(1), 441(1), 532(1), 162(1), 518(1), 584(1), 291(1), 599(2), 585(1)",56
489,488,04891,diag_1,"414(3), 218(2), 410(4), 599(1), 440(2), 250.81(1), 250.13(1), 682(2), 780(3), 174(1), 241(1), 296(2), 250.42(1), 428(2), 425(1), 486(2), 560(2), 577(1), 386(1), 415(1), 596(1), 491(4), 537(1), 535(1), 789(2), 458(1), 288(1), 112(1), 38(1), 592(1), 586(1), 536(1), 493(1), 280(1), 584(1), 518(1), 250.12(1), 276(1)",56
489,488,04892,diag_2,"411(2), 218(1), 413(1), 414(1), 428(2), 70(3), 496(3), 250.6(1), 153(1), 276(5), 250(4), 707(1), 401(2), 412(1), 427(2), 403(1), #####(2), 682(1), 599(7), 453(1), 242(1), 786(1), 263(1), 250.92(1), 535(1), 304(1), 491(1), 8(1), 301(1), 518(1), 486(1), 585(2), E941(1)",56
490,489,04901,diag_1,"435(2), 414(3), 786(3), 996(4), 410(3), 722(1), 440(1), 250.02(1), 989(1), 428(2), 434(3), 567(1), 577(1), 591(1), 721(1), 427(3), 250.2(1), 723(1), 486(2), 733(1), 444(1), 276(1), 507(1), 415(1), 493(1), 250.11(1), 599(2), V57(1), 153(1), 491(1), 780(1), 288(1), 202(1), 38(1), 820(1), 250(1), 813(1), 403(1), 998(1)",56
490,489,04902,diag_2,"250.01(1), 411(2), 428(2), 414(2), 413(1), 250(8), #####(4), 401(2), 493(1), 427(3), 511(1), 571(1), 496(3), 599(3), 403(2), 780(1), 682(1), 263(1), 250.02(1), 723(1), 331(2), 438(1), 197(1), 491(2), 342(1), 518(1), 8(1), 558(1), 285(1), 276(1), V63(1), 585(1), 871(1)",56
491,490,04911,diag_1,"648(1), 414(2), 189(1), 410(2), 786(1), 250.02(1), 250.13(1), 440(1), 733(1), 435(1), 715(3), 427(1), 486(2), 294(1), 590(1), 562(1), 428(2), 250.6(1), 569(2), 577(1), 785(1), 415(2), 531(1), 250.11(1), 250.8(2), 780(1), 599(1), 493(1), 578(1), 434(1), 237(1), 573(1), 285(1), 552(1), 566(1), 730(1), 584(1), 482(2), 969(1), 276(1), 453(1), 38(1), 820(1), 944(1), 114(1), 990(1)",56
491,490,04912,diag_2,"250.01(1), 411(1), 413(1), 250(5), 414(2), 496(2), 780(3), 276(4), 427(3), 401(1), 511(1), 560(1), 410(1), 599(4), 424(1), 820(1), 682(2), 707(2), 790(1), 250.02(1), 455(1), 507(1), 552(1), 332(1), 518(1), 473(1), 250.92(3), 486(1), 728(1), 585(2), 584(2), 289(1), 958(1), 150(1)",56
492,491,04921,diag_1,"250.03(1), 414(3), 295(1), 410(2), 824(1), 428(2), 786(4), V57(1), 560(1), 433(1), 38(3), 426(1), #####(6), 997(1), 600(1), 789(2), 427(2), 780(1), 486(2), 733(1), 996(1), 396(1), 724(1), 730(1), 599(1), 578(1), 562(1), 642(1), 153(1), 466(1), 491(2), 493(1), 250.82(1), 584(1), 250.8(1), 443(1), 998(1), 784(1)",56
492,491,04922,diag_2,"276(3), 250.6(4), 411(1), 413(1), 496(5), 414(1), 478(1), 401(3), 403(5), 493(1), 426(1), 427(1), 596(1), 682(2), 300(1), 428(2), 250(2), 250.02(2), 707(1), 412(1), 491(2), 280(1), 569(1), 648(1), 518(1), 536(1), 466(1), 250.92(1), 599(1), 785(1), 731(1), 117(1), 285(1), 585(3)",56
493,492,04931,diag_1,"682(4), 436(1), 250.41(1), 414(3), 398(1), 410(3), 786(3), 218(1), 276(1), 282(1), 596(1), 250.22(1), 250.7(1), 296(2), 789(2), 620(1), 486(2), 415(2), 724(1), 428(1), 427(2), 721(1), 491(1), 291(1), 458(1), 162(1), 599(2), 562(2), 431(1), 285(2), 401(1), 38(1), 307(1), 518(1), 560(1), 482(1), 584(1), 250.2(1), 345(1)",56
493,492,04932,diag_2,"250.01(1), 151(1), 585(2), 411(1), 433(1), 396(1), 414(1), 425(1), 401(3), 250(6), 426(1), 428(2), 280(1), 250.11(1), 491(1), 276(4), 707(1), 780(1), 786(2), 292(1), 38(1), 496(2), 403(2), 427(2), V45(1), 303(1), 197(1), 518(2), 250.02(2), 202(1), 599(1), 552(1), 250.12(1), 584(1), 493(1), 792(1), 238(1), 302(1)",56
494,493,04941,diag_1,"414(3), 482(1), 331(2), 386(1), 70(1), 250.11(2), 250.7(1), 250.02(2), 295(1), 786(3), 410(1), 507(2), 342(1), 780(1), 404(1), 550(1), 431(1), 715(1), 428(1), 977(1), 276(1), 185(1), 577(1), 250.4(1), 535(1), 557(1), 155(1), 3(1), 682(1), 996(1), 486(1), 966(1), 427(1), 443(1), 440(1), 250.8(2), 560(1), 38(1), 728(1), 824(1), 250.82(1), 491(1), 493(1), 584(1), 473(1), 654(1), 963(1)",56
494,493,04942,diag_2,"411(1), 277(1), 282(1), V42(1), 571(1), 250.81(1), 440(1), 396(1), 305(2), V15(1), 250(4), 426(1), 295(2), 496(1), 300(1), 719(1), 428(1), 425(2), 276(5), 401(1), 427(2), 780(3), 250.02(3), 601(1), 403(2), 416(1), 560(1), 785(1), 707(2), 790(1), 402(1), 285(1), 682(1), 729(1), 562(1), 648(1), 787(1), 585(1), 288(1)",56
495,494,04951,diag_1,"414(4), 491(1), 722(2), 433(2), 724(1), 780(1), 410(2), 250.13(1), 332(1), 786(2), 278(2), 729(1), 250.02(1), 428(2), 515(1), 401(1), 486(2), 174(1), #####(2), 682(1), 427(1), 402(1), 555(1), 715(2), 193(1), 434(2), 733(1), 250.6(1), 577(1), 592(1), 250.11(2), 493(1), 787(1), 38(1), 560(1), 556(1), 440(1), 518(2), 426(1), 403(1), 296(1)",56
495,494,04952,diag_2,"250.5(1), 250.01(1), 737(1), 413(1), 414(1), 250(5), 250.6(1), 429(1), 493(3), 278(1), 780(1), 305(2), 427(3), 401(2), 496(4), 428(1), 424(1), 403(2), 250.11(1), 250.02(1), 287(2), 280(2), 196(1), 710(1), 682(1), 276(3), 591(1), 584(4), 342(1), 296(1), 578(1), 285(1), 860(1), V63(1), 585(1)",56
496,495,04961,diag_1,"428(2), 414(3), 648(1), 282(1), 410(4), 433(1), 786(4), 593(1), 996(1), 571(1), 276(2), 290(1), 780(2), 572(1), 705(1), 458(3), 724(1), #####(1), 562(1), 574(1), 250.12(1), 491(2), 584(2), 280(1), 486(1), 537(1), 331(1), 681(1), 715(1), 558(1), 784(1), 595(1), 38(2), 79(1), 790(1), 285(1), 8(1), 824(1), 250(1), 250.1(1)",56
496,495,04962,diag_2,"250.01(1), 411(1), 413(2), 250.02(2), 401(1), 112(1), 414(3), 496(2), 424(1), 250(5), 428(2), #####(3), 276(6), 70(1), 427(4), 250.82(1), 203(2), 403(1), 280(2), 292(1), 410(1), 296(1), 295(1), 294(1), 412(1), 578(1), 790(1), 599(1), 486(1), 285(2), E849(1), 584(1), V58(1)",56
497,496,04971,diag_1,"738(1), 293(1), 414(4), 411(1), 402(1), 410(2), 440(1), 433(1), 200(1), 786(2), 151(1), 157(1), 426(1), 428(2), 682(1), 241(1), 435(1), 424(1), 577(1), 996(1), 715(2), 427(1), 824(2), 276(2), 250.6(1), 785(1), 486(3), 458(2), 780(1), 203(1), 415(2), 491(1), 599(1), 995(1), 324(1), 584(2), 250.11(1), 285(1), 850(1), 518(1), 38(1), 296(1)",56
497,496,04972,diag_2,"401(4), 303(2), 411(2), 428(2), 413(1), 287(2), 414(2), 440(1), 496(1), 250(6), 530(1), 196(1), 427(1), 250.42(1), 424(2), 780(2), 403(3), 250.02(2), 682(1), V10(1), #####(1), 284(1), 453(1), 707(2), E888(1), 491(2), 586(1), 724(1), 998(1), 276(1), 584(1), 332(1), 188(1), 486(1), 995(1), V62(1)",56
498,497,04981,diag_1,"414(2), 789(1), V57(1), 434(4), 786(1), 250.13(1), 218(1), 433(1), 530(2), 278(1), 711(1), 715(1), 415(1), 427(3), 574(1), 780(3), 486(4), 428(2), 410(1), 682(2), 493(2), 820(1), 403(1), 578(2), 331(1), 202(1), 790(1), 280(1), 584(3), 562(1), 466(1), 599(1), 38(2), 491(1), 537(1), 824(1), 518(1)",56
498,497,04982,diag_2,"250.51(1), 250.5(1), 250.7(1), 250.01(1), V45(1), 300(1), 578(2), 272(1), 427(4), 250.11(1), 553(1), 250(1), 682(1), 997(1), 424(3), 401(2), 428(2), 493(1), #####(3), 284(1), 518(1), 403(1), 276(6), 250.02(1), 280(1), 784(1), 591(1), 707(1), 491(3), 404(1), 599(3), 154(1), 250.8(1), 459(1), 486(1), 285(1), 808(1)",56
499,498,04991,diag_1,"404(1), 715(4), 414(3), 486(3), V57(2), 786(3), 599(1), 410(2), 722(1), 433(1), 440(1), 780(5), 424(1), 434(1), 428(2), 185(1), 682(1), 250.6(2), 427(3), 562(2), 453(1), 962(1), 578(1), 276(2), 250.13(1), 511(1), 250.11(2), 577(1), 491(1), 584(1), 403(1), #####(2), 542(1)",56
499,498,04992,diag_2,"250.43(1), 250.01(1), 413(1), V42(1), 401(3), 427(5), 414(2), 272(1), 250.6(1), 578(1), 250(4), 403(2), 425(3), 998(2), 250.82(1), 198(1), 250.02(1), 428(2), 560(1), V45(1), 571(1), 79(1), 291(1), 276(3), 446(1), 784(1), 438(1), 599(3), 285(1), 584(2), 518(2), 490(1), 585(2), 799(1)",56
500,499,05001,diag_1,"414(6), V57(1), 250.7(2), 535(2), 786(4), 707(1), 402(2), 722(1), 410(1), 996(3), 486(2), 729(1), 434(1), 719(1), 780(4), 574(2), 577(1), 428(2), 276(1), 711(1), 250.4(1), 530(1), 427(1), 682(1), 820(1), 578(1), 823(1), 789(1), 491(2), 162(1), 487(1), 38(1), 584(2), 562(1), 518(1)",56
500,499,05002,diag_2,"411(2), 250.02(3), 401(2), 250(6), 440(1), 250.6(2), V45(1), 396(1), 428(2), 403(5), 496(1), 493(1), 786(1), 427(2), 682(1), 788(1), 425(1), 599(2), 574(1), 714(1), 780(1), #####(2), 276(7), 280(2), 707(1), 789(1), 518(1), 491(1), 557(1), 156(1), 482(1)",56
501,500,05011,diag_1,"410(3), 250.33(1), 715(1), 250.6(2), 414(3), V57(1), 433(1), 562(3), 780(3), 453(2), 722(1), 507(1), 786(1), 250.02(1), 434(3), 428(2), 250.7(1), 427(3), 996(1), 435(1), 578(1), 707(1), 789(1), 730(1), 571(1), 534(1), 568(1), 386(1), 486(2), 584(1), 560(1), 820(1), 290(1), 421(1), 511(1), 493(1), 569(1), 8(1), 250(1), 403(1)",56
501,500,05012,diag_2,"250.41(1), 578(1), 250.01(1), 351(1), 411(1), 413(1), V45(1), 250(4), 250.6(2), 492(1), 998(1), 599(3), 496(3), 305(1), 428(2), 434(1), 402(1), 425(1), 785(2), 414(1), 41(1), 426(1), 682(2), 38(1), 427(1), 569(1), 572(1), 401(1), 280(1), 574(1), 276(2), 564(1), 342(1), 491(1), 584(1), 473(1), 486(1), 518(1), 112(1), 285(1), 458(1), 585(2), 799(1)",56
502,501,05021,diag_1,"414(4), 250.13(1), V57(1), 682(1), 562(2), 278(2), 189(1), 416(1), 552(1), 250.02(2), 507(1), 428(2), 250.7(1), 710(1), 435(2), 557(1), 723(1), #####(3), 276(2), 715(3), 427(1), 453(1), 998(2), 820(2), 274(1), 434(2), 491(3), 780(2), 38(1), 564(1), V58(1), 584(1), 599(1), 403(1), 658(1), 327(1), 356(1)",56
502,501,05022,diag_2,"250.01(1), 282(1), 411(2), 434(1), V42(2), 413(1), 492(1), 250.42(2), 396(1), 997(1), 493(1), 427(3), 496(2), 707(1), 401(5), 425(1), 596(1), 250.02(1), 414(1), 428(1), 424(1), 403(4), 784(1), 41(1), 998(1), 599(1), 250(1), 789(1), 276(2), 285(1), 486(1), 682(1), 202(1), V43(1), 584(2), 728(2), 344(1), 585(1), 648(1), V85(1)",56
503,502,05031,diag_1,"V57(1), 296(3), 592(2), 414(5), 641(1), 584(2), 648(1), 996(2), 786(2), 410(2), 250.13(1), 491(1), 444(1), 402(1), 428(2), 250.7(1), 493(3), 440(1), 433(1), 682(2), #####(2), 427(2), 486(2), 403(1), 789(1), 415(1), 787(1), 421(1), 574(1), 924(1), 552(1), 490(1), 253(1), 507(1), 250.82(1), 518(2), 252(1)",56
503,502,05032,diag_2,"250.5(1), 250.01(3), 411(1), 648(1), 309(1), 998(1), 250(2), 997(1), 428(2), 272(1), 203(1), 496(2), 996(1), 415(1), 193(1), 340(1), 38(1), 250.02(1), 276(2), 707(2), 424(1), 135(1), 305(1), 342(1), 519(1), #####(4), 682(2), 404(1), 591(1), 453(1), 403(2), 427(1), 575(1), 287(1), 568(1), 466(1), 553(1), 599(1), 584(2), 486(1), 585(1), 513(1), 442(1)",56
504,503,05041,diag_1,"250.23(1), 996(2), 250.03(1), 486(5), 438(1), 414(1), 280(2), 593(1), 738(1), 682(2), V57(1), 722(1), 410(2), 441(1), 782(1), 174(1), 402(2), 532(1), 153(1), 427(1), 276(1), 733(1), 428(2), 157(1), 599(3), 567(1), 401(1), 560(2), 250.11(1), 866(1), #####(1), 151(1), 250.12(1), 780(1), 487(1), 558(1), 38(2), 584(1), 518(1), 998(1), 813(1), 338(1)",56
504,503,05042,diag_2,"41(1), 250.01(4), 276(7), 411(1), 788(1), 250.6(1), 719(1), 250(2), 428(2), 340(1), 427(3), 707(1), 599(1), 401(1), 414(1), #####(4), 496(2), 403(2), 250.02(2), 491(3), 197(2), 997(1), 571(1), 295(1), 404(1), E878(1), 996(1), 682(1), 575(1), 402(1), E849(1), 584(1), 482(1), 812(1)",56
505,504,05051,diag_1,"414(5), 189(1), 250.7(1), 786(4), 295(1), 722(1), 428(2), #####(3), 404(1), 276(2), 427(2), 531(1), 401(1), 486(3), 250.6(1), 600(1), 682(1), 274(1), 998(2), 599(1), 151(1), 996(2), 250.8(2), 493(1), 491(1), 280(1), 787(1), 789(1), 38(2), 535(1), V58(1), 584(1), 8(2), 537(1), 402(1), 523(1), 696(1)",56
505,504,05052,diag_2,"413(2), V45(1), 424(1), 496(3), 440(1), 250(1), V12(1), 599(3), 305(1), 427(4), 414(2), 425(1), 428(2), 404(1), 250.02(2), #####(2), 403(1), 491(1), 707(3), 276(7), 41(1), 447(1), 682(1), 780(1), 344(1), 287(1), 577(1), 250.92(1), 535(2), 189(1), 162(1), 995(1), 96(1), 338(1), 401(1)",56
506,505,05061,diag_1,"429(1), V57(1), 998(2), 414(2), 968(1), 453(1), 584(2), 996(1), 434(3), 410(2), 592(1), 590(1), 786(2), 722(1), 522(1), 428(2), 250.6(2), 997(1), 782(1), 724(1), 552(1), 789(1), 250.11(1), 197(1), 305(1), 296(1), 486(2), 250.8(2), 427(2), 553(2), 155(1), 780(1), 491(1), 202(1), 250.12(1), 787(1), 8(1), 820(1), 715(1), 730(1), 647(1), 250.2(1), 403(1)",56
506,505,05062,diag_2,"427(3), 250.7(1), 436(1), 411(1), 305(1), 250.01(1), 250.41(1), 711(1), 250.6(1), 428(2), 414(1), 550(1), 135(1), 397(1), 250(3), 682(1), 250.02(1), 401(2), 496(3), 41(1), 780(2), 425(1), V45(1), 34(1), 157(1), 433(1), 303(1), 403(3), #####(3), 263(1), 518(1), 276(1), 535(1), 202(1), 599(1), 577(1), 285(2), 681(1), 648(1), 584(1), 490(1), 585(1)",56
507,506,05071,diag_1,"414(3), 786(3), 250.13(1), 527(1), 996(2), 788(1), 413(1), 276(2), 410(1), V57(1), 592(1), 428(2), 997(1), 440(1), 432(1), 478(1), 530(1), 435(3), 780(4), 733(1), 507(1), 577(1), 434(2), #####(1), 730(1), 787(1), 453(1), 250.8(1), 188(1), 552(1), 331(2), 250.11(1), 682(1), 584(2), 574(1), 491(1), 403(1), 599(1), 728(1), 285(1), 957(1)",56
507,506,05072,diag_2,"250.01(3), 250.6(1), 396(1), 411(1), 362(1), 70(1), 250.02(3), 250(4), 250.4(1), 410(1), 414(2), 707(2), 780(2), 401(2), 425(2), 496(1), 280(1), 574(1), 424(1), 560(1), 403(3), 781(1), 996(1), 427(2), E942(1), 286(1), 276(5), 788(1), 648(1), 428(2), 342(1), 294(1), 458(1), 584(2), 585(1)",56
508,507,05081,diag_1,"276(4), V57(1), 414(1), 410(4), 433(1), 722(2), 553(1), 440(1), 996(2), 435(2), 965(1), 682(2), 250.4(1), 427(3), 972(1), 250.8(3), 820(1), 434(1), 715(1), 733(1), 250.6(2), 560(1), 719(1), 618(1), 403(2), 599(1), 568(1), 401(1), 590(1), 780(1), 453(1), 275(1), V58(1), 558(1), 491(1), 530(1), 584(1), 533(1), 518(1), 280(1)",56
508,507,05082,diag_2,"250.01(1), 715(1), 413(1), 414(1), 428(2), 250(1), 401(3), #####(6), 723(1), 496(2), 295(1), 403(1), 287(1), 425(1), 404(1), 426(1), 250.02(1), 518(1), 427(3), 402(1), 682(1), 599(2), 303(1), 780(1), 276(5), 722(1), 415(1), 707(1), 438(2), 189(1), 205(1), 730(1), 153(1), 280(1), 491(1), 337(1), 584(1), 585(2)",56
509,508,05091,diag_1,"447(1), 491(4), 414(4), 786(4), 711(1), 433(1), 618(1), 428(2), 174(1), 997(1), 996(1), 296(1), #####(4), 427(2), 998(1), 435(1), 726(1), 276(1), 250.02(1), 486(4), 250.6(1), 250.8(2), 682(1), 577(1), 79(1), V57(1), 280(1), 453(1), 562(1), 358(1), 511(1), 569(1), 482(1), 191(1), 805(1), 518(1), 403(1), 424(1)",56
509,508,05092,diag_2,"250.01(1), 250.7(1), 411(3), 250.6(1), 414(2), 496(2), 250(3), 788(2), 233(1), 453(2), 428(2), 401(4), 403(1), 413(1), 998(1), 425(1), 780(2), V45(1), 424(1), 427(2), 786(1), 412(1), 682(1), #####(2), V12(1), 402(1), 162(1), V54(1), 276(4), 599(1), 465(1), 518(2), 285(1), 250.8(1), 584(2), 746(1)",56
510,509,05101,diag_1,"184(1), 780(1), 715(2), 414(3), 786(3), 398(1), 738(1), 997(1), 444(2), 250.13(1), 428(2), 346(1), 435(1), 276(1), 404(1), 440(1), 197(1), 410(1), #####(2), 789(1), 581(1), 427(2), 540(2), 724(1), 486(2), 566(1), 682(2), 482(1), 515(1), 820(1), 592(1), 331(1), 574(1), 562(1), 250.8(2), 458(1), 491(1), 710(1), 487(1), 434(1), 38(1), 584(1), 823(1)",56
510,509,05102,diag_2,"701(1), 250.01(2), 411(2), 250.6(1), 396(1), 724(1), 788(1), 250(2), 196(1), 786(3), 599(4), 496(2), 397(1), 401(2), 425(1), 428(2), 707(4), 151(1), 785(1), 276(4), 427(3), 424(1), 403(1), 491(2), 250.02(1), #####(2), 38(2), 426(1), 591(1), 569(1), 423(1), 486(1), 250.8(1), E882(1)",56
511,510,05111,diag_1,"414(3), 998(1), 135(1), 682(1), 648(1), 250.13(1), 427(3), 997(1), 786(2), 722(1), 593(1), 410(1), 727(1), 428(2), 435(1), 577(2), 996(1), 530(1), 250.6(2), 434(2), 715(1), 294(1), 153(1), 276(2), 486(1), 820(1), 403(2), 590(1), 787(1), 562(1), 402(1), 599(1), 578(1), 560(1), 38(1), 785(1), 821(1), 518(1), 443(1), 8(1), 491(1), 807(1), 805(1), 780(1), #####(1)",56
511,510,05112,diag_2,"411(1), 250.81(1), 517(1), 250.6(1), 278(1), 496(8), 420(1), 493(1), 204(1), 276(6), 427(2), 401(1), 425(1), 250(2), 574(1), 403(1), 578(2), 402(2), 707(2), 781(1), 428(1), E928(1), 784(1), 584(2), 250.92(1), 198(1), 453(1), 789(2), 599(1), 785(1), 465(1), 923(1), 577(1), 349(1), 585(3)",56
512,511,05121,diag_1,"429(1), 414(2), 682(1), 434(4), 250.7(1), V55(1), 286(1), 786(1), 410(3), 552(1), 507(1), 440(1), 530(1), 475(1), 428(2), 250.13(1), #####(2), 435(2), 276(3), 996(1), 715(4), 574(1), 427(2), 997(1), 250.8(1), 599(1), 569(1), 250.6(1), 493(1), 458(1), 162(1), 486(1), 584(1), 491(2), 611(1), 728(1), 280(1), 250(1), 787(1), 403(1)",56
512,511,05122,diag_2,"511(2), 411(1), 457(1), 413(1), 250.6(1), 440(1), 428(2), 427(2), 250(3), 496(4), 138(1), 401(5), 414(2), 424(1), 276(5), 425(1), 780(2), 403(2), 574(1), #####(1), 198(1), E878(1), 250.02(2), 788(1), 280(2), 402(1), 278(1), 599(1), 197(1), 491(1), 733(1), 584(4)",56
513,512,05131,diag_1,"996(4), 786(3), 787(1), 414(2), 135(1), 410(4), 428(2), #####(2), 998(2), 250.4(1), 789(1), 552(1), 239(1), 618(1), 434(2), 162(1), 427(1), 250.8(2), 291(1), 250.6(1), 578(1), 515(1), 535(1), 724(1), 284(1), 204(1), 198(1), 514(1), 599(2), 536(1), 558(1), 404(1), 250.1(1), 296(2), 8(1), 805(1), 38(1), 518(1), 276(1), 278(1)",56
513,512,05132,diag_2,"250.41(1), 250.52(1), 250.81(1), 250(2), 428(2), 414(2), 496(7), 599(2), 401(1), 38(1), 403(3), 996(1), 596(1), 276(5), 530(1), 427(3), 263(1), #####(3), 250.02(1), 536(1), 280(1), 491(1), 724(1), 721(1), 707(1), 202(1), 733(1), 518(1), 584(2), 301(1), E880(1), 486(1), 799(1), V85(1), V62(1)",56
514,513,05141,diag_1,"440(1), 434(1), 715(5), 414(4), 491(2), 433(1), 410(3), 402(1), 786(1), 278(1), 250.7(1), 428(2), 171(1), 682(1), 427(1), 820(1), 996(1), 562(2), 822(1), 250.02(1), #####(5), 453(2), 733(1), 568(1), 558(1), 250.11(1), 486(2), 250.2(1), 466(1), 511(1), 808(1), 493(1), 401(1), 287(1), 38(2), 459(1), 998(1)",56
514,513,05142,diag_2,"250.41(1), 250.03(2), 250.01(1), 411(2), 413(2), 250(5), 414(2), 428(1), 780(1), 719(1), 707(3), 425(1), 496(4), 403(1), 401(1), 424(1), 599(3), 276(4), 162(1), 272(1), 722(1), 274(1), 402(1), 511(1), 786(1), 493(1), 427(1), 486(2), 518(1), 285(1), 357(1), 784(1), 584(1), 805(1), V58(1), 585(1), 482(1)",56
515,514,05151,diag_1,"648(1), 414(6), V57(2), 996(1), 440(2), 786(2), 410(2), 435(1), 250.7(2), 428(2), 188(1), 276(1), #####(3), 574(2), 780(1), 592(2), 427(1), 434(1), 250.8(2), 785(1), 183(1), 458(1), 443(1), 486(2), 787(1), 790(1), 38(1), 198(1), 250.82(1), 584(2), V58(1), 348(1), 642(1), 560(1), 346(1), 518(1), 8(1), 508(1)",56
515,514,05152,diag_2,"250.01(2), 411(2), 434(1), 426(1), 428(2), 272(1), 581(1), 414(2), 250(3), 410(1), 362(1), 682(1), 276(3), 496(3), 788(1), 707(3), 425(2), 280(1), 403(2), 404(1), 293(1), 242(1), 197(1), 427(1), 599(3), 600(1), 491(1), 288(1), 486(2), #####(1), 730(1), 560(1), 162(1), 648(1), 787(2), 785(1), 585(1), 909(1)",56
516,515,05161,diag_1,"427(1), 428(2), 934(1), 574(2), 227(1), 414(5), 235(1), 786(2), 410(1), 250.7(1), 278(2), 530(1), 434(2), 577(2), 532(1), 404(1), 996(1), 682(1), 425(1), 276(1), 715(2), 820(1), 486(1), 600(1), 562(2), 560(1), 536(1), 592(1), 599(3), 578(1), 250.11(2), 285(1), 493(1), 852(1), #####(1), 995(1), 693(1), 584(1), 558(1), 8(1), 895(1)",56
516,515,05162,diag_2,"250.5(1), 250.01(2), 428(2), 401(4), 411(2), 599(2), 413(1), 250(4), #####(6), 38(1), 272(2), 496(3), 403(2), 293(1), 41(2), 425(1), 786(1), 996(1), 574(1), 780(1), 595(1), 493(1), 591(1), 280(2), 276(3), 530(1), 518(1), 438(1), 427(1), 707(1), 342(1), 465(1), 285(1)",56
517,516,05171,diag_1,"535(2), 486(4), 250.93(1), 414(2), 682(1), 410(2), 600(1), 786(1), 250.7(1), 428(2), 276(1), 434(2), 530(1), 278(1), 577(1), 427(2), 153(1), 780(3), 708(1), 733(1), 431(1), 453(1), 274(1), 205(1), #####(1), 571(1), 574(1), 996(1), 38(1), 558(1), 560(1), 482(1), 491(1), 250.1(1), 595(1), 284(1), 584(2), 250.8(3), 197(1), 599(1), 514(1), 250.82(1)",56
517,516,05172,diag_2,"250.01(1), 250.03(1), 780(2), V15(1), 451(1), 428(2), 788(1), 305(1), 427(6), 682(1), 493(2), 250(3), 996(1), 280(1), 574(2), 496(1), 414(2), 403(2), #####(4), 331(1), 287(1), 276(5), 789(1), E878(1), 571(1), 599(1), 707(2), 733(1), 466(1), 202(1), 486(2), 491(1), 731(1), 518(1)",56
518,517,05181,diag_1,"996(1), 715(4), 414(7), 682(1), 434(3), 722(1), V57(1), 560(1), 577(1), 410(1), 278(1), 553(1), 786(1), 507(1), 424(1), 250.7(2), 402(1), 998(2), 427(3), 428(1), 707(2), 300(2), 331(1), 250.11(1), 590(1), 530(1), 805(1), 348(1), 486(1), 491(1), 438(1), 493(1), 584(1), 276(1), 8(2), 250.82(2), 518(1)",56
518,517,05182,diag_2,"250.7(1), 250.51(1), 462(1), 411(2), 413(1), 250.6(3), 437(1), 736(1), 719(1), 493(1), 244(1), 428(2), 250(2), 410(1), 574(1), 425(1), 560(1), 414(2), 785(2), 707(1), 427(1), 998(1), 401(1), 403(1), 424(1), 511(1), 682(1), 996(1), 784(1), 530(1), 278(1), 599(1), 276(5), 518(2), 730(1), 491(1), 724(1), 787(1), 204(1), 435(1), 584(1), 263(1), V44(1), 585(1)",56
519,518,05191,diag_1,"250.03(1), 414(2), 53(1), 295(1), 410(2), 250.22(1), 428(2), 444(1), 435(2), #####(6), 404(1), 434(2), 427(3), 250.6(1), 576(1), 574(1), 276(1), 486(1), 291(1), 584(2), 560(1), 285(1), 578(1), 786(1), 996(1), 153(1), 711(1), 491(2), 493(1), 599(1), 812(2), 280(1), 787(1), 681(1), 820(1), V58(1), 401(1), 715(1), 250.13(1), 572(1), 357(1)",56
519,518,05192,diag_2,"276(2), 411(1), 250.01(1), 413(1), 250(6), 414(2), 426(1), 112(1), 401(3), 428(2), 425(1), 496(1), 780(1), 403(1), 427(4), 574(1), 611(1), 707(2), 493(1), 250.11(1), 412(1), 280(1), 250.8(1), 447(1), 211(1), 584(3), #####(1), 286(1), 287(1), 368(1), 250.02(1), 70(1), 285(2), 552(1), 281(1), 585(1), 728(1), 812(1), 266(1)",56
520,519,05201,diag_1,"117(1), 996(3), 737(1), 296(1), 998(1), 414(2), V57(1), 410(3), 433(2), 786(2), 440(1), 441(1), 428(2), 250.13(1), 276(1), 507(2), 997(1), 486(5), 174(1), 780(1), 599(1), 722(1), 453(1), 715(1), 682(1), 560(1), 427(2), 274(1), 250.8(2), 415(1), 493(1), 38(3), 592(1), 574(1), 250.6(1), 558(1), 518(1), 8(1), 348(1)",56
520,519,05202,diag_2,"V42(1), 250.41(1), 401(2), 250.03(1), 250.01(1), 411(1), 997(1), 135(1), 998(1), 428(2), #####(3), 403(3), 444(1), 425(1), 276(6), 996(2), 426(1), 427(1), 250(2), 198(2), 571(1), 340(1), 285(1), 491(2), 707(1), 790(1), 496(1), 398(1), 682(1), 197(1), 458(1), 562(1), 250.92(1), 577(1), 599(1), 357(1), 518(1), 486(1), 584(1), V58(1), 585(1)",56
521,520,05211,diag_1,"786(3), 414(2), 428(2), 410(2), 278(1), 496(1), 553(1), 530(1), 424(1), #####(4), 250.13(1), 250.4(1), 507(1), 276(4), 440(1), 780(3), 682(1), 402(1), 726(1), 998(1), 427(1), 510(1), 486(3), 415(1), 493(1), 162(1), 453(1), 491(3), 789(1), 250.8(2), 599(1), 820(1), 584(2), 38(1), 287(1), 824(1), 518(1)",56
521,520,05212,diag_2,"250.01(1), 411(3), 250(2), 496(3), 401(1), 780(2), 427(5), 428(2), 425(1), 276(4), 403(3), 599(4), 305(1), 250.02(1), 444(1), 491(2), 682(3), 41(1), 515(1), 303(1), 293(1), 197(1), 414(1), 707(1), #####(2), E888(1), 416(1), 787(1), 730(1), 518(1), 438(1), E849(1), 486(1)",56
522,521,05221,diag_1,"410(5), 250.6(1), 786(2), 414(3), 491(3), 278(1), 402(1), 608(1), 722(2), 428(2), 250.7(1), 153(1), 781(1), 550(1), 682(1), 577(2), #####(3), 435(1), 780(2), 574(1), 434(1), 486(3), 715(3), 723(1), 162(1), 812(1), 535(1), 536(1), V57(1), 298(1), 540(1), 250.1(1), 459(1), 733(1), 720(1), 599(1), 404(1)",56
522,521,05222,diag_2,"250.41(1), 378(1), V42(1), 411(2), 250.01(1), 413(1), 282(1), 414(1), 581(2), 424(2), 780(3), 428(2), 427(4), 250(3), 996(1), 196(1), E939(1), 722(1), 425(1), 250.02(2), 401(2), 403(1), #####(1), 496(3), 710(1), 715(1), 682(1), 280(1), 530(1), V54(1), 599(2), 707(1), 577(1), 276(3), 535(1), 250.12(1), 285(1), 585(1)",56
523,522,05231,diag_1,"250.03(1), 600(1), 414(1), 295(1), 309(1), 572(1), 722(1), 410(3), 786(3), 780(2), 996(3), 434(4), 404(1), 530(1), 574(1), 427(2), 590(1), 998(2), 250.02(1), 682(1), 486(1), 197(1), 599(1), 491(4), 487(2), 458(1), 557(1), 348(1), 558(1), 250.12(1), 787(1), 276(1), 821(1), V58(1), 654(1), 493(2), 250(1), 294(1), E909(1)",56
523,522,05232,diag_2,"599(3), 250.03(1), 411(1), 244(1), 571(1), 250(2), 428(2), 496(2), 427(7), 396(1), 38(1), 403(2), #####(4), 280(1), 574(1), 426(1), 682(2), 276(5), 486(1), 730(1), 198(1), V43(1), 342(1), 518(1), 431(1), 250.02(1), 787(1), 584(1), E888(1), 152(1), 648(1), 304(1), 490(1), 562(1), 312(1), 348(1)",56
524,523,05241,diag_1,"446(1), 434(2), V57(1), 414(4), 250.7(1), 997(1), 410(1), 600(1), 530(2), 250.02(1), 251(1), 295(1), 428(2), 250.13(1), 401(2), #####(2), 724(1), 682(1), 715(1), 193(1), 486(2), 786(1), 511(3), 250.6(1), 276(1), 493(1), 707(1), 824(1), 789(1), 491(1), 562(1), 820(1), 787(1), 556(1), 599(1), 38(2), 584(1), 453(1), 518(1), 403(1), 427(1), 435(1), 296(1), 8(1)",56
524,523,05242,diag_2,"250(3), 250.01(1), 250.6(1), 411(1), 413(2), 440(1), 428(2), 496(2), V10(1), 414(4), 250.02(2), 276(8), 425(1), 780(2), 403(1), #####(2), 311(1), 410(2), 571(1), 536(1), 599(6), 707(1), E885(1), 486(2), 584(4), 585(2), 314(1)",56
525,524,05251,diag_1,"440(2), 276(1), 436(1), 414(1), 424(2), 437(1), 410(2), 996(3), 786(2), 296(2), 428(2), 530(1), 402(1), 721(1), 572(1), 780(1), #####(1), 427(2), 997(1), 540(1), 715(2), V57(1), 571(1), 435(1), 577(1), 434(1), 493(1), 486(1), 728(1), 680(1), 787(1), 482(1), 250.92(1), 202(1), 965(1), 599(2), 784(1), 38(1), 584(1), 8(1), 491(1), 415(1), 805(1), 535(1), 518(1)",56
525,524,05252,diag_2,"250.01(2), 250.02(1), 411(2), 250(4), 414(1), 567(1), 496(2), 428(2), 425(1), 998(1), 401(3), V12(1), 427(4), 403(4), 263(1), 730(1), 410(1), 344(1), 456(1), 707(1), 573(1), 790(1), 784(1), 519(1), 788(1), 682(3), #####(2), 276(1), 202(1), 560(1), 599(1), 518(1), 584(1), E888(1), 250.2(1), 486(1), 319(1), 585(1)",56
526,525,05261,diag_1,"414(2), 722(2), V55(1), 464(1), 295(1), 410(3), 786(2), 250.6(1), 682(1), 290(1), 530(1), 250.7(1), 997(1), 998(2), 428(2), 276(2), 250.13(1), 996(1), 434(2), 824(1), 578(1), 296(1), 250.8(2), #####(1), 590(2), 527(1), 715(1), 416(1), 571(1), 435(1), 211(1), 197(1), 493(1), 780(1), 733(1), 812(1), 491(1), 466(1), 820(1), 38(2), 805(1), 427(1), 518(1), 397(1)",56
526,525,05262,diag_2,"250.01(2), 411(1), 997(2), 250(4), 305(1), V45(3), 496(4), 428(2), 958(1), 780(1), 530(1), 707(1), 403(3), 280(1), 425(2), 276(6), 402(1), #####(2), 427(2), 413(1), 410(1), 608(1), 41(1), 572(1), 70(1), 311(1), 733(1), 250.02(1), 285(1), 590(1), 486(1), 585(2), 799(1), 416(1)",56
527,526,05271,diag_1,"518(1), 250.03(1), 530(1), 599(2), 414(6), 220(1), 434(2), 250.7(1), 786(4), 410(4), 577(2), 997(1), 289(1), 438(1), 428(2), 682(1), 440(1), #####(4), 851(2), 427(1), 996(1), 780(1), 250.4(1), 496(1), 562(2), 435(1), 486(2), 453(1), 250.6(1), 733(1), 238(1), 789(1), 340(1), 38(1), 97(1)",56
527,526,05272,diag_2,"508(1), 276(3), 250.41(1), 250.01(1), 411(2), 620(1), 250.81(1), 413(2), 250(3), 440(1), 292(1), 414(1), 428(2), 424(3), 996(2), 250.02(2), 250.11(1), 286(1), 578(1), 780(3), 496(1), 511(1), 784(1), E888(1), 403(1), 453(1), 599(1), 274(1), 518(3), 208(1), #####(1), 454(1), 202(1), 458(1), 535(1), 285(1), 584(1), 356(1), 576(1), 585(1), 42(1)",56
528,527,05281,diag_1,"250.33(1), 414(1), 398(1), 250.81(1), 433(1), 564(1), 250.8(1), 410(2), 278(1), 786(3), 453(1), 572(1), 428(2), 250.4(1), 250.13(1), 404(1), 435(2), 996(1), 590(1), 780(3), 562(1), 276(2), 530(1), 285(1), 434(1), #####(1), 291(1), 427(1), 198(1), 493(1), 250.11(1), 290(1), 491(3), 599(1), 729(1), 458(1), 560(1), 250.6(1), 820(1), 787(1), 415(1), 724(1), 715(1), 287(1), 695(1), 197(1)",56
528,527,05282,diag_2,"599(3), 411(1), 396(1), 707(1), 530(1), 244(1), 711(1), 428(2), 250(3), 427(2), 581(1), 403(3), 414(1), 583(1), 425(2), 276(7), #####(1), 401(1), 424(2), 433(2), 786(1), 250.4(1), 518(2), 303(1), 410(1), 507(1), 413(1), 296(1), 263(1), 578(1), 577(1), 787(1), 285(1), 532(1), 443(1), 584(1), 183(1), 799(1)",56
529,528,05291,diag_1,"250.41(1), 414(7), 433(1), 786(1), 428(2), 410(1), V57(1), 442(1), 250.7(1), 435(1), 996(2), 569(1), 507(1), 515(1), #####(3), 415(1), 715(1), 574(1), 453(1), 682(1), 780(2), 427(1), 353(1), 599(4), 493(1), 491(4), 486(2), 562(1), 584(1), 560(1), 38(1), 250.12(1), 812(1), 997(1), 276(1), 311(1), 250.11(1), 349(1)",56
529,528,05292,diag_2,"403(3), 411(3), 413(2), 428(2), 427(4), 250(4), 396(1), 250.42(2), 724(1), 444(1), 707(1), #####(5), V10(1), 996(1), 425(1), 414(2), 560(1), 250.02(1), 722(1), 794(1), 276(2), 780(1), 491(1), 288(1), 162(2), 599(2), 344(1), 345(1), 285(1), 585(2), V62(1), 994(1), 438(1), 918(1)",56
530,529,05301,diag_1,"786(5), 540(1), 8(1), 414(4), V57(1), 428(2), 250.7(2), 410(3), 997(1), 491(2), 403(2), #####(1), 296(1), 189(1), 250.2(1), 970(1), 715(3), 824(1), 486(2), 250.8(1), 560(1), 458(1), 379(1), 427(1), 785(1), 250.6(1), 575(1), 996(1), 250.83(1), 38(3), 584(2), 618(1), 820(1), 287(1), 850(1), 682(1), 276(1)",56
530,529,05302,diag_2,"250.01(2), 250.41(1), 411(1), 434(1), 250.6(2), 401(4), 250(8), 440(1), 414(2), 428(2), 453(1), 682(2), 250.4(1), 425(1), 496(1), 189(1), 493(1), 410(1), 491(1), 780(1), 427(1), 486(2), 276(4), 38(1), 285(3), 312(1), #####(1), 599(1), 996(1), 625(1), 459(1), 250.02(1), 585(2), 799(1)",56
531,530,05311,diag_1,"V57(2), 296(2), 414(5), 250.12(1), 295(1), 480(1), 786(2), 423(1), 427(1), 997(1), 410(2), 441(1), 278(1), 428(2), 577(2), 682(1), 250.7(1), 530(1), 250.6(2), 250.02(1), 998(2), 486(3), 562(1), 600(1), 558(2), 291(1), #####(1), 576(1), 162(1), 785(1), 53(1), 584(2), 38(2), 250.8(1), 557(1), 250.82(1), 287(1), 812(1), 541(1)",56
531,530,05312,diag_2,"250.01(2), 411(2), 250.6(1), 493(4), 428(2), 276(4), 425(1), 414(1), 198(1), V72(1), 511(1), 250(1), #####(1), 300(1), 295(1), 786(3), 303(1), 496(2), 574(2), 403(1), 785(1), 285(1), 682(3), 599(5), 41(1), 536(1), 427(1), 401(1), 518(1), 491(1), 578(1), 731(1), 486(1), 707(1), 569(1), 202(1), 995(1)",56
532,531,05321,diag_1,"530(1), 577(2), 303(1), 414(5), 521(1), 410(2), 786(1), 851(1), 250.02(1), 250.7(1), 428(2), 386(1), #####(2), 401(1), 789(1), 250.4(1), 486(1), 715(2), 427(1), 210(1), 780(1), 824(1), 458(1), 250.8(1), 790(1), 413(1), 599(2), 781(1), 482(1), 491(1), 820(1), 434(1), 493(1), 852(1), 38(1), 518(1), 812(1), 560(1), 490(1), 584(2), 608(1), 459(1), 8(1), 250.1(1), 403(1)",56
532,531,05322,diag_2,"250.41(2), 780(5), 413(1), 428(2), V45(1), 427(2), 996(1), 425(2), 599(4), 402(1), 511(3), 707(1), 496(3), 401(2), 404(1), 785(1), 426(1), 250(1), 403(1), 414(1), 276(5), #####(1), 438(1), 250.02(2), 515(2), 787(1), 197(1), 562(1), 518(1), 584(1), 782(1), 682(1), V58(1), 585(1)",56
533,532,05331,diag_1,"566(1), 485(1), 414(3), 304(1), 433(1), 250.6(2), 786(3), 424(1), 402(1), 996(1), 428(2), 444(1), 404(1), 410(1), 427(5), 276(1), 562(2), 557(2), 188(1), 351(1), #####(2), 421(1), 294(1), 415(1), 453(1), 486(1), 250.8(3), 780(1), 348(1), 599(1), 435(1), 401(1), 969(1), 715(2), 491(1), 656(1), 507(1), 530(1), 682(1), 163(1)",56
533,532,05332,diag_2,"250.01(2), 411(1), 305(1), 401(2), 496(4), 440(1), 250(5), 780(1), 397(1), 250.42(1), 38(1), 424(1), 428(2), 402(1), 599(2), 403(2), 425(2), 410(1), 197(1), 789(1), 998(1), 427(3), 276(3), 790(1), 346(1), 211(1), V49(1), 295(1), 584(2), 285(1), 733(1), 681(1), 648(1), 799(1), 585(2), 453(1), 540(1)",56
534,533,05341,diag_1,"428(2), 420(1), 197(1), 414(3), 413(1), 225(1), 426(1), 250.8(1), 410(1), 250.7(1), 786(1), 577(2), 507(1), 250.13(1), 433(1), 250.02(1), 42(1), #####(3), 38(3), 998(3), 300(1), 198(1), 682(1), 715(1), 70(1), 780(3), 250.6(2), 403(2), 491(2), 560(2), 486(2), 996(1), 294(1), 453(1), 599(1), 518(1), 820(1), 584(1), 618(1)",56
534,533,05342,diag_2,"250.03(1), 511(1), 250.01(1), 411(2), 401(4), 496(1), 250(4), E932(1), 427(4), 707(4), 425(1), 276(5), 491(3), 70(1), 403(4), 440(1), 996(1), 599(3), 295(1), 682(1), 428(1), 285(2), E878(1), 324(1), 410(1), 404(1), 584(2), 618(1), 585(2)",56
535,534,05351,diag_1,"V57(2), 998(3), 401(1), 427(2), 436(1), 453(1), 414(3), 250.7(1), 572(2), 432(1), 185(1), 410(1), 428(2), 174(1), #####(2), 434(2), 486(3), 996(1), 435(2), 715(2), 577(2), 962(1), 298(1), 490(1), 493(2), 333(1), 584(4), 323(1), 157(1), 721(1), 491(1), 562(1), 820(1), 250.11(1), 695(1), 725(1), 38(1)",56
535,534,05352,diag_2,"V57(1), 250.01(4), 250(7), 411(1), 413(1), 440(1), 719(1), 571(1), 427(3), 414(1), 496(1), 425(2), 493(1), 401(2), 444(1), 733(1), 682(2), 428(2), 599(3), 276(4), 434(1), 244(1), 491(1), 294(1), 518(1), 780(1), 288(1), 250.02(2), 576(1), 285(2), V49(1), V58(1), 584(1), 482(1)",56
536,535,05361,diag_1,"164(1), 436(1), 414(5), 292(1), 411(1), 722(1), 410(3), 786(4), 413(1), 440(3), 428(2), 530(1), 789(1), 574(2), 996(1), 453(1), 682(2), 250.8(2), 298(1), 557(1), 435(1), 481(1), 575(2), 486(1), 532(1), 562(1), 577(1), 434(1), 728(1), 560(1), 280(1), 38(1), 276(2), 715(1), 518(2), 813(1), 491(1), 250.13(1)",56
536,535,05362,diag_2,"478(1), 282(1), 411(2), 250.6(1), 428(2), V45(1), 250(7), 401(1), 272(1), 427(6), #####(1), 496(2), 250.02(2), 682(1), 285(3), 730(2), 785(1), 707(1), 780(1), 491(1), 403(1), 276(2), 569(1), 577(1), 342(1), 599(2), 584(3), 786(1), 295(1), 424(1), 585(2), V62(1), 215(1)",56
537,536,05371,diag_1,"414(2), 786(4), 428(2), 410(3), 154(1), 453(1), 296(1), 780(4), 404(1), 427(3), #####(4), 250.6(3), 292(1), 530(1), 431(2), 486(2), 562(1), 560(1), 682(1), 250.13(1), 785(1), 569(1), 577(1), 153(1), 965(1), 574(1), 415(1), 491(1), 812(1), 531(1), 250.1(1), 518(1), 584(1), 537(1), 515(1), 38(1), 184(1)",56
537,536,05372,diag_2,"411(2), 715(1), 414(2), 496(2), 397(1), 427(2), 250(2), 493(1), 282(1), 340(1), 693(1), 428(2), 402(1), 413(1), 785(2), 593(1), 515(1), 250.02(1), 786(1), 426(1), 403(1), #####(3), 599(1), 710(1), 574(1), 707(2), 466(1), 401(1), 536(1), 295(1), 276(4), 591(1), 518(2), 491(1), 789(1), 584(2), 250.13(1), 285(1), 500(1), 585(1), 289(1)",56
538,537,05381,diag_1,"413(1), 786(4), 486(4), 824(1), 250.13(1), 414(3), 410(1), V57(2), 174(1), 491(3), 592(1), 428(2), #####(2), 435(1), 733(1), 507(1), 296(3), 244(1), 433(1), 427(1), 996(1), 434(1), 560(1), 250.8(1), 276(1), 453(1), 482(1), 487(1), 584(1), 599(2), 569(1), 807(1), 682(1), 681(1), 557(1), 958(1), 8(1), 38(1), 403(1), 831(1)",56
538,537,05382,diag_2,"250.53(1), 250.01(1), 250.41(2), 250.6(1), 411(1), 492(1), 413(1), 428(2), 414(1), 403(1), 196(1), V15(1), 401(3), 496(1), 425(2), 786(1), 250(3), 402(1), 276(3), 342(1), #####(2), 599(2), 433(1), 38(1), 70(2), 410(1), 780(1), V54(1), 722(1), 255(1), 41(1), 562(1), 305(1), 459(1), 250.82(1), 557(1), 301(1), 710(1), 486(2), 585(1), 799(2), E885(1)",56
539,538,05391,diag_1,"715(3), 250.83(1), 414(2), 436(1), 682(1), 411(1), 250.81(1), 648(1), 428(2), 433(2), 410(3), 786(5), 250.13(2), 276(1), 996(1), 427(2), 435(1), 562(1), 486(3), 574(2), 789(1), 193(1), 440(1), 592(1), 434(1), 590(1), 599(1), 820(1), 491(3), 577(1), 560(1), 424(1), 493(1), 557(1), 288(1), 813(1), 158(1), 278(1)",56
539,538,05392,diag_2,"250.01(1), 428(2), 411(1), 729(1), 250.52(1), 496(2), 250.02(3), 715(1), 250(4), 414(1), #####(5), 403(2), 593(1), 427(3), 599(2), 250.22(1), 682(2), 276(2), 401(1), 424(1), 278(1), 511(1), 295(1), 197(2), 562(1), 591(1), 112(1), 515(1), E885(1), 577(1), 285(1), 584(1), 466(1), 518(2), 200(1), 250.13(1), V85(1)",56
540,539,05401,diag_1,"577(1), 414(4), 250.93(1), 562(2), 223(1), 486(1), 786(2), 410(1), 996(3), 250.7(1), 276(1), 435(1), 296(1), 721(1), 455(2), 922(1), 873(1), 427(2), 715(2), 434(2), 682(2), 250.13(1), 428(2), 494(1), 250.8(2), 707(1), 383(1), 487(1), 491(3), 403(1), 560(2), 153(1), 433(1), 599(1), 482(1), 250.82(1), 518(2), 112(1)",56
540,539,05402,diag_2,"250.41(1), 282(1), 486(2), 250.01(1), 411(1), 595(1), 250.81(1), 401(5), 427(2), 428(2), 578(1), 707(4), 250(3), 403(2), 496(1), 305(1), 340(1), 410(1), 38(1), 280(1), 425(1), 784(1), 304(1), 276(5), 250.02(2), 682(1), 780(1), #####(1), 342(1), 599(1), 568(1), 459(1), 435(1), 250.13(1), 493(1), 285(1), 491(1), 416(1)",56
541,540,05411,diag_1,"786(3), 414(5), 250.83(1), 411(1), 189(1), 572(1), 722(1), 427(5), 410(1), 413(1), 996(2), 428(2), 485(1), #####(4), 435(1), 250.7(2), 296(1), 153(1), 491(1), 724(1), 553(1), 415(1), 599(1), 560(1), 486(2), 250.1(1), 682(1), 141(1), 584(1), 250.8(2), 466(1), 812(1), 577(1), 47(1), 8(2), 288(1), 575(1)",56
541,540,05412,diag_2,"250.41(1), 250.7(1), 411(2), 682(1), 413(1), 427(3), 250(2), 428(2), 560(2), 571(1), 401(1), 496(4), 272(1), 424(2), 38(1), 250.02(2), 425(2), 780(1), 276(5), 41(1), 785(2), 197(2), 310(1), 404(1), 562(1), 288(1), 491(1), 70(1), 512(1), 305(1), 599(1), 403(2), 285(1), 558(1), #####(1), 787(1), 585(1)",56
542,541,05421,diag_1,"414(3), V57(3), 722(1), 572(1), 250.83(1), 295(1), 786(1), 250.13(1), 410(3), 276(2), 453(1), 507(1), 250.7(2), 428(2), 682(3), 250.6(1), 440(1), 574(1), 486(3), #####(3), 427(3), 724(1), 401(1), 482(1), 197(1), 820(1), 296(1), 493(1), 562(1), 784(1), 584(2), 238(1), 998(1), 642(1), 599(1), 518(1), 491(1), 736(1)",56
542,541,05422,diag_2,"411(1), 711(1), 250.6(1), 250.4(1), 413(1), 276(2), 250(3), 272(1), 401(1), 305(1), 428(2), 788(1), 599(1), 581(1), #####(4), 707(1), 496(2), 511(1), 682(1), 250.42(1), 427(2), V43(1), 292(1), 403(1), 493(2), 398(1), 415(1), 250.02(1), 197(1), 453(1), 287(1), 790(1), 443(1), 425(1), 455(1), 558(1), 491(1), 284(1), 285(2), 648(1), 434(1), 518(2), 585(2)",56
543,542,05431,diag_1,"648(1), 276(3), 414(5), 436(1), 420(1), 786(2), 433(1), V57(1), 278(3), 410(3), 996(1), 432(1), 438(1), 590(1), 507(1), 296(1), 428(2), 724(1), 595(1), 38(1), 434(1), 715(1), 682(1), 191(1), 486(1), 435(1), 250.8(3), 599(1), #####(3), 185(1), 427(1), 537(1), 280(1), 430(1), 493(1), 584(2), 250(1), 730(1), V58(1)",56
543,542,05432,diag_2,"250.01(2), 250.6(2), 428(2), 411(2), 599(3), 413(1), 250(3), V45(1), 682(2), 401(3), 571(1), 425(2), 574(1), 414(1), 780(3), 788(1), 250.02(1), 596(1), #####(2), 250.11(1), 785(1), 427(1), 403(1), 250.82(1), 493(1), 496(1), 491(1), 285(1), 276(4), 515(1), 584(2), 287(1), 783(1), 263(1), 585(1), 799(1), 141(1)",56
544,543,05441,diag_1,"227(1), 250.03(1), 296(1), 428(2), 733(2), 414(4), 250.7(1), 438(1), 295(1), 786(2), 996(2), 112(1), #####(3), 682(1), 331(1), 780(3), 574(1), 486(2), 433(1), 276(1), 820(2), 723(1), 435(1), V57(1), 250.6(1), 453(1), 250.11(1), 507(1), 252(1), 491(1), 250.8(1), 599(2), 348(1), 287(1), 285(1), 280(1), 8(1), 403(1), 38(1), 434(1), 575(1), 578(1)",56
544,543,05442,diag_2,"252(1), 786(1), 250.01(3), 411(1), 440(1), 437(1), 428(2), 70(1), 250(5), 427(4), 157(1), 571(1), V42(1), 425(1), 706(1), 403(1), 401(2), 413(1), V12(1), 342(1), 796(1), 536(2), #####(1), 285(2), 707(1), 287(1), 496(1), 276(3), 518(2), 599(2), 593(1), 286(1), 153(1), 592(1), 584(3), 585(2)",56
545,544,05451,diag_1,"436(1), 414(3), 682(2), 786(1), 433(2), 410(1), 996(2), 402(1), 428(2), 404(1), 590(1), 440(1), 427(4), 552(1), #####(2), 715(3), 726(1), 453(1), 250.6(1), 250.8(2), 444(1), 486(2), 535(1), 578(1), 300(1), 789(1), 415(1), 482(1), 491(1), 557(1), 53(1), 820(1), 584(1), 458(1), 574(1), 430(1), 625(1), 38(1), 681(1), 812(1), 530(1), 301(1)",56
545,544,05452,diag_2,"401(2), 411(1), 250.6(1), 244(1), 424(1), 428(2), 414(2), 567(1), 305(1), 402(1), 493(1), 403(3), 250(4), 707(2), 496(2), 427(4), 41(1), 426(1), #####(2), 250.02(1), 780(2), 444(1), 786(2), 410(1), 511(1), 453(1), 569(1), 599(2), 276(2), 486(1), 577(1), 789(1), 342(1), 790(1), 924(1), 585(1), 555(1), 260(1)",56
546,545,05461,diag_1,"998(1), 276(3), 540(1), 414(4), 436(1), 437(1), 296(2), 722(1), 404(2), 997(1), 442(1), 786(2), 593(1), 715(1), 410(2), 402(2), 428(2), 174(1), 532(1), 682(4), 574(1), 434(2), 250.02(1), 486(3), 250.6(1), 730(1), #####(2), 812(1), 491(3), 576(1), 821(1), 518(1), 578(1), 250.8(1), 584(1), 551(1)",56
546,545,05462,diag_2,"250.01(3), 411(2), 342(1), 413(1), 401(2), V15(1), 414(1), 250.4(1), 250(3), 496(2), 599(1), 135(1), 272(1), 428(2), 424(1), 425(1), 280(1), 574(1), 250.02(1), 410(2), 303(1), 784(1), 276(3), 427(2), 41(1), 536(1), 53(1), 707(1), 486(3), 491(2), 403(1), 250.92(1), 416(1), 305(1), #####(1), 285(2), 585(2), 348(1), 557(1)",56
547,546,05471,diag_1,"648(1), 432(1), 600(1), 824(1), 414(1), 997(1), 433(1), 427(1), 428(2), 413(1), 572(1), 410(2), 532(1), 722(1), 425(1), 276(2), 998(1), 682(2), 434(4), 486(4), 250.11(1), 724(1), 250.02(2), 154(1), 560(1), 458(1), 416(1), 562(1), 578(1), #####(2), 280(1), 398(1), 558(1), 38(2), 250.1(1), 784(1), 453(1), 79(1), 491(1), 403(1), 920(1), 537(1), 283(1)",56
547,546,05472,diag_2,"250.01(2), 250.41(1), 250.93(1), 411(1), 440(1), 780(2), 429(1), 250.4(1), 250(1), 571(1), 414(2), 305(1), 427(2), 496(5), 242(1), 401(4), 433(1), 403(3), 428(2), 599(4), 198(1), 493(1), 402(1), 560(1), 276(5), V45(1), 416(1), 162(1), 998(1), 304(1), 490(1), 584(2), 728(1), 585(1)",56
548,547,05481,diag_1,"250.03(1), 786(3), 414(4), V57(1), 410(2), 295(1), 553(1), 296(1), 733(1), 428(2), 996(3), 572(1), 433(1), 722(1), 276(2), 440(1), #####(2), 577(2), 250.42(1), 250.11(2), 715(1), 511(1), 431(1), 590(1), 486(3), 427(1), 571(1), 275(1), 250.2(1), 280(1), 493(2), 250.8(1), V54(1), 174(1), 599(1), 532(1), 357(1), 995(1), 465(1), 518(1)",56
548,547,05482,diag_2,"787(1), V08(1), 411(1), 433(1), 414(2), 250(2), 428(2), 303(1), 401(3), 300(1), 244(1), 780(2), 427(4), 280(1), 162(1), 425(1), 276(4), #####(1), 444(1), 403(4), 305(1), 424(1), 790(1), 250.02(2), 511(1), 456(1), 491(2), 496(1), 518(2), 707(1), 199(1), 599(1), 584(2), 250.92(1), E849(1), 585(1), 289(1)",56
549,548,05491,diag_1,"414(4), 250.11(2), 996(1), 428(2), 808(1), 433(1), 530(1), 303(1), 724(1), 799(1), 729(1), 250.7(1), 295(1), 410(3), #####(3), 250.6(1), 507(1), 618(1), 998(1), 515(1), 566(1), 721(1), 531(2), 486(2), 250.8(2), 435(1), 285(1), 276(1), 852(1), V57(1), 514(1), 427(1), 584(1), 493(1), 434(1), 801(1), 38(2), 8(1), 518(2), 250(1), 415(1), 661(1)",56
549,548,05492,diag_2,"250.51(2), 250.01(2), 250.03(1), 411(2), 492(2), 250.81(1), 295(1), 738(1), 300(1), 440(1), 414(1), 305(1), 250(1), 401(2), 278(1), 428(2), 425(1), 496(4), 263(1), 403(4), 427(3), 601(1), 280(1), 571(1), 276(5), 413(1), 599(2), 438(1), 491(1), 466(1), 345(1), 272(1), 285(1), 584(1), 443(1), 648(1), 507(1)",56
550,549,05501,diag_1,"414(3), 346(1), 780(2), 262(1), 996(3), 276(3), 786(1), 402(1), 781(1), 428(2), 250.7(1), #####(4), 410(1), 285(1), 577(2), 440(1), 507(1), 618(1), 427(3), 250.13(1), 569(1), 682(2), 557(1), 715(1), 558(1), 197(2), 250.02(1), 599(2), 584(1), 491(1), 535(1), 562(1), 250.6(1), 38(1), 654(1), 812(1), V54(1), 518(1), 615(1)",56
550,549,05502,diag_2,"250.5(1), 250.01(1), 411(1), 524(1), 599(3), 581(1), 492(1), 250(3), 424(2), 250.6(2), 410(1), E944(1), 414(1), 707(2), 496(1), 415(1), 574(1), 403(1), 427(1), 280(1), 428(2), 311(1), 434(1), 331(1), 41(1), 998(1), 320(1), 401(1), 276(3), 162(1), 575(1), 518(3), 577(1), 70(1), 404(1), 780(1), 357(1), 590(1), 584(1), 648(1), 820(1), 491(2), 585(1)",56
551,550,05511,diag_1,"436(1), V57(1), 250.43(1), 414(4), 682(3), 306(1), 786(2), 410(1), 552(1), 577(1), 250.4(1), 435(1), 997(1), 205(1), 998(1), 569(1), 278(1), 428(2), 486(4), 401(2), 427(1), 574(2), 618(1), 590(1), #####(2), 434(1), 202(1), 820(1), 575(1), 280(1), 824(1), 562(1), 821(1), 250.1(1), 784(1), 38(1), 493(1), 584(1), 250.82(1), 233(1), 780(1), 8(1), 935(1)",56
551,550,05512,diag_2,"250.02(3), 715(1), 200(1), 411(2), 451(1), 413(1), 493(2), 401(2), 428(1), 427(3), 997(1), 250(2), 403(3), 730(1), 284(1), 285(1), 518(2), 453(1), 599(2), 295(1), 790(1), 491(2), 276(7), 250.13(1), 342(1), 174(1), E888(1), 560(1), 578(1), 211(1), 414(1), 357(1), 785(1), 707(1), 618(1), 458(1), 750(1)",56
552,551,05521,diag_1,"276(5), 414(2), 426(1), 433(1), 250.81(1), 182(1), 786(3), 153(1), 402(1), 440(2), 434(3), 996(2), 428(2), 682(1), 455(1), 311(1), 188(1), 715(1), 135(1), 355(1), 435(1), 486(4), #####(1), 415(1), 427(1), 822(1), 820(1), 571(1), 38(2), 780(1), 403(1), 491(1), 250.1(1), 250.8(1), 453(1), 285(1), 493(1), 518(1), 584(1), 174(1)",56
552,551,05522,diag_2,"250.53(1), 411(2), 244(1), 250(5), 276(3), 250.6(1), 424(1), 440(1), 428(2), 401(2), 340(1), 453(1), 425(1), 780(1), 786(1), 571(1), 788(1), 486(2), 427(4), 496(1), 250.02(2), 331(1), 403(2), 682(1), 998(1), #####(2), 789(1), 599(4), 707(2), 303(1), 491(1), 112(1), V54(1), 585(1), 255(1), V50(1)",56
553,552,05531,diag_1,"780(1), 751(1), 414(4), 290(1), 250.83(1), 263(1), 722(1), 410(3), 276(3), 174(1), 507(3), 534(1), 428(2), V53(1), 532(2), 682(2), 724(1), 996(1), 427(1), 599(1), 715(1), 577(1), 434(3), 535(2), 997(1), 435(1), 569(2), 386(1), 716(1), 493(1), 486(1), 789(1), V58(1), 491(1), 518(1), 786(1), 38(1), 250.12(1), 812(1), 296(1)",56
553,552,05532,diag_2,"250.01(1), 250(2), 411(2), 437(1), 413(1), 285(2), 493(1), 496(1), 414(2), 250.4(1), 427(2), 560(2), 428(1), 196(1), 135(1), 425(2), 707(1), 280(1), 401(3), 780(1), 682(2), 203(1), 303(1), 784(1), 403(1), 295(2), 202(1), 599(1), 402(1), 276(2), 8(1), 577(1), 564(1), 558(1), 535(1), 438(1), 304(1), 518(1), 491(1), 585(1), 584(2), 813(1), V62(1)",56
554,553,05541,diag_1,"293(1), 414(3), 433(1), 286(1), 295(1), 786(5), 438(1), 722(2), 496(1), 276(2), 424(1), 426(1), 250.7(1), 715(2), 434(1), 590(1), 996(1), 428(1), 453(1), 250.13(2), 997(1), 188(1), 557(1), 552(1), 790(1), 401(1), 491(2), 432(1), 486(1), 599(1), 560(1), 562(1), 820(1), 443(1), 780(1), 482(1), 518(1), 584(1), 250.82(1), 995(1), 5(1), 805(1), 850(1), 440(1), 404(1)",56
554,553,05542,diag_2,"250(4), 411(2), 401(2), 427(2), 305(1), V45(1), 493(1), 780(1), 403(3), 786(2), 428(2), 250.42(1), 722(1), #####(4), 276(6), 785(1), 790(1), 415(2), 304(1), E878(1), 198(1), 424(1), 425(1), 599(1), 518(1), 491(1), 70(1), 8(1), 496(1), 714(1), 510(1), 707(1), 572(1), 410(1), V58(1), 585(2)",56
555,554,05551,diag_1,"786(2), 436(1), 414(1), 486(3), 226(1), 522(1), 722(1), 410(1), 600(1), 276(2), 426(1), 998(1), 794(1), 428(2), 780(1), 188(1), 535(2), 427(2), 440(1), 682(1), 578(1), 424(1), 434(1), 185(1), 250.8(2), 250.6(1), 824(1), 715(2), 567(1), 491(1), 493(2), 490(2), 789(1), 562(2), 599(1), 560(1), 784(1), 527(1), #####(2), 518(1), V57(1), 403(1), 465(1)",56
555,554,05552,diag_2,"250.01(1), 428(2), 411(1), 250.52(1), 242(1), 682(1), 414(1), 305(1), 788(2), 250(4), 567(1), 403(3), 401(2), #####(4), 276(4), 250.82(1), 786(1), 427(2), 162(1), 780(1), 599(2), 278(1), 41(2), 530(1), 491(2), 295(1), 707(1), 564(1), 204(1), 285(2), 438(1), 493(1), 799(2), 585(2), 472(1)",56
556,555,05561,diag_1,"575(1), V57(1), 414(6), 295(1), 707(1), 780(1), 786(1), 433(1), 424(1), 250.7(1), 996(2), 998(1), 276(3), 821(1), 577(1), 404(1), 162(1), 434(1), 197(1), 552(1), 574(1), 822(1), 431(1), 715(1), 427(2), 535(1), 486(3), 250.02(1), 820(1), 242(1), 156(1), 250.11(1), 592(1), 730(1), 599(1), 250.8(1), 53(1), 682(1), 531(1), 584(1), 428(2), 805(1), 611(1), 935(1)",56
556,555,05562,diag_2,"250.01(1), 411(4), 396(1), 413(1), 250.81(1), 401(3), 780(4), V15(1), 496(1), 427(4), 414(1), 682(1), 38(1), 250(5), 157(2), 250.6(1), 574(1), 428(2), 196(1), 403(1), 531(1), 493(1), 511(1), 276(6), 197(1), 599(1), 202(1), 591(1), 304(1), 285(2), 584(1), 585(1), 787(1)",56
557,556,05571,diag_1,"250.81(1), 786(2), 414(2), 410(3), 398(1), 440(1), 174(1), 250.02(1), 428(2), 730(1), 507(1), 486(4), 427(1), #####(4), 435(3), 715(2), 250.6(1), 998(2), 434(1), 250.8(2), 682(1), 560(2), 780(3), V57(1), 250.11(1), 924(1), 458(1), 707(1), 38(1), 599(1), 822(1), 618(1), 287(1), 577(1), 518(1), 403(1), 345(1)",56
557,556,05572,diag_2,"403(1), 414(1), 996(1), 428(2), 427(7), 496(2), 786(3), 250(3), #####(3), 425(1), 511(1), 599(4), 780(1), 401(1), 70(1), 682(4), 571(1), 286(1), 332(1), 491(1), 438(1), 577(1), 473(1), 276(1), 733(1), E947(1), 707(1), V43(1), 625(1), 150(1), 569(1), 584(1), 585(4)",56
558,557,05581,diag_1,"585(1), 784(1), 414(2), 626(1), V57(1), 218(1), 411(1), 410(4), 786(2), 553(1), 402(2), 996(2), 250.11(1), 428(2), 435(1), 733(1), 486(3), 820(1), 552(1), #####(2), 715(1), 250.6(2), 577(2), 682(2), 466(1), 493(2), 491(3), 532(1), 599(2), 515(1), 38(1), 584(1), 595(1), 404(1), 431(1), 813(1), 280(1), 278(1)",56
558,557,05582,diag_2,"250.41(1), 250.01(1), 411(1), 250.03(1), 434(1), 413(1), 250(2), 272(1), 414(2), 496(2), 401(6), 426(1), 244(1), 425(1), 403(2), 599(1), 276(2), 428(2), 707(1), 536(1), 42(1), 682(2), 427(1), 493(1), 415(1), #####(1), 285(1), 466(1), 459(1), 584(2), 486(1), 8(1), 402(1), 591(1), 481(1), V09(1), 585(4), 920(1), 799(1), V85(1)",56
559,558,05591,diag_1,"V57(2), 189(1), 482(1), 414(2), 296(1), 577(1), 410(3), 433(1), 722(1), 786(4), 428(2), 996(2), 532(1), #####(3), 435(1), 250.11(1), 250.6(1), 153(1), 427(1), 486(4), 434(1), 453(1), 250.8(3), 780(1), 715(1), 599(1), 560(1), 250.1(2), 403(1), 162(1), 574(1), 250.12(1), 584(1), 250(1), 491(2), 515(1), 518(1), 38(1)",56
559,558,05592,diag_2,"250.7(1), 250.01(1), 277(1), 411(1), 309(1), 492(1), 413(1), 272(1), 401(2), 250(2), 427(4), 403(3), 428(2), 287(1), 278(1), 38(2), 280(2), 425(2), 414(2), 276(5), 998(1), #####(2), 303(1), 496(2), 577(2), 599(2), 250.02(1), 560(1), 295(1), 162(1), 518(1), 486(2), 482(1), 995(1), 892(1)",56
560,559,05601,diag_1,"250.03(1), 414(3), 403(1), 997(2), 218(1), 295(1), 433(1), 250.13(1), 250.81(1), V57(1), 555(1), 724(1), 440(1), 786(2), 402(1), 410(1), 278(1), 996(1), 185(1), 427(2), 211(1), 428(1), 434(2), 197(1), 682(2), 431(1), 998(1), 560(1), 531(2), 38(1), 715(1), 564(1), 536(1), 250.6(1), 721(1), 285(2), 584(2), 250.8(1), 574(1), 681(1), 8(1), 578(1), V58(1), 311(1), 850(1), 518(1)",56
560,559,05602,diag_2,"244(1), 411(1), 997(2), 250.52(1), 440(1), 616(1), 305(1), 781(1), 780(2), 344(1), 427(6), 682(3), 493(1), 250.4(1), 401(1), 710(1), 204(1), V65(1), V12(1), 413(1), 560(1), 403(4), 424(1), 512(1), 428(2), 250(1), 280(1), 276(2), 491(1), 250.13(1), 599(2), 707(1), 416(1), 250.92(1), 324(1), 285(1), 156(1), 585(1), V62(1), 807(1), 853(1)",56
561,560,05611,diag_1,"648(1), 410(2), 715(2), 414(4), 428(2), 250.7(1), 594(1), 786(2), 441(1), 154(1), 185(2), 402(1), 440(2), 550(1), 312(1), 780(2), 552(1), 276(2), 434(2), 486(4), 415(1), 162(1), 285(1), 491(2), 789(1), 427(1), 238(1), 647(1), 38(1), 250.02(1), 599(2), 595(1), 493(1), 584(1), 296(1), 611(1), 8(1), V57(1), 403(1)",56
561,560,05612,diag_2,"250.01(4), 411(2), 492(1), 440(1), 414(2), 428(2), 599(1), 250(4), 401(3), 250.42(1), 425(2), 496(3), 287(1), 427(3), 404(1), 784(1), #####(2), 250.02(1), 263(1), 786(1), 415(1), 491(2), 573(1), 250.8(1), 276(4), 284(1), 486(1), 250.22(1), 707(1), 301(1), 493(1), 285(1), 799(2), 585(1)",56
562,561,05621,diag_1,"730(1), 414(4), 250.81(1), 410(1), 250.8(1), 996(3), 250.02(2), 729(1), 428(2), #####(6), 250.7(1), 435(1), 496(1), 440(1), 530(1), 998(1), V57(1), 434(1), 386(1), 577(1), 575(1), 486(3), 285(1), 789(1), 444(1), 493(1), 733(1), 250.6(1), 574(1), 491(2), 682(1), 238(1), 599(2), 250.1(1), 482(1), 518(2), 852(1), 404(1), 783(1)",56
562,561,05622,diag_2,"250.01(1), 411(3), 413(3), 414(2), 252(1), E879(1), 401(3), 250(1), 410(1), 707(2), 496(1), 786(1), 403(2), 280(1), 998(1), 427(2), V43(1), 428(2), 272(1), 340(1), 578(1), 250.02(1), 276(4), 599(3), 491(3), #####(2), 785(1), 250.33(1), 726(1), 453(2), 560(1), 851(1), 995(1), 585(2), 799(1)",56
563,562,05631,diag_1,"88(1), 295(1), 433(1), 414(1), 440(2), 410(2), 428(2), 996(2), 789(1), #####(3), 435(1), 401(1), 574(1), 276(2), 427(3), 998(1), 416(1), 486(4), 250.6(1), 444(1), 562(2), 182(1), 403(1), 250.7(1), 466(1), V57(1), 780(1), 682(1), 781(1), V58(1), 285(1), 728(1), 584(1), 250.8(1), 724(1), 38(2), 253(1), 821(1), 599(1), 250.1(1), 250.82(1), 530(1)",56
563,562,05632,diag_2,"250(7), 403(4), 250.02(3), 427(4), 428(2), 414(1), 424(1), 38(1), 203(1), 496(2), 780(1), #####(4), 707(3), 567(1), 515(1), 276(7), 285(2), 560(1), 438(1), 532(1), 724(1), 453(1), 425(1), 733(1), 599(1), 200(1), 486(1), 261(1)",56
564,563,05641,diag_1,"711(1), 577(1), 414(5), 428(2), 250.13(3), 410(3), 402(1), 570(1), 250.31(1), 250.22(1), 786(1), 552(1), 722(1), #####(7), 440(1), 250.4(1), 426(1), 425(1), 535(1), 218(1), 569(1), 780(2), 486(1), 276(1), 415(1), 434(1), 584(1), 155(1), 562(1), 250.8(1), 599(1), 38(1), 736(1), 394(1), 491(1), 654(1), 852(1), V57(1), 8(1), 285(1)",56
564,563,05642,diag_2,"250.01(2), 411(1), 250.6(1), 250(2), 424(2), 401(1), 414(1), 305(1), 428(2), 276(6), 403(2), 427(4), 997(2), 599(3), 496(1), 571(1), 394(1), 996(1), #####(2), 404(1), 536(1), 577(1), 280(1), 285(1), 412(1), 578(1), 790(1), 8(1), 453(1), 342(1), 591(1), 789(1), 785(1), 275(1), 728(1), 648(1), 920(1), 348(1), 585(1)",56
565,564,05651,diag_1,"414(3), 434(2), 218(1), 250.7(1), 403(2), 410(3), 440(1), 786(2), 722(3), 428(2), 435(1), 153(1), 346(1), 996(1), 715(1), 486(4), 250.6(1), #####(3), 820(1), 466(1), 571(1), 789(1), 558(1), 578(2), 584(1), 276(1), 285(1), 162(1), 599(2), 491(1), 531(1), 250.8(1), 482(1), 311(1), 844(1), 681(1), 250(1), 294(1), 38(1)",56
565,564,05652,diag_2,"411(1), 437(1), 401(3), 413(1), 440(1), 250.6(1), 414(4), 287(1), 428(2), 427(4), 496(1), 724(1), 574(1), 300(1), 599(1), 425(1), #####(2), 721(1), 564(1), 707(1), 410(1), 424(1), 250.02(2), 789(2), 253(1), 250(1), 280(1), 997(1), 404(1), 276(3), 198(1), 250.92(1), 284(1), 785(1), 873(1), 416(1), 294(1), 560(1), 312(1), 585(2), 799(1)",56
566,565,05661,diag_1,"648(2), 824(1), 433(2), V57(1), 414(6), 410(2), 599(1), 295(1), 786(4), 530(1), 553(1), 290(1), 428(2), 534(1), 486(2), 715(1), 600(1), 282(1), 276(1), 250.11(1), 162(1), 592(1), 38(1), 331(1), 562(1), 595(1), 491(1), 9(1), 285(1), 458(1), 812(1), 518(3), 584(1), V58(1), 601(1), 250.82(2), 997(1), 820(1), 933(1), 959(1)",56
566,565,05662,diag_2,"642(1), 250.01(1), 250.6(1), 414(4), 413(1), 997(1), 401(3), 250.02(2), 250.81(1), 305(1), 427(4), 424(1), E942(1), 403(2), 493(2), 998(1), 560(1), 276(7), 425(1), 151(1), 250(2), 428(2), 285(1), 591(1), 569(1), 578(1), 162(1), 780(1), #####(1), 154(1), 434(1), 599(1), 584(1), 682(1), 585(3)",56
567,566,05671,diag_1,"648(1), 436(1), 786(2), 414(5), 560(2), 402(2), 425(1), 433(1), 426(1), 721(2), 733(1), 715(2), 434(2), 296(1), 428(2), 820(2), 276(1), 486(2), 421(1), 789(1), 292(1), 567(1), 250.8(1), 682(1), 491(1), 285(1), 808(1), 427(2), 664(1), 458(1), 724(1), 53(1), 558(1), 38(2), V57(1), 518(1), 162(1), 250.82(1), 453(1), 332(1), 867(1)",56
567,566,05672,diag_2,"250.91(1), 250.01(2), 411(2), 413(1), 496(2), 780(2), V42(1), 511(2), 305(1), 428(2), 599(3), 250(4), 414(1), 997(1), 401(1), 433(1), 427(2), #####(1), 287(1), 493(1), 198(1), 403(2), 571(1), 682(1), 491(1), 276(3), 648(1), E947(1), 572(1), 518(1), 202(1), 590(1), V58(1), 278(1), 486(1), 707(1), 285(1), 584(2), 924(1), 88(1)",56
568,567,05681,diag_1,"414(5), 433(1), 410(3), 340(1), 593(1), 428(2), 786(1), 427(3), 996(2), 577(1), 435(2), 434(1), 733(1), 188(1), 486(1), 562(1), V57(1), #####(1), 250.11(3), 276(1), 571(1), 715(3), 507(1), 682(1), 789(1), 250.6(1), 578(1), 569(1), 250.8(1), 491(2), 820(1), 784(1), 584(2), 38(2), 197(1), 573(1), 285(1), 959(1)",56
568,567,05682,diag_2,"411(2), 250(5), 401(1), 780(1), 414(3), 250.02(2), 425(2), 428(2), 276(4), 427(3), V45(1), 298(1), 403(2), 710(1), 595(1), 284(1), 285(2), 682(1), 456(1), 112(2), 536(1), 707(1), 553(1), 530(1), 569(1), 288(1), 292(1), 162(1), 410(1), 280(1), #####(1), 599(1), 786(1), 584(1), 486(1), 585(2), 893(1)",56
569,568,05691,diag_1,"410(4), 427(1), 578(1), 250.02(1), 414(2), 535(1), 250.6(2), 783(1), 997(1), 428(2), 250.7(2), 600(1), 440(1), #####(4), 682(2), 434(4), 780(3), 996(2), 276(1), V55(1), 557(1), 515(1), 491(2), 584(1), 507(1), 560(1), 574(1), 595(1), 280(1), 38(2), 820(1), 8(1), 458(1), 518(2), 575(1), 110(1)",56
569,568,05692,diag_2,"250.41(3), V42(1), 411(1), 620(1), 250(3), 440(1), 496(2), 428(2), 427(3), 424(1), 707(1), 250.02(3), 571(1), 401(1), 785(1), #####(2), 790(1), 593(1), 295(2), 285(2), 578(1), 518(3), 599(3), 250.42(1), 425(1), 344(1), V44(1), 357(1), 996(1), 276(2), 584(3), 507(1), 614(1), 585(1), 250.7(1), 338(1)",56
570,569,05701,diag_1,"V57(1), 218(1), 414(6), 824(1), 436(1), 574(1), 721(1), 189(1), 410(3), 440(2), 250.7(1), 780(1), 428(2), 296(1), 996(1), 786(1), 427(3), 198(1), #####(2), 486(1), 715(1), 250.02(1), 482(1), 707(1), 562(3), 276(1), 820(1), 682(1), 333(1), 280(1), 403(2), 331(1), 584(1), 599(2), 250.8(1), 577(1), 491(1), 38(1), 453(1), 402(1)",56
570,569,05702,diag_2,"250.7(1), 250.03(1), 250.52(1), 250.01(1), 784(1), 411(2), 250.6(2), 428(2), 998(1), 250(1), #####(5), 403(1), 427(4), V12(1), 425(1), 412(1), 401(2), 250.02(2), 162(1), 707(2), 496(1), 404(1), 276(4), 600(1), 397(1), 491(2), 263(1), 295(1), 780(1), 785(1), 584(1), 41(1), 535(3), 599(1), 250.8(1), 585(2)",56
571,570,05711,diag_1,"682(5), 435(1), 648(1), 414(2), 410(2), 411(1), 402(2), 786(2), 250.4(1), 250.13(1), 996(2), 427(1), 428(2), 153(1), 486(2), 560(1), 730(2), #####(2), 715(2), 434(1), 332(1), 401(1), 42(1), 556(1), 511(1), 458(1), 577(2), 781(1), 197(1), 415(1), 852(1), 493(1), 724(1), 584(2), 531(1), 621(1), 250.02(1), 250.82(1), 790(1), 38(1)",56
571,570,05712,diag_2,"250.01(1), 250.03(1), 250.6(1), 411(2), 135(1), 414(2), 413(1), 250(6), 428(2), 424(1), 263(1), 427(2), 403(2), 574(1), 788(1), #####(1), 710(1), 410(1), 401(1), 250.02(3), 515(1), 276(2), 305(1), 112(2), 287(1), 682(2), 789(1), 453(1), 780(1), 599(2), 285(2), 577(1), 250.92(1), 578(1), 584(1), 527(1), 486(2), 585(1)",56
572,571,05721,diag_1,"414(3), 433(1), 411(1), 648(1), 250.22(1), 780(1), 722(3), 410(2), 565(1), 786(1), 996(2), 428(2), 997(1), 434(3), 427(1), 998(1), 250.11(1), 438(1), 493(2), 486(2), 707(1), 540(1), 891(1), 157(1), 153(2), 250.6(1), 682(1), #####(1), 507(1), 250.8(1), 574(2), 276(1), 53(1), 490(1), 250(1), 296(1), 518(1), 820(1), 584(1), 847(1), 821(1), 278(1), 236(1)",56
572,571,05722,diag_2,"250.01(2), 282(1), 411(2), 250.4(1), 401(4), 250.6(1), 250(4), 414(3), 565(1), 38(1), 41(2), 998(1), 403(2), 427(1), 410(1), 276(5), 519(1), 784(1), 428(2), 873(1), 599(1), 197(1), 536(1), 491(2), 518(1), 331(1), 250.12(1), 205(1), 530(1), 571(1), 332(1), 577(1), 294(1), #####(1), 285(2), 585(1), V85(1)",56
573,572,05731,diag_1,"117(1), 250.03(1), 434(1), 436(1), 790(1), 414(3), 428(2), 250.8(2), 786(2), 278(1), 402(1), 250.7(1), #####(7), 296(1), 780(2), 507(1), 404(1), 427(2), 789(1), 486(4), 718(1), 276(1), 70(1), 707(2), 453(1), 250.01(1), 578(1), 784(1), 560(1), 599(1), 250.13(1), 552(1), 586(1), 584(1), 518(1), 724(1), 692(1), 250.82(1), 558(1)",56
573,572,05732,diag_2,"496(7), 276(5), 250.01(2), 411(2), 131(1), 492(1), 401(2), 250(2), 425(1), 403(3), 414(1), 707(2), V45(1), 428(2), 511(1), 424(1), 427(2), #####(2), 715(1), 998(1), 278(1), 794(1), 250.02(1), 786(1), 491(2), 242(1), 560(1), 486(1), 568(1), 204(1), 805(1), 584(1), 585(2), 728(1)",56
574,573,05741,diag_1,"998(1), 414(1), 410(6), 786(2), 250.13(1), 435(1), 428(2), 996(1), 276(1), 250.4(1), 296(2), 198(1), 726(1), #####(1), 729(1), 530(2), 555(1), 564(1), 427(3), 486(3), 154(1), 250.6(2), 682(2), 250.8(1), 458(1), 578(1), 250.11(2), 965(1), 780(1), 560(1), 536(1), 465(1), 584(1), 562(2), 280(1), 821(1), 681(1), 275(1), 403(1)",56
574,573,05742,diag_2,"250.01(1), 411(1), 414(2), 424(1), 401(3), 428(2), 593(1), 396(1), 250(4), 427(2), #####(3), 403(2), 425(2), 278(2), 530(1), 303(1), 496(1), 491(1), 198(1), 426(1), 682(2), 707(1), 786(1), 507(1), 250.02(3), 280(1), 276(4), 518(1), 599(1), 402(1), 295(1), 578(1), 285(1), 441(1), V58(1), 712(1), 585(1)",56
575,574,05751,diag_1,"576(1), 414(4), 722(1), 218(1), 648(1), 250.81(1), 250.7(1), 276(1), 780(3), 433(1), 461(1), 410(1), 711(1), 786(4), 278(1), 485(1), 727(1), 440(2), 174(1), 402(1), 250.22(1), 428(2), 996(1), 574(2), 998(1), 427(1), 250.1(2), 250.92(1), 715(1), 487(1), 785(1), 481(1), 300(1), 486(1), 861(1), 681(1), 250.12(1), 38(1), 736(1), 404(1), 465(1), 8(1), 928(1), 969(1)",56
575,574,05752,diag_2,"250.01(1), 411(1), V15(1), 401(5), 250(4), 413(2), 599(1), 440(1), 250.6(1), 492(1), 204(1), 428(2), 493(2), 414(5), 427(2), 758(1), 403(1), 998(1), 496(2), 444(1), 340(1), 707(1), 794(1), 786(3), 518(1), 491(1), 424(1), 288(1), 276(2), 590(1), 94(1), 585(2), 799(1), 584(1), 825(1), E853(1)",56
576,575,05761,diag_1,"293(1), 722(3), 414(3), 786(5), 278(1), 250.22(1), 410(2), 438(1), 435(1), 428(2), 574(1), 434(1), 440(1), 486(2), 780(3), 571(1), 789(1), 427(2), 157(1), 576(1), 577(1), 715(2), 188(1), 300(1), 730(1), 250.8(3), 564(1), #####(2), 250.6(1), 197(1), 532(1), 562(1), 294(1), 453(1), 654(1), 38(1), 518(1), 8(1)",56
576,575,05762,diag_2,"250.6(1), 250.01(1), 411(2), 998(1), 401(1), 250(3), 786(1), 428(2), 79(1), 403(3), 305(1), 427(5), 424(1), 425(1), 413(1), 780(1), 453(1), 304(1), 496(4), 70(1), 197(1), 574(1), 280(1), 303(1), 414(1), 599(2), 518(1), 491(1), 276(4), 285(2), 569(1), 311(1), 996(2), 458(1), 295(1), 585(2)",56
577,576,05771,diag_1,"997(2), 553(1), 309(1), 414(6), 433(2), 786(1), 410(1), 996(1), 428(2), 250.7(1), 435(1), 250.4(1), #####(2), 780(1), 455(1), 577(2), 276(2), 552(1), 715(1), 486(2), 403(3), 294(2), 820(1), 707(1), 198(1), 434(1), 945(1), 560(1), 575(1), 348(1), V54(1), 402(1), 250.8(1), 562(1), 491(1), 584(1), 296(2), 558(1), 537(1), 152(1)",56
577,576,05772,diag_2,"250.43(1), 250.01(1), 303(1), 411(2), 413(1), 250(4), 401(1), 428(2), 250.02(2), 414(2), 560(2), 38(1), 707(2), 404(1), 425(1), 403(2), #####(2), 496(3), 284(1), 493(1), 42(1), 780(1), 344(1), 276(4), 185(1), 8(1), 682(1), 491(1), 295(1), 599(1), 427(1), 807(1), 731(1), 285(1), 301(1), 486(1), 250.8(1), 537(2), 585(1)",56
578,577,05781,diag_1,"411(1), 250.6(2), 998(1), 414(6), 420(1), 428(2), 250.7(2), 786(2), 648(1), 447(1), V57(1), 250.13(2), 410(1), 296(1), #####(2), 590(1), 729(1), 434(1), 276(1), 486(2), 577(1), 780(1), 250.11(1), 493(1), 250.2(1), 718(1), 682(1), V58(1), 574(1), 427(1), 491(1), 250.8(1), 218(1), 552(1), 537(1), 599(3), 813(2), 820(1), 403(1), 487(1), 197(1)",56
578,577,05782,diag_2,"250.01(1), 250.53(1), 250.03(1), 411(3), 403(2), 250.6(1), 440(1), V45(1), 250(1), 424(2), 300(1), 250.13(1), 402(1), 263(1), 427(1), 496(1), 278(1), 401(2), 425(1), 788(1), 276(6), 428(2), 785(1), 305(1), 331(1), 412(1), 536(1), 599(1), 8(1), 780(2), 431(1), #####(1), 466(1), 626(1), 518(1), 197(1), 250.4(1), E849(1), 584(2), 585(1), 438(1), 799(1), V69(1)",56
579,578,05791,diag_1,"250.33(1), 402(1), 414(3), 250.81(1), V55(1), 786(2), 572(1), 410(1), 722(1), 574(3), 682(2), 428(2), 426(1), 530(1), 427(2), 444(1), 434(3), 715(1), 486(1), 401(1), 403(2), 291(1), 487(1), 785(1), 608(1), 182(1), 276(1), 584(1), 491(2), 557(1), 820(1), 599(2), 162(1), 733(1), 562(1), 415(1), 250.82(1), 250.1(1), 881(1), 780(1), 440(1), 411(1), #####(1)",56
579,578,05792,diag_2,"311(1), 250.01(1), 411(1), 427(2), 413(1), 401(3), 253(1), 424(1), 571(1), 428(2), 287(1), 722(1), V45(1), 250(1), #####(2), 280(2), 425(3), 403(1), 784(1), 410(1), 250.02(3), 272(1), 284(1), 397(1), 682(3), 496(1), 491(1), 733(1), 205(1), 112(1), 276(2), 599(1), 295(1), 518(1), 285(2), 507(1), 486(1), 432(1), 585(3), 799(1)",56
580,579,05801,diag_1,"851(1), 427(2), 54(1), 414(4), 812(1), 435(1), 225(1), 410(4), 786(2), 428(2), 296(1), V53(1), #####(3), 510(1), 250.2(1), 972(1), 577(1), 415(1), 197(1), 486(6), 780(1), 820(1), 451(1), 453(1), 401(1), 250.11(1), 682(1), 996(1), 660(1), 285(1), 458(1), 584(1), 578(1), 599(1), 250.82(1), 431(2), 208(1), 250.02(1), 239(1)",56
580,579,05802,diag_2,"250.83(1), 250.01(2), 112(1), 411(1), 250.6(1), 250(2), 401(1), 428(2), 305(2), 414(3), V45(1), 425(2), 403(2), 496(2), 511(1), 427(5), 491(2), #####(1), 197(1), 250.02(1), 998(1), 276(5), 682(1), 453(1), 599(1), 707(1), 516(1), E878(1), 648(1), 311(1), 574(1), 490(1), 458(1), 284(1), 585(2), 799(1), 442(1)",56
581,580,05811,diag_1,"428(2), 558(1), 414(4), 491(1), 53(1), V57(1), 433(1), 482(2), 786(2), 410(1), 424(1), 434(2), 435(2), 733(1), #####(5), 682(1), 577(1), 295(1), 566(1), 425(1), 578(1), 486(2), 298(1), 290(1), 351(1), 780(2), 820(1), 250.11(1), 182(1), 444(1), 599(3), 575(1), 250.1(1), 789(1), 812(1), 331(1), 8(2), 493(1), 278(1)",56
581,580,05812,diag_2,"250.01(4), 411(2), 434(1), 250(5), 428(2), 135(1), 401(3), #####(4), 203(1), V45(1), 425(1), 574(2), 511(1), 276(11), 300(1), 427(3), 8(1), 198(1), 459(1), 295(1), 782(1), 410(1), 599(1), 535(1), 486(1), 787(1), 585(1), 584(1), V85(1)",56
582,581,05821,diag_1,"996(3), 821(1), 414(2), V57(1), 786(5), 410(1), 722(1), 440(1), 250.1(1), 401(1), 276(2), 427(3), 428(1), 682(2), 724(1), 426(1), 535(1), 534(1), 434(1), 577(1), 820(1), 451(1), 250.11(1), 562(1), 162(1), 493(2), 715(2), 599(1), 780(2), 486(1), 558(2), 787(1), 250.8(1), 491(1), 38(1), 584(3), 656(1), 923(1), 214(1)",56
582,581,05822,diag_2,"250.41(2), 411(1), 428(2), 425(1), 414(2), 496(2), 401(1), 305(1), V45(1), 250.6(1), 553(1), 272(1), 427(7), 242(1), 682(3), #####(4), 707(2), 403(1), 280(1), 410(1), 998(1), 599(2), 276(5), 996(1), 511(1), 162(1), 491(1), 574(1), 250.02(1), 584(1), 821(1), 648(1), 486(1), 807(1), 493(1)",56
583,582,05831,diag_1,"285(1), 414(5), 411(1), 250.7(2), 286(1), 427(4), 722(2), 410(1), 786(2), 428(2), 553(1), 402(2), 577(1), 403(1), 250.02(2), 435(1), 396(1), V57(1), 780(3), 276(3), #####(1), 197(1), 486(1), 493(2), 453(1), 567(1), 253(1), 592(1), 491(2), 996(1), 537(1), 250.6(1), 599(1), 820(1), 250.8(1), 518(1), 715(1)",56
583,582,05832,diag_2,"250.41(1), 411(2), 396(1), 428(2), 440(1), 427(2), 492(1), 424(2), 401(2), 250(4), 723(1), V45(1), 410(1), 511(1), 707(1), 250.4(1), 780(3), 425(1), 397(1), 998(2), 153(1), 786(1), 414(1), #####(3), 578(1), 284(1), 250.02(1), 682(1), 305(1), 591(1), 285(2), 280(1), 787(1), 357(1), 276(1), 518(1), 486(1), 438(1), 585(2), 491(1), 490(1)",56
584,583,05841,diag_1,"722(1), 577(2), 824(1), 414(5), 359(1), 521(1), 161(1), 786(2), 413(1), 799(1), 727(1), 435(1), 564(1), 426(1), 574(1), 276(1), 682(2), 398(1), 996(1), 440(1), 404(1), 572(1), 434(2), 428(2), 250.7(1), 511(1), 153(1), 715(1), 431(1), 780(1), 493(1), 491(2), 486(1), 530(1), 552(1), 789(1), 250.82(1), 112(1), 808(1), 599(1), 995(1), 518(2), 531(1), 584(1), 427(1)",56
584,583,05842,diag_2,"250.01(2), 250.41(1), 411(1), E942(1), 276(4), 250.02(3), 250(5), 997(1), 401(4), 496(2), 428(2), 780(2), 427(4), V45(1), 571(1), 453(2), #####(4), 785(1), 578(1), 430(1), 41(1), 591(1), 572(1), 342(1), 599(1), 577(1), 696(1), 38(1), 536(1), 285(1), 491(1), 728(1), 268(1)",56
585,584,05851,diag_1,"786(2), 401(1), 38(1), 414(5), 424(1), 893(1), 410(4), 250.7(1), 428(2), 996(1), 723(1), 250.02(1), 434(1), 596(1), 998(1), 276(2), 250.13(1), 507(1), 574(2), 427(2), 560(2), 682(1), 530(1), 285(1), 198(1), 491(1), 201(1), 599(1), 162(1), 780(1), #####(1), 493(1), 481(1), V58(1), 486(1), 466(1), 584(1), 805(1), 250.11(1), 812(1), 182(1), 403(1), 681(1)",56
585,584,05852,diag_2,"250.5(1), 250.41(1), 250.01(1), 411(2), 492(1), 413(2), 250.6(1), 401(3), 414(1), 250(4), 428(2), 427(1), 707(1), 424(1), 403(2), 493(2), 571(1), 278(1), 276(5), 410(1), 518(4), 70(1), 250.02(2), 496(2), 162(2), 491(1), 305(1), 599(1), 291(2), #####(1), V58(1), 285(1), 614(1), 585(1), 703(1)",56
586,585,05861,diag_1,"250.03(1), 436(1), 781(1), 414(3), 250.7(1), 724(1), 996(2), 278(1), 786(2), 410(1), 997(1), 428(2), 715(2), 276(3), 574(2), 250.11(1), 486(3), 682(1), 153(1), 157(1), 535(1), 250.6(2), 569(1), 427(1), 280(1), 435(1), 571(1), 707(1), 511(1), 491(1), 560(1), 790(1), 820(1), 288(1), 681(1), 642(1), 584(1), 453(1), 38(1), 518(1), 812(1), 162(1), 620(1), 8(1)",56
586,585,05862,diag_2,"276(6), 426(2), 250.01(1), 411(1), 440(1), 250(4), 250.6(1), 421(1), 425(2), 414(1), 403(3), 250.02(1), 242(1), 780(1), 496(1), 250.42(1), 595(1), 197(1), 286(1), 428(2), 536(1), 707(1), 427(2), 413(1), 491(1), 570(1), 518(2), 423(1), 599(3), 198(1), 820(1), 250.92(1), 41(1), 648(1), 285(1), 578(1), 486(1), 614(1), 584(1)",56
587,586,05871,diag_1,"414(6), 436(1), V57(1), 233(1), 250.4(1), 198(1), 435(2), 410(1), 996(3), 719(1), 577(3), 296(1), 428(1), 724(1), 998(1), 276(2), 427(3), 486(2), 715(1), 458(1), 434(1), 787(2), 786(1), 250.8(4), 466(1), 733(1), 728(1), 578(1), 348(1), 729(2), 599(1), 560(1), 491(1), 518(1), 584(1), 250.82(1), 279(1)",56
587,586,05872,diag_2,"250.5(1), 428(2), 411(2), 413(1), 414(1), 217(1), 272(1), 426(1), 583(1), V10(1), 386(1), 38(1), 710(1), 401(2), 250(6), 425(1), 280(2), #####(3), 496(3), 427(2), 305(1), 250.92(1), 276(5), 403(2), 273(1), 721(1), 466(1), 682(1), 782(1), 707(1), 112(1), 250.02(1), 730(2), 584(1), 576(1), 785(1)",56
588,587,05881,diag_1,"428(2), 403(2), 486(3), 461(1), 414(2), 304(1), 577(1), 185(1), 410(1), #####(6), 564(1), 250.7(1), 427(2), 435(2), 276(1), 386(1), 434(1), 555(1), 721(1), 296(1), 715(3), 250.6(2), 996(1), 250.12(2), 401(1), 599(3), 569(1), 576(1), 780(1), 38(2), 558(1), 531(1), 584(1), 518(1), 250.02(1), 284(1), 789(1)",56
588,587,05882,diag_2,"250.7(2), 250.51(1), 135(1), 411(1), 303(1), 999(1), 997(1), 424(2), 413(1), 250(1), 707(1), 242(1), 496(2), 403(1), 428(2), 593(1), 402(1), 276(7), 427(2), 426(1), 599(5), E878(1), 515(1), 785(1), 305(1), 780(1), 153(1), 354(1), 263(1), 808(1), 285(2), 584(1), 486(1), 491(1), 435(1), 585(4), 260(1)",56
589,588,05891,diag_1,"786(7), 574(1), 250.81(2), 414(3), 428(2), 722(2), 250.11(1), 441(1), 278(2), 410(2), 424(1), 486(3), 682(1), 239(1), 401(1), 53(1), 197(1), 250.02(1), 453(1), 617(1), 562(1), #####(2), 435(1), 427(2), 415(1), V57(2), 280(1), 584(1), 250.8(1), 491(2), 626(1), 250.1(1), 250(1), 482(1), 287(1), 250.6(1), 149(1)",56
589,588,05892,diag_2,"250.01(2), 277(1), 244(1), 411(2), 250.6(1), 492(1), 401(1), 250(5), V15(1), 285(1), 428(2), 414(2), 719(1), 305(1), 530(1), 424(1), V45(1), 724(1), 496(1), V42(1), 729(1), 403(2), 998(1), 410(1), 218(2), 599(1), 276(4), 250.02(2), 453(1), V49(1), 518(2), 404(1), 491(1), 790(1), V54(1), #####(1), 294(1), 786(1), 482(1), 585(1), V85(1)",56
590,589,05901,diag_1,"250.03(1), 535(1), 436(1), 414(5), 998(1), 428(2), V57(2), 441(1), 410(2), 786(1), 432(1), 440(1), 285(1), 434(3), #####(4), 154(1), 435(1), 574(1), 723(1), 486(1), 250.02(1), 458(1), 715(1), 415(1), 427(2), 507(1), 577(1), 38(1), 787(1), 280(1), 493(1), 599(2), 733(1), 781(1), 491(1), 519(1), 112(1), 618(1), 821(1), 728(1), 452(1), 780(1)",56
590,589,05902,diag_2,"428(2), 250.01(1), 518(2), 411(3), 250(1), 135(1), 496(1), 424(2), 427(7), #####(7), 401(3), 414(1), 250.6(1), 396(1), 425(1), 198(1), 38(1), 723(1), 599(1), 276(4), 578(1), 272(1), 729(1), 786(1), 305(2), 682(1), V43(1), 707(1), 625(1), E885(1), 728(1), 571(1), 799(1)",56
591,590,05911,diag_1,"562(1), 414(2), 250.7(1), 996(2), 786(1), 428(2), 572(1), 799(1), 410(3), 507(2), 250.02(1), 153(1), #####(2), 303(1), 404(1), 440(2), 402(1), 780(1), 435(1), 535(1), 188(1), 711(1), 577(2), 486(3), 824(1), 787(1), 401(1), 590(1), 174(1), 491(3), 599(4), 807(1), 540(1), 518(1), 348(1), 250.1(1), 611(1), 813(1), 658(1), 493(1)",56
591,590,05912,diag_2,"250.01(1), 411(2), 440(1), 413(1), 401(4), 250.11(1), 571(2), 250.02(2), 428(2), 998(1), 196(1), 414(1), 577(4), #####(6), 593(1), 599(3), 427(3), 197(1), 250.8(1), 294(1), 730(1), 303(1), 780(1), 276(2), 42(1), 733(1), 250(1), 288(1), 403(1), 584(2), 682(1), E885(1), 585(1), 648(1), 799(1)",56
592,591,05921,diag_1,"593(1), 414(4), 410(3), 250.81(1), 428(2), 250.4(1), 721(1), 276(1), 569(1), 486(3), 250.02(1), 786(1), 295(1), #####(2), V57(1), 535(1), 401(1), 427(2), 403(1), 294(1), 466(1), 730(1), 578(1), 351(1), 531(1), 557(1), 780(1), 784(1), 491(2), 162(1), 574(1), 507(1), 250.8(2), 577(1), 38(2), 584(1), 681(1), 280(1), 250.6(1), 518(1), 810(1), 250.1(1), 345(1)",56
592,591,05922,diag_2,"250.03(1), 250.6(1), 411(1), 492(1), 707(2), 413(1), 998(1), 414(2), V45(1), V17(1), 426(1), 496(1), 424(1), 250(3), 272(1), 412(1), 276(3), 427(1), 285(2), 280(2), 287(1), 428(2), 682(1), 784(1), 403(1), 722(1), 781(1), 41(1), 578(1), 599(3), #####(1), 401(1), 786(1), 552(1), 335(1), 535(1), 410(2), 785(1), 584(1), 486(2), 480(1), 295(1), 585(1)",56
593,592,05931,diag_1,"414(2), 682(1), 786(5), 722(1), 410(1), 719(1), 996(4), 250.7(1), 577(2), 386(2), 782(1), 435(3), 440(1), 428(2), 571(1), 427(1), 486(2), 276(1), 434(1), 820(1), 250.6(1), 493(2), 535(1), 183(1), 590(1), 490(1), 38(2), 292(1), V57(1), 789(1), 250.1(1), 568(1), 599(1), 518(2), 250.8(1), 574(1), 250.9(1), 403(1), 541(1)",56
593,592,05932,diag_2,"411(1), 958(1), V45(1), 425(2), 780(3), 427(5), 511(2), 401(1), 404(1), 530(1), 428(2), 403(1), 682(2), 250(3), 493(2), 444(1), 284(1), 790(1), #####(3), 410(1), 496(1), 707(1), 8(1), 276(6), 599(3), 438(1), 486(1), 584(2), 458(1), 731(1), 576(1), 585(2)",56
594,593,05941,diag_1,"423(1), 733(1), 250.43(1), 414(3), 786(3), 227(1), 445(1), 278(1), 410(4), 599(1), 428(2), 250.02(1), 440(1), 682(1), 250.8(2), 276(1), 486(5), 431(1), 715(1), 250.01(1), 564(1), 487(1), 434(2), 562(1), 198(1), 560(1), 820(1), 578(1), 998(1), 348(1), 584(1), 185(1), 556(1), 9(1), 491(1), 250.12(1), 250(1), 349(1), 443(1), 873(1), 38(1), 659(1)",56
594,593,05942,diag_2,"250.51(1), 250.01(1), 496(2), 411(2), 250.6(2), 276(5), V42(1), 413(1), 250(5), 414(1), 428(2), 427(6), #####(4), 440(1), 403(2), 780(1), 434(1), 599(1), 305(1), 280(1), 162(1), 287(1), 730(1), 342(1), 491(1), 707(1), 486(1), 584(1), 211(1), 250.02(1), 198(1), 785(1), 922(1), 995(1), 648(1)",56
595,594,05951,diag_1,"434(2), 682(3), 436(1), V57(1), 414(3), 250.21(1), 282(1), 410(1), 426(1), 996(2), 998(1), 189(1), 428(2), 250.02(1), #####(4), 403(1), 404(2), 711(1), 198(2), 796(1), 820(1), 560(1), 574(1), 250.8(4), 250.12(1), 153(1), 491(2), 592(1), 38(2), 599(1), V58(1), 808(1), 8(1), 707(1), 715(1), 654(1), 540(1), 323(1), 518(1)",56
595,594,05952,diag_2,"250.83(1), 250.01(1), 784(1), 715(1), 411(2), 276(2), 414(3), 250.02(2), 396(1), 428(2), 403(4), 250(1), 198(2), 496(1), 560(1), 425(2), 581(1), 427(3), V43(1), 197(1), #####(2), 401(1), 599(3), 295(1), 590(1), 707(2), 453(1), 486(1), 41(1), 154(1), 584(3), 681(1), 285(1), 648(1), 562(1), 255(1), 585(1)",56
596,595,05961,diag_1,"436(1), 295(1), 414(2), 185(1), 786(5), 433(1), 410(4), 714(1), 530(1), 402(1), 428(2), 532(1), #####(6), 276(4), 590(1), 574(1), 571(1), 486(1), 250.7(1), 535(1), 434(1), 733(1), 715(2), 296(2), 435(1), 427(1), 682(1), 348(1), 440(1), 787(1), 202(1), 250.8(1), 250.1(1), 824(1), 805(1), 599(1), 491(1)",56
596,595,05962,diag_2,"427(7), 309(1), 411(1), 413(1), 607(1), 250(1), 403(5), 414(2), 401(3), 287(3), 428(2), 996(1), 292(1), 272(1), 424(1), 530(1), 425(2), 79(1), 493(1), 278(1), 303(1), 785(1), 410(1), 276(3), 305(1), 41(1), 599(1), 285(2), 518(1), 707(1), E888(1), 584(1), #####(1), 441(1), 585(1), 799(1)",56
597,596,05971,diag_1,"414(4), 250.81(1), 310(1), 577(2), 410(1), 411(1), 516(1), 786(1), 402(1), 996(1), 507(1), 428(1), 568(1), 427(1), 296(1), 682(1), 515(1), 780(3), 486(5), 574(1), 535(1), V57(2), 722(1), 782(1), 482(1), 250.6(1), 182(1), 211(1), V58(2), 291(1), 250.8(1), 964(1), 560(2), 584(1), 443(1), 820(1), 346(1), 959(1), 404(1), 922(1), 518(1), 807(1), 112(1)",56
597,596,05972,diag_2,"411(2), 707(2), 786(2), 250.6(1), 413(1), 428(2), 250(2), 276(5), 401(2), 425(1), 403(3), 287(2), #####(3), 280(2), 250.42(1), 427(1), 424(1), 496(1), 285(1), 721(1), 198(2), 599(2), 197(1), 162(1), 250.92(1), 189(1), 438(1), 380(1), 250.8(1), 486(2), 342(1), 202(1), 585(2), 850(1), 860(1), 995(1)",56
598,597,05981,diag_1,"530(2), 414(2), 8(1), 250.13(1), 250.7(1), 486(2), 428(2), 562(1), 278(1), 600(1), 402(3), 410(2), 786(2), 435(1), 507(1), 564(1), 515(1), 780(1), 535(1), 724(1), 481(1), 434(3), 437(1), 590(1), 276(1), 511(1), 404(1), 427(1), 493(2), 182(1), 715(1), 571(1), 280(1), 729(1), 348(1), 540(1), 250.8(1), 577(1), 599(3), 38(1), 707(1), 661(1), 333(1)",56
598,597,05982,diag_2,"250.01(2), 411(2), 279(1), 440(1), 250.1(1), 250.6(1), 250(4), 403(2), 997(1), 427(4), 272(1), 401(2), 250.02(2), 428(1), 710(1), 413(1), 276(4), 785(1), 560(1), 784(1), 599(3), 707(2), 425(1), 518(1), 70(1), 465(1), 530(1), 564(1), 496(1), 304(1), 466(1), 535(1), 486(2), 154(1), 294(1), 648(1), 585(1), 458(1)",56
599,598,05991,diag_1,"780(1), 414(4), 250.7(2), V57(1), 433(1), 428(2), 189(1), 786(1), 440(1), 530(1), 434(1), 404(1), 682(2), 486(3), 996(1), 276(2), 250.22(1), 386(1), #####(3), 558(1), 453(2), 560(2), 162(2), 197(2), 730(1), 574(1), 491(4), 185(1), 578(1), 38(2), 590(1), V58(1), 184(1), 348(1), 620(1), 518(1), 511(1)",56
599,598,05992,diag_2,"250.41(1), V42(2), 411(3), 719(1), 413(1), 414(2), 401(3), 433(1), 707(1), 250(2), 428(2), 38(1), 424(1), 427(3), 790(1), 784(1), 250.12(1), 511(1), 410(2), V45(1), 250.02(2), 189(1), 153(1), 197(1), 276(2), E888(1), 491(1), #####(1), 255(1), 285(1), 996(1), 530(1), 458(1), 599(1), 562(1), V49(1), 438(1), 486(2), 584(1), 625(1), 860(1), 585(1)",56
600,599,06001,diag_1,"250.03(1), 414(3), 714(1), 535(1), 722(1), 410(4), 996(1), 786(2), 577(2), 428(2), #####(3), 416(1), 276(1), 998(2), 600(1), 486(2), 435(1), 584(3), 250.6(1), 715(2), 562(1), 730(1), 434(1), 682(2), 599(1), 969(1), 427(1), 491(1), 250.8(2), 38(2), 507(1), 558(1), 458(1), 57(1), 518(1), 733(1), 493(2)",56
600,599,06002,diag_2,"465(1), 411(1), 711(1), 250.6(1), 250(2), 428(2), 414(2), 402(1), 427(2), 38(1), 250.02(1), 424(1), 496(1), 425(1), #####(1), 574(1), 280(2), 998(1), 403(1), 780(1), 272(1), E942(1), 518(1), 682(3), 536(1), 401(1), 599(3), 707(2), 491(2), 70(2), 276(4), 263(1), 458(1), 584(2), 304(1), 250.01(1), 285(1), 410(1), 416(1), 461(1)",56
601,600,06011,diag_1,"414(5), 433(1), 410(4), 786(3), 402(1), 250.4(1), 996(1), 428(2), 581(1), 682(4), 780(2), 276(3), #####(2), 434(2), 198(1), 427(1), 403(2), 715(1), 820(2), 490(1), 250.6(2), 530(1), 560(1), 620(1), 295(1), 202(1), 491(3), 486(1), 782(1), 850(1), 482(1), 351(1), 215(1)",56
601,600,06012,diag_2,"411(2), 997(1), 413(1), 250(5), 414(1), 780(2), 427(4), 425(2), 428(2), 250.02(1), 403(5), 496(1), 599(2), 560(1), 404(1), #####(4), 197(1), 518(2), 998(1), 196(1), 707(1), 789(1), 276(3), 491(2), 296(1), E888(1), 250.92(1), 710(1), 714(1), 250.6(1), 782(1), 585(1), 285(1)",56
602,601,06021,diag_1,"276(4), 414(4), 250.7(2), 433(1), 441(1), 413(1), 410(3), 786(3), 425(1), 440(1), 438(1), 724(1), 428(2), V53(1), 427(2), 574(1), 434(1), #####(2), 453(1), 197(1), 707(1), 715(1), 481(2), 486(1), 998(1), 823(1), 493(1), 790(1), 532(1), 592(1), 578(1), 892(1), 348(1), 285(1), 491(2), V58(1), 518(2), 327(1), 919(1)",56
602,601,06022,diag_2,"250.01(1), 411(2), 440(1), 414(6), 997(2), 424(1), 401(2), 428(2), 250(5), 786(2), 403(2), 427(4), 785(1), 250.02(2), 201(1), 197(1), 515(1), 996(1), 780(1), 496(1), 558(1), 682(1), E928(1), 790(1), 153(1), 276(2), #####(1), 707(1), 783(1), 518(1), 150(1), 728(1), 410(1), 585(1), 465(1), 584(1)",56
603,602,06031,diag_1,"250.41(1), 414(2), 694(1), 303(1), 411(1), V57(1), 478(1), 174(1), 410(4), 572(1), 786(2), 435(1), 426(1), 428(2), 276(1), 296(2), 724(1), 431(1), 780(2), 682(2), #####(2), 434(2), 250.11(1), 466(2), 789(1), 820(3), 562(1), 557(1), 590(1), 38(2), 558(1), 812(1), 537(1), 715(1), 518(2), 491(1), 351(1), 311(1), 486(1), 648(1)",56
603,602,06032,diag_2,"403(3), 411(1), 428(2), 70(1), 413(1), 38(1), 780(1), 196(1), 425(2), 571(1), #####(5), 427(8), 250.02(1), 401(2), 414(1), 402(1), 496(1), 434(1), 424(1), 412(1), 305(1), 998(1), 276(5), 493(1), 410(1), 599(1), 285(1), 518(2), 733(1), 491(1), 435(1), 585(1), 307(1), 191(1), 670(1)",56
604,603,06041,diag_1,"V55(1), 414(5), 577(3), 250.8(1), 398(1), 410(2), 786(1), 413(1), 996(2), 435(1), 426(1), 997(1), 571(2), 486(2), 403(2), 550(1), 780(1), 487(1), 715(2), 493(2), 682(1), 453(1), 852(1), 535(1), 294(1), 491(2), 599(3), 278(1), 821(2), 642(1), 38(1), 433(1), 250.82(1), 459(1), 185(1), 152(1), 440(1), 427(1), 813(1)",56
604,603,06042,diag_2,"250.01(1), 411(1), 250.6(1), 413(1), 999(1), 496(4), 428(2), 414(2), 401(1), 427(2), 38(1), 250(4), 453(2), 284(1), V45(1), 998(2), 288(1), 396(1), 305(1), 730(1), 789(1), 682(1), #####(2), 403(1), 211(1), 424(1), 441(1), 780(1), 198(1), 276(1), 648(1), 599(1), 910(1), 435(1), 285(1), 731(1), 707(1), 585(4), 578(1), 281(1), 813(1)",56
605,604,06051,diag_1,"648(1), 557(1), 414(1), 398(1), 724(1), 411(1), 250.81(1), 433(1), 423(1), 410(2), 402(2), 428(1), 722(1), 440(1), 250.02(1), 250.7(1), 571(1), 197(3), 721(1), 275(1), 574(1), 600(1), 435(1), 789(1), 562(2), 191(1), 682(1), 823(1), 715(2), 780(2), 493(1), 486(1), 333(1), 584(3), 820(2), 276(1), 511(1), 38(2), 518(1), 404(1), 250.82(1), 578(1), 576(1), 530(1), 278(1)",56
605,604,06052,diag_2,"250.01(2), 411(1), 250.4(1), 738(1), 250(6), 276(4), 414(2), 780(1), 428(2), 427(2), 790(1), 403(2), #####(3), 707(2), 571(2), V10(1), 250.6(1), 601(1), 515(1), 250.42(1), 786(1), 295(2), 401(1), 491(1), 211(1), 250.02(1), E885(1), 150(1), 199(1), 599(1), 285(2), 584(2), 156(1), 481(1), 585(1), V85(1)",56
606,605,06061,diag_1,"182(1), 414(4), 786(3), 722(1), 295(1), 410(1), V57(1), 151(1), 428(2), 682(3), 820(1), 153(1), #####(3), 552(2), 486(3), 560(2), 531(1), 604(1), 250.11(1), V58(1), 42(1), 458(1), 535(1), 787(1), 780(1), 434(1), 250.8(1), 584(1), 577(1), 715(1), 8(2), 38(1), 250.12(1), 518(1), 435(1), 296(1), 530(1), 331(1), 250.13(1), 578(1), 276(1)",56
606,605,06062,diag_2,"250.51(1), 411(2), V15(1), 413(1), 401(2), 571(1), 425(1), 599(2), 250.02(2), 515(1), 250(4), 403(1), 493(2), 997(1), 280(2), 427(1), 496(4), 70(1), 590(2), 428(2), 410(1), V10(1), 112(1), 276(2), 491(2), 575(1), 342(1), 682(1), 577(1), 204(1), 518(1), 285(1), 458(2), 301(1), 584(3), 294(1), 299(1)",56
607,606,06071,diag_1,"250.41(1), 414(4), 250.83(1), 480(1), 515(1), 433(1), 535(2), 189(1), 410(3), 303(1), 250.4(1), 996(1), 428(2), 435(1), 440(1), 577(1), 780(1), #####(1), 486(6), 427(1), 491(2), 444(1), 507(1), 578(2), 250.8(2), 562(1), 403(1), 38(3), 584(1), 550(1), 599(2), 285(1), 431(1), 786(1), 820(1), 250.12(1), 652(1), 729(1)",56
607,606,06072,diag_2,"276(2), 411(2), 493(2), 599(2), 492(1), 401(2), 414(2), 250.6(1), 428(2), 403(2), 38(1), 427(4), 250(3), 444(1), 574(1), 404(1), #####(2), 424(1), 250.4(1), 402(1), 250.02(1), 789(1), 280(1), 780(1), 455(1), 8(2), 284(1), 491(1), 733(1), 518(2), 530(1), 584(2), 731(1), 285(2), 577(1), 648(1), 289(1), 585(1)",56
608,607,06081,diag_1,"429(1), 277(1), 457(1), 824(1), 414(1), 428(2), 478(1), 786(1), 410(2), 174(1), 996(3), 211(1), 447(2), #####(5), 444(1), 530(2), 535(1), 486(2), 682(2), 780(1), 276(1), 284(1), 403(3), 197(1), 458(1), 38(3), 569(1), 785(1), 415(1), 532(1), V58(1), 150(1), 250.1(1), 556(1), 599(1), 715(1), 491(1), 574(1), 466(1), 345(1)",56
608,607,06082,diag_2,"414(2), 157(1), 272(1), 250.01(1), 411(1), 135(1), 478(1), 250(3), 428(2), 427(1), 403(2), 440(1), 595(1), 496(4), 425(1), 426(2), 511(1), 530(1), 790(1), 280(1), 250.02(1), 331(1), 401(1), 205(1), #####(1), 786(1), 198(1), 250.42(1), 569(1), 593(1), 453(1), 996(1), 285(2), 197(1), 196(1), 276(2), 599(1), 785(1), 518(1), 576(1), 799(2), 585(2), 995(1)",56
609,608,06091,diag_1,"996(2), 535(1), 436(1), 414(1), 786(2), 572(1), 455(1), 428(2), 276(4), #####(3), 431(1), 604(1), 434(1), 780(3), 404(2), 571(1), 562(1), 564(1), 715(2), 444(1), 577(2), 250.02(1), 998(1), 453(1), 682(1), 38(1), 486(3), 550(1), 507(1), 162(1), 599(2), 852(1), V58(1), 584(1), 250.82(1), 789(1), 654(1), 716(1), 518(1), 338(1)",56
609,608,06092,diag_2,"250.43(1), 250.01(1), 162(2), 413(1), 496(1), 250(4), 70(1), 997(1), 414(2), 571(1), 403(1), 424(1), 401(2), 276(7), 515(1), 780(1), 427(3), 410(1), 456(1), 303(1), 682(1), 998(1), 428(1), 202(1), 707(2), 288(1), 599(4), 491(1), 250.8(1), 590(1), 250.22(1), 577(1), 486(1), 648(1), 733(1), 585(1), 507(1), 789(1)",56
610,609,06101,diag_1,"414(3), 577(1), 486(2), 722(2), V57(1), 410(4), 786(4), 782(1), 428(2), #####(4), 312(1), 780(1), 724(1), 284(1), 434(1), 151(1), 824(1), 807(1), 427(1), 218(1), 348(1), 682(1), 250.8(1), 599(2), 38(2), 558(2), 518(2), 250.6(2), 733(1), 576(1), 250.11(1), 250.82(1), 491(1), 401(1), 584(1), 861(1), 746(1)",56
610,609,06102,diag_2,"250.01(3), 411(1), 250.6(1), 424(2), 496(6), 396(1), 250(2), 414(1), 780(2), 428(2), 719(1), 493(1), 204(1), 599(1), 427(5), #####(3), 70(1), 276(3), 958(1), 285(2), 403(1), 707(1), 251(1), 41(1), 153(1), 486(3), 473(1), 584(2), 592(1), 562(1), 585(2), 694(1)",56
611,610,06111,diag_1,"398(1), 295(1), 620(1), 414(1), 599(1), V57(2), 410(1), 250.4(1), 174(2), 996(1), 486(2), 428(2), 786(1), 435(1), 574(1), 440(1), 780(1), 276(3), 592(2), 197(1), 331(2), 185(1), 487(2), 715(1), 578(1), 728(1), 558(2), 781(1), 253(1), 112(1), 250.8(3), 560(1), 789(1), 250.82(1), 584(1), 443(1), 466(1), 518(1), 883(1), 493(1), 8(1), 491(2), 586(1)",56
611,610,06112,diag_2,"250.7(1), 250.01(2), 411(1), 34(1), 781(1), 428(2), 403(2), 401(2), 38(1), 250.4(1), 250(3), 250.02(2), 611(1), 682(2), 998(1), 280(1), 292(1), 285(3), 427(1), 600(1), 402(1), 276(3), #####(3), 410(1), 496(1), 780(1), 197(1), 707(2), 599(2), 591(1), 790(1), 112(2), 996(1), 518(2), 414(1), 535(1), 486(1), 728(1)",56
612,611,06121,diag_1,"922(1), 414(4), 411(1), 250.81(1), 789(1), 278(1), 786(2), 458(1), 410(3), 780(1), 198(1), 440(2), 199(1), 426(1), 428(2), 404(1), 432(1), 507(1), 434(3), #####(2), 562(1), 427(2), 535(2), 486(2), 250.11(1), 707(1), 250.8(2), 599(1), 584(1), 808(1), V57(1), 724(1), 536(1), 276(2), 533(1), 491(1), 820(1), 424(1), 996(1), 174(1)",56
612,611,06122,diag_2,"250.03(1), 411(2), 250(4), 707(2), 413(1), V45(1), 135(1), 401(3), 492(1), 428(2), V12(1), 196(1), 427(5), 403(2), 198(1), 496(2), 424(1), #####(4), 8(1), 433(1), 250.02(2), 682(2), 507(1), 404(1), 250.92(1), 438(1), 724(1), 276(1), 787(1), 783(1), 805(1), 416(1), 584(1), 728(1), 585(1), V66(1), V86(1)",56
613,612,06131,diag_1,"997(1), 261(1), 738(1), 414(2), 433(2), 250.7(2), 296(1), 722(1), 410(2), 440(1), 185(1), V57(1), 428(2), 711(1), 571(1), #####(1), 780(1), 486(2), 435(1), 241(1), 574(3), 644(1), 511(1), 250.6(1), 566(1), 333(1), 562(1), 535(1), 682(1), 820(1), 584(2), 491(1), 431(1), 250.8(1), 38(2), 560(1), 728(1), 250.1(1), 250.12(1), 715(2), 540(1), 575(1), 493(1), 403(1), 278(1)",56
613,612,06132,diag_2,"250.7(1), 276(9), 250(2), 411(1), 997(1), 425(2), 309(1), 278(2), 428(1), 496(2), 295(1), 682(2), 560(2), 491(1), 284(1), 486(2), 70(1), 427(2), 741(1), 401(2), 574(1), 642(1), 287(1), 403(2), 518(2), 202(1), 707(2), 453(1), 733(1), 94(1), 285(1), 274(1), 458(1), 584(1), 585(1), V85(1)",56
614,613,06141,diag_1,"414(3), 433(1), 250.83(1), 440(1), 250.7(1), 566(1), 682(3), 996(2), 786(2), 507(2), 410(1), 428(2), 618(1), 780(4), 157(1), 153(1), 162(1), 427(2), 560(1), 820(1), 197(1), #####(1), 733(1), 590(1), 250.8(3), 434(1), 458(1), 599(2), 514(1), 491(2), 537(1), 518(2), 296(1), 821(1), 482(1), 625(1), 250.82(1), V54(1), 562(1)",56
614,613,06142,diag_2,"250.41(1), 492(1), 411(2), 403(1), 250.6(2), 440(1), 565(1), 250.4(1), 250(4), 414(2), 496(3), 427(2), 250.82(1), 425(1), 415(1), 280(1), 428(2), 788(1), 401(2), 707(2), 599(2), 491(2), 905(1), 276(6), 342(1), E878(1), 41(1), 305(1), #####(1), 304(1), 285(1), V58(1), 730(1), 416(1), 486(1), 348(1), 555(1)",56
615,614,06151,diag_1,"250.03(1), 424(1), 414(2), 420(1), 998(1), 579(1), 717(1), 250.22(2), V57(2), 410(7), 786(1), 996(2), 402(1), V55(1), 428(1), 822(1), 291(1), 250.02(1), 427(1), 434(1), 466(2), 715(1), 511(1), 785(1), 250.11(1), 852(1), 198(1), 486(1), 415(1), 185(1), 491(3), 577(1), 250.8(1), 812(1), 621(1), 584(2), 188(1), 518(2), 8(1), 346(1), 440(1)",56
615,614,06152,diag_2,"70(1), 250.01(1), 411(2), 789(1), 711(1), 571(1), 715(1), 401(4), 493(1), 250(4), 396(1), 425(1), 428(2), 998(1), 996(1), 38(1), 427(1), 496(4), 276(5), 599(2), 780(1), 785(1), 285(2), 295(1), 403(3), 781(1), 453(1), 402(1), #####(1), 291(1), 593(1), 486(1), 491(1), 112(1), 435(1), 585(1), 894(1)",56
616,615,06161,diag_1,"414(3), 428(2), 456(1), 786(2), 721(1), 413(1), 722(2), 410(1), 250.4(1), 682(1), 426(1), 434(1), 996(2), 398(1), 250.6(1), #####(2), 787(1), 566(1), 578(1), 715(1), 453(1), 250.11(1), 997(1), 427(1), 820(1), 823(1), 780(2), 486(2), 783(1), 493(2), 584(2), 38(2), 733(1), 560(1), 728(1), 626(1), 536(1), 250.12(1), 287(1), 812(2), 805(1), 294(1), 491(1)",56
616,615,06162,diag_2,"250.01(1), 250.5(1), 411(1), 277(1), V10(1), 250(3), 492(1), 424(1), 723(1), 414(1), 403(3), 196(1), 427(5), 428(1), 276(5), 790(1), 304(1), 250.02(2), 413(1), 682(1), 401(2), 789(2), 518(3), 781(1), 786(1), 599(3), 574(2), 593(1), 280(1), 278(1), 821(1), 820(1), 312(1), 285(1), 473(1), 435(1)",56
617,616,06171,diag_1,"429(1), 786(3), 486(4), 414(4), 278(1), 410(2), 996(1), 592(2), 428(1), 250.6(2), 358(1), V57(1), 250.13(1), 427(3), 276(1), 188(2), 403(2), 250.02(2), 440(1), 682(1), 664(1), 824(1), 780(1), 590(2), 348(1), 562(1), 528(1), 294(1), 250.11(1), 491(4), 715(1), 38(1), 557(1), 518(1), 300(1), 250.8(1)",56
617,616,06172,diag_2,"428(2), 250.01(2), 411(1), 250(2), 401(2), 300(1), 414(1), 402(2), #####(3), 710(1), 425(1), 403(1), 518(1), V43(1), 276(4), 600(1), 536(1), 250.92(1), 682(1), 427(2), 648(1), 998(1), 250.82(1), 295(1), 785(1), 599(2), 42(1), 53(1), 486(1), 569(1), 311(1), 733(1), 577(1), 780(1), 996(1), 592(1), 250.02(1), 562(1), 786(1), 491(1), 584(1), 319(1), 728(1), 799(1)",56
618,617,06181,diag_1,"491(1), 414(5), 722(1), 440(2), 786(3), 404(1), 572(1), 174(1), V57(1), 441(1), 410(2), 996(1), 648(1), 428(2), 682(2), #####(4), 427(4), 560(2), 486(2), 276(1), 493(2), 789(1), 433(1), 575(1), 282(1), 540(1), 38(1), 599(1), 574(1), 531(1), 150(1), 805(1), 626(1), 250.12(1), 721(1), 627(2)",56
618,617,06182,diag_2,"250.01(1), 411(1), 250.6(1), V64(1), 413(2), 401(1), 428(2), 250.4(1), 571(2), 196(1), 414(2), 278(2), #####(4), 38(1), 682(2), 402(1), 424(1), 496(1), 493(1), 250(3), 427(2), 491(1), 780(1), 707(2), 41(1), 788(1), 250.02(1), 276(2), V70(1), 486(1), 466(1), 564(1), 577(1), 535(1), 285(2), 584(1), E888(1), 585(2), 586(1), 568(1)",56
619,618,06191,diag_1,"996(2), 682(1), 733(1), V57(1), 723(1), 414(3), 410(4), 435(1), 722(1), 531(1), 433(1), 575(1), 786(1), 404(1), 428(2), 292(1), 535(1), 789(1), 427(1), 185(1), 715(2), 577(1), 455(1), 296(1), 997(1), 562(1), 557(1), 276(1), 285(1), 150(1), 250.2(1), 434(2), 820(1), 250.8(1), 38(2), 805(1), 250.82(1), 482(1), 584(1), 823(1), 8(1), 278(1), 518(1), 486(1), 403(1), 574(1)",56
619,618,06192,diag_2,"250.01(2), 250.5(1), 250.03(1), 411(5), 250.6(1), 401(1), 250(2), 305(2), 414(1), V64(1), 428(2), 403(3), 496(4), 794(1), 780(1), 599(3), 574(1), 250.02(1), 276(3), 518(1), 447(1), 567(1), 578(1), 250.92(1), #####(1), 427(1), 572(1), 342(1), 153(1), 368(1), 493(1), 491(2), 304(1), 864(1), 486(1), 585(3)",56
620,619,06201,diag_1,"626(1), 414(2), 410(2), V55(1), 786(2), 845(1), 428(2), #####(3), 996(1), 789(2), 780(3), 571(1), 296(1), 250.7(1), 562(2), 250.6(1), 820(2), 531(1), 552(1), 722(1), 682(2), 578(1), 787(2), 453(1), 276(1), 198(2), 728(1), 715(1), 427(1), 599(1), 197(1), 486(1), 162(1), 250.12(1), 434(1), 38(2), 852(1), 558(1), 35(1), 465(1), 182(1)",56
620,619,06202,diag_2,"250.01(1), 411(1), 250(5), 340(1), 414(2), 496(2), 401(5), 424(1), 780(2), 425(1), 786(1), 427(1), 303(1), 785(1), 493(2), 881(1), 403(2), 428(2), 721(1), 280(1), 162(2), 189(1), 707(1), 250.02(1), 276(7), 155(1), 491(2), 578(1), 787(1), 486(1), E849(1), 590(1), #####(1), 438(1)",56
621,620,06211,diag_1,"730(1), 786(3), 250.41(1), 726(1), 414(2), 293(1), 250.7(1), 286(1), 707(1), 715(2), 722(2), 427(3), 410(2), 483(1), 719(1), 996(1), 428(2), 151(1), 402(1), 780(4), 434(2), #####(2), 486(2), 573(1), 182(1), 250.11(1), 250.6(1), 578(1), 820(1), 540(1), V57(1), 491(1), 599(2), 250.1(1), 584(2), 592(1), 518(1), 562(1), 453(1)",56
621,620,06212,diag_2,"250.83(1), 250.51(1), 276(6), 250.01(1), 411(1), 780(2), 440(1), 599(1), 250.6(1), 711(1), 250(2), 413(1), V42(1), 496(1), 401(1), 250.92(1), 428(2), 403(2), 427(1), 425(2), 493(2), 518(1), 424(1), 293(1), 682(1), 287(1), 789(1), 272(1), 218(1), 511(1), 707(1), 280(1), 443(1), 250.02(2), 998(1), 491(1), 584(1), 263(1), 486(1), #####(1), 285(2), 585(2)",56
622,621,06221,diag_1,"648(1), 414(4), 411(1), 250.83(1), 196(1), 996(2), 428(2), 295(1), 786(1), 593(1), 410(4), 707(1), 440(2), 441(1), 276(2), 780(1), 473(1), 486(1), #####(2), V57(1), 427(2), 434(1), 577(1), 820(2), 403(1), 682(2), 578(1), 733(1), 283(1), 288(1), 756(1), 537(1), 38(2), 253(1), 250.12(1), 584(1), 519(1), 250.82(1), 250.8(1), 491(1), 453(1)",56
622,621,06222,diag_2,"250.01(1), 411(5), 250(4), 730(1), 997(1), 413(1), 428(2), 780(1), 414(2), 276(6), 434(2), 340(1), 427(6), 718(1), 403(2), 571(1), #####(3), 682(2), 285(2), 305(1), 410(1), 496(1), 250.02(1), 70(1), 284(1), 486(2), 787(2), 518(1), 174(1)",56
623,622,06231,diag_1,"V57(1), 436(1), 414(1), 433(1), 593(1), 572(1), 410(3), 402(1), 996(2), 496(1), 786(2), 997(1), 428(2), 577(1), 451(1), 566(1), 532(1), #####(3), 564(1), 600(1), 250.8(1), 435(1), 427(2), 780(1), 715(1), 820(1), 250.6(2), 485(1), 276(1), 285(1), 458(1), 726(1), 486(1), 574(1), 351(1), 491(3), 38(1), 618(1), 482(1), 250.2(1), 300(1), 494(1), 682(1), 518(1), 296(1)",56
623,622,06232,diag_2,"436(1), 599(4), 411(1), 496(2), 512(1), 571(1), 414(1), 428(2), 788(2), 403(3), #####(3), 427(3), 250(2), 424(1), 451(1), 608(1), 280(1), 425(1), 530(2), 203(1), 401(1), 784(1), 536(1), 276(2), 785(1), 491(3), E947(1), 721(1), 568(1), 272(1), 728(1), 625(1), V58(1), 294(1), 518(1), 584(1), 786(1), 585(1), 114(1)",56
624,623,06241,diag_1,"440(1), 428(2), 436(1), 414(3), 280(1), 153(1), 577(2), 722(1), 410(3), 250.4(1), 350(1), #####(3), 998(1), 486(3), 511(1), 780(3), 335(1), 427(1), 458(1), 531(1), 250.11(1), 578(2), 250.6(1), 434(1), 415(1), 571(1), 733(2), 584(2), 596(1), 557(1), 250.8(2), 250.5(1), 789(1), 8(2), 250.82(1), 599(1), 453(1), 725(1), 278(1)",56
624,623,06242,diag_2,"250.01(3), 780(2), 411(1), 250.81(1), 250.6(1), V45(1), 250(4), 414(1), 426(1), 403(5), 428(2), 250.92(1), 496(2), 425(1), #####(1), 427(1), 599(4), 424(2), 280(1), 276(6), 707(2), 453(1), 250.12(1), 162(1), 518(1), 491(1), 305(1), 789(1), 507(1), 285(1), 486(1), 584(1), 576(1), V85(1)",56
625,624,06251,diag_1,"414(3), 278(1), 441(1), 411(1), 250.7(1), 726(1), 428(2), 786(3), 410(2), 250.02(1), 250.43(1), 577(3), 530(1), 276(1), 434(2), 427(2), 496(1), 569(1), 151(1), #####(2), 507(1), 486(3), 511(1), 780(1), 682(2), 715(1), 493(2), 188(1), 599(1), 162(1), 730(1), 250.42(1), 453(1), 821(1), 491(2), 959(1), 275(1), 38(1), 79(1), 273(1)",56
625,624,06252,diag_2,"250.01(2), 411(1), 420(1), 414(2), 440(1), 250.6(1), 550(1), 428(2), 250(3), 401(2), 403(2), 278(1), 250.02(2), 424(1), 585(1), #####(5), 427(4), 162(1), 578(1), 682(1), 276(4), 511(1), 789(1), 292(1), 516(1), 491(2), 415(1), 250.82(1), 577(1), 496(1), 434(1), 785(1), 250.8(1), 584(1), 486(1), 296(1), 724(1)",56
626,625,06261,diag_1,"398(1), 789(2), 436(1), 414(3), 486(1), 410(1), 786(4), 711(1), 719(1), 428(2), 250.13(2), 574(2), #####(3), 593(1), 780(1), 250.7(2), 427(1), 996(2), 998(1), 715(1), 530(1), 435(2), 562(1), 560(1), 490(1), 852(1), 202(1), 285(1), 682(1), 600(1), 482(1), 493(1), 599(3), 642(1), 38(1), 584(1), V57(1), 578(1), 218(1), 583(1)",56
626,625,06262,diag_2,"250.7(1), 250.41(1), 428(2), 411(2), 250.6(1), 414(1), 401(4), 496(4), #####(3), 41(2), 70(1), 425(2), 305(1), 250(1), 427(5), 486(1), 785(1), 276(7), 682(1), 780(1), 516(1), 491(1), 599(2), E878(1), 250.92(1), 707(1), 40(1), 648(1), V63(1), 202(1), 626(1), 585(1), 403(1)",56
627,626,06271,diag_1,"250.03(1), 414(3), 410(3), 786(4), 486(1), 402(1), 435(2), 276(2), 404(1), 428(2), 600(1), #####(1), 682(2), 440(1), 998(3), 996(1), 574(1), 787(1), 715(2), 577(1), 820(2), V55(1), 562(1), 331(1), 250.6(1), 507(1), 291(1), 424(1), 584(1), 250.12(1), 491(1), 296(2), 38(3), 250.11(1), 780(1), 287(1), 492(1), 821(1)",56
627,626,06272,diag_2,"112(1), 411(1), 413(1), 401(2), 414(2), 250.11(1), 780(2), 428(2), 427(3), 250(5), #####(3), 496(1), 403(2), 786(1), 707(3), 998(1), 790(1), 397(1), 305(1), 515(1), 568(2), 280(1), 189(1), 295(2), 285(2), 599(1), 518(1), 322(1), 304(1), 584(2), 250.8(1), 785(1), V58(1), 359(1), 458(1), 486(1), 287(1)",56
628,627,06281,diag_1,"435(1), 789(2), 227(1), 560(1), 414(2), 402(2), 278(1), V57(2), 786(1), 410(2), 198(1), 185(1), 428(2), 486(2), 276(2), 424(1), 998(1), 434(2), 566(1), #####(1), 780(2), 433(1), 300(1), 250.42(1), 250.02(1), 530(1), 250.8(1), 781(1), 730(1), 599(2), 790(2), 250.1(1), 38(2), 203(1), 9(1), 518(3), 584(1), 578(1), 42(1), 349(1), 403(1)",56
628,627,06282,diag_2,"436(1), 250.5(1), 250(2), 250.01(1), 411(1), 250.6(1), V65(1), 781(1), 496(3), 250.02(1), 428(2), 196(1), 998(2), 414(1), 425(2), #####(6), 403(2), 427(1), 342(1), 905(1), 287(1), 518(1), 486(2), 276(5), 303(1), 515(1), 707(1), 41(1), 599(2), 573(1), 536(1), 728(1), 285(1), 491(1), 482(1), 8(1), 995(1), 585(1)",56
629,628,06291,diag_1,"722(1), 453(1), 414(1), 786(3), 616(1), 278(1), 428(2), 410(2), 714(1), 440(1), #####(4), 276(1), 724(1), 486(4), 604(1), 571(1), 997(1), 189(1), 250.13(1), 507(1), 197(1), 824(1), 715(2), 153(1), 682(1), 250.8(2), 415(1), 250.6(2), 482(1), 434(1), 443(1), 820(2), 599(1), 574(2), 518(2), 584(1), 812(1), 250.2(1), 250.02(1), 296(1)",56
629,628,06292,diag_2,"737(1), 250.01(1), 411(2), V45(1), 250(4), 394(1), 414(3), 401(2), 404(1), 515(1), 428(2), 496(2), 427(3), #####(4), 456(1), 824(1), 518(1), 276(4), 599(4), 410(1), 198(1), 723(1), 152(1), 707(1), 453(1), 780(1), 342(1), 577(1), 357(1), 285(2), 584(1), 94(1), V58(1), 716(1), 585(1)",56
630,629,06301,diag_1,"486(2), 414(2), 592(1), 593(1), 572(1), 410(2), 350(1), V57(3), 295(1), 722(1), 786(4), 530(2), 435(1), 996(2), 250.7(1), 434(3), 428(2), 577(1), 723(1), 276(1), 535(1), #####(3), 427(2), 403(1), 285(1), 274(1), 491(1), 430(1), 584(2), 331(1), 250.8(1), 250.12(1), 518(1), 459(1), 402(1), 745(1), 618(1), 38(1), 995(1)",56
630,629,06302,diag_2,"250.01(1), 411(1), V72(1), 428(2), 571(1), 414(1), 446(1), 998(3), 780(1), 272(1), 424(1), 425(2), 413(1), 250(3), 403(3), 427(2), 682(1), 426(1), 401(1), 723(1), 496(4), 202(1), 511(1), 453(1), 285(1), 250.02(1), #####(4), 518(2), 276(2), 996(1), 820(1), 584(1), 585(4), 799(1), 618(1), E945(1)",56
631,630,06311,diag_1,"598(1), 250.03(1), 682(1), 648(1), 250.7(1), 414(5), 278(1), 786(3), 428(2), 196(1), 404(1), 401(2), 998(2), 255(1), 486(2), 574(1), 250.8(1), 434(1), 996(2), 453(1), 162(1), 558(1), 250.6(1), 707(1), 599(1), 724(1), 427(1), 250.11(1), 493(1), 292(1), 280(1), 276(1), 459(1), 584(1), 715(2), 250.82(2), 518(1), 562(1), 38(1), #####(1), 820(1), 290(1), 787(1)",56
631,630,06312,diag_2,"401(4), 276(4), 250.01(1), 250.11(1), 440(1), 413(1), 250(1), V45(1), 427(2), 403(4), 410(1), 198(2), 428(2), 571(1), 426(1), 250.92(1), #####(1), 496(1), 244(1), 682(2), 402(1), 599(1), 287(1), 41(1), 205(1), 707(1), 250.02(1), 577(1), 784(1), 782(1), 280(1), 518(1), 117(1), 285(1), 491(1), 584(2), 585(3), 730(1), 307(1), 183(1)",56
632,631,06321,diag_1,"227(1), 427(3), 414(4), 286(1), 307(1), 433(1), 722(2), 250.22(1), V57(1), 786(3), 250.4(1), 410(1), 250.02(1), 996(1), 428(1), 434(2), 402(1), 424(1), 780(2), 820(1), 202(1), 715(1), 486(2), 250.6(1), 458(1), 300(1), 682(3), 577(1), 296(1), 574(1), 491(1), 599(2), 575(1), 403(1), 560(1), 590(1), 592(1), 969(1), 8(1), 453(1), 398(1), 808(1)",56
632,631,06322,diag_2,"252(1), 250.01(1), 411(2), 428(2), 250.03(1), 396(1), 250(7), 413(1), 401(5), 403(3), 531(1), 723(1), #####(3), 311(1), 425(2), 496(1), 493(1), 536(1), 427(1), 560(1), 41(1), 276(4), 42(1), 599(2), 707(1), 414(1), 290(1), 591(2), 305(1), 574(1), V58(1), 585(1), 584(1), 523(1)",56
633,632,06331,diag_1,"414(2), 410(2), 722(2), 402(1), 428(2), 996(2), 786(1), 564(1), #####(5), 416(1), 592(1), 780(1), 250.7(1), 250.11(1), 427(1), 276(1), 569(1), 820(1), 535(2), 458(1), 453(1), 715(2), 511(1), 434(1), 197(1), 514(1), 784(1), 182(1), 682(1), 852(2), 599(1), 250.1(1), 575(1), 486(1), 802(1), 491(1), 250.82(1), 331(1), 648(1), V57(1), 572(1), 38(1), 278(1), 9(1)",56
633,632,06332,diag_2,"411(1), 428(2), 414(2), 427(5), 722(1), 493(1), 413(1), 496(3), 250(1), 403(2), 425(1), 780(2), 38(1), 785(1), 305(2), #####(1), 198(1), 578(1), 424(1), 303(1), 401(3), 276(4), 599(1), 162(1), 491(1), 781(1), 284(1), 553(1), 790(1), 446(1), 998(1), 112(1), 250.02(1), 294(1), 664(1), 799(1), 585(1), 584(1), V85(1), 7(1)",56
634,633,06341,diag_1,"446(1), 414(5), 786(5), 434(2), 410(2), 722(1), 250.7(1), 486(1), 428(2), 780(5), #####(2), 530(1), 296(1), 823(1), 715(1), 415(2), 560(1), 396(1), 276(1), 453(2), 578(1), 250.6(2), 426(1), 820(1), 466(1), 682(1), 599(2), 38(2), 584(3), 569(1), 535(1), 729(1), V54(1)",56
634,633,06342,diag_2,"998(1), 411(1), V45(1), 250(3), 413(1), 496(3), 414(1), V12(1), 428(2), 403(3), 996(1), 427(5), 724(1), 707(2), 493(2), 401(2), 250.02(2), 578(1), 593(1), 425(1), 157(1), 398(1), 8(1), 153(1), 276(3), 453(2), 599(3), 410(1), 562(1), 344(1), 486(1), V58(1), 786(1), 585(1), 584(1), 327(1)",56
635,634,06351,diag_1,"436(1), 508(1), 414(2), 428(2), 461(1), V57(2), 296(3), 722(1), 276(1), 572(1), 410(2), 786(2), 404(1), 574(1), 728(1), #####(3), V58(1), 486(2), 682(3), 577(1), 427(2), 564(1), 530(1), 571(1), 250.12(1), 285(1), 733(1), 453(1), 996(1), 562(1), 250.8(2), 599(1), 455(1), 250.82(1), 292(1), 584(1), 659(1), 38(1), 782(1), 175(1), 806(1), 250.33(1)",56
635,634,06352,diag_2,"599(5), 201(2), 411(1), 420(1), 403(1), 719(1), 250.6(1), 250(2), 424(2), 250.11(1), 571(1), 414(2), 402(1), 530(1), 427(2), 428(2), 997(1), 492(1), 515(1), #####(4), 780(1), 250.02(1), 682(3), 496(2), 41(2), 493(1), 572(1), 70(1), 276(3), E878(1), 333(1), 730(1), 647(1), 584(1), 435(1), E880(1), 991(1)",56
636,635,06361,diag_1,"738(1), 414(6), 250.7(1), 726(1), 211(1), 295(1), 799(1), 786(5), 722(1), 230(1), 410(1), 250.02(1), 997(2), 428(2), 435(1), 486(6), 434(1), 250.13(1), 511(1), 562(1), 250.11(1), 162(1), 577(1), 507(1), 491(1), 599(1), 250.8(1), 288(1), 924(1), 250.12(1), 584(2), 578(1), 250.6(1), 427(1), 824(1), 38(2), 518(1), 276(1)",56
636,635,06362,diag_2,"250.01(1), 411(2), 440(1), 250.6(1), 492(1), 413(2), 401(2), 414(3), 250(2), 428(2), 250.02(2), 997(1), #####(4), 426(1), 300(1), 560(1), 511(1), 433(1), 403(1), 789(2), 276(4), 571(1), 280(1), 38(1), 518(1), 204(1), 162(2), 295(1), 707(1), 923(1), 332(1), 285(1), 584(1), 486(2), 304(1), 491(1), 799(2), 995(1)",56
637,636,06371,diag_1,"414(5), 344(1), 428(2), 682(2), 997(1), 294(1), 136(1), 685(1), 434(3), #####(2), 276(1), 432(1), 435(1), 218(1), 569(1), 250.6(1), 820(3), 486(2), 780(2), 153(1), 298(1), 426(1), 250.8(2), 724(1), 250.42(1), 528(1), 296(1), 431(1), 592(1), 599(1), 518(1), 562(1), 250.82(1), 250(2), 715(1), 8(1), 860(1), 847(1), 813(1), 500(1), 648(1)",56
637,636,06372,diag_2,"250.7(1), 250.01(2), 250.6(2), 411(1), 413(1), 496(3), 138(1), 403(1), 715(1), 578(1), 404(1), 425(1), 434(1), 250(1), 401(1), 427(4), 616(1), 280(1), 536(2), 424(1), 410(1), 571(1), 560(1), 599(2), 707(1), 428(2), 250.92(1), 38(1), 276(4), 412(1), 250.02(1), 491(1), 518(1), 592(1), 535(1), 272(1), 285(1), 486(1), V58(1), 805(1), 812(1), 515(1), 649(1)",56
638,637,06381,diag_1,"414(5), 442(1), 786(2), 410(1), 427(3), 250.02(1), 250.7(2), 428(2), 434(2), 433(1), 530(1), 600(1), 590(1), #####(1), 276(2), 574(1), 211(1), 715(1), 780(1), 682(1), 493(3), 291(1), 435(2), 296(1), 808(1), 482(1), 578(2), 288(1), 604(1), 823(1), 250.12(1), 781(1), 491(2), 250.8(2), 250.6(1), 584(1), 599(1), 38(1), 8(1)",56
638,637,06382,diag_2,"492(1), 411(2), 413(1), 428(2), 496(3), 401(4), #####(2), 250.4(1), 682(1), 707(1), 403(3), 250(4), 729(2), 427(5), 600(1), 790(2), 511(1), 276(5), 493(1), 42(1), 560(1), 250.8(1), 599(1), 250.02(1), 491(1), 731(1), 584(1), 535(1), 296(1), 486(1), 250.13(1), 585(1), 261(1)",56
639,638,06391,diag_1,"648(1), 483(1), 599(1), 414(5), 285(1), 250.13(1), 722(1), 374(1), V57(1), 786(1), 486(3), 404(1), 996(1), 250.7(1), 428(2), 421(1), 296(1), 157(1), 600(1), 434(2), 590(1), 276(1), 433(1), 440(1), 427(2), 162(1), 250.11(1), 715(1), 820(1), #####(1), 79(1), 491(3), 560(1), 562(1), 824(1), 578(1), 465(1), 38(3), 805(1), 403(1), 518(1), 300(1), 453(1)",56
639,638,06392,diag_2,"250.01(4), 411(1), 244(1), 413(1), 250(3), 571(1), 426(1), 998(1), 530(2), 203(1), 428(2), 707(2), 403(1), #####(2), 300(1), 197(1), 596(1), 780(2), 427(2), 342(1), 599(1), 250.02(2), 401(1), 276(5), 424(1), 493(1), 491(2), 414(1), 280(1), 162(1), 518(2), 710(1), 785(1), 585(2), 584(1), V62(1), 180(1)",56
640,639,06401,diag_1,"738(1), 414(2), 922(1), 648(1), 278(1), 401(1), 786(3), 295(1), V57(1), 410(4), 402(1), 250.6(2), 820(1), 572(1), 154(1), 618(1), 428(2), 451(1), 780(2), 486(2), 276(2), 250.8(1), 453(1), 427(1), 560(1), 574(1), 458(1), 312(1), 38(1), 482(1), 162(2), 733(1), 578(1), 535(1), 599(2), 491(2), 531(1), 812(1), 280(1), 584(1), 715(1), 805(1)",56
640,639,06402,diag_2,"250.02(3), 411(3), E812(1), 250(4), 401(3), 413(1), 263(1), 414(3), 403(2), 428(2), #####(5), 788(1), 250.4(1), 303(1), 427(5), 425(1), 599(2), 404(1), 276(3), 786(1), 296(1), 496(1), 198(1), 202(1), 446(1), 564(1), 41(1), 780(1), 577(1), 491(1), 285(1), 585(1)",56
641,640,06411,diag_1,"410(6), 599(3), 414(2), 250.7(1), 435(1), 433(1), 786(2), 493(1), 486(2), 250.02(1), 440(1), 250.11(1), 431(1), 682(4), 730(1), 153(1), 780(3), 250.13(1), 998(1), 428(1), 250.6(1), 578(1), 820(3), 295(1), 427(2), 485(1), 715(1), 560(1), 280(1), 518(1), 592(1), 276(1), 238(1), 535(1), 491(1), 38(2), 459(1)",56
641,640,06412,diag_2,"250.01(2), 411(2), 440(1), 250.6(1), V45(2), 496(3), 401(2), 426(1), 427(6), 996(1), 578(1), 250.02(3), 250.82(1), 403(3), 428(2), 710(1), 404(2), 780(1), 575(1), 998(1), 276(2), 410(1), 682(1), 280(1), 707(1), 296(1), 491(1), 599(2), 8(1), 591(1), 558(1), 486(1), 535(1), 285(1), E917(1), 402(1), 345(1)",56
642,641,06421,diag_1,"414(2), 786(2), 574(1), 707(1), 722(1), 278(1), 276(1), 486(1), 250.7(2), 996(1), 428(2), 922(1), #####(3), 590(1), 434(1), 733(1), 780(1), 682(1), 572(1), 191(1), 233(1), 453(1), 998(1), 715(1), 577(1), 250.2(1), 403(2), 852(2), 458(2), 820(1), 558(1), 482(2), 567(1), 599(1), 427(3), 182(1), 560(1), 331(1), V57(1), 8(2), 518(1), 410(1), 491(1)",56
642,641,06422,diag_2,"250.41(1), 250.01(2), 250.7(1), 401(4), 414(1), 250(5), 386(1), 250.11(1), 403(1), 428(2), 424(1), 425(1), 433(1), 427(3), 571(1), 599(2), 287(1), 785(1), #####(2), 707(1), 473(1), 276(5), 578(1), 780(1), 250.02(1), 788(1), 41(1), 434(1), 564(1), 786(1), 438(1), 518(1), 920(1), 491(2), 585(3), 799(1)",56
643,642,06431,diag_1,"277(1), 304(1), 320(1), 410(4), 300(1), 414(3), 722(1), 486(3), 427(1), 786(4), 428(2), 276(3), 507(1), 220(1), 250.6(1), 290(1), #####(2), 552(1), 531(1), 434(1), 566(1), 453(1), 998(1), 585(1), 715(2), 38(2), 557(1), 280(1), 491(2), 250.8(2), 614(1), 511(1), 820(1), 590(1), 250.82(1), 562(1), 423(1), 627(1)",56
643,642,06432,diag_2,"250.01(1), 250.03(2), 250.02(3), 306(1), 411(3), 413(1), 401(3), 250.6(1), 250(3), 428(2), 496(2), 511(1), #####(5), 571(1), 331(1), 276(2), 789(1), 427(2), 998(1), 280(1), 41(1), 410(1), 682(1), 599(1), 515(1), 403(1), 250.8(1), 293(1), 491(2), 518(1), E885(1), 285(2), 707(1), 94(1), 584(1), 585(1), 621(1)",56
644,643,06441,diag_1,"414(2), 486(3), 300(2), 577(1), 789(2), V57(1), 786(3), 996(2), 428(2), 404(1), 435(2), 997(2), #####(7), 276(2), 79(1), 440(1), V53(1), 456(1), 820(1), 250.13(1), 250.11(1), 715(1), 535(1), 427(1), 532(1), 780(1), 403(1), 53(1), 599(1), 38(1), 824(1), 518(2), 584(1), 562(1), 533(1), 813(1), 434(1)",56
644,643,06442,diag_2,"250.01(2), 250.83(1), 250.41(1), 411(1), 620(1), V45(1), 250(5), 428(2), 427(4), 272(1), 414(2), 433(1), 425(1), 280(1), 496(1), 581(1), 780(1), #####(1), 707(2), 790(1), 571(1), 276(8), 569(1), 401(1), 578(1), 518(1), 285(2), 599(2), 507(1), E927(1), 38(1), 820(1), 432(1), 486(1), 585(1), 327(1)",56
645,644,06451,diag_1,"786(3), 997(1), 296(2), 427(1), 414(3), 250.23(1), 722(1), 789(1), 428(2), 996(2), 282(1), #####(5), 486(1), 916(1), 441(1), 574(4), 453(1), 721(1), 403(1), 578(3), 577(1), 531(1), 434(1), 250.92(1), 285(1), 540(1), 718(1), 491(1), 415(1), 584(2), 715(1), 599(1), 250.6(1), 518(1), 558(1), 250.22(1), 962(1), 198(1), 345(1)",56
645,644,06452,diag_2,"250.01(4), 411(1), 276(4), 413(1), 250(4), 722(2), 250.4(1), 403(1), 428(2), 401(2), 786(1), 496(3), 536(1), 425(1), 682(1), 410(1), #####(5), 280(1), 599(3), 250.02(1), 573(1), 575(1), 293(1), 414(1), 303(1), 493(1), 250.92(1), 357(1), 584(2), 197(1), V58(1), 250.8(1), 285(1), 458(1), 427(1)",56
646,645,06461,diag_1,"648(1), 428(2), 414(2), 724(2), 722(1), 410(1), 295(1), 786(1), V57(2), 250.4(1), 440(2), 296(1), #####(4), 425(1), 276(1), 434(3), 560(1), 427(2), 486(3), 458(1), 682(1), 780(1), 250.8(1), 285(2), 493(2), 730(1), 53(1), 491(1), 562(1), 38(3), 584(1), 459(1), 433(1), 250.1(1), 715(1), 465(1), 8(1), 518(1), 348(1)",56
646,645,06462,diag_2,"250.01(2), 411(1), 429(1), 250(3), 496(4), 401(3), 707(2), 404(1), 428(2), V45(1), 414(1), 403(1), 250.02(2), 425(1), 780(2), 427(2), #####(2), 410(1), 571(1), 486(3), 790(1), 424(1), 599(1), 342(1), 462(1), 568(1), 682(2), 536(1), 495(1), 443(1), 435(1), 533(1), 285(1), 786(1), 272(1), 799(1), 585(2), 487(1)",56
647,646,06471,diag_1,"410(5), 414(6), 786(3), 250.13(1), 402(1), 185(1), 174(1), 996(1), 250.7(1), 424(1), 428(1), 250.02(1), 434(1), 486(1), 276(4), V57(2), 707(1), 511(1), 416(1), 403(1), 733(1), 182(1), 530(1), 998(1), 250.6(1), 585(1), 789(1), V58(1), 821(1), 250.8(1), 820(1), 250.82(1), 490(1), 491(1), 571(1), 584(1), 578(1), 493(1), 552(1), 808(1), 572(1)",56
647,646,06472,diag_2,"429(1), 411(2), 413(1), 401(4), 244(1), 512(1), 414(2), 287(1), 425(1), 428(2), 250(2), 578(1), 38(1), 427(3), 272(1), 707(2), #####(5), 493(2), 278(1), V43(1), 780(1), 403(1), 276(2), 682(1), 8(1), 202(1), 162(1), 438(1), 787(1), E849(1), 599(1), 296(1), 398(1), V63(1), 250.22(1), 535(1), 518(1), 799(1), 585(1), 240(1)",56
648,647,06481,diag_1,"V57(1), 414(4), 250.7(1), 618(1), 435(1), 722(1), 433(1), 786(3), 410(2), 428(2), 996(1), 250.02(2), 729(1), 276(1), 682(2), #####(4), 427(2), 197(1), 787(1), 560(1), 191(1), V58(1), 784(2), 296(1), 386(1), 715(1), 280(1), 47(1), 574(2), 491(4), 250.1(1), 584(2), 482(1), 575(1), 977(1), 518(1), 860(1)",56
648,647,06482,diag_2,"715(1), 411(1), 440(1), 250.6(1), V42(1), 250(2), 496(1), 425(2), 428(2), 414(2), #####(5), 396(1), 424(3), 402(1), 250.42(1), 786(2), 403(1), 427(1), 493(1), 197(1), 401(2), 250.02(1), 682(1), 305(1), 998(1), 491(1), 398(1), 577(4), 285(1), 590(1), 41(1), 276(3), 202(1), 599(1), 518(1), 584(1), 486(1), 807(1), 799(1)",56
649,648,06491,diag_1,"648(1), 250.41(1), 436(1), 782(1), 414(4), 786(2), 573(1), 410(3), 433(1), 510(1), 440(1), 386(2), 451(1), 276(1), 434(1), 682(2), 428(1), 507(1), 296(1), 415(1), 569(1), 820(2), 427(1), 560(1), 250.6(1), 562(1), 578(2), 426(1), 511(1), 189(1), 402(1), 726(1), 486(1), 491(1), 294(1), 824(1), 250.8(2), 618(1), 558(1), 584(1), 482(1), 38(2), 565(1), 493(1)",56
649,648,06492,diag_2,"250.03(1), 403(2), 401(3), 250.01(1), 411(2), 424(1), 250(4), 428(2), 781(1), 427(3), 996(1), 276(4), 295(1), #####(2), E905(1), 496(3), 786(1), 780(1), 425(1), 536(1), 998(1), 280(1), 790(1), 285(1), 441(1), 721(1), 599(3), 491(2), 250.92(1), 625(1), 569(1), 415(1), 681(1), 486(3), 584(1)",56
650,649,06501,diag_1,"78(1), 414(4), V57(1), 435(2), 530(1), 786(1), 433(1), 410(2), 38(1), 507(1), 440(1), 532(1), 428(2), 434(4), 780(2), 996(2), 600(1), #####(2), 386(1), 820(3), 584(1), 250.1(1), 250.8(3), 47(1), 724(1), 574(1), 812(2), 250.11(1), 8(1), 681(1), 575(2), 562(1), 682(1), 654(1), 518(1), 527(1), 403(1), 327(1)",56
650,649,06502,diag_2,"250(3), 250.01(2), 411(2), 135(1), V45(1), 428(2), 272(1), 427(4), 250.6(1), 496(3), 401(1), #####(6), 433(1), 250.02(2), 511(1), 780(1), 707(2), 722(1), 518(3), 276(2), 250.4(1), 425(1), 263(1), 414(1), 682(2), 584(1), 566(1), 285(2), 416(1), 648(1), 491(1), 585(2), 470(1)",56
651,650,06511,diag_1,"648(1), 577(2), 135(1), 276(3), 420(1), 414(4), 435(3), 278(1), 682(2), 410(2), 786(1), 997(1), 427(1), 428(2), 996(2), 332(1), 250.7(1), #####(2), 434(2), 426(1), 618(1), 440(1), 250.02(1), 486(2), 431(1), 715(2), 595(1), 198(1), 569(1), 599(1), 493(1), 466(1), 518(1), 584(1), 8(1), 250.82(1), 661(1), 693(1), 780(1), 491(1)",56
651,650,06512,diag_2,"250.01(1), 258(1), 517(1), 250.03(1), 401(4), 411(1), 492(1), 997(1), 413(1), 250(2), 693(1), 292(1), 414(2), 567(1), E942(1), 998(2), 595(2), 403(1), 707(3), 425(1), 785(1), 79(1), 428(2), 427(1), 276(6), 250.02(3), 185(1), 599(1), 162(1), 491(1), 535(1), 793(1), #####(1), 453(1), 518(1), 648(1), 438(1), 327(1), 799(1)",56
652,651,06521,diag_1,"786(2), 682(2), 722(1), 414(1), 435(1), 278(1), 410(3), 458(1), 440(2), 276(1), 250.81(1), 428(2), 296(1), 710(1), 403(2), 507(1), 466(1), 784(1), 426(1), 530(1), 427(3), 574(1), 511(2), 576(1), 250.6(1), 584(1), 590(1), 486(2), 807(1), 569(1), 578(1), 536(1), 599(1), 721(1), 724(1), 558(1), #####(1), 575(1), 245(1), 715(1), 38(2), 790(1), 707(1), 518(1)",56
652,651,06522,diag_2,"250.01(2), 250.6(2), 411(1), 437(1), 401(2), 414(2), 428(2), 413(1), 731(1), 425(1), 444(1), 250(3), 427(5), 599(2), 292(2), 275(1), 276(7), 516(1), 574(1), 707(1), 41(1), 403(1), 486(3), 518(1), 344(1), 721(1), 584(2), 680(1), 575(1), 496(1), 285(1), 507(1), 585(1), 487(1)",56
653,652,06531,diag_1,"996(4), 309(1), 414(1), 786(4), V57(1), 276(2), 410(2), 156(1), 438(1), 428(2), 972(1), 535(1), 574(1), 733(1), #####(4), 785(1), 197(1), 427(1), 557(1), 434(2), 599(1), 560(1), 507(1), 780(1), 682(1), 491(2), 250.2(1), 182(1), 592(1), 567(1), 486(1), 578(1), 715(1), 285(1), 724(1), 518(1), 820(1), 205(1), 584(1), 8(1), 250.6(1), 296(1)",56
653,652,06532,diag_2,"250.41(1), 292(1), 411(1), 135(1), V45(1), V42(1), 414(2), 428(2), 250(2), 425(1), 38(1), 427(2), 788(1), 272(1), 403(3), 305(1), 401(1), 682(2), 493(3), 197(1), 496(2), 404(1), 518(5), 707(2), 491(2), 288(1), E878(1), 112(1), 342(1), 276(1), 591(1), 578(1), 293(1), 162(1), #####(1), 285(1), 443(1), 486(1), 337(1), V62(1)",56
654,653,06541,diag_1,"487(1), 433(2), 414(2), 648(2), 278(1), 786(1), 250.4(1), 410(3), 440(1), 296(1), 290(1), 402(1), 250.7(1), 276(4), 250.6(1), 197(1), 428(2), 435(1), 574(2), 560(2), 780(1), 562(1), 578(1), 444(1), 427(1), 434(1), #####(1), 162(1), 458(1), 789(1), 724(1), 536(1), 250.8(3), 625(1), V57(1), 820(1), 821(1), 491(3), 682(1), 959(1), 295(1)",56
654,653,06542,diag_2,"250.53(1), 997(1), 413(1), 401(2), 250(3), 780(2), 496(2), 414(2), 403(2), 428(2), 425(3), 340(1), 427(3), 250.02(2), 707(2), 998(1), 511(1), 412(1), 280(1), 250.92(1), 996(1), 8(1), 599(2), 491(1), 198(1), 724(1), 682(2), 250.6(1), 438(1), 577(1), 731(1), 805(1), E888(1), 410(1), 518(1), 584(1), 728(1), 317(1), V46(1), 665(1)",56
655,654,06551,diag_1,"786(5), 250.21(1), 427(2), 414(4), 493(1), 722(1), 250.81(1), 433(2), 410(2), 403(3), 404(1), 250.02(1), 8(1), 998(1), 295(1), 428(2), 682(1), #####(3), 241(1), 11(1), 780(2), 276(2), 562(1), 250.6(1), 453(1), 486(1), 715(1), 507(1), 790(1), 560(1), V58(1), 599(2), 578(1), 808(1), 250.8(1), 491(1), 825(1), 274(1)",56
655,654,06552,diag_2,"250.51(1), V42(1), 250.03(2), 411(2), 736(1), 707(2), 788(1), 401(5), 496(3), 250(3), 780(1), 394(1), 530(1), 428(2), 250.81(1), 595(1), 305(1), 414(1), 276(2), 427(3), E930(1), 250.02(2), 280(1), 536(1), 710(1), 453(1), 727(1), 518(2), 599(1), 197(1), 560(1), 493(1), E880(1), #####(1), 585(3), 584(1), 270(1)",56
656,655,06561,diag_1,"428(2), 250.81(1), 250.7(1), 250.11(1), 433(1), 786(3), 410(4), 413(1), 723(2), 276(2), 435(2), 682(3), 571(1), 724(2), 403(1), 507(1), 577(2), 434(2), 486(1), 782(1), 250.8(1), 427(3), 715(1), 560(2), 998(1), 707(1), 996(1), 730(1), 873(1), 79(1), 726(1), 959(1), 820(1), 493(1), 491(1), 578(1), 112(1), 275(1), 278(1)",56
656,655,06562,diag_2,"250.01(1), 276(3), 440(1), V42(1), 414(2), 250(3), 38(1), 401(2), 786(1), 428(2), 426(1), 997(2), 788(1), 413(1), 70(1), 581(1), 427(2), 425(1), 496(6), 404(1), #####(1), 250.02(1), 780(1), 707(2), 263(1), 714(1), 250.92(1), 577(1), 599(2), 250.8(1), 840(1), 682(1), 584(2), 358(1), 490(1), 486(1), 995(1), 246(1), V85(1)",56
657,656,06571,diag_1,"410(1), 414(1), 401(1), 786(4), 560(1), V57(4), 428(2), 151(1), 435(1), 535(2), 607(1), 250.6(1), 998(1), 789(1), 507(1), 780(1), 707(2), 530(1), 733(1), 820(1), 434(1), 250.13(1), 430(1), 250.11(1), 250.02(1), 276(1), 280(2), 250.8(1), 715(3), 592(1), 440(1), #####(1), 558(1), 491(1), 844(1), 599(2), 38(1), 584(1), 482(1), 163(1), 625(1), 466(1), 486(1)",56
657,656,06572,diag_2,"250.01(1), 411(1), V15(1), V45(1), 429(1), 428(2), 250(5), 781(1), 204(1), 414(2), 197(1), 425(1), 786(1), 784(1), 403(1), 426(1), #####(7), 8(1), 250.02(1), 402(1), 276(5), 331(1), 599(4), 413(1), 682(1), 358(1), 250.8(1), 518(2), 998(1), 401(2), 285(1), 473(1), 562(1), 728(1), 585(1)",56
658,657,06581,diag_1,"V57(2), 711(1), 446(1), 414(1), 428(2), 276(2), 786(3), 410(2), 295(1), 440(1), 507(2), 435(2), 996(2), 535(1), 426(1), #####(4), 486(1), 722(1), 188(1), 560(1), 434(1), 296(1), 453(1), 707(1), 532(1), 789(1), 584(2), 491(2), 250.8(2), 780(1), 812(1), 715(2), 291(1), 805(1), 250.82(1), 577(1), 578(1), 820(1), 182(1), 403(1)",56
658,657,06582,diag_2,"V57(1), 250.03(1), 428(2), 411(1), 250.6(1), V42(1), 250(5), 414(1), 401(1), 496(4), #####(6), 427(4), 38(1), 790(2), 721(1), 434(1), 491(1), 276(3), 305(1), 996(1), 285(3), 571(1), 707(2), 733(1), 287(1), 272(1), V54(1), 291(1), 481(1), 576(1), 584(1), 482(1), 618(1), 585(1)",56
659,658,06591,diag_1,"433(2), 414(4), 413(1), V57(1), 786(3), 722(1), 410(1), 250.7(2), 440(2), 560(1), 996(1), 997(1), 428(2), 486(4), 577(2), 296(1), 600(1), 780(2), 250.42(1), 535(1), 493(1), 403(1), 250.02(1), 562(2), 458(1), 569(1), 348(1), 250.8(2), 311(1), 197(1), 250.6(1), 250.11(1), 599(2), 432(1), #####(1), 482(1), 491(1), 404(1), 620(1)",56
659,658,06592,diag_2,"250.6(1), 411(2), 300(1), 413(3), 428(2), 433(1), 250(2), 401(4), 250.02(3), #####(6), 492(1), 403(3), 427(2), 496(2), 244(1), 682(1), 574(1), 785(1), 560(1), 157(1), 272(1), 303(1), 162(1), 276(3), 599(1), 577(1), 535(1), 707(1), 253(1), 507(1), 491(1), 733(1), 486(1), 585(1), 627(1)",56
660,659,06601,diag_1,"250.11(2), 437(1), 823(1), 414(2), 411(1), 413(1), 433(1), 404(2), 786(3), 250.22(1), 440(1), V57(1), 428(2), 250.7(1), 296(2), 682(3), #####(1), 574(1), 427(1), 808(1), 780(3), 3(1), 560(1), 285(1), 578(1), 432(1), 486(2), 511(1), 820(1), 434(1), 287(1), 790(1), 38(3), 276(1), 584(2), 558(1), 410(1), 250.8(1), 807(1), 562(1), 403(1)",56
660,659,06602,diag_2,"250.41(1), 250.6(1), 250.03(1), 411(1), 250(3), 401(3), 250.4(1), 998(1), 496(4), 272(2), 599(6), 428(2), 707(2), 425(1), 300(1), 276(6), 511(1), 515(1), 493(1), 427(1), 284(1), 786(2), 342(1), 263(1), 491(1), 590(1), 296(1), 304(1), 486(1), 584(1), 250.82(1), 459(1), 860(1), 585(2)",56
661,660,06611,diag_1,"V57(1), 414(7), 290(1), 286(1), 420(1), 250.7(1), 410(1), 402(2), 786(3), 250.4(1), 458(1), 428(2), 486(2), 276(2), 289(1), 427(2), 250.6(1), 185(1), 426(1), 455(1), 511(1), 682(1), 250.8(2), 560(1), 535(1), 295(1), 780(2), 53(1), 592(1), 491(2), 38(2), 642(1), 250(1), 821(1), 715(1), 250.12(1), 850(1), 158(1), 66(1)",56
661,660,06612,diag_2,"250.6(2), 411(2), 437(1), 786(1), 491(1), 440(1), 413(1), 250(2), 414(2), 424(1), 403(1), 780(1), 428(2), 427(6), 402(1), 401(1), 496(2), 205(1), 396(1), 305(1), 599(4), #####(4), 507(1), 250.02(1), 296(1), 443(1), 276(3), 591(1), 198(1), 295(1), 648(1), 787(1), 518(1), 285(1), 382(1), 486(1), 197(1)",56
662,661,06621,diag_1,"436(1), 414(2), V57(3), 786(4), 410(2), 996(1), 250.02(1), 851(1), 424(1), 428(2), 434(2), 486(3), 733(1), 296(1), 453(1), 493(3), 348(1), 820(2), 250.6(1), 490(1), 584(1), 599(2), 447(1), 491(3), 38(1), 250(1), 518(1), 459(2), 682(1), 558(1), 812(1), 276(1), 443(1), 300(1), #####(2), 560(1), 345(1)",56
662,661,06622,diag_2,"784(1), 411(1), 719(1), 250(3), 413(2), 70(1), 496(2), 427(1), 403(2), 595(1), 820(1), 305(1), 428(2), 414(3), 401(3), 599(5), 515(1), 493(1), 780(1), 453(1), 276(3), 535(2), 491(2), #####(3), 996(1), 250.92(1), 466(1), 296(1), 682(1), 458(1), 584(1), 785(1), 482(1), 585(1), 799(2)",56
663,662,06631,diag_1,"403(2), 577(2), 414(3), 722(1), 478(1), 398(1), 572(1), 441(1), 410(2), 428(2), 434(2), 486(5), 786(1), #####(6), 276(2), 250.7(2), 998(1), 721(1), 427(3), 578(1), 780(2), 595(1), 532(1), 996(2), 348(1), 250.8(1), 626(1), 288(1), 38(2), 599(1), 8(1), 475(1), 250.82(1)",56
663,662,06632,diag_2,"250.41(1), 250.03(1), 411(1), 413(1), 250(5), 396(1), 571(1), V42(1), 428(2), 427(4), 410(1), 453(1), 414(2), #####(2), 707(2), 425(1), 401(1), 403(1), 496(1), 785(2), 38(1), 722(1), 305(1), 280(2), 788(1), 276(2), 112(1), 285(1), V43(1), 599(1), 162(1), 682(1), 443(1), 458(1), 154(1), 250.82(1), 782(1), 584(2), 585(1), 995(1), V85(1)",56
664,663,06641,diag_1,"786(4), 414(2), 278(2), 290(1), 402(1), 560(1), V57(1), 558(1), 38(6), 428(2), 435(2), 780(2), 250.6(2), 426(1), 427(2), 682(1), 733(1), #####(2), 444(1), 276(1), 434(1), 535(1), 599(2), 403(1), 250.8(1), 250.12(1), 511(1), 550(1), 644(1), 157(1), 275(1), 518(2), 491(2), 584(1), 813(1), 185(1), 823(1)",56
664,663,06642,diag_2,"437(1), 411(1), 401(1), 250(4), 426(1), 427(4), 250.6(2), 428(2), 453(1), 601(1), 403(2), 789(1), 496(3), #####(2), 189(1), 682(1), 707(2), 250.02(1), 276(4), 599(2), 491(3), 295(1), 530(1), 486(2), 557(1), 648(1), 576(1), 730(1), 518(1), 291(1), 507(1), 802(1), 799(1), V85(1), 602(1), E883(1)",56
665,664,06651,diag_1,"250.41(1), 250.81(1), 414(3), 438(1), 293(1), 722(1), 433(1), 491(1), 996(4), 440(1), 410(2), 404(1), 572(1), 648(1), 428(2), #####(4), 786(2), 577(2), 560(1), 998(1), 250.8(2), 453(2), 250.2(1), 682(1), 715(1), 493(1), V58(1), 780(1), 280(1), 531(1), 250.1(1), 578(1), 535(1), 434(2), 733(1), 518(1), 860(1), 626(1), 562(1), 515(1), 805(1)",56
665,664,06652,diag_2,"403(3), 428(2), 411(2), 250.6(1), 413(2), 250(1), 401(3), 501(1), 997(1), #####(2), 998(1), 456(1), 38(1), 250.02(1), 425(1), 427(4), 682(3), 491(1), 42(1), 518(1), 496(2), 276(2), 284(1), 162(1), 402(1), 788(1), 197(1), 786(1), 599(3), 286(1), 285(1), 250.8(1), 733(1), 782(1), 486(1), 625(1), 584(1), 799(1), 585(1)",56
666,665,06661,diag_1,"414(2), 250.33(1), 997(1), 513(1), 786(2), 250.4(1), 428(2), 996(3), 532(1), 577(1), 664(1), 486(3), 427(2), 557(1), #####(3), 715(3), 820(1), 531(1), 562(1), 403(1), 250.8(1), 295(1), 202(1), 276(2), 305(1), 435(1), 682(1), 569(1), 967(1), 242(1), 780(2), 453(1), 250.1(1), 493(2), 599(1), 824(2), 518(1), 491(1), 823(1), 611(1)",56
666,665,06662,diag_2,"411(2), 584(1), 440(1), 276(4), 250(2), 403(4), V10(1), 401(3), 402(1), 280(1), 425(1), 427(3), 648(1), 428(2), 250.02(3), 244(1), 682(3), 780(2), 414(1), 577(1), 511(1), 599(5), 305(1), 496(1), 707(1), 303(1), 285(1), 365(1), 250.8(1), 410(1), E885(1), 250.13(1), 799(1), 585(1)",56
667,666,06671,diag_1,"440(1), 535(1), 486(4), 414(4), 250.81(1), 403(1), 278(1), 410(5), 402(1), 276(2), 296(1), 428(2), 250.7(1), 996(2), 998(1), 682(1), 530(1), 197(1), 560(1), 780(1), 250.11(1), 157(1), 162(2), 715(1), 274(1), 288(1), 515(1), 787(1), 599(1), 250.1(1), 348(1), 434(1), 562(1), 802(1), 250.6(1), 493(1), 8(1), 844(1), 575(1), 458(1), 564(1), 391(1)",56
667,666,06672,diag_2,"250.01(2), 250.41(1), 411(1), 682(1), 997(1), 250.52(1), 413(1), 250(3), 414(1), 428(2), 426(1), 427(4), 250.02(1), 403(3), 300(1), 425(1), 707(1), #####(2), 197(2), 560(1), 276(4), 496(1), 599(2), 511(2), 730(1), 491(2), 564(1), 789(1), 290(1), 507(1), 486(1), 285(1), V58(1), 518(1), E888(1), 577(1), 584(1), 262(1), 453(1)",56
668,667,06681,diag_1,"682(1), 380(1), 574(1), 414(3), 812(1), 681(1), 515(1), 293(1), 428(2), 410(1), 786(2), 250.81(1), 386(1), 572(1), 276(2), 723(1), 296(1), 211(1), 486(1), #####(1), 70(1), 250.7(1), 560(1), 552(1), 250.6(3), 434(2), 427(2), 780(1), 715(2), 440(1), 822(1), 535(1), 584(1), 238(1), 250(1), 491(1), 599(1), 590(1), 38(1), 578(1), 250.8(1), 415(1), 331(1), V54(1), 996(1), 518(1)",56
668,667,06682,diag_2,"250.01(3), 436(1), V72(1), 411(1), 135(1), 427(5), 424(1), 282(1), 414(3), 731(1), 250(4), 403(2), 570(1), 70(1), 780(1), 723(1), 280(1), 428(2), 560(1), 785(2), 571(1), 536(1), 53(1), 401(2), 730(1), 682(1), 707(1), E888(1), E934(1), 342(1), 284(1), 276(1), 805(1), 599(1), 291(1), 486(1), 285(1), 294(1), V43(1), 585(2)",56
669,668,06691,diag_1,"295(1), 278(1), 414(1), 250.83(1), 263(1), 433(1), 250.7(1), 427(2), 722(2), 402(1), 204(1), 786(3), 410(1), 424(1), 434(1), 780(3), 507(1), 428(2), 486(4), 250.02(1), 515(1), 426(1), 518(1), 707(1), 250.1(1), 682(2), 599(2), 401(1), 493(2), 530(1), 584(1), 253(1), 482(1), 250.8(2), 962(1), 558(1), 715(1), #####(1), 510(1), 491(1), 403(1), 296(1)",56
669,668,06692,diag_2,"250.01(1), V15(1), 411(2), 403(3), 788(2), 440(1), 722(1), 425(1), 413(1), 401(2), 428(2), 780(1), 724(1), 424(1), 280(1), 682(2), 427(3), #####(3), 496(2), 511(1), 250.92(1), 135(1), 263(1), 707(3), 250.8(1), 564(1), V43(1), 599(1), 162(1), 41(1), 8(1), 491(1), 276(2), 996(1), 272(1), 486(2), 518(1), 584(1), 585(1), V62(1)",56
670,669,06701,diag_1,"250.03(1), 414(1), 435(2), 464(1), V57(1), 593(1), 250.11(2), 401(1), V45(1), 250.4(1), 786(4), 428(2), 996(3), 574(2), 276(2), #####(5), 427(1), 250.7(1), 486(3), 788(1), 577(1), 562(2), 434(1), 682(1), 493(1), 274(1), 285(2), 403(2), 458(1), 852(1), 584(2), 715(2), 578(1), 491(1), 780(1)",56
670,669,06702,diag_2,"578(1), 411(1), 250.52(1), 496(3), V45(1), 250.6(2), 250(4), 428(2), 414(2), 413(1), 493(1), 427(3), 403(3), 203(1), 425(1), V10(1), 707(1), 276(5), 574(1), #####(2), 250.02(1), 590(1), 599(1), 41(1), 571(1), 491(1), 410(1), 402(1), 518(1), 790(1), 511(1), 382(1), 486(2), 285(1), 721(1), 562(1), 585(1), 66(1)",56
671,670,06711,diag_1,"414(4), 436(1), 410(1), V57(2), 278(1), 433(2), 553(1), 560(1), 786(2), 996(2), 516(1), 428(2), 427(3), 434(1), 486(3), 198(1), 250.8(1), 820(1), 401(1), 574(2), 722(1), 682(1), 292(1), 250.6(1), 552(1), 220(1), 250.7(1), 715(1), 162(1), 584(1), 724(1), 79(1), 38(1), 780(1), 663(1), 518(2), 491(1), 962(1), 654(1), 531(1), 625(1), 285(1)",56
671,670,06712,diag_2,"250.01(1), 780(2), 411(1), 413(3), 340(1), 428(2), 401(3), 250.6(1), 427(5), 530(1), 38(1), #####(4), 424(1), 285(1), 496(1), 276(3), 304(1), 295(2), 250.02(3), 789(1), 443(1), 998(1), 511(1), 599(2), 402(1), 403(1), E878(1), 682(1), 491(1), 518(1), 250.8(2), 648(2), E935(1), 294(1), 112(1)",56
672,671,06721,diag_1,"414(3), 707(1), 996(3), 786(3), V57(2), 410(4), 435(1), 276(1), 250.7(1), 401(1), 998(2), 486(1), 428(2), 566(1), 530(1), 434(2), 577(1), 599(1), #####(1), 250.6(1), 250.8(3), 162(1), 491(4), 427(2), 560(1), 453(2), 296(1), 556(1), 724(1), 8(1), 518(2), 584(1), 620(1), 574(1), 492(1)",56
672,671,06722,diag_2,"411(2), 999(1), 413(1), 440(1), 244(2), 444(1), 414(2), 424(1), 780(2), 428(2), 401(2), 403(3), 710(1), 707(1), 425(1), 998(1), 496(1), 427(7), 250.02(1), 553(1), 578(2), 340(1), 486(1), 447(1), 276(3), 682(1), 788(1), 455(1), E932(1), 600(1), 518(1), 285(1), 295(1), 591(1), 730(1), 491(1), 614(1), 584(1), 348(1)",56
673,672,06731,diag_1,"454(1), 436(1), 434(1), 780(3), 577(1), 414(2), 403(1), 410(1), 786(5), 428(2), 729(1), 996(1), 571(3), 998(1), 787(1), 296(1), 486(3), #####(2), 401(1), 453(1), 562(1), 250.6(1), 600(1), 155(1), 680(1), 801(1), 560(1), 682(1), 250.8(1), 578(1), 728(1), 427(2), 276(1), 574(1), 599(2), V57(1), 681(1), 850(1), 294(1), 820(1), 354(1)",56
673,672,06732,diag_2,"496(1), 996(1), 250.01(2), 250.1(1), 411(1), V42(1), 428(2), 414(1), 396(1), 825(1), 786(1), 427(4), 250.02(1), 70(1), 284(1), 424(2), #####(2), 250(4), 456(1), 278(1), 515(1), 536(1), 8(1), 276(4), 283(1), 682(2), 780(2), 790(2), 403(1), 493(1), 616(1), 285(1), 599(2), 41(1), 410(1), V54(1), 312(1), 584(1), 162(1)",56
674,673,06741,diag_1,"250.3(1), 276(1), 486(3), 414(5), 250.02(1), 786(2), 278(1), 440(4), 616(1), 428(2), 727(1), 401(1), #####(7), 427(1), 426(1), 780(1), 682(2), 733(1), 730(1), 560(2), 820(1), 707(1), 250.12(1), 238(1), 599(1), 491(2), 252(1), 924(1), 595(1), 357(1), 531(1), 250.2(1), 715(1), 250.8(1), 38(1), 435(1)",56
674,673,06742,diag_2,"780(1), 250.01(2), 411(2), V15(1), V12(1), 413(1), 203(1), 250(4), 428(2), 414(2), 401(5), 41(1), 403(2), 305(1), 496(1), 424(2), 396(1), 707(1), 427(3), #####(3), 250.42(1), 250.02(2), 263(1), 426(1), 241(1), 276(1), 599(2), 486(1), 285(2), 584(3), 518(1), V49(1), 585(1), 123(1)",56
675,674,06751,diag_1,"574(2), 436(1), 414(4), V57(2), 440(1), 237(1), 786(2), 151(1), 250.02(2), 153(2), 729(1), 428(1), 410(1), 435(1), 568(1), 721(1), 250.7(1), 512(1), 434(2), 715(3), 415(1), 780(2), 536(1), 427(1), 285(1), 785(1), 250.11(1), 250.13(1), 682(1), 599(1), 38(1), 458(1), 787(1), 250.1(1), 540(1), 288(1), 195(1), 518(1), 560(1), 584(1), 578(1), 8(1), 162(1), 802(1)",56
675,674,06752,diag_2,"250.01(1), 332(1), 411(1), 719(1), 433(1), 403(3), 997(1), 305(1), 70(1), 427(4), 197(1), 401(4), 196(1), 496(2), 412(1), 996(1), 428(2), 250(1), 707(1), 244(1), 189(1), 781(2), 780(1), V45(2), 574(1), 218(1), 424(1), 276(6), 486(2), 250.02(1), #####(2), 38(1), 162(1), 198(1), 250.8(1), 491(1), 807(1)",56
676,675,06761,diag_1,"722(1), 414(2), 786(5), 413(1), 433(3), 410(1), V57(1), 442(1), 496(1), 996(2), 428(2), 276(1), 507(1), 998(1), 574(3), 453(1), 427(1), 721(2), 250.8(2), 550(1), 511(1), 434(1), 307(1), 592(1), 780(2), 250.11(1), 569(1), 518(1), 250.22(2), 578(1), #####(1), 491(1), 715(3), 709(1), 493(1), 844(1), 38(1), 403(1), 250.82(1)",56
676,675,06762,diag_2,"250.51(1), 411(1), 413(1), V45(1), 780(1), 250(2), 403(4), 414(1), 263(1), 784(1), 682(1), 428(2), 278(1), 530(1), 427(2), 157(1), 276(1), 425(1), 998(1), #####(2), 401(1), 722(1), 599(1), 575(1), 211(1), 162(1), 518(2), 496(1), 707(1), 344(1), 592(1), V58(1), 285(2), 728(1), 584(3), 250.82(1), 486(1), 465(1), 585(4), 826(1), 995(1), V60(1)",56
677,676,06771,diag_1,"558(1), 414(3), 428(2), 295(2), 722(1), 410(2), 402(1), 786(1), 715(1), 434(1), #####(3), 682(1), 535(1), 780(1), 486(4), 250.11(1), 415(1), 574(1), 562(2), 997(1), 560(2), 511(1), 998(1), 578(1), 198(1), 590(1), 296(1), 995(1), 493(3), 599(3), 431(1), 458(1), 592(1), 648(1), 250.8(1), 969(1), 518(1), 491(1), 707(1), 427(1)",56
677,676,06772,diag_2,"250.01(1), 411(3), 250(5), 412(1), 496(2), 511(1), 428(2), 492(1), 401(1), 427(5), 424(1), 414(1), 280(2), 403(3), #####(5), 305(1), 276(4), 434(1), 682(1), 286(1), 162(1), 820(1), 518(1), 591(1), 250.12(1), 707(1), 491(2), 250.02(1), 466(1), 250.82(1), 594(1), V02(1), 348(1)",56
678,677,06781,diag_1,"414(3), 722(2), 402(1), 410(3), 786(3), 441(1), 996(1), 428(2), 276(2), #####(4), 435(1), 434(1), 820(1), 453(2), 789(1), 486(2), 427(1), 998(2), 682(3), 458(1), 780(1), 250.1(1), 507(1), 493(1), 296(1), 38(2), V58(1), 715(1), 600(1), 535(1), 491(2), 599(1), 182(1), 250.8(1), 490(1), 403(1), 327(1)",56
678,677,06782,diag_2,"411(2), 997(1), 250(4), 401(4), 425(1), 414(2), 428(2), 403(2), 136(1), 710(1), 424(1), 496(3), #####(3), 453(1), 427(3), 518(2), 250.02(1), 722(1), 873(1), 491(1), 599(1), 682(2), 286(1), 707(1), 714(2), 571(1), 162(2), 155(1), 285(1), 276(1), 617(1), 731(1), 584(1), 486(1), 585(2)",56
679,678,06791,diag_1,"410(2), 250.03(1), 724(1), 233(1), 414(3), 434(1), 593(1), 250.7(3), 413(1), V57(1), 196(2), 711(1), 786(2), 276(3), 428(2), 998(1), 535(1), 574(1), 486(3), 577(2), 284(1), 571(1), 780(2), 722(1), 715(1), 820(1), 562(1), #####(1), 537(1), 599(1), 576(1), 38(2), 573(1), 575(1), 491(2), 482(1), 331(1), 518(1), 656(1), 808(1)",56
679,678,06792,diag_2,"250.01(2), 682(1), 737(1), 411(1), 250.81(1), 403(1), 413(1), 440(1), 250(4), 496(2), 428(2), 197(1), 276(4), 414(1), 591(1), 242(1), 305(1), 425(1), 707(1), 780(1), 574(1), 560(1), 185(1), 785(1), 204(1), 789(1), 427(2), 410(1), 304(1), 250.02(1), 491(3), 794(1), 577(2), 599(1), 486(1), 575(1), 518(1), 733(1), 294(1), 648(1), 584(1), 349(1), 585(1)",56
680,679,06801,diag_1,"789(1), 427(2), 414(5), 433(1), 590(1), 410(3), 250.4(1), 799(1), 786(1), 555(1), 722(1), 278(1), 298(1), 428(2), 276(1), 437(1), 434(3), 486(3), 560(1), 562(1), 552(1), 784(1), 682(1), 715(2), 333(1), 724(1), 202(1), 507(1), 280(2), 458(1), 599(1), 291(1), 924(1), 556(1), 250.8(1), 250.02(1), 584(1), 250.12(1), 518(1), 578(1), 481(1), 296(1)",56
680,679,06802,diag_2,"250.41(1), 861(1), 411(1), 413(1), 250(5), V42(1), 414(4), 401(3), 425(2), 403(3), 496(3), 789(1), 575(1), 790(1), 287(1), 780(1), 280(1), 427(4), V45(1), 41(2), 276(4), 305(1), 808(1), 424(1), 599(1), 303(1), 569(1), 707(1), V63(1), 729(1), 8(1), 285(1), 584(1), 799(1), 585(1)",56
681,680,06811,diag_1,"648(1), 296(2), 428(2), 414(2), 303(1), 278(1), 786(3), 780(2), 715(3), 410(1), 402(1), 174(1), V57(1), 295(1), 250.4(1), 276(2), 438(1), 996(1), #####(3), 936(1), 250.6(1), 574(1), 427(2), 560(1), 486(2), 823(1), 590(1), 250.8(2), 280(1), 537(1), 682(1), 415(1), 491(1), 531(1), 584(1), 285(1), 518(1), 493(1), 8(1), 808(1), 403(1), 38(1)",56
681,680,06812,diag_2,"250.91(1), 250.01(2), 411(2), 707(3), 428(2), 250(3), 492(1), 250.6(1), 401(8), 414(2), 272(1), 599(1), 305(1), 276(5), #####(3), 38(1), 560(1), 780(1), 493(1), 578(1), 410(1), 205(1), 496(1), 198(1), 453(1), 491(1), 403(1), 427(1), 532(1), 285(1), 786(1), 250.8(1), 808(1), 585(1), 261(1)",56
682,681,06821,diag_1,"786(3), 722(1), 297(1), 414(3), 250.7(1), 433(1), 404(1), 434(2), 486(4), 428(2), 421(1), 155(1), 682(3), 250.11(2), 996(1), 427(1), 577(1), 789(1), 997(1), 599(3), 780(1), 403(1), 493(1), 250.12(1), 162(1), 447(1), 188(1), 491(2), 595(1), 410(1), 250.8(1), 8(1), 518(2), 584(1), 642(1), 242(1), 627(1), 835(1), 285(1), 975(1)",56
682,681,06822,diag_2,"250.01(2), 300(1), 413(1), 440(2), 250(3), 780(3), 362(1), 428(1), 278(1), 682(2), 414(1), 401(4), 38(1), 197(1), 453(1), 276(5), 410(1), 493(1), 599(2), 250.92(1), 250.02(3), 553(1), 518(1), 996(1), 591(1), 486(3), 491(1), 403(1), 427(1), 648(1), 459(1), 507(1), 585(2), 616(1), E888(1), 496(1)",56
683,682,06831,diag_1,"250.41(1), 414(4), 738(1), 154(1), 278(1), 410(1), 786(3), 440(1), 780(2), 276(1), 428(2), 787(1), 553(1), 569(1), 998(1), 486(2), 233(1), 695(1), 562(1), 532(1), #####(2), 250.7(1), 427(1), 434(1), V58(1), 715(2), 996(1), 415(2), 681(1), 808(1), 535(1), 590(1), 250.8(1), 821(1), 531(1), 518(1), 8(1), 490(1), 812(1), 805(1), 693(1), 38(1), 682(1), 491(1), V51(1)",56
683,682,06832,diag_2,"276(3), 411(2), 722(1), 196(1), 414(2), 401(1), 496(3), 425(4), 397(1), 295(1), 70(1), 530(1), 280(2), 426(1), 998(1), 250(2), 820(1), 250.01(1), 511(1), 785(2), 278(1), 427(4), 428(2), 784(1), 204(1), 305(1), 285(3), V63(1), 682(1), 486(2), 255(1), 805(1), 585(1), 995(1), 882(1), 799(1), 997(1)",56
684,683,06841,diag_1,"420(1), V57(2), 466(1), 250.22(2), 414(4), 722(1), 250.4(1), 250.11(1), 410(4), 438(1), 786(2), 411(1), 185(1), 435(1), 428(2), 434(1), 996(2), 250.31(1), 401(1), 440(1), 486(2), 403(1), 780(2), 250.6(1), 823(1), 682(1), 482(1), 518(1), 789(2), 812(1), 491(2), 715(1), 575(1), 924(1), 584(2), 250.12(1), 250.8(1), 38(1), 733(1), 824(1)",56
684,683,06842,diag_2,"250.01(2), 524(1), 250.6(2), 411(3), 715(1), 250(4), 583(1), 401(2), 414(2), 428(2), 780(2), 511(2), 250.02(2), 424(2), 38(1), 276(4), 553(1), 427(2), 444(1), 599(3), 496(1), 785(1), 600(1), 493(1), 340(1), #####(3), 433(1), 202(1), 787(1), 786(1), 730(1), 584(1), 799(1), 807(1)",56
685,684,06851,diag_1,"433(1), 786(4), 507(1), 552(1), 414(3), 996(2), V57(2), 722(1), 250.13(1), 891(1), 295(1), 428(2), 434(2), 727(1), 311(1), 276(2), 250.02(1), 787(2), 250.7(1), 180(1), 569(1), 715(1), 562(1), 707(1), 250.6(1), 574(1), 403(1), 584(1), 250.8(2), 486(1), 424(1), 493(1), 487(1), 8(1), 274(1), 491(2), 654(1), 250(1), 466(1), 440(1), 518(1), #####(1), 958(1)",56
685,684,06852,diag_2,"250.41(1), 250.01(2), 220(1), 411(2), 607(1), V45(1), 998(1), 244(1), 41(1), 401(2), 427(2), 424(1), 780(4), 403(1), 425(1), 428(2), 276(4), 197(1), 305(1), 785(1), 295(1), 707(2), 578(1), 250(1), 250.02(2), 599(4), E878(1), 287(1), 682(2), 491(1), 518(1), 438(1), 402(1), 648(1), 486(2), 585(2), 728(1)",56
686,685,06861,diag_1,"410(2), 278(1), 250.23(1), 414(2), 440(1), V57(1), 295(2), 415(3), 276(2), 428(2), 780(2), 423(1), #####(1), 786(1), 332(1), 557(1), 486(2), 250.02(2), 560(2), 458(2), 296(2), 577(1), 682(1), 574(1), 250.6(1), 599(1), 715(3), 789(1), 824(1), 576(1), 584(1), 250.8(1), 250(1), 790(1), 250.11(1), 493(1), 552(1), 531(2), 250.7(1), 403(1)",56
686,685,06862,diag_2,"250.01(2), 276(6), 411(2), 428(2), 401(2), 599(2), 305(1), 397(1), 780(1), 414(1), 250(2), 511(1), 427(2), #####(5), 578(1), 8(1), 278(1), 496(3), 309(1), 250.02(1), 197(1), 707(1), 453(1), 530(1), 996(1), 250.13(1), 584(3), 787(1), 486(1), 359(1), 540(1), 285(1), E936(1), 585(3)",56
687,686,06871,diag_1,"V57(2), 759(1), 427(2), 227(1), 428(2), 414(4), 250.4(1), 786(1), 410(1), 174(1), 404(1), 507(1), #####(5), 577(1), 440(1), 70(1), 162(2), 486(2), 724(2), 276(2), 852(1), 599(3), 574(2), 250.02(1), 250.8(2), 396(1), 250.6(1), 715(2), 79(1), 787(1), 540(1), 491(3), 38(1), 790(1), 453(1)",56
687,686,06872,diag_2,"250.7(1), 250(5), 250.41(1), 710(1), 250.81(1), 411(2), 719(1), 414(1), 404(1), 428(2), 402(1), 196(1), #####(3), 403(2), 425(2), 496(2), 682(1), 305(1), 292(1), 427(2), 295(2), 204(1), 707(2), 70(1), 574(1), 410(1), 276(2), 401(2), 250.92(1), 424(1), 197(1), 599(2), 600(1), 491(1), 304(1), 519(1), 785(1), 518(1), 728(1)",56
688,687,06881,diag_1,"189(1), 574(1), 277(1), 414(4), 276(1), 786(5), 410(2), 707(1), 250.13(1), 996(2), 577(1), 723(1), 428(2), #####(2), 424(1), 569(1), 515(1), 174(1), 820(3), 998(1), 241(1), 401(1), 250.02(1), 431(1), 599(2), 250.6(1), 250.8(1), 427(1), 348(1), 578(1), 730(1), 560(2), 466(1), 331(1), 518(1), 491(1), 162(1), 218(1), 250.82(1), 805(1), 52(1)",56
688,687,06882,diag_2,"250.01(2), 401(4), 411(1), 250(3), 250.6(1), 424(1), 428(2), 427(3), 741(1), 403(3), 496(2), #####(5), 425(1), 414(3), 567(1), 280(3), 599(3), 197(1), 493(2), 305(1), 786(1), 276(3), 286(1), 780(1), 707(2), 591(1), 518(1), 626(1), 584(1), 808(1)",56
689,688,06891,diag_1,"250.41(1), 780(2), 414(3), 722(1), 434(3), 410(3), 532(1), 250.02(2), 428(2), 276(1), 530(2), 486(2), 600(1), 155(1), #####(2), 427(3), 182(1), 197(1), 198(1), 453(1), 682(2), 507(1), 560(2), 394(1), 562(1), 996(1), 491(2), 386(1), 823(1), 715(1), 820(1), 415(1), 331(1), 38(2), 790(1), 345(1), 492(1), 658(1)",56
689,688,06892,diag_2,"492(1), 250.01(1), 411(2), 250(3), 414(2), 428(2), 427(5), 280(1), 401(4), 496(3), 780(1), 569(2), #####(4), 250.02(2), 593(1), 424(1), 511(1), 198(1), 162(1), 491(1), 599(2), 707(1), 413(1), 410(1), 285(1), 792(1), E885(1), V14(1), 294(2), 458(1), 486(1), 481(1), 530(1), 648(1), 585(1)",56
690,689,06901,diag_1,"682(3), 414(4), V57(2), 410(4), 402(1), 786(1), 185(1), 428(2), 423(1), 434(1), 507(1), 996(1), 278(1), #####(3), 211(1), 562(2), 427(1), 300(1), 183(1), 724(1), 852(1), 415(1), 780(3), 574(1), 486(1), 535(1), 250.6(1), 424(1), 285(2), 729(1), 250(1), 608(1), 681(1), 584(1), 482(1), 491(1), 250.82(1), 8(1), 250.8(1), 518(1)",56
690,689,06902,diag_2,"684(1), 411(2), 434(1), 404(1), 428(1), 414(1), 426(1), 401(4), 70(1), 786(1), 410(3), 403(1), 250(3), 427(4), 425(1), 568(1), 780(1), 276(6), 518(2), 197(1), 453(1), 599(2), 162(1), 285(1), 438(1), 150(1), 441(1), 728(1), 305(1), 707(2), 578(1), 304(1), 491(2), 272(1), 730(1), 584(1)",56
691,690,06911,diag_1,"722(1), 276(2), 414(6), 433(1), 410(2), V55(1), 486(4), 438(1), 428(2), 784(2), 427(3), 574(1), 820(4), 250.11(1), 292(1), 577(1), 458(2), 507(1), 562(1), 715(2), 141(1), 558(1), 599(2), 584(3), 415(1), 278(1), 518(1), 357(1), 250.12(1), 724(1), 8(1), 491(2), 250.13(1)",56
691,690,06912,diag_2,"250.7(1), 250.43(1), 411(2), 413(1), 414(2), 428(2), 496(4), 278(1), 998(1), 403(1), 250(3), 515(1), 286(1), 427(3), 997(1), 571(1), 401(1), 276(4), 780(3), #####(3), 303(1), 518(3), 285(2), 250.02(1), 789(1), 255(1), 272(1), 486(1), 578(1), 729(1), E947(1), 584(2), 799(1), 585(2)",56
692,691,06921,diag_1,"648(1), 420(1), 414(6), 250.83(1), 428(2), 218(1), 250.4(1), 189(1), 458(3), V57(1), 295(1), #####(3), 427(2), 296(1), 562(2), 560(1), 590(1), 276(1), 211(1), 486(3), 410(1), 682(2), 250.13(1), 715(2), 250.6(1), 435(1), 733(1), 584(3), 493(2), 491(3), 536(1), 112(1), 812(1), 443(1), 345(1)",56
692,691,06922,diag_2,"250.81(1), 403(5), 411(1), 707(2), V42(1), 413(1), 250(4), 424(2), 496(2), 428(2), 710(1), E942(1), 781(1), 427(3), 401(3), 396(1), 280(1), 790(1), 682(1), 530(2), 785(2), 41(1), 425(1), 414(1), 276(7), 599(2), 789(1), #####(2), 518(1), 285(1), 799(1)",56
693,692,06931,diag_1,"436(1), 797(1), 734(1), 414(1), 491(3), 410(3), 573(1), 284(1), 250.7(1), 204(1), 250.01(1), 604(1), 965(1), 996(1), 693(1), 425(1), 530(1), 920(1), 428(1), 295(1), 574(1), 682(3), 998(1), 599(1), 493(1), 532(1), 540(1), 789(1), 253(1), 486(3), 38(1), 864(2), 584(1), 296(1), 285(1), 300(1), 276(1), 933(1), 952(1), 518(1), 917(1), 881(1), 875(1), 941(1), 627(1), 603(1), 338(1)",56
693,692,06932,diag_2,"599(4), 524(1), 355(1), 411(1), 250.03(1), V64(1), 135(1), E933(1), 440(1), 283(1), 401(3), 414(2), 601(1), 292(1), 403(2), E930(1), 427(1), V08(1), 425(1), 410(1), 428(2), 996(1), 788(1), 285(1), 253(1), 202(1), 491(1), 112(1), 868(1), 276(1), 312(1), 535(1), 319(1), 584(1), 496(1), 518(1), 823(1), 847(1), 486(1), 585(2), 916(1), E821(1), 880(1), 942(1), 623(1), 604(1), 843(1)",56
694,693,06941,diag_1,"403(1), 278(1), 414(2), 250.02(1), 250.6(1), 410(2), 434(4), 786(2), 440(1), 564(1), 530(1), 276(2), 428(2), 458(1), 682(5), 996(1), #####(2), 189(1), 820(1), 250.8(2), 535(1), 486(1), 482(1), 294(1), 531(1), 560(1), 599(1), 188(1), 584(1), 443(1), 824(1), 552(1), 38(1), 790(1), V57(1), 491(1), 562(1), 782(1), 427(1), 825(1), 518(1), 781(1)",56
694,693,06942,diag_2,"250.51(1), V65(1), 411(1), V42(1), 135(1), 372(1), 250.6(1), 414(2), 250(4), 428(2), 403(3), #####(4), 425(1), 203(1), 453(1), 427(1), 599(3), 511(1), 682(2), 276(6), 250.02(3), 707(1), 491(2), 591(1), 496(1), 560(1), 278(1), 590(1), V54(1), 285(1), 729(1), 112(1), 585(2), 584(1)",56
695,694,06951,diag_1,"227(1), 250.03(1), 414(7), 998(1), 577(3), 276(2), 433(1), 648(1), 722(1), 786(2), 411(1), 532(1), 440(1), 428(2), 398(1), 592(1), 250.22(1), 435(2), 431(1), #####(1), 250.13(1), 562(1), 434(1), 534(1), 427(2), 715(3), 185(1), 486(2), 415(1), 724(1), 780(1), 599(1), 491(1), 682(1), 280(1), 459(1), 575(1), 527(1), 296(1), 696(1)",56
695,694,06952,diag_2,"252(1), 789(1), 411(2), 413(1), 250.6(1), 250(6), 250.11(1), 492(1), 424(2), 780(1), 427(4), 428(2), 511(1), 244(1), 410(1), 250.02(2), 425(3), 276(6), 414(2), 493(1), 784(1), 285(1), 401(1), 453(1), 785(1), 41(1), #####(1), 278(1), 443(1), 578(1), 682(1), 585(2), 552(1), V62(1), 486(1)",56
696,695,06961,diag_1,"648(1), 436(2), 427(2), 414(4), 490(1), V57(2), 729(1), 433(1), 410(2), 786(2), 428(2), 437(1), 722(1), #####(2), 426(1), 486(2), 577(2), 572(1), 434(2), 820(1), 403(2), 682(2), 715(1), 250.6(2), 250.13(1), 491(1), 493(1), 530(1), 250.12(2), 724(1), 599(1), 560(1), 998(1), 574(1), 558(1), 38(1), 812(1), 401(1), 278(1)",56
696,695,06962,diag_2,"250.03(1), 250.02(2), 342(2), 250.01(2), 411(1), V45(1), 250.6(1), 250(2), 496(1), 427(3), 403(1), 428(2), 397(1), 786(1), 401(2), 724(2), 414(1), 426(1), 305(1), 573(1), 518(1), 424(1), #####(4), 402(1), 285(1), 276(4), 599(3), 707(2), 70(1), 290(1), 564(1), E849(1), 535(1), 357(1), E888(1), 307(1), 585(1), V85(1)",56
697,696,06971,diag_1,"998(1), 250.22(1), 562(1), 414(3), 250.7(2), 413(1), 410(3), 786(2), 404(1), 530(1), 435(3), 434(1), V57(1), 38(3), 428(2), 486(2), 726(1), 198(1), 440(1), #####(2), 780(1), V55(1), 153(1), 601(1), 996(1), 574(2), 852(1), 569(1), 250.6(1), 560(1), 197(1), 820(1), 493(1), 599(1), 482(1), 578(1), 490(1), 584(1), 465(1), 805(1), 933(1), 715(1)",56
697,696,06972,diag_2,"250.01(2), 250.52(1), 411(1), 440(1), 401(2), 250(5), 414(3), 428(2), 305(1), #####(3), 724(1), 711(1), 425(1), 707(3), 710(1), 786(1), 496(1), 780(1), 427(5), 491(1), 493(3), 276(4), 574(1), 578(2), 278(1), 789(1), 197(1), 518(1), 860(1), 759(1), 995(1), 584(1), 799(1)",56
698,697,06981,diag_1,"593(1), 428(1), 414(5), V57(1), 278(1), 250.4(1), 410(2), 295(1), 996(1), 510(1), 535(1), 440(1), 276(2), 434(1), 577(1), 780(2), 787(1), 285(1), 789(1), 162(1), 250.6(2), 786(1), 599(2), 560(1), 296(1), 820(1), 150(1), 682(1), 486(2), 490(1), 403(1), 730(1), 530(1), 823(1), 812(1), 853(1), 250.82(1), 733(1), 715(1), 575(1), 38(1), 562(1), 584(1), 860(1), 8(1), 491(1)",56
698,697,06982,diag_2,"250.01(2), 411(2), 413(1), 496(4), 401(4), 403(3), 425(2), 428(2), 250(1), 263(1), 788(1), 574(1), 424(1), 404(1), 287(1), 427(3), 599(5), 682(1), 250.12(1), 295(1), 276(3), 250.02(1), 280(1), 284(1), 707(1), 535(1), #####(2), 491(1), 733(1), 272(1), 575(1), 285(1), 518(1), 805(1), 585(1)",56
699,698,06991,diag_1,"423(1), 780(1), 250.43(1), 414(3), 425(1), 410(2), 786(1), 440(1), 507(3), 996(1), 250.11(2), 434(3), 276(4), 185(1), 426(1), 568(1), 997(1), 428(2), 682(1), 486(3), 403(1), 296(1), 571(1), 560(1), 250.8(2), 79(1), 692(1), 203(1), 415(1), 599(1), 162(1), 250.1(1), 518(1), 8(1), 781(1), 482(1), 578(1), 958(1), 491(1), 726(1), 625(1)",56
699,698,06992,diag_2,"250.01(1), 250.41(1), 403(5), 411(2), 250(3), 428(2), 780(2), 401(2), 427(4), 276(1), 536(1), #####(2), 198(2), 560(1), 425(1), 781(1), 287(1), 593(1), 204(1), 303(1), 496(2), 789(1), 157(1), 279(1), 511(1), 250.02(1), 786(1), 491(2), V58(1), 558(1), 577(1), 486(1), 599(1), 285(2), 562(1), 707(1), 500(1), 585(1)",56
700,699,07001,diag_1,"566(1), 414(3), 235(1), 295(1), 410(5), 786(4), 727(1), 435(1), 428(2), 423(1), 682(4), #####(2), 250.7(1), 577(3), 155(1), 997(1), V57(1), 820(1), 715(2), 427(2), 553(1), 434(1), 537(1), 599(2), 250.13(1), 787(1), 530(1), 250.1(1), 592(1), 491(1), 38(2), 584(1), 459(1), 288(1), 518(1), 784(1)",56
700,699,07002,diag_2,"V72(1), 411(1), 250(4), 413(1), 496(6), 428(2), 414(3), 780(1), 427(3), 305(1), 401(1), 300(1), 425(1), 272(2), 707(1), 197(1), 682(1), V43(1), 724(1), 530(1), 736(1), 295(1), 276(7), 285(1), 599(1), 577(1), 486(2), 591(1), 491(1), #####(1), 291(1), 162(1), 785(1), 202(1), 296(1)",56
701,700,07011,diag_1,"521(1), 414(4), 250.7(1), 996(1), 402(1), 410(2), 786(2), 616(1), 644(1), 428(2), 435(3), 298(1), 571(1), 577(2), 250.6(2), 682(1), 411(1), 276(1), 427(1), 998(1), 560(3), 434(3), 486(1), 590(1), 599(1), 824(1), 584(2), 535(1), 530(1), 453(1), 295(1), 853(1), 250.82(2), #####(2), 654(1), 491(2), 331(1), 38(1)",56
701,700,07012,diag_2,"599(3), 411(1), 440(1), 421(1), 401(1), 428(2), 287(2), 414(1), 593(1), 54(1), 642(1), 42(1), 250.02(2), 574(2), 496(1), 427(1), #####(2), 276(3), 295(1), 250(1), 560(1), 272(1), 402(1), 331(1), 780(1), 578(1), 794(1), 710(1), 403(1), 250.13(1), 342(1), 285(1), 707(1), 296(1), 491(1), E849(1), 416(1), 486(1), 648(1), 584(1), 441(1), 518(1), 482(2), 730(1), 337(1), 338(1)",56
702,701,07021,diag_1,"252(1), 428(2), 414(4), 433(1), 722(1), 250.4(1), V57(1), 410(2), 786(3), 530(1), 799(1), #####(2), 276(2), 423(1), 822(1), 787(1), 535(1), 780(1), 562(1), 250.11(3), 434(2), 285(1), 250.7(1), 507(1), 574(1), 458(1), 592(1), 287(1), 558(1), 415(1), 715(1), 38(1), 599(1), 493(2), 250.8(2), 518(2), 584(1), 491(1), 805(1), 8(1), 721(1)",56
702,701,07022,diag_2,"227(1), 250.41(1), 411(1), E942(1), 413(1), 250(4), 403(3), 428(2), 250.02(3), 414(2), 496(3), 780(1), 396(1), 415(1), #####(4), 425(1), 511(2), 276(7), 553(1), 590(1), 288(1), 785(1), 491(1), 599(2), 197(1), 427(1), 577(1), 486(1), 295(1), 707(1), 162(1), 578(1), 112(1), 336(1)",56
703,702,07031,diag_1,"648(1), 290(1), 414(4), 590(1), 441(1), 786(2), 428(2), 410(1), 276(1), 295(1), 535(1), 997(1), 388(1), 250.7(1), 424(1), 440(1), 486(3), 530(1), 682(1), 562(2), 715(1), 38(1), 722(1), 250.92(1), 584(3), 427(3), 560(1), 787(1), 599(2), 493(1), 578(1), 996(1), 595(1), 780(1), 250.8(1), 434(1), 491(1), 250(1), 812(1), 518(1), 433(1), #####(1), 453(1)",56
703,702,07032,diag_2,"250.03(1), 437(1), 411(2), 997(1), 413(2), 250.6(1), 401(2), 414(1), 427(2), 403(2), 493(3), 250(2), 424(1), 560(2), 780(2), 707(1), 428(2), 410(1), 250.02(3), #####(2), 285(1), 295(1), 404(1), 276(6), E878(1), V63(1), 785(1), 682(1), 491(2), 725(1), 486(1), E885(1), 552(1), 585(2), 191(1)",56
704,703,07041,diag_1,"295(1), 413(2), 250.03(1), 998(2), 250.22(1), 519(1), 574(1), 250.7(1), 414(2), 402(1), 786(1), 410(3), 284(1), 428(2), 250.6(1), 427(4), 486(2), 250.11(1), 386(1), 550(1), 577(1), 198(1), 296(1), 787(2), 458(1), V56(1), 715(3), 682(1), 162(1), 8(2), 820(1), 250.8(1), 482(1), 276(1), 518(2), 491(1), 250.12(1), 661(1), 274(1), 434(1), 584(1)",56
704,703,07042,diag_2,"250.01(1), 250.41(1), 781(1), 250.7(1), V15(1), 250.03(1), V64(1), 440(1), 413(1), 250(3), 424(2), 428(2), 427(1), 786(1), 272(1), 205(1), 998(2), 403(3), 396(1), 515(1), 790(1), 496(1), 276(3), 250.02(2), 172(1), 780(1), 157(1), 710(1), 707(2), 599(1), 198(1), 414(1), V42(1), E888(1), 682(2), 782(1), #####(1), 787(1), 648(1), 294(1), 289(1), 730(1), 486(1), 585(1)",56
705,704,07051,diag_1,"571(1), 414(2), 428(2), 440(4), 427(6), V57(1), 433(1), 786(2), #####(4), 486(3), 996(1), 618(1), 434(2), 530(1), 715(2), 572(1), 250.42(1), 507(1), 535(1), 188(1), 599(1), 38(1), 415(1), 493(1), 294(1), 578(1), 562(1), 736(1), 595(1), 577(1), 491(1), 626(1), 584(1), 275(1), 331(1), 785(1), 453(1), 403(1)",56
705,704,07052,diag_2,"250.41(1), 250.6(1), 411(2), V15(1), 492(1), 277(1), 38(1), 496(2), 428(2), 413(1), 427(3), 340(1), 250(4), 403(1), 444(1), 599(3), 292(1), #####(4), 415(1), 493(1), 596(1), 424(1), 518(1), 515(1), 440(1), 396(1), 331(1), 280(1), 560(1), 285(1), 491(2), 250.02(1), 535(1), 218(1), 276(1), 591(1), 294(1), 584(2), 799(1), 585(1), 348(1)",56
706,705,07061,diag_1,"436(1), 414(2), 174(1), 276(2), V57(1), 410(2), 996(2), 786(2), 440(2), 404(1), 600(1), 401(1), 507(1), 428(2), 426(1), 682(2), 780(1), 562(1), #####(2), 211(1), 444(1), 250.11(2), 486(1), 427(1), 435(1), 998(2), 715(2), 250.8(1), 560(1), 79(1), 599(2), 537(1), 162(1), 575(1), 241(1), 250.02(1), 733(1), 8(1), 518(1), 434(1), 345(1), 491(1), 729(1)",56
706,705,07062,diag_2,"250(6), 411(1), 233(1), 250.11(1), 157(1), 428(2), 997(2), 496(5), 414(2), 287(1), 560(1), 424(2), 38(1), 427(2), 401(1), 280(1), 493(2), 295(1), 998(1), 511(1), 276(4), 272(1), 41(1), 518(1), 611(1), E932(1), 293(1), 331(1), 199(1), 584(1), 705(1), 285(1), 294(1), V43(1), 585(1), 599(1), 799(1), V85(1)",56
707,706,07071,diag_1,"618(1), 599(2), 414(1), 250.7(1), 581(1), 402(2), 786(3), 410(3), 250.42(1), 516(1), 996(1), 416(1), 998(2), 276(1), 428(1), 434(2), 522(1), 648(1), 535(2), 432(1), 820(2), 724(1), 287(1), 486(3), 528(1), 453(1), 780(1), 562(1), 250.8(1), 493(1), 250.11(1), 824(1), 681(1), 569(1), 578(1), 577(1), 715(1), 250.12(1), 435(1), 38(1), 491(1), 403(1), 444(1), 518(1)",56
707,706,07072,diag_2,"250.01(2), 411(1), 440(1), 998(3), 427(3), 401(3), 414(2), 581(1), 428(2), 403(1), 276(2), 496(2), V45(1), #####(1), 250.02(4), 250(2), 288(1), 453(1), 599(1), 188(1), E849(2), 707(1), V58(1), 346(1), 682(1), 285(2), 789(1), 566(1), 584(4), 291(1), 486(1), 802(1), 416(1), 585(3)",56
708,707,07081,diag_1,"414(3), 441(1), V57(1), 574(1), 433(1), 786(2), 411(1), 572(1), 577(1), 440(1), 428(2), 854(1), 401(1), 486(4), 507(1), 250.11(1), 785(1), 250.7(1), #####(2), 733(2), 250.6(2), 780(2), 331(1), 584(2), 540(1), 348(1), 38(2), 552(1), 427(1), 789(1), 599(2), 534(1), 276(1), 287(1), 995(1), 202(1), 285(1), 404(1), 443(1), 715(1), 250.02(1), 996(1)",56
708,707,07082,diag_2,"411(2), 492(1), 413(1), 403(2), 250.6(1), 401(1), 250(3), 414(2), 456(1), 515(1), 331(1), 496(2), 428(2), 427(1), 599(6), 785(2), 276(6), 707(2), 493(1), 250.02(1), 788(1), 574(1), 518(1), 724(1), 491(1), 733(1), 787(1), 357(1), E849(1), 112(1), 584(2), 682(1), 285(1), 686(1), 799(1), V85(1)",56
709,708,07091,diag_1,"823(1), 414(3), 402(1), 786(1), 410(3), 530(1), 433(2), 572(1), 710(1), 592(2), 185(1), 729(1), 428(2), 434(3), 996(1), 386(1), 255(1), 153(1), 574(1), 820(1), 576(1), 486(2), 715(2), 250.6(1), 250.8(1), 682(2), 780(1), 482(1), #####(1), 151(1), 584(3), 599(1), 575(1), 491(3), 274(1), 562(1), 285(1), 250.82(1), 821(1), 296(1)",56
709,708,07092,diag_2,"250.01(1), 411(2), 413(1), 425(2), 250(5), 401(1), 414(1), 244(1), 427(2), 571(1), 997(1), 428(2), 286(1), 496(2), 403(1), #####(6), 567(1), 780(1), 276(6), 162(1), 784(1), 287(1), 250.02(2), 590(1), 155(1), 491(1), 285(2), 424(1), 789(2), 680(1), 788(1), 197(1), 599(1), 301(1)",56
710,709,07101,diag_1,"250.83(1), 414(3), V57(1), 250.7(2), 433(1), 296(2), 722(1), 402(1), 410(2), 427(3), 682(2), 786(2), 491(3), 401(1), 276(2), 515(1), 38(3), 250.02(1), 255(1), 428(2), #####(2), 425(1), 780(1), 386(1), 574(1), 250.11(1), 820(1), V53(1), 197(1), 707(2), 715(1), 486(1), 493(1), 250(1), 584(1), 311(1), 518(2), 969(1)",56
710,709,07102,diag_2,"38(1), 411(2), 719(1), 440(1), V45(1), 250.6(1), 496(2), 428(2), 250(2), 492(1), 451(1), 401(5), 414(2), 427(5), V15(1), 79(1), 437(1), 682(2), 780(2), 424(1), 425(1), 786(1), 276(3), 309(1), 272(1), 403(1), 162(1), #####(1), 491(2), 250.02(1), 485(1), 344(1), 599(1), 314(1), 507(1), 584(1), 486(1), 698(1)",56
711,710,07111,diag_1,"717(1), 594(1), 435(3), 189(1), 996(2), 719(1), 250.11(1), 786(3), 428(2), 284(1), #####(5), 440(1), 250.6(2), 780(1), 401(1), 486(3), 782(1), 434(1), 154(1), 820(1), 552(1), 250.02(1), 733(1), 574(1), 560(2), 728(1), 112(1), 491(3), 275(1), 789(1), 715(2), 250.8(1), V57(1), 452(1), 38(1), 536(1), 557(1), 427(1), 682(1)",56
711,710,07112,diag_2,"250(2), 496(1), 250.6(1), 997(1), 718(1), 292(1), 403(3), 493(2), 401(2), 424(1), 428(2), 425(1), 682(1), 427(3), 287(1), 202(2), 250.42(1), 197(1), #####(2), 276(4), 707(1), 198(1), 786(1), 789(1), 599(2), 250.02(1), 710(1), 571(1), 491(1), 153(1), 780(1), 731(1), 438(1), 572(1), 578(1), 785(1), 154(1), 285(1), 584(2), 585(2)",56
712,711,07121,diag_1,"413(1), 821(1), 414(3), 507(1), 295(1), 726(1), 996(1), 435(1), 276(1), 535(1), 250.7(2), 428(2), 786(1), 924(1), 590(1), 191(1), 682(2), 592(2), 410(1), 511(1), 427(3), 486(1), 600(1), 756(1), 577(1), 571(1), 724(2), 576(2), 202(1), 574(1), 415(1), 458(1), 250.1(1), 250.8(3), 599(1), 453(1), 491(1), 473(1), 426(1), 250.12(1), 784(1), 715(1), 867(1), 278(1)",56
712,711,07122,diag_2,"250.01(2), 411(2), 413(1), 340(1), 496(4), 997(1), 403(3), 250(5), 682(3), 714(1), 707(1), 250.6(1), 401(1), 599(4), 780(1), 263(1), 560(1), 789(1), 998(1), 574(1), 511(1), 197(1), 427(2), 276(4), 491(1), 293(1), 42(1), 577(1), 486(1), 459(1), 153(1), 733(1), V58(1), 94(1), 214(1), V85(1)",56
713,712,07131,diag_1,"429(1), 560(1), 564(1), 414(3), 786(3), V57(1), 440(2), 840(1), 996(3), 428(2), 410(4), 571(1), 401(1), 426(1), 284(1), 434(2), 550(1), 250.11(1), 486(2), 682(3), 562(1), 250.13(1), 590(1), 780(2), 724(1), 250.6(1), 715(3), 784(1), 807(1), 162(2), 599(1), 540(1), 250.8(1), 969(1), 250.02(1), 850(1), 53(1)",56
713,712,07132,diag_2,"511(1), 250.01(1), 250.81(1), 411(1), 413(1), 424(2), 250(5), 722(1), 70(1), 427(2), 403(2), 295(2), 456(1), 250.02(2), 496(1), 38(1), 425(1), 401(2), 428(2), 305(2), #####(1), 8(1), 707(3), 414(2), 599(1), 780(1), 198(1), 507(1), 276(4), 250.8(1), V58(1), 584(2), 285(1), 585(1), 746(1), V85(2)",56
714,713,07141,diag_1,"436(1), 276(1), 414(3), V57(1), 532(1), 786(3), 682(3), 535(1), 428(2), 440(2), 996(2), 721(1), 434(1), 250.2(1), 410(1), 486(3), #####(2), 574(1), 820(1), 38(3), 715(2), 536(1), 447(1), 157(1), 250.8(1), 415(1), 191(1), 491(1), 562(1), 558(2), 482(1), 784(1), 808(1), 540(1), 584(1), 823(1), 810(1), 403(1), 427(2)",56
714,713,07142,diag_2,"428(2), 250.03(1), 411(2), 496(5), 413(1), 401(5), 414(2), 340(1), 280(1), #####(2), 42(1), 38(1), 707(1), 786(1), 781(1), 427(4), 272(1), 284(2), 305(1), 440(1), 300(1), 403(1), 599(1), 453(1), 298(1), 569(1), 788(1), 276(2), 402(1), 331(1), 568(1), 785(1), 156(1), 285(1), 807(1), 584(1), 585(2), V85(1)",56
715,714,07151,diag_1,"648(1), 414(3), 250.81(1), 590(1), 433(1), 295(1), 786(3), 410(2), 428(2), 996(1), #####(5), 435(2), 486(2), 562(2), V57(1), 427(2), 182(2), 434(2), 724(1), 715(1), 250.02(1), 38(2), 820(1), 557(1), 552(1), 812(1), 250.6(1), 599(1), 294(1), 491(1), 348(1), 824(1), 654(1), 626(1), 250.12(1), 531(1), 518(1), 682(1), 296(1)",56
715,714,07152,diag_2,"250.03(1), 411(1), 403(3), 250.81(1), V45(1), 413(1), 401(2), 250(6), 70(1), 428(2), 242(1), 496(1), 276(5), #####(4), 427(1), 493(1), V43(1), 250.02(1), 599(3), 466(1), 414(1), 780(1), 789(1), 578(1), 577(1), 250.8(1), 518(2), 286(1), 733(1), 648(1), 280(1), 486(2), 285(1), 621(1), 585(1), V62(1)",56
716,715,07161,diag_1,"410(2), 276(1), 443(1), 414(7), 250.6(2), 278(1), 311(1), 722(1), 711(1), V57(2), 786(1), 723(1), 433(1), 428(2), 398(1), #####(3), 250.7(1), 577(1), 440(1), 241(1), 458(2), 189(1), V58(1), 560(2), 486(2), 537(1), 291(1), 682(1), 781(1), 574(1), 599(2), 493(1), 584(1), 715(1), 295(1), 250.8(1), 491(2), 578(1), 518(1)",56
716,715,07162,diag_2,"250.01(3), 411(3), 788(2), 250(2), V42(1), 250.6(1), 560(1), 276(5), 682(3), 780(3), 426(1), 996(1), 724(1), 403(1), 410(1), 496(1), 493(1), 425(1), 707(2), 284(1), 428(2), 599(4), 401(2), V45(1), 491(1), 593(1), 250.02(2), 427(2), #####(1), 571(1), 301(1), 285(1), 786(1), 518(1)",56
717,716,07171,diag_1,"428(2), 682(1), 414(1), V57(1), 250.4(1), 786(3), 410(4), #####(2), 424(1), 434(4), 250.02(1), 427(3), 278(1), 250.6(2), 458(1), 285(1), 482(1), 787(1), 574(2), 493(1), 715(1), 294(1), 730(1), 812(2), 590(1), 577(1), 486(1), 519(1), 42(1), 250.8(1), 38(2), 642(1), 584(1), 491(2), 803(1), 250.82(1), 853(1), 820(1), 599(1)",56
717,716,07172,diag_2,"250.01(2), 413(2), 434(2), 428(2), 401(1), 414(3), 427(1), 250(1), 250.02(2), 424(2), #####(4), 426(1), 305(1), 496(3), 787(1), 713(1), 276(4), 42(1), 599(1), 575(1), 290(1), 707(2), 682(2), 250.13(1), 577(1), 491(1), 112(1), 648(1), 873(1), 518(1), 584(3), 731(1), 920(1), 808(1), 813(1), 585(1)",56
718,717,07181,diag_1,"577(2), 403(1), 414(2), 250.7(2), 250.22(1), 410(2), 562(1), 532(1), 786(3), 427(3), 404(1), 434(1), 428(2), 153(1), 486(2), 435(2), #####(2), 997(1), 569(1), 292(1), 250.6(1), 38(1), 682(2), 715(3), 440(1), 707(2), 560(1), 599(2), 780(2), 250.13(1), 112(1), 250.8(1), 250.1(1), 728(1), 536(1), 784(2), 805(1)",56
718,717,07182,diag_2,"250.01(2), 411(1), 440(1), 401(2), 403(2), 620(1), 250(4), 496(1), 428(2), 397(1), 250.02(1), 425(2), 707(2), 272(1), #####(2), 433(1), 427(2), 682(2), 239(1), 493(1), 305(1), 536(1), 780(1), 276(3), 424(1), 285(4), 491(2), 274(1), 786(1), 250.92(1), 250.82(1), V58(1), 729(1), 354(1), 432(1), 724(1), 787(1), 250.12(1)",56
719,718,07191,diag_1,"250.41(1), 780(2), 414(5), V57(1), 402(1), 593(1), 786(4), 433(1), 507(1), 996(1), 428(2), 664(1), 423(1), 38(4), 445(1), 426(1), 574(1), #####(1), 726(1), 531(2), 151(1), 511(1), 153(1), 590(1), 162(1), 491(3), 303(1), 280(1), 415(1), 578(1), 250.8(1), 493(2), 789(1), 276(1), 447(1), 518(2), 250.7(1), 250.82(1), 820(1)",56
719,718,07192,diag_2,"428(2), 250.93(1), 411(2), 413(1), 998(1), 496(2), 424(2), 786(1), 250(3), 427(3), 478(1), 280(2), 996(1), 493(1), 401(1), 648(1), 511(1), 250.6(1), 303(1), 426(1), 707(2), 531(1), 593(1), 197(1), 276(2), 403(1), 38(1), 70(1), 291(1), 599(2), #####(1), 425(1), 250.02(1), 535(1), 787(1), 728(1), 518(1), 491(1), 486(2), 255(1), 585(1), 685(1), E881(1)",56
720,719,07201,diag_1,"V57(2), 414(2), 714(1), 410(3), 786(3), 295(1), 276(4), 530(1), 996(1), 600(1), 780(1), 572(1), 998(1), 486(2), 428(1), 574(2), 458(1), 427(3), 728(1), 715(3), 153(1), 553(1), 552(1), 431(1), 724(2), 281(1), 599(1), 493(1), 38(2), 789(1), 274(1), 250.12(1), 584(3), 491(1), 805(1), 349(1), 807(1)",56
720,719,07202,diag_2,"250.7(1), 411(1), 424(2), 413(1), 250(5), 401(5), 414(2), 305(1), 453(1), 288(1), 402(1), 79(1), 573(1), 780(1), 428(2), 427(2), 403(1), 493(2), 560(2), 786(1), 250.02(1), 599(5), 496(1), 518(1), 276(3), 724(2), 486(1), 250.82(1), V54(1), 536(1), 285(1), 995(1), 585(2), 922(1)",56
721,720,07211,diag_1,"278(1), 824(1), 682(3), 414(1), 276(3), 714(1), 648(1), 410(1), 786(2), 723(1), 507(1), 729(1), 996(4), 434(3), 428(2), #####(2), 435(1), 440(2), 486(1), 562(1), 820(2), 785(2), 780(1), 250.8(1), 599(3), 218(1), 595(1), 250.02(1), 518(2), 491(1), 860(1), 577(1), 38(1), 41(1), 821(1), 427(1), 327(1), 574(1)",56
721,720,07212,diag_2,"250.5(1), 250.83(1), 250.03(1), 411(1), 796(1), 599(1), 250(6), 414(3), 496(3), 427(3), 403(2), 493(1), 428(2), 780(1), 444(1), 567(1), 38(1), 996(1), 305(1), 295(1), V45(1), #####(3), 402(1), 707(1), 263(1), 41(1), 625(1), 276(1), 577(1), 459(1), 250.02(1), 332(1), 998(1), 576(1), 250.82(1), 415(1), 458(1), 285(1), 486(2), 585(1)",56
722,721,07221,diag_1,"648(1), 276(1), 250.03(1), 780(2), 38(1), 486(2), 293(1), V57(2), 250.83(1), 414(2), 235(1), 402(1), 593(1), 403(1), 410(1), 786(2), 295(1), 171(1), 428(2), 682(1), 535(1), #####(3), 724(1), 577(1), 386(1), 441(1), 250.11(1), 820(1), 197(1), 401(1), 599(2), 153(1), 250.6(1), 590(1), 578(1), 822(1), 493(1), 250.01(1), 584(2), 730(1), 491(2), 733(1), 427(1), 531(1), 250.8(1)",56
722,721,07222,diag_2,"250.03(1), 250.41(2), 276(5), 250.01(2), 496(4), 719(1), 250.81(1), 413(2), 578(1), 424(2), 491(2), 250.6(1), 428(2), 196(1), 250(2), 996(1), 595(1), 414(1), 997(1), 574(1), 275(1), 724(1), 493(1), 286(1), 425(1), 198(1), 682(1), 403(1), 560(1), 707(1), 599(2), E885(1), V58(1), #####(1), 250.02(1), 840(1), 518(1), 285(1), 251(1), 348(1), 799(1)",56
723,722,07231,diag_1,"582(1), 436(1), 414(3), 722(1), 410(3), 458(2), 440(1), 416(1), 276(2), 174(1), 786(2), 428(2), 386(1), 434(2), 590(1), #####(2), 411(1), 535(1), 780(1), 250.6(2), 511(1), 292(1), 427(2), 401(1), 403(1), 197(1), 291(1), 453(1), 250.92(1), 820(1), 486(1), 493(2), 250.8(1), 730(1), 491(1), 250.82(1), 38(1), 250.12(1), 562(1), 715(1), 807(1), 575(1), 821(1)",56
723,722,07232,diag_2,"593(1), 401(7), 411(3), 396(1), 250.6(1), 414(4), 404(1), 403(1), 250.02(2), 424(2), 571(2), 428(2), 496(1), 434(1), 412(1), 560(1), 788(1), 250(3), 998(1), 707(2), 276(3), 162(1), 250.8(1), 303(1), 453(1), 590(1), 599(2), #####(1), 285(2), 860(1), 577(1), 850(1), 799(1), 585(1)",56
724,723,07241,diag_1,"411(1), 435(2), 276(1), 682(1), 414(5), 250.81(1), 786(2), 278(1), 722(1), 410(2), 564(1), 970(1), 404(1), 574(1), 428(2), 250.7(1), 996(2), 402(1), 820(3), 562(1), 250.11(1), 458(1), 427(2), 715(2), 728(1), 394(1), 733(1), 569(1), 578(1), 285(1), 824(1), 250.1(1), 481(1), #####(2), 434(1), 577(1), 250(1), 47(1), 493(1), 807(1), 280(1), 518(1)",56
724,723,07242,diag_2,"250.01(2), 250.51(1), 528(1), 411(1), 682(1), 413(1), V45(1), 250(5), 428(2), 427(3), #####(6), 305(1), 250.02(1), 426(1), 997(1), 496(3), 425(1), 707(1), 518(1), 280(1), 401(1), 276(5), 780(1), 727(1), 185(1), 722(1), 424(1), 560(1), 491(1), 342(1), 577(1), 278(1), 512(1), 599(1), 584(1), 486(1), 356(1)",56
725,724,07251,diag_1,"250.41(1), 427(2), 414(2), 250.7(1), 722(2), 402(1), 786(3), 278(1), 250.11(1), 433(1), 553(1), 562(2), 428(1), 434(1), 435(1), 426(1), 780(2), 486(3), 560(1), 997(1), 162(2), 569(1), 404(1), 822(1), 715(2), 578(2), 577(1), 584(1), 843(1), 996(1), 783(1), 250.8(2), 274(1), V57(1), 788(1), 415(1), 620(1), 519(1), 491(1), 280(1), 403(1), 8(1), 625(1)",56
725,724,07252,diag_2,"403(7), 250.01(1), 411(2), 440(1), 250(2), 401(1), 424(1), 574(1), 203(1), 414(1), 427(3), V42(1), 530(1), 428(2), 287(1), 425(1), 426(2), #####(1), 707(2), 410(2), 250.02(1), 493(1), 280(1), 303(1), 714(1), E880(1), 285(2), 276(2), 682(1), 438(1), 789(1), 354(1), 486(1), 518(1), 799(1), 435(1), 296(1), 585(2), 627(1)",56
726,725,07261,diag_1,"786(3), 414(5), 250.93(1), 997(1), 433(1), 434(3), 410(3), 722(1), 996(2), 577(2), 426(1), 250.7(1), 428(2), 435(1), 153(1), 567(1), 780(1), 682(2), 427(1), 421(1), 203(1), 250.6(1), 415(1), 211(1), 715(1), 466(1), 562(1), 431(1), #####(2), 584(1), 724(2), 491(1), 38(1), 518(2), 482(1), V57(1), 250.13(1), 345(1), 493(1)",56
726,725,07262,diag_2,"250.01(1), 250.81(1), 599(1), 411(2), 413(1), 440(1), 401(3), 250(5), 496(6), 431(1), 424(1), 295(1), 427(3), 403(2), 682(1), 425(1), 780(3), 574(1), 196(1), 784(1), 157(1), 41(1), 276(1), 453(1), 278(1), 569(1), 342(1), 518(1), 428(1), 285(2), 731(1), 511(1), 486(1), 491(1), 435(1), 493(1), V58(1), V85(1)",56
727,726,07271,diag_1,"786(2), 428(2), 414(4), 278(2), 309(1), 604(1), 574(4), 572(1), 410(2), 154(1), 486(2), 996(1), 682(2), 435(2), 733(1), 600(1), 789(2), 250.22(1), 852(1), 276(2), 38(2), 427(2), 250.8(1), 250.13(1), 820(1), 453(1), 560(1), #####(1), 193(1), 491(1), 715(2), 280(1), 995(1), 162(1), 531(1), 250.2(1), 8(1), 595(1)",56
727,726,07272,diag_2,"250.03(1), 250.01(1), 411(1), 997(1), 250.02(1), 413(1), 250(8), 496(2), 492(1), 403(3), 70(1), 414(3), 599(3), 710(1), 38(1), 427(3), 276(5), 428(1), 286(1), 780(1), 742(1), 425(1), 401(1), 518(2), 491(2), 278(1), 569(1), 285(2), 577(1), 584(3), 585(1)",56
728,727,07281,diag_1,"997(2), 250.23(1), 414(2), 398(1), 786(4), 410(2), 156(1), 532(1), 719(1), 996(2), 435(2), 428(2), 434(1), 197(1), 682(2), #####(3), 202(1), 721(1), 250.8(1), 415(1), 250.6(2), 250.2(1), V57(1), 153(1), 578(1), 162(2), 518(3), 203(1), 458(1), 780(2), 585(1), 789(1), 821(1), 491(1), 466(1), 427(1), 562(1), V71(1), 558(1)",56
728,727,07282,diag_2,"250.01(1), 276(6), 411(2), 396(1), 250(4), 401(2), 496(4), 571(1), 280(1), 780(2), 414(3), 428(2), 403(2), 424(1), 425(1), 284(1), 784(1), 427(3), 295(1), 997(1), 536(1), 285(2), 707(1), 578(1), 242(1), 197(1), 518(1), 492(1), 599(1), #####(2), 250.02(1), 789(1), 787(1), 924(1)",56
729,728,07291,diag_1,"304(1), 584(2), 414(4), 780(1), 722(1), 410(2), V57(2), 244(1), 786(1), 428(2), 530(1), 996(1), 201(1), 486(2), 998(1), 434(1), 823(1), 253(1), #####(2), 555(1), 294(1), 250.11(1), 577(1), 189(1), 296(1), 435(1), 801(1), 715(1), 491(3), 514(1), 493(2), 458(1), 599(2), 812(1), 250.8(1), 682(1), 518(2), 746(1), 560(1), 38(1), 250.32(1), 574(1)",56
729,728,07292,diag_2,"250(6), 250.41(1), 411(2), 250.5(1), 997(2), 403(3), 424(1), 428(2), 414(2), 511(1), 401(2), 780(2), #####(2), 413(1), 427(3), 252(1), 560(1), 599(3), 250.02(1), 518(3), 453(1), 300(1), 311(1), 493(1), 276(3), 707(1), 250.13(1), 438(1), 410(1), 537(1), 491(1), 486(2), 576(1)",56
730,729,07301,diag_1,"436(1), 997(1), 575(1), 414(4), V57(1), 433(1), 851(1), 276(2), 560(2), 786(1), 398(1), 426(1), 250.6(2), 535(1), 335(1), 592(2), 435(2), 428(2), 780(2), 820(1), 427(3), 724(1), 434(1), 574(1), 566(1), #####(1), 599(1), 824(1), 250.8(3), 715(2), 296(1), 491(2), 996(1), 511(1), 455(1), 584(1), 493(1), 403(1), 463(1), 530(1)",56
730,729,07302,diag_2,"437(1), 420(1), 250.01(1), 411(2), 715(1), 413(1), 250(5), 428(2), E944(1), 492(1), 426(2), 427(3), 496(4), 70(1), #####(5), 344(1), 414(1), 250.02(1), 599(2), 996(1), 276(4), 425(1), 403(1), 401(1), 786(1), 682(2), 591(1), V43(1), 174(1), 785(1), 250.12(1), 799(1), 585(2), 555(1)",56
731,730,07311,diag_1,"518(1), 414(2), 286(1), 402(1), 648(1), 410(2), 157(1), 786(1), 564(1), 996(2), 530(1), 428(2), 434(2), 726(2), 998(4), 486(3), #####(3), 780(1), 707(1), 296(2), 250.13(1), 292(1), 415(1), 427(2), 250.02(1), 599(2), 493(1), 481(1), 280(1), 491(1), 555(1), 560(1), 250.82(1), 584(1), 487(1), 8(1), 805(1), 715(1), 824(1), 250.7(1)",56
731,730,07312,diag_2,"228(1), 250.01(1), 411(1), 280(1), 428(2), 250(2), 196(1), 414(2), 403(1), #####(8), 424(2), 425(1), 41(1), 427(5), 780(1), 571(1), 596(1), E879(1), 305(3), 198(1), 707(1), 276(3), 567(1), 599(1), 197(1), 416(1), 295(1), 566(1), 716(1), 285(2), 493(1), 473(1), 296(1), 584(1), 585(1), 349(1)",56
732,731,07321,diag_1,"414(3), 786(2), 428(2), 433(1), 410(1), 425(1), 571(1), 404(1), 530(1), #####(9), 250.6(1), 721(1), 296(1), 153(1), 294(1), 276(2), 562(1), 427(2), 599(3), 682(2), 577(4), 486(2), V57(1), 453(1), 592(1), 250.8(1), 781(1), 38(1), 250.13(1), 575(1), 250.02(1), 519(1), 557(1), 491(1), 654(1)",56
732,731,07322,diag_2,"411(1), 250.6(1), 413(1), 581(1), 403(4), 250(3), 428(2), 70(1), 414(2), 710(1), 401(2), 496(2), 786(1), 309(1), 427(3), 250.02(3), 511(2), #####(1), 276(2), 707(2), 790(1), 303(1), V49(1), 493(2), 491(1), 304(1), 682(1), 562(1), 535(1), 278(1), 558(1), 285(1), 296(1), 584(2), 518(1), V23(1), 482(1), 585(1)",56
733,732,07331,diag_1,"250.3(1), 38(1), 414(4), V57(3), 402(1), 682(1), 780(1), 786(3), 410(1), 996(3), 572(1), 276(2), 428(2), 198(1), 535(1), 574(2), 515(1), 197(1), 486(4), 531(1), #####(3), 577(1), 560(1), 250.6(1), 250.7(1), 507(1), 250.13(1), 821(1), V58(1), 518(2), 491(2), 250.8(1), 493(1), 584(1), 150(1), 8(1), 599(1)",56
733,732,07332,diag_2,"250.7(1), 250.41(1), 411(2), 244(1), 710(1), 250(3), 424(1), 250.6(2), 404(1), 428(2), 276(5), 403(4), 571(1), 278(1), 189(1), 70(1), #####(4), 998(1), 414(1), 280(1), 427(1), 305(1), 788(1), 707(3), 785(1), 518(2), 786(1), 153(1), E878(1), 491(2), 250.02(1), 438(1), 486(2), 531(1), 584(1), 349(1)",56
734,733,07341,diag_1,"436(1), 250.6(3), 414(4), 250.7(1), 682(4), 250.4(1), 278(2), 786(2), V55(1), 276(1), 435(1), 996(2), 241(1), 486(4), 560(2), 562(1), 458(1), 715(2), 348(1), 428(1), 434(3), 648(1), 174(1), 493(1), 730(1), 578(1), 518(1), 599(1), 427(1), 920(1), 491(1), 250.12(1), 718(1), 197(1), 552(1), 557(1), 403(1), 273(1)",56
734,733,07342,diag_2,"413(2), 378(1), 411(2), 440(1), 608(1), 433(1), 403(4), 401(7), 998(1), 250(3), 276(4), 38(1), 427(2), 428(1), 280(1), 536(1), 682(3), 376(1), 197(1), 250.02(1), 515(1), 511(1), 253(1), 599(1), 342(1), 564(1), 786(1), 414(1), 507(2), 285(2), 576(1), 584(1), 585(2), 577(1)",56
735,734,07351,diag_1,"486(3), V57(1), 414(2), 799(1), 278(1), 410(4), 786(3), 593(1), 428(2), 530(1), #####(3), 250.01(1), 290(1), V63(1), 434(2), 211(1), 351(1), 682(1), 427(4), 250.7(1), 780(2), 724(1), 250.8(3), 562(1), 590(1), 852(1), 599(1), 491(1), 250.13(1), 250(1), 715(1), 250.82(1), 296(1), 38(1), 656(1), 280(1), 812(1), 618(1)",56
735,734,07352,diag_2,"250.03(1), 250.6(1), 411(2), V45(1), 250(1), 413(1), 401(1), 428(2), 591(1), 250.4(1), 414(4), 70(1), 427(4), 496(3), 303(1), 311(1), 553(1), 250.92(1), 493(1), #####(3), 785(1), 305(1), 295(1), 335(1), 276(4), 592(1), 285(1), 682(1), 786(1), 599(1), 491(1), 731(1), 486(2), 301(1), 584(1), 648(1), 792(1), 995(1), 585(1), 618(1)",56
736,735,07361,diag_1,"410(3), 786(4), 521(1), 250.41(1), 486(2), 414(2), 996(4), 440(2), 189(1), 780(2), 311(1), 428(2), 430(1), 250.02(2), 404(1), 250.11(1), 296(1), 427(2), 511(1), 682(1), V58(1), 599(1), 558(1), 715(1), 728(1), 924(1), 211(1), 250.1(1), 733(2), 250.8(1), 584(2), 812(1), 250.6(1), 493(1), 518(2), V54(1), 349(1), 575(1)",56
736,735,07362,diag_2,"250.01(3), 404(1), 403(4), 411(1), V15(1), 250(4), 997(1), 428(2), 424(2), 496(4), 340(1), 682(3), 414(1), 427(1), 425(1), 786(1), 599(4), 512(1), 996(1), 250.02(1), 197(1), 560(1), 568(1), 787(1), 733(1), 491(1), 707(1), 295(1), 441(1), 332(1), 840(1), 276(1), 357(1), 466(1), 285(1), E878(1), 584(1), 585(1)",56
737,736,07371,diag_1,"250.03(1), 562(2), 414(5), 786(3), 428(2), 42(1), V57(2), 410(3), 433(1), 997(2), 295(1), 577(1), 789(2), 434(2), #####(1), 682(3), 780(2), 403(1), 486(1), 425(1), 482(1), 444(1), 415(1), 183(1), V58(1), 820(1), 455(1), 38(1), 560(1), 466(1), 824(1), 493(1), 527(1), 459(1), 250.82(1), 518(2), 218(1), 659(1)",56
737,736,07372,diag_2,"528(1), 250.01(1), 411(3), 250.6(1), V42(2), 250(3), 428(2), 70(2), 403(3), 8(1), 414(1), 305(2), 427(5), V10(1), 401(2), 425(1), 707(2), 284(1), 599(3), 998(1), 263(1), 285(1), 453(1), 197(1), 198(1), 595(1), 682(3), 287(1), #####(2), 511(1), 577(1), 491(1), 626(1), 486(1), 648(1)",56
738,737,07381,diag_1,"715(1), 94(1), 250.81(1), 414(3), 924(1), 530(1), 278(1), 458(1), 433(1), 722(1), 410(1), 786(3), 440(2), 507(1), 434(2), 276(2), 250.6(1), 721(1), 486(3), 197(1), 566(1), 682(3), 577(2), 424(1), 427(1), 821(1), 592(1), 38(2), 600(1), 599(1), 250(1), 428(1), 808(1), 250.12(1), 8(1), 453(1), 789(1), 820(1), 730(1), 491(1), 250.8(1), 568(1), 403(1)",56
738,737,07382,diag_2,"250.01(1), 250.02(1), 398(1), 411(2), 250.5(1), 250.11(1), 250(3), 401(3), E942(1), 496(4), 38(1), 425(1), 428(2), 790(1), 453(1), 403(2), #####(3), 574(1), 414(1), 8(1), 491(2), 424(1), 599(1), 413(1), 590(1), 368(1), 276(2), 153(1), 285(2), 204(1), 462(1), 682(1), 284(1), 410(1), 535(1), 681(1), 162(1), 730(1), 585(3)",56
739,738,07391,diag_1,"566(1), V57(2), 414(3), 786(4), 250.7(1), 435(1), 572(1), 428(2), 577(4), 592(2), 276(1), 250.6(4), 440(1), #####(3), 996(1), 486(1), 682(2), 298(1), 507(1), 820(1), 562(1), 511(1), 453(1), 197(1), 781(1), 584(2), 250.8(1), 491(1), 790(1), 38(2), 8(1), 715(1), 518(1), 560(1), 253(1), 296(1), 338(1)",56
739,738,07392,diag_2,"565(1), 719(2), 411(1), 440(2), 250(5), 434(2), 401(2), 571(1), 403(4), 997(1), 496(1), 996(2), 425(2), 38(3), 428(2), 410(1), 785(1), #####(1), 41(1), 427(1), 276(3), 599(2), 590(2), 786(1), 162(1), 780(1), 794(1), 591(1), 358(1), 285(1), 491(1), 799(1), 482(1), 585(1), V62(1), 263(1)",56
740,739,07401,diag_1,"682(2), 726(1), 414(5), 298(1), 786(2), 410(3), 295(1), 440(1), 404(1), 996(1), 428(2), 530(1), 250.02(1), 485(1), V55(1), 285(1), 707(2), 296(1), 153(1), 401(1), 250.6(2), 573(1), 434(1), 820(2), 486(2), 274(1), 562(2), 584(1), 599(1), 280(1), 491(1), 38(2), 790(1), 444(1), 805(1), 487(1), 578(1), 8(1), 162(1), 626(1), 403(1)",56
740,739,07402,diag_2,"250.01(2), 411(2), 437(1), V45(1), 282(1), 300(1), 428(2), 250(2), 401(2), 287(1), #####(4), 403(1), 427(3), 424(1), 571(1), 276(6), 38(1), 558(1), 250.4(1), 250.02(3), 414(1), 402(2), 707(1), 710(1), 682(1), 569(1), 496(1), 491(2), E885(1), 599(2), 516(1), 285(1), 486(1), 626(1), 584(1), 585(1)",56
741,740,07411,diag_1,"648(1), 518(2), 376(1), 414(6), 250.81(1), 276(2), 183(1), 295(1), 410(5), 786(2), 437(1), 250.4(1), 535(1), 428(2), 592(1), 434(1), 682(1), 531(1), 153(1), 820(2), 727(1), 822(1), 38(1), 53(1), 618(1), 402(1), 998(1), 780(1), 491(2), 824(1), 466(1), 577(1), 599(1), 250.8(1), 608(1), #####(1), 574(1), 584(1), 861(1), 250.82(1), 296(1)",56
741,740,07412,diag_2,"250.03(1), 436(1), 250(3), 411(2), 428(2), 413(1), 250.6(1), 401(1), 492(1), #####(4), 300(1), 414(1), 453(2), 276(6), 496(2), 571(2), V45(1), 707(3), 280(1), 427(2), 998(1), 726(1), 785(1), 403(2), 486(2), 682(1), 250.8(1), 599(1), 250.02(1), 577(1), 850(1), 518(1), 314(1), 507(1), 585(1), 9(1)",56
742,741,07421,diag_1,"250.3(1), 415(1), 414(3), 786(3), 431(1), 721(2), 428(2), 438(1), #####(4), 250.6(2), 996(1), 38(1), 682(2), 300(1), 535(2), 410(1), 296(2), 282(1), 250.11(2), 787(2), 250.7(1), 276(1), 434(2), 427(4), 198(1), 493(1), V58(1), 280(1), 730(1), 790(1), 357(1), 250.8(2), 599(1), 491(1), 805(1), 518(1)",56
742,741,07422,diag_2,"V42(1), 250.01(1), 411(2), 715(1), 413(1), 250.6(2), 282(1), 397(1), 242(1), 784(1), 250(4), 250.02(2), 425(1), 401(2), 790(1), 38(1), 515(2), 414(1), 427(4), 276(3), 599(2), 496(1), 530(1), 41(1), 707(3), 518(1), 785(1), 162(3), 410(1), 434(2), 729(1), 204(1), 426(2), 342(1), 584(1), 756(1)",56
743,742,07431,diag_1,"493(1), 682(2), 414(1), 402(1), 433(1), 786(1), 440(1), 507(1), 437(1), 571(2), 721(1), 250.6(2), 435(1), 410(1), 780(3), 965(1), 250.2(1), V57(1), 434(2), 428(2), 486(2), 564(1), 578(1), 591(1), 728(1), 726(1), 250.1(1), 198(1), 491(1), 560(1), #####(1), 584(1), 427(2), 250.82(1), 444(1), 250(1), 331(1), 487(2), 250.8(1), 8(1), 518(2), 280(1), 658(1), 276(1), 995(1)",56
743,742,07432,diag_2,"250.01(1), 250.7(1), 411(1), 428(2), V70(1), 401(1), 403(3), 780(2), 456(1), 242(1), 723(1), 250(1), 427(3), 404(1), 788(1), 518(1), 784(1), 414(1), 496(1), #####(2), 287(1), 250.02(2), 413(1), 710(1), 305(2), 733(1), 572(1), 599(3), 491(1), 276(3), 244(1), 782(1), 410(2), 294(1), 304(1), 681(1), 577(1), 785(1), 648(1), 585(2), 349(1)",56
744,743,07441,diag_1,"592(1), 786(3), 198(2), 461(1), 250.03(1), 414(5), 714(1), 433(1), 295(3), 428(2), 276(1), 996(1), 332(1), 410(2), 440(1), 569(1), 600(1), 182(1), #####(3), 250.02(1), 724(2), 682(1), 564(1), 427(1), 998(1), 562(1), 250.6(1), 486(2), 38(1), 197(1), 715(2), 789(1), 577(1), 599(1), 250.8(2), 491(3), 711(1)",56
744,743,07442,diag_2,"250.41(1), 250.01(1), 250.03(1), 493(2), 840(1), 411(2), 727(1), 413(1), 512(1), 403(1), 250(3), 414(1), 401(3), 424(1), 496(1), 425(1), 428(2), 415(1), 444(1), 280(1), 426(1), 596(1), 276(2), 196(1), 427(2), 511(1), 197(1), 250.02(1), 707(3), 455(1), 786(2), #####(1), 572(1), 304(1), 599(1), 577(1), 518(2), 682(1), 731(1), 278(1), 285(1), 585(1), 338(1)",56
745,744,07451,diag_1,"436(1), 414(3), 786(3), 660(1), 197(1), 440(1), 507(1), 530(1), 276(3), 435(1), 607(1), 789(1), 535(1), 404(1), 780(2), 250.11(1), 203(1), 562(3), 250.6(1), 599(2), 540(1), 250.8(4), 38(1), 596(1), 401(1), 458(1), 486(2), 285(1), 493(1), 845(1), 491(2), 410(1), 280(1), 959(1), 574(2), 715(1), 428(1), 578(1), 820(1), 453(1)",56
745,744,07452,diag_2,"780(1), 411(2), 413(1), 250(4), 401(2), V10(1), 496(3), 428(2), 287(3), 403(2), 250.02(1), 275(1), 292(1), 553(2), 427(3), 276(3), 424(1), 707(2), #####(4), 333(1), 786(1), 599(1), 278(1), 157(1), 591(1), 584(3), 491(1), 486(1), 518(1), 733(1), 477(1), 799(1), 585(2)",56
746,745,07461,diag_1,"440(1), 786(2), 414(3), 410(2), 729(1), 404(1), 996(2), 428(2), 435(1), 577(1), 401(1), #####(4), 873(1), 576(1), 348(1), 296(1), 511(1), 415(2), 707(1), 250.6(1), 250.8(3), 715(2), 780(2), 574(1), 486(2), 276(1), 331(1), 491(3), 592(1), 427(1), 458(1), 584(1), 250.82(1), 599(1), 205(1), 518(1), 600(1), 38(1), 8(1)",56
746,745,07462,diag_2,"250.01(1), 277(1), 411(1), 250.6(1), V45(1), 413(1), 300(1), 428(2), #####(4), 493(1), 425(2), 38(1), 784(1), 574(1), 427(3), 305(3), 250(2), 434(1), 511(2), 41(1), 276(4), 424(2), 453(1), 996(1), 785(1), 707(1), 592(1), 285(3), 466(1), 250.8(1), 486(3), 491(1), 584(1), 576(1), 799(1), 255(1), 348(1)",56
747,746,07471,diag_1,"436(1), 433(1), 250.83(1), 414(3), 250.7(2), 786(3), 440(1), 722(1), 996(3), 428(2), 386(1), 442(1), 998(1), 577(1), 157(1), 250.11(1), 820(1), #####(1), 724(1), 789(1), 220(1), 427(4), 155(1), 250.6(2), 562(1), 432(1), 728(1), 584(1), 574(1), 578(1), 490(1), 535(1), 595(1), V57(1), 491(1), 348(1), 962(1), 250.82(2), 482(1), 825(1), 8(1), 415(1), 276(1)",56
747,746,07472,diag_2,"250(3), 250.01(1), 780(1), 411(2), 440(1), 413(1), 428(1), 493(2), 403(4), 153(1), 402(1), 790(1), 414(3), 287(1), 276(6), 401(3), 427(1), 331(1), 496(2), 785(1), 305(2), 611(1), 250.02(1), E878(1), 486(2), 296(1), 599(1), 438(1), 507(1), E858(1), 295(1), 491(1), 707(1), 584(1), 585(2), 337(1)",56
748,747,07481,diag_1,"682(2), 414(4), 528(1), 402(1), 433(2), 786(3), 401(1), 410(2), 276(1), 434(3), 428(2), 253(1), 996(1), 486(1), 780(1), 38(2), 250.6(1), 182(1), 427(4), 426(1), 998(1), 287(1), 787(1), 715(1), 348(1), 560(1), #####(2), 280(1), 599(2), 340(1), 625(1), 959(1), 820(1), 969(1), 443(1), 823(1), 492(1), 491(1), 824(1)",56
748,747,07482,diag_2,"250.01(2), 411(2), 425(2), 250(4), 723(1), 287(1), 496(3), 427(4), 996(1), 305(1), 284(1), 780(3), 401(3), 38(1), 250.4(1), 295(1), 424(1), 682(1), 276(5), 250.02(1), 205(1), 785(2), 491(1), 428(1), 304(1), 413(1), 426(1), 285(1), 518(1), 816(1), 995(1), 414(1), 585(1), 482(1), 745(1), 823(1)",56
749,748,07491,diag_1,"996(2), 414(2), 710(1), 786(3), V57(3), 562(2), 410(2), 571(1), 276(1), 151(1), 428(2), 416(1), 997(2), 722(1), 567(1), 438(1), #####(3), 801(1), 427(1), 578(2), 507(1), 715(2), 540(1), 780(1), 493(2), 280(1), 331(1), 584(1), 434(1), 250.8(1), 38(2), 491(1), 682(1), 250(1), 250.6(1), 574(1), 250.12(2), 569(1), 813(1)",56
749,748,07492,diag_2,"250.41(1), 411(1), 492(1), 250(4), 403(5), 8(1), 428(2), 282(1), 570(1), 414(2), 272(2), 998(1), 496(2), #####(2), 426(2), 599(4), 425(1), 276(4), 780(1), 604(1), V63(1), V58(1), 287(1), 293(1), 342(1), 707(1), 590(1), 427(1), 285(2), 357(1), 577(1), V54(1), 486(1), 579(1), 585(1), 812(1)",56
750,749,07501,diag_1,"428(2), 414(5), 535(2), 410(2), 440(1), 530(2), 780(6), 434(1), 507(1), 786(2), 486(3), 250.7(1), 276(1), 801(1), 562(1), 53(1), 447(1), 250.6(1), 789(1), 427(2), 577(1), #####(2), 821(2), 578(1), 281(1), 250.1(1), 250.13(2), 820(1), 531(1), 599(2), 238(1), V54(1), 493(1), 575(1), 285(1)",56
750,749,07502,diag_2,"250.03(1), 411(2), 250.7(1), 250.6(1), 428(2), 427(3), #####(3), 403(1), 413(1), 401(3), 425(1), 250.02(1), 276(5), 250(4), 414(1), 707(1), 250.92(1), 788(1), 491(2), 434(1), 305(1), 560(1), 303(1), 250.82(1), 410(1), 780(1), 280(1), 453(1), 204(1), 682(1), 536(1), 41(1), 715(1), 786(1), 724(1), 250.8(1), 599(1), 873(1), 584(1), 585(1)",56
751,750,07511,diag_1,"250.41(1), 730(1), 414(3), 493(2), 250.7(1), 401(2), 278(1), 996(1), 410(1), 786(2), 276(3), 403(1), 428(2), 486(3), 726(1), 434(2), 780(2), 250.11(1), 451(1), #####(2), 198(1), 820(2), 427(2), 789(1), 998(1), 715(1), 562(1), V54(1), 648(1), 997(1), 584(1), 807(1), 491(2), 280(1), 532(1), 784(1), 79(1), 557(1), 38(2)",56
751,750,07512,diag_2,"403(3), 250.01(1), 411(3), 250.03(1), 440(1), 401(3), 427(4), 414(2), 250.02(2), 250.4(1), 425(3), 784(1), 496(1), 276(2), 428(2), 444(2), 998(1), 250(1), 493(1), 599(1), 574(1), 682(2), 782(1), 250.6(1), 591(1), 285(2), 729(1), 424(1), 446(1), 198(1), 402(1), 473(1), 787(1), 558(1), 540(1), 728(1), 518(1), 585(1)",56
752,751,07521,diag_1,"414(4), 402(1), V57(1), 786(2), 250.4(1), 410(3), 295(1), 413(1), 996(1), 997(1), 276(2), 590(1), 780(2), 486(2), 428(2), 434(1), 707(1), 820(1), 331(1), 250.8(3), 250.7(1), #####(2), 715(3), V58(1), 250.1(1), 592(1), 724(1), 785(1), 250(1), 38(1), 493(1), 427(1), 781(1), 558(1), 8(1), 577(1), 584(1), 518(1), 250.82(1), 403(1), 682(1)",56
752,751,07522,diag_2,"411(1), 413(1), 250(4), 431(1), 396(1), 403(3), 401(1), 428(2), 427(4), 530(1), 414(1), 786(2), 780(2), 496(2), 781(1), 250.02(2), #####(1), 785(2), 599(2), 198(1), E932(1), 998(1), 272(1), 682(1), 491(3), 591(1), 197(1), 250.8(1), 707(1), 276(2), 577(2), 285(1), 584(2), 585(1), 556(1), V85(1)",56
753,752,07531,diag_1,"942(1), 414(5), 250.4(1), 593(1), 590(1), 786(2), 729(1), 996(1), 410(2), 434(2), 682(5), 997(1), 719(1), 486(1), 428(2), #####(1), 458(1), 211(1), 820(1), 560(1), 250.6(1), 276(1), 198(1), 599(1), 250.92(1), 562(1), 812(2), 202(1), 427(2), 491(1), 250.8(1), 558(1), V57(1), 8(1), 250.2(1), 824(1), 331(1), 578(1), 38(1), 296(1), 518(1), 823(1)",56
753,752,07532,diag_2,"276(6), 411(2), 583(1), 305(1), 401(4), 250.11(1), 428(2), 496(3), 427(7), 403(2), 453(1), 250.42(1), 998(1), #####(2), 414(1), 996(1), 599(2), 155(1), 303(1), 567(1), 250(2), 285(2), 707(1), 438(1), V58(1), E885(1), 294(1), 518(1), 307(1), 507(1), 807(1), 266(1), 924(1)",56
754,753,07541,diag_1,"414(3), 226(1), 511(1), 532(1), 786(3), 410(1), 441(2), 431(2), 428(2), 276(1), 440(2), 577(1), 386(1), 998(1), 560(2), 250.02(1), 250.6(1), 599(1), 174(1), 153(1), 514(1), 490(1), 578(1), 562(1), 486(2), 250.8(1), 331(1), 820(1), 780(2), 491(1), 435(1), 459(1), 250.11(1), 493(1), 584(2), 8(1), 821(1), 536(1), #####(1), 433(1), 805(1), 404(1), 812(1), 716(1)",56
754,753,07542,diag_2,"411(2), 250.6(1), 413(1), 958(1), 250(2), 414(2), 427(4), 250.02(2), 496(1), 401(1), 425(1), 8(1), 42(1), 996(1), 560(1), 286(1), 599(4), 998(1), 38(2), 433(1), 707(1), 780(1), 276(2), 424(1), 162(1), 578(1), 428(1), 344(1), 453(1), 569(1), 272(1), 491(1), 782(1), 540(1), 466(1), 285(1), 728(1), 805(2), 584(1), 435(1), 585(1), 799(1), 296(1)",56
755,754,07551,diag_1,"414(5), 997(1), 420(1), 799(1), 250.7(1), 496(1), 786(3), 648(1), 447(1), 276(1), 723(1), 574(1), 578(2), 434(1), 298(1), 682(3), 250.11(1), 562(1), 530(1), 428(2), 486(2), 787(1), 789(1), 511(1), 552(1), 558(1), 435(1), 427(1), 507(1), #####(2), 516(1), 560(1), 162(1), 780(2), 346(1), 618(1), 285(1), 518(1), 250(1), 825(1), 815(1), 8(1), 952(1)",56
755,754,07552,diag_2,"411(2), 711(1), 996(1), 428(2), 496(4), 403(2), 250(4), 424(1), 692(1), 427(5), 414(2), 288(1), 272(1), 250.6(1), 276(5), #####(5), 530(1), 493(2), 287(1), 284(1), 250.02(2), 518(1), 785(1), 599(1), 197(1), 490(1), 625(1), 491(1), 786(1), 723(1), 585(2)",56
756,755,07561,diag_1,"738(1), 436(1), 250.03(1), 414(4), 428(2), 250.4(1), 153(1), 413(1), 786(2), V57(1), 444(1), #####(7), 292(1), 996(1), 682(2), 530(1), 577(1), 458(1), 276(1), 562(2), 427(1), 715(2), 162(1), 38(2), 112(1), 491(2), 250.8(3), 574(2), 205(1), 481(1), 518(1), 447(1), 569(1), 250.82(2), 453(1), 296(1)",56
756,755,07562,diag_2,"250.01(1), 496(1), 276(3), 411(1), V15(1), 413(1), 403(2), 250.6(1), 401(1), 428(2), 250(7), 203(1), 414(1), 440(1), V45(1), 780(1), 38(1), 706(1), 453(1), 574(1), 427(3), 250.02(1), 424(1), 412(1), 198(1), 287(1), 731(1), 568(1), 707(2), 599(1), 491(1), 577(1), 444(1), 562(2), 584(2), 466(1), 507(1), 787(1), 289(1), 585(1), V62(1)",56
757,756,07571,diag_1,"434(2), 414(4), 401(1), 962(1), 801(1), 738(1), V57(1), 433(1), 786(5), 278(1), 423(1), 435(1), 410(1), 428(2), 242(1), 682(2), 512(1), 820(1), 286(1), 507(1), #####(3), 535(1), 280(1), 38(2), 250.8(3), 156(1), 569(1), 482(2), 486(1), 427(1), 996(1), 493(1), 294(1), 453(1), 491(2), 715(1), 518(1), 312(1), 821(1)",56
757,756,07572,diag_2,"250.01(1), 411(1), 250.52(1), E950(1), 277(1), 724(1), 496(1), 428(2), 427(4), 425(2), 414(3), 401(2), 413(1), 250.02(2), 70(1), 424(1), 250(1), 403(1), V45(1), 486(2), 599(2), 276(4), 295(1), 205(1), 780(1), #####(1), 577(1), 162(2), 491(3), 250.8(1), 493(1), 682(1), 511(1), V43(1), 312(1), 202(1), 285(1), 317(1), 585(1)",56
758,757,07581,diag_1,"722(1), 296(1), 682(3), 414(2), 378(1), 303(1), 250.7(2), 428(2), 410(1), 437(1), 786(1), 532(2), 723(1), 435(2), 794(1), 411(1), #####(6), 434(1), V58(1), 250.11(1), 893(1), 250.6(1), 427(4), 592(2), 401(1), 515(1), 157(1), 188(1), 486(1), 558(1), 577(1), 493(1), 715(1), 250.8(1), 812(1), 275(1), 491(1), 518(1), 250.82(1), 997(1)",56
758,757,07582,diag_2,"250.01(2), 250.03(1), 411(1), 250.52(1), 496(2), 440(1), 250.6(1), 250(2), 300(1), 427(2), 414(1), 41(1), 403(2), 428(2), 401(2), 250.4(1), 250.02(4), 425(2), 205(1), 707(2), 276(2), #####(2), 681(1), 536(1), 204(1), 599(3), 511(1), 789(1), 591(1), 493(1), 250.82(1), 285(1), 8(1), 516(1), 518(1), 486(1), 730(1), 585(2), 442(1)",56
759,758,07591,diag_1,"276(3), 414(4), 293(1), 410(3), 284(1), 997(1), 786(2), 427(5), 428(2), 486(5), V58(2), 250.6(1), 571(1), 250.7(1), 434(1), #####(2), 250.02(1), 250.8(2), 280(1), 715(2), 787(2), 250.11(1), 311(1), 41(1), 481(1), 728(1), 38(1), 558(1), 584(1), 482(1), 730(1), 595(1), 459(1), 337(1)",56
759,758,07592,diag_2,"250.01(1), 411(1), 428(2), 997(1), 413(2), 496(1), 250(1), 403(2), 493(1), 414(2), 427(2), #####(3), 189(1), V45(1), 153(1), 707(3), 572(1), 424(1), 785(1), 276(9), 198(1), 511(1), 425(1), 599(1), 486(1), 250.92(1), 304(1), 421(1), 491(2), 577(1), 592(1), 728(1), 285(1), 255(1), 578(1), V54(1), 585(2)",56
760,759,07601,diag_1,"414(4), 410(2), 250.3(1), 682(2), 185(1), 786(3), 996(2), V57(1), 348(1), 427(4), 250.31(1), 276(2), 250.6(1), 434(2), 428(2), 153(1), 574(1), 296(1), 250.11(1), 292(1), #####(2), 507(1), 789(1), 998(2), 824(2), 250.1(1), 453(1), 250.82(1), 38(2), 275(1), 584(1), 491(2), 812(1), 527(1), 715(1), 250.8(1), 557(1)",56
760,759,07602,diag_2,"250.01(2), 276(5), 411(3), 277(1), 250(4), 401(2), 496(3), 70(2), 820(1), 397(1), 518(1), 196(1), 427(4), 428(2), 38(1), 280(1), 287(1), 578(1), 591(1), 511(1), 202(1), 682(2), 285(4), 577(1), 707(1), 486(2), 162(1), 507(1), V58(1), 452(1), 208(1), 995(1), 585(1)",56
761,760,07611,diag_1,"428(2), V57(1), 414(5), 204(1), 786(1), 532(1), 410(3), 70(1), #####(5), 715(3), 996(1), 535(1), 250.11(1), 386(1), 560(1), 562(1), 511(1), 427(1), 564(1), 250.02(1), 820(1), 707(1), 280(1), 276(1), 486(3), 571(1), 162(1), 577(1), 491(2), 453(1), 518(1), 584(1), 447(1), 455(1), 998(2), 531(1), 443(1), 383(1), 38(1)",56
761,760,07612,diag_2,"250.41(1), 719(1), 411(1), 287(1), 250(3), 403(1), 428(2), 414(2), 280(1), 401(1), 571(1), 427(4), 496(4), 425(1), 715(1), 276(6), 593(1), 599(2), 250.02(1), 410(1), 295(1), 413(1), 786(1), 789(1), 198(1), 535(1), 491(1), 42(1), 415(1), #####(1), 707(1), 443(1), 577(1), E878(1), 486(1), 584(2), 562(1), 444(1), 785(1)",56
762,761,07621,diag_1,"786(4), 427(2), 428(2), 414(4), 250.7(1), 402(1), 295(1), 572(1), 996(4), 410(2), 276(5), 507(1), 426(1), 511(2), 458(1), 552(1), #####(3), 435(1), 789(1), 707(1), 486(2), 540(1), 292(1), 567(1), 466(1), 730(1), 578(1), 491(2), 250.8(2), 557(1), V57(1), 38(1), 574(1), 682(1)",56
762,761,07622,diag_2,"250.01(2), 250.41(1), 411(1), 997(1), 440(1), 413(1), 250(2), 401(4), 403(4), 425(1), 414(1), 571(1), 434(1), 8(1), 427(5), 780(2), 453(1), V10(1), 250.02(2), 402(1), 428(2), 996(1), 599(1), 682(2), 305(1), 250.8(1), 303(1), #####(1), 707(1), 491(1), 424(1), 433(1), E878(1), 410(1), 438(1), 486(1), 566(1), 730(1), 255(1), 585(1)",56
763,762,07631,diag_1,"414(1), V57(2), 428(2), 434(1), 722(1), 398(1), 786(5), 402(1), 453(3), 276(1), 250.6(2), 996(1), 438(1), 386(1), 437(1), 250.02(1), 780(2), 401(1), 486(1), 296(1), 507(1), 162(1), 724(1), 574(3), 291(1), 682(1), 415(1), #####(1), 562(1), 789(1), 427(2), 9(1), 590(1), 715(1), 493(1), 693(1), 285(1), 482(1), 250.8(1), 38(1), 250.12(1), 403(1), 440(1)",56
763,762,07632,diag_2,"411(1), 396(2), 492(1), 135(1), 496(4), 250(2), 453(2), 401(4), 780(3), 427(4), 451(1), 428(1), 403(1), 38(1), 276(7), 402(1), V42(1), 493(1), 303(2), 574(1), 250.02(2), 410(1), 591(1), 599(1), 153(1), 491(1), 358(1), 458(1), 787(1), 799(1), 486(1), V58(1), 585(1), 262(1)",56
764,763,07641,diag_1,"428(2), 434(1), 724(1), 414(3), 250.11(2), 278(1), 433(3), 410(2), 786(3), 996(1), 566(1), #####(5), 435(1), 276(3), 241(1), 295(1), 431(1), 486(1), 507(1), 820(1), 38(3), 79(1), 427(2), 998(1), 518(1), 198(2), 466(1), 250.6(1), 250(1), 805(1), 564(1), 8(1), 250.82(1), 296(1), 715(1), 577(1), 682(1)",56
764,763,07642,diag_2,"250.01(3), 411(2), 250.6(1), 250(5), 403(3), 780(1), 401(3), 414(2), 250.02(3), 280(1), 496(3), 402(1), 599(3), 276(4), 434(1), 710(1), 427(2), 203(1), 996(1), 492(1), 682(1), 820(1), 162(1), 721(1), 357(1), 428(1), E935(1), 458(1), 518(1), 707(1), 301(1), 584(1), 585(2)",56
765,764,07651,diag_1,"996(2), 436(1), 442(1), 414(3), 728(1), 786(2), V57(1), 410(1), V55(1), 276(1), 435(2), 428(2), 721(1), 562(1), 296(2), 780(2), 486(5), 250.8(2), 427(2), 431(1), 401(1), 568(1), 250.6(1), 250.02(1), 250.1(1), 998(1), 715(1), 600(1), 789(1), 453(1), 599(2), 280(1), 491(2), 560(1), 493(1), 38(1), 802(1), 552(1), 584(1), 935(1)",56
765,764,07652,diag_2,"250.41(1), 507(1), 550(1), 411(2), E942(1), 428(2), 250(2), 197(1), 496(4), 569(2), 403(2), 401(2), 38(2), 287(1), 413(1), 425(1), 300(1), 780(1), 440(1), 427(1), 250.02(3), 535(1), 707(2), 276(4), 398(1), 511(1), 996(1), 682(1), 599(1), 250.92(1), 303(1), #####(1), 491(1), 304(1), 785(1), 873(1), 518(2), V46(1), 862(1)",56
766,765,07661,diag_1,"530(1), 297(1), 414(4), 276(1), 997(2), 386(2), 435(1), 786(1), 780(2), 428(2), 562(1), 185(1), 295(1), 434(1), #####(4), 250.02(1), 250.2(1), 250.11(1), 291(1), 600(1), 486(1), 560(1), 782(1), 965(1), 250.6(1), 253(1), 421(1), 410(1), 584(2), 427(1), 466(1), 493(1), 577(1), 179(1), 296(1), 250.8(1), 820(1), 195(1), 808(1), 518(2), 250.13(1), 627(1), 824(1), 338(1)",56
766,765,07662,diag_2,"250.01(1), 250(2), 411(1), V15(1), 413(1), 401(2), 404(2), 386(1), 515(1), 428(2), 427(4), 403(3), V42(1), 276(4), 682(1), 780(2), 496(2), 425(1), 571(1), #####(4), 531(1), 250.02(1), 996(1), 518(1), 794(1), 577(1), 197(1), 304(1), 785(1), 285(2), 787(1), 584(2), E888(1), 507(1), 486(1), 585(1), 198(1)",56
767,766,07671,diag_1,"414(4), 780(3), 786(2), 410(4), 507(1), 530(1), 426(1), 434(4), 276(1), 577(2), 428(2), 182(1), 535(1), 404(1), 112(1), 162(1), 996(1), 427(2), 486(3), 300(1), 437(1), 534(1), 250.13(1), 599(3), 557(1), 250.42(1), 8(1), 250(1), 250.8(1), #####(1), 584(1), 491(1), 250.82(1), 518(1), 403(1), 250.6(1), 250.12(1)",56
767,766,07672,diag_2,"250.51(1), 250.03(1), 411(2), 250.6(2), 428(2), 424(1), 401(3), 426(1), 250.4(1), 427(3), #####(3), 496(2), 8(1), 42(1), 425(1), 707(1), 276(8), 305(1), 410(1), 250.02(1), 272(1), 507(1), 567(1), 41(1), 70(1), 571(1), 491(1), 342(1), 682(1), 486(2), 599(2), 585(5), 584(1)",56
768,767,07681,diag_1,"436(1), 440(1), 414(2), 250.4(1), 402(1), 786(1), 428(2), 403(2), 250.2(1), V58(1), 780(5), #####(3), 250.11(1), 998(1), 292(1), 733(1), 784(1), 434(3), 599(1), 250.02(1), 348(1), 427(1), 112(1), 536(1), 560(1), 882(1), 435(2), 410(1), 453(1), 808(1), 491(1), 493(2), 578(1), 533(1), 728(1), 558(1), 38(1), 507(1), 433(1), 552(1), 459(1), 404(1), 562(1)",56
768,767,07682,diag_2,"401(3), 250.01(1), 413(3), 403(4), 496(4), V45(1), 250.4(1), 424(1), 425(1), 276(3), 196(1), 305(2), 250(4), 340(1), 427(2), 250.42(1), 414(1), 453(1), 780(1), 428(1), 250.02(1), 599(3), 491(2), 280(1), 785(1), 486(2), 591(1), 584(2), 435(1), 438(1), 585(3), V85(1)",56
769,768,07691,diag_1,"153(1), 278(1), 250.13(1), 738(1), 414(2), 250.81(1), 722(2), 486(5), 402(1), V57(2), 355(1), 311(1), 786(2), V55(1), 532(1), 727(1), 574(1), 553(1), 440(1), 780(4), 428(1), 401(1), 824(1), 682(2), 415(1), 250.1(1), 79(1), 715(2), 433(1), 562(1), 807(1), 427(2), 558(1), 250.12(1), 38(2), 557(1), 491(1), 276(1), 625(1), 441(1), 345(1)",56
769,768,07692,diag_2,"250.01(1), V65(1), V15(1), 250(6), 411(3), 707(1), 425(1), 250.6(1), 54(1), 496(1), 403(2), 493(2), 599(3), 427(4), 305(2), 997(1), 788(1), 996(1), 272(2), 424(1), 428(2), 724(1), 250.02(2), 413(1), 41(1), 295(1), 443(1), 276(2), 786(1), 401(1), 584(2), 444(1), 281(1), 585(1), 442(1), 191(1)",56
770,769,07701,diag_1,"V57(1), 414(3), 410(1), 185(1), 722(1), 507(1), 250.6(2), 530(1), 428(2), 295(1), 997(1), 590(2), 682(1), 794(1), 486(4), 197(1), #####(1), 599(3), 434(2), 820(2), 424(1), 577(1), 998(1), 162(1), 415(1), 401(1), 578(1), 707(1), 618(1), 493(1), 824(1), 592(1), 250.13(1), 465(1), 250.8(1), 276(1), 491(2), 715(1), 620(1), 38(1), 346(1), 800(1), 278(1)",56
770,769,07702,diag_2,"436(1), 411(1), 413(2), 401(1), 722(1), 428(2), 250.02(2), 403(1), 424(1), 308(1), 560(2), 790(1), 250(2), 425(1), 496(3), 536(1), 427(2), 284(1), 331(1), 998(1), 414(1), 204(1), #####(1), 276(4), 453(1), 599(1), 280(1), 707(2), 295(1), 41(1), 530(1), 591(1), 724(1), 518(1), 294(1), 507(1), 285(1), 584(1), 562(1), 995(1), 435(1), 585(1), 305(1), V85(1)",56
771,770,07711,diag_1,"320(1), 250.41(1), 414(2), 290(1), 402(1), 250.7(1), 440(1), 413(1), 410(4), 789(1), 38(1), 530(1), 535(1), V57(1), 486(2), 726(1), 432(1), 572(1), 296(4), 428(2), 250.02(1), 922(1), 537(1), 310(1), 786(1), 427(2), 596(1), 562(2), 493(1), 250.13(1), 511(1), 730(1), 518(1), 250.8(1), 584(1), 482(1), 611(1), 998(1), 787(1), 642(1), 995(1), 578(1), 733(1), 458(1), #####(1)",56
771,770,07712,diag_2,"401(1), 403(3), 411(2), 437(1), 440(1), 413(1), 493(2), 496(2), 428(2), 780(1), 288(2), 250.02(1), 414(1), 530(1), 572(1), 276(3), 250(3), 599(2), 427(2), 305(2), 280(1), 805(1), 303(1), 346(1), 426(1), 788(1), 272(1), 786(1), 250.8(1), #####(1), 785(1), 491(1), 682(1), E878(1), 787(1), 648(1), E928(1), 285(1), 584(2), 585(1), V62(1)",56
772,771,07721,diag_1,"277(1), 722(1), 786(2), 682(1), 574(1), 414(3), 572(1), 507(1), 486(2), 996(1), 998(1), 223(1), 276(1), 250.6(1), 428(2), 386(1), 250.1(1), 197(2), 820(1), 562(2), 733(1), 250.42(1), 601(1), 491(3), 434(1), 599(3), 250.7(1), 458(1), 560(1), 780(2), 789(1), 493(2), 557(1), 453(1), 578(1), #####(3), 824(1), 715(1), 345(1), 618(1), 274(1)",56
772,771,07722,diag_2,"250.01(4), 250.93(1), 411(1), 413(1), 428(2), 571(1), V42(1), 403(2), 997(1), 591(1), 263(1), #####(3), 425(1), 276(2), 244(1), 197(1), 250(4), 600(1), 496(2), 427(2), 786(2), 41(1), 292(1), 433(1), 785(1), 278(1), 996(1), 733(1), 788(1), 569(1), 707(1), 456(1), 486(3), 285(2), 807(1), 780(1), 618(1), 585(2)",56
773,772,07731,diag_1,"170(1), V55(1), 428(2), 715(2), 414(4), 581(1), 786(2), 522(1), 411(1), 410(1), 430(1), #####(4), 996(1), 250.7(1), 458(1), 486(2), 808(1), 250.42(1), 435(1), 599(3), 682(1), 250.8(1), 427(1), 820(1), 567(1), 290(1), 287(1), V58(1), 38(2), 348(1), 824(1), 197(1), 789(1), 611(1), 453(1), 577(1), 780(1), 153(1), 782(1), 276(1), 518(1), 531(1), 836(1)",56
773,772,07732,diag_2,"285(2), 250.01(2), 250.41(1), 411(2), 424(4), 425(1), 403(2), 496(1), 428(2), 250.42(1), 427(2), 284(1), 571(1), 38(1), 682(1), 414(1), #####(2), 492(1), 780(2), 446(1), 996(1), 401(2), 493(1), 250.02(1), 707(1), 162(3), 997(1), 276(1), 453(1), 278(1), V10(1), 41(1), 305(1), 577(1), 491(1), 729(1), 518(1), 346(1), 787(1), 507(1), 537(1), 327(1)",56
774,773,07741,diag_1,"997(1), 526(1), 414(4), V57(2), 278(2), 600(1), 402(1), 295(1), 786(1), 996(2), 296(2), 276(1), 250.4(1), 428(2), 780(1), 458(1), 197(1), 250.11(1), 434(1), 577(1), 682(1), 998(1), #####(3), 427(1), 250.6(1), 540(1), 562(1), 486(1), 466(1), 599(1), 453(1), 518(1), 491(3), 38(2), 560(1), 154(1), 788(1), 493(1), 443(1), 852(1), 250.7(1), 8(1), 592(1)",56
774,773,07742,diag_2,"999(1), 414(1), 411(1), 413(1), 428(2), 401(2), 250.6(1), 425(4), 496(3), 250(2), 403(4), 309(1), 780(2), 707(2), 276(5), 574(1), 38(2), 493(1), 285(1), V45(1), 305(1), 569(1), 427(2), 157(1), 491(1), 453(1), 41(1), 304(1), 518(1), 599(1), 473(1), 584(3), 327(1), 202(1), 585(1)",56
775,774,07751,diag_1,"682(2), 414(3), 250.7(1), 786(4), 440(2), 428(2), 276(1), 590(1), 577(2), 410(3), 435(1), 434(1), 296(1), 174(1), 789(1), 998(1), 617(1), 574(2), 437(1), 250.6(1), 558(2), 780(3), 250.8(1), 569(1), 486(3), 482(1), 403(1), 562(2), 285(1), 518(3), 294(1), 404(1), 661(1), 250.82(1), 182(1), 996(1)",56
775,774,07752,diag_2,"250.01(1), 411(2), 440(1), 413(1), 478(1), 250(3), 780(1), 250.4(1), 493(1), 560(1), 403(3), 427(3), 401(4), 496(2), 424(1), 300(1), 428(2), 402(1), 998(1), 290(1), 707(3), 414(1), 250.02(2), 276(4), 726(1), 790(1), 599(2), 491(2), 486(2), 296(1), 584(1), 648(1), 285(1), 995(1), 438(1)",56
776,775,07761,diag_1,"719(1), 404(1), 250.83(1), 414(4), 724(1), 711(1), 786(4), 250.11(2), 284(1), 276(3), 433(1), 599(2), 434(2), 571(2), 845(1), 997(1), 486(2), 996(1), 428(2), 432(1), 292(1), 250.6(1), 577(1), 250.02(1), 250.8(1), 198(1), 163(1), 682(1), 789(1), 998(1), 820(1), 592(1), 38(1), 715(1), 410(1), 491(2), 584(1), 574(1), 920(1), 490(1), 250.13(1)",56
776,775,07762,diag_2,"250.01(1), 420(1), 272(1), 411(1), V15(1), 41(1), 70(1), 780(1), 401(2), 244(1), 250(1), 404(1), 427(5), 403(1), 402(2), 682(4), 79(1), 424(1), 286(1), 276(4), 428(2), 784(1), 996(1), 250.92(2), 599(1), 596(1), 162(1), 453(1), 707(2), 493(1), 789(1), 786(1), 591(1), 250.02(1), 486(1), 577(1), 959(1), 584(2), 585(1), V85(1)",56
777,776,07771,diag_1,"250.03(1), 250.23(1), 414(5), 410(3), 263(1), 786(2), 250.4(1), 413(1), 185(1), 532(2), 996(1), 276(2), 435(1), 434(1), 428(2), 997(1), 486(2), 562(1), 250.6(1), 250.7(2), 733(1), 530(1), 574(1), 787(2), V58(1), 693(1), 998(1), 250.8(2), 824(1), 682(1), 728(1), 575(1), 493(1), 584(1), V57(1), 491(1), 656(1), 715(1), 427(1), 823(1), 805(1), 218(1)",56
777,776,07772,diag_2,"427(2), 276(5), 411(2), V17(1), 413(1), 707(3), 404(1), 403(3), 401(3), 428(2), 424(1), 280(1), 496(3), 287(1), 780(1), 560(2), 410(1), 710(1), 536(1), 785(1), 295(1), 599(2), 493(1), 722(1), #####(1), 278(1), 575(1), 519(1), 285(3), 490(1), 458(1), V54(1), 786(1), 648(1), 728(1), E888(1), 627(1)",56
778,777,07781,diag_1,"436(1), 786(1), 435(1), 414(4), 230(1), 340(1), 278(1), 433(1), 571(1), 572(1), 410(1), 428(2), 250.02(2), 292(1), 590(1), 250.11(1), 566(1), 155(1), 427(1), 577(1), 434(1), 403(2), 415(1), 202(1), 276(1), 348(1), 560(1), 682(1), 486(2), 153(1), 250.13(1), 558(2), 431(1), 922(1), 599(1), 288(1), 824(1), 491(2), 493(1), #####(1), 211(1), 518(1), 780(1), 250.82(1), 38(1), 850(1), 715(1)",56
778,777,07782,diag_2,"303(1), 250.01(1), 250.7(1), 411(1), 997(1), 413(2), 135(1), 250(4), 496(4), 70(1), 571(1), 414(1), 780(2), 428(2), 276(7), 425(2), 250.02(1), 427(2), 250.42(1), #####(1), 998(2), 493(1), 295(1), 682(2), 197(1), 426(1), 518(1), 198(1), 491(1), 490(1), 285(1), 294(1), 486(1), 807(1), 585(2), V85(1)",56
779,778,07791,diag_1,"V57(2), 402(1), 410(2), 433(1), 434(3), 786(2), 997(1), 276(1), 428(2), 250.7(1), 296(1), 574(2), 780(1), 427(2), 724(1), 250.02(1), 715(4), 599(1), 577(1), 996(1), 578(2), 486(2), 458(1), 535(2), 288(1), 595(1), 285(1), 250.6(1), 493(2), 805(1), 491(2), 626(1), 511(1), 475(1), 250.82(1), 518(1), 812(2), 253(1), 250.8(1)",56
779,778,07792,diag_2,"428(2), 280(1), 198(1), 427(4), 413(1), #####(5), 250.02(3), 425(1), 707(2), 250(4), 571(1), 403(2), 276(2), 780(1), 401(1), 153(1), 785(1), 599(1), 285(3), 560(1), 491(2), 558(1), 590(1), 414(1), 998(1), 112(1), 466(1), 303(1), 486(1), 577(1), 593(1), 299(1), 345(1), 584(1), 585(1), 799(1), 238(1)",56
780,779,07801,diag_1,"410(2), 968(1), 414(5), 440(1), 780(1), 225(1), 435(1), 996(3), 715(3), 276(3), 428(1), 250.7(1), 560(2), 574(1), 198(1), 682(1), 250.6(1), 786(2), 491(3), 567(1), 404(1), 427(1), 865(1), 486(2), 577(1), 787(1), 340(1), 38(2), 724(1), 730(1), 153(1), 250.12(1), 621(1), 519(1), 345(2), 578(1), 493(1), 203(1)",56
780,779,07802,diag_2,"250.01(1), 305(1), 411(1), 413(1), 401(3), 428(2), 496(4), 414(1), 424(2), 292(1), 250(1), 581(1), 425(2), 593(1), 250.6(1), 276(6), 250.02(2), 682(1), 198(1), 427(1), 707(2), 733(1), 70(1), 453(1), 518(2), 511(1), 786(1), 493(1), #####(2), 410(1), 558(1), E878(1), 151(1), 599(1), 595(1), 585(2), 584(1), 438(1)",56
781,780,07811,diag_1,"440(2), 410(2), 436(1), 428(2), 714(1), 414(3), 8(1), 786(4), 189(1), 250.11(2), 996(4), 564(1), 416(1), 435(1), 434(1), 507(1), 553(1), 682(1), 515(1), 424(1), 486(2), 560(1), 427(3), 512(1), 808(1), 998(2), 821(1), 574(1), 715(1), 721(1), 38(2), 285(2), 466(1), 531(1), 584(1), 200(1), 510(1), 780(1)",56
781,780,07812,diag_2,"250.41(1), 250.01(2), 342(1), 250.6(2), 411(1), 250.51(1), 413(1), 250(3), 403(3), 401(3), 788(1), 428(2), 414(2), 780(4), 496(3), 427(5), 38(1), 553(1), 276(4), 682(2), #####(2), 599(3), 250.02(1), 724(1), 8(1), V43(1), 535(1), 482(1), 250.13(1), 585(1)",56
782,781,07821,diag_1,"414(3), 786(4), 185(1), 410(1), 282(1), 250.7(1), 722(1), 276(1), 250.6(1), 431(1), 433(2), 511(1), 577(1), 432(1), 515(1), 780(1), 486(3), 600(1), 296(2), 428(2), 562(1), 552(1), 298(1), #####(3), 440(1), 250.02(1), 218(1), 250.1(1), 924(1), 558(1), 300(1), 427(1), 599(1), 493(1), 592(1), 584(1), 996(1), 519(1), 850(1), 8(1), 518(2), 453(1), 403(1)",56
782,781,07822,diag_2,"411(1), 413(1), 250(7), 998(1), 403(2), 496(4), 414(2), 428(2), 722(1), 427(5), 780(2), 599(3), 574(1), 425(1), 401(1), 785(1), 303(1), 511(1), 204(1), 447(1), 491(2), 617(1), 682(2), 276(2), 571(1), 591(1), #####(1), 285(1), 359(1), 416(1), 507(1), 584(1), 486(1), 585(1)",56
783,782,07831,diag_1,"436(1), 341(1), 414(2), 196(1), 786(3), 278(1), 410(3), 604(1), 276(2), 250.01(1), 403(1), 250.22(1), 434(4), 892(1), 295(1), 682(1), 996(2), 486(3), 574(1), 411(1), 428(2), 427(2), 780(1), 733(1), 578(1), 715(1), 782(1), 820(1), #####(2), 153(1), 482(1), 38(1), 300(1), 590(1), 303(1), 784(1), 250.6(1), 250.82(1), 250.13(1), 250.8(1), 808(1)",56
783,782,07832,diag_2,"250(4), 250.41(1), 411(2), 198(2), 788(1), 401(4), 496(3), 414(3), 427(4), 403(2), 276(5), 70(1), 573(1), 287(1), 905(1), 428(1), 295(1), 242(2), 493(1), 574(1), 707(2), 599(1), 250.02(1), 410(1), 571(1), 303(2), 592(1), 291(1), 357(1), 584(1), V58(1), 730(1), 867(1)",56
784,783,07841,diag_1,"414(1), 491(1), 250.6(1), 433(1), 820(1), 786(3), 311(1), 410(4), 996(1), 730(1), 574(2), 434(1), 276(1), 435(2), 428(2), 569(1), 486(3), 780(1), 398(1), 577(1), 531(1), 427(1), 682(1), 560(2), 536(1), 578(2), 466(2), 558(1), 552(1), 250.8(1), 288(1), 584(3), 482(1), 197(1), 331(1), 38(1), 443(1), 507(1), 715(1), 285(2)",56
784,783,07842,diag_2,"411(1), 250.01(1), 135(1), 250(1), 921(1), 425(2), 496(3), 428(2), 414(2), 403(2), 250.6(1), 790(1), 70(1), 401(3), 424(2), 280(2), #####(2), 784(1), 276(8), 996(2), 295(1), 599(2), 427(1), 42(1), 493(1), 156(1), 486(1), 294(2), 202(1), 584(2), 799(1), 585(2), 338(1)",56
785,784,07851,diag_1,"414(4), 250.41(1), 427(3), 578(1), 433(1), V57(1), 786(1), 437(1), 410(4), 411(1), 434(1), 996(1), 486(3), 250.11(1), 250.02(1), 296(1), 428(2), 824(2), 211(1), 733(1), 560(2), V58(1), 274(1), 250.1(1), 584(2), 558(1), 592(1), 250.13(1), 466(1), 346(1), 491(2), 715(2), 38(2), 9(1), 287(1), 403(1), 8(1), 482(1), 682(1)",56
785,784,07852,diag_2,"250.01(2), 403(4), 411(2), 250.5(1), 997(1), 428(2), 250(3), 300(2), 401(4), 414(2), 38(1), 276(6), 425(1), 272(1), 250.6(1), 424(1), 682(2), #####(2), 427(2), 530(1), 496(2), 599(2), 402(1), 426(1), 493(1), 491(1), 782(1), 790(1), 285(1), 584(1), 799(1), 585(1), 556(1)",56
786,785,07861,diag_1,"250.11(1), 780(3), 38(3), 428(2), 414(4), V57(1), 433(1), 88(1), 786(1), 410(2), 434(2), 507(1), 435(1), #####(2), 710(1), 250.22(1), 787(1), 820(2), 585(1), 426(1), 427(4), 730(1), 600(1), 486(3), 154(1), 153(1), 599(1), 715(1), 527(1), 493(1), 781(1), 482(1), 283(1), 575(1), 518(1), 808(1), 682(1), 867(1), 296(1)",56
786,785,07862,diag_2,"250.51(1), 250.01(1), 250.41(1), 250.81(1), 411(1), V45(1), 693(1), 250(2), 276(5), 428(1), 401(3), 496(3), 403(1), 427(4), 996(1), 424(2), 722(1), 571(1), 70(1), 414(3), 493(1), 426(1), 790(1), 560(1), 196(1), 682(1), 794(1), 250.02(1), 250.4(1), 491(3), 599(2), 567(1), 511(1), 584(2), 585(2), V62(1)",56
787,786,07871,diag_1,"577(1), 304(1), 414(4), 250.4(1), V55(1), 786(3), 295(2), 560(1), 410(4), 789(1), 530(1), 276(1), 682(3), 434(1), 435(1), 428(2), 562(2), 250.7(1), 401(1), 724(1), 486(1), 599(1), 427(1), 574(1), 250.1(1), 162(1), 780(1), 648(1), 552(1), 79(1), 455(1), 491(4), V57(1), 527(1), 584(1), 945(1), 443(1), 493(1), 403(1), 518(1)",56
787,786,07872,diag_2,"250.01(1), 250(3), 411(1), 413(1), 403(1), 496(2), 401(3), 780(2), 425(3), 492(1), 427(4), 38(1), 288(1), E879(1), 426(1), 414(2), 284(1), V45(1), 410(1), 710(1), 682(3), 428(2), 493(1), 202(1), 996(1), 276(3), 198(1), 648(1), 599(1), #####(1), 250.02(1), 438(1), 531(1), 584(1), 250.82(1), 112(1), 518(1), 585(1), 514(1)",56
788,787,07881,diag_1,"428(2), 161(1), 414(3), 786(5), 358(1), 250.8(1), #####(5), 433(1), 568(1), 410(2), 530(1), 426(1), 486(3), 682(2), 998(2), 496(1), 577(1), 780(1), 198(1), 276(1), 153(1), 820(1), 562(1), 560(1), 197(1), 250.13(1), 599(1), 491(3), 38(2), 250(1), 518(1), 790(1), 584(1), 427(1), 8(1), 805(1), 595(1)",56
788,787,07882,diag_2,"695(1), 250.01(1), 196(2), 411(2), 715(1), 428(2), 244(1), V15(1), 397(1), 401(3), 998(1), 250(4), 493(1), 403(1), 424(1), 780(1), 38(1), 250.02(2), 412(1), 305(1), 427(2), 786(1), 511(1), 788(2), 569(1), 599(1), 996(1), 276(7), 518(2), 572(1), 250.82(1), 295(1), #####(1), 682(1), 486(1), 808(1), 909(1), 995(1)",56
789,788,07891,diag_1,"998(1), 414(2), 446(1), 531(1), 428(2), V55(1), 440(1), 720(1), 410(2), 411(1), 786(3), 996(1), 530(1), 404(1), 496(1), 997(1), 682(2), 250.11(1), #####(2), 560(2), 599(2), 38(2), V58(2), 250.6(1), 434(1), 427(1), 780(1), 536(1), 415(1), 250.8(1), 715(2), 276(2), 785(1), 250.12(1), 518(2), 966(1), 576(1), 820(1), 654(1), 198(1), 403(1), 345(1)",56
789,788,07892,diag_2,"250.03(1), 411(2), 427(4), 250.52(1), 492(1), V10(1), 403(6), 724(1), 428(2), 414(1), #####(3), 453(1), 496(2), 276(6), 997(1), 272(1), 250(2), 197(1), 433(1), 786(1), 162(1), 707(2), 558(1), 486(1), 250.02(1), 42(1), 782(1), 285(2), 648(1), 150(1), 584(2), 892(1), 585(1), 599(1)",56
790,789,07901,diag_1,"436(1), 414(3), 410(3), 346(1), 433(1), 486(2), 722(1), 440(1), 250.11(1), 197(1), 434(3), 996(3), 437(1), 428(2), 458(1), 786(2), 592(1), 682(1), V57(1), 250.02(1), 415(1), 496(1), 426(1), 276(1), 584(1), V58(1), #####(1), 490(2), 780(1), 715(3), 599(1), 296(1), 250.13(1), 784(1), 250.8(2), 250.12(1), 447(1), 730(1), 783(1), 824(1), 518(1)",56
790,789,07902,diag_2,"250(5), 250.01(1), 411(2), 277(1), 492(1), 401(4), 300(1), 340(1), 427(4), 428(2), 413(1), 403(3), 38(1), 424(1), 276(6), 518(2), 414(1), 453(1), 599(2), 426(1), 590(1), 153(1), 410(1), #####(1), 250.02(1), 466(1), 295(1), 342(1), 486(2), 733(1), 285(1), 535(1), 845(1), 348(1)",56
791,790,07911,diag_1,"722(1), 414(5), 480(1), 442(1), V57(1), 786(3), 433(2), 410(2), 402(1), 997(1), 428(2), 296(2), 441(1), 682(4), 820(1), #####(3), 434(1), 250.2(1), 435(1), 996(2), 250.11(1), 427(2), 584(1), 38(1), 274(1), 535(1), 707(1), 486(1), 491(3), 785(1), 250.12(1), 574(1), 790(1), 250.6(1), 482(1), 805(1), 493(1)",56
791,790,07912,diag_2,"250.6(1), 411(2), 491(1), 997(1), 413(1), 790(2), 250(3), 428(2), 496(1), 414(2), 305(2), 707(1), 493(2), 401(3), 424(1), 403(1), 574(1), 425(2), #####(3), 427(1), 250.02(2), 362(1), 276(3), 821(1), 112(1), 404(1), 250.42(1), 577(2), 786(1), 295(1), 162(1), 311(1), 272(1), 250.82(1), 721(1), 584(4)",56
792,791,07921,diag_1,"414(3), 284(1), 722(1), 786(5), 433(1), 780(2), 428(2), 577(2), 440(1), 435(2), 198(1), #####(2), 434(1), 996(1), 296(3), 553(1), 250.6(1), 112(1), 560(1), 431(1), 793(1), 681(2), 250.8(1), 250.13(1), 578(1), 998(1), 486(1), 537(1), 402(1), 518(2), 820(2), V57(1), 584(2), 340(1), 200(1), 571(1), 493(1), 599(1), 278(1)",56
792,791,07922,diag_2,"411(1), 413(2), 250(3), 496(3), 428(2), 401(1), 780(1), 250.6(1), 414(2), 723(1), 403(1), 493(1), 287(2), 284(1), 425(2), 41(1), 599(3), 996(1), 530(1), 276(4), 453(1), 295(1), 263(1), 518(2), 424(1), 198(1), 553(1), 491(2), 250.02(1), 786(1), 438(2), #####(1), E888(1), 304(1), 285(1), 585(2), 799(1), V85(1)",56
793,792,07931,diag_1,"414(6), 786(3), 255(1), 70(1), 410(2), V57(1), 535(1), 174(1), 250.02(1), 434(3), 577(1), 428(2), 276(1), 729(1), 780(3), 562(1), 440(1), 153(1), 453(1), 560(1), 486(1), 618(1), 569(1), 707(1), 599(2), 789(1), #####(1), 595(1), 491(3), 722(1), 820(2), 584(1), 812(1), 586(1), 531(1), 250.11(1), 493(1), 250(1), 715(1)",56
793,792,07932,diag_2,"411(2), 413(1), 250(4), 427(1), 401(4), 428(2), 414(2), 571(1), 496(2), 425(2), 599(4), 424(1), 574(1), V63(1), 250.02(2), 444(1), 276(5), 197(1), 305(1), 707(2), 788(1), 682(1), 41(1), 518(2), 730(1), E885(1), V43(1), 285(2), 786(1), 482(1), 458(1), 274(1), 486(1), 799(1)",56
794,793,07941,diag_1,"402(1), V57(1), 414(3), 780(2), 786(1), 410(1), 411(1), 553(2), 250.11(1), 250.02(2), 428(2), 188(1), 560(2), 486(2), 250.6(1), 250.1(1), 427(3), 562(1), 453(1), 787(1), 820(1), 715(2), 707(1), 473(1), 599(1), 403(2), 995(1), 824(1), 250.8(1), 998(1), 920(1), 491(2), 727(1), 733(1), 112(1), 250(1), 596(1), 162(1), 443(1), 493(1), 8(1), 38(1), 276(1)",56
794,793,07942,diag_2,"250.01(1), 715(1), 411(1), 424(1), 437(1), 428(2), 250(5), 401(2), 996(1), 425(3), 276(5), 496(2), 427(3), 402(1), 414(2), #####(1), 599(5), 997(1), 250.22(1), 491(1), 162(1), 707(1), 681(1), 493(1), 250.02(1), 883(1), 285(2), 332(1), 577(1), 250.8(1), 112(1), 250.13(1), 482(1), 585(1), 250.2(1)",56
795,794,07951,diag_1,"V57(3), 410(2), 250.43(1), 284(1), 414(2), 722(2), 584(2), 435(1), 434(2), 428(2), 79(1), 998(1), 786(1), 577(1), 486(2), 403(1), 516(1), 276(2), 682(2), 996(2), 427(1), 300(1), 574(1), #####(3), 466(1), 540(1), 780(1), 485(1), 599(1), 275(1), 491(1), 426(1), 493(1), 250.12(1), 813(1), 562(1), 530(1), 823(1), 575(1), 626(1), 433(1), 8(1)",56
795,794,07952,diag_2,"V57(1), 250.01(2), 401(3), 719(1), 411(2), 282(1), 723(1), 250.7(1), 428(2), 250(2), 425(1), 403(1), 38(1), 278(1), 560(1), V63(1), 427(3), 276(7), 410(2), #####(3), 486(1), 788(1), 599(1), 491(2), 263(1), 202(1), 794(1), 511(1), 496(1), 285(1), 494(1), E885(1), 291(1), 584(2), 625(1), 585(2)",56
796,795,07961,diag_1,"403(1), 414(6), 492(1), 278(1), 398(1), 786(1), 428(2), 404(1), 996(1), 410(1), 191(1), 434(2), 852(1), 599(2), 682(3), 250.02(1), 574(2), #####(4), 427(2), 531(1), 455(1), 198(1), 482(1), 486(2), 456(1), 715(1), 780(1), 722(1), 466(2), 584(1), 491(1), 518(1), 808(1), 38(1), 933(1), 423(1), 250.12(2), 197(1)",56
796,795,07962,diag_2,"250.01(1), 411(2), 436(1), 250(5), V45(1), 396(2), 401(1), 496(4), 425(1), 428(2), 515(1), 414(2), 203(1), #####(2), 788(1), 427(3), 250.02(1), 280(1), 276(3), 596(1), 162(1), 571(2), 511(1), 41(1), 599(1), 558(1), 342(1), E932(1), 493(1), 560(1), 253(1), 510(1), 585(3), V58(1), 799(1), 584(1), V85(1)",56
797,796,07971,diag_1,"997(1), 410(4), 428(2), 414(3), 998(1), 227(1), 250.4(1), 786(1), 451(1), 722(1), 723(1), 572(1), 780(3), 386(1), 682(1), 290(1), 924(1), #####(3), 440(1), 530(1), 486(3), 507(1), 789(1), 535(1), 278(1), 427(3), 162(1), 571(1), 821(1), 493(1), 250.8(1), 599(1), 491(4), 584(1), 154(1), 250.82(1), 433(1), 996(1), 402(1)",56
797,796,07972,diag_2,"250.41(1), 250.01(2), 411(1), 413(2), 711(1), 276(2), 403(1), 401(2), V12(1), 250(5), 571(2), 428(2), 427(3), 292(1), 203(1), V45(1), 250.6(1), 305(1), 425(1), 707(2), 780(2), 996(1), 250.02(1), 599(1), 272(1), 518(2), 511(1), 197(1), 789(1), 426(1), 331(1), 491(2), #####(2), 8(1), 486(1), 285(1), 585(2), V85(1)",56
798,797,07981,diag_1,"433(1), 786(2), 414(3), 577(2), 593(1), 250.21(1), 295(1), 682(1), 440(2), 996(2), 250.6(1), 566(1), 241(1), 428(2), 535(1), 576(1), 514(1), 441(1), 486(2), 276(2), 723(1), 820(1), 600(1), 724(1), 427(3), 250.8(1), 296(1), 823(1), 715(2), #####(1), 331(1), 592(1), 569(1), 285(1), 648(1), 995(1), 38(2), 584(1), V54(1), 493(1), 491(2), 599(1)",56
798,797,07982,diag_2,"250.01(2), 411(2), 250.1(1), 250.4(1), 276(3), 401(2), 780(3), 250.6(1), 998(1), 250(5), 250.92(1), 403(2), 496(4), 478(1), 38(1), 427(2), 425(2), 263(1), 250.02(1), 428(1), 287(1), 578(1), 424(1), 414(1), 599(2), 518(2), 491(1), 591(1), 250.82(1), 285(2), 486(1), 709(1), 349(1), 799(1), 327(1), 348(1)",56
799,798,07991,diag_1,"738(1), 414(4), 722(1), 3(1), 233(1), 786(1), 250.11(1), 296(1), 458(1), 428(1), 486(3), 441(1), 434(2), 562(1), 153(1), 540(1), 577(1), 599(1), 427(2), 250.1(1), 724(2), 584(3), 733(2), 578(2), 715(3), 401(1), V58(1), 600(1), 780(1), 850(1), 626(1), 812(1), 518(2), 491(1), V57(1), 250.8(1), 453(1), 8(2), 805(1), 38(1)",56
799,798,07992,diag_2,"300(2), 411(1), 715(1), 496(3), 425(2), 998(2), 427(3), 250.02(3), 996(1), 276(3), 403(2), 424(1), 428(2), 530(2), 250(1), #####(4), 599(6), 790(1), 578(1), 278(1), 202(1), 466(1), 620(1), 272(1), 491(1), 438(1), 294(1), 285(1), V58(1), 733(1), 584(2), 995(1), 836(1)",56
800,799,08001,diag_1,"436(1), 250.8(2), 414(5), V57(2), 402(1), 423(1), 786(2), 410(4), 434(3), 535(1), 997(1), 789(1), 428(2), 780(1), 486(2), 733(1), #####(3), 577(2), 682(1), 560(1), 490(1), 197(1), 715(1), 569(1), 599(1), 998(1), 575(1), 162(1), 280(1), 427(1), 453(1), 250.12(1), 533(1), 820(1), 158(1), 812(1), 250.7(1), 493(1), 296(1)",56
800,799,08002,diag_2,"331(1), 607(1), 411(1), 440(1), 413(1), 424(2), 997(1), 403(2), 250(2), 428(2), #####(4), 427(5), 396(1), 280(1), 414(3), 496(2), V42(1), 425(1), 250.02(1), 707(1), 276(2), 198(1), 486(2), 162(1), 578(1), 729(1), 41(1), 599(2), 491(2), 197(1), 682(1), 592(1), 531(1), 285(2), 453(1), 584(1), 296(1)",56
801,800,08011,diag_1,"436(1), 157(2), 414(4), 250.83(1), 362(1), 996(1), 786(3), 851(1), 571(1), 972(1), 410(2), 989(1), 577(2), 250.11(1), 431(1), 428(2), 276(1), 435(2), 250.1(1), 560(1), 252(1), 482(1), 578(1), 296(1), 557(1), 536(1), 998(1), 730(1), #####(1), 250.13(1), 715(2), 558(1), 427(1), 486(1), 584(1), 530(1), V57(1), 8(1), 844(1), 250.82(1), 433(1), 459(1), 618(1), 711(1), 491(1)",56
801,800,08012,diag_2,"427(5), 250.01(1), 411(1), 707(1), 250.02(3), 250.11(1), 250(3), 780(2), 70(1), 280(2), 428(2), 305(1), 414(1), 403(1), 402(1), 276(4), 496(2), 272(1), 714(1), 491(2), 599(2), 511(1), 996(1), 682(3), 998(1), 789(1), 578(1), 518(1), 211(1), V54(1), 781(1), 584(1), 285(2), 786(1), 585(1), 438(1)",56
802,801,08021,diag_1,"753(1), 414(5), 402(2), 440(1), 433(1), 276(2), 724(1), 590(1), 996(1), 682(2), 435(1), 428(2), 427(2), 799(1), 250.2(1), 820(2), #####(3), 486(2), V57(1), 250.6(1), 202(1), 780(1), 599(2), 715(2), 493(1), 250.02(1), 584(1), 821(1), 38(1), 434(1), 518(1), 781(1), 444(1), 250.12(1), 969(1), 333(1), 281(1), 786(2), 530(1), 410(1)",56
802,801,08022,diag_2,"250(4), 411(2), 997(1), 413(1), 428(2), 440(1), 401(1), 203(1), 593(1), 727(1), 780(1), 596(1), 403(1), 496(1), 425(1), 396(1), 427(3), 276(2), 280(1), 493(1), 250.02(2), 295(1), #####(2), 410(1), V43(1), 599(4), 298(1), 491(1), 571(1), 682(1), 342(1), 162(1), 305(1), 304(1), 285(1), 584(1), 458(1), 535(1), 465(1), 585(2), V85(1), 750(1)",56
803,802,08031,diag_1,"436(1), 414(4), 199(1), V57(1), 722(2), 786(2), 342(1), 218(1), 410(2), 428(2), 486(5), 434(3), 250.6(1), 715(1), 440(1), 250.7(1), #####(4), 38(2), 682(1), 250.8(1), 427(3), 442(1), 820(2), 599(1), 574(1), 465(1), 537(1), 821(1), 584(1), 250.11(1), 724(1), 825(1), 250(1), 250.13(1), 403(1), 250.32(1)",56
803,802,08032,diag_2,"453(1), 135(1), 411(1), V10(1), 250(4), 413(1), 707(2), 218(1), 428(2), 427(5), 493(2), 403(2), 414(1), 515(1), 496(2), 401(1), 425(1), 250.6(1), 599(1), 784(1), 250.02(1), 780(1), 682(1), 443(1), #####(2), 276(3), 250.42(1), 280(1), 789(1), 491(1), V42(1), 584(2), 566(1), 724(1), 730(1), 486(1), 286(1), 728(1), 585(1), 349(1)",56
804,803,08041,diag_1,"820(1), 414(4), 227(1), 440(1), 999(1), 558(1), 410(3), 997(1), 574(1), 413(1), 996(3), 433(1), 250.6(1), 786(1), 577(1), 287(1), 427(2), 428(2), 789(1), 157(1), 250.1(1), 250.7(1), 560(1), 276(1), 250.02(1), 715(2), 599(1), 493(1), 648(1), 250.8(2), 283(1), 794(1), 38(1), V57(1), 250.12(1), 540(1), 491(1), 821(1), 8(1), 296(1), 592(1), 507(1), 518(2), 780(1)",56
804,803,08042,diag_2,"250.01(1), 411(2), 496(2), 250.6(1), 403(1), 401(2), 999(1), 428(2), 493(2), 404(1), 278(2), 38(1), 414(1), 276(5), 402(1), 41(1), 574(1), 426(2), 70(1), 284(1), 427(1), 250(2), 560(2), #####(1), 785(1), 599(1), 786(2), 656(1), 682(1), 707(2), 438(1), 412(1), 285(2), 842(1), 584(1), 799(1), 486(1), 585(1), 482(1), 250.21(1)",56
805,804,08051,diag_1,"786(3), 682(2), 250.03(1), 414(5), 135(1), 402(1), 250.7(2), 410(2), 296(1), 789(1), 428(2), 434(1), 415(2), 552(2), 486(4), 820(1), 458(1), 733(2), 780(2), 962(1), 250.1(1), 427(1), 599(1), 42(1), 403(1), 715(2), 592(1), 9(1), 38(2), 331(1), 441(1), 584(1), 574(1), #####(1), 491(1), 293(1), 611(1)",56
805,804,08052,diag_2,"250.41(1), 250.01(1), 276(5), 411(2), 413(1), 425(3), 428(2), 440(1), 401(2), 250(4), V12(1), 496(5), 292(1), 492(1), V10(1), 404(1), 250.42(1), 250.02(1), 410(1), 780(1), #####(1), 493(1), 250.92(1), 112(1), 599(2), 491(1), 591(1), 682(1), 380(1), 294(1), 285(1), 578(1), 577(1), 486(1), 494(1), 281(1), 278(1), 255(1), 585(1)",56
806,805,08061,diag_1,"250.03(1), 414(5), 278(1), 433(1), 410(2), 787(1), 428(2), 996(2), 789(2), 486(5), 564(1), 276(1), 715(4), V58(1), 435(1), 824(1), 426(1), 351(1), 305(1), 998(1), 250.8(2), 202(1), 280(1), 515(1), 490(1), 427(1), 465(1), #####(1), 724(1), 434(1), 8(1), 820(1), 654(1), 578(1), 599(2), 518(1), 403(1), 556(1), 529(1)",56
806,805,08062,diag_2,"305(2), 411(1), 413(1), 250(7), 425(2), 38(2), 428(2), V42(1), 403(2), 414(2), 788(1), 295(1), 736(1), 197(1), E849(1), 427(1), 276(5), #####(1), 560(1), 496(1), 491(2), 401(1), 682(1), 518(2), 286(1), 285(3), 250.8(1), 707(1), 486(3), 648(1), 585(3), 564(1)",56
807,806,08071,diag_1,"420(1), 414(3), 402(1), 250.81(1), 535(2), 996(2), 410(3), 530(1), 428(2), 786(1), 241(1), 789(1), 997(1), 648(1), 515(1), 780(2), V57(1), 455(1), 486(1), 427(2), 560(2), 571(1), 574(1), 162(1), 590(1), 238(1), 250.7(1), 682(1), 812(2), 280(1), 824(2), 294(1), 491(3), 562(1), 485(1), 584(1), 805(1), 820(1), 250.82(1), 625(1), #####(1), 599(1)",56
807,806,08072,diag_2,"401(1), 411(1), 413(1), 250(6), 707(3), 428(2), 70(1), 403(4), 780(1), 197(1), 250.6(2), 560(1), 414(1), 790(1), #####(5), 250.02(1), 425(1), 733(1), 496(2), 456(1), 599(1), 276(2), 284(1), 443(1), 280(1), 138(1), 426(1), 312(1), 427(2), 491(2), 311(1), 486(1), 8(1), 585(2), 348(1)",56
808,807,08081,diag_1,"414(4), V57(2), 79(1), 410(3), 433(1), 440(1), 486(1), 729(1), 174(1), 348(1), 368(1), 820(1), 560(1), 428(2), 250.11(1), 403(1), 536(2), 250.8(2), 562(2), 507(1), 435(1), 427(1), 577(1), 197(1), 250.7(1), 415(1), 573(1), 780(1), 682(1), 584(2), 715(1), 998(1), 566(1), 781(1), 458(1), 996(1), 491(3), 444(1), 280(1), 995(1), 276(1), 705(1), 8(1)",56
808,807,08082,diag_2,"250.03(1), 719(1), 250.01(1), 411(1), 250.6(2), 403(6), 780(3), 414(1), 283(2), 244(1), 70(1), 496(2), 401(2), 599(2), 250.02(1), V45(1), 276(7), 242(1), 428(1), 162(1), 427(2), 303(1), 157(1), 785(1), 996(1), 789(1), 250.42(1), 682(2), 721(1), V43(1), 441(1), 728(1), 250(1), 585(2), 584(1)",56
809,808,08091,diag_1,"414(5), 729(1), 429(1), 840(1), 786(2), 433(1), 398(1), 796(1), 291(1), 386(1), 434(1), 428(2), 577(1), 820(1), 415(1), 250.1(1), 162(1), 411(1), 599(1), 250.12(1), 578(1), 557(1), 787(1), 780(1), 730(1), 562(2), 250.13(1), 519(1), 784(1), 486(1), 491(2), 250.8(3), 552(1), 558(1), 715(1), 443(1), 998(1), 444(1), 805(1), #####(2), 518(1), 659(1), 38(2), 403(1)",56
809,808,08092,diag_2,"250.01(2), 511(1), 411(2), 427(3), 250(3), 428(2), 396(1), 496(2), 414(2), 780(1), 425(1), 305(1), E849(1), 453(1), 599(2), 786(1), #####(4), 403(1), 410(1), 276(5), 794(1), 707(1), 401(1), 491(1), 731(1), 560(1), 250.02(2), 785(1), 552(1), 443(1), 558(1), 435(1), 507(1), 648(1), 995(1), 482(1), 584(1), 585(1)",56
810,809,08101,diag_1,"535(1), 428(2), 414(5), 250.4(1), 250.81(1), 786(5), 353(1), 572(1), 225(1), 507(1), 852(1), 410(1), 404(1), 998(1), 438(1), 53(1), #####(2), 486(2), 296(2), 250.7(1), 585(1), 435(1), 682(1), 715(2), 427(1), 511(2), 444(1), 415(1), 599(1), 491(2), 724(1), 250.8(1), 434(1), 820(1), 510(1), 493(1), 250.12(1), 562(1), 8(1), 813(1), 518(1)",56
810,809,08102,diag_2,"250.41(1), 250.01(1), 411(2), 583(1), 427(5), 413(1), 250(2), 428(2), 401(2), 780(2), 496(3), 571(1), 403(2), #####(4), 600(1), 250.02(1), 402(2), 276(3), 511(2), 425(1), 707(2), 433(1), 162(1), 491(2), 342(1), E885(1), 486(2), 786(1), 599(2), 344(1), 211(1), 285(1), V62(1)",56
811,810,08111,diag_1,"359(1), 573(1), 786(3), 414(3), 233(1), 428(2), 278(1), 607(1), 486(2), 571(1), V57(1), 722(1), #####(3), 440(1), 730(1), 250.11(1), 410(2), 157(1), 560(2), 250.7(1), V58(1), 434(1), 724(1), 250.6(2), 427(2), 721(1), 250.1(1), 466(1), 38(3), 820(1), 250.13(1), 491(5), 530(1), 780(1), 584(1), 788(1), 715(1), 8(1)",56
811,810,08112,diag_2,"521(1), 250.41(1), 250.5(1), 411(2), 233(1), 250(4), 492(1), 70(1), 401(1), 434(1), 428(2), 998(2), 403(2), 305(1), 250.6(1), 276(5), 414(2), 425(1), 38(2), 410(2), 707(2), 786(1), 427(3), 781(1), 536(1), 496(1), 493(1), 535(1), 8(1), 780(1), 491(1), 486(2), 443(1), 599(1), 53(1), 562(1), 285(1), 557(1)",56
812,811,08121,diag_1,"414(3), 786(2), 423(1), 996(1), 410(3), 726(1), 434(2), 507(1), 428(2), 435(2), 189(1), 174(1), 486(2), 808(1), 276(1), 250.8(1), #####(3), 718(1), 715(4), 250.7(1), 562(1), 453(1), 346(1), 238(1), 557(2), 473(1), 491(1), 626(1), 8(1), 584(1), 493(1), 142(1), 780(1), 820(1), 250.02(1), 599(1), 997(1), 966(1), 38(1), 353(1), V55(1)",56
812,811,08122,diag_2,"411(2), 242(1), 401(4), 414(3), 403(2), 428(2), 250.02(3), 496(3), 427(5), 425(2), 402(1), 573(1), 715(1), 785(1), 410(2), 276(1), #####(3), 491(1), 784(1), 305(1), 250(1), 780(1), 286(1), 599(1), 493(1), 518(1), 285(1), V58(1), 562(1), 250.8(1), 576(1), 345(1), 291(1), 482(1), 348(1), 619(1)",56
813,812,08131,diag_1,"414(7), 250.03(1), 435(1), 491(1), 575(1), 708(1), 786(3), 996(3), 250.4(1), 250.81(1), 440(1), 250.22(1), 428(2), 410(2), 424(1), 250.02(2), 780(1), 682(1), 566(1), 486(4), #####(2), 427(2), 998(1), 562(1), 812(1), 38(2), 493(1), 584(3), 515(1), 781(1), V57(1), 789(1), 433(1), 250.8(1), 933(1)",56
813,812,08132,diag_2,"250.01(4), 427(8), 411(2), 780(2), 581(1), 413(1), 250.6(1), 403(1), 599(1), 250(2), 428(2), 401(2), 496(4), 38(1), 414(1), 425(1), 402(1), 786(1), #####(2), 276(2), 295(1), 536(1), 518(3), 491(1), 250.02(1), 458(1), 784(1), 438(1), 577(1), 250.82(1), 435(1), 486(1), 585(1), 584(1)",56
814,813,08141,diag_1,"414(4), 276(1), 250.83(1), 440(2), 295(2), 997(1), 410(2), 738(1), 416(1), 786(2), 428(2), 996(3), 435(1), 434(2), 682(3), 427(1), 296(1), 569(1), 574(3), 599(2), #####(4), 578(2), 560(1), 162(2), 730(1), 493(1), 426(1), 38(1), 211(1), 584(1), 785(1), 5(1), 780(1), 486(1), 250.6(1)",56
814,813,08142,diag_2,"250.01(1), 250.7(1), 411(1), 707(3), 413(2), 997(1), 250(6), 440(1), 428(1), 427(3), 285(2), 425(1), 250.02(3), 780(2), 401(2), 496(1), 578(1), 595(1), 453(1), 784(1), 276(5), 280(1), 786(1), 197(1), 410(1), 198(1), 491(1), 486(1), 599(1), 458(1), 584(1), 799(2), 585(3), 348(1)",56
815,814,08151,diag_1,"414(3), 577(1), 250.03(1), 358(1), 786(4), 722(1), 278(1), 433(1), 413(1), 440(1), 721(1), 185(1), 560(2), 996(1), 296(2), 428(2), 411(1), 574(1), #####(4), V58(1), 682(1), 486(2), 599(3), 427(2), 250.7(1), 571(1), 162(1), 421(1), 250.6(1), 733(1), 578(1), 592(1), 575(1), 991(1), 784(1), 250.8(1), 715(1), 556(1), 491(1), 410(1), 532(1)",56
815,814,08152,diag_2,"250.43(1), 250.01(1), 518(3), 335(1), 250.4(1), 203(1), 440(1), 413(1), 250(2), 428(1), 403(2), 70(1), 198(2), 601(1), 38(1), 300(1), 424(1), 402(2), 414(2), 425(1), 780(2), 401(2), 427(4), 250.02(1), V45(1), 785(1), 707(2), 789(1), 790(1), 430(1), 599(2), 291(1), 305(1), 591(1), 346(1), 53(1), 787(1), 285(1), 682(1), 486(1), 585(2)",56
816,815,08161,diag_1,"786(1), 296(1), 440(1), 414(4), 284(1), 278(1), 250.83(1), 536(1), 410(2), V57(1), 530(1), 434(3), 996(1), 435(3), 577(1), 428(2), 276(1), 562(1), 780(2), 820(1), 197(1), 411(1), 427(2), 250.02(1), 599(2), 682(1), 403(1), 540(1), 967(1), 493(1), 715(2), 486(1), 250.11(1), 491(1), 346(1), 584(1), 808(1), 38(2), 537(1), 250.13(1), 935(1), 592(1)",56
816,815,08162,diag_2,"250.01(2), 250.7(1), 411(2), 413(1), 250(5), 401(4), 998(2), 592(1), 250.11(1), 428(2), 599(3), 38(1), 496(2), 427(2), 250.92(2), 250.02(1), 197(1), 786(1), #####(4), 276(5), 433(1), 560(1), 491(1), 584(2), 285(1), 518(1), 532(1), 112(1), V45(1), 250.12(1), 585(2)",56
817,816,08171,diag_1,"295(1), 414(3), 786(1), 711(1), 780(1), 530(1), 250.7(1), 282(1), V57(2), 410(2), 296(2), 404(1), 577(3), 11(1), 428(2), 535(2), 486(3), 648(1), 434(1), 553(1), 250.8(2), 507(1), 276(1), 453(1), 599(1), 823(1), 250.13(1), 562(2), 518(1), 491(3), 250(1), 620(1), 250.12(1), 193(1), 820(1), 682(1), 38(1), 427(1), 8(1), 625(1), 338(1)",56
817,816,08172,diag_2,"V15(1), 411(2), 492(1), 292(1), E944(1), 413(1), 250.6(1), 440(1), 250(2), 427(6), 428(2), 309(1), 403(2), 414(1), 425(1), 574(1), 453(1), 530(1), 496(1), 250.02(2), 276(4), E849(1), 599(1), 512(2), 707(2), #####(1), 491(1), 567(1), 401(1), 438(1), 518(1), 196(1), 808(1), 945(1), 301(1), 481(1), 584(2), 585(2), 719(1)",56
818,817,08181,diag_1,"218(1), 414(3), 402(1), 996(2), 410(4), 790(1), 441(1), 428(2), 424(1), 682(2), 276(4), 577(1), 434(3), #####(5), 486(1), 250.6(1), 591(1), 560(1), 578(2), 453(1), 562(1), 715(2), 415(1), 584(2), 998(1), 558(1), 491(2), 38(1), 532(1), 661(1), 459(1), 250.82(1), 518(1), 285(1), 444(1)",56
818,817,08182,diag_2,"250.01(1), 411(1), 424(1), 496(2), 428(2), 403(1), 711(1), #####(4), 250(3), 414(2), 425(1), 427(2), 996(1), 493(1), 276(4), 331(1), 578(1), 511(1), 41(1), 599(3), 263(1), 280(1), 786(1), 455(1), 491(1), 401(1), 162(1), 567(1), 250.02(1), 342(1), 285(4), 787(1), 486(3), 648(1), 799(1), 584(1), 183(1)",56
819,818,08191,diag_1,"250.23(1), 486(5), 715(2), 414(4), 402(1), 295(1), 571(2), 428(2), 535(1), 411(1), 276(2), 820(1), 721(1), 733(1), 250.22(1), 250.6(1), #####(2), 198(1), 435(1), 592(1), 648(1), 682(1), 596(1), 560(1), 780(2), 427(2), 493(1), 250.13(1), 490(1), 250.8(1), 38(1), 482(2), 531(1), 644(1), V57(1), 459(1), 578(1), 556(1), 519(1), 599(1), 285(1)",56
819,818,08192,diag_2,"276(5), 250.01(2), 411(2), 413(1), V45(2), 425(2), 401(2), 284(1), 396(1), 250(2), 428(2), 424(1), 403(1), 496(1), #####(2), 272(1), 434(1), 427(3), 250.02(3), 788(1), 493(1), 414(1), 997(1), 491(2), 599(2), 707(1), 920(1), 535(1), 648(1), V54(1), 458(1), 285(1), 211(1), 585(5)",56
820,819,08201,diag_1,"996(4), 722(1), 414(4), 786(1), 433(1), 507(2), 511(1), 535(2), 276(1), 434(1), 553(1), 428(2), 410(2), 250.22(1), 882(1), 250.7(2), 578(1), 577(1), 530(1), 415(2), 153(1), 427(2), 486(1), 574(1), 558(1), 154(1), 458(1), 599(1), 693(1), 518(3), 250.8(1), 491(2), 584(1), V58(1), 238(1), 821(1), #####(1), 860(1), 403(1), 780(1)",56
820,819,08202,diag_2,"250.41(1), 250.01(1), 411(2), 440(1), 780(1), 424(1), 403(2), 496(2), 250.4(1), 250(3), 427(6), 428(2), 401(1), 425(1), 250.02(1), 276(6), 682(1), 707(2), 578(1), 197(1), #####(2), 785(1), 998(1), 250.82(1), 560(1), 577(1), 569(1), V43(1), E947(1), 174(1), 414(1), 202(1), 584(1), 486(1), 482(1), 865(1), 585(1), 337(1)",56
821,820,08211,diag_1,"714(1), 414(4), 250.81(1), 278(2), 433(1), 416(1), 423(1), 572(1), 413(1), 428(2), 654(1), 491(4), 996(1), 577(1), 723(1), 486(2), 682(1), 562(1), 38(3), 435(1), 780(1), 155(1), 574(2), 707(2), 728(1), 152(1), 823(1), 493(1), 730(1), 578(1), 188(1), 427(1), 592(1), 820(1), 599(1), 805(2), 715(1), #####(1), 604(1), 786(1), 802(1), 345(1)",56
821,820,08212,diag_2,"250(4), 411(1), 780(1), 413(1), 401(4), 496(4), 515(1), 571(1), 414(2), 403(2), 642(1), V15(1), 998(1), 427(2), 410(1), 250.02(1), 402(2), 272(1), 574(1), 595(1), 197(1), 428(2), 707(2), 599(2), 552(1), 278(1), #####(2), 591(1), 590(1), E888(1), 276(1), 592(1), 285(1), 584(2), 585(4)",56
822,821,08221,diag_1,"250.41(1), 414(3), 715(4), 996(2), 428(2), 786(3), 722(1), 411(1), 434(2), #####(6), 410(1), 965(1), 733(1), 486(3), 218(1), 780(3), 294(1), 599(1), 824(1), 348(1), 276(1), 491(2), 427(2), 577(1), 331(1), 789(1), 250.8(1), 38(1), 654(1), 250.22(1), 293(1), 518(1), 531(1), 618(1), 250.12(1)",56
822,821,08222,diag_2,"403(2), 277(1), 250.03(1), 411(1), 250.11(1), 581(1), 425(1), 414(3), 250(4), 530(1), 428(2), 276(2), 287(1), 295(1), 427(4), 293(1), 204(1), 780(2), 789(1), #####(1), 599(5), 162(1), 203(1), 491(1), 401(1), 577(1), E878(1), 294(1), 786(1), 707(1), 648(1), 584(3), 518(2), 907(1), 486(1), 585(1), 618(1)",56
823,822,08231,diag_1,"250.3(1), 414(3), 286(1), V57(2), 250.7(1), 786(1), 536(1), 276(1), 453(2), 722(1), 682(5), 250.42(1), 433(1), 486(1), 562(1), 434(1), 998(2), 428(2), 153(1), V53(1), 578(1), 435(1), 427(1), 410(1), 285(1), 250.8(2), 491(3), 599(1), 162(1), 280(1), 518(3), 808(1), 805(1), 584(1), 557(1), 574(1), 70(1), 560(1), 345(1), 567(1), 47(1)",56
823,822,08232,diag_2,"518(2), 411(2), 403(2), 496(3), 440(1), 401(2), 397(1), 996(1), 428(2), 250.6(1), 278(1), 780(1), 599(2), #####(4), 427(3), 250(3), 250.02(3), 707(2), 280(1), 682(2), 331(1), 204(1), 731(1), 153(1), V49(1), 722(1), 511(1), 276(1), 491(1), 584(2), 576(1), 345(1), 799(1), 42(1), 585(1), 323(1)",56
824,823,08241,diag_1,"429(1), 577(1), 38(3), 414(2), 278(1), 433(1), 786(1), 185(1), 972(1), 440(1), 996(1), 410(3), 729(1), 296(1), 514(1), 550(1), 434(2), 250.11(1), 682(1), 820(1), 507(1), 155(1), 515(1), 486(2), 250.6(1), 567(1), 444(1), 453(4), 428(2), 569(1), 562(1), 250.82(1), 599(1), 608(1), 715(1), 112(1), 574(1), V57(1), 135(1), 584(1), 212(1), 157(1), 491(1), 518(1), 493(1)",56
824,823,08242,diag_2,"411(2), 250.01(2), 413(1), 250(5), 998(1), 427(3), 428(2), 403(3), #####(4), 300(1), 496(2), 414(1), 599(3), 250.02(1), 780(1), 276(3), 197(1), 402(1), 536(1), 424(1), 410(1), 578(1), 997(1), 569(1), 577(1), V43(1), 438(1), 584(2), 285(1), 576(1), 758(1), 465(1), 585(2), 289(1), 995(1)",56
825,824,08251,diag_1,"V57(1), 414(2), 402(1), 786(2), 426(1), 410(3), 578(2), 996(1), 577(2), 682(1), 599(3), 434(1), 428(2), 571(1), 486(2), 250.8(2), 427(4), 590(1), 780(3), 296(1), 531(1), 787(1), 707(2), 810(1), 250.11(1), 491(1), 782(1), 493(1), 444(1), 250.12(1), 459(1), 562(1), V71(1), 518(1), 157(1), 435(1), 288(1), 959(1), 218(1)",56
825,824,08252,diag_2,"719(1), 411(2), 425(1), 780(2), 396(1), 424(1), 135(1), 428(2), 790(1), 575(1), 250(1), 599(3), 340(1), 427(4), 414(1), 303(3), #####(2), 590(1), 250.02(2), 41(1), 276(4), 402(1), 682(1), 788(1), 491(3), 584(1), 707(2), 286(1), 401(1), 558(1), 152(1), 585(2), 238(1), 831(1), V85(2), 260(1)",56
826,825,08261,diag_1,"648(1), 553(1), 726(1), 414(2), 722(1), 440(1), 410(3), 786(1), 250.11(1), 226(1), 428(2), 514(1), 511(2), 614(1), 296(3), 852(1), 433(1), 311(1), #####(4), 486(2), 569(1), 427(2), 415(1), 578(1), 434(2), V58(1), 584(2), 715(1), 112(1), 250.8(1), 518(3), 38(1), 995(1), 250.1(1), 642(1), 491(2), 824(1), 682(1), 599(1)",56
826,825,08262,diag_2,"250.03(1), 250.5(1), 250.7(1), 411(1), 250(2), 780(3), 571(1), 428(2), 425(2), 250.02(2), 276(4), 424(2), 427(2), 286(1), 272(1), 599(4), 295(1), 280(2), 287(1), 401(1), 305(1), 410(2), 202(1), #####(2), 788(1), 682(1), 250.33(1), 357(1), 584(2), 648(1), 507(1), 799(1), 486(1), 585(3), V85(2)",56
827,826,08271,diag_1,"414(4), 198(1), 3(1), 433(1), 428(2), 250.7(1), 852(1), 996(2), 437(1), 410(2), 348(1), 682(2), 276(2), 577(1), 415(3), 715(4), 486(3), 296(1), 250.8(2), 789(1), 780(1), 427(1), 432(1), 426(1), 599(3), 493(1), #####(2), 250.13(1), 590(1), 491(2), 453(2), 8(2), 820(1), 285(1)",56
827,826,08272,diag_2,"411(2), 413(2), 172(1), 276(6), 401(5), 38(2), 427(6), 428(2), 414(3), 425(1), 8(1), 303(2), #####(1), 403(1), 493(1), 402(2), 780(1), 785(2), 295(1), 599(1), 424(1), 491(1), 250.8(1), 592(1), 577(1), 518(2), 285(1), 458(1), 585(4)",56
828,827,08281,diag_1,"786(2), 715(1), 414(2), 440(1), 278(1), 997(1), 428(2), 291(1), 590(1), 550(1), #####(2), 577(2), 220(1), 424(1), 294(1), 820(2), 250.1(2), 276(2), 415(2), 574(1), 458(1), 789(1), 401(1), 553(1), 560(1), 491(3), 250.8(3), 682(1), 493(2), 184(1), 427(1), 486(2), 558(1), 250.13(1), 482(1), 584(1), 998(1), 8(1), 959(1), 403(1), 38(1)",56
828,827,08282,diag_2,"250.01(3), 411(2), 780(2), 574(2), 322(1), 403(2), 428(2), 496(2), 427(5), 425(2), 414(2), 401(1), 453(2), V45(1), #####(2), 276(5), 535(1), 511(1), 599(2), 996(2), 250(1), 491(1), 733(1), 162(1), 682(2), V58(1), V12(1), 285(1), 959(1), 730(1), 799(1), 585(2)",56
829,828,08291,diag_1,"454(1), 577(1), 715(3), 414(2), 786(2), 996(1), 410(1), 434(4), 428(2), 250.02(2), 220(1), 296(1), 721(1), #####(5), 276(2), 433(1), 511(1), 780(1), 486(1), 427(2), 584(2), 574(1), 202(1), 518(3), 490(1), 493(1), 491(1), 789(1), 453(1), 599(1), 38(3), 784(1), 357(1), 820(1), 174(1), 8(1)",56
829,828,08292,diag_2,"958(1), 250.03(1), 250.01(1), 411(1), 250(4), 428(2), 496(2), 403(2), 780(1), 401(3), 425(2), 244(1), 424(1), 427(5), 250.02(2), 786(1), 276(3), 511(2), 682(1), 303(1), 250.6(1), 492(1), 414(1), 599(1), 707(3), #####(1), 590(1), 342(1), 433(1), 202(1), 416(1), 285(1), 491(1), 344(1), 995(1), 438(1), 584(1)",56
830,829,08301,diag_1,"414(6), 250.4(1), 250.7(1), 786(1), 402(1), 996(2), 386(2), 566(1), 682(2), 715(3), 428(2), 722(1), 434(1), 493(1), 997(1), 202(1), 153(1), 780(1), 426(1), 427(2), 730(1), 578(1), 584(2), 486(3), 552(1), 600(1), 150(1), 491(3), 250.8(1), V53(1), 38(2), 459(1), 813(1), 831(1), 289(1), V57(1), 487(1), 403(1)",56
830,829,08302,diag_2,"411(2), 244(1), 413(1), 403(2), 440(1), 250(4), 511(1), 427(5), 790(2), 781(1), 41(1), 70(1), 724(1), 250.02(1), 250.4(1), 682(2), 401(3), 428(2), 493(1), #####(1), 8(1), 280(1), 276(2), 410(2), 599(1), 303(1), 154(1), 459(1), 707(1), V12(1), 138(1), 465(1), 786(1), 558(1), 416(1), 812(1), 584(1), 255(1), 585(1), 753(1)",56
831,830,08311,diag_1,"786(4), 250.53(1), 414(4), 171(1), V57(1), 433(1), 996(2), 535(1), 410(3), 515(1), 434(1), 296(1), 648(1), 428(1), 600(1), 780(2), 486(2), 560(3), 820(2), 415(1), 427(2), 455(1), 493(1), 599(2), 558(1), 592(1), 38(3), 162(1), 584(1), 250.12(1), 491(1), 239(1), 552(1), 287(1), 250.82(1), 618(1), 507(1), 250.7(1)",56
831,830,08312,diag_2,"250.01(1), 242(1), 411(1), V10(1), 413(1), 428(2), 425(1), #####(6), 403(2), 250(3), 421(1), 401(3), 427(5), 414(2), 424(1), 453(1), 496(1), 276(6), 280(1), 599(2), 591(1), 486(2), 511(1), 8(1), 780(1), 285(1), 568(1), 278(1), 707(1), 625(1), 584(1), 728(1), 40(1)",56
832,831,08321,diag_1,"996(1), 999(1), 414(4), 255(1), 786(3), 9(1), 425(1), 241(1), 428(2), 560(2), 722(1), 410(1), 401(1), 220(1), 511(1), 296(1), #####(1), 427(2), 733(1), 486(2), 715(3), 250.6(1), 780(1), 724(1), 280(2), 197(2), 852(1), 493(1), 584(1), 478(1), 491(1), 487(1), 821(1), 250.42(1), 682(1), 532(1), 790(1), 250.82(1), 578(1), 434(1), 518(1), 403(1), V57(1)",56
832,831,08322,diag_2,"250.01(1), 999(1), 411(1), 250.02(2), 403(2), 496(2), 250(4), 250.83(1), 427(4), 428(2), 414(3), 401(3), 424(1), 722(1), 425(1), 276(2), 780(1), 303(2), 715(1), 398(1), 340(1), 244(1), 599(2), 518(1), 789(1), 491(2), 402(1), #####(1), 578(1), 285(3), 250.8(1), 446(1), 432(1), 486(1), 585(1), V85(1)",56
833,832,08331,diag_1,"532(1), 414(3), 486(5), 410(4), 276(1), 428(2), 189(1), 786(1), 211(1), 433(1), #####(2), 574(1), 577(1), 402(1), 427(1), 174(1), 569(2), 250.6(1), 250.11(1), 715(2), 578(1), 558(1), 540(2), 599(1), 443(1), 482(2), 491(1), 250.1(1), 996(2), 620(1), 682(1), 38(2), 608(1), 8(1), 575(1), 453(1), 518(1), 515(1), 552(1)",56
833,832,08332,diag_2,"250.01(1), 411(1), 413(1), 250.6(1), 428(2), 427(5), #####(6), 434(1), 425(1), 198(2), 414(1), 276(3), 280(1), 496(2), 599(1), 493(3), 303(1), 486(1), 578(1), 707(2), V58(1), 250(1), 403(1), 491(2), 616(1), 285(1), 401(1), 568(1), 202(1), 682(1), 214(1), 518(2), 576(1), 799(1), 585(3)",56
834,833,08341,diag_1,"436(2), 414(4), 722(1), 250.7(1), 433(1), 996(1), 572(1), 428(2), 530(1), 434(2), 786(2), 577(2), 824(1), 155(1), 486(1), 924(1), #####(3), 512(1), 780(3), 410(1), 724(2), 922(1), 174(1), 38(1), 998(1), 427(1), 557(1), 276(2), 440(1), 285(1), 453(1), 493(1), 682(1), 274(1), 250.8(1), 250.12(1), 584(1), 789(1), V57(2), 296(1), 992(1)",56
834,833,08342,diag_2,"437(1), 342(1), 411(2), 250(2), 440(1), 780(1), 428(2), 404(1), 571(3), 414(2), 403(1), 426(1), 425(1), 574(1), 70(1), 276(3), 305(2), #####(2), 427(3), 496(2), 272(1), 401(2), 196(1), 284(1), 250.02(2), 996(1), 599(3), 578(1), 518(1), 493(1), 726(1), V49(1), 707(1), 285(1), 577(1), V54(1), 304(1), 482(1), 756(1)",56
835,834,08351,diag_1,"786(3), 486(3), 414(4), 285(1), V57(2), 440(1), 532(1), 276(2), 428(2), 250.11(1), #####(3), 410(4), 590(1), 507(1), 197(1), 434(3), 724(1), 112(1), 427(2), 453(1), 571(1), 198(1), 715(2), 780(3), 536(1), 493(1), 11(1), 518(1), 575(1), 782(1), 621(1), 790(1), 682(2), 945(1)",56
835,834,08352,diag_2,"250.01(1), 250.41(1), 411(1), 420(1), 8(1), 403(1), 496(8), 424(2), 401(2), 427(3), 780(1), 250.42(1), 996(1), 162(1), 276(4), 425(1), 414(1), 428(2), 157(1), 707(1), 198(1), 250.02(1), #####(3), 789(2), 599(2), 578(1), 250(2), 518(1), 250.12(1), 493(1), 481(1), 882(1), 482(1), 585(2), E924(1)",56
836,835,08361,diag_1,"436(1), 574(2), 414(3), 54(1), V57(1), 276(3), 786(1), 433(1), 560(2), 435(2), 722(1), 432(1), 535(1), 410(2), 531(1), 250.11(1), 427(2), 486(1), 481(1), 564(1), 434(1), 428(2), 153(1), 295(1), 997(1), 799(1), 188(1), 453(1), 250.6(1), 682(1), 533(1), 715(3), #####(2), 183(1), 599(1), 443(1), 426(1), 491(1), 518(1), 250.4(1), 458(1), 285(1), 824(1)",56
836,835,08362,diag_2,"427(1), V72(1), 411(2), 8(1), 413(1), 428(1), 70(1), 496(1), 998(1), V10(1), 403(4), 788(1), 780(1), 560(1), 425(1), 414(2), 996(1), 785(1), 250(5), 515(1), 401(1), 493(1), 290(1), 511(1), 276(2), 595(1), 707(4), 278(1), 593(1), 280(1), 491(1), 197(1), 211(1), 733(1), 285(1), 584(1), 112(1), 518(1), 585(4), 822(1)",56
837,836,08371,diag_1,"434(2), 414(2), 250.81(1), 250.02(1), V57(1), 727(1), 250.7(1), 398(1), 996(2), 562(1), 410(2), 428(2), 250.11(1), #####(2), 786(1), 225(1), 682(2), 486(4), 780(2), 507(1), 558(3), 250.1(1), 560(1), 574(1), 608(1), 787(1), 578(1), 530(1), 53(1), 250.8(1), 435(1), 785(1), 721(1), 789(1), 482(1), 820(1), 79(1), 250.82(1), 8(1), 296(1), 491(2), 250.13(1)",56
837,836,08372,diag_2,"250.01(1), 411(2), 428(2), V15(1), 496(3), 403(5), 440(1), 396(1), 250.6(1), 250(1), 515(1), 276(5), 424(1), 530(1), 599(4), 414(1), 611(1), #####(3), 707(1), 250.02(3), 427(3), 574(1), 280(1), 682(1), 511(1), 780(1), 724(1), 569(1), 786(1), 593(1), 578(1), 301(1), 518(1), 349(1), 934(1)",56
838,837,08381,diag_1,"414(3), 711(1), V57(1), 278(1), 577(1), 428(2), 786(1), 726(1), 410(1), 507(1), 560(1), 434(1), 537(1), 486(2), 250.6(1), 250.02(2), 511(1), 824(1), 562(2), 348(1), 453(1), 276(1), 540(1), 162(2), 427(2), 682(1), 998(1), 715(1), 552(1), 250.8(1), 491(1), 250.11(1), 592(1), 518(1), 584(1), 805(2), 458(1), 820(1), 250.82(1), 250.12(1), 493(1), 958(1), 403(1), 296(1), 38(1), 440(1), 780(1)",56
838,837,08382,diag_2,"411(1), 42(1), V45(1), 250(5), 250.6(1), 403(1), 414(1), 402(1), 427(3), 276(5), 250.02(2), 426(1), 780(1), 493(1), 536(1), 466(1), 428(2), 599(2), 707(2), 196(1), 682(1), 401(1), 295(1), 198(1), 584(3), 591(1), #####(1), 515(1), 719(1), 486(1), 518(3), E884(1), 285(1), 317(1), 585(3), V85(1)",56
839,838,08391,diag_1,"648(1), 599(3), 414(2), 786(5), 402(1), 528(1), 428(2), 410(2), 719(1), 486(4), 276(2), 996(2), 296(3), 558(1), 577(2), 250.02(1), 540(1), 434(1), 560(1), 157(1), 715(2), 707(1), 576(1), 555(1), 494(1), 427(1), 514(1), 250.32(1), 250.8(1), 38(2), 491(1), 682(1), 531(1), 458(1), #####(1), 403(1), 813(1)",56
839,838,08392,diag_2,"250.01(2), 411(2), 413(1), 425(2), V42(1), 250(3), 428(2), 403(1), #####(5), E934(1), 710(1), 707(5), 996(1), 250.6(1), 250.02(2), 276(3), 303(1), 401(1), 305(1), 204(1), 496(1), 272(1), 155(1), 491(1), 560(1), 518(1), 285(3), 780(1), 599(1), 572(1), 414(1), 486(1), 799(1), 585(2), E816(1), V62(1)",56
840,839,08401,diag_1,"436(1), 414(2), V57(1), 786(1), 185(2), 571(1), 250.7(1), 295(1), 535(1), 780(1), 250.6(2), 410(2), 428(2), 996(2), 435(1), 250.11(2), 572(1), #####(3), 431(1), 401(2), 153(1), 250.1(1), 682(1), 427(2), 540(1), 724(1), 250.8(2), 331(1), 486(2), 599(1), V58(1), 38(2), 584(1), 482(1), 560(1), 578(1), 250.22(1), 518(1), 280(1), 238(1), 715(1), 491(1)",56
840,839,08402,diag_2,"424(2), 411(1), 715(1), V42(1), 413(1), 401(3), 70(1), 440(1), 414(1), 250(4), 780(2), 250.6(1), 403(2), 428(2), 276(5), 155(1), 496(2), 998(1), 42(1), 427(4), 250.02(1), 784(1), V58(1), 786(1), 491(2), 295(1), 202(1), 599(1), 590(1), 285(3), 533(1), 584(2), 455(1), 112(1), 518(1)",56
841,840,08411,diag_1,"414(2), 428(2), 434(2), V57(1), 786(1), 295(1), 682(1), 824(1), 577(1), 410(1), 250.22(1), 820(1), #####(4), 157(1), 427(2), 432(1), 153(1), 996(1), 569(1), 560(1), 250.8(2), 401(1), 730(1), 493(1), 787(1), 250.02(1), 599(2), 486(3), 715(3), 596(1), 9(1), 491(1), 518(2), 276(1), 575(2), 562(2), 8(1), 66(1), 780(1), 250.12(1)",56
841,840,08412,diag_2,"250.01(3), 250.6(1), 411(1), 424(2), 401(2), 413(1), 492(1), 425(1), 574(1), 414(2), 276(5), 250.02(2), 428(2), 197(1), 305(1), 599(2), 511(3), 578(1), 707(1), 682(1), #####(2), 491(3), 427(4), 485(1), 157(1), 560(1), 287(1), 250.82(1), 211(1), 285(2), 518(1), 296(1), 486(1), 319(1), 585(1)",56
842,841,08421,diag_1,"414(2), 220(1), 486(2), 780(2), 402(1), 250.4(1), 722(1), 250.81(1), 396(1), 433(1), 276(1), 428(2), 410(2), 250.02(1), #####(5), 530(1), 577(1), 682(2), 560(1), 824(1), 511(1), 784(1), 557(1), 574(1), 154(1), 455(1), 296(1), 569(1), 721(1), 812(1), 493(3), 292(1), 715(1), 491(3), 250.8(2), 440(1), 466(2), 724(1), 584(1), 287(1)",56
842,841,08422,diag_2,"250.53(1), 250.01(2), 411(1), E942(1), 428(2), 403(5), 707(3), 397(1), 250(3), 780(1), 496(4), 424(1), #####(3), 401(3), 425(1), 413(1), 998(1), 599(1), 303(1), 682(1), 722(1), 493(2), 276(4), 491(1), E935(1), 486(1), 41(1), 782(1), 790(1), 250.13(1), 112(1), 585(1), 584(2), 289(1)",56
843,842,08431,diag_1,"296(1), 414(2), 722(1), 428(2), V55(1), V57(1), 996(2), 404(1), 562(1), V58(1), 532(1), 410(2), 434(1), 682(2), 780(2), #####(3), 276(2), 560(1), 595(1), 536(1), 599(1), 574(3), 435(2), 288(1), 584(2), 486(1), 250.6(1), 427(2), 238(1), 715(3), 250.8(1), 491(3), 518(1), 998(1), 250.13(1), 383(1), 805(1), 537(1)",56
843,842,08432,diag_2,"250.01(1), 411(2), 413(1), 997(1), 427(4), 197(2), 403(1), 428(2), 250.6(1), 201(1), 185(1), 38(2), 414(2), 401(2), #####(3), 780(1), 8(2), 434(1), 424(1), 496(1), 303(1), 276(4), 287(1), 404(1), 707(1), 560(1), 250(1), 571(1), 731(1), 599(1), 996(1), 162(1), 518(1), 486(1), 112(1), 584(2), 585(1), 438(1), 348(1), 588(1)",56
844,843,08441,diag_1,"414(6), 250.4(1), 681(1), 786(5), 722(1), 278(1), 410(3), 428(2), #####(5), 782(1), 434(1), 585(1), 996(2), 486(1), 440(2), 295(1), 574(1), 427(1), 571(1), 537(1), 715(2), 153(1), 250.11(1), 824(1), 530(1), 331(1), 562(1), 557(1), 197(1), 723(1), 780(2), 493(1), 250.8(1), 491(1), 413(1), 682(1)",56
844,843,08442,diag_2,"411(2), 70(1), 403(2), 428(2), 250.7(1), V45(1), 250(2), 998(1), 401(2), 424(1), 284(1), 414(2), 496(3), 250.02(2), 593(1), #####(2), 427(3), 250.4(1), 996(1), 682(1), 599(2), 447(1), 572(1), 280(1), 300(1), 197(1), 787(1), 794(1), 530(1), 560(1), 276(1), 153(1), 518(2), 458(1), 433(1), 294(1), 707(1), 486(1), V43(1), 558(1), 358(1), 585(1)",56
845,844,08451,diag_1,"440(2), 414(3), 648(1), 719(1), 434(1), 153(1), 786(1), 996(2), 410(2), 722(1), 553(1), 486(2), 332(1), 574(1), 682(2), 250.8(1), 560(1), 250.1(1), 42(1), 577(1), 428(2), 456(1), 250.6(1), 599(1), 584(2), V57(1), 427(1), 780(2), 998(1), 287(1), 253(1), 812(1), 493(1), 336(1), 518(2), 280(2), 38(4), 715(1), #####(1), 403(1), 9(1)",56
845,844,08452,diag_2,"250.01(1), 411(2), 642(1), 403(5), 719(1), 250.6(1), 492(1), 250(3), 428(2), 788(1), 998(1), 493(1), 427(3), 710(1), #####(2), 276(7), 414(1), 571(2), 41(1), 578(1), 496(1), V49(1), 682(1), 491(2), 786(1), 466(1), 780(1), 305(1), 785(1), 211(1), 285(1), 486(1), 584(2), 585(2), 555(1)",56
846,845,08461,diag_1,"996(1), 410(2), 486(3), 714(1), 414(1), 278(1), 185(1), 850(1), 530(1), 593(1), 428(2), 507(1), 786(1), 191(1), 434(1), 562(1), 276(1), 427(6), V57(1), 378(1), 331(1), 590(1), 584(3), 824(1), #####(1), 531(1), 285(2), 453(1), 458(1), 682(1), 280(1), 491(1), 482(1), 250.8(2), 182(1), 8(2), 558(1), 807(1), 532(1), 38(1), 715(1), 518(1)",56
846,845,08462,diag_2,"250.41(1), 250.01(3), 250(1), 411(1), 340(1), 998(1), 396(1), 780(2), 276(8), 403(2), 401(5), 996(1), 496(2), 428(2), 427(4), V43(1), 424(1), 599(2), 410(1), 560(1), 515(1), #####(2), 278(1), 241(1), 707(1), 453(1), 263(1), 202(1), 799(1), 995(1), 730(1), V85(2), 487(1)",56
847,846,08471,diag_1,"427(4), 414(4), V57(1), 426(1), 428(2), 438(1), 996(1), 507(2), 440(2), #####(5), 786(1), 410(3), 577(1), 682(1), 486(3), 789(1), 38(2), 574(1), 435(1), 458(1), 250.02(1), 432(1), 487(1), 250.8(2), 715(2), 599(1), 584(2), 491(2), 296(1), 654(1), 518(2), 403(1), 411(1)",56
847,846,08472,diag_2,"250.01(1), 411(3), 413(1), V45(1), 780(2), 403(3), 428(2), 401(3), 710(1), 414(3), 496(4), 250.02(2), 425(1), 426(1), 574(1), #####(2), 287(1), 427(2), 276(3), 590(1), 599(2), 491(2), 493(1), 412(1), 873(1), 466(1), 41(1), 305(1), 291(1), 648(1), 250.82(1), 415(1), 112(1), 728(1), 584(2)",56
848,847,08481,diag_1,"48(1), 717(1), 414(6), 593(1), 290(1), 199(1), 562(3), 440(1), 402(1), 507(1), 428(2), 410(2), 458(1), 786(1), 496(1), 386(1), 486(3), 560(1), 664(1), #####(4), 250.8(2), 557(1), 820(1), 780(1), 250(1), 427(2), 493(2), 491(2), 728(1), 724(1), 331(1), 293(1), 715(1), 531(1), 38(1), 813(1), 490(1), 403(1)",56
848,847,08482,diag_2,"428(2), 780(4), 411(2), 437(1), 276(6), #####(3), 492(1), 496(1), 998(1), 682(3), 414(3), 453(1), 425(1), 403(1), 401(1), 250.02(2), 493(1), 427(2), 648(1), 578(1), 707(1), 491(1), 415(1), 790(1), 724(1), 294(1), 465(1), 518(1), 726(1), 272(1), 285(1), 786(1), 507(1), 584(1), 802(1), 438(1), 585(2)",56
849,848,08491,diag_1,"331(1), 536(1), 434(2), 414(3), 225(1), 786(5), 433(2), 250.11(1), 428(2), V56(1), 780(2), 296(2), 410(3), 427(3), 250.7(1), 599(1), 451(1), 276(1), 715(1), 592(1), 821(1), #####(1), 681(2), 600(1), 486(2), 198(1), 401(1), 996(1), 303(1), 403(1), 491(1), 250.13(1), 404(1), 584(2), 493(1), 444(1), V57(1), V58(1)",56
849,848,08492,diag_2,"250.01(2), 250.03(1), 411(1), 780(1), V45(1), 428(2), 496(2), 403(4), 276(3), 414(2), 427(3), 244(1), 599(3), 252(1), 682(2), 250(2), 710(1), 250.02(2), 714(1), 410(1), 424(1), 441(1), 162(1), V12(1), 444(1), 250.8(1), 535(1), 285(1), 433(1), #####(1), 486(3), 530(1), 518(1), 438(1), 150(1), 576(1), 799(1), 585(1)",56
850,849,08501,diag_1,"V57(1), 560(1), 414(4), 410(1), 572(1), 571(1), 530(2), 786(1), 296(1), 428(2), #####(5), 486(2), 997(1), 648(1), 434(1), 276(1), 435(1), 79(1), 401(2), 780(1), 822(2), 427(1), 715(1), 726(1), 996(1), 458(1), 578(1), 682(1), 558(1), 592(1), 599(1), 152(1), 626(2), 250.8(1), 584(2), 998(1), 491(1), 31(1), 518(1), 38(1), 250.82(1), 716(1)",56
850,849,08502,diag_2,"250.01(2), 411(2), 428(2), 280(2), 427(7), 496(1), 403(1), 596(1), #####(1), 425(1), 515(2), 996(1), 250.02(4), 414(1), 250(1), 401(1), 784(1), 599(1), 276(6), 402(1), 780(1), 726(1), 415(1), E885(1), 707(2), 591(1), 577(1), 518(1), 681(1), 617(1), 255(1), 482(1), 486(1), 584(1), 730(1), 300(1)",56
851,850,08511,diag_1,"401(1), 789(1), 276(1), 414(2), 244(1), 426(1), 522(1), 451(1), 410(4), 250.6(1), 428(2), 682(2), 996(1), 453(1), 998(1), #####(3), 560(1), 997(1), 861(1), 820(2), 435(1), 812(1), 202(1), 38(2), 378(1), 728(1), 962(1), 162(1), 780(1), 493(1), 427(2), 275(1), 274(1), 536(1), 575(1), 294(1), 584(2), 574(1), 250(1), 616(1), 354(1), 345(1), 707(1), 552(1)",56
851,850,08512,diag_2,"250.53(1), 250.01(1), 250.03(1), 411(1), 414(2), 250.4(1), 401(4), 496(5), 402(2), 280(1), 780(1), 996(1), V10(1), 427(3), 682(2), 891(1), 998(1), 276(3), 493(1), 511(1), 428(1), 368(1), 198(2), 591(1), 781(1), 303(1), 41(1), 311(1), 593(1), 250.13(1), 590(2), 577(1), 486(1), 627(1), 808(1), 433(1), 42(1), 585(2), 327(1)",56
852,851,08521,diag_1,"304(1), 414(6), 491(2), 250.4(1), 250.02(1), V57(1), 722(1), 415(1), 786(1), 428(2), 574(1), 410(3), 535(1), 486(5), 250.6(1), 250.7(1), 789(1), 820(1), 721(1), 331(1), 562(1), 427(2), 599(2), 458(1), 250.8(1), 403(2), 584(1), 250.13(1), 434(1), 8(2), 964(1), 812(1), 459(1), 807(1), 38(2), 518(2), #####(1)",56
852,851,08522,diag_2,"284(1), 411(2), 413(1), 250.03(1), 403(2), 135(1), 428(2), 401(2), V63(1), 426(1), 305(1), 496(1), 414(1), 493(3), #####(4), 276(5), 536(1), 707(1), 250(1), V45(1), 574(1), 599(2), 491(2), 427(2), 996(1), 272(1), 518(2), 250.02(1), 787(1), 998(1), 285(1), 682(1), E888(1), 486(1), 745(1), 585(3), 250.2(1)",56
853,852,08531,diag_1,"410(7), 414(4), 682(1), 250.11(1), 924(1), 599(1), 295(1), 211(1), 786(2), 250.6(1), 996(1), 411(1), 434(1), 440(2), 428(2), 250.22(1), 510(1), 458(2), 560(1), 486(3), 250.02(1), 715(1), 998(1), 401(1), 482(1), 435(1), 780(1), 518(1), 584(1), 250.92(1), 38(1), 250.12(1), V57(1), 789(1), 491(3), 288(1), 722(1), 588(1), 250.8(1)",56
853,852,08532,diag_2,"250.01(1), 411(1), 279(1), 250.6(1), 250.4(1), 428(2), 250.11(1), 250(3), 70(1), #####(2), 403(2), 424(1), 38(1), 780(1), 414(3), 996(2), 276(5), 250.02(2), 710(1), 786(3), 427(2), 162(1), 295(1), 496(2), 599(2), 294(1), 794(1), 425(1), 303(1), V54(1), 486(2), 518(1), 156(1), 557(1), 585(1), 799(1), 110(1)",56
854,853,08541,diag_1,"436(1), 380(1), 250.41(1), 428(2), 786(4), 787(1), 648(1), 414(5), 185(1), 210(1), 440(1), 441(1), 410(1), 996(1), 584(1), 789(1), 434(1), #####(2), 571(1), 566(1), 486(2), V57(1), 560(3), 198(1), 401(1), 453(1), 250.7(1), 722(1), 38(2), 493(1), 285(1), 578(1), 820(2), 532(1), 491(4), 162(1), 518(1), 276(1), 799(1)",56
854,853,08542,diag_2,"403(3), 250.01(2), 428(2), 250.41(1), 250.43(1), 250.81(1), 411(1), 696(1), 250.6(1), 496(3), 70(1), 250(3), #####(2), 427(2), 821(1), 250.11(1), 425(1), 305(1), 41(1), 38(1), 272(1), 415(1), 198(1), 250.02(2), V45(1), 276(3), 785(1), 721(1), 491(2), 574(1), 493(1), 998(1), 153(1), 410(1), 285(2), 786(1), 518(1), V46(1), 486(1), 584(1), 585(1)",56
855,854,08551,diag_1,"436(1), 440(3), 359(1), 996(1), 786(5), 428(2), V57(2), 682(2), 250.6(1), 410(1), 486(1), 431(1), 291(1), 730(1), 820(2), 435(1), 562(1), 924(1), 250.1(1), 585(1), 564(1), #####(1), 780(2), 535(1), 433(1), 455(1), 427(1), 250.8(2), 466(1), 487(1), 998(1), 715(1), 654(1), 202(1), 415(1), 491(1), 584(1), 920(1), 434(1), 8(1), 482(1), 935(1), 292(1), 403(1)",56
855,854,08552,diag_2,"276(5), 436(1), 198(1), 250.4(1), 242(1), 431(1), 434(1), 250.6(2), 250(4), 401(1), 403(3), 428(2), 203(1), 287(2), 414(1), 424(1), 496(2), 600(1), E917(1), 493(1), 707(1), 272(1), 788(1), 427(2), 599(1), 253(1), 280(1), #####(4), 426(1), 332(1), 682(1), 202(1), 278(1), 786(1), 342(1), 112(1), 584(1), 585(2)",56
856,855,08561,diag_1,"474(1), 276(1), 414(4), 304(1), 786(2), 250.4(1), 729(1), 433(1), 428(2), 410(1), 996(2), 250.11(1), 577(3), 427(1), 553(1), 564(1), 435(2), 682(1), 997(2), 569(1), 296(1), 507(1), 531(1), 486(1), 250.02(1), #####(2), 174(1), 493(2), 599(1), 162(1), 715(2), 557(1), 790(1), 592(1), 285(1), 491(2), 584(1), 574(1), 562(1), 250.6(1), 277(1), 805(1)",56
856,855,08562,diag_2,"780(1), 250.01(1), 411(2), 303(1), 429(1), 413(1), 403(3), 424(1), 496(2), 998(1), 428(2), 38(1), 276(7), 575(1), 574(1), 280(1), 396(1), 250.02(1), 250.92(2), 571(1), 250(4), 560(1), 682(1), #####(1), 493(1), 414(1), 707(1), 453(1), 196(1), 410(1), 427(2), 591(1), 577(1), 285(1), E878(1), 357(1), 585(2), 486(1), 733(1)",56
857,856,08571,diag_1,"220(1), 155(1), 196(1), 414(7), 428(2), 532(1), 996(1), 507(2), 38(2), 786(3), 514(1), 241(1), 682(1), 681(1), #####(4), 481(1), 250.6(2), 424(1), 724(1), 780(3), 723(1), 571(1), 444(1), 250.7(1), 486(1), 707(2), 453(1), 733(1), 491(2), 715(1), 518(1), 435(1), 250.82(1), 584(1), 578(1), 162(1), 410(1)",56
857,856,08572,diag_2,"250.51(1), 250.41(1), 496(2), 411(1), 413(1), 250.6(1), 250(4), 428(2), 244(1), 401(2), 427(4), 288(1), 250.02(1), 276(4), #####(3), 492(1), 786(2), 38(1), 536(1), 599(4), 578(1), 402(1), 782(1), 789(1), 785(1), 682(1), 291(1), 780(1), 493(1), 250.82(1), 729(1), 787(1), 491(1), 285(1), 518(1), 250.12(2), 584(1)",56
858,857,08581,diag_1,"999(1), 414(4), 428(1), 577(2), 433(1), 535(1), 593(1), 786(3), 296(1), 255(1), 189(1), V58(1), 434(3), 486(5), 967(1), 733(1), 250.8(2), 427(3), 435(1), 487(1), 557(1), 780(1), 724(1), 600(1), 403(2), 288(1), 280(1), 410(1), 415(1), 531(1), 333(1), 491(1), 564(1), 790(1), 648(1), 250.82(1), 518(1), 250.13(1), 453(2)",56
858,857,08582,diag_2,"250.01(1), 411(1), 413(1), 282(1), 250.11(1), 997(1), 403(3), 401(2), 300(1), 276(2), 573(1), 309(1), 584(1), 250.02(4), 197(1), 189(1), 250(2), 453(2), E849(1), 424(2), 493(1), 427(2), 729(1), 496(1), 434(1), 412(1), 599(1), 415(1), 305(1), 428(2), 518(1), 786(1), 530(1), 707(2), 789(1), 41(1), 112(1), 491(1), V58(1), 416(1), 799(1), 585(2)",56
859,858,08591,diag_1,"682(1), 784(1), 599(3), 414(2), 996(2), 250.7(1), 438(1), 786(2), 404(1), 250.11(1), 428(2), 577(1), 997(1), 486(3), #####(3), 722(1), 403(1), 584(1), 427(1), 578(1), 820(1), 238(1), 780(3), 250.6(1), 558(1), 285(2), 493(1), 536(1), 998(1), 592(1), 707(1), 250.8(1), 333(1), 730(1), 38(1), 574(1), 790(1), V54(1), 8(1), 491(1), 518(1), 278(1), 478(1)",56
859,858,08592,diag_2,"250.01(3), 411(1), 413(1), 250.11(1), 440(1), 250.92(1), 401(2), 428(2), 276(3), 424(1), 574(1), 998(1), #####(4), 493(1), 427(2), 599(3), 414(2), 250.4(1), 280(1), 284(1), 682(2), 250(1), 780(1), 250.02(3), 197(1), 518(1), 707(1), 459(1), 590(1), 577(1), 285(1), 486(3), 576(1), 250.13(1), 585(1), 556(1), V85(1), 262(1)",56
860,859,08601,diag_1,"303(1), 414(6), 250.03(1), 996(1), 786(5), 715(1), 711(1), 402(1), 428(2), 722(1), 576(1), 276(1), #####(4), 682(2), 600(1), 721(1), 997(1), 780(1), 250.02(1), 427(2), 562(1), 486(2), 202(1), 250.1(1), 558(1), 599(1), 282(1), 38(2), V58(1), 250.91(1), 295(1), 808(1), 250.12(2), 518(1), 867(1), 274(1), 404(1), 441(1)",56
860,859,08602,diag_2,"250.01(2), 311(1), 411(2), 711(1), 250.4(1), 718(1), 250.02(4), 496(3), 780(2), 250(8), 401(2), 396(1), 427(3), 403(1), 197(1), 682(2), 276(1), 428(1), 707(1), 599(3), 560(1), 410(1), 680(1), 491(1), 486(1), 174(1), 301(1), 840(1), 577(1), 357(1), 584(2), 585(2), 442(1)",56
861,860,08611,diag_1,"414(4), 376(1), 427(2), 161(1), 786(4), 440(1), 410(2), 996(3), 250.11(1), 733(2), 530(1), 296(1), 303(1), 562(1), 435(1), 590(1), 250.7(1), 724(1), 824(1), 584(1), 153(2), 681(1), 715(2), 428(2), 998(1), 486(1), 493(1), 398(1), 401(1), 518(2), 250.8(1), 491(1), 250(1), 784(1), 426(1), 599(1), 557(1), 642(1), 250.12(1), 578(1), 403(1)",56
861,860,08612,diag_2,"250.01(2), 788(1), 411(2), 276(3), 496(2), 401(5), 428(2), 38(1), 403(2), 414(1), 300(1), 427(2), 402(1), 250(3), 250.02(2), 682(2), 707(2), 794(1), 998(1), 425(1), 153(1), 280(1), 491(4), 410(1), 789(1), 285(2), 473(1), 808(1), 358(1), 562(1), 648(1), 599(1), 558(1), 584(1), 585(1)",56
862,861,08621,diag_1,"250.03(1), 250.41(1), 198(1), 969(1), 414(3), 648(1), 433(1), 786(3), 434(1), 428(2), #####(2), 410(2), 424(1), 348(1), 435(1), 996(2), 780(1), 682(1), 789(1), 486(1), 197(1), 250.02(1), 42(1), 578(1), 427(1), 824(1), 530(1), 493(2), 555(1), 466(2), 491(1), 592(1), 584(1), 250.82(1), 577(1), 163(1), 47(1), 790(1), 443(1), 8(1), 276(2), 415(1), 518(1), 511(1), 38(1)",56
862,861,08622,diag_2,"V15(1), 403(1), 250.03(1), E950(1), 411(1), 646(1), 401(4), 250(3), 427(3), 780(1), 414(2), 453(1), 496(3), 428(2), 425(1), 786(1), #####(2), 493(1), 512(1), 276(3), 112(1), 424(1), 286(1), 402(1), 278(1), 599(3), 996(1), 591(1), 553(1), 486(2), 518(1), 707(1), 584(2), 799(2), 585(3)",56
863,862,08631,diag_1,"350(1), 440(1), 414(5), 711(1), 786(2), 722(2), 410(2), 291(1), 486(1), 435(1), 428(2), 522(1), 401(1), 592(1), V58(1), 998(1), 682(3), 424(1), 572(1), 562(1), 197(1), 507(1), 421(1), 530(1), #####(2), 250.6(1), 584(2), 453(1), 466(1), 715(2), 780(1), 198(1), 276(1), 250.8(2), 491(1), 287(1), 599(2), 427(1), 595(1), 518(1), 805(1)",56
863,862,08632,diag_2,"250(6), 250.7(1), 411(1), 413(1), 599(3), 997(1), 403(3), 428(2), 425(2), 571(1), 996(1), 250.02(1), 496(2), 518(1), 723(1), 196(2), 365(1), #####(6), 276(6), 722(1), 434(1), 414(1), 263(1), 287(1), 162(1), 707(2), 305(1), 433(1), 493(1), 486(1), 724(1), 584(1)",56
864,863,08641,diag_1,"79(1), 414(3), V57(1), 486(4), 250.7(1), 786(6), 404(1), 440(1), 410(1), 250.11(1), 590(1), 996(3), 723(1), 820(2), 453(1), 577(1), 682(1), 250.02(1), 553(1), 715(2), 600(1), 519(1), 250.8(1), 727(1), 599(1), 584(2), 995(1), 428(1), 444(1), 569(1), V58(1), 250.12(1), 575(1), 491(1), 455(1), 558(1), 805(1), 518(1), 458(1), 296(1), 434(1)",56
864,863,08642,diag_2,"250.01(1), 411(1), V45(1), 292(1), 440(2), 780(1), 428(2), 250(4), 790(1), 401(4), 788(1), #####(3), 276(6), 784(1), 250.02(2), 599(2), 786(2), 424(2), 427(2), 568(1), 794(1), 491(1), 716(1), 250.82(1), 444(1), 518(1), 285(1), 787(1), 200(1), 535(1), 562(1), 805(1), 486(1), 584(1), 585(1), V85(1)",56
865,864,08651,diag_1,"278(1), 782(1), 414(3), 434(2), 617(1), 413(1), 295(2), 786(2), 486(4), 411(1), 780(1), 428(2), 250.6(1), 807(1), 733(1), #####(6), 250.8(1), 507(1), 162(1), 562(2), 787(1), 560(1), 250.7(1), 584(3), 491(2), 427(1), 453(1), 599(1), 577(1), 250.13(1), 38(1), 530(1), 823(1), 813(1), 8(1), 722(1), 781(1), 716(1)",56
865,864,08652,diag_2,"V65(1), 250.03(1), 411(1), 413(1), 135(1), 403(3), 428(2), 780(1), 250(3), 401(2), 295(1), 710(1), #####(4), 425(1), 868(1), 250.02(1), 427(3), 272(1), 493(1), 440(1), 599(2), 512(1), 276(6), 491(1), 593(1), 785(1), 202(1), 414(2), 415(1), 577(2), 518(1), 285(1), 263(1), 438(1), 584(1), 799(1), 332(1)",56
866,865,08661,diag_1,"225(1), 433(1), 584(1), 414(5), 295(2), 996(4), 572(1), 298(1), 428(2), 726(1), 250.22(1), #####(1), 560(1), 562(2), 250.11(1), 440(1), 820(1), 434(1), 415(1), 531(1), 250.7(1), 250.02(1), 427(3), 599(3), 188(1), 276(1), 571(1), 401(1), 250.6(1), 780(2), 458(1), 998(1), 715(1), 493(1), 518(1), 519(1), 285(1), 486(1), 812(1), 348(1), 682(1)",56
866,865,08662,diag_2,"436(1), V70(1), 250.41(1), 411(1), 413(1), 250(2), 403(1), 571(1), 496(5), 427(1), 295(1), 428(2), 278(1), 276(7), 425(1), #####(4), 577(1), 786(1), 707(2), 250.02(1), 290(1), 280(1), 401(2), 198(1), 560(1), 572(1), 784(1), 682(2), V43(1), 285(1), 599(1), 535(1), E888(1), 518(1), 486(1), 584(1), V09(1), 585(1)",56
867,866,08671,diag_1,"513(1), 414(1), 250.7(1), 402(1), 786(1), 604(1), 723(1), 507(1), 410(3), 425(1), 535(1), 416(1), 486(1), 434(2), 600(1), 515(1), 562(2), 444(1), 174(1), 812(1), 197(1), 276(1), 153(1), 428(2), 453(1), 820(1), 250.6(1), 682(2), 715(1), 280(2), 599(3), 250.11(1), 493(1), 491(2), 584(1), 574(1), 813(1), 162(1), 427(1), V57(1), 958(1), 576(1), 296(1), 250.12(1), 458(1), 482(1)",56
867,866,08672,diag_2,"250(5), 411(1), 440(1), 427(3), 496(2), 723(1), 428(2), 280(1), 403(3), #####(4), 185(1), 425(1), 596(1), 414(1), 197(1), 250.02(1), 401(2), 276(4), 410(1), 820(1), 599(1), 41(1), 569(1), 584(1), 162(1), 560(1), 577(1), 250.82(1), 507(1), 518(3), 438(1), 728(1), 301(1), 285(1), V58(1), 585(1), 261(1)",56
868,867,08681,diag_1,"786(2), 414(3), 491(1), 293(1), 996(3), V57(1), 965(1), 250.4(1), 535(1), 682(2), 428(2), 410(1), 553(1), 427(1), 211(1), #####(3), 296(2), 557(2), 250.8(2), 38(1), 780(2), 411(1), 531(1), 250.6(1), 724(1), 486(3), 153(1), 162(1), 824(1), 536(1), 715(1), 346(1), 532(1), 850(1), 276(1), 434(1), 250.82(1), 280(1), 403(1), 599(1), 238(1)",56
868,867,08682,diag_2,"135(1), 411(2), 250.01(1), 413(1), 780(1), V10(1), 998(1), 969(1), 428(2), 403(4), 581(1), 250(2), 414(3), 496(3), 70(1), 425(1), 244(1), 710(1), 250.02(2), 38(1), #####(1), 536(1), 427(1), 197(1), 276(3), 444(1), 198(1), 491(1), 731(1), 682(1), 401(1), 294(1), 285(1), 873(1), E878(1), 250.13(1), 344(1), 707(1), 535(1), 585(3), 348(1)",56
869,868,08691,diag_1,"436(1), 414(5), 162(1), 250.93(1), 305(1), 297(1), 250.22(1), V57(1), 278(1), 433(2), 786(2), 53(2), 410(1), 348(1), 250.11(1), 820(2), 411(1), 996(1), 780(2), 188(1), 540(1), 250.02(1), 998(2), 715(3), 584(3), 578(1), 428(1), 427(1), 285(1), 574(1), 537(1), 426(1), 447(1), 250.13(1), 518(1), 592(1), 782(1), 491(1), 401(1), 802(1), 250.82(1), 345(1)",56
869,868,08692,diag_2,"715(1), 250.01(3), 786(1), 411(2), 305(1), 280(1), 401(1), 496(4), 403(3), E937(1), 276(3), 427(2), 414(2), 493(1), 996(1), 428(2), V45(2), V64(1), 998(1), 413(1), #####(4), 789(1), 599(2), 41(1), 578(1), 433(1), 410(1), 444(1), 53(1), 591(1), 153(1), 304(1), 162(1), 805(1), 682(1), 285(1), 435(1), 300(1)",56
870,869,08701,diag_1,"414(2), 250.4(1), 250.7(1), 786(2), 276(2), 722(1), 486(1), 996(2), 292(1), 434(2), 428(2), 410(2), 431(1), 440(1), 569(2), 820(2), #####(3), 427(3), 202(1), 278(1), 787(1), 493(2), 780(1), 959(2), 745(1), 574(1), 250.13(1), 404(1), 531(1), 681(1), 824(1), 8(1), 724(1), 661(1), 518(2), 250.41(1), 38(1), 158(1), 280(1), 481(1)",56
870,869,08702,diag_2,"411(1), 403(3), 413(1), 440(1), 250(1), 998(1), 38(1), 428(2), 780(2), 496(2), 493(1), 427(3), 425(2), 682(1), 250.02(1), 280(1), 272(1), 424(1), 276(5), 564(1), #####(2), 567(1), 707(1), 287(1), 599(1), 486(3), 591(1), 491(2), E885(2), 733(1), 648(1), 518(1), 348(1), 995(1), 584(1), 807(1), 569(1), 281(1), 255(1)",56
871,870,08711,diag_1,"276(2), 801(1), 414(6), 278(1), 805(1), 996(1), 786(3), 250.5(1), 410(1), 722(1), 428(2), 250.42(1), 486(2), 174(1), 440(1), 577(1), 715(1), #####(3), 824(1), 590(1), 584(2), 730(1), 585(1), 562(1), 303(1), 724(1), 250.13(1), 250.8(2), 274(1), 599(1), 789(1), 531(1), 780(1), 453(1), 491(1), 681(1), 962(1), 155(1), 38(1), 532(1), 135(1), 626(1)",56
871,870,08712,diag_2,"250.01(2), 870(1), 411(2), 413(1), 998(1), 428(2), 403(1), 401(4), 404(3), #####(2), 788(1), 414(3), 496(2), 250(3), 707(1), 427(2), 303(1), 715(1), 250.02(1), 276(3), 153(1), 682(3), 560(1), 291(1), 722(1), 491(1), 41(1), 599(2), 286(1), 250.82(1), 285(1), 535(1), 584(1), 799(1), 730(1), 626(1)",56
872,871,08721,diag_1,"410(3), 733(1), 227(1), 414(2), 786(2), 250.11(1), 434(2), 396(1), 428(2), 298(1), 441(1), #####(4), 250.6(1), 291(1), 996(1), 486(3), 721(1), 528(1), 600(1), 511(1), 577(1), 415(1), 584(1), 250.8(3), 780(2), 250.81(1), 820(1), 458(2), V53(1), 571(1), 427(1), 536(1), 38(1), 599(2), 191(1), 280(1), 70(1), 518(1), 404(1), 491(1)",56
872,871,08722,diag_2,"250.51(1), 250.01(1), 780(1), 411(1), 496(5), 276(7), 386(1), 331(1), 250(2), 424(1), 571(2), 425(2), 414(1), 303(1), 427(4), 428(2), 305(1), 998(1), 250.02(2), 250.4(1), 783(1), 493(1), V45(1), 789(1), 574(1), 491(1), 599(2), 787(1), 162(1), 41(2), 728(1), 535(1), 486(1), 289(1), 585(2)",56
873,872,08731,diag_1,"530(2), 414(4), V57(3), 185(1), 996(1), 786(6), 584(1), 428(2), 558(3), 410(1), 440(1), 577(1), 435(3), 197(1), 486(2), 682(1), 560(1), 724(1), 211(1), 571(1), 599(1), 574(1), 434(1), #####(1), 850(1), 162(1), 154(1), 715(1), 820(1), 491(1), 403(1), 250.8(1), 572(1), 821(1), 250.82(1), 493(1), 8(1), 38(1), 578(1)",56
873,872,08732,diag_2,"250.51(1), 411(2), 413(1), V45(1), 250(3), 496(4), 403(2), 428(2), 250.43(1), 250.1(1), 414(1), 305(1), 427(1), 424(2), 574(2), 780(3), 595(1), 401(2), 402(1), 456(1), 575(1), 276(1), V49(1), 789(1), 599(5), 197(2), 368(1), #####(1), 410(1), 486(2), 285(1), 707(1), 518(1), 438(1), 578(1), 562(1), 345(1)",56
874,873,08741,diag_1,"786(3), 402(1), 414(1), 278(1), 235(1), 295(1), 996(1), 787(2), 428(2), 440(1), 434(2), 564(1), 451(1), 486(2), 410(2), 250.13(2), 722(1), 780(3), 250.1(1), 285(2), 574(1), 250.83(1), 569(1), 415(1), 188(1), 537(1), 250.6(1), 552(1), 715(4), 491(3), 250(1), 518(1), V58(1), 560(1), 38(1), 682(2), 346(1), 386(1), 435(1)",56
874,873,08742,diag_2,"250.01(1), 411(2), 780(2), 250(5), 496(2), 403(2), 250.6(1), 242(1), 427(3), 413(1), 428(2), 682(1), 425(1), 414(2), 710(1), 722(1), 599(3), 730(1), 276(2), 250.02(2), 536(1), 707(1), 493(1), 401(2), #####(2), 998(1), 154(1), 578(1), 311(1), 285(2), 461(1), 584(2), 518(1), 281(1), 585(1), 337(1)",56
875,874,08751,diag_1,"436(1), 411(2), 414(5), 996(3), 786(3), 428(2), 410(2), 250.11(1), 722(1), #####(2), 434(2), 198(1), 562(1), 155(1), 189(1), 250.7(1), 250.02(1), 682(2), 427(2), 403(1), 530(1), 482(1), 415(1), 715(1), 820(1), 585(1), 296(1), 560(1), 518(1), 38(2), 584(1), 611(1), 250.12(1), 586(1), 455(1), 8(1), 822(1), 726(1), 813(1), 492(1)",56
875,874,08752,diag_2,"492(1), 250.01(1), 411(2), 250.4(1), 496(1), 403(1), 425(2), 396(1), 428(2), 276(8), 284(1), 996(2), 38(1), 250.02(2), 493(1), 278(1), 401(3), 790(1), 410(1), 414(1), 250(1), 599(5), 707(2), 427(1), 162(1), 578(1), 782(1), 202(1), #####(1), 682(1), 486(2), 342(1), 285(1), 585(1), 924(1), 733(1)",56
876,875,08761,diag_1,"414(2), 250.7(1), 780(3), 996(1), 433(1), 786(2), 410(1), 730(2), 511(1), 486(3), 566(1), 428(2), 562(1), 997(1), 415(1), 427(2), 682(2), 153(1), 998(1), 250.02(1), 493(1), 820(2), 787(1), 285(1), 789(1), 250.8(1), 715(1), 599(2), 518(2), 571(1), 491(2), 584(2), 482(1), 276(1), 288(1), #####(1), 38(1), 162(1), 434(1), 252(1), 8(1)",56
876,875,08762,diag_2,"411(2), 440(1), 581(1), 403(2), 401(2), 428(2), 414(1), 997(1), #####(3), 682(1), 427(3), 511(1), 250(3), 250.02(2), 560(1), 599(3), 780(1), 305(1), 276(5), 571(1), 295(1), 785(1), 496(1), 787(1), 820(1), 412(1), 491(1), 490(1), 202(1), 486(3), 783(1), 435(1), 585(2), 348(3)",56
877,876,08771,diag_1,"V57(1), 440(2), 414(3), 250.81(1), 438(1), 607(1), 996(2), 428(2), 723(1), 751(1), 464(1), 410(1), #####(2), 786(1), 296(2), 507(1), 434(1), 562(2), 38(1), 789(2), 600(1), 435(1), 427(1), 733(1), 332(1), 162(1), 682(1), 157(1), 578(1), 574(3), 276(1), 486(1), 218(1), 491(2), 250.13(1), 620(1), 250(1), 532(1), 799(1), 715(1), 995(1), 518(1), 493(1), 250.12(1)",56
877,876,08772,diag_2,"250.7(1), 250.01(1), 411(1), 263(1), 413(2), 780(1), 401(4), 403(2), 404(1), 250(1), 789(1), 250.02(2), 496(4), 414(1), 427(4), 244(1), 433(1), 295(1), 424(1), 428(2), 331(1), 276(1), 578(1), 280(1), 574(1), 8(1), 198(1), 599(1), 491(2), 272(1), 303(1), 998(1), 305(1), 285(2), 577(1), 357(1), 518(1), 799(1), 584(1), 585(1), 255(1)",56
878,877,08781,diag_1,"250.11(1), 414(3), 428(2), 572(1), 531(1), 332(1), 682(1), 486(1), 560(1), 410(1), 434(2), 435(1), 53(1), 250.6(2), 296(1), 415(1), 331(1), 537(1), 153(1), 276(1), 482(1), 431(1), 552(1), 453(1), 491(2), 998(1), V54(1), 789(2), 715(3), 493(2), 562(1), 724(1), 535(1), #####(1), 599(1), 250.8(1), 584(1), 466(1), 38(2), 518(2), 710(1), 618(1), 427(1), 722(1)",56
878,877,08782,diag_2,"V15(1), 411(1), 413(2), 428(2), 403(1), 571(1), E849(1), 496(3), 780(1), 414(1), 401(2), 250(2), 427(5), 536(1), #####(3), 196(1), 276(6), V42(1), 518(1), 997(1), 682(2), 599(2), 738(1), 996(1), 285(2), 250.8(1), 786(1), 707(1), 491(1), 562(1), 481(1), 995(1), 618(1), 585(2), 337(1)",56
879,878,08791,diag_1,"997(1), 414(4), 786(2), 722(1), 440(1), 435(1), 641(1), 410(1), 296(2), 648(1), 428(2), 996(1), 250.1(1), 780(1), 458(1), 574(3), 486(4), 560(1), 584(2), 426(1), 491(3), 250.8(1), 730(1), 275(1), 558(1), 599(4), 715(1), #####(2), 569(1), 853(1), 280(1), 8(1), V57(1), 331(1), 276(1), 403(1), 427(1), 171(1)",56
879,878,08792,diag_2,"250.7(1), 411(2), 282(1), V10(1), 496(1), 401(4), 403(4), 648(1), 428(2), 427(3), 250(2), 425(1), 276(4), 280(1), 780(1), 198(1), 788(1), 571(1), 682(1), 786(1), 410(1), 197(1), 491(2), 250.02(1), #####(1), 41(1), 414(1), 518(1), 707(1), 285(1), 305(1), 250.8(1), 441(1), 799(1), 585(5), 438(1), V85(1)",56
880,879,08801,diag_1,"V57(1), 414(1), 276(1), 250.7(2), 296(3), 434(1), 410(3), 311(1), 416(1), 295(1), 786(2), 577(1), 996(1), 486(2), 682(2), 440(1), 428(1), 562(1), 197(1), 530(1), 250.02(1), 432(1), 306(1), 453(1), 250.8(3), 578(1), 403(1), 787(1), 331(1), 427(2), 250.6(1), 574(1), 285(1), 491(1), 346(1), 599(1), 250.13(1), 38(2), 493(2), 182(1), 280(1), 345(1), 512(1)",56
880,879,08802,diag_2,"250.03(1), 411(1), 250.4(1), 440(1), 309(1), 413(1), 424(1), 293(1), 428(2), 401(1), 305(2), 427(2), 425(2), #####(2), 682(1), 493(2), 280(2), 189(1), 250(2), 530(1), 707(2), 276(6), 496(1), 780(1), 536(1), 599(4), V44(1), 441(1), 198(1), 402(1), 433(1), 590(1), 414(1), 410(1), 304(1), 278(1), 518(1), 571(1), 486(1)",56
881,880,08811,diag_1,"414(5), 714(1), 682(1), 435(1), 722(2), 593(1), 786(2), 466(1), 250.11(1), 410(4), 996(3), 428(2), 250.4(1), 434(1), 351(1), V57(1), 458(1), #####(4), 427(2), 250.6(1), 250.12(2), 486(1), 780(2), 296(1), 530(1), 250.7(1), 576(1), 824(1), 491(2), 250.8(1), 724(1), 825(1), 560(1), 250.82(1), 578(1), 646(1), 47(1)",56
881,880,08812,diag_2,"411(2), 276(7), 413(1), 706(1), 437(1), 997(1), 250(2), 428(2), 250.11(1), 453(2), 425(2), 250.42(1), 682(1), 424(1), 401(2), 410(2), 427(4), 403(1), 786(4), 414(1), #####(1), 242(1), 250.6(1), 599(1), E947(1), 785(1), 794(1), 162(1), 707(2), 304(1), 507(1), 250.22(1), 590(1), 465(1), 585(2)",56
882,881,08821,diag_1,"414(5), V57(1), 873(1), 311(1), 402(1), 996(3), 428(2), 250.11(1), 410(4), 348(1), 786(2), 426(1), 276(1), 648(1), 198(2), #####(3), 197(1), 435(1), 415(1), 681(1), 38(1), 228(1), 552(1), 423(1), 303(1), 427(3), 578(1), 8(2), 485(1), 715(1), 558(1), 453(1), 592(1), 250.8(1), 584(1), 820(1), 656(1), 493(1), 780(1)",56
882,881,08822,diag_2,"411(2), 715(1), 70(1), 250.6(1), 428(2), 403(3), 250(1), 276(5), #####(3), 340(1), 427(6), 402(1), 413(1), 38(1), 398(1), 414(1), 250.02(1), 196(1), 272(1), 162(1), 401(2), 496(1), 492(1), 574(1), 782(1), 518(1), 493(1), 491(1), 304(1), 415(1), 426(1), 789(1), 591(1), 682(1), 285(1), 805(1), E888(1), 648(1), 250.82(1), 435(1)",56
883,882,08831,diag_1,"904(1), 196(1), 414(2), V57(3), 572(1), 786(3), 710(1), 291(1), 428(2), 250.22(2), 434(2), 410(2), 486(2), 996(1), 433(1), 574(3), 780(1), 481(1), 188(1), 584(2), #####(2), 276(1), 250.6(1), 250.92(1), 444(1), 9(1), 599(2), 280(1), 250(1), 250.8(1), 427(1), 38(1), 820(1), 733(1), 518(1), 284(1), 491(1), 35(1), 295(1), 398(1), 424(1)",56
883,882,08832,diag_2,"427(4), 411(1), V45(1), 413(1), 70(1), 788(2), 780(1), 428(1), 287(1), 250.02(1), 599(5), 425(1), 276(6), 402(2), 414(1), 250(1), 426(1), 530(1), 496(1), 198(1), 403(1), 263(1), 491(2), V12(1), 305(1), 707(1), 577(1), 786(1), 211(1), 518(1), 285(1), 486(1), 516(1), 562(1), 787(1), 304(1), 584(1), 401(1), V62(1), 746(1), V85(1)",56
884,883,08841,diag_1,"410(4), 414(2), 277(1), 428(2), 434(3), 786(1), #####(4), 486(5), 435(1), 572(1), 296(2), 415(1), 447(1), 578(1), 401(1), 730(1), 555(1), 433(1), 682(2), 493(1), 515(1), 250.31(1), 820(1), 715(2), 250.22(1), 250.6(1), 780(1), 331(1), 782(1), 618(1), 824(1), 38(1), V57(1), 8(1), 482(1), 250.12(1), 287(1), 427(1), 518(1)",56
884,883,08842,diag_2,"250.03(1), 411(2), 250(6), 492(1), 424(1), 496(1), 493(2), V45(1), 414(2), 425(3), 428(2), 578(1), 780(1), 427(3), 453(1), 276(3), 280(1), 784(1), 682(1), 162(1), 721(1), 491(1), 728(1), 486(2), 786(2), 294(2), 285(1), 401(1), E885(1), 599(1), V54(1), 518(2), 272(1), 112(1), 584(2), 296(1)",56
885,884,08851,diag_1,"427(4), 414(3), V57(3), 402(1), 553(1), 250.7(1), 824(1), 786(3), 440(2), 410(1), 681(1), 428(2), 290(1), 434(1), 996(3), 250.1(1), 250.8(1), 511(1), 153(1), 724(1), 401(1), 540(1), 822(1), 507(1), 162(1), 820(1), 682(1), 518(2), 276(1), 969(1), 565(1), #####(1), 253(1), 558(1), 780(1), 491(1), 8(1), 584(1), 250.6(1), 790(1), 812(1), 715(1)",56
885,884,08852,diag_2,"250.01(1), 411(1), 404(1), 413(1), 496(5), 403(2), 440(1), E927(1), 424(1), 781(1), 38(1), 250.81(1), 515(1), 414(2), 305(1), 428(2), 250.6(1), 250(4), 788(1), 276(6), 707(1), 710(1), 427(1), 250.8(1), 401(2), 786(1), E885(1), 491(1), 997(1), 820(1), 263(1), #####(1), 410(1), 599(2), 733(1), 250.02(1), 357(1), 285(2)",56
886,885,08861,diag_1,"648(1), 250.03(1), 434(3), 414(4), 250.4(1), 786(2), 295(1), 507(1), 250.11(1), 410(1), 996(1), 780(2), 428(2), 530(2), 430(1), 682(3), 425(1), V57(1), 998(1), 427(2), 733(1), 812(1), 486(1), 435(1), 536(1), 560(1), 444(1), 578(1), 715(2), 557(1), 537(1), 250.8(2), 787(1), 482(1), 552(1), 805(1), 599(1), 38(1), #####(2), 784(1), 250.82(1)",56
886,885,08862,diag_2,"250.01(2), 401(3), 411(1), 403(3), 710(1), 496(3), 424(1), 276(4), 428(2), 427(3), 38(2), 425(1), 280(1), #####(2), 511(1), V43(1), 414(1), 305(2), 250(3), 415(1), 426(2), 162(2), 682(1), 410(2), 569(1), 789(1), 567(1), 707(1), 599(1), 486(1), 368(1), 285(1), V58(1), 584(1), 585(1)",56
887,886,08871,diag_1,"355(1), 786(3), 414(5), 276(1), 600(1), 428(2), 435(1), 410(4), 996(2), 567(1), 250.1(1), 486(1), 812(1), 560(1), 415(1), 296(1), 530(1), 780(1), 577(1), 250.02(1), #####(3), 578(2), 590(1), 491(4), 250.8(1), 599(1), 434(1), 789(1), 518(1), 715(1), 38(3), 416(1), 695(1), 808(1), 250.82(1), 805(1), 403(1)",56
887,886,08872,diag_2,"250.01(1), 250.51(1), 411(1), 492(1), 741(1), 601(1), 413(1), 403(3), 401(2), 428(2), 250(2), 496(1), 427(4), 571(1), 414(3), 250.6(1), 402(2), #####(2), 155(1), 276(7), 280(1), 70(1), 250.02(1), 729(1), 599(2), 304(1), 518(1), 458(1), 682(1), 486(2), 584(1), 995(1), 799(1), 585(3)",56
888,887,08881,diag_1,"250.6(1), 789(1), 590(1), 414(3), 722(1), 402(1), 786(2), 250.11(1), 535(1), 440(1), V58(1), 250.42(1), 733(1), 435(1), 486(5), 276(2), 428(2), 295(1), V55(1), 530(1), 682(1), 507(1), 491(3), 724(1), 569(1), 280(1), 584(1), 965(1), 715(2), 250.13(1), 38(4), 518(2), 250.82(1), #####(1), 8(1), 787(1), 288(1), 537(1), 716(1), 432(1)",56
888,887,08882,diag_2,"250.41(1), 250.01(1), 250.03(1), 411(1), 718(1), 428(2), 250(3), 276(4), 280(1), 998(1), 305(1), 196(1), 403(2), 714(1), V42(1), 496(1), 427(2), 250.02(1), 312(1), 153(1), 295(1), 401(3), 162(1), 569(1), 491(1), 272(1), 424(1), #####(4), 410(1), 285(2), 726(1), 788(1), 518(2), 599(1), 592(1), 150(2), 584(2), 585(1), 348(1)",56
889,888,08891,diag_1,"401(1), 436(1), 428(2), 446(1), 414(4), 616(1), V57(1), 250.7(1), 250.11(1), 398(1), 250.6(1), 440(2), 410(2), 486(3), 300(1), 403(1), 780(1), #####(1), 786(1), 571(1), 427(4), 576(1), 435(1), 276(1), 728(1), 820(1), 411(1), 715(1), 558(1), 599(1), 198(2), 608(1), 250.8(1), 584(2), 531(1), 426(1), 250(1), 574(1), 491(1), 290(1), 8(1), 38(1), 530(1)",56
889,888,08892,diag_2,"250.93(1), 782(1), 250.01(1), 70(1), 411(1), 41(1), 413(1), 496(3), 440(1), 428(2), 305(1), 403(2), 396(1), #####(2), 404(1), 427(1), 300(1), 434(1), 250(3), 204(1), 272(1), 567(1), 250.02(1), 424(1), 599(2), 574(1), 784(1), 682(1), 493(1), 276(3), 786(1), 996(1), 199(1), 566(1), 707(1), 304(1), 285(1), 458(1), 278(1), 250.8(2), 552(1), 250.82(1), 296(1), 584(1), V85(1)",56
890,889,08901,diag_1,"998(3), 996(1), 276(3), 414(2), 250.4(1), 428(2), 590(1), 250.11(1), 786(3), 386(1), 486(2), 434(2), #####(3), 250.6(1), 410(1), 599(1), 290(1), 188(1), 516(1), 507(1), 427(3), 715(2), 242(1), 162(1), 453(1), 38(3), 462(1), 291(1), 780(2), 648(1), 574(1), 8(1), 584(1), 285(1), 251(1), 435(1), 728(1), 296(1)",56
890,889,08902,diag_2,"E870(1), 250.41(1), 250.81(1), 411(1), 428(2), 250.4(1), 70(1), 403(3), 8(1), 250(2), 424(4), 453(1), 600(1), 427(4), 780(2), 493(1), 496(1), 276(4), 599(4), 263(1), 998(1), 198(1), 401(2), 412(1), 574(1), 577(2), 648(1), 590(1), 200(1), 592(1), 486(1), 787(1), 792(1), 255(1), 585(1), 584(1), V62(1)",56
891,890,08911,diag_1,"414(3), 237(1), 278(1), 786(6), 494(1), 295(2), 434(3), 433(1), 428(2), 276(2), 486(1), 996(2), 410(1), 722(1), 197(1), 682(1), 455(1), 562(1), 789(2), 38(1), 415(1), 250.6(2), 151(1), 348(1), 292(1), 715(2), 250.82(2), 584(1), 574(1), 654(1), 511(1), 491(1), 493(1), 250.13(1), #####(2), 560(1), 404(1), 285(1)",56
891,890,08912,diag_2,"420(1), 411(1), 253(1), 250(5), 515(1), 277(1), 496(4), 404(1), 428(1), 401(4), 250.02(2), 287(1), 305(2), 414(1), 780(1), 427(2), 569(1), 188(1), 280(1), 574(1), 276(2), 578(1), 599(1), 682(1), 729(1), 70(1), 311(1), 516(1), 535(1), 648(1), 518(1), 211(1), 707(1), 733(1), V58(1), 799(1), 584(1), 585(2), 812(1), 522(1), V85(1)",56
892,891,08921,diag_1,"414(3), 711(1), 786(3), 789(1), 780(5), 276(2), 571(2), 410(2), 682(2), 294(1), 532(1), 428(1), 996(1), 151(1), 486(2), 493(3), 730(1), 722(1), 197(1), 724(1), 485(1), 453(1), 518(1), 998(1), 681(1), 401(1), 820(1), 491(1), 307(1), 431(1), 250(1), 435(1), 38(1), 250.82(1), 443(1), 434(1), 625(1), 560(1), 466(1), 784(1), 686(1)",56
892,891,08922,diag_2,"411(1), 403(3), 397(1), 250.81(1), 413(1), 292(1), 425(2), V45(1), 571(2), 428(2), 451(1), #####(5), 427(3), 250(4), 331(1), 715(1), 324(1), 599(3), 276(4), 205(1), 250.02(1), 492(1), 414(1), 491(1), 786(1), 401(1), 342(2), 290(1), 295(1), 707(1), 496(1), 564(1), 518(1), 585(1), 327(1), 790(1)",56
893,892,08931,diag_1,"436(1), 414(4), 989(1), 433(2), 404(1), 278(1), 410(4), 786(1), 428(2), 296(1), 424(2), 434(1), 245(1), 153(1), 682(3), 562(1), 440(1), 584(4), 486(1), 491(3), 426(1), 780(2), 733(1), 715(1), 730(1), 560(1), 599(1), 427(3), 250.6(1), 996(1), 707(1), 507(1), 38(1), 824(1), V57(1), 518(1), 338(1)",56
893,892,08932,diag_2,"424(1), 250.41(1), 411(1), 250.02(5), 340(1), 496(1), 428(2), #####(3), 250(4), 425(1), 780(2), 305(1), 433(1), 427(3), 276(4), 998(1), 786(1), 593(1), 403(2), 401(1), 242(1), 707(3), 287(1), 599(2), V43(1), 682(1), 414(1), 518(1), 174(1), 285(1), 680(1), 438(1), 486(1), 482(2), 805(1)",56
894,893,08941,diag_1,"436(1), 410(1), 324(1), 414(3), 851(1), 428(1), 682(2), 786(2), 996(3), 295(1), 780(1), 452(1), 453(1), 250.13(1), 79(1), 435(1), 707(1), 38(1), 724(2), 274(1), 574(1), 278(1), 197(1), 599(2), 250.8(1), 577(1), 493(2), 540(1), 434(1), 733(1), 458(1), 558(1), 183(1), 820(2), 592(2), 427(2), 491(1), 198(1), 531(1), 250.22(1), 578(1), 721(1), 403(1), 995(1)",56
894,893,08942,diag_2,"784(1), 250.01(1), 493(2), 411(1), 413(1), 428(2), 250.6(3), 250(3), 453(1), 789(1), 998(1), 451(1), 403(1), 284(1), 780(3), 404(1), 402(1), 820(1), 518(1), 162(1), #####(2), 599(5), 276(3), 197(1), 278(1), 591(1), 41(1), 415(1), 305(1), 787(1), 535(1), 285(2), 584(3), 458(1), 532(1), 799(1), 585(1), 989(1)",56
895,894,08951,diag_1,"511(1), 414(3), 562(2), 522(1), 250.7(2), 786(1), 550(1), 250.11(1), 410(1), 577(1), 432(1), 425(1), 386(1), 996(1), 481(1), 348(1), 486(1), 428(2), 458(1), 535(1), 292(1), 434(1), 507(2), 490(1), 174(1), 584(1), 250.13(1), V58(1), 427(1), 276(3), 162(1), 789(1), #####(1), 532(1), 493(2), 998(1), 491(1), 250.8(1), 574(1), 38(1), 820(1), 287(1), 682(1), 518(1), 433(1), 847(1), 278(1)",56
895,894,08952,diag_2,"250.01(1), 411(1), 999(1), 401(2), 440(1), V45(1), 496(4), 276(3), 428(2), 403(2), 250(2), 427(4), E879(1), 571(1), 402(1), 780(1), 250.02(2), #####(3), 410(1), 424(1), 162(1), 303(1), 426(1), 491(3), 250.92(1), 511(1), 707(2), 567(1), 572(1), 682(1), 577(1), 599(1), 285(1), 784(1), 250.8(1), 585(2), V85(1)",56
896,895,08961,diag_1,"694(1), 599(1), 414(3), 250.4(1), 821(1), 786(5), 428(2), 824(1), #####(3), 577(2), 511(1), 486(2), 434(1), 560(1), 466(1), 276(1), 294(1), 574(1), 724(1), 410(1), 440(1), 567(1), 250.6(1), 820(1), 557(1), 780(2), 564(1), 487(1), 562(1), 427(5), 250.8(2), 238(1), 518(1), 38(2), 789(1), 455(1), 280(1), V57(1)",56
896,895,08962,diag_2,"440(1), 250.01(1), 411(1), 403(2), 413(1), E849(1), 401(4), 250.42(1), 427(3), 496(1), 414(1), 70(1), 586(1), 425(1), 574(1), 250(2), 428(1), 38(1), 8(1), 415(1), 575(1), 276(7), 599(2), 444(1), 250.02(1), 305(1), 731(1), 402(1), 784(1), 785(1), 787(1), 285(1), 458(1), 799(1), 416(1), 584(2), 585(3), 348(1), V85(1)",56
897,896,08971,diag_1,"304(1), 414(2), 428(2), 733(2), 38(1), 410(1), 996(2), 434(3), 786(6), 722(1), 293(1), #####(2), 250.11(1), 560(1), 238(1), 487(1), 592(1), 756(1), 681(1), 218(1), 998(1), 590(1), 515(1), 427(2), 250.8(1), 486(3), 493(2), 715(1), 415(1), 577(1), 491(1), 599(1), 920(1), 250.13(1), 274(1), 435(1), 459(1), 296(1), 808(1), 276(1)",56
897,896,08972,diag_2,"250.01(1), 411(2), 135(1), 250.7(1), 403(3), 396(1), 428(2), 250(4), 401(1), 250.02(2), 427(5), 780(2), 424(1), 729(1), 284(1), 410(1), 493(1), 414(1), 250.92(1), 276(3), 996(1), 41(1), 491(2), 250.8(2), 444(1), 577(1), #####(1), 426(1), 285(2), 681(1), 518(1), 432(1), 250.82(1), 682(1), 331(1), 486(1), 438(1), 585(1)",56
898,897,08981,diag_1,"414(2), 402(1), 185(1), 250.7(1), 440(1), 786(4), 682(2), 535(1), 496(1), 410(2), 428(2), 997(1), 296(1), 560(1), #####(5), 348(1), V57(1), 276(1), 331(1), 780(1), 162(1), 455(1), 493(1), 8(1), 715(1), 280(2), 458(1), 38(5), 599(1), 284(1), 584(1), 491(1), 577(2), 486(1), 250(1), 998(1), 813(1), 403(1), 250.6(1)",56
898,897,08982,diag_2,"413(1), 403(3), 427(7), 196(1), 440(1), 780(1), 424(1), 428(2), 250(2), 414(4), 425(1), 496(1), 997(1), 401(2), V43(1), 204(1), 788(1), 198(1), 287(1), 599(2), #####(2), 789(1), 590(1), 41(1), 200(1), 276(1), 250.02(1), 535(1), 707(1), 518(1), 511(1), 278(1), E878(1), 728(1), 576(1), E888(1), 585(3), 337(1)",56
899,898,08991,diag_1,"440(3), 996(2), 414(1), 250.81(1), V57(2), 428(2), 786(1), 292(1), 431(2), 456(1), 410(2), 276(3), 211(1), 724(1), 486(4), 535(1), 584(1), 574(1), 562(1), 427(2), 507(1), #####(2), 721(1), 151(1), 998(2), 416(1), 682(1), 491(3), 285(1), 685(1), 578(1), 493(1), 997(1), 183(1), 38(1), 852(1), 780(1), 577(1), 280(1)",56
899,898,08992,diag_2,"250.01(2), 411(1), 790(1), 292(1), V45(1), 403(2), 424(1), 780(1), 250.92(1), 305(1), 287(1), 250.02(1), 428(2), 286(1), 996(1), 427(4), 496(1), 530(1), 276(1), 574(1), 401(1), 491(2), 707(2), 599(1), 781(1), 263(1), 682(2), #####(1), 250(2), 202(1), 466(1), E878(1), 789(1), 507(1), 250.12(1), 438(1), 852(1), 799(1), 584(4), 585(2), 435(1), 260(1)",56
900,899,09001,diag_1,"414(3), 722(1), 276(2), 410(1), 250.11(1), 572(1), 250.2(1), 440(2), 428(2), 434(1), 564(1), 682(1), 486(4), 295(1), 493(1), 786(1), 780(2), 312(1), 577(1), 571(1), 453(1), 427(2), 424(1), 435(2), 715(2), #####(1), 250.7(1), 38(4), 707(1), 728(1), 288(1), 250.8(1), 250.12(1), V57(1), 250.82(1), 531(1), 560(1), 491(1), 411(1), 250.13(1), 250.1(1)",56
900,899,09002,diag_2,"411(2), 292(1), 250.6(1), 425(1), 780(3), 276(2), 998(1), 424(1), 428(2), 496(3), 250(2), #####(4), 682(2), 599(4), 403(1), 401(3), 250.02(2), 427(1), 434(1), 456(1), 996(1), 784(1), 491(1), 785(1), 707(2), 162(1), 443(1), 410(1), 305(1), V54(1), E935(1), 576(1), 486(2), 585(1), 584(1), 348(1)",56
901,900,09011,diag_1,"414(5), 255(1), 290(1), 786(2), 291(1), 486(2), 996(3), 535(1), 780(2), 722(1), 574(1), 410(1), 428(1), 197(1), 174(1), 70(1), V58(1), 577(1), 453(1), 578(1), 250.8(1), 789(1), 427(3), 250.6(1), 599(3), 590(1), 79(1), 491(3), 552(1), 808(1), 608(1), 584(2), 415(1), 844(1), 276(1), 733(1), 715(1), 721(1), V55(1), 433(1)",56
901,900,09012,diag_2,"411(2), 518(1), 437(1), 496(5), 997(1), 250(2), 424(1), 403(1), 401(3), 38(1), 996(1), 722(2), 414(1), 427(2), 197(1), 196(1), 428(2), 153(1), 276(6), 280(1), 599(2), 707(1), 250.92(1), 592(1), #####(1), 682(1), 250.8(1), 250.02(1), 789(1), 151(1), 728(1), 486(2), 356(1), 585(4), 783(1)",56
902,901,09021,diag_1,"434(2), 682(1), 590(1), 747(1), 996(2), 786(1), V57(1), 404(1), 295(1), 780(2), 428(2), 532(1), 250.1(1), 427(1), 515(1), 410(1), 276(1), 198(1), 577(1), 491(2), 435(1), 569(1), 38(2), 574(2), 411(1), 453(1), 560(2), 626(1), 821(1), 784(1), 486(2), 493(2), 511(1), 715(2), 820(1), 789(1), 576(1), 8(2), V63(1), 642(1), 588(1), 599(1), 803(1), 518(1)",56
902,901,09022,diag_2,"250.01(2), 34(1), 427(5), 403(2), 424(1), 493(2), 428(2), 574(1), 250.4(1), 496(1), 401(2), 250(3), 414(2), #####(1), 197(1), 276(6), 600(1), 250.02(1), 440(1), 425(1), V10(1), 821(1), 780(1), 786(2), 491(2), 707(1), 410(1), 599(1), V43(1), 577(1), 332(1), 648(1), 585(1), 584(2), 348(1), 27(1)",56
903,902,09031,diag_1,"135(1), 295(1), 403(1), 781(1), 414(5), 738(1), V57(1), 250.11(1), 398(1), 722(2), 250.7(1), 786(3), 433(1), 410(2), 507(3), 486(3), 428(2), 276(1), 532(1), 162(1), 250.02(1), 560(2), 558(1), 427(1), 250.6(1), 780(1), 38(1), 599(1), 715(3), 250.13(1), 250(1), 491(1), 250.82(1), 556(1), 459(1), 250.8(1), 724(1), 707(1), 996(1), 813(1)",56
903,902,09032,diag_2,"517(1), 250.01(2), 250.41(1), 411(2), 496(5), 428(2), 573(1), 396(1), 440(1), 424(2), 250(6), 414(1), 427(3), 425(2), 295(1), 401(3), 599(1), 707(2), 276(4), 780(1), 250.02(1), #####(1), 682(1), 560(1), 574(1), 592(1), 493(1), 731(1), 518(1), 486(1), 730(2), 799(1), 813(1)",56
904,903,09041,diag_1,"V57(2), 182(1), 436(1), 590(2), 414(4), 250.4(1), 402(1), 530(2), 996(1), 433(1), V58(1), 298(1), 574(1), 786(4), 486(1), 562(2), 428(2), 820(1), 153(2), 998(1), 780(1), 852(1), 250.7(2), 575(1), 493(2), 787(1), 427(3), 435(1), 599(1), 592(1), 584(1), 250.82(1), 537(1), 807(1), 518(1), 733(1), 577(1), 327(1), 434(1), 8(1)",56
904,903,09042,diag_2,"V57(1), 220(1), 414(2), 250.01(1), 411(2), 54(1), 403(3), 413(1), 280(1), 250.6(1), 496(2), 424(1), 599(2), 404(1), 428(2), 427(2), 571(1), 574(1), 272(1), 998(1), 250(3), 197(1), 291(1), 707(1), 682(2), 780(1), 276(2), 789(1), 786(1), 401(1), 785(1), 591(1), 307(1), 278(1), 564(1), 285(1), 805(1), 491(1), 344(1), 584(2), 94(1), 585(2)",56
905,904,09051,diag_1,"786(3), 434(5), V57(4), 446(1), 250.11(2), 996(1), 414(2), 723(1), 553(1), 715(1), 428(2), 577(1), 486(3), 410(1), 440(1), 288(1), 427(2), 276(2), 820(1), 415(1), #####(2), 584(1), 38(2), 444(1), 491(2), 805(1), 654(1), 466(1), 733(1), 531(1), 250.8(1), 780(1), 285(1), 578(1), 175(1), 197(1), 682(1)",56
905,904,09052,diag_2,"250.01(2), 250.6(1), 491(2), 403(2), V45(1), 428(2), 276(3), #####(2), 997(1), 414(2), 727(1), 425(1), 574(1), 493(2), 401(1), 427(4), 707(1), 284(1), 424(1), 153(1), 285(3), 577(1), 599(1), 780(1), 444(1), 253(1), 850(1), 287(1), 648(1), 518(2), 202(1), 273(1), 786(1), 342(1), 250.12(1), 537(1), 585(1), 924(1), 196(1), 183(1), 556(1)",56
906,905,09061,diag_1,"436(1), 428(2), 414(3), 581(1), 729(1), 789(1), 786(1), 440(1), 230(1), 486(3), 410(1), 292(1), 218(1), 733(1), 426(1), 574(1), 427(3), 682(3), 557(1), 507(1), 959(1), 485(1), #####(2), 250.8(3), 599(1), 780(1), 715(1), 434(1), 648(1), 785(1), 790(1), 996(1), 584(1), 211(1), 285(1), 491(3), 518(1), 38(1), 716(1), 398(1), 296(1), 338(1)",56
906,905,09062,diag_2,"427(4), 250.01(1), 411(1), 413(1), 428(2), 403(1), 292(1), 250(3), 578(2), 42(1), 402(1), 425(2), 280(1), 599(3), 198(1), 250.02(1), 491(4), #####(1), 511(1), 8(1), 205(1), 682(3), 401(1), 276(1), 729(1), 648(1), 707(1), E878(1), 562(1), 202(1), 459(1), 250.13(1), 518(1), 486(2), 995(1), 424(1), 585(1), V62(1), V85(1), 152(1)",56
907,906,09071,diag_1,"117(1), 88(1), 414(2), 652(1), 402(1), 486(2), 786(2), 250.11(1), 997(1), 428(2), 434(1), 38(2), 682(2), 153(1), 233(1), #####(3), 276(1), 789(2), 296(1), 427(1), 401(1), 574(1), 250.6(1), 435(1), 824(1), 722(1), 250.02(1), 512(1), 250.7(1), 707(1), 715(1), 558(1), 287(1), 491(2), 518(1), 780(1), 788(1), 410(1), 443(1), 250.82(1), 493(1), 208(1), V57(1), 415(1), 728(1), 578(1)",56
907,906,09072,diag_2,"484(1), 276(5), 411(1), 413(1), 642(1), 425(2), V63(1), 403(2), 530(1), 453(1), 424(1), 287(1), 428(2), 196(1), 617(1), 427(5), 272(1), 250.02(2), 571(1), 250(2), #####(3), 414(1), 401(1), 733(1), 491(1), 785(2), 682(1), 569(1), 205(1), 599(1), 789(1), 458(1), 707(1), 681(1), 518(1), 585(2), 482(1), 584(2)",56
908,907,09081,diag_1,"414(4), 852(1), 433(1), 428(2), V57(1), 786(2), 276(1), 722(1), 410(4), 197(1), 577(1), 250.1(1), 557(1), 250.13(1), 486(3), 426(1), 434(1), 424(1), 427(2), 536(1), #####(5), 296(1), 154(1), 590(1), 562(1), 491(2), 599(2), 188(1), 998(1), 250.82(1), 198(1), 38(1), 781(1), 790(1), 250.6(1), 564(1), 715(1), 492(1), 493(1)",56
908,907,09082,diag_2,"411(2), 825(1), V45(1), 403(2), 250(2), 250.02(3), 997(1), 424(1), 414(2), 998(1), 574(1), 276(3), 788(1), 496(1), 250.6(1), 493(1), 428(2), 295(2), 427(1), #####(4), 996(2), 599(4), 198(1), 789(1), 511(1), 41(1), 491(2), 785(1), 591(1), 577(1), 154(1), 250.82(1), 357(1), 562(1), 458(1), 584(1), 585(1), V85(1)",56
909,908,09091,diag_1,"201(1), 346(1), 414(4), 786(2), 278(1), 410(1), 722(1), 428(2), V57(1), 250.22(1), 431(1), 486(3), 473(1), 599(3), 276(1), 434(1), 490(1), 782(1), 491(3), 153(1), 584(1), 433(1), 571(1), 555(1), 682(1), 427(1), 576(1), 820(1), 998(1), 577(1), 883(1), 250(1), 997(1), 552(1), 432(1), 518(2), 808(1), 250.8(1), 250.82(1), 38(1), 658(1), 251(1), 250.13(1), 250.12(1)",56
909,908,09092,diag_2,"581(1), 250.01(1), 411(2), 250.6(1), 250(3), V45(1), 401(2), 428(2), 424(1), 162(1), 276(2), 996(1), 496(2), V42(1), 403(2), 427(3), 250.4(1), 197(1), 599(1), 572(1), 578(1), #####(3), 574(1), 250.02(1), 519(1), 577(1), 681(1), 507(1), 304(1), 784(1), 518(1), 493(1), E888(1), 486(3), 785(1), 707(1), 491(1), 799(1), 452(1), 648(1), 584(2)",56
910,909,09101,diag_1,"414(3), 282(1), 682(1), 8(2), 250.11(1), 404(1), 428(2), 410(2), 250.6(2), 780(2), 250.42(1), 146(1), 997(1), 434(2), 486(2), 435(1), 250.1(1), 274(1), 715(2), 447(1), 285(1), 540(1), 576(1), 562(2), 331(1), 786(2), 996(1), 427(2), 530(1), 38(2), 618(2), 724(1), 807(1), 820(1), 250.12(1), 681(1), 492(1), 345(2), #####(1), 537(1)",56
910,909,09102,diag_2,"411(1), 288(1), 696(1), 250.01(1), 276(5), 428(2), 413(1), 401(3), 440(1), 250(1), 403(5), 427(4), 998(1), #####(4), 425(1), 305(1), 244(1), 997(1), 782(1), 444(1), 491(2), 531(1), 412(1), 599(1), 424(1), 707(1), 590(1), 860(1), 285(2), 157(1), 785(1), 512(1), 618(1), 585(2), 791(1), 261(1)",56
911,910,09111,diag_1,"722(1), 599(2), 801(1), 414(4), 402(1), 250.93(1), V57(2), 250.7(2), 290(1), 410(1), 428(2), 593(1), 435(2), 996(1), 786(1), 458(1), 486(1), 427(2), 434(2), 737(1), 569(1), #####(1), 112(1), 560(1), 574(2), 787(1), 562(1), 250.6(1), 715(2), V58(1), 781(1), 411(1), 38(2), 250.8(1), 805(1), 250.82(1), 239(1), 518(1), 784(1), 575(1), 376(1), 403(1), 296(1)",56
911,910,09112,diag_2,"250.01(2), 250.6(1), 411(1), 780(2), 413(2), 490(1), 425(1), 440(1), 496(2), 611(1), 401(2), 599(2), 38(1), 427(3), 403(1), 250(2), 280(1), 284(1), 721(1), 786(1), 276(6), 426(1), 428(2), 295(1), 250.02(1), 682(2), 785(1), 8(1), 202(1), 272(1), 789(1), 850(1), 410(1), 806(1), 491(2), 577(1), 585(2), 296(1)",56
912,911,09121,diag_1,"250.83(1), 414(3), 402(1), 434(1), 424(1), 530(1), 433(2), 298(1), 295(1), 233(1), 413(1), 276(2), 486(2), 730(1), 250.8(4), 562(1), 780(1), 428(2), 794(1), 410(1), 511(1), 174(1), 415(1), 34(1), 599(2), 715(1), #####(2), 493(1), 552(1), 300(1), 427(3), 292(1), 681(1), 618(1), 808(1), 491(1), 532(1), V57(2), 518(1), 482(1), 250.13(1), 578(1)",56
912,911,09122,diag_2,"780(2), 411(2), 427(5), 250.6(1), 428(2), 403(2), 331(1), 401(3), 218(1), 425(1), 250.02(2), 496(4), #####(3), 493(2), 250(2), 414(1), 197(1), 453(1), 786(1), 276(3), 340(1), 511(1), 731(1), 721(1), E939(1), 426(1), 682(1), 285(1), V54(1), 491(1), 507(1), V58(1), 438(1), 584(1), 585(1), 557(1)",56
913,912,09131,diag_1,"V57(1), 309(1), 414(6), 425(1), 402(1), 278(1), 276(2), 153(1), 428(2), 969(1), 569(1), 482(1), 682(3), 424(1), 786(1), 571(1), 780(1), 197(1), 427(1), 578(1), 536(1), 435(2), 250.42(1), 486(1), 493(1), 296(1), 998(1), 295(1), 584(2), 715(2), 724(1), 250.8(2), 618(1), 38(1), 403(2), 558(1), V58(1), 434(1), 491(2), 250.7(1), 823(1)",56
913,912,09132,diag_2,"250.01(1), 250(4), 411(3), 425(1), 428(2), 403(3), 998(1), 427(2), 496(2), 292(1), 571(1), 162(2), 707(3), #####(3), 280(1), 276(1), 433(1), 599(4), 491(2), 305(1), 682(2), 311(1), 401(1), 729(1), 788(1), 518(2), 290(1), 150(1), 733(1), 342(1), 482(1), 585(1), 922(1), 584(1), V85(1)",56
914,913,09141,diag_1,"790(1), 153(1), 410(1), 414(2), 572(1), 241(1), 996(3), 250.7(2), 298(1), 997(1), 496(1), 786(1), 481(1), 789(1), 487(1), 486(2), 295(1), 507(1), 428(2), 433(1), 682(2), 434(1), 998(1), 274(1), 112(1), 780(2), 478(1), 426(1), 38(1), 276(1), 250.8(1), 812(1), #####(1), 458(1), 493(1), 562(1), 453(2), 584(1), 574(1), 491(1), 995(1), 537(1), 847(1), 8(2), 482(1), 820(1)",56
914,913,09142,diag_2,"250.51(1), 250.01(1), 250.11(1), 411(1), 135(1), 413(1), 496(5), 403(1), 440(1), 8(1), 453(1), 428(2), 401(1), 70(1), 581(1), 276(5), 493(1), 425(2), 250.02(1), #####(3), 427(4), 250(1), 996(1), 162(1), 786(1), E928(1), 410(1), 569(1), 682(1), 577(1), 304(1), 426(1), 784(1), 40(1), 285(1), 728(1), 584(2), 289(1), 585(1), 296(1)",56
915,914,09151,diag_1,"682(1), 403(1), 414(6), 250.81(1), 250.11(1), 404(1), 410(4), V57(1), 250.1(1), 276(2), 435(1), 786(2), 562(2), 507(1), 428(1), 486(2), 577(2), 153(1), 198(1), 518(2), 38(3), 571(1), 599(2), 282(1), 447(1), 285(1), 584(1), 250.8(1), 250.02(1), 789(1), 820(1), 280(1), 785(1), 491(1), 79(1), 963(1), 576(1), 780(1), 715(1)",56
915,914,09152,diag_2,"250.91(1), 250.01(1), 411(2), 403(2), 413(1), 496(3), 682(2), 276(3), 250(3), 428(2), 707(2), 493(1), 780(1), 414(3), 427(3), 295(1), 560(1), 198(1), 157(1), 382(1), #####(1), 789(1), 250.02(1), 577(1), 518(4), 305(1), 591(1), 304(1), 535(1), 285(1), 569(1), 491(1), 486(1), 292(1), 584(1), 585(1), 337(1), 348(1)",56
916,915,09161,diag_1,"295(1), 250.8(1), 250.03(1), 402(1), 414(5), 786(4), 433(1), 185(1), 250.11(1), 410(2), 577(1), 428(2), 599(1), 250.2(1), 682(1), 426(1), 435(2), 574(1), 820(3), #####(2), 780(3), 182(1), 220(1), 493(1), 491(3), 427(1), 346(1), 453(1), 250.13(1), 584(1), 434(1), 239(1), 530(1), 808(1), 280(1), 345(1), 38(1), 583(1), 658(1)",56
916,915,09162,diag_2,"250.01(1), V65(1), 272(2), 411(3), 413(1), V42(1), 496(4), 424(1), 788(2), V45(1), 428(2), 250(3), 403(1), 276(4), #####(5), 427(3), 414(2), 401(2), 682(1), 162(1), 511(1), 473(1), 53(1), 780(2), 707(1), E885(1), 444(1), 518(1), 564(1), 733(1), 443(1), 995(1), 560(1), 644(1)",56
917,916,09171,diag_1,"180(1), 513(1), 414(2), 292(1), 282(1), 241(1), 235(1), 431(1), 442(1), 433(1), 733(1), 997(1), 428(2), 590(1), 996(1), #####(5), 410(1), 789(2), 820(2), 724(1), 486(2), 574(1), 682(1), 824(1), 715(1), 427(2), 599(2), 787(1), 162(2), 435(1), 493(1), 805(1), 780(1), 296(1), 440(1), 512(1), 281(1), 518(1), 584(1), 411(1), 250.13(1), 345(1), 189(1), 214(1)",56
917,916,09172,diag_2,"250.42(1), 276(3), 411(1), 292(1), 70(1), 401(2), 493(1), 780(2), 427(5), 998(3), 440(1), V45(2), 424(1), 250(2), 790(1), 414(2), 428(1), 574(1), 250.02(1), 244(1), 425(1), 491(4), 162(1), 707(1), 295(1), 781(1), 412(1), 305(1), 311(1), 291(1), 459(1), 486(2), 250.13(1), 799(1), 558(1), 584(1), 8(1), 585(1), 591(1)",56
918,917,09181,diag_1,"250.81(2), 250.23(1), 359(1), 309(1), 414(7), 298(1), 428(2), 530(1), 433(2), 421(1), 528(1), #####(4), 682(2), 996(1), 410(2), 560(3), 431(1), 440(1), 574(2), 435(2), 812(1), 722(1), 453(1), 599(1), 562(1), 490(1), 486(1), 534(1), 493(1), 648(1), 182(1), 287(1), 584(1), 135(1), 250(1), 575(1), 600(1), 280(1)",56
918,917,09182,diag_2,"250.41(1), 276(5), 345(1), 340(1), 411(2), 250.6(2), 413(1), 424(2), 707(2), 403(2), 250(2), 402(1), 496(1), 250.42(1), 997(1), 427(4), 428(2), 599(3), 414(1), V42(1), 721(1), 401(1), 426(1), #####(1), 250.02(1), 511(2), 412(1), 491(1), E934(1), 295(1), 648(1), 305(1), 8(1), 584(1), 493(1), 594(1), 266(1), 585(2)",56
919,918,09191,diag_1,"965(1), 428(2), 250.6(1), 414(1), 402(1), 431(1), V57(1), 786(2), 250.7(1), 410(1), 577(1), 566(1), 997(2), 729(1), 435(1), 536(1), 415(3), 486(2), 432(1), 427(2), 562(3), 453(1), #####(3), 552(1), 305(1), 386(1), 250.8(2), 331(1), 600(1), 715(1), 591(1), 574(2), 280(1), 250.13(1), 465(1), 584(1), 275(1), 218(1), 599(1), 823(1), 491(1), 512(1), 780(1)",56
919,918,09192,diag_2,"965(1), 250.01(1), 250.43(1), 411(1), 428(2), 403(2), 8(1), 250(3), 401(3), 425(1), V45(1), 427(2), 786(1), 496(2), 250.02(1), 453(1), 276(3), #####(3), 197(1), 682(2), 530(1), 511(1), 491(2), 599(2), 444(1), 724(1), 553(1), 295(1), 707(1), 202(1), 285(1), 518(1), 552(1), 616(1), 728(1), 730(1), 486(1), 816(1), 585(1), 117(1), V85(1)",56
920,919,09201,diag_1,"436(1), 296(1), 297(1), 414(3), 996(2), 250.11(1), 431(1), 440(1), 786(3), 351(1), 998(1), 428(2), 427(3), 486(4), 453(1), 434(1), 410(2), #####(2), 348(1), 577(1), 415(1), 682(2), 198(1), 491(5), 780(1), 518(2), 789(1), 715(1), 599(1), 332(1), 466(2), 280(1), 276(1), 790(1), 566(1), 511(1)",56
920,919,09202,diag_2,"403(5), 250.01(1), 599(4), 411(2), 536(1), 428(2), #####(4), 250(5), 453(1), 401(1), 427(4), V45(1), 250.02(2), 425(2), 276(3), 303(1), 414(3), 491(1), 790(1), 726(1), 272(1), 591(1), 786(1), 518(1), 493(1), 426(1), 486(2), 585(1), 619(1), V85(1)",56
921,920,09211,diag_1,"182(1), V57(3), 682(2), 414(2), 891(1), 250.7(1), 428(2), 368(1), 189(1), 852(1), 434(5), 427(4), 311(1), 276(1), 577(1), 426(1), 410(3), 562(1), 486(2), 780(1), 250.6(3), 786(1), 532(1), 38(1), 482(1), 578(1), 250.8(3), 599(1), 715(1), 455(1), 642(1), 618(1), 659(1), 70(1), #####(1), 550(1), 785(1)",56
921,920,09212,diag_2,"543(1), 250.01(1), 250.41(1), 411(1), 719(1), 250(2), 440(1), 403(2), 414(6), 780(3), 424(1), 294(1), 428(2), 331(1), V49(1), 496(2), 427(3), 280(1), 250.02(1), 560(1), 536(1), 724(1), 276(3), #####(1), 599(1), 707(1), 458(1), 357(1), 285(1), 648(2), 625(1), 486(1), 342(1), 799(1), 584(2), 585(2), 557(1), 730(1)",56
922,921,09221,diag_1,"435(2), 414(2), 250.1(1), 416(1), 996(1), 135(1), 493(2), 786(6), 507(1), 486(1), 401(1), 562(2), 410(1), 722(2), 428(2), 724(1), #####(4), 276(1), 340(1), 780(2), 250.7(1), 787(1), 274(1), 153(1), 427(1), 820(1), 285(1), 250.8(1), 584(1), 578(1), 595(1), 38(1), 162(1), 654(1), 466(1), 574(1), 491(1), 250.82(1), V57(1), 250.13(1), 652(1)",56
922,921,09222,diag_2,"250.01(1), 411(2), 79(1), 394(1), 404(1), 425(2), 250.81(1), 287(1), 780(1), 403(1), 715(1), 581(1), 428(1), 401(5), 250.02(3), 496(1), 427(2), 511(1), 157(1), 707(2), 491(2), 276(4), 593(1), 789(1), 578(1), 410(2), 599(5), 535(1), 682(1), 648(2), 518(1), 154(1), 162(1), 824(1), 799(1), 584(1)",56
923,922,09231,diag_1,"414(5), 604(1), 290(1), 682(2), 996(1), V57(1), 250.11(1), 786(1), 250.42(1), 293(1), 428(2), 486(2), 250.02(1), 715(1), #####(2), 435(1), 780(2), 432(1), 560(1), 577(1), 998(1), 250.7(1), 530(1), 721(1), 250.6(2), 599(2), 250.81(1), 250.8(1), 427(1), 584(4), 250.13(1), V55(1), 722(1), 562(1), 401(1), 575(1), 493(1), 518(1), 860(1), 459(1), 345(1), 492(1)",56
923,922,09232,diag_2,"411(1), 403(4), 413(1), 437(1), V10(1), 496(1), 427(5), 428(2), 578(1), 425(3), 303(1), 38(1), 250(4), 788(1), 276(4), 401(1), 707(1), 250.02(3), 414(1), 599(3), 682(1), 537(1), 426(1), 579(1), 486(1), 535(1), 285(2), 298(1), 491(2), 275(1), E936(1), 807(1), 585(1), 518(1)",56
924,923,09241,diag_1,"436(1), 402(1), 414(3), 722(1), 410(2), 198(2), 284(1), 535(1), 786(1), 293(1), 440(1), 782(1), 428(2), 434(2), 486(2), 331(2), 537(1), 511(1), 276(2), 820(3), 427(2), 458(1), 558(1), 787(1), 401(1), 592(1), V54(1), 682(1), 681(1), 250.13(2), 250.8(1), 824(1), 38(3), 482(1), 250.12(2), 212(1), 250.92(1), V57(1), 724(1), 345(1)",56
924,923,09242,diag_2,"250.6(2), 250.81(1), 411(1), 413(1), 403(1), V10(1), 496(1), 571(1), 536(1), 414(3), 333(1), 244(1), 427(4), 197(1), 998(1), 250.02(1), 428(2), 295(1), 401(2), 707(5), 276(3), 491(1), 786(1), 591(1), V43(1), 729(1), 41(1), E885(1), 294(1), 410(1), 599(1), 285(1), 305(1), 785(1), 518(1), 535(1), 344(1), 438(2), 584(1), 338(1), 486(1)",56
925,924,09251,diag_1,"648(1), 414(6), 820(1), 250.7(1), 786(2), 440(1), 410(2), 294(1), 295(1), 428(2), 577(1), 453(1), #####(3), 348(1), 458(1), 998(1), 486(2), 724(1), 562(1), 434(2), 557(1), 558(2), 682(1), 801(1), 590(1), 599(2), 821(1), 707(1), V57(1), 824(1), 715(1), 860(1), 491(1), 790(1), 584(1), 250.82(1), 518(1), 250.6(1), 403(1), 8(1), 995(1), 296(1)",56
925,924,09252,diag_2,"250.03(1), 411(2), E849(1), 440(1), 428(2), 998(2), #####(4), 250.02(3), 424(1), 305(3), 427(2), 414(1), 401(4), 250.6(1), 250(3), 515(1), 536(1), 272(1), 250.92(1), 496(2), 295(1), 805(1), 276(1), 571(1), 682(1), 507(1), 491(2), 788(1), 493(1), 599(1), 707(1), 584(3), 585(3), V62(1)",56
926,925,09261,diag_1,"786(1), 291(1), 250.4(1), 278(1), 414(2), 428(2), 290(1), 189(1), 718(1), #####(1), 574(1), 411(1), 924(1), 571(1), 780(2), 486(1), 410(2), 276(1), 453(2), 250.02(1), 562(1), 820(2), 730(1), 511(1), 799(1), 519(1), 996(2), 250.6(1), 595(1), 458(1), 789(1), 493(1), 661(1), 995(1), 599(1), 530(1), V57(2), 491(2), 584(3), 340(1), 250.13(1), 482(1), 250.8(1), 8(1), 715(1)",56
926,925,09262,diag_2,"250.01(2), 403(3), 401(3), 424(2), 496(2), 250(1), 250.42(1), 780(1), 428(1), 331(1), 303(1), 493(3), 414(2), 250.02(1), 453(1), 276(6), 197(1), 707(1), 425(1), 786(1), 682(1), 287(1), 427(1), 785(1), 648(1), 788(1), 41(1), 535(1), V54(1), 305(1), 716(1), 304(1), 599(2), 432(1), 285(3), 263(1), 491(1), 250.82(1)",56
927,926,09271,diag_1,"486(6), 227(1), 402(1), 414(4), 250.11(1), 185(1), 250.81(1), V58(1), 434(2), 428(2), 722(1), 996(1), #####(4), 276(2), 250.02(1), 415(1), 493(1), 250.6(1), 250.7(1), 427(2), 453(1), 560(1), 574(1), 333(1), 514(1), 715(1), 599(2), 332(1), 250.8(1), 285(2), 780(1), 250.4(1), 491(1), 786(1), 518(1), 626(1), 38(2), 647(1)",56
927,926,09272,diag_2,"250.01(1), 275(1), 496(2), 413(1), 401(2), 998(1), 707(4), 284(1), 404(1), 403(1), 428(2), 250.6(2), 515(1), V42(1), 250(3), 996(1), 287(1), 38(1), 414(2), 425(1), 453(1), 276(5), 536(1), #####(1), 780(1), 518(1), 788(1), 599(2), 410(1), 250.8(1), 584(2), 416(1), 491(1), 616(1), 342(1), 799(1), 486(2), 585(2)",56
928,927,09281,diag_1,"414(5), 786(3), 410(2), 404(1), 428(2), 660(1), 996(1), 401(1), 715(4), #####(3), 493(2), 250(1), 486(1), 434(2), 998(2), 584(2), 310(1), 707(1), 427(2), 441(1), 250.6(1), 719(1), 599(2), 491(3), 440(1), 518(1), 415(1), 8(2), 345(1), 725(1), 716(1), 435(1), 250.8(1), 191(1)",56
928,927,09282,diag_2,"411(2), 413(1), 424(3), 780(2), 428(2), 401(2), 648(1), 38(1), 427(4), 414(2), 403(2), 425(1), 710(1), 135(1), 493(3), 280(1), 850(1), 250(2), 8(1), 511(1), 996(1), 276(5), 515(1), 599(1), 250.02(1), #####(2), 447(1), 518(1), 784(1), 486(1), 285(1), 412(1), 496(1), 585(2), 360(1), 348(1)",56
929,928,09291,diag_1,"436(1), 335(1), 420(1), 202(1), 250.7(2), 458(1), 414(2), 786(1), 282(1), 801(1), 584(2), 428(2), 511(1), V57(1), 486(4), 410(3), #####(2), 569(1), 998(1), 427(2), 682(2), 453(2), 715(2), 276(1), 552(1), 535(1), 455(1), 250.11(1), 491(3), 493(1), 820(1), 38(1), 250.8(1), 618(1), 287(1), 220(1), 482(2), 966(1), 625(1)",56
929,928,09292,diag_2,"401(3), 276(4), 997(1), 250.5(1), 440(1), E942(1), 428(2), #####(4), 250(3), 599(4), 250.81(1), 496(2), V45(1), 427(3), 425(1), 414(1), 998(1), 162(1), 402(1), 250.02(1), 491(2), 291(1), 785(1), 584(1), 707(1), 790(1), E888(1), 682(1), 788(1), 518(2), 569(1), 250.12(2), 626(1), 799(1), 458(1), 585(1)",56
930,929,09301,diag_1,"414(3), 284(1), 402(1), 278(1), 996(1), 486(3), 434(2), 729(1), 428(2), 786(1), 410(3), 924(1), 150(1), 250.6(2), 998(2), #####(2), 555(1), 250.02(1), 682(2), 724(1), 577(1), 824(1), 578(2), 715(2), 386(1), 154(1), 491(1), 560(1), 250.8(1), 584(1), 574(1), 250(1), 820(1), 250.12(1), 850(1), 8(1), 518(1), 780(2), 250.22(1), 716(1), 403(1)",56
930,929,09302,diag_2,"250.01(1), 411(2), 203(1), 428(2), 250(6), 403(2), 492(1), 250.92(1), 413(1), 780(2), 284(1), 596(1), 425(1), 496(1), 427(2), 276(5), 414(2), 305(1), #####(3), 786(1), 682(1), 196(1), 401(1), 707(2), 531(1), 540(1), 518(1), 577(1), 455(1), 285(1), 920(1), 491(1), 486(1), 584(1), 585(4)",56
931,930,09311,diag_1,"42(1), 414(4), 719(1), 553(2), 780(1), 428(2), 729(1), 722(1), 420(1), 786(2), 486(4), 276(1), 250(1), 585(1), 682(1), 323(1), 569(1), 429(1), 435(1), #####(2), 426(1), 410(1), 458(1), 782(1), 197(1), 574(1), 250.7(1), 997(2), 250.8(2), 578(1), 715(2), 162(2), 599(2), 860(1), 491(1), 532(1), 155(1), 250.82(1), 621(1), 822(1), 441(1)",56
931,930,09312,diag_2,"31(1), 411(1), 282(1), 413(1), 403(3), 437(1), 250.6(1), 250(6), 571(1), 401(4), 511(1), 496(2), 453(1), 424(1), 701(1), 198(1), 428(2), 423(1), 427(3), 250.02(1), 414(1), 272(1), 162(1), 724(1), 707(2), 682(1), 599(1), 276(1), 197(1), 788(1), 305(1), 285(2), 576(1), 518(1), 730(1), 616(1), 585(1), 813(1), 442(1), 487(1)",56
932,931,09321,diag_1,"786(1), 250.41(1), 428(2), 436(1), 414(4), 437(1), 996(1), #####(2), 421(1), 997(1), 410(5), V57(1), 250.8(2), 434(2), 648(1), 560(2), 577(1), 250.11(1), 780(1), 424(1), 427(4), 820(2), 38(1), 458(1), 599(1), 162(1), 578(1), 250.7(1), 682(1), 250.13(1), 584(2), 154(1), 276(1), 8(1), 486(1), 627(1), 551(1), 491(1), 345(1)",56
932,931,09322,diag_2,"250.41(1), 403(5), 250.01(1), 584(2), 411(2), 288(1), 413(1), 428(2), 398(1), #####(3), 781(1), 401(1), 250.02(1), 250(1), 414(2), 276(5), V58(1), 780(1), 427(4), 599(3), 493(1), 515(1), 433(1), 785(1), 553(1), 285(2), 707(1), 787(1), 342(1), 562(1), 569(1), 585(4), 836(1)",56
933,932,09331,diag_1,"9(1), 414(2), 410(2), 402(1), 278(1), 185(1), 996(2), 428(2), 250.11(1), 998(1), 786(1), 434(2), 715(2), 486(1), 226(1), 250.42(1), 433(1), #####(2), 205(1), 820(1), 440(1), V56(1), 162(1), 276(3), 562(1), 250.02(1), 250.7(1), 571(1), 482(2), 112(1), 435(2), 296(2), 789(1), 682(1), 491(2), 346(1), 584(1), 707(1), 250.82(1), 455(1), 38(1), 790(1), 577(1)",56
933,932,09332,diag_2,"250.01(1), 413(1), 403(4), 427(4), 250(4), 788(1), 428(2), 276(7), 611(1), 414(1), 425(1), 401(2), #####(4), 707(3), 996(1), 496(1), 295(1), 162(1), 560(1), 789(1), 599(2), 272(1), 311(1), 518(1), 491(1), 285(2), 995(1), 486(1), 585(2), 584(1), 753(1)",56
934,933,09341,diag_1,"436(1), 278(1), 428(2), 486(2), 840(1), 414(2), 402(1), 729(1), 682(1), 786(5), 434(2), 276(1), 427(5), 577(1), #####(4), 426(1), 410(2), 820(1), 491(3), 288(1), 728(1), 608(1), 250.8(2), 494(1), 715(1), 490(1), 585(1), 331(1), 38(1), 507(1), 8(1), 518(1), 162(1), 433(1), 599(1), 66(1), 345(1)",56
934,933,09342,diag_2,"403(1), V65(1), 250.41(1), 250.01(1), 780(1), 411(1), 428(2), 496(5), 250.4(2), 250(4), 425(1), 401(2), 571(1), 396(1), 414(3), 427(3), 250.02(1), 398(1), 284(1), 530(1), #####(3), 608(1), 599(3), 410(1), 276(2), V12(1), 294(1), 787(1), 490(1), 486(1), 511(1), 491(1), 808(1), 435(1), 584(2), 585(1)",56
935,934,09351,diag_1,"428(2), 304(1), 414(3), 250.4(1), V57(1), 410(3), 402(1), 291(1), 722(1), 276(3), 433(2), 727(1), 440(1), 786(3), 250.02(1), 733(1), 250.8(3), 188(1), 584(2), 577(1), 531(1), 780(2), 590(1), 560(1), 153(1), 998(1), 552(1), 682(1), 562(1), 724(1), 38(1), 491(4), 825(1), 715(1), 599(1), 996(1), 280(1), #####(1), 592(1)",56
935,934,09352,diag_2,"250.01(1), 295(1), 397(1), 411(1), 404(1), 428(2), 403(2), 427(1), 496(5), 250.4(1), 997(1), 250(4), 998(1), #####(2), 70(1), 425(2), 414(1), 560(2), 280(1), 401(2), 272(1), 276(2), 305(1), 311(1), 567(1), 336(1), 599(3), 590(1), 500(1), 707(1), 789(1), 303(1), 250.82(1), E878(1), 250.12(1), 518(1), 482(1), 585(3)",56
936,935,09361,diag_1,"436(1), 414(5), 437(1), 996(1), 786(4), 433(1), 852(1), 410(2), 486(2), 276(3), 562(1), 252(1), 428(2), 530(2), 574(1), 821(1), 507(2), 820(1), 590(1), 250.8(2), 578(1), 780(1), 250.6(1), 599(2), 715(1), 435(1), 569(1), 280(1), 576(1), 250.7(1), #####(2), 682(1), 38(1), 625(1), 438(1), 518(1), 584(1), 541(1), 592(1)",56
936,935,09362,diag_2,"427(4), 411(2), 403(2), 413(1), 250(2), 428(2), 780(3), 401(1), 250.02(4), 295(2), 496(1), 424(1), 414(1), 620(1), 198(1), 197(1), 575(1), 599(3), 790(1), 491(1), 434(1), 707(2), 276(1), 493(1), 443(1), 285(1), 444(1), 570(1), 486(4), 558(1), 892(1), 584(1), 319(1), 585(1), 482(1), 730(1), 694(1)",56
937,936,09371,diag_1,"307(1), 540(1), 414(2), 250.1(1), 401(1), 438(1), 996(4), 250.7(2), 786(2), 295(1), 250.42(1), 572(1), 722(1), 600(1), 428(2), 820(1), 574(1), 276(3), 435(1), V57(1), 724(1), 274(1), 780(1), 682(2), 599(2), 427(2), 585(1), 578(1), 465(1), 562(1), 432(1), 444(1), 482(1), 577(1), 453(1), 584(1), 346(1), 507(1), 38(1), 8(1), 715(1), #####(1), 575(1), 296(1)",56
937,936,09372,diag_2,"250.01(2), 411(2), 288(1), 135(1), 780(1), 403(2), 440(1), 723(1), 250(4), 571(3), 38(1), V12(1), 427(6), 496(3), 401(1), V43(1), 414(1), 428(2), 276(5), 286(1), 162(1), 263(1), 491(1), 577(1), 785(1), 415(1), 285(2), 786(1), 784(1), 518(2), 599(1), 799(1), 584(1), 585(1)",56
938,937,09381,diag_1,"414(3), 402(1), 786(1), 250.2(1), 441(1), 410(1), 604(1), 428(2), 295(1), 434(3), 486(1), 250.8(2), 445(1), 435(1), 453(1), 682(3), 721(2), #####(4), 250.02(1), 567(1), 782(1), 491(3), 153(1), 664(1), 426(1), 574(1), 730(1), 296(1), 577(1), 427(2), 530(1), 276(1), 654(1), 493(1), 599(1), 518(1), 780(1), 733(1), 996(1), 482(1), 808(1)",56
938,937,09382,diag_2,"411(1), 250(4), 413(1), 428(2), 780(1), 440(1), 788(1), 424(1), 305(1), 402(1), #####(4), 403(1), 998(1), 414(1), 284(1), 496(1), 427(3), V42(1), 401(2), 492(1), 197(1), 648(2), 276(3), 707(1), 272(1), 599(2), 425(1), 568(1), 410(1), 250.02(1), 253(1), 491(2), 507(1), 486(2), 342(1), 730(1), 584(1), 585(2), 250.2(1)",56
939,938,09391,diag_1,"414(2), 435(3), 428(2), 786(7), 250.83(1), 250.02(1), 553(1), 410(3), 820(1), 70(1), 577(1), 174(1), 780(3), 427(1), 733(1), 507(1), 599(1), 307(1), 153(2), V55(1), 434(1), #####(2), 536(1), 584(1), 558(1), 715(2), 250.6(1), 188(1), 491(2), 790(1), 977(1), 781(1), 38(1), 250.12(1), 280(1), 276(1), 296(2)",56
939,938,09392,diag_2,"411(2), 413(1), 492(1), 403(2), 496(3), 707(2), 428(2), 250(3), 401(2), #####(3), 305(1), 414(1), 571(2), 493(1), 998(1), 402(1), 536(1), 424(1), 276(3), 599(3), 250.02(1), 295(2), 153(1), 578(1), 568(1), 204(1), 511(1), 263(1), 491(1), 997(1), 590(1), 427(1), 311(1), 345(1), 558(1), 799(1), V62(1), 555(1), 514(1)",56
940,939,09401,diag_1,"414(3), 786(3), 440(2), 428(1), V57(1), 723(1), 250.1(1), 402(1), 410(1), 486(4), 300(1), 427(1), 567(1), 787(1), 577(1), 873(1), 276(1), 540(1), 552(1), 401(1), 415(1), 250.8(2), 250.6(3), 715(2), 728(1), 466(1), 250.13(1), 575(2), 458(1), 518(1), 491(3), 584(1), 823(1), 285(1), 435(1), 459(1), 578(1), 250.32(1), 397(1), 493(1), 38(1)",56
940,939,09402,diag_2,"411(2), 429(1), 250.6(1), 496(3), 403(2), 250.02(2), 250(3), 38(1), 401(1), 491(1), 998(2), V42(1), 428(2), 414(5), 427(3), 850(1), 295(1), 275(1), 599(4), 781(1), 276(5), 959(1), 571(1), #####(2), 304(1), 274(1), 518(1), 486(1), 682(1), 807(1), 728(1), 584(1), 348(1)",56
941,940,09411,diag_1,"414(1), 607(1), 707(1), 723(1), 276(1), 440(1), 572(1), 507(1), 515(1), 428(2), 250.1(1), 722(1), 410(1), 682(1), 434(1), 172(1), 435(2), #####(4), 458(1), 560(2), 592(1), 112(1), 427(2), 486(1), 510(1), 250.02(1), 715(3), 578(1), 482(1), 370(1), 491(2), 250.8(1), 493(1), 821(1), 812(1), 781(1), 569(1), 518(1), 681(1), 250.12(1), 805(1), 823(1), 557(1), 38(1), 599(1), 716(1)",56
941,940,09412,diag_2,"411(1), 250(5), 135(1), 401(2), 250.6(1), 496(4), 402(1), 276(4), 722(1), 427(5), 196(1), 305(1), 428(2), 997(1), 157(1), V45(1), 414(2), 511(1), 272(1), 493(1), 585(3), 707(1), 682(1), 286(1), E888(1), 518(1), 285(2), 491(1), 728(1), 782(1), 805(1), 486(1), 584(2), 278(1), 813(1)",56
942,941,09421,diag_1,"427(2), 414(5), 486(3), 404(1), 786(1), 433(1), 53(1), 722(1), 568(1), 250.22(1), 426(1), 250.6(2), 574(2), 535(1), 428(2), 435(1), 783(1), 782(1), 410(1), 794(1), 394(1), 250.02(1), #####(1), 250.11(1), 571(1), 780(1), 995(1), 403(1), 296(1), 562(2), 250.7(1), 680(1), 491(2), 592(1), 285(1), 250.13(2), 250.8(1), 250.82(1), 715(1), 38(1), 518(1), 345(1), 280(1)",56
942,941,09422,diag_2,"250.01(1), 411(2), 428(2), 403(1), 250(3), 997(1), 424(1), 427(6), 276(5), #####(3), 496(4), V64(1), 414(4), 303(2), 593(1), 461(1), 789(2), 569(1), 707(1), 785(1), 250.02(1), 280(1), 553(1), 591(1), 197(1), 382(1), 686(1), 507(1), 995(1), 486(1), 584(1), 250.8(1), 557(1)",56
943,942,09431,diag_1,"414(4), 786(3), 577(1), 250.11(1), 486(3), 410(2), 428(2), 562(1), 250.7(1), 780(2), 424(1), 726(1), 722(1), 434(2), 427(5), 250.8(2), 560(1), 996(2), 682(1), 715(4), 296(1), #####(2), 491(1), 922(2), 518(1), 466(1), 38(1), 728(1), 969(1), 250.6(1), 924(1), 288(1), 275(1), 962(1)",56
943,942,09432,diag_2,"411(1), 242(1), 403(1), 413(3), 573(1), 780(2), V42(1), 276(3), 250.6(2), 496(4), 428(2), 997(1), 41(1), 593(1), 427(2), 272(1), 295(1), 682(1), 571(1), 401(2), 591(1), 599(2), 493(2), 410(1), 491(1), 426(1), 250(1), #####(1), 560(1), 518(2), 782(1), 285(2), 112(1), 584(1), 289(1), 585(2), 712(1), 812(1), 348(1)",56
944,943,09441,diag_1,"780(2), 414(8), 358(1), 198(1), 290(1), 440(2), 727(1), 250.22(1), 410(2), 970(1), 453(1), 682(1), 486(3), 250.11(1), 274(1), 434(2), V53(1), 558(1), 493(1), 427(1), 250.6(1), 428(1), 348(1), 560(2), 482(1), 722(1), 715(2), 250.7(1), 250.13(3), 491(2), 648(1), 584(1), 518(2), 250.8(1), 721(1), 574(1), 38(1)",56
944,943,09442,diag_2,"250.01(1), 411(2), 599(2), 431(1), 437(1), 403(2), 413(1), 401(3), 493(2), 428(2), 427(4), 305(3), 250.4(1), 250.42(1), 250(2), 414(2), 304(3), #####(2), 998(1), 402(1), 250.6(1), 424(1), 536(1), 251(1), 276(4), 805(1), 491(1), 785(1), 250.02(1), 250.8(1), 345(1), 585(2), 486(1), 584(2)",56
945,944,09451,diag_1,"250.41(1), 296(1), 414(5), 493(1), 962(1), 724(1), 428(2), 996(4), 250.11(1), 786(2), 410(1), V57(2), 721(1), 434(1), 486(2), 789(1), 574(2), 728(1), 578(1), 599(1), 250.6(5), 682(2), 427(3), 558(1), 715(3), 162(1), 250(1), 532(1), 250.13(1), 491(2), 784(1), 250.81(1), 562(1), 411(1)",56
945,944,09452,diag_2,"403(2), 250.01(1), 411(3), 279(1), 250.81(1), V15(1), 276(4), 496(2), 250(3), 428(2), 401(1), V45(2), 38(1), V49(1), 427(2), 493(1), 780(1), 998(1), 272(1), 453(1), 250.02(1), 788(1), 263(1), 996(1), 491(1), 707(2), 197(1), 786(1), 577(1), V54(1), 285(1), 724(1), 357(1), 414(2), 781(1), 94(1), 486(1), 255(1), 799(1), 585(3)",56
946,945,09461,diag_1,"410(3), 584(3), 414(5), 572(1), 250.4(1), 250.22(1), 225(1), 404(1), V57(1), 722(1), 786(3), 241(1), 590(1), 962(1), 562(2), 428(2), 682(2), 733(1), 596(1), 996(1), 434(3), 348(1), #####(2), 715(3), 886(1), 707(1), 578(1), 250.8(1), 466(1), 599(2), 518(1), 250.12(1), 493(1), 47(1), 296(1), 274(1), 427(1)",56
946,945,09462,diag_2,"250.01(1), 75(1), 411(2), 70(1), 428(2), 42(1), 250(3), 434(1), 998(1), #####(5), 401(4), 295(1), 478(1), 780(1), 596(1), 425(1), 403(2), 198(1), 280(1), 287(1), 599(3), 414(1), 682(2), 276(5), 707(1), 410(1), 250.82(1), 41(1), 731(1), 244(1), 466(1), 493(1), 342(1), 301(1), 344(1), 584(1), 585(1)",56
947,946,09471,diag_1,"682(2), 434(2), 714(1), 414(2), 250.81(1), 250.11(1), 428(2), 331(1), 553(1), 410(1), 729(1), 435(1), 780(2), 577(1), 574(2), 424(1), 722(1), 403(1), 444(1), 786(1), 562(2), 540(1), 250.6(1), 585(1), 198(1), 162(1), 486(2), 590(1), 599(3), 733(1), 427(1), 38(2), 250.8(1), 491(2), 296(1), 799(1), 8(1), 537(1), 705(1), 518(1), 996(1), V57(1), 821(1), 493(1)",56
947,946,09472,diag_2,"250.41(1), 250.01(1), 715(1), 411(1), 250.52(1), 413(1), 682(2), 276(5), 403(2), 788(1), 428(2), 402(1), 496(3), 401(1), 427(5), 724(1), 198(1), 530(1), 250(1), 250.02(3), 305(1), 38(1), 599(3), 410(1), 41(1), 250.92(1), 707(1), 304(1), 518(1), 285(1), 491(1), 799(1), 250.8(1), 730(1), 438(1), 564(1), 585(1), 812(1), V85(1)",56
948,947,09481,diag_1,"414(6), V57(1), 440(1), 786(3), 996(1), 433(1), 428(2), 722(1), 496(1), #####(3), 577(2), 934(1), 719(2), 724(1), 250.8(1), 410(2), 715(3), 427(4), 730(1), 592(1), 296(2), 153(1), 707(1), 584(2), 491(1), 599(1), 531(1), 820(1), 8(1), 656(1), 38(2), 622(1), 618(1), 627(1), 821(1)",56
948,947,09482,diag_2,"411(1), 440(1), 250.6(2), 403(2), 413(1), 300(1), 428(2), 496(2), 424(1), 493(1), 788(1), 250(3), 996(1), 427(3), 305(1), 799(1), 780(1), 414(1), #####(1), 707(3), 593(1), 401(2), 568(1), 682(1), 410(1), 250.02(2), 276(1), 728(1), 402(1), 285(3), 599(1), 486(2), 250.12(1), 648(1), 618(2), 584(2), 824(1), 585(1), 438(1)",56
949,948,09491,diag_1,"255(1), 414(4), V57(1), 726(1), 550(1), 250.11(1), 250.7(2), 428(2), 425(1), 596(1), 786(2), 577(2), #####(3), 530(1), 434(2), 346(1), 724(1), 403(2), 780(1), 996(1), 574(1), 590(1), 584(1), 486(3), 721(1), 998(1), 715(4), 511(1), 250.6(1), 599(2), 592(1), 784(1), 250.8(2), 493(2), 295(1), 812(1), 38(1)",56
949,948,09492,diag_2,"79(1), 411(1), 905(1), 715(1), 403(1), 413(1), 276(3), 440(1), 396(1), 428(2), 250.6(1), 427(1), 250(3), 414(3), 425(1), 682(1), 401(2), 331(1), 340(1), 287(1), 38(1), 272(1), 527(1), 599(4), 707(2), 568(1), 790(1), 496(1), 681(1), 591(1), 41(1), 518(1), 787(1), 278(1), 285(1), 552(1), 486(1), 730(1), 584(1), 296(1), 585(1), 823(1), 348(1), V85(1)",56
950,949,09501,diag_1,"535(1), 682(6), 402(1), 414(3), 434(1), 786(2), 438(1), 410(3), 276(1), 648(1), 486(2), V54(1), 996(1), 428(2), 433(1), 562(2), 600(1), 435(1), 197(1), 577(1), 444(1), 427(1), 403(1), 453(1), 998(1), 220(1), 599(1), 715(2), 287(1), 182(1), 493(1), 518(2), 584(1), 618(1), 250.82(1), 294(1), 573(1), 285(1), 200(1), 250.13(1), 602(1)",56
950,949,09502,diag_2,"250.01(1), 250.03(1), 428(2), 424(2), 403(1), 496(3), 250(9), 276(5), 425(1), 427(4), 331(1), 414(1), 280(1), #####(4), 162(1), 410(2), 250.02(1), 578(1), 599(3), 491(2), 401(1), 433(1), 698(1), 585(3), 293(1), 415(1), 486(1), 584(1)",56
951,950,09511,diag_1,"440(2), 414(3), 802(1), 250.02(1), 250.6(2), 282(1), 435(1), 486(3), 427(1), 996(1), 780(3), 786(2), 428(2), #####(3), 410(2), 202(1), 530(2), 682(2), 507(1), 426(1), 493(2), 998(1), 532(1), 552(1), 560(1), 250.12(1), 511(1), 250.1(1), 455(1), 812(1), 280(1), 153(1), 250.82(1), 8(1), 276(2), 491(1), 38(1), 983(1), 278(1)",56
951,950,09512,diag_2,"V15(1), 411(1), 250.01(1), 710(1), 403(1), 250(1), 250.6(1), 401(4), 402(1), 305(1), 242(1), 427(4), 780(1), 414(3), 425(2), 276(4), 560(1), 707(3), 426(1), 428(1), 682(1), 599(1), 530(2), 486(1), 518(3), 584(1), 285(2), 250.82(1), 562(1), 291(1), 250.12(1), 995(1), 585(4), 348(1), V85(1)",56
952,951,09521,diag_1,"332(1), 250.81(1), 438(1), 414(3), 402(1), V57(2), 440(2), 185(1), 786(2), 852(1), 292(1), 410(5), 996(1), 250.1(1), 577(1), 401(1), 566(1), 569(1), 428(2), 434(2), 780(2), 533(1), 486(1), 435(1), 9(1), 998(1), 518(2), 250.13(2), 789(1), 276(1), 38(2), 188(1), 250.12(1), 427(2), 250.8(1), 491(2), 831(1), 574(1), 403(1)",56
952,951,09522,diag_2,"250.03(1), 780(1), 242(1), 411(1), 280(3), V42(2), 413(1), 396(1), 401(4), 595(2), 496(4), 428(2), 250(2), 402(1), 250.92(1), 38(1), 276(3), 303(2), 425(1), 427(1), 493(1), 295(1), 414(2), 996(1), 492(1), 599(2), 590(1), 591(1), 785(1), 682(1), 707(1), 202(1), 728(1), 250.13(1), 342(1), 486(2), 112(1), 585(1)",56
953,952,09531,diag_1,"250.81(1), 414(6), V58(1), 730(1), 402(1), V57(1), 431(2), 250.7(1), 808(1), 486(2), 722(1), 493(1), 786(2), 340(1), 410(2), 296(1), 428(2), 733(1), 530(1), 403(1), 250.02(1), 411(1), 562(1), 707(1), 533(1), 427(3), 578(1), 250.43(1), 435(1), 715(2), 599(1), 491(3), 531(2), 787(1), 574(1), #####(1), 558(1), 250.6(1), 728(1), 276(1)",56
953,952,09532,diag_2,"403(1), 411(2), 201(1), 250.7(1), 428(2), 413(1), V45(1), 244(1), 440(1), E849(1), 250.6(1), 250(7), 427(3), 276(2), 282(1), 295(1), 309(1), 414(2), 998(1), 496(1), 401(2), 593(1), 578(1), 41(1), #####(2), 280(1), 584(2), 782(1), 535(1), 425(1), 787(1), 285(3), 518(2), 250.13(1), 486(1), 112(1), 585(1), 262(1)",56
954,953,09541,diag_1,"162(1), V57(1), 410(3), 414(3), 185(1), 431(1), 435(1), 404(1), 458(1), 437(1), 482(1), 996(1), 396(1), 789(1), 38(1), 786(1), 428(2), 584(2), 682(1), 574(2), 569(1), 276(1), 787(2), 577(1), 997(1), 153(2), 197(1), 427(5), 401(1), #####(1), 715(2), 998(1), 507(1), 493(1), 780(1), 250.8(1), 250.82(1), 453(1), 444(1), 8(1), 198(1), 274(1)",56
954,953,09542,diag_2,"250.01(1), 250.6(1), 250.11(1), 411(2), 250(4), 403(4), 428(2), 401(4), 250.52(1), #####(3), V10(1), 414(3), 427(3), 496(2), 305(1), 560(1), 162(1), 511(1), 722(1), 707(3), 250.82(1), V42(1), 202(1), 599(2), 285(2), 577(1), 731(1), 151(1), 447(1), 276(1), 584(1), 585(3)",56
955,954,09551,diag_1,"434(1), 414(3), 189(1), 227(1), 972(1), 250.11(1), 428(2), 600(1), 507(1), 786(2), 295(2), 996(2), 530(1), 577(2), 250.1(1), V57(1), #####(1), 574(1), 722(1), 401(1), 250.02(1), 486(1), 398(1), 427(2), 518(1), 42(1), 824(1), 493(1), 821(1), 491(3), 250.13(1), 789(2), 250.82(1), 38(1), 250.12(1), 820(1), 562(1), 780(1), 556(1), 560(1), 239(1), 410(1), 276(1), 490(1), 287(1)",56
955,954,09552,diag_2,"250.01(1), 411(2), 492(1), 599(3), 413(2), 428(2), 276(1), 403(2), 396(1), 573(1), 424(2), 250(1), 401(4), 496(2), 250.02(2), 780(1), 574(1), 682(1), V43(1), 427(2), 724(1), 346(1), 112(2), 305(2), 295(1), 38(1), 577(1), 707(1), 491(1), 285(2), 250.8(1), E878(1), 414(1), 301(1), 342(1), 585(3), 584(1), 296(1)",56
956,955,09561,diag_1,"437(1), 414(1), V57(1), 428(2), 276(5), 410(1), 250.2(1), 433(1), 486(4), 189(1), 250.22(1), 211(1), 475(1), 218(1), 511(1), 427(1), 786(2), 415(1), 820(1), 296(2), #####(3), 599(1), 536(1), 493(1), 715(1), 155(1), 574(1), 584(1), 250.12(1), 790(1), 250.82(1), 38(1), 491(3), 578(1), 396(1), 459(1), 852(1), 789(1), 997(1), 996(1), 250.8(1), 250.13(1)",56
956,955,09562,diag_2,"250.52(1), 411(1), V45(1), 403(2), 428(2), 427(4), 998(1), 203(1), 401(1), 303(1), 250(5), 424(1), 250.02(1), 496(1), 786(2), 276(3), 560(1), 873(1), 414(2), 425(1), 599(1), 789(1), 577(2), 682(2), 41(1), 285(1), 518(1), 204(1), 799(2), 584(3), 416(1), 486(1), 585(4), 730(1), 746(1)",56
957,956,09571,diag_1,"998(3), 796(1), 199(1), 410(1), 227(1), 414(3), 997(1), 786(1), 601(1), 733(1), V55(1), 722(1), 250.4(1), 250.2(1), 428(2), 486(3), 577(1), 197(1), 584(1), 434(1), 296(1), 250.6(2), 427(3), 820(1), 996(1), 682(1), 278(1), 560(1), 482(1), 518(1), #####(2), 599(2), 562(1), 491(2), 250.8(3), 952(1), 715(2), 38(1), 431(1), 780(1)",56
957,956,09572,diag_2,"607(1), 780(2), 197(1), 135(1), 398(1), 411(2), 250.6(1), 571(1), 600(1), 404(1), 250(3), 997(1), 707(1), 276(3), 250.42(1), 496(2), 428(2), 425(2), 198(1), 403(1), 493(1), 401(1), 998(1), 8(1), 536(1), 427(2), 682(1), 285(3), 295(1), 340(1), 511(1), 250.02(1), 278(1), V46(1), 786(1), 599(1), 788(1), 286(1), 785(1), 518(1), 585(2), 584(1), 556(1)",56
958,957,09581,diag_1,"414(4), 250.11(2), 996(2), 786(2), 572(1), 440(1), 410(2), 511(1), 997(1), 584(3), 428(2), #####(3), 592(1), 573(1), 276(1), 427(2), 434(2), 150(1), 174(1), 733(1), 415(1), 780(1), 599(1), 401(1), 250.6(1), 715(2), 491(1), 280(1), 682(1), 574(1), 453(1), 722(1), 578(1), 402(1), 456(1), 162(1), 575(1), 812(1), 403(1), 250.13(1), 725(1)",56
958,957,09582,diag_2,"411(1), 250.6(1), 425(3), 403(2), 276(3), V45(1), E879(1), 428(2), 496(2), 250(3), 38(1), 427(4), 404(1), 280(1), 424(1), 433(1), 196(1), 305(1), #####(3), 788(1), 599(3), 401(1), 785(1), 786(1), 707(1), 278(1), 204(1), V58(1), 285(1), 799(1), 532(1), 486(1), 482(1), 552(1), 585(4), 296(1), 584(1)",56
959,958,09591,diag_1,"722(1), 786(6), 564(1), 729(2), 414(1), 437(1), 250.7(1), 278(2), 410(3), 591(1), 428(2), 250.8(4), #####(1), 276(3), 820(2), 682(3), 562(1), 574(2), 507(1), V54(1), 427(2), 922(1), 280(1), 807(1), 733(1), 715(1), 512(1), 458(1), 531(1), 250.12(1), 285(2), 250.02(1), 432(1), 440(1), 296(1)",56
959,958,09592,diag_2,"250.01(3), 250.6(1), 413(1), 424(1), 440(1), 250(3), 401(4), 428(2), 492(1), 496(3), 403(1), #####(2), 198(1), 305(1), 780(2), 453(1), 278(1), 707(1), 276(3), 491(1), V43(1), 250.02(1), 864(1), 599(1), 724(1), 682(1), 189(1), E935(1), 787(1), 285(1), 578(1), V58(1), 342(1), 585(3), 584(2), 924(1), V62(1), 991(1), V85(1)",56
960,959,09601,diag_1,"250.6(2), 250.1(2), 414(3), 522(1), 410(4), 250.11(1), 250.7(1), 786(3), 560(2), 433(1), 726(1), 428(1), 252(1), 434(2), 233(1), 415(1), 427(2), 780(2), 198(1), 715(4), 296(1), 558(1), 491(2), 518(2), 486(1), 162(1), 599(1), 584(2), 203(1), 820(1), 38(3), 575(1), 654(1), 535(1), 813(1)",56
960,959,09602,diag_2,"V63(1), V15(1), 411(2), 682(2), 396(1), 276(6), 413(3), 780(2), 403(1), 250(2), 250.02(1), 401(3), 427(2), 414(5), 410(1), 453(1), 493(1), 996(1), 112(1), 428(1), 788(1), 496(2), 154(1), 786(1), 263(1), E885(2), 599(1), 162(1), 250.8(1), 648(1), 285(1), 342(1), 730(1), 995(1), 584(1), 753(1)",56
961,960,09611,diag_1,"304(1), 250.21(1), 250.43(1), 414(3), 250.4(1), 250.02(2), 295(1), 786(2), 410(2), 428(2), 421(1), 403(2), 493(4), 276(2), 486(2), #####(4), 724(1), 996(1), 485(1), 733(1), 564(1), 569(1), 780(3), 820(2), 531(1), 427(1), 571(1), 250.8(1), 682(1), 494(1), 530(1), 507(1), 8(1), 784(1), 491(1), 562(1), 866(1), 492(1)",56
961,960,09612,diag_2,"303(1), 599(2), 305(1), 411(1), 403(1), 242(1), 292(1), 496(5), 250(4), 428(2), 424(1), 401(3), 38(1), 250.42(1), 135(1), #####(2), 425(3), 427(1), 996(1), 491(3), 250.02(1), 280(1), 276(1), 250.82(1), E947(1), 707(1), E888(1), 285(1), 250.92(1), 535(1), 518(2), 466(1), 578(1), 202(1), 289(1), 585(2), 438(1), 482(1)",56
962,961,09621,diag_1,"320(1), 436(1), 414(4), 577(1), 428(2), 250.7(2), 410(3), 786(2), 535(1), 540(1), #####(4), 996(1), 250.1(1), 276(3), 427(2), 584(2), 530(1), 433(1), 599(3), 823(1), 682(2), 564(1), 578(2), 820(2), 431(1), 250.13(1), 784(1), 288(1), 490(1), 790(1), 250.8(1), 518(2), 715(1), 491(1), 780(1)",56
962,961,09622,diag_2,"599(4), 411(1), 413(1), 403(3), 396(3), 440(1), 496(3), 250(3), 428(2), 280(2), 424(2), 453(1), 427(3), 996(1), 276(5), 780(1), 571(1), 682(2), 707(2), 284(1), 410(2), 789(1), 491(1), 590(1), 401(1), 41(1), 285(2), 518(1), 486(2), 585(1), 337(1)",56
963,962,09631,diag_1,"414(1), 277(1), 786(4), 458(1), 486(4), 780(1), 410(3), 852(1), 428(2), 426(1), 996(2), 998(1), 285(1), 151(1), 997(1), 682(2), 558(2), 719(1), 575(1), 574(2), 434(1), 590(1), 493(2), 453(1), 411(1), #####(2), 821(1), 491(1), 562(2), 250.11(1), 584(1), 427(1), 781(1), 824(1), 250.82(1), 250.12(1), 296(1), 38(1), 250.13(1), 8(1)",56
963,962,09632,diag_2,"411(1), 250(3), 300(1), E942(1), 710(1), 780(1), 496(2), 403(3), 428(2), 427(3), #####(5), 424(1), 197(1), 560(1), V45(1), 599(4), 276(4), 250.02(3), 707(2), 414(2), 511(1), 491(2), 850(1), 569(1), 584(2), 285(1), E885(1), E878(1), 301(1), 481(1), 585(1), 705(1)",56
964,963,09641,diag_1,"440(1), 427(2), 414(4), 438(1), 996(2), 424(1), 278(1), 404(1), 250.2(1), 786(2), 997(1), 553(1), 558(1), 486(3), 410(2), 507(1), 585(1), 428(2), 820(1), 574(1), 435(1), 562(1), 787(1), 250.8(3), 403(1), #####(2), 576(1), 648(1), 599(2), 112(1), 434(1), 715(3), 518(1), 466(1), 38(2), 575(1), 182(1), 491(2)",56
964,963,09642,diag_2,"250.03(1), V72(1), 411(1), 780(1), 403(2), 397(1), 788(1), 428(2), 427(9), 250(3), 496(1), 560(1), 492(1), 401(3), #####(4), 425(1), 575(1), 426(1), 276(1), 571(1), 8(1), 280(1), 414(1), 664(1), 998(2), 250.02(1), 286(1), 786(1), 204(1), 599(1), 724(1), 285(1), 486(1), 518(1), 799(1), 584(2), V85(1)",56
965,964,09651,diag_1,"436(1), 491(1), 414(5), 535(1), 571(2), 278(1), 722(2), 962(1), 184(1), 428(2), 38(3), 560(1), 295(1), 276(1), #####(4), 432(1), 786(2), 783(1), 435(1), 250.8(2), 486(1), 998(1), V58(1), 599(2), 780(1), 682(2), 290(1), 296(1), 162(2), 618(1), 424(1), 518(1), 584(1), 507(1), 784(1), 250.12(1), 642(1), 434(1), 250.13(1)",56
965,964,09652,diag_2,"250.02(3), V08(1), 411(2), 403(3), 70(1), 250(4), 428(2), 189(1), 401(4), 496(2), 466(1), 997(1), 427(3), 425(1), 414(1), 424(1), 305(1), 295(1), V45(1), 729(1), 200(1), 780(1), 307(1), 493(1), 197(1), 456(1), 276(4), #####(2), 511(1), 682(1), 518(1), 465(1), V44(1), 648(1), 585(1), 435(1), 584(1)",56
966,965,09661,diag_1,"414(5), 286(1), 996(1), V57(3), 786(3), 410(2), 507(1), 433(1), 730(2), 250.1(1), 722(1), 427(2), 424(1), 434(3), 995(1), 562(2), 550(1), 250.7(1), 560(1), 458(1), 157(1), 486(2), 493(1), 599(1), 715(1), 823(1), 789(1), 38(2), 574(1), 250.13(1), 780(1), 558(1), 198(1), 825(1), 991(1), 491(1), 584(1), 466(1), 992(1), 805(1)",56
966,965,09662,diag_2,"411(2), 496(1), 711(1), 719(1), 413(2), 250(5), 428(2), 997(2), 162(1), #####(1), 276(6), 996(1), 421(1), 414(1), 427(1), 401(3), E928(1), 682(1), 305(1), 707(1), 491(3), 560(1), 197(2), 478(1), 599(3), 577(1), 410(1), 332(1), 250.8(1), 785(2), 576(1), 799(1), 250.22(1), 486(1), E887(1)",56
967,966,09671,diag_1,"726(1), 590(1), 250.03(1), 801(1), 414(5), 786(1), 440(1), 924(1), V57(1), 535(1), 250.7(2), 486(3), 250.22(1), 433(1), 682(2), 428(2), #####(3), 820(1), 403(2), V58(1), 562(2), 435(1), 493(1), 250.82(1), 969(1), 410(1), 151(1), 415(1), 719(1), 453(2), 162(1), 626(1), 584(1), 780(2), 518(1), 38(2), 812(1), 250.8(1), 348(1), 192(1)",56
967,966,09672,diag_2,"250.01(2), 276(2), E849(1), 411(2), 413(1), 496(3), V42(2), 428(2), V49(1), 280(2), 427(3), 440(1), 401(3), #####(2), 153(2), 997(1), 305(1), 515(1), 403(1), 295(1), 414(1), 531(1), E888(1), 530(1), 250(1), 786(1), 410(1), 578(1), 599(3), 790(1), 595(1), 518(1), 285(1), E881(1), E932(1), 486(1), 584(3), 585(1)",56
968,967,09681,diag_1,"428(2), 682(3), 414(3), 996(2), 572(1), 250.8(1), 786(1), 424(2), V57(2), #####(3), 296(3), 440(1), 511(1), 486(1), 998(1), 410(1), 435(1), 427(1), 558(1), 403(1), 820(1), 824(1), 434(1), 453(1), 728(1), 592(1), 491(2), 600(1), 250.02(1), 444(1), 535(1), 584(2), V58(1), 182(2), 8(1), 482(2), 715(1), 658(1), 789(1), 38(1)",56
968,967,09682,diag_2,"250.01(1), 250.03(1), 411(2), 403(3), 571(1), 424(1), 457(1), 250.02(2), 496(1), 38(1), 491(2), 425(2), 996(1), 780(1), 414(3), 401(1), 276(6), 427(2), 434(1), 428(2), 707(1), 157(1), 305(1), 591(1), 599(1), 444(1), 285(2), 156(1), 278(1), 304(1), 275(1), 513(1), 625(1), 648(1), 112(1), 799(1), 518(1), 482(1), 438(1), 296(1)",56
969,968,09691,diag_1,"414(4), 514(1), 820(1), 458(1), 786(2), 250.8(2), 433(2), 536(1), 486(2), 577(1), 434(1), 435(2), 574(1), 590(1), 571(1), 276(2), 996(1), 787(1), 250.02(2), 493(1), 428(2), 296(1), 998(1), #####(1), 860(1), 250.6(2), 715(1), 491(2), 250.12(2), 584(2), 280(1), 154(1), 331(2), 518(2), 345(1), 38(1), 780(1), 795(1), 496(1)",56
969,968,09692,diag_2,"411(1), 413(1), 403(3), 397(1), 250(3), 425(2), 427(4), 295(1), 496(2), 250.02(2), 433(1), 401(1), 574(1), 38(1), 572(1), 250.92(1), 682(2), 276(3), 428(2), 599(2), 303(1), 41(1), 491(3), 707(1), 287(1), 786(1), #####(2), 578(1), 278(1), 294(1), 293(1), 426(1), 250.82(1), 481(1), 585(1), 584(1), 183(1), 337(1)",56
970,969,09701,diag_1,"414(4), 486(2), 309(1), 428(2), 434(1), 786(2), 780(3), 211(1), 451(1), 648(1), 997(1), #####(3), 722(1), 574(2), 427(1), 410(1), 153(1), 415(3), 162(1), 578(1), V57(1), 564(1), 599(1), 724(2), 569(1), 584(2), 250.6(2), 250.7(1), 250.13(1), 515(1), 38(1), 8(2), 487(1), 70(1), 250.81(1), 560(1), 491(1), 403(1), 556(1)",56
970,969,09702,diag_2,"250.01(1), 411(1), 292(1), 305(1), 397(1), 403(2), 428(2), 203(1), 401(2), 780(1), 427(3), 682(4), 250(2), V49(1), 724(1), #####(3), 424(1), 414(1), 560(1), 496(2), 155(1), 733(1), 276(4), 202(1), 415(1), 263(1), 707(1), 599(3), 785(1), 511(1), 357(1), 518(1), 491(1), 572(1), 730(1), 564(1), 799(1), 585(1), 281(1)",56
971,970,09711,diag_1,"250.01(1), 414(3), 428(2), 721(1), 486(3), 553(1), 250.7(1), 435(2), 786(1), 410(1), 250.6(1), 191(1), 584(1), 577(1), #####(4), 569(1), 507(2), 715(1), 560(1), 276(1), 557(1), 574(1), 693(1), 578(2), 998(1), 592(2), 726(1), 493(2), 211(1), 599(1), 296(1), 250.8(1), 997(1), 250.11(1), 427(1), 530(1), 443(1), 728(1), 421(1), 455(1), 518(1), 590(1), 491(1)",56
971,970,09712,diag_2,"V63(1), 411(1), 403(4), 715(1), 424(2), 496(1), 250(3), 440(1), 401(1), V42(1), 250.02(2), 428(1), 425(1), 280(2), 276(2), 710(1), 997(1), 536(1), 578(1), 427(1), 707(3), 571(1), 788(1), 593(1), 733(1), 511(1), 414(1), 285(1), 491(1), 789(1), 599(2), 682(1), 507(2), 584(1), 787(1), 518(1), 786(1), 799(2), 995(1), 585(1), 348(1), V85(1)",56
972,971,09721,diag_1,"433(2), 414(4), 278(1), 250.1(1), 593(1), 250.42(1), 786(3), 733(1), 411(1), 428(2), 410(2), 276(1), 431(1), 530(1), 577(1), 531(1), 780(2), 490(1), 682(3), 564(1), 558(1), 296(1), #####(3), 584(1), 486(3), 458(1), 922(1), 715(1), 724(1), 496(1), 518(1), 532(1), 250.8(1), 427(2), 79(1), 285(1), 996(1), 482(1), 157(1), 283(1)",56
972,971,09722,diag_2,"250.01(1), 411(1), 710(1), 413(2), 780(3), 276(4), 403(1), 250(4), 203(1), 496(3), 434(1), 250.02(1), 427(1), 414(1), 428(2), 599(5), 305(2), 401(2), 278(1), 536(1), 682(1), 491(1), 511(1), 707(3), 518(1), 785(1), 784(1), 459(1), 486(1), 112(1), 576(1), 585(3), 553(1), V85(1)",56
973,972,09731,diag_1,"350(1), 997(1), 414(2), 535(3), 486(2), 438(1), 786(2), 410(1), 424(1), 250.22(1), 584(1), 434(1), 428(2), 577(2), 595(1), 403(1), 433(1), 599(3), 998(1), 435(1), 996(1), 162(3), 820(1), 427(2), 707(1), 276(2), 578(3), 724(1), 715(1), 250.13(1), 518(2), 250.82(1), 250(1), 562(1), 8(2), 218(1), V57(1), 285(1), 250.12(1)",56
973,972,09732,diag_2,"250(3), 250.7(1), 411(2), 404(1), 250.52(1), 496(2), 428(2), 340(1), 276(6), 250.11(1), 424(1), 574(1), 600(1), 820(1), #####(3), 434(1), 250.6(1), 427(3), 511(1), 433(1), 682(3), 599(1), 425(1), 401(2), 493(1), 788(1), 722(1), 285(3), 920(1), 278(1), 558(1), 486(1), 507(1), 438(1), 585(1), 584(1), 556(1)",56
974,973,09741,diag_1,"648(1), 296(2), 414(2), 185(1), 291(1), 428(2), 250.7(1), 410(3), 294(1), 250.8(5), 486(5), 682(1), 780(3), 799(2), 306(1), 426(1), 996(1), 276(1), 562(2), 536(2), #####(2), 162(1), 188(1), 592(1), 38(1), 715(1), 584(3), 998(1), 443(1), 790(1), 654(1), 250.82(1), 789(1), 493(1), 599(1)",56
974,973,09742,diag_2,"250.03(1), 250.01(1), 411(1), 42(2), 413(1), 403(2), 440(1), 496(3), 312(1), 250.6(1), 427(4), 780(1), 276(4), 425(1), 250.02(2), 788(1), 250(2), 295(1), 414(2), 536(1), 401(3), 446(1), 682(1), 197(1), 599(3), 491(1), 591(1), 8(1), 250.82(1), 272(1), 490(1), 648(1), 707(1), 799(2), 562(1), 327(1), V62(1), 348(1)",56
975,974,09751,diag_1,"682(3), 414(2), 250.4(1), 692(1), V57(2), 507(1), 42(1), 535(1), 428(2), 278(1), 440(1), 250.1(1), 997(1), 426(1), 577(1), 852(1), 724(1), #####(3), 435(1), 707(1), 486(3), 789(2), 786(1), 250.8(1), 410(1), 599(1), 780(1), 427(2), 998(2), 331(1), 715(2), 280(1), 286(1), 401(1), 250.12(2), 781(1), 295(1), 562(1), 349(1), 250.13(2), 560(1)",56
975,974,09752,diag_2,"741(1), 411(1), 403(2), 428(2), 440(1), 492(1), 284(1), 413(1), 42(1), 250(2), 427(3), 276(6), 424(1), 860(1), 496(2), 425(3), 780(1), 401(2), 593(1), #####(3), 786(1), 162(2), 599(2), 157(1), 790(1), 412(1), V54(1), 728(1), 331(1), 301(1), 518(1), 486(1), 285(2), E878(1), V58(1), 585(1), 348(1)",56
976,975,09761,diag_1,"369(1), 414(5), 733(1), 428(2), 789(1), 730(1), 786(2), 410(4), 433(1), 577(1), 997(1), 998(2), 574(1), 780(2), 453(3), 562(1), 413(1), 403(1), 578(2), 486(3), 250(1), 995(1), 728(1), 599(1), 530(1), 576(1), 250.7(1), 280(1), 38(2), 682(2), 250.13(1), 522(1), 518(2), 515(1), 491(1), 323(1), 493(1)",56
976,975,09762,diag_2,"250.6(2), 411(1), 958(1), 413(1), 403(1), 601(1), 425(1), 493(1), 38(1), 250.02(1), 574(1), 998(1), 496(1), 276(6), 571(1), 578(1), 272(1), 410(1), 427(2), 414(2), 428(1), 401(1), 250(1), 599(3), 567(1), 305(1), 511(1), 530(1), 790(1), 785(1), 402(1), 782(1), 584(2), 680(1), 491(1), 486(2), 332(1), 345(1), 518(2), 799(1), 335(1), 557(1), 238(1)",56
977,976,09771,diag_1,"164(1), 480(1), 780(2), 786(1), 250.4(1), 414(2), 250.7(2), 404(1), 250.2(1), 787(1), 426(1), 435(2), 441(1), 202(1), 153(1), 428(2), 433(1), 682(1), 608(1), 560(1), 572(1), 724(1), 427(1), 578(1), 707(1), 584(1), 453(1), 997(1), 157(1), 250.13(2), 455(1), 437(1), 491(2), 280(1), 38(1), 250.8(1), 996(1), 733(1), 250.02(1), 611(1), 486(1), 415(1), 556(1), 648(1), 709(1), 821(1), 434(1), 820(1), 356(1)",56
977,976,09772,diag_2,"197(1), 250.5(1), 250.01(1), 693(1), 583(1), 411(1), 440(2), 428(2), 276(3), 250.6(2), 496(5), 424(1), 250.02(2), 998(1), 425(1), 433(1), 427(1), 250(4), 997(2), 707(1), 280(1), 682(2), 530(1), 196(1), 305(2), 455(1), 491(1), #####(1), 250.82(1), 599(1), 285(3), 733(1), 272(1), 518(1), 250.13(1), 403(1), 342(1), 584(1)",56
978,977,09781,diag_1,"579(1), 414(3), 250.11(1), 428(2), 278(1), 189(1), 780(2), 425(1), 530(3), 786(4), 572(1), 813(1), 486(2), 253(1), 415(1), #####(3), 562(1), 724(1), 820(1), 174(1), 426(1), 427(3), 250.8(4), 558(1), 577(1), 276(2), 715(2), 518(2), 348(1), 491(2), 511(1), 466(1), 995(1), 682(1), 867(1)",56
978,977,09782,diag_2,"250.6(2), 411(1), 578(1), 710(1), 424(3), 401(2), 404(1), 428(2), 250.02(2), 571(1), 250.01(1), 427(5), 250(2), 414(2), 453(1), 276(4), 590(1), 786(1), 196(1), 426(1), 721(1), 38(1), 274(1), 707(2), 998(1), 599(3), 789(1), 496(1), #####(1), 410(1), 174(1), 560(1), 530(1), 518(1), 585(3), E917(1)",56
979,978,09791,diag_1,"434(2), 414(2), 250.4(1), 298(1), 410(3), 402(1), 729(1), 250.11(1), 486(3), 250.2(1), V53(1), 851(1), 555(1), 348(1), 305(1), 584(2), 536(1), 197(2), 577(2), 153(1), 428(1), 154(1), 996(1), 38(2), 715(2), 427(1), 786(1), 578(1), 599(1), 453(1), 250.13(2), 491(3), 785(1), 575(1), 441(1), 8(2), 518(1), 820(1), 562(2), 836(1)",56
979,978,09792,diag_2,"250.41(1), 411(1), 403(4), 428(2), 250.02(3), V45(1), 276(4), 424(1), 780(3), 404(1), 427(2), 401(1), #####(3), 197(2), 303(1), 198(1), 493(2), 496(3), 444(1), 284(1), 567(1), 530(1), 491(2), 250(1), 593(1), 789(1), 599(2), 305(1), 998(1), 291(1), 473(1), 799(1), 482(1), 585(1), 511(1), 750(1)",56
980,979,09801,diag_1,"402(1), 414(2), 141(1), 185(1), 451(1), 295(1), 786(3), V57(1), 428(2), 276(1), 507(2), 996(1), 312(1), 780(1), 562(3), 434(1), 435(3), 620(1), 486(2), 574(1), 250.42(1), 560(1), 386(1), #####(2), 427(1), 250.02(1), 250.8(1), 998(1), V58(1), 250.31(1), 715(2), 599(1), 592(1), 531(1), 584(2), 511(1), 8(1), 997(1), 789(1), 493(1), 38(1), 821(1), 203(1)",56
980,979,09802,diag_2,"573(1), 411(1), 536(1), 401(2), 428(1), 250(2), 427(7), 434(1), 496(3), 38(1), 294(1), 721(1), 280(1), 276(5), 414(1), 780(1), 707(1), 788(1), 511(2), 599(1), 162(1), 731(1), 41(1), 202(1), 345(1), 997(1), 591(1), 285(2), 733(1), 789(1), 530(1), 518(3), 79(1), E878(1), 787(1), 490(1), 304(1), 585(1)",56
981,980,09811,diag_1,"415(1), 719(1), 250.4(1), 404(1), 250.6(1), 507(1), 250.13(1), 998(1), V57(1), 577(2), 428(2), 496(2), 414(4), 294(1), 478(1), 786(1), 715(4), 578(2), 410(1), 427(1), 682(2), 191(1), 250.8(1), 574(1), 681(1), 569(1), #####(2), 486(1), 584(1), 38(2), 493(2), 8(1), 250.81(1), 585(1), 491(1), 785(1), 276(1), 250.82(1), 518(1), 599(1), 250(1), 824(1)",56
981,980,09812,diag_2,"508(1), 492(1), 276(4), 428(2), 70(1), 403(1), 596(1), 599(5), 250.02(2), 427(2), 414(3), 311(1), 496(1), 410(2), 424(1), 280(1), #####(2), 38(1), 202(1), 401(1), 425(1), 441(1), V12(1), 491(2), 250(1), 707(1), 682(1), 486(2), 285(2), 786(1), 459(1), 785(1), 995(1), 518(1), 585(2), 344(1), 435(1), 837(1)",56
982,981,09821,diag_1,"736(1), 414(4), 487(1), 996(2), 786(2), 276(1), 722(1), 433(1), 682(1), 577(2), 250.02(1), 600(1), 997(1), 428(2), 435(2), 519(1), 998(1), 250.42(1), 434(1), 733(1), 787(1), 427(4), 410(1), 569(1), 728(1), 599(1), #####(2), 486(1), 532(1), 780(1), 584(1), 518(1), 491(2), 966(1), 250.1(1), 785(1), 560(1), 162(1), 552(1), 642(1), 493(1), 185(1), 348(1)",56
982,981,09822,diag_2,"727(1), 411(2), 250.03(1), 403(2), 413(1), 425(2), 250(2), 997(1), 710(1), 427(4), 428(2), 496(2), 560(1), #####(3), 998(1), 276(3), 305(2), 198(1), 414(1), 493(1), 599(2), 511(2), 491(1), 535(1), 294(1), 401(1), 584(2), 707(1), 558(1), 486(2), 518(3), 648(1), 585(4)",56
983,982,09831,diag_1,"414(4), 553(1), 250.11(2), 276(2), 250.7(1), 410(2), 924(1), 530(1), 428(2), 577(1), 722(1), 434(2), 486(2), 291(1), 786(2), 435(2), #####(2), 427(2), 724(1), 789(2), 996(1), 440(1), 715(1), 38(2), 571(1), 998(1), 250.81(1), 584(1), 443(1), 413(1), 250.82(1), 507(1), 727(1), 8(1), 154(1), 997(1), 312(1), 518(1), 806(1), 300(1), 250.6(1)",56
983,982,09832,diag_2,"411(1), 403(2), 413(1), 276(3), 496(3), 440(1), 427(2), 780(1), 428(2), 574(1), 722(1), V42(1), 425(2), 414(5), V58(1), 493(1), 424(1), 198(1), 998(1), 682(1), 714(1), #####(2), 786(1), 599(3), 789(1), 410(1), 920(1), 787(2), 295(1), 518(1), 716(1), 250(1), 569(1), 486(3), 585(1), 296(1), 730(1), 584(1)",56
984,983,09841,diag_1,"277(1), 414(3), 250.2(1), 571(1), 241(1), 722(3), 295(1), 410(4), 786(2), 996(1), 486(2), 434(1), 780(1), 428(2), 531(1), 415(1), 682(1), 453(1), #####(3), 789(1), 715(3), 427(2), 38(3), 807(1), 584(1), 275(1), 250.6(1), 150(1), 250(1), 285(1), 463(1), 433(1), 250.8(1), 575(1), 515(1), 491(1), 599(1), 530(1), 727(1)",56
984,983,09842,diag_2,"277(1), 411(2), 403(1), 413(1), 780(2), 401(4), V45(1), 250(2), 453(2), 428(2), 250.02(3), 496(3), 424(1), 996(1), 427(1), 425(1), #####(4), 276(3), 414(1), 295(1), 599(2), V42(1), 516(1), 707(2), 786(1), 787(1), 682(1), 38(1), 486(3), 285(1), 585(2), 584(1), 438(1), V85(1)",56
985,984,09851,diag_1,"414(1), 714(1), V57(2), 722(1), 473(1), 410(3), 486(4), 404(1), 433(1), 786(2), 572(1), 276(1), 9(1), 780(3), 996(1), 401(1), 428(1), 590(1), 715(3), 540(1), 435(1), 441(1), 578(1), 682(1), 789(2), 707(1), 434(2), 532(1), 564(1), 427(1), 491(3), 531(1), 812(1), 562(1), 197(1), 507(1), 162(1), 781(1), 47(1), 490(1), 648(1)",56
985,984,09852,diag_2,"411(1), 707(1), 424(2), 710(1), 242(1), 70(1), 250.4(1), 428(2), 496(3), 427(2), 295(1), 515(1), 571(1), 780(1), 250.02(4), 250(3), 493(1), 287(1), 998(1), 434(1), 280(1), 272(2), 401(2), 682(1), 162(1), 784(1), 204(1), 276(1), 599(1), 285(1), 781(1), E888(1), 535(1), 787(1), 518(1), 799(2), 486(1), 584(4), 438(1), 659(1)",56
986,985,09861,diag_1,"461(1), 290(1), 414(2), 423(1), 996(2), 486(4), 202(1), 786(2), 485(1), 386(1), 410(2), 435(2), 574(1), 426(1), 535(1), 434(2), 780(1), 787(1), 562(1), 590(2), 300(1), 558(1), 250.7(1), 599(3), 427(1), 722(1), 552(1), 276(1), 816(1), 238(1), 8(1), 280(1), 518(1), 578(1), 491(2), 715(1), 295(1), 250.13(1), 659(1), 625(1), 823(1), 404(1), 458(1)",56
986,985,09862,diag_2,"401(5), 437(1), 411(1), 429(1), 403(1), 250.6(2), 424(1), 427(3), 780(2), 250(7), 428(1), 280(1), 250.02(3), 425(1), 244(1), 414(2), 707(1), 304(1), 491(1), 599(4), 511(1), 790(1), 571(1), 276(2), 197(1), 293(1), 278(1), 592(1), 648(1), 515(1), 824(1), 585(4)",56
987,986,09871,diag_1,"682(2), 414(5), 812(1), 293(1), 786(1), 434(2), 250.7(1), 410(5), 577(1), 156(1), 428(2), 560(1), 555(1), 965(1), 276(2), 780(1), V57(2), 211(1), 600(1), 820(1), 424(1), 401(1), 998(2), 715(3), 250.13(1), 8(1), 79(1), 518(1), 491(2), 584(1), 578(1), 724(1), 38(1), 808(1), 592(1), 296(1), 250.12(1), 992(1), 530(1)",56
987,986,09872,diag_2,"250.41(1), 411(2), E849(1), 413(1), 780(2), 424(4), 396(1), 440(1), 340(2), 496(1), 427(3), 560(1), 250(3), 428(2), 250.02(2), 252(1), 291(1), 578(1), 276(2), 414(1), 724(1), 272(1), 682(1), 491(1), 997(1), 401(1), #####(1), V54(1), E947(1), 285(2), 805(1), 342(1), E878(1), 799(1), 255(2), 802(1), 585(2), 296(1), 584(1), V85(1)",56
988,987,09881,diag_1,"562(1), 996(1), 428(2), V57(1), 414(4), 410(5), 250.6(2), 211(1), 557(1), 600(1), 584(1), 485(1), 205(1), V55(1), 530(1), 435(1), 434(1), 426(1), 789(1), 574(1), 558(1), 440(1), 197(1), 453(1), 427(3), 38(1), 458(1), 812(1), 285(1), 964(1), 491(1), 250.8(1), 466(1), #####(2), 620(1), 575(1), 276(1), 518(2), 511(1), 843(1), 860(1), 787(1), 780(1)",56
988,987,09882,diag_2,"250.01(1), 250.4(1), 282(1), V49(1), 398(1), 250(4), 428(2), 250.42(1), 424(1), 401(4), 280(1), 496(1), 295(2), #####(4), 276(1), 403(1), 491(2), 38(1), 263(1), 427(2), 250.02(2), 414(1), 153(1), V42(1), 997(1), 707(2), 305(1), 198(1), 786(1), 518(1), 614(1), 250.13(1), 599(1), 486(1), 458(1), 710(1), 807(1), 362(1), 585(3)",56
989,988,09891,diag_1,"410(3), 414(2), 440(1), 428(2), 486(2), 789(1), 786(1), 226(1), 996(1), 300(1), 780(3), #####(2), 531(2), 574(3), 415(1), 435(2), 250.8(2), 540(1), 427(2), 378(1), 447(1), 573(1), 182(1), 416(1), 511(1), 599(2), 560(1), 724(1), 250.13(1), 682(1), 730(1), 846(1), 575(2), 584(1), 434(1), 824(1), 491(2), 38(1), 287(1)",56
989,988,09892,diag_2,"250.01(1), 411(3), 403(3), 288(1), 250(3), 246(1), 425(1), 427(4), 571(1), 496(1), 280(1), 428(2), 453(1), 574(1), 276(3), V42(1), 780(1), 784(1), 507(1), 998(1), 305(1), 491(2), 599(3), 530(1), 414(1), 707(2), 785(1), 847(1), #####(1), 577(1), 250.82(1), 728(1), 518(1), 486(2), 786(1), 272(1), 585(1), 438(1), 487(1)",56
990,989,09901,diag_1,"414(5), 616(1), 786(4), 38(3), 780(1), 295(1), 789(2), 444(1), 410(2), 577(1), 386(1), 276(2), 997(1), 411(1), 682(1), 428(2), 998(1), 398(1), 531(1), 820(2), 153(1), 486(2), 821(1), 53(1), 574(1), 162(1), 784(1), 578(1), 433(1), 427(1), 715(1), 599(2), 722(1), 250.8(1), 413(1), 491(1), 250.12(1), 562(1), 823(1), 403(1)",56
990,989,09902,diag_2,"411(2), 682(3), 70(1), 413(1), 424(1), 250.52(1), 723(1), 250(3), V45(1), 403(2), 428(2), 996(1), 574(1), 162(1), 560(1), 595(1), 780(2), 250.02(3), 998(1), 425(1), 427(3), 873(1), 568(1), 276(3), #####(1), 788(1), 197(1), 250.42(1), 781(1), 590(1), 599(3), 518(2), 414(1), 486(1), 112(1), 250.8(1), 585(2), 348(1)",56
991,990,09911,diag_1,"683(1), 410(5), 493(2), 250.33(1), 891(1), 414(3), 250.11(1), 428(2), 250.83(1), 722(1), 303(1), 507(1), 351(1), 434(2), 571(1), 787(1), 789(1), 458(1), 153(1), 599(2), 287(1), #####(1), 427(2), 562(1), 38(2), 560(1), 590(1), 844(1), 280(1), 715(3), 491(1), 728(1), 250.7(1), 482(1), 276(1), 518(2), 681(1), 781(1), 820(1), 271(1), 808(1)",56
991,990,09912,diag_2,"682(2), 250.01(1), 684(1), 401(2), E849(1), 411(2), 276(2), 428(2), 997(1), 250.02(1), #####(3), 250(2), 424(1), 303(1), 305(1), 453(1), V45(1), 780(2), 493(1), 196(1), 496(1), 414(3), 280(1), 427(1), 599(5), 560(1), 425(1), 250.92(1), 41(1), 785(2), 491(2), 518(2), 466(1), 733(1), 486(1), 443(1), 585(1), 812(1)",56
992,991,09921,diag_1,"786(2), 414(2), 433(2), 402(1), 573(1), 428(2), 438(1), 295(2), 604(1), 197(1), 780(1), #####(5), 250.1(1), 998(1), 411(1), 784(1), 516(1), 296(2), 250.7(1), 403(1), 174(1), 578(1), 560(1), 453(1), 584(2), 564(2), 733(1), 599(3), 996(1), 250.02(1), 722(1), 600(1), 682(1), 715(1), 821(1), 276(1), 781(1), 518(1), 789(1), 491(1), 250.12(1), 250.6(1)",56
992,991,09922,diag_2,"V17(1), 411(2), 492(1), 424(1), 403(4), 401(2), 496(4), 38(1), 780(1), 188(1), 276(3), 428(2), 250.6(1), 453(2), 425(1), 427(1), 571(1), 333(1), 707(1), 996(2), 196(1), #####(2), 250(2), 722(1), 410(1), 331(1), 733(1), 790(2), 511(1), 599(1), 291(1), 491(1), 250.13(1), 569(1), 342(1), 304(1), 564(1), 250.12(1), 585(1), 584(1)",56
993,992,09931,diag_1,"436(1), 414(6), 402(1), 786(4), 250.11(1), 235(1), 440(2), 507(1), 996(1), 462(1), 433(1), 401(1), 722(1), 486(2), 411(1), 820(2), 535(1), 562(3), 428(2), 540(1), 434(1), 435(1), 718(1), 787(1), 574(1), 427(2), 250.6(2), 183(1), 618(1), 715(2), 285(1), 592(1), 491(1), 789(1), 38(1), #####(1), 404(1), 728(1), 250.32(1)",56
993,992,09932,diag_2,"250(8), 411(2), 428(2), 710(1), 996(1), #####(5), 276(3), 401(3), 425(3), 250.02(2), 413(1), 722(1), 496(1), 424(2), 427(2), 280(1), 780(1), V43(1), 574(1), 162(1), 707(2), 536(1), 197(1), 599(1), 788(1), 290(1), 591(1), 211(1), 576(1), 584(3), 585(1)",56
994,993,09941,diag_1,"653(1), 414(3), 402(2), 428(2), 996(3), 786(1), 433(1), 434(2), 780(2), V57(1), 486(2), 822(1), 535(1), 608(1), #####(4), 250.8(2), 824(2), 534(1), 730(1), 331(1), 495(1), 162(1), 555(1), 682(1), 584(3), 820(1), 346(1), 491(2), 599(2), 250.02(1), 575(1), 724(1), 276(1), 153(1), 38(1), 531(1), 403(1), 338(1)",56
994,993,09942,diag_2,"648(1), 411(1), 493(1), 413(1), 403(1), 70(1), 496(6), 428(2), 427(2), 425(1), 491(1), 276(4), 250.02(2), #####(2), 707(1), 786(2), 198(1), 789(1), 305(1), 303(1), 414(1), 511(1), 599(1), 401(2), 331(1), 304(1), 733(1), 434(1), 250.8(1), 416(1), 311(1), 250(2), 518(2), 562(1), 995(1), 486(1), 584(2), 585(2)",56
995,994,09951,diag_1,"V57(1), 433(2), 786(4), 428(2), 276(3), 250.7(3), 780(2), 410(3), 185(1), 715(2), 486(2), 153(1), 608(2), 38(2), 511(1), 682(1), 415(1), 250.8(5), 197(1), 427(1), #####(2), 845(1), 493(1), 578(2), 584(1), 681(1), 491(1), 574(1), 518(1), 535(1), 575(1), 333(1), 805(1), 295(1)",56
995,994,09952,diag_2,"250.01(1), 396(1), 282(1), 413(1), 411(1), 403(2), 440(1), 492(1), 428(2), 401(3), 414(3), 288(1), 280(1), #####(1), 996(1), 38(1), 604(1), V42(1), 250.6(1), 198(1), 276(3), 707(2), 250.02(1), 153(1), 425(2), 40(1), 599(2), 250(2), 491(1), V54(1), 682(2), 577(1), 558(1), 486(2), 799(1), 530(1), E939(1), 805(1), 730(1), 438(1), 584(1), V62(1)",56
996,995,09961,diag_1,"634(1), 486(1), 434(3), 250.4(1), 414(6), V57(2), 560(1), 250.81(1), 428(2), 276(2), 532(1), 410(3), 584(2), 722(1), 250.11(1), 211(1), 296(2), 807(1), 812(1), 599(2), 386(1), 682(2), 458(1), 535(1), 427(2), 250.2(1), 493(1), 491(1), 38(1), 250.8(2), 707(1), 784(1), 820(1), 250.13(1), 716(1), 578(1), 808(1), 345(1)",56
996,995,09962,diag_2,"250.01(2), 372(1), 403(2), 411(2), 340(1), 424(2), 428(2), V45(2), 242(1), 707(2), 401(3), 780(3), 427(1), 738(1), V58(1), 425(2), 8(1), 860(1), 599(5), #####(2), 41(1), 295(1), 300(1), 250.8(1), 276(2), 250.02(1), 250.82(1), 785(2), 285(1), 486(1), 558(1), 250(1), 438(1), 537(1), 924(1), 348(2)",56
997,996,09971,diag_1,"276(1), 277(1), 414(2), 402(1), 723(1), 997(1), 428(2), 295(2), 486(2), 558(1), 604(1), 434(4), 786(2), 410(2), 250.7(1), 730(1), 577(2), 560(1), 996(1), 780(2), 435(2), 440(1), 648(1), 733(1), 250.11(1), 578(2), 355(1), 182(1), 296(1), 427(1), 569(1), 812(2), #####(2), 482(1), 715(1), 824(1), V57(1), 564(1), 656(1), 349(1), 38(1)",56
997,996,09972,diag_2,"250.01(1), 428(2), 411(1), 723(1), 403(2), 413(1), 780(1), 283(1), 250.11(1), 599(3), 250(3), 250.6(1), 401(4), 453(1), 250.92(1), 496(2), 427(2), #####(3), 250.02(2), 595(1), 38(2), 424(1), 276(2), 996(1), 465(1), 280(2), 578(1), 784(1), 493(2), 491(1), E888(1), 410(1), 486(1), 789(1), 648(1), V58(1), 482(1), 585(1)",56
998,997,09981,diag_1,"579(1), 414(2), 402(2), 250.11(1), 250.7(1), 404(1), 9(1), 851(1), 572(1), 250.1(1), 38(3), 276(1), 410(3), 530(1), 996(1), 401(1), 428(2), 435(1), 434(3), 820(1), 824(1), 482(1), 574(3), 337(1), 486(2), 577(1), 560(2), 571(1), 112(1), 562(1), 599(2), 682(1), 786(1), 491(2), 162(1), 813(1), 518(1), 250.8(1), 403(1), 972(1), 250.02(1)",56
998,997,09982,diag_2,"250.01(1), 411(1), 496(1), 276(7), 440(1), 428(2), 414(3), 135(1), 571(1), 425(2), 403(1), 780(1), 250(2), 280(1), 998(1), V42(1), 427(2), 250.02(1), 997(1), 250.6(1), 788(1), 599(3), 789(1), 593(1), 578(1), 707(1), 781(1), 518(3), 682(1), 199(1), 242(1), 253(1), 491(1), 345(1), 486(1), 585(2), 584(1), 972(1), V85(1)",56
999,998,09991,diag_1,"714(1), 593(1), 414(2), 996(1), 398(1), 786(2), 428(2), 151(1), 997(2), 584(2), 276(2), 620(1), 153(1), 577(1), 220(1), 486(1), 555(1), 780(3), 618(1), 682(1), 440(1), 621(1), 154(1), 998(1), 453(2), #####(3), 599(1), 482(1), 493(2), 491(2), 435(1), 296(1), 805(1), 250.82(1), 427(3), 250.1(1), 557(1), 345(1), 715(1), 250.13(1), 696(1)",56
999,998,09992,diag_2,"250(2), 403(5), 411(1), 496(2), 425(2), 280(1), 401(4), 79(1), 453(1), 276(5), 427(1), 218(1), 682(3), 493(1), 599(1), 485(1), 250.6(1), 707(1), 198(1), 415(1), 428(2), 410(1), 305(1), 272(1), 491(1), 530(1), #####(2), 162(1), 789(1), 787(1), 486(1), 584(2), 562(1), 416(1), V58(1), 112(1), 458(1)",56
1000,999,10001,diag_1,"435(2), 414(2), V57(1), 458(2), 410(3), 434(3), 428(2), 386(1), 291(1), 507(1), 557(1), 786(2), 724(1), 575(1), 560(2), 427(6), 574(2), 682(2), 578(1), 250.6(1), 564(1), 577(1), 486(2), 250.82(2), 599(1), 8(2), 491(1), 584(1), 530(1), 820(1), 415(1), 715(1), 345(1), 780(1), 782(1), 453(1)",56
1000,999,10002,diag_2,"378(1), 411(2), 493(2), 403(2), 428(2), 394(1), 250(4), 427(2), 305(2), 276(5), 682(1), 998(1), 414(3), 496(2), 250.02(1), 574(1), #####(2), V42(1), 536(1), 850(1), 410(1), 599(1), 404(1), 714(1), 707(1), 426(1), 285(3), 518(2), 332(1), 789(1), 576(1), 416(1), 94(1), 585(2), 730(1)",56
1001,1000,10011,diag_1,"786(5), 402(1), 250.4(1), V57(1), 414(3), 431(1), 722(1), 428(2), 250.7(1), 425(1), 410(2), 250.1(1), 486(3), 682(2), 996(1), 715(2), 198(1), #####(1), 296(1), 494(1), 562(1), 250.8(1), 442(1), 427(3), 482(1), 584(1), 780(2), 552(1), 8(1), 415(1), 518(2), 812(1), 38(2), 491(1), 785(1), 574(1), 459(1), 558(1), 403(1)",56
1001,1000,10012,diag_2,"250.01(1), 413(3), 403(3), 715(2), 411(2), 440(1), 428(2), 250(2), 276(4), 401(4), 496(2), 451(1), 38(1), 427(3), 197(1), 531(1), 309(1), 250.02(1), #####(2), 162(1), 493(1), 786(2), 42(1), 304(1), 511(1), 410(1), 599(1), 204(1), 532(1), 577(1), 682(1), 285(1), 250.12(1), 486(2), 585(2)",56
1002,1001,10021,diag_1,"414(4), 298(1), 786(6), 433(1), 882(1), 250.01(1), V57(2), 428(2), 435(1), 535(1), 250.02(1), 719(1), 590(1), 599(1), 530(1), 574(1), 715(1), 153(2), #####(5), 486(1), 780(1), 250.8(2), 584(2), 585(1), 823(1), 807(1), 787(1), 491(1), 592(1), 824(1), 38(1), 850(1), 518(1), 808(1), 962(1), 193(1), 434(1), 250.82(1), 285(1)",56
1002,1001,10022,diag_2,"411(1), 427(8), 403(2), 413(1), 424(2), 401(3), 426(1), 276(3), 250(5), 250.02(1), 425(1), 707(2), 274(1), 496(1), 280(1), 560(1), 204(1), 530(1), 599(4), 331(1), 531(1), 428(1), 410(1), 787(1), 414(1), V54(1), 491(1), 511(1), 250.8(1), 486(2), 518(1), 585(1), 626(1), 438(1)",56
1003,1002,10031,diag_1,"707(1), 410(3), 414(5), 996(2), 276(1), 197(1), 198(1), 786(1), 722(1), 584(4), 428(2), 721(1), 427(3), 433(2), 572(1), #####(2), 965(1), 386(1), 9(1), 540(1), 530(1), 493(1), 250.13(2), 250.82(1), 491(2), 682(1), 453(1), 443(1), 618(1), 250.8(1), 250.6(1), 715(2), 510(1), 486(1), 780(1), 625(1), 574(1), 285(1)",56
1003,1002,10032,diag_2,"250.01(1), 250.7(1), 411(1), 403(2), 512(1), 496(2), V10(1), 428(2), 401(1), 250.11(1), 250(2), 996(1), 305(1), 250.02(2), 427(1), 575(1), 426(2), 303(1), 276(5), 790(1), 535(1), 599(4), 568(1), 272(1), 250.6(1), #####(1), 707(2), 278(1), 8(1), 491(1), 787(1), 530(1), 486(1), 799(1), 285(1), 332(1), 362(1), 244(1), V58(1), 585(2), 261(1)",56
1004,1003,10041,diag_1,"414(2), 423(1), 402(1), 996(2), 428(2), 590(2), 404(1), 250.3(1), 440(1), 433(2), 486(2), 250.8(2), 786(1), 250.02(1), 189(1), 823(1), 410(4), 596(1), 424(1), 250.11(1), 560(1), 5(1), 577(1), 511(1), 959(1), 276(1), 332(1), 558(2), 453(1), 519(1), 493(1), 437(1), 296(1), 250.13(1), 250.6(1), 584(1), 491(1), 38(1), 8(1), 250.82(1), 282(1), #####(1), 458(1), 427(1), 250.7(1)",56
1004,1003,10042,diag_2,"411(2), 428(2), 711(1), 403(4), 584(1), #####(5), 494(1), 250(5), 496(3), 250.02(2), 427(4), 998(1), 780(1), 287(1), 38(1), V58(1), 276(7), 424(1), 157(1), 434(1), 511(1), 599(2), 707(1), 284(1), 459(1), 486(2), 518(1), 733(1), 585(1)",56
1005,1004,10051,diag_1,"131(1), 298(1), 414(3), 722(2), 464(1), 250.11(1), 428(2), 446(1), 250.7(1), 433(1), 410(4), 786(2), 486(3), 475(1), #####(1), 560(1), 197(1), 250.8(2), 783(1), 530(1), 434(1), 584(3), 296(1), 427(3), 491(2), 569(1), 536(1), 860(1), 592(1), 959(1), 250.6(1), 799(1), 307(1), 282(1), 805(1), 250.82(1), 715(1), 435(1), 276(1), 599(1)",56
1005,1004,10052,diag_2,"250.12(1), 402(1), 411(3), 723(1), 401(3), 276(5), 403(1), 733(1), 428(2), 998(1), 250(1), 496(2), 427(3), #####(2), 250.02(3), 997(1), 780(2), 493(1), 591(3), 404(1), 280(1), 491(1), 535(1), 682(1), 707(2), 781(1), 357(1), 272(1), 314(1), 518(1), 599(1), 285(1), 255(1), 585(1), 584(1), 745(1), 348(1)",56
1006,1005,10061,diag_1,"295(1), 414(4), 276(2), 433(1), 738(1), 410(1), 786(2), 434(1), 996(2), 780(3), 999(1), 428(2), 415(2), 283(1), 998(1), 486(1), 440(1), 600(1), V53(1), 820(1), 824(1), 427(3), 250.02(1), 682(1), #####(2), 552(1), 250.13(1), 250.6(1), 715(2), 491(2), 162(1), 289(1), 805(1), 212(1), 537(1), 351(1), 345(1), 250.8(1), 250.82(1), 821(1), 82(1)",56
1006,1005,10062,diag_2,"V15(1), 411(1), 380(1), 512(1), 413(1), 250.6(2), 722(1), 424(2), 250(5), 714(1), 276(5), 710(1), 401(4), 427(3), 453(1), 250.02(1), 403(1), 786(1), 198(1), 682(1), 590(1), 736(1), 428(2), 599(2), 410(1), 998(1), 707(1), 478(1), 496(1), 414(2), 511(1), 285(1), 486(1), 585(2), E935(1), 730(1), 584(1)",56
1007,1006,10071,diag_1,"402(1), 590(2), 578(1), 250.4(1), 822(1), 414(3), 307(1), 298(1), 428(2), 786(3), 410(1), 433(1), 730(1), #####(3), 435(1), 530(1), 486(1), 401(1), 427(2), 537(1), 296(1), 996(1), 682(2), 780(2), 493(3), 560(1), 491(2), 715(1), 584(1), 586(1), 592(1), 532(1), 250.7(1), 250.22(1), 250.6(1), 250.82(2), 38(2), 276(1), V57(1), 790(1)",56
1007,1006,10072,diag_2,"250.03(1), 250.01(2), 250.41(1), 403(2), E849(1), 411(1), 312(1), 496(4), 428(2), 300(1), 413(1), 250(3), 427(3), 996(1), 425(1), 493(1), 305(1), 401(1), 276(5), 280(1), 250.02(1), 415(1), 244(1), 578(1), #####(1), 414(2), 285(1), 785(1), 250.12(1), 577(1), 599(1), 707(1), 572(1), 799(1), 486(2), 585(3), 191(1), 296(1)",56
1008,1007,10081,diag_1,"435(1), 3(1), 681(1), 414(2), 996(1), 278(1), 153(1), 722(1), 433(2), 786(2), 707(1), 428(2), 812(1), 250.1(1), 584(3), 844(1), #####(2), 434(2), 250.13(1), 250(1), 486(3), 427(3), 38(4), 136(1), 576(1), 780(1), 715(2), 518(1), 251(1), 574(2), 466(1), 276(1), 491(2), 440(1), 403(1), 562(1), 534(1), 432(1)",56
1008,1007,10082,diag_2,"436(1), 428(2), V63(1), 411(2), 403(3), 997(1), 404(1), 250(3), V45(1), 70(1), 780(1), 682(2), #####(2), 135(1), 427(5), V15(1), 414(3), 277(1), 276(2), 162(1), 590(1), 202(1), 156(1), 300(1), 491(1), 599(3), 401(2), 571(1), 577(1), 728(1), 552(1), 473(1), 995(1), 585(2), 584(1), 555(1), 348(1)",56
1009,1008,10091,diag_1,"414(3), 786(3), 438(1), 571(1), 434(2), V57(1), 428(2), 719(1), 715(2), 486(6), 996(2), 592(1), 573(1), 410(1), 560(1), 532(1), 218(1), 584(1), #####(1), 780(1), 296(2), 707(1), 562(1), 427(2), 536(1), 682(2), 493(1), 250(1), 558(1), 440(1), 174(1), 38(2), 285(1), 276(1), 788(1), 642(1), 567(1), 162(1), 756(1)",56
1009,1008,10092,diag_2,"411(1), 403(1), 250.6(1), 427(2), 428(2), 250.42(1), V45(1), 788(2), 424(1), 244(1), 600(1), 496(3), 596(1), 250.02(2), 425(1), #####(5), 280(2), 250.43(1), 401(1), 414(1), 276(1), 493(1), 682(1), 250(2), 599(3), 300(1), 278(2), 707(1), 272(1), 357(1), 174(1), 480(1), 486(1), 648(1), 482(1), 416(1), 584(1), 585(1), 438(1), 208(1), 756(1)",56
1010,1009,10101,diag_1,"352(1), 786(2), V57(1), 410(2), 414(3), 428(2), 278(1), 250.83(1), 464(1), 250.1(1), 250.9(1), 482(1), 440(1), 435(1), 794(1), 225(1), 185(1), 574(2), 415(1), 486(2), 820(1), 427(2), 682(3), 162(1), 250.6(1), #####(2), 599(2), 607(1), 434(1), 413(1), 553(1), 715(3), 724(1), 584(1), 285(1), 562(1), 250.8(2), 250.82(1), 345(1), 588(1), 295(1)",56
1010,1009,10102,diag_2,"368(1), 250.01(1), 250.81(1), 999(1), 411(1), 403(2), 250(3), 413(1), 682(1), 518(2), 276(3), 428(2), 401(3), 70(1), 427(3), 786(3), 707(2), 550(1), 244(1), 574(1), 303(1), 198(1), 536(1), 410(2), 599(1), 250.02(1), 507(1), 414(1), 491(1), 285(2), 997(1), 41(1), 790(1), 162(1), E932(1), 496(1), 458(1), 730(1), 250.22(1), V62(1)",56
1011,1010,10111,diag_1,"250.4(1), 402(1), 414(4), 431(1), 398(1), 604(1), 535(1), 250.7(2), 682(2), 786(3), 410(1), 250.22(1), 572(1), 577(1), 434(1), 426(1), 443(1), 435(1), 453(1), 383(1), 242(1), 996(1), 721(1), 444(1), 250.02(1), 490(1), 562(1), 250(1), 307(1), 599(1), 250.6(1), 584(1), 789(1), 790(1), 466(1), 428(2), 427(1), 711(1), 507(1), 592(1), 8(1), 540(1), 491(1), 518(1), 411(1), 626(1), 493(1), 814(1)",56
1011,1010,10112,diag_2,"403(3), 424(1), 411(1), 428(2), 396(1), 250.02(1), 340(1), 440(1), 250(2), #####(5), 401(2), 287(1), 414(2), 571(1), 574(1), 276(7), 496(1), 780(1), 788(1), 738(1), 540(1), 305(1), 599(2), 8(1), 285(1), 434(1), 883(1), 518(1), 785(1), 592(1), 443(1), 272(1), 54(1), 491(1), 486(1), 621(1), 250.22(1), E885(1), 585(1)",56
1012,1011,10121,diag_1,"648(1), 493(1), 414(6), V57(2), 241(1), 428(2), 174(1), 997(1), 410(4), 486(3), 996(1), 786(3), 584(1), 789(2), 780(1), 447(1), 571(2), 560(1), 38(1), 296(1), 427(2), 250.02(2), 618(1), 715(4), 346(1), 826(1), 592(1), 250.8(1), 808(1), 820(1), #####(1), 682(2), 433(1), 345(1)",56
1012,1011,10122,diag_2,"250.03(1), 250.01(1), 411(2), 496(1), 250(4), 403(2), 233(1), V45(2), 433(1), 428(2), 424(1), 401(6), 250.02(1), 820(1), 427(3), 780(1), #####(2), 789(1), 414(4), 276(1), 682(1), 491(1), 788(1), 285(1), 278(1), 536(1), 585(3), 591(1), 681(1), 805(1), 486(2), 459(1), 709(1), 289(1), 562(1)",56
1013,1012,10131,diag_1,"V57(1), 402(1), 414(2), 434(1), 242(1), 722(1), 250.11(1), 423(1), 295(1), 997(1), 428(2), 288(1), 250.02(1), 786(3), 571(1), 780(4), 153(1), 415(1), 433(2), 682(1), 276(2), 789(1), 427(3), 531(1), 599(1), 733(1), 558(1), 410(1), 38(1), 250.8(1), #####(2), 486(1), 174(1), 820(1), 491(3), 715(1), 805(1), 790(1), 443(1), 661(1), 998(1), 537(1)",56
1013,1012,10132,diag_2,"250.01(1), 396(1), 411(1), 437(1), 403(1), 428(2), 410(2), 997(1), 402(1), 250(3), 496(4), 424(1), 201(1), 780(2), 305(1), 276(3), 425(3), 453(2), 426(1), 250.02(1), 414(3), 786(1), #####(4), 433(1), 427(1), 707(1), 196(1), 511(1), 788(1), 599(2), 648(1), 112(1), 584(3), 438(2)",56
1014,1013,10141,diag_1,"414(7), 786(2), 553(1), 780(2), 410(2), 571(2), 584(2), 428(2), #####(4), 562(1), 403(1), 486(1), 415(1), 276(3), 722(1), 162(1), 560(2), 434(1), 789(1), 296(1), 996(1), 493(2), 682(3), 724(1), 715(4), 491(2), 576(1), 998(1), 599(1), 512(1), 280(1)",56
1014,1013,10142,diag_2,"411(3), 413(1), 250(4), 403(2), 780(1), 496(2), 428(2), 303(2), 427(3), 250.02(2), #####(5), 997(2), 599(2), V12(1), 276(3), 295(1), 567(1), 305(1), 724(1), 444(1), 456(1), 577(1), 518(1), 786(1), 272(1), 285(1), E878(1), 250.8(1), 585(3), 486(1), 94(1), 584(1), 422(1), 260(1)",56
1015,1014,10151,diag_1,"250.7(3), 250.03(1), 295(2), 414(3), 189(1), 402(1), 722(2), 440(1), 996(1), 428(2), 786(2), 577(1), 486(2), 536(1), 574(1), 682(1), 435(1), 648(1), 250.6(2), 197(1), 820(1), #####(2), 250.13(1), 465(1), 427(1), 410(1), 493(1), 482(1), 599(1), 780(1), V57(1), 715(3), 151(1), 584(1), 250.8(1), 789(1), 491(1), 663(1), 733(1), 654(1), 403(1), 728(1), 275(1)",56
1015,1014,10152,diag_2,"V63(1), 276(7), 288(1), 403(1), 250.42(1), 425(2), 440(1), 244(1), V45(1), 496(1), 515(1), 250.6(2), 427(3), 401(1), 493(1), 574(1), 428(2), 575(1), 250.02(2), 250(2), #####(2), 197(1), 70(1), 413(1), 414(1), 707(1), V54(1), 150(1), 412(1), 682(1), 211(1), 785(1), 648(2), 733(2), 112(1), 585(1), 584(3), 746(1)",56
1016,1015,10161,diag_1,"436(1), 433(1), 682(1), 780(2), 562(1), 250.4(1), 414(3), 480(1), 250.11(2), 996(1), 496(1), V57(1), 294(1), 425(1), 789(1), 79(1), 197(1), 786(1), 722(1), 787(1), 566(1), 435(1), 428(1), 959(1), 493(1), 401(1), 820(1), 276(2), 440(1), 560(1), 807(1), 153(1), 427(2), 466(1), 707(1), 790(1), 998(2), 599(1), 250.6(1), 556(1), 530(1), 296(1), 250.13(1), 491(1), 724(1), 518(2), 997(1), 250.8(1)",56
1016,1015,10162,diag_2,"781(1), V70(1), 250.01(1), 250.41(1), 999(1), 403(4), 411(1), 518(2), 401(1), 70(1), 276(3), 250(4), 413(1), 428(2), 496(1), 788(1), V45(1), 250.02(1), 424(1), 295(1), 427(2), 780(2), 710(2), #####(2), 682(3), V42(1), 560(1), 707(1), 511(1), 558(1), 285(1), 301(1), 272(1), 799(1), 585(1), 486(1), 435(1), 296(1), 465(1), 250.2(1)",56
1017,1016,10171,diag_1,"194(1), 414(4), 250.11(2), 617(1), 428(2), 250.6(2), #####(5), 433(1), 786(3), 577(1), 486(4), 88(1), 410(3), 794(1), 782(1), 250.02(1), 276(2), 584(2), 198(1), 435(1), 434(3), 996(2), 250.13(1), 682(2), 789(2), 715(1), 250.8(2), 285(1), 820(1), 493(1), 614(1)",56
1017,1016,10172,diag_2,"599(2), 411(1), 305(1), 620(1), 403(3), 396(1), 413(1), 203(1), 496(2), 428(2), 250.6(2), #####(2), 584(3), 780(2), 425(1), 250(2), 198(1), 401(3), 427(1), 566(1), 493(1), 414(2), 276(3), 162(2), 786(1), 410(1), 491(2), 682(1), 724(1), 560(1), 490(1), 707(1), 785(1), E885(1), 342(1), 486(1), 458(1), 337(1)",56
1018,1017,10181,diag_1,"577(1), 414(2), 996(2), 420(1), 185(1), 428(2), 786(4), 574(2), 250.6(2), 433(1), 780(1), 410(1), 721(1), 435(1), 415(1), #####(2), 434(1), 427(1), 401(1), 296(1), 285(1), 707(1), 182(1), 552(1), 250.8(2), 493(1), 599(1), 38(2), 491(1), 972(1), 459(1), 8(2), 35(1), 437(1), 820(1), 716(1), 444(1), 562(1), 280(1), 403(1), 250.02(1), 983(1), 486(1), 215(1)",56
1018,1017,10182,diag_2,"696(1), 411(1), 403(1), 427(4), 715(1), 198(1), 413(1), 710(1), 496(3), 288(1), 428(2), 440(1), 401(5), 493(1), 424(1), 250(5), 453(1), 425(1), 426(1), 571(1), 707(1), 788(1), 276(4), 458(1), 357(1), 599(1), 398(1), 794(1), 577(1), 294(1), 518(1), 728(1), 344(1), 585(2), 584(2), 296(1), 348(1)",56
1019,1018,10191,diag_1,"648(1), 852(1), 414(5), 250.11(1), 486(3), 410(2), 786(3), 584(2), 435(1), 820(2), 996(1), 428(2), 153(1), 593(1), 296(1), 530(1), 182(1), 276(1), 780(1), 789(1), 490(1), 250.7(1), 599(3), 38(2), 493(2), 682(2), 250.8(2), 434(1), 427(1), 444(1), 600(1), 453(1), 250.12(1), 250.13(1), 715(1), 491(1), 533(1), 621(1)",56
1019,1018,10192,diag_2,"250.01(1), 581(1), 411(1), 276(5), 403(2), 70(1), 428(2), 250(1), 425(2), 401(3), 427(7), 280(1), 38(1), 786(2), 780(1), 424(1), 414(2), 305(1), 707(3), 198(1), 566(1), #####(1), 287(1), 410(2), 731(1), 599(2), 789(1), 311(1), 272(1), 585(3), 278(1), 924(1), V85(1)",56
1020,1019,10201,diag_1,"682(3), 414(2), 584(2), 402(1), 996(1), 428(2), 185(1), 278(1), 250.7(2), 410(1), 786(2), 433(1), 349(1), 305(1), 577(2), 780(2), 558(1), #####(4), 486(2), 820(1), 599(2), 440(1), 530(1), 560(1), 250.6(1), 38(1), 444(1), 424(1), 171(1), 427(2), 724(1), 431(1), 491(4), 578(1), 466(1), 507(1), 403(1), 327(1)",56
1020,1019,10202,diag_2,"250.03(1), 411(1), 250.41(1), 425(1), 403(1), 250.4(1), 250(7), 401(4), 440(1), 428(2), 427(2), 322(1), 305(1), 573(1), 496(2), 303(1), 493(1), 250.02(2), 682(2), 276(3), 298(1), 590(1), 788(1), 414(1), 410(1), 491(2), 402(1), 434(1), 507(1), 41(1), 482(1), 585(3), 780(1), 486(1), 416(1), 584(2)",56
1021,1020,10211,diag_1,"998(1), V57(2), 402(2), 414(5), 440(1), 852(1), 276(1), 250.83(1), 250.2(1), 228(1), 821(1), 250.7(2), 294(1), 786(4), 155(1), 411(1), 410(1), 682(2), V58(1), 434(1), 571(1), 574(2), 715(2), 296(2), 428(2), 486(1), 824(1), 458(1), 427(1), 584(1), 782(1), 590(1), 280(1), 38(1), 565(1), 556(1), 518(1), 625(1), 482(1), 8(1), 250.12(1)",56
1021,1020,10212,diag_2,"250.01(1), 715(1), 428(2), 411(1), 404(1), 427(4), 496(4), 403(2), 263(1), 424(1), 250(6), 276(4), 358(1), 414(2), 789(1), 401(3), 250.6(1), 599(3), 729(2), 41(1), 425(1), 278(1), 577(1), 785(1), 578(1), 560(1), 794(1), 286(1), 53(1), 491(1), 585(1), 584(3)",56
1022,1021,10221,diag_1,"461(1), 414(4), 428(2), 410(3), V56(1), 572(1), 786(2), 434(3), 486(3), 780(1), 250.6(1), #####(4), 557(1), 892(1), 820(1), 599(1), 300(1), 590(1), 250.02(2), 162(1), 812(1), 707(1), 578(1), 507(1), 276(1), 491(3), 427(1), 79(1), 715(1), 398(1), 532(1), 998(1), 218(1), 204(1), 250.13(2), 38(1), 716(1), 562(1)",56
1022,1021,10222,diag_2,"277(1), 411(1), 403(2), 398(1), 996(3), 428(1), 571(1), 401(1), 780(2), 496(2), 998(1), 440(1), 425(3), 427(5), 250(4), 276(4), 493(1), 414(1), 595(1), 197(1), 682(2), 410(2), 599(2), 250.6(1), 250.02(1), 491(1), 285(2), 625(1), 787(1), V58(1), 995(1), 585(2), 584(2)",56
1023,1022,10231,diag_1,"250.03(1), 581(1), 202(1), 414(2), 250.11(1), 250.7(1), 996(1), 780(1), 404(1), 745(1), 410(3), 577(1), 434(1), 715(3), V57(1), 250.02(1), 276(1), 599(2), 724(1), 428(2), 424(1), 787(1), 250.6(1), 590(1), 682(1), 584(2), 998(1), 935(1), 38(3), 491(2), 333(1), 162(1), 250.8(1), 157(1), 331(1), 625(1), #####(3), 415(1), 518(1), 250.2(1), 8(1), 574(1), 971(1)",56
1023,1022,10232,diag_2,"428(2), 403(3), 322(1), 411(1), 599(2), 440(1), 340(2), 413(2), 434(3), #####(3), 575(1), 496(4), 250.02(1), 427(2), 250.92(1), 401(2), 276(5), 410(1), 682(1), 250(2), 491(1), 707(1), 263(1), 294(1), 785(1), 285(1), 518(1), 585(3), 486(1), 584(2), 423(1), V85(1), 458(1)",56
1024,1023,10241,diag_1,"682(2), 250.03(1), 414(2), 294(2), 428(2), 786(2), 250.42(1), 486(2), 707(1), 648(2), 153(1), 296(2), 820(2), 780(2), 198(1), 410(1), 562(1), 721(1), 557(1), 250.7(1), 427(1), #####(1), 578(2), 540(1), 608(1), 715(2), 276(1), 599(2), 292(1), 290(1), 487(1), 434(1), 411(2), 250.92(1), 996(1), 537(1), 287(1), 716(1), 652(1), 285(1), 518(1), 188(1)",56
1024,1023,10242,diag_2,"250.01(1), 599(3), 411(1), 403(3), 250.6(1), 312(1), 424(1), 427(1), 496(2), 401(3), 250.02(2), 197(1), 309(1), 428(2), 295(1), 162(1), 426(1), 250(2), 722(1), 578(1), 707(2), #####(2), 682(1), 276(4), 491(1), 560(1), 290(1), 729(1), 41(1), 285(3), 785(1), 250.9(1), E878(1), 562(1), 648(1), 584(2), V66(1), V85(1)",56
1025,1024,10251,diag_1,"428(2), 682(4), 414(4), 410(1), 660(1), 295(1), 722(1), 434(2), #####(4), 715(1), 401(1), 560(1), 440(1), 427(1), 998(2), 453(2), 574(2), 730(1), 458(2), 285(1), 824(1), 626(1), 197(2), 486(2), 493(1), 250.6(1), 188(1), 584(1), 518(2), 482(1), 431(1), 38(1), 599(1), 250.82(1), 578(1), 575(1), 535(1), 296(1)",56
1025,1024,10252,diag_2,"250.01(1), 250.81(1), 411(2), 403(3), 648(1), 780(2), 428(2), 250(3), 138(1), 250.6(1), 496(1), 424(1), 401(2), 425(2), 427(1), #####(2), 998(1), 276(3), 788(1), 250.02(1), 707(3), 157(1), 571(1), 280(1), 189(1), 491(2), 682(2), 535(1), 466(1), 410(1), 294(1), 530(1), 202(1), 285(2), 151(1), 250.8(1), 486(1), 585(1), V62(1)",56
1026,1025,10261,diag_1,"250.81(1), 414(4), 428(2), 250.6(3), 9(1), 780(1), V57(1), 718(1), 722(1), 996(3), 410(2), 250.03(1), 786(2), #####(1), 415(1), 530(3), 486(2), 578(1), 532(1), 824(1), 453(1), 432(1), 805(1), 560(1), 599(2), 595(1), 427(1), 812(1), 8(1), 189(1), 490(1), 592(1), 440(1), 491(2), 681(1), 552(1), 852(1), 250.7(1), V53(1), 518(1), 154(1)",56
1026,1025,10262,diag_2,"403(6), 411(2), 413(2), 719(1), 401(3), 780(1), 428(2), 486(2), 427(5), 276(4), 250.02(2), 280(1), #####(2), 860(1), 788(1), 414(2), 278(1), 596(1), 578(1), 304(1), 840(1), 250.6(1), 591(2), 202(1), 789(1), 272(1), 682(1), 599(2), 851(1), 785(1), 152(1), 584(1), 619(1)",56
1027,1026,10271,diag_1,"580(1), V45(1), 414(4), 435(1), 577(2), 156(1), 486(2), 250.13(1), 410(1), 428(2), 295(1), 426(1), 433(1), 557(1), 531(1), 560(1), 348(1), 724(1), 197(1), 296(1), 250.7(1), 434(1), 401(1), 276(3), 157(1), 444(1), 482(2), 440(1), 427(2), 682(1), 574(1), 578(1), 599(2), 790(1), 715(2), 455(1), 584(1), 491(1), 518(1), 250.8(1), 996(1), 182(1), 564(1), #####(1)",56
1027,1026,10272,diag_2,"250.6(1), 710(1), 411(1), 250.52(1), 403(1), 197(3), 42(1), 496(6), 288(1), 424(1), 305(1), 780(2), 425(1), 250(3), 427(5), 280(1), 250.02(4), 276(3), 402(2), 453(1), 428(2), 204(1), 593(1), 599(1), 493(1), 162(1), #####(1), 682(1), 707(1), 250.13(1), 553(1), 112(1), 585(1), 584(1), 514(1)",56
1028,1027,10281,diag_1,"852(1), 880(1), 250.4(1), 807(1), 491(1), 786(2), 553(1), 250.1(1), 428(2), 410(2), 250.42(1), 414(1), 785(1), 780(3), 577(3), 435(1), 486(4), 996(2), 202(1), 569(2), 183(1), 427(5), 440(1), 724(1), 250.6(2), 574(1), 595(1), 250.13(1), 584(1), 481(1), 250.12(1), 578(1), 715(1), 290(1), 434(1), 403(1), 285(1), 518(1), 728(1)",56
1028,1027,10282,diag_2,"919(1), 276(6), 403(2), 250.01(2), 496(1), 295(1), 424(1), 428(2), 427(5), 250.6(1), 574(1), 250.02(2), #####(3), 401(1), 198(1), 425(2), 599(2), 707(2), 724(1), 536(1), 578(1), 250(3), 577(1), 285(3), 730(1), 342(1), 585(3), 584(1), 435(1), 482(1), 296(1), 348(1)",56
1029,1028,10291,diag_1,"786(3), 682(3), 250.03(1), 414(3), 250.11(1), 427(2), 410(2), 560(2), 998(3), 428(2), 996(1), 296(1), 486(2), 569(1), 438(1), 562(1), 403(1), 433(1), 576(1), 590(1), 493(1), 250.8(3), 789(1), 202(1), 482(1), 599(2), 618(1), V57(1), 715(1), 824(1), 295(1), 850(1), 491(1), 455(1), 287(1), 459(1), 250.02(1), 8(1), 250.82(1), #####(1)",56
1029,1028,10292,diag_2,"250.01(2), 276(9), 411(2), 428(2), 403(1), 250(6), 425(1), 496(2), 780(1), 287(1), 427(2), 38(1), 998(2), 535(1), 493(1), 414(3), #####(1), 461(1), 599(1), 511(1), 682(2), V54(1), 401(1), 491(1), 707(1), 410(1), 301(1), 204(1), 577(1), 785(1), 344(1), 585(1), 730(1), V85(1)",56
1030,1029,10301,diag_1,"250.23(1), 427(3), 414(2), 996(5), V57(1), 496(1), 410(2), 786(5), 721(1), 428(2), 295(1), 457(1), 416(1), 577(1), 401(1), 486(1), 434(2), 198(1), 562(1), 998(2), 997(1), 608(1), 493(1), 250.8(1), #####(2), 824(1), 280(1), 491(1), 250(1), 584(1), 780(1), 38(2), 459(1), 250.7(1), 519(1), 250.82(1), 590(1), 532(1), 338(1)",56
1030,1029,10302,diag_2,"403(2), V72(1), 411(1), 996(2), 428(2), 496(3), 250(4), 425(2), V45(1), #####(4), 493(1), 401(2), 276(2), 599(3), 427(3), 162(1), 719(1), 414(3), 38(1), 682(1), 305(1), 40(1), 304(1), 784(1), 845(1), 515(1), 402(1), 785(1), 507(1), 707(1), 486(2), E878(1), 995(1), 584(2)",56
1031,1030,10311,diag_1,"753(1), 510(1), 309(1), 414(1), 786(3), 428(2), 250.6(1), 577(3), 427(4), 482(1), 435(2), 530(2), 276(1), 962(1), 620(1), #####(2), 821(1), 401(1), 787(1), 569(1), 820(2), 730(1), 410(2), 715(3), 486(1), 491(1), 780(2), 802(1), 434(2), 584(1), 552(1), 518(1), 466(1), 38(1), 280(1), 250.12(1), 250.8(1), 349(1), 707(1)",56
1031,1030,10312,diag_2,"592(2), 250.01(1), 297(1), 411(1), 203(1), 250.4(1), 403(3), 496(3), 424(1), 250.6(1), 401(3), 413(1), 780(3), 427(1), 250(1), 287(1), 493(2), 276(5), 250.02(2), 707(2), 428(2), 414(2), 491(2), 426(1), 599(1), 781(1), 272(1), 535(1), #####(1), 724(1), 578(1), 787(1), 285(1), 585(2), 730(1), 438(1)",56
1032,1031,10321,diag_1,"682(1), 514(1), 782(1), 560(1), 250.1(3), 410(2), 433(1), 291(1), 428(2), 414(2), 535(1), #####(3), 562(1), 569(1), 820(1), 786(5), 599(3), 276(2), 482(1), 707(1), 427(1), 401(1), 807(1), 458(1), 998(1), 493(2), 780(1), 584(2), 715(1), 250.8(2), 250.82(2), 440(1), 575(1), 518(1), 491(3), 681(1)",56
1032,1031,10322,diag_2,"906(1), 403(2), 723(1), 38(1), 276(3), 428(2), 427(5), 250.02(2), 493(2), 250(2), 425(2), #####(3), 577(1), 414(2), V42(1), 8(1), 599(4), 786(1), 491(1), 682(1), 507(1), 401(2), 286(1), 295(1), 285(1), 345(1), 412(1), 518(2), 41(1), 564(1), 799(1), 250.22(1), 730(2), 562(1), 435(1)",56
1033,1032,10331,diag_1,"277(1), 250.4(1), 414(5), V53(1), 786(2), 433(1), 415(2), 428(2), 410(2), 394(1), 780(3), 440(2), 38(1), 550(1), #####(4), 715(2), 411(1), 567(1), 486(1), 348(1), 682(1), 590(1), 250.13(1), 558(1), 427(1), 250.6(1), 493(1), 515(1), 575(1), 820(1), 812(1), 527(1), 331(1), 518(1), 511(1), 250.12(1), 535(1), 197(1), 162(1), 465(1), V57(1)",56
1033,1032,10332,diag_2,"428(2), 403(2), 411(3), 250.4(2), 413(3), 515(1), 427(2), 496(3), 996(2), 250.6(1), 402(2), 250(2), 425(1), 396(1), #####(1), 276(8), V42(1), 197(1), 250.02(1), 305(1), 682(1), 491(1), 401(1), 511(1), 304(1), 560(1), 294(1), 518(2), 38(1), 250.12(1), 486(1), 585(1), 519(1), 438(1), 812(1)",56
1034,1033,10341,diag_1,"414(2), 250.11(1), 402(1), 250.8(3), 572(2), 786(2), 998(1), 433(3), 250.7(2), 820(1), 112(1), 996(1), 276(3), 560(1), 434(1), 780(3), 453(1), 427(3), 38(1), 250.02(1), 428(2), 440(1), 584(3), 486(1), 552(1), 443(1), 715(2), 784(1), 491(3), 250.82(1), V57(1), 518(1), 466(1), 620(1), 654(1), 682(1)",56
1034,1033,10342,diag_2,"411(1), 276(6), 425(2), V45(1), 403(1), 571(1), 250(2), 203(1), 427(4), 401(3), 496(1), 38(1), 250.02(1), 295(1), 305(1), 386(1), 157(1), 707(2), 428(2), 920(1), 731(1), 599(3), 491(1), 511(1), 591(1), #####(3), 682(1), 412(1), 443(1), 493(1), 786(1), 285(1), 584(2), 648(1), 185(1), 585(1), 486(1)",56
1035,1034,10351,diag_1,"250.23(1), 648(1), 227(1), 250.81(1), 250.4(1), 423(1), 786(3), 414(3), 729(1), 428(2), 599(1), 426(1), 789(1), 410(1), 780(2), 593(1), 427(3), 560(1), 724(1), 493(1), 784(1), 486(1), 250.13(2), 715(1), 805(1), 564(1), 491(4), 518(2), 276(1), 250.7(1), 584(1), 443(1), 998(2), 510(1), 682(1), 511(1), 574(1), 824(1), 594(1), 346(1), 8(1), #####(1)",56
1035,1034,10352,diag_2,"V15(1), 250.01(1), 574(1), 780(2), 723(1), 403(3), 411(1), 496(4), 424(2), 250.4(1), 428(2), 242(1), 276(4), 427(3), 250(2), 401(2), 491(2), 202(1), 873(1), 599(3), 8(1), #####(1), 286(1), 295(1), 785(1), 414(1), 707(1), 285(1), 486(2), 459(1), 576(1), 758(1), 591(1), 368(1), 558(1), 585(1), 584(1)",56
1036,1035,10361,diag_1,"840(1), 648(1), 223(1), 196(1), 311(1), 414(3), 996(2), 225(1), 250.7(2), 997(1), 723(1), 786(2), 250.13(1), 507(1), 410(2), 434(1), 435(1), 428(2), 276(2), 557(1), 535(1), 403(1), 493(3), 250.6(1), 532(1), 787(1), 599(1), 486(2), 560(1), 682(1), 280(1), 584(1), 427(2), 715(2), 491(1), 250.8(2), 784(1), 590(1), 8(1), 618(1), 575(1), 578(1)",56
1036,1035,10362,diag_2,"427(4), 250.03(1), 401(7), 998(1), 411(1), 403(1), 413(2), 440(1), 250.42(1), 402(1), 737(1), 425(1), 428(2), 250(1), #####(4), 276(7), 536(1), 567(1), 447(1), 491(1), 599(2), 250.92(1), 295(1), 446(1), 272(1), 250.82(1), 707(1), 426(1), 41(1), 576(2), 625(1), 584(3)",56
1037,1036,10371,diag_1,"786(3), 198(1), 486(2), 414(3), 250.11(1), 428(2), 403(1), 787(1), 250.2(1), 211(1), 410(1), 591(1), 401(1), #####(5), 434(3), 458(1), 535(2), 433(1), 584(1), 280(1), 250.8(1), 493(2), 569(1), 820(1), 250.13(1), 577(1), 250.6(1), 38(1), 715(1), 571(1), 482(1), 285(1), 466(1), 491(1), 996(1), 427(1), 284(1), 625(1), 426(1), 592(1), 288(1), 560(1)",56
1037,1036,10372,diag_2,"429(1), 172(1), 282(1), 411(1), 276(3), 403(1), 413(1), 250.4(1), 424(1), 496(4), 250(3), 425(1), 427(5), 401(2), 198(1), 305(1), 250.02(2), 788(1), 426(1), 441(1), 682(1), 553(1), 707(2), 414(1), 491(3), 530(1), 599(1), 272(1), 8(1), 456(1), 493(1), 162(1), 278(1), 285(1), 786(1), 263(1), 585(1), 584(1), 183(1), 438(1)",56
1038,1037,10381,diag_1,"480(1), 250.1(1), 414(5), 428(2), 410(2), 590(1), 707(1), 786(1), 218(1), 996(4), 486(4), V54(1), 340(1), 820(2), 441(1), 426(1), 276(3), 715(1), #####(2), 780(1), 560(1), 38(1), 296(1), 682(1), 789(1), 958(1), 285(1), 183(1), 487(1), 280(1), 491(2), 493(1), 681(1), 556(1), 562(1), 812(1), 292(1), 250.8(1), 575(1)",56
1038,1037,10382,diag_2,"428(2), 403(2), 411(1), 440(1), 780(1), 340(1), 250.6(1), 250(5), 427(1), 424(1), #####(5), V43(1), 295(2), 496(2), 727(1), 276(5), 433(1), 287(1), 401(1), 599(4), 414(2), 162(1), 491(1), E888(1), 250.02(1), 707(1), 533(1), 577(2), 535(1), 518(3), 585(1), 584(2)",56
1039,1038,10391,diag_1,"824(1), 996(3), 414(4), 410(5), 507(3), 435(1), 428(2), 486(1), 786(1), 536(1), 188(1), 276(1), 155(1), 250.8(4), 682(1), 296(3), 453(1), 250(1), 290(1), 491(2), 444(1), 562(1), 401(1), 998(1), 599(1), 287(1), 715(1), 584(1), 600(1), 427(1), 821(1), 780(1), 642(1), 349(1), 250.6(1), 250.82(1), 785(1), 493(1)",56
1039,1038,10392,diag_2,"E849(1), 711(1), 411(2), 403(1), 496(5), 428(2), 250.6(2), 401(3), #####(2), 250(4), 427(1), 453(2), 38(2), 358(1), 303(1), 287(1), 599(2), 70(1), 444(1), 414(1), 722(1), 786(1), 276(3), 682(1), 707(1), 426(1), 511(1), 285(1), E935(1), 648(1), 562(1), 304(1), 518(1), 435(1), 584(2), 730(1), 487(1)",56
1040,1039,10401,diag_1,"540(1), 730(1), 535(1), 440(1), 351(1), 414(7), 786(3), 276(4), 433(1), 787(1), 577(1), 428(2), 435(1), 250.8(2), 530(1), 969(1), 198(1), 997(1), 682(1), 852(1), 608(1), 571(1), 681(1), 427(2), 715(1), #####(1), 578(1), 805(1), 789(1), 491(2), 518(1), 285(1), 656(1), 575(1), 586(1), 599(1), 432(1), 780(1), 507(1), 250.13(1), 595(1)",56
1040,1039,10402,diag_2,"250.01(1), 324(1), 250.11(1), 404(1), 496(2), 424(1), 780(2), 430(1), 250(3), 427(6), 428(2), 574(1), 401(2), 276(3), 162(1), 414(1), 682(2), 250.02(1), 707(1), 599(2), 789(1), V42(1), 491(1), 578(1), 287(1), 515(1), #####(2), 648(1), 786(1), 425(1), 41(1), 486(2), 255(1), 585(1), 584(2), 319(1), 296(1), 348(1)",56
1041,1040,10411,diag_1,"786(3), 682(1), 707(1), 235(1), 414(3), 423(1), 852(1), 729(1), 617(1), 410(4), 295(1), 428(2), 296(1), 486(2), 569(1), 427(2), 276(1), 250(1), 38(2), 157(1), 595(1), 715(1), 618(1), 998(1), 967(1), 584(2), 530(1), 491(3), 250.82(2), 250.8(3), 574(1), 518(2), 331(1), 860(1), 250.81(1), V57(1), 415(1), 345(1)",56
1041,1040,10412,diag_2,"250.51(1), 691(1), 250.01(1), 250(5), 411(1), 496(2), 428(2), 719(1), 300(1), V42(1), #####(6), 250.02(1), 427(4), 515(1), 425(1), 70(1), 197(1), 414(1), 491(2), 996(1), 682(1), 599(1), 276(1), 535(1), 707(2), 250.82(1), 794(1), 412(1), 802(1), 882(1), 995(1), 730(2), 584(2), 486(2), 289(1), 585(1), 348(1)",56
1042,1041,10421,diag_1,"276(1), 429(1), 414(5), 250.7(2), V71(1), 536(1), 250.6(1), 535(1), 428(2), 574(1), 486(5), 410(1), 533(1), 997(1), 996(2), 507(2), 250.42(1), 482(1), 426(1), 733(1), 578(1), 434(1), 599(2), 592(1), 174(1), 786(1), 789(1), 540(1), 250(1), #####(2), 443(1), 451(1), 42(1), 8(2), 560(1), 250.12(1), 808(1), 493(1), 38(1), 922(1), 780(1)",56
1042,1041,10422,diag_2,"706(1), 496(4), 411(2), 413(1), 440(1), 428(2), 250.7(1), 780(2), 70(2), 280(2), 287(1), 427(4), V02(1), 788(1), 38(1), 493(1), 276(6), 250(3), 250.02(1), 401(2), 414(1), 599(1), 998(1), 491(1), 511(1), 285(1), 785(1), 112(1), 586(1), 820(1), 272(1), 808(1), 486(1), 482(1), 584(1), 438(2)",56
1043,1042,10431,diag_1,"294(1), 786(1), 414(2), 428(2), 722(1), 996(2), 250.6(1), 425(1), 577(3), 733(1), 410(3), 515(1), 250.11(1), 780(1), 820(1), 415(1), 276(2), 560(1), 724(1), 482(1), 453(1), 444(1), #####(4), 427(1), 162(2), 250.8(2), 486(1), 493(1), 584(2), 491(2), 788(1), 784(1), 599(3), 426(1), 289(1), 812(1), 530(1), 490(1), 296(1)",56
1043,1042,10432,diag_2,"403(4), 411(1), 780(1), 715(1), 413(2), 428(2), 496(3), 996(1), 250.02(1), V58(1), 303(1), 427(2), 197(1), 401(4), 276(4), 599(4), 250(1), 263(1), 198(1), 414(2), 707(2), 491(2), #####(1), 424(1), 682(1), 357(1), 511(1), 285(2), 585(2), 783(1), 584(2), 438(1), V62(1)",56
1044,1043,10441,diag_1,"250.4(1), 722(1), 996(3), 250.11(1), 410(3), 428(2), 435(1), 453(2), 434(2), V57(2), 414(2), 198(1), 486(3), 780(4), 787(1), 303(1), 424(1), 682(1), 584(2), 998(1), 427(1), 599(1), #####(2), 276(1), 491(2), 715(2), 493(1), 288(1), 250(1), 415(1), 518(1), 789(1), 644(1), 595(1), 558(1), 466(1), 967(1), 821(1)",56
1044,1043,10442,diag_2,"403(1), 292(1), 250.11(1), 8(1), 428(2), 496(2), 451(1), 434(1), 250(3), 197(1), #####(3), 780(1), 155(1), 707(1), 427(4), 997(1), 276(2), 404(1), 401(3), 491(1), 414(1), V54(1), 511(2), 578(1), 250.6(1), 786(2), 599(1), 785(1), 287(1), 285(1), 518(1), 342(1), 562(1), 648(1), 585(3), 555(1), 438(2), 348(1), 337(1)",56
1045,1044,10451,diag_1,"735(1), 786(3), 535(1), 511(1), 414(5), 428(2), 410(3), 151(1), 197(1), 220(1), 435(1), #####(3), 562(2), 853(1), 998(2), 250.6(1), 922(1), 812(1), 518(1), 967(1), 996(2), 599(2), 578(1), 584(1), 411(1), 491(1), 531(1), 250.8(2), 431(1), 250.7(1), 280(1), 486(1), 427(1), 250.11(1), 332(1), 250.13(2), 576(1), 162(1), 8(1)",56
1045,1044,10452,diag_2,"425(2), 250.01(2), 250.41(1), 411(2), 403(1), 413(1), 428(2), #####(2), 250(4), 250.02(1), 574(1), 218(1), 305(1), 427(2), 493(2), 276(4), 998(1), 873(1), 724(1), 496(1), 780(1), 414(2), 682(2), 285(2), 507(1), 785(1), 578(1), 518(2), 263(1), 584(2), 733(1), 592(1), V58(1), 585(3), 730(1), 337(1)",56
1046,1045,10461,diag_1,"526(1), 590(1), 414(1), 423(1), 786(2), 998(1), 572(1), 202(1), 415(1), 428(2), 410(1), 434(1), 421(1), 577(2), 486(2), 435(1), 276(3), #####(3), 491(4), 493(2), 780(2), 427(1), 571(1), 253(1), 820(2), 569(1), 562(1), 584(1), 715(2), 682(1), 250.02(1), V58(1), 578(1), 574(1), 821(1), 459(1), 518(1), 250.6(1), 560(1), 433(1), 250.12(1)",56
1046,1045,10462,diag_2,"414(2), 250.01(1), 411(1), 427(3), 521(1), 203(1), 571(2), 284(1), 396(1), 428(2), 996(1), 276(4), 250.02(2), 401(2), 997(1), 565(1), 250.6(1), #####(1), 291(1), 789(1), 511(1), 599(2), 250.82(1), 569(1), 250(1), 491(2), 790(1), 154(1), 577(1), 162(1), E888(1), 707(1), 518(1), 285(2), 410(1), 482(1), 585(2), 435(1), 486(1), 584(3)",56
1047,1046,10471,diag_1,"401(1), 491(2), 682(2), 414(7), 410(4), 535(1), 707(1), 386(1), 285(1), 486(3), 428(2), 786(2), 577(1), 415(1), 574(1), #####(1), 250.02(1), 812(1), 276(2), 578(1), 511(1), 590(1), 715(2), 599(1), 998(1), 250.13(1), 278(1), 38(3), 512(1), 852(1), 182(1), 493(1), 458(1), 435(1), 440(1), 789(1), 492(1)",56
1047,1046,10472,diag_2,"373(1), 501(1), 250.03(1), 403(3), 492(1), 411(3), 413(1), 250.6(1), 288(1), 70(1), 424(1), 515(1), 250.02(2), 428(2), 305(1), 496(2), 250(2), V64(1), 425(1), 303(1), 280(1), 511(1), 593(1), 410(1), 414(3), 427(1), 491(1), 276(2), 682(1), 285(2), 485(1), 250.92(1), 162(1), 41(1), 808(1), 558(1), 627(1), 799(1), 486(1), 585(1), V09(1), 584(1), 438(1), 401(1)",56
1048,1047,10481,diag_1,"648(1), 600(1), 250.11(1), 11(1), 414(3), 276(1), 570(1), 780(2), 682(1), 250.7(1), 786(1), 726(1), 428(2), 722(1), 486(3), 197(1), 426(1), 162(2), 435(2), 410(1), 536(1), 434(2), #####(1), 715(1), 250.6(2), 997(1), 599(1), 558(1), 250.13(1), 482(1), 577(1), 491(1), 295(1), 532(1), 730(1), 218(1), 812(1), 250.82(1), 654(1), 618(1), 427(2), 535(1), 996(1), 790(1), 789(1)",56
1048,1047,10482,diag_2,"250.03(1), 250.01(1), 250.6(1), 496(5), 411(1), 403(3), 440(1), 723(1), V45(1), 997(1), 424(1), 250(2), 515(1), 427(1), 198(1), 996(1), 401(1), 8(1), 276(6), 433(1), 428(2), 560(1), 491(1), 599(1), 174(1), 530(2), 301(1), 285(3), 785(1), 682(1), 648(1), 443(1), 618(1), V58(1), 585(3), 344(1), 584(1), 813(1)",56
1049,1048,10491,diag_1,"240(1), 969(1), 786(1), 726(1), 730(1), 996(2), 414(1), 276(2), 560(2), 535(1), 401(1), 410(2), 574(1), 577(1), 658(1), 331(1), 890(1), 434(1), 458(1), 188(1), 682(1), 600(2), 820(1), 250.4(1), 780(1), 562(1), 250.8(3), 157(1), 825(1), 486(1), 530(1), 427(1), 482(1), 493(1), 599(2), 584(1), 250.82(1), 715(1), 253(1), 8(2), 250.7(1), 428(1), 478(1), 924(1), 415(1), 38(1), 518(1)",56
1049,1048,10492,diag_2,"226(1), 967(1), 403(3), 359(1), 250.83(1), 411(1), 135(1), 250.6(1), 424(2), 428(2), 250.02(1), 427(3), 656(1), 250.93(1), V45(1), 250(2), #####(3), 38(1), 788(1), 998(1), 276(4), 285(1), 303(1), 873(1), 491(1), 786(1), 402(1), 599(2), 401(2), 731(1), 785(1), 707(1), 591(1), 518(1), 41(1), 478(1), 807(1), 486(1), 995(1), 584(3)",56
1050,1049,10501,diag_1,"414(6), 780(1), 434(5), 423(1), 276(1), 337(1), 250.1(2), 473(1), 786(4), 428(2), 553(1), 250.2(1), 386(1), 426(1), 562(1), 440(1), #####(1), 486(3), 540(1), 682(1), 427(2), 590(1), 250.02(2), 398(1), 493(1), 491(2), 410(1), 574(1), 715(2), 996(1), 185(1), 280(1), 518(1), 789(1), 578(1), 403(1)",56
1050,1049,10502,diag_2,"796(1), 250.81(1), 431(1), 411(3), 428(2), 403(1), 250.01(1), 413(1), 276(2), V42(1), 424(1), 496(4), 724(1), 427(5), 401(3), 250(2), #####(2), 425(1), 493(2), 571(1), 726(1), 250.02(1), 414(2), 491(2), 784(1), 278(1), V43(1), 285(3), 578(1), 789(1), 787(1), 585(4), V85(1)",56
1051,1050,10511,diag_1,"682(2), 250.11(1), 414(1), 428(2), 730(1), 404(1), 572(1), 535(2), 410(2), 577(2), 786(3), 531(1), 780(2), 511(1), 486(5), #####(1), 518(1), 276(1), 444(1), 415(1), 820(1), 250.02(1), 162(1), 250.7(1), 584(3), 482(1), 715(1), 427(2), 557(1), 680(1), 491(2), 781(1), 250.8(1), V57(1), 599(1), 280(1), 38(1), 434(1), 112(1), 536(1)",56
1051,1050,10512,diag_2,"250.41(1), 276(11), 411(1), 403(1), 496(1), 424(1), 428(2), 571(2), 280(2), 574(1), 250(2), 401(2), 382(1), 250.02(1), 493(2), #####(3), 359(1), 427(3), 425(1), 197(1), 707(2), 414(1), 491(1), 530(1), 560(1), 682(1), 780(1), 799(1), 189(1), 790(1), 572(1), 585(2), 296(1), 584(1)",56
1052,1051,10521,diag_1,"7(1), 623(1), 428(2), 414(2), 516(1), 434(3), 201(1), 511(1), 427(2), 780(1), 401(1), 433(1), 444(1), 250.8(3), 724(1), 290(1), 784(1), 599(2), 782(2), 486(2), V58(1), 250.13(1), 786(2), 458(1), 250.6(2), 996(1), 285(1), 410(1), #####(3), 596(1), 592(1), 805(2), 715(1), 682(2), 200(1), 203(1), 519(1), 518(1), 424(1), 306(1)",56
1052,1051,10522,diag_2,"276(8), 599(3), 492(1), 411(1), 403(1), 512(1), 428(2), 496(4), 396(1), 425(1), 401(2), 440(1), 427(2), 424(2), 250.02(1), 307(1), 340(1), 596(1), 722(1), 162(1), 780(2), 786(2), #####(1), 250.82(1), 414(1), 410(1), 998(1), 707(2), 518(1), 459(1), 799(2), 585(1), 486(1), 808(1), 584(1), V85(1)",56
1053,1052,10531,diag_1,"296(3), 861(1), 730(1), 507(1), 414(7), V57(2), 433(2), 427(1), 386(1), 410(2), 162(1), 511(1), 486(3), 574(2), 996(1), 428(2), 435(1), 562(1), 576(1), #####(2), 250.6(1), 250.8(2), 682(2), 786(1), 560(1), 482(1), 564(1), 491(3), 715(2), 531(1), 780(1), 453(1), 8(1), 434(1), 997(1)",56
1053,1052,10532,diag_2,"250.01(1), 70(1), 250.7(1), 492(1), 411(1), 424(2), V49(1), 413(2), 427(3), 403(1), 496(1), 428(2), V10(1), 250(3), #####(4), 574(1), 996(1), 295(1), 425(1), 493(1), 788(1), 276(2), 581(1), 780(1), 250.02(1), 414(4), 250.6(1), 682(1), 401(1), 285(1), 415(1), 577(1), 733(1), V58(1), 314(1), 416(1), 585(2), 518(1), 442(1), 438(1), 584(1)",56
1054,1053,10541,diag_1,"272(1), 250.11(1), 414(3), 557(1), 528(1), 250.1(1), 824(1), 996(3), 780(2), 486(6), 577(1), 434(1), 507(1), 428(2), 820(1), 427(4), 411(2), 786(1), 682(1), 585(1), 410(2), 518(5), 620(1), 444(1), 575(1), 787(2), 250.8(1), 611(1), 491(1), 413(1), 295(1), 530(1), 191(1), #####(1), 599(1)",56
1054,1053,10542,diag_2,"250.01(1), 276(4), 411(2), 403(1), 250(3), 138(1), 496(4), 710(1), 402(1), 427(5), V42(1), 428(2), 998(1), 424(1), 780(1), 515(1), 414(3), 593(1), #####(2), 707(3), 491(2), 410(1), 614(1), 346(1), 789(1), 786(2), 787(1), 518(1), 516(1), 250.12(1), 317(1), 585(1), 867(1), 584(1), 296(1)",56
1055,1054,10551,diag_1,"431(1), 42(1), 235(1), 414(1), 250.42(1), 441(1), 786(3), 250.1(1), 558(1), 428(2), 972(1), 211(1), 577(2), 787(1), 780(2), 435(1), 486(1), 733(1), 250.02(1), #####(1), 590(1), 434(3), 535(1), 296(1), 458(1), 152(1), 276(1), 427(3), 540(1), V57(1), 599(1), 153(1), 997(1), 491(2), 682(2), 250.8(3), 573(1), 280(1), 331(1), 426(1), 518(1), 403(1), 250.13(1)",56
1055,1054,10552,diag_2,"250.01(1), 136(1), 560(2), 411(2), 403(2), 492(1), 780(1), 305(1), 250.02(5), 280(1), 574(1), 250(6), 427(2), 496(1), 905(1), 425(1), 244(1), 401(1), 414(1), 276(2), 41(1), 162(1), 295(1), 599(2), 250.8(1), 789(1), 577(1), 707(1), 682(1), 211(1), 576(1), 578(1), 294(1), 733(1), 410(1), 272(1), 728(1), 585(2), 730(1), 584(1)",56
1056,1055,10561,diag_1,"410(4), 414(2), 428(2), 434(1), 789(1), 295(1), 293(1), 682(1), 420(1), 584(2), 729(1), 820(1), 331(1), 491(2), 996(2), 721(1), 569(1), 276(1), 300(1), 560(1), 427(1), 453(1), 250.6(3), 162(1), 250.8(1), 433(1), #####(4), 599(1), 250(1), 482(1), 193(1), 572(1), 562(1), 354(1), 38(1), 575(1), 716(1), 537(1), 625(1), 813(1), 518(1), 250.13(1), 821(1)",56
1056,1055,10562,diag_2,"403(6), 411(1), 574(1), 414(3), 340(1), 786(1), 358(1), 280(1), 496(3), 427(4), 38(1), 401(1), 788(1), 428(2), 493(1), 276(2), 197(1), 731(1), 707(2), 278(1), 491(3), 536(1), 162(1), 250.01(1), 789(1), 41(1), 569(1), 300(1), 410(1), 518(2), 250.12(1), 486(2), 998(1), 618(1), E885(1), 296(1), 584(1)",56
1057,1056,10571,diag_1,"428(2), 780(2), 199(1), 989(1), 250.11(1), 414(5), V57(2), 278(1), 250.7(2), 440(1), 572(1), 238(1), 410(1), 724(1), 486(3), 996(1), 427(2), 485(1), 786(2), 380(1), 682(2), 453(1), 493(1), 482(1), 434(2), 998(1), 599(1), 566(1), 584(1), 785(1), 715(2), 491(3), 250.8(1), 250.82(1), 642(1), 404(1), #####(1), 443(1), 487(1)",56
1057,1056,10572,diag_2,"V65(1), 250.93(1), 276(8), 305(1), 411(1), 403(2), V45(1), 574(1), 440(1), 413(1), 250.6(1), 571(1), 428(2), 496(2), 493(1), #####(2), 998(1), 425(1), 250(3), 491(1), 599(1), 427(2), V12(1), 707(4), V54(1), 414(1), 784(1), 681(1), 401(1), 250.02(1), 648(1), 486(2), 342(1), 585(3), 518(1), V85(1)",56
1058,1057,10581,diag_1,"734(1), V57(1), 250.41(1), 540(1), 410(4), 290(1), 577(1), 250.1(1), 435(1), 722(2), 786(3), 553(1), 996(2), 730(2), 282(1), 428(2), 486(2), 307(1), V58(1), 38(1), 434(1), 250.02(1), 558(1), 153(1), 515(1), 560(1), 562(1), 599(2), 584(2), #####(2), 491(1), 154(1), 466(1), 789(2), 780(1), 682(1), 709(1), 625(1), 728(1), 427(1), 733(1), 492(1)",56
1058,1057,10582,diag_2,"401(4), 250.01(1), 403(2), 542(1), 420(1), 437(1), 295(1), 710(1), 997(1), 428(2), 427(5), 453(1), 276(7), 493(2), 996(1), 440(1), 250(3), 682(1), 426(1), 153(1), 599(1), 491(1), 414(2), 466(1), #####(1), 560(1), 250.82(1), 304(1), 790(1), 41(1), 518(1), 435(1), 584(3), 348(1), 337(1)",56
1059,1058,10591,diag_1,"262(1), 780(1), 250.4(1), 414(3), 428(2), 427(2), 198(1), 786(1), 424(1), 410(3), V58(1), #####(6), 486(1), 552(1), 715(2), 560(1), 493(1), 432(1), 571(1), 933(1), 789(2), 724(1), 250.8(1), 578(1), 572(1), 599(1), 183(1), 458(1), 584(3), 250.6(1), 280(1), 250.13(1), 250.7(1), 162(1), 346(1), 518(2), 466(1), 821(1), 658(1), 8(1)",56
1059,1058,10592,diag_2,"571(1), 250.41(1), 403(3), 411(1), 780(1), 401(3), 428(2), 427(1), 250(3), 425(2), 276(7), 496(2), 599(1), 707(3), 789(1), 250.82(2), 446(1), 287(1), 414(2), 286(1), 196(1), 162(1), 8(1), 785(1), 274(1), 794(1), 511(1), 402(1), 285(1), 486(2), 648(1), 585(2), 482(1), 753(1), 557(1)",56
1060,1059,10601,diag_1,"174(1), 996(2), 414(5), 434(1), 53(1), 786(3), 291(1), 276(1), 410(1), 433(1), 486(1), V55(1), 153(1), 250.8(3), 599(1), 590(1), 780(1), 250.02(1), 715(2), 515(1), 447(1), 614(1), 348(1), 38(3), 428(2), 584(2), 427(1), 491(3), 8(3), 682(1), 404(1), 250.12(1), 507(1), 585(1), 250.6(1), 189(1), V57(1), 821(1)",56
1060,1059,10602,diag_2,"250.01(1), 403(1), 411(2), 492(1), 780(1), 413(1), 428(2), V12(1), 427(4), 303(1), 250(3), 496(2), #####(2), 707(2), 197(1), 424(1), 38(1), 276(7), 250.6(1), 493(1), 401(2), 295(1), 599(2), 414(1), 425(1), 8(1), 41(1), 511(1), 578(1), 799(3), 518(2), 585(2), 584(1), 438(1)",56
1061,1060,10611,diag_1,"648(1), 438(1), 414(5), 530(1), 786(4), 250.1(1), 535(1), 996(2), 427(1), 410(1), 584(2), 562(1), 250.02(1), 780(1), 440(1), 411(2), 536(1), 491(3), 296(1), 574(1), 820(1), 486(1), 560(1), 458(1), 724(1), 781(1), 250.8(1), 38(2), 518(1), 575(1), 599(2), 428(2), 250.11(1), 715(1), 512(1), 189(1), 403(1), 295(1), 569(1), 8(1), 492(1)",56
1061,1060,10612,diag_2,"250.01(1), 780(2), 411(1), 403(3), 250.6(2), V45(1), 560(1), 496(4), 428(2), 492(1), 424(1), 427(2), 250(4), 198(1), 162(1), 303(1), 425(1), 786(1), 578(1), 682(1), 414(1), 599(1), 276(3), 412(1), 721(1), 707(2), 410(1), 41(1), 518(2), 585(2), 275(1), 799(1), 511(1), 458(1), 584(3), 296(1), 486(1)",56
1062,1061,10621,diag_1,"440(1), 824(2), 420(1), 414(2), 250.4(1), 250.11(1), 276(2), 997(1), 998(2), 557(1), 786(5), 38(3), 451(1), 428(2), 331(1), 295(1), 730(1), 682(2), 722(1), 189(1), 453(1), 435(1), 153(1), #####(3), 162(1), 482(1), 820(1), 562(1), 427(2), 250.02(1), 599(2), 626(1), 584(1), V57(1), 250.7(1), 250.8(1), V58(1), 578(1), 486(1), 574(1)",56
1062,1061,10622,diag_2,"250.01(2), 404(1), 403(4), 428(2), 276(4), 288(1), 411(1), 250.7(1), 492(1), 427(2), 496(1), 309(1), 250(2), 401(1), 250.02(2), 70(1), 722(1), 425(1), 197(1), 593(1), 153(1), 414(2), 162(1), 198(1), #####(2), 998(1), 331(1), 244(1), 402(1), E888(1), 728(1), 785(1), 707(1), 614(1), 592(1), 285(1), 507(1), 454(1), 585(1), 438(1), 584(2), 327(1)",56
1063,1062,10631,diag_1,"574(1), 514(1), 996(1), 414(5), 428(2), 823(1), 553(1), 434(1), 780(1), 410(2), 562(1), 433(1), 722(1), 789(1), #####(2), 276(1), 202(1), 733(1), 486(2), 707(1), 411(1), 427(3), 682(1), 536(1), 493(2), 552(1), 997(2), 715(1), 584(1), 250.6(1), 965(1), 611(1), 218(1), 38(1), 8(1), 592(1), 843(1), 413(1), 788(1), 466(1), 455(1), 998(1), 250.8(1), 296(1)",56
1063,1062,10632,diag_2,"250.01(1), 403(3), 411(2), 250.03(1), 413(1), 496(2), 153(1), V42(1), 427(3), 250.6(1), 250(4), 790(1), 620(1), 428(2), 401(1), 996(1), 276(6), 599(4), 241(1), 569(1), 786(2), 707(1), 304(1), 250.02(1), 617(1), 591(1), 535(1), #####(1), 414(1), 562(1), 585(3), 730(1), 423(1), V62(1), V85(1)",56
1064,1063,10641,diag_1,"250.11(1), 786(3), 402(1), 428(1), 414(1), 278(1), 997(1), V54(1), 453(2), 198(2), 410(2), 507(2), 724(1), 557(1), 780(1), 550(1), 331(1), 733(1), 434(2), 250.8(1), 969(1), 38(1), 560(1), 276(1), 820(1), 558(1), 599(1), 592(1), 784(1), 440(1), 486(1), 715(2), 427(4), 824(1), 444(1), 250.13(1), 511(1), 996(1), 401(1), 466(1), 584(1), 535(1), 203(1), 806(1), 844(1)",56
1064,1063,10642,diag_2,"V45(1), 396(1), 428(2), 403(2), 411(1), 998(1), E879(1), 496(2), 780(2), #####(3), 493(2), 197(1), 401(3), 250.6(1), 425(1), 276(6), 427(2), 295(1), 590(1), 250(4), 599(2), 707(1), 491(2), 414(2), 263(1), V43(1), V58(2), 285(1), 518(1), 728(1), 585(1), 733(1), 344(1), V85(1)",56
1065,1064,10651,diag_1,"414(3), 552(1), 780(1), 433(2), 250.11(1), 428(2), 435(1), 996(1), V54(1), 722(1), 410(2), 577(1), 998(1), 574(1), 296(1), 198(1), 746(1), 434(2), 440(1), #####(3), 486(1), 490(1), 331(1), 250.8(3), 707(1), 427(1), V58(1), 728(1), 560(2), 564(1), 599(1), 820(1), 562(1), 250.13(1), 8(1), 715(1), 805(1), 535(1), 808(1), 250.82(1), 659(1), 584(1), 404(1), 491(1), 789(1)",56
1065,1064,10652,diag_2,"411(2), 403(1), 135(1), 496(1), 577(1), 424(1), 780(3), 440(1), 493(2), 250(3), 428(2), 250.02(1), 574(1), 295(2), 401(2), 276(5), 996(1), 427(2), 244(1), 788(1), 707(4), 413(1), 202(1), 599(3), 455(1), 250.6(1), 285(1), 553(1), 486(2), 648(1), 250.13(1), 342(1), 585(1), 584(3)",56
1066,1065,10661,diag_1,"250.1(1), 996(6), 414(5), 250.6(1), 998(2), 786(3), 573(1), 428(2), 486(1), 435(1), 433(1), V58(1), 434(2), 401(1), 722(1), 162(1), 195(1), 507(1), 705(1), 552(1), 276(1), 458(2), 493(1), 491(1), 191(1), 584(1), 576(1), 250(1), 250.7(1), 578(1), 38(1), 562(1), 182(1), 813(1), 789(1), 288(1), 715(1), 403(1), #####(1), 443(1), 349(1)",56
1066,1065,10662,diag_2,"250.6(1), 403(3), 411(1), 496(2), 413(1), 574(1), 428(2), 453(1), 571(1), 250(4), 433(1), 197(2), #####(3), 287(1), 821(1), 38(1), 300(1), 427(1), 425(1), 721(1), 493(1), 491(1), 280(1), 599(4), 707(1), 276(2), 788(2), 401(1), 577(1), 682(1), 785(1), 569(1), 218(1), 285(2), 786(1), 204(1), 585(2), 584(2)",56
1067,1066,10671,diag_1,"250.11(1), 414(5), 428(2), 294(1), 486(3), 562(1), 440(1), #####(5), 410(2), 211(1), 998(1), 786(2), 620(1), 435(1), 491(1), 787(1), 415(1), 820(1), 682(1), 157(1), 560(1), 724(1), 511(1), 507(1), 288(1), 250.8(3), 728(1), 79(1), 493(1), 532(1), 574(1), 715(1), 250.12(1), 38(1), 518(1), 577(1), 423(1), 996(2), 434(1), 276(1)",56
1067,1066,10672,diag_2,"276(3), 411(3), 403(4), 312(1), 250.42(1), 413(1), 280(1), 428(2), 401(4), 424(1), 250(1), 427(7), 997(1), 250.02(2), 453(1), 197(1), 478(1), 599(4), 571(1), 491(1), 410(1), 681(1), 511(1), 305(1), 493(1), 787(1), 564(1), 518(3), 362(1), 799(1), 486(1), 585(1), 458(1)",56
1068,1067,10681,diag_1,"410(2), 414(3), 722(1), 79(1), 420(1), 786(4), 250.7(1), 572(1), 428(2), V55(1), 531(1), 431(1), 584(1), 560(1), 294(1), 535(1), 250.8(2), #####(3), 9(1), 434(1), V57(1), 197(1), 820(1), 486(1), 153(1), 411(1), 569(1), 562(1), 789(1), 427(1), 440(1), 174(1), 599(1), 564(1), 518(2), 530(1), 162(1), 250.6(1), 493(2), 571(1), 808(1), 250.82(1), 996(1), 491(1)",56
1068,1067,10682,diag_2,"403(2), 411(1), 496(3), 288(1), 427(6), 440(1), 428(2), 571(1), 568(1), 413(1), 305(1), 512(1), 311(1), 303(1), 396(1), 250(2), 276(4), 250.02(1), 599(2), 156(1), 788(1), 162(2), 578(1), 402(1), 211(1), 426(1), 707(3), 196(1), 414(1), 780(1), 530(1), 491(1), 278(1), 456(1), E878(1), V58(1), 486(2), 730(1)",56
1069,1068,10691,diag_1,"736(1), 311(1), 117(1), 428(2), 414(2), 516(1), 577(1), 722(1), 733(1), 780(1), 786(1), #####(3), 435(1), 427(3), 486(2), 434(3), 411(1), 724(1), 574(1), 433(1), 824(1), 823(1), 530(1), 250.02(1), 789(1), 276(1), 599(1), 410(1), 491(2), 584(1), 8(3), 518(1), 458(1), 710(1), 820(2), 250.8(1), 493(1), 557(1), 440(1), 331(1), 38(1), 250.13(1), 421(1)",56
1069,1068,10692,diag_2,"397(1), 250(4), 486(1), 437(1), 411(1), 413(1), 424(1), 428(2), 574(1), 276(6), 571(1), 496(3), 401(4), 427(1), 425(1), 433(1), 493(1), 599(3), #####(3), 578(1), 491(1), 414(1), 197(1), 434(1), 285(1), E932(1), 789(1), 466(1), 518(2), 562(1), 585(1), 435(1), 557(1), 584(3), 348(1)",56
1070,1069,10701,diag_1,"423(1), 414(3), 276(2), 250.6(2), 820(2), 435(1), 786(1), 434(2), 284(1), 577(1), 428(2), 707(1), 824(1), 427(2), 780(1), 453(1), 440(1), 531(1), 486(2), 557(1), 592(2), 458(1), 682(2), #####(2), 511(1), 493(1), 584(1), 250(2), 8(1), 518(4), 250.8(1), 282(1), 491(3), 112(1), 238(1), 327(1), 38(1), 996(1)",56
1070,1069,10702,diag_2,"250.01(1), 411(2), 403(3), 250.6(2), 250.02(2), 780(2), 996(1), 250(7), 427(4), 428(1), 276(3), 425(2), 682(2), 535(1), 599(5), 578(1), 491(2), 707(1), 729(1), 272(2), 530(1), 332(1), 357(1), 250.92(1), 486(2), 585(3), 342(1), 518(1)",56
1071,1070,10711,diag_1,"174(1), 296(2), 714(1), 997(1), 428(2), 486(6), 414(4), 398(1), 410(4), 558(1), 415(1), 182(1), 710(1), 276(1), 250.8(1), 540(1), 730(1), 427(1), 493(1), 585(1), 996(3), 285(1), V57(2), 491(3), 515(1), 812(1), 562(1), 453(1), 250.92(1), 158(1), 250.82(1), 38(1), 715(1), 403(1), 438(1), 599(1), 202(1), #####(1)",56
1071,1070,10712,diag_2,"610(1), 250.01(1), 276(4), 403(4), 411(2), 203(1), 496(2), 428(2), 427(3), 996(1), 571(1), 780(2), 401(1), 305(2), 590(1), 425(1), 731(1), 413(1), 682(1), #####(2), 250.02(1), 444(1), 491(1), V43(1), 414(1), 719(1), 786(2), 781(1), 518(1), 507(2), 453(1), 707(1), 285(1), 486(1), 585(1), 438(2), 458(1), 584(2)",56
1072,1071,10721,diag_1,"738(1), 553(1), V57(3), 722(1), 785(1), 250.1(1), 997(1), 786(2), 532(1), 401(1), 577(1), 410(2), 428(1), 555(1), 348(2), 486(1), 238(2), 599(2), 820(1), 440(2), 295(1), 824(1), 790(1), 584(3), 560(2), 182(1), 998(1), 562(1), 715(1), 251(1), 592(1), 578(1), 491(1), 507(1), 707(1), 250.8(1), 716(1), 435(1), 276(1), 493(1), 404(1), 220(1), 414(2), 781(1)",56
1072,1071,10722,diag_2,"403(2), 496(2), 250.6(1), 250.01(1), 276(3), 427(3), 280(1), 428(2), 250.02(2), 300(1), 560(2), 425(1), 493(1), 250.4(1), 780(1), 682(1), V54(1), 311(1), 287(1), #####(2), 707(1), 788(1), 599(3), 250(3), 585(2), 799(2), 591(1), 414(1), 785(1), 733(1), 578(1), 112(1), 577(1), 225(1), 290(1), 482(1), 584(1), 746(1), 348(1), V85(1)",56
1073,1072,10731,diag_1,"250.4(1), 266(1), 414(4), 278(1), 428(2), 410(4), 577(2), 530(1), 295(1), 780(2), 574(2), 435(1), 996(2), 535(1), #####(3), 511(1), 786(2), 415(1), 386(1), 782(1), 558(1), 427(1), 599(2), 682(3), 437(1), 560(1), 518(1), 250.13(1), 584(1), 162(1), 466(1), 250.12(1), 401(1), 493(1), 654(1), 715(1), 578(1), 486(1), 338(1)",56
1073,1072,10732,diag_2,"583(1), 357(1), 411(2), 250(4), 404(1), 413(1), 780(3), 574(2), 303(1), 496(2), 427(5), 996(1), 276(5), 38(1), 428(1), 425(1), 682(1), 250.02(3), 414(3), 707(1), 599(2), 287(1), 401(2), 204(1), 785(1), 41(1), 787(1), 648(1), 285(2), 486(1), 416(1), 584(1), 152(1)",56
1074,1073,10741,diag_1,"250.11(1), 428(2), 402(1), 533(1), 250.7(1), 535(1), 38(2), 599(1), 996(1), 53(1), 997(1), 410(4), #####(1), 780(2), 153(1), 458(1), 682(1), 250(2), 486(2), 789(1), 482(1), 969(1), 493(2), 512(1), 600(1), 824(1), 733(1), 805(2), 578(1), 447(1), 414(1), 443(1), 8(2), 715(3), 250.8(1), 560(1), 491(1), 427(1), 296(1), 250.82(1), 562(1), 719(1), 182(1)",56
1074,1073,10742,diag_2,"276(2), 403(2), 197(1), 280(1), 440(1), 250.6(2), 600(1), 496(3), 427(7), 250.02(2), 157(1), 428(1), 780(1), 162(1), 305(2), 493(1), 599(2), 491(1), 250(2), 682(2), 250.82(1), 850(1), 401(1), 444(1), 414(1), 453(1), 997(1), 707(2), 789(1), 412(1), 345(1), 786(1), 301(1), 285(1), 518(1), 805(1), 250.2(1), 556(1), 262(1)",56
1075,1074,10751,diag_1,"724(1), 278(1), 428(2), 414(5), 786(5), 398(1), 410(3), 593(1), 185(1), 996(2), 780(2), 682(2), 435(1), 250.1(1), 824(1), 715(3), 574(1), 415(2), 250.02(1), 997(2), 198(1), 562(1), 434(1), #####(2), 250.7(1), 280(1), 433(1), 441(1), 285(1), 250.8(1), 584(1), 518(1), 560(2), 808(1), 403(1), 491(1)",56
1075,1074,10752,diag_2,"E849(1), 250.5(1), 403(1), 411(3), 70(1), 394(1), 250(5), 305(1), 428(2), 427(1), 571(1), 401(3), 250.6(1), 276(2), 577(1), #####(2), 788(1), 496(1), 493(2), 414(1), 560(1), 599(1), V45(1), 196(1), 567(1), 784(1), 530(1), 789(1), 785(1), 287(1), 285(1), 786(1), 415(1), 491(1), 799(1), 250.8(1), 518(1), 486(2), 805(1), 585(4)",56
1076,1075,10761,diag_1,"309(1), 970(1), 851(1), 682(2), 250.11(1), 414(4), 291(1), 786(4), 435(2), 721(1), 486(1), 410(5), 404(1), 562(1), 280(1), 507(1), 296(1), 433(1), 424(1), 428(2), 722(1), 415(1), 780(1), 416(1), 825(1), 276(1), 218(1), 78(1), 715(1), 38(2), 427(1), 8(1), 491(2), 331(1), 443(1), 599(1), 557(1), 996(1), 434(1), 458(1), 453(1)",56
1076,1075,10762,diag_2,"250.51(1), 305(2), 496(4), 250.03(1), 276(2), 411(1), 571(1), 413(1), 428(2), 780(1), #####(2), 280(1), 70(1), 403(1), 427(2), 250(2), 295(1), 722(1), 453(1), 401(4), 250.02(1), 599(2), 414(2), 491(1), 434(1), 518(2), 682(1), 162(1), 294(1), 724(1), 564(1), 250.13(1), 285(1), 332(1), 995(1), 585(2), 342(1), 584(2), V85(1)",56
1077,1076,10771,diag_1,"434(1), 560(1), 786(1), 250.8(3), 996(3), 440(2), 53(1), 276(4), 416(1), 820(1), 428(2), 724(3), 578(1), 552(1), 250.02(2), 682(1), 558(1), 511(1), 433(1), 410(2), 486(3), 401(1), 427(2), 780(1), 250.13(1), 491(2), 784(1), 998(1), 413(1), V57(1), #####(1), 575(1), 465(1), 789(2), 518(1), 642(1), 38(1), 557(1)",56
1077,1076,10772,diag_2,"437(1), 492(1), 496(6), 403(1), 424(1), 276(6), 428(2), 305(1), 920(1), 425(2), 427(5), 250.4(1), 250(2), 593(1), 162(2), 682(1), 784(1), 707(1), 560(1), 786(1), 599(2), 401(1), 785(1), 311(1), V43(1), 799(1), 285(1), V64(1), 567(1), 491(1), 154(1), 648(1), 486(2), 9(1), 562(1), 458(1)",56
1078,1077,10781,diag_1,"665(1), 414(5), 435(1), 410(2), 577(3), 571(1), 428(2), 295(1), 707(1), 434(2), 584(1), 276(2), 250.1(1), 722(1), 996(1), 427(3), 518(1), 560(1), 569(1), 998(2), 682(2), 962(1), 530(1), #####(1), 162(1), 38(1), 250.7(1), 820(2), 280(1), 250.8(1), 599(2), 808(1), 453(1), 578(1), 780(1), 491(1), 458(1), 401(1), 287(1), 807(1)",56
1078,1077,10782,diag_2,"648(1), 411(2), V10(1), V45(1), 424(1), 574(1), 303(1), 496(2), 305(1), 428(1), V42(1), 403(2), 573(1), 250.02(1), 433(1), 276(2), 272(1), 599(1), 38(1), 397(1), 427(3), 402(1), 998(1), 491(1), 996(1), 560(1), 410(2), 532(1), 401(1), 8(1), 785(1), 707(2), 266(1), 41(1), 285(4), 250(1), 250.12(1), 585(2), 486(1), 537(1), 584(2), 812(1), 356(1)",56
1079,1078,10791,diag_1,"436(1), 410(2), 404(1), 428(2), 531(1), 414(3), 569(1), 786(2), 711(1), 574(1), 447(1), 507(2), 427(4), 682(5), 560(1), 707(1), 174(1), 780(1), 601(1), 280(1), 415(1), 38(2), 571(1), 715(3), 733(2), V58(1), V57(1), 618(1), 812(1), 8(1), 276(1), 575(1), 584(1), 486(1), 820(1), 540(1), 348(1), 250.13(1), 487(1)",56
1079,1078,10792,diag_2,"351(1), 693(1), 396(1), 403(2), 413(1), 280(1), 250(5), 276(6), 574(1), 440(1), 401(4), 496(1), 428(2), 162(1), 998(1), 682(2), 493(1), 411(1), #####(1), 427(2), 789(1), 491(1), 202(3), V43(1), 707(1), 785(1), 733(1), 560(1), 250.8(1), 272(1), E885(1), 552(1), 255(1), 253(1), 584(3), V85(1)",56
1080,1079,10801,diag_1,"276(2), 250.41(1), 361(1), 196(1), 250.11(1), 996(1), 402(1), 786(1), 997(1), 433(1), 572(1), 295(1), 707(1), 530(1), 410(3), 358(1), 682(1), 428(2), 435(2), 780(2), 434(3), 79(1), 820(1), 493(1), 592(1), 562(1), 486(2), 427(3), 577(1), #####(1), 182(1), 250.8(2), 584(1), 491(1), 289(1), 156(1), 617(1), 812(1), 823(1), 250.22(1), 158(1), 466(1), 541(1), V57(1)",56
1080,1079,10802,diag_2,"911(1), 403(2), 362(1), 197(1), 276(4), 428(2), 496(1), V45(1), 413(1), 571(1), 244(1), #####(2), 427(2), 250.02(3), 518(1), 250.6(1), 425(1), 401(5), 250(3), 491(1), 198(1), 304(1), 414(4), 707(1), 345(1), 576(1), 626(1), 729(1), 285(1), E888(1), 293(1), 789(1), 530(1), 342(1), 783(1), 438(2), 348(1)",56
1081,1080,10811,diag_1,"282(1), 789(1), 486(2), 211(1), 608(1), V57(1), 276(2), 250.6(3), 303(1), 414(2), 250.7(1), 425(1), 428(2), 410(1), 435(1), #####(3), 434(1), 427(1), 648(2), 812(1), 780(2), 820(1), 157(1), 560(1), 786(2), 599(1), 600(1), 531(1), 285(1), 250.13(1), 584(3), 715(2), 493(1), 38(2), 592(1), 197(1), 998(1), 491(1), 250.8(1), 490(1), 487(1)",56
1081,1080,10812,diag_2,"250.01(3), V63(1), 603(1), 715(1), 403(2), 496(2), 411(3), 440(1), 427(6), 413(1), 428(1), 276(4), 250.02(4), 250(4), 197(1), 414(1), 162(1), 530(1), V45(1), 250.82(1), 401(1), 782(1), 707(1), 599(3), 511(1), 591(1), 799(1), 577(1), E878(1), 518(2), 730(1), 584(1), 822(1)",56
1082,1081,10821,diag_1,"414(4), 780(1), 786(2), 458(2), 428(2), 577(2), V57(1), 507(1), 996(2), 511(2), 733(1), 790(1), 276(2), 682(1), 599(3), 519(1), 292(1), 998(1), #####(3), 174(1), 427(1), 290(1), 715(2), 250.7(1), 532(1), 250.6(1), 411(1), 491(2), 866(1), 518(2), 820(1), 567(1), 789(1), 443(1), 562(1), 432(1), 348(1), 250.12(1), 295(1)",56
1082,1081,10822,diag_2,"411(2), 403(2), 780(3), 413(1), 427(6), 250.02(3), 153(1), 998(1), 424(1), 276(4), E947(1), 682(1), 250(1), 560(1), 599(1), 196(1), 410(1), 301(1), 401(2), 785(2), 707(2), 414(1), 402(1), 507(1), 491(1), 285(1), 518(1), 511(1), 787(1), 441(1), 112(1), 585(3), 486(2), 584(2), V62(1)",56
1083,1082,10831,diag_1,"610(1), 674(1), 250.11(1), 293(1), 530(1), 434(2), 414(2), 250.1(1), 722(1), 428(2), 577(1), #####(3), 295(2), 435(2), 426(1), 562(1), 965(1), 276(1), 427(2), 453(1), 153(1), 599(2), 250.13(2), 486(3), 285(1), 996(1), 8(2), 998(2), 491(2), 575(1), 225(1), 682(1), 250.12(1), 540(1), 250.8(1), 410(1), V57(1), 558(1), 280(1), 296(1), 493(1)",56
1083,1082,10832,diag_2,"428(2), 276(7), #####(4), 403(2), 411(2), 738(1), 496(1), 305(3), 250.02(2), 427(5), 250(1), 401(2), 680(1), 578(1), 153(1), 196(1), 491(1), 707(2), 250.6(1), 682(1), 560(1), 799(1), 599(1), 415(1), 345(1), 518(3), 486(1), 438(1), 584(2), 281(1), 238(1), 117(1)",56
1084,1083,10841,diag_1,"250.41(1), 344(1), 648(1), 277(1), 440(1), 435(2), 423(1), 402(1), 250.83(1), 428(2), 414(3), 530(1), 786(1), 386(1), 562(1), 453(1), 780(1), 434(2), 996(2), 486(1), 537(1), 332(1), 595(1), 558(1), 280(1), V57(1), 590(1), #####(3), 250.7(2), 784(1), 491(1), 584(2), 715(1), 250.12(1), 38(2), 285(1), 532(1), 443(1), 781(1), 410(1), 599(2), 997(1), 475(1), 790(1)",56
1084,1083,10842,diag_2,"583(1), 599(5), 250.01(1), 427(5), 403(1), 421(1), 250.02(1), 428(2), 682(1), 710(1), 413(1), 496(3), 276(4), 280(2), 780(1), #####(3), 38(1), 493(1), 401(2), 788(1), V54(1), 707(1), 491(1), 410(1), 250(1), 285(2), 250.82(1), 997(1), 728(1), 332(1), 486(2), 518(1), 585(2), 564(1), 458(1)",56
1085,1084,10851,diag_1,"999(1), 414(5), 648(1), 294(1), 786(3), 531(2), 577(1), 410(2), 996(1), 530(1), 295(1), 428(2), 427(6), 578(1), 562(1), #####(2), 296(1), 250(1), 537(1), 459(1), 287(1), 348(1), 8(2), 433(1), 274(1), 780(1), 284(1), 250.6(2), 250.8(1), 802(1), 560(1), 646(1), 250.22(1), 280(1), 825(1), 491(1), 193(1), 529(1), 38(1)",56
1085,1084,10852,diag_2,"E905(1), 411(2), 250.83(1), 428(2), 413(2), 250.6(1), #####(3), 590(1), 427(4), 250(2), 305(1), 276(4), 424(1), 280(1), 780(1), V45(1), 599(4), 300(1), 530(1), 414(1), 401(1), 272(2), 682(2), 535(1), 707(1), 357(1), 785(1), 802(1), 558(1), 705(1), 923(1), 562(1), 486(2), 585(1), E885(1), 584(2), 443(1)",56
1086,1085,10861,diag_1,"706(1), 433(1), 250.4(1), 410(2), 786(3), 414(1), 250.7(1), 577(2), 434(3), 428(2), 276(1), 721(1), 996(1), 401(1), 191(1), 560(1), 820(1), 250.8(1), 562(1), 486(1), #####(2), 715(5), 296(1), 197(1), 535(1), 824(1), 730(1), 250.13(2), 250.1(1), 427(1), 250.12(1), 250.6(1), 790(1), 280(1), 958(1), 789(1), 453(1), 618(1), 250.82(1), 413(1), 288(1), 38(1), 491(1)",56
1086,1085,10862,diag_2,"428(2), 250.01(1), V45(1), 403(1), 250.5(1), 214(1), 411(1), 440(1), 574(1), 496(2), 276(5), 427(2), 425(3), E936(1), 250.02(1), 250(2), 386(1), 599(1), 491(2), 295(1), 153(1), 530(1), 426(1), 41(1), 414(2), 486(2), 401(1), 997(1), #####(1), 707(2), 198(1), 578(1), E884(1), 577(1), 535(1), 782(1), 591(1), 285(1), 272(1), 202(1), 995(1), 342(1)",56
1087,1086,10871,diag_1,"414(4), 780(2), 250.11(1), 434(1), 276(1), 715(4), 428(2), 786(2), 535(1), 410(2), 486(1), 348(1), #####(5), 250.6(2), 188(1), 433(2), 578(1), 959(1), 239(1), 287(1), 730(1), V56(1), 427(2), 998(1), 733(1), 584(2), 514(1), 493(1), 682(2), 491(1), 813(1), 285(1), 511(1), 820(1), 431(1), 575(1), 558(1)",56
1087,1086,10872,diag_2,"250.01(1), E942(1), 276(6), 403(3), 411(1), 718(1), 496(1), 250.6(1), 427(2), 305(1), 428(2), #####(5), 250.02(2), 574(1), 788(1), 250(2), 571(1), 203(1), 682(2), 518(1), 278(1), 38(1), 599(1), 511(1), 410(1), 250.82(1), 414(1), 707(1), 787(1), 794(1), 162(1), 285(1), 786(1), 486(1), E885(1), 585(3), 342(1), 584(1)",56
1088,1087,10881,diag_1,"342(1), 558(1), 486(3), 786(3), 550(1), 428(2), 276(1), 414(5), 851(1), 410(2), 233(1), 250.2(1), 174(1), 722(1), 584(1), 996(2), 571(1), 225(1), 440(1), 599(3), 576(1), 432(1), 562(1), 434(1), 218(1), 482(1), 805(1), 578(1), 38(4), 280(1), 459(1), 592(1), 426(1), 626(1), 729(1), 250.12(1), 288(1), 435(1), 453(1), 585(1)",56
1088,1087,10882,diag_2,"781(2), 436(1), 420(1), 282(1), 403(3), E944(1), 411(1), 276(4), 424(1), 998(2), 726(1), 428(2), 427(2), 401(3), 425(1), 38(2), 599(3), 250(2), 197(1), 682(2), 174(1), 414(2), 426(1), 491(1), 211(1), 591(1), 412(1), 805(1), 618(1), 799(1), 112(1), 535(1), 250.13(1), 728(1), 486(1), 293(1), 438(1), 716(1), 348(1)",56
1089,1088,10891,diag_1,"250.03(1), 250.11(2), 414(4), 431(1), 786(1), 428(2), 722(1), 729(2), 410(3), 434(2), 997(1), 715(4), 511(1), 486(3), 648(1), #####(1), 415(1), 945(1), 493(2), 38(2), 276(2), 250.7(1), 599(2), 584(1), 427(1), 459(1), 239(1), 781(1), 280(1), 296(1), 250.42(1), 790(1), 424(1), 491(1), 162(1), 273(1), 8(1), 719(1)",56
1089,1088,10892,diag_2,"276(7), 411(1), 780(2), 413(1), 428(2), 424(1), 250(4), 787(1), #####(3), 427(3), 453(1), 997(1), 250.4(1), 493(1), 781(1), 250.02(1), 401(2), 496(1), 682(1), 331(1), 707(1), 590(1), 491(1), 724(1), 414(3), 599(3), 301(1), 567(1), 278(1), 285(1), 486(1), 571(1), 290(1), 438(1), 584(1), 338(1)",56
1090,1089,10901,diag_1,"298(1), 998(1), 250.7(2), 428(2), 414(2), 574(2), 822(1), 786(2), 348(1), 577(1), 572(1), 620(1), 996(1), V54(1), #####(3), 402(1), 410(2), 507(1), 453(1), 276(1), 681(1), 596(1), 780(1), 682(2), 250.6(2), 440(1), 427(1), 435(1), 486(1), 599(1), 295(1), 250.82(1), 527(1), 584(1), 491(3), 518(1), 41(1), 182(1), 590(1), 8(1), 715(1), 578(1), 434(1), 431(1)",56
1090,1089,10902,diag_2,"780(2), 250.01(1), 403(2), 411(2), 340(2), 413(1), 496(2), 571(2), 997(1), 424(1), V43(1), 280(1), 162(1), 788(1), 427(3), V42(1), 295(1), 401(1), 250.6(1), 595(1), 276(3), 250.02(1), 444(1), 428(2), 707(2), 599(2), 414(3), 491(1), 466(1), 682(1), 786(3), 536(1), 614(1), 511(1), 285(1), 112(1), 342(1), 518(1), 348(1)",56
1091,1090,10911,diag_1,"185(1), 250.22(1), 730(1), 996(2), 414(6), V57(1), 434(2), 577(1), 435(2), 211(1), 486(2), 428(2), 402(1), 250.8(2), 786(1), 560(2), 331(2), 189(1), 998(1), 455(1), 276(1), 682(1), 188(1), 530(1), 532(1), 491(1), 584(1), #####(3), 715(1), 38(1), 728(1), 557(1), 518(1), 493(1), 578(1), 997(1), 424(1), 867(1), 820(1), 571(1), 808(1)",56
1091,1090,10912,diag_2,"V63(1), V10(1), 403(2), 411(1), 397(1), V49(1), 250.4(1), V45(1), 413(1), 428(2), 250(3), 996(1), #####(2), 427(1), 531(1), 414(1), 496(1), 599(4), 276(3), 998(1), 722(1), 426(1), 250.92(1), 286(2), 278(1), 784(1), 530(1), 535(1), 511(1), 401(1), 682(1), 294(1), 805(1), 491(1), 250.13(1), 466(1), 285(1), E878(1), 486(1), 585(1), 584(2), 820(1), 730(1), V85(1)",56
1092,1091,10921,diag_1,"414(5), 458(2), 250.7(2), 428(2), 438(1), 996(3), 424(1), 823(1), 536(1), 560(1), 410(2), 786(1), 434(2), 578(1), 174(1), 427(2), 574(1), 780(1), 486(4), 724(1), 789(1), 600(1), 997(1), 250.6(1), 250.13(1), 296(1), 812(2), 575(1), 276(1), 274(1), 482(1), 567(1), 787(1), 550(1), 958(1), 212(1), 577(1), 715(1), 599(1), 253(1)",56
1092,1091,10922,diag_2,"411(2), 403(2), 440(2), 424(1), 413(1), 276(1), 397(1), 428(2), 157(1), 496(2), 250.02(3), 401(2), 305(2), 280(1), 427(2), 250(2), 996(1), #####(3), 788(1), 599(1), 707(1), 434(1), 287(1), 204(1), 491(2), V12(1), 250.4(1), 196(1), 590(1), 569(1), 414(1), 585(4), 272(1), 577(1), 728(1), 202(1), 486(1), 250.8(1), 584(1)",56
1093,1092,10931,diag_1,"250.4(1), 410(3), 493(1), 723(1), 786(3), 202(1), 198(1), 584(2), 486(1), 577(1), 276(1), 386(1), 428(2), 415(1), 996(2), 576(1), 444(1), 434(1), 481(1), 296(1), 157(1), 585(1), 250.02(1), 599(1), #####(2), 562(1), 560(2), 820(1), 780(3), 285(1), 998(1), 552(1), 250.6(1), 8(1), 458(1), 532(1), 441(1), 491(1), 682(1), 518(1), 250.13(1), 403(1), 427(1), 574(1), 79(1)",56
1093,1092,10932,diag_2,"403(3), 250.01(1), 250.6(1), 496(3), 427(2), 197(1), 428(2), 493(1), 250(3), #####(2), 599(5), 276(4), 453(1), 38(1), 303(1), 250.02(2), 425(2), 300(1), 198(1), 491(2), 401(1), 560(1), 410(2), V43(1), 707(1), 786(1), 285(1), 682(1), 53(1), 570(1), V58(1), 585(2), 584(2), V85(1)",56
1094,1093,10941,diag_1,"250.6(1), 310(1), 250.11(1), 423(1), 414(8), 453(1), 786(3), 626(1), 658(1), V57(1), 433(1), 812(1), 496(1), 574(1), 507(1), 659(1), 560(1), 434(1), V58(1), 250.8(3), 820(1), 530(1), 562(1), 596(1), 682(1), 276(1), 578(2), 618(1), 584(1), 427(3), 250.7(1), 599(1), 592(1), 998(1), 250.82(1), 571(1), 250(1), 572(1), 428(1), 996(1), 715(1), 491(1)",56
1094,1093,10942,diag_2,"378(1), 276(4), 197(1), 411(2), 403(1), V45(3), 250.01(1), 424(1), V23(1), 413(1), 427(3), 715(1), 425(2), 780(1), 996(1), 401(4), 654(1), 428(2), 205(1), 404(1), 250(1), 250.02(1), #####(2), 414(2), 998(1), 786(1), 785(1), 591(1), 535(1), 263(1), 707(2), 426(1), 456(1), V58(1), 518(1), 486(1), 585(3), 579(1)",56
1095,1094,10951,diag_1,"V57(1), 414(3), 428(2), 535(1), 807(1), 574(1), 410(2), 440(1), 780(3), 584(2), 401(1), 486(2), 552(2), 682(2), 565(1), 453(1), 250.01(1), 518(3), #####(3), 250.13(1), 786(1), 250.12(2), 715(1), 250.6(2), 599(2), 562(1), 556(1), 250.82(1), 433(1), 276(1), 348(1), 426(1), 434(1), 493(1), 198(1), 998(1), 997(1), 491(1), 250.8(1)",56
1095,1094,10952,diag_2,"V45(1), 411(2), 250.42(2), 496(2), 424(1), 573(1), 428(2), #####(1), 780(1), 250.02(2), 493(2), 295(1), 276(2), 578(1), 250(2), 304(1), 396(1), 599(2), 305(1), 433(1), 414(4), 491(1), 515(1), 303(1), 998(1), 682(2), 41(1), 443(1), 401(1), 728(1), 558(1), 536(1), 112(1), 294(1), 416(1), 342(1), 486(2), 585(2), 730(2), 584(1)",56
1096,1095,10961,diag_1,"241(1), 250.6(2), 820(1), 414(1), 572(1), 368(1), 531(1), 440(3), 535(1), 486(3), 429(1), 715(4), 410(1), 996(2), 153(1), 729(1), 428(2), 574(2), 435(2), 276(1), 530(1), 733(1), 250(1), 540(1), 427(1), 458(1), 426(1), 584(1), 599(1), 562(2), 491(1), 518(1), 38(1), 453(1), 193(1), 590(1), 434(1), 977(1), #####(1), 162(1), 8(1), 812(1), 250.13(1)",56
1096,1095,10962,diag_2,"403(4), 411(1), 571(1), 784(1), 424(1), 496(3), 780(2), 511(2), 428(2), 413(1), 197(1), 205(1), 427(1), 276(3), #####(6), 250.02(2), 198(1), 305(1), 250(2), 599(3), 491(1), 583(1), 263(1), 414(3), V43(1), 278(1), 41(1), 518(1), 285(1), 486(1), 510(1), 585(1), 255(1), 584(1), 296(1)",56
1097,1096,10971,diag_1,"250.41(1), 250.11(1), 410(2), 414(1), 786(2), 428(2), 486(4), 693(1), 560(2), 411(1), V58(1), 569(1), 331(1), 197(1), 511(1), 153(1), 435(2), 820(1), 453(1), 996(1), 296(2), 434(1), 574(1), 715(2), 599(1), 413(1), 250.82(2), 250.8(2), 805(1), 584(2), 398(1), 491(1), 552(1), 531(1), 575(1), 280(1), 8(1), 824(1), 238(1), 835(1), 958(1), 518(1), 825(1)",56
1097,1096,10972,diag_2,"403(1), 276(4), 250.5(1), 411(1), 496(3), 424(1), 280(1), 287(2), 428(2), V49(1), 780(1), 157(1), 427(3), 198(1), 250(5), 250.02(2), 38(1), 305(2), 788(1), 599(2), 571(1), 491(1), #####(1), 401(2), 285(3), 707(1), 578(1), 490(1), 785(1), 473(1), 850(1), 585(2), 823(1), 486(1), 813(1), 296(1)",56
1098,1097,10981,diag_1,"916(1), 410(3), 721(1), 722(1), 428(2), V57(2), 276(2), 414(5), 250.1(1), 996(1), 531(1), #####(3), 486(2), 569(1), 516(1), 435(1), 578(1), 250.6(1), 682(1), 296(1), 997(1), 481(1), 807(1), 162(1), 574(1), 198(1), 786(1), 611(1), 482(1), 8(1), 518(2), 157(1), 38(3), 577(1), 756(1), 820(1), 920(1), 491(2), 787(1), 295(1)",56
1098,1097,10982,diag_2,"682(2), 250.01(2), 711(1), 403(1), V45(1), 282(1), 411(3), 276(1), 496(1), 424(1), 413(1), 250.6(1), 780(1), 574(1), 428(2), 493(2), 427(4), 280(1), 303(1), 434(1), 244(1), 401(1), 425(1), 250.02(3), 578(1), 599(2), 198(1), 997(1), 278(1), 491(2), 286(1), 560(1), 707(1), 577(2), 250(1), 285(1), 995(1), E884(1), 466(1), 486(1), 584(1), V62(1)",56
1099,1098,10991,diag_1,"54(1), 435(1), 428(2), 414(4), #####(7), 250.22(1), 410(1), 723(1), 786(1), 401(2), 780(1), 331(1), 564(1), 493(1), 276(3), 250.8(1), 562(2), 507(1), 427(1), 996(2), 218(1), 486(1), 434(1), 584(1), 8(2), 599(2), 250.12(1), 575(1), 715(1), 682(2), 515(1), 820(2), 250.6(1), 440(1), 824(1), 560(1), 346(1)",56
1099,1098,10992,diag_2,"250(2), 403(2), 411(2), 424(2), V45(1), 280(1), 38(1), 428(2), E880(1), 276(4), 427(3), 425(1), 401(3), 295(1), 305(1), 153(1), 682(2), 599(2), 250.02(2), 595(1), 491(1), #####(1), 250.6(1), 571(1), 707(1), 272(1), 785(1), 414(1), 577(1), 518(2), 486(1), E885(1), 458(1), 585(2), 465(1), 745(1), 438(1), 584(1), V85(1)",56
1100,1099,11001,diag_1,"799(1), 414(5), 250.42(1), 786(4), 428(2), 410(3), 924(1), 153(1), 996(2), 415(1), 426(1), 780(4), 682(1), 482(1), 300(1), 558(1), 584(2), 251(1), 427(1), #####(2), 276(1), 491(1), 250.12(1), 434(2), 715(3), 250.02(1), 250.7(1), 250.8(2), 250.6(2), 47(1), 444(1), 154(1), 518(1), 296(1), 486(1)",56
1100,1099,11002,diag_2,"403(1), 411(2), 440(1), 305(1), 496(1), 250.02(2), 427(4), 428(2), 250(3), #####(2), 276(2), 997(1), 493(2), 453(1), 401(2), 331(2), 780(3), 599(4), 413(1), 491(1), E888(1), 511(1), 414(2), 785(1), 682(1), 707(2), 536(1), 285(2), 443(1), 112(1), 342(1), 289(1), 486(1), 584(2)",56
1101,1100,11011,diag_1,"733(1), 276(2), 434(2), 414(5), 507(1), 627(1), 425(1), 428(2), 486(2), 786(3), 296(1), 218(1), 174(1), 577(1), #####(2), 820(1), 560(1), 578(1), 536(1), 250.8(1), 558(1), 453(1), 427(2), 411(1), 996(1), 531(1), 724(2), 780(1), 250.6(1), 715(1), 38(2), 518(2), 682(2), 584(1), 788(1), 574(1), 250.02(2), 426(1), 491(1)",56
1101,1100,11012,diag_2,"250.01(1), 250.03(1), 403(1), 411(2), 340(1), 622(1), 424(2), 203(1), V45(1), 496(2), 250.02(1), 413(1), 309(1), 620(1), 276(4), 788(1), 428(2), 427(2), 250(3), 710(1), 401(3), 566(1), #####(1), 682(3), 786(1), 535(1), 599(2), 425(1), 38(1), 493(1), 41(1), 785(1), 410(1), 560(1), 486(1), 435(1), 730(1), 584(1), 487(1), 337(1), 260(1)",56
1102,1101,11021,diag_1,"552(1), 276(1), 414(1), 410(4), 250.8(1), 428(2), 530(1), 486(2), 998(1), 780(2), 435(2), 786(2), 305(1), 434(1), 577(1), 558(1), #####(4), 599(1), 250.02(1), 491(3), 250.13(2), 584(2), 715(3), 682(3), 789(1), 411(1), 590(1), 346(1), 518(1), 331(1), 281(1), 250.82(1), 996(1), 730(1), 592(1), 420(1), 280(1)",56
1102,1101,11022,diag_2,"279(1), 403(2), 411(1), 424(1), 496(3), 596(1), 428(2), 280(1), 427(5), 250(5), 250.02(2), 276(4), 425(2), 599(2), 491(2), 707(1), 278(1), 414(1), 410(1), 401(1), 799(1), 162(1), 294(1), #####(1), 681(1), 250.8(2), 112(1), 486(1), 530(1), 585(2), 518(1), 584(2), 456(1), 349(1)",56
1103,1102,11031,diag_1,"873(1), 174(1), 402(1), 414(5), 250.1(1), 786(2), 574(1), 291(1), V58(1), 428(2), 482(1), 434(2), 440(1), 493(1), 331(1), #####(4), 820(1), 682(1), 787(1), 151(1), 38(1), 784(3), 427(4), 518(3), 600(1), 250.82(1), 250.7(1), 466(1), 250.8(2), 599(2), 577(1), 415(1), 715(1), 790(1), 250.6(1), 458(1), 349(1)",56
1103,1102,11032,diag_2,"E849(1), 233(1), 496(3), 411(2), 276(5), V10(1), 427(5), 996(1), 250.02(3), 424(1), 250(1), 401(1), 599(4), 278(1), 781(3), 535(1), 493(1), 410(1), 780(1), 511(1), 731(1), 428(2), 785(1), 707(1), 272(1), 799(1), 285(1), 202(1), 250.12(1), 154(1), 255(1), 585(3), 486(1), 584(1), 293(1)",56
1104,1103,11041,diag_1,"250.83(1), 996(2), 434(1), 414(2), 410(5), 574(1), 440(2), 786(1), 428(2), 530(1), 578(1), 486(2), 70(2), #####(3), 275(1), V57(2), 250.02(1), 780(2), 715(2), 296(1), 584(1), 453(1), 560(1), 599(1), 491(3), 38(2), 445(1), 535(1), 8(1), 642(1), 284(1), 442(1), 493(1), 415(1), 562(1), 716(1), 404(1), 345(1)",56
1104,1103,11042,diag_2,"780(1), 403(2), 411(2), 496(1), 571(1), 428(2), 250(3), 427(4), 250.02(2), 280(1), 276(2), #####(3), 997(1), 425(2), 401(1), 203(1), V54(1), 250.92(1), 493(1), 682(1), 599(3), 414(2), 785(1), E935(1), 272(1), 285(3), 648(1), 799(1), 518(1), 562(1), 41(1), 486(1), 584(1), 585(1), 344(1), 438(2), 327(1)",56
1105,1104,11051,diag_1,"180(1), 402(1), 996(1), 728(1), 786(3), 414(2), 250.1(1), 410(3), 486(3), 569(1), 535(1), 198(1), 296(1), 530(1), 433(2), 435(1), 276(1), 415(1), 574(1), 780(1), 682(2), 648(1), 558(2), 441(1), 533(1), 427(2), 715(1), 428(2), 681(1), 250.12(2), 805(1), 577(1), 250.8(1), 425(1), 250.6(1), 202(1), 576(1), 426(1), 250.82(1), 578(1), 998(1), 584(1), 491(1)",56
1105,1104,11052,diag_2,"196(1), 411(2), 403(1), 250.01(1), 396(1), 426(1), 780(1), 496(3), 280(1), 428(2), 70(1), 250.6(1), 427(2), 250(3), 401(2), 840(1), 250.02(1), 998(1), 453(1), V42(1), 305(2), #####(3), 276(2), 285(1), 491(1), 244(1), 410(1), 250.82(1), 263(1), 599(1), 414(2), 291(1), 682(1), 357(1), 511(1), 576(1), 412(1), 402(1), 707(1), 805(1), E878(1), 486(2)",56
1106,1105,11061,diag_1,"861(1), 250.4(1), 440(1), 311(1), 414(2), 428(2), 185(1), 290(1), 421(1), 507(1), 493(2), 250.6(1), 780(1), #####(5), 486(2), 996(2), 410(1), 820(1), 557(1), 401(1), 682(2), 997(1), 558(1), 584(1), 250.8(1), 8(1), 998(2), 250.7(1), 424(1), 415(1), 575(1), 433(1), 411(1), 715(1), 654(1), 197(1), 785(1), 789(1), 722(1), 790(1), 434(1), 578(1), 403(1), 287(1), 441(1)",56
1106,1105,11062,diag_2,"780(2), 403(1), 250.7(1), 303(1), 411(1), 250.42(1), V15(1), 198(1), 427(6), 424(1), 428(2), 492(1), 440(1), 276(5), 250(2), 305(1), 560(1), 401(1), 250.82(1), 410(2), 599(1), 785(1), 414(2), 997(1), 272(1), 41(1), 278(1), 648(1), 789(1), 569(1), 577(1), 486(1), 293(1), 585(7), 572(1), 442(1)",56
1107,1106,11071,diag_1,"414(5), 250.1(1), 250.7(1), 682(3), 428(2), 250.42(1), 486(3), 496(1), 780(1), 401(1), 786(1), 410(3), #####(4), 453(1), 535(1), 574(2), 276(1), 250.02(1), 289(1), 578(1), 303(1), 427(3), 491(4), 584(1), 8(2), 434(1), 592(1), 278(1), 38(1), 250.13(1), 531(1), 300(1), 518(1), 789(1), 824(1)",56
1107,1106,11072,diag_2,"411(1), 276(3), 440(1), 492(1), 496(1), 428(1), 780(1), 413(2), 250(6), 280(1), 427(5), 996(1), 250.6(1), 998(1), 493(1), 425(1), 401(1), 135(1), 8(1), 577(1), 198(1), 410(1), 599(2), 250.02(1), 250.82(1), 790(1), 414(1), 707(1), 784(1), 250.92(1), 591(1), 518(1), 785(1), 530(1), 250.8(1), 486(1), 261(1), 438(1), 584(1), 746(1), 250.21(1), 556(1), V85(1)",56
1108,1107,11081,diag_1,"648(1), 996(4), 486(4), 414(3), 571(1), 458(2), 434(2), 786(3), 780(1), 507(1), 250.7(1), 300(1), 427(2), 721(2), 558(1), 481(1), 154(1), 560(1), 493(1), 426(1), 952(1), 562(2), 453(1), 38(2), 540(1), 715(2), 401(1), 8(1), 280(1), 784(1), 205(1), 293(1), 197(1), 218(1), 403(1), 276(1), 404(1), 263(1), 789(1)",56
1108,1107,11082,diag_2,"250.01(1), 403(3), 411(1), 280(1), 424(3), 250.02(2), 428(2), #####(1), 780(2), 250(4), 493(1), 496(1), 250.6(1), 593(1), 300(1), 295(1), 682(1), 599(2), 998(1), 578(2), 414(2), 287(1), 276(2), 401(2), 434(1), 792(1), 272(1), 410(1), 560(1), 785(1), 585(4), 518(1), 564(1), 626(1), 584(2), 557(1), 759(1)",56
1109,1108,11091,diag_1,"174(1), 682(1), 414(5), 250.11(1), 402(1), 292(1), 428(2), V55(1), 780(3), 535(1), #####(4), 511(1), 789(1), 786(2), 250.5(1), 486(4), 531(1), 188(1), 434(2), 608(1), 726(1), 592(1), 996(2), 153(1), 453(1), 518(1), 427(2), 274(1), 491(2), 715(1), 626(2), 239(1), 250.7(1), 614(1), 507(1), 781(1), 410(1)",56
1109,1108,11092,diag_2,"250.01(2), 403(3), 276(3), 424(2), 714(1), 411(2), 250.83(1), 515(1), 496(2), 512(1), 413(1), 596(1), 300(1), 362(1), 428(2), 427(5), 250.02(1), 401(2), 452(1), 295(1), 250(2), 682(1), 593(1), 444(1), 196(1), 491(1), V43(1), #####(2), 425(1), 511(1), 616(1), 414(1), 594(1), 443(1), 567(1), 625(1), 518(2), 434(1), 585(1)",56
1110,1109,11101,diag_1,"996(2), V57(2), 295(1), 414(3), 783(1), 428(2), 250.83(1), 276(3), 410(5), 435(1), 584(1), #####(4), 486(1), 786(1), 507(1), 566(1), 780(3), 440(1), 155(1), 427(2), 491(3), 197(1), 296(1), 715(1), 8(1), 562(1), 530(1), 851(1), 558(1), 162(1), 682(1), 466(1), 38(1), 434(1), 425(1), 250.8(1), 518(1)",56
1110,1109,11102,diag_2,"403(1), V45(1), 250.42(2), 411(1), 496(4), 707(1), 428(2), 427(4), 250.6(2), 250.02(2), 402(1), 276(2), 996(1), #####(2), 305(1), 287(1), 401(1), 286(1), 425(1), 682(1), 162(1), 599(1), 250(1), 535(1), 530(2), 805(1), 426(1), 434(1), 799(1), 285(1), 550(1), 491(1), V58(1), 995(1), 585(4), 342(1), 416(1), 112(1), 730(1), 584(1)",56
1111,1110,11111,diag_1,"295(1), 309(1), 351(1), 414(4), 728(1), 535(1), 996(1), 250.7(1), 428(2), 722(1), 434(1), 786(2), 276(2), 578(1), 560(3), 250.22(1), 427(2), #####(2), 648(1), 682(2), 38(2), 599(2), 802(1), 507(2), 250.8(2), 426(1), 379(1), 552(1), 278(1), 715(1), 296(2), 518(1), 491(3), 466(1), 410(1), 250.12(1), 733(1), 280(1)",56
1111,1110,11112,diag_2,"250.01(1), 250(5), 424(1), 411(2), 250.03(1), 280(2), 571(1), 440(1), 496(2), 401(2), 413(1), 780(1), 433(1), 515(1), 427(3), 428(1), 331(1), 250.02(2), 493(2), 305(1), 599(4), 426(2), 276(2), 414(1), 403(1), 553(1), 301(1), 578(1), 41(1), 425(2), 490(1), 518(3), 415(1), 585(1), 486(1), V62(1)",56
1112,1111,11121,diag_1,"250.4(1), 786(2), 250.5(1), 294(1), 414(4), 386(1), 577(1), 433(1), 415(1), 729(1), 250.22(1), 53(1), 291(1), 486(2), 996(3), 715(1), 296(1), 428(1), 820(1), 574(1), 38(1), 189(1), 997(1), 251(1), 780(2), 562(3), 331(1), 440(1), 458(1), 491(2), 410(2), V57(1), 441(1), 790(1), 431(1), 625(1), 789(1), 995(1), 250.13(2), 404(1), 518(1), 652(1), 427(1)",56
1112,1111,11122,diag_2,"403(2), 496(1), 427(4), 411(1), 574(2), 70(1), 780(1), 451(1), 996(2), 276(3), 303(1), 413(1), 428(2), 250.02(1), 280(1), 305(1), 425(1), 250(2), 599(3), 707(2), 432(1), 401(2), 410(1), 414(1), 790(1), 799(1), 998(1), 287(1), 807(1), 569(1), 507(1), 618(1), 577(1), 112(2), 486(1), 518(1), 648(1), 584(2), 462(1), V85(1)",56
1113,1112,11131,diag_1,"360(1), 250.43(1), 235(1), 250.1(1), 250.11(1), 789(2), 276(1), 250.6(1), 414(2), 722(1), 428(2), 286(1), 786(1), 434(1), 562(2), 733(1), 427(3), 584(2), 444(1), 682(2), 250.8(1), #####(1), 715(2), 486(1), 843(1), 571(1), 540(1), 410(3), 150(1), 287(1), 38(2), 574(1), 625(1), 285(1), 577(1), 599(3), 250.82(1), 724(1), 511(1), 507(1), 466(1), 263(1)",56
1113,1112,11132,diag_2,"250.92(1), 403(3), 401(4), 411(2), 276(3), 250.81(1), 428(2), 427(5), 250.02(1), 250.6(1), 424(1), 250.4(1), #####(3), 731(1), 204(1), 491(1), 250(5), 789(1), 434(1), 196(1), 682(1), 707(2), 414(1), 790(1), 272(1), 576(1), 41(1), 285(2), 518(2), 490(1), 511(1), 585(1), 728(1), 584(1)",56
1114,1113,11141,diag_1,"430(1), 304(1), 414(2), 786(4), 428(2), 250.81(1), 722(1), 996(2), 402(1), 780(2), 682(1), 276(1), 592(2), 453(1), 518(1), 288(1), V57(1), 733(1), 427(2), #####(1), 433(1), 486(1), 715(1), 458(1), 584(1), 997(1), 250.7(1), 491(1), 552(2), 595(1), 238(1), 590(1), 569(1), 434(1), 627(1), 534(1), 571(1), 599(1), 496(1), 404(1), 331(1), 695(1), 250.8(1), 530(1), 250.82(1), 250.12(1)",56
1114,1113,11142,diag_2,"250.01(1), 682(3), 411(2), 780(2), 424(1), 276(7), 425(2), 428(2), 427(2), 599(3), 70(1), #####(3), 403(1), 203(1), 781(1), 250(1), 491(2), 996(1), 414(1), 511(1), 785(2), 591(1), 473(1), 272(1), 569(1), 707(1), 202(1), 94(1), 486(1), 564(1), 585(1), 296(1), 730(2), 584(3)",56
1115,1114,11151,diag_1,"386(1), 566(1), 682(2), V57(1), 882(1), 416(1), 722(1), 428(2), 414(2), 820(1), 410(2), #####(2), 786(2), 403(1), 486(2), 5(1), 453(1), 253(1), 553(1), 562(1), 784(1), 780(2), 346(1), 730(1), 715(1), 415(1), 998(1), 584(2), 427(3), 518(1), 404(1), 250.6(1), 491(2), 805(1), 572(1), 250.8(1), 440(1), 933(1), 38(1), 789(1), 459(1), 280(1), 273(1), 281(1)",56
1115,1114,11152,diag_2,"250.01(2), 608(1), 496(5), 682(2), 788(1), 428(2), 427(4), 401(2), #####(1), 996(1), 404(2), 493(1), 599(1), 250.02(1), 568(1), 719(1), 250(2), 714(1), 707(1), 276(3), 200(1), 38(1), 591(1), 511(1), 410(1), 426(1), 536(1), 789(1), E932(1), 447(1), 311(1), 486(2), 507(1), 434(1), 577(1), 518(3), 362(1), 532(1)",56
1116,1115,11161,diag_1,"184(1), 822(1), 786(3), 414(1), 410(2), 682(4), 515(1), 780(2), 428(2), 560(1), 415(2), 486(1), 532(1), 434(1), 820(2), 440(2), 332(1), 599(2), 79(1), 491(3), 965(1), 518(1), 411(1), 441(1), 197(1), 250.12(1), 250.8(1), 577(1), 715(1), 38(1), 625(1), 345(1), 808(1), 716(1), 157(1), 162(1), 996(1), 487(1), 557(1), 427(1), 431(1), 576(1)",56
1116,1115,11162,diag_2,"198(1), 496(3), 411(2), 780(3), 277(1), 250.43(1), 492(1), 424(1), 428(2), 276(5), 427(4), #####(4), 250(4), 599(1), 401(1), 414(2), 682(1), 507(1), 560(1), 532(1), 162(1), 577(2), 530(1), 785(1), 998(2), 782(1), 518(1), 585(2), 491(1), 584(2), 348(1), V85(1)",56
1117,1116,11171,diag_1,"428(2), 794(1), 414(3), 440(1), 535(1), 410(2), 300(1), 486(5), 398(1), 415(1), 433(1), 296(1), 198(1), 435(1), 434(2), 707(1), 427(2), 715(1), 426(1), 821(1), 595(1), 38(2), 996(1), 511(1), 590(1), 197(1), 599(2), 285(1), 682(1), 722(1), 250.6(2), 518(2), 250.7(1), 560(2), 491(3), 789(1), 442(1), 564(1), 574(1)",56
1117,1116,11172,diag_2,"403(1), 303(1), 411(2), 250.4(1), 280(1), 428(2), 429(1), #####(4), 427(3), 396(1), 453(1), 250(4), 250.02(2), 402(1), 162(1), 682(3), 401(1), 413(1), 8(1), 599(3), 276(2), 198(1), 787(1), 493(1), 785(1), 707(1), V44(1), V42(1), 414(1), 576(1), 491(1), 518(1), 112(1), 299(1), 585(2), 584(1), 438(1), 337(1), V85(1)",56
1118,1117,11181,diag_1,"324(1), 309(1), 428(2), V57(1), 414(3), 333(1), 707(1), 442(1), 250.6(1), 276(1), 410(4), #####(3), 786(3), 824(1), 991(1), 577(1), 434(1), 490(1), 724(1), 569(1), 820(1), 780(1), 482(1), 491(3), 250.8(1), 250.82(1), 715(2), 340(1), 599(1), 38(2), 574(1), 250.13(1), 175(1), 572(1), 424(1), 441(1), 682(1), 404(1), 486(1), 431(1), 920(1), 250.12(1)",56
1118,1117,11182,diag_2,"276(5), 42(1), 250.41(1), 574(1), 250.42(1), 411(1), 250.01(1), 358(1), 70(1), 571(1), 496(1), 428(2), 413(1), 427(3), 250(4), 250.6(1), 425(2), 401(2), 599(1), 278(1), 491(1), V46(1), 731(1), 414(2), 304(1), 331(1), 707(1), 250.12(1), 787(1), 680(1), 196(1), 250.22(1), 285(2), 250.8(1), 518(2), 585(2), 584(2), 438(2)",56
1119,1118,11191,diag_1,"V54(1), 402(1), 414(4), 786(2), 722(1), 410(2), 573(1), 428(2), 577(1), 969(1), 401(1), 780(1), 486(2), #####(4), 574(1), 218(2), V58(1), 250.6(1), 491(2), 820(2), 599(1), 427(3), V57(1), 562(1), 682(1), 996(2), 575(1), 715(2), 626(1), 465(1), 493(1), 584(1), 511(1), 250.82(1), 434(1), 38(1), 250.1(1), 453(1), 507(1)",56
1119,1118,11192,diag_2,"250(3), 428(2), 411(2), 780(3), 496(3), 276(1), 424(2), 574(1), V45(2), 413(2), #####(1), 427(3), 280(1), 493(1), 287(1), 305(1), 250.42(1), 425(1), V43(2), 491(2), 414(2), 250.02(1), 218(2), 401(1), 599(2), E888(1), 295(1), 162(1), 577(1), 707(1), 729(1), 518(1), 995(1), 584(3), 585(2)",56
1120,1119,11201,diag_1,"717(1), 729(1), 540(1), 682(1), 719(1), 434(4), 414(5), 531(1), 555(1), 431(1), 722(1), 428(2), 574(1), 276(3), 577(1), #####(3), 562(1), 996(1), 486(1), 995(1), 998(1), 493(1), 491(3), 440(1), 250.02(1), 780(1), 244(1), 860(1), 518(1), 250.7(1), 280(1), 250.8(1), 427(1), 805(1), 345(1), 618(1), 202(1), 444(1), 250.82(1), 873(1), 296(1), 573(1)",56
1120,1119,11202,diag_2,"717(1), E942(1), 250.41(1), 250.01(1), 715(1), 403(1), 411(1), 496(2), 401(2), 250.6(2), 413(2), 722(1), 427(1), 250.02(2), 398(1), 428(2), 250(2), 402(1), 425(1), 276(2), 599(3), 491(1), 788(1), 998(1), 707(2), E939(1), #####(1), 807(1), 493(1), 785(1), 414(1), 578(1), 272(1), 426(1), 625(1), 518(2), 562(1), V58(1), 852(1), 342(1), 585(1), 319(1), 191(1), 584(1)",56
1121,1120,11211,diag_1,"722(1), 434(4), 414(4), 723(1), 428(2), 250.7(2), #####(4), 9(1), 427(1), 411(1), 780(1), 410(1), 789(2), 996(2), 786(2), 276(1), 733(1), 558(1), 540(1), 38(2), 578(1), 730(1), 715(3), 493(3), 443(1), 998(1), 331(1), 491(2), 250.8(1), 574(1), 250.92(1), 401(1), 424(1), 250.12(2), 466(1)",56
1121,1120,11212,diag_2,"258(1), 369(1), 411(2), 250.02(2), 424(2), 440(1), 496(3), 427(2), 446(1), 428(2), 413(1), 250(6), 401(3), 491(1), 707(2), 250.82(1), 276(1), 998(1), 511(1), 272(1), 518(3), 285(2), 290(1), 787(1), 263(1), 253(1), 458(1), 585(3), 486(1), 208(1), 435(1), 584(3), 456(1), 348(1)",56
1122,1121,11221,diag_1,"146(1), 155(1), 572(2), 290(1), 722(1), 786(4), 733(1), 414(2), 434(2), 486(1), 490(1), 433(1), 728(1), 852(1), 38(2), 427(3), 493(2), 599(2), 174(1), 996(1), 531(1), 584(4), 560(1), 821(1), 154(1), 571(1), 428(2), 410(1), 250.82(1), 458(1), 780(1), 94(1), 820(2), 283(1), 562(1), 357(1), #####(1), 276(1), 487(2)",56
1122,1121,11222,diag_2,"530(1), 496(1), 70(1), 571(1), 437(1), 788(1), 427(4), 203(1), 413(1), 250(2), 428(2), 493(1), 250.02(2), 304(1), #####(3), 295(1), 401(1), 682(1), 535(1), 276(3), 786(1), 599(2), 250.92(1), 197(1), 595(1), 252(1), 789(1), 414(3), 730(1), 285(2), 135(1), 434(1), 303(1), 486(3), 733(1), 416(1), 584(3), 465(1)",56
1123,1122,11231,diag_1,"276(2), 486(1), 414(2), 402(1), 682(2), 532(1), 577(1), 250.13(1), 434(2), 410(2), 428(2), 560(1), 250.7(1), 112(1), 536(1), 198(1), 403(1), #####(2), 424(1), 211(1), 780(2), 427(2), 493(2), 562(1), 584(2), 997(1), 285(1), 715(2), 440(1), 578(1), 491(3), 518(1), 189(1), 250.8(1), 250.6(1), 733(1), 250.02(1), 785(1), 823(1), 512(1), 787(1), 280(1)",56
1123,1122,11232,diag_2,"250.01(1), 492(1), 411(2), 427(4), 250.7(1), 280(1), 780(2), 403(1), 428(2), 425(2), 276(5), 162(1), 204(1), #####(4), 682(2), 401(2), 397(1), 560(2), 599(1), 250(2), 250.02(1), 707(2), 402(1), 196(1), 414(2), 511(1), 285(1), V58(1), 785(1), 836(1), 787(1), 518(1), 486(1), 584(3)",56
1124,1123,11241,diag_1,"738(1), 298(1), 996(2), 414(3), 722(1), 428(2), 188(1), 435(1), 278(1), 507(1), 786(4), 434(1), 596(1), 780(1), 53(1), 530(1), 562(1), 648(1), 427(1), 250.13(2), 715(2), 493(3), 574(1), 250.02(1), 486(2), 535(1), 410(2), 280(1), 998(2), 459(1), 250.12(1), 415(1), #####(2), 38(1), 682(1), 584(1), 3(1), 724(1), 197(1), 578(1), 276(1)",56
1124,1123,11242,diag_2,"996(3), 250(5), 403(1), 411(1), 496(1), 250.02(2), 424(1), 428(2), V42(1), 425(1), 276(6), #####(1), 491(3), 493(1), 427(1), 305(1), 277(1), 575(1), 304(1), 682(1), 401(1), 414(1), 511(2), 412(1), 707(1), 799(1), 507(1), 785(1), 250.8(1), 189(1), 584(3), 311(1), 729(1), 518(1), 558(1), 285(1), 585(2)",56
1125,1124,11251,diag_1,"428(2), 402(2), 276(2), 560(2), 414(4), 250.11(1), 593(1), 250.2(1), 440(1), 410(4), 682(1), 553(1), 427(5), 577(1), 721(1), 189(1), 250.6(3), 296(1), 724(1), 218(1), 486(1), 998(2), 491(1), 786(2), 584(1), 250.02(1), 481(1), 250(1), 715(1), 507(1), 789(1), 518(1), 578(1), 434(1), 250.8(1), 250.12(1), 8(1), 530(1)",56
1125,1124,11252,diag_2,"250.03(1), 424(2), 403(2), 411(2), 496(3), 530(1), 276(3), 428(2), 250(3), 493(1), 721(1), 402(1), 574(1), 427(1), 295(1), 722(1), 617(1), 491(2), 998(1), 250.02(1), 414(3), 707(2), 599(3), 785(1), 263(1), 787(1), 518(2), 285(2), 507(1), 585(1), 584(3), 562(1), 730(1), 255(1), 438(1), 262(1)",56
1126,1125,11261,diag_1,"250.41(1), 535(1), 250.4(1), 303(1), V57(1), 414(4), 810(1), 428(2), #####(3), 577(1), 496(1), 250.7(1), 486(1), 611(1), 162(1), 482(1), 780(1), 564(1), 434(1), 410(1), 682(1), 427(2), 493(1), 250.6(2), 715(2), 397(1), 584(2), 600(1), 274(1), 276(1), 599(1), 491(2), 38(1), 786(1), 998(2), 996(2), 518(1), 250.8(1), 345(1), 250.82(1), 285(1), 844(1), 411(1)",56
1126,1125,11262,diag_2,"403(2), 250.01(2), 305(1), 428(2), 411(1), 910(1), 424(1), 496(3), 280(1), 574(1), 276(5), 440(1), 413(2), 427(3), 295(2), 250(2), 250.82(1), 401(2), #####(4), V42(1), 599(3), 250.02(1), 204(1), 414(2), 567(1), 707(3), 569(2), 799(1), E878(1), 486(1), 584(1), 753(1)",56
1127,1126,11271,diag_1,"250.11(1), 414(3), 112(1), 434(4), 965(1), 959(1), 295(1), 482(1), 486(2), 922(1), 410(1), 578(2), 451(1), 250.6(2), 433(3), 577(1), 590(1), 558(1), 530(1), 428(1), 150(1), 453(1), 599(3), 715(1), 250.02(1), 491(1), 250.12(1), 8(1), 850(1), 515(1), 413(1), 507(2), 250.8(1), 427(2), 820(1), 518(1), 562(1), 455(1), 466(1), 552(1), 997(1), 296(1)",56
1127,1126,11272,diag_2,"276(6), 411(1), 250.1(1), 424(1), 496(2), 428(2), 780(4), 70(1), #####(2), 427(4), 280(1), 682(1), 998(1), 250(1), 401(2), 250.92(1), 425(1), 153(1), 250.02(1), 599(1), 305(1), 415(1), 287(1), 362(1), 799(1), 790(1), 202(1), 285(3), 491(1), 518(1), 511(1), 342(1), 584(3), 730(1), 537(1), V62(1), 348(1)",56
1128,1127,11281,diag_1,"708(1), 998(1), 604(1), 531(1), 414(4), 151(1), 486(1), 410(4), 428(2), 562(1), 305(1), 574(1), 996(1), 426(1), 824(1), 434(2), 250.42(1), 786(2), 682(2), 427(2), 491(4), 153(1), 780(2), 507(1), 590(1), 518(1), 715(3), 724(1), 458(1), 250.02(1), 790(1), 785(1), 250(1), 38(1), 578(1), 280(1), 403(1), #####(1), 799(1)",56
1128,1127,11282,diag_2,"782(1), 250.01(1), 998(1), 280(1), 411(1), 197(1), 428(2), 250.02(3), 427(2), 496(1), 413(1), 572(1), #####(4), 996(1), 276(3), 250(5), 599(3), 493(1), 424(1), 568(1), 250.92(1), 414(2), 426(1), 401(2), 491(1), 425(1), 278(1), 244(1), 250.8(1), 558(1), 518(2), 995(1), 285(1), 585(1), 486(1), 584(2), 327(1)",56
1129,1128,11291,diag_1,"250.11(2), 311(1), 786(4), 414(4), 553(1), 296(1), 410(1), 486(4), 434(2), 780(1), 728(1), 426(1), 682(3), 428(2), 162(1), 440(1), 578(1), 552(1), 435(2), 789(1), 724(1), 585(1), 427(2), 599(1), 491(1), 715(2), 38(2), 459(1), 466(1), 250.8(2), 535(1), 155(1), 824(1), 999(1), 250.82(2), 820(1)",56
1129,1128,11292,diag_2,"346(1), 276(4), 250.92(1), 70(1), 411(2), 428(2), 250.4(1), 295(2), 427(3), 305(1), 250.6(1), 250(4), 496(1), 250.02(3), 425(1), 197(1), 331(1), 599(3), 198(1), 401(1), #####(1), 491(1), 410(1), 707(2), 682(1), 413(1), 285(3), 511(1), 572(1), 585(3), 458(1), 293(1), 486(1), 730(2), 831(1)",56
1130,1129,11301,diag_1,"250.4(1), 738(1), 294(1), 428(2), 414(3), 620(1), 569(1), 250.7(1), 799(1), 410(2), 433(1), #####(1), 447(1), 276(2), 780(3), 431(1), 682(1), 996(2), 153(1), 427(3), 540(1), 486(1), 789(1), 562(1), 784(1), 715(2), 584(1), 285(1), 435(1), 250.8(1), 250.6(1), 250.82(1), 162(1), 642(1), 38(2), 808(1), 644(1), 491(1), 518(1), 453(1), 487(1), 599(1), 812(1), 398(1)",56
1130,1129,11302,diag_2,"403(2), V10(1), 250.6(1), 411(1), 427(6), 280(1), 496(1), 440(2), 428(2), 305(1), 493(1), 433(1), 295(1), 998(1), 997(2), 276(3), #####(2), 599(1), 250(1), 707(2), 278(1), 786(1), 414(4), 536(1), 401(1), 648(2), 285(1), 263(1), 585(2), 805(1), 486(2), 584(2), 481(1), 789(1), 812(1), 514(1)",56
1131,1130,11311,diag_1,"395(1), 440(2), 414(5), 486(2), 722(1), 250.7(2), 577(1), 401(1), 428(2), 807(1), 276(1), 707(1), 493(3), 434(1), 427(2), 433(1), 715(1), 250.8(1), 682(4), 590(1), 562(1), 786(2), 850(1), 38(2), 153(1), V57(1), 491(3), 296(1), 182(1), 410(1), 274(1), 197(1), 574(1), #####(1), 42(1), 280(1), 188(1), 8(1)",56
1131,1130,11312,diag_2,"426(1), 403(1), 411(2), 496(3), 250(2), 428(2), 303(1), 427(2), 197(1), 276(3), 424(2), 493(1), 250.02(1), 401(2), 135(1), 780(1), 250.5(1), #####(4), 707(3), 491(4), 560(1), V54(1), 682(1), 301(1), 785(2), 414(3), 278(1), 799(1), 112(1), 578(1), 782(1), 518(1), 584(2), 438(1)",56
1132,1131,11321,diag_1,"173(1), V57(2), 997(1), 786(5), 577(1), 294(1), 434(3), 719(1), 295(1), 414(2), 291(1), 410(3), 428(2), 566(1), 427(2), 996(2), 599(1), 444(1), 780(1), 296(1), 440(1), 562(1), 682(1), 250.13(1), 724(1), 571(1), 250.8(2), 656(1), 162(1), 510(1), 38(1), 574(1), 507(1), 962(1), 491(1), 327(1), 823(1), 403(1), #####(1), 486(2), 787(1)",56
1132,1131,11322,diag_2,"998(1), 250.01(1), 250.81(1), 403(3), 312(1), 427(3), 496(5), 411(1), 303(1), 295(1), 250.02(2), 413(1), 424(1), 276(4), 781(1), 402(1), 425(1), 250.82(1), 250(2), 287(1), 444(1), 401(1), 414(1), 304(1), 789(1), 682(1), 707(1), 648(1), 511(1), 486(1), 785(1), 577(1), 250.13(1), 518(1), 250.8(1), 786(1), 823(1), 585(1), 584(2), 924(1), 349(1), V85(1)",56
1133,1132,11331,diag_1,"786(3), 535(1), 820(1), 414(4), 530(2), 276(4), 722(1), 486(3), 428(2), #####(1), 410(1), 578(1), V57(1), 433(1), 536(1), 402(1), 715(1), 552(1), 440(1), 427(1), 584(1), 453(1), 599(1), 288(1), 250.13(1), 466(1), 346(1), 8(2), 532(1), 562(2), 491(1), 518(2), 434(2), 443(1), 345(1), 250.7(2), 285(1), 38(1), 275(1)",56
1133,1132,11332,diag_2,"424(1), 496(2), 340(1), 411(1), 280(3), 428(2), 305(1), 722(1), #####(4), 780(2), 427(5), 250.02(1), 413(1), 493(1), 682(1), 276(2), 426(1), 571(1), 250(4), 250.6(1), 599(3), 401(1), 285(2), 789(1), 410(1), 507(1), 342(1), 585(1), 272(1), 486(1), 730(1), 584(3), 435(1), 712(1), 588(1)",56
1134,1133,11341,diag_1,"276(1), 402(1), 572(1), 414(4), 428(2), 278(1), 532(1), 398(1), 410(3), 386(1), 515(1), 486(3), 250.6(1), 820(1), 780(4), 787(1), 682(2), 626(1), 600(1), 241(1), 250.8(1), 440(1), 157(1), 707(1), 296(1), 250.7(1), 491(4), #####(1), 715(1), 552(1), 424(1), 535(1), 790(1), 434(1), 250.12(1), 427(1), 996(1), 250.13(1), 574(1), 584(1), 311(1)",56
1134,1133,11342,diag_2,"403(1), 428(2), 571(1), 411(2), 496(2), 998(1), 250.02(1), 396(1), 401(4), #####(5), 276(3), 303(1), 162(1), 620(1), 425(3), 250(2), 427(1), 197(1), 682(1), 410(1), 300(1), 491(1), 286(1), 530(1), 414(3), 8(1), 784(1), 786(1), 599(1), E878(1), V58(1), 458(1), 518(1), 585(1), 486(1), 584(2), 438(1), 907(1)",56
1135,1134,11351,diag_1,"801(1), 604(1), 722(1), 997(1), 414(2), 428(2), 402(1), 730(1), 486(4), 721(1), 225(1), 682(1), 494(1), 434(2), 415(1), 726(1), 250.8(2), #####(1), 715(3), 733(1), 599(1), 786(2), 574(1), 590(1), 681(1), 296(1), 518(1), 427(4), 562(1), 458(1), 584(1), 410(1), 820(1), 491(1), 150(1), 250.12(1), 466(1), 789(1), 250.82(2), 79(1), 250.6(1), 493(1)",56
1135,1134,11352,diag_2,"780(2), 493(1), 496(2), 250.53(1), 411(1), 515(1), 425(2), 250.6(1), 428(2), 250.02(1), 427(3), 250(4), 250.92(1), 276(4), 8(1), 682(2), 401(1), 295(1), 724(1), 599(3), 491(1), 414(2), 998(1), #####(1), 287(1), 707(2), 286(1), 285(2), 250.8(1), 787(1), 577(1), 518(1), 995(1), 585(1), 456(1), 730(1), 584(1), V85(1)",56
1136,1135,11361,diag_1,"V57(2), 486(4), 558(2), 711(1), 786(2), 435(1), 820(2), 721(1), 577(2), 682(1), 782(1), 414(3), 789(1), 434(1), 785(1), 404(1), 433(1), 250.13(1), 493(2), 599(1), 250.6(2), 516(1), 250.02(1), 824(1), 491(3), 584(2), 174(1), 250.8(2), 38(2), 410(2), V58(1), 331(1), 715(1), V71(1), 590(1), 515(1), 812(1), 203(1)",56
1136,1135,11362,diag_2,"952(1), 403(3), 427(2), 305(2), 250.6(1), 515(1), 250.02(2), 428(2), 303(1), 496(2), 493(2), 413(1), 401(3), 276(6), #####(2), 250(2), V43(1), 788(1), 518(2), 491(1), 196(1), 682(1), 599(1), 414(1), 707(1), 150(1), 357(1), 294(1), 285(1), 572(1), 585(2), 486(1), 465(1), 584(3), 327(1)",56
1137,1136,11371,diag_1,"296(1), 250.11(2), 996(2), 433(1), 414(3), V57(2), 486(2), 428(2), 557(1), 617(1), 427(5), 824(1), 715(2), 440(1), 434(1), 562(1), 38(1), 599(2), 682(1), 410(1), 786(2), 780(1), 250.13(1), 584(1), 250.7(1), #####(2), 507(1), 722(2), 574(1), 250.82(1), 276(2), 493(1), 345(1), 491(1), 250.12(1), 805(1), 578(1), 992(1), 595(1)",56
1137,1136,11372,diag_2,"310(1), 276(5), 250.42(1), 496(2), 411(1), 250(4), 428(2), 427(3), #####(3), 599(2), 616(1), 424(1), 425(2), 401(1), 590(1), 707(2), 112(1), 414(3), 785(1), 786(1), 733(2), 553(1), 459(1), 558(1), 728(1), 564(1), 518(2), 333(1), 585(1), 290(1), V58(1), 458(1), 584(1), 293(1), 348(2)",56
1138,1137,11381,diag_1,"414(5), 250.11(1), 434(3), 295(2), 721(1), 997(1), 581(1), 786(2), 250.4(1), 410(2), 198(1), 715(2), 780(1), 250.13(2), 300(1), 428(2), 486(3), 250(1), 162(1), 250.02(1), 682(2), 491(2), 574(1), 250.12(1), 584(1), 805(1), 250.8(2), 493(2), 823(1), #####(3), 998(1), 618(1), 275(1), 38(1), 552(1), 453(1)",56
1138,1137,11382,diag_2,"V70(1), V18(1), 431(1), 403(2), 411(2), 440(1), 453(1), 428(2), 780(2), 599(1), 250.6(1), #####(1), 427(3), 276(6), V10(1), 424(1), 401(1), 425(1), 250.92(1), 197(1), 295(1), 250(2), 560(1), 568(1), 682(3), 414(1), 305(1), 368(1), 789(1), 799(1), 443(1), 263(1), 518(1), 250.13(1), 285(1), 94(1), 486(2), 808(1), 482(1), 584(1), 293(1)",56
1139,1138,11391,diag_1,"135(1), 711(1), 820(1), 433(2), 414(3), 786(1), 721(1), 577(2), 427(3), 722(1), 486(4), 435(2), 550(1), 410(2), 428(2), 415(1), 185(1), 648(1), 434(1), 996(1), 250.02(2), 518(1), 584(1), 537(1), 682(1), 599(1), 276(2), 815(1), 562(1), 715(1), 250.82(1), 491(2), 590(1), 238(1), 440(1), 250.6(1), 398(1), 585(1), 250.8(1), 492(1), 250.12(1)",56
1139,1138,11392,diag_2,"401(4), 496(3), 403(2), 424(1), 411(1), 250.6(1), 574(1), V45(1), 205(1), 428(2), 303(1), 250.02(2), 780(1), 427(3), 287(1), 250(4), 38(1), 599(4), 276(5), #####(1), 425(1), 414(3), 790(2), 272(1), 799(2), 794(1), 553(1), 285(1), 263(1), 518(1), 512(1), 584(1)",56
1140,1139,11401,diag_1,"645(1), 574(2), 414(5), 428(2), 707(1), 410(2), 507(1), 434(3), 787(1), 780(2), 38(1), #####(4), 786(2), 427(1), 486(2), 211(1), 996(1), 681(1), 577(1), 153(1), 440(1), 162(1), 592(1), 584(1), 585(1), 276(1), 250.7(1), 569(1), 813(1), 204(1), 481(1), 345(1), 535(1), 250.13(1), V58(1), 824(1), 515(1), 491(1), 250.8(1), 357(1), 715(1)",56
1140,1139,11402,diag_2,"648(1), 282(1), 411(3), 428(2), #####(4), 305(1), 427(1), 788(1), 413(1), 710(2), 250.7(1), 493(2), 401(3), 424(1), 276(4), 250(5), 250.02(1), 997(1), 425(1), 198(1), 996(1), 491(3), 414(2), 785(1), 535(1), 518(1), 311(1), 112(1), 459(1), 253(1), 426(1), 342(1), 730(1), 584(1), 458(1), V85(1)",56
1141,1140,11411,diag_1,"294(1), 293(1), 591(1), 786(3), 722(2), 564(1), 410(3), 428(2), 278(1), 250.7(1), 434(2), 295(1), 435(2), 250.6(1), 824(1), #####(2), 820(1), 557(1), 437(1), 274(1), 414(1), 715(2), 682(3), 574(1), 780(2), 482(1), 491(3), 584(1), 458(1), 250.8(1), 332(1), 535(1), 276(1), 531(1), 518(2), 250.82(1), 654(1), 8(1), 490(1), 844(1)",56
1141,1140,11412,diag_2,"427(7), 401(4), 496(3), 250.02(2), 722(1), 715(1), 428(2), 250(3), 276(6), 996(1), 493(1), 305(1), 425(2), 446(1), 998(1), 491(2), #####(1), 682(1), 599(1), 185(1), 530(1), 41(1), 150(1), 799(1), 577(1), 304(1), 202(1), 707(1), 648(1), 511(1), 789(1), E885(1), 518(1), 354(1)",56
1142,1141,11421,diag_1,"786(4), 574(1), 428(2), 414(6), 486(5), 568(1), 576(1), #####(3), 996(2), 38(1), 715(1), 577(3), 558(1), 427(1), 410(1), 434(2), 250.6(3), 250.02(1), 157(1), 153(1), 682(1), 424(1), 518(1), 285(1), 250.82(1), 493(1), 491(2), 280(1), 530(1), 584(1), 788(1), 197(1), 567(1), 276(1)",56
1142,1141,11422,diag_2,"396(1), 403(1), 424(1), 411(3), 496(5), 413(1), 197(1), 428(2), 427(3), 250.02(1), 453(1), 250(3), 711(1), 276(4), 250.92(1), 401(4), 599(2), 196(2), 491(1), 682(1), 578(2), 414(2), #####(1), 410(1), 786(1), 287(1), 272(1), 576(1), 789(1), 518(1), 585(1), 572(1), 584(2), 487(1)",56
1143,1142,11431,diag_1,"426(1), 233(1), V57(2), 531(3), 995(1), 428(2), 414(2), 820(2), 292(1), 600(1), 410(2), 276(3), 440(1), 153(1), 486(1), 162(1), 70(1), 493(1), 491(3), 433(1), 584(2), 998(1), 564(1), 682(1), 434(1), 599(2), 786(1), 38(3), 730(1), 437(1), 274(1), 556(1), 574(1), 789(1), 562(1), 154(1), 197(2), 280(1), 518(1), 792(1)",56
1143,1142,11432,diag_2,"V53(1), 428(2), V45(1), 424(3), E942(1), 411(1), 515(1), 496(1), 280(1), #####(3), 780(2), 427(1), 453(1), 198(1), 493(1), 250(4), 250.02(1), 276(4), 599(4), 997(1), 682(2), 786(1), 433(1), 414(2), 401(1), 530(1), 578(1), 412(1), 535(1), 518(3), 585(2), 486(2), 438(1), 403(1), 584(1)",56
1144,1143,11441,diag_1,"436(1), 786(3), 414(1), 427(4), 428(2), 560(2), 296(1), 435(1), 286(1), 962(1), 486(3), 569(1), 562(1), 682(1), 250(1), 453(3), 434(4), 440(1), 197(1), 511(1), 575(1), 491(3), 433(1), V58(1), 997(1), #####(1), 250.8(1), 996(1), 577(1), 780(1), 38(2), 715(1), 518(1), 455(1), 824(1), 812(1), 403(2), 808(1)",56
1144,1143,11442,diag_2,"250.01(1), 574(1), 411(1), 403(1), 427(2), 174(1), 496(1), 413(1), 162(1), 251(1), 276(3), 250.02(2), 425(1), 250(3), 444(1), 997(1), 493(1), 198(1), 599(2), 491(1), 277(1), 428(1), 414(1), 785(1), 410(1), 41(1), 682(1), 511(1), 784(1), 285(2), 577(1), 728(1), 787(1), 250.12(1), 518(1), 581(1), 432(1), 294(1), E885(1), 733(1), 486(1), 585(2), 808(1), 438(2), 584(1), 289(1)",56
1145,1144,11451,diag_1,"V55(1), 428(2), 786(4), 577(1), 722(1), 402(1), 410(4), #####(4), 276(3), 996(2), 414(3), 482(1), 572(1), 197(1), 566(1), 584(3), 626(1), 532(1), 715(1), 575(1), 162(3), 599(2), 250.6(1), 518(1), 434(2), 491(1), 724(1), 998(1), 486(1), 785(1), 440(1), 789(1), V57(1), 280(1), 295(1)",56
1145,1144,11452,diag_2,"403(2), 496(1), V10(1), 738(1), 305(1), 424(1), 571(1), 428(2), 303(1), 780(1), 453(1), 276(3), 427(4), 413(1), 996(1), 401(1), #####(2), 455(1), 617(1), 567(1), 250(2), E888(1), 196(1), 414(1), 511(1), 799(1), 291(1), 491(1), 284(1), 41(1), 38(1), 787(1), 599(1), 729(1), E878(2), 112(1), 518(1), 785(1), 486(1), 342(1), 584(3), 537(1), 557(1), V62(1)",56
1146,1145,11461,diag_1,"483(1), 275(1), 486(2), 998(1), 414(3), V57(1), 786(3), 250.7(1), 296(1), 428(2), 410(2), 250.02(1), 415(1), 820(1), 444(1), 592(1), 682(2), 276(2), 996(3), 250.81(1), 574(1), 8(1), 654(1), 306(1), 780(2), 600(1), 715(1), #####(4), 348(1), 250.12(1), 250.8(1), 427(1), 250.13(1), 618(1), 518(1), 38(2), 401(1), 595(1), 560(1), 357(1)",56
1146,1145,11462,diag_2,"682(2), E944(1), 403(2), 424(1), 411(1), 850(1), 428(2), V42(1), 440(1), 250.02(2), 496(1), 427(4), V15(1), #####(2), 276(1), 401(3), 250(3), 707(1), 997(1), V45(1), 642(1), 536(1), 38(1), 491(3), 599(4), 591(1), 413(1), 799(1), 414(1), 79(1), 625(1), 518(1), 250.13(1), 783(1), 585(2), 584(1), 296(1), 250.2(1)",56
1147,1146,11471,diag_1,"423(1), 428(2), 786(1), 486(2), 440(1), 250.4(1), 410(3), #####(2), 584(3), 425(1), 191(1), 820(1), 574(1), 296(1), 491(3), 404(1), 493(1), 577(1), 250.82(1), 250.81(1), 8(1), 560(2), 599(1), 434(1), 535(1), 707(1), 174(1), 823(1), 551(1), V57(1), 682(2), 518(1), 250.6(1), 346(1), 595(1), 280(1), 331(1), 427(1), 333(1), 162(1), 733(1), 435(1), 578(1), 996(1), 715(1)",56
1147,1146,11472,diag_2,"428(2), 403(4), 780(1), 496(2), 411(1), 250.6(2), 682(3), #####(7), 427(2), 300(1), 710(1), 401(3), 515(1), V12(1), 788(1), 599(2), 70(1), 998(1), V54(1), 276(1), 278(1), 707(1), 250(2), 578(1), 414(1), 294(1), 786(1), 292(1), 285(1), 518(1), 585(2), 293(1), 486(2), 273(1), V85(1)",56
1148,1147,11481,diag_1,"410(3), V57(1), 163(1), 355(1), 486(5), 414(3), 786(3), 421(1), 401(1), 428(1), V58(1), 969(1), 996(2), 434(1), 276(2), 599(1), 590(1), 530(1), 211(1), 682(3), 284(1), 507(1), 427(2), 250.6(1), 730(1), 575(1), 560(2), 250.8(1), 288(1), 38(1), 552(1), 250.12(1), 574(1), 715(1), 518(2), 562(1), 283(1), 492(1), 280(1)",56
1148,1147,11482,diag_2,"250.01(1), 403(1), 197(2), 340(1), 396(2), 496(2), 411(1), 305(1), 427(3), 205(1), 295(1), 453(1), 413(2), 428(2), 424(1), 276(4), 997(1), 162(1), 401(2), #####(1), 682(2), 599(3), 788(1), 786(1), 560(1), 707(1), 426(1), 278(1), 291(1), 41(1), 263(1), 285(1), 491(1), 729(1), 518(1), 585(1), 435(1), 486(2), 410(1), 584(1), 296(1)",56
1149,1148,11491,diag_1,"250.03(1), 428(2), 227(1), 516(1), 820(2), V57(1), 278(1), 291(1), 151(1), 414(3), 486(1), #####(7), 584(1), 560(2), 799(2), 35(1), 569(1), 787(1), 296(2), 965(1), 427(2), 574(1), 435(1), 558(1), 618(1), 715(2), 682(1), 592(1), 410(3), 79(1), 250.02(1), 805(1), 276(2), 491(1), 780(1), 403(1), 453(1), 203(1)",56
1149,1148,11492,diag_2,"403(3), 250.01(1), 252(1), 428(2), 788(1), 780(2), 276(3), 197(1), 411(2), 250.02(1), 427(1), 599(6), 250(3), 211(1), 153(1), #####(2), 425(1), 401(1), 575(1), 997(1), 592(1), 491(1), 591(1), 414(4), 272(1), 707(1), 285(1), 486(2), 733(2), 585(4), 518(1), 584(1), 557(1)",56
1150,1149,11501,diag_1,"426(1), 290(1), 733(2), 428(2), 414(5), 786(3), 276(2), 453(1), 410(3), 574(1), 530(2), 511(2), #####(1), 250.6(3), 427(3), 250.22(1), 404(1), 424(1), 715(1), 780(2), 532(1), 507(1), 996(1), 599(2), 518(1), 584(1), 47(1), 250.2(1), 250.02(1), 682(1), 535(1), 478(1), 491(1), 959(1), 434(1), 824(1), 575(1)",56
1150,1149,11502,diag_2,"403(2), 307(1), 496(3), 411(2), 428(2), 573(1), 70(2), #####(3), 250.02(1), 427(2), 413(1), 493(1), 710(1), 401(1), V42(1), 578(1), 780(1), 250(2), 276(5), 599(4), 38(1), 414(2), 410(1), 707(2), 790(1), 719(1), 357(1), 285(1), 786(1), 41(1), 486(2), 808(1), 342(1), 585(3)",56
1151,1150,11511,diag_1,"250.21(1), 969(1), 295(1), 414(3), 535(1), 197(1), 410(4), 428(2), V57(1), 786(2), 560(1), 507(1), 558(1), 574(1), 682(1), 996(1), 250.6(2), 162(1), 200(1), 584(1), 458(1), 998(1), 250.8(2), #####(2), 211(1), 820(2), 481(1), 780(2), 427(1), 433(1), 456(1), 250.13(1), 790(1), 567(1), 511(1), 276(1), 154(1), 707(1), 681(1), 431(1), 38(1), 486(1), 599(1), 491(1)",56
1151,1150,11512,diag_2,"403(1), E950(1), V15(1), 411(1), 428(2), V10(1), #####(4), 427(4), 413(1), 781(1), 250(1), 250.02(1), 276(5), 250.82(1), 162(1), 998(1), 198(1), 682(1), 401(1), 707(2), 511(1), 412(1), E888(1), 576(1), 414(1), 518(3), 569(1), 410(2), 285(1), 995(1), 41(1), 558(1), 585(3), 342(1), 584(2), 482(1), 296(1), 356(1)",56
1152,1151,11521,diag_1,"793(1), 924(1), 522(1), 996(1), 291(1), 440(1), 786(1), 414(5), 852(1), 434(1), 276(2), 410(2), 486(1), 295(1), 331(1), 569(1), 427(3), 733(1), 724(1), 787(1), 560(1), 296(1), 780(4), 682(2), 250.6(2), 428(2), 435(2), 558(1), 250.8(2), 599(1), 491(2), 584(1), 618(1), 577(2), 781(1), #####(1), 250.12(1), 482(1)",56
1152,1151,11522,diag_2,"493(2), E928(1), 496(2), 403(1), 303(1), 250.02(2), V45(2), 242(1), 250.6(1), 428(2), 250(4), 413(1), 788(1), #####(6), 424(1), 996(1), 276(7), 427(2), 295(1), 402(1), 425(1), 997(1), 401(1), 292(1), 491(1), 599(2), 707(2), 414(1), 494(1), 285(1), 458(1), 416(1), 584(1), V09(1)",56
1153,1152,11531,diag_1,"801(1), 428(2), 786(3), 401(1), 414(3), 530(1), 386(1), 447(1), 721(1), 486(1), 962(1), 600(1), 584(3), 682(2), 453(1), 348(1), 226(1), 599(2), 648(1), 996(1), V57(2), 722(1), 415(2), 621(1), 558(1), 458(1), 250.6(1), 38(1), 410(1), 250.13(1), 998(1), 250.12(1), 443(1), 574(1), 562(1), 723(1), 276(2), 250.02(1), 805(1), 487(1), 592(1), 416(1), 333(1), 151(1)",56
1153,1152,11532,diag_2,"427(4), 403(1), 780(1), 710(1), 411(2), 496(2), 276(3), 440(1), 722(1), 428(1), 493(1), 601(1), 203(1), 250.02(2), 198(1), 997(1), 250(2), 707(3), 38(1), 721(1), 304(1), 882(1), 571(1), 569(1), 682(1), 530(1), 599(1), 414(1), 578(1), 511(1), 507(1), 401(1), 491(1), 552(1), 285(1), 344(1), 255(1), 486(1), E880(1), 585(1), 438(1), 584(2), 852(1), 349(1)",56
1154,1153,11541,diag_1,"294(1), 722(1), 723(2), 250.03(1), 250.1(2), 414(5), 780(3), 410(2), 276(2), 296(1), 250.8(2), 578(2), 428(2), 427(3), 599(2), 592(1), 575(1), 562(1), 998(1), 996(1), 785(1), 715(1), 434(1), 820(1), 493(1), 584(1), 426(1), 433(1), 491(1), 724(1), 486(1), 204(1), 401(1), 707(1), 250.7(1), 250.92(1), 250(1), 437(1), 999(1), 348(1)",56
1154,1153,11542,diag_2,"389(1), 403(1), 723(1), 535(1), 276(1), 303(1), 401(5), 411(1), 571(1), 428(2), 427(6), 413(1), 309(1), 250.6(1), #####(2), 593(1), 599(3), 250(3), 244(1), 788(1), 682(1), V43(1), 162(1), 784(1), 410(1), 707(1), 414(1), 789(1), 787(1), 285(1), 250.8(1), 283(1), 518(1), 486(1), 585(1), V58(1), 584(2), 290(1), 790(1), 438(1)",56
1155,1154,11551,diag_1,"388(1), 414(4), 220(1), 786(2), 996(2), 530(2), 433(1), 410(1), 486(1), 553(1), 711(1), 562(1), 276(1), 427(3), 250.02(1), 285(1), 682(2), 287(1), 188(1), 715(1), 447(1), 574(1), 284(1), 600(1), 572(1), 599(2), 491(2), 157(1), 558(2), 805(1), 38(2), 428(1), 253(1), 458(1), 280(1), 584(1), 998(1), 518(1), 250.8(1), 453(1), 487(1), 434(1), 250.12(1)",56
1155,1154,11552,diag_2,"401(5), 250.03(1), 427(7), 411(1), 300(1), E879(1), V49(1), 250.02(2), 8(1), 428(1), 682(2), 250.6(1), 157(1), 496(2), 305(1), 403(1), 599(4), 250(1), 425(2), 998(1), 205(1), 276(1), 295(1), 560(2), 707(2), 511(1), 507(1), 535(1), E878(1), 491(2), 294(1), 585(1), 344(1), 584(3)",56
1156,1155,11561,diag_1,"892(1), 335(1), 414(7), 250.4(1), 535(1), 428(1), 786(1), 433(1), 486(3), 410(3), 578(1), 536(1), 780(2), 296(1), 540(1), 427(3), 435(1), 151(1), 411(1), 434(2), 707(1), 590(1), 599(2), 998(1), 715(2), 820(1), 250.6(1), 440(1), V53(1), 572(1), V55(1), 444(1), 518(1), 250.13(1), 491(2), 238(1), 574(1), 493(1), 38(1)",56
1156,1155,11562,diag_2,"250.6(1), 518(1), V10(1), 593(1), 496(4), 428(2), 411(1), 305(1), 427(4), 413(1), 493(1), 276(3), 250.02(1), 295(1), 70(1), 998(1), 250(5), #####(1), 560(1), 444(1), 401(1), 682(1), 38(1), 599(1), 707(1), 414(4), 272(1), 284(1), 552(1), 410(1), V58(1), 789(1), 342(1), 585(1), 250.8(1), 458(1), 293(1), 438(1), 584(1), 348(1)",56
1157,1156,11571,diag_1,"250.13(2), 294(1), V57(1), 416(1), 427(1), 486(1), 290(1), 414(2), 276(3), 577(3), 398(1), 428(2), 296(2), 250.6(1), 682(3), 401(2), 185(1), 558(1), 250(1), 433(1), V58(1), 410(1), 590(1), 724(2), 183(1), 996(1), 722(1), 789(1), 458(1), 786(1), 802(1), 715(1), 493(2), 491(1), 584(2), 250.02(1), 250.12(1), 599(1), 250.8(1), 250.7(1), 154(1), 977(1)",56
1157,1156,11572,diag_2,"405(1), 250.02(2), V49(1), 250.6(1), 282(1), 496(2), 298(1), 411(1), 303(2), 396(1), 427(3), 305(1), 276(7), 428(1), 250(3), 250.82(1), 425(1), 204(1), 287(1), 788(1), 997(1), 38(1), 599(3), 414(2), 802(1), 401(1), 576(1), 283(1), 577(1), 518(1), 707(1), 572(1), 458(1), 585(1), 486(1), 730(1), 584(2), 562(1), 250.8(1)",56
1158,1157,11581,diag_1,"296(1), 787(1), 722(1), 410(1), 414(5), 562(3), 432(1), 434(1), 428(2), 935(1), 820(2), 507(1), 427(4), 780(3), 682(1), 404(1), 711(1), 599(2), 197(2), 486(1), 681(1), 250.02(1), 153(1), 715(1), 202(1), V53(1), 600(2), 491(1), 574(1), 592(1), 250.6(1), 38(2), 413(1), 242(1), 276(1), 518(2), 285(1), 786(1)",56
1158,1157,11582,diag_2,"250.01(1), 403(1), 242(1), 496(3), 411(2), 398(1), 596(1), 250.6(2), 427(1), 786(1), 453(1), 428(2), 250.02(1), #####(3), 790(1), 780(1), 157(1), 276(3), 162(2), 425(1), 682(1), 250(2), 196(1), 997(1), 491(4), 599(2), 591(1), 426(1), 412(1), 536(1), 707(1), 728(1), 507(1), 577(2), 787(1), 414(1), 585(1), 486(1), 584(1), 296(1)",56
1159,1158,11591,diag_1,"196(1), 786(2), 531(1), 738(1), 250.7(2), 414(4), 996(2), 486(2), 428(2), 577(2), 430(1), 434(1), 250(1), 427(5), 844(1), 507(1), 998(1), 435(2), 558(1), 298(1), 162(1), 250.8(1), 552(1), 574(2), 584(2), 789(1), 493(1), 715(2), 410(2), 401(1), 411(1), 780(1), 241(1), 292(1), #####(1), 482(1), 38(1), 356(1)",56
1159,1158,11592,diag_2,"276(6), 424(1), 280(2), 722(1), 411(1), 427(3), 440(1), 250.02(1), 574(1), 428(2), 413(1), 493(1), 496(3), 305(1), 401(4), 291(1), 198(1), 153(1), 540(1), 491(1), 575(1), 250(1), 599(1), 414(4), 272(1), 285(2), 519(1), 443(1), 577(1), 518(1), 783(1), 585(2), 53(1), 486(1), 344(1), 337(1), V85(1)",56
1160,1159,11601,diag_1,"514(1), 562(1), 250.7(1), 414(2), 786(2), 486(4), 292(1), 455(1), 507(1), 820(1), 535(1), 599(3), 410(2), 998(1), 188(1), 241(1), 682(1), 435(1), 427(1), V55(1), 296(1), 518(2), 434(1), 784(1), 250.6(1), 584(3), 707(1), 250.8(1), 458(1), 411(1), 785(1), 415(1), 428(1), 401(1), 648(1), 413(1), 491(1), 716(1), 205(1), 715(1), 654(1), 162(1), 511(1), 808(1), 38(1)",56
1160,1159,11602,diag_2,"403(1), 288(1), 496(3), 411(1), 413(2), 428(2), 427(2), 780(1), 276(4), 250(4), 250.7(1), #####(3), 593(1), 401(5), 250.5(1), 70(1), 560(1), 402(1), 38(1), 304(1), 682(1), 785(1), 491(1), 425(1), 278(1), 799(1), 786(1), 414(1), 536(1), 648(2), 728(1), 717(1), 518(1), 285(1), 577(1), 482(1), 486(1), 261(1)",56
1161,1160,11611,diag_1,"577(1), 250.52(1), 786(2), 402(1), 440(1), 428(2), 816(1), 707(1), 414(4), 861(1), 410(5), 486(2), 482(1), 611(1), 250.8(1), 820(1), 53(1), V57(1), 780(1), 491(3), 453(2), 346(2), 790(1), #####(2), 288(1), 242(1), 562(1), 722(1), 427(1), 285(1), 569(1), 415(1), 296(1), 535(1), 250.92(1), 434(1), 560(1), 404(1), 276(1), 728(1), 996(1)",56
1161,1160,11612,diag_2,"E933(1), 303(1), 403(1), 428(2), 496(3), 883(1), 440(1), 411(1), 807(1), 427(4), #####(2), 996(1), 250(2), 682(2), 287(1), 402(1), V54(1), 331(1), 426(1), 790(1), 599(2), 414(4), 204(1), 535(2), 415(1), 272(1), 410(1), 285(2), 274(1), 518(2), 733(1), 317(1), 585(3), 276(1), 342(1), 555(1), 584(1), 716(1)",56
1162,1161,11621,diag_1,"250.03(1), 250.11(1), 294(1), 729(1), 428(2), 555(1), 410(2), 414(4), 386(1), 560(1), 577(1), 966(1), 996(1), 189(1), #####(5), 404(1), V57(1), 682(2), 402(1), 611(1), 780(2), 453(1), 820(2), 584(2), 38(2), 997(1), 482(1), 250.7(1), 552(1), 443(1), 599(1), 433(1), 331(1), 250.8(1), 728(1), 518(1), 715(1), 290(1), 491(1), 296(1), 821(1), 808(1)",56
1162,1161,11622,diag_2,"276(9), 300(1), 428(2), 250.4(1), 424(2), 250(1), 496(2), 411(1), 574(2), 413(1), 780(1), 242(1), 996(1), 682(2), 250.02(1), 707(1), 611(1), 401(2), 425(2), #####(1), 560(2), 599(1), 410(1), 491(2), 785(1), 591(1), 250.8(1), 294(1), 414(1), 719(1), 285(1), 250.13(1), E885(2), 694(1), 592(1), 585(1), 733(1), 584(1)",56
1163,1162,11631,diag_1,"786(2), 276(2), 486(2), 414(4), 722(1), 428(2), 780(2), #####(4), 410(1), 435(1), 434(1), 853(1), 427(1), 715(2), 191(1), 824(1), 924(1), 783(1), 860(1), 599(1), 682(1), 242(1), 493(2), 296(1), 491(2), 239(1), 820(1), 560(2), 250.8(2), 174(1), 250.33(1), 250.13(1), 280(1), 275(1), 218(1), 998(1), 38(1), 153(1), 295(1), 440(1)",56
1163,1162,11632,diag_2,"403(2), 492(1), 496(2), 996(1), 411(1), 404(1), 788(1), 427(4), 428(2), 413(1), 780(2), 276(3), 493(1), 250.6(1), 424(2), 250.02(1), 250.92(1), 250(1), 511(1), 244(1), 278(1), 185(1), #####(1), 707(2), 719(1), 599(3), 426(1), 581(1), 291(1), 199(1), 585(3), 490(1), 410(1), 162(1), 518(2), 626(1), 584(1), 296(1), V62(1), 338(1)",56
1164,1163,11641,diag_1,"648(1), 598(1), 996(1), 428(2), 569(1), 414(3), 276(2), 402(1), 578(1), 491(3), 486(4), 250.8(1), 507(1), 250.6(2), 433(1), 435(1), 453(1), 599(2), 820(1), 162(1), 458(1), 577(1), 434(1), 805(1), 250.13(1), 473(1), 250.82(1), 493(2), 540(1), V58(1), 584(1), 250.02(1), 535(1), 79(1), 574(1), 781(2), 442(1), 518(1), 511(1), #####(1), 410(1), 558(1), 285(1)",56
1164,1163,11642,diag_2,"663(1), 595(1), 250.41(1), 250.83(1), 424(1), 496(1), 411(1), 70(1), 425(1), 280(1), 250.03(1), 427(2), 276(6), 731(1), 413(1), 250(5), 401(2), 428(1), 780(1), 599(3), 331(1), 491(1), V42(1), 135(1), 535(1), 202(1), 536(1), 272(2), 707(1), 285(1), 577(1), 922(1), 414(1), 410(1), 486(2), 562(1), 728(1), 518(1), 585(1), 151(1), 584(1)",56
1165,1164,11651,diag_1,"250.7(2), 153(3), 414(3), 38(1), 426(1), 431(1), 486(3), 584(2), 434(1), 250.11(1), 188(1), 8(1), 403(2), 250.81(1), 250.8(2), 715(2), 428(2), 574(1), 396(1), 781(1), 996(3), 250.6(3), V57(1), 515(1), 433(1), 997(1), 410(2), 594(1), 780(3), 599(1), 824(1), 491(2), 728(1), 487(1), 285(1), 571(1)",56
1165,1164,11652,diag_2,"40(1), 496(3), 411(1), 403(1), 427(2), 250.02(1), 250.42(1), 577(2), 276(4), 599(2), 515(1), 707(2), 197(1), 428(2), 401(4), 425(1), V43(1), 560(1), 799(1), 491(2), 569(1), 682(1), 785(2), 414(1), 41(2), 410(1), 263(1), 250(1), 786(1), 805(1), 285(2), 781(1), 570(1), 458(1), 585(1), 486(1), 281(1), 584(2)",56
1166,1165,11661,diag_1,"560(2), 428(2), 410(2), 786(1), 414(4), 486(3), 435(2), 507(1), 434(4), 722(1), 276(2), 733(1), 578(3), 707(1), 820(2), 576(1), 296(2), 592(1), 250.02(1), 427(2), 250.13(2), 997(1), 458(1), 493(1), 682(1), 599(1), #####(2), 584(1), 715(1), 491(1), 252(1), 8(1), 443(1), 562(1), 345(1), 440(1)",56
1166,1165,11662,diag_2,"340(1), 424(1), 496(2), 780(1), 411(1), 428(2), 427(6), #####(2), 998(1), 996(1), 250.02(1), 276(4), 295(2), 401(3), 590(1), 425(3), 70(1), 250(3), 682(2), 491(1), 707(1), 414(3), 278(1), 404(1), 275(1), 786(1), 38(1), 790(1), 721(1), 794(1), 285(1), 808(1), 585(2), 584(1)",56
1167,1166,11671,diag_1,"250.11(1), 428(2), 996(2), 721(1), 592(1), 682(1), 414(4), 786(3), 38(4), 998(1), 486(1), #####(6), 427(2), 453(1), 250.8(2), 564(1), 507(1), 527(1), 182(1), 584(1), 250.02(1), 730(1), 491(1), 780(1), 599(2), 648(1), 823(1), 466(1), 276(1), 535(1), 789(1), 715(1), 250.92(1), 455(1), 280(1), 403(1), 518(1), V57(1)",56
1167,1166,11672,diag_2,"276(3), 403(5), 715(1), 424(1), 496(3), 250.02(2), 411(1), 428(2), 574(1), 493(2), 280(1), 427(3), 250(3), 425(1), 38(1), 707(1), 491(1), 786(1), #####(1), 599(2), 682(1), 414(2), 410(1), 648(1), 284(1), 112(1), 530(1), 285(1), 820(1), 486(2), 575(1), 562(3), 585(2), 730(1), 813(1)",56
1168,1167,11681,diag_1,"250.4(1), 799(1), 722(1), 414(6), 733(1), V57(1), 996(3), 428(2), 453(2), 410(4), 565(1), 515(1), 958(1), 786(1), 820(2), 433(1), 250.6(3), #####(2), 789(2), 171(1), 621(1), 512(1), 535(1), 285(2), 682(1), 564(1), 38(1), 715(1), 571(1), 846(1), 592(1), 642(1), 578(1), 482(1), 250.02(1), 780(1), 203(1), 599(1)",56
1168,1167,11682,diag_2,"403(1), 496(2), 250.02(1), 411(2), V12(1), 250.6(2), 427(2), 428(2), 413(1), 569(1), 250.7(1), 276(4), 401(2), 788(1), 998(1), 250(1), 425(1), #####(2), 599(2), 616(1), 493(1), 535(1), 707(2), 491(1), 789(2), 357(1), 414(2), 922(1), 592(1), 578(1), 507(1), 648(1), 285(2), 486(1), 154(1), 585(3), 481(1), 924(1), 584(1)",56
1169,1168,11691,diag_1,"430(1), 786(3), 431(1), 535(1), 428(2), 414(7), 557(1), 434(1), 600(1), 427(2), 278(1), 404(1), 250.6(1), 681(1), 435(1), 821(1), 560(2), 197(1), 722(1), 552(1), 493(1), 996(1), 183(1), 584(1), 250.7(1), 337(1), 486(2), 250.8(1), 515(1), 38(1), 79(1), 808(1), 250.02(1), 410(1), 724(1), 965(1), 820(1), 789(1), 440(3), 507(1), 250.13(1), 780(1)",56
1169,1168,11692,diag_2,"250.51(1), 403(2), 496(2), 303(1), 411(1), V45(1), 428(2), 413(1), 996(1), 427(4), 250(3), 242(2), 250.6(1), 276(1), 197(1), 724(1), 250.82(1), #####(2), 38(1), 196(1), 425(1), 707(1), 599(3), 491(2), 426(1), 682(1), 511(1), 799(1), 287(1), 414(4), 518(2), 285(1), 577(1), 585(1), 191(1), 730(1), 584(1), 296(1), 348(1)",56
1170,1169,11701,diag_1,"250.1(1), 250.11(2), 562(1), 434(1), 724(2), 428(2), 593(1), 250.7(1), 414(4), 782(1), 998(1), 786(2), 296(1), 276(1), 250(1), 790(1), 433(1), 415(1), 250.8(2), 38(1), 278(1), 518(1), 458(1), 540(1), 820(1), 599(1), 491(2), 584(1), 664(1), 715(1), 456(1), 453(1), 238(1), 435(1), 586(1), 413(1), 427(1), 401(1), 532(1), 424(1), 250.12(1), 578(1), 682(1), 493(1), 444(1), 403(1), #####(1)",56
1170,1169,11702,diag_2,"V15(1), 305(1), 682(1), 403(1), 250.52(1), 396(2), 496(3), 276(6), 440(1), 411(2), 428(2), 280(1), 413(1), 427(1), 401(4), #####(1), 453(1), 780(2), 250.02(3), 578(1), 425(1), 250(2), 648(1), 511(1), 784(1), 426(1), 787(1), 285(1), 414(1), 518(4), 314(1), 486(2), 585(2), V85(1)",56
1171,1170,11711,diag_1,"155(1), V57(1), 786(2), 822(1), 428(2), 410(3), 414(2), 996(3), 722(1), 682(3), 250.81(1), 250.6(2), V58(1), 715(1), 493(2), 584(3), #####(1), 38(1), 440(2), 458(1), 486(1), 427(4), 491(1), 250.8(2), 724(1), 820(1), 295(1), 780(1), 250.12(1), 789(1), 562(1), 250.82(1), 437(1), 599(1), 285(1), 459(1), 574(1), 8(1)",56
1171,1170,11712,diag_2,"280(1), V45(1), 428(2), 427(3), 250(2), #####(3), 413(1), 401(2), 250.02(2), 250.92(1), 682(3), 493(1), 153(1), 402(1), 425(1), 276(5), 404(1), 599(1), 491(1), 567(1), 790(1), 433(1), E888(1), 536(1), 314(1), 414(1), 386(1), 728(1), 724(1), 250.8(1), 511(1), 434(1), V58(1), 112(2), 585(2), 486(1), 562(1), 442(1), 730(1), 584(1)",56
1172,1171,11721,diag_1,"682(4), 250.4(1), 3(1), 420(1), 428(2), 723(1), 786(3), 536(1), 414(3), 482(2), 410(3), 386(1), 578(1), 574(1), 295(1), 507(2), 996(2), 340(1), 599(2), 38(1), 493(2), 486(1), 8(1), 998(1), 458(1), 626(1), 440(2), 518(1), 250.8(1), 584(2), 781(1), 531(1), 250.6(1), 433(1), 444(1), 788(1), 429(1), 466(1), 592(1)",56
1172,1171,11722,diag_2,"706(1), 403(3), 780(2), 424(1), 244(1), 496(2), 428(2), 250.6(1), 411(1), 250.02(3), #####(4), 401(1), 280(1), 996(1), 250(5), 276(2), 722(1), 590(1), 38(1), 682(2), 681(1), V42(1), 707(2), 414(2), 599(1), 441(1), 433(1), 285(1), 785(1), 782(1), 443(1), 621(1), 518(1), 296(1), 578(1), 458(1), 323(1), 584(1)",56
1173,1172,11731,diag_1,"250.53(1), 648(1), 250.11(1), 593(1), 416(1), 282(1), 786(3), 569(1), 572(1), 514(1), 414(3), 560(1), 296(1), 411(1), 567(1), 562(1), 724(1), 574(2), 790(1), 427(2), 585(1), 434(2), 250.02(2), 599(1), 415(1), 584(2), 715(1), 440(1), 188(1), 276(2), 453(2), 250.8(1), 530(1), 331(1), 38(1), 711(1), 998(1), 813(1), 967(1), 428(1), 465(1), 491(2), 486(1), 578(1)",56
1173,1172,11732,diag_2,"276(7), 250.01(1), 428(2), 157(1), 413(1), 135(1), 571(1), #####(2), 780(1), 427(4), 403(1), 496(1), 250.6(1), 724(1), 401(4), 433(1), 286(1), 707(3), 425(1), 786(2), 592(1), 414(1), 530(1), 272(1), 294(1), 785(1), 585(1), E878(1), 507(1), 486(3), 577(1), 466(1), 250.13(1), 584(1), 289(1), 348(1), 238(1)",56
1174,1173,11741,diag_1,"414(4), 195(1), 250.6(1), 786(1), 722(1), 435(2), 182(1), 428(2), 410(1), 996(2), 276(2), 780(1), 444(1), 681(1), 433(1), 427(2), 715(3), 682(2), 296(1), 812(1), 599(2), 250.42(1), 998(1), 724(1), 836(1), 250.13(1), 562(1), 519(1), #####(4), 585(1), 9(1), 486(2), 785(1), 789(1), 820(1), 491(2), 424(1), 466(1), 493(1)",56
1174,1173,11742,diag_2,"492(1), 197(1), 250.52(1), 780(1), 996(1), 411(1), 250.6(1), 424(1), 427(4), 428(2), 413(2), #####(3), 250.02(1), 276(5), 250(3), 425(1), 599(1), 304(1), 682(1), 196(1), 998(2), 162(1), 790(1), 412(1), 581(1), 250.8(2), 250.12(1), 787(2), 707(1), 518(1), 285(2), 284(1), 486(1), 250.13(1), 584(2), 416(1), 585(1), V85(1)",56
1175,1174,11751,diag_1,"794(1), 722(1), 721(1), 295(2), 414(5), 455(1), 786(2), 428(2), 188(1), 535(1), 486(3), 715(4), 296(1), 451(1), 250.8(1), 780(1), 820(1), 250.02(2), 435(1), 197(2), #####(5), V57(1), 493(1), 584(1), 410(1), 250.7(1), 437(1), 276(2), 578(1), 434(1), 38(1), 618(1), 799(1), 491(1), 413(1), 250.92(1), 430(1)",56
1175,1174,11752,diag_2,"427(4), 515(1), 424(2), 496(2), 280(1), 428(2), 305(1), 411(1), 250.02(2), 413(1), 780(1), 250.92(1), 682(1), 250.4(1), 276(2), 301(1), #####(2), 250(4), 198(1), 425(1), V54(1), 401(1), 491(1), 414(3), 785(1), 530(1), 782(1), 459(1), E935(1), 729(1), 443(1), 507(1), 285(2), 486(2), 786(1), 577(1), 154(1), 719(1), 584(1), 432(1)",56
1176,1175,11761,diag_1,"707(1), 414(6), 227(1), 250(1), 303(1), 398(1), 622(1), 786(2), 486(1), 820(1), 733(2), 296(1), 428(2), 552(1), 592(2), 715(3), 276(1), 250.02(1), 458(1), 780(1), 590(1), 197(1), #####(1), 238(1), 482(1), 562(1), 558(1), 997(1), 250.6(1), 285(1), 453(2), 250.22(1), 595(1), 998(1), 444(1), 540(1), 427(1), 250.12(1), 491(3), 996(1), 38(1), 410(1)",56
1176,1175,11762,diag_2,"685(1), 403(2), 250(6), 250.02(2), 396(1), 618(1), 411(1), 996(2), 710(1), 715(1), 303(1), 276(4), 496(1), 593(1), 427(1), 998(1), 425(1), 402(1), 162(1), 491(2), 511(1), 401(1), 599(1), 410(1), 591(1), 41(1), 707(1), 792(1), 414(1), 202(1), 332(1), 253(1), 790(1), 285(2), 447(1), 518(2), V58(1), 577(1), 585(2), 584(1), 423(1)",56
1177,1176,11771,diag_1,"115(1), 250.11(1), 250.4(1), 250.6(2), 428(2), 571(1), 414(5), 577(2), 722(1), 486(2), 511(1), 435(1), 250.8(3), 536(1), 824(1), V57(1), 578(2), 590(1), 599(1), 218(1), 584(1), 780(3), 715(1), 276(1), 348(1), 996(1), 998(1), 786(1), 38(2), 250.2(1), #####(3), 491(2), 404(1), 427(2), 250.02(1), 345(1), 434(1), 197(1)",56
1177,1176,11772,diag_2,"515(1), 276(5), 403(1), 496(3), 428(2), 303(1), 722(1), V45(2), 250.02(1), 427(5), 413(1), 731(1), 682(1), 250(3), 402(1), 304(1), 599(2), 491(2), 781(1), 410(1), 567(1), 414(2), 530(1), 473(1), 284(1), 786(2), 707(2), 401(1), V58(1), 342(1), 486(1), 416(1), 584(2), 435(1), 750(1), 556(1)",56
1178,1177,11781,diag_1,"786(2), 715(3), 428(2), 566(1), 486(4), 250.7(1), 592(1), 581(1), 414(4), 682(2), #####(2), 560(1), 530(2), 578(1), 296(1), 153(1), 434(2), 998(1), 189(1), 250.2(1), 458(1), 459(1), 433(1), 451(1), 285(1), 608(1), 250.13(1), 250.02(1), 574(2), 571(1), 996(1), 518(2), 820(1), 250.22(1), 644(1), 780(1), 493(1), 276(1), 410(1), 295(1)",56
1178,1177,11782,diag_2,"496(2), 250.01(1), 424(1), 280(3), 440(1), 492(1), 427(3), 401(2), 411(1), 250.02(1), 571(1), 428(2), 300(1), 197(1), 493(1), 250.82(1), 250.92(1), 276(3), #####(2), 250(1), 433(1), V43(1), 272(1), 599(3), 491(2), 681(1), 414(1), 552(1), 789(1), 786(1), 285(2), 518(2), 486(2), 507(1), 648(1), 585(2), 584(1), 435(1), V62(1)",56
1179,1178,11791,diag_1,"511(1), 402(1), 428(2), V54(1), 996(2), 780(3), 493(3), 786(2), 562(1), 414(6), 482(1), 434(1), 276(2), 922(1), 530(1), 724(1), 278(1), 433(1), 427(2), 189(1), 250.13(1), #####(2), 174(1), 440(1), 584(2), 250.8(2), 250(1), 38(1), 443(1), 410(1), 250.82(1), 820(1), 79(1), 715(1), 805(1), 709(1), 557(1), 571(1), 682(1)",56
1179,1178,11792,diag_2,"179(1), 250.11(1), 250.41(1), 250.02(4), 403(2), 340(1), 280(1), 411(1), 427(2), 413(1), 428(2), 453(1), 780(2), 250(6), 287(1), 425(2), 38(1), 300(1), 578(1), 401(3), 276(2), 491(1), 682(1), 278(1), 414(3), 599(2), 707(1), 272(1), 285(1), 410(1), 584(1), 458(1), 564(1), 456(1), 486(1), 585(1), 337(1)",56
1180,1179,11801,diag_1,"250.93(1), 278(1), 250.4(2), 648(1), 486(1), 945(1), 295(1), 786(3), 569(1), 428(2), 414(2), 733(1), 402(1), 584(2), 276(2), 577(2), 415(2), 780(1), 574(1), 453(1), 401(1), 427(2), 540(2), 435(1), 296(1), 250.02(1), 599(2), 250.13(1), 682(2), 715(2), 491(4), 724(1), 566(1), 457(1), 576(1), 820(1), 433(1), 434(1), 836(1)",56
1180,1179,11802,diag_2,"780(1), 250.01(2), 403(3), 404(1), 250.92(1), 305(1), 427(5), 250.6(1), 413(2), 425(1), 996(1), 574(1), 401(3), 428(2), V64(1), 276(3), 287(1), E934(1), 42(1), 250(4), 453(1), #####(1), 433(1), 786(1), 724(1), 345(1), 41(2), 585(2), 682(1), 577(1), 558(1), 285(1), 414(1), E885(1), 466(1), 438(1), 337(1), V85(1)",56
1181,1180,11811,diag_1,"303(1), 593(1), V57(1), 722(1), 965(1), 486(3), 786(1), 250.7(1), 250.22(1), 428(2), 414(1), 519(1), 600(1), 715(4), 574(1), 250.8(2), 253(1), 250.02(1), 820(2), 599(1), 493(2), 465(1), 724(1), 518(2), 434(2), 998(1), 562(1), #####(1), 427(1), 682(1), 584(1), 250.6(1), 285(2), 648(1), 410(1), 530(1), 780(2), 466(1), 962(1), 852(1), 813(1), 997(1), 996(1)",56
1181,1180,11812,diag_2,"250.01(1), 403(2), 424(1), 303(1), 496(3), 241(1), 780(2), 428(2), 276(5), 427(2), 453(1), 788(2), 295(1), 250.02(1), #####(2), 397(1), 738(1), 425(1), 401(1), 997(1), 455(1), 599(2), 250(2), 536(1), 440(1), 410(1), 648(1), 785(1), 414(2), 202(1), 799(1), 285(2), 250.8(1), 585(3), 342(1), 730(1), 584(2)",56
1182,1181,11821,diag_1,"731(1), 508(1), 604(1), 415(3), 295(2), 440(1), 428(2), 414(1), 410(1), 427(3), 493(1), 276(2), 724(2), 715(2), 682(1), 280(3), 435(1), 200(1), 780(3), 996(2), #####(1), 535(1), 491(2), 584(1), 599(1), 532(1), 552(1), 197(1), 158(1), 182(1), 38(1), 411(1), 481(1), 654(1), 728(1), 284(1), 518(2), 781(1), 578(1), 813(1)",56
1182,1181,11822,diag_2,"401(3), 196(1), 250.92(1), 451(1), 250.02(4), 496(2), 427(2), 411(1), 428(2), 424(2), #####(2), 453(1), 571(1), 250(1), 478(1), 276(3), 204(1), 38(1), 560(2), 599(1), 8(1), 531(1), 707(1), 202(2), 789(1), 786(2), 627(1), 787(1), 272(1), 491(1), 648(1), 733(1), 486(2), 730(1), 585(3), 584(1), 296(1), 812(1)",56
1183,1182,11831,diag_1,"738(1), 727(1), 428(2), 293(1), 295(1), 786(4), 482(1), 414(5), 435(2), 591(1), 185(2), 410(1), 780(2), 433(1), 426(1), 486(2), 493(2), #####(5), 434(2), 996(1), 443(1), 453(1), 530(1), 812(1), 38(1), 997(1), 560(1), 584(1), 490(1), 250.8(2), 789(1), 618(1), 820(1), 518(1), 491(1), 348(1), 728(1)",56
1183,1182,11832,diag_2,"403(1), 496(1), 492(1), 599(2), 300(1), 780(2), 515(1), 427(4), 428(2), V45(1), 595(1), 788(1), 413(1), 250.6(1), 244(1), 276(1), 250(3), 250.92(1), 425(2), 444(1), 401(1), 155(1), 304(1), 491(3), 535(1), 511(1), 414(2), 707(1), 785(1), 784(1), 272(1), 189(1), 202(1), 786(2), 285(2), 518(2), 278(1), E932(1), 294(1), 584(2)",56
1184,1183,11841,diag_1,"595(1), 648(1), 294(1), 414(7), 402(1), 435(2), 426(1), 600(1), 428(2), 730(1), 410(2), 722(1), 211(1), V57(1), 486(1), 38(1), 458(1), 493(1), 790(1), 998(2), 250.02(1), 578(1), 996(2), #####(2), 584(1), 518(2), 250.6(1), 491(1), 789(1), 507(1), 577(2), 569(1), 162(1), 823(1), 596(1), 331(1), 276(1), 250.13(1), 427(1), 820(1), 724(1), 490(1)",56
1184,1183,11842,diag_2,"598(1), 250.01(1), 250(4), 403(1), 427(5), 250.6(2), 496(2), 411(2), 428(2), #####(3), 413(1), 401(4), 38(2), 276(5), 426(1), 491(1), 707(1), 263(1), 576(1), 569(1), 511(1), 414(3), 599(1), 294(1), 415(1), 518(3), 486(1), 482(1), 438(1), 756(1), 465(1)",56
1185,1184,11851,diag_1,"428(2), 794(1), 996(2), 276(1), 455(1), 786(1), 300(1), 414(5), 574(1), 435(1), 410(1), 782(1), 453(2), 70(1), 434(2), 427(2), 198(1), 296(3), 557(1), 560(1), 486(2), 331(1), 715(2), #####(1), 564(1), 458(1), 411(1), 250.13(1), 595(1), 218(1), 491(1), 682(1), 250.8(3), 596(1), 562(1), 618(1), 575(1), 295(1), 599(1), 250.02(1), 285(1)",56
1185,1184,11852,diag_2,"403(3), 560(2), 174(1), 427(3), 242(1), 411(1), 573(1), 428(2), 493(1), #####(6), 276(6), 250.02(1), 496(1), 197(1), 781(1), 250(1), 402(2), 401(1), 218(1), 998(1), 41(1), 707(1), 786(1), 591(1), 272(1), 414(1), 625(1), 285(1), 530(1), 564(1), 518(1), 458(1), 585(2), 730(1), 584(2), 344(1), V62(1)",56
1186,1185,11861,diag_1,"250.43(1), 428(2), 574(1), 112(1), 220(1), V57(1), #####(2), 434(1), 188(1), 414(3), 780(2), 922(1), 250.8(2), 433(1), 722(1), 211(1), 812(1), 511(1), 820(2), 786(5), 427(2), 664(1), 202(1), 458(1), 435(1), 410(1), 599(1), 823(1), 784(1), 920(1), 715(2), 250.82(2), 491(1), 411(1), 153(1), 238(1), 824(1), 38(2), 440(1), 593(1), 274(1)",56
1186,1185,11862,diag_2,"996(1), 250.41(2), 250.03(1), 403(2), 413(1), V45(2), 424(2), 496(1), 309(1), 280(1), 428(1), 411(1), 736(1), 276(2), 427(3), 425(1), 493(1), 682(1), 707(2), 414(4), 402(1), 401(2), 784(1), 41(1), 958(1), 473(1), 250(1), 284(1), 434(1), 786(1), 410(1), 285(3), 794(1), 518(1), 466(1), 250.22(1), 585(1), 867(1), 584(4)",56
1187,1186,11871,diag_1,"250.11(1), 682(2), 996(1), 530(2), 428(2), 414(2), 300(1), 786(4), 562(1), 38(4), #####(4), 486(1), 997(1), 250.8(1), 592(1), 198(1), 789(1), 784(1), 780(1), 410(3), 434(2), 584(1), 440(1), 998(1), 626(1), 560(4), 162(1), 491(2), 715(1), 482(1), 599(1), 574(1), 518(1), 250(1), 250.7(1), 808(1)",56
1187,1186,11872,diag_2,"276(4), 250.01(1), 403(3), 492(1), 424(2), 496(3), 250.02(2), 280(1), 427(2), 411(1), 428(2), 453(1), V42(1), 590(1), 198(1), 250(2), 250.6(1), 566(1), 425(1), 401(2), 682(2), V12(1), 599(3), 196(1), 211(1), 511(1), 491(2), 414(1), 790(1), 284(1), 785(1), 518(1), 112(1), 745(1), 342(1), 585(2), 923(1), 337(1)",56
1188,1187,11881,diag_1,"428(2), 486(4), 386(1), 996(5), 786(2), 574(2), 414(4), 410(5), 250.7(1), 530(1), 434(1), #####(4), 440(1), V57(1), 278(1), 427(1), 599(1), 285(1), 781(1), 493(1), 276(2), 998(1), 715(2), 552(1), 162(1), 716(1), 532(1), 437(1), 789(1), 438(1), 250.1(1), 556(1), 403(1), 557(1)",56
1188,1187,11882,diag_2,"250.51(1), 250.01(1), 403(2), 496(5), 396(1), 440(2), 305(1), 411(1), 428(2), #####(3), 250.02(1), 493(1), 996(1), 590(1), 781(1), 250(1), 578(1), 276(3), 997(1), 780(1), 38(2), 599(4), 204(1), 491(1), 998(1), 799(1), 414(3), 511(1), 285(2), 345(1), 585(2), E878(1), 486(1), 584(2), 255(1), 348(1)",56
1189,1188,11891,diag_1,"648(2), 786(4), 291(1), 577(3), 486(1), 414(4), 427(1), 410(4), 250.82(2), 276(1), 996(2), 780(1), 218(1), 812(1), 434(1), 584(1), 491(2), 197(1), 288(1), 715(1), 428(1), 493(1), 453(1), 250.7(1), 682(1), 250.8(2), 38(2), 285(1), 8(1), 518(2), 599(2), 280(1), 458(1), 821(1), 357(1), 250.2(1), 492(1)",56
1189,1188,11892,diag_2,"250.01(1), 403(1), 780(1), 496(2), 428(2), 250.6(1), 411(1), 424(1), 996(1), 731(1), 156(1), #####(1), 493(2), 276(2), 250(3), 425(1), 401(3), 250.7(1), 250.92(1), 491(2), 682(1), 511(1), 414(3), 415(1), 785(1), 790(1), 707(3), 272(1), 789(1), 410(1), 507(1), 486(2), 518(1), 255(1), 537(1), 585(1), 584(1), E885(1), 730(1), 344(1), 289(1), 273(1)",56
1190,1189,11901,diag_1,"434(5), 294(1), 428(2), 727(1), 276(1), 414(3), 202(2), 459(1), #####(4), 435(2), 410(2), 290(1), 577(2), 427(3), 715(2), 998(1), 250.8(1), 786(1), 599(2), 850(1), 486(1), 682(2), 924(1), 621(1), 346(1), 38(2), 808(1), 193(1), 404(1), 966(1), 493(1), 403(1), 333(1), 466(1), 518(1), 722(1)",56
1190,1189,11902,diag_2,"366(1), 312(1), 250.83(1), 788(1), 496(5), V45(2), 280(1), 403(1), 427(2), 428(2), 411(1), 413(1), 250(5), #####(1), 574(1), 305(1), 198(1), 682(1), 250.02(1), V12(1), 707(2), E888(1), 414(1), 599(1), 785(2), 784(1), 253(1), 507(1), 805(1), 486(4), 153(1), 585(2), 296(1), 781(1), 733(1), 584(2), 416(1), 791(1)",56
1191,1190,11911,diag_1,"574(2), 276(1), 997(1), 435(2), 530(1), 557(1), 780(2), 486(1), 414(8), 576(1), 278(1), 733(1), 174(1), 428(2), 185(1), 715(2), 182(1), 575(1), 427(1), 296(1), 996(1), 250.02(1), 998(1), 197(1), 824(1), #####(1), 656(1), 491(1), 682(1), 198(1), 518(2), 440(2), 560(1), 300(1), 531(1), 466(1), 535(1), 614(1), 789(1), 154(1), 537(1), 79(1)",56
1191,1190,11912,diag_2,"250.01(1), 403(1), 496(3), 305(1), 250.02(1), 427(3), 411(2), 413(1), 574(1), 997(1), 493(2), 287(1), 250(2), 250.6(1), 998(1), 300(1), 428(1), 425(1), 292(1), 38(2), 401(1), 276(3), 196(1), 682(1), 599(2), 560(1), 707(2), V43(1), 648(1), 785(1), 459(1), 272(1), 414(1), 786(1), 285(2), 112(1), 564(1), 530(1), 585(1), 486(1), 584(3)",56
1192,1191,11921,diag_1,"736(1), 414(5), 682(3), 311(1), 402(1), 553(1), 577(1), 440(1), 198(1), 433(1), 428(1), 434(1), 295(1), 276(2), 998(1), 824(2), 282(1), 820(2), 250.6(2), 558(1), 724(1), 710(1), 599(1), 625(1), 715(2), 250.8(2), 784(1), 780(1), 466(1), 410(1), 560(1), 413(1), 618(1), 415(2), 733(1), 996(1), 250.12(1), 250.02(1), 427(1), 531(1), 716(1), 491(2)",56
1192,1191,11922,diag_2,"715(1), 250.01(1), 376(1), 780(1), 428(2), 250.02(2), 305(1), 411(1), 427(5), 197(1), 276(3), 493(1), 301(1), 250.92(1), 707(2), #####(1), 250(2), 401(3), 578(1), 959(1), 425(1), 997(1), 998(1), 682(1), 402(1), 426(1), 414(1), 530(1), 787(1), 614(1), 518(2), 733(1), 995(1), 599(1), 112(1), 486(1), 585(1), 729(1), 482(1), 924(1), 438(1), 584(2)",56
1193,1192,11931,diag_1,"278(1), 531(1), 428(2), 786(3), 578(1), 440(3), 414(6), 789(1), 552(1), 401(1), 415(1), 707(1), 197(1), 808(1), 453(1), 780(2), 250.8(2), 250.6(2), 715(2), 486(1), 584(2), 427(1), 571(1), 250.02(1), 250.82(1), 787(1), 250.13(1), 250.12(2), 507(1), 435(1), 38(1), 491(2), 162(1), 682(1), #####(1), 357(1), 466(1), 518(1), 276(1)",56
1193,1192,11932,diag_2,"424(2), 280(2), 496(2), 428(2), 250.02(1), 411(1), 427(1), 413(1), 276(2), 453(1), 682(2), 593(1), 157(1), 250.01(1), 401(4), 250(1), 599(4), 707(4), 722(1), 414(1), 789(1), 150(1), 724(1), 794(1), 285(1), 518(2), 486(2), 585(3), 482(1), 462(1), 584(4), 112(1), 753(1), V85(1)",56
1194,1193,11941,diag_1,"648(1), 250.22(1), 433(1), 428(2), 786(4), 511(1), 250.7(1), 414(4), 998(2), 824(1), 722(1), 536(1), 250.8(2), 780(3), 510(1), 682(1), 577(1), 562(2), 733(1), 715(1), 427(2), 434(2), 38(1), 415(1), 575(1), 805(1), V57(1), 584(1), 285(1), 491(2), 486(1), 250.82(1), 250.13(1), 441(1), 154(1), 578(1), 250.12(1), 518(1), 820(1), 996(1), 493(1)",56
1194,1193,11942,diag_2,"646(1), 70(1), 424(1), 496(2), 427(3), 571(1), 428(2), 440(1), 250.6(1), 711(1), 276(5), 197(1), 731(1), 305(1), 411(1), 413(1), 162(1), 205(1), 722(1), #####(3), 250(4), 599(3), 493(1), 455(1), 799(1), 560(1), 401(1), 402(1), 569(1), 707(1), 425(1), 997(1), 507(1), 682(1), 491(1), E885(1), 486(1), 585(2), 438(1), 584(1)",56
1195,1194,11951,diag_1,"250.03(1), 153(1), 786(5), 532(1), 996(2), 428(2), 414(3), 410(2), 440(2), 560(2), 205(1), 780(3), 250.02(1), 434(1), V57(2), 715(2), #####(2), 535(1), 486(1), 530(1), 556(1), 250.13(1), 682(1), 276(1), 250.8(2), 458(1), 562(1), 599(1), 441(1), 518(2), 250.7(1), 820(1), 491(2), 850(1), 578(1), 250.12(2)",56
1195,1194,11952,diag_2,"780(1), 250.01(1), 280(2), 428(2), 788(1), 427(1), 411(3), 413(2), #####(3), 996(1), 198(1), V15(1), 276(4), 401(2), V43(1), 277(1), 425(2), 444(1), 599(3), 162(1), 433(1), 578(2), 250(2), 682(1), 920(1), E947(1), 414(3), 785(1), E888(1), 490(1), 805(1), 782(1), 244(1), 486(1), 584(1), 296(1), 557(1), V85(1)",56
1196,1195,11961,diag_1,"620(1), V57(2), 428(2), 530(1), #####(4), 586(1), 296(2), 572(1), 553(1), 592(1), 682(3), 486(3), 786(2), 435(1), 250.11(1), 569(1), 8(1), 560(2), 552(1), 600(1), 599(3), 996(1), 250.6(1), 434(1), 867(1), 38(2), 584(1), 577(1), 998(1), 715(1), 430(1), 724(1), 578(1), 162(1), 661(1), 453(1), 404(1), 491(1), 482(1), 250.12(1), 182(1)",56
1196,1195,11962,diag_2,"239(1), V45(1), 496(2), 305(2), 715(1), 250.41(1), 250.02(1), 571(1), 250(3), 996(1), 428(1), 276(1), 401(2), 301(1), V58(1), 997(1), 402(1), 250.6(1), 278(1), V54(1), 611(1), 599(3), 790(1), 536(1), 38(1), 8(1), 410(1), 784(1), 197(1), 491(1), 789(1), 785(1), 285(3), 331(1), 518(3), 486(2), 642(1), 585(3), 482(1), 584(1), 296(1), V85(1)",56
1197,1196,11971,diag_1,"276(1), 921(1), 291(1), 719(1), 486(1), 427(2), 414(4), 786(2), 733(2), 564(1), 434(2), 428(2), 996(1), 410(1), 989(1), 707(1), 295(1), 721(1), 787(1), 493(1), 162(1), 241(1), 250(1), 850(1), 433(2), 578(1), 296(3), 560(1), 577(1), 584(2), 250.6(1), #####(1), 530(1), 274(1), 780(1), 552(1), 443(1), 541(1), 574(1), 820(1), 715(1), 518(1), 686(1), 824(1)",56
1197,1196,11972,diag_2,"692(1), 599(6), 250.02(5), 250.11(1), 250.81(1), 496(2), 427(4), 571(1), 358(1), 411(2), 413(1), 518(1), 276(3), 250(4), 198(1), 425(2), 428(1), 305(1), 433(1), 401(2), 404(1), 38(1), 491(2), 709(1), 799(1), 560(1), 414(1), 707(2), 311(1), 275(1), 285(2), 813(1)",56
1198,1197,11981,diag_1,"786(5), 438(1), 414(4), 410(1), V58(1), 558(1), 458(1), 38(3), 398(1), 295(1), 996(1), 174(1), 415(1), 434(2), 995(1), 202(1), 599(2), 428(2), 820(2), 802(1), 250.12(1), 530(1), 574(1), 625(1), 715(2), 427(1), 682(1), 658(1), 348(1), 465(1), 296(1), 789(1), 198(1), 578(1), #####(1), 722(1), 481(1), 288(1), 244(1), 285(1), 487(1), 349(1)",56
1198,1197,11982,diag_2,"250.42(1), 780(2), 427(2), V45(1), 428(2), 205(1), 411(1), 493(2), 403(1), 250.4(1), 250(2), 401(2), 276(4), 453(1), 696(1), 425(4), 291(1), 496(1), 599(2), 618(1), 189(1), 786(3), 41(1), 707(1), 648(1), 275(1), 461(1), 577(1), 733(2), 518(3), 466(1), 486(1), 585(3), 342(1), 154(1), 584(1)",56
1199,1198,11991,diag_1,"V58(1), V55(1), 786(3), 295(1), 780(2), 162(1), 996(3), 414(5), 410(3), 434(1), 276(4), 537(1), 552(1), 157(1), 250.8(2), 427(1), 428(2), 435(1), 493(2), 486(3), 250.6(2), 38(1), 535(1), 592(1), 285(2), 250.12(1), 491(2), 820(1), 518(2), 599(1), 572(1), 466(1), 571(1)",56
1199,1198,11992,diag_2,"250.01(1), 250.52(1), 496(1), 305(1), 492(2), 411(2), 413(1), 428(2), 250.02(1), 427(1), #####(3), 280(1), 197(2), 710(1), 595(1), 401(2), 425(1), 8(1), 250(1), 440(1), 493(1), 162(1), 536(1), 682(2), 707(2), 357(1), 414(2), 553(1), 592(1), 591(1), 202(1), 276(1), 599(1), 285(1), 786(1), 491(1), 558(1), 458(1), 486(1), 572(1), 585(2), 728(1), 516(1), 456(1), 514(1)",56
1200,1199,12001,diag_1,"341(1), 682(2), 185(1), 584(2), 558(1), 812(1), 428(2), 511(1), 38(4), 250.7(1), 401(1), 414(2), 486(2), 737(1), 780(3), 278(1), 786(1), 715(1), 250.6(1), 434(1), 801(1), 250.8(2), 599(2), #####(4), 515(1), 552(1), 447(1), 433(1), 491(3), 619(1), 427(1), 733(1), 413(1), 784(1), 996(1), V57(1), 493(1), 466(1), 276(1)",56
1200,1199,12002,diag_2,"599(4), 250.01(1), 600(1), 250.41(1), 250.11(1), 280(1), 305(1), 571(1), 403(1), 440(1), 427(3), 411(1), 518(1), 250.02(2), 250(2), 998(1), 428(1), 276(5), 493(1), 507(1), 682(3), 491(1), 153(1), 728(1), 585(3), 789(1), 530(1), 285(2), 733(1), 414(1), 786(1), 486(2), 995(1), 584(4), 466(1), 333(1)",56
1201,1200,12011,diag_1,"495(1), 786(3), 820(2), 996(4), 787(1), 414(6), 482(1), 434(1), 780(3), 560(1), 435(1), 890(1), 562(1), 995(1), 599(3), 433(1), 531(1), 427(2), 428(2), 153(1), 493(1), 532(1), 276(2), 715(2), 721(1), 250.02(1), 8(1), 426(1), 250.8(1), 410(1), 157(1), 584(1), 574(1), 784(1), 998(1), 486(1), 781(1)",56
1201,1200,12012,diag_2,"250.82(1), 424(1), 411(2), 280(1), 250.6(2), 780(3), 413(2), 428(2), #####(2), 250.02(2), 276(3), 250.12(2), 427(1), 250(5), 425(1), 153(1), 287(1), 491(1), 599(1), 162(1), 536(1), 414(2), 401(1), 707(2), 426(1), 576(1), 272(1), 8(1), 507(1), 787(1), 577(1), 995(1), 294(1), 286(1), E878(1), 518(1), 202(1), 486(1), 348(1)",56
1202,1201,12021,diag_1,"250.4(1), 844(1), 557(1), 410(2), 868(1), 423(1), 574(1), 851(1), 572(1), 571(1), 414(2), 427(4), 250.6(2), 590(1), 998(2), 426(1), 575(2), 433(1), 599(2), 428(2), 518(3), 453(1), 584(3), 536(1), 781(1), 780(1), 786(2), 38(2), #####(2), 715(1), 491(2), 654(1), 413(1), 281(1), 578(1), 345(1), 296(1), 466(1)",56
1202,1201,12022,diag_2,"403(1), E927(1), 496(4), 807(1), 425(2), 286(1), 250.02(3), 571(1), 276(4), 411(1), 424(1), 305(1), 788(1), 250.82(1), 428(1), 780(1), 401(2), 427(2), 250(3), 295(2), 682(1), 491(1), 530(1), 263(1), 414(2), 599(1), 786(1), 648(1), 415(1), 784(1), 285(1), 518(1), 482(2), 585(2), 486(1), 438(1), V62(1), 348(1), 260(1)",56
1203,1202,12031,diag_1,"250.11(1), 786(4), 780(2), 608(1), 435(1), 410(2), 595(1), 555(1), 289(1), 852(1), 414(4), 250.42(1), 558(1), 574(2), 276(1), 162(1), 682(1), 296(2), 434(3), 428(2), 252(1), 590(2), #####(3), 440(1), 250.8(1), 584(1), 715(1), 491(2), 486(1), 8(2), 496(1), 250.12(1), 518(1), 38(3), 403(1), 507(1)",56
1203,1202,12032,diag_2,"305(1), 403(1), 250.01(1), 340(1), 280(1), 424(1), 496(2), 250.81(1), 427(3), 250(1), 453(1), 428(2), 276(6), 413(1), 583(1), 780(1), 411(1), #####(3), 250.02(2), 710(1), 595(1), 425(1), 682(2), 162(2), 491(3), 401(1), 784(1), 807(1), 441(1), 786(1), 790(1), 518(2), 486(2), 585(2), 438(1), 319(1), 349(1)",56
1204,1203,12041,diag_1,"402(2), 250.1(1), 414(3), 286(1), 532(1), 188(1), 553(1), 535(2), 428(2), 780(1), 996(1), 997(1), 440(1), 574(2), 722(1), 410(3), 599(3), 285(1), 584(1), 218(1), 820(2), 562(1), 852(1), 715(3), 560(1), 552(1), 433(1), 435(1), 786(1), 824(1), 250.8(1), #####(1), V57(1), 491(2), 446(1), 427(2), 486(2), 515(1), 434(1), 493(1)",56
1204,1203,12042,diag_2,"427(3), 401(2), 496(3), 493(2), 428(2), 276(1), 250.02(2), 571(1), #####(2), 411(2), 250(6), 397(1), 404(1), 42(1), 410(1), 599(2), 560(1), 414(6), 263(1), 434(1), 707(1), 278(1), 491(1), 285(2), 435(1), 332(1), 486(3), 585(2), 342(1), 53(1), 584(1)",56
1205,1204,12051,diag_1,"521(1), 155(1), 428(2), 250.4(1), 398(1), 787(1), 996(1), 733(1), 414(3), 682(2), 276(1), 780(2), 426(1), 404(1), 423(1), 599(2), 574(1), 486(3), 590(1), 295(1), 824(1), 296(2), 413(1), 427(1), 440(2), #####(2), 998(1), 424(1), 560(1), 189(1), 250.83(1), 397(1), 250.7(1), 491(1), 715(1), 852(1), 478(1), 250.6(1), 584(2), 411(1), 466(1), 821(1), 38(1), 578(1)",56
1205,1204,12052,diag_2,"427(5), 571(1), 403(1), 276(5), 396(1), 496(1), 424(2), 715(1), 250.92(1), 411(2), 250.02(2), 428(2), 780(1), 511(2), 788(1), 304(1), 997(1), 292(1), 153(1), 425(2), 250(2), 682(2), #####(1), 401(2), 577(1), 486(2), 278(1), 707(2), 998(1), 599(2), 414(2), 519(1), 285(1), 482(1), 585(1)",56
1206,1205,12061,diag_1,"786(2), 562(1), 182(1), 558(1), 560(1), 428(2), 648(1), 414(4), 410(1), 574(1), 332(1), 250.8(1), 789(1), 721(1), 191(1), 331(1), 726(1), 998(1), 292(1), 415(1), 997(1), 507(1), 599(1), 715(1), 569(1), 491(2), 38(1), 540(1), 642(1), 250.7(1), 486(3), 346(1), 285(2), 280(1), 518(3), 466(2), 813(1), 996(1), 276(2), 780(1), 682(1), 432(1), 8(1)",56
1206,1205,12062,diag_2,"303(1), 280(1), 413(2), 496(4), 571(1), 427(1), 250.02(1), 295(1), 428(2), 250.6(1), 250.82(1), 493(1), 250(4), 780(1), V43(1), 287(1), #####(2), 425(2), 682(2), 401(1), 578(2), 568(1), 648(1), 785(1), 799(2), 536(1), 331(2), 997(1), 276(1), 491(1), 786(1), 733(1), 585(5), 486(1), 438(1), 584(2), 342(1)",56
1207,1206,12071,diag_1,"307(1), V54(1), 305(1), 414(2), 577(1), 535(1), 722(1), 428(2), 410(3), 440(2), 434(1), 715(3), 787(1), 153(1), 415(1), 568(1), 786(1), 162(2), 486(1), 250.8(2), 560(1), 996(1), 161(1), 682(2), 536(1), V57(2), 478(1), #####(2), 558(1), 280(1), 296(1), 562(1), 453(1), 584(1), 285(1), 578(1), 789(1), 250.42(1), 812(1), 250.13(1), 38(1), 556(1), 276(1), 847(1)",56
1207,1206,12072,diag_2,"403(1), 8(1), 571(1), 424(1), 305(1), 427(4), 722(1), 428(2), V45(1), 496(1), 276(6), 453(1), 250(3), 780(1), #####(1), 38(1), 244(1), 599(2), 486(2), 682(1), 707(3), 799(1), 478(1), 401(1), 560(1), 881(1), 415(1), 414(2), V42(1), 434(1), 531(1), 786(1), 285(1), 518(1), 112(1), 585(2), 584(2), 425(1)",56
1208,1207,12081,diag_1,"245(1), 340(1), 410(2), 435(1), 786(3), V57(1), 250.83(1), 852(1), 428(2), 574(2), 535(1), 414(3), 250.22(1), 486(2), 997(1), 682(2), 560(1), 578(2), 185(1), 540(1), 530(1), 715(1), 437(1), #####(3), 434(1), 601(1), 250.7(1), 825(1), 571(1), 584(1), 590(1), 537(1), 162(1), 820(1), 733(2), 250.12(1), 575(1), 577(1), 38(2), 996(1), 552(1), 332(1)",56
1208,1207,12082,diag_2,"250(4), 250.01(1), 288(1), 403(2), 496(1), V45(1), 401(1), 780(1), 424(1), 305(1), 428(2), 250.6(1), 276(2), 250.02(1), 427(3), 996(2), 707(1), 599(4), 286(1), 784(1), 284(1), 414(1), 785(2), 41(2), 786(1), 789(2), 285(3), 112(1), 486(3), 577(1), 585(3), 562(1), 557(1), 348(1), V85(1)",56
1209,1208,12091,diag_1,"648(1), 414(6), 290(1), 410(3), 562(1), 493(2), 592(1), 485(1), 431(1), 198(1), 438(1), 292(1), 590(2), 780(1), 599(2), 404(1), 274(1), 486(4), 786(2), 38(2), 427(2), 540(1), 711(1), 153(1), 552(1), 491(2), 433(1), 820(2), 428(2), 453(1), 730(1), 276(1), #####(1), 812(1), 682(1), 659(1), 821(1)",56
1209,1208,12092,diag_2,"250.01(1), 403(1), 437(1), 424(2), 492(1), 70(1), 428(2), 250.02(4), 197(1), 276(4), 496(2), 996(1), 250.82(1), #####(3), 287(1), 250(2), 427(1), 250.12(1), 401(1), 414(4), 410(2), E888(1), 491(1), 304(1), 284(1), 599(1), 434(2), 285(1), 94(1), 728(1), 518(1), 558(1), 799(1), 585(1), 584(2), 730(1), 648(1), 262(1)",56
1210,1209,12101,diag_1,"435(1), 535(1), 434(1), 250.8(1), 428(2), 922(1), 511(1), 730(1), #####(1), 410(4), 250.6(2), 414(4), 682(4), 427(3), 276(1), 438(1), V57(1), 781(1), 536(1), 188(1), 648(1), 997(1), 599(1), 562(2), 486(3), 564(1), 592(1), 285(2), 820(1), 574(1), V55(1), 491(2), 577(1), 413(1), 458(1), 38(1), 440(1), 255(1)",56
1210,1209,12102,diag_2,"403(1), 424(1), 496(3), 731(1), V15(1), 780(1), 428(2), 413(1), 427(4), 305(1), 411(2), 250.02(1), 345(1), 401(3), 276(3), 591(2), 250(2), 599(2), 578(1), 196(1), 536(1), 414(3), 707(1), 204(1), 491(1), 530(1), 459(1), 782(1), 434(1), 486(1), 272(1), 485(1), 518(1), 794(1), 789(2), 785(1), 995(1), 585(1), 584(1)",56
1211,1210,12111,diag_1,"446(1), 348(2), 998(1), 434(1), 282(1), 428(2), 786(4), 535(1), 572(1), 577(2), 427(1), 435(1), 578(1), 715(3), 824(1), 410(4), 414(4), 682(2), 278(1), 515(1), 601(1), 426(1), 958(1), 707(1), 38(1), #####(1), 996(2), 584(1), 396(1), 599(1), 593(1), 507(1), 560(1), 491(1), 250.7(1), 486(1), 530(1), 820(1), 721(1), 999(1)",56
1211,1210,12112,diag_2,"424(1), 259(1), 686(1), 250.03(1), 295(1), 305(1), 411(1), 427(4), 571(1), 404(1), 250.02(4), 242(1), 428(2), 280(1), 515(1), 70(1), 276(2), 780(1), 250(1), #####(2), 682(2), 590(1), 425(1), 444(2), V43(1), 707(1), 401(2), 414(2), 599(2), 426(1), 785(1), 511(1), 272(2), 787(1), 285(1), 250.13(1), 486(1), 293(1), 438(1), 585(1), 790(1)",56
1212,1211,12121,diag_1,"553(1), 250.1(1), 212(1), 969(1), 428(2), 897(1), 786(1), 70(1), 296(1), 726(1), 250.7(1), 577(2), 434(2), 486(1), 715(5), 414(1), 415(1), 780(1), 441(1), 340(1), 574(1), 435(1), 707(1), 250.6(1), 682(1), 493(1), 562(2), 820(2), 491(3), 537(1), 716(1), 997(1), 584(1), 576(2), 782(1), 459(1), 530(1), 569(1), 595(1), 535(1), 466(1), 226(1), 518(1), 38(1)",56
1212,1211,12122,diag_2,"701(1), 276(6), 305(1), 780(2), 496(4), 285(3), 723(1), 440(1), 295(1), 427(2), 428(2), 411(1), 453(1), 250(7), 575(1), 162(1), 278(1), 425(1), 250.02(1), #####(1), 401(1), 410(1), 576(1), 682(1), 569(1), 530(1), 552(1), 782(1), 577(1), 41(1), 558(1), V58(1), V42(1), 183(1), 486(1), 585(1), 584(1)",56
1213,1212,12131,diag_1,"188(1), 36(1), 648(1), 250.1(1), 276(2), 402(1), 786(3), 486(2), 996(1), 780(2), 296(2), 433(1), 414(4), 707(1), 410(2), 682(2), 435(1), 440(1), 528(1), 782(1), 584(2), 428(2), 250.02(1), 790(1), 530(2), 820(1), 574(1), 556(1), 590(1), 38(1), 532(1), 715(2), #####(2), 156(1), 427(1), 434(1), 789(1), 652(1), 562(1), 491(1)",56
1213,1212,12132,diag_2,"233(1), 276(3), 250.01(1), 427(4), 403(1), 250.02(2), 496(2), 424(1), 312(1), 295(1), 996(1), 413(1), 250.6(1), 428(2), 493(1), 411(1), 157(1), 401(4), 682(1), 250(1), 287(1), V42(1), 560(1), 599(1), 412(1), 535(1), 414(2), 569(1), 41(1), 785(1), 285(2), 434(1), 518(1), 584(4), 728(1), 342(1), 585(1), 648(1), 296(1), 465(1)",56
1214,1213,12141,diag_1,"726(1), 722(1), 516(1), 996(4), 428(2), 807(1), 295(1), 433(1), 738(1), 574(2), 296(2), 682(3), 401(1), 410(1), 780(1), 250.83(1), 486(2), 414(2), 577(1), 440(1), 434(1), 427(2), #####(2), 332(1), 715(2), 784(1), 787(1), 530(2), 850(1), 531(1), 599(1), 584(1), 250(1), 415(1), 441(1), 569(1), 511(1), 250.92(1), 447(1), 814(1), 493(1), 250.8(1)",56
1214,1213,12142,diag_2,"250.01(1), 496(2), 428(2), 403(1), 424(1), 596(1), 250.02(3), 788(1), 724(1), V64(1), 303(1), 411(2), 427(4), #####(2), 305(1), 707(1), 276(4), 493(1), 287(1), 574(1), 780(1), 682(1), 599(2), 250(3), 401(2), 802(1), 441(1), 785(1), 331(1), 202(1), 786(1), 272(1), 285(1), 518(1), 414(1), 789(1), 812(1), 250.8(1), 730(1), V85(1)",56
1215,1214,12151,diag_1,"405(1), 724(1), 723(1), 294(1), 494(1), 722(1), 428(2), 295(1), 577(2), V58(1), 38(2), 435(2), #####(4), 715(1), 780(1), 414(3), 415(1), 550(1), 434(1), 574(1), 427(3), 493(1), 250.6(1), 288(1), 250.81(1), 440(1), V57(2), 562(1), 162(1), 286(1), 733(1), 250.8(1), 410(1), 567(1), 239(1), 441(1), 998(1), 821(1), 250.7(1), 486(1), 424(1), 491(1), 404(1), 599(1)",56
1215,1214,12152,diag_2,"V15(2), 698(1), 780(2), 250(1), 428(1), 250.6(2), 496(1), 303(1), 427(3), 250.02(2), 403(1), 138(1), 493(2), 411(1), 276(6), 574(1), 250.82(1), 425(2), 707(3), 401(2), 799(1), V54(1), 784(1), 491(1), 285(2), 530(1), 414(2), 786(1), 577(1), 511(1), 426(1), E878(1), 585(3), 486(1), 584(1), 290(1)",56
1216,1215,12161,diag_1,"812(1), 996(1), 386(1), 278(1), 428(2), 414(6), 572(1), 564(1), 453(1), 780(3), 198(1), 486(1), 592(2), 427(2), 998(1), 599(2), 410(2), 411(1), 250.8(1), 682(2), 431(2), 584(1), 285(1), 38(1), 485(1), 331(1), 276(2), 8(1), 715(1), 162(1), 493(2), 518(1), 433(1), 491(1), 403(1), 784(1), 813(1), 724(1), 571(1), #####(1)",56
1216,1215,12162,diag_2,"814(1), 403(1), 780(1), 250.6(1), 496(2), 571(2), 70(1), 250.02(1), 198(1), 428(2), 413(1), 427(3), 411(1), 590(1), 996(1), 250(2), 998(1), 276(2), 401(1), 402(1), 38(1), 591(1), 707(2), 425(1), 785(2), 599(1), 41(2), 414(2), 263(1), 294(1), 786(1), 285(1), 518(2), 491(1), 584(2), 486(1), 585(2), 892(1), 435(1), 456(1), 327(1), V85(1)",56
1217,1216,12171,diag_1,"718(2), V57(1), 434(3), 276(1), 420(1), 786(2), 250.6(2), 428(2), 53(1), 250.7(1), 414(3), 403(1), 996(1), 584(2), 820(1), 250.02(2), 998(1), 427(2), 401(1), 280(1), 608(1), 787(1), 8(2), 682(2), 250.13(1), 715(2), 577(1), 596(1), 562(1), 493(1), 780(1), 38(2), 440(1), 784(1), 443(1), 599(1), 586(1), 250.82(1), 458(1), 574(1), 696(1)",56
1217,1216,12172,diag_2,"424(1), V49(1), 401(3), 250.03(1), 250.43(1), 300(1), 571(2), 492(1), 250.6(2), 682(1), 440(1), 427(4), 413(1), 411(1), 428(2), 276(6), 295(1), 250(3), 707(1), V42(1), 291(1), 591(1), 567(1), 599(1), 357(1), 414(2), 368(1), 785(1), 285(1), 790(1), 443(1), 112(1), 516(1), 729(1), 486(1), 730(1), 619(1), 584(1), 296(1), 289(1)",56
1218,1217,12181,diag_1,"252(1), 162(1), 428(2), 553(1), 296(2), 250(1), 331(1), 434(3), 410(3), 787(1), 414(2), 276(2), 618(2), 558(1), 396(1), 786(1), 250.8(1), 996(3), #####(5), 403(1), 682(1), 427(1), 721(1), 491(1), 552(1), 486(1), 198(1), 584(1), 250.6(1), 415(1), 458(1), 562(1), 250.82(1), 432(1), 574(1), 599(2), 440(1), 493(1), 820(2)",56
1218,1217,12182,diag_2,"227(1), 500(1), 424(2), 428(2), 298(1), 427(3), 305(2), #####(4), 780(2), 411(1), 788(1), 276(4), V42(1), 38(1), 401(1), 425(1), 250(2), 567(1), 412(1), 599(2), 560(2), 550(1), 998(1), 707(1), 491(1), 511(1), 414(2), 286(1), 682(1), 285(1), 518(1), 294(1), 486(2), 585(2), 342(1), 438(1), 584(2)",56
1219,1218,12191,diag_1,"296(1), 996(2), 786(2), 574(1), 730(1), 410(5), 453(1), 966(1), 261(1), 428(2), 715(2), 414(4), 403(2), 507(2), 162(1), 426(1), #####(1), 518(3), 198(1), 599(2), 584(2), 182(1), 486(1), 435(1), 780(2), 642(1), 482(1), 722(1), 415(1), 218(1), 491(2), 250.13(1), V57(1), 493(1), 569(1), 250.2(1), 534(1)",56
1219,1218,12192,diag_2,"307(1), 403(2), 710(1), 250.4(1), 496(4), 242(1), 292(1), 428(2), 799(3), 250.6(1), 600(1), 427(1), 413(1), 250.02(1), 411(1), #####(3), 425(2), 162(1), 402(1), 276(1), 401(3), 218(1), 250(2), 599(1), 723(1), 593(1), 491(2), 724(1), 707(1), 414(2), 626(1), 782(1), 783(1), 294(1), 486(1), 429(1), 577(1), 572(1), 585(2), 285(1)",56
1220,1219,12201,diag_1,"736(1), 295(2), 422(1), 786(2), 293(1), 414(2), 724(1), 42(1), 820(1), 410(3), 197(1), 276(1), 278(1), 284(2), 780(2), 486(2), 157(1), 599(1), 427(3), V55(1), 562(1), V53(1), 440(1), 682(1), 250.02(1), 924(1), 507(1), 428(2), 584(2), 530(1), 681(1), 595(1), 590(1), 805(1), 482(1), 715(1), 250.8(1), 534(1), 404(1), 38(1), 491(1), 8(1), 338(1), 283(1)",56
1220,1219,12202,diag_2,"425(1), 250.01(1), 410(1), 496(3), 599(1), 573(1), 276(5), 70(1), 427(5), 428(2), 998(1), 411(1), 287(1), 250(2), 197(1), 568(1), #####(1), 401(3), E812(1), 331(1), 707(2), 426(2), 414(3), 42(1), 787(1), 41(1), 560(1), 799(1), 285(1), 577(1), E932(1), 789(1), 584(2), 481(1), 438(1), 724(1), 202(1)",56
1221,1220,12211,diag_1,"272(1), 786(2), 453(1), 726(1), 398(1), 300(1), 428(2), 577(2), 414(4), 197(1), 38(1), 780(1), 427(5), 486(4), 424(1), 820(2), 812(1), 682(2), 787(1), #####(1), 250.8(4), 250.01(1), 415(1), 571(1), 250.13(1), 562(1), 681(1), 276(2), 458(1), 491(2), 433(1), 518(1), 440(1), 250.22(1), 403(1), 728(1)",56
1221,1220,12212,diag_2,"788(2), 250.03(1), 451(1), 726(1), 396(1), 496(5), 411(1), 250.02(2), 427(2), 413(1), V15(1), 428(2), 710(1), 780(2), #####(3), 276(3), 204(1), 599(3), 196(1), 401(2), 250(1), 263(1), 707(1), 785(1), 491(2), 786(1), 285(1), 799(1), 790(1), 729(1), 585(4), 537(1), 518(1), 584(1), 730(1), 716(1)",56
1222,1221,12221,diag_1,"428(2), 721(1), 965(1), 410(2), 575(1), 577(1), 198(1), 414(5), 996(1), 276(2), #####(2), 433(1), 733(1), 250.8(2), 780(1), 682(1), 427(1), 296(1), 592(1), 162(1), 574(1), 47(1), 715(2), 730(1), 790(1), 562(2), 807(1), 959(1), 789(1), 786(2), 584(1), 507(1), 250.82(2), 153(2), 238(1), 432(1), 486(1), 491(2), 599(1), 518(1), 38(1)",56
1222,1221,12222,diag_2,"515(1), 250.6(1), 276(3), 496(1), 250.01(1), 295(1), 780(2), 427(4), 413(1), 428(2), 411(2), 440(1), 997(1), 493(1), 788(1), 304(1), 250(3), 196(1), 568(1), 707(3), 491(1), 790(2), 560(2), 591(1), 8(1), 414(2), 263(1), 599(1), 786(1), 507(1), 682(1), 535(1), 284(1), 285(1), 518(1), 799(1), 486(2), 519(1), 435(1), 348(1)",56
1223,1222,12231,diag_1,"198(1), 53(1), 151(1), 577(1), 566(1), 812(1), 780(3), 250.7(1), 574(1), 401(1), 428(2), 434(1), 715(1), 507(1), #####(3), 427(5), 415(1), 996(3), 403(1), 493(1), 722(1), 197(1), 414(2), 274(1), 682(1), 560(1), 285(1), 250.6(1), 491(2), 716(1), 162(1), 486(1), 38(1), 410(1), 518(1), 530(1), 805(1), 421(1), 824(1), 820(1), 276(1), 786(2)",56
1223,1222,12232,diag_2,"431(1), 250.92(1), 197(2), 303(1), 496(3), 424(2), 440(1), 788(1), 723(1), 427(4), 428(2), 453(1), 276(2), #####(1), 305(1), 250(3), 162(1), 402(1), 401(4), 425(2), 550(1), 599(2), 491(2), 398(1), 414(1), 278(1), E878(1), 486(1), 250.13(1), 733(1), 518(1), 38(1), 585(3), 584(2), 487(1), V85(1)",56
1224,1223,12241,diag_1,"780(2), 293(1), 250.11(1), 291(1), 428(2), 410(3), 414(4), 786(2), 722(2), 715(2), 276(1), #####(2), 733(1), 820(1), 404(1), 427(3), 518(1), 998(1), 574(1), 8(1), 493(1), 552(1), 250.8(1), 584(1), 327(1), 250.12(1), 705(1), 287(1), 434(1), 562(1), 789(1), 578(1), 38(2), 491(2), 824(1), 250.6(1), 303(1), 441(1), 808(1), 296(1), 208(1)",56
1224,1223,12242,diag_2,"921(1), 305(1), 276(3), 303(1), 396(1), 403(2), 424(1), 250.6(2), 295(1), 492(1), 201(1), 250.02(1), 413(1), 411(1), 428(2), 250(4), #####(2), 515(1), 425(2), 998(1), 401(1), 427(1), 599(1), 707(1), 414(1), 682(1), 272(1), 280(1), 786(1), 362(1), 558(1), 577(1), 285(1), 486(3), 518(1), E885(1), 585(1), 296(1), 557(1), 584(2), V62(1), 496(1), 746(1)",56
1225,1224,12251,diag_1,"453(1), 807(1), 511(1), 996(1), 276(1), 428(1), 486(3), 574(1), 715(2), 414(4), 38(1), 618(1), 427(4), 410(2), 780(3), 296(2), 577(1), 403(1), 820(1), 625(1), 599(1), 491(2), 440(1), 340(1), 250.6(1), 562(1), 345(1), 575(1), 250.8(1), 553(1), 473(1), 682(1), 285(1), 578(1), 411(1), 962(1), 518(1), 250.02(1), 560(1), 694(1), 823(1), 785(1)",56
1225,1224,12252,diag_2,"250.01(1), 860(1), 492(2), 403(3), 496(6), 242(1), 413(1), 428(2), 300(1), V45(1), 411(3), 276(3), 996(1), 453(1), 301(1), #####(1), 250(3), 305(1), 425(2), 401(2), 807(1), 311(1), 536(1), 578(1), 593(1), 707(1), 787(1), 414(3), 412(1), 591(1), 263(1), 250.8(1), 434(1), 553(1), 584(1), 924(1), 296(1)",56
1226,1225,12261,diag_1,"235(1), 225(1), 536(1), 786(4), 853(1), 401(1), 507(1), 402(1), 577(1), 578(1), 202(1), 574(2), 414(4), 648(1), 428(2), 780(1), 295(1), 189(1), 493(2), 250.81(1), 611(1), 434(1), 433(1), 575(1), 996(2), 995(1), 715(2), 733(1), 278(1), 486(2), 250.8(1), 427(1), 998(1), 537(1), 38(1), 813(1), 518(1), 431(1), 153(1), 487(1), 558(1), 8(1), 250.82(1), 432(1)",56
1226,1225,12262,diag_2,"276(2), 403(1), 303(1), 401(4), 250.02(2), 780(2), 70(1), 287(1), 295(1), 282(1), 496(1), 788(1), 413(1), 427(3), 428(1), 411(1), 250(2), 997(2), 707(2), 998(1), 531(1), E947(1), 491(3), 511(1), 553(1), 599(2), 682(1), 425(1), 41(1), 799(1), 569(1), 250.12(1), 285(1), 412(1), 294(1), 458(1), 562(1), 585(1), 584(3), 555(1)",56
1227,1226,12271,diag_1,"822(1), 886(1), 250.11(1), 420(1), V57(1), 250.7(1), 560(1), 577(1), 434(3), 428(2), 996(1), 724(1), 414(4), 250.82(1), 682(2), 786(3), 578(1), 250.13(1), 410(2), 998(1), 594(1), 241(1), 458(1), 398(1), #####(2), 444(1), 486(1), 250.02(1), 327(1), 440(1), 648(1), 276(3), 157(1), 415(1), 599(1), 715(1), 250.12(1), 644(1), 38(1), 515(1), 427(1), 275(1), 780(1)",56
1227,1226,12272,diag_2,"844(1), 816(1), 276(4), 428(1), 198(1), 427(3), 496(1), 250.6(2), 250.02(2), 595(1), 411(3), 780(1), 303(1), 250(4), 682(3), 707(2), 401(2), 599(1), 425(1), 470(1), 414(3), 447(1), 250.12(1), 491(1), 576(1), 284(1), 41(1), 648(1), 785(1), 820(1), 112(1), 486(1), 518(1), 151(1), 584(3), 337(1)",56
1228,1227,12281,diag_1,"786(3), 250.13(1), 780(2), 276(1), 428(2), V57(3), 355(1), 564(1), 250.11(1), 414(4), 278(1), #####(2), 250.8(1), 560(2), 434(3), 410(2), 726(1), 427(2), 424(1), 571(1), 707(1), 998(1), 682(1), 787(1), 532(1), 250.6(1), 493(1), 250.7(1), 719(1), 162(1), 351(1), 38(1), 491(3), 511(1), 8(1), 250.12(1), 70(1), 403(1), 572(1)",56
1228,1227,12282,diag_2,"403(2), 34(1), 396(1), 496(3), 404(1), 428(2), 410(1), 413(1), 427(4), 574(1), 250.02(1), 411(2), 996(1), 250(5), 397(1), #####(1), 599(4), 425(1), 8(1), 682(1), 276(1), 707(1), 786(1), 511(1), 781(1), 278(1), 569(1), 434(1), 518(4), V09(1), V58(1), 852(1), 438(2), 584(1), 296(1), 585(1), 338(1)",56
1229,1228,12291,diag_1,"250.11(1), 290(1), 425(1), 428(2), 820(1), 250.6(1), 414(4), 733(2), 433(1), 998(1), 715(3), 562(1), 276(1), 780(1), 486(2), 682(1), 786(2), 162(1), 550(1), 789(1), 540(1), 198(1), 182(1), 574(1), 250.8(2), 724(1), 611(1), 996(1), #####(2), 410(1), 560(1), 493(1), 722(1), 578(1), 434(1), 577(1), 424(1), 599(2), 427(1), 491(1), 79(1), 38(1), 250.4(1), 345(1)",56
1229,1228,12292,diag_2,"276(3), 437(1), 424(1), 496(2), 280(1), 403(2), 70(1), 250.02(2), 413(2), 428(2), #####(1), 493(1), 250(3), 197(1), 998(1), 427(1), 574(1), 162(1), 38(1), 425(1), 414(3), 707(2), 491(1), 785(1), 410(1), 599(1), 285(1), 721(1), 733(1), 250.8(1), 572(1), 342(1), 584(2), 438(1), 416(1), 813(1), 730(2), 423(1), 466(1), 250.2(1), 348(2)",56
1230,1229,12301,diag_1,"250.4(1), 233(1), 648(1), 402(1), 276(1), 574(1), 428(2), 410(3), 414(4), 331(1), 682(2), 576(1), 722(1), 278(2), 780(2), 348(1), 157(1), 427(3), 424(1), 453(1), V57(1), 458(1), 250.02(1), 805(1), 996(1), 253(1), #####(4), 435(1), 786(1), 728(1), 599(2), 459(1), 562(1), 584(1), 250.12(1), 590(1), 413(1), 434(1), 250.13(1), 491(1), 999(1)",56
1230,1229,12302,diag_2,"403(2), 427(5), 250.03(1), 428(2), 250.02(1), #####(2), 276(6), 250.82(1), 574(1), 722(1), 250(2), 780(1), 401(5), 714(1), V54(1), 710(1), 790(1), 569(1), 491(1), 784(1), 511(1), 8(1), 150(1), 414(2), 682(1), 707(2), 535(1), 599(1), 285(2), 486(1), 585(1), 438(1), 584(2), 995(1), V85(1)",56
1231,1230,12311,diag_1,"873(1), 428(2), 410(4), 599(2), 414(3), 403(1), 38(2), 211(1), 575(1), 707(1), 427(2), 715(4), #####(1), 250.7(1), 780(2), 586(1), 250.6(2), 786(4), 569(1), 724(1), 411(1), 820(1), 491(2), 250.8(1), 157(1), 789(1), 490(1), 486(1), 998(1), 654(1), 482(1), 346(1), 728(1), 8(2), 722(1), 567(1), 415(1)",56
1231,1230,12312,diag_2,"496(1), 427(2), 428(2), #####(4), 403(1), 411(2), 590(1), 401(2), 788(1), 682(2), 493(1), 425(2), 276(2), 250(3), 536(1), 491(1), 591(1), 599(2), 357(1), 426(1), 707(1), 414(1), 415(1), 530(1), 786(1), V58(1), 410(1), 285(1), 507(1), 458(1), 553(1), 648(1), 518(1), 486(1), 584(3), 438(1), 435(1), 585(1), 348(1), 465(1), V85(1)",56
1232,1231,12321,diag_1,"968(1), 780(2), 428(1), 303(1), 410(1), 486(2), 296(1), 401(1), 562(1), 997(2), 250.7(1), 414(6), 682(4), 540(1), 578(1), 295(1), 724(1), 427(2), 607(1), 250.81(1), 577(1), 730(1), 218(1), 715(2), 820(1), 346(1), 998(1), V58(1), 250.8(2), 786(1), 565(1), 507(1), 404(1), 491(2), 458(1), 518(1), 250.6(1), 466(1), 812(1), 596(1), 421(1)",56
1232,1231,12322,diag_2,"305(1), 528(1), E942(1), 492(1), 250.82(1), 496(3), 303(1), 780(1), 427(2), 440(1), 411(1), 428(2), 996(1), 280(1), 250(4), 276(2), 41(1), 707(3), #####(1), 682(1), 998(3), 38(1), 425(1), 244(1), 599(1), 202(1), 574(1), 491(1), 564(1), 511(3), 410(1), 414(1), 250.12(1), 787(1), 285(1), 255(1), 518(1), 401(1), 812(1), 486(1), 584(1), 585(1)",56
1233,1232,12331,diag_1,"799(1), 786(3), 250.13(3), 250.1(1), 433(2), 577(1), 438(1), 276(2), 682(1), 197(1), 729(1), 348(1), 428(2), 444(1), 427(2), 414(3), 535(1), 486(2), 191(1), 402(1), 426(1), 558(1), 250(1), 722(2), 296(1), 996(2), 621(1), 288(1), 410(2), 491(2), 710(1), 455(1), 618(1), 250.22(1), 466(1), 532(1), 250.12(1), 569(2), 434(1), 250.42(1)",56
1233,1232,12332,diag_2,"340(1), 250.81(1), 992(1), 276(5), 424(1), 496(4), 303(1), 478(1), 156(1), 428(2), 295(2), 305(1), 420(1), 427(3), 250(3), 401(4), 38(1), 681(1), 491(1), 8(1), #####(2), 414(3), 599(1), 412(1), 787(1), 794(1), 294(1), 285(2), 682(1), E878(1), 281(1), 729(1), 562(1), 584(2), 435(1)",56
1234,1233,12341,diag_1,"141(1), 453(2), 780(1), 711(1), 599(3), 428(2), 786(3), 564(1), 435(1), 414(2), 276(4), 434(1), 410(1), 415(1), 851(1), 715(3), 575(1), 427(3), 285(2), 38(2), 162(1), 182(1), 726(1), 491(1), 440(1), 250.02(1), 250.13(1), 433(1), V57(1), 250.6(1), 192(1), 112(1), 535(1), 281(1), 518(1), 577(1), 820(1), 250.2(1), 486(1), 661(1)",56
1234,1233,12342,diag_2,"276(4), 250.01(2), 250.03(1), 250(2), 496(1), 428(2), 135(1), 427(4), 413(1), 250.02(1), 493(2), 807(1), 788(1), 403(2), V12(1), 411(1), #####(1), 512(1), 401(1), 278(1), 305(1), 599(1), V42(1), 490(1), 415(1), 414(3), 682(2), 707(1), 342(1), 491(1), 285(3), 286(1), 577(1), 486(2), 585(1), 584(2), 648(1), 238(1)",56
1235,1234,12351,diag_1,"246(1), 682(2), 681(1), 428(2), 782(1), 998(2), 715(1), 414(6), 996(2), 296(2), 799(1), 574(1), 518(1), 486(1), 577(1), 997(1), 435(1), 410(2), 786(2), 560(2), 285(2), 434(2), #####(1), 780(1), 276(1), 250.6(1), 820(1), 491(2), 590(1), 572(1), 250(1), 584(1), 250.81(1), 507(1), 287(1), 157(1), 250.13(1), 576(1), 562(1), 427(1)",56
1235,1234,12352,diag_2,"401(2), 343(1), 711(1), 496(3), 427(4), 413(1), 428(2), 135(1), 453(1), 493(1), 593(1), V45(2), 411(1), 492(1), 287(1), 574(1), 38(1), 250(3), 578(1), 780(1), 599(3), 491(1), 627(1), 707(1), #####(1), 591(1), 414(1), 94(1), 284(1), 789(1), 253(1), 250.22(1), 434(1), 486(1), 342(1), 730(2), 585(3), 584(2), 456(1), 348(1)",56
1236,1235,12361,diag_1,"250.41(1), 428(2), 693(1), #####(3), 574(2), 530(1), 410(2), 560(1), 414(7), 434(2), 486(1), 590(1), 427(3), V58(1), 786(4), 276(1), 278(1), 458(1), 733(1), 599(1), 440(1), 250.02(3), 250.7(1), 729(1), 8(1), 250(1), 682(1), 250.8(1), 584(1), 569(1), 824(1), 402(1), 518(1), 578(1), 996(1), 433(1), 403(1)",56
1236,1235,12362,diag_2,"403(1), 280(1), 250.02(2), 496(4), 427(3), 780(3), 411(1), 250.82(1), 162(1), 250(2), 574(1), 428(2), 996(1), 401(5), 491(2), 276(2), 707(1), 599(3), 781(1), 278(1), 724(1), 414(3), 8(1), 552(1), 410(1), 578(1), 785(1), 823(1), 577(1), 112(1), 486(2), 518(1), 342(1), 584(1), 585(1)",56
1237,1236,12371,diag_1,"794(1), 291(1), 428(2), 434(3), 564(1), 486(3), 824(1), 414(5), 410(2), 996(2), 435(1), 558(1), V57(1), #####(3), 204(1), 574(2), 560(1), 998(1), 599(3), 724(1), 780(2), 552(1), 577(1), 715(1), 153(1), 584(1), 682(1), 427(1), 466(1), 518(2), 491(2), 540(1), 785(1), 507(1), 183(1), 458(1), 453(1)",56
1237,1236,12372,diag_2,"599(1), 303(1), 424(1), 250.52(1), 571(2), 873(1), 496(1), 250.02(1), 413(3), 780(2), 411(1), V43(1), 276(3), 997(1), 283(1), 250(3), 401(4), 682(1), 304(1), 569(1), 278(1), 784(1), 196(1), 578(1), 272(1), 284(1), 414(1), 707(1), 428(1), 491(1), 518(1), 786(1), 250.13(1), 585(3), 294(1), 486(1), 614(1), 482(1), 290(1), 584(2), 296(1), 556(1)",56
1238,1237,12381,diag_1,"522(1), 722(1), 309(1), 428(2), 786(4), 486(4), 276(1), 410(3), 599(2), 434(2), 458(1), 808(1), 414(2), 295(1), 959(1), 780(2), 733(1), 996(2), 296(1), 805(1), 441(1), 427(1), 730(1), 592(1), 584(3), 453(1), #####(1), 250.8(1), 153(1), 560(1), 532(1), 487(1), 578(1), 38(1), 491(1), 574(1), 518(2), 250.7(1), 250.22(1)",56
1238,1237,12382,diag_2,"250(3), 788(2), 304(1), 496(3), 250.02(2), 427(2), 242(1), 403(1), 428(2), 276(2), 865(1), 411(2), #####(1), 840(1), 905(1), 444(1), 401(1), 425(1), 250.4(1), 599(1), 816(1), 591(1), 157(1), 404(1), 707(1), 491(2), 998(1), 560(1), 414(3), 786(2), 410(2), 285(1), 573(1), 490(1), 785(1), 518(2), 486(1), 577(1), 434(1), 584(1)",56
1239,1238,12391,diag_1,"428(2), 307(1), 786(3), 996(2), 655(1), 414(3), 535(1), 376(1), 250.6(3), 250.7(1), 486(3), 278(1), 493(1), 197(1), 427(2), 511(1), 592(1), #####(4), 434(1), 441(2), 410(3), 780(1), 276(1), 584(1), 491(5), 789(1), 435(2), 38(1), 562(1), 572(1), 466(1), 440(1), 577(1), 8(1)",56
1239,1238,12392,diag_2,"250.41(1), 303(1), 496(2), 403(1), 648(1), 250.4(1), 590(1), 428(2), 250.12(1), V12(1), 440(1), 427(3), 411(1), 250(4), 250.02(1), 493(2), 196(1), 38(1), 433(1), 42(1), 682(1), 425(1), 401(3), V45(1), 536(1), 599(2), 707(1), 276(1), 581(1), 150(1), 414(3), 491(1), 162(1), 285(1), 721(1), 789(1), 799(1), 518(1), 585(1), 486(1), 584(1), 466(1), 348(1)",56
1240,1239,12401,diag_1,"414(7), 402(2), 590(3), 733(2), 577(1), 996(1), 786(3), 428(2), 998(1), 427(4), 250.6(3), V58(1), 410(1), 823(1), 250.13(1), 112(1), 440(1), 401(1), 780(1), 997(1), 715(2), 292(1), 182(1), 491(2), 584(1), 726(1), 250.8(1), 626(1), 562(2), 789(1), #####(2), 282(1), 38(1), 296(1)",56
1240,1239,12402,diag_2,"297(1), 496(2), 340(1), 280(1), 305(1), 250.7(1), 427(6), 715(1), 250.02(1), 413(1), 403(1), 780(1), 411(2), 996(1), 250(2), 276(3), 802(1), 590(1), 581(1), V42(1), 428(2), 425(1), 599(1), 401(2), 511(1), 304(1), 560(1), 285(3), 530(2), 272(1), 410(1), 707(1), 789(1), 518(1), 486(2), 416(1), 585(1), 261(1), 337(1), V62(1)",56
1241,1240,12411,diag_1,"807(1), V57(1), 531(1), 996(1), 719(1), 963(1), 386(1), 433(1), 296(2), 724(1), 378(1), 715(1), 250.6(2), 486(2), 428(2), 560(1), 196(1), 414(4), 820(4), 780(3), 402(1), 440(1), 786(2), 490(1), 491(1), 434(1), 599(2), 250.13(1), #####(1), 250.8(2), 174(1), 459(1), 590(1), 278(1), 276(1), 537(1), 578(1), 518(1), 481(1), 403(1), 38(1)",56
1241,1240,12412,diag_2,"861(1), 715(1), 280(1), 403(2), 427(2), 784(1), 428(2), 250.02(3), 496(2), 571(1), 250.4(1), 710(1), 412(1), 250.82(1), 411(2), #####(2), 599(2), 444(1), 276(4), 250(1), 425(1), 401(2), 998(1), 162(1), 491(1), 682(1), 196(1), 414(1), 707(1), 41(1), E888(1), 272(1), 518(1), 285(2), 577(1), 253(1), 486(2), 730(1), 585(1), 584(1), 349(1)",56
1242,1241,12421,diag_1,"494(1), 682(1), 536(1), 786(3), 428(2), 486(5), 530(2), 996(2), 414(3), 427(2), 724(1), 572(1), 398(1), 433(1), 250.13(1), 425(1), 511(1), 250.6(1), V57(1), 292(1), 562(1), 585(1), 434(1), 79(1), 574(1), 780(1), 715(1), 584(2), 789(1), 578(2), #####(1), 728(1), 202(1), 558(1), 822(1), 345(1), 250.7(2), 560(1), 357(1), 410(1), 276(1)",56
1242,1241,12422,diag_2,"276(5), 250.01(1), 242(1), 496(2), 424(1), 403(2), 427(5), 250.02(1), 250.6(3), 571(1), E849(1), 428(2), 401(4), V15(1), 204(1), V54(1), 250(1), 425(2), 567(1), 414(2), 491(1), 786(1), 707(1), 789(1), 211(1), 285(1), 824(1), 518(1), 995(1), 585(2), 416(1), 730(1), 438(1), 344(1), 584(2), 348(1)",56
1243,1242,12431,diag_1,"250.11(1), 810(1), 428(2), 414(8), 922(1), 486(3), 415(1), 435(1), 295(1), 574(1), 250.8(2), 453(1), 427(3), 562(2), 185(1), 416(1), 786(1), #####(3), 600(2), 820(2), 250.7(2), 780(1), 153(1), 535(1), 292(1), 584(3), 410(1), 285(1), 569(1), 491(2), 250.82(1), 8(1), 38(1), 821(1)",56
1243,1242,12432,diag_2,"305(1), 719(1), 403(3), 427(3), 496(1), 250.4(1), 413(1), 250.6(1), 276(3), 428(2), 424(1), 250.92(1), V45(1), 250(4), 997(1), 402(1), 425(2), 433(1), 682(1), 599(3), 530(1), E935(1), 491(2), 426(1), 414(2), 785(1), 272(1), 208(1), 285(3), 263(1), 786(1), 783(1), 787(1), 518(1), 250.13(1), 486(1), 584(3)",56
1244,1243,12441,diag_1,"34(1), 276(2), 738(1), 514(1), 161(1), 428(2), 291(1), 577(1), 802(1), 600(1), 410(3), 723(1), #####(3), 250.8(1), 426(1), 296(1), 297(1), 414(2), 433(2), 682(1), 427(3), 995(1), 998(1), 599(1), 112(1), 38(3), 431(1), 715(1), 786(1), 562(1), 996(1), 780(1), 250.13(1), 250.12(1), 560(2), 518(1), 530(1), 250.81(1), 394(1), 491(1), 250.7(1), 493(1), 416(1)",56
1244,1243,12442,diag_2,"250(6), 250.23(1), 496(3), 403(2), 424(1), 287(1), 250.11(1), 250.02(1), 596(1), 305(1), 428(2), 780(1), 301(1), 411(1), 276(6), 427(1), 453(1), 682(1), 38(1), 997(1), 530(1), 560(1), 272(1), 414(2), 599(1), 707(1), 724(1), 491(1), 564(1), 112(1), 486(2), 730(1), 285(1), 995(1), 585(3), 584(2), 289(1)",56
1245,1244,12451,diag_1,"435(1), 402(1), 428(2), 730(2), 577(3), 789(1), 786(4), 414(4), 296(1), 250.7(2), 440(1), 553(1), 780(2), 493(1), 707(1), 250.03(1), 427(3), 715(2), 585(1), 787(1), 285(1), 599(1), 433(1), 562(1), 250.13(1), 8(1), 458(1), 401(1), 491(3), #####(2), 410(1), 820(1), 997(1), 654(1), 784(1), 434(1), 250.8(1), 403(1)",56
1245,1244,12452,diag_2,"250.01(1), 250.02(1), 496(1), 250.6(1), 305(1), 250.03(1), 428(2), 427(2), 413(1), 250.92(1), 493(2), 198(1), 440(2), 276(5), 404(1), 135(1), 682(1), V58(1), 250(3), V42(1), 196(1), 275(1), 786(2), 398(1), 599(1), 425(2), 204(1), 414(3), #####(1), 272(1), 410(1), E880(1), 442(1), 648(1), 518(1), 729(1), 585(5), 730(1)",56
1246,1245,12461,diag_1,"374(1), 429(1), 786(2), 235(1), 531(1), 277(1), 569(1), 250.6(2), 584(1), 435(1), 410(5), 592(1), 414(4), 434(2), 486(5), 250.2(1), 780(2), 278(1), 577(1), 715(1), 996(1), 599(2), 427(1), 296(1), 707(1), 444(1), 552(1), 250.02(1), 562(1), 250.13(1), 250.7(1), 38(1), 820(1), 491(1), 404(1), 424(1), 8(1), 358(1), 428(1), 459(1)",56
1246,1245,12462,diag_2,"378(1), 427(6), 250.42(1), 189(1), 280(2), 276(6), 424(1), 250.81(1), 590(1), 428(2), #####(3), 295(1), 250(4), 411(1), 38(1), 780(1), 304(1), 707(1), 401(1), 682(1), 574(1), 599(3), 414(2), 491(1), 785(1), 410(1), 285(2), 518(2), 434(1), 154(1), 335(1), 585(1), 584(2)",56
1247,1246,12471,diag_1,"308(1), 648(1), 786(4), 721(1), 557(1), 996(1), 428(2), 414(3), 386(1), 410(2), 398(1), 434(1), 599(1), 424(1), 823(1), 427(3), 625(1), 296(1), 486(2), 627(1), 578(1), #####(1), 682(2), 250.8(2), 155(1), 465(1), 566(1), 491(1), 162(2), 250.82(1), V57(1), 250.32(1), 820(1), 569(1), 560(1), 230(1), 493(1), 437(1), 458(1), 250.6(1), 530(1), 725(1), 571(1)",56
1247,1246,12472,diag_2,"413(3), 250.01(1), 496(1), 780(1), 70(1), 427(5), 595(1), 204(1), 428(2), V45(1), 404(1), 276(4), 250.02(3), 998(1), 250(3), 286(1), 401(4), 593(1), 577(1), 567(1), 511(1), 682(2), 426(1), 272(1), 808(1), #####(1), 285(2), 518(2), 558(1), 578(1), 486(2), 572(1), 585(2), 456(1)",56
1248,1247,12481,diag_1,"786(2), 250.1(1), 590(1), 410(1), 276(2), 790(1), 458(2), 428(2), 608(1), 440(1), 426(1), 414(4), 780(3), 433(1), 250.8(1), 555(1), V53(1), 280(1), 540(1), 805(1), 435(1), 434(3), 969(1), 584(3), 486(2), 996(1), 453(1), 729(1), 491(2), 250.02(1), 618(1), 482(1), 648(1), 820(1), 250.13(1), 519(1), 575(1), 250.12(1), 808(1), 564(1), 964(1)",56
1248,1247,12482,diag_2,"394(1), 276(4), 492(1), 424(1), 496(2), 600(1), 428(2), #####(3), 780(2), 411(2), 433(1), 250.6(1), 560(1), 427(1), 250(2), 403(1), 275(1), 599(2), 511(2), 789(1), 781(1), 263(1), 491(3), 790(1), 459(1), 782(1), 570(1), 291(1), 625(1), 592(1), 820(1), 530(1), 250.8(1), 518(2), 553(1), 808(2), 342(1), 577(1), 584(1), V85(1)",56
1249,1248,12491,diag_1,"415(1), 507(1), 290(1), 786(1), 402(1), 428(2), 780(1), 185(2), 730(1), 414(5), 996(1), 969(1), 593(1), 574(1), V57(1), 486(1), 564(1), 38(1), 584(5), 440(1), #####(2), 535(1), 427(2), 715(2), 295(1), 250.6(1), 491(3), 162(1), 824(1), 789(1), 276(1), 250.82(1), 599(1), 562(1), 518(2), 441(1), 275(1), 998(1), 280(1), 278(1)",56
1249,1248,12492,diag_2,"11(1), 340(1), 427(3), 571(1), 250.02(1), 496(1), 515(1), 198(1), V49(1), 413(1), 428(2), E939(1), 287(1), V45(1), V43(1), #####(3), 411(1), 401(2), 617(1), 403(1), 70(1), 250(2), 682(1), 599(3), 996(1), 311(1), 511(1), 276(1), 707(2), 426(1), 286(1), 592(1), 787(1), 284(1), 786(1), 799(1), 255(1), 491(1), 458(1), 719(1), 518(1), 585(1), 486(1), 466(1), 416(1), V85(1)",56
1250,1249,12501,diag_1,"250.83(1), 648(1), 453(1), 433(1), 514(1), 562(2), 723(1), 494(1), 435(1), 428(2), 414(5), 564(1), 780(2), #####(3), 486(1), 198(1), 447(1), 593(1), 296(1), 715(3), 728(1), 998(1), 682(1), 434(1), 491(3), 574(2), 590(1), 599(1), 250.6(1), 560(1), 276(1), 425(1), 577(1), 427(1), 813(1), 786(1), 238(1), 444(1), 403(1), 250.13(1), 354(1), 250.8(1)",56
1250,1249,12502,diag_2,"250.43(1), 664(1), 845(1), 403(1), 997(1), 250.01(1), 780(2), 786(3), 424(1), 496(3), 428(2), 427(1), #####(3), 411(1), 162(1), 276(1), 591(1), 401(3), 736(1), 998(1), 402(1), 250(3), 305(1), 599(3), 593(1), 536(1), 250.02(1), 576(1), 414(1), 719(1), 577(1), 682(1), 285(1), 458(1), 250.8(1), 410(1), 564(1), 585(2), 584(1), 412(1), 327(1)",56
1251,1250,12511,diag_1,"11(1), 386(1), 438(1), 250.81(1), 428(2), 572(1), 276(1), 414(5), 820(2), 786(3), 823(2), 296(1), 433(1), 715(2), V58(1), 458(1), 197(1), 440(1), 239(1), 435(1), 250.7(2), 250.13(2), 486(2), 780(1), 682(2), 174(1), #####(4), 518(1), 493(1), 578(1), 38(1), 250.92(1), 427(1), 413(1), 491(1), 398(1), 437(1), 540(1), 410(1)",56
1251,1250,12512,diag_2,"496(4), 427(3), 305(1), 515(1), 571(1), 70(1), E816(1), 309(1), 413(1), 428(2), 292(1), 710(1), 276(3), 411(1), 162(2), 958(1), V42(1), 401(1), 599(4), 425(1), 345(1), 707(2), 196(1), 491(3), 414(3), 410(1), 250(1), 250.5(1), 285(2), 272(1), 786(1), 250.13(1), 486(2), 434(1), 584(2), 117(1)",56
1252,1251,12521,diag_1,"923(1), 78(1), 722(1), 996(1), 707(1), 434(4), 625(1), 584(2), 427(3), 482(1), 428(1), 276(3), 152(1), 414(7), 250.8(1), 578(1), 486(4), 682(3), 459(1), 435(1), 162(1), 552(1), 780(2), 79(1), 491(2), 404(1), 8(1), 530(1), 569(1), 411(1), 507(1), 250.02(1), 250.7(1), 403(1), 730(1)",56
1252,1251,12522,diag_2,"453(1), 599(2), 496(2), 403(4), 250.6(1), 424(1), 250.42(2), 250.01(1), 305(1), 421(1), 197(1), 413(1), 427(2), 411(1), 280(1), 999(1), 276(2), 402(1), 428(1), 250(2), 997(1), 401(3), 493(1), 162(1), 425(1), 278(1), 250.02(1), 414(3), 42(1), 491(1), 285(1), 518(1), 294(1), 789(1), 486(2), 585(3), 584(3), 293(1)",56
1253,1252,12531,diag_1,"42(1), 294(1), 414(6), 514(1), V57(3), 428(2), 625(1), 434(4), 562(1), 784(1), 486(4), 780(1), 786(3), 410(1), 198(1), 440(1), 423(1), 783(1), 577(1), 427(4), 253(1), 420(1), 998(2), 481(1), 996(1), 820(1), 715(1), 812(1), 276(1), 491(1), 599(1), 518(2), 250.6(1), 250.8(1), 38(1)",56
1253,1252,12532,diag_2,"136(1), 873(1), 396(1), 427(2), 250.6(1), 403(1), V16(1), 305(2), 280(1), 413(1), 250.01(1), 135(1), 714(1), 250.02(1), V45(1), 428(2), 411(2), 157(1), 276(2), 444(1), 511(2), V43(1), 780(2), 574(1), 250(4), #####(1), 998(1), 599(2), 724(1), 414(2), 401(1), 491(2), 707(1), 272(1), 729(1), 386(1), E878(1), 112(1), 789(1), 342(1), 438(1), 486(1), 584(1)",56
1254,1253,12541,diag_1,"996(2), 566(2), 296(1), 250.82(1), 820(1), 414(6), 428(1), 427(1), 998(2), 250.4(1), 453(1), 577(1), 682(2), 648(1), 386(1), 560(1), 786(2), 250.02(1), 426(1), 656(1), 562(1), 715(1), 410(1), 584(1), 599(2), 780(2), 250.6(1), 789(2), 250.8(2), 491(2), V71(1), 278(1), 38(2), 574(1), 162(1), 466(1), 578(1), 493(1), 250.12(1), 403(1)",56
1254,1253,12542,diag_2,"403(3), 496(2), 383(1), 413(1), 427(1), 428(2), 511(1), 197(1), 276(2), #####(2), 411(3), 493(1), 401(4), 205(1), 250(2), 425(2), 648(1), 278(1), 426(1), 414(1), 491(1), 581(1), 682(1), 41(1), 518(2), 599(1), 724(1), 162(1), 577(2), 564(1), 562(1), 285(1), 486(2), 786(1), 572(1), 585(2), 584(2), E930(1)",56
1255,1254,12551,diag_1,"464(1), 226(1), 648(1), 250.1(1), 486(5), 428(2), 782(1), 250.4(1), 453(1), 410(3), 185(1), 435(2), V57(1), 433(1), 965(1), 250.6(1), 427(2), V58(1), 730(1), 812(1), #####(4), 562(2), 558(2), 276(3), 434(1), 626(1), 415(1), 491(1), 786(2), 466(1), 959(1), 38(1), 808(1), 154(1), 537(1), 560(1), 715(1), 414(1), 295(1)",56
1255,1254,12552,diag_2,"401(5), 428(2), 250.01(1), 276(4), 424(1), 788(1), 197(1), 425(2), 250.6(1), #####(2), 998(2), 250(2), 410(2), 427(1), 200(1), E884(1), 162(1), 599(1), 784(1), 285(3), 707(1), 560(1), 786(1), 491(1), 507(1), 272(1), 250.02(1), 414(2), 585(2), 443(2), 785(1), 552(1), 250.8(1), 486(1), 584(1), 296(1), V62(1), 183(1)",56
1256,1255,12561,diag_1,"722(3), 692(1), 428(2), 682(3), 599(3), 572(1), 536(1), 276(1), 562(1), 414(6), 250.7(1), 198(1), 295(1), 707(1), 38(2), 250.6(1), #####(2), 996(2), 780(1), 410(2), 486(1), 821(1), 250.13(1), 153(1), 584(1), 411(1), 786(1), 427(2), 512(1), 575(1), 491(2), 577(1), 787(1), 193(1), 518(1), 820(1), 291(1), 788(1)",56
1256,1255,12562,diag_2,"718(1), 155(1), 496(2), 492(1), 70(1), 303(2), 424(1), 428(2), V45(1), #####(1), 440(1), 411(3), 162(1), 250(6), 250.02(1), 722(1), 425(2), 276(3), 453(1), 401(3), 38(1), 295(1), 8(1), 560(1), 414(3), 511(1), 575(1), 577(1), 518(1), 250.6(1), 410(1), 311(1), 733(3), 342(1), E878(1), 486(1), 995(1)",56
1257,1256,12571,diag_1,"250.4(1), 294(1), 428(2), 414(2), 434(1), 402(1), 786(4), 584(1), 592(1), 600(1), 682(4), 202(1), V58(1), #####(2), 424(1), 250.02(1), 996(1), 574(1), 250.6(2), 427(3), 486(2), 785(1), 599(2), 491(3), 250.81(1), 410(3), 783(1), 562(1), 715(1), 250.8(1), 493(2), 487(1), 518(1), 296(1), 403(2), 707(1)",56
1257,1256,12572,diag_2,"403(3), 250(3), 496(2), 428(2), 427(3), 492(1), 780(1), 305(1), 250.6(1), #####(3), 153(1), 411(1), 493(1), 401(3), 682(1), 536(1), 707(1), 357(1), 402(1), 244(1), 511(1), 599(1), 821(1), 414(1), 585(4), 425(1), 434(1), 285(2), E932(1), 799(1), 276(1), 516(1), 319(1), 518(1), 290(1), 584(2), 562(1), 758(1), V85(1)",56
1258,1257,12581,diag_1,"331(1), 786(1), V55(1), 428(2), 572(1), 682(1), 414(3), 410(2), 433(2), 458(1), 211(1), 550(1), 486(2), 250.6(1), 453(1), V57(1), 426(1), 515(1), 415(1), 250.02(1), 312(1), 820(1), 490(1), 562(1), 531(1), 584(1), 507(1), 250.8(2), 491(2), 427(1), 807(1), 530(1), 599(1), 250.12(1), 574(1), 276(1), 595(1), 493(2), 250.13(1), 519(1), 715(1), 218(1), 38(1), #####(1), 434(1), 345(1), 204(1)",56
1258,1257,12582,diag_2,"250.01(1), 403(1), 305(1), 424(1), 571(1), 496(1), 413(1), 428(2), 250(8), 250.6(1), 569(1), 425(1), 276(3), 42(1), 707(2), 493(1), 291(1), 599(6), 414(3), 410(1), 426(1), 682(1), #####(2), 719(1), 530(1), 41(1), 577(2), 787(1), 799(1), 592(1), 786(1), 285(2), 626(1), 486(1), 342(1)",56
1259,1258,12591,diag_1,"184(1), 250.1(1), 531(1), 486(1), 540(1), 562(2), 786(3), 577(1), 414(4), 189(1), 790(2), 530(1), 440(2), 969(1), 507(1), 277(1), 201(1), 9(1), 599(1), 722(1), 682(1), V57(1), 415(1), 733(1), 427(1), 410(4), 850(1), 578(1), 250.6(1), 532(1), 150(1), 728(1), 820(1), 618(1), 491(3), 788(1), 428(2), 518(1), 996(1), #####(1), 780(1), 280(1)",56
1259,1258,12592,diag_2,"276(6), 780(3), 496(4), 295(1), 250.02(1), 428(2), 427(2), 440(1), 560(1), 411(1), 250.12(1), 287(1), 250(4), V54(1), 453(2), 401(2), 707(1), 425(1), 805(1), 599(3), 786(1), 410(1), 507(1), E888(1), 518(1), 414(1), 867(1), 491(1), 486(3), 728(1), 585(1), 584(2), 481(1), 579(1)",56
1260,1259,12601,diag_1,"486(2), 530(1), 250.03(1), 415(1), 824(1), 438(1), 428(2), 599(1), 296(2), #####(7), 577(2), 780(2), 53(1), 578(1), 560(1), 8(1), 574(1), 998(1), 600(1), 276(2), 440(1), 38(1), 618(1), 584(1), 250.02(1), 786(2), 518(1), 250.7(1), 531(1), 491(2), 410(2), 575(1), 250.8(1), 287(1), 285(1), 715(1), 825(1), 250.13(1), 404(1), 153(1), 507(1)",56
1260,1259,12602,diag_2,"513(1), 533(1), 276(4), 483(1), E916(1), 780(1), 496(1), 424(1), 250.01(1), 303(1), 427(3), 437(1), 428(2), 446(1), 599(3), 280(1), 493(1), 403(1), 292(1), 250(1), 682(1), 997(1), 8(1), 707(1), 574(1), 618(1), 560(1), 414(2), #####(1), 785(1), 285(1), 577(2), 721(1), 790(1), 263(1), 284(1), 626(1), 518(2), 250.8(1), E885(1), 112(1), 585(1), 557(1), 584(2)",56
1261,1260,12611,diag_1,"522(1), 286(1), 185(1), 410(2), 428(1), 433(1), 812(1), V57(2), 414(5), 278(1), 434(3), 626(1), 426(1), 486(4), 276(1), 250.8(3), 715(1), 250.22(1), 786(1), 530(1), 518(3), 592(2), 560(1), 787(1), 285(1), 491(4), 38(1), 805(1), 427(1), 574(2), 162(1), 599(3), 823(1), 250.6(1)",56
1261,1260,12612,diag_2,"682(1), 873(1), 571(1), 496(1), 424(2), 250.02(2), 515(1), 397(1), 427(4), 997(1), 218(1), 411(2), 250.6(1), 300(1), 401(2), 250(4), 276(1), 591(1), 311(1), 410(1), 719(1), V42(1), 428(1), 272(1), 491(3), 592(1), 414(2), 458(1), 518(3), 486(3), 507(1), 585(2), 584(2), 730(1), 296(1), 438(1), 348(1)",56
1262,1261,12621,diag_1,"854(1), 571(1), 250.11(1), 786(2), 433(1), 410(1), 714(1), 782(1), 599(2), 680(1), 276(2), 414(4), 434(2), 728(1), 182(1), 198(1), 787(1), 721(1), 398(1), 515(1), 440(1), 427(2), 428(2), 722(1), 996(2), 486(1), 458(1), 250.6(1), 608(1), 584(1), #####(1), 562(1), 518(1), 507(2), 443(1), 578(1), 553(1), 715(1), 162(1), 38(1), 535(1), 780(1), 250.02(1), 8(1), 824(1)",56
1262,1261,12622,diag_2,"276(9), 250.01(1), 496(3), 424(1), 428(2), 340(1), 250.02(1), 583(1), 413(1), 401(1), 411(1), 155(1), 250(4), V42(1), #####(2), 8(1), 599(1), 682(2), 493(1), 707(4), 491(2), 426(1), 511(1), 414(1), 272(1), 285(1), 518(1), 356(1), 342(1), 486(1), 585(2), 435(1), 753(1), 344(1), 812(1)",56
1263,1262,12631,diag_1,"250.4(2), 513(1), 648(1), 402(1), 486(2), 414(3), 996(1), 997(1), 435(1), 428(1), 924(1), 250.8(1), 410(3), 786(5), 535(1), 577(2), 403(1), 276(2), 820(2), 404(1), 434(1), 707(1), 440(1), 493(1), 578(1), 664(1), 189(1), 238(1), 507(1), 959(1), 722(1), 584(1), 427(2), 599(1), 720(1), 411(1), 780(1), 227(1), 250.02(1), 729(1), 491(1), 715(1)",56
1263,1262,12632,diag_2,"403(2), 496(2), 250.01(1), 427(6), 276(6), 715(1), 250.02(1), 428(2), 424(1), 411(1), #####(2), 295(1), 996(1), V42(1), 599(3), 569(1), 401(1), 288(1), 648(1), 578(1), 786(1), 250(1), 518(1), 284(1), 794(1), 331(1), 707(1), 585(1), 414(1), 202(1), 250.8(1), 272(1), 733(1), 365(1), E885(1), 584(3), 435(1), 337(1)",56
1264,1263,12641,diag_1,"463(1), 435(4), 423(1), 185(1), 298(1), 786(2), 682(2), 332(1), 789(1), 162(1), 428(2), 780(2), 486(1), 433(1), 578(2), 722(1), 813(1), 730(1), 590(1), 250(2), 414(1), 540(1), 562(2), 574(2), 250.6(2), 276(1), 284(1), 560(2), 79(1), 715(1), 250.82(2), 250.8(1), 996(2), 785(1), 410(1), 346(1), 38(1), 403(1), 507(1), 491(1), 466(1)",56
1264,1263,12642,diag_2,"276(4), 396(1), 427(3), 496(4), 780(1), 250.83(1), 250.03(1), 413(1), V49(1), 250.02(1), 433(1), 428(1), 280(1), 250(3), 842(1), 401(5), 425(1), V44(1), 790(1), 560(1), 153(1), 784(1), 567(1), 415(1), 414(1), 440(1), 599(1), 285(2), 211(1), 789(1), 577(1), 707(1), 518(1), 438(1), 680(1), 54(1), 995(1), 585(2), 482(1), 584(1)",56
1265,1264,12651,diag_1,"V66(1), 135(1), 414(3), 682(3), 557(3), 250.2(1), 599(2), 428(2), 486(3), 288(1), 569(1), 386(1), 250.7(3), 536(1), 726(1), 427(3), 250(1), 574(1), 303(1), 401(1), 38(1), 562(2), 250.6(1), 512(1), 410(1), 8(1), 332(1), 481(1), #####(1), 715(2), 786(1), 584(3), 577(1), 789(1), 781(1), 518(1), 250.82(1), 491(1)",56
1265,1264,12652,diag_2,"571(1), 517(1), 250.43(1), 250.01(1), 280(1), 403(1), 496(1), 427(3), 788(1), 428(2), 250.6(1), 401(3), 411(1), 440(1), 250(2), 996(1), 682(2), 250.02(2), 276(3), 574(1), 599(3), 780(2), #####(3), 304(1), 425(1), 402(1), 920(1), 578(1), 412(1), 38(1), 707(2), 535(1), 426(1), 185(1), 285(1), 414(1), 729(1), 786(1), 518(1), 585(1)",56
1266,1265,12661,diag_1,"250.83(1), 860(1), 303(1), 722(1), 296(1), 560(2), 428(1), 414(4), 182(1), 410(3), 780(1), 486(3), 584(2), 200(1), 8(1), 786(4), 535(1), 250.13(1), 996(2), 599(2), 426(1), 493(1), 682(1), 402(1), 346(1), 997(1), 250.8(2), 250.12(1), 588(1), 578(1), 491(1), 654(1), 785(1), 250.02(1), 512(1), 276(3), 193(1), 571(1), 345(1)",56
1266,1265,12662,diag_2,"403(5), 276(4), 427(4), 250.02(1), 305(1), 428(2), 197(1), #####(2), 411(1), 518(2), 250(2), 599(1), 401(2), 611(1), 511(1), 682(2), 38(1), 434(1), 786(1), 41(1), 410(1), 414(3), 794(1), 285(2), 648(1), 286(1), 490(1), 486(3), 154(1), 151(1), 730(1), 585(1), 584(1), 456(1), 438(1)",56
1267,1266,12671,diag_1,"188(1), 298(1), 428(2), 646(1), 414(5), 682(2), 451(1), 715(4), 401(1), 241(1), 434(2), 200(1), 402(1), 427(3), 578(1), 822(1), 820(2), 250.8(2), 458(1), 724(1), 156(1), 780(1), #####(4), 584(2), 813(1), 432(1), 553(1), 38(1), 250.12(1), 8(1), 491(2), 486(1), 203(1), 250.82(1), 250.7(1), 707(1), 437(1)",56
1267,1266,12672,diag_2,"280(3), 276(4), 424(2), 591(1), 496(1), 413(1), 682(1), 427(4), 250(4), 780(2), 425(2), V15(1), 411(2), 428(1), 162(1), 738(1), 998(1), 576(1), 599(2), 707(3), 291(1), 821(1), 426(1), 414(1), 410(1), V58(1), 799(1), 518(1), 342(1), 721(1), 585(2), 486(1), 584(1), 730(1), 756(1), 438(1), 435(1)",56
1268,1267,12681,diag_1,"296(1), 282(1), 722(1), 577(1), 250.42(1), 402(1), 440(1), 486(2), 531(1), 434(1), 414(5), 428(2), 535(1), 218(1), 410(4), 404(1), 789(1), 507(1), 250.7(1), 600(1), 786(2), #####(2), 435(1), 592(1), 584(1), 250.13(2), 162(1), V57(1), 398(1), 518(2), 250.82(3), 493(1), 511(1), 977(1), 996(1), 780(1), 198(1), 491(2), 250.8(1), 427(1)",56
1268,1267,12682,diag_2,"306(1), 403(3), 424(1), 496(1), 250.52(1), 428(2), 413(2), 250.82(1), 427(1), 276(4), 568(1), 411(1), #####(3), 295(1), 788(1), 425(2), 250(6), 401(1), 591(1), 682(2), 578(1), 707(1), 250.5(1), 599(3), 414(3), 780(1), 202(1), 507(1), 518(1), 537(1), 584(1), 486(2), 290(1), 466(1), 53(1)",56
1269,1268,12691,diag_1,"434(1), 198(1), 386(1), 786(5), 414(6), 428(2), V58(1), 511(1), 440(2), 411(1), 427(1), 250.02(1), 574(1), 998(1), 486(5), 562(2), 577(1), 578(2), 250.6(1), 250.1(1), 410(1), 584(1), #####(2), 250.7(2), 540(1), 296(1), 784(1), 991(1), 491(2), 250.12(2), 276(1), 780(1), 728(1), 415(1), 567(1)",56
1269,1268,12692,diag_2,"933(1), 571(1), 428(2), 305(1), 413(1), 427(4), 153(1), 780(2), 444(1), 411(2), 996(1), 493(1), 250(2), 998(1), 276(2), V42(1), 560(1), 536(1), 518(3), 491(1), 786(1), 8(1), 414(2), 410(1), 284(1), 785(2), 272(1), 577(1), 729(1), 458(1), 202(1), 584(4), 486(1), 585(3), 79(1), V58(1), 354(1), 572(1), 465(1)",56
1270,1269,12701,diag_1,"531(1), 592(1), 572(1), 536(1), 535(1), 440(1), 786(3), 428(2), 682(1), 414(4), 410(1), 426(1), 486(4), 38(1), 415(1), 427(4), 998(1), 599(1), 153(2), #####(2), 820(1), 287(1), 577(1), 530(1), 715(1), 197(1), 733(1), 584(1), 578(1), 507(1), 518(2), 780(1), 491(1), 296(2), 784(1), 493(2), V57(1), 996(1), 458(1)",56
1270,1269,12702,diag_2,"496(2), 70(1), 250.6(1), 427(5), 250.7(1), 428(2), #####(4), 276(3), 411(2), 590(1), 453(2), 401(4), 250(2), 197(1), 402(1), 198(1), 569(1), 599(2), 576(1), 786(1), 196(1), 491(2), 415(1), 410(1), 8(1), 317(1), 202(1), 38(1), 285(1), 572(1), 438(1), 518(1), 585(2), 584(1), 296(1), V62(1)",56
1271,1270,12711,diag_1,"70(1), 593(1), 274(1), 282(1), 428(2), 682(2), 569(1), 296(1), 211(1), 182(1), 414(1), 250.02(1), 787(1), 531(1), 250.7(1), 378(1), 724(1), 786(2), 434(1), 486(2), 599(6), 648(1), 410(1), 562(1), 276(1), 577(1), 507(1), 574(2), 38(3), 493(2), 790(1), 715(1), #####(3), 411(1), 280(1), 996(1), 847(1), 487(1), 997(1), 345(1), 824(1)",56
1271,1270,12712,diag_2,"428(1), 250.4(1), 403(1), 402(1), 250.02(1), 616(1), 280(1), 427(1), 301(1), 568(1), 401(5), 411(1), 295(1), 197(1), 532(1), 440(1), 493(2), 250(4), 276(1), 272(1), 560(1), 414(3), 491(1), 599(1), 253(1), 41(1), 786(1), 507(1), 482(1), 577(1), 787(1), 285(1), 535(1), 578(1), 789(1), 486(2), 585(1), 466(1), 250.8(1), 518(1), 716(1), 584(1), 291(1), 487(1), V85(1)",56
1272,1271,12721,diag_1,"682(1), V57(2), 250.1(1), 427(2), 733(1), 402(1), 410(3), 414(4), 292(1), 276(1), 404(1), 566(1), 786(2), 823(1), 789(1), 577(1), 386(1), 151(1), 482(1), 428(2), 250.02(1), 401(1), 435(2), 433(1), 715(1), 784(1), 780(1), 560(1), 250.6(2), 250.82(2), 491(1), 486(2), #####(1), 584(1), 808(1), 722(1), 575(1), 997(1), 507(1), 434(1), 456(1), 787(1), 238(1)",56
1272,1271,12722,diag_2,"457(1), 250.4(1), 276(3), 394(1), 496(2), 250.6(1), 403(1), 250.01(1), 427(4), 437(1), 428(2), #####(3), 540(1), 998(1), 250.02(1), 574(1), 250(4), 511(2), 552(1), 401(1), 599(5), 414(5), 368(1), 38(1), 707(1), 558(1), 535(1), 785(1), E878(1), 518(1), 112(1), 342(1), 578(1), 585(1), 289(1)",56
1273,1272,12731,diag_1,"402(1), V63(1), 786(2), 414(4), 428(2), 410(4), 787(1), 850(1), 274(1), 682(2), 250.8(4), 435(1), 724(2), 197(3), 780(2), 493(3), 590(2), 440(1), 403(1), 562(1), 997(1), #####(4), 715(2), 250.7(2), 599(1), 424(1), 250.82(1), 79(1), 820(1), 38(1), 486(1), 345(1)",56
1273,1272,12732,diag_2,"250.41(1), 276(3), 250.42(1), 396(1), 496(2), 424(2), 864(1), 295(1), 305(1), 413(1), 428(2), 250.6(1), 403(1), 427(1), #####(1), 512(1), 197(1), 593(1), 999(1), 162(1), 401(3), 425(1), 250.02(1), 722(1), 599(5), 41(2), 491(1), 707(1), 410(1), 682(1), 785(1), 414(1), 285(2), 781(1), 486(2), E885(1), 435(1), 585(1), 584(2), 730(1), 518(1)",56
1274,1273,12741,diag_1,"453(1), 276(2), 599(2), 414(5), 682(2), 584(3), 220(1), 780(2), 427(2), V57(1), 715(1), 410(1), 721(1), 401(1), 198(1), 185(1), 574(2), 789(1), 820(1), 250.2(1), 250.6(1), 756(1), 555(1), 577(1), 996(1), 434(1), 433(1), 300(1), 428(2), 435(1), 540(1), 486(1), #####(1), 590(1), 491(2), 518(1), 998(1), 250.02(1), 455(1), 458(1), 292(1), 431(1)",56
1274,1273,12742,diag_2,"477(1), 250.03(1), 571(1), 413(1), 250.7(1), 250.01(1), 568(1), 301(1), 427(1), 424(1), V43(1), 250.6(1), 428(2), 722(1), 276(6), 996(1), 411(1), 560(1), 250(3), 574(1), 403(1), 250.11(1), 998(1), 535(1), 278(1), 782(1), 682(3), 599(1), 272(1), 786(1), 162(1), 491(3), 781(1), 794(1), 410(1), 707(1), 41(1), E878(1), 486(1), 585(2), 416(1), 296(1), 348(1)",56
1275,1274,12751,diag_1,"840(1), 428(2), 402(1), 969(1), #####(4), 786(2), 414(3), 486(2), 998(2), 410(5), 780(1), 296(2), 250.81(1), 864(1), 805(1), 250.6(2), 274(1), 682(1), 530(1), 707(1), 575(2), 440(1), 493(2), 459(1), 578(1), 584(1), 812(1), 491(2), 250.8(1), 535(1), 174(1), 250.02(1), 518(1), 276(1), 824(1), 8(1), 996(1), 537(1)",56
1275,1274,12752,diag_2,"493(2), 492(1), 496(1), 428(1), 780(2), 427(3), 250.6(1), 276(4), 411(2), 441(1), 401(3), 278(1), 707(3), 820(2), 425(1), 682(2), 536(1), 599(2), 426(1), 578(2), 745(1), 575(1), 272(1), 531(1), 250.1(1), 507(1), 285(1), 414(2), 196(1), 211(1), 332(1), 789(1), 486(1), E885(1), 458(1), 585(2), 584(1), 438(1)",56
1276,1275,12761,diag_1,"682(2), 402(1), 414(3), 410(2), V57(4), 428(2), 198(1), 730(2), 820(1), 780(1), 823(1), 493(1), 535(1), 812(1), 486(2), #####(1), 434(1), 453(1), 250.8(1), 552(1), 715(2), 786(1), 997(1), 250.13(2), 537(1), 558(1), 250.02(1), 560(2), 276(1), 285(1), 157(1), 458(1), 411(1), 530(1), 250.12(1), 491(2), 584(1), 572(1), 38(2), 659(1), 278(1)",56
1276,1275,12762,diag_2,"451(1), 496(1), 250.01(1), 424(1), 428(2), 250.02(1), 198(1), #####(2), 427(2), 780(1), 411(1), 998(1), 403(1), V54(1), 578(1), 250(7), 276(3), 425(2), 682(1), 453(1), 189(1), 722(1), 599(2), 707(2), 157(1), 786(1), 576(1), 401(1), 414(1), 577(2), 564(1), 518(1), 486(1), 250.13(1), 250.22(1), 585(1), 344(1), 584(1), 648(1), 349(1), V85(1)",56
1277,1276,12771,diag_1,"250.81(1), 440(1), 428(1), 789(1), 786(3), 410(2), 414(2), 997(1), 433(1), 682(2), 820(1), 578(1), 996(1), 241(1), 162(1), 296(2), 571(1), 600(1), 790(1), 413(1), 292(1), 715(1), 486(2), 998(1), 584(3), 250.7(2), 427(2), 402(1), 493(1), 250.02(1), 491(1), 599(1), 780(1), 250.12(1), 784(1), 202(1), 575(1), 250.13(1), 785(1), 821(1), 38(1), 431(1), 534(1), 437(1), 552(1)",56
1277,1276,12772,diag_2,"571(1), 492(1), 403(2), 250.01(1), 250.92(1), 305(1), 413(2), V45(1), 433(1), 427(1), 428(1), 250.02(1), 250.6(1), 453(1), 787(1), 276(3), 401(5), 425(3), 292(1), 707(2), 682(1), 786(1), 410(1), 785(1), 518(3), 599(2), 277(1), 41(1), 250.8(1), 38(1), 285(2), 255(1), 202(1), 250.53(1), 414(1), 995(1), 293(1), 342(1), 584(1), 585(1), V85(1)",56
1278,1277,12781,diag_1,"V57(1), 569(1), 883(1), 786(4), 414(5), 428(2), 155(1), 626(1), 250.22(1), 922(1), 790(2), #####(4), 410(4), 578(1), 852(1), 715(3), 425(1), 682(1), 435(1), 996(2), 482(1), 491(1), 780(1), 433(1), 250.02(1), 250.6(1), 518(2), 821(1), 276(1), 820(1), 507(1), 681(1), 153(1), 250.8(1), 403(1), 560(1), 427(1)",56
1278,1277,12782,diag_2,"380(1), 565(1), 250(6), 250.03(1), 250.51(1), 250.42(1), 276(3), 280(1), 295(2), 427(4), 428(2), #####(6), V43(1), 496(1), 401(3), 411(1), 287(1), 493(1), 198(1), 426(1), 362(1), 244(1), 94(1), 414(1), 284(1), 250.12(1), 285(1), 518(1), 112(1), 727(1), 585(2), 728(1), 562(1), 584(2), 289(1)",56
1279,1278,12791,diag_1,"198(1), 250.4(1), 574(1), 250.11(1), 211(1), 852(1), 648(1), 786(1), 577(2), 682(3), 952(1), 435(2), 482(1), 428(2), 191(1), 433(1), 560(2), 414(4), 584(3), 410(1), 250.6(2), 276(1), 444(1), 784(1), 348(1), 724(2), 715(2), 558(1), #####(1), 518(1), 599(1), 442(1), 562(2), 531(1), 8(1), 441(1), V58(1), 250.02(1), 486(1), 333(1), 283(1)",56
1279,1278,12792,diag_2,"172(1), 403(3), V14(1), 276(7), 280(1), 496(4), 250.01(1), 850(1), 250.02(1), 428(2), 447(1), 346(1), 427(1), 411(1), 574(1), 996(1), 780(2), 440(1), 340(1), 250(2), 401(2), 412(1), 425(2), 578(1), 599(2), 155(1), 799(1), 789(1), 285(1), 414(1), 564(1), 486(1), 557(1), 585(2), 584(3), 782(1)",56
1280,1279,12801,diag_1,"435(2), 682(3), 250.4(1), 398(1), 812(1), 287(1), 627(1), 250.8(1), 414(6), 434(5), 346(1), 428(2), 404(1), 560(2), 780(3), 783(1), 576(1), #####(6), 276(1), 182(1), 491(1), 786(1), 507(1), 410(3), 574(1), 493(1), 250.82(2), 996(2), 441(1), 250.6(1), 250.13(1)",56
1280,1279,12802,diag_2,"250.01(2), 428(2), 396(1), 496(1), 403(1), E934(1), 218(1), 731(1), 413(1), 250.02(1), 250.6(1), 427(1), #####(4), 568(1), 276(1), V45(1), 411(1), 402(1), 996(1), 440(1), 493(1), 780(1), 250(2), 425(1), 401(2), 581(1), 286(1), 410(1), 285(2), 707(2), 784(1), 414(4), 38(1), 785(1), 786(1), E878(1), 733(1), 486(1), 585(2), 730(1), 584(2), 296(1)",56
1281,1280,12811,diag_1,"616(1), 607(1), 685(1), 250.11(1), 414(4), 572(1), 733(2), V57(1), V55(1), 428(2), 486(5), 682(2), 511(1), 434(1), 276(2), 426(1), 458(1), 410(1), 722(3), 584(3), 599(3), 493(2), 441(1), 998(1), 820(1), 250.8(1), #####(2), 531(1), 507(1), 560(1), 250.12(1), 38(1), 332(1), 491(1), 518(1), 996(1), 823(1)",56
1281,1280,12812,diag_2,"250.01(3), 250(2), 276(5), 571(1), 496(2), 715(1), 403(2), 135(1), 413(1), 427(1), 428(2), 70(1), 411(3), 295(1), #####(2), 997(1), 401(2), 805(1), 250.02(1), 197(1), 996(1), 38(1), 599(2), 162(1), 491(4), 285(1), 560(1), 707(1), 414(1), 785(1), 112(1), 733(1), 799(1), 255(1), 584(1), 585(1), 348(1), V85(1)",56
1282,1281,12821,diag_1,"250.4(1), 682(2), 562(1), 486(3), 428(2), 482(1), 414(6), 600(1), 786(3), 453(1), 577(2), 295(1), 296(1), 536(1), 724(1), 386(1), 733(1), 410(1), 427(3), 824(1), 415(1), 250.02(1), 493(1), 998(1), 560(1), 250.6(1), 153(1), 402(1), 250.8(1), 654(1), 38(2), 557(1), 578(1), 511(1), 575(1), 250.12(1), 197(1), 780(1), 491(1), 403(1), 571(1)",56
1282,1281,12822,diag_2,"403(1), V57(1), 725(1), 496(1), 397(1), 515(1), 413(1), 428(2), 596(1), 276(3), 411(2), 805(1), 574(1), 250(5), 304(1), 426(1), 401(2), 998(1), 599(2), 493(2), 162(1), 996(1), 530(2), 511(1), 707(1), 578(1), 294(1), 648(1), 284(1), 789(1), 250.12(1), 285(1), 518(3), 787(1), 434(1), 199(1), 728(1), 585(2), 482(1), 456(1), 510(1)",56
1283,1282,12831,diag_1,"250.91(1), 296(1), 780(1), 250.11(1), 786(5), 434(1), 414(6), 250(1), 410(4), 578(1), 428(2), 250.7(2), 789(2), 577(1), 493(2), 427(3), 435(1), 491(2), 531(1), 820(1), 584(1), 507(1), 280(1), 486(3), 153(1), 38(2), 998(1), 733(1), 444(1), 426(1), 781(1), 415(1), 482(1), 518(1)",56
1283,1282,12832,diag_2,"428(2), 246(1), 989(1), 276(2), 250.02(2), 427(3), #####(4), 280(1), 411(1), 440(2), 444(1), 425(3), 401(1), 135(1), 250(2), 515(1), 493(1), 402(1), 790(2), 785(2), 599(2), 569(1), 196(1), 682(1), 511(1), 285(2), 414(2), 491(1), 535(1), 434(1), 272(1), 518(2), 486(1), 558(1), 584(2), 466(1), 514(1)",56
1284,1283,12841,diag_1,"295(1), 433(1), 414(6), 486(2), 250(1), 722(1), 434(3), 575(2), 220(1), 440(1), 331(1), 820(3), 427(4), 998(1), 724(1), 850(1), 730(1), 435(1), 443(1), 276(1), 493(1), 250.12(1), 648(1), 784(1), 189(1), 715(3), 482(1), 682(2), 786(1), 327(1), 584(2), 174(1), 780(2), 996(1), 592(1), 79(1), 349(1)",56
1284,1283,12842,diag_2,"250.01(1), 496(4), 250.02(1), 413(1), 295(1), 571(1), 285(3), 276(1), 411(2), 599(5), 453(1), 427(4), 401(5), 402(1), 807(1), 250(3), 707(2), V42(1), 428(1), 157(1), 530(1), 425(1), 473(1), E888(1), 443(1), 535(1), 410(1), 458(1), 518(1), 553(1), 585(2), 342(1), 584(1), 281(1), E937(1)",56
1285,1284,12851,diag_1,"250.11(1), 294(1), 824(1), 250.1(1), 296(1), 414(4), 786(6), 799(1), 722(1), 250(1), 427(1), 558(1), 440(2), 435(1), 780(1), 564(1), 428(2), 250.02(1), 250.32(1), 682(1), 562(1), 434(1), 584(1), 715(1), 530(1), 560(1), 250.6(1), V57(1), 532(1), 250.8(1), 250.7(1), #####(1), 410(1), 491(2), 574(1), 996(1), 250.13(1), 518(1), 280(1), 38(1), 276(1), 486(1), 431(1), 821(1), 295(1)",56
1285,1284,12852,diag_2,"250.81(1), 303(2), E928(1), 276(5), 496(1), 403(1), 425(4), 997(2), 411(1), 427(1), 250(2), 682(3), 401(4), 426(1), 707(2), 530(2), 511(1), 491(1), 799(1), 784(1), 414(3), 272(1), 785(1), 577(1), 733(1), 535(2), 196(1), 585(3), 995(1), 486(1), 342(1), 293(1), V62(1), 746(1)",56
1286,1285,12861,diag_1,"807(1), 843(1), 429(1), 577(1), 414(5), 486(3), 426(1), 162(1), 410(2), 428(2), 682(2), 296(1), 789(1), 998(1), 434(1), 780(1), 227(1), 427(2), V57(1), 786(3), 584(3), 996(1), 507(1), 715(1), 276(1), 278(1), 250.6(1), #####(2), 485(1), 38(1), 491(2), 421(1), 518(1), 599(1), 552(1), 250.8(2), 183(1), 785(1), 590(1)",56
1286,1285,12862,diag_2,"862(1), 496(3), 997(2), 424(1), 428(2), 358(1), 250.02(3), 453(1), 309(1), 276(5), 411(1), 599(2), 427(1), 38(1), 401(2), 162(1), 998(1), 250.5(1), 491(2), 414(4), 425(2), 518(1), 357(1), 410(1), 724(1), 785(1), 197(1), 789(2), 486(3), 585(3), 584(1), 556(1), V85(2)",56
1287,1286,12871,diag_1,"727(1), 682(1), 428(2), 996(1), 434(2), 426(1), 599(2), 787(1), 250.81(1), #####(2), 414(7), 705(1), 427(3), 995(1), 786(1), 493(1), 455(1), 424(1), 552(1), 715(1), 584(1), 482(1), 410(2), 723(1), 518(2), 458(1), 553(1), 578(1), 331(1), 431(1), 491(1), 443(1), 780(1), 466(1), 486(2), 250.8(1), 789(1), 303(1), 250.82(1), 575(1), 661(1)",56
1287,1286,12872,diag_2,"403(3), 847(1), 396(1), 496(3), 780(2), 493(1), 427(2), 428(2), V45(1), 276(3), 250.02(1), 411(2), 250.6(1), 250(6), 70(1), 998(1), #####(1), 410(1), 707(1), 599(2), 486(2), 414(1), 41(1), 535(1), 285(1), 592(1), 294(1), 434(1), 459(1), 789(1), 162(1), 518(1), 558(1), 585(1), 562(1), 296(1), 730(1), 584(1), 648(1)",56
1288,1287,12881,diag_1,"250.31(1), 454(1), 786(4), 23(1), 414(7), 996(1), 577(3), 998(3), 682(2), 428(2), 574(2), 433(2), 295(1), 38(1), 276(2), 250.8(1), 844(1), #####(2), 823(1), 715(2), 590(1), 427(2), 789(1), 507(1), 250.13(2), 518(1), 486(1), 560(2), 458(1), 584(1), 197(1), 716(1), 562(1)",56
1288,1287,12882,diag_2,"V45(1), 682(2), 496(2), 567(2), 403(1), 424(1), 305(1), 427(2), 413(2), 250.92(1), 250.6(1), 428(2), 276(3), 250(6), 411(1), 590(1), 780(1), 38(1), 599(1), E880(1), 426(1), 493(1), 272(2), 414(2), 707(1), 333(1), 278(1), 537(1), 285(1), 577(1), 785(1), 112(1), 284(1), 564(1), V58(1), 486(1), 585(1), 716(1), 584(2), 337(1)",56
1289,1288,12891,diag_1,"147(1), 786(4), 428(2), 402(1), 585(1), 414(3), 535(1), 682(3), 415(2), 162(1), 780(1), 511(2), 566(1), 722(2), 427(3), 486(4), 250.8(1), 275(1), 425(1), 276(1), 996(1), #####(2), V57(1), 789(1), 491(2), 434(2), 658(1), 493(1), 38(2), 715(1), 250.12(1), 867(1), 250.7(1), 348(1), 47(1), 440(1)",56
1289,1288,12892,diag_2,"196(1), 496(2), 403(1), 428(2), 424(1), 413(1), 444(1), 250.02(2), #####(5), 723(1), 276(3), 411(1), 682(1), 401(4), 712(1), 38(2), 493(1), 530(1), 250(2), 491(2), 799(1), 560(1), 414(1), 648(1), 785(1), 285(2), 41(1), 272(1), 599(2), 578(1), 486(1), 482(1), 274(1), 342(1), 584(2), 585(1), 473(1), 438(1)",56
1290,1289,12901,diag_1,"433(1), 715(1), 682(2), 574(1), 435(4), 427(2), 780(1), 812(1), V57(1), 562(1), 404(1), 414(5), 590(1), 578(1), 786(1), 599(1), 410(3), 730(1), 8(1), 434(1), 276(3), 250.6(1), 558(1), 428(1), 250.7(1), 486(1), 250.8(1), 491(1), 250.02(1), 189(1), 592(1), 38(1), 481(1), V55(1), 518(1), 203(1), 153(1), 487(1), 507(1), 284(1), 493(1), 157(1), 458(1)",56
1290,1289,12902,diag_2,"437(1), 710(1), 305(1), 295(1), 427(3), 496(1), 428(2), V54(1), 250.02(1), #####(4), V45(1), 411(2), 276(3), 401(2), 425(1), 404(1), 250(3), 682(2), V49(1), 8(1), 198(1), 410(1), 786(2), 707(2), 491(2), 272(1), 414(2), 285(1), 591(1), 585(2), 592(1), 518(2), 290(1), 250.13(1), 584(1), 262(1), 465(1)",56
1291,1290,12911,diag_1,"250.41(1), 533(1), 682(2), 577(3), 996(1), 599(1), 780(2), 790(2), 276(2), 786(2), 185(1), 608(1), 414(3), 427(2), 434(2), 440(1), 447(1), 250.8(2), 724(1), 715(3), 410(2), 250.13(1), 820(2), 808(1), 428(2), 486(1), 562(1), 300(1), 491(1), 560(1), 411(1), 789(1), 518(1), 570(1), 433(1), #####(1), 435(1), 288(1), 333(1)",56
1291,1290,12912,diag_2,"403(2), 428(2), 496(1), 70(1), 250.6(2), 157(1), V43(1), 780(2), 569(1), 276(3), 198(1), 250(3), 411(1), 996(2), 427(1), 599(5), 433(1), 401(3), 402(1), 415(1), 250.02(1), 511(1), 414(5), 285(1), 250.8(1), 41(1), 577(1), 789(1), 491(1), 584(1), 585(3), 200(1), 781(1), 296(1), 432(1)",56
1292,1291,12921,diag_1,"800(1), 434(2), 250.4(1), 433(1), 486(4), V58(1), V57(1), 414(3), 428(2), 780(2), 250.42(1), 410(2), 253(1), 276(2), 202(1), 507(2), 786(1), 295(1), 250.02(1), 38(1), 427(1), 482(1), 424(1), #####(5), 250.8(1), 491(2), 250.6(1), 584(2), 599(1), 174(1), 250.82(1), 348(1), 250.13(1), 807(1), 682(1), 998(1), 787(1), 518(1), 805(1)",56
1292,1291,12922,diag_2,"276(4), 250.43(1), 403(1), 427(6), 496(1), 287(1), V43(1), 413(1), 305(2), 428(2), 197(1), 411(2), 250(3), 278(1), 453(1), 493(1), 162(1), 415(1), 426(1), 599(2), 536(1), 491(1), 780(1), 414(2), 998(1), 707(2), 202(1), 577(1), 486(3), 519(1), 728(1), 730(1), 250.2(1), 585(2), 344(1), 584(1), 349(1)",56
1293,1292,12931,diag_1,"506(1), 711(1), 250.11(1), 572(1), 531(1), 558(1), 401(1), 198(1), 733(1), 440(1), 780(3), 426(1), 428(2), 414(2), 404(1), 723(1), 410(3), 996(4), 486(3), 250.8(2), 435(1), 715(2), 496(1), 250.13(2), 491(5), 560(1), 584(1), 8(1), 427(2), 285(1), 599(1), 652(1), 571(1), #####(3), 250.2(1)",56
1293,1292,12932,diag_2,"493(2), 250.42(1), 276(7), 571(2), 496(1), 715(1), 780(1), 70(1), 250.6(1), 403(2), 427(1), 428(2), 599(1), #####(4), 411(1), 920(1), 401(2), V10(1), 250.92(1), 250(3), 491(1), 272(1), 799(1), 410(1), 414(3), 682(1), 41(1), 285(1), E878(1), V58(1), 648(1), 486(1), 585(2), 584(2), 813(1), 416(1)",56
1294,1293,12941,diag_1,"428(2), 996(2), 276(4), 626(1), #####(2), 532(1), 250.02(1), 574(1), 304(1), 715(2), 426(1), 577(1), 722(1), 433(1), 410(1), 414(3), 786(1), 568(1), 733(1), 197(1), 434(3), 486(3), 440(1), 455(1), 600(1), 599(2), V57(1), 729(1), 401(1), 443(1), 681(1), 584(1), 458(1), 493(2), 518(1), 242(1), 112(1), 274(1), 562(1), 38(1), 780(1)",56
1294,1293,12942,diag_2,"250.41(2), 250.01(1), 218(1), 496(2), 280(1), 131(1), 403(2), 303(1), 304(1), V12(1), 428(2), 250.02(1), 276(2), 493(1), 401(3), 411(1), 250(3), 997(1), 576(1), 599(1), 425(2), 591(1), 491(2), 707(2), 530(1), 285(1), 433(1), 786(2), 682(1), 560(1), 332(1), 518(1), 486(1), 250.8(1), 585(1), 995(1), 584(6), 438(1)",56
1295,1294,12951,diag_1,"237(1), 174(1), 786(5), 997(1), 962(1), 453(1), V57(1), 724(3), 682(1), 600(1), 577(1), 414(5), 402(1), 721(1), 996(1), 486(2), 552(1), 250.7(3), 553(1), 715(1), 780(1), 428(2), 458(1), 276(2), 592(2), #####(4), 182(1), 535(1), 599(3), 38(2), 410(1), 808(1), 648(1), 250.8(1)",56
1295,1294,12952,diag_2,"780(1), 217(1), 250.01(1), 250.82(1), 295(1), 595(1), 428(2), 305(1), 427(1), 250.02(1), 788(1), 425(2), 276(3), 511(2), 411(1), 250(4), 402(1), 401(2), 682(1), 599(1), 530(1), 997(1), 410(2), 491(3), 272(1), 591(1), 518(3), 414(2), 285(2), 41(1), 785(1), 486(1), 112(1), 294(2), 585(3), 250.13(1), 730(1)",56
1296,1295,12961,diag_1,"240(1), 250.4(1), 250.83(1), 428(2), V57(2), 414(3), 780(1), 996(2), 434(3), 239(1), 577(1), 618(1), 486(2), 276(2), 427(3), 998(1), 197(1), 682(2), 782(1), 440(1), 715(2), 153(2), 250.6(1), 584(2), 38(1), 250.02(1), 444(1), 599(1), 285(1), 642(1), 853(1), 8(1), 280(1), 518(1), 997(1), 507(1), 250.12(1), 491(2), 787(1), 571(1)",56
1296,1295,12962,diag_2,"250(4), 403(1), 276(4), 496(1), 715(1), 413(1), 250.02(1), 427(2), 780(1), 599(3), 331(1), 428(2), 411(2), 425(2), 682(1), 162(1), 287(1), 401(3), 493(1), 707(3), 345(1), 536(1), 304(1), 404(1), 410(1), 414(1), 648(1), 585(2), 278(1), 491(1), 486(1), 518(3), V58(1), 584(3), 456(1)",56
1297,1296,12971,diag_1,"136(1), 229(1), 250.1(1), 470(1), 414(3), 188(1), 996(1), 428(2), 790(1), 276(2), 162(1), 434(1), 250(1), 786(1), 440(1), 491(3), 410(5), 574(1), 715(2), 789(1), #####(3), 824(1), 280(1), 427(3), V58(1), 654(1), 292(1), 250.02(1), 682(1), 174(1), 924(1), 413(2), 250.8(1), 38(1), 154(1), 530(1), V57(1), 453(1), 492(1), 820(1)",56
1297,1296,12972,diag_2,"V15(1), 276(1), 303(1), 784(1), 250.02(1), 998(2), 453(1), 428(1), 411(1), 707(3), 780(1), 198(1), 401(3), 286(1), 250(6), 599(3), 403(1), 426(2), 292(1), 425(1), 410(1), 211(1), 202(1), 648(1), 805(1), 785(1), 414(3), 278(1), 924(1), 507(1), 284(1), 511(1), 250.8(1), 518(1), 578(1), 585(1), 438(1), 584(2), 486(1), 812(1)",56
1298,1297,12981,diag_1,"462(1), 66(1), 593(1), 780(3), 433(3), V57(2), 786(1), 996(1), 528(1), 414(4), 578(2), 428(1), 562(2), 250.8(1), 569(2), 434(2), 724(1), 410(1), 998(1), 157(1), 426(1), 682(1), 435(1), V53(1), 486(2), 453(1), 250.6(2), 590(1), 552(1), 530(1), 995(1), 287(1), 715(1), 518(1), 553(1), 599(1), 38(2), 491(2), 427(1), 295(1)",56
1298,1297,12982,diag_2,"276(2), 401(2), 496(1), E939(1), V12(1), 780(2), 428(2), 427(3), 403(2), 250(6), V45(1), 411(2), 569(1), 425(1), V42(1), 719(1), 682(1), 197(1), 560(1), 512(1), 599(4), 357(1), 707(1), 319(1), 112(1), 784(1), 486(3), 577(1), 285(2), 493(1), 518(2), 481(1), 585(1), 293(1), V62(1), 260(1)",56
1299,1298,12991,diag_1,"461(1), 718(1), 715(1), 786(5), 414(5), 787(1), 428(2), 411(1), 425(1), 434(2), 110(1), 426(1), 410(3), 812(1), 820(3), 996(2), V57(1), 535(2), 560(1), 496(1), 780(2), 276(2), 922(1), 486(1), 38(2), 532(1), 695(1), 8(2), 401(1), 250.8(1), 487(2), 466(1), 338(1), 280(1), 999(1)",56
1299,1298,12992,diag_2,"250.6(1), 401(5), 359(1), 427(1), 413(1), 276(3), 428(1), 403(1), 398(1), 331(1), 332(1), 425(1), 996(1), E888(2), 402(1), 250(2), 799(1), 599(3), 707(1), 790(1), 998(2), 789(2), 786(1), 414(3), 682(1), 285(1), 250.21(1), 272(1), 443(1), 820(1), 8(1), 263(1), 458(1), 396(1), 585(2), 518(1), 584(2), 438(1), 38(1), 327(1)",56
1300,1299,13001,diag_1,"155(1), 648(1), 786(1), 250.1(1), 453(1), 574(2), 584(2), 300(1), 780(2), 414(3), 478(1), 458(1), 428(2), 276(1), 560(2), 820(1), 250.7(1), 427(2), 8(2), 486(3), 575(1), 493(2), 38(2), 562(1), 556(1), 724(1), 162(2), 410(3), 285(1), 250.8(2), 288(1), 491(2), 250.12(1), 466(1), 250.82(1), 997(1), 625(1), 403(1)",56
1300,1299,13002,diag_2,"496(4), 250.01(1), 276(6), 571(1), 806(1), 250.6(2), 250.02(1), 413(1), 250(2), 873(1), 428(2), 788(1), 427(2), 440(1), 411(1), 403(1), 574(1), 530(1), 412(1), 263(1), 724(1), 786(1), 112(1), 511(1), V42(1), 682(1), 780(1), 414(1), 401(2), 785(1), #####(1), 680(1), 707(1), 599(2), 577(1), E878(1), 486(1), 458(1), 557(1), 585(2), 466(1)",56
1301,1300,13011,diag_1,"410(2), 786(1), 428(2), 600(1), 805(1), 657(1), V57(1), 414(3), 618(1), 596(1), #####(5), 427(4), 759(1), 577(1), 415(1), 486(4), 572(1), 724(2), 780(1), 276(1), 575(1), 453(1), 532(1), 715(1), 681(1), 250.82(1), 491(1), 250.8(1), 584(1), 578(1), 466(1), 518(1), 38(1), 492(1), 434(1), 435(1), 250.13(1), 459(1), 280(1), 567(1), 440(1)",56
1301,1300,13012,diag_2,"250.51(1), 250.01(1), 496(1), 424(1), 596(1), E881(1), 648(1), V54(1), 413(1), 788(1), 427(2), 428(2), 300(1), 250.02(2), 518(2), 250(3), 276(4), #####(3), 401(3), 425(1), 682(1), 998(1), 707(3), 491(2), 560(1), 410(2), 411(1), 285(1), 486(2), 466(1), 342(1), 585(2), 558(1), 584(2), 250.8(1), V85(1)",56
1302,1301,13021,diag_1,"223(1), 453(1), 295(1), 220(1), 780(2), 294(1), 410(4), 434(1), 414(6), 250.8(3), 682(1), 346(1), 550(1), 428(2), 486(3), 435(2), 276(1), 415(1), 599(1), 996(2), 112(1), 590(1), 600(1), 491(1), 786(1), 493(3), 280(1), 518(1), 557(1), 681(1), 482(2), 197(2), 584(1), 465(1), 427(1), 250.12(1)",56
1302,1301,13022,diag_2,"250(7), 250.01(1), 305(1), 250.4(1), 491(2), 250.82(1), 428(2), 403(1), #####(2), 493(3), 276(2), 162(1), 8(1), 433(1), 411(1), V42(1), 780(1), 401(3), 788(1), 278(1), 799(1), 682(1), 414(2), 599(1), 578(1), 518(4), 562(1), 730(1), 344(1), 342(1), 584(5), 296(1), 585(1), V85(1)",56
1303,1302,13031,diag_1,"135(1), 250.11(1), 355(1), 998(2), 250.4(1), 455(1), 599(1), 573(1), 414(5), 225(1), 434(1), V57(1), 574(1), 486(2), 515(1), 428(2), 786(2), 780(3), 493(1), 189(1), 715(1), 682(3), 789(1), 415(1), 820(1), 733(1), 491(2), 584(2), 285(1), 427(1), #####(3), 250.82(1), 280(1), 435(1), 578(1), 475(1), 440(1), 997(1), 403(1), 458(1)",56
1303,1302,13032,diag_2,"428(2), 496(1), 726(1), 355(1), 996(1), 214(1), 905(1), 425(1), 250.7(1), 401(4), 250.82(1), 276(4), 250.02(1), 250(5), #####(1), 411(2), 426(1), 427(1), 998(1), 599(2), 272(1), 414(3), 41(1), 721(1), 578(1), 196(1), 291(1), 787(1), 707(1), 198(1), 784(1), 285(1), 486(2), 459(1), 518(1), 584(3), 585(1), 438(1)",56
1304,1303,13041,diag_1,"V58(2), 188(1), 551(1), 428(2), 434(2), 296(1), 198(1), 185(1), 455(1), #####(2), 780(1), 410(2), 682(1), 250.7(1), 162(1), 414(2), 722(1), 558(1), 427(2), 250(1), 738(1), 807(1), 482(1), 250.6(2), 486(3), 540(1), 435(1), 786(1), 562(1), 536(1), 250.13(1), 38(1), 535(1), 578(1), 584(2), 42(1), 491(2), 784(1), 975(1), 575(1), 459(1), 493(1), 820(1), 202(1)",56
1304,1303,13042,diag_2,"141(1), 280(1), 599(4), 496(2), 424(1), 312(1), 287(1), 198(1), 205(1), 568(1), 428(2), #####(1), 780(1), 440(1), 197(1), 411(2), 304(1), 276(4), 401(1), 427(1), 724(1), 682(1), 410(1), 250(3), 511(1), V10(1), 707(1), 491(1), 285(2), 790(1), 458(1), 414(1), 577(1), 799(1), 786(1), 584(1), 518(2), 789(1), 486(1), 342(1), E885(1), 348(1), 337(1)",56
1305,1304,13051,diag_1,"786(3), 860(1), 402(2), 648(1), 996(1), 295(2), 998(2), 274(1), 536(1), 410(3), 486(2), 433(1), 564(1), 414(1), 440(1), 287(1), 250.42(1), 415(2), 427(3), 250.6(1), 715(1), 535(2), V57(1), 153(1), 584(3), 443(1), 424(1), 682(1), 511(1), 8(1), 491(3), 38(1), 276(1), 434(1), 250.8(1), 250.12(1), 537(1), 820(1), 485(1), 824(1)",56
1305,1304,13052,diag_2,"395(1), 428(2), 496(1), 250.01(1), 403(1), 300(1), 788(1), #####(4), 276(3), 427(3), 362(1), 250(3), 786(1), 411(1), 401(2), 204(1), 682(1), 453(1), 250.6(1), 574(1), 536(1), 997(1), 599(2), 434(1), 707(1), 38(1), 414(1), 491(2), 785(1), 591(1), 996(1), 789(1), 53(1), 250.12(1), 342(1), 518(1), 730(1), 486(1), V58(1), 585(1), 852(1), 438(1), 584(1)",56
1306,1305,13061,diag_1,"179(1), 196(1), 486(3), 280(1), 250.01(1), 295(1), 250.22(1), 805(1), 435(1), 824(2), 780(1), 440(1), 820(1), 428(2), 414(1), 433(1), 722(1), 427(3), 250.8(3), 530(1), 493(1), 410(1), 296(1), 276(3), 618(1), 715(1), 682(1), 401(1), 928(1), 724(1), #####(3), 784(1), 496(1), 154(1), 532(1), 250.02(1), 38(1), 458(1), 558(1), 112(1), 578(1), 996(1), 403(1), 789(1)",56
1306,1305,13062,diag_2,"197(1), V42(1), 250.03(1), 448(1), 276(1), 250.02(4), 427(3), 850(1), 496(1), E849(1), 681(1), 428(2), V45(1), 250(2), 722(1), 411(2), #####(2), 402(1), 599(3), 493(1), 625(1), 401(2), 682(1), 272(1), 728(1), 729(1), 491(3), 511(1), 280(1), 285(1), 707(1), 997(1), 278(1), 577(1), 414(2), 562(1), 585(3), 584(1), 338(1)",56
1307,1306,13071,diag_1,"410(3), 250.81(1), 568(1), 163(1), 801(1), 682(2), 515(1), 414(4), 250.8(1), 998(2), V58(1), 296(1), 780(3), 787(1), 789(2), 786(3), 486(4), 722(1), 812(1), V54(1), V53(1), 715(3), 562(2), 599(1), 996(1), 569(1), 428(1), 578(2), 733(1), 427(1), 466(1), 434(1), 805(1), 518(1), 276(1), 584(1), 558(1)",56
1307,1306,13072,diag_2,"250.41(1), 403(1), 215(1), 511(2), 805(1), 250.7(1), 428(2), 413(1), 496(1), V45(1), 287(1), 276(4), #####(2), 42(1), 401(2), 250(3), 410(1), 807(2), 285(4), 531(1), 244(1), 786(2), 560(1), 787(1), 707(1), 599(1), 414(3), 491(2), 799(1), 535(1), 733(1), 278(1), 425(1), 486(1), 558(1), 518(1), 728(1), 585(1), 438(1)",56
1308,1307,13081,diag_1,"438(1), 250.11(1), 564(1), 290(1), 431(1), 786(1), 278(1), 682(2), 276(2), 414(1), 440(1), 426(1), 584(4), 428(2), 296(1), 250.6(1), 157(1), 435(2), 404(1), 807(1), 780(1), 38(2), 557(1), #####(2), 250.02(2), 280(1), 518(3), 444(1), 250.92(1), 493(1), 427(1), 592(1), 348(2), 715(1), 535(1), 600(1), 486(1), 491(3), 250.13(1), 275(1), 250.12(1)",56
1308,1307,13082,diag_2,"780(3), 276(6), 250.02(3), 428(2), 853(1), 574(1), 403(2), 424(1), 427(1), 440(1), 996(1), 401(3), 197(1), 599(5), 250(4), 511(1), 707(3), #####(1), 414(1), 564(1), 202(1), 285(1), 585(2), 486(2), 553(1), 203(1), 518(1), 38(1), 584(3), 462(1)",56
1309,1308,13091,diag_1,"278(1), 402(1), 585(1), V57(1), 440(1), 656(1), 715(2), 420(1), 427(2), 38(2), 414(4), 578(1), 428(2), 410(2), 332(1), 786(2), 820(1), 682(3), 250.42(1), 590(1), 491(3), 435(1), 284(1), 569(1), 997(1), 572(2), 411(1), 519(1), #####(3), 426(1), 285(2), 493(1), 648(1), 250.12(1), 507(1), 401(1), 250.6(1), 250.02(1), 283(1)",56
1309,1308,13092,diag_2,"573(1), 428(2), 496(2), 427(2), 250.6(1), 648(2), 280(1), 425(1), 590(1), 250.02(1), #####(3), 440(1), 276(7), 426(1), E888(1), 411(1), 250.92(1), 401(2), 198(1), 38(1), 250(3), 413(1), 567(1), 599(1), 41(1), 112(1), 284(1), 414(2), 287(1), 787(1), 707(1), 486(1), 518(2), 995(1), 250.13(1), 456(1), 584(1), 585(1), 204(1)",56
1310,1309,13101,diag_1,"323(1), 648(1), 428(2), 435(1), 996(1), 296(1), 211(1), 414(4), #####(5), 733(1), 491(2), 410(3), 786(1), 556(1), 250.13(2), 250.02(1), 250.6(2), 724(2), 250.8(2), 721(1), 531(1), 715(2), 682(1), 562(1), 532(1), 276(1), 722(1), 250.12(1), 482(1), 8(2), 427(1), 398(1), 38(2), 434(1), 557(1), 345(1), 280(1), 807(1)",56
1310,1309,13102,diag_2,"427(4), 250.03(1), 242(1), 403(1), 441(1), 300(1), 250(5), 413(1), 996(1), 428(1), V46(1), 780(2), 401(1), 411(1), 280(1), 275(1), 276(1), 536(1), 244(1), 682(2), 414(2), 285(4), 997(1), 724(1), 202(1), 599(1), 578(1), 491(2), 482(1), 486(4), 423(1), 585(2), V58(1), 786(1), 553(1), 296(1), 584(2)",56
1311,1310,13111,diag_1,"462(1), 620(1), 198(1), 250.6(1), 560(1), 715(2), 786(3), 780(1), 615(1), 641(1), 238(1), 996(1), 577(1), 428(2), 410(1), 414(3), 331(2), 276(2), 574(1), #####(4), 427(2), 158(1), 592(1), 599(1), 535(1), 491(1), 578(1), 824(1), 486(1), 250.8(2), 590(1), 432(1), 38(1), 162(1), 518(1), 434(2), 511(1), 789(1), 781(1), 349(1), 296(1), 415(1)",56
1311,1310,13112,diag_2,"463(1), V10(1), 496(2), 713(1), V02(1), 840(1), 282(1), 41(1), 648(1), 427(2), 428(2), 276(3), #####(4), 250(1), 411(2), 780(1), 574(1), 425(1), 188(1), 530(1), 599(3), 250.02(1), 401(3), 162(1), 493(1), 707(1), 491(1), 682(1), 729(1), 414(1), 507(1), 486(1), 294(1), 482(1), 435(1), 342(1), 730(1), 584(1), 585(1), 296(1), 79(1), V62(1), V85(1)",56
1312,1311,13121,diag_1,"250.4(1), 681(1), 402(1), 682(3), 435(1), 410(4), 276(3), 427(3), 414(5), 198(1), 346(1), 250.6(2), 584(4), 428(2), 569(2), 440(1), 540(1), 552(1), 715(2), 707(1), V58(1), 654(1), 786(1), 434(1), 784(1), 250.8(2), 491(3), 808(1), 571(1), 485(1), 250.7(1), 599(1), 511(1)",56
1312,1311,13122,diag_2,"403(5), 496(2), 428(2), 571(1), 250.02(1), 427(2), #####(2), 599(5), 250(5), 996(1), 440(1), 197(1), 411(1), 780(2), 286(1), 357(1), 707(3), 401(2), 41(1), 154(1), 648(1), 414(2), 784(1), 491(1), 511(1), 285(2), 789(1), 486(1), 250.13(1), 585(3), 238(1), 584(1)",56
1313,1312,13131,diag_1,"607(1), 577(2), 682(3), 433(2), 722(2), 250.13(1), 780(2), 434(1), 414(5), 428(1), 796(1), 410(3), 786(4), 427(4), 252(1), 250(1), 276(3), 820(2), 197(1), 996(1), 560(1), 435(1), 250.8(2), 530(1), 486(1), 38(1), 592(1), 204(1), 715(1), 578(1), 9(1), 491(1), 493(1), 518(1)",56
1313,1312,13132,diag_2,"250(5), 250.01(1), 522(1), 424(2), 496(1), 250.83(1), 403(1), 427(3), 413(1), 250.02(1), 285(3), 386(1), 574(1), 707(2), 401(2), 411(2), 189(1), 8(1), 412(1), 402(1), 197(1), 536(1), 599(1), 410(1), 272(1), 786(1), 276(1), 425(1), 491(1), 682(1), 591(1), 593(2), 414(2), 253(1), 564(1), 518(2), 486(2), 250.5(1), 585(1), 584(1)",56
1314,1313,13141,diag_1,"579(1), 250.83(1), 562(2), 433(1), 435(3), 531(1), 386(1), 786(2), 198(1), 618(1), 996(2), 780(1), 188(1), 577(2), V58(1), 414(5), 998(1), 824(1), 726(1), 410(3), 427(2), 38(2), 428(2), 440(1), V57(1), 808(1), 250.8(3), 733(1), 203(1), 401(1), 578(1), 574(1), 491(1), 592(1), 486(1), 348(1), #####(1), 820(1), 518(1)",56
1314,1313,13142,diag_2,"413(2), 276(2), 251(1), 250.92(1), 496(2), 427(2), 197(1), 998(1), 780(1), 250(3), 493(1), 153(1), 411(2), 682(2), E888(1), 426(1), 428(2), 707(2), 425(1), 263(1), 401(1), 272(1), 491(1), 569(1), 414(2), 402(1), 443(1), V42(1), 38(1), 285(1), 150(1), 733(1), 730(1), 518(1), 486(1), 584(1), 585(2), 293(2), 438(1), E885(1), V85(2), 348(1)",56
1315,1314,13151,diag_1,"745(1), 433(1), 721(1), 296(1), 410(3), 584(2), 786(3), 486(1), 428(2), 414(5), 401(1), 682(1), #####(3), 250.6(2), 789(2), 185(1), 250.12(1), 427(2), 599(1), 997(1), 491(3), 560(1), 553(1), 780(1), 820(1), 715(1), 434(1), 250.82(1), 276(1), 466(1), 507(1), 493(1), 250.8(1), V57(1), 518(1), 996(1), 198(1), 481(1), 345(1)",56
1315,1314,13152,diag_2,"427(3), 379(1), 305(2), 250.02(2), 496(2), 421(1), 300(1), 710(1), 424(1), 250.92(1), 413(1), 788(1), 428(2), 276(5), 780(1), 250(5), 401(2), 411(1), 998(3), 250.82(1), 599(3), 729(1), 682(1), 511(1), 403(1), 707(2), 414(2), 728(1), 255(1), E878(1), 486(1), 438(1), 348(1), 518(1), 294(1)",56
1316,1315,13161,diag_1,"250.4(1), 291(1), 250.1(1), 574(1), 428(2), 414(3), 404(2), 532(1), 250.8(2), #####(4), 410(4), 584(2), 433(1), 721(1), 786(1), 434(1), 227(1), 440(1), 534(1), 250.02(1), 447(2), 599(1), 153(1), 427(1), 560(1), 715(1), 340(1), 682(1), 576(1), 486(2), 250.7(1), 276(1), 998(1), 568(1), 348(1), 482(1), 781(1), 442(1), 416(1), 518(2), 154(1)",56
1316,1315,13162,diag_2,"403(3), 303(1), 276(3), 250.02(2), 413(1), 428(2), 575(1), 427(3), #####(2), 272(1), 411(2), 578(1), 250(4), 401(2), 252(1), 280(1), 581(1), 425(1), 345(1), 574(1), 560(1), 404(1), 782(2), 599(1), 785(1), 707(1), 285(2), 482(1), 562(1), 414(2), E947(1), 491(1), 780(1), 518(1), 789(1), 730(1), 486(1), 465(1), 584(1)",56
1317,1316,13171,diag_1,"377(1), 714(1), 562(1), 783(1), 250.81(1), 585(1), 564(1), 682(1), 577(1), 250.82(1), 153(1), 599(3), 786(5), 414(3), 515(1), 162(1), 415(1), 584(1), 574(1), 435(2), 780(1), 805(1), 482(2), 491(2), 560(2), 428(1), 348(1), 174(1), 285(1), 600(1), 250.12(1), 996(3), 410(3), 518(2), 998(1), 716(1), 403(1), 292(1), V57(1)",56
1317,1316,13172,diag_2,"295(1), 710(1), 751(1), 204(1), 427(1), 403(1), 42(1), 250.02(2), 276(2), 731(1), 155(1), 788(1), 719(1), 425(1), 411(3), 401(3), 491(2), 578(1), 453(1), 250(6), 493(1), 787(1), 786(1), 805(1), 428(2), 511(1), 780(1), 196(1), 38(1), 414(1), #####(1), 277(1), 784(1), 728(1), 410(1), 152(1), 584(2), 585(3), E935(1), 348(1)",56
1318,1317,13181,diag_1,"815(1), 577(1), 780(2), V57(1), 664(1), 414(3), 604(1), 568(1), 435(1), 531(1), 428(2), 995(1), 511(1), 530(2), 403(1), 250.6(2), 786(3), 574(1), 427(2), 440(1), 423(1), 590(1), 441(1), 250.13(1), 599(1), 584(2), 250.8(2), 733(1), 558(1), 491(3), 682(1), 996(1), 562(1), 787(1), 250.82(1), 38(1), 715(1), 518(1), 154(1), 458(1), 729(1), 447(1), 510(1)",56
1318,1317,13182,diag_2,"427(2), 360(1), 851(1), V43(1), 648(1), V15(1), 250(2), 413(1), 425(3), 428(2), 211(1), 276(2), 780(1), 411(2), 70(1), 536(1), 491(2), 997(1), 414(4), 577(1), 599(3), 401(2), 560(1), 820(1), 733(1), 707(1), 786(1), 459(1), 789(1), 304(1), 482(1), 285(1), 434(1), 490(1), 569(1), 332(1), 518(2), 585(2), 584(2)",56
1319,1318,13191,diag_1,"445(1), 250.4(1), 434(1), 882(1), 250.1(1), 378(1), 383(1), 786(3), V57(1), 413(1), 278(1), 428(2), 722(1), 715(1), 404(1), 996(1), 193(1), 162(1), 997(1), 486(2), 584(1), 414(2), 427(5), 599(4), 250.02(2), 527(1), #####(2), 411(1), 250.82(1), 250.7(1), 426(1), 491(1), 493(1), 410(2), 507(1), 518(1), 416(1), 348(1), 514(1), 403(1), 415(1)",56
1319,1318,13192,diag_2,"427(6), 403(4), 934(1), 250(1), 300(1), 368(1), 191(1), V17(1), 574(1), 496(1), 738(1), 428(2), 759(1), 415(1), 444(1), 411(1), 276(2), 595(1), 41(1), 682(2), 599(2), 401(2), 511(1), 493(1), 425(1), 491(2), 785(1), 202(1), 560(1), 414(2), 285(1), 789(1), 466(1), 518(1), 284(1), 432(1), 585(2), 335(1), 416(1), 289(1)",56
1320,1319,13201,diag_1,"250.83(1), 724(1), 434(3), 198(1), 585(1), 786(1), 721(1), 296(1), 414(5), 428(2), 486(4), 996(2), 780(1), 491(5), 386(1), 413(1), 276(1), 531(1), 584(1), #####(2), 427(2), 8(1), 560(1), 682(1), 197(1), 715(1), 518(2), 331(1), 644(1), 659(1), 288(1), 466(1), V57(1), 578(1), 38(1), 250.22(1), 410(1), 250.12(1)",56
1320,1319,13202,diag_2,"682(2), 403(1), 714(1), 162(1), 250.6(1), 427(3), 276(7), V45(2), 413(1), 428(2), 411(1), 250.11(1), 250.82(1), 401(2), 493(1), 787(1), 250.02(1), 285(2), 250(3), #####(1), 516(1), 511(1), 202(1), 38(1), 414(2), 198(1), 205(1), 294(1), 648(2), 486(2), 410(1), 425(1), 584(4), 456(1), 438(1)",56
1321,1320,13211,diag_1,"250.11(2), 486(3), 618(1), V57(2), 402(1), 780(1), 632(1), 560(2), 550(1), 414(6), 428(2), 327(1), 577(1), 599(3), 440(1), 722(1), 786(1), 562(1), 434(1), 473(1), 427(4), 274(1), #####(1), 493(1), 715(3), 276(1), 592(1), 998(1), 574(2), 441(1), 847(1), 432(1), 805(1), 250.1(1), 491(1), 507(1), 453(1)",56
1321,1320,13212,diag_2,"276(4), 241(1), 788(1), V54(1), 403(1), 648(1), 496(1), 560(1), 413(1), 427(1), 428(2), 780(1), 272(1), 112(1), 411(1), 707(2), 250(3), 998(1), 401(3), 455(1), 426(1), 402(1), #####(2), 162(1), 682(2), 425(2), 185(1), 591(1), 599(3), 491(1), 290(1), 38(1), 785(1), 442(1), E885(1), 572(1), 285(1), 577(1), 584(1), 585(1), 348(1), 327(1)",56
1322,1321,13221,diag_1,"620(1), 747(1), 250.11(1), 693(1), 845(1), 191(1), 550(1), 414(3), 780(2), 428(2), 967(1), 420(1), 162(1), 486(2), 733(1), 789(3), 998(1), 786(2), 715(1), 427(4), 557(1), 296(1), 726(1), 584(2), 682(1), 410(3), 276(2), 434(1), 642(1), 250.7(1), 8(1), 518(2), 996(1), 250.8(1), 250.81(1), 560(1), 787(1), 458(1), 433(1), 820(1)",56
1322,1321,13222,diag_2,"620(1), 780(2), 424(1), 401(3), 276(6), 413(1), 250.6(1), 427(3), 250.8(1), 799(2), 428(2), 197(1), 719(1), 411(1), 682(1), 250(2), 244(1), 414(4), #####(2), 560(1), 532(1), 567(1), 434(1), 648(1), 785(1), 458(1), 995(1), 730(1), 112(1), 562(1), 250.12(1), 79(1), 491(1), 278(1), 584(2), 585(2), 438(1)",56
1323,1322,13231,diag_1,"250.4(1), 527(1), 924(1), 891(1), 250.1(1), 618(1), 453(2), 707(1), 414(3), 428(2), 410(3), 278(1), 724(1), 560(2), 786(3), 722(1), V57(1), 486(2), 296(2), 782(1), #####(5), 250.8(1), 682(1), 715(2), 730(1), 820(2), 599(1), 507(1), 413(1), 536(1), 435(1), 518(1), 781(1), 466(1), 491(1), 403(1), 578(1), 280(1), 808(1)",56
1323,1322,13232,diag_2,"403(1), 527(1), 303(1), 707(3), 401(5), 618(1), 250.02(1), 446(1), 428(2), 780(1), 599(3), 427(1), 272(1), 434(1), 411(1), 493(1), 276(1), 189(1), 491(2), 425(1), 724(1), V45(1), 447(1), 250(1), 410(1), 41(1), 733(1), 414(2), 784(1), #####(1), 250.8(1), 721(1), 486(1), 518(2), 296(1), 786(1), 812(1), 585(1), 294(1), 416(1), 584(1), 429(1), 438(1), V85(1)",56
1324,1323,13241,diag_1,"250.9(1), 648(1), 600(1), 562(2), 289(1), 433(1), 512(1), 851(1), 428(2), 486(2), 414(4), #####(4), 410(1), 558(1), 681(1), 250.7(1), 434(2), 250.02(1), 599(3), 780(2), 786(1), 584(2), 682(1), 996(1), 427(3), 250.8(1), 789(1), 38(2), 403(1), 458(1), 590(2), 518(1), 729(1), 333(1), 491(1), 351(1), 296(1), 430(1)",56
1324,1323,13242,diag_2,"276(3), 647(1), 594(1), 540(1), 590(1), 427(3), 496(1), E888(1), 403(1), 295(1), 428(2), #####(2), 682(2), 440(1), 411(3), V42(1), 250(4), 599(3), 401(4), 425(2), 272(1), 535(1), 576(1), 154(1), 785(1), 591(1), 781(1), 790(1), 342(1), 518(3), 491(1), 486(2), 584(1), 438(1), V62(1)",56
1325,1324,13251,diag_1,"250.11(1), 643(1), 311(1), 211(1), 578(2), 353(1), V57(2), 562(1), 414(3), 453(1), 253(1), 715(1), 557(2), 162(1), 996(2), 515(2), 410(2), 415(2), 486(1), 608(1), 250.22(1), 491(3), 786(2), 427(1), 722(1), 250.8(1), 682(1), 530(1), 79(1), 558(1), 724(1), 998(1), 402(1), 38(1), 820(1), 482(1), 356(1), 250.13(1), 584(1), 431(1), 788(1), 404(1), 285(1), 276(1)",56
1325,1324,13252,diag_2,"305(1), 276(2), 303(1), 427(4), 534(1), 311(1), V45(1), 280(1), 413(1), 599(5), 250.02(1), 496(1), 433(1), 428(2), #####(1), 682(2), 411(2), 288(1), 425(2), 250(2), 724(2), 722(1), 780(2), 453(1), 578(1), 285(1), 707(1), E879(1), 486(2), 414(2), 789(1), 584(2), 416(1), V58(1), E878(1), 728(1), 585(1), 183(1)",56
1326,1325,13261,diag_1,"997(1), 402(1), 780(2), 682(2), 253(1), 586(1), 250.42(1), 723(1), 398(1), 562(3), 789(1), 414(3), 410(3), 250.11(1), 250.6(2), 432(2), 250.7(2), 202(1), 556(1), 427(1), 434(3), 174(2), 426(1), 435(1), 411(1), 428(1), 715(2), 198(1), 599(3), 250.02(1), 458(1), 250.8(1), 486(1), 433(1), 493(1), 729(1), 569(1), 250.13(1), 8(1)",56
1326,1325,13262,diag_2,"607(1), 496(1), 225(1), 377(1), 428(2), 427(2), 583(1), 403(1), 425(1), 515(1), 552(1), 250.4(1), #####(1), 787(1), 357(1), 250.01(1), 440(1), 411(1), 997(1), 263(1), 401(2), 250.02(1), 250(3), 402(1), 253(1), 196(1), 287(2), 707(3), 789(1), 41(1), 599(1), 292(1), 276(1), 414(1), 285(2), 250.13(1), 250.22(1), 518(1), 486(1), 584(3), 466(1), 203(1), 784(1), 465(1), V85(1)",56
1327,1326,13271,diag_1,"710(1), 276(3), 402(1), 786(1), 799(1), 458(1), 428(2), 486(3), 491(2), 292(1), #####(5), 414(6), 401(2), 250.02(1), 552(1), 572(1), 562(1), 825(1), 595(1), 434(1), 250.12(1), 715(1), 592(1), 557(1), 427(2), 285(1), 823(1), 410(1), 590(1), 250.13(1), 600(1), 518(2), 493(1), 599(1), 682(1), 584(1), 465(1), 558(1)",56
1327,1326,13272,diag_2,"427(3), 694(1), 204(1), 424(1), 250(4), 913(1), 403(2), 496(1), 714(1), 303(1), 428(2), #####(2), 426(1), 411(1), 723(1), 276(1), 70(1), 569(1), 824(1), 404(1), 425(3), 413(1), 272(1), 591(2), 998(1), 491(1), 599(2), 511(1), 799(1), 410(1), 786(1), 535(1), 574(1), 414(1), 285(1), 518(1), 263(1), 304(1), 281(1), 584(1), 585(1), 438(1), 382(1), 555(1)",56
1328,1327,13281,diag_1,"250.11(1), V57(1), 425(1), 618(1), 813(1), 564(1), 428(2), 786(3), 433(1), 577(1), #####(4), 715(2), 298(1), 250.6(2), 410(1), 440(1), 584(2), 458(1), 211(1), 414(5), 188(1), 435(1), 427(2), 998(1), 434(2), 276(2), 682(1), 331(1), 996(1), 250.13(2), 250.8(1), 625(1), 285(1), 518(1), 574(2), 824(1), 403(1), 349(1)",56
1328,1327,13282,diag_2,"305(1), V43(1), 428(2), 997(2), 823(1), 287(1), 250.92(1), 424(1), 780(1), 426(1), 276(1), 427(3), 244(1), 536(1), 401(1), 403(1), 295(1), 285(1), 411(2), 591(1), 250(7), 402(1), 272(1), #####(2), 682(1), 511(1), 599(2), 998(1), 507(1), 414(1), 707(3), 578(1), 331(1), 342(1), 491(1), 577(1), 38(1), 614(1), 585(2), E885(1)",56
1329,1328,13291,diag_1,"296(1), 577(2), 682(3), 787(1), 786(3), 417(1), 415(1), 414(3), 280(1), 491(2), 428(2), 434(1), 566(1), 250.7(1), 569(1), V57(2), 599(3), 276(1), 486(2), 998(1), 493(1), 507(1), 730(1), 997(1), 435(1), 250.92(1), 410(2), 560(1), 532(1), 482(1), 584(1), 8(2), 250.82(2), 715(1), 821(1), 581(1), 459(1), 996(1), 427(1), 292(1)",56
1329,1328,13292,diag_2,"303(1), 135(1), 250.7(1), 70(1), 397(1), 427(3), 263(1), 424(1), 413(1), 792(1), 822(1), 574(1), 428(2), 433(1), 414(1), 440(1), 276(7), 799(1), 780(1), 411(1), 820(1), 162(1), 250(2), 305(1), 682(1), 560(1), 401(1), 41(1), 599(2), 285(2), 530(1), 511(1), 707(2), 244(1), 486(1), 730(1), 585(2), 584(4), 487(1)",56
1330,1329,13301,diag_1,"682(2), 414(6), 296(1), 433(1), 250(1), 434(1), 786(2), 577(1), 805(1), 428(2), 516(1), 426(1), 410(2), 572(2), 618(1), 787(1), 560(1), 276(4), 578(1), 722(1), 453(1), 250.2(1), 996(1), 558(1), 421(1), 153(1), 38(3), 491(1), 789(1), 518(2), 808(1), 487(1), 411(1), 567(1), 280(1), 250.6(1), 250.7(1), 435(1), 486(1), 481(1)",56
1330,1329,13302,diag_2,"882(1), 396(1), 309(1), 453(1), 780(2), 250.02(1), 250.6(2), 427(3), 873(1), 493(1), 595(1), 625(1), 276(2), 428(2), 411(1), 724(1), 250(5), V42(1), 94(1), 272(1), 998(1), 443(1), 787(1), 682(1), 599(2), 41(1), 786(1), 562(1), 481(1), 414(2), 278(1), 789(1), #####(1), 491(1), 456(1), 518(1), 486(1), 584(2), 585(4), 348(1)",56
1331,1330,13311,diag_1,"250.41(1), 722(1), V57(1), 682(2), 428(2), 218(2), 592(1), 535(1), 715(1), 786(1), 780(3), 414(4), #####(4), 431(1), 287(1), 153(1), 574(1), 427(1), 728(1), 507(2), 415(1), 576(1), 250.8(1), 560(2), 724(1), 789(1), 280(1), 486(2), 8(1), 250.12(1), 38(1), 820(1), 599(1), 578(1), 996(1), 491(1), 197(1), 518(1), 285(1), 276(1), 852(1), 333(1)",56
1331,1330,13312,diag_2,"403(1), 737(1), 715(1), 608(1), 571(1), 427(1), 590(1), 250.6(1), 250.02(1), 276(2), 428(2), 780(2), #####(1), V12(1), 411(1), 682(2), V45(1), 196(1), 574(1), 425(1), 401(1), 511(2), 599(2), 453(1), 577(1), 491(2), 198(1), 721(1), 787(1), 578(1), 786(1), V10(1), 707(2), 560(1), 285(2), 414(2), 490(1), 790(1), 38(1), 112(1), 518(1), 250.8(1), 584(1), 585(1), 808(1), 296(1)",56
1332,1331,13321,diag_1,"218(1), 438(1), 780(6), 850(1), 566(1), 436(1), 998(2), 577(1), 786(3), 278(1), 428(2), 414(4), 540(1), 295(1), 812(1), 532(1), 296(1), 427(1), 433(1), 491(1), 995(1), 455(2), 410(2), 440(1), 599(1), 185(1), 715(2), 250.6(1), 493(1), 486(1), 453(1), 789(1), 396(1), 162(1), 466(1), 996(1), 415(1), 562(1), 813(1), 404(1), 490(1)",56
1332,1331,13322,diag_2,"616(1), 276(2), 836(1), 250.01(1), 250.02(1), 707(2), 42(1), 288(1), 403(1), 295(1), 998(2), 427(2), 428(1), 286(1), V64(1), 250(6), 411(2), 535(1), 401(2), V45(1), 434(1), 785(1), 491(1), 799(1), 414(3), 41(1), 285(3), 786(2), 558(1), 572(1), 562(2), 518(2), E878(1), 486(1), E885(1), 584(2), 435(1)",56
1333,1332,13331,diag_1,"710(1), 294(1), 786(2), 191(1), 532(1), 250.8(1), 428(2), 682(1), V57(1), 780(1), 414(4), 577(1), 434(1), #####(4), 453(2), 722(2), 250.02(1), 296(1), 574(1), 530(1), 560(1), 153(1), 427(1), 410(4), 276(1), 824(1), 491(2), 535(1), 507(1), 458(2), 493(1), 715(1), 681(1), 518(1), 564(1), 250.13(2), 38(1), 174(1), 250.4(1), 661(1)",56
1333,1332,13332,diag_2,"420(1), 427(2), 496(3), 707(2), 280(1), 991(1), 440(1), 305(1), 413(1), 574(1), 536(1), 428(2), 493(1), 581(1), 286(1), 411(1), 401(2), 276(3), 425(1), 250(3), 560(1), 578(1), 557(1), 402(1), 599(5), 789(1), 434(1), 414(1), 255(1), 250.8(1), 278(1), 730(2), 410(1), 585(2), V58(1), 584(3), 337(1), 659(1)",56
1334,1333,13341,diag_1,"722(1), 682(1), 642(1), 38(1), 150(1), 410(3), 805(1), 414(6), 250.42(1), 996(1), 786(3), 575(1), 153(1), 599(1), 555(1), 250.6(1), 592(1), 428(1), 820(2), 600(1), 780(1), 590(1), 276(1), 577(1), 486(2), 250.8(3), 781(1), 574(1), 434(1), 401(1), 79(1), 808(1), 572(1), 482(1), 427(1), 552(1), 562(1), 823(1), 491(2), 584(1), 403(1), 518(1)",56
1334,1333,13342,diag_2,"242(1), 27(1), 661(1), 323(1), 478(1), 424(1), 922(1), 427(4), 276(3), 428(2), 794(1), 153(1), 411(2), 707(2), 250(2), 493(2), 426(1), 788(1), 401(3), 535(2), 458(1), 592(1), 491(3), 304(1), 682(1), 403(1), 425(1), 507(1), 250.53(1), 599(3), 414(2), 530(1), 786(1), 789(1), 728(1), 585(1), 486(1), E932(1)",56
1335,1334,13351,diag_1,"290(1), 786(2), 577(2), 428(2), 486(6), 491(3), 250.81(1), 434(1), V58(1), 440(1), 530(1), 410(4), 790(1), 427(1), 414(3), #####(4), 852(1), 250.7(3), 250.6(1), 780(1), 453(1), 250.8(1), 572(2), 276(1), 250.02(2), 487(1), 38(2), 288(1), 997(1), 275(1), 250.2(1), 8(1), 562(1)",56
1335,1334,13352,diag_2,"437(1), 496(2), 305(2), V15(1), 54(1), 682(2), 433(1), 153(1), 250.6(1), 425(2), 424(1), 411(2), 428(1), 560(1), 404(2), 250(3), 276(5), 459(1), 197(1), 401(1), 785(2), 707(2), 599(3), 567(1), 427(1), 410(1), 414(2), 278(1), 813(1), 577(2), 518(1), 486(1), 585(2), 584(1), 995(1), V85(1), 746(1)",56
1336,1335,13361,diag_1,"337(1), 822(1), 962(1), 715(6), 440(1), 789(2), 428(2), 435(2), 346(1), 574(2), 410(1), 414(2), V57(1), 189(1), 812(1), 707(1), 682(2), 434(2), 491(2), 733(1), 250.8(1), 569(1), 531(1), 584(1), 786(3), 552(1), 250.12(1), 599(1), 465(1), 427(1), 486(1), 493(1), 250.92(1), 202(1), 276(1), 250.11(1), #####(1), 42(1), 437(1), 38(1), 458(1)",56
1336,1335,13362,diag_2,"250.02(3), 403(2), 250.82(1), 717(1), 496(3), 250.01(1), 413(1), 782(1), 427(2), 531(1), 411(1), 599(2), 276(4), 284(1), 682(2), 41(1), 250(1), 786(2), 401(3), 425(1), 287(1), 285(2), 404(1), 414(1), 255(1), 924(1), 342(1), 707(1), 519(1), 625(1), 733(1), 518(1), 486(3), 585(1), 434(1), 438(1), 584(2), 753(1)",56
1337,1336,13371,diag_1,"461(1), 812(1), 434(1), 780(1), 150(1), 537(1), 414(5), 410(2), 428(2), 486(2), 730(1), 276(2), 996(2), 786(3), 250.8(1), 440(1), 427(3), 530(1), 8(1), #####(3), 493(2), 558(2), 682(1), 241(1), 491(1), 444(1), 250.82(1), 189(1), 562(1), 518(1), 823(1), 250.7(1), 431(1), 435(1), 403(1), 296(1), 345(1), 250.12(1), 715(1)",56
1337,1336,13372,diag_2,"381(1), 250.01(1), 437(1), 250.02(1), 261(1), 280(1), 411(4), 428(2), 682(1), 412(1), 162(1), 402(2), 401(1), #####(2), 707(2), 276(4), 150(1), 511(1), 250(2), 557(1), 599(3), 410(1), 414(2), V58(1), 53(1), 491(2), 285(2), 486(1), 585(4), 556(1), 349(1), 584(3), V62(1), 284(1), V85(1)",56
1338,1337,13381,diag_1,"852(1), 233(1), 514(1), 286(1), 428(2), 780(3), 401(1), 686(1), 282(1), 250.8(2), 608(1), 721(1), 414(8), 595(1), 962(1), #####(2), 410(5), 276(1), 398(1), 47(1), 486(3), 820(1), 434(1), 682(1), 491(3), 552(1), 786(1), 433(1), 427(2), 8(1), 790(1), 38(1), 584(1), 154(1), 716(1)",56
1338,1337,13382,diag_2,"860(1), 710(1), 428(2), 427(3), 250.01(1), 250.81(1), 135(1), 41(1), 401(2), 193(1), 250(7), 295(1), 250.6(1), 250.8(1), #####(2), 250.02(1), 403(2), 411(2), V45(1), 276(2), 244(1), 996(1), 491(1), 799(1), 263(1), 79(1), 733(2), 414(4), 342(1), 486(4), 537(1), 518(1), 997(1), V58(1), 585(1)",56
1339,1338,13391,diag_1,"935(1), 282(1), 414(5), 944(1), 428(2), V71(1), 440(3), 424(1), 786(1), 198(1), 38(2), 427(3), #####(3), 584(1), 410(1), 784(1), 296(1), 578(1), 552(1), 276(2), 456(1), 780(1), 415(1), 486(1), V57(1), 558(1), 553(1), 562(1), 280(1), 491(1), 421(1), 453(1), 560(1), 250.82(2), 250.42(1), 507(1), 331(1), 821(1), 250.6(1), 435(1), 996(1), 805(1)",56
1339,1338,13392,diag_2,"424(3), 517(1), 441(1), 682(1), 403(2), 511(1), 427(4), 162(1), 250.82(1), 496(1), 428(2), 996(1), 425(3), 411(2), 357(1), 301(1), 569(1), 276(4), 292(1), 453(1), 250(2), 493(1), 290(1), 491(1), 577(1), 414(2), 401(1), 38(2), 507(1), 518(2), 530(2), 294(1), 293(1), 585(3), 584(1), 486(1)",56
1340,1339,13401,diag_1,"382(1), 936(1), 250.03(1), 386(1), 291(1), 648(1), 250.8(1), 271(1), 428(2), 250.6(1), 434(1), 300(1), 414(7), 410(4), 276(1), 424(1), 786(3), 821(1), 599(1), 250.7(1), 296(1), 530(1), 444(1), 197(2), 491(1), V58(1), #####(2), 112(1), 250.2(1), 574(1), 682(1), 486(2), 250.13(1), 38(1), 569(1), 584(1), 453(1), 557(1), 427(1), 507(1), 311(1)",56
1340,1339,13402,diag_2,"250.02(2), 276(6), 424(1), 303(1), 250.01(1), 731(1), 414(2), 427(2), 440(2), 162(1), V45(1), 411(2), 444(1), 250.4(1), 426(2), 428(2), 250(4), E884(1), 785(1), 154(1), 202(1), 401(2), 599(3), 786(1), 707(2), 112(1), 278(1), 285(1), 518(2), 558(1), 438(1), 585(2), 416(1), 203(1), V62(1)",56
1341,1340,13411,diag_1,"309(1), 54(1), 250.11(1), 250.4(1), 290(1), 198(1), 425(1), 693(1), 428(2), 440(2), 996(1), 552(1), 296(1), 414(1), 535(1), 276(2), 997(1), #####(2), 786(2), 537(1), 427(1), 595(1), 434(2), 250.02(1), 532(1), 415(1), 530(1), 571(1), 507(1), 424(1), 584(3), 493(1), 280(1), 785(1), 466(2), 604(1), 174(1), 402(1), 562(1), 724(1), 578(1), 410(1), 518(1), 486(1), 403(1), 250(1), 250.2(1)",56
1341,1340,13412,diag_2,"V11(1), 295(1), 250.6(2), 403(2), 312(1), 496(1), 427(3), 599(4), 571(1), 250.02(1), 413(1), 428(2), 276(5), 682(1), 998(2), 401(3), 424(1), 729(1), 285(3), 493(2), 789(1), 414(2), 342(1), 250(1), 786(1), V42(1), 250.22(1), 344(1), 518(2), 727(1), 274(1), 593(1), 585(3), 348(1)",56
1342,1341,13421,diag_1,"722(1), 751(1), 295(1), 427(3), 726(1), 996(1), 404(1), 715(3), V57(1), 414(3), 682(1), 428(2), 584(2), 435(1), 564(1), 998(2), 401(1), 250.6(2), 786(2), 433(1), 296(1), 250.13(1), 558(1), 276(1), 577(1), 205(1), #####(3), 486(1), 250.02(2), 453(1), 574(1), 287(1), 403(1), 493(1), 434(2), 518(2), 250.8(1), 285(1), 38(1), 458(1)",56
1342,1341,13422,diag_2,"715(1), 560(1), 295(1), 793(1), 250.6(2), 496(3), 428(2), 682(2), 413(1), 427(1), 440(1), 785(1), 403(1), #####(1), 780(1), 444(1), 401(3), 599(3), 250(5), 276(3), 571(1), 707(3), 576(1), 569(1), 202(1), 491(1), 786(1), 285(2), 790(1), 493(1), 250.5(1), 518(1), 730(1), 344(1), 466(1), 482(1), 486(1), 584(1)",56
1343,1342,13431,diag_1,"250.43(1), 11(1), 402(1), 780(3), 577(1), 724(1), 310(1), 276(3), 663(1), 560(1), 428(2), 410(4), 562(1), #####(4), 414(2), 300(1), 786(3), 486(2), 997(1), 434(1), 427(3), 415(1), 789(1), 401(1), 682(2), 584(2), 599(1), 424(1), 715(1), 162(1), 996(2), 403(2), 530(1), 518(1), V53(1)",56
1343,1342,13432,diag_2,"403(2), 250.02(2), 496(1), 298(1), 250.11(1), 428(2), 781(1), 295(1), 648(1), 427(5), 250.6(1), 411(2), 996(1), 276(3), #####(2), 787(1), 197(1), 780(2), 401(3), 493(2), 560(1), 250(4), V42(1), 511(1), 459(1), 434(1), 707(2), 414(2), 518(1), 577(1), E878(1), 585(2), 584(2), 486(1)",56
1344,1343,13441,diag_1,"513(1), 648(1), 601(1), 562(4), 710(1), V57(2), 402(1), 440(1), 428(2), 414(4), 250(1), 997(1), 250.82(2), 202(1), 433(1), 924(1), 250.81(1), 511(1), 592(1), 197(1), 530(2), 250.7(1), 531(1), 682(1), 411(1), 491(3), 250.8(2), 413(1), 435(1), 590(1), #####(3), 427(1), 38(2), 410(1), 280(1), 996(1), 8(1), 250.13(1), 490(1), 416(1)",56
1344,1343,13442,diag_2,"V15(1), 250.01(1), 250(4), 138(1), 581(1), V54(1), 428(2), 280(1), 440(1), 276(4), 403(2), 427(2), 578(1), 305(1), 997(1), 722(1), 707(2), 162(1), 591(1), 425(1), 197(1), 998(1), 785(2), 285(4), #####(1), 682(1), 794(1), 790(1), 599(1), 414(2), 564(1), 486(1), 585(3), 584(3), 435(1), 289(1), 337(1)",56
1345,1344,13451,diag_1,"617(1), 250.11(1), V57(1), 583(1), 410(2), 611(1), 780(3), 724(1), 289(1), 428(2), 786(1), 593(1), 434(2), 327(1), 153(1), 535(2), 414(5), 440(1), 386(1), 250.6(2), 996(2), 599(2), 427(1), 790(1), 560(1), #####(4), 486(2), 682(2), 466(1), 250.8(1), 715(1), 482(1), 338(1), 491(2), 292(1), 288(1), 574(1)",56
1345,1344,13452,diag_2,"595(1), 276(3), 424(1), 560(1), 750(1), 250.02(2), 157(1), 496(2), 428(2), 535(1), 189(1), 427(1), 414(2), 287(2), 996(2), 411(1), 250(2), 277(1), 453(1), 41(1), 723(1), 682(2), 599(2), 511(1), 425(1), 250.13(1), 491(3), 410(1), 707(2), 342(1), 285(1), 152(1), 733(1), 278(1), 518(1), 486(1), 304(1), 780(1), 585(3), 584(1)",56
1346,1345,13461,diag_1,"250.11(1), 786(5), 553(1), 404(1), 577(2), 414(6), 486(3), 428(1), 153(1), 519(1), 203(1), 427(3), 682(2), 432(1), 410(2), 813(1), 560(1), 584(1), 435(1), 715(2), 53(1), 996(1), 491(2), 250.8(4), 285(1), 578(1), 530(1), 437(1), 730(1), 250.12(1), 440(1), 518(1), 490(1), 493(1), V58(1)",56
1346,1345,13462,diag_2,"403(1), 496(2), 42(1), 428(2), 424(1), 427(1), 413(1), 581(1), #####(1), 196(1), 426(1), 272(1), 276(4), 411(1), 250(5), V45(1), 398(1), 401(6), 410(2), 404(1), 250.12(1), V42(1), 425(1), 682(1), 345(1), 707(1), 786(1), 205(1), 285(2), 456(1), 414(2), 997(1), 728(1), 518(2), 585(2), 486(1), 151(1)",56
1347,1346,13471,diag_1,"933(1), 250.4(1), 152(1), 722(1), 786(2), 594(1), 540(1), 577(1), 428(2), 493(2), 414(6), 295(3), V57(1), 162(1), 8(1), 427(2), 733(1), 444(1), 560(2), #####(2), 401(1), 276(1), 486(3), 562(1), 780(2), 998(1), 584(2), 823(1), 415(1), 458(1), 434(1), 715(1), 410(1), 996(2), 250.7(1), 518(1), 290(1), 283(1)",56
1347,1346,13472,diag_2,"427(3), 403(2), 197(2), 496(3), 592(1), 305(1), 273(1), 276(5), 250(5), V42(1), 411(1), 402(1), 250.02(1), 682(1), 440(1), 560(1), 511(1), 287(1), 401(3), 780(1), 473(1), 599(2), 790(1), 428(1), 707(1), 414(4), 491(2), 425(1), 285(1), 730(1), 995(1), 311(2), 584(1), 574(1)",56
1348,1347,13481,diag_1,"591(1), 733(1), 602(1), V57(1), 303(1), 428(2), 786(4), 820(1), 414(5), 780(1), 276(1), 410(2), 434(1), 584(1), 486(4), 970(1), 577(2), 571(1), 435(2), 682(1), 578(1), 296(1), 562(1), 782(1), 574(1), 569(1), 427(2), 789(1), 491(1), 977(1), 38(2), #####(3), 250.13(1), 507(1), 183(1), 458(1), 197(1), 340(1)",56
1348,1347,13482,diag_2,"218(1), 250.01(1), 601(1), V43(1), 250.02(1), 496(1), 427(2), 424(1), 413(1), 428(2), 411(1), 787(1), 276(6), 403(1), #####(1), 728(1), 572(1), 458(1), 250(5), 401(1), 574(1), 682(1), 781(1), 560(1), 599(2), 996(1), 493(1), 562(1), 296(1), 785(1), 414(3), 593(1), 518(2), 291(1), 789(1), 585(1), 486(1), 784(1), 584(1), 174(1), 311(1)",56
1349,1348,13491,diag_1,"433(3), 843(1), 294(1), 402(1), 198(1), 812(1), 250(1), 682(4), 414(3), 428(2), 722(1), 719(1), 250.6(1), 276(1), 599(1), 575(1), 486(3), 820(1), 786(1), 398(1), 427(1), 491(2), 531(1), #####(2), 435(1), 250.7(1), 584(2), 410(1), 574(1), 38(3), 403(1), 250.13(1), 155(1), 250.8(1), 996(3), 781(1), 518(1), 805(1), 487(1)",56
1349,1348,13492,diag_2,"201(1), V45(2), 276(4), 250.6(1), 162(2), 427(3), 428(1), 250.02(1), 413(1), 401(4), 305(1), 292(1), 253(1), 41(1), 787(1), 453(1), 785(1), 425(3), 574(1), 300(1), 577(1), E888(1), 707(2), 491(1), 410(1), 198(1), 599(2), 728(1), V58(1), 789(1), 518(2), 202(1), 250.13(1), 812(1), 38(1), 507(2), 585(1), 438(1), 486(1), 348(1)",56
1350,1349,13501,diag_1,"480(1), 211(1), 626(1), 780(1), 250.7(1), 486(2), 714(1), 553(1), 428(2), 584(3), 786(3), 625(1), #####(3), 426(1), 725(1), 250.6(1), 599(2), 410(3), 997(1), 996(2), 157(1), 403(1), 427(1), 250.82(1), 590(1), 558(1), 151(1), 715(1), 442(1), 600(1), 278(1), 250.02(1), 38(2), 727(1), 8(1), 518(1), 487(1), 453(1), 560(1), 562(1), 197(1), 481(1), 491(1)",56
1350,1349,13502,diag_2,"428(2), 550(1), 496(3), 461(1), 40(1), 494(1), 719(1), 250.6(1), 403(1), E931(1), 250.02(1), 412(1), 618(1), 427(2), 285(1), 780(1), #####(6), 401(3), 576(1), 511(1), 276(2), 707(1), 682(1), 250(1), 272(1), 788(1), 263(1), 591(1), 599(2), 681(1), 414(1), 518(3), 491(2), 786(1), 584(2), 585(2), 438(1), V85(1)",56
1351,1350,13511,diag_1,"428(2), 786(2), 726(1), 434(1), 820(2), 250.7(2), 414(4), 515(1), V57(1), 724(1), 569(1), #####(1), 682(3), 197(1), 486(1), 592(1), 531(1), 250.8(3), 416(1), 491(2), 560(1), 715(2), 654(1), 250.82(1), 411(1), 996(1), 920(1), 493(1), 250.13(1), 722(1), 518(2), 427(3), 784(1), 577(2), 511(1), 584(1), 576(1), 537(1), 281(1)",56
1351,1350,13512,diag_2,"403(1), 250.02(2), 250(5), 805(1), 440(1), 413(1), 493(1), 401(2), 578(1), 428(2), 41(1), 411(1), 197(1), #####(3), 599(3), 285(2), 427(1), 305(1), 996(1), 707(2), 276(2), 425(1), 648(1), 287(1), E917(1), 414(3), 722(1), 799(1), 304(1), 789(1), 38(1), 518(1), 331(1), 585(2), 530(1), 486(2), 584(1), 250.82(1)",56
1352,1351,13521,diag_1,"380(1), 425(1), 255(1), 434(2), 428(2), 585(1), 414(8), 707(1), 426(2), 507(2), 496(1), 276(1), 427(4), 786(2), 411(1), 599(2), 493(2), 648(1), #####(4), 536(1), 174(1), 250.6(1), 584(2), 482(1), 250.8(2), 491(2), 562(1), 511(1), 578(1), 682(1), 38(1), 812(1), 999(1)",56
1352,1351,13522,diag_2,"427(1), 428(2), 198(1), 496(1), 424(1), 413(1), 426(1), 411(2), #####(4), 276(4), 250.02(2), 401(4), 244(1), V42(1), 250(4), 425(1), 434(1), 197(1), 599(2), 785(1), 682(1), 204(1), 414(4), 285(2), 112(1), 784(1), 294(1), 466(1), 518(1), 730(1), 250.8(1), 486(1), 584(1), 585(1), E885(1), 808(1)",56
1353,1352,13531,diag_1,"250.22(1), 293(1), 410(1), 193(1), 682(1), 584(2), 486(3), 715(1), 162(1), 722(1), 440(1), 724(1), 276(3), 250.6(3), 434(3), 428(2), 998(1), 786(3), 401(1), 780(1), 414(3), 250.02(2), 518(2), #####(1), 154(1), 562(1), 238(1), 291(1), 530(1), 996(2), 493(1), 491(1), 38(2), 808(1), V57(1), 733(1), 8(1), 490(1)",56
1353,1352,13532,diag_2,"309(1), 295(3), 422(1), 252(1), 496(1), 261(1), 427(1), 724(1), 443(1), 998(2), 70(1), 250.52(1), 428(2), 682(1), 493(1), 996(1), 276(2), 411(1), 401(3), 404(2), 8(1), 425(1), 599(5), 707(1), 557(1), V10(1), 786(1), 491(1), 285(2), 410(1), 414(1), 250(1), 342(1), #####(1), E878(1), 38(1), 584(2), 486(1), 438(1), 790(1), 585(1), 995(1)",56
1354,1353,13541,diag_1,"307(1), 531(1), 983(1), 233(1), 715(2), 682(2), 433(1), 532(1), 852(1), 428(2), 434(2), 787(1), 414(3), 530(1), 410(3), 599(2), 780(2), 386(1), 535(1), 574(3), V57(1), 427(4), 444(1), 996(1), 577(2), 821(2), 250.6(1), 250.8(1), 584(1), #####(2), 413(1), 331(1), 351(1), 786(1), 486(1), 518(1), 511(1), 430(1)",56
1354,1353,13542,diag_2,"250.03(1), 280(1), 493(1), 250(6), 726(1), 945(1), 428(2), 41(1), 427(5), 250.6(1), 276(5), 426(1), 729(1), #####(1), 780(1), 599(5), 411(1), 575(1), 198(1), V43(1), 401(3), 536(1), 414(1), 786(1), 997(1), 294(1), 518(2), 486(1), 585(1), 584(2), 203(1), 429(1), 783(1), V85(1)",56
1355,1354,13551,diag_1,"290(1), 592(1), 574(1), 410(3), 428(2), 250.8(1), 621(1), 786(3), 486(2), 715(2), 414(4), 682(1), 456(1), 780(3), 785(1), 648(1), #####(3), 278(1), 434(1), 162(1), 427(3), 596(1), 531(1), 276(1), 584(1), 492(1), 511(2), 728(1), 998(1), 518(1), 820(1), 507(1), 250.7(1), 239(1), 790(1), 491(1), 595(1), 38(1), 608(1)",56
1355,1354,13552,diag_2,"427(2), 601(1), V64(1), 495(1), 280(1), 356(1), 617(1), 250.02(3), 496(2), 413(1), 285(2), 94(1), 780(1), 250(5), 411(2), 276(2), 401(1), 786(1), 428(2), 788(1), 518(3), 263(1), 250.4(1), 599(2), 799(1), 997(1), 707(1), 414(2), 250.5(1), 730(1), 584(5), 348(1), 486(1), 585(1), 435(1), 566(1)",56
1356,1355,13561,diag_1,"787(1), 402(2), 410(4), 626(1), 296(1), 250.11(1), 428(2), 786(1), 998(1), 648(1), 611(1), 414(2), 276(3), 285(2), 560(1), 486(4), #####(1), 599(3), 496(1), 427(2), 434(1), 250.6(2), 491(1), 789(1), 458(1), 250.02(1), 577(1), 820(3), 453(1), 250.13(1), 238(1), 541(1), 518(1), 435(1), 996(2), 38(1), 805(1)",56
1356,1355,13562,diag_2,"959(1), 250.02(1), 570(1), 618(1), 303(1), 276(4), 428(2), 403(1), 250.6(2), 535(1), 250.11(1), 250.12(1), 427(3), 162(1), 780(2), 280(1), 560(1), 799(1), 571(1), 411(1), 401(3), 250.92(1), 490(1), 707(2), 599(1), 733(1), 491(1), 493(2), 211(1), V58(1), 438(1), 585(5), 285(1), 414(1), 558(1), 577(1), 584(2), E885(2)",56
1357,1356,13571,diag_1,"786(3), 250.11(1), 599(2), 593(1), 414(4), 296(1), 428(2), 682(2), 250.6(2), 812(1), 486(2), #####(4), 410(3), 821(1), 722(1), 300(1), 789(1), 493(1), 820(1), 780(1), 250.8(1), 590(1), 600(1), 562(1), 154(1), 584(2), 427(2), 38(2), 182(1), 595(1), 996(1), 413(1), 250.13(1), 540(1), 784(1), 530(1), 574(1), 578(1)",56
1357,1356,13572,diag_2,"403(1), 799(1), 496(1), 286(1), 413(1), 428(2), 300(1), #####(3), 427(1), 41(1), 560(1), 599(3), 511(1), 411(1), 401(1), 996(1), 816(1), 250(6), 304(1), 162(1), 998(1), 276(2), 112(1), 788(1), 567(1), 785(1), 277(1), 562(1), 553(1), 414(3), 344(1), 285(2), 293(1), 786(1), 518(1), 250.8(1), 593(1), 438(1), 530(1), 348(1), 577(1), 584(1)",56
1358,1357,13581,diag_1,"250.4(1), 250.01(1), 250.03(1), 295(1), 536(1), 682(2), 253(1), 414(5), 515(1), 296(3), 575(1), 577(1), 721(1), 432(1), 786(3), 435(1), 428(2), 560(2), 426(1), 415(1), 780(1), 466(1), 486(3), 574(1), 599(1), 491(2), 715(1), 250.8(2), 592(1), 297(1), 434(1), 8(1), 493(1), 482(1), 996(1), 433(1), 820(1), 518(1), #####(2), 558(1)",56
1358,1357,13582,diag_2,"403(1), 276(7), 411(3), V15(1), 269(1), 892(1), 782(1), 496(1), 425(2), 424(1), 301(1), V45(1), 305(1), 599(5), 781(1), 70(1), 250(2), 682(1), 401(3), 515(1), 707(3), 414(2), 591(1), 296(1), 342(1), 996(1), 278(1), 493(1), 38(1), 585(2), 518(1), 294(1), 491(1), 291(1), 415(1), V85(1)",56
1359,1358,13591,diag_1,"813(1), V57(1), 820(1), 711(1), 424(1), 250.6(1), 428(2), 577(1), 414(3), 404(1), 584(1), 715(4), 203(1), 682(1), #####(6), 296(1), 562(2), 733(1), 786(2), 411(1), 410(5), 599(1), 250.8(2), 491(2), 486(1), 781(1), 453(2), 707(1), 518(2), 174(1), 996(1), 625(1), 524(1), 250.12(1), 661(1)",56
1359,1358,13592,diag_2,"825(1), V54(1), E849(1), 427(4), 397(1), 250.42(1), 346(1), 496(1), 424(1), 403(1), 413(1), 428(2), 801(1), 286(1), 285(1), 305(1), 272(1), V45(1), 425(2), 250.6(1), 250(2), 412(1), 276(2), #####(2), 402(1), 491(3), 493(2), 787(1), 785(1), 401(2), 789(1), 599(1), 414(1), 682(1), 196(1), 997(1), 711(1), 625(1), 584(2), 486(1), 585(1), 730(1), 648(1)",56
1360,1359,13601,diag_1,"746(1), 892(1), 211(1), 434(2), 428(2), 722(1), V57(1), 532(1), 614(1), 780(3), 786(4), 112(1), #####(3), 682(1), 995(1), 435(1), 414(3), 486(2), 368(1), 415(1), 599(2), 536(1), 276(1), 250.6(1), 491(1), 427(2), 558(1), 574(1), 437(1), 577(2), 493(2), 296(1), 996(1), 410(1), 715(1), 345(1), 413(1), 789(1), 729(1), 38(1)",56
1360,1359,13602,diag_2,"424(1), 250.7(1), 280(1), 250.01(1), 496(1), 250.02(2), 682(1), 250(6), 626(1), 428(2), 427(3), 402(1), 433(1), #####(1), 162(1), 411(1), 425(2), 784(1), 153(1), 491(1), 196(1), 707(1), 536(1), 401(3), 414(4), 276(1), 278(1), 272(1), 112(1), 296(1), 285(1), 493(1), 780(1), 518(1), 486(1), 585(1), 584(4), 327(1)",56
1361,1360,13611,diag_1,"V57(1), 478(1), 185(1), 578(1), 997(2), 250.8(2), 153(1), 590(3), 648(2), 414(2), 162(1), 441(1), 428(2), 786(2), 535(2), 585(1), 9(1), 584(2), 276(1), 427(4), 780(1), 996(2), 280(1), 435(1), 189(1), 486(1), 41(1), 433(1), 493(1), 577(1), 151(1), 574(1), 572(1), 562(1), #####(1), 250.32(1), 599(1), 250.12(1), 250.02(1), 398(1), 345(1), 707(1)",56
1361,1360,13612,diag_2,"V49(1), 276(4), 496(1), 532(1), 403(2), V12(1), 197(2), 156(1), 642(1), 250.02(1), 433(1), 427(3), 820(1), 250(4), 410(1), 428(1), 682(1), 424(1), 425(2), 285(2), 511(1), 578(1), 599(3), 453(1), 577(1), 507(1), 411(1), 574(1), 799(1), 401(2), 593(1), 414(2), 789(1), 518(1), 348(1), 584(2), 486(2), 250.8(1)",56
1362,1361,13621,diag_1,"802(2), 786(2), V57(1), 295(1), 296(1), 290(1), 434(3), 414(4), 682(1), 428(2), 486(1), 807(1), 435(2), 536(1), 491(7), 721(1), 426(1), 250.02(1), 584(1), 402(1), 599(1), 427(3), 250.6(1), 716(1), #####(2), 410(1), 715(2), 996(1), 578(1), 162(1), 403(1), 518(1), 275(1), V53(1), 788(1), 493(1), 250.8(1)",56
1362,1361,13622,diag_2,"802(1), 428(2), 496(1), V45(1), 250.02(3), 427(4), 250(6), 781(1), 413(1), 41(1), 807(1), 996(1), #####(3), 276(1), 411(1), 722(1), 599(4), 401(1), 414(4), 707(2), 250.13(1), 285(3), 38(1), 486(2), 296(1), 577(1), 585(2), 491(1), 584(1), 432(1), V85(1), E932(1)",56
1363,1362,13631,diag_1,"451(1), 835(1), 535(1), 786(2), 35(1), 433(1), 730(1), 780(2), 434(2), 715(1), 410(2), 574(1), 821(1), 444(1), 415(1), 553(1), 428(2), 423(1), 280(1), 486(1), 530(1), 465(1), 401(1), 204(1), 414(4), 250.7(1), 572(1), 820(2), 282(1), 276(1), 427(1), 491(1), 493(1), 562(2), 789(1), 250.13(1), 569(1), 682(1), 584(1), V57(1), 458(1), 482(1), 250.8(1), 787(1), 808(1), 453(1)",56
1363,1362,13632,diag_2,"250.01(1), 427(4), 250.33(1), 280(1), 250(3), 424(1), 496(3), 403(2), 244(1), 813(1), 428(2), 444(1), 574(1), 401(2), 535(1), #####(1), 276(3), 410(1), 284(1), 411(2), 682(2), 780(1), 456(1), 599(1), 416(1), 8(1), 402(1), 342(1), 707(2), 202(1), 285(2), 465(1), 577(1), 414(1), 486(1), 482(1), 730(1), 584(1), 585(1), 289(1)",56
1364,1363,13641,diag_1,"595(1), 682(2), 82(1), 644(1), 648(1), 786(3), 331(1), 428(2), 274(1), 414(3), 560(1), 379(1), 435(1), 491(3), 434(2), 998(1), 852(1), #####(4), 584(2), 427(2), 250.13(1), 349(1), 410(2), 592(1), 482(1), 493(2), 285(1), 292(1), 443(1), 42(1), 8(1), 567(1), 728(1), 276(1), 518(1), 805(1), 250.12(1), 571(1), 530(1), 540(1)",56
1364,1363,13642,diag_2,"909(1), 891(1), 250(6), 648(1), 250.03(1), 428(2), 305(1), 780(1), 427(2), 332(1), 276(6), #####(3), 401(3), 362(1), 70(1), 411(1), 682(1), 599(3), V42(1), 707(1), V58(1), 277(1), 591(1), 250.5(1), 785(1), 287(1), 414(1), 530(1), V44(1), 518(1), 486(1), 585(1), 491(1), 577(1), 584(3), V10(1)",56
1365,1364,13651,diag_1,"992(1), 218(1), 441(1), 723(1), 199(1), 784(1), 566(1), 250.11(1), 486(5), 996(1), 571(1), 276(2), 386(1), 824(3), 682(2), 414(5), 440(1), 250.6(2), 428(2), 560(1), 599(1), 733(1), 410(3), 722(1), 562(1), 250.13(1), 730(1), 493(3), 715(2), 427(1), 578(1), 424(1), 507(1), 487(1), 404(1), 707(1), 584(1)",56
1365,1364,13652,diag_2,"276(3), 627(1), 796(1), 682(2), 998(1), 524(1), 250(5), 253(1), 250.11(1), 572(1), 250.02(1), 401(4), 282(1), 41(1), 413(1), 590(1), 787(1), 357(1), 428(2), 427(1), 996(1), 733(1), 434(1), 536(1), 411(1), 410(1), 511(1), 599(1), 788(1), 786(1), 493(1), 535(1), 414(1), 491(1), 518(3), 285(1), 466(1), 585(1), 263(1), 486(3), 416(1)",56
1366,1365,13661,diag_1,"290(1), 652(1), 433(2), 402(2), 719(1), 112(1), 427(3), 493(1), 528(1), 414(5), 276(2), 435(1), 440(1), 786(2), 428(2), 410(2), 654(1), 250.02(1), 250.6(1), 285(1), 715(2), 569(1), 584(2), 998(1), 333(1), 8(1), 466(1), V57(1), 531(1), 250.8(1), 560(1), 599(1), 518(1), 491(1), 682(1), 574(1), 250.12(1), 780(1), 458(1), 288(1), 38(1), 296(1)",56
1366,1365,13662,diag_2,"V15(1), 648(2), 428(2), 427(4), 790(1), 198(1), 404(1), 205(1), 112(1), 401(3), 434(1), 250(3), 276(3), 682(2), 710(1), 425(2), 411(2), 599(2), #####(1), 707(2), 493(1), 285(1), 458(1), 789(1), 585(4), 564(1), 486(3), 584(1), 491(1), 784(1), 284(1), 577(1), 435(1), 153(1), V62(1)",56
1367,1366,13671,diag_1,"433(2), 198(1), 218(1), 824(2), 414(7), 584(1), 491(2), 572(1), 789(1), 157(2), V57(1), 715(4), 722(1), 79(1), 562(1), 185(1), 780(1), 998(1), 410(4), 411(1), 197(1), 427(2), 577(1), 53(1), 250.8(1), 648(1), 348(1), 250.7(1), 996(1), 38(2), 786(1), 507(1), 428(1), 997(1), 486(1), 590(1), 707(1), 250.13(1)",56
1367,1366,13672,diag_2,"430(1), 162(1), 443(1), 250.6(1), 189(1), V45(1), 572(1), 53(1), 571(1), 413(1), 427(2), 576(1), 250(3), 250.92(1), 250.02(1), 198(2), 733(1), 411(1), 276(2), V43(1), 998(1), 428(1), 402(1), 560(1), 574(1), 453(1), 305(1), 272(1), 780(2), 250.12(1), 997(1), 707(1), 414(4), 38(1), 789(1), 285(1), 530(1), 518(2), 486(1), 585(3), 294(1), 250.8(1), E885(1), 790(1)",56
1368,1367,13681,diag_1,"792(1), 296(1), 443(1), 786(4), 440(1), 722(1), 250.7(1), 250.8(3), 780(1), 414(2), 287(1), 404(1), 424(1), 820(3), 557(1), 426(1), 428(2), 250.13(2), 996(2), 789(1), 728(1), 435(1), 486(2), 434(1), 410(1), 493(1), 250.02(1), 805(1), 250.22(1), 584(1), 427(2), 491(1), 154(1), 250.82(1), 574(1), #####(1), 715(1), 571(1), 787(1), 453(1), 808(1), 250.12(1), 444(1)",56
1368,1367,13682,diag_2,"427(2), 314(1), 442(1), 250.03(1), 440(2), 403(2), 424(1), 185(1), 433(1), 496(1), 578(1), 425(2), E888(1), 560(1), 410(1), 428(2), 299(1), 401(3), 276(4), 250(2), 342(1), 491(1), 287(2), 8(1), 414(2), 805(1), 38(2), 599(4), 285(1), 591(1), 682(1), 530(1), 997(1), 584(1), 558(1), 438(1), 585(1), 808(1), 203(1)",56
1369,1368,13691,diag_1,"573(1), 428(2), 241(1), 659(1), 530(1), 304(1), 952(1), 996(2), 434(1), 724(1), 414(2), 599(2), 415(1), 560(2), 550(1), 491(4), 276(1), 486(2), 482(2), 410(4), 997(1), 584(3), 427(2), #####(3), 715(1), 578(1), 781(1), 250.8(1), 188(1), 284(1), 443(1), 574(1), 38(1), 8(1), 780(1), 808(1), 250.12(1), 288(1)",56
1369,1368,13692,diag_2,"153(1), 242(1), 401(2), 648(1), 155(1), 599(2), 707(2), E879(1), 729(1), 722(1), 413(1), 788(1), 453(1), 425(2), 553(1), 428(2), 250.02(1), 780(1), 250.4(1), 487(1), 427(1), #####(4), 276(3), 250(1), 198(1), 331(1), 285(2), 491(1), E878(1), 414(5), 518(2), 682(1), 38(1), 799(1), 577(1), 585(1), 250.8(1), 337(1), 584(1), 284(1)",56
1370,1369,13701,diag_1,"756(1), 705(1), 296(1), 153(1), 648(1), 996(1), 414(3), 428(2), 441(1), 250.7(1), 789(1), 575(1), 626(1), 493(1), 285(2), 599(2), 555(1), 8(2), 486(4), 600(1), #####(3), 300(1), 780(3), 435(1), 427(1), 79(1), 682(1), 997(1), 574(1), 715(1), 534(1), 714(1), 458(1), 707(1), 410(1), 431(1), 437(1), 459(1), 491(1), 434(1), 403(1), 784(1), 453(1)",56
1370,1369,13702,diag_2,"715(1), 250.02(2), 365(1), 197(1), 634(1), 208(1), 496(1), 424(1), 401(2), 250.6(1), 305(1), 278(2), 519(1), 188(1), 780(1), 428(2), 564(1), 411(2), 157(1), 112(1), 788(1), 511(1), 518(2), 250(3), 204(1), 786(1), 599(2), 707(2), 276(2), 263(1), 585(4), 491(1), 250.4(1), 414(1), 403(1), 331(1), 486(1), 584(2), 296(1), 790(1), 415(1)",56
1371,1370,13711,diag_1,"440(2), 560(1), 682(1), 414(8), 535(1), 711(1), 402(1), 786(4), 780(1), 724(1), 428(2), 433(1), 250.6(1), 278(1), 291(1), 722(1), 410(2), #####(3), 996(1), 466(1), 427(2), 491(1), 482(1), 486(3), 250.13(1), 250.7(1), 458(1), 493(1), 715(1), 578(1), 38(2), 530(1), 250.82(1), 288(1), 574(1), 298(1), 965(1)",56
1371,1370,13712,diag_2,"447(1), 552(1), 288(1), 794(1), 440(1), 427(3), 785(2), 276(4), 250.02(1), 250.7(1), 411(3), 491(2), 428(2), 401(2), 410(1), 250(4), #####(3), 425(1), 998(1), 719(1), 295(1), 599(3), V42(1), 426(1), 781(1), 578(1), 38(1), 493(1), 285(2), 707(1), 530(1), 780(1), 584(1), 486(1), 577(1), 294(1), 305(1)",56
1372,1371,13721,diag_1,"722(2), 276(2), 560(1), 452(1), 575(1), 682(2), 428(2), 552(1), 455(1), 250.7(1), 584(3), 414(3), 155(1), 250.1(1), 600(1), 786(3), 162(1), 486(2), 434(1), 996(1), 250.22(1), 997(1), 410(3), 427(1), 174(1), #####(1), 493(1), 38(2), 562(1), 578(1), 280(1), 8(1), 250.13(1), 715(1), 433(1), 577(1), 491(1), 518(3), 466(1), 197(1)",56
1372,1371,13722,diag_2,"354(1), 9(1), 199(1), 511(2), 575(1), 924(1), 280(1), 303(1), 560(2), 562(1), 440(1), 588(1), 496(1), 198(1), 410(2), 427(2), 401(3), 276(5), 250(1), 411(3), 342(1), 428(2), 8(1), 250.12(1), 998(1), 593(1), 599(1), 285(3), 414(1), 785(1), 287(1), 518(1), 438(1), 272(1), 799(1), 507(1), 786(1), 584(2), 585(1), V85(1)",56
1373,1372,13731,diag_1,"780(2), 455(1), 296(1), 486(1), 414(7), 682(3), 785(1), 821(1), 812(1), 599(1), 507(2), 786(2), 434(1), 411(1), 998(1), 572(1), 577(1), 584(3), 490(2), 428(2), 491(2), 820(1), 540(1), 715(1), 250.8(1), 410(3), 162(1), 730(1), 427(1), 458(1), 518(3), 38(2), 435(1), 431(1), 250.12(1)",56
1373,1372,13732,diag_2,"V63(1), 70(1), 437(1), 250.02(2), 490(1), 496(1), 413(1), 403(2), 733(1), 255(1), 410(1), 780(1), 428(2), 427(2), 198(1), 787(1), 411(1), 401(5), 599(3), 250(2), 536(1), 785(2), 996(1), 465(1), 728(1), 276(2), 682(1), 707(2), 414(2), 486(3), 585(2), 291(1), 491(2), 995(1), 784(1), 263(1), 584(1)",56
1374,1373,13741,diag_1,"512(1), V58(1), 790(1), 599(2), 274(1), 244(1), 600(1), 447(1), 414(1), 295(1), 250.81(1), 715(4), 996(2), 722(1), 780(1), 428(2), 250.7(3), 276(1), 410(2), 250.02(1), 491(1), 584(3), 493(1), 577(1), 250.8(2), 424(1), 486(2), 481(1), 850(1), 558(1), 250.13(1), 729(1), 507(1), 466(1), 174(1), 724(1), 787(1), 482(1), 38(1), 427(1), #####(1), 567(1), 275(1)",56
1374,1373,13742,diag_2,"492(1), 571(1), 427(5), 600(1), 459(1), 599(2), 596(1), 707(1), 496(1), 41(1), 304(1), 727(1), 403(1), 276(3), 342(1), 785(1), 162(2), 428(2), 401(2), 682(3), 728(1), 250(3), 995(1), 780(1), 414(2), 466(1), 910(1), 493(2), 569(1), 402(1), 518(1), 285(1), 196(1), 584(2), 585(3), 348(1), 250.13(1)",56
1375,1374,13751,diag_1,"962(1), 969(1), 473(1), 153(1), 516(1), 844(1), 415(1), 996(3), 722(1), 414(2), 575(1), 599(2), 440(1), 285(1), 434(2), 733(1), 780(3), 786(1), 250.6(1), 189(1), 435(1), 444(1), 682(1), 491(2), 681(1), 427(1), 789(1), 518(2), 486(2), 577(1), 715(1), 401(1), 428(1), 410(1), 530(1), 250.12(1), 250.1(1), 507(1), 535(1), 403(1), 820(1), 38(1), 250.8(1), 413(1), 558(1), 295(1)",56
1375,1374,13752,diag_2,"972(1), E853(1), 427(2), 250.01(1), 411(3), 290(1), 496(1), 741(1), 428(2), 413(1), 560(1), 250.6(1), 293(1), 278(1), #####(3), 780(1), 401(1), 276(4), 197(1), 153(1), 507(1), 425(1), 682(1), 250(3), 514(1), 493(2), 272(1), 491(1), 707(1), 486(1), 414(1), 553(1), 577(2), 584(3), 585(3), 294(1), 730(1), V10(1), V62(1)",56
1376,1375,13761,diag_1,"812(1), 642(1), 142(1), 813(1), 878(1), 442(1), 682(2), 162(2), 451(1), 486(4), 716(1), 577(1), 414(5), 276(1), 153(1), 584(1), 434(1), 250.8(2), 278(1), 428(2), 562(1), 427(3), 362(1), 996(2), 250.7(1), #####(3), 780(2), 491(3), 493(1), 250(1), 820(1), 574(1), 786(1), 593(1), 435(1), 578(1), 518(1)",56
1376,1375,13762,diag_2,"E880(1), 644(1), 780(1), 276(3), E888(1), 998(2), 831(1), 496(3), 682(1), 135(1), 599(4), 716(1), 733(1), 278(1), E942(1), 427(2), 117(1), 250(2), 428(2), 458(1), 426(1), 411(2), 518(3), 453(1), #####(1), 425(2), 730(1), 562(1), 486(2), 414(2), 491(1), 401(1), 997(1), 438(1), 584(1), 296(1), 285(1), 585(2)",56
1377,1376,13771,diag_1,"250.83(1), 823(1), 354(1), 202(1), 276(4), 599(1), 682(1), 726(1), 486(2), 357(1), 786(2), 562(4), 577(2), 782(1), 557(2), 415(1), 414(4), 780(1), 493(1), 428(2), 721(1), 218(1), 53(1), 536(1), 578(1), 434(1), 574(1), 410(1), #####(2), 250.8(3), 820(2), 427(2), 996(1), 569(1), 592(1), 575(1), 431(1)",56
1377,1376,13772,diag_2,"403(3), 42(1), 721(1), 276(2), 154(1), 357(1), 999(1), 998(2), 250.32(1), 250(3), 250.02(3), 455(1), 782(1), 569(1), 453(1), 413(1), 250.12(1), 578(1), 428(2), 411(1), 197(1), 401(3), 202(1), 599(3), 511(1), 574(1), 425(1), 493(1), E885(1), 558(1), 491(1), 486(2), 38(1), 414(1), 591(2), 438(1), 584(2), 585(2), V85(1)",56
1378,1377,13781,diag_1,"V55(1), 447(1), 722(1), 599(1), 496(1), 250.7(1), 428(2), 658(1), 806(1), 296(1), 571(1), 401(1), 280(2), 410(5), 404(1), 440(1), 250.6(2), 867(1), 250.42(1), 786(2), 414(3), 493(2), 537(1), 584(1), 682(2), #####(3), 402(1), 427(2), 486(1), 466(1), 998(1), 250.13(1), 715(2), 434(1), 345(1), 250.8(1), 458(1), 780(1), 398(1), 578(1)",56
1378,1377,13782,diag_2,"568(1), 446(1), 324(1), 274(1), 511(1), 440(1), 349(1), 648(1), 344(1), 780(4), 456(1), 473(1), 382(1), 433(1), 428(2), 425(1), 304(1), 707(1), 403(1), 411(2), 424(1), 998(1), 250(5), 250.82(1), 427(2), 250.6(1), 276(2), 401(1), 416(1), 491(1), 493(1), 518(2), 682(1), 599(1), 414(1), 584(2), 296(1), 285(1), 730(1), 567(1), 311(1), 435(1), 585(1)",56
1379,1378,13791,diag_1,"294(1), 394(1), 309(1), 823(1), 435(1), 780(1), 971(1), 58(1), 250.02(1), 414(3), 428(2), 225(1), 386(1), 577(1), 722(1), 996(1), 786(4), 250.6(3), 564(1), 599(1), 491(5), 276(1), 285(1), 410(1), 427(1), 453(1), 562(1), #####(3), 493(1), 511(1), 584(1), 486(1), 250.82(2), 729(1), 540(1), 411(2), 518(1), 574(1), 38(2)",56
1379,1378,13792,diag_2,"303(1), 397(1), 295(1), 276(5), 742(1), 852(1), 410(1), 780(2), V58(1), 721(1), 515(1), 250(6), 250.92(1), 428(2), V42(1), 305(1), 427(5), 724(1), 290(1), #####(2), 411(1), 403(2), 443(1), 789(1), 401(1), 599(1), 518(2), 486(2), 786(1), 577(1), 331(1), 272(1), 710(1), 682(1), 202(1), 585(1), 482(1)",56
1380,1379,13801,diag_1,"5(1), 112(1), 286(1), 201(1), 586(1), 296(1), V57(2), 556(1), 920(1), 682(1), 780(2), 786(3), 599(2), 730(1), 414(3), 530(1), 435(1), 434(3), 998(3), 428(1), 493(1), 510(1), 427(2), 820(1), 440(1), 997(1), 486(3), 491(1), 410(1), 453(1), 733(1), 511(1), 415(1), 715(1), 38(1), 518(2), 276(2), 558(1), 805(1), 348(1)",56
1380,1379,13802,diag_2,"592(1), 696(1), 428(2), 426(1), 276(3), 300(1), V45(1), 198(1), E906(1), 791(1), 403(1), 250.02(2), 250.7(1), 413(1), 579(1), 424(1), 427(2), 411(1), 996(1), 401(1), 250(2), 250.8(1), 599(3), 486(1), 414(4), E878(1), 578(1), 724(1), 38(2), 707(3), 584(1), 202(1), 585(1), 285(1), 518(1), 425(1), 784(1), 491(2), 203(1), 530(1), 415(1)",56
1381,1380,13811,diag_1,"552(1), 440(1), 250.4(1), 786(3), 434(1), 599(1), 171(1), 647(1), 682(3), 996(1), 535(1), 414(6), 722(1), 486(4), 428(2), 287(1), 481(1), 252(1), 403(2), 491(2), 250.02(1), 296(1), 410(3), 38(1), 433(1), 8(1), 427(2), 784(1), 458(1), 250.13(1), 715(3), 577(1), #####(3), 820(1)",56
1381,1380,13812,diag_2,"758(1), 709(1), 581(1), 308(1), 368(1), 340(1), 197(1), 648(1), 826(1), 611(1), 112(1), V45(1), 722(1), 413(1), 595(1), 496(1), 285(2), 493(1), 402(1), 411(1), 707(4), 428(2), 427(1), 41(1), 276(4), 272(1), 250(2), 401(4), 481(1), 786(1), 560(1), 414(4), 780(1), 425(1), 486(2), 584(1), 585(3), 799(1)",56
1382,1381,13821,diag_1,"648(2), 295(1), 852(1), 250.11(1), 682(2), 349(1), 785(1), 552(1), 426(2), 572(1), 599(1), 440(1), 70(1), 578(1), 715(2), 414(5), 493(1), 530(1), V58(1), 276(1), 507(2), 410(2), 250.7(1), 707(1), 574(2), 577(1), 415(1), 799(1), 162(1), 733(1), 250.8(1), 728(1), 486(2), 250(1), 998(1), 786(1), 430(1), 427(1), 401(1), 428(2), 487(1), 38(2)",56
1382,1381,13822,diag_2,"250.9(1), 496(1), 780(1), 276(2), 454(1), 204(1), 250(4), 426(1), 571(1), 197(1), 162(1), 789(1), 280(1), 719(1), 428(2), 411(2), 425(1), 401(3), 278(1), 287(1), 427(2), #####(2), 292(1), 272(1), 682(1), 568(1), 535(1), 518(1), 486(1), 599(3), 458(1), 414(4), 790(1), 511(1), 585(1), 491(1), 707(2), 493(1), 284(1), 584(1)",56
1383,1382,13831,diag_1,"591(1), V57(1), 553(1), 781(1), 303(1), 722(1), 79(1), 250.7(1), 820(1), 414(4), 600(1), 958(1), 780(4), 435(1), 682(1), 433(1), 427(1), 197(1), 428(2), 824(1), 151(1), 410(3), 250.6(1), 434(1), 482(1), 486(2), #####(6), 466(1), 786(1), 250.8(2), 560(1), 185(1), 584(1), 453(1), 715(2), 996(1), 250.82(1), 789(1), 292(1)",56
1383,1382,13832,diag_2,"403(1), 756(1), 295(1), E936(1), 401(4), 427(2), 276(5), 785(1), E888(1), 496(1), 788(1), 682(1), 969(1), 250.02(2), 411(2), 728(1), 262(1), 453(1), 837(1), 196(1), 428(2), 536(1), 998(1), 491(2), #####(2), 250(3), 518(1), 780(1), 599(1), 425(1), 410(1), 414(2), 285(2), 38(1), 585(1), 786(2), 584(1), 304(1)",56
1384,1383,13841,diag_1,"277(1), 301(1), 172(1), 250.11(1), 654(1), 214(1), 278(1), 682(3), 562(1), 866(1), 996(2), 575(1), 195(1), 414(4), 482(1), 625(1), 491(3), 428(2), 276(3), 730(1), 599(2), 997(2), 250.13(1), 434(2), 250.02(1), 486(2), 410(2), 584(1), 38(1), 715(2), 569(1), 250.8(1), 574(3), 8(1), 401(1), 786(1), 518(1)",56
1384,1383,13842,diag_2,"250.01(1), 340(1), 403(2), 648(1), 574(2), 521(1), 281(1), 276(6), 444(1), 183(1), 789(1), 413(1), V09(1), 250(7), 293(1), 411(2), 496(2), 427(1), 780(2), 996(1), 162(1), 586(1), 788(1), 342(1), 428(1), 493(1), 272(1), 416(1), 584(1), 707(3), 414(1), 283(1), 585(1), 285(1), 997(1), 577(1), 530(1), 486(1)",56
1385,1384,13851,diag_1,"724(1), V57(1), 440(1), 441(1), 273(1), 435(2), 414(3), 276(2), 562(2), 996(2), 491(1), 789(1), 553(1), 780(1), 8(1), 998(2), 560(2), 486(2), 410(3), 427(4), 434(1), 682(1), V53(1), 415(1), 250.12(1), 584(2), 250.7(1), 722(1), 38(2), 590(1), 574(1), 578(1), 401(1), 518(2), 250.02(1), 592(1), 824(1), 530(1), 969(1)",56
1385,1384,13852,diag_2,"738(1), 191(1), 440(1), 305(1), 428(2), 386(1), 332(1), 345(1), 729(1), V43(1), 250.81(1), 250.01(1), 411(1), 424(1), 250.4(1), 997(1), 496(1), 536(1), 41(1), 151(1), 427(3), 790(1), 780(1), 401(4), 578(1), 511(1), 414(3), 507(1), 707(3), 285(2), 250.6(2), 486(1), 567(1), 250(1), 585(2), 516(1), 584(3), 284(1), 591(1), 710(1), 348(1)",56
1386,1385,13861,diag_1,"228(1), 727(1), 421(1), 433(1), 250.02(1), 485(1), 414(3), 590(1), 571(1), 660(1), 536(1), 486(4), 600(1), 197(1), 512(1), 427(5), 458(1), 786(2), 274(1), 250.4(1), 250.8(2), 411(1), 824(1), 562(1), 410(2), 493(1), 584(1), 428(2), 38(1), 453(1), #####(1), 578(2), 250.12(1), 996(2), 782(1), 715(2), 518(1), 280(1), 431(1), 348(1)",56
1386,1385,13862,diag_2,"496(1), 250.02(1), 424(1), 250.1(1), 112(1), 425(2), 413(1), 592(1), 789(1), 648(1), 276(4), 466(1), 250(5), 198(1), V45(1), 426(1), 411(1), 753(1), 790(1), 197(2), 250.6(2), 403(1), 493(2), 780(1), 401(2), E885(1), 285(2), 70(1), 599(3), 485(1), 428(2), 486(1), 414(1), V85(1), 491(1), 786(1), 799(1), 585(1), #####(1), 344(1)",56
1387,1386,13871,diag_1,"293(1), 296(1), V57(2), 250.7(1), 404(1), 276(1), 682(2), 577(1), 562(1), 696(1), 459(1), 486(4), 428(2), 998(1), 188(1), 996(1), 285(1), 250.42(1), 789(1), 250.22(1), 780(2), 729(1), 560(1), 584(2), 414(2), 283(1), 599(1), 263(1), 423(1), 435(1), 730(1), 592(1), #####(2), 558(1), 537(1), 47(1), 786(1), 715(1), 820(1), 8(1), 805(1), 250.6(1), 518(1), 250.13(1), 250.82(1), 348(1)",56
1387,1386,13872,diag_2,"295(1), 301(1), 907(1), 785(1), 428(2), 558(1), 110(1), 571(1), 553(1), 276(4), 682(1), 198(1), 402(1), 998(1), 599(4), 711(1), 576(1), E935(1), 496(1), 263(1), 401(1), #####(2), 403(1), 434(1), 425(1), 424(1), 196(1), 997(1), 427(2), 250.8(2), 423(1), 491(2), 585(2), 8(1), 584(1), 786(1), 799(1), 285(1), 250(2), 808(1), 486(1), 244(1), 784(1)",56
1388,1387,13881,diag_1,"210(1), 351(1), V56(1), 724(1), 535(1), 532(1), 414(5), 416(1), 276(1), 572(1), 493(1), 721(1), 340(1), 577(2), 492(1), 458(1), 999(1), 786(2), 432(1), 491(2), 402(1), 427(1), 965(1), 486(1), 428(2), 599(1), 410(1), 780(1), 789(1), 38(2), 250.12(1), 574(1), #####(3), 250.81(1), 250.8(1), 996(1), 715(1), 558(1), 518(1), 250.1(1), 250.6(1), 280(2), 250.13(1), 250.82(1)",56
1388,1387,13882,diag_2,"492(1), 250.02(2), 403(1), 722(1), 303(1), 556(1), 746(1), 428(2), 462(1), 573(1), 401(3), 599(2), 620(1), 276(5), 427(1), 682(3), 496(1), 518(2), #####(2), 996(1), 411(2), 493(1), 707(3), 425(2), 305(1), 414(3), 480(1), 486(2), 38(1), 585(1), 584(2), 250.6(1), 530(1), 438(1), 730(1)",56
1389,1388,13891,diag_1,"593(1), 332(1), 426(1), 585(1), 242(1), 250.6(2), 285(2), 780(1), 414(5), V58(1), 812(1), 584(2), 562(1), 995(1), 250.8(3), 786(2), 707(1), 821(1), 428(2), 596(1), 682(2), 577(2), 486(1), 574(1), 427(1), 820(1), 410(2), 38(1), 715(2), #####(3), 491(1), 8(1), 440(1), 250.12(1), 567(1), 996(1), 518(1), 276(1), 250.13(1)",56
1389,1388,13892,diag_2,"428(2), 427(5), 337(1), 263(1), 821(1), 412(1), 276(8), 287(1), 255(1), 250.52(1), 593(1), 518(3), 998(1), 202(1), #####(3), 682(2), 434(1), 411(1), 707(2), 41(1), 511(1), 997(1), 531(1), 599(1), 294(1), 285(1), 414(1), 584(1), 250(2), 410(2), 585(3), 491(1), 577(1), 250.53(1)",56
1390,1389,13901,diag_1,"V57(2), 681(1), 443(1), 507(2), 560(1), 599(1), 414(2), 434(3), 435(2), 403(1), 453(1), 486(2), 410(2), 298(1), 680(1), 786(2), 276(1), 189(1), 295(1), 780(1), 996(1), 428(2), 9(1), 789(1), 540(1), 557(1), 433(1), 820(1), 278(1), 682(1), 38(2), 715(1), 578(1), #####(1), 584(1), 8(1), 535(1), 518(1), 296(1), 427(2), 250.82(1), 482(1), 250.13(1), 530(1)",56
1390,1389,13902,diag_2,"V54(1), 250.02(1), 996(1), 781(1), 331(1), 788(1), 403(1), 413(1), 745(1), 362(1), 427(2), 415(1), 428(1), 266(1), 276(1), 707(1), 203(1), 335(1), 300(1), 599(3), 272(1), 411(1), 491(1), 425(1), 320(1), 424(2), 799(1), 250.6(2), 401(1), 250(5), 414(3), 518(1), 680(1), 785(1), V85(1), 535(1), 486(2), 585(1), 786(1), 305(1), 566(1), 584(2), 287(1)",56
1391,1390,13911,diag_1,"527(1), V57(1), 784(1), 466(1), 998(1), 458(1), 581(1), 305(1), 493(2), 780(1), 427(2), 276(1), 414(4), 560(1), 250.92(1), 786(4), 425(1), 428(2), 402(1), 38(1), 787(1), 682(2), 434(1), 893(1), 250.4(1), 444(1), 715(2), 401(1), 410(2), 208(1), 250.8(2), 250.02(1), 250.2(1), 558(1), 996(2), 331(1), #####(1), 431(1), 491(2), 574(1), 518(1)",56
1391,1390,13912,diag_2,"250.01(1), 174(1), 496(2), 250.02(2), E878(1), 403(4), 425(1), 427(3), 747(1), E932(1), 428(2), 413(1), 250.13(1), 401(1), 995(1), 482(1), 599(2), 260(1), 342(1), 682(2), 348(1), 276(4), 411(2), 285(1), 250(6), 555(1), #####(2), 414(1), 681(1), 820(1), 707(2), 585(1), 584(1), 250.5(1), 410(1)",56
1392,1391,13921,diag_1,"31(1), 865(1), 945(1), 669(1), 355(1), 312(1), 863(1), 529(1), 175(1), 816(1), 822(1), 738(1), 642(1), 420(1), 396(1), 215(1), 205(1), 922(1), 621(1), 211(1), 519(1), 795(1), 588(1), 860(1), 350(1), 576(1), 438(1), V54(1), 695(1), 198(1), 49(1), 230(1), 218(1), 475(1), 153(1), 532(1), 291(1), 986(1), 831(1), 808(1), 618(1), 572(1), 648(1), 437(1), 972(1), 284(1), 183(1), 964(1), 722(1), 620(1), 428(2), 250.1(1), 250(1), 275(1), 820(1)",56
1392,1391,13922,diag_2,"484(1), 868(1), E924(1), 705(1), 736(1), 317(1), E812(1), 478(1), V86(1), 883(1), 923(1), 150(1), 649(1), 958(1), 398(1), 510(1), 286(1), 920(1), 621(1), 537(1), 787(1), 333(1), 252(1), 807(1), 338(1), E930(1), 250.2(1), 715(1), E947(1), 336(1), 275(1), 211(1), 626(1), 474(1), 452(1), 562(1), 250.01(1), 292(1), 881(1), 812(1), 625(1), 789(1), 250.91(1), 867(1), 296(1), 200(1), 560(1), E858(1), 278(1), 614(1), 425(1), 401(1), 414(1), 276(1), 250(1), 427(1)",56
1393,1392,13931,diag_1,"571(1), 154(1), 850(1), 788(1), 511(1), 311(1), 824(1), 785(1), 197(1), 805(1), 415(1), 185(1), 281(1), 724(1), 411(1), 336(1), 440(1), 486(1), 733(1), 413(1), 807(1), 569(1), 288(1), 924(1), 250.6(1), 453(1), 661(1), 434(1), 157(1), 276(1), 398(1), 174(1), 599(1), 518(1), 428(1), 578(1), 575(1), 590(1), 414(1), 682(1), 427(1), 410(1), 295(1), 715(1), 574(1), 424(1), 250.8(1), 592(1), 491(1), 292(1), 435(1), 345(1), 250.13(1), 560(1), 38(1), 530(1)",56
1393,1392,13932,diag_2,"250.22(1), 619(1), 723(1), 783(1), 453(1), V62(1), E887(1), 435(1), 512(1), 162(1), V42(1), 591(1), 289(1), 724(1), 424(1), 491(1), V10(1), 511(1), 496(1), 786(1), 358(1), 578(1), 780(1), 327(1), 70(1), 824(1), 648(1), 693(1), V66(1), 238(1), 284(1), 196(1), 584(1), 411(1), 38(1), 585(1), 577(1), 564(1), 319(1), 250(1), 427(1), 311(1), 305(1), 401(1), 574(1), 429(1), 730(1), 599(1), 518(1), 8(1), 784(1), 438(1), 291(1), 276(1), 590(1), 530(1)",56
