class_id,SID,SA,cell,cell_record_count
0,00001,diag_1,"414(571), 786(431), 428(400), 715(304), 410(281), 491(274), 486(269), 682(237), 427(224), 996(199), 296(190), 250.13(186), 276(178), 493(166), 250.6(163), 780(156), 250.11(147), 434(136), 38(131), 584(129), 722(127), 250.8(124), 518(119), 648(116), 574(115), V57(110), 599(110), 577(109), 998(101), 278(99), 562(93), 789(86), 295(83), 560(74), 435(74), 433(71), 590(68), 440(62), 530(62), 250.02(57), 8(55), 578(54), 250.7(53), 285(50), 820(50), 250.1(49), 618(47), 535(45), 654(44), 592(44), 453(43), 824(43), 415(43), 197(42), 558(41), 626(40), 733(40), 724(40), 250.82(39), 403(39), 218(36), 552(34), 280(34), 250.12(34), 787(34), 162(34), 571(33), 997(32), 812(32), 575(30), 572(30), 540(30), 401(30), 531(29), 182(29), 482(28), 458(28), 642(28), 569(28), 250.03(25), 174(25), 402(24), 707(24), 466(23), 729(23), 620(22), 511(22), 288(19), 721(19), 153(19), 250.81(18), 250.4(18), 346(18), 557(17), 300(17), 340(17), 564(17), 198(17), 411(16), V58(16), 536(16), 386(16), 784(15), 444(15), 553(15), 250(15), 459(15), 507(15), 348(14), 424(14), 726(14), 659(14), 250.83(14), 823(13), 969(13), 220(13), 555(13), 250.41(12), 291(12), 738(12), 426(12), 79(12), 785(12), 625(12), 566(12), 730(12), 211(12), 723(11), 805(11), 593(11), 292(11), 656(11), 658(11), 813(10), 611(10), 728(10), 398(10), 250.42(10), 436(10), 790(10), 404(10), V54(10), 345(10), 532(10), 515(9), 821(9), 664(9), 782(9), 490(9), 307(9), 311(9), 661(9), 413(9), 681(9), 965(9), 617(9), 496(9), 233(9), 616(9), 437(8), 349(8), 227(8), 189(8), 852(8), 781(8), 183(8), 716(8), 9(8), 416(8), 287(8), 644(7), 537(7), 202(7), 250.22(7), 431(7), 303(7), 154(7), 423(7), 808(7), 225(7), 799(7), 112(7), 331(6), 621(6), 641(6), 585(6), 595(6), 252(6), 333(6), 995(6), 250.23(6), 652(6), 614(6), 204(6), 53(6), 286(6), 519(6), 481(6), 284(6), 576(5), 807(5), 959(5), 475(5), 351(5), 432(5), 309(5), 193(5), 719(5), 516(5), 441(5), 447(5), 714(5), 157(5), 443(5), 298(5), 567(5), 241(5), 646(5), 277(5), 396(5), 510(4), 485(4), 850(4), 727(4), 425(4), 205(4), V55(4), 825(4), V53(4), 253(4), 568(4), 250.01(4), 337(4), 556(4), 972(4), 350(4), 487(4), 922(4), 534(4), 461(4), 710(4), 711(4), 514(4), 250.43(4), 203(4), 429(4), 455(4), 801(4), 647(4), 250.2(4), 239(3), 283(3), 156(3), 512(3), 338(3), 845(3), 840(3), 643(3), 54(3), 250.92(3), 999(3), 660(3), 962(3), 255(3), 627(3), 155(3), 958(3), 158(3), 619(3), 655(3), 196(3), 522(3), 528(3), 274(3), 421(3), 250.53(3), 135(3), 438(3), 843(3), 788(3), 527(3), 632(3), 708(3), 851(3), 235(3), 380(2), 151(2), 736(2), 836(2), 188(2), 244(2), 882(2), 251(2), 565(2), 802(2), 864(2), 967(2), 987(2), 533(2), 550(2), 983(2), 191(2), 456(2), 478(2), 238(2), 228(2), 717(2), 588(2), 34(2), 451(2), 794(2), 495(2), 462(2), 924(2), 663(2), 306(2), 420(2), 78(2), 327(2), 860(2), 446(2), 242(2), 223(2), 822(2), 70(2), 199(2), 942(2), V56(2), 579(2), 275(2), 573(2), 35(2), 394(2), 473(2), 290(2), 357(2), 88(2), 734(2), 294(2), 355(2), 305(2), 42(2), 195(2), 430(2), 3(2), 596(2), 272(2), 581(2), 465(2), 705(2), 250.31(2), 184(2), 212(2), 250.93(2), 301(2), 58(1), 649(1), 480(1), 210(1), 368(1), 944(1), 815(1), 442(1), 847(1), 891(1), 171(1), 376(1), 36(1), 82(1), 5(1), 615(1), 952(1), 214(1), 919(1), 250.3(1), 179(1), 737(1), 963(1), 693(1), 362(1), 341(1), 792(1), 49(1), 933(1), 163(1), 293(1), 304(1), 161(1), 448(1), 359(1), 945(1), 289(1), 385(1), 674(1), 989(1), 445(1), 454(1), 586(1), 215(1), 297(1), 250.21(1), 846(1), 759(1), 324(1), 892(1), 354(1), V26(1), 61(1), 513(1), 551(1), 397(1), 968(1), 219(1), 373(1), 827(1), 7(1), 358(1), 452(1), 332(1), 725(1), V25(1), 541(1), 230(1), 323(1), 665(1), 322(1), 250.33(1), 977(1), 170(1), 412(1), 920(1), 861(1), 976(1), 698(1), 700(1), 756(1), 783(1), 483(1), 98(1), 310(1), 48(1), 904(1), 281(1), 709(1), 911(1), 591(1), 172(1), 47(1), 645(1), 657(1), 680(1), V71(1), 844(1), 835(1), 543(1), 250.5(1), 342(1), 470(1), 873(1), 494(1), 94(1), 594(1), 633(1), 746(1), 866(1), 492(1), 208(1)",10073
0,00002,diag_2,"276(701), 250(692), 428(499), 401(357), 599(314), 496(314), 427(274), 250.02(246), 250.01(239), 403(206), 411(198), 414(192), 707(178), 491(160), 682(156), 585(149), 648(145), 285(144), 780(140), 250.6(138), 493(134), 518(125), 584(123), 413(111), 486(103), 998(89), 424(87), 425(74), 305(74), 295(62), 786(60), 571(57), 574(55), 996(51), 280(50), 272(47), 577(47), 278(46), V42(44), 38(43), 789(43), 511(42), 785(40), 300(40), 250.03(39), 410(38), V85(38), 799(38), V45(37), 787(37), 710(37), 296(37), 578(36), 997(35), 197(35), 250.41(35), 492(34), 530(34), 41(33), 304(31), 453(31), 70(31), 560(30), 340(27), 730(27), 536(27), 244(27), 198(26), 591(26), V58(26), 733(25), 440(25), 342(24), 112(24), 287(24), 426(24), 790(23), 196(22), 303(22), 255(22), 438(21), 250.8(21), 788(21), 250.11(21), 402(21), 250.92(21), 301(21), 218(20), 722(20), 8(20), 284(19), V43(19), 724(19), 396(18), 625(18), 311(18), 162(18), 590(18), 553(18), 135(18), 250.13(17), 204(17), 202(17), 715(17), 535(17), 569(16), 250.4(16), 292(15), 466(15), 562(15), V62(15), 250.81(15), 434(15), 572(14), 174(14), 277(14), 781(14), 263(14), 620(14), V10(13), 288(13), 250.82(13), 433(13), 782(13), 618(13), 995(13), 250.51(12), 250.42(12), 564(12), 309(12), V15(11), E885(11), 728(11), 286(11), 567(11), E878(11), 784(10), 250.7(10), 242(10), 592(10), 719(10), 458(10), 558(10), 515(9), 482(9), 349(9), 397(9), 456(9), 415(9), 346(9), 465(9), 250.12(9), 595(9), 157(9), 568(9), 507(8), V54(8), 626(8), 642(8), 593(8), 404(8), V12(8), 250.83(8), 729(8), 250.53(7), 727(7), 435(7), 348(7), 714(7), 289(7), 614(7), 250.52(7), E888(7), 337(7), 250.43(7), 812(7), 581(6), 416(6), 444(6), 327(6), 519(6), 731(6), 94(6), 357(6), 293(6), 808(6), 516(6), 344(6), 345(6), 443(6), 575(6), 576(6), 566(6), 805(6), 291(5), 250.93(5), 203(5), 573(5), E935(5), 154(5), 813(5), 398(5), 459(5), 275(5), 616(5), 250.5(5), 617(5), 478(5), 481(5), 736(5), 738(5), 183(5), 557(4), 821(4), 627(4), 79(4), 999(4), 382(4), 205(4), 711(4), 794(4), 294(4), 721(4), 552(4), 531(4), 820(4), 537(4), 512(4), V65(4), 412(4), 338(4), 723(4), 840(4), 138(4), 441(4), E849(4), 331(4), E928(4), 394(4), 362(4), 358(4), 153(4), 652(3), 596(3), 250.1(3), 420(3), E880(3), 807(3), 696(3), 621(3), 324(3), 332(3), 421(3), 485(3), 319(3), 252(3), E942(3), E947(3), 317(3), 356(3), 451(3), 646(3), 211(3), 726(3), 490(3), 279(3), 437(3), 611(3), 796(3), 836(3), 322(3), 556(3), 716(3), 241(3), 713(3), 253(3), 42(3), E879(3), V72(3), 436(3), 644(3), 78(2), 110(2), 262(2), 645(2), 179(2), 446(2), 845(2), 266(2), 188(2), 680(2), 881(2), 368(2), 214(2), 958(2), 745(2), 656(2), 969(2), 746(2), E950(2), 156(2), 542(2), 654(2), 452(2), 117(2), 905(2), 54(2), 517(2), 389(2), 873(2), 860(2), 282(2), 661(2), 354(2), 335(2), 826(2), 823(2), 588(2), 583(2), V49(2), 283(2), 200(2), 250.22(2), 759(2), 681(2), E944(2), 386(2), 758(2), 9(2), 260(2), 705(2), 447(2), 709(2), 510(2), 473(2), V17(2), 883(2), 307(2), 824(2), 532(2), 623(2), 208(1), 429(1), 847(1), 472(1), 686(1), 239(1), 290(1), 663(1), 432(1), 423(1), E939(1), 683(1), 297(1), 53(1), 791(1), 737(1), E933(1), 258(1), 718(1), 226(1), 454(1), 967(1), 912(1), 520(1), 647(1), 268(1), 514(1), 215(1), 225(1), 199(1), 191(1), 893(1), 246(1), E934(1), 753(1), 972(1), 523(1), 649(1), 299(1), 816(1), 341(1), 180(1), 802(1), 131(1), 852(1), V66(1), E812(1), 270(1), 343(1), 837(1), 487(1), V57(1), 565(1), 233(1), 369(1), 306(1), 622(1), 220(1), 250.21(1), 359(1), 792(1), 250.2(1), 684(1), V63(1), 312(1), 850(1), E918(1), 164(1), 751(1), 35(1), 851(1), 527(1), 298(1), 634(1), 155(1), 741(1), 754(1), E932(1), 528(1), 314(1), 227(1), 717(1), 555(1), 353(1), 136(1), 825(1), E890(1), 570(1), 381(1), 217(1), 844(1), 245(1), 783(1), 477(1), 461(1), 99(1), E941(1), 463(1), V02(1), 524(1), 698(1), V64(1), 201(1), 302(1), 281(1), 664(1), 480(1), V25(1), 685(1), 250.9(1), 172(1), 34(1), 151(1), 193(1), 422(1), 250.33(1), E930(1), 364(1), E906(1), 474(1), 250.91(1), 843(1)",10073
1,00011,diag_1,"428(696), 414(508), 410(320), 427(316), 715(301), 486(300), 786(271), 491(246), 599(204), 780(199), 434(182), 276(179), V57(170), 250.8(153), 820(153), 38(152), 682(137), 584(128), 518(126), 996(123), 435(102), 562(92), 433(85), 574(79), 493(79), 560(70), 440(65), 250.6(64), 578(62), 722(59), 733(56), 998(56), 453(52), 8(51), 724(50), 824(48), 162(48), 482(44), 812(42), 530(41), 415(40), 569(38), 280(35), 197(35), 789(34), 557(34), 618(34), 153(33), 296(32), 250.7(32), 458(32), 401(32), 250.02(32), 403(31), 535(31), 577(31), 507(31), 787(28), 511(28), 721(27), 590(27), 531(26), 285(26), 997(26), 426(26), 174(25), 821(25), 808(25), 466(24), 402(24), 805(24), 558(23), 404(23), 411(23), 552(22), 572(21), 250.82(20), 424(20), 294(18), 553(18), 564(17), 790(17), 198(17), 386(17), 592(16), 250.4(16), 515(15), 157(15), 707(15), 571(15), 730(15), 823(15), 398(15), 436(15), 785(14), 154(14), 532(14), 287(13), 575(13), 459(13), V58(13), 182(13), 455(13), 444(12), 728(12), 413(12), 348(12), 781(12), 202(11), 487(11), 250.81(11), 250.22(11), 729(11), 250.12(10), 490(10), 443(10), 290(10), 431(10), 738(10), 784(9), 238(9), 922(9), 295(9), V55(9), 292(9), 593(9), 332(9), 441(9), 540(9), 496(8), 625(8), 595(8), 274(8), 250.1(8), 112(8), 799(8), 481(8), 331(8), 288(7), 465(7), 250(7), 536(7), 537(7), 416(7), 300(7), 726(7), 211(7), 924(7), 716(7), 53(7), 807(7), 345(6), 79(6), V54(6), 220(6), 250.42(6), 681(6), 813(6), 189(6), 788(6), 473(6), 514(6), 969(5), 293(5), 286(5), 852(5), 442(5), 425(5), 191(5), 241(5), 451(5), 711(5), 253(5), V53(5), 920(5), 346(5), 298(5), 437(5), 421(5), 516(5), 568(5), 151(5), 782(4), 596(4), 822(4), 250.2(4), 309(4), 250.13(4), 585(4), 311(4), 333(4), 567(4), 9(4), 719(4), 783(4), 851(4), 850(4), 193(4), 576(4), 183(4), 283(4), 155(4), 621(3), 714(3), V71(3), 999(3), 756(3), 225(3), 420(3), 396(3), 456(3), 494(3), 200(3), 447(3), 844(3), 275(3), 845(3), 291(3), 831(3), 227(3), 263(3), 205(3), 959(3), 233(3), 429(3), 995(3), 184(3), 519(3), 432(3), 397(3), 556(3), 438(3), 581(2), 566(2), 3(2), 840(2), 551(2), 720(2), 358(2), 533(2), 327(2), 923(2), 158(2), 250.32(2), 376(2), 512(2), 873(2), 188(2), 204(2), 250.3(2), 853(2), 70(2), 594(2), 203(2), 370(2), 351(2), 709(2), V63(2), V56(2), 289(2), 41(2), 513(2), 725(2), 965(2), 245(2), 933(2), 355(2), 338(2), 693(2), 616(2), 196(2), 82(2), 555(2), 573(2), 136(2), 611(2), 284(2), 737(2), 591(2), 281(2), 620(2), 226(2), 454(2), 814(2), 586(2), 485(2), 35(2), 252(2), 250.92(2), 521(1), 534(1), 31(1), 308(1), 816(1), 706(1), 114(1), 39(1), 336(1), 791(1), 863(1), 582(1), 942(1), 958(1), 277(1), 251(1), 723(1), 179(1), 696(1), 478(1), 66(1), 945(1), 250.23(1), 570(1), 172(1), 423(1), 868(1), 362(1), 522(1), 180(1), 480(1), 235(1), 527(1), 528(1), 579(1), 170(1), 266(1), 250.41(1), 934(1), 230(1), 242(1), 492(1), 359(1), 446(1), 304(1), 310(1), 526(1), 794(1), 54(1), 305(1), 727(1), 88(1), 217(1), 623(1), 860(1), 967(1), 201(1), 239(1), 464(1), 368(1), 216(1), 306(1), 732(1), 218(1), 199(1), 847(1), 921(1), 152(1), 383(1), 891(1), 250.5(1), 246(1), 142(1), 508(1), 250.33(1), 977(1), 297(1), 173(1), 864(1), 550(1), 843(1), 341(1), 156(1), 229(1), 619(1), 250.83(1), 695(1), 110(1), 825(1), 867(1), 964(1), 971(1), 349(1), 452(1)",8537
1,00012,diag_2,"428(683), 427(618), 276(547), 250(401), 599(397), 496(335), 401(311), 411(217), 285(207), 414(207), 403(203), 491(192), 585(158), 424(131), 584(130), 250.02(130), 707(129), 486(116), 518(115), 425(108), 780(105), 413(96), 682(92), 250.01(89), 493(84), 250.6(60), 280(58), 998(55), 511(50), 410(49), 786(47), 162(46), 571(37), 997(37), 198(37), 197(36), V45(35), 996(34), 38(34), 785(34), 453(34), 41(31), 574(30), 272(30), 578(30), 196(29), 788(28), 8(27), 789(26), 560(26), 402(25), 396(24), 287(23), 426(23), 577(23), 202(23), 799(22), 733(22), V43(22), 569(21), 724(20), 440(19), 787(19), 784(19), 591(18), 530(18), 562(18), 342(18), 250.82(17), E888(17), 515(17), 576(17), 438(16), 284(16), 715(16), 482(16), 722(16), 535(15), 719(15), 434(15), 294(15), 415(15), 492(15), 263(15), 244(15), 250.92(14), 433(14), E885(14), 710(14), 112(14), 157(13), 292(13), 242(13), 805(13), 444(13), 295(12), 458(12), 153(12), 404(12), 250.8(12), 729(11), 397(11), 435(11), 812(11), 781(11), 595(11), 250.03(11), 204(11), 721(11), 790(11), 331(11), 590(11), 348(10), 154(10), V10(10), 416(10), V12(9), 300(9), 293(9), 593(9), V54(9), 592(9), 412(9), 536(9), 286(9), 456(8), 296(8), 728(8), 459(8), 794(8), V85(7), 443(7), 490(7), 507(7), 70(7), 398(7), 553(7), 730(7), 250.7(7), 820(7), 340(7), 288(7), 135(7), 999(6), 581(6), 429(6), 305(6), V58(6), 572(6), 618(6), 311(6), E849(6), 250.81(6), 332(6), 714(6), V42(6), 558(6), 807(6), 995(6), 255(6), 250.41(6), E878(5), 557(5), 567(5), 738(5), 782(5), 303(5), V49(5), 203(5), 357(5), 211(5), 250.52(5), V15(5), 873(5), 451(5), 53(5), 432(5), 337(5), 514(5), 625(5), 205(4), 519(4), 250.4(4), E939(4), 850(4), 466(4), 250.12(4), 252(4), 278(4), 808(4), 455(4), 924(4), 250.42(4), 394(4), E942(4), 441(4), 189(4), 304(4), 537(4), E884(4), 564(4), 312(4), 575(4), 731(4), 920(3), E936(3), 454(3), 251(3), 596(3), 552(3), 494(3), 275(3), 619(3), 556(3), 349(3), E880(3), E932(3), 711(3), 436(3), 568(3), V57(3), 727(3), 345(3), 934(3), 611(3), 723(3), 358(3), 298(2), 753(2), 531(2), 736(2), 437(2), V72(2), 156(2), 250.1(2), E870(2), 155(2), 583(2), 923(2), 573(2), 79(2), E947(2), 473(2), 214(2), 253(2), 478(2), 274(2), 250.5(2), 852(2), E928(2), 151(2), V02(2), 481(2), 840(2), 959(2), 261(2), 421(2), 281(2), 446(2), 344(2), 201(2), 386(2), 802(2), 94(2), 726(2), 487(2), V62(2), 327(2), 290(2), 250.13(2), 405(2), 200(2), 716(2), 737(2), 565(1), 457(1), 615(1), 447(1), 258(1), E915(1), 138(1), E883(1), 696(1), 824(1), 283(1), 814(1), 623(1), 250.93(1), 238(1), 266(1), E927(1), E937(1), 260(1), 717(1), 516(1), 333(1), 860(1), E930(1), 528(1), 250.43(1), E879(1), 508(1), V44(1), E934(1), 512(1), 220(1), 228(1), 881(1), 837(1), E931(1), 452(1), 510(1), 750(1), 861(1), 368(1), 208(1), 430(1), 480(1), 958(1), 533(1), 442(1), V63(1), 821(1), 566(1), 831(1), 845(1), 232(1), 369(1), 250.22(1), 681(1), 532(1), 183(1), 199(1), 188(1), 783(1), 952(1), 796(1), 810(1), 905(1), V64(1), 570(1), 131(1), 227(1), 746(1), 192(1), 282(1), 241(1), 191(1), 484(1), 868(1), 680(1), E935(1), 301(1), 616(1), V46(1), 921(1), 614(1), 277(1), E881(1), 756(1), 233(1), 462(1), E853(1), 306(1), 495(1), 250.21(1), 709(1), 350(1), 813(1), 847(1), 27(1), 588(1), 217(1), 617(1), 836(1), 262(1), 289(1), 522(1), 822(1), 461(1), 309(1), 362(1), 174(1), 712(1)",8537
2,00021,diag_1,"428(691), 486(336), 599(273), 427(259), 410(242), 820(227), 414(221), 276(186), 491(181), 434(172), 780(171), 38(170), 786(169), 584(122), V57(119), 715(111), 682(107), 435(104), 250.8(102), 518(86), 562(85), 507(83), 996(75), 578(74), 560(73), 433(62), 574(59), 8(53), 493(50), 453(44), 440(43), 733(41), 285(40), 250.02(39), 530(39), 482(34), 724(33), 812(32), 402(32), 331(31), 415(31), 153(31), 789(30), 466(30), 280(29), 805(29), 569(28), 458(28), 824(28), 250.7(28), 557(28), 426(27), 250.6(26), 707(26), 808(26), 197(25), 531(25), 535(25), 998(24), 162(24), 403(24), 821(23), 174(22), 250.82(22), 386(22), 590(21), 577(20), 401(20), 787(19), 728(19), 294(19), 722(18), 296(18), 398(18), 558(18), 511(17), 444(17), 436(17), 532(16), 348(16), 537(16), 431(15), 290(15), 790(14), 404(14), 997(14), 424(13), 784(12), 813(12), 595(12), 823(11), 536(11), 781(11), 730(10), 274(10), 490(10), 411(10), 575(10), 807(10), 198(10), 515(10), 432(10), 345(10), 552(10), 721(9), 852(9), 157(9), 253(9), 719(9), V58(8), 250.81(8), 785(8), 211(8), 782(8), 182(8), 332(8), 112(8), 924(8), 799(8), 459(8), 564(8), 437(7), 443(7), 618(7), 202(7), 250.12(7), 455(7), 287(7), 447(7), 576(7), 441(6), 189(6), 292(6), 250.4(6), 465(6), 592(6), 519(6), 487(6), 681(6), 571(6), 154(6), 822(6), 729(6), 553(6), 188(5), 53(5), V54(5), 920(5), 413(5), 298(5), 512(5), 79(5), V55(5), 481(5), 416(5), 238(5), 300(4), 850(4), 935(4), 233(4), 959(4), 286(4), 726(4), 593(4), 550(4), 151(4), 556(4), 572(4), 239(4), 205(4), 496(4), 155(4), 250.22(4), 965(4), 492(4), 183(4), 922(4), 494(4), 255(3), 438(3), 284(3), 420(3), 425(3), 853(3), 281(3), 962(3), 533(3), 693(3), 191(3), 627(3), 250.2(3), 711(3), 723(3), 250.1(3), 220(3), 596(3), 540(3), 250.42(3), 860(3), 295(3), 783(3), 480(2), 171(2), 359(2), 565(2), 275(2), V53(2), 333(2), 429(2), 485(2), 225(2), 293(2), 568(2), 3(2), 250(2), 972(2), 421(2), 625(2), 555(2), 995(2), 311(2), 873(2), 815(2), 457(2), 527(2), 714(2), 288(2), 795(2), 933(2), 47(2), 9(2), 831(2), 802(2), 156(2), 999(2), 368(2), 851(2), 727(2), 310(2), 716(2), 244(2), 567(2), 173(2), 203(2), 250.32(1), 251(1), 349(1), 806(1), 240(1), 611(1), 397(1), 867(1), 526(1), 309(1), 250.93(1), 843(1), 250.3(1), 508(1), 161(1), 686(1), 376(1), 252(1), 991(1), 825(1), 208(1), V56(1), 551(1), 718(1), 847(1), 892(1), 617(1), 307(1), 405(1), 212(1), 446(1), 250.03(1), 250.23(1), 117(1), 794(1), 283(1), 977(1), 250.92(1), 591(1), 967(1), 891(1), 451(1), 204(1), 695(1), 196(1), 289(1), 366(1), 250.33(1), 581(1), 442(1), 473(1), 521(1), 528(1), 430(1), 250.43(1), 291(1), 250.52(1), 835(1), 454(1), 278(1), 969(1), 623(1), 214(1), 585(1), 384(1), 352(1), 588(1), 423(1), 263(1), 82(1), 936(1), 861(1), 152(1), 338(1), 619(1), 963(1), 184(1), 845(1), 747(1), 586(1), 266(1), 464(1), 456(1), 354(1), 934(1), 250.83(1), 694(1), 863(1), 616(1), 31(1), 323(1), 394(1), 928(1), 792(1), 788(1), 738(1), 350(1), 242(1), 975(1), 992(1), 215(1), 844(1), 964(1), 305(1)",6980
2,00022,diag_2,"428(689), 427(605), 276(597), 599(506), 496(237), 250(219), 401(211), 285(149), 486(144), 414(144), 424(134), 584(129), 707(124), 491(117), 250.02(111), 518(106), 403(105), 411(101), 585(94), 780(83), 425(65), 682(58), 410(56), 493(56), 280(54), 250.01(52), 511(50), 413(47), 41(37), 799(34), 578(33), 396(32), 294(31), 733(31), 38(29), 560(28), 426(27), 197(26), 438(26), 453(25), 162(24), 785(23), 998(23), 8(22), 250.6(22), 562(21), 196(21), 515(21), 507(20), 402(20), 786(20), 789(20), E888(19), 198(19), 342(19), 331(19), 574(19), 250.8(19), 996(18), 535(17), 530(17), 790(17), E885(16), 569(16), 284(16), 788(16), 458(15), 434(15), 784(14), 440(14), 728(14), 263(14), 997(14), V54(14), 348(13), 202(13), 287(13), 577(12), 433(12), E878(12), 715(12), 781(11), 808(11), 112(11), 787(11), 250.92(11), V43(11), 295(11), 293(10), 204(10), V45(10), 404(10), 482(10), 805(10), 290(10), 437(9), 153(9), 466(9), 719(9), 558(9), 242(9), 250.82(9), V10(9), 244(9), 332(8), 995(8), 492(8), 593(8), 729(8), 724(8), 412(8), E849(8), E932(8), 571(8), 415(7), 564(7), 444(7), 416(7), 286(6), 250.4(6), 443(6), 722(6), 272(6), 53(6), 296(6), 531(6), 397(6), 455(6), 253(5), 337(5), 289(5), 576(5), 435(5), 459(5), 590(5), 730(5), 490(5), 211(5), E942(5), 552(5), 820(5), 250.7(5), E947(4), 250.83(4), 386(4), 288(4), 398(4), 250.51(4), 250.03(4), 813(4), 250.13(4), 595(4), 999(4), V12(4), 591(4), 812(4), 782(4), 873(4), 250.12(4), 446(4), 924(4), 512(4), 920(4), 553(4), V85(4), 802(4), V09(3), V58(3), 714(3), 536(3), E944(3), 575(3), 150(3), 305(3), 275(3), 436(3), 721(3), 783(3), 345(3), V49(3), 292(3), 154(3), 262(3), 283(3), 174(3), 465(3), 250.22(3), 205(3), 710(3), 250.41(3), 304(3), 278(3), 794(3), 138(3), 311(3), V63(3), E858(3), 394(2), 250.5(2), 183(2), 556(2), 157(2), 737(2), 281(2), 333(2), 831(2), 567(2), V64(2), E879(2), 850(2), 572(2), 533(2), 454(2), 557(2), 255(2), 251(2), 684(2), 233(2), 200(2), 959(2), 568(2), 611(2), E884(2), 250.81(2), 447(2), 357(2), 616(2), 358(2), 865(2), 516(2), 135(2), V15(2), 298(2), E880(2), 429(2), 731(2), 312(2), 592(2), 717(2), 423(2), E930(2), 300(2), 716(2), 566(2), 905(2), E934(2), 362(2), 753(2), 203(2), 338(2), 310(2), 274(2), V70(2), 923(2), 250.2(2), 881(1), 822(1), 863(1), V66(1), 260(1), 303(1), 456(1), 570(1), 514(1), 238(1), 713(1), 618(1), 573(1), 368(1), 462(1), 532(1), V72(1), 52(1), 742(1), 621(1), 430(1), 832(1), 508(1), 266(1), 473(1), 354(1), 485(1), V44(1), 188(1), 250.11(1), 346(1), 614(1), E927(1), E936(1), 693(1), 291(1), 325(1), 723(1), 521(1), 395(1), E819(1), 625(1), 380(1), 457(1), 494(1), 510(1), 145(1), 913(1), 736(1), 821(1), 151(1), 421(1), 869(1), E935(1), 307(1), 987(1), 627(1), 250.52(1), 115(1), 152(1), 208(1), 340(1), 344(1), 481(1), V46(1), 155(1), E937(1), 349(1), 250.42(1), 922(1), 227(1), 807(1), 500(1), 528(1), 750(1), 282(1), 241(1), 711(1), 824(1), 70(1), 725(1), 852(1), 958(1), 273(1), V42(1), 432(1), 872(1), 250.53(1), 451(1), 989(1), 703(1), 791(1), 519(1), V69(1), 823(1), 218(1), 745(1), 487(1), 308(1), V60(1), 738(1), 746(1)",6980
3,00031,diag_1,"414(334), 428(320), 786(289), 410(199), 486(190), 682(171), 491(149), 715(137), 276(118), 427(116), 780(113), 493(100), 599(93), 250.8(88), 996(88), 434(86), 820(85), 38(83), 296(80), 574(78), 584(77), 518(77), 722(68), 250.6(67), 562(67), 278(66), 560(58), 435(53), V57(51), 577(49), 998(48), 507(42), 590(39), 295(37), 552(36), 530(34), 433(34), 578(34), 250.82(33), 250.7(33), 824(31), 8(31), 415(31), 789(29), 401(28), 733(28), 558(27), 411(27), 453(27), 592(26), 440(26), 250.02(25), V58(25), 403(24), 285(22), 174(21), 280(20), 535(19), 197(19), 571(18), 997(18), 730(17), 466(17), 569(16), 182(16), 724(16), 536(16), 162(16), 787(15), 250.12(15), 511(15), 218(15), 618(15), 482(14), 250.1(14), 782(13), 458(13), 812(13), 402(12), 250.4(12), 553(12), 444(12), 292(12), 575(12), 808(12), 250.13(12), 540(11), 532(11), 153(11), 823(11), 557(11), 386(11), 250.11(10), 426(10), 424(10), 348(10), 807(10), 707(10), 626(10), 805(9), 250.42(9), 346(9), 331(9), 398(9), 625(9), 250.83(8), 627(8), 220(8), 70(8), 288(8), 723(8), 413(8), 250.2(7), 681(7), 821(7), 250(7), 423(7), 721(7), 716(7), 198(7), 729(7), 202(7), 784(7), 531(7), 790(7), 436(7), V55(7), 566(7), 564(7), 241(7), 447(6), 621(6), 593(6), 728(6), 157(6), 965(6), 189(6), 785(6), 396(6), 300(6), 404(6), 995(6), 250.81(5), 496(5), 250.92(5), 345(5), 293(5), 431(5), 211(5), 813(5), 781(5), 338(5), 425(5), 432(5), 250.41(5), 515(5), 572(5), 188(5), 585(5), 568(4), 567(4), 420(4), 738(4), 490(4), 227(4), 253(4), 183(4), 924(4), 294(4), 555(4), 537(4), 355(4), 53(4), 620(4), 455(4), 514(4), 852(4), 533(4), 576(4), 451(4), 112(4), 519(4), 250.22(4), 595(4), 438(4), 303(3), 696(3), 351(3), 380(3), 487(3), 226(3), 312(3), 611(3), 799(3), 788(3), 485(3), 969(3), 275(3), 443(3), 341(3), 851(3), 430(3), 250.03(3), 47(3), 284(3), 616(3), 225(3), 357(3), 873(3), 416(3), 437(2), 442(2), 801(2), 726(2), 556(2), 534(2), 922(2), 825(2), 298(2), 242(2), V54(2), 705(2), 959(2), 250.33(2), 462(2), 892(2), 240(2), 686(2), 429(2), 304(2), 617(2), 591(2), 286(2), 239(2), 203(2), 333(2), 154(2), 714(2), 473(2), 290(2), 586(2), 693(2), 287(2), 719(2), 745(2), 289(2), 822(2), 710(2), 184(2), 250.23(2), 891(2), 622(2), 703(2), 395(2), 527(2), 494(2), 481(2), 516(2), 610(2), 79(2), 783(2), 152(2), 23(2), 461(2), 244(2), 756(1), 171(1), 158(1), 881(1), 147(1), 66(1), 441(1), 917(1), 464(1), 250.31(1), 372(1), 340(1), 272(1), 281(1), 846(1), 802(1), 854(1), 142(1), 291(1), 58(1), 208(1), 695(1), V51(1), 277(1), 588(1), 526(1), 962(1), 250.93(1), 495(1), 711(1), 734(1), 250.01(1), 117(1), 844(1), 522(1), 513(1), 376(1), 212(1), 193(1), 205(1), 736(1), 964(1), 233(1), 250.3(1), 230(1), 717(1), 840(1), 229(1), 853(1), 718(1), 977(1), 803(1), 878(1), 992(1), 308(1), 615(1), 792(1), 794(1), 27(1), 235(1), 135(1), 920(1), V45(1), 683(1), 727(1), 570(1), 958(1), 237(1), 446(1), 196(1), 550(1), 335(1), 826(1), 155(1), 332(1), 344(1), 180(1), 360(1), 850(1), 810(1), 49(1), 368(1), 359(1), 459(1), 311(1), 245(1), 255(1), 323(1), 565(1), 916(1), 252(1), 456(1), 356(1), 354(1), 478(1), 78(1), 573(1), 843(1), 445(1), 236(1), 967(1), 492(1), 283(1), 250.52(1), 529(1), 5(1), 349(1), 685(1), 512(1), 523(1), 614(1), 383(1), V53(1), 9(1)",5726
3,00032,diag_2,"276(389), 250(381), 428(348), 401(223), 599(211), 427(202), 496(181), 411(152), 250.02(144), 707(111), 414(110), 403(103), 780(94), 491(89), 493(89), 518(87), 584(87), 285(82), 486(81), 585(80), 250.01(76), 682(74), 424(66), 250.6(65), 425(55), 786(47), 413(41), 280(37), 41(36), 295(36), 305(30), 511(30), 272(28), 278(27), 996(27), 997(26), 785(25), 197(24), 998(24), 244(23), 530(22), 410(22), 789(22), 536(22), 571(22), 38(21), 560(21), 799(21), 577(21), 340(20), 574(19), 788(18), 162(18), 578(18), 70(18), 250.92(17), 710(17), 591(17), V42(16), 112(16), 787(16), 287(15), 492(15), 453(15), 507(15), 198(14), 730(14), V85(14), V43(13), E885(13), 196(13), 250.41(13), 250.03(13), 250.82(13), 304(13), 402(13), 440(12), 250.8(12), 438(12), 242(12), 790(12), 590(12), 722(12), 202(12), 569(12), 733(11), 558(11), 784(11), 296(11), 568(11), V45(11), 396(11), 294(10), 426(10), 434(10), 255(10), E888(10), 458(9), 342(9), V54(9), E878(9), V10(9), 250.7(9), 416(8), V62(8), 515(8), 331(8), 286(8), 300(8), 482(8), 303(8), V58(8), 592(8), 562(8), 415(8), 535(8), 466(8), 995(7), 724(7), 719(7), 135(7), 715(7), 311(7), 263(7), 567(7), 348(7), 8(7), 433(7), 572(7), 345(6), 781(6), 714(6), 723(6), 250.13(6), 250.51(6), 189(6), 288(6), 153(6), 729(6), 253(6), 327(6), 250.4(6), 731(6), 573(6), 576(5), 451(5), 174(5), 301(5), 620(5), 728(5), 152(5), 618(5), 250.5(5), 218(5), 437(5), 284(5), 289(5), 435(5), 564(5), 625(5), 404(5), 593(5), 337(4), 309(4), 94(4), 456(4), 555(4), V49(4), V64(4), 552(4), 279(4), 490(4), 557(4), 595(4), 204(4), 794(4), 920(4), 621(4), 183(4), 211(4), 293(4), 553(4), 611(4), 220(4), 250.42(4), 616(4), E849(3), 357(3), 156(3), 519(3), 531(3), 319(3), 360(3), 512(3), 626(3), 823(3), 614(3), E947(3), 753(3), 203(3), 820(3), V12(3), 711(3), 516(3), 250.52(3), 446(3), 250.12(3), 736(3), 429(3), V65(3), 721(3), 873(3), 138(3), 596(3), 261(2), 808(2), 53(2), E884(2), V15(2), 575(2), 782(2), 756(2), 706(2), E935(2), 157(2), 274(2), 556(2), 701(2), 517(2), 457(2), 617(2), 171(2), 444(2), 250.11(2), 292(2), 398(2), 698(2), E812(2), 821(2), 905(2), 623(2), 455(2), E939(2), 459(2), 151(2), 726(2), 275(2), 924(2), 824(2), 473(2), 252(2), E880(2), 745(2), 850(2), 443(2), 881(2), 481(2), 680(2), 693(2), 359(2), 892(2), 627(2), 250.83(2), 412(2), 447(2), 277(2), 290(2), 579(2), 291(2), 465(2), 860(2), 155(1), 282(1), V16(1), 323(1), 397(1), E821(1), 725(1), 487(1), V46(1), 581(1), E945(1), 380(1), 537(1), 793(1), 991(1), 583(1), 312(1), E916(1), 791(1), 810(1), 441(1), 241(1), 919(1), 358(1), 436(1), 258(1), 738(1), E930(1), 354(1), E937(1), 421(1), 372(1), E928(1), 543(1), 758(1), 79(1), V13(1), 696(1), 716(1), 346(1), 250.93(1), 154(1), 250.81(1), 182(1), V53(1), 250.9(1), 250.22(1), 238(1), 217(1), 796(1), 420(1), E813(1), 485(1), 963(1), 226(1), 864(1), V63(1), E829(1), 333(1), 308(1), E887(1), 378(1), 691(1), 298(1), 250.53(1), 681(1), 442(1), 283(1), 336(1), 317(1), 246(1), 214(1), 233(1), 534(1), 394(1), 431(1), 239(1), 349(1), 797(1), 586(1), 266(1), 461(1), 705(1), 806(1), 273(1), 269(1), 588(1), 686(1), 718(1), 622(1), 524(1), 532(1), 598(1), 847(1), 852(1), 452(1), 208(1), 891(1), E942(1), 245(1), 916(1), 566(1), 322(1), 812(1), 250.43(1), 805(1), 423(1), 478(1), 737(1), 842(1), 619(1), 746(1), 338(1), 521(1), 262(1), 550(1)",5726
4,00041,diag_1,"250.03(6), 250.11(4), 250.13(4), 250.81(2), 276(2), 79(1), 250.33(1), 250.12(1), V58(1), 483(1), 250.31(1), 345(1)",25
4,00042,diag_2,"276(11), 250.01(4), 112(2), 564(1), 791(1), 8(1), 780(1), 783(1), 474(1), 518(1), 299(1)",25
5,00051,diag_1,"414(1048), 428(553), 410(479), 786(440), 682(324), 427(279), 486(269), 491(253), 715(208), 996(206), 250.8(196), 577(193), 780(179), 434(158), 250.13(158), 250.6(152), 584(139), 38(133), 296(132), 250.7(118), 722(116), 250.11(115), 276(112), 998(110), 518(108), V57(97), 433(93), 562(90), 574(88), 440(87), 435(77), 560(73), 250.12(66), 250.02(64), 599(61), 578(59), 592(58), 997(58), 493(57), 250.82(54), 571(53), 250.1(51), 530(51), 403(50), 453(49), 789(48), V58(47), 535(47), 162(45), 482(45), 8(44), 415(44), 278(44), 295(41), 724(41), 197(41), 730(40), 411(40), 458(39), 153(38), 600(38), 820(37), 572(36), 733(35), 707(33), 185(31), 250.81(31), 250.4(30), 558(29), 198(29), 402(29), 507(28), 532(26), 540(26), 250(25), 824(25), 424(25), 608(24), 441(24), 291(24), 787(23), 575(23), 531(22), 511(21), 426(21), 401(21), 553(20), 280(20), 790(20), 250.41(20), 303(19), 721(18), 590(18), 552(18), 569(18), 443(17), 784(17), 728(16), 681(16), 404(16), 823(15), 250.03(15), 566(14), 345(14), 157(14), 292(14), 805(14), 413(14), 250.22(14), 726(14), 285(13), 444(13), 821(13), 711(13), 723(12), 288(12), 202(12), 852(12), 277(12), 812(12), 348(12), 154(12), 785(12), 564(12), 312(11), 557(11), 188(11), V55(11), 593(11), 250.83(11), 79(10), 189(10), 211(10), 151(10), 425(10), 492(10), 515(10), 459(10), 436(10), 536(10), 47(9), 250.42(9), 357(9), 191(9), 466(9), 431(9), 965(9), 576(9), 423(9), 537(9), 304(9), 494(8), 556(8), 850(8), 604(8), 782(8), 969(8), 729(8), 420(8), 421(8), 510(8), 481(7), 42(7), 293(7), 250.01(7), 311(7), 512(7), 346(7), 416(7), 801(7), 959(7), 727(7), 860(7), 995(7), 386(7), 490(7), 331(7), 738(6), 573(6), 595(6), 924(6), 716(6), 155(6), 70(6), 485(6), 274(6), 585(6), 250.43(6), 351(6), 309(6), 567(6), 437(6), 962(6), 340(5), 438(5), 999(5), 719(5), 808(5), 487(5), 250.33(5), 478(5), 534(5), 844(5), 298(5), 794(5), 290(5), 432(5), 550(5), 141(5), 601(5), 429(5), 807(5), 78(5), 522(5), 496(5), 112(5), 465(5), 200(4), 227(4), 349(4), 284(4), 799(4), 788(4), 455(4), 398(4), 596(4), 967(4), 519(4), 253(4), 239(4), 825(4), 822(4), 305(4), 781(4), 250.2(4), 746(4), 966(4), 225(4), 514(4), 586(4), 528(4), 527(4), 861(4), 607(3), 892(3), 275(3), 693(3), 851(3), 594(3), 337(3), V53(3), 430(3), 970(3), 565(3), 447(3), 250.92(3), 446(3), 451(3), 88(3), 353(3), 283(3), 310(3), 816(3), 204(3), 685(3), 853(3), 810(3), 250.32(3), 150(3), 473(3), 751(3), 866(3), 456(3), 802(3), 235(3), 327(3), 289(3), 922(3), 152(3), 813(3), 53(3), 300(3), 241(3), 541(3), 250.31(2), 9(2), 747(2), 252(2), 396(2), 568(2), 378(2), 457(2), 516(2), 250.5(2), 555(2), 354(2), 332(2), 201(2), 175(2), 980(2), 250.3(2), 250.21(2), 187(2), 306(2), 250.23(2), 461(2), 990(2), 238(2), 344(2), 94(2), 35(2), 250.93(2), 454(2), 958(2), 692(2), 800(2), 591(2), 806(2), V63(2), 250.91(2), 135(2), 66(2), 294(2), 753(2), 680(2), 583(2), 405(2), 442(2), 480(2), 847(2), 333(2), 570(2), 945(2), 146(2), 890(2), 193(2), 287(2), 75(2), 117(2), 163(2), 464(2), 212(2), 394(2), 335(2), 826(1), 977(1), 737(1), 359(1), 582(1), 320(1), 214(1), 263(1), 814(1), V60(1), 718(1), 41(1), 513(1), 973(1), 237(1), 883(1), 338(1), 380(1), 804(1), 273(1), 836(1), 835(1), 845(1), 551(1), 704(1), 867(1), 793(1), 964(1), 694(1), V66(1), 286(1), 939(1), 581(1), 928(1), 935(1), 803(1), 533(1), 279(1), 588(1), 422(1), 862(1), 149(1), 714(1), 732(1), 955(1), 838(1), 706(1), 142(1), 3(1), 735(1), 395(1), 708(1), 148(1), 388(1), 382(1), 164(1), 880(1), 526(1), 350(1), 854(1), 244(1), 374(1), 893(1), 848(1), 251(1), 54(1), 223(1), 897(1), 906(1), 445(1), 297(1), 736(1), 972(1), 360(1), 470(1), 873(1), 882(1), 508(1), 756(1), 936(1), 281(1), 462(1), 307(1), 97(1), V54(1), V56(1), 831(1), 452(1), 368(1), 199(1), 717(1), 156(1), 322(1), 598(1), 837(1), 745(1), 250.9(1), 886(1), 881(1), 895(1), 5(1), 686(1), 709(1), 161(1), 226(1), 863(1), 690(1), 172(1), 920(1), 986(1)",10571
5,00052,diag_2,"276(647), 250(611), 428(531), 427(423), 414(410), 411(385), 401(367), 496(363), 707(266), 250.02(246), 403(232), 682(227), 250.01(193), 584(192), 585(167), 491(163), 780(161), 425(152), 518(148), 305(142), 486(134), 413(127), 250.6(119), 599(115), 285(108), 577(78), 786(77), 303(74), 424(74), 998(69), 571(64), V45(61), 410(61), 996(59), 785(59), 272(58), 41(58), 38(55), 493(53), 560(51), 162(50), V42(50), 997(50), 440(49), 197(47), 70(45), 287(45), 730(44), 278(42), 788(41), 511(40), 789(40), 799(40), 304(38), 574(33), 591(33), 578(32), 198(31), 295(31), 530(31), 280(30), 250.41(30), 426(30), 342(30), 402(29), 250.03(29), 453(28), 790(27), 724(25), 492(25), 250.13(25), 412(23), 277(23), 8(22), 291(22), 284(21), 438(21), V15(20), 569(20), 250.4(19), 507(19), 250.8(19), 787(19), 196(19), 250.92(19), 433(18), 731(17), 296(17), 536(17), 202(17), 300(16), 112(16), 535(16), 404(16), 728(16), V58(16), E878(16), 722(15), 562(15), V85(15), 250.81(15), 250.11(15), V62(15), 592(15), 286(15), 250.7(15), 444(14), 567(14), 292(14), 357(14), 250.12(14), 733(14), V43(13), 434(13), 250.82(13), 681(13), E885(13), 458(13), 593(13), 344(13), 204(12), 482(12), 781(12), 590(12), 581(12), 203(12), 415(11), 558(11), 244(11), 153(11), 288(11), 250.42(10), 515(10), 435(10), 784(10), 573(10), 807(9), 711(9), 42(9), 456(9), 466(9), 568(9), 348(9), 150(9), 572(9), 512(9), 805(8), 715(8), 723(8), 583(8), 416(8), 782(8), 473(8), 443(8), 263(8), 553(8), 596(8), 309(8), 327(7), 340(7), 331(7), 396(7), 465(7), 189(7), 301(7), 726(7), 337(7), 532(7), 719(7), 250.5(7), 873(7), 250.83(7), 250.43(6), 595(6), 157(6), 710(6), 575(6), 250.51(6), 154(6), 311(6), 600(6), 205(6), 155(6), 721(6), V12(6), 995(6), 250.93(6), 211(5), 437(5), 274(5), 576(5), 255(5), 882(5), 531(5), V54(5), 201(5), 794(5), 345(5), 729(5), 332(5), 850(5), 490(4), 250.53(4), E888(4), 738(4), 250.52(4), V49(4), 368(4), 564(4), 250.22(4), E950(4), 451(4), E879(4), E935(4), 441(4), 680(4), 481(4), 565(4), 860(4), 359(4), 608(4), 431(4), 398(4), 820(4), 494(4), 358(4), V10(4), 362(4), 349(4), 999(4), 566(4), 293(3), 552(3), 253(3), 601(3), 420(3), 557(3), 275(3), 746(3), 741(3), 429(3), 442(3), V64(3), 282(3), E884(3), 333(3), 958(3), 883(3), 53(3), 135(3), 459(2), 378(2), V08(2), 365(2), 483(2), V09(2), E880(2), 540(2), 251(2), 556(2), 110(2), 478(2), 570(2), 808(2), 298(2), 959(2), 918(2), 242(2), 737(2), 910(2), 825(2), 79(2), 861(2), 319(2), 909(2), 969(2), 495(2), 519(2), 152(2), V63(2), 172(2), 380(2), 324(2), 716(2), 533(2), 117(2), 151(2), E917(2), 338(2), 382(2), 356(2), 550(2), 299(2), E905(2), 261(2), 924(2), 922(2), 185(2), 283(2), 312(2), 694(2), E849(2), 745(2), 138(2), 727(2), 290(2), 289(2), 607(2), 335(2), 792(2), E812(2), 513(2), 54(2), 701(1), 709(1), 972(1), 852(1), 317(1), 27(1), 461(1), 915(1), 252(1), 423(1), 892(1), E931(1), 714(1), 528(1), 736(1), E930(1), 310(1), 34(1), E814(1), 756(1), 446(1), 475(1), 500(1), 717(1), 250.1(1), 447(1), 250.31(1), 521(1), E858(1), E929(1), V57(1), 953(1), 833(1), 693(1), 908(1), E870(1), 705(1), E933(1), 696(1), 811(1), 227(1), 463(1), 432(1), 824(1), 421(1), 250.33(1), V11(1), 240(1), 262(1), 831(1), 397(1), 750(1), 273(1), 320(1), 373(1), 386(1), E881(1), 377(1), 436(1), 870(1), 845(1), 294(1), 542(1), 366(1), E942(1), 747(1), E927(1), 75(1), 46(1), 598(1), 94(1), V65(1), 455(1), E934(1), 136(1), 821(1), 186(1), 281(1), 470(1), 480(1), 686(1), E937(1), 462(1), E947(1), 919(1), 279(1), 713(1), 258(1), 322(1), E826(1), 783(1), 706(1), 948(1), 718(1), 796(1), 250.23(1), E818(1), 698(1), 604(1), 250.3(1), V46(1), 233(1), 806(1), 395(1), 579(1), 501(1), 920(1), 297(1), 250.9(1), E924(1), 40(1), 905(1), 933(1), E939(1), 934(1), 266(1), E968(1), 991(1), 472(1), E816(1), 314(1), 383(1), 802(1), 692(1), 514(1), 864(1), 555(1), 388(1), 238(1), 823(1), E932(1), 208(1), 191(1), E821(1), 537(1), V55(1), V44(1), 369(1), 611(1), 260(1)",10571
6,00061,diag_1,"428(686), 414(668), 410(351), 486(333), 427(324), 491(225), 715(196), 786(184), 780(178), 434(178), 996(176), 250.8(163), 38(142), V57(135), 276(132), 584(126), 682(119), 433(110), 599(99), 518(98), 440(90), 435(86), 562(81), 250.7(80), 574(71), 560(70), 507(69), 820(66), 600(60), 998(60), 162(58), 458(54), 578(54), 511(49), 724(48), 722(46), 250.6(45), 577(41), 997(39), 453(38), 8(38), 530(36), 426(35), 198(35), 482(33), 415(32), 403(31), 592(31), 493(31), 153(30), 532(28), 197(26), 285(26), 569(26), 571(25), 185(25), 558(25), 424(25), 789(24), 250.82(23), 250.02(23), 535(23), 531(22), 402(22), 431(21), 189(21), 188(21), 296(21), 331(20), 441(20), 466(19), 443(19), 730(19), 572(18), 575(18), 280(17), 553(15), 250.4(15), 537(15), 274(14), 721(14), 824(14), 436(13), 787(13), 733(13), 707(13), 550(13), 540(13), 348(13), 444(13), 404(12), 552(12), 425(12), 557(12), V58(12), 812(12), 728(11), 595(11), 386(11), 238(11), 411(11), 154(11), 807(11), 515(11), 459(10), 593(10), 432(10), 250.81(10), 590(9), 447(9), 487(9), 805(9), 332(9), 211(9), V55(8), 438(8), 781(8), 290(8), 155(8), 576(8), 202(8), 294(8), 288(7), 455(7), 287(7), 512(7), 413(7), 442(7), 850(7), 852(7), 157(7), 596(6), 250.2(6), 345(6), 719(6), 311(6), 284(6), 398(6), 711(6), 851(6), 275(6), 738(6), 437(6), 227(6), 808(6), 203(6), 151(6), 250.12(6), 726(6), 784(6), 150(5), 300(5), 253(5), 250.22(5), 286(5), 785(5), 490(5), 813(5), 995(5), 681(5), 801(5), 112(5), 790(5), 496(5), 536(5), 451(5), 250(5), 293(5), 420(5), 729(4), 79(4), 401(4), 291(4), 292(4), 566(4), 959(4), 196(4), 716(4), 349(4), 821(4), 378(4), 250.13(4), 585(4), 521(4), 604(4), 53(4), 191(4), 481(4), 564(4), 586(4), 556(4), 446(4), V53(4), 823(4), 298(4), 200(4), 456(3), 327(3), 844(3), 277(3), 429(3), 485(3), 727(3), 514(3), 568(3), 867(3), 601(3), 283(3), 255(3), 822(3), 333(3), 250.3(3), 534(3), 205(3), 201(3), 465(3), 239(3), 250.83(3), 250.92(3), 9(3), 788(3), 423(3), 492(3), 799(3), 289(3), V54(3), 567(3), 281(3), 323(3), 421(3), 195(3), 454(2), 457(2), 295(2), 320(2), 860(2), 250.31(2), 152(2), 533(2), 935(2), 581(2), 163(2), 383(2), 250.42(2), 241(2), 158(2), 962(2), 416(2), V63(2), 958(2), V71(2), 522(2), 335(2), 480(2), 737(2), 723(2), 250.1(2), 794(2), 199(2), 573(2), 725(2), 355(2), 782(2), 156(2), 230(2), 54(2), 924(2), 607(2), 357(2), 380(2), 999(2), 969(2), 516(2), 992(1), 310(1), 145(1), 193(1), 204(1), 816(1), 250.32(1), 215(1), 303(1), 282(1), 500(1), 983(1), 381(1), 853(1), 422(1), 510(1), 379(1), 263(1), 394(1), 806(1), 307(1), 695(1), 66(1), 354(1), 826(1), 250.03(1), 922(1), 527(1), 464(1), 718(1), 430(1), 524(1), 945(1), 250.23(1), 594(1), 242(1), 904(1), 810(1), 297(1), 251(1), 916(1), 519(1), 250.41(1), 171(1), 235(1), 351(1), 143(1), 309(1), V67(1), 164(1), 483(1), 745(1), 47(1), 396(1), 11(1), 526(1), 952(1), 686(1), 591(1), 971(1), 27(1), 736(1), 250.11(1), 49(1), 470(1), 602(1), 965(1), 477(1), 795(1), 861(1), 3(1), 756(1), 783(1), 942(1), 461(1), 304(1), 478(1), 815(1), 814(1), 363(1), 608(1), 306(1), 312(1), 920(1), 933(1), 845(1), 836(1), 802(1), 893(1)",7904
6,00062,diag_2,"428(683), 427(652), 496(389), 250(383), 276(377), 414(312), 411(228), 401(226), 599(194), 403(182), 491(179), 585(165), 707(165), 285(142), 584(140), 486(127), 425(121), 518(118), 424(115), 682(108), 413(97), 250.02(89), 780(88), 788(67), 511(55), 410(53), 785(51), 250.6(51), V45(51), 162(49), 280(46), 250.01(43), 38(43), 786(42), 426(39), 440(38), 998(38), 198(36), 197(35), 996(34), 493(32), 560(31), 453(31), 492(30), 41(29), 272(29), 997(28), 578(28), 287(28), 789(26), 438(25), 799(25), 571(23), 591(23), 402(22), 574(22), 202(22), 8(20), 458(19), 434(19), 342(18), 305(18), 433(18), 530(17), 730(17), 787(16), 396(16), 577(16), 715(16), 507(15), 153(15), E878(15), 303(15), 284(14), 535(14), V43(14), 204(14), 733(14), 348(14), 515(14), 294(13), 250.8(13), V10(13), 250.82(12), 185(12), 157(12), 196(12), 995(11), 593(11), 444(11), 790(11), 293(11), 719(11), 112(11), 250.92(10), 443(10), 441(10), E888(10), 781(10), 596(10), 286(10), 250.7(10), 784(10), 722(9), 250.41(9), 456(9), 412(9), 567(9), E932(9), 203(8), 482(8), V54(8), 250.4(8), 435(8), V58(8), 600(8), 296(8), 415(7), 729(7), 490(7), 728(7), 292(7), 576(7), 278(7), 250.03(7), 250.5(7), 562(7), 263(7), 295(7), 516(7), 331(7), 805(7), 466(6), V12(6), 404(6), 344(6), E942(6), 189(6), 569(6), V85(5), E885(5), 558(5), 70(5), 581(5), 794(5), 358(5), 250.52(5), V42(5), 724(5), 537(5), 138(5), 531(5), 416(5), 155(5), 723(5), 211(5), 151(5), 710(5), 332(4), 205(4), 311(4), 601(4), 54(4), 512(4), 250.81(4), 281(4), 300(4), 150(4), 291(4), 792(4), 275(4), 575(4), 252(4), 478(4), 572(4), 312(4), 447(4), 368(4), 564(4), 731(4), 557(4), 568(4), 255(4), V64(4), 154(4), 250.42(4), 242(3), 709(3), 188(3), 820(3), 250.12(3), 595(3), 536(3), 807(3), 459(3), 594(3), 431(3), 552(3), E944(3), 199(3), V72(3), 592(3), 852(3), 429(3), 556(3), 283(3), 711(3), 288(3), 250.51(3), 550(3), 553(3), 289(3), E884(3), 473(3), 721(3), 357(3), 590(3), 253(3), 53(3), 727(3), 349(3), 397(3), 442(3), 335(2), 250.22(2), V15(2), 40(2), 398(2), 337(2), 750(2), 389(2), 309(2), 420(2), 462(2), 555(2), E879(2), 532(2), 738(2), 327(2), 481(2), 421(2), 79(2), 320(2), 923(2), 307(2), 455(2), 850(2), 714(2), V70(2), 747(2), 379(2), 812(2), 873(2), 250.83(2), 586(2), V49(2), 726(2), 862(2), 304(2), 282(2), 290(2), 191(2), 386(2), 706(2), 716(2), 465(2), 432(2), E935(2), 250.11(2), 802(1), 223(1), E880(1), 508(1), 737(1), 702(1), 810(1), 913(1), 514(1), 759(1), 451(1), 446(1), 958(1), 201(1), 870(1), 816(1), 250.32(1), 533(1), 501(1), 823(1), 436(1), 362(1), 999(1), 135(1), 881(1), E900(1), 31(1), 883(1), V66(1), 333(1), 989(1), 909(1), 66(1), 681(1), 277(1), 510(1), E812(1), 340(1), 868(1), 815(1), 972(1), 495(1), 365(1), 911(1), 238(1), V63(1), 836(1), 239(1), 808(1), 269(1), 692(1), 527(1), 696(1), 322(1), 783(1), 477(1), 524(1), 251(1), 423(1), 172(1), V17(1), 608(1), 380(1), 782(1), 566(1), E916(1), 860(1), 825(1), 693(1), 793(1), V46(1), 573(1), 500(1), 959(1), 845(1), E934(1), 920(1), 372(1), V53(1), 822(1), E928(1), 94(1), 215(1), 345(1), 259(1), 867(1), 437(1), 861(1), E927(1), 813(1), 261(1), 924(1), 991(1), 297(1), 485(1), 853(1), 540(1), 487(1), 519(1), 741(1), 907(1), 745(1)",7904
7,00071,diag_1,"428(452), 486(287), 410(231), 427(188), 414(177), 780(120), 38(112), 491(109), 250.8(105), 434(101), 599(100), 584(95), 276(91), 786(90), 507(86), 820(77), 996(75), V57(74), 715(64), 682(61), 518(58), 574(50), 435(48), 433(47), 250.7(46), 560(45), 562(39), 440(39), 426(36), 331(35), 162(34), 458(34), 8(33), 578(31), 600(31), 415(24), 453(24), 511(24), 535(23), 188(23), 997(22), 493(21), 532(21), 998(21), 482(20), 285(18), 569(18), 577(18), 403(17), 733(17), 530(17), 290(17), 789(16), 558(16), 722(16), 402(15), 185(15), 250.82(15), 294(15), 250.6(15), 787(15), 250.02(14), 202(14), 805(14), 198(14), 724(14), 398(13), 707(13), 153(13), 730(12), 441(12), 287(12), 531(12), 197(11), 466(11), 431(10), 280(10), 799(9), 424(9), 557(9), 852(9), 576(9), 575(9), 154(9), 515(9), 550(8), 728(8), 443(8), 444(8), 592(8), 596(7), 348(7), V58(7), 296(7), 537(7), 404(7), 436(7), 250(7), 487(7), 455(7), 808(7), 812(7), 790(7), 481(7), 721(7), 571(7), 860(6), 155(6), 595(6), 211(6), 53(6), 781(6), 274(5), 784(5), 253(5), 250.22(5), 590(5), V53(5), 802(5), 788(5), 564(5), 151(5), 540(4), 432(4), 512(4), 485(4), 250.81(4), 593(4), 785(4), 447(4), 726(4), 459(4), 288(4), 284(4), 157(4), 567(4), 345(4), 250.2(4), 924(4), 490(4), 189(4), 823(3), 608(3), 411(3), 959(3), 255(3), 807(3), 496(3), 723(3), 962(3), 552(3), 333(3), 79(3), 332(3), 286(3), 783(3), 401(3), 572(3), 519(3), 386(3), 438(3), 573(3), 527(3), 867(3), 263(3), 821(3), 238(3), 822(3), 782(3), 425(3), 536(3), 9(3), 681(2), 225(2), 847(2), 204(2), 250.03(2), 585(2), 292(2), 553(2), 250.41(2), 283(2), 555(2), 602(2), 193(2), 494(2), 945(2), 242(2), 533(2), 969(2), 601(2), 362(2), 729(2), 205(2), 250.92(2), 112(2), 275(2), 719(2), 851(2), 420(2), 922(2), 516(2), 796(2), 150(2), 250.3(2), 824(2), 861(2), 298(2), 995(2), 801(2), 844(2), 396(2), 163(2), 349(2), 289(1), 171(1), 54(1), 989(1), 792(1), 501(1), 442(1), 250.1(1), 237(1), 423(1), 727(1), 716(1), 586(1), 11(1), 510(1), 250.83(1), 70(1), 235(1), 239(1), 244(1), 451(1), 49(1), 191(1), V56(1), 694(1), 711(1), 714(1), 430(1), 999(1), 446(1), 375(1), 230(1), 866(1), 374(1), 717(1), 250.4(1), 566(1), 250.42(1), 201(1), 251(1), 309(1), 310(1), 378(1), 480(1), 521(1), 568(1), 250.13(1), 972(1), 199(1), 853(1), 461(1), 3(1), 233(1), 161(1), 914(1), 413(1), 813(1), 351(1), 266(1), 5(1), 598(1), 395(1), V71(1), 295(1), 452(1), 41(1), 215(1), 66(1), 358(1), V54(1), 738(1), 952(1), 933(1), 964(1), 212(1), 991(1), 958(1), 281(1), 725(1), 843(1), 693(1), 421(1), 456(1), 133(1), 416(1), 934(1), 300(1), 465(1)",4634
7,00072,diag_2,"427(456), 428(455), 276(317), 496(210), 599(173), 250(165), 414(131), 584(121), 486(107), 491(103), 403(94), 285(90), 585(89), 401(84), 411(84), 707(82), 425(75), 518(74), 413(62), 424(59), 780(51), 682(49), 250.02(47), 788(40), 511(37), 410(36), 426(32), 250.01(30), 294(28), 507(28), 785(28), 280(27), 493(26), 197(23), 440(22), 287(20), 38(20), 453(20), 786(19), 996(17), 574(16), 799(16), 348(15), 578(15), V45(15), 593(15), 396(14), 438(14), 202(13), 250.8(13), 492(13), 997(13), 789(12), 458(12), 790(12), 787(12), 784(12), 284(12), 402(12), 198(11), 577(11), 272(11), 560(11), 162(11), 730(10), E888(10), 196(10), 250.6(10), 569(10), 998(10), 342(10), 204(10), 781(9), 443(9), 263(9), 571(9), 331(9), 433(9), 591(9), 596(8), 153(8), 728(8), 576(8), 404(7), 415(7), 600(7), 434(7), 466(7), 41(7), 515(7), E885(7), 820(7), V54(6), 465(6), 8(6), 592(6), 535(6), E932(6), 715(6), 482(6), 530(6), 435(6), 332(6), 562(6), 357(6), 112(5), E878(5), 250.82(5), V43(5), 292(5), 286(5), 412(5), 250.41(5), 437(5), 416(5), 250.92(5), 782(5), 590(5), 189(4), V12(4), 157(4), 303(4), 733(4), 724(4), 238(4), 456(4), 995(4), 721(4), 808(4), 441(4), 253(4), 282(3), V42(3), 532(3), 250.4(3), 421(3), 312(3), 531(3), 564(3), 53(3), 729(3), 261(3), 805(3), 250.12(3), 455(3), 595(3), 567(3), 155(3), 783(3), 550(3), 250.7(3), 293(3), 290(3), 851(3), 244(3), 873(3), 397(3), 344(3), 921(2), 719(2), 203(2), 250.2(2), 999(2), 156(2), 737(2), 250.03(2), 494(2), 512(2), 867(2), V15(2), 601(2), 570(2), E879(2), 490(2), 920(2), 305(2), 444(2), 923(2), 281(2), 154(2), 337(2), 250.81(2), 362(2), 731(2), 722(2), 398(2), 311(2), 694(2), 307(2), 792(2), V10(2), 501(2), E935(2), E942(2), 185(2), 200(2), 736(2), 273(2), 250.11(2), 420(1), 711(1), E928(1), 457(1), V57(1), 351(1), 508(1), 959(1), 738(1), 726(1), 447(1), 712(1), 275(1), E880(1), 794(1), 514(1), 555(1), 602(1), 262(1), 250.13(1), E853(1), 852(1), 716(1), 680(1), 723(1), 429(1), 958(1), 255(1), 172(1), 693(1), 288(1), V72(1), 446(1), V63(1), 500(1), 211(1), 233(1), 459(1), E854(1), E947(1), 70(1), 201(1), 310(1), 598(1), 376(1), V46(1), 933(1), 608(1), 193(1), 138(1), 278(1), 356(1), 861(1), 386(1), 485(1), 380(1), 340(1), 283(1), 583(1), 250.52(1), 250.32(1), 309(1), E849(1), 611(1), 478(1), 251(1), V44(1), 295(1), V58(1), 686(1), 394(1), 845(1), 565(1), 266(1), 922(1), E924(1), 300(1), 298(1), 304(1), 586(1), 681(1), 553(1), 516(1), 274(1), 813(1), 934(1), 572(1), 603(1), 150(1), 252(1), 250.22(1), 801(1), 557(1), 717(1), 579(1), 423(1)",4634
8,00081,diag_1,"428(59), 486(49), 410(25), 434(20), 507(19), 427(17), 599(17), 276(16), 491(16), 584(16), 780(13), 560(12), 250.8(11), 435(11), 820(10), 38(10), 440(7), 562(7), 996(6), 482(6), 518(6), 682(6), 786(5), 578(5), 414(4), 250.7(4), 250.02(4), 924(4), 157(4), 852(3), 8(3), 432(3), V57(3), 781(3), 574(3), 805(3), 458(3), 860(3), 558(2), 290(2), 153(2), 564(2), 812(2), 808(2), 112(2), 433(2), 402(2), 250.82(2), 493(2), 331(2), 787(2), 238(2), 998(2), 415(2), 530(2), 577(2), 293(2), 590(2), 280(2), 348(2), 480(1), 715(1), 413(1), 552(1), 695(1), V55(1), 430(1), 436(1), 88(1), 512(1), 444(1), 492(1), 189(1), 821(1), 453(1), 851(1), 694(1), 585(1), 250.6(1), 478(1), 250.22(1), 292(1), 788(1), 411(1), 575(1), 481(1), 250.2(1), 813(1), 287(1), 944(1), 298(1), 185(1), 250(1), 783(1), 733(1), 535(1), 847(1), 202(1), 721(1), 485(1), 995(1), 728(1), 789(1), 537(1), 935(1), 867(1), 693(1), 853(1), 707(1), 294(1), 850(1), 784(1), 296(1), 426(1), 197(1), 438(1), 250.12(1), 47(1), 3(1), 404(1), 569(1), 607(1), 594(1), 154(1), 566(1), 441(1), 386(1), 576(1), 398(1), 550(1), 532(1), 711(1), 487(1), 466(1), 239(1), 285(1), 195(1)",537
8,00082,diag_2,"428(71), 276(60), 427(56), 599(31), 250(18), 486(14), 491(14), 584(13), 707(12), 585(12), 496(10), 518(8), 403(8), 682(7), 424(7), 426(7), 780(6), 280(6), 560(5), 425(5), 413(5), 401(5), 38(5), 410(5), 287(5), 250.02(4), 788(4), 507(4), 784(4), 414(4), 493(3), 250.6(3), E885(3), 342(3), E888(3), 250.01(3), 285(3), 8(3), 785(3), 799(3), 515(3), 331(3), 511(3), 530(2), 402(2), 730(2), 998(2), 453(2), 807(2), 995(2), 41(2), 242(2), 787(2), 411(2), 284(2), 789(2), 593(2), 478(2), 440(1), 600(1), 873(1), 435(1), 250.92(1), 202(1), 482(1), V45(1), 433(1), 250.81(1), 198(1), 434(1), E880(1), 958(1), V58(1), 577(1), 535(1), 263(1), 820(1), 205(1), 225(1), 996(1), 307(1), 805(1), E849(1), V49(1), 255(1), 492(1), 738(1), 250.82(1), 204(1), 197(1), 578(1), 288(1), 294(1), V43(1), 438(1), 442(1), 783(1), 782(1), 694(1), 348(1), 275(1), 465(1), 537(1), 722(1), 562(1), 336(1), 531(1), E878(1), 487(1), 344(1), 443(1)",537
9,00091,diag_1,"414(641), 786(262), 410(253), 428(217), 682(157), 427(115), 486(107), 996(101), 780(98), 250.8(90), 491(86), 715(86), 434(81), 38(73), 276(67), 250.6(65), 296(64), 577(62), 584(62), 250.7(61), 574(51), 998(51), 440(50), 518(48), 433(47), 722(46), 562(40), 560(40), V57(40), 592(38), 435(38), 997(37), 250.02(35), 571(32), 453(32), 295(31), 572(31), 250.82(31), 530(29), 789(25), 493(24), 578(24), 458(23), 250.12(23), 411(22), 724(22), 540(21), 8(20), V58(20), 575(20), 403(19), 185(19), 599(18), 278(18), 820(18), 511(18), 730(18), 162(17), 250.4(16), 401(16), 415(15), 558(15), 824(14), 535(13), 532(13), 291(13), 707(12), 531(12), 250.1(12), 569(12), 466(12), 681(11), 250.41(11), 303(11), 402(11), 733(10), 250.83(10), 70(10), 198(10), 300(10), 823(10), 250.13(10), 250(10), 447(9), 250.81(9), 197(9), 153(9), 280(9), 413(9), 576(9), 79(9), 721(9), 784(9), 790(9), 285(9), 298(9), 608(9), 507(9), 600(8), 459(8), 431(8), 812(8), 250.42(8), 189(8), 348(8), 805(7), 553(7), 345(7), 728(7), 723(7), 292(7), 536(7), 557(7), 424(7), 726(7), 386(6), 426(6), 425(6), 482(6), 250.11(6), 785(6), 423(6), 490(6), 852(5), 965(5), 496(5), 821(5), 515(5), 154(5), 444(5), 510(5), 188(5), 593(5), 487(5), 441(5), 590(5), 729(5), 555(5), 346(5), 564(4), 552(4), 202(4), 481(4), 537(4), 225(4), 596(4), 844(4), 404(4), 718(4), 567(4), 250.2(4), 420(4), 781(4), 850(4), 211(4), V55(4), 150(4), 782(4), 607(4), 711(4), 274(4), 566(4), 556(3), 289(3), 432(3), 294(3), 436(3), 82(3), 512(3), 801(3), 196(3), 534(3), 250.03(3), 338(3), 585(3), 191(3), 155(3), V53(3), 157(3), 443(3), V54(3), 288(3), 151(3), 361(3), 214(3), 604(3), 340(3), 429(3), 205(3), 309(2), 680(2), 223(2), 999(2), 719(2), 195(2), 738(2), 438(2), 293(2), 969(2), 962(2), 478(2), 972(2), 456(2), 579(2), 250.22(2), 193(2), 287(2), 802(2), 94(2), 516(2), 692(2), 788(2), 989(2), 437(2), 398(2), 204(2), 727(2), 305(2), 522(2), 787(2), 794(2), 958(2), 250.92(2), 358(2), 442(2), 995(2), 816(2), 860(2), 383(2), 228(2), 284(2), 378(2), 42(2), 825(2), 528(2), 327(2), 455(2), 861(2), 807(2), 310(1), 161(1), 337(1), 492(1), 594(1), 164(1), V56(1), 480(1), 533(1), 421(1), 35(1), 335(1), 306(1), 966(1), 745(1), 355(1), 847(1), 716(1), 588(1), 239(1), 967(1), 832(1), 527(1), 175(1), 878(1), 389(1), 922(1), 822(1), 244(1), 598(1), 936(1), 112(1), 464(1), 462(1), 380(1), 813(1), 203(1), 595(1), 331(1), 810(1), 586(1), 580(1), 311(1), 172(1), 369(1), 210(1), 349(1), 565(1), 235(1), 376(1), 3(1), 9(1), 250.3(1), 873(1), 483(1), 147(1), 141(1), 237(1), 519(1), 696(1), 384(1), 250.23(1), V45(1), 461(1), 959(1), 945(1), 521(1), 474(1), 253(1), 241(1), 324(1), 751(1), 199(1), 261(1), 705(1), 5(1), 250.43(1), 160(1), 451(1), 304(1), 817(1), 255(1), 693(1), 156(1), 891(1), 867(1), 238(1), 611(1), 342(1), 242(1), 445(1), 796(1), 307(1), 465(1), 344(1), 977(1), 842(1), 336(1), 250.32(1), 416(1), 227(1), 933(1), 275(1), 793(1), 506(1), 806(1), 570(1), 708(1), 212(1), 862(1), 851(1), 865(1), 136(1)",4958
9,00092,diag_2,"250(367), 414(234), 411(231), 428(215), 401(213), 276(200), 496(178), 427(157), 707(140), 403(123), 250.02(116), 682(114), 585(83), 780(77), 413(76), 518(72), 584(71), 425(71), 250.01(70), 250.6(58), 599(57), 491(56), 285(53), 305(52), 786(43), 486(41), 571(39), 272(37), 996(36), 410(34), 303(33), 785(31), 730(30), 424(30), 998(29), 70(28), 493(28), 577(26), V45(26), 38(25), 295(25), 278(25), 574(24), V42(23), 530(23), 997(22), 591(20), 287(19), 511(19), 41(18), 789(18), 250.92(18), 250.7(18), 560(17), 440(17), 280(16), V85(16), 535(15), 250.4(15), 250.41(15), 250.8(15), 492(14), 162(14), 402(14), 412(14), 340(13), 578(13), 453(13), 784(12), 731(12), 250.82(12), 444(12), 197(12), 250.03(11), 198(11), 196(11), 296(11), 304(11), 788(10), 456(10), 995(10), 438(10), 799(10), 415(10), 572(10), 202(9), 728(9), 722(9), 291(9), 569(8), 433(7), 250.42(7), 300(7), 575(7), 426(7), E885(7), 205(7), 512(7), 711(7), 733(6), 153(6), V58(6), 507(6), 157(6), 536(6), 459(6), 437(6), V15(6), 593(6), 244(6), 558(6), 729(5), 458(5), 781(5), V10(5), 790(5), 396(5), 719(5), 782(5), 357(5), 434(5), 250.5(5), E878(5), 342(5), 416(5), 293(5), 787(5), 112(5), 564(5), 596(4), 204(4), 250.12(4), 721(4), 211(4), 581(4), 150(4), 595(4), 203(4), V64(4), 807(4), 250.22(4), 263(4), 250.43(4), 348(4), 404(4), 250.52(4), 724(4), 250.81(4), 154(4), 335(4), 576(3), 746(3), 515(3), 441(3), 155(3), 999(3), 873(3), 466(3), 42(3), 891(3), 301(3), 532(3), 590(3), 200(3), 199(3), 443(3), V43(3), 250.51(3), 8(3), 568(3), 487(3), 189(3), 723(3), 344(3), 802(3), 710(3), 327(3), 446(3), 250.13(3), 573(3), 277(3), 242(3), 250.11(3), E942(3), 680(3), 607(2), 537(2), 473(2), 432(2), 681(2), 478(2), 362(2), 685(2), 455(2), 592(2), V49(2), 312(2), 368(2), V63(2), 696(2), 883(2), 429(2), 135(2), E879(2), 727(2), 378(2), 447(2), 343(2), 562(2), 706(2), 420(2), 284(2), E888(2), V14(2), 274(2), 172(2), 553(2), 201(2), 397(2), 191(2), 850(2), 805(2), E849(2), 79(2), V62(2), 860(2), 531(2), 365(2), 333(2), 714(2), 309(2), 442(2), 298(2), 289(2), E881(2), V12(1), 550(1), 924(1), 386(1), 992(1), 861(1), 579(1), 173(1), 709(1), 188(1), 528(1), 837(1), 290(1), E947(1), 753(1), 945(1), 482(1), 820(1), 423(1), 594(1), 974(1), 306(1), 756(1), 250.2(1), V09(1), 292(1), 5(1), 336(1), 567(1), 825(1), 345(1), V86(1), 94(1), E932(1), 583(1), 319(1), 262(1), 323(1), E935(1), E817(1), 40(1), 751(1), 308(1), 252(1), V44(1), 872(1), 485(1), 156(1), 808(1), 794(1), V46(1), 601(1), 255(1), V17(1), E884(1), 317(1), 320(1), 53(1), 294(1), 967(1), 279(1), 448(1), 726(1), 533(1), 250.1(1), 374(1), 793(1), 906(1), 117(1), 693(1), 604(1), 250.9(1), 253(1), 151(1), 905(1), 163(1), E905(1), 715(1), 297(1), 311(1), 508(1), 307(1), 868(1), 600(1), 250.93(1), 451(1), 521(1), 586(1), 840(1), 823(1), 9(1), E936(1), 225(1), 540(1), 349(1), 470(1), 141(1), 910(1), 892(1), 286(1), 88(1), 452(1), V11(1), E882(1), 140(1), E880(1), 338(1), 314(1), 383(1), 275(1), 355(1), 435(1), 717(1), E934(1), 909(1), 238(1), 282(1), 796(1), 758(1), 288(1), 812(1), 566(1)",4958
10,00101,diag_1,"250.13(6), 250.11(4), 250.83(3), 250.81(2), 789(2), 250.03(2), 540(1), 682(1), 466(1), 486(1)",23
10,00102,diag_2,"276(12), 250.01(3), 783(1), 780(1), 250.81(1), 791(1), 312(1), V18(1), 250.11(1), 250(1)",23
11,00111,diag_1,"786(135), 250.6(108), 250.13(71), 428(70), 648(66), 493(63), 250.11(56), 486(52), 996(47), 414(45), 682(45), 295(41), 250.02(39), 296(34), 577(33), 218(31), 250.12(30), 789(27), 38(27), 276(26), 250.1(25), 590(24), 654(24), 250.8(23), 410(21), 780(20), 599(20), 434(20), 278(19), 574(19), 535(19), 250.7(19), 642(18), 401(16), 997(16), 250(15), 584(15), 491(14), 998(14), 280(13), 427(13), 403(13), 8(12), 282(12), 530(12), 722(12), 626(12), 402(11), 435(11), 536(10), 250.22(10), 661(9), 560(9), 250.4(9), 558(9), 552(9), 578(8), 250.03(8), 250.82(8), 42(8), 824(7), 787(7), 715(7), 562(7), 250.2(7), 311(7), 250.81(7), 733(7), 564(7), 197(7), 730(6), 518(6), 575(6), 404(6), 644(6), 659(6), 346(6), 614(6), 540(6), 553(5), 466(5), 250.42(5), 250.41(5), 285(5), 453(5), 611(5), 710(5), 656(5), 309(5), 415(5), 566(4), 620(4), 300(4), 724(4), 440(4), 135(4), 660(4), 411(4), 423(4), 805(4), 681(4), 782(4), 340(4), 664(4), 729(4), 646(4), 420(3), 298(3), 345(3), 784(3), 707(3), 416(3), 616(3), 47(3), 250.92(3), 478(3), 250.31(3), 250.83(3), 567(3), 658(3), 431(3), 532(3), 652(3), 283(2), 550(2), 182(2), 250.32(2), 446(2), 617(2), 380(2), 641(2), 455(2), 398(2), 183(2), 458(2), 342(2), 711(2), 969(2), 198(2), 241(2), 376(2), 250.23(2), 719(2), 305(2), 487(2), 595(2), 634(2), 304(2), 514(2), 569(2), 727(2), 531(2), 962(2), V58(2), 674(2), 592(2), 287(2), 242(2), 695(2), 275(2), 571(2), 250.91(2), 557(2), 358(2), 324(2), 432(2), 515(2), 665(2), 580(1), 527(1), 847(1), 576(1), 442(1), 655(1), 815(1), 348(1), 437(1), 785(1), 647(1), 162(1), 822(1), 977(1), 999(1), 581(1), 823(1), 534(1), 490(1), 54(1), 277(1), 507(1), V57(1), 846(1), 202(1), 413(1), 349(1), 353(1), 362(1), 211(1), 991(1), 705(1), 528(1), 279(1), 444(1), 462(1), 461(1), 480(1), 968(1), 820(1), 579(1), 53(1), 691(1), 155(1), 686(1), 436(1), 945(1), 623(1), 593(1), 625(1), 7(1), 481(1), 225(1), 796(1), 513(1), 438(1), 459(1), 421(1), 424(1), 199(1), V45(1), 573(1), 519(1), 568(1), 250.43(1), 149(1), 653(1), 171(1), 153(1), 680(1), 510(1), 307(1), 883(1), 191(1), 917(1), 533(1), 812(1), 790(1), 9(1), 312(1), 725(1), 292(1), 255(1), 463(1), 482(1), 972(1), 706(1), 417(1), 220(1), 297(1), 284(1), 663(1), 203(1), 723(1), 958(1), 238(1), 873(1), 821(1), 537(1), 464(1), 250.93(1), 465(1), 174(1), 916(1), 915(1), 995(1), 718(1), 3(1), 351(1), 572(1), 253(1), 386(1), 246(1), 251(1), 394(1), 522(1), 286(1), 161(1), 669(1), 250.9(1), 252(1)",2130
11,00112,diag_2,"276(196), 250(146), 401(102), 403(95), 599(87), 648(86), 250.01(75), 250.02(74), 428(56), 780(38), 250.6(36), 305(35), 425(33), 707(32), 493(32), 682(31), 585(26), 250.03(24), 486(24), 536(23), 280(23), 584(21), 295(20), 411(19), 496(18), 135(18), 710(18), 112(17), 424(16), 518(14), 278(14), 413(14), 285(13), 70(12), 304(12), 414(11), 785(11), 790(11), 786(11), 42(10), 530(10), 577(10), 41(10), 250.41(9), 535(9), 38(9), 590(9), V45(9), 578(8), 789(8), 453(8), 250.92(8), 998(8), 272(8), 301(8), 642(8), 996(7), 197(7), 296(7), 788(6), 250.7(6), 440(6), 303(6), 427(6), 300(6), 402(6), 568(6), 250.13(6), V58(6), 218(5), 581(5), 511(5), 203(5), 560(5), 730(5), 250.11(5), 626(5), V15(5), 997(5), 250.12(5), 292(5), 287(4), 620(4), 340(4), 244(4), 729(4), 416(4), 198(4), 311(4), 250.42(4), 242(4), 410(4), 558(4), 434(4), V85(4), 724(4), 250.4(3), 8(3), 995(3), 617(3), 491(3), 309(3), 250.43(3), 345(3), 250.81(3), 784(3), 646(3), 681(3), V63(3), 284(3), 250.51(3), 569(3), 426(3), 799(3), 564(3), 250.82(3), V42(3), 705(3), V62(3), 263(2), 723(2), 346(2), 787(2), 205(2), 490(2), 250.52(2), 515(2), V65(2), 396(2), 250.91(2), 250.5(2), 611(2), 553(2), 728(2), 404(2), 573(2), 465(2), V23(2), 250.22(2), 614(2), 342(2), 473(2), 574(2), 517(2), 782(2), 136(2), 758(2), 459(2), 794(2), 664(2), 571(2), 337(2), 415(2), 647(2), 362(2), 461(2), 358(2), 616(2), 281(2), 444(2), 154(1), 250.93(1), 34(1), 290(1), 227(1), 294(1), 286(1), 131(1), 567(1), 711(1), 323(1), 94(1), 282(1), 795(1), 306(1), 977(1), 746(1), 397(1), 492(1), 816(1), 319(1), V16(1), 644(1), 999(1), 372(1), 436(1), 354(1), 437(1), 917(1), 717(1), 233(1), 543(1), 715(1), 781(1), 965(1), 455(1), 250.33(1), 322(1), 376(1), 575(1), 348(1), 481(1), 314(1), 482(1), 196(1), 327(1), 595(1), 155(1), 324(1), 283(1), 40(1), 510(1), 153(1), 507(1), 680(1), E950(1), 318(1), 317(1), 438(1), 808(1), 250.8(1), V43(1), 537(1), 641(1), 405(1), 241(1), 591(1), 299(1), V10(1), 625(1), 398(1), 368(1), 576(1), 645(1), 555(1), 360(1), 288(1), 293(1), 922(1), 460(1), 250.53(1), 253(1), 250.9(1), 331(1), E887(1)",2130
12,00121,diag_1,"428(170), 786(116), 414(115), 434(70), 486(54), 996(47), 410(42), 780(41), 715(38), 276(35), 250.8(34), 427(34), 491(30), 250.6(30), 493(29), 584(29), 403(28), 560(28), 599(27), 38(24), V57(24), 518(24), 402(23), 562(23), 435(22), 998(22), 789(21), 440(21), 682(19), 250.7(19), 578(19), 250.4(19), 404(18), 574(15), 577(15), 401(14), 530(13), 535(12), 250.02(12), 197(11), 453(11), 174(10), 415(10), 824(9), 722(9), 787(9), 162(9), 433(9), 295(9), 280(9), 820(9), 285(8), 997(8), 250.82(8), 558(8), 458(7), 296(7), 431(7), 575(7), 821(6), 714(6), 182(6), 211(6), 198(5), 437(5), 536(5), 288(5), 426(5), 250.11(5), 995(5), 724(5), 730(5), 250.12(5), 729(5), 564(5), 438(4), 733(4), 569(4), 593(4), 553(4), 592(4), 294(4), 292(4), 250(4), 482(4), 250.2(4), 785(4), 572(4), 531(4), 241(4), 721(4), 540(4), 823(4), 515(4), 782(4), 466(3), 552(3), 348(3), 568(3), 153(3), 345(3), V58(3), 707(3), 331(3), 250.81(3), 250.13(3), 487(3), 781(3), 274(3), 386(3), 455(3), 585(3), 413(3), 416(3), 290(3), 411(3), 250.22(3), 625(3), 511(3), 537(3), 8(3), 532(3), 557(3), 784(3), V55(2), 398(2), 220(2), 430(2), 461(2), 432(2), 188(2), 250.03(2), 293(2), 250.42(2), 799(2), 852(2), 590(2), 235(2), 250.3(2), 514(2), 152(2), 718(2), 278(2), 555(2), 333(2), 813(2), 588(2), 112(2), 576(2), 490(2), 275(2), 368(2), 196(2), 566(2), 618(2), 284(2), 250.92(2), 202(2), 507(2), 239(2), 738(2), 616(2), 423(2), 307(2), 822(2), 287(1), 711(1), 987(1), 756(1), 225(1), 189(1), 512(1), 746(1), 300(1), 250.83(1), 596(1), 332(1), 443(1), 281(1), 716(1), 621(1), 727(1), 573(1), 215(1), 191(1), 686(1), 421(1), 183(1), 975(1), 541(1), 349(1), 967(1), 611(1), 734(1), 154(1), 710(1), 783(1), 242(1), 444(1), 802(1), 263(1), 759(1), 807(1), 436(1), 481(1), 320(1), 681(1), 571(1), 723(1), 989(1), 457(1), 465(1), 223(1), 255(1), 325(1), 341(1), 471(1), 250.9(1), 131(1), 620(1), 962(1), 359(1), 790(1), 286(1), 157(1), 425(1), 135(1), 496(1), 283(1), 728(1), 250.1(1), 494(1), 155(1), 595(1), 233(1), 324(1), 550(1), 485(1), 825(1), 180(1), 203(1), 298(1), 344(1), 627(1), 424(1), 974(1), 851(1), 805(1), 736(1), 935(1), 516(1), 442(1), 150(1), 451(1), 338(1), 840(1), 850(1)",1975
12,00122,diag_2,"403(139), 428(132), 250(122), 276(117), 401(93), 585(70), 599(63), 427(55), 411(47), 496(47), 414(47), 250.01(44), 250.02(43), 425(37), 780(32), 707(31), 404(25), 584(25), 493(24), 786(24), 413(23), 518(22), 285(20), 295(20), 424(18), 402(16), 280(15), 998(14), 440(14), 491(14), 250.6(14), 682(13), 38(12), 197(11), 997(11), 453(10), 162(10), 486(10), 530(9), 410(9), 511(9), 560(9), 135(9), 784(8), 263(8), V45(8), 781(7), 278(7), 70(7), 250.42(7), 342(7), 996(7), 438(7), 789(7), 569(6), 790(6), 434(6), 578(6), 591(6), 785(6), 198(6), 710(6), V42(6), 305(6), 535(5), 112(5), 437(5), 536(5), 41(5), 250.41(5), 300(5), 196(5), 250.4(5), V85(5), 553(4), 444(4), 8(4), 466(4), 416(4), 562(4), 287(4), 272(4), 567(4), 515(3), 296(3), 250.8(3), 995(3), 576(3), 250.51(3), 581(3), V10(3), 345(3), 799(3), E849(3), 292(3), 250.92(3), 458(3), 250.5(3), 788(3), 719(3), 340(3), 348(3), 293(3), 250.82(3), 593(2), 794(2), 595(2), 722(2), 507(2), 745(2), 357(2), 290(2), 250.7(2), 202(2), 558(2), 728(2), 286(2), 242(2), 153(2), 564(2), 733(2), 787(2), 730(2), 426(2), 574(2), 571(2), 250.52(2), 397(2), 577(2), 154(2), 398(2), 355(2), 250.03(2), 250.22(1), 283(1), 250.83(1), 250.43(1), 617(1), 188(1), 304(1), 201(1), V15(1), 590(1), 336(1), 225(1), 579(1), 557(1), 311(1), 721(1), 575(1), E947(1), 288(1), 136(1), 724(1), E937(1), 592(1), 433(1), E939(1), 250.1(1), 117(1), E942(1), 712(1), 233(1), 457(1), 464(1), 284(1), 303(1), 436(1), 473(1), 238(1), 552(1), 34(1), E885(1), 378(1), 415(1), 75(1), E878(1), 513(1), 681(1), 727(1), 524(1), 274(1), 723(1), 282(1), V65(1), 441(1), V43(1), 490(1), 152(1), 920(1), 573(1), 802(1), 459(1), 204(1), V63(1), 447(1), 715(1), 614(1), 323(1), V54(1), 825(1), 596(1), 748(1), 203(1), 443(1), 685(1), 482(1), 396(1), 250.81(1), 150(1), 568(1), 481(1), 331(1), 816(1), 298(1), 324(1), 94(1), 821(1), V44(1), 157(1), 244(1), 344(1), 756(1), 211(1), 792(1), 731(1), 151(1), 945(1), 487(1), 910(1), 183(1), 412(1)",1975
13,00131,diag_1,"428(157), 414(94), 786(84), 434(78), 410(59), 599(52), 996(51), 427(49), 486(48), 780(44), 276(42), 38(38), 250.8(37), 435(33), 584(32), 493(31), 491(29), 715(29), 402(27), 250.7(27), 562(26), 440(26), 560(25), V57(24), 574(22), 820(21), 453(21), 403(18), 404(17), 518(16), 530(16), 401(15), 552(14), 507(14), 577(13), 682(13), 415(13), 535(12), 285(12), 789(12), 250.6(11), 578(11), 997(11), 153(10), 433(10), 162(10), 458(10), 398(10), 724(10), 998(10), 590(10), 8(10), 331(10), 707(10), 824(9), 431(9), 531(9), 250.82(8), 426(7), 436(7), 592(7), 250.12(7), 466(7), 250.02(7), 438(7), 250.4(7), 564(7), 721(6), 722(6), 787(6), 250.22(6), 995(6), 558(5), 962(5), 821(5), 189(5), 430(5), 197(5), 443(5), 227(4), 487(4), 812(4), 432(4), 444(4), 198(4), 290(4), 280(4), 536(4), 557(4), 496(4), 784(4), 250(4), 250.92(3), 437(3), 250.81(3), V55(3), 135(3), 239(3), 182(3), 79(3), 455(3), 593(3), 275(3), 296(3), 823(3), 294(3), 424(3), 157(3), 569(3), 298(3), 808(3), 575(3), 556(2), 416(2), 710(2), 9(2), 386(2), 515(2), 964(2), 681(2), 250.2(2), 482(2), 174(2), 813(2), 112(2), 252(2), 585(2), 459(2), 250.13(2), 514(2), 733(2), 413(2), 250.42(2), 420(2), 618(2), 693(2), 481(2), 716(2), 790(2), 154(2), 332(2), 53(2), 287(2), 532(2), 723(2), 411(2), 553(2), 533(1), 935(1), 191(1), 238(1), 151(1), 822(1), 293(1), 297(1), 726(1), 586(1), 288(1), 357(1), 250.41(1), 441(1), 730(1), 356(1), 851(1), 425(1), 782(1), 781(1), 378(1), 188(1), 465(1), 250.43(1), 281(1), 333(1), 380(1), 348(1), 860(1), 292(1), 250.23(1), 461(1), 286(1), 945(1), 241(1), 250.51(1), 250.52(1), 355(1), 725(1), 155(1), 922(1), 729(1), 966(1), 711(1), 250.21(1), 550(1), 324(1), 736(1), 920(1), 831(1), 581(1), V54(1), 349(1), 263(1), 312(1), 573(1), 203(1), 274(1), 805(1), 429(1), 225(1), 714(1), 250.1(1), 180(1), 854(1), 490(1), 620(1), 852(1), 388(1), 519(1), 727(1), 746(1), 794(1), 383(1), 621(1), 311(1), 346(1), 810(1), 202(1), 977(1), 506(1), 368(1), 423(1), 250.03(1), 192(1), 571(1), 890(1), 576(1), 596(1)",1968
13,00132,diag_2,"428(169), 276(118), 250(105), 403(105), 401(90), 599(80), 427(76), 585(60), 496(56), 780(50), 707(44), 414(43), 250.01(42), 411(36), 425(34), 250.02(30), 285(28), 584(27), 424(26), 280(24), 518(22), 486(22), 682(21), 491(18), 493(16), 402(15), 413(15), 786(15), 998(14), 560(14), 453(12), 996(11), 440(11), 263(10), V45(10), 342(10), 250.6(9), 404(9), 426(9), 38(9), 710(8), 287(8), 250.4(8), 196(8), 295(8), 578(7), 530(7), 434(7), 250.03(7), 294(7), 785(7), 162(7), 784(6), 789(6), 41(6), 250.41(5), 435(5), 590(5), 112(5), 272(5), 198(5), 997(5), 197(5), 574(5), 535(5), 410(5), 153(4), 492(4), 250.8(4), 242(4), 507(4), 511(4), 438(4), 250.81(4), 288(4), 577(4), 515(4), 799(4), 728(4), 70(4), 157(3), 305(3), 787(3), 794(3), 250.22(3), 552(3), 593(3), 331(3), 564(3), 202(3), 345(3), 396(3), 466(3), 135(3), V63(3), 203(3), 788(3), 790(3), 250.42(3), 591(2), 553(2), 451(2), 278(2), E932(2), 724(2), 783(2), 596(2), 344(2), 722(2), 433(2), E878(2), 412(2), 536(2), 250.92(2), 731(2), 250.82(2), 729(2), 458(2), 595(2), 293(2), 721(2), 444(2), 292(2), E947(2), 250.7(2), 286(2), 437(2), V43(2), 53(2), 250.51(2), 808(2), 416(2), 446(2), 204(2), 730(2), 443(2), 562(2), 719(2), 958(2), 781(2), 290(2), 275(2), 415(2), V58(2), E936(1), 576(1), 394(1), 782(1), 151(1), 378(1), 571(1), 332(1), 200(1), V49(1), 572(1), 282(1), 274(1), 250.52(1), 244(1), 537(1), 311(1), 297(1), 531(1), E941(1), 558(1), 620(1), 362(1), 813(1), 250.12(1), 581(1), E928(1), 847(1), 137(1), 296(1), 79(1), 820(1), 714(1), 611(1), 573(1), 625(1), 459(1), 455(1), 110(1), 349(1), 397(1), 516(1), E888(1), 284(1), 805(1), V70(1), 508(1), 373(1), V15(1), V08(1), 862(1), 94(1), 681(1), 205(1), 723(1), 575(1), 96(1), 733(1), 567(1), 261(1), 836(1), E885(1), V10(1), 715(1), 211(1), V44(1), 718(1), 527(1), 569(1), 995(1), 882(1), V42(1), 753(1), E849(1), 579(1), V55(1), 557(1), 225(1), 442(1), 250.2(1), 365(1), 250.13(1), 568(1), 614(1), V85(1), E930(1), 300(1), 711(1)",1968
14,00141,diag_1,"786(59), 428(34), 414(31), 486(29), 493(26), 648(21), 682(17), 577(16), 996(14), 276(14), 410(14), 434(11), 599(11), 780(10), 296(10), 250.02(10), 38(10), 654(10), 574(9), 250.13(8), 789(8), 584(8), 659(7), 250.8(7), 590(7), 592(7), 642(7), 998(6), 250.7(6), 722(6), 427(6), 535(6), 435(6), 278(6), 491(6), 715(6), 250.12(6), 250.6(6), 530(6), 401(6), 572(6), V58(5), 644(5), 658(5), 280(5), 162(5), 295(4), 189(4), 618(4), 558(4), 562(4), 578(4), 730(4), 626(4), 724(4), 820(4), 250.82(4), 218(3), 560(3), 552(3), 625(3), 433(3), 285(3), 540(3), 787(3), 250.11(3), 250.4(3), 518(3), 733(3), 707(3), 721(3), 652(3), 515(3), 8(3), V57(3), 660(3), 661(3), 453(2), 571(2), 404(2), 402(2), 617(2), 284(2), 663(2), 379(2), 250.81(2), 288(2), 445(2), 376(2), 620(2), 556(2), 585(2), 250.1(2), 440(2), 681(2), 250(2), 193(2), 997(2), 458(2), 784(2), 664(2), 403(2), 575(2), 198(2), 557(2), 348(2), 969(2), 250.03(1), 465(1), 443(1), 154(1), 850(1), 729(1), 286(1), 365(1), 566(1), 250.41(1), 726(1), 416(1), 436(1), 191(1), 637(1), 594(1), 935(1), 311(1), 239(1), 653(1), 532(1), 616(1), 714(1), 425(1), 53(1), 569(1), 790(1), 683(1), 568(1), 485(1), 346(1), 350(1), 852(1), 438(1), 250.43(1), 614(1), 423(1), 199(1), 785(1), 508(1), 182(1), 11(1), 233(1), 883(1), 807(1), 300(1), 84(1), 967(1), 611(1), 482(1), 238(1), 864(1), 674(1), 112(1), 822(1), 382(1), 415(1), 250.83(1), 656(1), 292(1), 821(1), 466(1), 250.01(1), 657(1), 411(1), 156(1), 983(1), 531(1), 349(1), 813(1), 174(1), 516(1), 695(1), 965(1), 455(1), 551(1), 962(1), 47(1), 456(1), 567(1), 576(1), 553(1), 995(1)",771
14,00142,diag_2,"250(76), 276(56), 648(45), 401(28), 250.02(27), 599(24), 428(22), 403(21), 493(20), 250.01(17), 585(14), 414(13), 427(13), 707(12), 780(12), 411(11), 682(10), 571(10), 280(9), 518(8), 584(8), 285(7), 250.6(7), 786(7), 413(7), V85(7), 577(6), 496(6), 425(6), 205(5), 511(5), 790(5), 38(5), 272(5), 574(5), 590(5), 785(4), 486(4), 998(4), 626(4), 196(4), 592(4), 465(4), 112(4), 41(3), 789(3), V42(3), 304(3), 558(3), 515(3), 491(3), 250.8(3), 591(3), 722(3), 250.12(3), 300(3), 42(3), 453(3), 530(3), 557(2), 618(2), 997(2), 560(2), 250.91(2), 250.03(2), 250.41(2), 572(2), 305(2), 787(2), V45(2), 995(2), 198(2), 823(2), 438(2), 753(2), 440(2), 710(2), 291(2), 282(2), 402(2), V58(2), 278(2), 569(2), 724(2), 729(2), 284(2), 996(2), 424(2), 446(2), 482(1), 726(1), V64(1), 252(1), 250.51(1), 788(1), 625(1), 536(1), 451(1), 524(1), 850(1), 714(1), 459(1), 575(1), 153(1), 595(1), 287(1), V08(1), 458(1), 616(1), 218(1), 34(1), 250.81(1), 373(1), 203(1), V10(1), 647(1), 642(1), 664(1), 727(1), 54(1), 292(1), 578(1), 415(1), 333(1), 723(1), 200(1), 397(1), E849(1), 617(1), 663(1), 250.4(1), 816(1), 344(1), 8(1), 286(1), 303(1), 652(1), 656(1), V23(1), 410(1), 250.53(1), 799(1), E819(1), 568(1), 860(1), 369(1), 975(1), 680(1), 719(1), 309(1), 794(1), 157(1), 233(1), 562(1), E939(1), 716(1), 348(1), 750(1), 434(1), 570(1), 197(1), 296(1), 567(1), E878(1), 275(1), 250.21(1), 581(1), 665(1), 244(1), V43(1), 79(1), 644(1), 162(1), 123(1), 250.1(1), 331(1), 466(1), 337(1), 784(1)",771
15,00151,diag_1,"428(9), 410(9), 414(8), 486(5), 562(5), 786(5), 491(5), 38(4), 427(4), 276(3), V57(3), 250.02(3), 578(3), 574(3), 434(3), 577(2), 722(2), 435(2), 808(2), 296(2), 715(2), 250.7(2), 780(2), 560(2), 996(2), 482(1), 466(1), 726(1), 553(1), 280(1), 493(1), 401(1), 709(1), 785(1), 727(1), 411(1), 569(1), 415(1), 250.8(1), 997(1), 784(1), 431(1), 458(1), 441(1), 584(1), 962(1), 599(1), 9(1), 535(1), 721(1), 157(1), V53(1), 552(1), 787(1), 515(1), 572(1), 250.4(1), 203(1), 404(1), 162(1), 287(1), 682(1), 725(1), 716(1), 812(1), 820(1), 824(1), 348(1), 821(1), 298(1)",137
15,00152,diag_2,"428(9), 401(9), 427(8), 585(7), 599(7), 250(6), 414(6), 403(6), 276(5), 518(4), 438(3), 785(3), 584(3), 284(3), 410(3), 411(3), 250.02(2), 280(2), 424(2), 780(2), 486(2), 577(2), 733(2), 682(2), V57(1), 425(1), 491(1), 453(1), 203(1), 263(1), 378(1), 250.12(1), 211(1), 241(1), 724(1), 404(1), 305(1), 715(1), V42(1), 250.8(1), 569(1), 493(1), 112(1), 440(1), 996(1), 781(1), 998(1), 578(1), 786(1), 558(1), 511(1), 571(1), 413(1), 348(1), 619(1), 443(1), 716(1), E885(1), V85(1), 296(1)",137
16,00161,diag_1,"401(4), 428(4), 276(4), 996(3), 410(3), 427(3), 780(3), 8(3), 435(2), 433(2), 557(2), 402(2), 786(2), 414(1), 486(1), 250.8(1), 436(1), 576(1), 198(1), 820(1), 197(1), 578(1), 490(1), 531(1), 719(1), 193(1), 530(1), 535(1), 736(1), 715(1), 560(1), 998(1), 935(1), 218(1), 812(1), 434(1), 220(1), 724(1), 253(1), 274(1), 250.12(1), 595(1), 999(1), 599(1), 518(1), 618(1), 415(1)",71
16,00162,diag_2,"250(8), 427(4), 584(4), 401(3), 348(3), 599(3), 276(3), 585(2), 578(2), 425(2), 432(1), 280(1), 153(1), 784(1), 413(1), 38(1), 275(1), E932(1), 292(1), 70(1), 285(1), 368(1), 710(1), 536(1), 403(1), 430(1), 287(1), E878(1), 814(1), 41(1), 342(1), 250.6(1), 595(1), 786(1), 443(1), 715(1), 435(1), 780(1), V09(1), 572(1), 790(1), 9(1), 414(1), 482(1), 625(1), 428(1), V42(1)",71
17,00171,diag_1,"786(16), 428(12), 414(10), 486(8), 434(7), 410(6), 250.8(5), 780(5), 276(5), 427(4), 440(4), 574(4), 38(4), 599(4), 820(3), V57(3), 553(3), 250.12(3), 491(3), 518(3), 733(2), 507(2), 715(2), 151(2), 466(2), 812(2), 562(2), 532(2), 578(2), 996(2), 590(2), 558(1), 682(1), 250.1(1), 577(1), 296(1), 157(1), 386(1), 8(1), 998(1), 250.11(1), 174(1), 250.7(1), 968(1), 34(1), 429(1), 564(1), 250.93(1), 585(1), 785(1), 789(1), 729(1), 453(1), 198(1), 575(1), 411(1), 493(1), 530(1), 593(1), 995(1), 333(1), 423(1), 202(1), 401(1), 250.02(1), 443(1), 959(1), 250.42(1), 230(1), 417(1), 403(1), 244(1), 280(1), 155(1)",177
17,00172,diag_2,"276(15), 250(12), 428(12), 401(8), 427(7), 780(7), 250.01(7), 403(7), 414(6), 518(5), 599(5), 411(4), 493(4), 585(4), 584(4), 511(3), 682(3), 250.02(2), 786(2), 285(2), 707(2), 790(2), 998(2), 496(2), 197(2), 486(2), 491(2), 263(2), 280(2), 305(2), 342(1), 255(1), 200(1), 244(1), 410(1), 581(1), 112(1), 196(1), 152(1), 733(1), 535(1), 202(1), 413(1), 724(1), 284(1), 436(1), 558(1), 466(1), 292(1), 415(1), 453(1), 290(1), 492(1), 530(1), 784(1), 250.8(1), 574(1), 425(1), 920(1), 571(1), V12(1), 577(1), 578(1), 593(1), 38(1), 440(1), 564(1), 789(1)",177
18,00181,diag_1,"428(258), 786(204), 414(117), 486(99), 434(92), 996(91), 599(87), 276(79), 780(76), 427(67), 584(66), 410(62), 493(62), 250.8(56), 38(51), 562(45), 715(42), 250.6(40), 402(40), 250.7(39), 440(38), 560(37), 682(36), 577(33), 518(33), 435(32), 789(28), 491(28), 250.02(27), 578(27), 403(25), 574(24), 535(22), 820(20), 296(20), V57(19), 453(19), 998(19), 530(18), 404(18), 285(17), 997(17), 724(17), 295(16), 507(16), 458(16), 250.12(15), 536(15), 431(15), 707(15), 401(15), 280(13), 558(13), 250.4(13), 722(13), 250.82(12), 590(12), 415(12), 250.13(12), 437(11), 278(11), 8(10), 433(10), 592(10), 482(10), 153(10), 531(10), 436(10), 162(9), 569(9), 218(8), 198(8), 282(8), 250.1(8), 784(8), 824(8), 250.2(8), 197(8), 532(8), 618(7), 348(7), 426(7), 552(7), 241(7), 787(7), 438(7), 250.42(7), 564(7), 250.22(7), 345(6), 424(6), 112(6), 211(6), 593(6), 781(5), 790(5), 300(5), 733(5), 557(5), 444(5), 135(5), 386(5), 340(5), 398(5), 995(5), 575(4), 420(4), 813(4), 553(4), 710(4), 466(4), 294(4), 79(4), 782(4), V58(4), 511(4), 455(4), 203(4), 252(4), 595(4), 487(4), 174(4), 799(4), 821(4), 969(4), 286(4), 812(4), 555(4), 151(4), 250.92(4), 238(4), 785(4), 70(3), 805(3), 723(3), 331(3), 481(3), 727(3), 157(3), 721(3), 571(3), 496(3), 550(3), 459(3), 850(3), 490(3), 298(3), 292(3), 626(3), 235(3), 411(3), 822(3), 972(3), 962(3), 572(3), 441(3), 182(3), 346(3), 250(3), 413(3), 342(3), 250.83(3), 443(3), 625(3), 250.11(3), 447(3), 250.03(3), 423(3), 196(2), 416(2), 332(2), 714(2), 250.01(2), 591(2), 451(2), 284(2), 293(2), V55(2), 808(2), 288(2), 730(2), 473(2), 581(2), 823(2), 573(2), 729(2), 681(2), 225(2), 738(2), 718(2), 446(2), 430(2), 719(2), 183(2), 519(2), 515(2), 475(2), 189(2), 576(2), 47(2), 351(2), 933(1), 541(1), 115(1), 421(1), 303(1), 986(1), 522(1), 585(1), 852(1), 53(1), 263(1), 992(1), 716(1), 220(1), 867(1), 924(1), 485(1), 204(1), 991(1), 250.3(1), 34(1), 205(1), 565(1), 250.23(1), 425(1), 432(1), 965(1), 290(1), 478(1), 794(1), 333(1), 239(1), 843(1), 200(1), 275(1), V53(1), 250.41(1), 353(1), 788(1), 966(1), 711(1), 968(1), 250.33(1), 304(1), 462(1), 802(1), 394(1), 720(1), 533(1), 347(1), 840(1), 250.81(1), 36(1), 335(1), 989(1), 807(1), 395(1), 180(1), 958(1), 514(1), 952(1), V56(1), 42(1), 349(1), 442(1), 274(1), 155(1), 378(1), 480(1), 825(1), 245(1), 457(1), 726(1), 922(1), 596(1), 9(1), 228(1), 226(1), 970(1), 287(1), 188(1), 957(1), 851(1), 783(1), 380(1), 882(1), 588(1), 171(1), 891(1), 568(1), 793(1), 959(1), 853(1), 354(1), 202(1), 492(1), 806(1), 999(1)",3187
18,00182,diag_2,"428(267), 276(232), 401(185), 250(170), 403(157), 599(141), 250.02(89), 427(80), 780(75), 585(74), 584(55), 707(54), 425(53), 411(51), 496(48), 250.01(45), 518(42), 486(41), 285(40), 250.6(35), 414(35), 682(33), 493(33), 424(33), 402(31), 280(29), 295(28), 786(27), 785(22), 491(22), 440(22), 38(20), 305(20), 998(19), 263(18), 996(16), 413(16), 453(16), 404(16), 560(15), 272(15), 70(14), 710(14), V45(13), 250.42(13), 197(12), 511(12), 135(12), 997(12), 789(12), 535(12), 536(11), 591(11), 41(11), 578(11), 198(11), 342(10), 410(10), 577(10), V42(9), 250.82(9), 438(9), 574(9), 434(8), 250.4(8), 250.41(8), 287(7), 787(7), 112(7), 294(7), 303(7), 571(7), 788(7), 8(7), 507(7), 567(6), 348(6), 250.03(6), 331(6), 569(6), 42(6), 458(6), 162(6), 416(6), 426(6), 730(6), 790(6), V85(6), 203(6), 784(5), 296(5), 420(5), 250.92(5), 278(5), 300(5), 729(5), 733(5), 282(5), 552(5), 581(5), 250.8(4), 292(4), 593(4), 558(4), 250.12(4), 722(4), 466(4), 444(4), 242(4), V10(4), 515(4), 284(4), 575(4), 415(4), E888(4), V15(3), 441(3), 244(3), 721(3), 431(3), 715(3), 590(3), 286(3), 724(3), 782(3), 492(3), 429(3), 289(3), 397(3), 437(3), V58(3), 288(3), 799(3), 412(3), 728(3), 459(3), 553(3), 537(2), 301(2), 482(2), 151(2), 465(2), 250.7(2), 396(2), 433(2), 340(2), 211(2), 592(2), 530(2), 562(2), 261(2), 386(2), V12(2), 611(2), 349(2), 290(2), 202(2), V43(2), 568(2), 446(2), 435(2), 746(2), 564(2), 824(2), E917(2), 718(2), 596(2), 253(2), 250.13(2), 481(2), 153(2), 250.52(2), 792(1), 218(1), 394(1), 436(1), 250.22(1), 250.51(1), 250.53(1), 616(1), 356(1), 358(1), 311(1), V44(1), 365(1), 794(1), 423(1), 398(1), V02(1), 250.23(1), 522(1), E939(1), 924(1), 238(1), 250.43(1), 625(1), 698(1), 250.83(1), E812(1), 680(1), 696(1), 250.5(1), 241(1), 723(1), 259(1), V08(1), 250.81(1), 734(1), 11(1), 714(1), 490(1), 473(1), 573(1), E942(1), 79(1), V72(1), 53(1), 193(1), 227(1), 920(1), 719(1), 196(1), 781(1), 240(1), 989(1), 619(1), 40(1), 999(1), 995(1), 800(1), 693(1), E919(1), V63(1), 572(1), 275(1), 519(1), 250.11(1), 204(1), 447(1), 432(1), 576(1), V62(1), 711(1), 251(1), 110(1), 540(1), E884(1), V49(1), 802(1), 214(1), 681(1), E938(1), 389(1), 861(1), 345(1), 366(1), 274(1), 260(1), 626(1), 157(1), 618(1), E878(1), 892(1), 273(1), 277(1), 820(1), 812(1), 344(1), 283(1), 566(1)",3187
19,00191,diag_1,"428(8), 410(5), 820(4), 599(3), 780(3), 276(3), 518(3), 786(3), 824(2), 584(2), 486(2), 434(2), 996(2), 414(2), 574(2), 507(1), 557(1), 723(1), 578(1), 250.02(1), 3(1), 482(1), 378(1), 998(1), 540(1), 290(1), 821(1), 558(1), 274(1), 435(1), 191(1), 493(1), 444(1), 403(1), 250.82(1), 348(1), 155(1), 438(1), 562(1), 730(1), 253(1), 595(1), 531(1), 427(1), 724(1), 552(1), 453(1), 485(1), 426(1), 807(1), 351(1), 491(1), 430(1)",84
19,00192,diag_2,"428(6), 276(6), 599(6), 403(5), 250(4), 486(4), 496(3), 427(3), 560(2), 401(2), 285(2), 786(2), 250.01(2), 278(2), 518(2), 202(2), 585(2), 250.41(1), V42(1), 573(1), 790(1), 515(1), 112(1), 532(1), 250.52(1), 437(1), 787(1), 250.02(1), 280(1), 562(1), 465(1), 707(1), 780(1), 593(1), 411(1), 998(1), 197(1), 211(1), 584(1), 825(1), 434(1), 807(1), 490(1), 493(1), 290(1), 721(1)",84
20,00201,diag_1,"486(2), 38(1), 802(1), 821(1), 540(1), 560(1), 787(1), 491(1), 584(1), 428(1)",11
20,00202,diag_2,"427(4), 276(2), 780(1), 401(1), 428(1), 438(1), 486(1)",11
21,00211,diag_1,"599(5), 276(5), 434(3), 780(2), 820(2), 414(2), 486(2), 428(2), 280(2), 507(1), 962(1), 558(1), 618(1), 294(1), 577(1), 431(1), 789(1), 427(1), 812(1), 564(1), 562(1), 433(1), 584(1), 557(1), 38(1), 807(1), 162(1), 401(1), 410(1), 574(1), 592(1), 250.13(1), 535(1), 682(1), 466(1), 493(1), 518(1), 784(1)",54
21,00212,diag_2,"599(9), 428(5), 276(4), 401(3), 250(2), 250.02(2), 496(2), 780(2), 507(2), 272(1), 204(1), 157(1), 242(1), 574(1), 287(1), 569(1), 403(1), 197(1), 410(1), 562(1), 518(1), 411(1), 438(1), 996(1), 491(1), 591(1), 577(1), 585(1), 579(1), 707(1), 790(1), 424(1)",54
22,00221,diag_1,"786(12), 414(9), 996(6), 428(5), 486(4), 715(4), 599(4), 998(3), 590(3), 435(3), 410(2), 250.82(2), 780(2), 250.8(2), 789(2), 38(2), 557(2), 276(2), 427(2), 458(2), 296(2), 434(2), 618(1), 850(1), 250.13(1), 250.32(1), 805(1), 453(1), 250.12(1), 235(1), 320(1), 724(1), 530(1), 8(1), 298(1), 250.4(1), 403(1), 220(1), 481(1), 784(1), 722(1), 536(1), 682(1), 693(1), 174(1), 560(1), 250.02(1), 491(1), 238(1)",104
22,00222,diag_2,"401(9), 250(8), 428(6), 276(6), 413(5), 682(4), 599(4), 496(4), 250.01(3), V42(3), 585(3), 41(3), 424(3), 403(3), 250.02(3), 707(3), 411(2), 250.81(1), 250.6(1), 425(1), 590(1), 571(1), 518(1), 305(1), 790(1), 723(1), 731(1), 250.7(1), 578(1), 493(1), 553(1), 272(1), 420(1), 584(1), 569(1), 38(1), 999(1), 490(1), 278(1), 244(1), 196(1), 466(1), 458(1), 721(1), 300(1), V85(1), 465(1), V10(1), 611(1)",104
23,00231,diag_1,"577(4), 789(2), 996(2), 435(2), 403(2), 414(2), 558(1), 434(1), 437(1), 151(1), 296(1), 715(1), 276(1), 431(1), 323(1), 284(1), 823(1), 557(1), 780(1), 278(1), 280(1), 458(1), 535(1), 486(1), 722(1), 493(1), 415(1), 250.02(1)",36
23,00232,diag_2,"403(4), 250(3), 428(3), 401(2), 250.01(2), 411(2), 585(2), 250.03(1), 486(1), 780(1), 197(1), 285(1), 710(1), 250.6(1), 584(1), 38(1), 595(1), 578(1), 198(1), 458(1), 427(1), 276(1), 425(1), 560(1), 518(1)",36
24,00241,diag_1,"786(28), 486(14), 428(14), 780(8), 414(8), 584(7), 435(6), 493(6), 427(6), 560(6), 410(5), 434(5), 276(5), 562(4), 789(4), 577(4), 574(4), 403(4), 401(4), 578(3), 682(3), 996(3), 715(3), 444(2), 618(2), 250.82(2), 998(2), 511(2), 531(2), 296(2), 590(2), 413(2), 707(2), 386(2), 250.02(2), 599(2), 250.8(2), 284(2), 552(2), 153(2), 507(2), 38(2), 402(2), 491(2), 535(2), 250.6(2), 250.5(1), 250.03(1), 572(1), 250.7(1), 530(1), 250.22(1), 301(1), 722(1), 436(1), 309(1), 227(1), 611(1), 250.13(1), 840(1), 733(1), 294(1), 576(1), 250.23(1), 292(1), 787(1), 693(1), 182(1), 220(1), 250.81(1), 253(1), 250.4(1), 812(1), 447(1), 11(1), 348(1), 781(1), 440(1), 790(1), 465(1), 518(1), 189(1), 593(1), 311(1), 135(1), 808(1), E909(1), 250.1(1), 273(1), 824(1), 155(1), 426(1), 558(1), 346(1), 433(1), 823(1), 627(1), 453(1), 805(1), 466(1), 455(1), 281(1), 278(1), 357(1), 183(1), 569(1), 820(1), 595(1), 537(1), 456(1), V56(1), 8(1)",266
24,00242,diag_2,"250(28), 276(19), 401(15), 428(10), 599(9), 250.02(7), 427(7), 496(7), 403(7), 493(5), 682(5), 786(5), 491(5), 250.6(4), 411(4), 585(4), 518(4), 272(4), 285(4), 414(3), 250.4(3), 780(3), 287(3), 280(3), 722(2), 462(2), 70(2), 348(2), 425(2), 300(2), 571(2), 584(2), 112(2), 203(2), 782(2), 560(2), 162(2), 788(2), 530(2), 808(2), 438(2), 357(2), 250.01(2), 515(2), 331(1), 618(1), V43(1), V42(1), 352(1), 250.52(1), 711(1), 558(1), 577(1), V45(1), 304(1), 309(1), 386(1), 995(1), 424(1), 996(1), 196(1), 404(1), 250.82(1), 574(1), 440(1), 617(1), V09(1), 346(1), 250.7(1), 452(1), 714(1), 921(1), 250.03(1), 250.5(1), V58(1), 710(1), 426(1), 583(1), 707(1), 197(1), 785(1), 486(1), 135(1), 860(1), 532(1), 410(1), 433(1), 724(1), 840(1), 816(1), 787(1), 536(1), 211(1), 289(1), 286(1), 342(1), 614(1), 291(1), 567(1), 721(1), 519(1), 927(1)",266
25,00251,diag_1,"428(91), 786(88), 577(63), 250.6(52), 250.12(49), 682(47), 250.13(46), 250.11(42), 486(38), 414(38), 250.02(33), 996(33), 295(29), 780(29), 250(24), 250.1(24), 282(23), 38(21), 410(20), 402(19), 250.8(19), 434(19), 584(19), 276(19), 250.22(17), 403(17), 296(16), 250.7(16), 250.2(14), 535(13), 530(13), 401(13), 250.4(13), 427(12), 789(12), 250.03(12), 250.82(11), 493(10), 250.41(9), 42(9), 404(8), 574(8), 562(8), 453(7), 536(7), 715(7), 722(6), 250.81(6), 435(6), 681(6), 278(6), 250.23(6), 458(5), 511(5), 599(5), 440(5), 730(5), 292(5), 346(5), 518(5), 824(4), 250.43(4), 608(4), 998(4), 711(4), 727(4), 284(4), 558(4), V57(4), 303(4), V58(4), 411(4), 575(4), 250.01(4), 8(4), 560(4), 421(3), 423(3), 573(3), 968(3), 311(3), 185(3), 250.83(3), 787(3), 728(3), 431(3), 592(3), 571(3), 731(3), 271(3), 482(3), 153(3), 531(3), 552(3), 415(3), 491(3), 250.42(3), 274(3), 578(3), 585(3), 380(2), 455(2), 420(2), 285(2), 997(2), 794(2), 733(2), 707(2), 514(2), 70(2), 569(2), 812(2), 300(2), 566(2), 327(2), 604(2), 510(2), 345(2), 528(2), 480(2), 250.92(2), 466(2), 805(2), 724(2), 726(2), 298(2), 969(2), 250.33(2), 513(2), 595(2), 465(2), 413(2), 152(2), 437(2), 567(2), 966(2), 117(2), 438(2), 999(1), 680(1), 522(1), 304(1), 474(1), 425(1), 424(1), 436(1), 11(1), 532(1), 572(1), 358(1), 251(1), 362(1), 553(1), 970(1), 555(1), 790(1), 882(1), 226(1), 441(1), 590(1), 461(1), 784(1), 225(1), 386(1), 705(1), 962(1), 825(1), 135(1), 823(1), 512(1), 283(1), 783(1), 376(1), 309(1), 446(1), 287(1), 344(1), 208(1), 736(1), 507(1), 807(1), 297(1), 377(1), 802(1), 989(1), 958(1), 112(1), 865(1), 883(1), 891(1), 250.21(1), 864(1), 965(1), 941(1), 299(1), 611(1), 782(1), 995(1), 444(1), 443(1), 721(1), 516(1), 850(1), 306(1), 890(1), 473(1), 852(1), 581(1), 481(1), 959(1), 280(1), 9(1), 432(1), 723(1), 821(1), 333(1)",1503
25,00252,diag_2,"276(186), 250(87), 403(75), 305(73), 425(64), 401(61), 428(45), 250.02(42), 585(36), 707(34), 584(31), 780(28), 250.01(27), 411(24), 682(23), 303(21), 250.6(20), 414(19), 427(19), 42(15), 295(14), 70(14), 486(12), 38(11), 786(11), 536(10), 599(10), 518(10), 278(10), 530(9), 404(9), 282(9), 250.12(9), V15(8), 250.13(8), 577(8), 250.41(8), 272(8), 250.03(8), 304(8), 493(7), 496(7), V42(7), V58(7), 280(6), 535(6), 250.92(6), 250.11(6), 424(6), 996(6), 997(6), 112(6), 135(6), 790(6), 410(5), 578(5), 560(5), 413(5), 250.42(5), 574(5), 789(5), 998(5), 250.4(4), 440(4), 263(4), 728(4), 438(4), 41(4), 250.82(4), 730(4), 785(4), 482(3), 287(3), 291(3), 344(3), V45(3), 802(3), 285(3), 348(3), 153(3), 478(3), 357(3), 402(3), 416(3), V85(3), 799(3), 300(3), 250.53(3), 284(2), 788(2), 517(2), 593(2), 455(2), 250.81(2), 250.33(2), 733(2), 571(2), 553(2), 250.51(2), 250.1(2), 250.8(2), 681(2), 590(2), 201(2), 250.43(2), 420(2), V65(2), 301(2), 462(2), 787(2), 415(2), 558(2), 342(2), E849(2), 211(2), 340(2), 601(2), V62(2), 487(2), 731(2), 491(2), 511(2), 794(2), 250.52(2), 701(2), V12(2), 724(2), 331(2), 453(2), 296(2), 451(2), 250.22(1), 784(1), 600(1), 273(1), 362(1), 250.93(1), 250.5(1), 319(1), 397(1), 34(1), 580(1), 279(1), 242(1), 867(1), 324(1), 968(1), V08(1), 31(1), 8(1), 562(1), 484(1), 456(1), 718(1), 208(1), 253(1), 288(1), 465(1), 431(1), 711(1), 710(1), 458(1), 512(1), 250.83(1), 309(1), 573(1), 607(1), 286(1), 277(1), 311(1), 447(1), E850(1), 958(1), 566(1), 692(1), 575(1), 130(1), 204(1), 507(1), 868(1), 94(1), V63(1), 250.7(1), 820(1), 745(1), 729(1), 443(1), 807(1), 110(1), 995(1), 435(1), 299(1), 312(1), 581(1), 459(1), 298(1), 203(1), 444(1), 753(1), 510(1), 283(1), 564(1), 448(1), 907(1), 359(1), 805(1), E884(1), 205(1), V09(1)",1503
26,00261,diag_1,"428(136), 414(103), 786(61), 434(53), 996(52), 486(46), 276(39), 410(34), 780(33), 250.7(32), 584(31), 38(28), 250.8(25), 427(24), 403(19), 440(19), 435(18), 682(18), 250.6(18), 404(17), 578(15), 491(15), 518(14), 250.4(14), 715(14), 295(13), 577(13), 599(13), 185(12), 197(12), 493(11), 997(11), 402(11), 453(10), 574(10), 162(10), V57(10), 415(10), 530(9), 789(9), 560(9), 562(8), V58(8), 433(8), 722(8), 250.02(7), 153(7), 998(7), 707(6), 198(6), 569(6), 285(6), 482(6), 250.82(5), 572(5), 436(5), 535(5), 294(5), 280(5), 724(5), 458(5), 431(5), 296(5), 590(5), 401(4), 552(4), 824(4), 423(4), 721(4), 345(4), 250.1(4), 426(4), 466(4), 411(4), 274(4), 600(4), 250.12(4), 790(4), 532(3), 438(3), 250.2(3), 852(3), 150(3), 250.41(3), 250.81(3), 250(3), 564(3), 250.22(3), 787(3), 443(3), 496(3), 425(3), 225(2), 507(2), 432(2), 995(2), 531(2), 555(2), 8(2), 250.13(2), 575(2), 487(2), 189(2), 250.11(2), 823(2), 416(2), 536(2), 157(2), 558(2), 146(2), 290(2), 593(2), 203(2), 154(2), 608(2), 485(2), 733(2), 567(2), 728(2), 585(2), 596(2), 730(2), 607(2), 595(1), 461(1), 759(1), V55(1), 284(1), 788(1), 398(1), 573(1), 358(1), 999(1), 723(1), 9(1), 320(1), 966(1), 250.32(1), 303(1), 444(1), 277(1), 738(1), 202(1), 424(1), 235(1), 250.33(1), 840(1), 293(1), 262(1), 331(1), 441(1), 537(1), 962(1), 196(1), 511(1), 204(1), 965(1), 784(1), 388(1), 847(1), 873(1), 275(1), V56(1), 333(1), 862(1), 492(1), 250.21(1), 437(1), 151(1), 250.42(1), 796(1), 451(1), 756(1), 386(1), 310(1), 513(1), 241(1), 592(1), 304(1), 287(1), 171(1), 964(1), 514(1), 191(1), 820(1), 465(1), 528(1), 421(1), 79(1), 801(1), 510(1), 785(1), 309(1), 156(1), 112(1), 991(1), 952(1), 155(1), 566(1), 420(1), 591(1), 711(1), 152(1), 490(1), 807(1), 292(1), 844(1), 781(1), 442(1), 413(1), V53(1), 833(1), 805(1), 571(1), 922(1), 273(1), 534(1)",1443
26,00262,diag_2,"403(104), 428(96), 276(77), 250(64), 401(61), 425(49), 585(49), 427(47), 411(43), 496(39), 414(36), 780(32), 584(30), 707(27), 486(25), 250.01(22), 250.02(22), 599(20), 413(19), 518(18), 162(18), 440(16), 491(14), 785(14), 285(13), 305(12), 560(12), 786(12), 682(11), 197(11), 493(11), 410(9), 511(8), 996(8), 578(8), 295(8), 280(8), 303(7), 38(7), 198(7), V45(7), 788(6), 998(6), V15(6), 203(6), 789(6), 404(6), 250.6(6), V10(5), 70(5), 424(5), 434(5), 402(5), 263(5), 8(5), 997(5), 250.92(5), 593(5), 507(4), 458(4), 567(4), 342(4), 787(4), V42(4), 784(4), 250.41(4), 453(4), 250.42(4), 250.7(4), 492(4), 189(4), 250.8(4), 250.4(4), 202(3), 415(3), 591(3), 433(3), 287(3), 284(3), 436(3), 250.82(3), 482(3), 730(3), 438(3), 157(3), 536(3), 112(3), 286(3), 196(3), 272(3), 153(3), 512(2), 794(2), 807(2), 327(2), 301(2), 416(2), 250.03(2), 135(2), E878(2), 571(2), 577(2), 250.51(2), 357(2), 601(2), 288(2), 41(2), 435(2), 340(2), 531(2), 562(2), 250.2(2), 572(2), 790(2), 799(2), 396(1), 882(1), 550(1), 250.5(1), 412(1), 397(1), 596(1), 715(1), 552(1), 455(1), E942(1), E934(1), 421(1), 840(1), 293(1), 291(1), 607(1), 298(1), V58(1), 447(1), 368(1), 309(1), 681(1), 292(1), 426(1), 721(1), 574(1), 274(1), 205(1), V64(1), 846(1), 290(1), 150(1), 250.43(1), 250.81(1), 481(1), 719(1), 443(1), 710(1), 724(1), 348(1), 821(1), 311(1), 250.52(1), 756(1), 532(1), 530(1), 995(1), V49(1), 344(1), 515(1), 741(1), 729(1), 337(1), 680(1), 602(1), 437(1), 805(1), 490(1), 781(1), 444(1), 722(1), 581(1), 723(1), 155(1), 261(1), 595(1), 566(1), 40(1), 924(1), 156(1), 728(1), 278(1), 466(1), 590(1), 860(1), 250.13(1), 922(1), 296(1), 592(1), 746(1), 199(1), 456(1), V85(1), 920(1), V62(1), 753(1), 535(1)",1443
27,00271,diag_1,"414(49), 786(44), 428(39), 410(33), 577(30), 996(23), 486(22), 250.8(20), 250.6(18), 434(17), 682(17), 427(17), 780(16), 38(15), 250.02(11), 574(11), 250(10), 276(10), 584(9), 572(9), 250.11(9), 491(8), 250.7(8), 571(8), 250.13(8), 998(8), 535(7), 787(7), 295(7), 250.12(7), V58(7), 411(6), 493(6), 250.1(6), 562(6), V57(5), 560(5), 599(5), 789(5), 558(4), 250.4(4), 530(4), 278(4), 715(4), 722(4), 433(4), 435(4), 453(4), 707(4), 440(4), 733(4), 475(3), 511(3), 578(3), 600(3), 527(3), 592(3), 250.2(3), 601(3), 532(3), 784(3), 482(3), 997(3), 348(3), 8(3), 79(3), 518(3), 444(3), 608(3), 345(3), 959(2), 813(2), 250.42(2), 401(2), 420(2), 274(2), 790(2), 753(2), 424(2), 162(2), 415(2), 431(2), 540(2), 808(2), 607(2), 567(2), 478(2), 531(2), 157(2), 805(2), 534(2), 576(2), 507(2), 280(2), 250.81(2), 730(2), 327(2), 305(2), 573(2), 436(2), 441(2), 11(1), 512(1), 153(1), 197(1), 429(1), 185(1), 885(1), 189(1), 585(1), 304(1), 403(1), 293(1), 250.83(1), 870(1), 693(1), 291(1), 928(1), 250.31(1), 970(1), 474(1), 516(1), 250.41(1), 362(1), 716(1), 250.03(1), 886(1), 250.92(1), 851(1), 283(1), 456(1), 296(1), 288(1), 416(1), 724(1), 226(1), 794(1), 235(1), 42(1), 421(1), 351(1), 729(1), 593(1), 9(1), 865(1), 852(1), 54(1), 568(1), V53(1), 458(1), 821(1), V66(1), 824(1), 88(1), 867(1), 564(1), 250.82(1), 426(1), 882(1), 303(1), 238(1), 864(1), 595(1), 924(1), 569(1), 250.01(1), 287(1), 300(1), 875(1), 989(1), 992(1), 500(1), 529(1), 969(1), 404(1), 799(1), 481(1), 800(1), 402(1), 386(1), 250.22(1), 515(1), 443(1), 340(1), 566(1), 840(1), 205(1), 807(1), 820(1), 10(1), 284(1), 286(1), 681(1), 999(1)",808
27,00272,diag_2,"276(61), 250(53), 401(30), 428(26), 250.02(25), 496(24), 403(24), 411(23), 585(20), 707(18), 518(17), 584(16), 414(15), 599(15), 486(15), 427(15), 305(15), 577(14), 571(12), 682(10), 250.01(9), 202(9), 425(9), 780(9), 38(8), 424(7), 786(7), 574(7), 272(7), 70(6), 285(6), 493(6), 410(6), 491(6), 456(5), 304(5), 197(5), 730(5), 530(5), 440(5), 303(4), 536(4), 782(4), 562(4), 787(4), 998(4), 413(4), 42(3), 250.12(3), 250.6(3), 590(3), 278(3), 342(3), 785(3), 263(3), 567(3), 291(3), 295(3), 789(3), 572(3), 438(3), 995(3), 511(3), 41(3), 788(3), V42(3), 162(3), 250.83(2), 569(2), 578(2), 434(2), 455(2), 540(2), 280(2), 250.42(2), V45(2), V58(2), 426(2), 415(2), 816(2), 250.7(2), 729(2), 591(2), 422(2), 515(2), 327(2), 423(2), 560(2), 453(2), 593(2), 250.4(2), 807(2), 799(2), 996(2), 794(1), 861(1), 715(1), 435(1), 383(1), 196(1), 250.81(1), 250.1(1), 459(1), 604(1), 997(1), 250.32(1), 601(1), 372(1), 433(1), 286(1), V12(1), 300(1), 250.82(1), 753(1), 906(1), 492(1), 274(1), 421(1), 681(1), 873(1), 151(1), 238(1), 581(1), 805(1), V17(1), 741(1), 404(1), 481(1), 575(1), 429(1), 920(1), 34(1), 242(1), 211(1), 603(1), 724(1), 458(1), 200(1), 198(1), 555(1), 340(1), 850(1), 576(1), 529(1), 845(1), 823(1), 519(1), 250.2(1), 402(1), 397(1), 824(1), 250.13(1), 362(1), 881(1), 296(1), 396(1), 723(1), 191(1), 478(1), 287(1), 527(1), 808(1), 8(1), 289(1), 441(1), 331(1), 205(1), 348(1), 466(1), 253(1), 444(1), 866(1), V43(1), 338(1), 250.8(1), E878(1), 722(1), 784(1), 250.22(1), 344(1)",808
28,00281,diag_1,"428(100), 414(61), 434(36), 486(35), 786(33), 584(33), 491(29), 250.8(26), 996(25), 250.7(25), 276(25), 440(24), 38(22), 599(22), 410(21), 780(21), 433(19), 560(16), 507(16), 427(15), V57(14), 715(14), 458(13), 402(13), 562(12), 435(11), 404(11), 493(11), 574(10), 285(10), 518(9), 578(9), 250.6(9), 331(9), 600(9), 682(9), 535(8), 280(8), 403(7), 530(7), 415(6), 531(6), 453(6), 436(6), 997(6), 250.4(5), 577(5), 724(5), 198(5), 153(5), 250.82(5), 274(5), 197(4), 250.22(4), 998(4), 432(4), 162(4), 437(4), 250.13(4), 558(4), 466(4), 426(4), 250.02(4), 730(3), 250.12(3), 852(3), 608(3), 711(3), 482(3), 348(3), 444(3), 250(3), 185(3), 569(3), 789(3), 820(3), 722(3), 681(3), 345(2), 514(2), 487(2), 784(2), 962(2), 805(2), 564(2), 604(2), 250.83(2), 721(2), 250.1(2), 527(2), 398(2), 8(2), 290(2), 112(2), 53(2), 571(2), 733(2), 250.81(2), 358(2), 300(2), 537(2), 459(2), 592(2), 515(2), 727(2), 557(1), 788(1), 462(1), 496(1), 799(1), 568(1), 281(1), 510(1), 823(1), 250.11(1), 781(1), 293(1), 576(1), 590(1), 585(1), 429(1), 191(1), 369(1), 513(1), 595(1), 47(1), 473(1), 566(1), 824(1), 834(1), 250.41(1), V53(1), 443(1), 303(1), 401(1), 532(1), 332(1), 250.3(1), 411(1), 575(1), 481(1), 528(1), 536(1), 189(1), 694(1), 555(1), 286(1), 707(1), 155(1), 728(1), 567(1), 79(1), 11(1), 573(1), 441(1), 783(1), 447(1), 241(1), 227(1), 442(1), 710(1), 512(1), 933(1), 223(1), 438(1), 424(1), 565(1), 250.42(1), 490(1), 295(1), 812(1), 378(1), 965(1), 294(1), 934(1), 519(1), 251(1), 292(1), 787(1), 157(1), 485(1), 516(1), 192(1), 275(1), 431(1), 154(1), 250.2(1), 593(1), 151(1)",1099
28,00282,diag_2,"428(79), 276(72), 403(63), 401(53), 599(45), 496(40), 427(39), 250(37), 780(29), 425(28), 411(27), 707(26), 585(22), 285(19), 414(18), 491(18), 486(18), 280(17), 440(16), 785(15), 250.01(15), 250.02(15), 413(14), 584(14), 493(11), 518(11), 402(10), 535(8), 788(8), 162(8), 250.6(7), 996(7), 997(7), 682(6), 263(6), 410(6), 511(6), 424(6), 578(6), 38(6), 404(5), 305(5), 295(5), 434(5), 250.8(5), 198(4), 438(4), 444(4), 272(4), 571(4), 998(4), 577(4), 560(4), V45(4), 41(4), 342(4), 453(4), 250.42(3), 348(3), 458(3), 433(3), 250.82(3), 250.4(3), 790(3), 189(3), 284(3), 153(3), 574(3), 426(3), 786(3), 8(3), 290(2), 250.7(2), 250.41(2), 250.52(2), 729(2), 398(2), 789(2), 536(2), 482(2), 507(2), 728(2), 349(2), V63(2), 710(2), 591(2), 197(2), V10(2), 286(2), V43(2), 784(2), 567(2), 730(2), 112(1), 510(1), 204(1), 42(1), 598(1), 492(1), 250.92(1), 581(1), 550(1), 593(1), 562(1), V12(1), 250.51(1), 575(1), 564(1), 250.03(1), 681(1), 437(1), V42(1), 473(1), 696(1), 802(1), 516(1), 431(1), 211(1), E878(1), 293(1), 332(1), 999(1), 435(1), 250.83(1), 595(1), V64(1), 466(1), 11(1), 397(1), V49(1), 490(1), 253(1), 70(1), 331(1), 552(1), 995(1), 596(1), 952(1), 79(1), 733(1), V65(1), 287(1), 250.21(1), E849(1), 569(1), 726(1), 731(1), 799(1), 537(1), 515(1), 553(1), 459(1), 396(1), 255(1), 709(1), 781(1), 357(1), 356(1), 432(1), 275(1), 281(1), 250.13(1), E939(1), 531(1), 607(1), 465(1), 412(1), 289(1), V85(1), 185(1), 456(1), 530(1), 336(1), 335(1), 291(1)",1099
29,00291,diag_1,"428(41), 486(18), 276(18), 414(15), 38(14), 250.8(12), 435(12), 410(11), 780(11), 427(11), 440(10), 786(10), 507(9), 491(9), 562(9), 584(8), 434(8), 250.7(8), 599(6), 415(5), 402(5), 852(5), 453(5), 996(4), 560(4), 518(4), V57(4), 578(4), 285(4), 348(3), 198(3), 250.6(3), 250.82(3), 426(3), 998(3), 433(3), 280(2), 715(2), 532(2), 537(2), 274(2), 493(2), 250.4(2), 331(2), 714(2), 535(2), 577(2), 403(2), 550(2), 294(2), 9(2), 458(2), 436(2), 574(2), 571(1), 401(1), 250.2(1), 824(1), 286(1), 157(1), 604(1), 455(1), 728(1), 250.22(1), 722(1), 431(1), 530(1), 521(1), 332(1), 481(1), 820(1), 531(1), 151(1), 250.81(1), 250.33(1), 466(1), V45(1), 526(1), 796(1), 188(1), 438(1), 162(1), 432(1), 511(1), 692(1), 516(1), 437(1), 490(1), 211(1), 250.02(1), 569(1), 515(1), 193(1), 53(1), 199(1), 592(1), 250.11(1), 482(1), 600(1), 585(1), 995(1), 724(1), 556(1), 790(1), 459(1), 203(1), 962(1), 239(1), 682(1), 787(1)",397
29,00292,diag_2,"276(32), 599(27), 428(25), 585(23), 401(18), 403(16), 707(14), 496(14), 427(14), 250(10), 425(9), 414(9), 486(9), 411(7), 250.6(7), 280(7), 491(6), 424(6), 584(6), 426(5), 285(4), 453(4), 287(4), 250.01(4), 402(4), 518(4), 440(4), 198(3), 511(3), 785(3), 250.02(3), 493(3), 780(3), 996(3), 682(3), 438(2), 784(2), 458(2), 410(2), 799(2), 250.41(2), 250.4(2), 788(2), 562(2), 250.22(2), V45(2), 558(2), 38(2), 997(2), 263(2), 482(2), 413(2), 560(2), 591(1), 729(1), 342(1), 41(1), 530(1), 250.92(1), 244(1), 135(1), 203(1), 601(1), 404(1), 294(1), 783(1), 444(1), V17(1), 507(1), 787(1), 386(1), 396(1), 492(1), 197(1), V12(1), 728(1), 515(1), 333(1), 204(1), 437(1), 781(1), 42(1), 590(1), 250.42(1), 162(1), 40(1), 211(1), 998(1), 576(1), 293(1), 578(1), 185(1), 337(1), 195(1), 786(1), 281(1), 348(1), 274(1)",397
30,00301,diag_1,"428(109), 414(80), 786(77), 410(59), 996(46), 434(46), 577(44), 780(40), 486(36), 682(33), 250.8(31), 38(30), 250.7(27), 584(27), 276(26), 427(22), 435(22), 518(19), 402(18), 250.6(17), 403(16), 250.02(15), 574(13), 715(13), 722(13), 296(12), 185(12), 491(12), 440(12), 789(12), 295(11), 535(11), 153(10), 250.82(10), 250.1(10), 530(10), 250.22(9), 415(9), 250.4(8), 730(8), 401(8), 404(8), 250.12(8), 998(7), 562(7), 571(7), 578(7), 558(7), 493(6), 453(6), 425(5), 531(5), 433(5), 162(5), 560(5), 432(5), 42(5), 250.2(5), 707(5), V57(5), 599(5), 250(5), 8(5), 487(4), 997(4), 607(4), 431(4), 250.83(4), 198(4), 413(4), 575(4), 250.81(4), 787(4), 250.42(4), 250.11(4), 995(4), 572(4), 438(4), 285(4), 824(4), 600(4), 592(4), 507(4), 280(3), 514(3), 211(3), 567(3), 733(3), 482(3), 781(3), 728(3), 250.13(3), 305(3), V58(3), 250.41(3), 784(3), 681(3), 721(3), 965(3), 458(3), 274(3), 345(3), 799(2), 304(2), 189(2), 337(2), 511(2), 724(2), 785(2), 291(2), 821(2), 441(2), 459(2), 593(2), V56(2), 492(2), 455(2), 155(2), 585(2), 802(2), 576(2), 970(2), 608(2), 292(2), 714(2), 555(2), 566(2), 250.03(2), 331(2), 437(2), 196(1), 154(1), 604(1), 255(1), 726(1), 557(1), 288(1), 496(1), 920(1), 727(1), 533(1), 513(1), 202(1), 203(1), 250.32(1), 680(1), 436(1), 5(1), 568(1), 351(1), 532(1), 346(1), 423(1), 210(1), 495(1), 157(1), 161(1), 521(1), 822(1), 451(1), 300(1), 843(1), 968(1), 429(1), 569(1), 564(1), 461(1), 250.23(1), 416(1), 590(1), 250.21(1), 705(1), 962(1), 303(1), 478(1), 922(1), 893(1), 444(1), 227(1), 11(1), 536(1), 290(1), 237(1), 684(1), 782(1), 298(1), 333(1), 515(1), 595(1), 225(1), 924(1), 490(1), 250.01(1), 882(1), 283(1), 79(1), 573(1), 411(1), 556(1), 923(1), 729(1), 370(1), 250.3(1), 386(1), 447(1), 711(1), 277(1), 966(1), 252(1), 945(1), 70(1), 293(1), 398(1), 278(1), 465(1), 820(1), 790(1), V71(1), 551(1), 952(1), 710(1), 250.92(1), 197(1), 875(1), 552(1), 756(1), 41(1), 524(1), 466(1), 426(1), 510(1)",1465
30,00302,diag_2,"403(105), 276(99), 250(94), 401(71), 428(66), 425(61), 585(43), 305(40), 427(39), 250.02(38), 707(33), 414(29), 780(27), 682(26), 584(26), 599(25), 411(23), 496(23), 486(19), 518(18), 786(16), 250.6(15), 577(14), 413(14), 250.01(13), 295(12), 303(12), 70(12), 38(11), 996(11), 42(11), 785(10), 998(10), 440(9), 491(9), 730(9), 511(8), 560(8), 790(8), 198(8), 493(7), 404(7), 197(7), 285(7), 250.41(7), 402(7), 997(7), 571(6), 250.4(6), 530(6), V15(6), 578(6), 162(6), 426(5), 567(5), 280(5), V42(5), 453(5), 728(5), 135(4), 789(4), 263(4), 424(4), V45(4), 250.82(4), 410(4), 272(4), 282(4), 250.42(4), 250.03(3), 189(3), 591(3), 784(3), V12(3), 250.92(3), 536(3), 349(3), 581(3), 291(3), 348(3), V62(3), 304(3), V58(3), 41(3), 574(2), 8(2), 458(2), 443(2), 434(2), 802(2), 342(2), 331(2), V63(2), 593(2), 473(2), 112(2), 284(2), 79(2), 416(2), 607(2), 344(2), 250.22(2), 438(2), 150(2), 250.12(2), 515(2), 287(2), 296(2), 575(1), 550(1), 319(1), 782(1), 250.83(1), V44(1), 911(1), 718(1), 301(1), 447(1), 562(1), 907(1), 813(1), 788(1), 415(1), 337(1), 368(1), 969(1), 553(1), 437(1), 485(1), 693(1), 204(1), 31(1), 205(1), 250.93(1), 250.51(1), 492(1), 490(1), 345(1), 421(1), 680(1), 293(1), 706(1), 238(1), V10(1), 451(1), 531(1), 312(1), 569(1), 733(1), 466(1), 300(1), 722(1), 535(1), 157(1), 446(1), 600(1), 999(1), 250.8(1), 253(1), 741(1), 278(1), 513(1), V09(1), V70(1), 482(1), 288(1), 799(1), 731(1), 794(1), 289(1), 721(1), 324(1), 590(1), 250.5(1), 592(1), 429(1), 507(1), 433(1), 40(1), 755(1), 724(1), V43(1), 444(1), 807(1), 94(1), 250.52(1), 154(1), 255(1), 564(1), 850(1), 880(1), 250.2(1), 519(1), V85(1), 481(1), 435(1), 260(1), 816(1), 756(1), 824(1)",1465
31,00311,diag_1,"414(12), 428(9), 410(7), 491(5), 518(5), 996(4), 434(4), 486(4), 599(4), 780(3), 433(3), 715(3), 276(2), 38(2), 250.02(2), 440(2), 595(2), 724(2), 584(2), 493(2), 807(1), 820(1), 250.81(1), 581(1), 197(1), 558(1), 682(1), 562(1), 250.82(1), 537(1), 935(1), 511(1), 560(1), 600(1), 189(1), 8(1), 507(1), 707(1), 531(1), 250(1), 786(1), 401(1), 402(1), 453(1), 569(1), V55(1), 997(1), 557(1), 427(1), 532(1), 432(1), 435(1), 377(1), 574(1)",113
31,00312,diag_2,"428(10), 250(8), 427(8), 599(5), 276(4), 401(4), 285(4), 250.02(3), 585(3), 426(2), 403(2), 515(2), 507(2), 486(2), 411(2), 518(2), 511(2), 112(2), 491(2), 438(2), 577(2), 198(2), 250.82(1), 444(1), 414(1), 272(1), 682(1), 530(1), 410(1), 780(1), 280(1), 794(1), E944(1), 425(1), V42(1), 250.01(1), 730(1), 424(1), 413(1), 453(1), 287(1), 738(1), 997(1), 492(1), 250.6(1), 516(1), 717(1), 496(1), 584(1), 707(1), E879(1), 290(1), 348(1), 342(1), 432(1), 558(1), 368(1), 556(1), 332(1), 250.5(1)",113
32,00321,diag_1,"410(4), 786(3), 599(2), 202(2), 428(2), 434(2), 511(2), 427(2), 250.8(2), 507(2), 789(1), 604(1), 608(1), 592(1), 600(1), 414(1), V57(1), 250.6(1), 458(1), 924(1), 820(1), 287(1), V58(1), 112(1), 780(1), 8(1), 996(1)",40
32,00322,diag_2,"427(5), 428(4), 276(3), 250(2), 518(2), 584(2), 202(2), 591(1), 496(1), 413(1), 434(1), 599(1), 780(1), 795(1), 511(1), 401(1), 438(1), 443(1), 250.4(1), 349(1), 453(1), 250.6(1), V85(1), 414(1), 290(1), 486(1), 38(1)",40
33,00331,diag_1,"414(7), 427(5), 486(5), 491(4), 428(3), 426(3), 410(3), 560(2), 436(2), 511(2), 434(2), 493(2), 276(2), 458(2), 162(2), 780(2), 569(1), 535(1), 274(1), 482(1), 433(1), 205(1), 592(1), 403(1), 557(1), 794(1), 239(1), 473(1), 784(1), 584(1), 38(1), 198(1), 250.6(1), 574(1), 682(1), 812(1), 996(1), 440(1), 253(1), 724(1), V57(1), 518(1), 383(1), 532(1), 562(1), 786(1), 250.8(1)",79
33,00332,diag_2,"250(7), 584(5), 276(4), 496(3), 428(3), 250.02(3), 411(3), 403(3), 599(3), 491(2), 413(2), 574(2), 162(2), 198(2), 427(2), 401(2), 285(1), 997(1), 38(1), 569(1), 486(1), 562(1), 412(1), 424(1), 250.11(1), 591(1), 578(1), 780(1), 788(1), 244(1), 998(1), 585(1), 781(1), 434(1), 284(1), 414(1), 996(1), 466(1), 785(1), 342(1), 782(1), 438(1), 250.6(1), V45(1), 456(1), 151(1), 511(1)",79
34,00341,diag_1,"780(2), 507(2), 486(2), 574(1), 515(1), 599(1), 707(1), 414(1), 402(1), 38(1), 562(1), 801(1), 808(1), 996(1), 280(1), 433(1), 595(1), 790(1)",21
34,00342,diag_2,"486(3), 287(2), 427(2), 414(1), 276(1), 411(1), 801(1), 518(1), 492(1), 786(1), 250(1), 590(1), 447(1), 585(1), 162(1), 707(1), 491(1)",21
35,00351,diag_1,"414(17), 410(14), 786(12), 486(9), 577(6), 434(5), 682(4), 574(4), 428(4), 250.7(3), 431(3), V57(3), 592(2), 531(2), 493(2), 722(2), 276(2), 789(2), 599(2), 295(2), 250.4(1), 293(1), 250.11(1), 560(1), 155(1), 226(1), 790(1), 444(1), 421(1), 780(1), 569(1), 440(1), 250.01(1), 721(1), 427(1), 491(1), 112(1), 535(1), 998(1), 250(1), 724(1), 284(1), V58(1), 250.6(1), 157(1), 250.8(1), 815(1), 996(1), 537(1), 507(1), 781(1), 38(1), 453(1), 518(1), 250.12(1)",135
35,00352,diag_2,"250(12), 414(8), 250.02(7), 411(7), 401(7), 276(7), 493(4), 585(4), 682(3), 518(3), 403(3), 428(3), 577(3), 785(2), 250.01(2), 250.41(2), 70(2), 342(2), 425(2), 205(2), 780(2), 996(2), 707(2), 440(2), 581(2), 584(2), 41(1), 691(1), 250.6(1), 511(1), 426(1), 250.7(1), 280(1), 728(1), 285(1), 601(1), 789(1), 696(1), 786(1), 571(1), 420(1), V58(1), 443(1), 496(1), 305(1), 250.1(1), 594(1), 599(1), 250.82(1), 112(1), 790(1), 197(1), 157(1), 272(1), 729(1), 427(1), 494(1), 560(1), 733(1), 486(1), 354(1), 781(1), 507(1), 730(1)",135
36,00361,diag_1,"996(8), 414(7), 786(4), 250.7(3), 276(2), 780(2), 507(2), 427(2), 250.4(1), 820(1), 250.6(1), 493(1), 465(1), 154(1), V58(1), 997(1), 715(1), V57(1), 153(1), 562(1), 151(1), 413(1), 436(1), 486(1), 435(1), 424(1), 411(1), 8(1), 722(1), 428(1), 478(1), 682(1), 11(1), 805(1), 38(1), 564(1), 571(1), 466(1), 198(1), 241(1), 550(1), 577(1), 47(1), 351(1), 403(1), 824(1), 197(1)",69
36,00362,diag_2,"403(6), 250(6), 276(5), 38(3), 496(3), 401(3), 414(2), 197(2), 428(2), 584(2), 790(2), 411(2), V42(2), 997(2), 250.8(1), 294(1), 154(1), 466(1), 511(1), 151(1), 404(1), 287(1), 707(1), 533(1), 996(1), 412(1), 162(1), 515(1), 250.4(1), 786(1), 486(1), 789(1), 278(1), 250.02(1), 557(1), 781(1), 995(1), 585(1), 427(1), 518(1), 425(1)",69
37,00371,diag_1,"414(11), 486(11), 428(10), 250.8(7), 410(7), 996(7), 434(6), 584(6), 427(6), 786(5), 491(4), 724(3), 276(3), 780(3), 435(3), V57(2), 189(2), 682(2), 250.22(2), 493(2), 572(2), 576(2), 560(2), 250.6(1), 447(1), 431(1), 288(1), 293(1), 511(1), 193(1), 402(1), 185(1), 482(1), 250.7(1), 250.4(1), 729(1), 599(1), 722(1), 38(1), 527(1), 162(1), 574(1), 198(1), 285(1), 150(1), 163(1), 997(1), 441(1), 564(1), 391(1), 719(1), 558(1), 998(1), 577(1)",139
37,00372,diag_2,"496(9), 428(9), 276(9), 414(7), 411(7), 486(6), 585(6), 250(5), 780(4), 584(4), 599(4), 413(3), 493(3), 425(3), 424(3), 401(3), 403(3), 785(3), 8(2), 730(2), 427(2), 38(2), 491(2), 571(2), 518(2), 707(2), 453(2), 278(1), 250.01(1), 581(1), 362(1), 255(1), 572(1), 402(1), 593(1), 250.4(1), 398(1), 682(1), 560(1), 404(1), 440(1), 198(1), 426(1), 197(1), 285(1), 342(1), 162(1), 997(1), 189(1), 435(1), 999(1), 998(1), 150(1), 348(1), 535(1), 574(1), 577(1)",139
38,00381,diag_1,"410(4), 428(4), 486(3), 426(2), 427(2), 250.7(2), 453(2), 820(2), 38(2), 491(1), 285(1), 780(1), 560(1), 276(1), 435(1), 436(1), 558(1), 348(1), 414(1), 420(1), 715(1), 250.02(1), 458(1), 783(1), V57(1), 562(1), 996(1), 724(1), 600(1), 440(1), 584(1), 512(1)",46
38,00382,diag_2,"584(4), 491(3), 276(3), 414(2), 427(2), 285(2), 403(2), 250(2), 440(2), 401(2), 351(1), 780(1), 411(1), 424(1), 425(1), 496(1), 250.4(1), 303(1), 493(1), 599(1), 569(1), 204(1), 995(1), 724(1), 38(1), 412(1), 250.01(1), 208(1), 438(1), 682(1), 707(1), 466(1)",46
39,00391,diag_1,"414(10), 428(10), 571(5), 786(5), 250.02(5), 410(5), 577(4), 996(4), 403(4), 427(3), V57(3), 584(3), 296(3), 276(3), 998(2), 291(2), 401(2), 250.22(2), 411(2), 574(2), 724(2), 572(2), 413(2), 562(2), 287(2), 780(2), 486(2), 715(2), 491(2), 250.7(2), 434(2), 250.4(1), 239(1), 726(1), 250.6(1), 435(1), 8(1), 278(1), 711(1), 730(1), 721(1), 537(1), 493(1), 682(1), 560(1), 490(1), 323(1), 453(1), 487(1), 196(1), 250.03(1), 794(1), 969(1), 738(1), 695(1), 151(1), 70(1), 722(1), 197(1), 404(1), 11(1), 518(1), 250.13(1), 38(1), 585(1), 681(1), 402(1), 433(1), 553(1), 593(1), 959(1), 558(1), 303(1), 288(1), 507(1), 250.8(1)",146
39,00392,diag_2,"276(12), 250(8), 411(8), 403(7), 401(6), 414(6), 250.02(6), 496(5), 585(5), 682(5), 789(4), 250.01(4), 272(4), 571(3), 786(3), 428(3), 518(3), 305(2), 599(2), 491(2), 493(2), 309(2), 197(2), 42(2), 780(2), 296(2), 726(1), V15(1), 572(1), 250.92(1), 285(1), 280(1), 784(1), 70(1), 593(1), 402(1), 38(1), 427(1), V42(1), 573(1), 289(1), 531(1), 410(1), 980(1), 250.41(1), 287(1), 722(1), 515(1), V17(1), 733(1), 348(1), V62(1), 440(1), 486(1), 727(1), 430(1), 298(1), E888(1), 200(1), 456(1), 260(1), 568(1)",146
