bucket,bucket_id,row_index,SA,SID
1,0,0,income,011
1,0,2,income,011
1,0,4,income,011
1,0,8,income,011
1,0,12,income,011
1,0,15,income,011
1,0,16,income,011
1,0,18,income,011
1,0,20,income,011
1,0,23,income,011
1,0,25,income,011
1,0,27,income,011
1,0,29,income,011
1,0,33,income,011
1,0,36,income,011
1,0,39,income,011
1,0,42,income,011
1,0,46,income,011
1,0,48,income,011
1,0,50,income,011
1,0,54,income,011
1,0,56,income,011
1,0,58,income,011
1,0,60,income,011
1,0,63,income,011
1,0,65,income,011
1,0,67,income,011
1,0,69,income,011
1,0,71,income,011
1,0,74,income,011
1,0,76,income,011
1,0,79,income,011
1,0,81,income,011
1,0,83,income,011
1,0,85,income,011
1,0,87,income,011
1,0,92,income,011
1,0,99,income,011
1,0,102,income,011
1,0,104,income,011
1,0,107,income,011
1,0,110,income,011
1,0,111,income,011
1,0,115,income,011
1,0,117,income,011
1,0,118,income,011
1,0,121,income,011
1,0,124,income,011
1,0,126,income,011
1,0,132,income,011
1,0,134,income,011
1,0,136,income,011
1,0,138,income,011
1,0,141,income,011
1,0,145,income,011
1,0,147,income,011
1,0,148,income,011
1,0,150,income,011
1,0,153,income,011
1,0,157,income,011
1,0,160,income,011
1,0,164,income,011
1,0,165,income,011
1,0,168,income,011
1,0,170,income,011
1,0,173,income,011
1,0,175,income,011
1,0,178,income,011
1,0,180,income,011
1,0,182,income,011
1,0,185,income,011
1,0,187,income,011
1,0,189,income,011
1,0,191,income,011
1,0,194,income,011
1,0,198,income,011
1,0,200,income,011
1,0,202,income,011
1,0,205,income,011
1,0,207,income,011
1,0,211,income,011
1,0,213,income,011
1,0,215,income,011
1,0,217,income,011
1,0,219,income,011
1,0,221,income,011
1,0,223,income,011
1,0,225,income,011
1,0,228,income,011
1,0,230,income,011
1,0,232,income,011
1,0,234,income,011
1,0,236,income,011
1,0,238,income,011
1,0,240,income,011
1,0,242,income,011
1,0,246,income,011
1,0,248,income,011
1,0,250,income,011
1,0,252,income,011
1,0,256,income,011
1,0,258,income,011
1,0,260,income,011
1,0,263,income,011
1,0,265,income,011
1,0,267,income,011
1,0,269,income,011
1,0,272,income,011
1,0,275,income,011
1,0,277,income,011
1,0,283,income,011
1,0,285,income,011
1,0,289,income,011
1,0,291,income,011
1,0,293,income,011
1,0,296,income,011
1,0,298,income,011
1,0,300,income,011
1,0,305,income,011
1,0,307,income,011
1,0,311,income,011
1,0,315,income,011
1,0,317,income,011
1,0,318,income,011
1,0,320,income,011
1,0,323,income,011
1,0,325,income,011
1,0,328,income,011
1,0,330,income,011
1,0,334,income,011
1,0,336,income,011
1,0,338,income,011
1,0,342,income,011
1,0,344,income,011
1,0,346,income,011
1,0,348,income,011
1,0,352,income,011
1,0,354,income,011
1,0,359,income,011
1,0,362,income,011
1,0,364,income,011
1,0,366,income,011
1,0,368,income,011
1,0,371,income,011
1,0,373,income,011
1,0,375,income,011
1,0,377,income,011
1,0,381,income,011
1,0,383,income,011
1,0,385,income,011
1,0,387,income,011
1,0,389,income,011
1,0,391,income,011
1,0,393,income,011
1,0,396,income,011
1,0,398,income,011
1,0,400,income,011
1,0,402,income,011
1,0,405,income,011
1,0,407,income,011
1,0,410,income,011
1,0,413,income,011
1,0,415,income,011
1,0,417,income,011
1,0,419,income,011
1,0,421,income,011
1,0,423,income,011
1,0,425,income,011
1,0,427,income,011
1,0,431,income,011
1,0,435,income,011
1,0,440,income,011
1,0,444,income,011
1,0,447,income,011
1,0,451,income,011
1,0,453,income,011
1,0,457,income,011
1,0,459,income,011
1,0,462,income,011
1,0,465,income,011
1,0,467,income,011
1,0,470,income,011
1,0,472,income,011
1,0,474,income,011
1,0,477,income,011
1,0,479,income,011
1,0,483,income,011
1,0,486,income,011
1,0,488,income,011
1,0,491,income,011
1,0,493,income,011
1,0,495,income,011
1,0,498,income,011
1,0,500,income,011
1,0,503,income,011
1,0,505,income,011
1,0,507,income,011
1,0,509,income,011
1,0,511,income,011
1,0,513,income,011
1,0,516,income,011
1,0,520,income,011
1,0,522,income,011
1,0,524,income,011
1,0,527,income,011
1,0,529,income,011
1,0,531,income,011
1,0,533,income,011
1,0,535,income,011
1,0,537,income,011
1,0,538,income,011
1,0,541,income,011
1,0,543,income,011
1,0,545,income,011
1,0,549,income,011
1,0,552,income,011
1,0,555,income,011
1,0,557,income,011
1,0,560,income,011
1,0,562,income,011
1,0,565,income,011
1,0,568,income,011
1,0,571,income,011
1,0,575,income,011
1,0,578,income,011
1,0,580,income,011
1,0,582,income,011
1,0,584,income,011
1,0,587,income,011
1,0,590,income,011
1,0,592,income,011
1,0,596,income,011
1,0,599,income,011
1,0,601,income,011
1,0,605,income,011
1,0,607,income,011
1,0,609,income,011
1,0,612,income,011
1,0,615,income,011
1,0,616,income,011
1,0,619,income,011
1,0,621,income,011
1,0,623,income,011
1,0,626,income,011
1,0,628,income,011
1,0,630,income,011
1,0,632,income,011
1,0,634,income,011
1,0,636,income,011
1,0,640,income,011
1,0,641,income,011
1,0,643,income,011
1,0,645,income,011
1,0,650,income,011
1,0,652,income,011
1,0,654,income,011
1,0,657,income,011
1,0,658,income,011
1,0,660,income,011
1,0,663,income,011
1,0,666,income,011
1,0,668,income,011
1,0,671,income,011
1,0,673,income,011
1,0,675,income,011
1,0,677,income,011
1,0,678,income,011
1,0,681,income,011
1,0,683,income,011
1,0,686,income,011
1,0,688,income,011
1,0,691,income,011
1,0,695,income,011
1,0,697,income,011
1,0,699,income,011
1,0,701,income,011
1,0,703,income,011
1,0,705,income,011
1,0,709,income,011
1,0,711,income,011
1,0,713,income,011
1,0,718,income,011
1,0,723,income,011
1,0,725,income,011
1,0,727,income,011
1,0,729,income,011
1,0,731,income,011
1,0,733,income,011
1,0,736,income,011
1,0,738,income,011
1,0,741,income,011
1,0,745,income,011
1,0,747,income,011
1,0,749,income,011
1,0,751,income,011
1,0,754,income,011
1,0,756,income,011
1,0,759,income,011
1,0,762,income,011
1,0,765,income,011
1,0,768,income,011
1,0,771,income,011
1,0,774,income,011
1,0,777,income,011
1,0,781,income,011
1,0,783,income,011
1,0,785,income,011
1,0,787,income,011
1,0,789,income,011
1,0,791,income,011
1,0,793,income,011
1,0,796,income,011
1,0,798,income,011
1,0,802,income,011
1,0,804,income,011
1,0,807,income,011
1,0,810,income,011
1,0,813,income,011
1,0,816,income,011
1,0,818,income,011
1,0,820,income,011
1,0,822,income,011
1,0,826,income,011
1,0,828,income,011
1,0,830,income,011
1,0,834,income,011
1,0,837,income,011
1,0,839,income,011
1,0,842,income,011
1,0,844,income,011
1,0,846,income,011
1,0,849,income,011
1,0,851,income,011
1,0,853,income,011
1,0,855,income,011
1,0,857,income,011
1,0,859,income,011
1,0,861,income,011
1,0,864,income,011
1,0,866,income,011
1,0,868,income,011
1,0,870,income,011
1,0,874,income,011
1,0,877,income,011
1,0,879,income,011
1,0,881,income,011
1,0,883,income,011
1,0,886,income,011
1,0,887,income,011
1,0,889,income,011
1,0,891,income,011
1,0,893,income,011
1,0,895,income,011
1,0,899,income,011
1,0,902,income,011
1,0,906,income,011
1,0,908,income,011
1,0,910,income,011
1,0,913,income,011
1,0,917,income,011
1,0,920,income,011
1,0,922,income,011
1,0,924,income,011
1,0,926,income,011
1,0,928,income,011
1,0,930,income,011
1,0,932,income,011
1,0,934,income,011
1,0,936,income,011
1,0,939,income,011
1,0,941,income,011
1,0,944,income,011
1,0,948,income,011
1,0,953,income,011
1,0,955,income,011
1,0,957,income,011
1,0,959,income,011
1,0,962,income,011
1,0,965,income,011
1,0,968,income,011
1,0,970,income,011
1,0,972,income,011
1,0,974,income,011
1,0,976,income,011
1,0,979,income,011
1,0,981,income,011
1,0,983,income,011
1,0,985,income,011
1,0,987,income,011
1,0,989,income,011
1,0,991,income,011
1,0,993,income,011
1,0,996,income,011
1,0,999,income,011
1,0,1001,income,011
1,0,1003,income,011
1,0,1005,income,011
1,0,1007,income,011
1,0,1009,income,011
1,0,1012,income,011
1,0,1014,income,011
1,0,1016,income,011
1,0,1018,income,011
1,0,1020,income,011
1,0,1023,income,011
1,0,1026,income,011
1,0,1028,income,011
1,0,1030,income,011
1,0,1032,income,011
1,0,1034,income,011
1,0,1036,income,011
1,0,1040,income,011
1,0,1042,income,011
1,0,1045,income,011
1,0,1047,income,011
1,0,1049,income,011
1,0,1051,income,011
1,0,1053,income,011
1,0,1055,income,011
1,0,1059,income,011
1,0,1061,income,011
1,0,1066,income,011
1,0,1068,income,011
1,0,1070,income,011
1,0,1072,income,011
1,0,1074,income,011
1,0,1076,income,011
1,0,1078,income,011
1,0,1080,income,011
1,0,1082,income,011
1,0,1084,income,011
1,0,1087,income,011
1,0,1089,income,011
1,0,1091,income,011
1,0,1093,income,011
1,0,1095,income,011
1,0,1097,income,011
1,0,1099,income,011
1,0,1102,income,011
1,0,1104,income,011
1,0,1106,income,011
1,0,1108,income,011
1,0,1110,income,011
1,0,1113,income,011
1,0,1116,income,011
1,0,1119,income,011
1,0,1121,income,011
1,0,1124,income,011
1,0,1126,income,011
1,0,1128,income,011
1,0,1130,income,011
1,0,1133,income,011
1,0,1135,income,011
1,0,1137,income,011
1,0,1139,income,011
1,0,1141,income,011
1,0,1143,income,011
1,0,1146,income,011
1,0,1149,income,011
1,0,1153,income,011
1,0,1156,income,011
1,0,1160,income,011
1,0,1162,income,011
1,0,1165,income,011
1,0,1167,income,011
1,0,1169,income,011
1,0,1173,income,011
1,0,1175,income,011
1,0,1178,income,011
1,0,1180,income,011
1,0,1185,income,011
1,0,1189,income,011
1,0,1191,income,011
1,0,1193,income,011
1,0,1195,income,011
1,0,1197,income,011
1,0,1200,income,011
1,0,1202,income,011
1,0,1207,income,011
1,0,1209,income,011
1,0,1211,income,011
1,0,1213,income,011
1,0,1217,income,011
1,0,1219,income,011
1,0,1221,income,011
1,0,1224,income,011
1,0,1226,income,011
1,0,1228,income,011
1,0,1230,income,011
1,0,1233,income,011
1,0,1235,income,011
1,0,1237,income,011
1,0,1239,income,011
1,0,1241,income,011
1,0,1243,income,011
1,0,1245,income,011
1,0,1247,income,011
1,0,1249,income,011
1,0,1252,income,011
1,0,1254,income,011
1,0,1257,income,011
1,0,1259,income,011
1,0,1262,income,011
1,0,1264,income,011
1,0,1266,income,011
1,0,1269,income,011
1,0,1271,income,011
1,0,1274,income,011
1,0,1276,income,011
1,0,1279,income,011
1,0,1281,income,011
1,0,1283,income,011
1,0,1286,income,011
1,0,1288,income,011
1,0,1291,income,011
1,0,1293,income,011
1,0,1295,income,011
1,0,1297,income,011
1,0,1299,income,011
1,0,1301,income,011
1,0,1304,income,011
1,0,1306,income,011
1,0,1307,income,011
1,0,1309,income,011
1,0,1312,income,011
1,0,1315,income,011
1,0,1319,income,011
1,0,1321,income,011
1,0,1325,income,011
1,0,1328,income,011
1,0,1329,income,011
1,0,1333,income,011
1,0,1336,income,011
1,0,1338,income,011
1,0,1340,income,011
1,0,1342,income,011
1,0,1344,income,011
1,0,1345,income,011
1,0,1348,income,011
1,0,1351,income,011
1,0,1353,income,011
1,0,1355,income,011
1,0,1360,income,011
1,0,1363,income,011
1,0,1365,income,011
1,0,1369,income,011
1,0,1371,income,011
1,0,1373,income,011
1,0,1376,income,011
1,0,1378,income,011
1,0,1380,income,011
1,0,1382,income,011
1,0,1384,income,011
1,0,1386,income,011
1,0,1388,income,011
1,0,1390,income,011
1,0,1392,income,011
1,0,1395,income,011
1,0,1397,income,011
1,0,1399,income,011
1,0,1401,income,011
1,0,1403,income,011
1,0,1405,income,011
1,0,1407,income,011
1,0,1411,income,011
1,0,1413,income,011
1,0,1416,income,011
1,0,1419,income,011
1,0,1422,income,011
1,0,1424,income,011
1,0,1427,income,011
1,0,1429,income,011
1,0,1431,income,011
1,0,1433,income,011
1,0,1435,income,011
1,0,1437,income,011
1,0,1439,income,011
1,0,1441,income,011
1,0,1443,income,011
1,0,1446,income,011
1,0,1448,income,011
1,0,1451,income,011
1,0,1453,income,011
1,0,1456,income,011
1,0,1460,income,011
1,0,1462,income,011
1,0,1468,income,011
1,0,1471,income,011
1,0,1473,income,011
1,0,1475,income,011
1,0,1477,income,011
1,0,1482,income,011
1,0,1485,income,011
1,0,1489,income,011
1,0,1493,income,011
1,0,1495,income,011
1,0,1498,income,011
1,0,1502,income,011
1,0,1504,income,011
1,0,1506,income,011
1,0,1508,income,011
1,0,1512,income,011
1,0,1515,income,011
1,0,1517,income,011
1,0,1520,income,011
1,0,1522,income,011
1,0,1525,income,011
1,0,1528,income,011
1,0,1531,income,011
1,0,1534,income,011
1,0,1541,income,011
1,0,1543,income,011
1,0,1545,income,011
1,0,1550,income,011
1,0,1552,income,011
1,0,1557,income,011
1,0,1560,income,011
1,0,1563,income,011
1,0,1566,income,011
1,0,1570,income,011
1,0,1572,income,011
1,0,1576,income,011
1,0,1578,income,011
1,0,1580,income,011
1,0,1584,income,011
1,0,1587,income,011
1,0,1589,income,011
1,0,1591,income,011
1,0,1593,income,011
1,0,1595,income,011
1,0,1598,income,011
1,0,1600,income,011
1,0,1603,income,011
1,0,1605,income,011
1,0,1609,income,011
1,0,1611,income,011
1,0,1613,income,011
1,0,1615,income,011
1,0,1618,income,011
1,0,1620,income,011
1,0,1622,income,011
1,0,1625,income,011
1,0,1627,income,011
1,0,1630,income,011
1,0,1633,income,011
1,0,1635,income,011
1,0,1637,income,011
1,0,1639,income,011
1,0,1641,income,011
1,0,1645,income,011
1,0,1649,income,011
1,0,1651,income,011
1,0,1653,income,011
1,0,1655,income,011
1,0,1658,income,011
1,0,1660,income,011
1,0,1663,income,011
1,0,1665,income,011
1,0,1668,income,011
1,0,1670,income,011
1,0,1673,income,011
1,0,1675,income,011
1,0,1677,income,011
1,0,1679,income,011
1,0,1681,income,011
1,0,1683,income,011
1,0,1685,income,011
1,0,1688,income,011
1,0,1692,income,011
1,0,1694,income,011
1,0,1696,income,011
1,0,1698,income,011
1,0,1701,income,011
1,0,1703,income,011
1,0,1705,income,011
1,0,1708,income,011
1,0,1710,income,011
1,0,1714,income,011
1,0,1716,income,011
1,0,1718,income,011
1,0,1720,income,011
1,0,1722,income,011
1,0,1724,income,011
1,0,1727,income,011
1,0,1730,income,011
1,0,1732,income,011
1,0,1734,income,011
1,0,1737,income,011
1,0,1739,income,011
1,0,1741,income,011
1,0,1745,income,011
1,0,1749,income,011
1,0,1752,income,011
1,0,1754,income,011
1,0,1759,income,011
1,0,1761,income,011
1,0,1763,income,011
1,0,1765,income,011
1,0,1767,income,011
1,0,1769,income,011
1,0,1771,income,011
1,0,1773,income,011
1,0,1775,income,011
1,0,1777,income,011
1,0,1779,income,011
1,0,1781,income,011
1,0,1784,income,011
1,0,1786,income,011
1,0,1789,income,011
1,0,1791,income,011
1,0,1793,income,011
1,0,1795,income,011
1,0,1797,income,011
1,0,1799,income,011
1,0,1801,income,011
1,0,1803,income,011
1,0,1807,income,011
1,0,1809,income,011
1,0,1811,income,011
1,0,1813,income,011
1,0,1815,income,011
1,0,1818,income,011
1,0,1821,income,011
1,0,1823,income,011
1,0,1826,income,011
1,0,1828,income,011
1,0,1830,income,011
1,0,1832,income,011
1,0,1834,income,011
1,0,1836,income,011
1,0,1839,income,011
1,0,1841,income,011
1,0,1844,income,011
1,0,1847,income,011
1,0,1849,income,011
1,0,1851,income,011
1,0,1854,income,011
1,0,1856,income,011
1,0,1858,income,011
1,0,1860,income,011
1,0,1862,income,011
1,0,1864,income,011
1,0,1866,income,011
1,0,1869,income,011
1,0,1871,income,011
1,0,1873,income,011
1,0,1875,income,011
1,0,1877,income,011
1,0,1879,income,011
1,0,1881,income,011
1,0,1884,income,011
1,0,1888,income,011
1,0,1891,income,011
1,0,1893,income,011
1,0,1896,income,011
1,0,1899,income,011
1,0,1903,income,011
1,0,1907,income,011
1,0,1912,income,011
1,0,1915,income,011
1,0,1919,income,011
1,0,1921,income,011
1,0,1923,income,011
1,0,1925,income,011
1,0,1928,income,011
1,0,1931,income,011
1,0,1934,income,011
1,0,1936,income,011
1,0,1938,income,011
1,0,1941,income,011
1,0,1943,income,011
1,0,1945,income,011
1,0,1947,income,011
1,0,1951,income,011
1,0,1955,income,011
1,0,1957,income,011
1,0,1963,income,011
1,0,1965,income,011
1,0,1967,income,011
1,0,1969,income,011
1,0,1971,income,011
1,0,1974,income,011
1,0,1976,income,011
1,0,1979,income,011
1,0,1981,income,011
1,0,1984,income,011
1,0,1988,income,011
1,0,1991,income,011
1,0,1994,income,011
1,0,1996,income,011
1,0,2000,income,011
1,0,2002,income,011
1,0,2005,income,011
1,0,2007,income,011
1,0,2009,income,011
1,0,2012,income,011
1,0,2014,income,011
1,0,2016,income,011
1,0,2018,income,011
1,0,2020,income,011
1,0,2022,income,011
1,0,2025,income,011
1,0,2027,income,011
1,0,2030,income,011
1,0,2033,income,011
1,0,2035,income,011
1,0,2037,income,011
1,0,2040,income,011
1,0,2042,income,011
1,0,2044,income,011
1,0,2046,income,011
1,0,2048,income,011
1,0,2050,income,011
1,0,2052,income,011
1,0,2055,income,011
1,0,2058,income,011
1,0,2060,income,011
1,0,2062,income,011
1,0,2064,income,011
1,0,2066,income,011
1,0,2068,income,011
1,0,2070,income,011
1,0,2072,income,011
1,0,2075,income,011
1,0,2078,income,011
1,0,2080,income,011
1,0,2082,income,011
1,0,2085,income,011
1,0,2087,income,011
1,0,2089,income,011
1,0,2093,income,011
1,0,2096,income,011
1,0,2099,income,011
1,0,2101,income,011
1,0,2103,income,011
1,0,2105,income,011
1,0,2108,income,011
1,0,2112,income,011
1,0,2114,income,011
1,0,2116,income,011
1,0,2118,income,011
1,0,2123,income,011
1,0,2126,income,011
1,0,2130,income,011
1,0,2133,income,011
1,0,2136,income,011
1,0,2138,income,011
1,0,2141,income,011
1,0,2143,income,011
1,0,2145,income,011
1,0,2148,income,011
1,0,2151,income,011
1,0,2153,income,011
1,0,2155,income,011
1,0,2157,income,011
1,0,2159,income,011
1,0,2161,income,011
1,0,2165,income,011
1,0,2169,income,011
1,0,2172,income,011
1,0,2174,income,011
1,0,2176,income,011
1,0,2178,income,011
1,0,2180,income,011
1,0,2182,income,011
1,0,2185,income,011
1,0,2188,income,011
1,0,2190,income,011
1,0,2192,income,011
1,0,2194,income,011
1,0,2199,income,011
1,0,2203,income,011
1,0,2205,income,011
1,0,2207,income,011
1,0,2211,income,011
1,0,2213,income,011
1,0,2215,income,011
1,0,2217,income,011
1,0,2219,income,011
1,0,2221,income,011
1,0,2223,income,011
1,0,2225,income,011
1,0,2228,income,011
1,0,2230,income,011
1,0,2231,income,011
1,0,2234,income,011
1,0,2238,income,011
1,0,2240,income,011
1,0,2242,income,011
1,0,2245,income,011
1,0,2248,income,011
1,0,2251,income,011
1,0,2253,income,011
1,0,2256,income,011
1,0,2258,income,011
1,0,2260,income,011
1,0,2262,income,011
1,0,2264,income,011
1,0,2268,income,011
1,0,2273,income,011
1,0,2276,income,011
1,0,2279,income,011
1,0,2281,income,011
1,0,2284,income,011
1,0,2286,income,011
1,0,2288,income,011
1,0,2290,income,011
1,0,2292,income,011
1,0,2294,income,011
1,0,2296,income,011
1,0,2298,income,011
1,0,2300,income,011
1,0,2302,income,011
1,0,2304,income,011
1,0,2306,income,011
1,0,2308,income,011
1,0,2311,income,011
1,0,2314,income,011
1,0,2316,income,011
1,0,2318,income,011
1,0,2320,income,011
1,0,2322,income,011
1,0,2324,income,011
1,0,2326,income,011
1,0,2331,income,011
1,0,2333,income,011
1,0,2335,income,011
1,0,2337,income,011
1,0,2340,income,011
1,0,2343,income,011
1,0,2345,income,011
1,0,2347,income,011
1,0,2349,income,011
1,0,2351,income,011
1,0,2355,income,011
1,0,2358,income,011
1,0,2360,income,011
1,0,2362,income,011
1,0,2364,income,011
1,0,2366,income,011
1,0,2368,income,011
1,0,2370,income,011
1,0,2374,income,011
1,0,2377,income,011
1,0,2379,income,011
1,0,2381,income,011
1,0,2383,income,011
1,0,2387,income,011
1,0,2389,income,011
1,0,2392,income,011
1,0,2394,income,011
1,0,2397,income,011
1,0,2399,income,011
1,0,2402,income,011
1,0,2404,income,011
1,0,2406,income,011
1,0,2409,income,011
1,0,2411,income,011
1,0,2415,income,011
1,0,2417,income,011
1,0,2420,income,011
1,0,2423,income,011
1,0,2426,income,011
1,0,2428,income,011
1,0,2431,income,011
1,0,2434,income,011
1,0,2437,income,011
1,0,2439,income,011
1,0,2442,income,011
1,0,2445,income,011
1,0,2448,income,011
1,0,2450,income,011
1,0,2453,income,011
1,0,2455,income,011
1,0,2457,income,011
1,0,2459,income,011
1,0,2462,income,011
1,0,2464,income,011
1,0,2466,income,011
1,0,2468,income,011
1,0,2471,income,011
1,0,2473,income,011
1,0,2476,income,011
1,0,2478,income,011
1,0,2482,income,011
1,0,2484,income,011
1,0,2486,income,011
1,0,2489,income,011
1,0,2491,income,011
1,0,2493,income,011
1,0,2496,income,011
1,0,2499,income,011
1,0,2503,income,011
1,0,2505,income,011
1,0,2507,income,011
1,0,2510,income,011
1,0,2514,income,011
1,0,2517,income,011
1,0,2519,income,011
1,0,2521,income,011
1,0,2523,income,011
1,0,2526,income,011
1,0,2528,income,011
1,0,2531,income,011
1,0,2533,income,011
1,0,2535,income,011
1,0,2537,income,011
1,0,2539,income,011
1,0,2543,income,011
1,0,2547,income,011
1,0,2549,income,011
1,0,2551,income,011
1,0,2554,income,011
1,0,2556,income,011
1,0,2558,income,011
1,0,2560,income,011
1,0,2562,income,011
1,0,2565,income,011
1,0,2568,income,011
1,0,2570,income,011
1,0,2574,income,011
1,0,2576,income,011
1,0,2578,income,011
1,0,2580,income,011
1,0,2583,income,011
1,0,2585,income,011
1,0,2588,income,011
1,0,2590,income,011
1,0,2592,income,011
1,0,2594,income,011
1,0,2599,income,011
1,0,2603,income,011
1,0,2605,income,011
1,0,2607,income,011
1,0,2609,income,011
1,0,2613,income,011
1,0,2616,income,011
1,0,2619,income,011
1,0,2621,income,011
1,0,2623,income,011
1,0,2625,income,011
1,0,2627,income,011
1,0,2631,income,011
1,0,2634,income,011
1,0,2637,income,011
1,0,2639,income,011
1,0,2641,income,011
1,0,2644,income,011
1,0,2647,income,011
1,0,2649,income,011
1,0,2651,income,011
1,0,2653,income,011
1,0,2655,income,011
1,0,2658,income,011
1,0,2660,income,011
1,0,2662,income,011
1,0,2664,income,011
1,0,2666,income,011
1,0,2668,income,011
1,0,2671,income,011
1,0,2673,income,011
1,0,2675,income,011
1,0,2678,income,011
1,0,2680,income,011
1,0,2683,income,011
1,0,2685,income,011
1,0,2687,income,011
1,0,2689,income,011
1,0,2693,income,011
1,0,2696,income,011
1,0,2698,income,011
1,0,2700,income,011
1,0,2703,income,011
1,0,2705,income,011
1,0,2707,income,011
1,0,2709,income,011
1,0,2711,income,011
1,0,2713,income,011
1,0,2715,income,011
1,0,2717,income,011
1,0,2719,income,011
1,0,2722,income,011
1,0,2724,income,011
1,0,2728,income,011
1,0,2730,income,011
1,0,2733,income,011
1,0,2735,income,011
1,0,2737,income,011
1,0,2739,income,011
1,0,2741,income,011
1,0,2743,income,011
1,0,2747,income,011
1,0,2750,income,011
1,0,2752,income,011
1,0,2755,income,011
1,0,2758,income,011
1,0,2760,income,011
1,0,2762,income,011
1,0,2765,income,011
1,0,2767,income,011
1,0,2773,income,011
1,0,2775,income,011
1,0,2777,income,011
1,0,2779,income,011
1,0,2782,income,011
1,0,2784,income,011
1,0,2786,income,011
1,0,2788,income,011
1,0,2790,income,011
1,0,2794,income,011
1,0,2796,income,011
1,0,2800,income,011
1,0,2802,income,011
1,0,2803,income,011
1,0,2805,income,011
1,0,2809,income,011
1,0,2811,income,011
1,0,2814,income,011
1,0,2817,income,011
1,0,2819,income,011
1,0,2821,income,011
1,0,2823,income,011
1,0,2825,income,011
1,0,2827,income,011
1,0,2829,income,011
1,0,2831,income,011
1,0,2833,income,011
1,0,2835,income,011
1,0,2837,income,011
1,0,2840,income,011
1,0,2844,income,011
1,0,2846,income,011
1,0,2848,income,011
1,0,2850,income,011
1,0,2852,income,011
1,0,2854,income,011
1,0,2858,income,011
1,0,2863,income,011
1,0,2865,income,011
1,0,2867,income,011
1,0,2869,income,011
1,0,2872,income,011
1,0,2874,income,011
1,0,2876,income,011
1,0,2878,income,011
1,0,2880,income,011
1,0,2883,income,011
1,0,2887,income,011
1,0,2889,income,011
1,0,2891,income,011
1,0,2893,income,011
1,0,2895,income,011
1,0,2897,income,011
1,0,2900,income,011
1,0,2902,income,011
1,0,2904,income,011
1,0,2907,income,011
1,0,2909,income,011
1,0,2911,income,011
1,0,2914,income,011
1,0,2916,income,011
1,0,2918,income,011
1,0,2920,income,011
1,0,2925,income,011
1,0,2927,income,011
1,0,2930,income,011
1,0,2933,income,011
1,0,2935,income,011
1,0,2939,income,011
1,0,2943,income,011
1,0,2946,income,011
1,0,2948,income,011
1,0,2950,income,011
1,0,2952,income,011
1,0,2954,income,011
1,0,2956,income,011
1,0,2958,income,011
1,0,2960,income,011
1,0,2964,income,011
1,0,2967,income,011
1,0,2971,income,011
1,0,2973,income,011
1,0,2976,income,011
1,0,2978,income,011
1,0,2980,income,011
1,0,2983,income,011
1,0,2986,income,011
1,0,2990,income,011
1,0,2993,income,011
1,0,2995,income,011
1,0,2998,income,011
1,0,3000,income,011
1,0,3002,income,011
1,0,3004,income,011
1,0,3006,income,011
1,0,3009,income,011
1,0,3012,income,011
1,0,3014,income,011
1,0,3018,income,011
1,0,3020,income,011
1,0,3022,income,011
1,0,3024,income,011
1,0,3026,income,011
1,0,3028,income,011
1,0,3032,income,011
1,0,3036,income,011
1,0,3039,income,011
1,0,3041,income,011
1,0,3042,income,011
1,0,3045,income,011
1,0,3047,income,011
1,0,3050,income,011
1,0,3053,income,011
1,0,3055,income,011
1,0,3058,income,011
1,0,3060,income,011
1,0,3062,income,011
1,0,3064,income,011
1,0,3066,income,011
1,0,3069,income,011
1,0,3071,income,011
1,0,3074,income,011
1,0,3077,income,011
1,0,3081,income,011
1,0,3083,income,011
1,0,3085,income,011
1,0,3088,income,011
1,0,3091,income,011
1,0,3094,income,011
1,0,3098,income,011
1,0,3101,income,011
1,0,3106,income,011
1,0,3107,income,011
1,0,3111,income,011
1,0,3113,income,011
1,0,3115,income,011
1,0,3122,income,011
1,0,3124,income,011
1,0,3126,income,011
1,0,3128,income,011
1,0,3131,income,011
1,0,3135,income,011
1,0,3136,income,011
1,0,3138,income,011
1,0,3142,income,011
1,0,3145,income,011
1,0,3148,income,011
1,0,3150,income,011
1,0,3152,income,011
1,0,3155,income,011
1,0,3156,income,011
1,0,3159,income,011
1,0,3162,income,011
1,0,3164,income,011
1,0,3166,income,011
1,0,3168,income,011
1,0,3170,income,011
1,0,3171,income,011
1,0,3173,income,011
1,0,3176,income,011
1,0,3178,income,011
1,0,3180,income,011
1,0,3182,income,011
1,0,3184,income,011
1,0,3186,income,011
1,0,3189,income,011
1,0,3192,income,011
1,0,3194,income,011
1,0,3197,income,011
1,0,3199,income,011
1,0,3201,income,011
1,0,3203,income,011
1,0,3205,income,011
1,0,3207,income,011
1,0,3209,income,011
1,0,3211,income,011
1,0,3214,income,011
1,0,3218,income,011
1,0,3220,income,011
1,0,3222,income,011
1,0,3226,income,011
1,0,3228,income,011
1,0,3230,income,011
1,0,3232,income,011
1,0,3234,income,011
1,0,3238,income,011
1,0,3240,income,011
1,0,3242,income,011
1,0,3246,income,011
1,0,3249,income,011
1,0,3252,income,011
1,0,3254,income,011
1,0,3256,income,011
1,0,3258,income,011
1,0,3260,income,011
1,0,3264,income,011
1,0,3268,income,011
1,0,3270,income,011
1,0,3272,income,011
1,0,3274,income,011
1,0,3277,income,011
1,0,3279,income,011
1,0,3281,income,011
1,0,3283,income,011
1,0,3285,income,011
1,0,3287,income,011
1,0,3291,income,011
1,0,3294,income,011
1,0,3296,income,011
1,0,3299,income,011
1,0,3301,income,011
1,0,3304,income,011
1,0,3308,income,011
1,0,3310,income,011
1,0,3313,income,011
1,0,3315,income,011
1,0,3317,income,011
1,0,3319,income,011
1,0,3322,income,011
1,0,3324,income,011
1,0,3328,income,011
1,0,3330,income,011
1,0,3334,income,011
1,0,3336,income,011
1,0,3338,income,011
1,0,3340,income,011
1,0,3342,income,011
1,0,3344,income,011
1,0,3346,income,011
1,0,3348,income,011
1,0,3350,income,011
1,0,3353,income,011
1,0,3357,income,011
1,0,3359,income,011
1,0,3362,income,011
1,0,3365,income,011
1,0,3367,income,011
1,0,3369,income,011
1,0,3371,income,011
1,0,3374,income,011
1,0,3376,income,011
1,0,3379,income,011
1,0,3383,income,011
1,0,3385,income,011
1,0,3388,income,011
1,0,3390,income,011
1,0,3392,income,011
1,0,3394,income,011
1,0,3397,income,011
1,0,3399,income,011
1,0,3402,income,011
1,0,3404,income,011
1,0,3406,income,011
1,0,3409,income,011
1,0,3412,income,011
1,0,3414,income,011
1,0,3416,income,011
1,0,3418,income,011
1,0,3420,income,011
1,0,3422,income,011
1,0,3425,income,011
1,0,3428,income,011
1,0,3430,income,011
1,0,3433,income,011
1,0,3435,income,011
1,0,3439,income,011
1,0,3441,income,011
1,0,3445,income,011
1,0,3448,income,011
1,0,3452,income,011
1,0,3458,income,011
1,0,3460,income,011
1,0,3462,income,011
1,0,3465,income,011
1,0,3467,income,011
1,0,3469,income,011
1,0,3472,income,011
1,0,3475,income,011
1,0,3478,income,011
1,0,3480,income,011
1,0,3482,income,011
1,0,3485,income,011
1,0,3487,income,011
1,0,3489,income,011
1,0,3493,income,011
1,0,3496,income,011
1,0,3499,income,011
1,0,3502,income,011
1,0,3503,income,011
1,0,3506,income,011
1,0,3510,income,011
1,0,3512,income,011
1,0,3515,income,011
1,0,3520,income,011
1,0,3521,income,011
1,0,3523,income,011
1,0,3525,income,011
1,0,3527,income,011
1,0,3531,income,011
1,0,3532,income,011
1,0,3534,income,011
1,0,3538,income,011
1,0,3540,income,011
1,0,3543,income,011
1,0,3545,income,011
1,0,3547,income,011
1,0,3550,income,011
1,0,3552,income,011
1,0,3556,income,011
1,0,3559,income,011
1,0,3562,income,011
1,0,3564,income,011
1,0,3566,income,011
1,0,3568,income,011
1,0,3571,income,011
1,0,3577,income,011
1,0,3579,income,011
1,0,3581,income,011
1,0,3583,income,011
1,0,3585,income,011
1,0,3587,income,011
1,0,3590,income,011
1,0,3592,income,011
1,0,3594,income,011
1,0,3596,income,011
1,0,3599,income,011
1,0,3602,income,011
1,0,3605,income,011
1,0,3609,income,011
1,0,3611,income,011
1,0,3613,income,011
1,0,3617,income,011
1,0,3620,income,011
1,0,3623,income,011
1,0,3625,income,011
1,0,3628,income,011
1,0,3630,income,011
1,0,3632,income,011
1,0,3634,income,011
1,0,3636,income,011
1,0,3639,income,011
1,0,3641,income,011
1,0,3643,income,011
1,0,3645,income,011
1,0,3647,income,011
1,0,3649,income,011
1,0,3653,income,011
1,0,3656,income,011
1,0,3658,income,011
1,0,3660,income,011
1,0,3662,income,011
1,0,3664,income,011
1,0,3666,income,011
1,0,3668,income,011
1,0,3671,income,011
1,0,3674,income,011
1,0,3677,income,011
1,0,3682,income,011
1,0,3684,income,011
1,0,3687,income,011
1,0,3689,income,011
1,0,3691,income,011
1,0,3694,income,011
1,0,3697,income,011
1,0,3700,income,011
1,0,3705,income,011
1,0,3708,income,011
1,0,3711,income,011
1,0,3713,income,011
1,0,3715,income,011
1,0,3717,income,011
1,0,3719,income,011
1,0,3722,income,011
1,0,3724,income,011
1,0,3726,income,011
1,0,3728,income,011
1,0,3730,income,011
1,0,3733,income,011
1,0,3735,income,011
1,0,3737,income,011
1,0,3739,income,011
1,0,3741,income,011
1,0,3744,income,011
1,0,3746,income,011
1,0,3750,income,011
1,0,3752,income,011
1,0,3754,income,011
1,0,3756,income,011
1,0,3758,income,011
1,0,3760,income,011
1,0,3762,income,011
1,0,3764,income,011
1,0,3767,income,011
1,0,3769,income,011
1,0,3772,income,011
1,0,3774,income,011
1,0,3776,income,011
1,0,3779,income,011
1,0,3784,income,011
1,0,3786,income,011
1,0,3789,income,011
1,0,3791,income,011
1,0,3793,income,011
1,0,3795,income,011
1,0,3798,income,011
1,0,3800,income,011
1,0,3803,income,011
1,0,3807,income,011
1,0,3809,income,011
1,0,3812,income,011
1,0,3814,income,011
1,0,3816,income,011
1,0,3821,income,011
1,0,3823,income,011
1,0,3826,income,011
1,0,3828,income,011
1,0,3830,income,011
1,0,3833,income,011
1,0,3835,income,011
1,0,3837,income,011
1,0,3839,income,011
1,0,3841,income,011
1,0,3843,income,011
1,0,3845,income,011
1,0,3848,income,011
1,0,3851,income,011
1,0,3853,income,011
1,0,3855,income,011
1,0,3857,income,011
1,0,3861,income,011
1,0,3864,income,011
1,0,3866,income,011
1,0,3869,income,011
1,0,3872,income,011
1,0,3874,income,011
1,0,3876,income,011
1,0,3878,income,011
1,0,3880,income,011
1,0,3882,income,011
1,0,3884,income,011
1,0,3887,income,011
1,0,3889,income,011
1,0,3891,income,011
1,0,3893,income,011
1,0,3895,income,011
1,0,3897,income,011
1,0,3899,income,011
1,0,3901,income,011
1,0,3903,income,011
1,0,3905,income,011
1,0,3907,income,011
1,0,3909,income,011
1,0,3911,income,011
1,0,3916,income,011
1,0,3919,income,011
1,0,3922,income,011
1,0,3926,income,011
1,0,3928,income,011
1,0,3930,income,011
1,0,3932,income,011
1,0,3934,income,011
1,0,3936,income,011
1,0,3938,income,011
1,0,3940,income,011
1,0,3942,income,011
1,0,3945,income,011
1,0,3947,income,011
1,0,3950,income,011
1,0,3952,income,011
1,0,3954,income,011
1,0,3956,income,011
1,0,3958,income,011
1,0,3960,income,011
1,0,3965,income,011
1,0,3968,income,011
1,0,3970,income,011
1,0,3972,income,011
1,0,3977,income,011
1,0,3979,income,011
1,0,3981,income,011
1,0,3983,income,011
1,0,3986,income,011
1,0,3989,income,011
1,0,3991,income,011
1,0,3993,income,011
1,0,3996,income,011
1,0,3998,income,011
1,0,4000,income,011
1,0,4002,income,011
1,0,4004,income,011
1,0,4007,income,011
1,0,4010,income,011
1,0,4012,income,011
1,0,4017,income,011
1,0,4019,income,011
1,0,4023,income,011
1,0,4026,income,011
1,0,4028,income,011
1,0,4030,income,011
1,0,4032,income,011
1,0,4036,income,011
1,0,4038,income,011
1,0,4039,income,011
1,0,4044,income,011
1,0,4048,income,011
1,0,4050,income,011
1,0,4052,income,011
1,0,4054,income,011
1,0,4055,income,011
1,0,4061,income,011
1,0,4063,income,011
1,0,4067,income,011
1,0,4070,income,011
1,0,4072,income,011
1,0,4075,income,011
1,0,4077,income,011
1,0,4078,income,011
1,0,4081,income,011
1,0,4084,income,011
1,0,4086,income,011
1,0,4088,income,011
1,0,4091,income,011
1,0,4093,income,011
1,0,4097,income,011
1,0,4101,income,011
1,0,4104,income,011
1,0,4105,income,011
1,0,4107,income,011
1,0,4109,income,011
1,0,4114,income,011
1,0,4115,income,011
1,0,4119,income,011
1,0,4122,income,011
1,0,4124,income,011
1,0,4127,income,011
1,0,4128,income,011
1,0,4131,income,011
1,0,4135,income,011
1,0,4136,income,011
1,0,4139,income,011
1,0,4141,income,011
1,0,4143,income,011
1,0,4147,income,011
1,0,4150,income,011
1,0,4153,income,011
1,0,4154,income,011
1,0,4157,income,011
1,0,4159,income,011
1,0,4163,income,011
1,0,4165,income,011
1,0,4168,income,011
1,0,4171,income,011
1,0,4174,income,011
1,0,4176,income,011
1,0,4179,income,011
1,0,4181,income,011
1,0,4184,income,011
1,0,4186,income,011
1,0,4188,income,011
1,0,4190,income,011
1,0,4192,income,011
1,0,4194,income,011
1,0,4197,income,011
1,0,4199,income,011
1,0,4201,income,011
1,0,4205,income,011
1,0,4207,income,011
1,0,4209,income,011
1,0,4211,income,011
1,0,4214,income,011
1,0,4216,income,011
1,0,4220,income,011
1,0,4223,income,011
1,0,4225,income,011
1,0,4228,income,011
1,0,4231,income,011
1,0,4234,income,011
1,0,4236,income,011
1,0,4238,income,011
1,0,4240,income,011
1,0,4241,income,011
1,0,4244,income,011
1,0,4245,income,011
1,0,4249,income,011
1,0,4251,income,011
1,0,4253,income,011
1,0,4255,income,011
1,0,4258,income,011
1,0,4261,income,011
1,0,4265,income,011
1,0,4268,income,011
1,0,4270,income,011
1,0,4272,income,011
1,0,4274,income,011
1,0,4276,income,011
1,0,4281,income,011
1,0,4284,income,011
1,0,4285,income,011
1,0,4288,income,011
1,0,4291,income,011
1,0,4293,income,011
1,0,4295,income,011
1,0,4296,income,011
1,0,4298,income,011
1,0,4300,income,011
1,0,4303,income,011
1,0,4306,income,011
1,0,4307,income,011
1,0,4311,income,011
1,0,4314,income,011
1,0,4316,income,011
1,0,4317,income,011
1,0,4319,income,011
1,0,4322,income,011
1,0,4326,income,011
1,0,4329,income,011
1,0,4331,income,011
1,0,4333,income,011
1,0,4336,income,011
1,0,4339,income,011
1,0,4341,income,011
1,0,4343,income,011
1,0,4345,income,011
1,0,4348,income,011
1,0,4351,income,011
1,0,4353,income,011
1,0,4356,income,011
1,0,4359,income,011
1,0,4361,income,011
1,0,4363,income,011
1,0,4365,income,011
1,0,4367,income,011
1,0,4369,income,011
1,0,4373,income,011
1,0,4376,income,011
1,0,4377,income,011
1,0,4380,income,011
1,0,4382,income,011
1,0,4385,income,011
1,0,4387,income,011
1,0,4389,income,011
1,0,4394,income,011
1,0,4398,income,011
1,0,4400,income,011
1,0,4402,income,011
1,0,4404,income,011
1,0,4406,income,011
1,0,4410,income,011
1,0,4411,income,011
1,0,4413,income,011
1,0,4417,income,011
1,0,4420,income,011
1,0,4422,income,011
1,0,4424,income,011
1,0,4426,income,011
1,0,4429,income,011
1,0,4432,income,011
1,0,4433,income,011
1,0,4435,income,011
1,0,4437,income,011
1,0,4442,income,011
1,0,4445,income,011
1,0,4447,income,011
1,0,4449,income,011
1,0,4452,income,011
1,0,4456,income,011
1,0,4458,income,011
1,0,4460,income,011
1,0,4462,income,011
1,0,4465,income,011
1,0,4467,income,011
1,0,4468,income,011
1,0,4470,income,011
1,0,4472,income,011
1,0,4475,income,011
1,0,4477,income,011
1,0,4480,income,011
1,0,4482,income,011
1,0,4483,income,011
1,0,4488,income,011
1,0,4489,income,011
1,0,4492,income,011
1,0,4497,income,011
1,0,4499,income,011
1,0,4502,income,011
1,0,4503,income,011
1,0,4506,income,011
1,0,4508,income,011
1,0,4510,income,011
1,0,4512,income,011
1,0,4514,income,011
1,0,4516,income,011
1,0,4518,income,011
1,0,4521,income,011
1,0,4523,income,011
1,0,4524,income,011
1,0,4526,income,011
1,0,4530,income,011
1,0,4533,income,011
1,0,4535,income,011
1,0,4539,income,011
1,0,4541,income,011
1,0,4542,income,011
1,0,4545,income,011
1,0,4547,income,011
1,0,4549,income,011
1,0,4553,income,011
1,0,4555,income,011
1,0,4557,income,011
1,0,4558,income,011
1,0,4561,income,011
1,0,4564,income,011
1,0,4568,income,011
1,0,4569,income,011
1,0,4572,income,011
1,0,4574,income,011
1,0,4577,income,011
1,0,4579,income,011
1,0,4581,income,011
1,0,4584,income,011
1,0,4586,income,011
1,0,4587,income,011
1,0,4590,income,011
1,0,4593,income,011
1,0,4594,income,011
1,0,4597,income,011
1,0,4599,income,011
1,0,4600,income,011
1,0,4603,income,011
1,0,4607,income,011
1,0,4610,income,011
1,0,4612,income,011
1,0,4617,income,011
1,0,4620,income,011
1,0,4622,income,011
1,0,4624,income,011
1,0,4627,income,011
1,0,4632,income,011
1,0,4633,income,011
1,0,4638,income,011
1,0,4642,income,011
1,0,4644,income,011
1,0,4646,income,011
1,0,4649,income,011
1,0,4650,income,011
1,0,4653,income,011
1,0,4656,income,011
1,0,4659,income,011
1,0,4660,income,011
1,0,4662,income,011
1,0,4666,income,011
1,0,4667,income,011
1,0,4670,income,011
1,0,4671,income,011
1,0,4673,income,011
1,0,4675,income,011
1,0,4679,income,011
1,0,4681,income,011
1,0,4682,income,011
1,0,4685,income,011
1,0,4688,income,011
1,0,4690,income,011
1,0,4692,income,011
1,0,4694,income,011
1,0,4699,income,011
1,0,4701,income,011
1,0,4703,income,011
1,0,4705,income,011
1,0,4707,income,011
1,0,4710,income,011
1,0,4712,income,011
1,0,4717,income,011
1,0,4721,income,011
1,0,4723,income,011
1,0,4725,income,011
1,0,4727,income,011
1,0,4729,income,011
1,0,4732,income,011
1,0,4733,income,011
1,0,4736,income,011
1,0,4738,income,011
1,0,4741,income,011
1,0,4744,income,011
1,0,4745,income,011
1,0,4747,income,011
1,0,4750,income,011
1,0,4753,income,011
1,0,4754,income,011
1,0,4757,income,011
1,0,4759,income,011
1,0,4763,income,011
1,0,4766,income,011
1,0,4769,income,011
1,0,4772,income,011
1,0,4775,income,011
1,0,4779,income,011
1,0,4782,income,011
1,0,4788,income,011
1,0,4789,income,011
1,0,4792,income,011
1,0,4794,income,011
1,0,4796,income,011
1,0,4798,income,011
1,0,4800,income,011
1,0,4803,income,011
1,0,4805,income,011
1,0,4808,income,011
1,0,4811,income,011
1,0,4813,income,011
1,0,4818,income,011
1,0,4820,income,011
1,0,4821,income,011
1,0,4827,income,011
1,0,4830,income,011
1,0,4832,income,011
1,0,4834,income,011
1,0,4835,income,011
1,0,4838,income,011
1,0,4840,income,011
1,0,4843,income,011
1,0,4844,income,011
1,0,4847,income,011
1,0,4850,income,011
1,0,4852,income,011
1,0,4854,income,011
1,0,4856,income,011
1,0,4859,income,011
1,0,4861,income,011
1,0,4863,income,011
1,0,4864,income,011
1,0,4866,income,011
1,0,4869,income,011
1,0,4872,income,011
1,0,4874,income,011
1,0,4876,income,011
1,0,4879,income,011
1,0,4881,income,011
1,0,4883,income,011
1,0,4884,income,011
1,0,4886,income,011
1,0,4890,income,011
1,0,4891,income,011
1,0,4895,income,011
1,0,4897,income,011
1,0,4900,income,011
1,0,4905,income,011
1,0,4907,income,011
1,0,4910,income,011
1,0,4912,income,011
1,0,4915,income,011
1,0,4919,income,011
1,0,4921,income,011
1,0,4923,income,011
1,0,4924,income,011
1,0,4927,income,011
1,0,4928,income,011
1,0,4931,income,011
1,0,4932,income,011
1,0,4934,income,011
1,0,4937,income,011
1,0,4939,income,011
1,0,4943,income,011
1,0,4945,income,011
1,0,4948,income,011
1,0,4950,income,011
1,0,4952,income,011
1,0,4955,income,011
1,0,4956,income,011
1,0,4960,income,011
1,0,4962,income,011
1,0,4966,income,011
1,0,4969,income,011
1,0,4970,income,011
1,0,4973,income,011
1,0,4976,income,011
1,0,4978,income,011
1,0,4980,income,011
1,0,4983,income,011
1,0,4984,income,011
1,0,4986,income,011
1,0,4989,income,011
1,0,4993,income,011
1,0,4996,income,011
1,0,4998,income,011
1,0,5000,income,011
1,0,5002,income,011
1,0,5003,income,011
1,0,5007,income,011
1,0,5010,income,011
1,0,5012,income,011
1,0,5015,income,011
1,0,5016,income,011
1,0,5020,income,011
1,0,5023,income,011
1,0,5025,income,011
1,0,5028,income,011
1,0,5029,income,011
1,0,5032,income,011
1,0,5035,income,011
1,0,5037,income,011
1,0,5039,income,011
1,0,5041,income,011
1,0,5043,income,011
1,0,5046,income,011
1,0,5048,income,011
1,0,5052,income,011
1,0,5055,income,011
1,0,5058,income,011
1,0,5061,income,011
1,0,5064,income,011
1,0,5066,income,011
1,0,5068,income,011
1,0,5070,income,011
1,0,5072,income,011
1,0,5075,income,011
1,0,5078,income,011
1,0,5079,income,011
1,0,5081,income,011
1,0,5084,income,011
1,0,5085,income,011
1,0,5087,income,011
1,0,5089,income,011
1,0,5091,income,011
1,0,5094,income,011
1,0,5096,income,011
1,0,5098,income,011
1,0,5100,income,011
1,0,5102,income,011
1,0,5104,income,011
1,0,5107,income,011
1,0,5111,income,011
1,0,5112,income,011
1,0,5116,income,011
1,0,5117,income,011
1,0,5120,income,011
1,0,5124,income,011
1,0,5125,income,011
1,0,5128,income,011
1,0,5129,income,011
1,0,5134,income,011
1,0,5136,income,011
1,0,5139,income,011
1,0,5141,income,011
1,0,5143,income,011
1,0,5144,income,011
1,0,5147,income,011
1,0,5149,income,011
1,0,5150,income,011
1,0,5153,income,011
1,0,5154,income,011
1,0,5158,income,011
1,0,5160,income,011
1,0,5162,income,011
1,0,5164,income,011
1,0,5167,income,011
1,0,5168,income,011
1,0,5171,income,011
1,0,5173,income,011
1,0,5176,income,011
1,0,5178,income,011
1,0,5181,income,011
1,0,5183,income,011
1,0,5184,income,011
1,0,5189,income,011
1,0,5192,income,011
1,0,5195,income,011
1,0,5197,income,011
1,0,5199,income,011
1,0,5203,income,011
1,0,5205,income,011
1,0,5207,income,011
1,0,5210,income,011
1,0,5213,income,011
1,0,5218,income,011
1,0,5223,income,011
1,0,5225,income,011
1,0,5227,income,011
1,0,5229,income,011
1,0,5232,income,011
1,0,5234,income,011
1,0,5236,income,011
1,0,5240,income,011
1,0,5242,income,011
1,0,5245,income,011
1,0,5247,income,011
1,0,5248,income,011
1,0,5251,income,011
1,0,5254,income,011
1,0,5256,income,011
1,0,5257,income,011
1,0,5261,income,011
1,0,5263,income,011
1,0,5264,income,011
1,0,5267,income,011
1,0,5271,income,011
1,0,5272,income,011
1,0,5274,income,011
1,0,5276,income,011
1,0,5279,income,011
1,0,5281,income,011
1,0,5282,income,011
1,0,5285,income,011
1,0,5289,income,011
1,0,5290,income,011
1,0,5293,income,011
1,0,5295,income,011
1,0,5297,income,011
1,0,5299,income,011
1,0,5302,income,011
1,0,5303,income,011
1,0,5305,income,011
1,0,5308,income,011
1,0,5310,income,011
1,0,5312,income,011
1,0,5314,income,011
1,0,5317,income,011
1,0,5320,income,011
1,0,5321,income,011
1,0,5323,income,011
1,0,5329,income,011
1,0,5331,income,011
1,0,5333,income,011
1,0,5334,income,011
1,0,5337,income,011
1,0,5339,income,011
1,0,5342,income,011
1,0,5343,income,011
1,0,5346,income,011
1,0,5348,income,011
1,0,5350,income,011
1,0,5352,income,011
1,0,5354,income,011
1,0,5358,income,011
1,0,5360,income,011
1,0,5362,income,011
1,0,5363,income,011
1,0,5365,income,011
1,0,5369,income,011
1,0,5371,income,011
1,0,5373,income,011
1,0,5375,income,011
1,0,5377,income,011
1,0,5379,income,011
1,0,5383,income,011
1,0,5384,income,011
1,0,5386,income,011
1,0,5391,income,011
1,0,5393,income,011
1,0,5395,income,011
1,0,5396,income,011
1,0,5399,income,011
1,0,5402,income,011
1,0,5404,income,011
1,0,5408,income,011
1,0,5410,income,011
1,0,5412,income,011
1,0,5414,income,011
1,0,5416,income,011
1,0,5419,income,011
1,0,5423,income,011
1,0,5425,income,011
1,0,5427,income,011
1,0,5430,income,011
1,0,5432,income,011
1,0,5435,income,011
1,0,5438,income,011
1,0,5440,income,011
1,0,5443,income,011
1,0,5446,income,011
1,0,5448,income,011
1,0,5450,income,011
1,0,5453,income,011
1,0,5457,income,011
1,0,5460,income,011
1,0,5466,income,011
1,0,5468,income,011
1,0,5470,income,011
1,0,5472,income,011
1,0,5475,income,011
1,0,5476,income,011
1,0,5478,income,011
1,0,5480,income,011
1,0,5482,income,011
1,0,5484,income,011
1,0,5486,income,011
1,0,5490,income,011
1,0,5491,income,011
1,0,5494,income,011
1,0,5496,income,011
1,0,5497,income,011
1,0,5499,income,011
1,0,5501,income,011
1,0,5504,income,011
1,0,5507,income,011
1,0,5509,income,011
1,0,5512,income,011
1,0,5514,income,011
1,0,5516,income,011
1,0,5518,income,011
1,0,5521,income,011
1,0,5524,income,011
1,0,5525,income,011
1,0,5528,income,011
1,0,5531,income,011
1,0,5533,income,011
1,0,5535,income,011
1,0,5539,income,011
1,0,5540,income,011
1,0,5543,income,011
1,0,5545,income,011
1,0,5546,income,011
1,0,5551,income,011
1,0,5552,income,011
1,0,5555,income,011
1,0,5559,income,011
1,0,5561,income,011
1,0,5563,income,011
1,0,5565,income,011
1,0,5566,income,011
1,0,5569,income,011
1,0,5571,income,011
1,0,5574,income,011
1,0,5576,income,011
1,0,5578,income,011
1,0,5580,income,011
1,0,5582,income,011
1,0,5584,income,011
1,0,5588,income,011
1,0,5591,income,011
1,0,5592,income,011
1,0,5595,income,011
1,0,5597,income,011
1,0,5599,income,011
1,0,5601,income,011
1,0,5603,income,011
1,0,5606,income,011
1,0,5607,income,011
1,0,5609,income,011
1,0,5611,income,011
1,0,5613,income,011
1,0,5615,income,011
1,0,5617,income,011
1,0,5622,income,011
1,0,5625,income,011
1,0,5627,income,011
1,0,5628,income,011
1,0,5632,income,011
1,0,5634,income,011
1,0,5636,income,011
1,0,5639,income,011
1,0,5642,income,011
1,0,5645,income,011
1,0,5647,income,011
1,0,5649,income,011
1,0,5651,income,011
1,0,5653,income,011
1,0,5656,income,011
1,0,5658,income,011
1,0,5660,income,011
1,0,5663,income,011
1,0,5665,income,011
1,0,5667,income,011
1,0,5670,income,011
1,0,5672,income,011
1,0,5674,income,011
1,0,5676,income,011
1,0,5681,income,011
1,0,5682,income,011
1,0,5684,income,011
1,0,5687,income,011
1,0,5689,income,011
1,0,5692,income,011
1,0,5693,income,011
1,0,5695,income,011
1,0,5698,income,011
1,0,5699,income,011
1,0,5701,income,011
1,0,5705,income,011
1,0,5707,income,011
1,0,5709,income,011
1,0,5710,income,011
1,0,5714,income,011
1,0,5717,income,011
1,0,5718,income,011
1,0,5722,income,011
1,0,5725,income,011
1,0,5729,income,011
1,0,5733,income,011
1,0,5735,income,011
1,0,5736,income,011
1,0,5739,income,011
1,0,5741,income,011
1,0,5745,income,011
1,0,5746,income,011
1,0,5748,income,011
1,0,5750,income,011
1,0,5754,income,011
1,0,5756,income,011
1,0,5758,income,011
1,0,5761,income,011
1,0,5763,income,011
1,0,5766,income,011
1,0,5768,income,011
1,0,5773,income,011
1,0,5775,income,011
1,0,5777,income,011
1,0,5780,income,011
1,0,5782,income,011
1,0,5784,income,011
1,0,5785,income,011
1,0,5787,income,011
1,0,5789,income,011
1,0,5791,income,011
1,0,5794,income,011
1,0,5798,income,011
1,0,5800,income,011
1,0,5803,income,011
1,0,5804,income,011
1,0,5806,income,011
1,0,5810,income,011
1,0,5811,income,011
1,0,5813,income,011
1,0,5815,income,011
1,0,5819,income,011
1,0,5820,income,011
1,0,5822,income,011
1,0,5824,income,011
1,0,5826,income,011
1,0,5831,income,011
1,0,5833,income,011
1,0,5834,income,011
1,0,5839,income,011
1,0,5841,income,011
1,0,5842,income,011
1,0,5846,income,011
1,0,5849,income,011
1,0,5851,income,011
1,0,5856,income,011
1,0,5858,income,011
1,0,5859,income,011
1,0,5861,income,011
1,0,5866,income,011
1,0,5868,income,011
1,0,5870,income,011
1,0,5873,income,011
1,0,5874,income,011
1,0,5876,income,011
1,0,5882,income,011
1,0,5887,income,011
1,0,5891,income,011
1,0,5892,income,011
1,0,5897,income,011
1,0,5901,income,011
1,0,5905,income,011
1,0,5908,income,011
1,0,5910,income,011
1,0,5913,income,011
1,0,5917,income,011
1,0,5919,income,011
1,0,5921,income,011
1,0,5923,income,011
1,0,5925,income,011
1,0,5928,income,011
1,0,5930,income,011
1,0,5932,income,011
1,0,5935,income,011
1,0,5936,income,011
1,0,5938,income,011
1,0,5940,income,011
1,0,5942,income,011
1,0,5945,income,011
1,0,5946,income,011
1,0,5948,income,011
1,0,5950,income,011
1,0,5953,income,011
1,0,5955,income,011
1,0,5957,income,011
1,0,5958,income,011
1,0,5962,income,011
1,0,5966,income,011
1,0,5969,income,011
1,0,5972,income,011
1,0,5974,income,011
1,0,5977,income,011
1,0,5979,income,011
1,0,5982,income,011
1,0,5985,income,011
1,0,5989,income,011
1,0,5991,income,011
1,0,5992,income,011
1,0,5995,income,011
1,0,5997,income,011
1,0,6000,income,011
1,0,6008,income,011
1,0,6010,income,011
1,0,6014,income,011
1,0,6017,income,011
1,0,6019,income,011
1,0,6023,income,011
1,0,6025,income,011
1,0,6027,income,011
1,0,6029,income,011
1,0,6031,income,011
1,0,6033,income,011
1,0,6036,income,011
1,0,6037,income,011
1,0,6039,income,011
1,0,6042,income,011
1,0,6044,income,011
1,0,6047,income,011
1,0,6049,income,011
1,0,6050,income,011
1,0,6052,income,011
1,0,6054,income,011
1,0,6056,income,011
1,0,6058,income,011
1,0,6061,income,011
1,0,6063,income,011
1,0,6065,income,011
1,0,6068,income,011
1,0,6069,income,011
1,0,6072,income,011
1,0,6075,income,011
1,0,6079,income,011
1,0,6082,income,011
1,0,6085,income,011
1,0,6091,income,011
1,0,6093,income,011
1,0,6096,income,011
1,0,6098,income,011
1,0,6100,income,011
1,0,6103,income,011
1,0,6105,income,011
1,0,6107,income,011
1,0,6108,income,011
1,0,6112,income,011
1,0,6117,income,011
1,0,6119,income,011
1,0,6121,income,011
1,0,6124,income,011
1,0,6125,income,011
1,0,6128,income,011
1,0,6130,income,011
1,0,6132,income,011
1,0,6135,income,011
1,0,6137,income,011
1,0,6141,income,011
1,0,6143,income,011
1,0,6145,income,011
1,0,6147,income,011
1,0,6150,income,011
1,0,6153,income,011
1,0,6155,income,011
1,0,6156,income,011
1,0,6158,income,011
1,0,6161,income,011
1,0,6164,income,011
1,0,6166,income,011
1,0,6168,income,011
1,0,6171,income,011
1,0,6173,income,011
1,0,6175,income,011
1,0,6179,income,011
1,0,6182,income,011
1,0,6184,income,011
1,0,6186,income,011
1,0,6188,income,011
1,0,6190,income,011
1,0,6193,income,011
1,0,6197,income,011
1,0,6201,income,011
1,0,6204,income,011
1,0,6206,income,011
1,0,6209,income,011
1,0,6212,income,011
1,0,6215,income,011
1,0,6216,income,011
1,0,6220,income,011
1,0,6223,income,011
1,0,6227,income,011
1,0,6229,income,011
1,0,6231,income,011
1,0,6235,income,011
1,0,6241,income,011
1,0,6243,income,011
1,0,6246,income,011
1,0,6247,income,011
1,0,6249,income,011
1,0,6252,income,011
1,0,6255,income,011
1,0,6258,income,011
1,0,6260,income,011
1,0,6264,income,011
1,0,6267,income,011
1,0,6269,income,011
1,0,6271,income,011
1,0,6273,income,011
1,0,6274,income,011
1,0,6278,income,011
1,0,6280,income,011
1,0,6284,income,011
1,0,6286,income,011
1,0,6288,income,011
1,0,6290,income,011
1,0,6292,income,011
1,0,6296,income,011
1,0,6298,income,011
1,0,6299,income,011
1,0,6302,income,011
1,0,6304,income,011
1,0,6305,income,011
1,0,6308,income,011
1,0,6311,income,011
1,0,6314,income,011
1,0,6317,income,011
1,0,6319,income,011
1,0,6320,income,011
1,0,6322,income,011
1,0,6327,income,011
1,0,6329,income,011
1,0,6331,income,011
1,0,6332,income,011
1,0,6334,income,011
1,0,6337,income,011
1,0,6340,income,011
1,0,6342,income,011
1,0,6344,income,011
1,0,6349,income,011
1,0,6351,income,011
1,0,6356,income,011
1,0,6357,income,011
1,0,6361,income,011
1,0,6363,income,011
1,0,6369,income,011
1,0,6370,income,011
1,0,6372,income,011
1,0,6376,income,011
1,0,6378,income,011
1,0,6381,income,011
1,0,6383,income,011
1,0,6384,income,011
1,0,6386,income,011
1,0,6390,income,011
1,0,6392,income,011
1,0,6394,income,011
1,0,6395,income,011
1,0,6400,income,011
1,0,6402,income,011
1,0,6406,income,011
1,0,6408,income,011
1,0,6410,income,011
1,0,6412,income,011
1,0,6414,income,011
1,0,6417,income,011
1,0,6418,income,011
1,0,6421,income,011
1,0,6423,income,011
1,0,6426,income,011
1,0,6430,income,011
1,0,6432,income,011
1,0,6434,income,011
1,0,6439,income,011
1,0,6441,income,011
1,0,6442,income,011
1,0,6445,income,011
1,0,6447,income,011
1,0,6449,income,011
1,0,6451,income,011
1,0,6454,income,011
1,0,6457,income,011
1,0,6459,income,011
1,0,6461,income,011
1,0,6463,income,011
1,0,6466,income,011
1,0,6468,income,011
1,0,6469,income,011
1,0,6472,income,011
1,0,6473,income,011
1,0,6475,income,011
1,0,6477,income,011
1,0,6480,income,011
1,0,6484,income,011
1,0,6486,income,011
1,0,6487,income,011
1,0,6490,income,011
1,0,6493,income,011
1,0,6496,income,011
1,0,6498,income,011
1,0,6500,income,011
1,0,6507,income,011
1,0,6509,income,011
1,0,6511,income,011
1,0,6512,income,011
1,0,6516,income,011
1,0,6517,income,011
1,0,6519,income,011
1,0,6522,income,011
1,0,6524,income,011
1,0,6526,income,011
1,0,6528,income,011
1,0,6531,income,011
1,0,6533,income,011
1,0,6536,income,011
1,0,6541,income,011
1,0,6542,income,011
1,0,6547,income,011
1,0,6549,income,011
1,0,6550,income,011
1,0,6553,income,011
1,0,6555,income,011
1,0,6556,income,011
1,0,6560,income,011
1,0,6563,income,011
1,0,6565,income,011
1,0,6568,income,011
1,0,6571,income,011
1,0,6573,income,011
1,0,6575,income,011
1,0,6577,income,011
1,0,6579,income,011
1,0,6581,income,011
1,0,6583,income,011
1,0,6587,income,011
1,0,6589,income,011
1,0,6591,income,011
1,0,6593,income,011
1,0,6597,income,011
1,0,6599,income,011
1,0,6601,income,011
1,0,6602,income,011
1,0,6604,income,011
1,0,6607,income,011
1,0,6608,income,011
1,0,6611,income,011
1,0,6614,income,011
1,0,6618,income,011
1,0,6619,income,011
1,0,6621,income,011
1,0,6623,income,011
1,0,6626,income,011
1,0,6628,income,011
1,0,6631,income,011
1,0,6632,income,011
1,0,6634,income,011
1,0,6636,income,011
1,0,6638,income,011
1,0,6640,income,011
1,0,6642,income,011
1,0,6644,income,011
1,0,6646,income,011
1,0,6650,income,011
1,0,6652,income,011
1,0,6654,income,011
1,0,6655,income,011
1,0,6658,income,011
1,0,6660,income,011
1,0,6662,income,011
1,0,6664,income,011
1,0,6666,income,011
1,0,6670,income,011
1,0,6672,income,011
1,0,6674,income,011
1,0,6676,income,011
1,0,6678,income,011
1,0,6680,income,011
1,0,6683,income,011
1,0,6686,income,011
1,0,6689,income,011
1,0,6691,income,011
1,0,6694,income,011
1,0,6695,income,011
1,0,6697,income,011
1,0,6700,income,011
1,0,6702,income,011
1,0,6704,income,011
1,0,6706,income,011
1,0,6708,income,011
1,0,6709,income,011
1,0,6711,income,011
1,0,6714,income,011
1,0,6716,income,011
1,0,6718,income,011
1,0,6722,income,011
1,0,6725,income,011
1,0,6727,income,011
1,0,6728,income,011
1,0,6731,income,011
1,0,6735,income,011
1,0,6738,income,011
1,0,6742,income,011
1,0,6744,income,011
1,0,6748,income,011
1,0,6751,income,011
1,0,6754,income,011
1,0,6756,income,011
1,0,6759,income,011
1,0,6762,income,011
1,0,6765,income,011
1,0,6767,income,011
1,0,6768,income,011
1,0,6772,income,011
1,0,6773,income,011
1,0,6776,income,011
1,0,6778,income,011
1,0,6780,income,011
1,0,6783,income,011
1,0,6785,income,011
1,0,6787,income,011
1,0,6789,income,011
1,0,6791,income,011
1,0,6793,income,011
1,0,6798,income,011
1,0,6800,income,011
1,0,6802,income,011
1,0,6808,income,011
1,0,6810,income,011
1,0,6811,income,011
1,0,6814,income,011
1,0,6816,income,011
1,0,6818,income,011
1,0,6821,income,011
1,0,6823,income,011
1,0,6825,income,011
1,0,6827,income,011
1,0,6829,income,011
1,0,6831,income,011
1,0,6833,income,011
1,0,6835,income,011
1,0,6837,income,011
1,0,6839,income,011
1,0,6841,income,011
1,0,6843,income,011
1,0,6846,income,011
1,0,6848,income,011
1,0,6850,income,011
1,0,6854,income,011
1,0,6857,income,011
1,0,6858,income,011
1,0,6861,income,011
1,0,6863,income,011
1,0,6864,income,011
1,0,6867,income,011
1,0,6869,income,011
1,0,6873,income,011
1,0,6876,income,011
1,0,6878,income,011
1,0,6880,income,011
1,0,6882,income,011
1,0,6888,income,011
1,0,6889,income,011
1,0,6892,income,011
1,0,6895,income,011
1,0,6899,income,011
1,0,6902,income,011
1,0,6904,income,011
1,0,6907,income,011
1,0,6908,income,011
1,0,6910,income,011
1,0,6913,income,011
1,0,6917,income,011
1,0,6919,income,011
1,0,6922,income,011
1,0,6925,income,011
1,0,6928,income,011
1,0,6931,income,011
1,0,6934,income,011
1,0,6936,income,011
1,0,6940,income,011
1,0,6942,income,011
1,0,6945,income,011
1,0,6947,income,011
1,0,6949,income,011
1,0,6953,income,011
1,0,6955,income,011
1,0,6956,income,011
1,0,6958,income,011
1,0,6961,income,011
1,0,6965,income,011
1,0,6966,income,011
1,0,6972,income,011
1,0,6974,income,011
1,0,6976,income,011
1,0,6978,income,011
1,0,6981,income,011
1,0,6983,income,011
1,0,6987,income,011
1,0,6991,income,011
1,0,6993,income,011
1,0,6996,income,011
1,0,6998,income,011
1,0,7001,income,011
1,0,7002,income,011
1,0,7006,income,011
1,0,7010,income,011
1,0,7015,income,011
1,0,7018,income,011
1,0,7020,income,011
1,0,7022,income,011
1,0,7025,income,011
1,0,7027,income,011
1,0,7030,income,011
1,0,7032,income,011
1,0,7034,income,011
1,0,7036,income,011
1,0,7037,income,011
1,0,7040,income,011
1,0,7041,income,011
1,0,7044,income,011
1,0,7047,income,011
1,0,7051,income,011
1,0,7054,income,011
1,0,7056,income,011
1,0,7058,income,011
1,0,7059,income,011
1,0,7062,income,011
1,0,7063,income,011
1,0,7066,income,011
1,0,7069,income,011
1,0,7072,income,011
1,0,7076,income,011
1,0,7077,income,011
1,0,7080,income,011
1,0,7082,income,011
1,0,7084,income,011
1,0,7086,income,011
1,0,7089,income,011
1,0,7091,income,011
1,0,7092,income,011
1,0,7095,income,011
1,0,7097,income,011
1,0,7099,income,011
1,0,7103,income,011
1,0,7104,income,011
1,0,7107,income,011
1,0,7110,income,011
1,0,7112,income,011
1,0,7114,income,011
1,0,7117,income,011
1,0,7119,income,011
1,0,7122,income,011
1,0,7124,income,011
1,0,7125,income,011
1,0,7128,income,011
1,0,7130,income,011
1,0,7133,income,011
1,0,7135,income,011
1,0,7140,income,011
1,0,7143,income,011
1,0,7145,income,011
1,0,7147,income,011
1,0,7150,income,011
1,0,7151,income,011
1,0,7153,income,011
1,0,7157,income,011
1,0,7159,income,011
1,0,7160,income,011
1,0,7162,income,011
1,0,7164,income,011
1,0,7167,income,011
1,0,7169,income,011
1,0,7172,income,011
1,0,7174,income,011
1,0,7176,income,011
1,0,7179,income,011
1,0,7180,income,011
1,0,7184,income,011
1,0,7186,income,011
1,0,7191,income,011
1,0,7194,income,011
1,0,7196,income,011
1,0,7199,income,011
1,0,7201,income,011
1,0,7203,income,011
1,0,7205,income,011
1,0,7208,income,011
1,0,7211,income,011
1,0,7213,income,011
1,0,7215,income,011
1,0,7217,income,011
1,0,7219,income,011
1,0,7221,income,011
1,0,7225,income,011
1,0,7227,income,011
1,0,7229,income,011
1,0,7232,income,011
1,0,7234,income,011
1,0,7237,income,011
1,0,7239,income,011
1,0,7240,income,011
1,0,7242,income,011
1,0,7244,income,011
1,0,7246,income,011
1,0,7251,income,011
1,0,7252,income,011
1,0,7254,income,011
1,0,7258,income,011
1,0,7261,income,011
1,0,7263,income,011
1,0,7264,income,011
1,0,7266,income,011
1,0,7268,income,011
1,0,7270,income,011
1,0,7273,income,011
1,0,7276,income,011
1,0,7277,income,011
1,0,7280,income,011
1,0,7282,income,011
1,0,7284,income,011
1,0,7286,income,011
1,0,7288,income,011
1,0,7290,income,011
1,0,7292,income,011
1,0,7295,income,011
1,0,7297,income,011
1,0,7301,income,011
1,0,7303,income,011
1,0,7306,income,011
1,0,7308,income,011
1,0,7312,income,011
1,0,7314,income,011
1,0,7316,income,011
1,0,7319,income,011
1,0,7321,income,011
1,0,7323,income,011
1,0,7324,income,011
1,0,7327,income,011
1,0,7330,income,011
1,0,7332,income,011
1,0,7334,income,011
1,0,7336,income,011
1,0,7337,income,011
1,0,7343,income,011
1,0,7345,income,011
1,0,7346,income,011
1,0,7351,income,011
1,0,7353,income,011
1,0,7355,income,011
1,0,7357,income,011
1,0,7359,income,011
1,0,7362,income,011
1,0,7364,income,011
1,0,7367,income,011
1,0,7370,income,011
1,0,7372,income,011
1,0,7373,income,011
1,0,7375,income,011
1,0,7378,income,011
1,0,7380,income,011
1,0,7383,income,011
1,0,7384,income,011
1,0,7386,income,011
1,0,7392,income,011
1,0,7396,income,011
1,0,7397,income,011
1,0,7400,income,011
1,0,7403,income,011
1,0,7405,income,011
1,0,7406,income,011
1,0,7409,income,011
1,0,7411,income,011
1,0,7414,income,011
1,0,7416,income,011
1,0,7418,income,011
1,0,7420,income,011
1,0,7423,income,011
1,0,7425,income,011
1,0,7427,income,011
1,0,7430,income,011
1,0,7433,income,011
1,0,7435,income,011
1,0,7438,income,011
1,0,7439,income,011
1,0,7442,income,011
1,0,7448,income,011
1,0,7450,income,011
1,0,7452,income,011
1,0,7454,income,011
1,0,7455,income,011
1,0,7457,income,011
1,0,7460,income,011
1,0,7463,income,011
1,0,7464,income,011
1,0,7466,income,011
1,0,7468,income,011
1,0,7473,income,011
1,0,7475,income,011
1,0,7478,income,011
1,0,7481,income,011
1,0,7482,income,011
1,0,7487,income,011
1,0,7488,income,011
1,0,7490,income,011
1,0,7493,income,011
1,0,7497,income,011
1,0,7499,income,011
1,0,7501,income,011
1,0,7505,income,011
1,0,7508,income,011
1,0,7509,income,011
1,0,7515,income,011
1,0,7516,income,011
1,0,7518,income,011
1,0,7520,income,011
1,0,7523,income,011
1,0,7525,income,011
1,0,7529,income,011
1,0,7530,income,011
1,0,7532,income,011
1,0,7535,income,011
1,0,7537,income,011
1,0,7539,income,011
1,0,7541,income,011
1,0,7543,income,011
1,0,7545,income,011
1,0,7547,income,011
1,0,7548,income,011
1,0,7550,income,011
1,0,7552,income,011
1,0,7554,income,011
1,0,7558,income,011
1,0,7561,income,011
1,0,7564,income,011
1,0,7565,income,011
1,0,7567,income,011
1,0,7572,income,011
1,0,7574,income,011
1,0,7576,income,011
1,0,7578,income,011
1,0,7580,income,011
1,0,7583,income,011
1,0,7587,income,011
1,0,7589,income,011
1,0,7591,income,011
1,0,7594,income,011
1,0,7597,income,011
1,0,7598,income,011
1,0,7600,income,011
1,0,7602,income,011
1,0,7604,income,011
1,0,7608,income,011
1,0,7609,income,011
1,0,7612,income,011
1,0,7614,income,011
1,0,7616,income,011
1,0,7618,income,011
1,0,7619,income,011
1,0,7622,income,011
1,0,7625,income,011
1,0,7629,income,011
1,0,7632,income,011
1,0,7636,income,011
1,0,7638,income,011
1,0,7640,income,011
1,0,7642,income,011
1,0,7644,income,011
1,0,7647,income,011
1,0,7649,income,011
1,0,7651,income,011
1,0,7655,income,011
1,0,7657,income,011
1,0,7659,income,011
1,0,7663,income,011
1,0,7664,income,011
1,0,7666,income,011
1,0,7668,income,011
1,0,7671,income,011
1,0,7673,income,011
1,0,7676,income,011
1,0,7679,income,011
1,0,7681,income,011
1,0,7683,income,011
1,0,7685,income,011
1,0,7688,income,011
1,0,7689,income,011
1,0,7691,income,011
1,0,7696,income,011
1,0,7701,income,011
1,0,7703,income,011
1,0,7705,income,011
1,0,7707,income,011
1,0,7709,income,011
1,0,7711,income,011
1,0,7713,income,011
1,0,7717,income,011
1,0,7719,income,011
1,0,7720,income,011
1,0,7723,income,011
1,0,7726,income,011
1,0,7728,income,011
1,0,7731,income,011
1,0,7732,income,011
1,0,7735,income,011
1,0,7737,income,011
1,0,7739,income,011
1,0,7741,income,011
1,0,7742,income,011
1,0,7744,income,011
1,0,7746,income,011
1,0,7748,income,011
1,0,7752,income,011
1,0,7755,income,011
1,0,7758,income,011
1,0,7760,income,011
1,0,7762,income,011
1,0,7764,income,011
1,0,7765,income,011
1,0,7767,income,011
1,0,7769,income,011
1,0,7772,income,011
1,0,7778,income,011
1,0,7780,income,011
1,0,7783,income,011
1,0,7785,income,011
1,0,7786,income,011
1,0,7789,income,011
1,0,7791,income,011
1,0,7793,income,011
1,0,7796,income,011
1,0,7797,income,011
1,0,7799,income,011
1,0,7801,income,011
1,0,7803,income,011
1,0,7809,income,011
1,0,7812,income,011
1,0,7813,income,011
1,0,7816,income,011
1,0,7820,income,011
1,0,7823,income,011
1,0,7825,income,011
1,0,7826,income,011
1,0,7829,income,011
1,0,7831,income,011
1,0,7834,income,011
1,0,7836,income,011
1,0,7839,income,011
1,0,7842,income,011
1,0,7843,income,011
1,0,7849,income,011
1,0,7853,income,011
1,0,7857,income,011
1,0,7861,income,011
1,0,7864,income,011
1,0,7865,income,011
1,0,7867,income,011
1,0,7870,income,011
1,0,7875,income,011
1,0,7877,income,011
1,0,7879,income,011
1,0,7881,income,011
1,0,7885,income,011
1,0,7886,income,011
1,0,7888,income,011
1,0,7890,income,011
1,0,7892,income,011
1,0,7894,income,011
1,0,7897,income,011
1,0,7899,income,011
1,0,7902,income,011
1,0,7904,income,011
1,0,7906,income,011
1,0,7907,income,011
1,0,7909,income,011
1,0,7912,income,011
1,0,7915,income,011
1,0,7917,income,011
1,0,7919,income,011
1,0,7921,income,011
1,0,7923,income,011
1,0,7925,income,011
1,0,7929,income,011
1,0,7931,income,011
1,0,7933,income,011
1,0,7937,income,011
1,0,7938,income,011
1,0,7941,income,011
1,0,7943,income,011
1,0,7945,income,011
1,0,7947,income,011
1,0,7950,income,011
1,0,7952,income,011
1,0,7956,income,011
1,0,7963,income,011
1,0,7965,income,011
1,0,7966,income,011
1,0,7968,income,011
1,0,7973,income,011
1,0,7976,income,011
1,0,7979,income,011
1,0,7980,income,011
1,0,7982,income,011
1,0,7984,income,011
1,0,7986,income,011
1,0,7990,income,011
1,0,7993,income,011
1,0,7996,income,011
1,0,7999,income,011
1,0,8004,income,011
1,0,8007,income,011
1,0,8008,income,011
1,0,8010,income,011
1,0,8012,income,011
1,0,8014,income,011
1,0,8017,income,011
1,0,8019,income,011
1,0,8021,income,011
1,0,8023,income,011
1,0,8025,income,011
1,0,8030,income,011
1,0,8032,income,011
1,0,8034,income,011
1,0,8038,income,011
1,0,8041,income,011
1,0,8043,income,011
1,0,8045,income,011
1,0,8047,income,011
1,0,8050,income,011
1,0,8053,income,011
1,0,8055,income,011
1,0,8058,income,011
1,0,8062,income,011
1,0,8064,income,011
1,0,8068,income,011
1,0,8070,income,011
1,0,8073,income,011
1,0,8076,income,011
1,0,8079,income,011
1,0,8081,income,011
1,0,8083,income,011
1,0,8085,income,011
1,0,8086,income,011
1,0,8088,income,011
1,0,8090,income,011
1,0,8094,income,011
1,0,8099,income,011
1,0,8100,income,011
1,0,8102,income,011
1,0,8105,income,011
1,0,8108,income,011
1,0,8111,income,011
1,0,8113,income,011
1,0,8115,income,011
1,0,8117,income,011
1,0,8119,income,011
1,0,8120,income,011
1,0,8122,income,011
1,0,8124,income,011
1,0,8127,income,011
1,0,8129,income,011
1,0,8131,income,011
1,0,8134,income,011
1,0,8136,income,011
1,0,8139,income,011
1,0,8142,income,011
1,0,8144,income,011
1,0,8146,income,011
1,0,8149,income,011
1,0,8150,income,011
1,0,8153,income,011
1,0,8154,income,011
1,0,8156,income,011
1,0,8159,income,011
1,0,8161,income,011
1,0,8164,income,011
1,0,8165,income,011
1,0,8167,income,011
1,0,8169,income,011
1,0,8172,income,011
1,0,8176,income,011
1,0,8180,income,011
1,0,8182,income,011
1,0,8184,income,011
1,0,8187,income,011
1,0,8189,income,011
1,0,8192,income,011
1,0,8195,income,011
1,0,8197,income,011
1,0,8199,income,011
1,0,8201,income,011
1,0,8205,income,011
1,0,8208,income,011
1,0,8211,income,011
1,0,8213,income,011
1,0,8215,income,011
1,0,8217,income,011
1,0,8218,income,011
1,0,8221,income,011
1,0,8223,income,011
1,0,8228,income,011
1,0,8229,income,011
1,0,8232,income,011
1,0,8234,income,011
1,0,8238,income,011
1,0,8240,income,011
1,0,8242,income,011
1,0,8244,income,011
1,0,8246,income,011
1,0,8248,income,011
1,0,8252,income,011
1,0,8257,income,011
1,0,8258,income,011
1,0,8260,income,011
1,0,8263,income,011
1,0,8266,income,011
1,0,8269,income,011
1,0,8271,income,011
1,0,8272,income,011
1,0,8275,income,011
1,0,8277,income,011
1,0,8280,income,011
1,0,8283,income,011
1,0,8289,income,011
1,0,8290,income,011
1,0,8292,income,011
1,0,8295,income,011
1,0,8297,income,011
1,0,8300,income,011
1,0,8302,income,011
1,0,8304,income,011
1,0,8307,income,011
1,0,8309,income,011
1,0,8312,income,011
1,0,8314,income,011
1,0,8315,income,011
1,0,8317,income,011
1,0,8320,income,011
1,0,8322,income,011
1,0,8324,income,011
1,0,8326,income,011
1,0,8329,income,011
1,0,8333,income,011
1,0,8335,income,011
1,0,8337,income,011
1,0,8340,income,011
1,0,8343,income,011
1,0,8347,income,011
1,0,8349,income,011
1,0,8350,income,011
1,0,8352,income,011
1,0,8354,income,011
1,0,8357,income,011
1,0,8358,income,011
1,0,8363,income,011
1,0,8366,income,011
1,0,8370,income,011
1,0,8373,income,011
1,0,8377,income,011
1,0,8378,income,011
1,0,8381,income,011
1,0,8383,income,011
1,0,8386,income,011
1,0,8388,income,011
1,0,8390,income,011
1,0,8392,income,011
1,0,8393,income,011
1,0,8396,income,011
1,0,8401,income,011
1,0,8402,income,011
1,0,8404,income,011
1,0,8407,income,011
1,0,8410,income,011
1,0,8413,income,011
1,0,8416,income,011
1,0,8418,income,011
1,0,8419,income,011
1,0,8421,income,011
1,0,8423,income,011
1,0,8428,income,011
1,0,8430,income,011
1,0,8434,income,011
1,0,8436,income,011
1,0,8437,income,011
1,0,8439,income,011
1,0,8442,income,011
1,0,8446,income,011
1,0,8448,income,011
1,0,8451,income,011
1,0,8456,income,011
1,0,8457,income,011
1,0,8460,income,011
1,0,8462,income,011
1,0,8465,income,011
1,0,8468,income,011
1,0,8472,income,011
1,0,8474,income,011
1,0,8477,income,011
1,0,8478,income,011
1,0,8480,income,011
1,0,8482,income,011
1,0,8485,income,011
1,0,8488,income,011
1,0,8490,income,011
1,0,8491,income,011
1,0,8493,income,011
1,0,8496,income,011
1,0,8498,income,011
1,0,8499,income,011
1,0,8501,income,011
1,0,8504,income,011
1,0,8506,income,011
1,0,8509,income,011
1,0,8512,income,011
1,0,8518,income,011
1,0,8521,income,011
1,0,8526,income,011
1,0,8528,income,011
1,0,8530,income,011
1,0,8531,income,011
1,0,8534,income,011
1,0,8536,income,011
1,0,8537,income,011
1,0,8539,income,011
1,0,8541,income,011
1,0,8544,income,011
1,0,8548,income,011
1,0,8550,income,011
1,0,8552,income,011
1,0,8554,income,011
1,0,8556,income,011
1,0,8558,income,011
1,0,8560,income,011
1,0,8562,income,011
1,0,8565,income,011
1,0,8568,income,011
1,0,8575,income,011
1,0,8578,income,011
1,0,8580,income,011
1,0,8583,income,011
1,0,8584,income,011
1,0,8587,income,011
1,0,8591,income,011
1,0,8595,income,011
1,0,8597,income,011
1,0,8599,income,011
1,0,8600,income,011
1,0,8602,income,011
1,0,8605,income,011
1,0,8607,income,011
1,0,8608,income,011
1,0,8611,income,011
1,0,8613,income,011
1,0,8616,income,011
1,0,8619,income,011
1,0,8621,income,011
1,0,8623,income,011
1,0,8625,income,011
1,0,8629,income,011
1,0,8632,income,011
1,0,8633,income,011
1,0,8635,income,011
1,0,8638,income,011
1,0,8640,income,011
1,0,8643,income,011
1,0,8646,income,011
1,0,8652,income,011
1,0,8655,income,011
1,0,8657,income,011
1,0,8660,income,011
1,0,8662,income,011
1,0,8665,income,011
1,0,8667,income,011
1,0,8670,income,011
1,0,8671,income,011
1,0,8677,income,011
1,0,8679,income,011
1,0,8683,income,011
1,0,8685,income,011
1,0,8686,income,011
1,0,8691,income,011
1,0,8694,income,011
1,0,8695,income,011
1,0,8697,income,011
1,0,8699,income,011
1,0,8701,income,011
1,0,8704,income,011
1,0,8706,income,011
1,0,8711,income,011
1,0,8713,income,011
1,0,8715,income,011
1,0,8717,income,011
1,0,8719,income,011
1,0,8722,income,011
1,0,8724,income,011
1,0,8725,income,011
1,0,8727,income,011
1,0,8730,income,011
1,0,8732,income,011
1,0,8735,income,011
1,0,8739,income,011
1,0,8742,income,011
1,0,8745,income,011
1,0,8746,income,011
1,0,8749,income,011
1,0,8754,income,011
1,0,8756,income,011
1,0,8757,income,011
1,0,8760,income,011
1,0,8762,income,011
1,0,8763,income,011
1,0,8765,income,011
1,0,8768,income,011
1,0,8770,income,011
1,0,8774,income,011
1,0,8775,income,011
1,0,8777,income,011
1,0,8779,income,011
1,0,8781,income,011
1,0,8783,income,011
1,0,8785,income,011
1,0,8787,income,011
1,0,8789,income,011
1,0,8791,income,011
1,0,8794,income,011
1,0,8796,income,011
1,0,8798,income,011
1,0,8800,income,011
1,0,8802,income,011
1,0,8804,income,011
1,0,8806,income,011
1,0,8809,income,011
1,0,8811,income,011
1,0,8815,income,011
1,0,8817,income,011
1,0,8819,income,011
1,0,8821,income,011
1,0,8823,income,011
1,0,8825,income,011
1,0,8827,income,011
1,0,8830,income,011
1,0,8834,income,011
1,0,8836,income,011
1,0,8841,income,011
1,0,8845,income,011
1,0,8848,income,011
1,0,8851,income,011
1,0,8852,income,011
1,0,8855,income,011
1,0,8857,income,011
1,0,8859,income,011
1,0,8861,income,011
1,0,8865,income,011
1,0,8866,income,011
1,0,8869,income,011
1,0,8874,income,011
1,0,8876,income,011
1,0,8878,income,011
1,0,8882,income,011
1,0,8884,income,011
1,0,8893,income,011
1,0,8894,income,011
1,0,8900,income,011
1,0,8902,income,011
1,0,8903,income,011
1,0,8905,income,011
1,0,8907,income,011
1,0,8910,income,011
1,0,8911,income,011
1,0,8913,income,011
1,0,8917,income,011
1,0,8919,income,011
1,0,8923,income,011
1,0,8924,income,011
1,0,8927,income,011
1,0,8929,income,011
1,0,8935,income,011
1,0,8937,income,011
1,0,8939,income,011
1,0,8941,income,011
1,0,8944,income,011
1,0,8945,income,011
1,0,8948,income,011
1,0,8954,income,011
1,0,8956,income,011
1,0,8959,income,011
1,0,8961,income,011
1,0,8962,income,011
1,0,8965,income,011
1,0,8967,income,011
1,0,8969,income,011
1,0,8971,income,011
1,0,8973,income,011
1,0,8975,income,011
1,0,8979,income,011
1,0,8982,income,011
1,0,8984,income,011
1,0,8986,income,011
1,0,8989,income,011
1,0,8992,income,011
1,0,8997,income,011
1,0,8999,income,011
1,0,9001,income,011
1,0,9004,income,011
1,0,9006,income,011
1,0,9008,income,011
1,0,9010,income,011
1,0,9013,income,011
1,0,9015,income,011
1,0,9017,income,011
1,0,9021,income,011
1,0,9024,income,011
1,0,9026,income,011
1,0,9029,income,011
1,0,9031,income,011
1,0,9033,income,011
1,0,9034,income,011
1,0,9036,income,011
1,0,9038,income,011
1,0,9042,income,011
1,0,9046,income,011
1,0,9049,income,011
1,0,9052,income,011
1,0,9054,income,011
1,0,9057,income,011
1,0,9059,income,011
1,0,9062,income,011
1,0,9065,income,011
1,0,9068,income,011
1,0,9070,income,011
1,0,9072,income,011
1,0,9074,income,011
1,0,9076,income,011
1,0,9077,income,011
1,0,9079,income,011
1,0,9082,income,011
1,0,9087,income,011
1,0,9089,income,011
1,0,9091,income,011
1,0,9094,income,011
1,0,9096,income,011
1,0,9098,income,011
1,0,9100,income,011
1,0,9102,income,011
1,0,9105,income,011
1,0,9107,income,011
1,0,9110,income,011
1,0,9113,income,011
1,0,9115,income,011
1,0,9116,income,011
1,0,9118,income,011
1,0,9121,income,011
1,0,9123,income,011
1,0,9125,income,011
1,0,9130,income,011
1,0,9132,income,011
1,0,9134,income,011
1,0,9136,income,011
1,0,9138,income,011
1,0,9141,income,011
1,0,9145,income,011
1,0,9148,income,011
1,0,9150,income,011
1,0,9152,income,011
1,0,9155,income,011
1,0,9157,income,011
1,0,9160,income,011
1,0,9162,income,011
1,0,9163,income,011
1,0,9168,income,011
1,0,9170,income,011
1,0,9172,income,011
1,0,9174,income,011
1,0,9177,income,011
1,0,9181,income,011
1,0,9182,income,011
1,0,9184,income,011
1,0,9187,income,011
1,0,9189,income,011
1,0,9191,income,011
1,0,9194,income,011
1,0,9195,income,011
1,0,9198,income,011
1,0,9201,income,011
1,0,9203,income,011
1,0,9204,income,011
1,0,9207,income,011
1,0,9211,income,011
1,0,9213,income,011
1,0,9217,income,011
1,0,9219,income,011
1,0,9224,income,011
1,0,9226,income,011
1,0,9228,income,011
1,0,9230,income,011
1,0,9231,income,011
1,0,9234,income,011
1,0,9235,income,011
1,0,9240,income,011
1,0,9241,income,011
1,0,9243,income,011
1,0,9246,income,011
1,0,9248,income,011
1,0,9250,income,011
1,0,9253,income,011
1,0,9256,income,011
1,0,9258,income,011
1,0,9259,income,011
1,0,9262,income,011
1,0,9264,income,011
1,0,9267,income,011
1,0,9270,income,011
1,0,9272,income,011
1,0,9275,income,011
1,0,9276,income,011
1,0,9278,income,011
1,0,9281,income,011
1,0,9283,income,011
1,0,9286,income,011
1,0,9288,income,011
1,0,9289,income,011
1,0,9292,income,011
1,0,9294,income,011
1,0,9298,income,011
1,0,9300,income,011
1,0,9303,income,011
1,0,9306,income,011
1,0,9308,income,011
1,0,9309,income,011
1,0,9312,income,011
1,0,9316,income,011
1,0,9318,income,011
1,0,9320,income,011
1,0,9322,income,011
1,0,9325,income,011
1,0,9328,income,011
1,0,9332,income,011
1,0,9334,income,011
1,0,9335,income,011
1,0,9339,income,011
1,0,9341,income,011
1,0,9343,income,011
1,0,9346,income,011
1,0,9350,income,011
1,0,9352,income,011
1,0,9357,income,011
1,0,9360,income,011
1,0,9362,income,011
1,0,9364,income,011
1,0,9367,income,011
1,0,9371,income,011
1,0,9374,income,011
1,0,9376,income,011
1,0,9377,income,011
1,0,9381,income,011
1,0,9384,income,011
1,0,9385,income,011
1,0,9387,income,011
1,0,9391,income,011
1,0,9394,income,011
1,0,9395,income,011
1,0,9397,income,011
1,0,9400,income,011
1,0,9402,income,011
1,0,9405,income,011
1,0,9406,income,011
1,0,9409,income,011
1,0,9411,income,011
1,0,9414,income,011
1,0,9417,income,011
1,0,9419,income,011
1,0,9423,income,011
1,0,9425,income,011
1,0,9428,income,011
1,0,9432,income,011
1,0,9435,income,011
1,0,9439,income,011
1,0,9441,income,011
1,0,9443,income,011
1,0,9446,income,011
1,0,9450,income,011
1,0,9452,income,011
1,0,9454,income,011
1,0,9455,income,011
1,0,9458,income,011
1,0,9461,income,011
1,0,9465,income,011
1,0,9468,income,011
1,0,9470,income,011
1,0,9473,income,011
1,0,9476,income,011
1,0,9478,income,011
1,0,9479,income,011
1,0,9482,income,011
1,0,9485,income,011
1,0,9488,income,011
1,0,9490,income,011
1,0,9492,income,011
1,0,9495,income,011
1,0,9498,income,011
1,0,9502,income,011
1,0,9504,income,011
1,0,9506,income,011
1,0,9508,income,011
1,0,9509,income,011
1,0,9511,income,011
1,0,9514,income,011
1,0,9516,income,011
1,0,9518,income,011
1,0,9521,income,011
1,0,9523,income,011
1,0,9526,income,011
1,0,9529,income,011
1,0,9531,income,011
1,0,9532,income,011
1,0,9534,income,011
1,0,9540,income,011
1,0,9541,income,011
1,0,9543,income,011
1,0,9545,income,011
1,0,9547,income,011
1,0,9551,income,011
1,0,9555,income,011
1,0,9557,income,011
1,0,9560,income,011
1,0,9562,income,011
1,0,9564,income,011
1,0,9566,income,011
1,0,9568,income,011
1,0,9569,income,011
1,0,9571,income,011
1,0,9573,income,011
1,0,9576,income,011
1,0,9578,income,011
1,0,9579,income,011
1,0,9583,income,011
1,0,9587,income,011
1,0,9590,income,011
1,0,9592,income,011
1,0,9593,income,011
1,0,9595,income,011
1,0,9597,income,011
1,0,9599,income,011
1,0,9605,income,011
1,0,9606,income,011
1,0,9609,income,011
1,0,9614,income,011
1,0,9618,income,011
1,0,9624,income,011
1,0,9625,income,011
1,0,9628,income,011
1,0,9629,income,011
1,0,9631,income,011
1,0,9634,income,011
1,0,9636,income,011
1,0,9638,income,011
1,0,9641,income,011
1,0,9642,income,011
1,0,9644,income,011
1,0,9648,income,011
1,0,9651,income,011
1,0,9653,income,011
1,0,9654,income,011
1,0,9657,income,011
1,0,9659,income,011
1,0,9661,income,011
1,0,9663,income,011
1,0,9664,income,011
1,0,9669,income,011
1,0,9670,income,011
1,0,9673,income,011
1,0,9677,income,011
1,0,9678,income,011
1,0,9683,income,011
1,0,9687,income,011
1,0,9689,income,011
1,0,9691,income,011
1,0,9694,income,011
1,0,9697,income,011
1,0,9699,income,011
1,0,9701,income,011
1,0,9703,income,011
1,0,9704,income,011
1,0,9706,income,011
1,0,9708,income,011
1,0,9711,income,011
1,0,9713,income,011
1,0,9716,income,011
1,0,9719,income,011
1,0,9720,income,011
1,0,9722,income,011
1,0,9724,income,011
1,0,9726,income,011
1,0,9732,income,011
1,0,9734,income,011
1,0,9737,income,011
1,0,9739,income,011
1,0,9743,income,011
1,0,9747,income,011
1,0,9750,income,011
1,0,9752,income,011
1,0,9757,income,011
1,0,9760,income,011
1,0,9761,income,011
1,0,9763,income,011
1,0,9771,income,011
1,0,9775,income,011
1,0,9778,income,011
1,0,9779,income,011
1,0,9782,income,011
1,0,9783,income,011
1,0,9786,income,011
1,0,9790,income,011
1,0,9793,income,011
1,0,9795,income,011
1,0,9800,income,011
1,0,9802,income,011
1,0,9803,income,011
1,0,9805,income,011
1,0,9807,income,011
1,0,9811,income,011
1,0,9812,income,011
1,0,9814,income,011
1,0,9816,income,011
1,0,9818,income,011
1,0,9822,income,011
1,0,9824,income,011
1,0,9826,income,011
1,0,9829,income,011
1,0,9832,income,011
1,0,9835,income,011
1,0,9837,income,011
1,0,9840,income,011
1,0,9841,income,011
1,0,9844,income,011
1,0,9846,income,011
1,0,9848,income,011
1,0,9852,income,011
1,0,9858,income,011
1,0,9861,income,011
1,0,9862,income,011
1,0,9865,income,011
1,0,9867,income,011
1,0,9869,income,011
1,0,9874,income,011
1,0,9877,income,011
1,0,9879,income,011
1,0,9881,income,011
1,0,9885,income,011
1,0,9888,income,011
1,0,9892,income,011
1,0,9894,income,011
1,0,9896,income,011
1,0,9899,income,011
1,0,9901,income,011
1,0,9903,income,011
1,0,9905,income,011
1,0,9909,income,011
1,0,9911,income,011
1,0,9913,income,011
1,0,9916,income,011
1,0,9918,income,011
1,0,9922,income,011
1,0,9925,income,011
1,0,9929,income,011
1,0,9931,income,011
1,0,9934,income,011
1,0,9935,income,011
1,0,9938,income,011
1,0,9939,income,011
1,0,9941,income,011
1,0,9944,income,011
1,0,9946,income,011
1,0,9948,income,011
1,0,9950,income,011
1,0,9953,income,011
1,0,9956,income,011
1,0,9959,income,011
1,0,9960,income,011
1,0,9964,income,011
1,0,9965,income,011
1,0,9968,income,011
1,0,9970,income,011
1,0,9976,income,011
1,0,9979,income,011
1,0,9982,income,011
1,0,9987,income,011
1,0,9990,income,011
1,0,9992,income,011
1,0,9996,income,011
1,0,9998,income,011
1,0,10000,income,011
1,0,10002,income,011
1,0,10004,income,011
1,0,10009,income,011
1,0,10011,income,011
1,0,10012,income,011
1,0,10014,income,011
1,0,10017,income,011
1,0,10019,income,011
1,0,10021,income,011
1,0,10023,income,011
1,0,10025,income,011
1,0,10027,income,011
1,0,10030,income,011
1,0,10032,income,011
1,0,10036,income,011
1,0,10039,income,011
1,0,10040,income,011
1,0,10042,income,011
1,0,10044,income,011
1,0,10050,income,011
1,0,10052,income,011
1,0,10054,income,011
1,0,10056,income,011
1,0,10058,income,011
1,0,10061,income,011
1,0,10063,income,011
1,0,10067,income,011
1,0,10071,income,011
1,0,10073,income,011
1,0,10076,income,011
1,0,10079,income,011
1,0,10080,income,011
1,0,10084,income,011
1,0,10088,income,011
1,0,10090,income,011
1,0,10094,income,011
1,0,10098,income,011
1,0,10100,income,011
1,0,10102,income,011
1,0,10104,income,011
1,0,10105,income,011
1,0,10108,income,011
1,0,10109,income,011
1,0,10113,income,011
1,0,10114,income,011
1,0,10117,income,011
1,0,10123,income,011
1,0,10126,income,011
1,0,10128,income,011
1,0,10130,income,011
1,0,10133,income,011
1,0,10135,income,011
1,0,10137,income,011
1,0,10139,income,011
1,0,10142,income,011
1,0,10143,income,011
1,0,10145,income,011
1,0,10148,income,011
1,0,10150,income,011
1,0,10154,income,011
1,0,10156,income,011
1,0,10158,income,011
1,0,10160,income,011
1,0,10162,income,011
1,0,10164,income,011
1,0,10166,income,011
1,0,10171,income,011
1,0,10174,income,011
1,0,10176,income,011
1,0,10179,income,011
1,0,10181,income,011
1,0,10183,income,011
1,0,10185,income,011
1,0,10187,income,011
1,0,10189,income,011
1,0,10190,income,011
1,0,10192,income,011
1,0,10197,income,011
1,0,10198,income,011
1,0,10201,income,011
1,0,10203,income,011
1,0,10205,income,011
1,0,10207,income,011
1,0,10212,income,011
1,0,10213,income,011
1,0,10215,income,011
1,0,10217,income,011
1,0,10220,income,011
1,0,10222,income,011
1,0,10225,income,011
1,0,10227,income,011
1,0,10229,income,011
1,0,10230,income,011
1,0,10232,income,011
1,0,10239,income,011
1,0,10242,income,011
1,0,10243,income,011
1,0,10246,income,011
1,0,10251,income,011
1,0,10253,income,011
1,0,10256,income,011
1,0,10258,income,011
1,0,10261,income,011
1,0,10262,income,011
1,0,10265,income,011
1,0,10268,income,011
1,0,10271,income,011
1,0,10274,income,011
1,0,10276,income,011
1,0,10277,income,011
1,0,10279,income,011
1,0,10281,income,011
1,0,10285,income,011
1,0,10286,income,011
1,0,10288,income,011
1,0,10290,income,011
1,0,10294,income,011
1,0,10297,income,011
1,0,10299,income,011
1,0,10300,income,011
1,0,10302,income,011
1,0,10304,income,011
1,0,10306,income,011
1,0,10309,income,011
1,0,10311,income,011
1,0,10313,income,011
1,0,10315,income,011
1,0,10319,income,011
1,0,10323,income,011
1,0,10325,income,011
1,0,10330,income,011
1,0,10333,income,011
1,0,10336,income,011
1,0,10339,income,011
1,0,10342,income,011
1,0,10345,income,011
1,0,10350,income,011
1,0,10352,income,011
1,0,10356,income,011
1,0,10358,income,011
1,0,10362,income,011
1,0,10365,income,011
1,0,10367,income,011
1,0,10370,income,011
1,0,10373,income,011
1,0,10375,income,011
1,0,10377,income,011
1,0,10378,income,011
1,0,10381,income,011
1,0,10383,income,011
1,0,10385,income,011
1,0,10386,income,011
1,0,10389,income,011
1,0,10391,income,011
1,0,10393,income,011
1,0,10394,income,011
1,0,10397,income,011
1,0,10399,income,011
1,0,10401,income,011
1,0,10402,income,011
1,0,10405,income,011
1,0,10407,income,011
1,0,10409,income,011
1,0,10413,income,011
1,0,10416,income,011
1,0,10419,income,011
1,0,10421,income,011
1,0,10422,income,011
1,0,10426,income,011
1,0,10428,income,011
1,0,10430,income,011
1,0,10432,income,011
1,0,10435,income,011
1,0,10437,income,011
1,0,10440,income,011
1,0,10443,income,011
1,0,10444,income,011
1,0,10446,income,011
1,0,10448,income,011
1,0,10450,income,011
1,0,10455,income,011
1,0,10459,income,011
1,0,10461,income,011
1,0,10463,income,011
1,0,10464,income,011
1,0,10466,income,011
1,0,10470,income,011
1,0,10472,income,011
1,0,10474,income,011
1,0,10477,income,011
1,0,10481,income,011
1,0,10484,income,011
1,0,10486,income,011
1,0,10488,income,011
1,0,10490,income,011
1,0,10493,income,011
1,0,10497,income,011
1,0,10498,income,011
1,0,10500,income,011
1,0,10502,income,011
1,0,10505,income,011
1,0,10507,income,011
1,0,10509,income,011
1,0,10511,income,011
1,0,10513,income,011
1,0,10516,income,011
1,0,10517,income,011
1,0,10520,income,011
1,0,10522,income,011
1,0,10525,income,011
1,0,10527,income,011
1,0,10528,income,011
1,0,10531,income,011
1,0,10533,income,011
1,0,10537,income,011
1,0,10539,income,011
1,0,10541,income,011
1,0,10543,income,011
1,0,10546,income,011
1,0,10549,income,011
1,0,10552,income,011
1,0,10556,income,011
1,0,10558,income,011
1,0,10560,income,011
1,0,10562,income,011
1,0,10565,income,011
1,0,10568,income,011
1,0,10569,income,011
1,0,10573,income,011
1,0,10574,income,011
1,0,10577,income,011
1,0,10580,income,011
1,0,10582,income,011
1,0,10584,income,011
1,0,10587,income,011
1,0,10589,income,011
1,0,10591,income,011
1,0,10594,income,011
1,0,10600,income,011
1,0,10602,income,011
1,0,10603,income,011
1,0,10605,income,011
1,0,10607,income,011
1,0,10609,income,011
1,0,10611,income,011
1,0,10614,income,011
1,0,10618,income,011
1,0,10620,income,011
1,0,10622,income,011
1,0,10624,income,011
1,0,10626,income,011
1,0,10628,income,011
1,0,10631,income,011
1,0,10632,income,011
1,0,10636,income,011
1,0,10640,income,011
1,0,10642,income,011
1,0,10644,income,011
1,0,10648,income,011
1,0,10650,income,011
1,0,10652,income,011
1,0,10654,income,011
1,0,10656,income,011
1,0,10660,income,011
1,0,10662,income,011
1,0,10664,income,011
1,0,10667,income,011
1,0,10669,income,011
1,0,10671,income,011
1,0,10672,income,011
1,0,10674,income,011
1,0,10678,income,011
1,0,10680,income,011
1,0,10683,income,011
1,0,10687,income,011
1,0,10688,income,011
1,0,10692,income,011
1,0,10695,income,011
1,0,10697,income,011
1,0,10699,income,011
1,0,10703,income,011
1,0,10705,income,011
1,0,10714,income,011
1,0,10716,income,011
1,0,10719,income,011
1,0,10721,income,011
1,0,10725,income,011
1,0,10728,income,011
1,0,10730,income,011
1,0,10732,income,011
1,0,10734,income,011
1,0,10737,income,011
1,0,10739,income,011
1,0,10740,income,011
1,0,10743,income,011
1,0,10748,income,011
1,0,10750,income,011
1,0,10752,income,011
1,0,10754,income,011
1,0,10759,income,011
1,0,10761,income,011
1,0,10763,income,011
1,0,10765,income,011
1,0,10767,income,011
1,0,10770,income,011
1,0,10774,income,011
1,0,10778,income,011
1,0,10780,income,011
1,0,10782,income,011
1,0,10785,income,011
1,0,10787,income,011
1,0,10790,income,011
1,0,10792,income,011
1,0,10794,income,011
1,0,10796,income,011
1,0,10798,income,011
1,0,10801,income,011
1,0,10803,income,011
1,0,10807,income,011
1,0,10808,income,011
1,0,10813,income,011
1,0,10816,income,011
1,0,10818,income,011
1,0,10819,income,011
1,0,10822,income,011
1,0,10824,income,011
1,0,10827,income,011
1,0,10828,income,011
1,0,10830,income,011
1,0,10832,income,011
1,0,10836,income,011
1,0,10840,income,011
1,0,10842,income,011
1,0,10843,income,011
1,0,10845,income,011
1,0,10847,income,011
1,0,10850,income,011
1,0,10852,income,011
1,0,10855,income,011
1,0,10857,income,011
1,0,10861,income,011
1,0,10864,income,011
1,0,10867,income,011
1,0,10869,income,011
1,0,10871,income,011
1,0,10873,income,011
1,0,10879,income,011
1,0,10881,income,011
1,0,10882,income,011
1,0,10885,income,011
1,0,10889,income,011
1,0,10892,income,011
1,0,10894,income,011
1,0,10896,income,011
1,0,10898,income,011
1,0,10900,income,011
1,0,10904,income,011
1,0,10906,income,011
1,0,10908,income,011
1,0,10910,income,011
1,0,10912,income,011
1,0,10914,income,011
1,0,10917,income,011
1,0,10920,income,011
1,0,10922,income,011
1,0,10928,income,011
1,0,10931,income,011
1,0,10936,income,011
1,0,10939,income,011
1,0,10941,income,011
1,0,10945,income,011
1,0,10948,income,011
1,0,10953,income,011
1,0,10955,income,011
1,0,10956,income,011
1,0,10959,income,011
1,0,10962,income,011
1,0,10963,income,011
1,0,10965,income,011
1,0,10968,income,011
1,0,10970,income,011
1,0,10973,income,011
1,0,10975,income,011
1,0,10979,income,011
1,0,10980,income,011
1,0,10984,income,011
1,0,10986,income,011
1,0,10988,income,011
1,0,10990,income,011
1,0,10994,income,011
1,0,10995,income,011
1,0,10997,income,011
1,0,11001,income,011
1,0,11004,income,011
1,0,11006,income,011
1,0,11008,income,011
1,0,11010,income,011
1,0,11012,income,011
1,0,11014,income,011
1,0,11016,income,011
1,0,11018,income,011
1,0,11019,income,011
1,0,11021,income,011
1,0,11024,income,011
1,0,11026,income,011
1,0,11029,income,011
1,0,11030,income,011
1,0,11032,income,011
1,0,11035,income,011
1,0,11037,income,011
1,0,11039,income,011
1,0,11041,income,011
1,0,11044,income,011
1,0,11046,income,011
1,0,11048,income,011
1,0,11050,income,011
1,0,11055,income,011
1,0,11061,income,011
1,0,11062,income,011
1,0,11066,income,011
1,0,11068,income,011
1,0,11069,income,011
1,0,11072,income,011
1,0,11074,income,011
1,0,11078,income,011
1,0,11080,income,011
1,0,11081,income,011
1,0,11084,income,011
1,0,11087,income,011
1,0,11091,income,011
1,0,11095,income,011
1,0,11097,income,011
1,0,11099,income,011
1,0,11103,income,011
1,0,11104,income,011
1,0,11107,income,011
1,0,11109,income,011
1,0,11111,income,011
1,0,11114,income,011
1,0,11116,income,011
1,0,11120,income,011
1,0,11122,income,011
1,0,11124,income,011
1,0,11126,income,011
1,0,11130,income,011
1,0,11132,income,011
1,0,11136,income,011
1,0,11139,income,011
1,0,11140,income,011
1,0,11146,income,011
1,0,11151,income,011
1,0,11153,income,011
1,0,11155,income,011
1,0,11156,income,011
1,0,11161,income,011
1,0,11162,income,011
1,0,11168,income,011
1,0,11170,income,011
1,0,11173,income,011
1,0,11178,income,011
1,0,11179,income,011
1,0,11182,income,011
1,0,11185,income,011
1,0,11187,income,011
1,0,11188,income,011
1,0,11191,income,011
1,0,11194,income,011
1,0,11196,income,011
1,0,11197,income,011
1,0,11203,income,011
1,0,11204,income,011
1,0,11207,income,011
1,0,11210,income,011
1,0,11212,income,011
1,0,11215,income,011
1,0,11218,income,011
1,0,11219,income,011
1,0,11221,income,011
1,0,11223,income,011
1,0,11225,income,011
1,0,11227,income,011
1,0,11230,income,011
1,0,11231,income,011
1,0,11236,income,011
1,0,11238,income,011
1,0,11241,income,011
1,0,11243,income,011
1,0,11245,income,011
1,0,11249,income,011
1,0,11251,income,011
1,0,11254,income,011
1,0,11255,income,011
1,0,11258,income,011
1,0,11260,income,011
1,0,11262,income,011
1,0,11264,income,011
1,0,11266,income,011
1,0,11271,income,011
1,0,11273,income,011
1,0,11274,income,011
1,0,11276,income,011
1,0,11278,income,011
1,0,11280,income,011
1,0,11282,income,011
1,0,11287,income,011
1,0,11288,income,011
1,0,11291,income,011
1,0,11292,income,011
1,0,11299,income,011
1,0,11300,income,011
1,0,11302,income,011
1,0,11304,income,011
1,0,11307,income,011
1,0,11309,income,011
1,0,11313,income,011
1,0,11315,income,011
1,0,11317,income,011
1,0,11319,income,011
1,0,11321,income,011
1,0,11322,income,011
1,0,11325,income,011
1,0,11329,income,011
1,0,11331,income,011
1,0,11334,income,011
1,0,11336,income,011
1,0,11338,income,011
1,0,11342,income,011
1,0,11344,income,011
1,0,11346,income,011
1,0,11352,income,011
1,0,11355,income,011
1,0,11358,income,011
1,0,11361,income,011
1,0,11365,income,011
1,0,11367,income,011
1,0,11370,income,011
1,0,11373,income,011
1,0,11375,income,011
1,0,11380,income,011
1,0,11384,income,011
1,0,11387,income,011
1,0,11388,income,011
1,0,11390,income,011
1,0,11395,income,011
1,0,11396,income,011
1,0,11399,income,011
1,0,11401,income,011
1,0,11403,income,011
1,0,11405,income,011
1,0,11409,income,011
1,0,11411,income,011
1,0,11413,income,011
1,0,11417,income,011
1,0,11423,income,011
1,0,11425,income,011
1,0,11427,income,011
1,0,11428,income,011
1,0,11431,income,011
1,0,11434,income,011
1,0,11438,income,011
1,0,11440,income,011
1,0,11443,income,011
1,0,11444,income,011
1,0,11446,income,011
1,0,11450,income,011
1,0,11453,income,011
1,0,11457,income,011
1,0,11458,income,011
1,0,11460,income,011
1,0,11463,income,011
1,0,11466,income,011
1,0,11468,income,011
1,0,11470,income,011
1,0,11471,income,011
1,0,11473,income,011
1,0,11476,income,011
1,0,11479,income,011
1,0,11481,income,011
1,0,11484,income,011
1,0,11487,income,011
1,0,11490,income,011
1,0,11493,income,011
1,0,11495,income,011
1,0,11497,income,011
1,0,11499,income,011
1,0,11502,income,011
1,0,11504,income,011
1,0,11506,income,011
1,0,11508,income,011
1,0,11511,income,011
1,0,11513,income,011
1,0,11514,income,011
1,0,11516,income,011
1,0,11518,income,011
1,0,11521,income,011
1,0,11522,income,011
1,0,11524,income,011
1,0,11526,income,011
1,0,11531,income,011
1,0,11533,income,011
1,0,11535,income,011
1,0,11537,income,011
1,0,11539,income,011
1,0,11541,income,011
1,0,11544,income,011
1,0,11546,income,011
1,0,11547,income,011
1,0,11550,income,011
1,0,11553,income,011
1,0,11555,income,011
1,0,11560,income,011
1,0,11563,income,011
1,0,11565,income,011
1,0,11567,income,011
1,0,11570,income,011
1,0,11573,income,011
1,0,11576,income,011
1,0,11582,income,011
1,0,11586,income,011
1,0,11587,income,011
1,0,11591,income,011
1,0,11593,income,011
1,0,11595,income,011
1,0,11597,income,011
1,0,11598,income,011
1,0,11600,income,011
1,0,11603,income,011
1,0,11604,income,011
1,0,11606,income,011
1,0,11609,income,011
1,0,11612,income,011
1,0,11615,income,011
1,0,11617,income,011
1,0,11622,income,011
1,0,11625,income,011
1,0,11630,income,011
1,0,11634,income,011
1,0,11638,income,011
1,0,11640,income,011
1,0,11644,income,011
1,0,11647,income,011
1,0,11649,income,011
1,0,11652,income,011
1,0,11654,income,011
1,0,11656,income,011
1,0,11659,income,011
1,0,11660,income,011
1,0,11662,income,011
1,0,11666,income,011
1,0,11668,income,011
1,0,11671,income,011
1,0,11673,income,011
1,0,11675,income,011
1,0,11678,income,011
1,0,11680,income,011
1,0,11683,income,011
1,0,11684,income,011
1,0,11688,income,011
1,0,11691,income,011
1,0,11693,income,011
1,0,11695,income,011
1,0,11699,income,011
1,0,11702,income,011
1,0,11704,income,011
1,0,11706,income,011
1,0,11707,income,011
1,0,11710,income,011
1,0,11713,income,011
1,0,11717,income,011
1,0,11718,income,011
1,0,11720,income,011
1,0,11724,income,011
1,0,11727,income,011
1,0,11729,income,011
1,0,11731,income,011
1,0,11735,income,011
1,0,11737,income,011
1,0,11738,income,011
1,0,11743,income,011
1,0,11745,income,011
1,0,11748,income,011
1,0,11751,income,011
1,0,11754,income,011
1,0,11756,income,011
1,0,11758,income,011
1,0,11760,income,011
1,0,11761,income,011
1,0,11764,income,011
1,0,11766,income,011
1,0,11767,income,011
1,0,11769,income,011
1,0,11771,income,011
1,0,11775,income,011
1,0,11777,income,011
1,0,11778,income,011
1,0,11780,income,011
1,0,11783,income,011
1,0,11785,income,011
1,0,11787,income,011
1,0,11789,income,011
1,0,11793,income,011
1,0,11795,income,011
1,0,11798,income,011
1,0,11799,income,011
1,0,11801,income,011
1,0,11804,income,011
1,0,11807,income,011
1,0,11811,income,011
1,0,11812,income,011
1,0,11814,income,011
1,0,11818,income,011
1,0,11822,income,011
1,0,11824,income,011
1,0,11825,income,011
1,0,11828,income,011
1,0,11830,income,011
1,0,11836,income,011
1,0,11838,income,011
1,0,11839,income,011
1,0,11842,income,011
1,0,11845,income,011
1,0,11848,income,011
1,0,11849,income,011
1,0,11852,income,011
1,0,11854,income,011
1,0,11855,income,011
1,0,11858,income,011
1,0,11860,income,011
1,0,11863,income,011
1,0,11865,income,011
1,0,11868,income,011
1,0,11870,income,011
1,0,11873,income,011
1,0,11875,income,011
1,0,11876,income,011
1,0,11879,income,011
1,0,11880,income,011
1,0,11884,income,011
1,0,11887,income,011
1,0,11889,income,011
1,0,11893,income,011
1,0,11895,income,011
1,0,11897,income,011
1,0,11903,income,011
1,0,11905,income,011
1,0,11907,income,011
1,0,11908,income,011
1,0,11910,income,011
1,0,11913,income,011
1,0,11916,income,011
1,0,11918,income,011
1,0,11921,income,011
1,0,11923,income,011
1,0,11925,income,011
1,0,11926,income,011
1,0,11928,income,011
1,0,11931,income,011
1,0,11934,income,011
1,0,11938,income,011
1,0,11940,income,011
1,0,11942,income,011
1,0,11944,income,011
1,0,11947,income,011
1,0,11951,income,011
1,0,11953,income,011
1,0,11956,income,011
1,0,11957,income,011
1,0,11960,income,011
1,0,11962,income,011
1,0,11963,income,011
1,0,11967,income,011
1,0,11968,income,011
1,0,11970,income,011
1,0,11972,income,011
1,0,11974,income,011
1,0,11976,income,011
1,0,11979,income,011
1,0,11981,income,011
1,0,11984,income,011
1,0,11986,income,011
1,0,11989,income,011
1,0,11991,income,011
1,0,11994,income,011
1,0,11996,income,011
1,0,11998,income,011
1,0,11999,income,011
1,0,12002,income,011
1,0,12004,income,011
1,0,12007,income,011
1,0,12009,income,011
1,0,12011,income,011
1,0,12013,income,011
1,0,12015,income,011
1,0,12018,income,011
1,0,12022,income,011
1,0,12025,income,011
1,0,12029,income,011
1,0,12032,income,011
1,0,12033,income,011
1,0,12038,income,011
1,0,12041,income,011
1,0,12043,income,011
1,0,12047,income,011
1,0,12048,income,011
1,0,12050,income,011
1,0,12052,income,011
1,0,12055,income,011
1,0,12057,income,011
1,0,12061,income,011
1,0,12065,income,011
1,0,12068,income,011
1,0,12070,income,011
1,0,12072,income,011
1,0,12074,income,011
1,0,12076,income,011
1,0,12078,income,011
1,0,12080,income,011
1,0,12081,income,011
1,0,12083,income,011
1,0,12086,income,011
1,0,12088,income,011
1,0,12090,income,011
1,0,12093,income,011
1,0,12095,income,011
1,0,12102,income,011
1,0,12104,income,011
1,0,12107,income,011
1,0,12109,income,011
1,0,12110,income,011
1,0,12113,income,011
1,0,12114,income,011
1,0,12118,income,011
1,0,12120,income,011
1,0,12121,income,011
1,0,12123,income,011
1,0,12126,income,011
1,0,12128,income,011
1,0,12132,income,011
1,0,12134,income,011
1,0,12137,income,011
1,0,12141,income,011
1,0,12142,income,011
1,0,12145,income,011
1,0,12146,income,011
1,0,12149,income,011
1,0,12152,income,011
1,0,12153,income,011
1,0,12156,income,011
1,0,12158,income,011
1,0,12161,income,011
1,0,12162,income,011
1,0,12165,income,011
1,0,12167,income,011
1,0,12172,income,011
1,0,12173,income,011
1,0,12175,income,011
1,0,12178,income,011
1,0,12182,income,011
1,0,12184,income,011
1,0,12189,income,011
1,0,12193,income,011
1,0,12194,income,011
1,0,12196,income,011
1,0,12198,income,011
1,0,12200,income,011
1,0,12202,income,011
1,0,12204,income,011
1,0,12206,income,011
1,0,12209,income,011
1,0,12211,income,011
1,0,12213,income,011
1,0,12216,income,011
1,0,12218,income,011
1,0,12220,income,011
1,0,12222,income,011
1,0,12225,income,011
1,0,12227,income,011
1,0,12230,income,011
1,0,12233,income,011
1,0,12235,income,011
1,0,12237,income,011
1,0,12239,income,011
1,0,12242,income,011
1,0,12245,income,011
1,0,12247,income,011
1,0,12251,income,011
1,0,12257,income,011
1,0,12258,income,011
1,0,12260,income,011
1,0,12262,income,011
1,0,12264,income,011
1,0,12267,income,011
1,0,12272,income,011
1,0,12274,income,011
1,0,12276,income,011
1,0,12278,income,011
1,0,12279,income,011
1,0,12283,income,011
1,0,12290,income,011
1,0,12291,income,011
1,0,12294,income,011
1,0,12297,income,011
1,0,12299,income,011
1,0,12302,income,011
1,0,12305,income,011
1,0,12307,income,011
1,0,12309,income,011
1,0,12311,income,011
1,0,12312,income,011
1,0,12314,income,011
1,0,12316,income,011
1,0,12319,income,011
1,0,12321,income,011
1,0,12322,income,011
1,0,12326,income,011
1,0,12328,income,011
1,0,12331,income,011
1,0,12333,income,011
1,0,12335,income,011
1,0,12339,income,011
1,0,12342,income,011
1,0,12343,income,011
1,0,12346,income,011
1,0,12349,income,011
1,0,12353,income,011
1,0,12356,income,011
1,0,12357,income,011
1,0,12359,income,011
1,0,12361,income,011
1,0,12365,income,011
1,0,12368,income,011
1,0,12372,income,011
1,0,12374,income,011
1,0,12375,income,011
1,0,12378,income,011
1,0,12380,income,011
1,0,12383,income,011
1,0,12385,income,011
1,0,12387,income,011
1,0,12389,income,011
1,0,12393,income,011
1,0,12396,income,011
1,0,12399,income,011
1,0,12401,income,011
1,0,12403,income,011
1,0,12405,income,011
1,0,12407,income,011
1,0,12409,income,011
1,0,12411,income,011
1,0,12415,income,011
1,0,12416,income,011
1,0,12418,income,011
1,0,12421,income,011
1,0,12423,income,011
1,0,12425,income,011
1,0,12430,income,011
1,0,12433,income,011
1,0,12434,income,011
1,0,12436,income,011
1,0,12438,income,011
1,0,12440,income,011
1,0,12444,income,011
1,0,12445,income,011
1,0,12450,income,011
1,0,12453,income,011
1,0,12455,income,011
1,0,12456,income,011
1,0,12459,income,011
1,0,12461,income,011
1,0,12463,income,011
1,0,12467,income,011
1,0,12469,income,011
1,0,12472,income,011
1,0,12474,income,011
1,0,12477,income,011
1,0,12478,income,011
1,0,12480,income,011
1,0,12485,income,011
1,0,12488,income,011
1,0,12491,income,011
1,0,12493,income,011
1,0,12495,income,011
1,0,12497,income,011
1,0,12499,income,011
1,0,12501,income,011
1,0,12502,income,011
1,0,12505,income,011
1,0,12507,income,011
1,0,12508,income,011
1,0,12510,income,011
1,0,12513,income,011
1,0,12516,income,011
1,0,12519,income,011
1,0,12521,income,011
1,0,12522,income,011
1,0,12524,income,011
1,0,12528,income,011
1,0,12530,income,011
1,0,12535,income,011
1,0,12537,income,011
1,0,12542,income,011
1,0,12543,income,011
1,0,12545,income,011
1,0,12547,income,011
1,0,12549,income,011
1,0,12552,income,011
1,0,12555,income,011
1,0,12557,income,011
1,0,12560,income,011
1,0,12564,income,011
1,0,12565,income,011
1,0,12567,income,011
1,0,12570,income,011
1,0,12572,income,011
1,0,12574,income,011
1,0,12577,income,011
1,0,12580,income,011
1,0,12582,income,011
1,0,12583,income,011
1,0,12586,income,011
1,0,12588,income,011
1,0,12591,income,011
1,0,12593,income,011
1,0,12595,income,011
1,0,12597,income,011
1,0,12599,income,011
1,0,12601,income,011
1,0,12605,income,011
1,0,12607,income,011
1,0,12609,income,011
1,0,12611,income,011
1,0,12614,income,011
1,0,12617,income,011
1,0,12618,income,011
1,0,12622,income,011
1,0,12626,income,011
1,0,12630,income,011
1,0,12633,income,011
1,0,12640,income,011
1,0,12643,income,011
1,0,12646,income,011
1,0,12648,income,011
1,0,12650,income,011
1,0,12653,income,011
1,0,12654,income,011
1,0,12656,income,011
1,0,12660,income,011
1,0,12662,income,011
1,0,12663,income,011
1,0,12665,income,011
1,0,12667,income,011
1,0,12670,income,011
1,0,12671,income,011
1,0,12674,income,011
1,0,12679,income,011
1,0,12681,income,011
1,0,12683,income,011
1,0,12684,income,011
1,0,12688,income,011
1,0,12691,income,011
1,0,12694,income,011
1,0,12697,income,011
1,0,12699,income,011
1,0,12704,income,011
1,0,12707,income,011
1,0,12710,income,011
1,0,12712,income,011
1,0,12715,income,011
1,0,12716,income,011
1,0,12719,income,011
1,0,12721,income,011
1,0,12723,income,011
1,0,12725,income,011
1,0,12727,income,011
1,0,12731,income,011
1,0,12735,income,011
1,0,12737,income,011
1,0,12738,income,011
1,0,12740,income,011
1,0,12744,income,011
1,0,12746,income,011
1,0,12748,income,011
1,0,12751,income,011
1,0,12755,income,011
1,0,12756,income,011
1,0,12759,income,011
1,0,12761,income,011
1,0,12763,income,011
1,0,12764,income,011
1,0,12766,income,011
1,0,12768,income,011
1,0,12772,income,011
1,0,12775,income,011
1,0,12777,income,011
1,0,12779,income,011
1,0,12782,income,011
1,0,12784,income,011
1,0,12787,income,011
1,0,12791,income,011
1,0,12793,income,011
1,0,12794,income,011
1,0,12797,income,011
1,0,12799,income,011
1,0,12801,income,011
1,0,12804,income,011
1,0,12806,income,011
1,0,12809,income,011
1,0,12812,income,011
1,0,12813,income,011
1,0,12816,income,011
1,0,12820,income,011
1,0,12823,income,011
1,0,12826,income,011
1,0,12828,income,011
1,0,12832,income,011
1,0,12834,income,011
1,0,12836,income,011
1,0,12837,income,011
1,0,12839,income,011
1,0,12842,income,011
1,0,12844,income,011
1,0,12846,income,011
1,0,12848,income,011
1,0,12851,income,011
1,0,12854,income,011
1,0,12856,income,011
1,0,12858,income,011
1,0,12860,income,011
1,0,12863,income,011
1,0,12864,income,011
1,0,12869,income,011
1,0,12870,income,011
1,0,12874,income,011
1,0,12878,income,011
1,0,12879,income,011
1,0,12883,income,011
1,0,12886,income,011
1,0,12887,income,011
1,0,12890,income,011
1,0,12893,income,011
1,0,12897,income,011
1,0,12899,income,011
1,0,12903,income,011
1,0,12905,income,011
1,0,12907,income,011
1,0,12909,income,011
1,0,12911,income,011
1,0,12913,income,011
1,0,12915,income,011
1,0,12916,income,011
1,0,12918,income,011
1,0,12922,income,011
1,0,12924,income,011
1,0,12927,income,011
1,0,12930,income,011
1,0,12931,income,011
1,0,12935,income,011
1,0,12937,income,011
1,0,12938,income,011
1,0,12942,income,011
1,0,12944,income,011
1,0,12946,income,011
1,0,12948,income,011
1,0,12951,income,011
1,0,12952,income,011
1,0,12954,income,011
1,0,12957,income,011
1,0,12958,income,011
1,0,12961,income,011
1,0,12966,income,011
1,0,12968,income,011
1,0,12972,income,011
1,0,12974,income,011
1,0,12976,income,011
1,0,12979,income,011
1,0,12980,income,011
1,0,12983,income,011
1,0,12986,income,011
1,0,12991,income,011
1,0,12993,income,011
1,0,12995,income,011
1,0,12996,income,011
1,0,12998,income,011
1,0,13000,income,011
1,0,13002,income,011
1,0,13005,income,011
1,0,13008,income,011
1,0,13011,income,011
1,0,13012,income,011
1,0,13014,income,011
1,0,13016,income,011
1,0,13018,income,011
1,0,13020,income,011
1,0,13022,income,011
1,0,13025,income,011
1,0,13027,income,011
1,0,13030,income,011
1,0,13033,income,011
1,0,13036,income,011
1,0,13038,income,011
1,0,13039,income,011
1,0,13041,income,011
1,0,13043,income,011
1,0,13046,income,011
1,0,13048,income,011
1,0,13050,income,011
1,0,13052,income,011
1,0,13056,income,011
1,0,13059,income,011
1,0,13061,income,011
1,0,13063,income,011
1,0,13066,income,011
1,0,13069,income,011
1,0,13071,income,011
1,0,13075,income,011
1,0,13076,income,011
1,0,13079,income,011
1,0,13082,income,011
1,0,13084,income,011
1,0,13086,income,011
1,0,13088,income,011
1,0,13091,income,011
1,0,13094,income,011
1,0,13096,income,011
1,0,13098,income,011
1,0,13100,income,011
1,0,13102,income,011
1,0,13105,income,011
1,0,13107,income,011
1,0,13109,income,011
1,0,13110,income,011
1,0,13113,income,011
1,0,13115,income,011
1,0,13118,income,011
1,0,13122,income,011
1,0,13123,income,011
1,0,13125,income,011
1,0,13128,income,011
1,0,13129,income,011
1,0,13131,income,011
1,0,13133,income,011
1,0,13135,income,011
1,0,13137,income,011
1,0,13139,income,011
1,0,13141,income,011
1,0,13145,income,011
1,0,13149,income,011
1,0,13150,income,011
1,0,13154,income,011
1,0,13157,income,011
1,0,13161,income,011
1,0,13165,income,011
1,0,13166,income,011
1,0,13170,income,011
1,0,13172,income,011
1,0,13175,income,011
1,0,13176,income,011
1,0,13178,income,011
1,0,13180,income,011
1,0,13183,income,011
1,0,13186,income,011
1,0,13189,income,011
1,0,13192,income,011
1,0,13194,income,011
1,0,13196,income,011
1,0,13198,income,011
1,0,13201,income,011
1,0,13203,income,011
1,0,13205,income,011
1,0,13207,income,011
1,0,13209,income,011
1,0,13211,income,011
1,0,13216,income,011
1,0,13218,income,011
1,0,13221,income,011
1,0,13222,income,011
1,0,13224,income,011
1,0,13226,income,011
1,0,13228,income,011
1,0,13230,income,011
1,0,13232,income,011
1,0,13234,income,011
1,0,13239,income,011
1,0,13240,income,011
1,0,13245,income,011
1,0,13248,income,011
1,0,13250,income,011
1,0,13253,income,011
1,0,13254,income,011
1,0,13256,income,011
1,0,13258,income,011
1,0,13260,income,011
1,0,13263,income,011
1,0,13266,income,011
1,0,13268,income,011
1,0,13271,income,011
1,0,13273,income,011
1,0,13275,income,011
1,0,13278,income,011
1,0,13280,income,011
1,0,13282,income,011
1,0,13285,income,011
1,0,13288,income,011
1,0,13290,income,011
1,0,13292,income,011
1,0,13294,income,011
1,0,13298,income,011
1,0,13301,income,011
1,0,13303,income,011
1,0,13305,income,011
1,0,13307,income,011
1,0,13309,income,011
1,0,13313,income,011
1,0,13316,income,011
1,0,13318,income,011
1,0,13321,income,011
1,0,13324,income,011
1,0,13327,income,011
1,0,13328,income,011
1,0,13330,income,011
1,0,13332,income,011
1,0,13335,income,011
1,0,13337,income,011
1,0,13339,income,011
1,0,13340,income,011
1,0,13344,income,011
1,0,13346,income,011
1,0,13348,income,011
1,0,13350,income,011
1,0,13352,income,011
1,0,13355,income,011
1,0,13360,income,011
1,0,13362,income,011
1,0,13363,income,011
1,0,13365,income,011
1,0,13368,income,011
1,0,13370,income,011
1,0,13372,income,011
1,0,13375,income,011
1,0,13377,income,011
1,0,13379,income,011
1,0,13381,income,011
1,0,13384,income,011
1,0,13386,income,011
1,0,13388,income,011
1,0,13390,income,011
1,0,13392,income,011
1,0,13394,income,011
1,0,13398,income,011
1,0,13399,income,011
1,0,13401,income,011
1,0,13404,income,011
1,0,13406,income,011
1,0,13411,income,011
1,0,13412,income,011
1,0,13415,income,011
1,0,13418,income,011
1,0,13420,income,011
1,0,13422,income,011
1,0,13426,income,011
1,0,13429,income,011
1,0,13431,income,011
1,0,13432,income,011
1,0,13435,income,011
1,0,13437,income,011
1,0,13439,income,011
1,0,13441,income,011
1,0,13444,income,011
1,0,13446,income,011
1,0,13447,income,011
1,0,13449,income,011
1,0,13452,income,011
1,0,13453,income,011
1,0,13455,income,011
1,0,13458,income,011
1,0,13461,income,011
1,0,13464,income,011
1,0,13466,income,011
1,0,13468,income,011
1,0,13471,income,011
1,0,13477,income,011
1,0,13479,income,011
1,0,13481,income,011
1,0,13484,income,011
1,0,13487,income,011
1,0,13490,income,011
1,0,13491,income,011
1,0,13494,income,011
1,0,13496,income,011
1,0,13499,income,011
1,0,13501,income,011
1,0,13504,income,011
1,0,13508,income,011
1,0,13513,income,011
1,0,13515,income,011
1,0,13519,income,011
1,0,13522,income,011
1,0,13524,income,011
1,0,13526,income,011
1,0,13527,income,011
1,0,13530,income,011
1,0,13532,income,011
1,0,13534,income,011
1,0,13537,income,011
1,0,13540,income,011
1,0,13542,income,011
1,0,13544,income,011
1,0,13548,income,011
1,0,13551,income,011
1,0,13555,income,011
1,0,13557,income,011
1,0,13560,income,011
1,0,13561,income,011
1,0,13564,income,011
1,0,13569,income,011
1,0,13571,income,011
1,0,13573,income,011
1,0,13575,income,011
1,0,13577,income,011
1,0,13579,income,011
1,0,13581,income,011
1,0,13583,income,011
1,0,13585,income,011
1,0,13588,income,011
1,0,13590,income,011
1,0,13592,income,011
1,0,13595,income,011
1,0,13597,income,011
1,0,13600,income,011
1,0,13603,income,011
1,0,13604,income,011
1,0,13606,income,011
1,0,13610,income,011
1,0,13612,income,011
1,0,13615,income,011
1,0,13617,income,011
1,0,13618,income,011
1,0,13620,income,011
1,0,13623,income,011
1,0,13626,income,011
1,0,13628,income,011
1,0,13631,income,011
1,0,13634,income,011
1,0,13636,income,011
1,0,13638,income,011
1,0,13640,income,011
1,0,13641,income,011
1,0,13644,income,011
1,0,13646,income,011
1,0,13648,income,011
1,0,13649,income,011
1,0,13651,income,011
1,0,13653,income,011
1,0,13655,income,011
1,0,13657,income,011
1,0,13659,income,011
1,0,13661,income,011
1,0,13664,income,011
1,0,13666,income,011
1,0,13667,income,011
1,0,13669,income,011
1,0,13672,income,011
1,0,13674,income,011
1,0,13679,income,011
1,0,13681,income,011
1,0,13683,income,011
1,0,13686,income,011
1,0,13690,income,011
1,0,13691,income,011
1,0,13694,income,011
1,0,13698,income,011
1,0,13702,income,011
1,0,13706,income,011
1,0,13708,income,011
1,0,13709,income,011
1,0,13713,income,011
1,0,13715,income,011
1,0,13720,income,011
1,0,13722,income,011
1,0,13723,income,011
1,0,13727,income,011
1,0,13729,income,011
1,0,13732,income,011
1,0,13734,income,011
1,0,13736,income,011
1,0,13741,income,011
1,0,13745,income,011
1,0,13748,income,011
1,0,13749,income,011
1,0,13753,income,011
1,0,13756,income,011
1,0,13760,income,011
1,0,13761,income,011
1,0,13764,income,011
1,0,13765,income,011
1,0,13767,income,011
1,0,13771,income,011
1,0,13775,income,011
1,0,13777,income,011
1,0,13779,income,011
1,0,13780,income,011
1,0,13782,income,011
1,0,13784,income,011
1,0,13786,income,011
1,0,13790,income,011
1,0,13792,income,011
1,0,13797,income,011
1,0,13800,income,011
1,0,13802,income,011
1,0,13805,income,011
1,0,13806,income,011
1,0,13810,income,011
1,0,13811,income,011
1,0,13813,income,011
1,0,13815,income,011
1,0,13817,income,011
1,0,13820,income,011
1,0,13824,income,011
1,0,13827,income,011
1,0,13828,income,011
1,0,13831,income,011
1,0,13834,income,011
1,0,13837,income,011
1,0,13840,income,011
1,0,13842,income,011
1,0,13843,income,011
1,0,13845,income,011
1,0,13849,income,011
1,0,13851,income,011
1,0,13855,income,011
1,0,13858,income,011
1,0,13859,income,011
1,0,13861,income,011
1,0,13863,income,011
1,0,13866,income,011
1,0,13869,income,011
1,0,13870,income,011
1,0,13872,income,011
1,0,13874,income,011
1,0,13876,income,011
1,0,13879,income,011
1,0,13882,income,011
1,0,13887,income,011
1,0,13889,income,011
1,0,13891,income,011
1,0,13892,income,011
1,0,13894,income,011
1,0,13896,income,011
1,0,13898,income,011
1,0,13900,income,011
1,0,13902,income,011
1,0,13906,income,011
1,0,13909,income,011
1,0,13911,income,011
1,0,13913,income,011
1,0,13915,income,011
1,0,13917,income,011
1,0,13919,income,011
1,0,13921,income,011
1,0,13923,income,011
1,0,13927,income,011
1,0,13929,income,011
1,0,13933,income,011
1,0,13935,income,011
1,0,13937,income,011
1,0,13942,income,011
1,0,13943,income,011
1,0,13945,income,011
1,0,13949,income,011
1,0,13953,income,011
1,0,13954,income,011
1,0,13958,income,011
1,0,13959,income,011
1,0,13961,income,011
1,0,13967,income,011
1,0,13968,income,011
1,0,13970,income,011
1,0,13972,income,011
1,0,13975,income,011
1,0,13978,income,011
1,0,13981,income,011
1,0,13982,income,011
1,0,13984,income,011
1,0,13986,income,011
1,0,13989,income,011
1,0,13992,income,011
1,0,13993,income,011
1,0,13995,income,011
1,0,13999,income,011
1,0,14001,income,011
1,0,14004,income,011
1,0,14005,income,011
1,0,14009,income,011
1,0,14012,income,011
1,0,14014,income,011
1,0,14018,income,011
1,0,14020,income,011
1,0,14021,income,011
1,0,14025,income,011
1,0,14026,income,011
1,0,14031,income,011
1,0,14034,income,011
1,0,14036,income,011
1,0,14037,income,011
1,0,14041,income,011
1,0,14046,income,011
1,0,14047,income,011
1,0,14049,income,011
1,0,14051,income,011
1,0,14054,income,011
1,0,14056,income,011
1,0,14057,income,011
1,0,14060,income,011
1,0,14062,income,011
1,0,14064,income,011
1,0,14066,income,011
1,0,14069,income,011
1,0,14071,income,011
1,0,14074,income,011
1,0,14076,income,011
1,0,14079,income,011
1,0,14080,income,011
1,0,14083,income,011
1,0,14086,income,011
1,0,14088,income,011
1,0,14090,income,011
1,0,14096,income,011
1,0,14098,income,011
1,0,14101,income,011
1,0,14103,income,011
1,0,14110,income,011
1,0,14112,income,011
1,0,14114,income,011
1,0,14117,income,011
1,0,14120,income,011
1,0,14123,income,011
1,0,14125,income,011
1,0,14127,income,011
1,0,14130,income,011
1,0,14133,income,011
1,0,14135,income,011
1,0,14137,income,011
1,0,14141,income,011
1,0,14144,income,011
1,0,14145,income,011
1,0,14147,income,011
1,0,14150,income,011
1,0,14152,income,011
1,0,14154,income,011
1,0,14158,income,011
1,0,14161,income,011
1,0,14166,income,011
1,0,14169,income,011
1,0,14171,income,011
1,0,14173,income,011
1,0,14176,income,011
1,0,14177,income,011
1,0,14181,income,011
1,0,14185,income,011
1,0,14188,income,011
1,0,14191,income,011
1,0,14192,income,011
1,0,14197,income,011
1,0,14199,income,011
1,0,14205,income,011
1,0,14207,income,011
1,0,14209,income,011
1,0,14210,income,011
1,0,14212,income,011
1,0,14214,income,011
1,0,14217,income,011
1,0,14219,income,011
1,0,14222,income,011
1,0,14223,income,011
1,0,14225,income,011
1,0,14227,income,011
1,0,14229,income,011
1,0,14231,income,011
1,0,14238,income,011
1,0,14239,income,011
1,0,14241,income,011
1,0,14244,income,011
1,0,14247,income,011
1,0,14248,income,011
1,0,14253,income,011
1,0,14255,income,011
1,0,14257,income,011
1,0,14259,income,011
1,0,14261,income,011
1,0,14263,income,011
1,0,14266,income,011
1,0,14267,income,011
1,0,14270,income,011
1,0,14273,income,011
1,0,14275,income,011
1,0,14277,income,011
1,0,14279,income,011
1,0,14282,income,011
1,0,14284,income,011
1,0,14286,income,011
1,0,14289,income,011
1,0,14291,income,011
1,0,14293,income,011
1,0,14296,income,011
1,0,14298,income,011
1,0,14301,income,011
1,0,14302,income,011
1,0,14305,income,011
1,0,14306,income,011
1,0,14309,income,011
1,0,14311,income,011
1,0,14314,income,011
1,0,14316,income,011
1,0,14318,income,011
1,0,14322,income,011
1,0,14327,income,011
1,0,14329,income,011
1,0,14331,income,011
1,0,14333,income,011
1,0,14335,income,011
1,0,14336,income,011
1,0,14338,income,011
1,0,14341,income,011
1,0,14343,income,011
1,0,14346,income,011
1,0,14347,income,011
1,0,14350,income,011
1,0,14351,income,011
1,0,14353,income,011
1,0,14356,income,011
1,0,14358,income,011
1,0,14365,income,011
1,0,14368,income,011
1,0,14370,income,011
1,0,14372,income,011
1,0,14376,income,011
1,0,14378,income,011
1,0,14379,income,011
1,0,14381,income,011
1,0,14384,income,011
1,0,14386,income,011
1,0,14388,income,011
1,0,14391,income,011
1,0,14393,income,011
1,0,14395,income,011
1,0,14397,income,011
1,0,14399,income,011
1,0,14401,income,011
1,0,14403,income,011
1,0,14405,income,011
1,0,14407,income,011
1,0,14411,income,011
1,0,14414,income,011
1,0,14415,income,011
1,0,14417,income,011
1,0,14419,income,011
1,0,14421,income,011
1,0,14423,income,011
1,0,14425,income,011
1,0,14427,income,011
1,0,14430,income,011
1,0,14435,income,011
1,0,14437,income,011
1,0,14439,income,011
1,0,14442,income,011
1,0,14447,income,011
1,0,14451,income,011
1,0,14454,income,011
1,0,14457,income,011
1,0,14459,income,011
1,0,14461,income,011
1,0,14464,income,011
1,0,14467,income,011
1,0,14471,income,011
1,0,14473,income,011
1,0,14477,income,011
1,0,14479,income,011
1,0,14481,income,011
1,0,14483,income,011
1,0,14489,income,011
1,0,14491,income,011
1,0,14493,income,011
1,0,14494,income,011
1,0,14498,income,011
1,0,14501,income,011
1,0,14503,income,011
1,0,14506,income,011
1,0,14509,income,011
1,0,14510,income,011
1,0,14513,income,011
1,0,14515,income,011
1,0,14518,income,011
1,0,14520,income,011
1,0,14522,income,011
1,0,14525,income,011
1,0,14527,income,011
1,0,14529,income,011
1,0,14531,income,011
1,0,14533,income,011
1,0,14535,income,011
1,0,14538,income,011
1,0,14540,income,011
1,0,14543,income,011
1,0,14545,income,011
1,0,14548,income,011
1,0,14549,income,011
1,0,14552,income,011
1,0,14556,income,011
1,0,14558,income,011
1,0,14560,income,011
1,0,14562,income,011
1,0,14565,income,011
1,0,14570,income,011
1,0,14575,income,011
1,0,14580,income,011
1,0,14583,income,011
1,0,14585,income,011
1,0,14587,income,011
1,0,14588,income,011
1,0,14592,income,011
1,0,14593,income,011
1,0,14597,income,011
1,0,14600,income,011
1,0,14602,income,011
1,0,14604,income,011
1,0,14607,income,011
1,0,14609,income,011
1,0,14611,income,011
1,0,14613,income,011
1,0,14616,income,011
1,0,14617,income,011
1,0,14621,income,011
1,0,14625,income,011
1,0,14626,income,011
1,0,14629,income,011
1,0,14631,income,011
1,0,14633,income,011
1,0,14635,income,011
1,0,14636,income,011
1,0,14638,income,011
1,0,14641,income,011
1,0,14643,income,011
1,0,14645,income,011
1,0,14647,income,011
1,0,14651,income,011
1,0,14654,income,011
1,0,14658,income,011
1,0,14662,income,011
1,0,14665,income,011
1,0,14667,income,011
1,0,14670,income,011
1,0,14672,income,011
1,0,14676,income,011
1,0,14677,income,011
1,0,14680,income,011
1,0,14683,income,011
1,0,14687,income,011
1,0,14688,income,011
1,0,14694,income,011
1,0,14695,income,011
1,0,14697,income,011
1,0,14700,income,011
1,0,14701,income,011
1,0,14703,income,011
1,0,14705,income,011
1,0,14707,income,011
1,0,14709,income,011
1,0,14712,income,011
1,0,14714,income,011
1,0,14716,income,011
1,0,14718,income,011
1,0,14722,income,011
1,0,14724,income,011
1,0,14728,income,011
1,0,14730,income,011
1,0,14732,income,011
1,0,14734,income,011
1,0,14736,income,011
1,0,14739,income,011
1,0,14743,income,011
1,0,14745,income,011
1,0,14747,income,011
1,0,14751,income,011
1,0,14753,income,011
1,0,14757,income,011
1,0,14758,income,011
1,0,14762,income,011
1,0,14764,income,011
1,0,14766,income,011
1,0,14768,income,011
1,0,14770,income,011
1,0,14775,income,011
1,0,14779,income,011
1,0,14783,income,011
1,0,14784,income,011
1,0,14786,income,011
1,0,14788,income,011
1,0,14790,income,011
1,0,14797,income,011
1,0,14801,income,011
1,0,14803,income,011
1,0,14804,income,011
1,0,14806,income,011
1,0,14810,income,011
1,0,14812,income,011
1,0,14815,income,011
1,0,14818,income,011
1,0,14820,income,011
1,0,14822,income,011
1,0,14823,income,011
1,0,14825,income,011
1,0,14827,income,011
1,0,14830,income,011
1,0,14832,income,011
1,0,14836,income,011
1,0,14838,income,011
1,0,14840,income,011
1,0,14842,income,011
1,0,14844,income,011
1,0,14848,income,011
1,0,14852,income,011
1,0,14854,income,011
1,0,14855,income,011
1,0,14858,income,011
1,0,14859,income,011
1,0,14861,income,011
1,0,14865,income,011
1,0,14869,income,011
1,0,14874,income,011
1,0,14878,income,011
1,0,14880,income,011
1,0,14882,income,011
1,0,14885,income,011
1,0,14888,income,011
1,0,14889,income,011
1,0,14894,income,011
1,0,14896,income,011
1,0,14898,income,011
1,0,14902,income,011
1,0,14903,income,011
1,0,14906,income,011
1,0,14909,income,011
1,0,14913,income,011
1,0,14914,income,011
1,0,14916,income,011
1,0,14918,income,011
1,0,14921,income,011
1,0,14923,income,011
1,0,14925,income,011
1,0,14928,income,011
1,0,14929,income,011
1,0,14932,income,011
1,0,14935,income,011
1,0,14937,income,011
1,0,14938,income,011
1,0,14940,income,011
1,0,14944,income,011
1,0,14948,income,011
1,0,14951,income,011
1,0,14953,income,011
1,0,14956,income,011
1,0,14957,income,011
1,0,14960,income,011
1,0,14965,income,011
1,0,14967,income,011
1,0,14969,income,011
1,0,14971,income,011
1,0,14973,income,011
1,0,14975,income,011
1,0,14977,income,011
1,0,14979,income,011
1,0,14981,income,011
1,0,14983,income,011
1,0,14986,income,011
1,0,14988,income,011
1,0,14989,income,011
1,0,14991,income,011
1,0,14994,income,011
1,0,14999,income,011
1,0,15001,income,011
1,0,15003,income,011
1,0,15007,income,011
1,0,15009,income,011
1,0,15012,income,011
1,0,15014,income,011
1,0,15016,income,011
1,0,15018,income,011
1,0,15022,income,011
1,0,15024,income,011
1,0,15026,income,011
1,0,15029,income,011
1,0,15031,income,011
1,0,15033,income,011
1,0,15035,income,011
1,0,15037,income,011
1,0,15039,income,011
1,0,15042,income,011
1,0,15044,income,011
1,0,15046,income,011
1,0,15048,income,011
1,0,15050,income,011
1,0,15051,income,011
1,0,15053,income,011
1,0,15056,income,011
1,0,15058,income,011
1,0,15063,income,011
1,0,15064,income,011
1,0,15067,income,011
1,0,15071,income,011
1,0,15073,income,011
1,0,15075,income,011
1,0,15078,income,011
1,0,15080,income,011
1,0,15083,income,011
1,0,15085,income,011
1,0,15087,income,011
1,0,15090,income,011
1,0,15093,income,011
1,0,15095,income,011
1,0,15097,income,011
1,0,15099,income,011
1,0,15101,income,011
1,0,15105,income,011
1,0,15106,income,011
1,0,15108,income,011
1,0,15111,income,011
1,0,15114,income,011
1,0,15116,income,011
1,0,15119,income,011
1,0,15121,income,011
1,0,15122,income,011
1,0,15125,income,011
1,0,15127,income,011
1,0,15130,income,011
1,0,15132,income,011
1,0,15135,income,011
1,0,15137,income,011
1,0,15139,income,011
1,0,15141,income,011
1,0,15142,income,011
1,0,15145,income,011
1,0,15147,income,011
1,0,15149,income,011
1,0,15151,income,011
1,0,15156,income,011
1,0,15159,income,011
1,0,15161,income,011
1,0,15164,income,011
1,0,15166,income,011
1,0,15168,income,011
1,0,15170,income,011
1,0,15175,income,011
1,0,15179,income,011
1,0,15183,income,011
1,0,15186,income,011
1,0,15188,income,011
1,0,15190,income,011
1,0,15193,income,011
1,0,15194,income,011
1,0,15198,income,011
1,0,15201,income,011
1,0,15204,income,011
1,0,15206,income,011
1,0,15209,income,011
1,0,15213,income,011
1,0,15214,income,011
1,0,15217,income,011
1,0,15219,income,011
1,0,15225,income,011
1,0,15227,income,011
1,0,15228,income,011
1,0,15230,income,011
1,0,15235,income,011
1,0,15237,income,011
1,0,15240,income,011
1,0,15243,income,011
1,0,15245,income,011
1,0,15247,income,011
1,0,15250,income,011
1,0,15252,income,011
1,0,15254,income,011
1,0,15257,income,011
1,0,15258,income,011
1,0,15261,income,011
1,0,15264,income,011
1,0,15267,income,011
1,0,15270,income,011
1,0,15273,income,011
1,0,15276,income,011
1,0,15278,income,011
1,0,15282,income,011
1,0,15284,income,011
1,0,15288,income,011
1,0,15289,income,011
1,0,15291,income,011
1,0,15293,income,011
1,0,15296,income,011
1,0,15298,income,011
1,0,15301,income,011
1,0,15303,income,011
1,0,15305,income,011
1,0,15308,income,011
1,0,15310,income,011
1,0,15314,income,011
1,0,15316,income,011
1,0,15318,income,011
1,0,15320,income,011
1,0,15323,income,011
1,0,15325,income,011
1,0,15328,income,011
1,0,15330,income,011
1,0,15333,income,011
1,0,15335,income,011
1,0,15337,income,011
1,0,15340,income,011
1,0,15341,income,011
1,0,15343,income,011
1,0,15347,income,011
1,0,15348,income,011
1,0,15351,income,011
1,0,15355,income,011
1,0,15357,income,011
1,0,15360,income,011
1,0,15362,income,011
1,0,15364,income,011
1,0,15366,income,011
1,0,15368,income,011
1,0,15370,income,011
1,0,15371,income,011
1,0,15373,income,011
1,0,15377,income,011
1,0,15379,income,011
1,0,15380,income,011
1,0,15382,income,011
1,0,15384,income,011
1,0,15386,income,011
1,0,15389,income,011
1,0,15392,income,011
1,0,15394,income,011
1,0,15399,income,011
1,0,15401,income,011
1,0,15403,income,011
1,0,15406,income,011
1,0,15408,income,011
1,0,15410,income,011
1,0,15413,income,011
1,0,15414,income,011
1,0,15417,income,011
1,0,15420,income,011
1,0,15421,income,011
1,0,15425,income,011
1,0,15427,income,011
1,0,15429,income,011
1,0,15431,income,011
1,0,15433,income,011
1,0,15436,income,011
1,0,15438,income,011
1,0,15443,income,011
1,0,15447,income,011
1,0,15448,income,011
1,0,15450,income,011
1,0,15452,income,011
1,0,15457,income,011
1,0,15459,income,011
1,0,15460,income,011
1,0,15462,income,011
1,0,15465,income,011
1,0,15467,income,011
1,0,15469,income,011
1,0,15472,income,011
1,0,15474,income,011
1,0,15476,income,011
1,0,15478,income,011
1,0,15480,income,011
1,0,15483,income,011
1,0,15485,income,011
1,0,15487,income,011
1,0,15490,income,011
1,0,15492,income,011
1,0,15493,income,011
1,0,15496,income,011
1,0,15498,income,011
1,0,15501,income,011
1,0,15502,income,011
1,0,15504,income,011
1,0,15507,income,011
1,0,15508,income,011
1,0,15510,income,011
1,0,15513,income,011
1,0,15517,income,011
1,0,15518,income,011
1,0,15522,income,011
1,0,15524,income,011
1,0,15529,income,011
1,0,15531,income,011
1,0,15533,income,011
1,0,15535,income,011
1,0,15538,income,011
1,0,15539,income,011
1,0,15541,income,011
1,0,15545,income,011
1,0,15547,income,011
1,0,15552,income,011
1,0,15553,income,011
1,0,15555,income,011
1,0,15558,income,011
1,0,15563,income,011
1,0,15565,income,011
1,0,15568,income,011
1,0,15570,income,011
1,0,15571,income,011
1,0,15573,income,011
1,0,15575,income,011
1,0,15579,income,011
1,0,15582,income,011
1,0,15583,income,011
1,0,15588,income,011
1,0,15590,income,011
1,0,15593,income,011
1,0,15596,income,011
1,0,15598,income,011
1,0,15601,income,011
1,0,15605,income,011
1,0,15608,income,011
1,0,15611,income,011
1,0,15615,income,011
1,0,15617,income,011
1,0,15619,income,011
1,0,15621,income,011
1,0,15624,income,011
1,0,15626,income,011
1,0,15630,income,011
1,0,15632,income,011
1,0,15636,income,011
1,0,15640,income,011
1,0,15644,income,011
1,0,15646,income,011
1,0,15647,income,011
1,0,15650,income,011
1,0,15652,income,011
1,0,15654,income,011
1,0,15656,income,011
1,0,15657,income,011
1,0,15661,income,011
1,0,15662,income,011
1,0,15666,income,011
1,0,15669,income,011
1,0,15672,income,011
1,0,15673,income,011
1,0,15675,income,011
1,0,15679,income,011
1,0,15680,income,011
1,0,15682,income,011
1,0,15686,income,011
1,0,15688,income,011
1,0,15691,income,011
1,0,15694,income,011
1,0,15696,income,011
1,0,15697,income,011
1,0,15699,income,011
1,0,15701,income,011
1,0,15704,income,011
1,0,15707,income,011
1,0,15708,income,011
1,0,15711,income,011
1,0,15714,income,011
1,0,15717,income,011
1,0,15719,income,011
1,0,15721,income,011
1,0,15725,income,011
1,0,15727,income,011
1,0,15729,income,011
1,0,15730,income,011
1,0,15734,income,011
1,0,15737,income,011
1,0,15739,income,011
1,0,15741,income,011
1,0,15742,income,011
1,0,15744,income,011
1,0,15752,income,011
1,0,15753,income,011
1,0,15755,income,011
1,0,15758,income,011
1,0,15760,income,011
1,0,15761,income,011
1,0,15763,income,011
1,0,15767,income,011
1,0,15769,income,011
1,0,15772,income,011
1,0,15774,income,011
1,0,15775,income,011
1,0,15777,income,011
1,0,15779,income,011
1,0,15783,income,011
1,0,15784,income,011
1,0,15787,income,011
1,0,15790,income,011
1,0,15791,income,011
1,0,15793,income,011
1,0,15798,income,011
1,0,15801,income,011
1,0,15804,income,011
1,0,15806,income,011
1,0,15809,income,011
1,0,15812,income,011
1,0,15814,income,011
1,0,15816,income,011
1,0,15817,income,011
1,0,15820,income,011
1,0,15824,income,011
1,0,15827,income,011
1,0,15829,income,011
1,0,15833,income,011
1,0,15835,income,011
1,0,15840,income,011
1,0,15841,income,011
1,0,15843,income,011
1,0,15845,income,011
1,0,15849,income,011
1,0,15851,income,011
1,0,15853,income,011
1,0,15855,income,011
1,0,15857,income,011
1,0,15859,income,011
1,0,15863,income,011
1,0,15866,income,011
1,0,15867,income,011
1,0,15869,income,011
1,0,15872,income,011
1,0,15876,income,011
1,0,15878,income,011
1,0,15880,income,011
1,0,15882,income,011
1,0,15884,income,011
1,0,15886,income,011
1,0,15888,income,011
1,0,15890,income,011
1,0,15891,income,011
1,0,15893,income,011
1,0,15895,income,011
1,0,15898,income,011
1,0,15900,income,011
1,0,15903,income,011
1,0,15906,income,011
1,0,15909,income,011
1,0,15913,income,011
1,0,15915,income,011
1,0,15918,income,011
1,0,15923,income,011
1,0,15924,income,011
1,0,15927,income,011
1,0,15928,income,011
1,0,15931,income,011
1,0,15934,income,011
1,0,15937,income,011
1,0,15938,income,011
1,0,15941,income,011
1,0,15943,income,011
1,0,15945,income,011
1,0,15948,income,011
1,0,15949,income,011
1,0,15952,income,011
1,0,15956,income,011
1,0,15959,income,011
1,0,15961,income,011
1,0,15963,income,011
1,0,15966,income,011
1,0,15968,income,011
1,0,15971,income,011
1,0,15972,income,011
1,0,15976,income,011
1,0,15977,income,011
1,0,15980,income,011
1,0,15983,income,011
1,0,15991,income,011
1,0,15993,income,011
1,0,15994,income,011
1,0,15996,income,011
1,0,15999,income,011
1,0,16000,income,011
1,0,16002,income,011
1,0,16006,income,011
1,0,16011,income,011
1,0,16012,income,011
1,0,16016,income,011
1,0,16019,income,011
1,0,16021,income,011
1,0,16025,income,011
1,0,16029,income,011
1,0,16031,income,011
1,0,16033,income,011
1,0,16035,income,011
1,0,16038,income,011
1,0,16043,income,011
1,0,16046,income,011
1,0,16048,income,011
1,0,16050,income,011
1,0,16052,income,011
1,0,16055,income,011
1,0,16057,income,011
1,0,16059,income,011
1,0,16061,income,011
1,0,16064,income,011
1,0,16066,income,011
1,0,16068,income,011
1,0,16070,income,011
1,0,16074,income,011
1,0,16076,income,011
1,0,16078,income,011
1,0,16082,income,011
1,0,16085,income,011
1,0,16087,income,011
1,0,16089,income,011
1,0,16090,income,011
1,0,16093,income,011
1,0,16095,income,011
1,0,16097,income,011
1,0,16099,income,011
1,0,16101,income,011
1,0,16104,income,011
1,0,16106,income,011
1,0,16111,income,011
1,0,16114,income,011
1,0,16116,income,011
1,0,16119,income,011
1,0,16122,income,011
1,0,16124,income,011
1,0,16127,income,011
1,0,16128,income,011
1,0,16132,income,011
1,0,16134,income,011
1,0,16138,income,011
1,0,16141,income,011
1,0,16145,income,011
1,0,16147,income,011
1,0,16149,income,011
1,0,16151,income,011
1,0,16154,income,011
1,0,16155,income,011
1,0,16159,income,011
1,0,16160,income,011
1,0,16162,income,011
1,0,16165,income,011
1,0,16167,income,011
1,0,16170,income,011
1,0,16173,income,011
1,0,16175,income,011
1,0,16176,income,011
1,0,16178,income,011
1,0,16180,income,011
1,0,16182,income,011
1,0,16185,income,011
1,0,16187,income,011
1,0,16189,income,011
1,0,16191,income,011
1,0,16195,income,011
1,0,16197,income,011
1,0,16200,income,011
1,0,16202,income,011
1,0,16205,income,011
1,0,16208,income,011
1,0,16209,income,011
1,0,16211,income,011
1,0,16213,income,011
1,0,16216,income,011
1,0,16218,income,011
1,0,16220,income,011
1,0,16222,income,011
1,0,16224,income,011
1,0,16227,income,011
1,0,16229,income,011
1,0,16233,income,011
1,0,16235,income,011
1,0,16237,income,011
1,0,16240,income,011
1,0,16245,income,011
1,0,16246,income,011
1,0,16250,income,011
1,0,16252,income,011
1,0,16254,income,011
1,0,16258,income,011
1,0,16261,income,011
1,0,16263,income,011
1,0,16265,income,011
1,0,16267,income,011
1,0,16270,income,011
1,0,16272,income,011
1,0,16273,income,011
1,0,16275,income,011
1,0,16278,income,011
1,0,16281,income,011
1,0,16284,income,011
1,0,16286,income,011
1,0,16290,income,011
1,0,16292,income,011
1,0,16294,income,011
1,0,16296,income,011
1,0,16299,income,011
1,0,16300,income,011
1,0,16302,income,011
1,0,16305,income,011
1,0,16307,income,011
1,0,16309,income,011
1,0,16311,income,011
1,0,16313,income,011
1,0,16315,income,011
1,0,16317,income,011
1,0,16320,income,011
1,0,16321,income,011
1,0,16326,income,011
1,0,16328,income,011
1,0,16329,income,011
1,0,16331,income,011
1,0,16334,income,011
1,0,16336,income,011
1,0,16338,income,011
1,0,16342,income,011
1,0,16344,income,011
1,0,16346,income,011
1,0,16348,income,011
1,0,16350,income,011
1,0,16352,income,011
1,0,16354,income,011
1,0,16356,income,011
1,0,16359,income,011
1,0,16361,income,011
1,0,16362,income,011
1,0,16366,income,011
1,0,16367,income,011
1,0,16370,income,011
1,0,16374,income,011
1,0,16376,income,011
1,0,16378,income,011
1,0,16381,income,011
1,0,16384,income,011
1,0,16388,income,011
1,0,16392,income,011
1,0,16394,income,011
1,0,16396,income,011
1,0,16399,income,011
1,0,16401,income,011
1,0,16403,income,011
1,0,16406,income,011
1,0,16408,income,011
1,0,16411,income,011
1,0,16413,income,011
1,0,16418,income,011
1,0,16421,income,011
1,0,16422,income,011
1,0,16425,income,011
1,0,16428,income,011
1,0,16430,income,011
1,0,16432,income,011
1,0,16435,income,011
1,0,16437,income,011
1,0,16439,income,011
1,0,16441,income,011
1,0,16443,income,011
1,0,16446,income,011
1,0,16448,income,011
1,0,16450,income,011
1,0,16453,income,011
1,0,16455,income,011
1,0,16458,income,011
1,0,16459,income,011
1,0,16461,income,011
1,0,16464,income,011
1,0,16466,income,011
1,0,16467,income,011
1,0,16469,income,011
1,0,16473,income,011
1,0,16475,income,011
1,0,16477,income,011
1,0,16479,income,011
1,0,16482,income,011
1,0,16483,income,011
1,0,16486,income,011
1,0,16488,income,011
1,0,16491,income,011
1,0,16493,income,011
1,0,16496,income,011
1,0,16498,income,011
1,0,16500,income,011
1,0,16504,income,011
1,0,16505,income,011
1,0,16508,income,011
1,0,16510,income,011
1,0,16512,income,011
1,0,16514,income,011
1,0,16516,income,011
1,0,16517,income,011
1,0,16522,income,011
1,0,16524,income,011
1,0,16528,income,011
1,0,16530,income,011
1,0,16531,income,011
1,0,16534,income,011
1,0,16540,income,011
1,0,16542,income,011
1,0,16544,income,011
1,0,16545,income,011
1,0,16547,income,011
1,0,16550,income,011
1,0,16555,income,011
1,0,16556,income,011
1,0,16560,income,011
1,0,16563,income,011
1,0,16565,income,011
1,0,16568,income,011
1,0,16570,income,011
1,0,16572,income,011
1,0,16575,income,011
1,0,16580,income,011
1,0,16582,income,011
1,0,16583,income,011
1,0,16587,income,011
1,0,16589,income,011
1,0,16591,income,011
1,0,16592,income,011
1,0,16595,income,011
1,0,16597,income,011
1,0,16600,income,011
1,0,16603,income,011
1,0,16605,income,011
1,0,16607,income,011
1,0,16609,income,011
1,0,16610,income,011
1,0,16614,income,011
1,0,16615,income,011
1,0,16618,income,011
1,0,16621,income,011
1,0,16625,income,011
1,0,16627,income,011
1,0,16628,income,011
1,0,16630,income,011
1,0,16632,income,011
1,0,16635,income,011
1,0,16639,income,011
1,0,16641,income,011
1,0,16643,income,011
1,0,16646,income,011
1,0,16648,income,011
1,0,16651,income,011
1,0,16654,income,011
1,0,16657,income,011
1,0,16659,income,011
1,0,16660,income,011
1,0,16663,income,011
1,0,16665,income,011
1,0,16667,income,011
1,0,16670,income,011
1,0,16671,income,011
1,0,16673,income,011
1,0,16675,income,011
1,0,16677,income,011
1,0,16680,income,011
1,0,16683,income,011
1,0,16687,income,011
1,0,16688,income,011
1,0,16692,income,011
1,0,16694,income,011
1,0,16695,income,011
1,0,16697,income,011
1,0,16700,income,011
1,0,16702,income,011
1,0,16704,income,011
1,0,16710,income,011
1,0,16713,income,011
1,0,16715,income,011
1,0,16717,income,011
1,0,16719,income,011
1,0,16721,income,011
1,0,16722,income,011
1,0,16725,income,011
1,0,16728,income,011
1,0,16732,income,011
1,0,16734,income,011
1,0,16736,income,011
1,0,16738,income,011
1,0,16740,income,011
1,0,16742,income,011
1,0,16745,income,011
1,0,16746,income,011
1,0,16751,income,011
1,0,16753,income,011
1,0,16756,income,011
1,0,16758,income,011
1,0,16760,income,011
1,0,16763,income,011
1,0,16765,income,011
1,0,16767,income,011
1,0,16770,income,011
1,0,16774,income,011
1,0,16776,income,011
1,0,16778,income,011
1,0,16780,income,011
1,0,16784,income,011
1,0,16785,income,011
1,0,16787,income,011
1,0,16790,income,011
1,0,16795,income,011
1,0,16798,income,011
1,0,16799,income,011
1,0,16801,income,011
1,0,16805,income,011
1,0,16808,income,011
1,0,16810,income,011
1,0,16815,income,011
1,0,16818,income,011
1,0,16820,income,011
1,0,16821,income,011
1,0,16825,income,011
1,0,16828,income,011
1,0,16830,income,011
1,0,16834,income,011
1,0,16838,income,011
1,0,16840,income,011
1,0,16843,income,011
1,0,16844,income,011
1,0,16847,income,011
1,0,16851,income,011
1,0,16854,income,011
1,0,16858,income,011
1,0,16859,income,011
1,0,16861,income,011
1,0,16864,income,011
1,0,16866,income,011
1,0,16868,income,011
1,0,16871,income,011
1,0,16874,income,011
1,0,16877,income,011
1,0,16879,income,011
1,0,16882,income,011
1,0,16884,income,011
1,0,16885,income,011
1,0,16890,income,011
1,0,16892,income,011
1,0,16894,income,011
1,0,16895,income,011
1,0,16897,income,011
1,0,16899,income,011
1,0,16901,income,011
1,0,16903,income,011
1,0,16905,income,011
1,0,16907,income,011
1,0,16911,income,011
1,0,16913,income,011
1,0,16915,income,011
1,0,16918,income,011
1,0,16920,income,011
1,0,16923,income,011
1,0,16925,income,011
1,0,16927,income,011
1,0,16930,income,011
1,0,16932,income,011
1,0,16934,income,011
1,0,16938,income,011
1,0,16941,income,011
1,0,16943,income,011
1,0,16945,income,011
1,0,16947,income,011
1,0,16948,income,011
1,0,16950,income,011
1,0,16952,income,011
1,0,16955,income,011
1,0,16957,income,011
1,0,16959,income,011
1,0,16964,income,011
1,0,16966,income,011
1,0,16969,income,011
1,0,16972,income,011
1,0,16975,income,011
1,0,16976,income,011
1,0,16978,income,011
1,0,16981,income,011
1,0,16982,income,011
1,0,16985,income,011
1,0,16987,income,011
1,0,16988,income,011
1,0,16991,income,011
1,0,16993,income,011
1,0,16995,income,011
1,0,16997,income,011
1,0,17002,income,011
1,0,17005,income,011
1,0,17008,income,011
1,0,17011,income,011
1,0,17014,income,011
1,0,17018,income,011
1,0,17020,income,011
1,0,17022,income,011
1,0,17023,income,011
1,0,17025,income,011
1,0,17029,income,011
1,0,17031,income,011
1,0,17033,income,011
1,0,17034,income,011
1,0,17037,income,011
1,0,17040,income,011
1,0,17042,income,011
1,0,17044,income,011
1,0,17047,income,011
1,0,17051,income,011
1,0,17053,income,011
1,0,17055,income,011
1,0,17057,income,011
1,0,17060,income,011
1,0,17061,income,011
1,0,17065,income,011
1,0,17067,income,011
1,0,17069,income,011
1,0,17073,income,011
1,0,17076,income,011
1,0,17078,income,011
1,0,17080,income,011
1,0,17085,income,011
1,0,17088,income,011
1,0,17089,income,011
1,0,17092,income,011
1,0,17095,income,011
1,0,17098,income,011
1,0,17100,income,011
1,0,17104,income,011
1,0,17105,income,011
1,0,17108,income,011
1,0,17112,income,011
1,0,17115,income,011
1,0,17116,income,011
1,0,17119,income,011
1,0,17121,income,011
1,0,17125,income,011
1,0,17127,income,011
1,0,17129,income,011
1,0,17131,income,011
1,0,17136,income,011
1,0,17138,income,011
1,0,17140,income,011
1,0,17144,income,011
1,0,17147,income,011
1,0,17149,income,011
1,0,17152,income,011
1,0,17154,income,011
1,0,17156,income,011
1,0,17157,income,011
1,0,17160,income,011
1,0,17162,income,011
1,0,17164,income,011
1,0,17166,income,011
1,0,17171,income,011
1,0,17172,income,011
1,0,17175,income,011
1,0,17178,income,011
1,0,17179,income,011
1,0,17181,income,011
1,0,17185,income,011
1,0,17188,income,011
1,0,17189,income,011
1,0,17191,income,011
1,0,17193,income,011
1,0,17197,income,011
1,0,17199,income,011
1,0,17201,income,011
1,0,17204,income,011
1,0,17207,income,011
1,0,17209,income,011
1,0,17211,income,011
1,0,17213,income,011
1,0,17214,income,011
1,0,17216,income,011
1,0,17218,income,011
1,0,17221,income,011
1,0,17224,income,011
1,0,17226,income,011
1,0,17228,income,011
1,0,17230,income,011
1,0,17235,income,011
1,0,17236,income,011
1,0,17242,income,011
1,0,17243,income,011
1,0,17246,income,011
1,0,17248,income,011
1,0,17252,income,011
1,0,17254,income,011
1,0,17257,income,011
1,0,17259,income,011
1,0,17262,income,011
1,0,17263,income,011
1,0,17267,income,011
1,0,17270,income,011
1,0,17272,income,011
1,0,17275,income,011
1,0,17277,income,011
1,0,17280,income,011
1,0,17282,income,011
1,0,17283,income,011
1,0,17286,income,011
1,0,17288,income,011
1,0,17290,income,011
1,0,17293,income,011
1,0,17295,income,011
1,0,17296,income,011
1,0,17298,income,011
1,0,17301,income,011
1,0,17303,income,011
1,0,17307,income,011
1,0,17310,income,011
1,0,17312,income,011
1,0,17315,income,011
1,0,17317,income,011
1,0,17320,income,011
1,0,17323,income,011
1,0,17326,income,011
1,0,17327,income,011
1,0,17330,income,011
1,0,17331,income,011
1,0,17335,income,011
1,0,17337,income,011
1,0,17339,income,011
1,0,17341,income,011
1,0,17343,income,011
1,0,17345,income,011
1,0,17347,income,011
1,0,17349,income,011
1,0,17352,income,011
1,0,17355,income,011
1,0,17358,income,011
1,0,17359,income,011
1,0,17362,income,011
1,0,17366,income,011
1,0,17368,income,011
1,0,17370,income,011
1,0,17372,income,011
1,0,17374,income,011
1,0,17377,income,011
1,0,17378,income,011
1,0,17382,income,011
1,0,17383,income,011
1,0,17385,income,011
1,0,17390,income,011
1,0,17394,income,011
1,0,17396,income,011
1,0,17398,income,011
1,0,17400,income,011
1,0,17403,income,011
1,0,17405,income,011
1,0,17408,income,011
1,0,17412,income,011
1,0,17414,income,011
1,0,17416,income,011
1,0,17417,income,011
1,0,17419,income,011
1,0,17422,income,011
1,0,17424,income,011
1,0,17426,income,011
1,0,17428,income,011
1,0,17433,income,011
1,0,17436,income,011
1,0,17438,income,011
1,0,17441,income,011
1,0,17445,income,011
1,0,17447,income,011
1,0,17450,income,011
1,0,17452,income,011
1,0,17453,income,011
1,0,17455,income,011
1,0,17457,income,011
1,0,17459,income,011
1,0,17462,income,011
1,0,17463,income,011
1,0,17465,income,011
1,0,17468,income,011
1,0,17470,income,011
1,0,17472,income,011
1,0,17474,income,011
1,0,17477,income,011
1,0,17478,income,011
1,0,17482,income,011
1,0,17484,income,011
1,0,17486,income,011
1,0,17488,income,011
1,0,17489,income,011
1,0,17491,income,011
1,0,17497,income,011
1,0,17498,income,011
1,0,17500,income,011
1,0,17503,income,011
1,0,17505,income,011
1,0,17507,income,011
1,0,17510,income,011
1,0,17512,income,011
1,0,17513,income,011
1,0,17519,income,011
1,0,17521,income,011
1,0,17524,income,011
1,0,17527,income,011
1,0,17529,income,011
1,0,17532,income,011
1,0,17534,income,011
1,0,17536,income,011
1,0,17538,income,011
1,0,17540,income,011
1,0,17543,income,011
1,0,17547,income,011
1,0,17550,income,011
1,0,17551,income,011
1,0,17554,income,011
1,0,17556,income,011
1,0,17558,income,011
1,0,17561,income,011
1,0,17563,income,011
1,0,17565,income,011
1,0,17569,income,011
1,0,17572,income,011
1,0,17576,income,011
1,0,17578,income,011
1,0,17580,income,011
1,0,17585,income,011
1,0,17587,income,011
1,0,17588,income,011
1,0,17590,income,011
1,0,17594,income,011
1,0,17596,income,011
1,0,17598,income,011
1,0,17601,income,011
1,0,17603,income,011
1,0,17606,income,011
1,0,17608,income,011
1,0,17611,income,011
1,0,17613,income,011
1,0,17615,income,011
1,0,17620,income,011
1,0,17623,income,011
1,0,17624,income,011
1,0,17626,income,011
1,0,17628,income,011
1,0,17630,income,011
1,0,17633,income,011
1,0,17634,income,011
1,0,17636,income,011
1,0,17638,income,011
1,0,17644,income,011
1,0,17645,income,011
1,0,17648,income,011
1,0,17650,income,011
1,0,17652,income,011
1,0,17654,income,011
1,0,17656,income,011
1,0,17658,income,011
1,0,17660,income,011
1,0,17663,income,011
1,0,17666,income,011
1,0,17668,income,011
1,0,17672,income,011
1,0,17675,income,011
1,0,17678,income,011
1,0,17681,income,011
1,0,17683,income,011
1,0,17685,income,011
1,0,17687,income,011
1,0,17691,income,011
1,0,17694,income,011
1,0,17697,income,011
1,0,17699,income,011
1,0,17700,income,011
1,0,17703,income,011
1,0,17705,income,011
1,0,17707,income,011
1,0,17709,income,011
1,0,17712,income,011
1,0,17715,income,011
1,0,17718,income,011
1,0,17720,income,011
1,0,17724,income,011
1,0,17727,income,011
1,0,17732,income,011
1,0,17734,income,011
1,0,17736,income,011
1,0,17739,income,011
1,0,17741,income,011
1,0,17744,income,011
1,0,17746,income,011
1,0,17747,income,011
1,0,17749,income,011
1,0,17753,income,011
1,0,17755,income,011
1,0,17758,income,011
1,0,17759,income,011
1,0,17761,income,011
1,0,17763,income,011
1,0,17765,income,011
1,0,17767,income,011
1,0,17770,income,011
1,0,17772,income,011
1,0,17779,income,011
1,0,17783,income,011
1,0,17784,income,011
1,0,17786,income,011
1,0,17789,income,011
1,0,17792,income,011
1,0,17795,income,011
1,0,17797,income,011
1,0,17800,income,011
1,0,17802,income,011
1,0,17803,income,011
1,0,17806,income,011
1,0,17808,income,011
1,0,17811,income,011
1,0,17813,income,011
1,0,17816,income,011
1,0,17819,income,011
1,0,17822,income,011
1,0,17823,income,011
1,0,17826,income,011
1,0,17829,income,011
1,0,17831,income,011
1,0,17833,income,011
1,0,17837,income,011
1,0,17839,income,011
1,0,17841,income,011
1,0,17843,income,011
1,0,17845,income,011
1,0,17848,income,011
1,0,17850,income,011
1,0,17851,income,011
1,0,17853,income,011
1,0,17856,income,011
1,0,17859,income,011
1,0,17861,income,011
1,0,17863,income,011
1,0,17865,income,011
1,0,17866,income,011
1,0,17871,income,011
1,0,17873,income,011
1,0,17874,income,011
1,0,17879,income,011
1,0,17881,income,011
1,0,17883,income,011
1,0,17884,income,011
1,0,17887,income,011
1,0,17890,income,011
1,0,17892,income,011
1,0,17894,income,011
1,0,17897,income,011
1,0,17899,income,011
1,0,17902,income,011
1,0,17904,income,011
1,0,17906,income,011
1,0,17907,income,011
1,0,17911,income,011
1,0,17915,income,011
1,0,17917,income,011
1,0,17921,income,011
1,0,17924,income,011
1,0,17928,income,011
1,0,17930,income,011
1,0,17934,income,011
1,0,17935,income,011
1,0,17938,income,011
1,0,17940,income,011
1,0,17942,income,011
1,0,17945,income,011
1,0,17947,income,011
1,0,17948,income,011
1,0,17950,income,011
1,0,17955,income,011
1,0,17960,income,011
1,0,17962,income,011
1,0,17964,income,011
1,0,17967,income,011
1,0,17969,income,011
1,0,17970,income,011
1,0,17972,income,011
1,0,17974,income,011
1,0,17976,income,011
1,0,17978,income,011
1,0,17980,income,011
1,0,17983,income,011
1,0,17985,income,011
1,0,17991,income,011
1,0,17993,income,011
1,0,17995,income,011
1,0,18000,income,011
1,0,18001,income,011
1,0,18003,income,011
1,0,18006,income,011
1,0,18009,income,011
1,0,18012,income,011
1,0,18015,income,011
1,0,18017,income,011
1,0,18019,income,011
1,0,18021,income,011
1,0,18023,income,011
1,0,18025,income,011
1,0,18029,income,011
1,0,18030,income,011
1,0,18032,income,011
1,0,18034,income,011
1,0,18036,income,011
1,0,18038,income,011
1,0,18042,income,011
1,0,18046,income,011
1,0,18048,income,011
1,0,18050,income,011
1,0,18054,income,011
1,0,18057,income,011
1,0,18060,income,011
1,0,18063,income,011
1,0,18064,income,011
1,0,18069,income,011
1,0,18072,income,011
1,0,18073,income,011
1,0,18075,income,011
1,0,18077,income,011
1,0,18081,income,011
1,0,18084,income,011
1,0,18086,income,011
1,0,18089,income,011
1,0,18094,income,011
1,0,18095,income,011
1,0,18098,income,011
1,0,18100,income,011
1,0,18103,income,011
1,0,18104,income,011
1,0,18106,income,011
1,0,18108,income,011
1,0,18110,income,011
1,0,18113,income,011
1,0,18118,income,011
1,0,18120,income,011
1,0,18123,income,011
1,0,18125,income,011
1,0,18128,income,011
1,0,18130,income,011
1,0,18135,income,011
1,0,18138,income,011
1,0,18140,income,011
1,0,18142,income,011
1,0,18145,income,011
1,0,18148,income,011
1,0,18150,income,011
1,0,18151,income,011
1,0,18153,income,011
1,0,18158,income,011
1,0,18161,income,011
1,0,18162,income,011
1,0,18165,income,011
1,0,18166,income,011
1,0,18168,income,011
1,0,18170,income,011
1,0,18172,income,011
1,0,18174,income,011
1,0,18177,income,011
1,0,18182,income,011
1,0,18184,income,011
1,0,18185,income,011
1,0,18188,income,011
1,0,18189,income,011
1,0,18192,income,011
1,0,18194,income,011
1,0,18196,income,011
1,0,18198,income,011
1,0,18205,income,011
1,0,18207,income,011
1,0,18209,income,011
1,0,18211,income,011
1,0,18214,income,011
1,0,18217,income,011
1,0,18218,income,011
1,0,18221,income,011
1,0,18223,income,011
1,0,18224,income,011
1,0,18228,income,011
1,0,18231,income,011
1,0,18232,income,011
1,0,18235,income,011
1,0,18237,income,011
1,0,18242,income,011
1,0,18244,income,011
1,0,18247,income,011
1,0,18249,income,011
1,0,18251,income,011
1,0,18255,income,011
1,0,18257,income,011
1,0,18259,income,011
1,0,18260,income,011
1,0,18263,income,011
1,0,18266,income,011
1,0,18269,income,011
1,0,18271,income,011
1,0,18274,income,011
1,0,18275,income,011
1,0,18277,income,011
1,0,18281,income,011
1,0,18283,income,011
1,0,18286,income,011
1,0,18290,income,011
1,0,18293,income,011
1,0,18295,income,011
1,0,18296,income,011
1,0,18299,income,011
1,0,18301,income,011
1,0,18304,income,011
1,0,18306,income,011
1,0,18309,income,011
1,0,18310,income,011
1,0,18312,income,011
1,0,18315,income,011
1,0,18319,income,011
1,0,18323,income,011
1,0,18325,income,011
1,0,18327,income,011
1,0,18330,income,011
1,0,18333,income,011
1,0,18335,income,011
1,0,18340,income,011
1,0,18342,income,011
1,0,18344,income,011
1,0,18347,income,011
1,0,18350,income,011
1,0,18352,income,011
1,0,18353,income,011
1,0,18355,income,011
1,0,18358,income,011
1,0,18362,income,011
1,0,18365,income,011
1,0,18369,income,011
1,0,18371,income,011
1,0,18373,income,011
1,0,18375,income,011
1,0,18378,income,011
1,0,18380,income,011
1,0,18383,income,011
1,0,18385,income,011
1,0,18386,income,011
1,0,18389,income,011
1,0,18391,income,011
1,0,18393,income,011
1,0,18395,income,011
1,0,18397,income,011
1,0,18399,income,011
1,0,18401,income,011
1,0,18408,income,011
1,0,18411,income,011
1,0,18413,income,011
1,0,18415,income,011
1,0,18417,income,011
1,0,18418,income,011
1,0,18423,income,011
1,0,18425,income,011
1,0,18427,income,011
1,0,18429,income,011
1,0,18431,income,011
1,0,18433,income,011
1,0,18435,income,011
1,0,18437,income,011
1,0,18441,income,011
1,0,18443,income,011
1,0,18444,income,011
1,0,18447,income,011
1,0,18449,income,011
1,0,18451,income,011
1,0,18453,income,011
1,0,18455,income,011
1,0,18457,income,011
1,0,18460,income,011
1,0,18462,income,011
1,0,18465,income,011
1,0,18467,income,011
1,0,18469,income,011
1,0,18471,income,011
1,0,18473,income,011
1,0,18476,income,011
1,0,18479,income,011
1,0,18480,income,011
1,0,18485,income,011
1,0,18488,income,011
1,0,18492,income,011
1,0,18494,income,011
1,0,18496,income,011
1,0,18498,income,011
1,0,18500,income,011
1,0,18501,income,011
1,0,18504,income,011
1,0,18508,income,011
1,0,18511,income,011
1,0,18512,income,011
1,0,18517,income,011
1,0,18519,income,011
1,0,18522,income,011
1,0,18523,income,011
1,0,18526,income,011
1,0,18528,income,011
1,0,18530,income,011
1,0,18531,income,011
1,0,18534,income,011
1,0,18536,income,011
1,0,18539,income,011
1,0,18540,income,011
1,0,18543,income,011
1,0,18545,income,011
1,0,18546,income,011
1,0,18548,income,011
1,0,18550,income,011
1,0,18555,income,011
1,0,18558,income,011
1,0,18561,income,011
1,0,18563,income,011
1,0,18565,income,011
1,0,18568,income,011
1,0,18570,income,011
1,0,18573,income,011
1,0,18576,income,011
1,0,18580,income,011
1,0,18581,income,011
1,0,18583,income,011
1,0,18585,income,011
1,0,18587,income,011
1,0,18589,income,011
1,0,18594,income,011
1,0,18596,income,011
1,0,18597,income,011
1,0,18600,income,011
1,0,18603,income,011
1,0,18604,income,011
1,0,18607,income,011
1,0,18612,income,011
1,0,18615,income,011
1,0,18618,income,011
1,0,18620,income,011
1,0,18623,income,011
1,0,18625,income,011
1,0,18628,income,011
1,0,18630,income,011
1,0,18633,income,011
1,0,18635,income,011
1,0,18639,income,011
1,0,18642,income,011
1,0,18644,income,011
1,0,18647,income,011
1,0,18648,income,011
1,0,18651,income,011
1,0,18654,income,011
1,0,18657,income,011
1,0,18660,income,011
1,0,18664,income,011
1,0,18667,income,011
1,0,18669,income,011
1,0,18672,income,011
1,0,18673,income,011
1,0,18676,income,011
1,0,18678,income,011
1,0,18679,income,011
1,0,18681,income,011
1,0,18684,income,011
1,0,18687,income,011
1,0,18689,income,011
1,0,18691,income,011
1,0,18694,income,011
1,0,18696,income,011
1,0,18698,income,011
1,0,18703,income,011
1,0,18705,income,011
1,0,18708,income,011
1,0,18710,income,011
1,0,18712,income,011
1,0,18716,income,011
1,0,18718,income,011
1,0,18719,income,011
1,0,18721,income,011
1,0,18723,income,011
1,0,18728,income,011
1,0,18731,income,011
1,0,18732,income,011
1,0,18735,income,011
1,0,18737,income,011
1,0,18738,income,011
1,0,18740,income,011
1,0,18742,income,011
1,0,18744,income,011
1,0,18747,income,011
1,0,18749,income,011
1,0,18751,income,011
1,0,18755,income,011
1,0,18756,income,011
1,0,18758,income,011
1,0,18760,income,011
1,0,18762,income,011
1,0,18764,income,011
1,0,18767,income,011
1,0,18769,income,011
1,0,18771,income,011
1,0,18774,income,011
1,0,18776,income,011
1,0,18780,income,011
1,0,18782,income,011
1,0,18784,income,011
1,0,18785,income,011
1,0,18788,income,011
1,0,18791,income,011
1,0,18792,income,011
1,0,18795,income,011
1,0,18798,income,011
1,0,18800,income,011
1,0,18802,income,011
1,0,18803,income,011
1,0,18805,income,011
1,0,18807,income,011
1,0,18810,income,011
1,0,18813,income,011
1,0,18815,income,011
1,0,18818,income,011
1,0,18819,income,011
1,0,18821,income,011
1,0,18827,income,011
1,0,18829,income,011
1,0,18831,income,011
1,0,18832,income,011
1,0,18835,income,011
1,0,18836,income,011
1,0,18840,income,011
1,0,18842,income,011
1,0,18843,income,011
1,0,18845,income,011
1,0,18847,income,011
1,0,18850,income,011
1,0,18853,income,011
1,0,18856,income,011
1,0,18858,income,011
1,0,18860,income,011
1,0,18862,income,011
1,0,18866,income,011
1,0,18868,income,011
1,0,18869,income,011
1,0,18871,income,011
1,0,18873,income,011
1,0,18877,income,011
1,0,18880,income,011
1,0,18883,income,011
1,0,18885,income,011
1,0,18887,income,011
1,0,18889,income,011
1,0,18891,income,011
1,0,18893,income,011
1,0,18895,income,011
1,0,18897,income,011
1,0,18898,income,011
1,0,18900,income,011
1,0,18904,income,011
1,0,18907,income,011
1,0,18908,income,011
1,0,18910,income,011
1,0,18912,income,011
1,0,18914,income,011
1,0,18919,income,011
1,0,18921,income,011
1,0,18925,income,011
1,0,18932,income,011
1,0,18934,income,011
1,0,18936,income,011
1,0,18938,income,011
1,0,18940,income,011
1,0,18942,income,011
1,0,18945,income,011
1,0,18947,income,011
1,0,18949,income,011
1,0,18951,income,011
1,0,18954,income,011
1,0,18957,income,011
1,0,18960,income,011
1,0,18963,income,011
1,0,18965,income,011
1,0,18967,income,011
1,0,18969,income,011
1,0,18970,income,011
1,0,18972,income,011
1,0,18974,income,011
1,0,18977,income,011
1,0,18979,income,011
1,0,18982,income,011
1,0,18986,income,011
1,0,18988,income,011
1,0,18989,income,011
1,0,18991,income,011
1,0,18994,income,011
1,0,18998,income,011
1,0,19004,income,011
1,0,19006,income,011
1,0,19009,income,011
1,0,19011,income,011
1,0,19012,income,011
1,0,19015,income,011
1,0,19018,income,011
1,0,19020,income,011
1,0,19022,income,011
1,0,19026,income,011
1,0,19028,income,011
1,0,19030,income,011
1,0,19032,income,011
1,0,19035,income,011
1,0,19037,income,011
1,0,19038,income,011
1,0,19040,income,011
1,0,19044,income,011
1,0,19046,income,011
1,0,19049,income,011
1,0,19051,income,011
1,0,19052,income,011
1,0,19054,income,011
1,0,19056,income,011
1,0,19060,income,011
1,0,19062,income,011
1,0,19064,income,011
1,0,19066,income,011
1,0,19068,income,011
1,0,19070,income,011
1,0,19072,income,011
1,0,19075,income,011
1,0,19077,income,011
1,0,19079,income,011
1,0,19080,income,011
1,0,19082,income,011
1,0,19084,income,011
1,0,19086,income,011
1,0,19088,income,011
1,0,19091,income,011
1,0,19094,income,011
1,0,19097,income,011
1,0,19099,income,011
1,0,19101,income,011
1,0,19103,income,011
1,0,19106,income,011
1,0,19108,income,011
1,0,19110,income,011
1,0,19112,income,011
1,0,19115,income,011
1,0,19117,income,011
1,0,19119,income,011
1,0,19120,income,011
1,0,19123,income,011
1,0,19125,income,011
1,0,19127,income,011
1,0,19129,income,011
1,0,19134,income,011
1,0,19136,income,011
1,0,19139,income,011
1,0,19141,income,011
1,0,19143,income,011
1,0,19147,income,011
1,0,19149,income,011
1,0,19151,income,011
1,0,19154,income,011
1,0,19158,income,011
1,0,19160,income,011
1,0,19163,income,011
1,0,19166,income,011
1,0,19169,income,011
1,0,19171,income,011
1,0,19172,income,011
1,0,19175,income,011
1,0,19176,income,011
1,0,19178,income,011
1,0,19181,income,011
1,0,19182,income,011
1,0,19185,income,011
1,0,19188,income,011
1,0,19190,income,011
1,0,19193,income,011
1,0,19196,income,011
1,0,19199,income,011
1,0,19202,income,011
1,0,19205,income,011
1,0,19208,income,011
1,0,19210,income,011
1,0,19211,income,011
1,0,19213,income,011
1,0,19215,income,011
1,0,19220,income,011
1,0,19221,income,011
1,0,19224,income,011
1,0,19225,income,011
1,0,19229,income,011
1,0,19231,income,011
1,0,19233,income,011
1,0,19234,income,011
1,0,19236,income,011
1,0,19242,income,011
1,0,19244,income,011
1,0,19246,income,011
1,0,19249,income,011
1,0,19253,income,011
1,0,19255,income,011
1,0,19257,income,011
1,0,19259,income,011
1,0,19261,income,011
1,0,19265,income,011
1,0,19266,income,011
1,0,19269,income,011
1,0,19270,income,011
1,0,19273,income,011
1,0,19276,income,011
1,0,19278,income,011
1,0,19279,income,011
1,0,19281,income,011
1,0,19284,income,011
1,0,19287,income,011
1,0,19291,income,011
1,0,19294,income,011
1,0,19295,income,011
1,0,19297,income,011
1,0,19300,income,011
1,0,19302,income,011
1,0,19305,income,011
1,0,19308,income,011
1,0,19311,income,011
1,0,19313,income,011
1,0,19315,income,011
1,0,19317,income,011
1,0,19319,income,011
1,0,19321,income,011
1,0,19323,income,011
1,0,19326,income,011
1,0,19327,income,011
1,0,19331,income,011
1,0,19332,income,011
1,0,19335,income,011
1,0,19337,income,011
1,0,19339,income,011
1,0,19341,income,011
1,0,19344,income,011
1,0,19347,income,011
1,0,19351,income,011
1,0,19354,income,011
1,0,19356,income,011
1,0,19357,income,011
1,0,19359,income,011
1,0,19361,income,011
1,0,19363,income,011
1,0,19365,income,011
1,0,19367,income,011
1,0,19370,income,011
1,0,19372,income,011
1,0,19374,income,011
1,0,19378,income,011
1,0,19380,income,011
1,0,19382,income,011
1,0,19384,income,011
1,0,19387,income,011
1,0,19390,income,011
1,0,19392,income,011
1,0,19395,income,011
1,0,19398,income,011
1,0,19399,income,011
1,0,19403,income,011
1,0,19405,income,011
1,0,19407,income,011
1,0,19409,income,011
1,0,19411,income,011
1,0,19413,income,011
1,0,19415,income,011
1,0,19417,income,011
1,0,19419,income,011
1,0,19422,income,011
1,0,19424,income,011
1,0,19427,income,011
1,0,19430,income,011
1,0,19432,income,011
1,0,19434,income,011
1,0,19436,income,011
1,0,19438,income,011
1,0,19441,income,011
1,0,19442,income,011
1,0,19445,income,011
1,0,19448,income,011
1,0,19450,income,011
1,0,19451,income,011
1,0,19453,income,011
1,0,19456,income,011
1,0,19459,income,011
1,0,19463,income,011
1,0,19465,income,011
1,0,19467,income,011
1,0,19470,income,011
1,0,19472,income,011
1,0,19474,income,011
1,0,19477,income,011
1,0,19480,income,011
1,0,19481,income,011
1,0,19483,income,011
1,0,19486,income,011
1,0,19489,income,011
1,0,19491,income,011
1,0,19493,income,011
1,0,19494,income,011
1,0,19496,income,011
1,0,19498,income,011
1,0,19503,income,011
1,0,19505,income,011
1,0,19508,income,011
1,0,19509,income,011
1,0,19513,income,011
1,0,19517,income,011
1,0,19519,income,011
1,0,19522,income,011
1,0,19525,income,011
1,0,19526,income,011
1,0,19529,income,011
1,0,19532,income,011
1,0,19534,income,011
1,0,19536,income,011
1,0,19538,income,011
1,0,19540,income,011
1,0,19542,income,011
1,0,19544,income,011
1,0,19546,income,011
1,0,19548,income,011
1,0,19552,income,011
1,0,19555,income,011
1,0,19557,income,011
1,0,19559,income,011
1,0,19562,income,011
1,0,19563,income,011
1,0,19566,income,011
1,0,19569,income,011
1,0,19571,income,011
1,0,19573,income,011
1,0,19576,income,011
1,0,19578,income,011
1,0,19580,income,011
1,0,19581,income,011
1,0,19585,income,011
1,0,19587,income,011
1,0,19589,income,011
1,0,19591,income,011
1,0,19593,income,011
1,0,19595,income,011
1,0,19597,income,011
1,0,19603,income,011
1,0,19604,income,011
1,0,19607,income,011
1,0,19609,income,011
1,0,19613,income,011
1,0,19615,income,011
1,0,19617,income,011
1,0,19619,income,011
1,0,19620,income,011
1,0,19622,income,011
1,0,19626,income,011
1,0,19634,income,011
1,0,19635,income,011
1,0,19637,income,011
1,0,19640,income,011
1,0,19644,income,011
1,0,19646,income,011
1,0,19647,income,011
1,0,19649,income,011
1,0,19655,income,011
1,0,19657,income,011
1,0,19661,income,011
1,0,19664,income,011
1,0,19667,income,011
1,0,19672,income,011
1,0,19674,income,011
1,0,19677,income,011
1,0,19679,income,011
1,0,19681,income,011
1,0,19683,income,011
1,0,19685,income,011
1,0,19687,income,011
1,0,19690,income,011
1,0,19693,income,011
1,0,19697,income,011
1,0,19701,income,011
1,0,19703,income,011
1,0,19705,income,011
1,0,19707,income,011
1,0,19711,income,011
1,0,19713,income,011
1,0,19715,income,011
1,0,19717,income,011
1,0,19720,income,011
1,0,19722,income,011
1,0,19724,income,011
1,0,19727,income,011
1,0,19729,income,011
1,0,19732,income,011
1,0,19735,income,011
1,0,19738,income,011
1,0,19741,income,011
1,0,19744,income,011
1,0,19746,income,011
1,0,19748,income,011
1,0,19753,income,011
1,0,19757,income,011
1,0,19759,income,011
1,0,19760,income,011
1,0,19762,income,011
1,0,19766,income,011
1,0,19768,income,011
1,0,19770,income,011
1,0,19772,income,011
1,0,19776,income,011
1,0,19777,income,011
1,0,19779,income,011
1,0,19782,income,011
1,0,19783,income,011
1,0,19785,income,011
1,0,19788,income,011
1,0,19791,income,011
1,0,19798,income,011
1,0,19801,income,011
1,0,19803,income,011
1,0,19805,income,011
1,0,19807,income,011
1,0,19809,income,011
1,0,19811,income,011
1,0,19814,income,011
1,0,19816,income,011
1,0,19819,income,011
1,0,19821,income,011
1,0,19823,income,011
1,0,19825,income,011
1,0,19827,income,011
1,0,19832,income,011
1,0,19835,income,011
1,0,19837,income,011
1,0,19838,income,011
1,0,19841,income,011
1,0,19843,income,011
1,0,19844,income,011
1,0,19849,income,011
1,0,19851,income,011
1,0,19853,income,011
1,0,19856,income,011
1,0,19859,income,011
1,0,19860,income,011
1,0,19862,income,011
1,0,19864,income,011
1,0,19867,income,011
1,0,19869,income,011
1,0,19871,income,011
1,0,19874,income,011
1,0,19876,income,011
1,0,19880,income,011
1,0,19884,income,011
1,0,19886,income,011
1,0,19888,income,011
1,0,19890,income,011
1,0,19892,income,011
1,0,19894,income,011
1,0,19897,income,011
1,0,19900,income,011
1,0,19903,income,011
1,0,19907,income,011
1,0,19912,income,011
1,0,19914,income,011
1,0,19916,income,011
1,0,19918,income,011
1,0,19919,income,011
1,0,19923,income,011
1,0,19926,income,011
1,0,19928,income,011
1,0,19930,income,011
1,0,19933,income,011
1,0,19935,income,011
1,0,19937,income,011
1,0,19939,income,011
1,0,19941,income,011
1,0,19943,income,011
1,0,19945,income,011
1,0,19949,income,011
1,0,19951,income,011
1,0,19957,income,011
1,0,19960,income,011
1,0,19962,income,011
1,0,19964,income,011
1,0,19966,income,011
1,0,19969,income,011
1,0,19971,income,011
1,0,19974,income,011
1,0,19976,income,011
1,0,19978,income,011
1,0,19980,income,011
1,0,19982,income,011
1,0,19984,income,011
1,0,19990,income,011
1,0,19991,income,011
1,0,19998,income,011
1,0,20001,income,011
1,0,20003,income,011
1,0,20005,income,011
1,0,20009,income,011
1,0,20011,income,011
1,0,20013,income,011
1,0,20015,income,011
1,0,20017,income,011
1,0,20019,income,011
1,0,20023,income,011
1,0,20026,income,011
1,0,20029,income,011
1,0,20032,income,011
1,0,20034,income,011
1,0,20037,income,011
1,0,20039,income,011
1,0,20041,income,011
1,0,20043,income,011
1,0,20046,income,011
1,0,20049,income,011
1,0,20051,income,011
1,0,20053,income,011
1,0,20055,income,011
1,0,20057,income,011
1,0,20059,income,011
1,0,20061,income,011
1,0,20063,income,011
1,0,20065,income,011
1,0,20067,income,011
1,0,20069,income,011
1,0,20070,income,011
1,0,20073,income,011
1,0,20079,income,011
1,0,20082,income,011
1,0,20084,income,011
1,0,20087,income,011
1,0,20088,income,011
1,0,20090,income,011
1,0,20092,income,011
1,0,20095,income,011
1,0,20097,income,011
1,0,20099,income,011
1,0,20102,income,011
1,0,20104,income,011
1,0,20106,income,011
1,0,20108,income,011
1,0,20110,income,011
1,0,20113,income,011
1,0,20115,income,011
1,0,20117,income,011
1,0,20120,income,011
1,0,20122,income,011
1,0,20124,income,011
1,0,20127,income,011
1,0,20130,income,011
1,0,20133,income,011
1,0,20135,income,011
1,0,20139,income,011
1,0,20142,income,011
1,0,20143,income,011
1,0,20145,income,011
1,0,20147,income,011
1,0,20149,income,011
1,0,20151,income,011
1,0,20154,income,011
1,0,20157,income,011
1,0,20158,income,011
1,0,20160,income,011
1,0,20162,income,011
1,0,20165,income,011
1,0,20167,income,011
1,0,20174,income,011
1,0,20175,income,011
1,0,20177,income,011
1,0,20179,income,011
1,0,20183,income,011
1,0,20184,income,011
1,0,20188,income,011
1,0,20191,income,011
1,0,20192,income,011
1,0,20196,income,011
1,0,20198,income,011
1,0,20200,income,011
1,0,20202,income,011
1,0,20205,income,011
1,0,20208,income,011
1,0,20212,income,011
1,0,20215,income,011
1,0,20217,income,011
1,0,20220,income,011
1,0,20222,income,011
1,0,20224,income,011
1,0,20226,income,011
1,0,20229,income,011
1,0,20231,income,011
1,0,20233,income,011
1,0,20237,income,011
1,0,20239,income,011
1,0,20242,income,011
1,0,20244,income,011
1,0,20245,income,011
1,0,20248,income,011
1,0,20250,income,011
1,0,20251,income,011
1,0,20254,income,011
1,0,20257,income,011
1,0,20261,income,011
1,0,20263,income,011
1,0,20265,income,011
1,0,20267,income,011
1,0,20269,income,011
1,0,20271,income,011
1,0,20276,income,011
1,0,20279,income,011
1,0,20280,income,011
1,0,20285,income,011
1,0,20286,income,011
1,0,20290,income,011
1,0,20293,income,011
1,0,20294,income,011
1,0,20297,income,011
1,0,20299,income,011
1,0,20302,income,011
1,0,20304,income,011
1,0,20309,income,011
1,0,20310,income,011
1,0,20312,income,011
1,0,20314,income,011
1,0,20317,income,011
1,0,20320,income,011
1,0,20324,income,011
1,0,20325,income,011
1,0,20328,income,011
1,0,20330,income,011
1,0,20332,income,011
1,0,20335,income,011
1,0,20337,income,011
1,0,20342,income,011
1,0,20345,income,011
1,0,20349,income,011
1,0,20351,income,011
1,0,20352,income,011
1,0,20355,income,011
1,0,20358,income,011
1,0,20360,income,011
1,0,20361,income,011
1,0,20364,income,011
1,0,20366,income,011
1,0,20368,income,011
1,0,20370,income,011
1,0,20372,income,011
1,0,20375,income,011
1,0,20377,income,011
1,0,20378,income,011
1,0,20381,income,011
1,0,20382,income,011
1,0,20387,income,011
1,0,20389,income,011
1,0,20391,income,011
1,0,20392,income,011
1,0,20394,income,011
1,0,20396,income,011
1,0,20398,income,011
1,0,20401,income,011
1,0,20403,income,011
1,0,20406,income,011
1,0,20408,income,011
1,0,20411,income,011
1,0,20413,income,011
1,0,20415,income,011
1,0,20417,income,011
1,0,20419,income,011
1,0,20421,income,011
1,0,20423,income,011
1,0,20426,income,011
1,0,20428,income,011
1,0,20430,income,011
1,0,20432,income,011
1,0,20436,income,011
1,0,20438,income,011
1,0,20441,income,011
1,0,20443,income,011
1,0,20445,income,011
1,0,20447,income,011
1,0,20451,income,011
1,0,20453,income,011
1,0,20455,income,011
1,0,20459,income,011
1,0,20461,income,011
1,0,20463,income,011
1,0,20464,income,011
1,0,20468,income,011
1,0,20471,income,011
1,0,20472,income,011
1,0,20474,income,011
1,0,20476,income,011
1,0,20478,income,011
1,0,20481,income,011
1,0,20483,income,011
1,0,20486,income,011
1,0,20488,income,011
1,0,20492,income,011
1,0,20496,income,011
1,0,20498,income,011
1,0,20501,income,011
1,0,20504,income,011
1,0,20505,income,011
1,0,20507,income,011
1,0,20509,income,011
1,0,20512,income,011
1,0,20516,income,011
1,0,20517,income,011
1,0,20522,income,011
1,0,20524,income,011
1,0,20527,income,011
1,0,20529,income,011
1,0,20530,income,011
1,0,20534,income,011
1,0,20537,income,011
1,0,20541,income,011
1,0,20543,income,011
1,0,20546,income,011
1,0,20548,income,011
1,0,20549,income,011
1,0,20552,income,011
1,0,20556,income,011
1,0,20557,income,011
1,0,20561,income,011
1,0,20562,income,011
1,0,20564,income,011
1,0,20567,income,011
1,0,20569,income,011
1,0,20572,income,011
1,0,20575,income,011
1,0,20577,income,011
1,0,20579,income,011
1,0,20581,income,011
1,0,20584,income,011
1,0,20587,income,011
1,0,20588,income,011
1,0,20590,income,011
1,0,20594,income,011
1,0,20596,income,011
1,0,20598,income,011
1,0,20599,income,011
1,0,20602,income,011
1,0,20604,income,011
1,0,20606,income,011
1,0,20609,income,011
1,0,20613,income,011
1,0,20615,income,011
1,0,20617,income,011
1,0,20619,income,011
1,0,20623,income,011
1,0,20626,income,011
1,0,20629,income,011
1,0,20630,income,011
1,0,20633,income,011
1,0,20636,income,011
1,0,20639,income,011
1,0,20641,income,011
1,0,20643,income,011
1,0,20645,income,011
1,0,20647,income,011
1,0,20651,income,011
1,0,20653,income,011
1,0,20654,income,011
1,0,20656,income,011
1,0,20658,income,011
1,0,20661,income,011
1,0,20664,income,011
1,0,20666,income,011
1,0,20669,income,011
1,0,20671,income,011
1,0,20673,income,011
1,0,20675,income,011
1,0,20678,income,011
1,0,20680,income,011
1,0,20683,income,011
1,0,20684,income,011
1,0,20687,income,011
1,0,20689,income,011
1,0,20691,income,011
1,0,20693,income,011
1,0,20695,income,011
1,0,20698,income,011
1,0,20702,income,011
1,0,20705,income,011
1,0,20707,income,011
1,0,20709,income,011
1,0,20710,income,011
1,0,20714,income,011
1,0,20715,income,011
1,0,20719,income,011
1,0,20721,income,011
1,0,20724,income,011
1,0,20726,income,011
1,0,20727,income,011
1,0,20730,income,011
1,0,20731,income,011
1,0,20734,income,011
1,0,20736,income,011
1,0,20738,income,011
1,0,20740,income,011
1,0,20741,income,011
1,0,20745,income,011
1,0,20747,income,011
1,0,20750,income,011
1,0,20752,income,011
1,0,20754,income,011
1,0,20756,income,011
1,0,20758,income,011
1,0,20761,income,011
1,0,20762,income,011
1,0,20767,income,011
1,0,20769,income,011
1,0,20771,income,011
1,0,20774,income,011
1,0,20778,income,011
1,0,20781,income,011
1,0,20782,income,011
1,0,20785,income,011
1,0,20787,income,011
1,0,20789,income,011
1,0,20792,income,011
1,0,20796,income,011
1,0,20797,income,011
1,0,20801,income,011
1,0,20803,income,011
1,0,20806,income,011
1,0,20808,income,011
1,0,20809,income,011
1,0,20811,income,011
1,0,20815,income,011
1,0,20818,income,011
1,0,20820,income,011
1,0,20821,income,011
1,0,20824,income,011
1,0,20829,income,011
1,0,20832,income,011
1,0,20835,income,011
1,0,20837,income,011
1,0,20839,income,011
1,0,20842,income,011
1,0,20843,income,011
1,0,20847,income,011
1,0,20849,income,011
1,0,20851,income,011
1,0,20853,income,011
1,0,20855,income,011
1,0,20857,income,011
1,0,20860,income,011
1,0,20862,income,011
1,0,20867,income,011
1,0,20870,income,011
1,0,20872,income,011
1,0,20876,income,011
1,0,20878,income,011
1,0,20880,income,011
1,0,20882,income,011
1,0,20886,income,011
1,0,20888,income,011
1,0,20890,income,011
1,0,20893,income,011
1,0,20894,income,011
1,0,20896,income,011
1,0,20899,income,011
1,0,20901,income,011
1,0,20903,income,011
1,0,20906,income,011
1,0,20909,income,011
1,0,20911,income,011
1,0,20913,income,011
1,0,20915,income,011
1,0,20917,income,011
1,0,20919,income,011
1,0,20922,income,011
1,0,20923,income,011
1,0,20927,income,011
1,0,20929,income,011
1,0,20932,income,011
1,0,20934,income,011
1,0,20936,income,011
1,0,20938,income,011
1,0,20943,income,011
1,0,20944,income,011
1,0,20946,income,011
1,0,20948,income,011
1,0,20950,income,011
1,0,20954,income,011
1,0,20956,income,011
1,0,20960,income,011
1,0,20962,income,011
1,0,20965,income,011
1,0,20967,income,011
1,0,20969,income,011
1,0,20971,income,011
1,0,20972,income,011
1,0,20975,income,011
1,0,20977,income,011
1,0,20979,income,011
1,0,20981,income,011
1,0,20983,income,011
1,0,20986,income,011
1,0,20988,income,011
1,0,20991,income,011
1,0,20994,income,011
1,0,20995,income,011
1,0,20997,income,011
1,0,21001,income,011
1,0,21003,income,011
1,0,21008,income,011
1,0,21017,income,011
1,0,21019,income,011
1,0,21021,income,011
1,0,21024,income,011
1,0,21027,income,011
1,0,21030,income,011
1,0,21031,income,011
1,0,21035,income,011
1,0,21037,income,011
1,0,21040,income,011
1,0,21041,income,011
1,0,21045,income,011
1,0,21046,income,011
1,0,21048,income,011
1,0,21053,income,011
1,0,21056,income,011
1,0,21059,income,011
1,0,21061,income,011
1,0,21067,income,011
1,0,21069,income,011
1,0,21072,income,011
1,0,21076,income,011
1,0,21078,income,011
1,0,21080,income,011
1,0,21084,income,011
1,0,21086,income,011
1,0,21088,income,011
1,0,21091,income,011
1,0,21093,income,011
1,0,21095,income,011
1,0,21097,income,011
1,0,21100,income,011
1,0,21102,income,011
1,0,21103,income,011
1,0,21106,income,011
1,0,21109,income,011
1,0,21111,income,011
1,0,21114,income,011
1,0,21117,income,011
1,0,21119,income,011
1,0,21123,income,011
1,0,21124,income,011
1,0,21126,income,011
1,0,21131,income,011
1,0,21134,income,011
1,0,21136,income,011
1,0,21139,income,011
1,0,21141,income,011
1,0,21147,income,011
1,0,21148,income,011
1,0,21150,income,011
1,0,21153,income,011
1,0,21156,income,011
1,0,21158,income,011
1,0,21161,income,011
1,0,21163,income,011
1,0,21165,income,011
1,0,21169,income,011
1,0,21171,income,011
1,0,21175,income,011
1,0,21177,income,011
1,0,21179,income,011
1,0,21181,income,011
1,0,21183,income,011
1,0,21185,income,011
1,0,21187,income,011
1,0,21189,income,011
1,0,21190,income,011
1,0,21194,income,011
1,0,21199,income,011
1,0,21201,income,011
1,0,21204,income,011
1,0,21205,income,011
1,0,21207,income,011
1,0,21209,income,011
1,0,21211,income,011
1,0,21216,income,011
1,0,21217,income,011
1,0,21219,income,011
1,0,21221,income,011
1,0,21227,income,011
1,0,21231,income,011
1,0,21233,income,011
1,0,21237,income,011
1,0,21240,income,011
1,0,21241,income,011
1,0,21244,income,011
1,0,21246,income,011
1,0,21249,income,011
1,0,21253,income,011
1,0,21255,income,011
1,0,21259,income,011
1,0,21264,income,011
1,0,21267,income,011
1,0,21269,income,011
1,0,21273,income,011
1,0,21275,income,011
1,0,21277,income,011
1,0,21280,income,011
1,0,21282,income,011
1,0,21285,income,011
1,0,21289,income,011
1,0,21290,income,011
1,0,21293,income,011
1,0,21295,income,011
1,0,21297,income,011
1,0,21300,income,011
1,0,21306,income,011
1,0,21308,income,011
1,0,21310,income,011
1,0,21314,income,011
1,0,21316,income,011
1,0,21317,income,011
1,0,21319,income,011
1,0,21322,income,011
1,0,21326,income,011
1,0,21329,income,011
1,0,21331,income,011
1,0,21332,income,011
1,0,21336,income,011
1,0,21338,income,011
1,0,21340,income,011
1,0,21343,income,011
1,0,21345,income,011
1,0,21348,income,011
1,0,21351,income,011
1,0,21355,income,011
1,0,21357,income,011
1,0,21359,income,011
1,0,21361,income,011
1,0,21362,income,011
1,0,21364,income,011
1,0,21368,income,011
1,0,21370,income,011
1,0,21372,income,011
1,0,21375,income,011
1,0,21379,income,011
1,0,21382,income,011
1,0,21385,income,011
1,0,21389,income,011
1,0,21391,income,011
1,0,21393,income,011
1,0,21396,income,011
1,0,21398,income,011
1,0,21401,income,011
1,0,21404,income,011
1,0,21406,income,011
1,0,21408,income,011
1,0,21410,income,011
1,0,21412,income,011
1,0,21416,income,011
1,0,21422,income,011
1,0,21425,income,011
1,0,21427,income,011
1,0,21429,income,011
1,0,21430,income,011
1,0,21432,income,011
1,0,21434,income,011
1,0,21437,income,011
1,0,21439,income,011
1,0,21440,income,011
1,0,21443,income,011
1,0,21445,income,011
1,0,21447,income,011
1,0,21449,income,011
1,0,21452,income,011
1,0,21455,income,011
1,0,21457,income,011
1,0,21460,income,011
1,0,21464,income,011
1,0,21467,income,011
1,0,21469,income,011
1,0,21471,income,011
1,0,21472,income,011
1,0,21475,income,011
1,0,21477,income,011
1,0,21479,income,011
1,0,21482,income,011
1,0,21484,income,011
1,0,21486,income,011
1,0,21491,income,011
1,0,21493,income,011
1,0,21494,income,011
1,0,21496,income,011
1,0,21498,income,011
1,0,21501,income,011
1,0,21503,income,011
1,0,21505,income,011
1,0,21507,income,011
1,0,21510,income,011
1,0,21512,income,011
1,0,21514,income,011
1,0,21515,income,011
1,0,21517,income,011
1,0,21521,income,011
1,0,21523,income,011
1,0,21524,income,011
1,0,21526,income,011
1,0,21528,income,011
1,0,21530,income,011
1,0,21534,income,011
1,0,21536,income,011
1,0,21538,income,011
1,0,21541,income,011
1,0,21544,income,011
1,0,21547,income,011
1,0,21548,income,011
1,0,21553,income,011
1,0,21555,income,011
1,0,21557,income,011
1,0,21559,income,011
1,0,21561,income,011
1,0,21566,income,011
1,0,21568,income,011
1,0,21570,income,011
1,0,21572,income,011
1,0,21573,income,011
1,0,21575,income,011
1,0,21578,income,011
1,0,21581,income,011
1,0,21584,income,011
1,0,21586,income,011
1,0,21588,income,011
1,0,21590,income,011
1,0,21591,income,011
1,0,21593,income,011
1,0,21598,income,011
1,0,21600,income,011
1,0,21601,income,011
1,0,21607,income,011
1,0,21611,income,011
1,0,21616,income,011
1,0,21622,income,011
1,0,21627,income,011
1,0,21629,income,011
1,0,21632,income,011
1,0,21634,income,011
1,0,21635,income,011
1,0,21637,income,011
1,0,21639,income,011
1,0,21643,income,011
1,0,21646,income,011
1,0,21648,income,011
1,0,21649,income,011
1,0,21651,income,011
1,0,21655,income,011
1,0,21657,income,011
1,0,21660,income,011
1,0,21664,income,011
1,0,21666,income,011
1,0,21667,income,011
1,0,21671,income,011
1,0,21673,income,011
1,0,21674,income,011
1,0,21676,income,011
1,0,21680,income,011
1,0,21683,income,011
1,0,21684,income,011
1,0,21686,income,011
1,0,21688,income,011
1,0,21690,income,011
1,0,21694,income,011
1,0,21695,income,011
1,0,21697,income,011
1,0,21699,income,011
1,0,21702,income,011
1,0,21704,income,011
1,0,21707,income,011
1,0,21709,income,011
1,0,21710,income,011
1,0,21712,income,011
1,0,21715,income,011
1,0,21719,income,011
1,0,21725,income,011
1,0,21728,income,011
1,0,21731,income,011
1,0,21732,income,011
1,0,21734,income,011
1,0,21737,income,011
1,0,21739,income,011
1,0,21742,income,011
1,0,21745,income,011
1,0,21747,income,011
1,0,21749,income,011
1,0,21750,income,011
1,0,21754,income,011
1,0,21757,income,011
1,0,21761,income,011
1,0,21764,income,011
1,0,21766,income,011
1,0,21768,income,011
1,0,21770,income,011
1,0,21772,income,011
1,0,21774,income,011
1,0,21778,income,011
1,0,21780,income,011
1,0,21782,income,011
1,0,21784,income,011
1,0,21786,income,011
1,0,21787,income,011
1,0,21790,income,011
1,0,21792,income,011
1,0,21794,income,011
1,0,21795,income,011
1,0,21798,income,011
1,0,21800,income,011
1,0,21801,income,011
1,0,21803,income,011
1,0,21806,income,011
1,0,21808,income,011
1,0,21810,income,011
1,0,21812,income,011
1,0,21814,income,011
1,0,21817,income,011
1,0,21818,income,011
1,0,21821,income,011
1,0,21824,income,011
1,0,21827,income,011
1,0,21828,income,011
1,0,21830,income,011
1,0,21834,income,011
1,0,21837,income,011
1,0,21839,income,011
1,0,21841,income,011
1,0,21846,income,011
1,0,21848,income,011
1,0,21851,income,011
1,0,21852,income,011
1,0,21856,income,011
1,0,21859,income,011
1,0,21861,income,011
1,0,21863,income,011
1,0,21865,income,011
1,0,21870,income,011
1,0,21872,income,011
1,0,21877,income,011
1,0,21880,income,011
1,0,21881,income,011
1,0,21883,income,011
1,0,21887,income,011
1,0,21889,income,011
1,0,21891,income,011
1,0,21893,income,011
1,0,21896,income,011
1,0,21898,income,011
1,0,21900,income,011
1,0,21903,income,011
1,0,21904,income,011
1,0,21906,income,011
1,0,21909,income,011
1,0,21913,income,011
1,0,21915,income,011
1,0,21916,income,011
1,0,21919,income,011
1,0,21921,income,011
1,0,21925,income,011
1,0,21928,income,011
1,0,21932,income,011
1,0,21933,income,011
1,0,21936,income,011
1,0,21939,income,011
1,0,21943,income,011
1,0,21948,income,011
1,0,21949,income,011
1,0,21951,income,011
1,0,21955,income,011
1,0,21957,income,011
1,0,21959,income,011
1,0,21961,income,011
1,0,21963,income,011
1,0,21964,income,011
1,0,21966,income,011
1,0,21969,income,011
1,0,21970,income,011
1,0,21972,income,011
1,0,21975,income,011
1,0,21976,income,011
1,0,21979,income,011
1,0,21982,income,011
1,0,21984,income,011
1,0,21987,income,011
1,0,21989,income,011
1,0,21991,income,011
1,0,21993,income,011
1,0,21996,income,011
1,0,21999,income,011
1,0,22001,income,011
1,0,22002,income,011
1,0,22005,income,011
1,0,22008,income,011
1,0,22011,income,011
1,0,22014,income,011
1,0,22015,income,011
1,0,22020,income,011
1,0,22022,income,011
1,0,22023,income,011
1,0,22026,income,011
1,0,22028,income,011
1,0,22030,income,011
1,0,22034,income,011
1,0,22037,income,011
1,0,22038,income,011
1,0,22042,income,011
1,0,22045,income,011
1,0,22047,income,011
1,0,22049,income,011
1,0,22051,income,011
1,0,22054,income,011
1,0,22059,income,011
1,0,22060,income,011
1,0,22064,income,011
1,0,22065,income,011
1,0,22068,income,011
1,0,22070,income,011
1,0,22072,income,011
1,0,22073,income,011
1,0,22075,income,011
1,0,22078,income,011
1,0,22080,income,011
1,0,22082,income,011
1,0,22084,income,011
1,0,22088,income,011
1,0,22091,income,011
1,0,22093,income,011
1,0,22095,income,011
1,0,22097,income,011
1,0,22100,income,011
1,0,22102,income,011
1,0,22104,income,011
1,0,22106,income,011
1,0,22109,income,011
1,0,22111,income,011
1,0,22114,income,011
1,0,22115,income,011
1,0,22119,income,011
1,0,22123,income,011
1,0,22127,income,011
1,0,22129,income,011
1,0,22132,income,011
1,0,22135,income,011
1,0,22136,income,011
1,0,22140,income,011
1,0,22143,income,011
1,0,22145,income,011
1,0,22147,income,011
1,0,22150,income,011
1,0,22152,income,011
1,0,22155,income,011
1,0,22156,income,011
1,0,22158,income,011
1,0,22160,income,011
1,0,22163,income,011
1,0,22164,income,011
1,0,22166,income,011
1,0,22169,income,011
1,0,22171,income,011
1,0,22174,income,011
1,0,22177,income,011
1,0,22179,income,011
1,0,22181,income,011
1,0,22184,income,011
1,0,22187,income,011
1,0,22189,income,011
1,0,22191,income,011
1,0,22194,income,011
1,0,22197,income,011
1,0,22200,income,011
1,0,22204,income,011
1,0,22206,income,011
1,0,22208,income,011
1,0,22210,income,011
1,0,22213,income,011
1,0,22214,income,011
1,0,22218,income,011
1,0,22219,income,011
1,0,22224,income,011
1,0,22226,income,011
1,0,22228,income,011
1,0,22230,income,011
1,0,22234,income,011
1,0,22236,income,011
1,0,22238,income,011
1,0,22240,income,011
1,0,22242,income,011
1,0,22245,income,011
1,0,22247,income,011
1,0,22250,income,011
1,0,22251,income,011
1,0,22253,income,011
1,0,22256,income,011
1,0,22259,income,011
1,0,22262,income,011
1,0,22264,income,011
1,0,22266,income,011
1,0,22267,income,011
1,0,22270,income,011
1,0,22272,income,011
1,0,22274,income,011
1,0,22276,income,011
1,0,22279,income,011
1,0,22281,income,011
1,0,22285,income,011
1,0,22286,income,011
1,0,22288,income,011
1,0,22293,income,011
1,0,22295,income,011
1,0,22296,income,011
1,0,22300,income,011
1,0,22301,income,011
1,0,22303,income,011
1,0,22305,income,011
1,0,22308,income,011
1,0,22310,income,011
1,0,22315,income,011
1,0,22317,income,011
1,0,22321,income,011
1,0,22325,income,011
1,0,22328,income,011
1,0,22330,income,011
1,0,22334,income,011
1,0,22337,income,011
1,0,22338,income,011
1,0,22342,income,011
1,0,22345,income,011
1,0,22348,income,011
1,0,22350,income,011
1,0,22352,income,011
1,0,22356,income,011
1,0,22358,income,011
1,0,22360,income,011
1,0,22361,income,011
1,0,22363,income,011
1,0,22366,income,011
1,0,22367,income,011
1,0,22369,income,011
1,0,22371,income,011
1,0,22375,income,011
1,0,22376,income,011
1,0,22378,income,011
1,0,22380,income,011
1,0,22382,income,011
1,0,22386,income,011
1,0,22387,income,011
1,0,22391,income,011
1,0,22395,income,011
1,0,22398,income,011
1,0,22400,income,011
1,0,22403,income,011
1,0,22404,income,011
1,0,22407,income,011
1,0,22410,income,011
1,0,22412,income,011
1,0,22416,income,011
1,0,22420,income,011
1,0,22424,income,011
1,0,22427,income,011
1,0,22429,income,011
1,0,22432,income,011
1,0,22434,income,011
1,0,22437,income,011
1,0,22441,income,011
1,0,22443,income,011
1,0,22445,income,011
1,0,22447,income,011
1,0,22450,income,011
1,0,22453,income,011
1,0,22454,income,011
1,0,22457,income,011
1,0,22461,income,011
1,0,22462,income,011
1,0,22464,income,011
1,0,22467,income,011
1,0,22469,income,011
1,0,22471,income,011
1,0,22473,income,011
1,0,22475,income,011
1,0,22479,income,011
1,0,22482,income,011
1,0,22485,income,011
1,0,22488,income,011
1,0,22489,income,011
1,0,22491,income,011
1,0,22495,income,011
1,0,22498,income,011
1,0,22499,income,011
1,0,22502,income,011
1,0,22505,income,011
1,0,22507,income,011
1,0,22508,income,011
1,0,22510,income,011
1,0,22517,income,011
1,0,22518,income,011
1,0,22520,income,011
1,0,22524,income,011
1,0,22526,income,011
1,0,22531,income,011
1,0,22535,income,011
1,0,22538,income,011
1,0,22540,income,011
1,0,22544,income,011
1,0,22546,income,011
1,0,22550,income,011
1,0,22552,income,011
1,0,22553,income,011
1,0,22556,income,011
1,0,22559,income,011
1,0,22562,income,011
1,0,22564,income,011
1,0,22566,income,011
1,0,22569,income,011
1,0,22571,income,011
1,0,22574,income,011
1,0,22576,income,011
1,0,22578,income,011
1,0,22580,income,011
1,0,22583,income,011
1,0,22585,income,011
1,0,22587,income,011
1,0,22589,income,011
1,0,22591,income,011
1,0,22593,income,011
1,0,22595,income,011
1,0,22597,income,011
1,0,22599,income,011
1,0,22602,income,011
1,0,22606,income,011
1,0,22611,income,011
1,0,22613,income,011
1,0,22617,income,011
1,0,22619,income,011
1,0,22621,income,011
1,0,22623,income,011
1,0,22628,income,011
1,0,22630,income,011
1,0,22632,income,011
1,0,22634,income,011
1,0,22637,income,011
1,0,22639,income,011
1,0,22642,income,011
1,0,22644,income,011
1,0,22645,income,011
1,0,22647,income,011
1,0,22651,income,011
1,0,22653,income,011
1,0,22657,income,011
1,0,22660,income,011
1,0,22664,income,011
1,0,22666,income,011
1,0,22668,income,011
1,0,22671,income,011
1,0,22673,income,011
1,0,22675,income,011
1,0,22676,income,011
1,0,22680,income,011
1,0,22685,income,011
1,0,22687,income,011
1,0,22688,income,011
1,0,22690,income,011
1,0,22693,income,011
1,0,22695,income,011
1,0,22697,income,011
1,0,22699,income,011
1,0,22704,income,011
1,0,22706,income,011
1,0,22710,income,011
1,0,22713,income,011
1,0,22715,income,011
1,0,22718,income,011
1,0,22722,income,011
1,0,22726,income,011
1,0,22728,income,011
1,0,22731,income,011
1,0,22735,income,011
1,0,22736,income,011
1,0,22739,income,011
1,0,22741,income,011
1,0,22744,income,011
1,0,22747,income,011
1,0,22749,income,011
1,0,22750,income,011
1,0,22753,income,011
1,0,22755,income,011
1,0,22758,income,011
1,0,22763,income,011
1,0,22765,income,011
1,0,22766,income,011
1,0,22770,income,011
1,0,22771,income,011
1,0,22773,income,011
1,0,22775,income,011
1,0,22778,income,011
1,0,22782,income,011
1,0,22785,income,011
1,0,22788,income,011
1,0,22789,income,011
1,0,22792,income,011
1,0,22794,income,011
1,0,22796,income,011
1,0,22799,income,011
1,0,22800,income,011
1,0,22804,income,011
1,0,22806,income,011
1,0,22808,income,011
1,0,22809,income,011
1,0,22812,income,011
1,0,22814,income,011
1,0,22818,income,011
1,0,22819,income,011
1,0,22822,income,011
1,0,22824,income,011
1,0,22826,income,011
1,0,22828,income,011
1,0,22831,income,011
1,0,22833,income,011
1,0,22835,income,011
1,0,22837,income,011
1,0,22838,income,011
1,0,22840,income,011
1,0,22842,income,011
1,0,22844,income,011
1,0,22846,income,011
1,0,22848,income,011
1,0,22856,income,011
1,0,22859,income,011
1,0,22861,income,011
1,0,22863,income,011
1,0,22865,income,011
1,0,22868,income,011
1,0,22870,income,011
1,0,22871,income,011
1,0,22874,income,011
1,0,22876,income,011
1,0,22879,income,011
1,0,22882,income,011
1,0,22883,income,011
1,0,22885,income,011
1,0,22887,income,011
1,0,22891,income,011
1,0,22892,income,011
1,0,22894,income,011
1,0,22897,income,011
1,0,22900,income,011
1,0,22903,income,011
1,0,22905,income,011
1,0,22908,income,011
1,0,22911,income,011
1,0,22913,income,011
1,0,22916,income,011
1,0,22917,income,011
1,0,22920,income,011
1,0,22922,income,011
1,0,22925,income,011
1,0,22927,income,011
1,0,22930,income,011
1,0,22933,income,011
1,0,22936,income,011
1,0,22937,income,011
1,0,22941,income,011
1,0,22943,income,011
1,0,22945,income,011
1,0,22947,income,011
1,0,22949,income,011
1,0,22951,income,011
1,0,22953,income,011
1,0,22955,income,011
1,0,22958,income,011
1,0,22961,income,011
1,0,22963,income,011
1,0,22966,income,011
1,0,22968,income,011
1,0,22971,income,011
1,0,22973,income,011
1,0,22976,income,011
1,0,22979,income,011
1,0,22981,income,011
1,0,22982,income,011
1,0,22984,income,011
1,0,22987,income,011
1,0,22990,income,011
1,0,22991,income,011
1,0,22993,income,011
1,0,22995,income,011
1,0,22998,income,011
1,0,23000,income,011
1,0,23002,income,011
1,0,23004,income,011
1,0,23008,income,011
1,0,23010,income,011
1,0,23011,income,011
1,0,23013,income,011
1,0,23015,income,011
1,0,23017,income,011
1,0,23019,income,011
1,0,23021,income,011
1,0,23023,income,011
1,0,23026,income,011
1,0,23028,income,011
1,0,23032,income,011
1,0,23034,income,011
1,0,23036,income,011
1,0,23039,income,011
1,0,23041,income,011
1,0,23042,income,011
1,0,23044,income,011
1,0,23046,income,011
1,0,23052,income,011
1,0,23054,income,011
1,0,23057,income,011
1,0,23058,income,011
1,0,23060,income,011
1,0,23064,income,011
1,0,23068,income,011
1,0,23069,income,011
1,0,23071,income,011
1,0,23073,income,011
1,0,23076,income,011
1,0,23079,income,011
1,0,23081,income,011
1,0,23086,income,011
1,0,23088,income,011
1,0,23090,income,011
1,0,23093,income,011
1,0,23095,income,011
1,0,23097,income,011
1,0,23099,income,011
1,0,23101,income,011
1,0,23103,income,011
1,0,23106,income,011
1,0,23107,income,011
1,0,23109,income,011
1,0,23112,income,011
1,0,23117,income,011
1,0,23119,income,011
1,0,23121,income,011
1,0,23123,income,011
1,0,23125,income,011
1,0,23128,income,011
1,0,23131,income,011
1,0,23133,income,011
1,0,23137,income,011
1,0,23141,income,011
1,0,23147,income,011
1,0,23149,income,011
1,0,23151,income,011
1,0,23153,income,011
1,0,23155,income,011
1,0,23159,income,011
1,0,23161,income,011
1,0,23163,income,011
1,0,23165,income,011
1,0,23167,income,011
1,0,23169,income,011
1,0,23171,income,011
1,0,23173,income,011
1,0,23175,income,011
1,0,23177,income,011
1,0,23182,income,011
1,0,23184,income,011
1,0,23186,income,011
1,0,23187,income,011
1,0,23190,income,011
1,0,23192,income,011
1,0,23195,income,011
1,0,23197,income,011
1,0,23200,income,011
1,0,23201,income,011
1,0,23205,income,011
1,0,23207,income,011
1,0,23209,income,011
1,0,23212,income,011
1,0,23213,income,011
1,0,23215,income,011
1,0,23219,income,011
1,0,23220,income,011
1,0,23224,income,011
1,0,23226,income,011
1,0,23228,income,011
1,0,23230,income,011
1,0,23232,income,011
1,0,23237,income,011
1,0,23238,income,011
1,0,23240,income,011
1,0,23244,income,011
1,0,23246,income,011
1,0,23250,income,011
1,0,23251,income,011
1,0,23254,income,011
1,0,23257,income,011
1,0,23259,income,011
1,0,23260,income,011
1,0,23265,income,011
1,0,23267,income,011
1,0,23268,income,011
1,0,23273,income,011
1,0,23275,income,011
1,0,23279,income,011
1,0,23281,income,011
1,0,23284,income,011
1,0,23288,income,011
1,0,23289,income,011
1,0,23292,income,011
1,0,23293,income,011
1,0,23296,income,011
1,0,23297,income,011
1,0,23299,income,011
1,0,23302,income,011
1,0,23305,income,011
1,0,23307,income,011
1,0,23308,income,011
1,0,23313,income,011
1,0,23314,income,011
1,0,23316,income,011
1,0,23318,income,011
1,0,23321,income,011
1,0,23323,income,011
1,0,23325,income,011
1,0,23328,income,011
1,0,23329,income,011
1,0,23331,income,011
1,0,23334,income,011
1,0,23335,income,011
1,0,23338,income,011
1,0,23341,income,011
1,0,23345,income,011
1,0,23349,income,011
1,0,23353,income,011
1,0,23356,income,011
1,0,23357,income,011
1,0,23361,income,011
1,0,23363,income,011
1,0,23365,income,011
1,0,23368,income,011
1,0,23369,income,011
1,0,23371,income,011
1,0,23375,income,011
1,0,23377,income,011
1,0,23380,income,011
1,0,23382,income,011
1,0,23385,income,011
1,0,23388,income,011
1,0,23391,income,011
1,0,23393,income,011
1,0,23395,income,011
1,0,23397,income,011
1,0,23398,income,011
1,0,23400,income,011
1,0,23403,income,011
1,0,23405,income,011
1,0,23407,income,011
1,0,23409,income,011
1,0,23411,income,011
1,0,23414,income,011
1,0,23418,income,011
1,0,23422,income,011
1,0,23423,income,011
1,0,23428,income,011
1,0,23429,income,011
1,0,23431,income,011
1,0,23436,income,011
1,0,23437,income,011
1,0,23439,income,011
1,0,23442,income,011
1,0,23445,income,011
1,0,23448,income,011
1,0,23449,income,011
1,0,23452,income,011
1,0,23454,income,011
1,0,23457,income,011
1,0,23459,income,011
1,0,23461,income,011
1,0,23464,income,011
1,0,23465,income,011
1,0,23469,income,011
1,0,23471,income,011
1,0,23473,income,011
1,0,23475,income,011
1,0,23477,income,011
1,0,23479,income,011
1,0,23482,income,011
1,0,23485,income,011
1,0,23489,income,011
1,0,23491,income,011
1,0,23494,income,011
1,0,23497,income,011
1,0,23499,income,011
1,0,23501,income,011
1,0,23506,income,011
1,0,23508,income,011
1,0,23509,income,011
1,0,23511,income,011
1,0,23515,income,011
1,0,23516,income,011
1,0,23520,income,011
1,0,23522,income,011
1,0,23524,income,011
1,0,23525,income,011
1,0,23527,income,011
1,0,23529,income,011
1,0,23531,income,011
1,0,23533,income,011
1,0,23535,income,011
1,0,23537,income,011
1,0,23539,income,011
1,0,23541,income,011
1,0,23545,income,011
1,0,23547,income,011
1,0,23549,income,011
1,0,23550,income,011
1,0,23552,income,011
1,0,23555,income,011
1,0,23557,income,011
1,0,23558,income,011
1,0,23562,income,011
1,0,23563,income,011
1,0,23566,income,011
1,0,23570,income,011
1,0,23572,income,011
1,0,23574,income,011
1,0,23575,income,011
1,0,23579,income,011
1,0,23581,income,011
1,0,23584,income,011
1,0,23588,income,011
1,0,23590,income,011
1,0,23593,income,011
1,0,23595,income,011
1,0,23597,income,011
1,0,23599,income,011
1,0,23601,income,011
1,0,23603,income,011
1,0,23605,income,011
1,0,23607,income,011
1,0,23609,income,011
1,0,23613,income,011
1,0,23614,income,011
1,0,23616,income,011
1,0,23618,income,011
1,0,23621,income,011
1,0,23623,income,011
1,0,23625,income,011
1,0,23628,income,011
1,0,23631,income,011
1,0,23634,income,011
1,0,23637,income,011
1,0,23639,income,011
1,0,23641,income,011
1,0,23642,income,011
1,0,23644,income,011
1,0,23647,income,011
1,0,23650,income,011
1,0,23651,income,011
1,0,23654,income,011
1,0,23658,income,011
1,0,23661,income,011
1,0,23663,income,011
1,0,23667,income,011
1,0,23669,income,011
1,0,23671,income,011
1,0,23674,income,011
1,0,23676,income,011
1,0,23677,income,011
1,0,23681,income,011
1,0,23683,income,011
1,0,23685,income,011
1,0,23687,income,011
1,0,23690,income,011
1,0,23692,income,011
1,0,23695,income,011
1,0,23696,income,011
1,0,23699,income,011
1,0,23701,income,011
1,0,23703,income,011
1,0,23705,income,011
1,0,23706,income,011
1,0,23708,income,011
1,0,23712,income,011
1,0,23716,income,011
1,0,23719,income,011
1,0,23721,income,011
1,0,23725,income,011
1,0,23727,income,011
1,0,23729,income,011
1,0,23731,income,011
1,0,23732,income,011
1,0,23737,income,011
1,0,23741,income,011
1,0,23743,income,011
1,0,23744,income,011
1,0,23746,income,011
1,0,23748,income,011
1,0,23752,income,011
1,0,23757,income,011
1,0,23758,income,011
1,0,23760,income,011
1,0,23763,income,011
1,0,23765,income,011
1,0,23768,income,011
1,0,23770,income,011
1,0,23771,income,011
1,0,23773,income,011
1,0,23777,income,011
1,0,23779,income,011
1,0,23781,income,011
1,0,23784,income,011
1,0,23786,income,011
1,0,23789,income,011
1,0,23792,income,011
1,0,23793,income,011
1,0,23797,income,011
1,0,23798,income,011
1,0,23800,income,011
1,0,23803,income,011
1,0,23807,income,011
1,0,23808,income,011
1,0,23810,income,011
1,0,23812,income,011
1,0,23814,income,011
1,0,23817,income,011
1,0,23821,income,011
1,0,23826,income,011
1,0,23827,income,011
1,0,23831,income,011
1,0,23835,income,011
1,0,23839,income,011
1,0,23840,income,011
1,0,23844,income,011
1,0,23846,income,011
1,0,23849,income,011
1,0,23850,income,011
1,0,23853,income,011
1,0,23856,income,011
1,0,23857,income,011
1,0,23862,income,011
1,0,23863,income,011
1,0,23865,income,011
1,0,23869,income,011
1,0,23871,income,011
1,0,23873,income,011
1,0,23875,income,011
1,0,23878,income,011
1,0,23879,income,011
1,0,23881,income,011
1,0,23883,income,011
1,0,23886,income,011
1,0,23888,income,011
1,0,23890,income,011
1,0,23893,income,011
1,0,23897,income,011
1,0,23899,income,011
1,0,23900,income,011
1,0,23904,income,011
1,0,23905,income,011
1,0,23908,income,011
1,0,23909,income,011
1,0,23911,income,011
1,0,23914,income,011
1,0,23915,income,011
1,0,23920,income,011
1,0,23922,income,011
1,0,23926,income,011
1,0,23928,income,011
1,0,23930,income,011
1,0,23932,income,011
1,0,23935,income,011
1,0,23936,income,011
1,0,23938,income,011
1,0,23942,income,011
1,0,23945,income,011
1,0,23949,income,011
1,0,23951,income,011
1,0,23955,income,011
1,0,23958,income,011
1,0,23960,income,011
1,0,23962,income,011
1,0,23965,income,011
1,0,23967,income,011
1,0,23969,income,011
1,0,23971,income,011
1,0,23973,income,011
1,0,23977,income,011
1,0,23979,income,011
1,0,23981,income,011
1,0,23983,income,011
1,0,23986,income,011
1,0,23988,income,011
1,0,23990,income,011
1,0,23993,income,011
1,0,23995,income,011
1,0,23997,income,011
1,0,24000,income,011
1,0,24003,income,011
1,0,24005,income,011
1,0,24008,income,011
1,0,24011,income,011
1,0,24015,income,011
1,0,24016,income,011
1,0,24019,income,011
1,0,24021,income,011
1,0,24023,income,011
1,0,24028,income,011
1,0,24030,income,011
1,0,24032,income,011
1,0,24034,income,011
1,0,24038,income,011
1,0,24039,income,011
1,0,24042,income,011
1,0,24044,income,011
1,0,24046,income,011
1,0,24049,income,011
1,0,24052,income,011
1,0,24054,income,011
1,0,24055,income,011
1,0,24057,income,011
1,0,24060,income,011
1,0,24062,income,011
1,0,24065,income,011
1,0,24067,income,011
1,0,24069,income,011
1,0,24071,income,011
1,0,24073,income,011
1,0,24076,income,011
1,0,24078,income,011
1,0,24081,income,011
1,0,24083,income,011
1,0,24085,income,011
1,0,24088,income,011
1,0,24091,income,011
1,0,24094,income,011
1,0,24096,income,011
1,0,24098,income,011
1,0,24100,income,011
1,0,24102,income,011
1,0,24104,income,011
1,0,24105,income,011
1,0,24108,income,011
1,0,24110,income,011
1,0,24113,income,011
1,0,24115,income,011
1,0,24118,income,011
1,0,24120,income,011
1,0,24123,income,011
1,0,24125,income,011
1,0,24128,income,011
1,0,24132,income,011
1,0,24134,income,011
1,0,24138,income,011
1,0,24142,income,011
1,0,24145,income,011
1,0,24147,income,011
1,0,24150,income,011
1,0,24152,income,011
1,0,24155,income,011
1,0,24156,income,011
1,0,24158,income,011
1,0,24161,income,011
1,0,24162,income,011
1,0,24166,income,011
1,0,24170,income,011
1,0,24172,income,011
1,0,24173,income,011
1,0,24175,income,011
1,0,24178,income,011
1,0,24183,income,011
1,0,24185,income,011
1,0,24189,income,011
1,0,24193,income,011
1,0,24195,income,011
1,0,24197,income,011
1,0,24200,income,011
1,0,24202,income,011
1,0,24204,income,011
1,0,24206,income,011
1,0,24208,income,011
1,0,24210,income,011
1,0,24213,income,011
1,0,24215,income,011
1,0,24217,income,011
1,0,24218,income,011
1,0,24221,income,011
1,0,24222,income,011
1,0,24224,income,011
1,0,24227,income,011
1,0,24233,income,011
1,0,24236,income,011
1,0,24239,income,011
1,0,24240,income,011
1,0,24244,income,011
1,0,24246,income,011
1,0,24248,income,011
1,0,24251,income,011
1,0,24252,income,011
1,0,24255,income,011
1,0,24259,income,011
1,0,24261,income,011
1,0,24264,income,011
1,0,24267,income,011
1,0,24271,income,011
1,0,24273,income,011
1,0,24275,income,011
1,0,24278,income,011
1,0,24282,income,011
1,0,24283,income,011
1,0,24285,income,011
1,0,24289,income,011
1,0,24291,income,011
1,0,24293,income,011
1,0,24297,income,011
1,0,24299,income,011
1,0,24303,income,011
1,0,24305,income,011
1,0,24306,income,011
1,0,24308,income,011
1,0,24310,income,011
1,0,24314,income,011
1,0,24317,income,011
1,0,24320,income,011
1,0,24322,income,011
1,0,24324,income,011
1,0,24326,income,011
1,0,24329,income,011
1,0,24336,income,011
1,0,24338,income,011
1,0,24340,income,011
1,0,24342,income,011
1,0,24344,income,011
1,0,24347,income,011
1,0,24350,income,011
1,0,24351,income,011
1,0,24354,income,011
1,0,24359,income,011
1,0,24361,income,011
1,0,24363,income,011
1,0,24365,income,011
1,0,24366,income,011
1,0,24370,income,011
1,0,24372,income,011
1,0,24373,income,011
1,0,24375,income,011
1,0,24379,income,011
1,0,24382,income,011
1,0,24385,income,011
1,0,24387,income,011
1,0,24389,income,011
1,0,24391,income,011
1,0,24393,income,011
1,0,24395,income,011
1,0,24396,income,011
1,0,24399,income,011
1,0,24401,income,011
1,0,24405,income,011
1,0,24408,income,011
1,0,24411,income,011
1,0,24412,income,011
1,0,24415,income,011
1,0,24417,income,011
1,0,24420,income,011
1,0,24423,income,011
1,0,24425,income,011
1,0,24427,income,011
1,0,24429,income,011
1,0,24431,income,011
1,0,24433,income,011
1,0,24435,income,011
1,0,24436,income,011
1,0,24440,income,011
1,0,24443,income,011
1,0,24445,income,011
1,0,24448,income,011
1,0,24450,income,011
1,0,24452,income,011
1,0,24455,income,011
1,0,24457,income,011
1,0,24459,income,011
1,0,24461,income,011
1,0,24463,income,011
1,0,24465,income,011
1,0,24467,income,011
1,0,24468,income,011
1,0,24470,income,011
1,0,24472,income,011
1,0,24476,income,011
1,0,24479,income,011
1,0,24481,income,011
1,0,24484,income,011
1,0,24487,income,011
1,0,24489,income,011
1,0,24491,income,011
1,0,24493,income,011
1,0,24495,income,011
1,0,24497,income,011
1,0,24500,income,011
1,0,24503,income,011
1,0,24504,income,011
1,0,24507,income,011
1,0,24509,income,011
1,0,24512,income,011
1,0,24514,income,011
1,0,24516,income,011
1,0,24518,income,011
1,0,24520,income,011
1,0,24522,income,011
1,0,24524,income,011
1,0,24527,income,011
1,0,24529,income,011
1,0,24533,income,011
1,0,24537,income,011
1,0,24541,income,011
1,0,24543,income,011
1,0,24545,income,011
1,0,24549,income,011
1,0,24552,income,011
1,0,24555,income,011
1,0,24559,income,011
1,0,24561,income,011
1,0,24564,income,011
1,0,24565,income,011
1,0,24567,income,011
1,0,24571,income,011
1,0,24573,income,011
1,0,24576,income,011
1,0,24577,income,011
1,0,24580,income,011
1,0,24582,income,011
1,0,24587,income,011
1,0,24589,income,011
1,0,24590,income,011
1,0,24593,income,011
1,0,24596,income,011
1,0,24597,income,011
1,0,24600,income,011
1,0,24601,income,011
1,0,24604,income,011
1,0,24606,income,011
1,0,24612,income,011
1,0,24614,income,011
1,0,24616,income,011
1,0,24617,income,011
1,0,24623,income,011
1,0,24625,income,011
1,0,24627,income,011
1,0,24629,income,011
1,0,24633,income,011
1,0,24635,income,011
1,0,24637,income,011
1,0,24639,income,011
1,0,24641,income,011
1,0,24643,income,011
1,0,24645,income,011
1,0,24651,income,011
1,0,24653,income,011
1,0,24656,income,011
1,0,24658,income,011
1,0,24661,income,011
1,0,24664,income,011
1,0,24666,income,011
1,0,24669,income,011
1,0,24671,income,011
1,0,24674,income,011
1,0,24675,income,011
1,0,24679,income,011
1,0,24682,income,011
1,0,24683,income,011
1,0,24685,income,011
1,0,24687,income,011
1,0,24691,income,011
1,0,24695,income,011
1,0,24696,income,011
1,0,24698,income,011
1,0,24700,income,011
1,0,24703,income,011
1,0,24705,income,011
1,0,24707,income,011
1,0,24709,income,011
1,0,24711,income,011
1,0,24712,income,011
1,0,24717,income,011
1,0,24719,income,011
1,0,24720,income,011
1,0,24722,income,011
1,0,24725,income,011
1,0,24727,income,011
1,0,24729,income,011
1,0,24731,income,011
1,0,24733,income,011
1,0,24735,income,011
1,0,24738,income,011
1,0,24740,income,011
1,0,24742,income,011
1,0,24743,income,011
1,0,24745,income,011
1,0,24749,income,011
1,0,24751,income,011
1,0,24752,income,011
1,0,24754,income,011
1,0,24756,income,011
1,0,24758,income,011
1,0,24761,income,011
1,0,24763,income,011
1,0,24765,income,011
1,0,24767,income,011
1,0,24769,income,011
1,0,24771,income,011
1,0,24774,income,011
1,0,24776,income,011
1,0,24779,income,011
1,0,24781,income,011
1,0,24783,income,011
1,0,24787,income,011
1,0,24789,income,011
1,0,24791,income,011
1,0,24795,income,011
1,0,24799,income,011
1,0,24803,income,011
1,0,24804,income,011
1,0,24806,income,011
1,0,24808,income,011
1,0,24810,income,011
1,0,24812,income,011
1,0,24814,income,011
1,0,24817,income,011
1,0,24820,income,011
1,0,24823,income,011
1,0,24824,income,011
1,0,24829,income,011
1,0,24831,income,011
1,0,24833,income,011
1,0,24836,income,011
1,0,24838,income,011
1,0,24839,income,011
1,0,24841,income,011
1,0,24844,income,011
1,0,24846,income,011
1,0,24849,income,011
1,0,24852,income,011
1,0,24854,income,011
1,0,24856,income,011
1,0,24858,income,011
1,0,24861,income,011
1,0,24864,income,011
1,0,24867,income,011
1,0,24869,income,011
1,0,24871,income,011
1,0,24873,income,011
1,0,24875,income,011
1,0,24877,income,011
1,0,24879,income,011
1,0,24881,income,011
1,0,24883,income,011
1,0,24887,income,011
1,0,24890,income,011
1,0,24892,income,011
1,0,24893,income,011
1,0,24897,income,011
1,0,24899,income,011
1,0,24900,income,011
1,0,24902,income,011
1,0,24904,income,011
1,0,24906,income,011
1,0,24908,income,011
1,0,24912,income,011
1,0,24913,income,011
1,0,24915,income,011
1,0,24918,income,011
1,0,24923,income,011
1,0,24926,income,011
1,0,24927,income,011
1,0,24929,income,011
1,0,24931,income,011
1,0,24937,income,011
1,0,24939,income,011
1,0,24941,income,011
1,0,24943,income,011
1,0,24946,income,011
1,0,24948,income,011
1,0,24950,income,011
1,0,24953,income,011
1,0,24954,income,011
1,0,24956,income,011
1,0,24960,income,011
1,0,24962,income,011
1,0,24965,income,011
1,0,24968,income,011
1,0,24969,income,011
1,0,24972,income,011
1,0,24974,income,011
1,0,24975,income,011
1,0,24979,income,011
1,0,24981,income,011
1,0,24983,income,011
1,0,24984,income,011
1,0,24987,income,011
1,0,24988,income,011
1,0,24990,income,011
1,0,24993,income,011
1,0,24995,income,011
1,0,24997,income,011
1,0,25000,income,011
1,0,25005,income,011
1,0,25007,income,011
1,0,25010,income,011
1,0,25011,income,011
1,0,25013,income,011
1,0,25015,income,011
1,0,25017,income,011
1,0,25019,income,011
1,0,25022,income,011
1,0,25027,income,011
1,0,25029,income,011
1,0,25032,income,011
1,0,25034,income,011
1,0,25035,income,011
1,0,25037,income,011
1,0,25039,income,011
1,0,25042,income,011
1,0,25044,income,011
1,0,25045,income,011
1,0,25049,income,011
1,0,25053,income,011
1,0,25056,income,011
1,0,25058,income,011
1,0,25059,income,011
1,0,25063,income,011
1,0,25066,income,011
1,0,25068,income,011
1,0,25070,income,011
1,0,25071,income,011
1,0,25074,income,011
1,0,25077,income,011
1,0,25079,income,011
1,0,25080,income,011
1,0,25082,income,011
1,0,25084,income,011
1,0,25086,income,011
1,0,25089,income,011
1,0,25092,income,011
1,0,25093,income,011
1,0,25095,income,011
1,0,25097,income,011
1,0,25100,income,011
1,0,25103,income,011
1,0,25104,income,011
1,0,25107,income,011
1,0,25110,income,011
1,0,25114,income,011
1,0,25116,income,011
1,0,25120,income,011
1,0,25123,income,011
1,0,25125,income,011
1,0,25127,income,011
1,0,25128,income,011
1,0,25130,income,011
1,0,25134,income,011
1,0,25136,income,011
1,0,25139,income,011
1,0,25141,income,011
1,0,25142,income,011
1,0,25144,income,011
1,0,25147,income,011
1,0,25150,income,011
1,0,25151,income,011
1,0,25156,income,011
1,0,25158,income,011
1,0,25160,income,011
1,0,25164,income,011
1,0,25165,income,011
1,0,25168,income,011
1,0,25172,income,011
1,0,25174,income,011
1,0,25177,income,011
1,0,25179,income,011
1,0,25181,income,011
1,0,25182,income,011
1,0,25184,income,011
1,0,25186,income,011
1,0,25194,income,011
1,0,25196,income,011
1,0,25198,income,011
1,0,25200,income,011
1,0,25201,income,011
1,0,25205,income,011
1,0,25207,income,011
1,0,25209,income,011
1,0,25211,income,011
1,0,25213,income,011
1,0,25214,income,011
1,0,25218,income,011
1,0,25223,income,011
1,0,25226,income,011
1,0,25229,income,011
1,0,25232,income,011
1,0,25234,income,011
1,0,25236,income,011
1,0,25238,income,011
1,0,25240,income,011
1,0,25242,income,011
1,0,25243,income,011
1,0,25247,income,011
1,0,25249,income,011
1,0,25250,income,011
1,0,25253,income,011
1,0,25255,income,011
1,0,25257,income,011
1,0,25260,income,011
1,0,25263,income,011
1,0,25265,income,011
1,0,25267,income,011
1,0,25269,income,011
1,0,25271,income,011
1,0,25273,income,011
1,0,25275,income,011
1,0,25276,income,011
1,0,25278,income,011
1,0,25281,income,011
1,0,25284,income,011
1,0,25285,income,011
1,0,25287,income,011
1,0,25289,income,011
1,0,25291,income,011
1,0,25294,income,011
1,0,25296,income,011
1,0,25302,income,011
1,0,25304,income,011
1,0,25305,income,011
1,0,25308,income,011
1,0,25310,income,011
1,0,25312,income,011
1,0,25314,income,011
1,0,25317,income,011
1,0,25321,income,011
1,0,25323,income,011
1,0,25325,income,011
1,0,25330,income,011
1,0,25334,income,011
1,0,25336,income,011
1,0,25337,income,011
1,0,25339,income,011
1,0,25341,income,011
1,0,25343,income,011
1,0,25346,income,011
1,0,25351,income,011
1,0,25354,income,011
1,0,25357,income,011
1,0,25358,income,011
1,0,25360,income,011
1,0,25362,income,011
1,0,25364,income,011
1,0,25367,income,011
1,0,25370,income,011
1,0,25373,income,011
1,0,25374,income,011
1,0,25376,income,011
1,0,25380,income,011
1,0,25381,income,011
1,0,25383,income,011
1,0,25385,income,011
1,0,25389,income,011
1,0,25390,income,011
1,0,25393,income,011
1,0,25395,income,011
1,0,25397,income,011
1,0,25399,income,011
1,0,25402,income,011
1,0,25405,income,011
1,0,25406,income,011
1,0,25408,income,011
1,0,25411,income,011
1,0,25413,income,011
1,0,25414,income,011
1,0,25416,income,011
1,0,25422,income,011
1,0,25427,income,011
1,0,25431,income,011
1,0,25432,income,011
1,0,25438,income,011
1,0,25441,income,011
1,0,25443,income,011
1,0,25447,income,011
1,0,25450,income,011
1,0,25452,income,011
1,0,25454,income,011
1,0,25457,income,011
1,0,25458,income,011
1,0,25461,income,011
1,0,25464,income,011
1,0,25466,income,011
1,0,25470,income,011
1,0,25474,income,011
1,0,25476,income,011
1,0,25478,income,011
1,0,25482,income,011
1,0,25483,income,011
1,0,25486,income,011
1,0,25490,income,011
1,0,25492,income,011
1,0,25496,income,011
1,0,25500,income,011
1,0,25503,income,011
1,0,25506,income,011
1,0,25508,income,011
1,0,25512,income,011
1,0,25514,income,011
1,0,25516,income,011
1,0,25517,income,011
1,0,25520,income,011
1,0,25524,income,011
1,0,25526,income,011
1,0,25528,income,011
1,0,25532,income,011
1,0,25535,income,011
1,0,25537,income,011
1,0,25539,income,011
1,0,25541,income,011
1,0,25543,income,011
1,0,25544,income,011
1,0,25547,income,011
1,0,25549,income,011
1,0,25551,income,011
1,0,25553,income,011
1,0,25555,income,011
1,0,25557,income,011
1,0,25560,income,011
1,0,25561,income,011
1,0,25564,income,011
1,0,25565,income,011
1,0,25567,income,011
1,0,25570,income,011
1,0,25572,income,011
1,0,25574,income,011
1,0,25576,income,011
1,0,25578,income,011
1,0,25581,income,011
1,0,25582,income,011
1,0,25584,income,011
1,0,25587,income,011
1,0,25590,income,011
1,0,25594,income,011
1,0,25596,income,011
1,0,25600,income,011
1,0,25602,income,011
1,0,25605,income,011
1,0,25607,income,011
1,0,25609,income,011
1,0,25610,income,011
1,0,25612,income,011
1,0,25615,income,011
1,0,25617,income,011
1,0,25619,income,011
1,0,25621,income,011
1,0,25623,income,011
1,0,25625,income,011
1,0,25628,income,011
1,0,25632,income,011
1,0,25635,income,011
1,0,25637,income,011
1,0,25639,income,011
1,0,25642,income,011
1,0,25646,income,011
1,0,25648,income,011
1,0,25650,income,011
1,0,25652,income,011
1,0,25655,income,011
1,0,25658,income,011
1,0,25661,income,011
1,0,25663,income,011
1,0,25665,income,011
1,0,25667,income,011
1,0,25670,income,011
1,0,25672,income,011
1,0,25674,income,011
1,0,25675,income,011
1,0,25677,income,011
1,0,25679,income,011
1,0,25681,income,011
1,0,25684,income,011
1,0,25690,income,011
1,0,25694,income,011
1,0,25697,income,011
1,0,25699,income,011
1,0,25701,income,011
1,0,25703,income,011
1,0,25706,income,011
1,0,25709,income,011
1,0,25710,income,011
1,0,25712,income,011
1,0,25714,income,011
1,0,25716,income,011
1,0,25718,income,011
1,0,25721,income,011
1,0,25722,income,011
1,0,25724,income,011
1,0,25727,income,011
1,0,25728,income,011
1,0,25730,income,011
1,0,25732,income,011
1,0,25736,income,011
1,0,25739,income,011
1,0,25741,income,011
1,0,25742,income,011
1,0,25745,income,011
1,0,25747,income,011
1,0,25748,income,011
1,0,25751,income,011
1,0,25752,income,011
1,0,25756,income,011
1,0,25758,income,011
1,0,25760,income,011
1,0,25762,income,011
1,0,25763,income,011
1,0,25766,income,011
1,0,25768,income,011
1,0,25771,income,011
1,0,25772,income,011
1,0,25776,income,011
1,0,25778,income,011
1,0,25779,income,011
1,0,25781,income,011
1,0,25783,income,011
1,0,25785,income,011
1,0,25787,income,011
1,0,25792,income,011
1,0,25795,income,011
1,0,25797,income,011
1,0,25800,income,011
1,0,25802,income,011
1,0,25803,income,011
1,0,25807,income,011
1,0,25808,income,011
1,0,25810,income,011
1,0,25813,income,011
1,0,25814,income,011
1,0,25818,income,011
1,0,25820,income,011
1,0,25823,income,011
1,0,25826,income,011
1,0,25828,income,011
1,0,25830,income,011
1,0,25832,income,011
1,0,25834,income,011
1,0,25836,income,011
1,0,25839,income,011
1,0,25840,income,011
1,0,25845,income,011
1,0,25846,income,011
1,0,25850,income,011
1,0,25852,income,011
1,0,25855,income,011
1,0,25859,income,011
1,0,25861,income,011
1,0,25862,income,011
1,0,25864,income,011
1,0,25866,income,011
1,0,25868,income,011
1,0,25870,income,011
1,0,25873,income,011
1,0,25875,income,011
1,0,25877,income,011
1,0,25882,income,011
1,0,25887,income,011
1,0,25888,income,011
1,0,25891,income,011
1,0,25894,income,011
1,0,25897,income,011
1,0,25900,income,011
1,0,25903,income,011
1,0,25905,income,011
1,0,25908,income,011
1,0,25909,income,011
1,0,25911,income,011
1,0,25913,income,011
1,0,25916,income,011
1,0,25919,income,011
1,0,25921,income,011
1,0,25923,income,011
1,0,25925,income,011
1,0,25927,income,011
1,0,25929,income,011
1,0,25931,income,011
1,0,25934,income,011
1,0,25936,income,011
1,0,25939,income,011
1,0,25941,income,011
1,0,25942,income,011
1,0,25944,income,011
1,0,25947,income,011
1,0,25950,income,011
1,0,25952,income,011
1,0,25955,income,011
1,0,25957,income,011
1,0,25959,income,011
1,0,25961,income,011
1,0,25965,income,011
1,0,25966,income,011
1,0,25968,income,011
1,0,25972,income,011
1,0,25974,income,011
1,0,25976,income,011
1,0,25978,income,011
1,0,25979,income,011
1,0,25981,income,011
1,0,25984,income,011
1,0,25987,income,011
1,0,25989,income,011
1,0,25991,income,011
1,0,25994,income,011
1,0,25996,income,011
1,0,25999,income,011
1,0,26001,income,011
1,0,26003,income,011
1,0,26004,income,011
1,0,26007,income,011
1,0,26009,income,011
1,0,26010,income,011
1,0,26015,income,011
1,0,26017,income,011
1,0,26019,income,011
1,0,26020,income,011
1,0,26024,income,011
1,0,26027,income,011
1,0,26029,income,011
1,0,26033,income,011
1,0,26035,income,011
1,0,26037,income,011
1,0,26038,income,011
1,0,26040,income,011
1,0,26042,income,011
1,0,26044,income,011
1,0,26048,income,011
1,0,26050,income,011
1,0,26052,income,011
1,0,26054,income,011
1,0,26055,income,011
1,0,26058,income,011
1,0,26059,income,011
1,0,26062,income,011
1,0,26063,income,011
1,0,26068,income,011
1,0,26070,income,011
1,0,26071,income,011
1,0,26073,income,011
1,0,26075,income,011
1,0,26079,income,011
1,0,26082,income,011
1,0,26084,income,011
1,0,26086,income,011
1,0,26088,income,011
1,0,26090,income,011
1,0,26092,income,011
1,0,26097,income,011
1,0,26100,income,011
1,0,26102,income,011
1,0,26103,income,011
1,0,26105,income,011
1,0,26107,income,011
1,0,26109,income,011
1,0,26112,income,011
1,0,26113,income,011
1,0,26115,income,011
1,0,26117,income,011
1,0,26119,income,011
1,0,26123,income,011
1,0,26126,income,011
1,0,26129,income,011
1,0,26132,income,011
1,0,26134,income,011
1,0,26136,income,011
1,0,26137,income,011
1,0,26140,income,011
1,0,26144,income,011
1,0,26146,income,011
1,0,26149,income,011
1,0,26151,income,011
1,0,26153,income,011
1,0,26157,income,011
1,0,26159,income,011
1,0,26160,income,011
1,0,26162,income,011
1,0,26164,income,011
1,0,26166,income,011
1,0,26168,income,011
1,0,26170,income,011
1,0,26173,income,011
1,0,26175,income,011
1,0,26177,income,011
1,0,26180,income,011
1,0,26181,income,011
1,0,26184,income,011
1,0,26187,income,011
1,0,26189,income,011
1,0,26191,income,011
1,0,26195,income,011
1,0,26196,income,011
1,0,26200,income,011
1,0,26202,income,011
1,0,26204,income,011
1,0,26207,income,011
1,0,26211,income,011
1,0,26214,income,011
1,0,26217,income,011
1,0,26219,income,011
1,0,26221,income,011
1,0,26223,income,011
1,0,26225,income,011
1,0,26233,income,011
1,0,26235,income,011
1,0,26238,income,011
1,0,26240,income,011
1,0,26242,income,011
1,0,26243,income,011
1,0,26247,income,011
1,0,26251,income,011
1,0,26254,income,011
1,0,26257,income,011
1,0,26258,income,011
1,0,26262,income,011
1,0,26265,income,011
1,0,26271,income,011
1,0,26273,income,011
1,0,26275,income,011
1,0,26277,income,011
1,0,26279,income,011
1,0,26282,income,011
1,0,26284,income,011
1,0,26288,income,011
1,0,26290,income,011
1,0,26292,income,011
1,0,26297,income,011
1,0,26300,income,011
1,0,26302,income,011
1,0,26304,income,011
1,0,26306,income,011
1,0,26311,income,011
1,0,26313,income,011
1,0,26316,income,011
1,0,26318,income,011
1,0,26322,income,011
1,0,26324,income,011
1,0,26326,income,011
1,0,26330,income,011
1,0,26332,income,011
1,0,26334,income,011
1,0,26336,income,011
1,0,26338,income,011
1,0,26341,income,011
1,0,26344,income,011
1,0,26347,income,011
1,0,26350,income,011
1,0,26352,income,011
1,0,26355,income,011
1,0,26357,income,011
1,0,26359,income,011
1,0,26361,income,011
1,0,26363,income,011
1,0,26366,income,011
1,0,26368,income,011
1,0,26369,income,011
1,0,26374,income,011
1,0,26376,income,011
1,0,26378,income,011
1,0,26379,income,011
1,0,26381,income,011
1,0,26383,income,011
1,0,26387,income,011
1,0,26390,income,011
1,0,26391,income,011
1,0,26394,income,011
1,0,26395,income,011
1,0,26397,income,011
1,0,26400,income,011
1,0,26402,income,011
1,0,26405,income,011
1,0,26406,income,011
1,0,26410,income,011
1,0,26412,income,011
1,0,26413,income,011
1,0,26416,income,011
1,0,26421,income,011
1,0,26424,income,011
1,0,26426,income,011
1,0,26431,income,011
1,0,26433,income,011
1,0,26435,income,011
1,0,26436,income,011
1,0,26438,income,011
1,0,26441,income,011
1,0,26443,income,011
1,0,26445,income,011
1,0,26447,income,011
1,0,26449,income,011
1,0,26454,income,011
1,0,26457,income,011
1,0,26459,income,011
1,0,26461,income,011
1,0,26464,income,011
1,0,26466,income,011
1,0,26468,income,011
1,0,26470,income,011
1,0,26471,income,011
1,0,26473,income,011
1,0,26475,income,011
1,0,26477,income,011
1,0,26480,income,011
1,0,26483,income,011
1,0,26484,income,011
1,0,26486,income,011
1,0,26489,income,011
1,0,26493,income,011
1,0,26495,income,011
1,0,26497,income,011
1,0,26500,income,011
1,0,26502,income,011
1,0,26504,income,011
1,0,26506,income,011
1,0,26511,income,011
1,0,26513,income,011
1,0,26515,income,011
1,0,26516,income,011
1,0,26518,income,011
1,0,26521,income,011
1,0,26523,income,011
1,0,26525,income,011
1,0,26528,income,011
1,0,26531,income,011
1,0,26536,income,011
1,0,26540,income,011
1,0,26542,income,011
1,0,26544,income,011
1,0,26545,income,011
1,0,26547,income,011
1,0,26550,income,011
1,0,26552,income,011
1,0,26554,income,011
1,0,26558,income,011
1,0,26560,income,011
1,0,26562,income,011
1,0,26564,income,011
1,0,26566,income,011
1,0,26568,income,011
1,0,26573,income,011
1,0,26574,income,011
1,0,26578,income,011
1,0,26581,income,011
1,0,26584,income,011
1,0,26585,income,011
1,0,26588,income,011
1,0,26592,income,011
1,0,26593,income,011
1,0,26596,income,011
1,0,26598,income,011
1,0,26600,income,011
1,0,26601,income,011
1,0,26606,income,011
1,0,26608,income,011
1,0,26609,income,011
1,0,26612,income,011
1,0,26614,income,011
1,0,26617,income,011
1,0,26619,income,011
1,0,26622,income,011
1,0,26624,income,011
1,0,26627,income,011
1,0,26628,income,011
1,0,26631,income,011
1,0,26633,income,011
1,0,26637,income,011
1,0,26638,income,011
1,0,26640,income,011
1,0,26644,income,011
1,0,26646,income,011
1,0,26648,income,011
1,0,26651,income,011
1,0,26653,income,011
1,0,26655,income,011
1,0,26657,income,011
1,0,26659,income,011
1,0,26661,income,011
1,0,26664,income,011
1,0,26666,income,011
1,0,26669,income,011
1,0,26671,income,011
1,0,26673,income,011
1,0,26674,income,011
1,0,26676,income,011
1,0,26678,income,011
1,0,26680,income,011
1,0,26685,income,011
1,0,26686,income,011
1,0,26689,income,011
1,0,26691,income,011
1,0,26693,income,011
1,0,26695,income,011
1,0,26697,income,011
1,0,26698,income,011
1,0,26700,income,011
1,0,26702,income,011
1,0,26705,income,011
1,0,26707,income,011
1,0,26708,income,011
1,0,26710,income,011
1,0,26713,income,011
1,0,26716,income,011
1,0,26717,income,011
1,0,26720,income,011
1,0,26726,income,011
1,0,26729,income,011
1,0,26731,income,011
1,0,26732,income,011
1,0,26735,income,011
1,0,26736,income,011
1,0,26738,income,011
1,0,26740,income,011
1,0,26742,income,011
1,0,26744,income,011
1,0,26746,income,011
1,0,26750,income,011
1,0,26753,income,011
1,0,26755,income,011
1,0,26758,income,011
1,0,26762,income,011
1,0,26764,income,011
1,0,26768,income,011
1,0,26769,income,011
1,0,26772,income,011
1,0,26774,income,011
1,0,26775,income,011
1,0,26777,income,011
1,0,26782,income,011
1,0,26784,income,011
1,0,26785,income,011
1,0,26788,income,011
1,0,26790,income,011
1,0,26793,income,011
1,0,26795,income,011
1,0,26799,income,011
1,0,26801,income,011
1,0,26803,income,011
1,0,26805,income,011
1,0,26807,income,011
1,0,26813,income,011
1,0,26814,income,011
1,0,26816,income,011
1,0,26819,income,011
1,0,26821,income,011
1,0,26823,income,011
1,0,26824,income,011
1,0,26826,income,011
1,0,26828,income,011
1,0,26830,income,011
1,0,26834,income,011
1,0,26835,income,011
1,0,26838,income,011
1,0,26840,income,011
1,0,26842,income,011
1,0,26844,income,011
1,0,26847,income,011
1,0,26850,income,011
1,0,26852,income,011
1,0,26854,income,011
1,0,26857,income,011
1,0,26858,income,011
1,0,26861,income,011
1,0,26865,income,011
1,0,26867,income,011
1,0,26870,income,011
1,0,26873,income,011
1,0,26876,income,011
1,0,26878,income,011
1,0,26880,income,011
1,0,26881,income,011
1,0,26884,income,011
1,0,26887,income,011
1,0,26888,income,011
1,0,26890,income,011
1,0,26892,income,011
1,0,26894,income,011
1,0,26897,income,011
1,0,26899,income,011
1,0,26903,income,011
1,0,26905,income,011
1,0,26907,income,011
1,0,26909,income,011
1,0,26911,income,011
1,0,26913,income,011
1,0,26917,income,011
1,0,26920,income,011
1,0,26922,income,011
1,0,26924,income,011
1,0,26927,income,011
1,0,26928,income,011
1,0,26931,income,011
1,0,26933,income,011
1,0,26935,income,011
1,0,26937,income,011
1,0,26939,income,011
1,0,26941,income,011
1,0,26943,income,011
1,0,26948,income,011
1,0,26950,income,011
1,0,26951,income,011
1,0,26953,income,011
1,0,26955,income,011
1,0,26959,income,011
1,0,26961,income,011
1,0,26964,income,011
1,0,26966,income,011
1,0,26969,income,011
1,0,26972,income,011
1,0,26974,income,011
1,0,26977,income,011
1,0,26979,income,011
1,0,26982,income,011
1,0,26984,income,011
1,0,26986,income,011
1,0,26988,income,011
1,0,26991,income,011
1,0,26994,income,011
1,0,26996,income,011
1,0,26998,income,011
1,0,27000,income,011
1,0,27003,income,011
1,0,27005,income,011
1,0,27007,income,011
1,0,27010,income,011
1,0,27012,income,011
1,0,27014,income,011
1,0,27015,income,011
1,0,27017,income,011
1,0,27022,income,011
1,0,27025,income,011
1,0,27028,income,011
1,0,27030,income,011
1,0,27031,income,011
1,0,27033,income,011
1,0,27035,income,011
1,0,27037,income,011
1,0,27039,income,011
1,0,27042,income,011
1,0,27045,income,011
1,0,27047,income,011
1,0,27049,income,011
1,0,27051,income,011
1,0,27054,income,011
1,0,27056,income,011
1,0,27058,income,011
1,0,27060,income,011
1,0,27064,income,011
1,0,27066,income,011
1,0,27071,income,011
1,0,27072,income,011
1,0,27077,income,011
1,0,27079,income,011
1,0,27081,income,011
1,0,27083,income,011
1,0,27084,income,011
1,0,27087,income,011
1,0,27091,income,011
1,0,27093,income,011
1,0,27095,income,011
1,0,27097,income,011
1,0,27099,income,011
1,0,27102,income,011
1,0,27103,income,011
1,0,27106,income,011
1,0,27110,income,011
1,0,27113,income,011
1,0,27114,income,011
1,0,27117,income,011
1,0,27119,income,011
1,0,27120,income,011
1,0,27123,income,011
1,0,27126,income,011
1,0,27128,income,011
1,0,27130,income,011
1,0,27132,income,011
1,0,27133,income,011
1,0,27135,income,011
1,0,27139,income,011
1,0,27142,income,011
1,0,27144,income,011
1,0,27149,income,011
1,0,27150,income,011
1,0,27152,income,011
1,0,27154,income,011
1,0,27157,income,011
1,0,27160,income,011
1,0,27162,income,011
1,0,27165,income,011
1,0,27166,income,011
1,0,27168,income,011
1,0,27173,income,011
1,0,27177,income,011
1,0,27178,income,011
1,0,27181,income,011
1,0,27182,income,011
1,0,27184,income,011
1,0,27186,income,011
1,0,27189,income,011
1,0,27191,income,011
1,0,27194,income,011
1,0,27195,income,011
1,0,27197,income,011
1,0,27199,income,011
1,0,27202,income,011
1,0,27206,income,011
1,0,27208,income,011
1,0,27212,income,011
1,0,27215,income,011
1,0,27218,income,011
1,0,27220,income,011
1,0,27223,income,011
1,0,27224,income,011
1,0,27227,income,011
1,0,27230,income,011
1,0,27231,income,011
1,0,27234,income,011
1,0,27236,income,011
1,0,27239,income,011
1,0,27242,income,011
1,0,27246,income,011
1,0,27248,income,011
1,0,27250,income,011
1,0,27251,income,011
1,0,27253,income,011
1,0,27255,income,011
1,0,27257,income,011
1,0,27260,income,011
1,0,27263,income,011
1,0,27266,income,011
1,0,27267,income,011
1,0,27269,income,011
1,0,27273,income,011
1,0,27275,income,011
1,0,27276,income,011
1,0,27279,income,011
1,0,27281,income,011
1,0,27283,income,011
1,0,27285,income,011
1,0,27287,income,011
1,0,27290,income,011
1,0,27292,income,011
1,0,27296,income,011
1,0,27299,income,011
1,0,27301,income,011
1,0,27305,income,011
1,0,27306,income,011
1,0,27308,income,011
1,0,27311,income,011
1,0,27314,income,011
1,0,27317,income,011
1,0,27319,income,011
1,0,27322,income,011
1,0,27323,income,011
1,0,27328,income,011
1,0,27330,income,011
1,0,27331,income,011
1,0,27333,income,011
1,0,27335,income,011
1,0,27339,income,011
1,0,27341,income,011
1,0,27343,income,011
1,0,27346,income,011
1,0,27347,income,011
1,0,27350,income,011
1,0,27353,income,011
1,0,27355,income,011
1,0,27359,income,011
1,0,27362,income,011
1,0,27364,income,011
1,0,27366,income,011
1,0,27367,income,011
1,0,27370,income,011
1,0,27372,income,011
1,0,27374,income,011
1,0,27377,income,011
1,0,27380,income,011
1,0,27382,income,011
1,0,27385,income,011
1,0,27388,income,011
1,0,27391,income,011
1,0,27395,income,011
1,0,27397,income,011
1,0,27399,income,011
1,0,27402,income,011
1,0,27406,income,011
1,0,27411,income,011
1,0,27414,income,011
1,0,27416,income,011
1,0,27421,income,011
1,0,27422,income,011
1,0,27425,income,011
1,0,27427,income,011
1,0,27429,income,011
1,0,27431,income,011
1,0,27435,income,011
1,0,27437,income,011
1,0,27438,income,011
1,0,27441,income,011
1,0,27443,income,011
1,0,27444,income,011
1,0,27446,income,011
1,0,27449,income,011
1,0,27451,income,011
1,0,27453,income,011
1,0,27455,income,011
1,0,27456,income,011
1,0,27459,income,011
1,0,27460,income,011
1,0,27463,income,011
1,0,27466,income,011
1,0,27468,income,011
1,0,27469,income,011
1,0,27473,income,011
1,0,27474,income,011
1,0,27477,income,011
1,0,27480,income,011
1,0,27482,income,011
1,0,27486,income,011
1,0,27489,income,011
1,0,27491,income,011
1,0,27493,income,011
1,0,27495,income,011
1,0,27496,income,011
1,0,27498,income,011
1,0,27501,income,011
1,0,27504,income,011
1,0,27507,income,011
1,0,27511,income,011
1,0,27514,income,011
1,0,27518,income,011
1,0,27521,income,011
1,0,27523,income,011
1,0,27524,income,011
1,0,27527,income,011
1,0,27530,income,011
1,0,27532,income,011
1,0,27534,income,011
1,0,27535,income,011
1,0,27539,income,011
1,0,27540,income,011
1,0,27542,income,011
1,0,27544,income,011
1,0,27549,income,011
1,0,27552,income,011
1,0,27554,income,011
1,0,27556,income,011
1,0,27558,income,011
1,0,27559,income,011
1,0,27561,income,011
1,0,27563,income,011
1,0,27566,income,011
1,0,27569,income,011
1,0,27571,income,011
1,0,27573,income,011
1,0,27575,income,011
1,0,27578,income,011
1,0,27581,income,011
1,0,27583,income,011
1,0,27585,income,011
1,0,27588,income,011
1,0,27591,income,011
1,0,27594,income,011
1,0,27596,income,011
1,0,27598,income,011
1,0,27600,income,011
1,0,27603,income,011
1,0,27606,income,011
1,0,27610,income,011
1,0,27611,income,011
1,0,27615,income,011
1,0,27617,income,011
1,0,27619,income,011
1,0,27624,income,011
1,0,27626,income,011
1,0,27629,income,011
1,0,27631,income,011
1,0,27632,income,011
1,0,27634,income,011
1,0,27636,income,011
1,0,27639,income,011
1,0,27642,income,011
1,0,27643,income,011
1,0,27646,income,011
1,0,27653,income,011
1,0,27655,income,011
1,0,27658,income,011
1,0,27660,income,011
1,0,27662,income,011
1,0,27664,income,011
1,0,27666,income,011
1,0,27668,income,011
1,0,27669,income,011
1,0,27675,income,011
1,0,27677,income,011
1,0,27679,income,011
1,0,27681,income,011
1,0,27683,income,011
1,0,27685,income,011
1,0,27688,income,011
1,0,27689,income,011
1,0,27692,income,011
1,0,27695,income,011
1,0,27697,income,011
1,0,27700,income,011
1,0,27702,income,011
1,0,27704,income,011
1,0,27707,income,011
1,0,27710,income,011
1,0,27713,income,011
1,0,27715,income,011
1,0,27717,income,011
1,0,27719,income,011
1,0,27722,income,011
1,0,27726,income,011
1,0,27728,income,011
1,0,27733,income,011
1,0,27736,income,011
1,0,27738,income,011
1,0,27740,income,011
1,0,27742,income,011
1,0,27744,income,011
1,0,27746,income,011
1,0,27750,income,011
1,0,27751,income,011
1,0,27754,income,011
1,0,27759,income,011
1,0,27766,income,011
1,0,27768,income,011
1,0,27769,income,011
1,0,27773,income,011
1,0,27775,income,011
1,0,27776,income,011
1,0,27778,income,011
1,0,27781,income,011
1,0,27783,income,011
1,0,27785,income,011
1,0,27788,income,011
1,0,27790,income,011
1,0,27792,income,011
1,0,27797,income,011
1,0,27799,income,011
1,0,27800,income,011
1,0,27802,income,011
1,0,27806,income,011
1,0,27808,income,011
1,0,27810,income,011
1,0,27812,income,011
1,0,27814,income,011
1,0,27816,income,011
1,0,27818,income,011
1,0,27821,income,011
1,0,27823,income,011
1,0,27825,income,011
1,0,27826,income,011
1,0,27829,income,011
1,0,27832,income,011
1,0,27834,income,011
1,0,27837,income,011
1,0,27840,income,011
1,0,27842,income,011
1,0,27844,income,011
1,0,27845,income,011
1,0,27849,income,011
1,0,27851,income,011
1,0,27853,income,011
1,0,27855,income,011
1,0,27859,income,011
1,0,27861,income,011
1,0,27863,income,011
1,0,27864,income,011
1,0,27867,income,011
1,0,27872,income,011
1,0,27874,income,011
1,0,27876,income,011
1,0,27878,income,011
1,0,27881,income,011
1,0,27885,income,011
1,0,27886,income,011
1,0,27888,income,011
1,0,27890,income,011
1,0,27894,income,011
1,0,27897,income,011
1,0,27899,income,011
1,0,27901,income,011
1,0,27903,income,011
1,0,27905,income,011
1,0,27907,income,011
1,0,27909,income,011
1,0,27911,income,011
1,0,27913,income,011
1,0,27915,income,011
1,0,27917,income,011
1,0,27920,income,011
1,0,27922,income,011
1,0,27925,income,011
1,0,27928,income,011
1,0,27929,income,011
1,0,27931,income,011
1,0,27934,income,011
1,0,27937,income,011
1,0,27938,income,011
1,0,27941,income,011
1,0,27944,income,011
1,0,27946,income,011
1,0,27947,income,011
1,0,27950,income,011
1,0,27951,income,011
1,0,27954,income,011
1,0,27958,income,011
1,0,27961,income,011
1,0,27963,income,011
1,0,27965,income,011
1,0,27967,income,011
1,0,27970,income,011
1,0,27973,income,011
1,0,27975,income,011
1,0,27979,income,011
1,0,27980,income,011
1,0,27984,income,011
1,0,27985,income,011
1,0,27987,income,011
1,0,27990,income,011
1,0,27991,income,011
1,0,27994,income,011
1,0,27996,income,011
1,0,27998,income,011
1,0,28001,income,011
1,0,28004,income,011
1,0,28005,income,011
1,0,28011,income,011
1,0,28012,income,011
1,0,28014,income,011
1,0,28018,income,011
1,0,28021,income,011
1,0,28022,income,011
1,0,28025,income,011
1,0,28029,income,011
1,0,28031,income,011
1,0,28034,income,011
1,0,28037,income,011
1,0,28039,income,011
1,0,28040,income,011
1,0,28044,income,011
1,0,28047,income,011
1,0,28050,income,011
1,0,28052,income,011
1,0,28054,income,011
1,0,28056,income,011
1,0,28057,income,011
1,0,28060,income,011
1,0,28063,income,011
1,0,28066,income,011
1,0,28068,income,011
1,0,28070,income,011
1,0,28073,income,011
1,0,28080,income,011
1,0,28082,income,011
1,0,28086,income,011
1,0,28088,income,011
1,0,28089,income,011
1,0,28092,income,011
1,0,28097,income,011
1,0,28098,income,011
1,0,28100,income,011
1,0,28103,income,011
1,0,28107,income,011
1,0,28108,income,011
1,0,28112,income,011
1,0,28114,income,011
1,0,28116,income,011
1,0,28118,income,011
1,0,28120,income,011
1,0,28122,income,011
1,0,28123,income,011
1,0,28125,income,011
1,0,28127,income,011
1,0,28131,income,011
1,0,28133,income,011
1,0,28136,income,011
1,0,28139,income,011
1,0,28141,income,011
1,0,28144,income,011
1,0,28147,income,011
1,0,28152,income,011
1,0,28153,income,011
1,0,28156,income,011
1,0,28158,income,011
1,0,28161,income,011
1,0,28164,income,011
1,0,28168,income,011
1,0,28171,income,011
1,0,28173,income,011
1,0,28175,income,011
1,0,28176,income,011
1,0,28179,income,011
1,0,28182,income,011
1,0,28184,income,011
1,0,28185,income,011
1,0,28188,income,011
1,0,28190,income,011
1,0,28192,income,011
1,0,28195,income,011
1,0,28198,income,011
1,0,28199,income,011
1,0,28203,income,011
1,0,28206,income,011
1,0,28208,income,011
1,0,28210,income,011
1,0,28215,income,011
1,0,28217,income,011
1,0,28219,income,011
1,0,28221,income,011
1,0,28223,income,011
1,0,28227,income,011
1,0,28230,income,011
1,0,28232,income,011
1,0,28235,income,011
1,0,28236,income,011
1,0,28239,income,011
1,0,28242,income,011
1,0,28244,income,011
1,0,28247,income,011
1,0,28251,income,011
1,0,28253,income,011
1,0,28256,income,011
1,0,28259,income,011
1,0,28261,income,011
1,0,28263,income,011
1,0,28265,income,011
1,0,28266,income,011
1,0,28268,income,011
1,0,28270,income,011
1,0,28273,income,011
1,0,28275,income,011
1,0,28278,income,011
1,0,28280,income,011
1,0,28281,income,011
1,0,28284,income,011
1,0,28288,income,011
1,0,28290,income,011
1,0,28295,income,011
1,0,28297,income,011
1,0,28299,income,011
1,0,28302,income,011
1,0,28303,income,011
1,0,28305,income,011
1,0,28308,income,011
1,0,28313,income,011
1,0,28315,income,011
1,0,28317,income,011
1,0,28320,income,011
1,0,28322,income,011
1,0,28324,income,011
1,0,28327,income,011
1,0,28330,income,011
1,0,28332,income,011
1,0,28333,income,011
1,0,28335,income,011
1,0,28337,income,011
1,0,28340,income,011
1,0,28342,income,011
1,0,28346,income,011
1,0,28350,income,011
1,0,28352,income,011
1,0,28354,income,011
1,0,28357,income,011
1,0,28359,income,011
1,0,28362,income,011
1,0,28363,income,011
1,0,28366,income,011
1,0,28368,income,011
1,0,28371,income,011
1,0,28376,income,011
1,0,28378,income,011
1,0,28382,income,011
1,0,28383,income,011
1,0,28386,income,011
1,0,28389,income,011
1,0,28392,income,011
1,0,28393,income,011
1,0,28397,income,011
1,0,28400,income,011
1,0,28402,income,011
1,0,28403,income,011
1,0,28405,income,011
1,0,28409,income,011
1,0,28411,income,011
1,0,28413,income,011
1,0,28418,income,011
1,0,28419,income,011
1,0,28422,income,011
1,0,28425,income,011
1,0,28428,income,011
1,0,28430,income,011
1,0,28432,income,011
1,0,28434,income,011
1,0,28435,income,011
1,0,28439,income,011
1,0,28441,income,011
1,0,28443,income,011
1,0,28446,income,011
1,0,28447,income,011
1,0,28449,income,011
1,0,28451,income,011
1,0,28453,income,011
1,0,28456,income,011
1,0,28459,income,011
1,0,28461,income,011
1,0,28462,income,011
1,0,28465,income,011
1,0,28469,income,011
1,0,28472,income,011
1,0,28474,income,011
1,0,28476,income,011
1,0,28479,income,011
1,0,28481,income,011
1,0,28483,income,011
1,0,28486,income,011
1,0,28489,income,011
1,0,28492,income,011
1,0,28494,income,011
1,0,28496,income,011
1,0,28498,income,011
1,0,28500,income,011
1,0,28503,income,011
1,0,28505,income,011
1,0,28508,income,011
1,0,28511,income,011
1,0,28513,income,011
1,0,28515,income,011
1,0,28518,income,011
1,0,28520,income,011
1,0,28522,income,011
1,0,28524,income,011
1,0,28527,income,011
1,0,28530,income,011
1,0,28534,income,011
1,0,28539,income,011
1,0,28540,income,011
1,0,28544,income,011
1,0,28546,income,011
1,0,28548,income,011
1,0,28550,income,011
1,0,28552,income,011
1,0,28554,income,011
1,0,28557,income,011
1,0,28559,income,011
1,0,28562,income,011
1,0,28563,income,011
1,0,28565,income,011
1,0,28567,income,011
1,0,28570,income,011
1,0,28571,income,011
1,0,28573,income,011
1,0,28576,income,011
1,0,28579,income,011
1,0,28580,income,011
1,0,28584,income,011
1,0,28586,income,011
1,0,28587,income,011
1,0,28590,income,011
1,0,28594,income,011
1,0,28596,income,011
1,0,28597,income,011
1,0,28599,income,011
1,0,28603,income,011
1,0,28605,income,011
1,0,28607,income,011
1,0,28610,income,011
1,0,28611,income,011
1,0,28616,income,011
1,0,28618,income,011
1,0,28620,income,011
1,0,28626,income,011
1,0,28628,income,011
1,0,28631,income,011
1,0,28634,income,011
1,0,28636,income,011
1,0,28638,income,011
1,0,28639,income,011
1,0,28643,income,011
1,0,28646,income,011
1,0,28648,income,011
1,0,28652,income,011
1,0,28654,income,011
1,0,28657,income,011
1,0,28659,income,011
1,0,28661,income,011
1,0,28663,income,011
1,0,28667,income,011
1,0,28668,income,011
1,0,28670,income,011
1,0,28673,income,011
1,0,28675,income,011
1,0,28676,income,011
1,0,28680,income,011
1,0,28682,income,011
1,0,28685,income,011
1,0,28687,income,011
1,0,28689,income,011
1,0,28691,income,011
1,0,28694,income,011
1,0,28695,income,011
1,0,28697,income,011
1,0,28699,income,011
1,0,28702,income,011
1,0,28704,income,011
1,0,28709,income,011
1,0,28711,income,011
1,0,28713,income,011
1,0,28715,income,011
1,0,28716,income,011
1,0,28718,income,011
1,0,28723,income,011
1,0,28726,income,011
1,0,28728,income,011
1,0,28730,income,011
1,0,28732,income,011
1,0,28733,income,011
1,0,28735,income,011
1,0,28740,income,011
1,0,28742,income,011
1,0,28743,income,011
1,0,28745,income,011
1,0,28747,income,011
1,0,28750,income,011
1,0,28752,income,011
1,0,28754,income,011
1,0,28757,income,011
1,0,28758,income,011
1,0,28761,income,011
1,0,28763,income,011
1,0,28766,income,011
1,0,28768,income,011
1,0,28773,income,011
1,0,28775,income,011
1,0,28776,income,011
1,0,28780,income,011
1,0,28781,income,011
1,0,28784,income,011
1,0,28786,income,011
1,0,28788,income,011
1,0,28790,income,011
1,0,28791,income,011
1,0,28794,income,011
1,0,28796,income,011
1,0,28799,income,011
1,0,28800,income,011
1,0,28803,income,011
1,0,28805,income,011
1,0,28808,income,011
1,0,28810,income,011
1,0,28813,income,011
1,0,28814,income,011
1,0,28816,income,011
1,0,28821,income,011
1,0,28822,income,011
1,0,28825,income,011
1,0,28827,income,011
1,0,28829,income,011
1,0,28831,income,011
1,0,28834,income,011
1,0,28836,income,011
1,0,28838,income,011
1,0,28840,income,011
1,0,28841,income,011
1,0,28845,income,011
1,0,28848,income,011
1,0,28851,income,011
1,0,28852,income,011
1,0,28854,income,011
1,0,28858,income,011
1,0,28861,income,011
1,0,28863,income,011
1,0,28864,income,011
1,0,28866,income,011
1,0,28870,income,011
1,0,28871,income,011
1,0,28873,income,011
1,0,28876,income,011
1,0,28879,income,011
1,0,28881,income,011
1,0,28883,income,011
1,0,28887,income,011
1,0,28889,income,011
1,0,28890,income,011
1,0,28893,income,011
1,0,28895,income,011
1,0,28898,income,011
1,0,28900,income,011
1,0,28902,income,011
1,0,28904,income,011
1,0,28909,income,011
1,0,28911,income,011
1,0,28913,income,011
1,0,28915,income,011
1,0,28918,income,011
1,0,28919,income,011
1,0,28924,income,011
1,0,28926,income,011
1,0,28928,income,011
1,0,28931,income,011
1,0,28933,income,011
1,0,28936,income,011
1,0,28938,income,011
1,0,28940,income,011
1,0,28943,income,011
1,0,28946,income,011
1,0,28948,income,011
1,0,28950,income,011
1,0,28953,income,011
1,0,28955,income,011
1,0,28956,income,011
1,0,28959,income,011
1,0,28962,income,011
1,0,28963,income,011
1,0,28966,income,011
1,0,28970,income,011
1,0,28972,income,011
1,0,28974,income,011
1,0,28975,income,011
1,0,28979,income,011
1,0,28980,income,011
1,0,28984,income,011
1,0,28986,income,011
1,0,28988,income,011
1,0,28994,income,011
1,0,28996,income,011
1,0,28998,income,011
1,0,28999,income,011
1,0,29002,income,011
1,0,29006,income,011
1,0,29009,income,011
1,0,29011,income,011
1,0,29015,income,011
1,0,29017,income,011
1,0,29020,income,011
1,0,29022,income,011
1,0,29024,income,011
1,0,29026,income,011
1,0,29028,income,011
1,0,29034,income,011
1,0,29038,income,011
1,0,29042,income,011
1,0,29045,income,011
1,0,29047,income,011
1,0,29048,income,011
1,0,29050,income,011
1,0,29052,income,011
1,0,29054,income,011
1,0,29057,income,011
1,0,29058,income,011
1,0,29063,income,011
1,0,29064,income,011
1,0,29066,income,011
1,0,29068,income,011
1,0,29072,income,011
1,0,29075,income,011
1,0,29078,income,011
1,0,29081,income,011
1,0,29084,income,011
1,0,29087,income,011
1,0,29089,income,011
1,0,29091,income,011
1,0,29095,income,011
1,0,29097,income,011
1,0,29100,income,011
1,0,29102,income,011
1,0,29104,income,011
1,0,29106,income,011
1,0,29108,income,011
1,0,29111,income,011
1,0,29113,income,011
1,0,29116,income,011
1,0,29118,income,011
1,0,29120,income,011
1,0,29123,income,011
1,0,29126,income,011
1,0,29128,income,011
1,0,29129,income,011
1,0,29131,income,011
1,0,29134,income,011
1,0,29137,income,011
1,0,29139,income,011
1,0,29141,income,011
1,0,29142,income,011
1,0,29144,income,011
1,0,29147,income,011
1,0,29152,income,011
1,0,29154,income,011
1,0,29157,income,011
1,0,29159,income,011
1,0,29161,income,011
1,0,29163,income,011
1,0,29165,income,011
1,0,29167,income,011
1,0,29169,income,011
1,0,29171,income,011
1,0,29172,income,011
1,0,29175,income,011
1,0,29178,income,011
1,0,29180,income,011
1,0,29182,income,011
1,0,29185,income,011
1,0,29187,income,011
1,0,29191,income,011
1,0,29193,income,011
1,0,29197,income,011
1,0,29201,income,011
1,0,29204,income,011
1,0,29207,income,011
1,0,29212,income,011
1,0,29214,income,011
1,0,29217,income,011
1,0,29218,income,011
1,0,29221,income,011
1,0,29225,income,011
1,0,29227,income,011
1,0,29228,income,011
1,0,29231,income,011
1,0,29233,income,011
1,0,29235,income,011
1,0,29238,income,011
1,0,29240,income,011
1,0,29242,income,011
1,0,29243,income,011
1,0,29245,income,011
1,0,29248,income,011
1,0,29250,income,011
1,0,29251,income,011
1,0,29254,income,011
1,0,29257,income,011
1,0,29259,income,011
1,0,29262,income,011
1,0,29265,income,011
1,0,29267,income,011
1,0,29270,income,011
1,0,29272,income,011
1,0,29274,income,011
1,0,29277,income,011
1,0,29279,income,011
1,0,29282,income,011
1,0,29285,income,011
1,0,29288,income,011
1,0,29289,income,011
1,0,29291,income,011
1,0,29295,income,011
1,0,29299,income,011
1,0,29303,income,011
1,0,29305,income,011
1,0,29307,income,011
1,0,29311,income,011
1,0,29314,income,011
1,0,29315,income,011
1,0,29318,income,011
1,0,29321,income,011
1,0,29323,income,011
1,0,29325,income,011
1,0,29328,income,011
1,0,29330,income,011
1,0,29332,income,011
1,0,29339,income,011
1,0,29344,income,011
1,0,29347,income,011
1,0,29349,income,011
1,0,29353,income,011
1,0,29355,income,011
1,0,29357,income,011
1,0,29359,income,011
1,0,29361,income,011
1,0,29364,income,011
1,0,29365,income,011
1,0,29367,income,011
1,0,29369,income,011
1,0,29371,income,011
1,0,29374,income,011
1,0,29375,income,011
1,0,29377,income,011
1,0,29379,income,011
1,0,29381,income,011
1,0,29384,income,011
1,0,29386,income,011
1,0,29388,income,011
1,0,29391,income,011
1,0,29395,income,011
1,0,29397,income,011
1,0,29398,income,011
1,0,29402,income,011
1,0,29405,income,011
1,0,29407,income,011
1,0,29409,income,011
1,0,29410,income,011
1,0,29413,income,011
1,0,29416,income,011
1,0,29419,income,011
1,0,29421,income,011
1,0,29424,income,011
1,0,29425,income,011
1,0,29428,income,011
1,0,29431,income,011
1,0,29432,income,011
1,0,29434,income,011
1,0,29436,income,011
1,0,29439,income,011
1,0,29441,income,011
1,0,29443,income,011
1,0,29445,income,011
1,0,29449,income,011
1,0,29453,income,011
1,0,29455,income,011
1,0,29457,income,011
1,0,29459,income,011
1,0,29462,income,011
1,0,29466,income,011
1,0,29468,income,011
1,0,29470,income,011
1,0,29471,income,011
1,0,29473,income,011
1,0,29476,income,011
1,0,29479,income,011
1,0,29482,income,011
1,0,29484,income,011
1,0,29486,income,011
1,0,29489,income,011
1,0,29492,income,011
1,0,29493,income,011
1,0,29496,income,011
1,0,29498,income,011
1,0,29500,income,011
1,0,29502,income,011
1,0,29505,income,011
1,0,29507,income,011
1,0,29508,income,011
1,0,29512,income,011
1,0,29514,income,011
1,0,29516,income,011
1,0,29520,income,011
1,0,29524,income,011
1,0,29526,income,011
1,0,29529,income,011
1,0,29533,income,011
1,0,29535,income,011
1,0,29536,income,011
1,0,29538,income,011
1,0,29541,income,011
1,0,29542,income,011
1,0,29544,income,011
1,0,29547,income,011
1,0,29549,income,011
1,0,29551,income,011
1,0,29553,income,011
1,0,29555,income,011
1,0,29559,income,011
1,0,29562,income,011
1,0,29565,income,011
1,0,29569,income,011
1,0,29570,income,011
1,0,29572,income,011
1,0,29575,income,011
1,0,29580,income,011
1,0,29582,income,011
1,0,29585,income,011
1,0,29589,income,011
1,0,29592,income,011
1,0,29594,income,011
1,0,29597,income,011
1,0,29603,income,011
1,0,29605,income,011
1,0,29607,income,011
1,0,29609,income,011
1,0,29611,income,011
1,0,29614,income,011
1,0,29615,income,011
1,0,29618,income,011
1,0,29622,income,011
1,0,29624,income,011
1,0,29628,income,011
1,0,29631,income,011
1,0,29634,income,011
1,0,29635,income,011
1,0,29638,income,011
1,0,29640,income,011
1,0,29643,income,011
1,0,29645,income,011
1,0,29647,income,011
1,0,29650,income,011
1,0,29652,income,011
1,0,29654,income,011
1,0,29657,income,011
1,0,29660,income,011
1,0,29661,income,011
1,0,29663,income,011
1,0,29665,income,011
1,0,29669,income,011
1,0,29671,income,011
1,0,29673,income,011
1,0,29675,income,011
1,0,29678,income,011
1,0,29680,income,011
1,0,29682,income,011
1,0,29687,income,011
1,0,29689,income,011
1,0,29692,income,011
1,0,29694,income,011
1,0,29695,income,011
1,0,29698,income,011
1,0,29700,income,011
1,0,29703,income,011
1,0,29706,income,011
1,0,29707,income,011
1,0,29709,income,011
1,0,29712,income,011
1,0,29714,income,011
1,0,29715,income,011
1,0,29718,income,011
1,0,29721,income,011
1,0,29724,income,011
1,0,29726,income,011
1,0,29728,income,011
1,0,29730,income,011
1,0,29732,income,011
1,0,29733,income,011
1,0,29737,income,011
1,0,29739,income,011
1,0,29742,income,011
1,0,29745,income,011
1,0,29748,income,011
1,0,29750,income,011
1,0,29752,income,011
1,0,29754,income,011
1,0,29756,income,011
1,0,29760,income,011
1,0,29764,income,011
1,0,29767,income,011
1,0,29768,income,011
1,0,29771,income,011
1,0,29773,income,011
1,0,29774,income,011
1,0,29777,income,011
1,0,29779,income,011
1,0,29784,income,011
1,0,29786,income,011
1,0,29791,income,011
1,0,29793,income,011
1,0,29794,income,011
1,0,29796,income,011
1,0,29799,income,011
1,0,29800,income,011
1,0,29803,income,011
1,0,29807,income,011
1,0,29810,income,011
1,0,29812,income,011
1,0,29814,income,011
1,0,29815,income,011
1,0,29818,income,011
1,0,29821,income,011
1,0,29825,income,011
1,0,29827,income,011
1,0,29829,income,011
1,0,29832,income,011
1,0,29834,income,011
1,0,29837,income,011
1,0,29840,income,011
1,0,29844,income,011
1,0,29846,income,011
1,0,29847,income,011
1,0,29849,income,011
1,0,29851,income,011
1,0,29854,income,011
1,0,29855,income,011
1,0,29859,income,011
1,0,29861,income,011
1,0,29863,income,011
1,0,29865,income,011
1,0,29866,income,011
1,0,29870,income,011
1,0,29873,income,011
1,0,29875,income,011
1,0,29877,income,011
1,0,29880,income,011
1,0,29881,income,011
1,0,29883,income,011
1,0,29886,income,011
1,0,29888,income,011
1,0,29890,income,011
1,0,29892,income,011
1,0,29895,income,011
1,0,29898,income,011
1,0,29900,income,011
1,0,29903,income,011
1,0,29906,income,011
1,0,29909,income,011
1,0,29911,income,011
1,0,29916,income,011
1,0,29918,income,011
1,0,29922,income,011
1,0,29923,income,011
1,0,29926,income,011
1,0,29928,income,011
1,0,29931,income,011
1,0,29933,income,011
1,0,29935,income,011
1,0,29938,income,011
1,0,29939,income,011
1,0,29943,income,011
1,0,29945,income,011
1,0,29948,income,011
1,0,29950,income,011
1,0,29951,income,011
1,0,29956,income,011
1,0,29959,income,011
1,0,29960,income,011
1,0,29962,income,011
1,0,29964,income,011
1,0,29966,income,011
1,0,29972,income,011
1,0,29974,income,011
1,0,29977,income,011
1,0,29981,income,011
1,0,29984,income,011
1,0,29986,income,011
1,0,29987,income,011
1,0,29989,income,011
1,0,29991,income,011
1,0,29994,income,011
1,0,29997,income,011
1,0,30000,income,011
1,0,30002,income,011
1,0,30004,income,011
1,0,30007,income,011
1,0,30008,income,011
1,0,30011,income,011
1,0,30016,income,011
1,0,30019,income,011
1,0,30024,income,011
1,0,30026,income,011
1,0,30028,income,011
1,0,30030,income,011
1,0,30032,income,011
1,0,30033,income,011
1,0,30036,income,011
1,0,30040,income,011
1,0,30043,income,011
1,0,30048,income,011
1,0,30049,income,011
1,0,30051,income,011
1,0,30053,income,011
1,0,30056,income,011
1,0,30059,income,011
1,0,30061,income,011
1,0,30064,income,011
1,0,30069,income,011
1,0,30072,income,011
1,0,30074,income,011
1,0,30076,income,011
1,0,30080,income,011
1,0,30081,income,011
1,0,30084,income,011
1,0,30088,income,011
1,0,30097,income,011
1,0,30098,income,011
1,0,30100,income,011
1,0,30102,income,011
1,0,30104,income,011
1,0,30106,income,011
1,0,30110,income,011
1,0,30112,income,011
1,0,30114,income,011
1,0,30116,income,011
1,0,30120,income,011
1,0,30122,income,011
1,0,30124,income,011
1,0,30125,income,011
1,0,30127,income,011
1,0,30130,income,011
1,0,30132,income,011
1,0,30134,income,011
1,0,30137,income,011
1,0,30139,income,011
1,0,30142,income,011
1,0,30143,income,011
1,0,30145,income,011
1,0,30147,income,011
1,0,30150,income,011
1,0,30152,income,011
1,0,30154,income,011
1,0,30156,income,011
1,0,30157,income,011
1,0,30161,income,011
2,1,1,income,021
2,1,3,income,021
2,1,6,income,021
2,1,7,income,021
2,1,9,income,021
2,1,13,income,021
2,1,17,income,021
2,1,19,income,021
2,1,21,income,021
2,1,22,income,021
2,1,24,income,021
2,1,26,income,021
2,1,28,income,021
2,1,30,income,021
2,1,35,income,021
2,1,37,income,021
2,1,40,income,021
2,1,43,income,021
2,1,47,income,021
2,1,49,income,021
2,1,51,income,021
2,1,55,income,021
2,1,57,income,021
2,1,59,income,021
2,1,62,income,021
2,1,64,income,021
2,1,66,income,021
2,1,68,income,021
2,1,70,income,021
2,1,72,income,021
2,1,75,income,021
2,1,78,income,021
2,1,80,income,021
2,1,82,income,021
2,1,84,income,021
2,1,86,income,021
2,1,88,income,021
2,1,98,income,021
2,1,100,income,021
2,1,103,income,021
2,1,105,income,021
2,1,108,income,021
2,1,112,income,021
2,1,114,income,021
2,1,116,income,021
2,1,120,income,021
2,1,122,income,021
2,1,123,income,021
2,1,125,income,021
2,1,128,income,021
2,1,133,income,021
2,1,135,income,021
2,1,137,income,021
2,1,140,income,021
2,1,144,income,021
2,1,146,income,021
2,1,149,income,021
2,1,152,income,021
2,1,155,income,021
2,1,156,income,021
2,1,158,income,021
2,1,163,income,021
2,1,167,income,021
2,1,169,income,021
2,1,171,income,021
2,1,174,income,021
2,1,177,income,021
2,1,179,income,021
2,1,181,income,021
2,1,183,income,021
2,1,186,income,021
2,1,188,income,021
2,1,190,income,021
2,1,192,income,021
2,1,193,income,021
2,1,196,income,021
2,1,199,income,021
2,1,201,income,021
2,1,203,income,021
2,1,206,income,021
2,1,208,income,021
2,1,212,income,021
2,1,214,income,021
2,1,216,income,021
2,1,218,income,021
2,1,220,income,021
2,1,222,income,021
2,1,224,income,021
2,1,226,income,021
2,1,229,income,021
2,1,231,income,021
2,1,233,income,021
2,1,235,income,021
2,1,237,income,021
2,1,239,income,021
2,1,241,income,021
2,1,245,income,021
2,1,247,income,021
2,1,249,income,021
2,1,251,income,021
2,1,255,income,021
2,1,257,income,021
2,1,259,income,021
2,1,261,income,021
2,1,264,income,021
2,1,266,income,021
2,1,268,income,021
2,1,271,income,021
2,1,273,income,021
2,1,276,income,021
2,1,280,income,021
2,1,284,income,021
2,1,287,income,021
2,1,290,income,021
2,1,292,income,021
2,1,295,income,021
2,1,297,income,021
2,1,299,income,021
2,1,301,income,021
2,1,306,income,021
2,1,309,income,021
2,1,313,income,021
2,1,316,income,021
2,1,319,income,021
2,1,322,income,021
2,1,324,income,021
2,1,327,income,021
2,1,329,income,021
2,1,331,income,021
2,1,335,income,021
2,1,337,income,021
2,1,340,income,021
2,1,343,income,021
2,1,345,income,021
2,1,347,income,021
2,1,350,income,021
2,1,353,income,021
2,1,356,income,021
2,1,361,income,021
2,1,363,income,021
2,1,365,income,021
2,1,367,income,021
2,1,369,income,021
2,1,372,income,021
2,1,374,income,021
2,1,376,income,021
2,1,379,income,021
2,1,382,income,021
2,1,384,income,021
2,1,386,income,021
2,1,388,income,021
2,1,390,income,021
2,1,392,income,021
2,1,395,income,021
2,1,397,income,021
2,1,399,income,021
2,1,401,income,021
2,1,404,income,021
2,1,406,income,021
2,1,409,income,021
2,1,411,income,021
2,1,414,income,021
2,1,416,income,021
2,1,418,income,021
2,1,420,income,021
2,1,422,income,021
2,1,424,income,021
2,1,426,income,021
2,1,430,income,021
2,1,433,income,021
2,1,438,income,021
2,1,441,income,021
2,1,446,income,021
2,1,449,income,021
2,1,452,income,021
2,1,454,income,021
2,1,458,income,021
2,1,460,income,021
2,1,463,income,021
2,1,466,income,021
2,1,468,income,021
2,1,471,income,021
2,1,473,income,021
2,1,476,income,021
2,1,478,income,021
2,1,480,income,021
2,1,484,income,021
2,1,487,income,021
2,1,489,income,021
2,1,492,income,021
2,1,494,income,021
2,1,497,income,021
2,1,499,income,021
2,1,501,income,021
2,1,504,income,021
2,1,506,income,021
2,1,508,income,021
2,1,510,income,021
2,1,512,income,021
2,1,515,income,021
2,1,518,income,021
2,1,519,income,021
2,1,521,income,021
2,1,523,income,021
2,1,526,income,021
2,1,528,income,021
2,1,530,income,021
2,1,532,income,021
2,1,534,income,021
2,1,536,income,021
2,1,540,income,021
2,1,542,income,021
2,1,544,income,021
2,1,547,income,021
2,1,551,income,021
2,1,554,income,021
2,1,556,income,021
2,1,558,income,021
2,1,561,income,021
2,1,564,income,021
2,1,566,income,021
2,1,569,income,021
2,1,574,income,021
2,1,576,income,021
2,1,579,income,021
2,1,581,income,021
2,1,583,income,021
2,1,585,income,021
2,1,588,income,021
2,1,591,income,021
2,1,595,income,021
2,1,598,income,021
2,1,600,income,021
2,1,602,income,021
2,1,603,income,021
2,1,606,income,021
2,1,608,income,021
2,1,611,income,021
2,1,613,income,021
2,1,617,income,021
2,1,618,income,021
2,1,620,income,021
2,1,622,income,021
2,1,624,income,021
2,1,627,income,021
2,1,629,income,021
2,1,631,income,021
2,1,633,income,021
2,1,635,income,021
2,1,639,income,021
2,1,642,income,021
2,1,644,income,021
2,1,646,income,021
2,1,647,income,021
2,1,651,income,021
2,1,653,income,021
2,1,656,income,021
2,1,659,income,021
2,1,661,income,021
2,1,664,income,021
2,1,667,income,021
2,1,669,income,021
2,1,670,income,021
2,1,672,income,021
2,1,674,income,021
2,1,676,income,021
2,1,680,income,021
2,1,682,income,021
2,1,684,income,021
2,1,687,income,021
2,1,689,income,021
2,1,692,income,021
2,1,696,income,021
2,1,698,income,021
2,1,700,income,021
2,1,702,income,021
2,1,704,income,021
2,1,706,income,021
2,1,710,income,021
2,1,712,income,021
2,1,714,income,021
2,1,721,income,021
2,1,724,income,021
2,1,726,income,021
2,1,728,income,021
2,1,730,income,021
2,1,732,income,021
2,1,734,income,021
2,1,737,income,021
2,1,739,income,021
2,1,744,income,021
2,1,746,income,021
2,1,748,income,021
2,1,750,income,021
2,1,753,income,021
2,1,755,income,021
2,1,757,income,021
2,1,760,income,021
2,1,763,income,021
2,1,766,income,021
2,1,769,income,021
2,1,772,income,021
2,1,776,income,021
2,1,778,income,021
2,1,782,income,021
2,1,784,income,021
2,1,786,income,021
2,1,788,income,021
2,1,790,income,021
2,1,792,income,021
2,1,795,income,021
2,1,797,income,021
2,1,800,income,021
2,1,803,income,021
2,1,806,income,021
2,1,809,income,021
2,1,812,income,021
2,1,815,income,021
2,1,817,income,021
2,1,819,income,021
2,1,821,income,021
2,1,823,income,021
2,1,827,income,021
2,1,829,income,021
2,1,832,income,021
2,1,836,income,021
2,1,838,income,021
2,1,841,income,021
2,1,843,income,021
2,1,845,income,021
2,1,847,income,021
2,1,848,income,021
2,1,850,income,021
2,1,852,income,021
2,1,854,income,021
2,1,856,income,021
2,1,858,income,021
2,1,860,income,021
2,1,862,income,021
2,1,865,income,021
2,1,867,income,021
2,1,869,income,021
2,1,872,income,021
2,1,876,income,021
2,1,878,income,021
2,1,880,income,021
2,1,882,income,021
2,1,884,income,021
2,1,888,income,021
2,1,890,income,021
2,1,892,income,021
2,1,894,income,021
2,1,898,income,021
2,1,901,income,021
2,1,905,income,021
2,1,907,income,021
2,1,909,income,021
2,1,912,income,021
2,1,914,income,021
2,1,918,income,021
2,1,921,income,021
2,1,923,income,021
2,1,925,income,021
2,1,927,income,021
2,1,929,income,021
2,1,931,income,021
2,1,933,income,021
2,1,935,income,021
2,1,937,income,021
2,1,938,income,021
2,1,943,income,021
2,1,947,income,021
2,1,949,income,021
2,1,954,income,021
2,1,956,income,021
2,1,958,income,021
2,1,961,income,021
2,1,963,income,021
2,1,966,income,021
2,1,969,income,021
2,1,971,income,021
2,1,973,income,021
2,1,975,income,021
2,1,977,income,021
2,1,980,income,021
2,1,982,income,021
2,1,984,income,021
2,1,986,income,021
2,1,988,income,021
2,1,990,income,021
2,1,992,income,021
2,1,994,income,021
2,1,997,income,021
2,1,1000,income,021
2,1,1002,income,021
2,1,1004,income,021
2,1,1006,income,021
2,1,1008,income,021
2,1,1010,income,021
2,1,1013,income,021
2,1,1015,income,021
2,1,1017,income,021
2,1,1019,income,021
2,1,1022,income,021
2,1,1025,income,021
2,1,1027,income,021
2,1,1029,income,021
2,1,1031,income,021
2,1,1033,income,021
2,1,1035,income,021
2,1,1037,income,021
2,1,1041,income,021
2,1,1044,income,021
2,1,1046,income,021
2,1,1048,income,021
2,1,1050,income,021
2,1,1052,income,021
2,1,1054,income,021
2,1,1057,income,021
2,1,1060,income,021
2,1,1065,income,021
2,1,1067,income,021
2,1,1069,income,021
2,1,1071,income,021
2,1,1073,income,021
2,1,1075,income,021
2,1,1077,income,021
2,1,1079,income,021
2,1,1081,income,021
2,1,1083,income,021
2,1,1086,income,021
2,1,1088,income,021
2,1,1090,income,021
2,1,1092,income,021
2,1,1094,income,021
2,1,1096,income,021
2,1,1098,income,021
2,1,1100,income,021
2,1,1103,income,021
2,1,1105,income,021
2,1,1107,income,021
2,1,1109,income,021
2,1,1111,income,021
2,1,1115,income,021
2,1,1118,income,021
2,1,1120,income,021
2,1,1123,income,021
2,1,1125,income,021
2,1,1127,income,021
2,1,1129,income,021
2,1,1131,income,021
2,1,1134,income,021
2,1,1136,income,021
2,1,1138,income,021
2,1,1140,income,021
2,1,1142,income,021
2,1,1145,income,021
2,1,1148,income,021
2,1,1151,income,021
2,1,1154,income,021
2,1,1159,income,021
2,1,1161,income,021
2,1,1164,income,021
2,1,1166,income,021
2,1,1168,income,021
2,1,1170,income,021
2,1,1174,income,021
2,1,1177,income,021
2,1,1179,income,021
2,1,1184,income,021
2,1,1186,income,021
2,1,1190,income,021
2,1,1192,income,021
2,1,1194,income,021
2,1,1196,income,021
2,1,1199,income,021
2,1,1201,income,021
2,1,1203,income,021
2,1,1208,income,021
2,1,1210,income,021
2,1,1212,income,021
2,1,1216,income,021
2,1,1218,income,021
2,1,1220,income,021
2,1,1222,income,021
2,1,1225,income,021
2,1,1227,income,021
2,1,1229,income,021
2,1,1231,income,021
2,1,1234,income,021
2,1,1236,income,021
2,1,1238,income,021
2,1,1240,income,021
2,1,1242,income,021
2,1,1244,income,021
2,1,1246,income,021
2,1,1248,income,021
2,1,1250,income,021
2,1,1253,income,021
2,1,1256,income,021
2,1,1258,income,021
2,1,1261,income,021
2,1,1263,income,021
2,1,1265,income,021
2,1,1268,income,021
2,1,1270,income,021
2,1,1272,income,021
2,1,1275,income,021
2,1,1277,income,021
2,1,1280,income,021
2,1,1282,income,021
2,1,1285,income,021
2,1,1287,income,021
2,1,1289,income,021
2,1,1292,income,021
2,1,1294,income,021
2,1,1296,income,021
2,1,1298,income,021
2,1,1300,income,021
2,1,1302,income,021
2,1,1303,income,021
2,1,1305,income,021
2,1,1308,income,021
2,1,1310,income,021
2,1,1311,income,021
2,1,1313,income,021
2,1,1320,income,021
2,1,1322,income,021
2,1,1323,income,021
2,1,1326,income,021
2,1,1332,income,021
2,1,1334,income,021
2,1,1335,income,021
2,1,1337,income,021
2,1,1339,income,021
2,1,1341,income,021
2,1,1343,income,021
2,1,1346,income,021
2,1,1347,income,021
2,1,1349,income,021
2,1,1352,income,021
2,1,1354,income,021
2,1,1358,income,021
2,1,1362,income,021
2,1,1364,income,021
2,1,1367,income,021
2,1,1370,income,021
2,1,1372,income,021
2,1,1374,income,021
2,1,1377,income,021
2,1,1379,income,021
2,1,1381,income,021
2,1,1383,income,021
2,1,1385,income,021
2,1,1387,income,021
2,1,1389,income,021
2,1,1391,income,021
2,1,1394,income,021
2,1,1396,income,021
2,1,1398,income,021
2,1,1400,income,021
2,1,1402,income,021
2,1,1404,income,021
2,1,1406,income,021
2,1,1409,income,021
2,1,1412,income,021
2,1,1415,income,021
2,1,1417,income,021
2,1,1421,income,021
2,1,1423,income,021
2,1,1426,income,021
2,1,1428,income,021
2,1,1430,income,021
2,1,1432,income,021
2,1,1434,income,021
2,1,1436,income,021
2,1,1438,income,021
2,1,1440,income,021
2,1,1442,income,021
2,1,1445,income,021
2,1,1447,income,021
2,1,1449,income,021
2,1,1452,income,021
2,1,1455,income,021
2,1,1457,income,021
2,1,1461,income,021
2,1,1463,income,021
2,1,1470,income,021
2,1,1472,income,021
2,1,1474,income,021
2,1,1476,income,021
2,1,1478,income,021
2,1,1483,income,021
2,1,1488,income,021
2,1,1492,income,021
2,1,1494,income,021
2,1,1497,income,021
2,1,1499,income,021
2,1,1503,income,021
2,1,1505,income,021
2,1,1507,income,021
2,1,1510,income,021
2,1,1513,income,021
2,1,1516,income,021
2,1,1518,income,021
2,1,1521,income,021
2,1,1523,income,021
2,1,1526,income,021
2,1,1529,income,021
2,1,1533,income,021
2,1,1536,income,021
2,1,1542,income,021
2,1,1544,income,021
2,1,1548,income,021
2,1,1551,income,021
2,1,1555,income,021
2,1,1559,income,021
2,1,1561,income,021
2,1,1564,income,021
2,1,1569,income,021
2,1,1571,income,021
2,1,1573,income,021
2,1,1577,income,021
2,1,1579,income,021
2,1,1583,income,021
2,1,1586,income,021
2,1,1588,income,021
2,1,1590,income,021
2,1,1592,income,021
2,1,1594,income,021
2,1,1597,income,021
2,1,1599,income,021
2,1,1601,income,021
2,1,1604,income,021
2,1,1606,income,021
2,1,1610,income,021
2,1,1612,income,021
2,1,1614,income,021
2,1,1617,income,021
2,1,1619,income,021
2,1,1621,income,021
2,1,1624,income,021
2,1,1629,income,021
2,1,1631,income,021
2,1,1634,income,021
2,1,1636,income,021
2,1,1638,income,021
2,1,1640,income,021
2,1,1642,income,021
2,1,1648,income,021
2,1,1650,income,021
2,1,1652,income,021
2,1,1654,income,021
2,1,1656,income,021
2,1,1659,income,021
2,1,1661,income,021
2,1,1664,income,021
2,1,1666,income,021
2,1,1669,income,021
2,1,1671,income,021
2,1,1674,income,021
2,1,1676,income,021
2,1,1678,income,021
2,1,1680,income,021
2,1,1682,income,021
2,1,1684,income,021
2,1,1686,income,021
2,1,1690,income,021
2,1,1693,income,021
2,1,1695,income,021
2,1,1697,income,021
2,1,1700,income,021
2,1,1702,income,021
2,1,1704,income,021
2,1,1707,income,021
2,1,1709,income,021
2,1,1711,income,021
2,1,1715,income,021
2,1,1717,income,021
2,1,1719,income,021
2,1,1721,income,021
2,1,1723,income,021
2,1,1726,income,021
2,1,1729,income,021
2,1,1731,income,021
2,1,1733,income,021
2,1,1735,income,021
2,1,1738,income,021
2,1,1740,income,021
2,1,1742,income,021
2,1,1748,income,021
2,1,1750,income,021
2,1,1753,income,021
2,1,1758,income,021
2,1,1760,income,021
2,1,1762,income,021
2,1,1764,income,021
2,1,1766,income,021
2,1,1768,income,021
2,1,1770,income,021
2,1,1772,income,021
2,1,1774,income,021
2,1,1776,income,021
2,1,1778,income,021
2,1,1780,income,021
2,1,1782,income,021
2,1,1785,income,021
2,1,1788,income,021
2,1,1790,income,021
2,1,1792,income,021
2,1,1794,income,021
2,1,1796,income,021
2,1,1798,income,021
2,1,1800,income,021
2,1,1802,income,021
2,1,1804,income,021
2,1,1808,income,021
2,1,1810,income,021
2,1,1812,income,021
2,1,1814,income,021
2,1,1817,income,021
2,1,1820,income,021
2,1,1822,income,021
2,1,1824,income,021
2,1,1827,income,021
2,1,1829,income,021
2,1,1831,income,021
2,1,1833,income,021
2,1,1835,income,021
2,1,1837,income,021
2,1,1840,income,021
2,1,1842,income,021
2,1,1845,income,021
2,1,1848,income,021
2,1,1850,income,021
2,1,1852,income,021
2,1,1855,income,021
2,1,1857,income,021
2,1,1859,income,021
2,1,1861,income,021
2,1,1863,income,021
2,1,1865,income,021
2,1,1868,income,021
2,1,1870,income,021
2,1,1872,income,021
2,1,1874,income,021
2,1,1876,income,021
2,1,1878,income,021
2,1,1880,income,021
2,1,1882,income,021
2,1,1885,income,021
2,1,1889,income,021
2,1,1892,income,021
2,1,1894,income,021
2,1,1898,income,021
2,1,1900,income,021
2,1,1906,income,021
2,1,1909,income,021
2,1,1914,income,021
2,1,1918,income,021
2,1,1920,income,021
2,1,1922,income,021
2,1,1924,income,021
2,1,1926,income,021
2,1,1930,income,021
2,1,1932,income,021
2,1,1935,income,021
2,1,1937,income,021
2,1,1939,income,021
2,1,1942,income,021
2,1,1944,income,021
2,1,1946,income,021
2,1,1948,income,021
2,1,1954,income,021
2,1,1956,income,021
2,1,1958,income,021
2,1,1964,income,021
2,1,1966,income,021
2,1,1968,income,021
2,1,1970,income,021
2,1,1972,income,021
2,1,1975,income,021
2,1,1978,income,021
2,1,1980,income,021
2,1,1982,income,021
2,1,1985,income,021
2,1,1989,income,021
2,1,1992,income,021
2,1,1995,income,021
2,1,1999,income,021
2,1,2001,income,021
2,1,2004,income,021
2,1,2006,income,021
2,1,2008,income,021
2,1,2010,income,021
2,1,2013,income,021
2,1,2015,income,021
2,1,2017,income,021
2,1,2019,income,021
2,1,2021,income,021
2,1,2023,income,021
2,1,2026,income,021
2,1,2029,income,021
2,1,2031,income,021
2,1,2034,income,021
2,1,2036,income,021
2,1,2039,income,021
2,1,2041,income,021
2,1,2043,income,021
2,1,2045,income,021
2,1,2047,income,021
2,1,2049,income,021
2,1,2051,income,021
2,1,2054,income,021
2,1,2057,income,021
2,1,2059,income,021
2,1,2061,income,021
2,1,2063,income,021
2,1,2065,income,021
2,1,2067,income,021
2,1,2069,income,021
2,1,2071,income,021
2,1,2074,income,021
2,1,2077,income,021
2,1,2079,income,021
2,1,2081,income,021
2,1,2084,income,021
2,1,2086,income,021
2,1,2088,income,021
2,1,2092,income,021
2,1,2094,income,021
2,1,2097,income,021
2,1,2100,income,021
2,1,2102,income,021
2,1,2104,income,021
2,1,2107,income,021
2,1,2109,income,021
2,1,2111,income,021
2,1,2113,income,021
2,1,2115,income,021
2,1,2117,income,021
2,1,2121,income,021
2,1,2124,income,021
2,1,2128,income,021
2,1,2131,income,021
2,1,2134,income,021
2,1,2137,income,021
2,1,2140,income,021
2,1,2142,income,021
2,1,2144,income,021
2,1,2146,income,021
2,1,2150,income,021
2,1,2152,income,021
2,1,2154,income,021
2,1,2156,income,021
2,1,2158,income,021
2,1,2160,income,021
2,1,2163,income,021
2,1,2166,income,021
2,1,2170,income,021
2,1,2173,income,021
2,1,2175,income,021
2,1,2177,income,021
2,1,2179,income,021
2,1,2181,income,021
2,1,2184,income,021
2,1,2187,income,021
2,1,2189,income,021
2,1,2191,income,021
2,1,2193,income,021
2,1,2197,income,021
2,1,2202,income,021
2,1,2204,income,021
2,1,2206,income,021
2,1,2208,income,021
2,1,2212,income,021
2,1,2214,income,021
2,1,2216,income,021
2,1,2218,income,021
2,1,2220,income,021
2,1,2222,income,021
2,1,2224,income,021
2,1,2227,income,021
2,1,2229,income,021
2,1,2233,income,021
2,1,2236,income,021
2,1,2239,income,021
2,1,2241,income,021
2,1,2244,income,021
2,1,2246,income,021
2,1,2250,income,021
2,1,2252,income,021
2,1,2254,income,021
2,1,2257,income,021
2,1,2259,income,021
2,1,2261,income,021
2,1,2263,income,021
2,1,2265,income,021
2,1,2269,income,021
2,1,2274,income,021
2,1,2278,income,021
2,1,2280,income,021
2,1,2283,income,021
2,1,2285,income,021
2,1,2287,income,021
2,1,2289,income,021
2,1,2291,income,021
2,1,2293,income,021
2,1,2295,income,021
2,1,2297,income,021
2,1,2299,income,021
2,1,2301,income,021
2,1,2303,income,021
2,1,2305,income,021
2,1,2307,income,021
2,1,2309,income,021
2,1,2312,income,021
2,1,2315,income,021
2,1,2317,income,021
2,1,2319,income,021
2,1,2321,income,021
2,1,2323,income,021
2,1,2325,income,021
2,1,2330,income,021
2,1,2332,income,021
2,1,2334,income,021
2,1,2336,income,021
2,1,2338,income,021
2,1,2342,income,021
2,1,2344,income,021
2,1,2346,income,021
2,1,2348,income,021
2,1,2350,income,021
2,1,2354,income,021
2,1,2357,income,021
2,1,2359,income,021
2,1,2361,income,021
2,1,2363,income,021
2,1,2365,income,021
2,1,2367,income,021
2,1,2369,income,021
2,1,2372,income,021
2,1,2375,income,021
2,1,2378,income,021
2,1,2380,income,021
2,1,2382,income,021
2,1,2386,income,021
2,1,2388,income,021
2,1,2390,income,021
2,1,2393,income,021
2,1,2396,income,021
2,1,2398,income,021
2,1,2400,income,021
2,1,2403,income,021
2,1,2405,income,021
2,1,2408,income,021
2,1,2410,income,021
2,1,2412,income,021
2,1,2416,income,021
2,1,2419,income,021
2,1,2422,income,021
2,1,2425,income,021
2,1,2427,income,021
2,1,2429,income,021
2,1,2433,income,021
2,1,2436,income,021
2,1,2438,income,021
2,1,2441,income,021
2,1,2444,income,021
2,1,2447,income,021
2,1,2449,income,021
2,1,2452,income,021
2,1,2454,income,021
2,1,2456,income,021
2,1,2458,income,021
2,1,2460,income,021
2,1,2463,income,021
2,1,2465,income,021
2,1,2467,income,021
2,1,2469,income,021
2,1,2472,income,021
2,1,2475,income,021
2,1,2477,income,021
2,1,2479,income,021
2,1,2483,income,021
2,1,2485,income,021
2,1,2488,income,021
2,1,2490,income,021
2,1,2492,income,021
2,1,2494,income,021
2,1,2498,income,021
2,1,2500,income,021
2,1,2504,income,021
2,1,2506,income,021
2,1,2509,income,021
2,1,2511,income,021
2,1,2515,income,021
2,1,2518,income,021
2,1,2520,income,021
2,1,2522,income,021
2,1,2524,income,021
2,1,2527,income,021
2,1,2530,income,021
2,1,2532,income,021
2,1,2534,income,021
2,1,2536,income,021
2,1,2538,income,021
2,1,2541,income,021
2,1,2546,income,021
2,1,2548,income,021
2,1,2550,income,021
2,1,2552,income,021
2,1,2555,income,021
2,1,2557,income,021
2,1,2559,income,021
2,1,2561,income,021
2,1,2563,income,021
2,1,2567,income,021
2,1,2569,income,021
2,1,2572,income,021
2,1,2575,income,021
2,1,2577,income,021
2,1,2579,income,021
2,1,2582,income,021
2,1,2584,income,021
2,1,2586,income,021
2,1,2589,income,021
2,1,2591,income,021
2,1,2593,income,021
2,1,2595,income,021
2,1,2602,income,021
2,1,2604,income,021
2,1,2606,income,021
2,1,2608,income,021
2,1,2610,income,021
2,1,2614,income,021
2,1,2617,income,021
2,1,2620,income,021
2,1,2622,income,021
2,1,2624,income,021
2,1,2626,income,021
2,1,2630,income,021
2,1,2632,income,021
2,1,2636,income,021
2,1,2638,income,021
2,1,2640,income,021
2,1,2642,income,021
2,1,2645,income,021
2,1,2648,income,021
2,1,2650,income,021
2,1,2652,income,021
2,1,2654,income,021
2,1,2656,income,021
2,1,2659,income,021
2,1,2661,income,021
2,1,2663,income,021
2,1,2665,income,021
2,1,2667,income,021
2,1,2670,income,021
2,1,2672,income,021
2,1,2674,income,021
2,1,2676,income,021
2,1,2679,income,021
2,1,2682,income,021
2,1,2684,income,021
2,1,2686,income,021
2,1,2688,income,021
2,1,2692,income,021
2,1,2694,income,021
2,1,2697,income,021
2,1,2699,income,021
2,1,2701,income,021
2,1,2704,income,021
2,1,2706,income,021
2,1,2708,income,021
2,1,2710,income,021
2,1,2712,income,021
2,1,2714,income,021
2,1,2716,income,021
2,1,2718,income,021
2,1,2721,income,021
2,1,2723,income,021
2,1,2726,income,021
2,1,2729,income,021
2,1,2732,income,021
2,1,2734,income,021
2,1,2736,income,021
2,1,2738,income,021
2,1,2740,income,021
2,1,2742,income,021
2,1,2744,income,021
2,1,2748,income,021
2,1,2751,income,021
2,1,2753,income,021
2,1,2756,income,021
2,1,2757,income,021
2,1,2759,income,021
2,1,2761,income,021
2,1,2763,income,021
2,1,2766,income,021
2,1,2768,income,021
2,1,2774,income,021
2,1,2776,income,021
2,1,2778,income,021
2,1,2780,income,021
2,1,2783,income,021
2,1,2785,income,021
2,1,2789,income,021
2,1,2791,income,021
2,1,2792,income,021
2,1,2795,income,021
2,1,2798,income,021
2,1,2801,income,021
2,1,2804,income,021
2,1,2808,income,021
2,1,2810,income,021
2,1,2812,income,021
2,1,2813,income,021
2,1,2816,income,021
2,1,2818,income,021
2,1,2822,income,021
2,1,2824,income,021
2,1,2826,income,021
2,1,2828,income,021
2,1,2830,income,021
2,1,2832,income,021
2,1,2834,income,021
2,1,2836,income,021
2,1,2839,income,021
2,1,2841,income,021
2,1,2845,income,021
2,1,2847,income,021
2,1,2849,income,021
2,1,2851,income,021
2,1,2853,income,021
2,1,2857,income,021
2,1,2861,income,021
2,1,2864,income,021
2,1,2866,income,021
2,1,2868,income,021
2,1,2871,income,021
2,1,2873,income,021
2,1,2875,income,021
2,1,2877,income,021
2,1,2879,income,021
2,1,2881,income,021
2,1,2885,income,021
2,1,2888,income,021
2,1,2890,income,021
2,1,2892,income,021
2,1,2894,income,021
2,1,2896,income,021
2,1,2899,income,021
2,1,2901,income,021
2,1,2903,income,021
2,1,2905,income,021
2,1,2908,income,021
2,1,2910,income,021
2,1,2913,income,021
2,1,2915,income,021
2,1,2917,income,021
2,1,2919,income,021
2,1,2922,income,021
2,1,2923,income,021
2,1,2926,income,021
2,1,2928,income,021
2,1,2932,income,021
2,1,2934,income,021
2,1,2937,income,021
2,1,2940,income,021
2,1,2944,income,021
2,1,2947,income,021
2,1,2949,income,021
2,1,2951,income,021
2,1,2953,income,021
2,1,2955,income,021
2,1,2957,income,021
2,1,2959,income,021
2,1,2962,income,021
2,1,2966,income,021
2,1,2969,income,021
2,1,2972,income,021
2,1,2975,income,021
2,1,2977,income,021
2,1,2979,income,021
2,1,2981,income,021
2,1,2984,income,021
2,1,2988,income,021
2,1,2992,income,021
2,1,2994,income,021
2,1,2997,income,021
2,1,3001,income,021
2,1,3003,income,021
2,1,3005,income,021
2,1,3007,income,021
2,1,3010,income,021
2,1,3013,income,021
2,1,3015,income,021
2,1,3017,income,021
2,1,3019,income,021
2,1,3021,income,021
2,1,3023,income,021
2,1,3025,income,021
2,1,3027,income,021
2,1,3031,income,021
2,1,3034,income,021
2,1,3037,income,021
2,1,3040,income,021
2,1,3044,income,021
2,1,3046,income,021
2,1,3049,income,021
2,1,3051,income,021
2,1,3054,income,021
2,1,3057,income,021
2,1,3059,income,021
2,1,3061,income,021
2,1,3063,income,021
2,1,3065,income,021
2,1,3068,income,021
2,1,3070,income,021
2,1,3072,income,021
2,1,3075,income,021
2,1,3079,income,021
2,1,3082,income,021
2,1,3084,income,021
2,1,3087,income,021
2,1,3089,income,021
2,1,3092,income,021
2,1,3095,income,021
2,1,3099,income,021
2,1,3104,income,021
2,1,3105,income,021
2,1,3110,income,021
2,1,3112,income,021
2,1,3114,income,021
2,1,3119,income,021
2,1,3120,income,021
2,1,3123,income,021
2,1,3125,income,021
2,1,3127,income,021
2,1,3129,income,021
2,1,3133,income,021
2,1,3137,income,021
2,1,3139,income,021
2,1,3140,income,021
2,1,3143,income,021
2,1,3146,income,021
2,1,3149,income,021
2,1,3153,income,021
2,1,3154,income,021
2,1,3158,income,021
2,1,3160,income,021
2,1,3161,income,021
2,1,3163,income,021
2,1,3165,income,021
2,1,3167,income,021
2,1,3169,income,021
2,1,3172,income,021
2,1,3175,income,021
2,1,3177,income,021
2,1,3179,income,021
2,1,3181,income,021
2,1,3183,income,021
2,1,3185,income,021
2,1,3187,income,021
2,1,3190,income,021
2,1,3193,income,021
2,1,3195,income,021
2,1,3198,income,021
2,1,3200,income,021
2,1,3202,income,021
2,1,3204,income,021
2,1,3206,income,021
2,1,3208,income,021
2,1,3210,income,021
2,1,3212,income,021
2,1,3217,income,021
2,1,3219,income,021
2,1,3221,income,021
2,1,3224,income,021
2,1,3227,income,021
2,1,3229,income,021
2,1,3231,income,021
2,1,3233,income,021
2,1,3237,income,021
2,1,3239,income,021
2,1,3241,income,021
2,1,3244,income,021
2,1,3248,income,021
2,1,3250,income,021
2,1,3253,income,021
2,1,3255,income,021
2,1,3257,income,021
2,1,3259,income,021
2,1,3261,income,021
2,1,3267,income,021
2,1,3269,income,021
2,1,3271,income,021
2,1,3273,income,021
2,1,3276,income,021
2,1,3278,income,021
2,1,3280,income,021
2,1,3282,income,021
2,1,3284,income,021
2,1,3286,income,021
2,1,3289,income,021
2,1,3293,income,021
2,1,3295,income,021
2,1,3298,income,021
2,1,3300,income,021
2,1,3303,income,021
2,1,3307,income,021
2,1,3309,income,021
2,1,3312,income,021
2,1,3314,income,021
2,1,3316,income,021
2,1,3318,income,021
2,1,3321,income,021
2,1,3323,income,021
2,1,3325,income,021
2,1,3329,income,021
2,1,3333,income,021
2,1,3335,income,021
2,1,3337,income,021
2,1,3339,income,021
2,1,3341,income,021
2,1,3343,income,021
2,1,3345,income,021
2,1,3347,income,021
2,1,3349,income,021
2,1,3352,income,021
2,1,3355,income,021
2,1,3358,income,021
2,1,3361,income,021
2,1,3364,income,021
2,1,3366,income,021
2,1,3368,income,021
2,1,3370,income,021
2,1,3372,income,021
2,1,3375,income,021
2,1,3378,income,021
2,1,3382,income,021
2,1,3384,income,021
2,1,3387,income,021
2,1,3389,income,021
2,1,3391,income,021
2,1,3393,income,021
2,1,3396,income,021
2,1,3398,income,021
2,1,3400,income,021
2,1,3403,income,021
2,1,3405,income,021
2,1,3407,income,021
2,1,3411,income,021
2,1,3413,income,021
2,1,3415,income,021
2,1,3417,income,021
2,1,3419,income,021
2,1,3421,income,021
2,1,3423,income,021
2,1,3427,income,021
2,1,3429,income,021
2,1,3431,income,021
2,1,3434,income,021
2,1,3438,income,021
2,1,3440,income,021
2,1,3442,income,021
2,1,3446,income,021
2,1,3450,income,021
2,1,3455,income,021
2,1,3457,income,021
2,1,3459,income,021
2,1,3461,income,021
2,1,3464,income,021
2,1,3466,income,021
2,1,3468,income,021
2,1,3470,income,021
2,1,3473,income,021
2,1,3477,income,021
2,1,3479,income,021
2,1,3481,income,021
2,1,3483,income,021
2,1,3486,income,021
2,1,3488,income,021
2,1,3492,income,021
2,1,3494,income,021
2,1,3497,income,021
2,1,3500,income,021
2,1,3505,income,021
2,1,3509,income,021
2,1,3511,income,021
2,1,3513,income,021
2,1,3518,income,021
2,1,3519,income,021
2,1,3522,income,021
2,1,3524,income,021
2,1,3526,income,021
2,1,3529,income,021
2,1,3530,income,021
2,1,3533,income,021
2,1,3537,income,021
2,1,3539,income,021
2,1,3541,income,021
2,1,3544,income,021
2,1,3546,income,021
2,1,3548,income,021
2,1,3551,income,021
2,1,3553,income,021
2,1,3557,income,021
2,1,3560,income,021
2,1,3563,income,021
2,1,3565,income,021
2,1,3567,income,021
2,1,3570,income,021
2,1,3574,income,021
2,1,3578,income,021
2,1,3580,income,021
2,1,3582,income,021
2,1,3584,income,021
2,1,3586,income,021
2,1,3588,income,021
2,1,3591,income,021
2,1,3593,income,021
2,1,3595,income,021
2,1,3598,income,021
2,1,3601,income,021
2,1,3603,income,021
2,1,3608,income,021
2,1,3610,income,021
2,1,3612,income,021
2,1,3614,income,021
2,1,3619,income,021
2,1,3621,income,021
2,1,3624,income,021
2,1,3627,income,021
2,1,3629,income,021
2,1,3631,income,021
2,1,3633,income,021
2,1,3635,income,021
2,1,3637,income,021
2,1,3640,income,021
2,1,3642,income,021
2,1,3644,income,021
2,1,3646,income,021
2,1,3648,income,021
2,1,3652,income,021
2,1,3654,income,021
2,1,3657,income,021
2,1,3659,income,021
2,1,3661,income,021
2,1,3663,income,021
2,1,3665,income,021
2,1,3667,income,021
2,1,3670,income,021
2,1,3672,income,021
2,1,3676,income,021
2,1,3679,income,021
2,1,3683,income,021
2,1,3685,income,021
2,1,3688,income,021
2,1,3690,income,021
2,1,3692,income,021
2,1,3696,income,021
2,1,3698,income,021
2,1,3703,income,021
2,1,3706,income,021
2,1,3709,income,021
2,1,3712,income,021
2,1,3714,income,021
2,1,3716,income,021
2,1,3718,income,021
2,1,3720,income,021
2,1,3723,income,021
2,1,3725,income,021
2,1,3727,income,021
2,1,3729,income,021
2,1,3731,income,021
2,1,3734,income,021
2,1,3736,income,021
2,1,3738,income,021
2,1,3740,income,021
2,1,3742,income,021
2,1,3745,income,021
2,1,3748,income,021
2,1,3751,income,021
2,1,3753,income,021
2,1,3755,income,021
2,1,3757,income,021
2,1,3759,income,021
2,1,3761,income,021
2,1,3763,income,021
2,1,3765,income,021
2,1,3768,income,021
2,1,3771,income,021
2,1,3773,income,021
2,1,3775,income,021
2,1,3778,income,021
2,1,3780,income,021
2,1,3785,income,021
2,1,3787,income,021
2,1,3790,income,021
2,1,3792,income,021
2,1,3794,income,021
2,1,3797,income,021
2,1,3799,income,021
2,1,3802,income,021
2,1,3805,income,021
2,1,3808,income,021
2,1,3811,income,021
2,1,3813,income,021
2,1,3815,income,021
2,1,3820,income,021
2,1,3822,income,021
2,1,3825,income,021
2,1,3827,income,021
2,1,3829,income,021
2,1,3831,income,021
2,1,3834,income,021
2,1,3836,income,021
2,1,3838,income,021
2,1,3840,income,021
2,1,3842,income,021
2,1,3844,income,021
2,1,3847,income,021
2,1,3850,income,021
2,1,3852,income,021
2,1,3854,income,021
2,1,3856,income,021
2,1,3860,income,021
2,1,3862,income,021
2,1,3865,income,021
2,1,3868,income,021
2,1,3871,income,021
2,1,3873,income,021
2,1,3875,income,021
2,1,3877,income,021
2,1,3879,income,021
2,1,3881,income,021
2,1,3883,income,021
2,1,3886,income,021
2,1,3888,income,021
2,1,3890,income,021
2,1,3892,income,021
2,1,3894,income,021
2,1,3896,income,021
2,1,3898,income,021
2,1,3900,income,021
2,1,3902,income,021
2,1,3904,income,021
2,1,3906,income,021
2,1,3908,income,021
2,1,3910,income,021
2,1,3915,income,021
2,1,3918,income,021
2,1,3921,income,021
2,1,3924,income,021
2,1,3927,income,021
2,1,3929,income,021
2,1,3931,income,021
2,1,3933,income,021
2,1,3935,income,021
2,1,3937,income,021
2,1,3939,income,021
2,1,3941,income,021
2,1,3943,income,021
2,1,3946,income,021
2,1,3948,income,021
2,1,3951,income,021
2,1,3953,income,021
2,1,3955,income,021
2,1,3957,income,021
2,1,3959,income,021
2,1,3962,income,021
2,1,3967,income,021
2,1,3969,income,021
2,1,3971,income,021
2,1,3976,income,021
2,1,3978,income,021
2,1,3980,income,021
2,1,3982,income,021
2,1,3984,income,021
2,1,3985,income,021
2,1,3987,income,021
2,1,3990,income,021
2,1,3992,income,021
2,1,3995,income,021
2,1,3997,income,021
2,1,3999,income,021
2,1,4003,income,021
2,1,4005,income,021
2,1,4008,income,021
2,1,4009,income,021
2,1,4015,income,021
2,1,4016,income,021
2,1,4018,income,021
2,1,4020,income,021
2,1,4027,income,021
2,1,4029,income,021
2,1,4031,income,021
2,1,4034,income,021
2,1,4035,income,021
2,1,4037,income,021
2,1,4042,income,021
2,1,4046,income,021
2,1,4047,income,021
2,1,4049,income,021
2,1,4051,income,021
2,1,4053,income,021
2,1,4056,income,021
2,1,4062,income,021
2,1,4065,income,021
2,1,4069,income,021
2,1,4071,income,021
2,1,4073,income,021
2,1,4074,income,021
2,1,4076,income,021
2,1,4080,income,021
2,1,4082,income,021
2,1,4085,income,021
2,1,4087,income,021
2,1,4089,income,021
2,1,4092,income,021
2,1,4095,income,021
2,1,4096,income,021
2,1,4098,income,021
2,1,4103,income,021
2,1,4106,income,021
2,1,4108,income,021
2,1,4110,income,021
2,1,4111,income,021
2,1,4117,income,021
2,1,4118,income,021
2,1,4121,income,021
2,1,4123,income,021
2,1,4125,income,021
2,1,4130,income,021
2,1,4132,income,021
2,1,4133,income,021
2,1,4138,income,021
2,1,4140,income,021
2,1,4142,income,021
2,1,4144,income,021
2,1,4149,income,021
2,1,4151,income,021
2,1,4152,income,021
2,1,4155,income,021
2,1,4156,income,021
2,1,4161,income,021
2,1,4162,income,021
2,1,4164,income,021
2,1,4166,income,021
2,1,4170,income,021
2,1,4172,income,021
2,1,4177,income,021
2,1,4178,income,021
2,1,4180,income,021
2,1,4182,income,021
2,1,4185,income,021
2,1,4187,income,021
2,1,4191,income,021
2,1,4193,income,021
2,1,4196,income,021
2,1,4198,income,021
2,1,4200,income,021
2,1,4203,income,021
2,1,4204,income,021
2,1,4206,income,021
2,1,4208,income,021
2,1,4212,income,021
2,1,4213,income,021
2,1,4215,income,021
2,1,4218,income,021
2,1,4222,income,021
2,1,4224,income,021
2,1,4226,income,021
2,1,4230,income,021
2,1,4233,income,021
2,1,4235,income,021
2,1,4237,income,021
2,1,4239,income,021
2,1,4242,income,021
2,1,4243,income,021
2,1,4246,income,021
2,1,4247,income,021
2,1,4250,income,021
2,1,4254,income,021
2,1,4256,income,021
2,1,4257,income,021
2,1,4263,income,021
2,1,4267,income,021
2,1,4269,income,021
2,1,4271,income,021
2,1,4273,income,021
2,1,4275,income,021
2,1,4277,income,021
2,1,4280,income,021
2,1,4282,income,021
2,1,4286,income,021
2,1,4287,income,021
2,1,4290,income,021
2,1,4292,income,021
2,1,4294,income,021
2,1,4297,income,021
2,1,4299,income,021
2,1,4301,income,021
2,1,4302,income,021
2,1,4305,income,021
2,1,4308,income,021
2,1,4310,income,021
2,1,4312,income,021
2,1,4315,income,021
2,1,4318,income,021
2,1,4321,income,021
2,1,4324,income,021
2,1,4327,income,021
2,1,4328,income,021
2,1,4330,income,021
2,1,4332,income,021
2,1,4334,income,021
2,1,4337,income,021
2,1,4340,income,021
2,1,4342,income,021
2,1,4344,income,021
2,1,4347,income,021
2,1,4350,income,021
2,1,4352,income,021
2,1,4355,income,021
2,1,4357,income,021
2,1,4360,income,021
2,1,4362,income,021
2,1,4364,income,021
2,1,4366,income,021
2,1,4368,income,021
2,1,4372,income,021
2,1,4374,income,021
2,1,4378,income,021
2,1,4379,income,021
2,1,4383,income,021
2,1,4386,income,021
2,1,4388,income,021
2,1,4391,income,021
2,1,4393,income,021
2,1,4396,income,021
2,1,4399,income,021
2,1,4401,income,021
2,1,4403,income,021
2,1,4405,income,021
2,1,4407,income,021
2,1,4412,income,021
2,1,4414,income,021
2,1,4416,income,021
2,1,4421,income,021
2,1,4423,income,021
2,1,4425,income,021
2,1,4427,income,021
2,1,4428,income,021
2,1,4431,income,021
2,1,4434,income,021
2,1,4436,income,021
2,1,4439,income,021
2,1,4444,income,021
2,1,4446,income,021
2,1,4448,income,021
2,1,4450,income,021
2,1,4451,income,021
2,1,4454,income,021
2,1,4457,income,021
2,1,4459,income,021
2,1,4461,income,021
2,1,4463,income,021
2,1,4466,income,021
2,1,4469,income,021
2,1,4471,income,021
2,1,4473,income,021
2,1,4474,income,021
2,1,4476,income,021
2,1,4479,income,021
2,1,4481,income,021
2,1,4486,income,021
2,1,4487,income,021
2,1,4491,income,021
2,1,4493,income,021
2,1,4495,income,021
2,1,4498,income,021
2,1,4501,income,021
2,1,4504,income,021
2,1,4505,income,021
2,1,4507,income,021
2,1,4509,income,021
2,1,4511,income,021
2,1,4513,income,021
2,1,4515,income,021
2,1,4517,income,021
2,1,4520,income,021
2,1,4522,income,021
2,1,4525,income,021
2,1,4527,income,021
2,1,4529,income,021
2,1,4532,income,021
2,1,4534,income,021
2,1,4537,income,021
2,1,4540,income,021
2,1,4544,income,021
2,1,4546,income,021
2,1,4548,income,021
2,1,4551,income,021
2,1,4552,income,021
2,1,4554,income,021
2,1,4556,income,021
2,1,4560,income,021
2,1,4563,income,021
2,1,4565,income,021
2,1,4566,income,021
2,1,4570,income,021
2,1,4571,income,021
2,1,4576,income,021
2,1,4578,income,021
2,1,4580,income,021
2,1,4582,income,021
2,1,4583,income,021
2,1,4585,income,021
2,1,4588,income,021
2,1,4589,income,021
2,1,4592,income,021
2,1,4595,income,021
2,1,4596,income,021
2,1,4598,income,021
2,1,4602,income,021
2,1,4604,income,021
2,1,4609,income,021
2,1,4611,income,021
2,1,4613,income,021
2,1,4614,income,021
2,1,4618,income,021
2,1,4621,income,021
2,1,4623,income,021
2,1,4625,income,021
2,1,4631,income,021
2,1,4634,income,021
2,1,4637,income,021
2,1,4641,income,021
2,1,4643,income,021
2,1,4647,income,021
2,1,4648,income,021
2,1,4651,income,021
2,1,4655,income,021
2,1,4657,income,021
2,1,4658,income,021
2,1,4661,income,021
2,1,4663,income,021
2,1,4664,income,021
2,1,4668,income,021
2,1,4669,income,021
2,1,4672,income,021
2,1,4674,income,021
2,1,4676,income,021
2,1,4677,income,021
2,1,4680,income,021
2,1,4684,income,021
2,1,4686,income,021
2,1,4689,income,021
2,1,4691,income,021
2,1,4693,income,021
2,1,4697,income,021
2,1,4698,income,021
2,1,4700,income,021
2,1,4702,income,021
2,1,4704,income,021
2,1,4708,income,021
2,1,4711,income,021
2,1,4715,income,021
2,1,4718,income,021
2,1,4722,income,021
2,1,4724,income,021
2,1,4726,income,021
2,1,4728,income,021
2,1,4730,income,021
2,1,4731,income,021
2,1,4734,income,021
2,1,4735,income,021
2,1,4737,income,021
2,1,4739,income,021
2,1,4743,income,021
2,1,4746,income,021
2,1,4748,income,021
2,1,4749,income,021
2,1,4751,income,021
2,1,4756,income,021
2,1,4758,income,021
2,1,4761,income,021
2,1,4762,income,021
2,1,4765,income,021
2,1,4768,income,021
2,1,4773,income,021
2,1,4776,income,021
2,1,4777,income,021
2,1,4783,income,021
2,1,4787,income,021
2,1,4791,income,021
2,1,4793,income,021
2,1,4795,income,021
2,1,4797,income,021
2,1,4799,income,021
2,1,4802,income,021
2,1,4804,income,021
2,1,4806,income,021
2,1,4809,income,021
2,1,4810,income,021
2,1,4812,income,021
2,1,4815,income,021
2,1,4819,income,021
2,1,4825,income,021
2,1,4826,income,021
2,1,4828,income,021
2,1,4831,income,021
2,1,4833,income,021
2,1,4836,income,021
2,1,4837,income,021
2,1,4839,income,021
2,1,4842,income,021
2,1,4845,income,021
2,1,4846,income,021
2,1,4849,income,021
2,1,4853,income,021
2,1,4855,income,021
2,1,4857,income,021
2,1,4858,income,021
2,1,4860,income,021
2,1,4862,income,021
2,1,4865,income,021
2,1,4868,income,021
2,1,4870,income,021
2,1,4871,income,021
2,1,4873,income,021
2,1,4875,income,021
2,1,4877,income,021
2,1,4880,income,021
2,1,4882,income,021
2,1,4885,income,021
2,1,4887,income,021
2,1,4889,income,021
2,1,4892,income,021
2,1,4893,income,021
2,1,4896,income,021
2,1,4903,income,021
2,1,4904,income,021
2,1,4909,income,021
2,1,4911,income,021
2,1,4914,income,021
2,1,4916,income,021
2,1,4917,income,021
2,1,4920,income,021
2,1,4922,income,021
2,1,4925,income,021
2,1,4926,income,021
2,1,4929,income,021
2,1,4930,income,021
2,1,4933,income,021
2,1,4935,income,021
2,1,4936,income,021
2,1,4940,income,021
2,1,4942,income,021
2,1,4944,income,021
2,1,4946,income,021
2,1,4949,income,021
2,1,4951,income,021
2,1,4953,income,021
2,1,4959,income,021
2,1,4961,income,021
2,1,4964,income,021
2,1,4967,income,021
2,1,4968,income,021
2,1,4971,income,021
2,1,4972,income,021
2,1,4975,income,021
2,1,4977,income,021
2,1,4979,income,021
2,1,4982,income,021
2,1,4985,income,021
2,1,4987,income,021
2,1,4988,income,021
2,1,4992,income,021
2,1,4995,income,021
2,1,4997,income,021
2,1,4999,income,021
2,1,5001,income,021
2,1,5004,income,021
2,1,5006,income,021
2,1,5009,income,021
2,1,5013,income,021
2,1,5014,income,021
2,1,5018,income,021
2,1,5019,income,021
2,1,5021,income,021
2,1,5024,income,021
2,1,5026,income,021
2,1,5030,income,021
2,1,5031,income,021
2,1,5033,income,021
2,1,5036,income,021
2,1,5038,income,021
2,1,5042,income,021
2,1,5045,income,021
2,1,5047,income,021
2,1,5049,income,021
2,1,5050,income,021
2,1,5053,income,021
2,1,5057,income,021
2,1,5059,income,021
2,1,5062,income,021
2,1,5065,income,021
2,1,5067,income,021
2,1,5069,income,021
2,1,5071,income,021
2,1,5073,income,021
2,1,5077,income,021
2,1,5080,income,021
2,1,5082,income,021
2,1,5083,income,021
2,1,5086,income,021
2,1,5088,income,021
2,1,5090,income,021
2,1,5092,income,021
2,1,5095,income,021
2,1,5097,income,021
2,1,5099,income,021
2,1,5101,income,021
2,1,5103,income,021
2,1,5105,income,021
2,1,5106,income,021
2,1,5109,income,021
2,1,5113,income,021
2,1,5114,income,021
2,1,5119,income,021
2,1,5121,income,021
2,1,5123,income,021
2,1,5126,income,021
2,1,5127,income,021
2,1,5131,income,021
2,1,5133,income,021
2,1,5135,income,021
2,1,5137,income,021
2,1,5140,income,021
2,1,5142,income,021
2,1,5145,income,021
2,1,5146,income,021
2,1,5148,income,021
2,1,5151,income,021
2,1,5152,income,021
2,1,5155,income,021
2,1,5157,income,021
2,1,5161,income,021
2,1,5163,income,021
2,1,5165,income,021
2,1,5166,income,021
2,1,5169,income,021
2,1,5170,income,021
2,1,5172,income,021
2,1,5174,income,021
2,1,5177,income,021
2,1,5180,income,021
2,1,5182,income,021
2,1,5186,income,021
2,1,5191,income,021
2,1,5194,income,021
2,1,5196,income,021
2,1,5198,income,021
2,1,5201,income,021
2,1,5204,income,021
2,1,5206,income,021
2,1,5209,income,021
2,1,5211,income,021
2,1,5217,income,021
2,1,5221,income,021
2,1,5224,income,021
2,1,5226,income,021
2,1,5228,income,021
2,1,5230,income,021
2,1,5231,income,021
2,1,5233,income,021
2,1,5235,income,021
2,1,5239,income,021
2,1,5241,income,021
2,1,5243,income,021
2,1,5246,income,021
2,1,5250,income,021
2,1,5252,income,021
2,1,5253,income,021
2,1,5255,income,021
2,1,5259,income,021
2,1,5260,income,021
2,1,5262,income,021
2,1,5265,income,021
2,1,5266,income,021
2,1,5269,income,021
2,1,5273,income,021
2,1,5275,income,021
2,1,5277,income,021
2,1,5278,income,021
2,1,5280,income,021
2,1,5284,income,021
2,1,5286,income,021
2,1,5287,income,021
2,1,5291,income,021
2,1,5292,income,021
2,1,5294,income,021
2,1,5296,income,021
2,1,5298,income,021
2,1,5301,income,021
2,1,5304,income,021
2,1,5306,income,021
2,1,5309,income,021
2,1,5311,income,021
2,1,5313,income,021
2,1,5315,income,021
2,1,5316,income,021
2,1,5319,income,021
2,1,5322,income,021
2,1,5325,income,021
2,1,5326,income,021
2,1,5330,income,021
2,1,5332,income,021
2,1,5335,income,021
2,1,5336,income,021
2,1,5338,income,021
2,1,5340,income,021
2,1,5344,income,021
2,1,5347,income,021
2,1,5349,income,021
2,1,5351,income,021
2,1,5353,income,021
2,1,5356,income,021
2,1,5357,income,021
2,1,5359,income,021
2,1,5361,income,021
2,1,5364,income,021
2,1,5367,income,021
2,1,5368,income,021
2,1,5370,income,021
2,1,5372,income,021
2,1,5374,income,021
2,1,5376,income,021
2,1,5378,income,021
2,1,5381,income,021
2,1,5385,income,021
2,1,5387,income,021
2,1,5389,income,021
2,1,5392,income,021
2,1,5394,income,021
2,1,5398,income,021
2,1,5400,income,021
2,1,5401,income,021
2,1,5403,income,021
2,1,5409,income,021
2,1,5411,income,021
2,1,5413,income,021
2,1,5415,income,021
2,1,5417,income,021
2,1,5422,income,021
2,1,5424,income,021
2,1,5426,income,021
2,1,5429,income,021
2,1,5431,income,021
2,1,5433,income,021
2,1,5434,income,021
2,1,5436,income,021
2,1,5439,income,021
2,1,5442,income,021
2,1,5445,income,021
2,1,5449,income,021
2,1,5452,income,021
2,1,5456,income,021
2,1,5458,income,021
2,1,5459,income,021
2,1,5467,income,021
2,1,5469,income,021
2,1,5471,income,021
2,1,5473,income,021
2,1,5474,income,021
2,1,5477,income,021
2,1,5479,income,021
2,1,5481,income,021
2,1,5483,income,021
2,1,5485,income,021
2,1,5487,income,021
2,1,5489,income,021
2,1,5492,income,021
2,1,5493,income,021
2,1,5495,income,021
2,1,5498,income,021
2,1,5500,income,021
2,1,5502,income,021
2,1,5503,income,021
2,1,5505,income,021
2,1,5508,income,021
2,1,5510,income,021
2,1,5513,income,021
2,1,5515,income,021
2,1,5517,income,021
2,1,5519,income,021
2,1,5523,income,021
2,1,5526,income,021
2,1,5529,income,021
2,1,5532,income,021
2,1,5534,income,021
2,1,5536,income,021
2,1,5538,income,021
2,1,5541,income,021
2,1,5542,income,021
2,1,5544,income,021
2,1,5547,income,021
2,1,5550,income,021
2,1,5553,income,021
2,1,5556,income,021
2,1,5557,income,021
2,1,5560,income,021
2,1,5562,income,021
2,1,5564,income,021
2,1,5568,income,021
2,1,5570,income,021
2,1,5572,income,021
2,1,5573,income,021
2,1,5575,income,021
2,1,5577,income,021
2,1,5579,income,021
2,1,5581,income,021
2,1,5585,income,021
2,1,5586,income,021
2,1,5589,income,021
2,1,5594,income,021
2,1,5596,income,021
2,1,5598,income,021
2,1,5600,income,021
2,1,5602,income,021
2,1,5604,income,021
2,1,5605,income,021
2,1,5608,income,021
2,1,5610,income,021
2,1,5612,income,021
2,1,5614,income,021
2,1,5616,income,021
2,1,5618,income,021
2,1,5623,income,021
2,1,5624,income,021
2,1,5626,income,021
2,1,5630,income,021
2,1,5631,income,021
2,1,5635,income,021
2,1,5637,income,021
2,1,5638,income,021
2,1,5640,income,021
2,1,5644,income,021
2,1,5646,income,021
2,1,5648,income,021
2,1,5650,income,021
2,1,5655,income,021
2,1,5657,income,021
2,1,5659,income,021
2,1,5661,income,021
2,1,5662,income,021
2,1,5664,income,021
2,1,5666,income,021
2,1,5668,income,021
2,1,5671,income,021
2,1,5673,income,021
2,1,5677,income,021
2,1,5679,income,021
2,1,5683,income,021
2,1,5685,income,021
2,1,5688,income,021
2,1,5690,income,021
2,1,5691,income,021
2,1,5694,income,021
2,1,5696,income,021
2,1,5697,income,021
2,1,5700,income,021
2,1,5703,income,021
2,1,5704,income,021
2,1,5706,income,021
2,1,5708,income,021
2,1,5711,income,021
2,1,5712,income,021
2,1,5716,income,021
2,1,5719,income,021
2,1,5721,income,021
2,1,5723,income,021
2,1,5727,income,021
2,1,5732,income,021
2,1,5734,income,021
2,1,5737,income,021
2,1,5738,income,021
2,1,5742,income,021
2,1,5744,income,021
2,1,5747,income,021
2,1,5749,income,021
2,1,5752,income,021
2,1,5753,income,021
2,1,5755,income,021
2,1,5759,income,021
2,1,5760,income,021
2,1,5765,income,021
2,1,5767,income,021
2,1,5770,income,021
2,1,5772,income,021
2,1,5774,income,021
2,1,5776,income,021
2,1,5778,income,021
2,1,5781,income,021
2,1,5783,income,021
2,1,5786,income,021
2,1,5788,income,021
2,1,5790,income,021
2,1,5792,income,021
2,1,5793,income,021
2,1,5797,income,021
2,1,5799,income,021
2,1,5801,income,021
2,1,5805,income,021
2,1,5808,income,021
2,1,5809,income,021
2,1,5812,income,021
2,1,5814,income,021
2,1,5816,income,021
2,1,5817,income,021
2,1,5821,income,021
2,1,5823,income,021
2,1,5825,income,021
2,1,5827,income,021
2,1,5830,income,021
2,1,5832,income,021
2,1,5836,income,021
2,1,5838,income,021
2,1,5840,income,021
2,1,5844,income,021
2,1,5848,income,021
2,1,5850,income,021
2,1,5853,income,021
2,1,5855,income,021
2,1,5857,income,021
2,1,5860,income,021
2,1,5863,income,021
2,1,5867,income,021
2,1,5869,income,021
2,1,5871,income,021
2,1,5872,income,021
2,1,5875,income,021
2,1,5881,income,021
2,1,5886,income,021
2,1,5888,income,021
2,1,5890,income,021
2,1,5893,income,021
2,1,5894,income,021
2,1,5899,income,021
2,1,5903,income,021
2,1,5906,income,021
2,1,5909,income,021
2,1,5912,income,021
2,1,5914,income,021
2,1,5918,income,021
2,1,5920,income,021
2,1,5922,income,021
2,1,5926,income,021
2,1,5927,income,021
2,1,5929,income,021
2,1,5931,income,021
2,1,5933,income,021
2,1,5937,income,021
2,1,5939,income,021
2,1,5941,income,021
2,1,5943,income,021
2,1,5944,income,021
2,1,5947,income,021
2,1,5949,income,021
2,1,5951,income,021
2,1,5952,income,021
2,1,5954,income,021
2,1,5956,income,021
2,1,5960,income,021
2,1,5961,income,021
2,1,5965,income,021
2,1,5967,income,021
2,1,5971,income,021
2,1,5973,income,021
2,1,5975,income,021
2,1,5980,income,021
2,1,5981,income,021
2,1,5984,income,021
2,1,5986,income,021
2,1,5990,income,021
2,1,5993,income,021
2,1,5996,income,021
2,1,5998,income,021
2,1,6002,income,021
2,1,6004,income,021
2,1,6009,income,021
2,1,6011,income,021
2,1,6015,income,021
2,1,6018,income,021
2,1,6020,income,021
2,1,6024,income,021
2,1,6026,income,021
2,1,6028,income,021
2,1,6030,income,021
2,1,6034,income,021
2,1,6035,income,021
2,1,6038,income,021
2,1,6040,income,021
2,1,6041,income,021
2,1,6043,income,021
2,1,6045,income,021
2,1,6048,income,021
2,1,6051,income,021
2,1,6053,income,021
2,1,6055,income,021
2,1,6057,income,021
2,1,6059,income,021
2,1,6060,income,021
2,1,6062,income,021
2,1,6064,income,021
2,1,6067,income,021
2,1,6071,income,021
2,1,6074,income,021
2,1,6076,income,021
2,1,6077,income,021
2,1,6080,income,021
2,1,6084,income,021
2,1,6090,income,021
2,1,6092,income,021
2,1,6095,income,021
2,1,6097,income,021
2,1,6099,income,021
2,1,6101,income,021
2,1,6104,income,021
2,1,6106,income,021
2,1,6111,income,021
2,1,6114,income,021
2,1,6116,income,021
2,1,6118,income,021
2,1,6120,income,021
2,1,6123,income,021
2,1,6126,income,021
2,1,6127,income,021
2,1,6131,income,021
2,1,6134,income,021
2,1,6136,income,021
2,1,6138,income,021
2,1,6139,income,021
2,1,6142,income,021
2,1,6144,income,021
2,1,6146,income,021
2,1,6148,income,021
2,1,6151,income,021
2,1,6154,income,021
2,1,6157,income,021
2,1,6159,income,021
2,1,6162,income,021
2,1,6163,income,021
2,1,6167,income,021
2,1,6169,income,021
2,1,6172,income,021
2,1,6174,income,021
2,1,6178,income,021
2,1,6181,income,021
2,1,6183,income,021
2,1,6185,income,021
2,1,6187,income,021
2,1,6189,income,021
2,1,6191,income,021
2,1,6195,income,021
2,1,6200,income,021
2,1,6203,income,021
2,1,6205,income,021
2,1,6207,income,021
2,1,6208,income,021
2,1,6210,income,021
2,1,6213,income,021
2,1,6218,income,021
2,1,6222,income,021
2,1,6224,income,021
2,1,6228,income,021
2,1,6230,income,021
2,1,6234,income,021
2,1,6236,income,021
2,1,6240,income,021
2,1,6242,income,021
2,1,6244,income,021
2,1,6248,income,021
2,1,6250,income,021
2,1,6253,income,021
2,1,6256,income,021
2,1,6259,income,021
2,1,6261,income,021
2,1,6262,income,021
2,1,6266,income,021
2,1,6268,income,021
2,1,6270,income,021
2,1,6272,income,021
2,1,6275,income,021
2,1,6276,income,021
2,1,6279,income,021
2,1,6283,income,021
2,1,6285,income,021
2,1,6289,income,021
2,1,6291,income,021
2,1,6293,income,021
2,1,6294,income,021
2,1,6297,income,021
2,1,6300,income,021
2,1,6301,income,021
2,1,6303,income,021
2,1,6306,income,021
2,1,6309,income,021
2,1,6312,income,021
2,1,6315,income,021
2,1,6316,income,021
2,1,6318,income,021
2,1,6321,income,021
2,1,6323,income,021
2,1,6325,income,021
2,1,6328,income,021
2,1,6330,income,021
2,1,6333,income,021
2,1,6336,income,021
2,1,6338,income,021
2,1,6341,income,021
2,1,6343,income,021
2,1,6347,income,021
2,1,6350,income,021
2,1,6352,income,021
2,1,6354,income,021
2,1,6358,income,021
2,1,6359,income,021
2,1,6367,income,021
2,1,6368,income,021
2,1,6371,income,021
2,1,6373,income,021
2,1,6375,income,021
2,1,6377,income,021
2,1,6379,income,021
2,1,6382,income,021
2,1,6385,income,021
2,1,6387,income,021
2,1,6388,income,021
2,1,6391,income,021
2,1,6393,income,021
2,1,6397,income,021
2,1,6401,income,021
2,1,6403,income,021
2,1,6405,income,021
2,1,6409,income,021
2,1,6411,income,021
2,1,6413,income,021
2,1,6415,income,021
2,1,6416,income,021
2,1,6419,income,021
2,1,6422,income,021
2,1,6424,income,021
2,1,6428,income,021
2,1,6429,income,021
2,1,6431,income,021
2,1,6433,income,021
2,1,6438,income,021
2,1,6440,income,021
2,1,6443,income,021
2,1,6444,income,021
2,1,6446,income,021
2,1,6450,income,021
2,1,6452,income,021
2,1,6453,income,021
2,1,6455,income,021
2,1,6458,income,021
2,1,6460,income,021
2,1,6464,income,021
2,1,6465,income,021
2,1,6467,income,021
2,1,6470,income,021
2,1,6471,income,021
2,1,6474,income,021
2,1,6476,income,021
2,1,6478,income,021
2,1,6481,income,021
2,1,6483,income,021
2,1,6485,income,021
2,1,6489,income,021
2,1,6491,income,021
2,1,6492,income,021
2,1,6495,income,021
2,1,6497,income,021
2,1,6504,income,021
2,1,6506,income,021
2,1,6508,income,021
2,1,6510,income,021
2,1,6514,income,021
2,1,6515,income,021
2,1,6518,income,021
2,1,6520,income,021
2,1,6523,income,021
2,1,6525,income,021
2,1,6527,income,021
2,1,6530,income,021
2,1,6532,income,021
2,1,6535,income,021
2,1,6537,income,021
2,1,6540,income,021
2,1,6545,income,021
2,1,6546,income,021
2,1,6548,income,021
2,1,6551,income,021
2,1,6552,income,021
2,1,6554,income,021
2,1,6557,income,021
2,1,6559,income,021
2,1,6561,income,021
2,1,6564,income,021
2,1,6567,income,021
2,1,6572,income,021
2,1,6574,income,021
2,1,6576,income,021
2,1,6578,income,021
2,1,6580,income,021
2,1,6582,income,021
2,1,6584,income,021
2,1,6588,income,021
2,1,6590,income,021
2,1,6592,income,021
2,1,6595,income,021
2,1,6596,income,021
2,1,6598,income,021
2,1,6600,income,021
2,1,6603,income,021
2,1,6605,income,021
2,1,6606,income,021
2,1,6609,income,021
2,1,6610,income,021
2,1,6613,income,021
2,1,6616,income,021
2,1,6620,income,021
2,1,6622,income,021
2,1,6624,income,021
2,1,6625,income,021
2,1,6627,income,021
2,1,6630,income,021
2,1,6633,income,021
2,1,6635,income,021
2,1,6637,income,021
2,1,6639,income,021
2,1,6641,income,021
2,1,6643,income,021
2,1,6645,income,021
2,1,6648,income,021
2,1,6649,income,021
2,1,6651,income,021
2,1,6653,income,021
2,1,6656,income,021
2,1,6657,income,021
2,1,6661,income,021
2,1,6663,income,021
2,1,6665,income,021
2,1,6668,income,021
2,1,6669,income,021
2,1,6671,income,021
2,1,6673,income,021
2,1,6675,income,021
2,1,6677,income,021
2,1,6679,income,021
2,1,6682,income,021
2,1,6685,income,021
2,1,6690,income,021
2,1,6692,income,021
2,1,6693,income,021
2,1,6696,income,021
2,1,6698,income,021
2,1,6699,income,021
2,1,6701,income,021
2,1,6703,income,021
2,1,6705,income,021
2,1,6707,income,021
2,1,6710,income,021
2,1,6712,income,021
2,1,6713,income,021
2,1,6717,income,021
2,1,6719,income,021
2,1,6721,income,021
2,1,6724,income,021
2,1,6726,income,021
2,1,6729,income,021
2,1,6732,income,021
2,1,6737,income,021
2,1,6741,income,021
2,1,6743,income,021
2,1,6746,income,021
2,1,6749,income,021
2,1,6750,income,021
2,1,6752,income,021
2,1,6755,income,021
2,1,6757,income,021
2,1,6760,income,021
2,1,6763,income,021
2,1,6766,income,021
2,1,6769,income,021
2,1,6771,income,021
2,1,6775,income,021
2,1,6777,income,021
2,1,6779,income,021
2,1,6782,income,021
2,1,6784,income,021
2,1,6786,income,021
2,1,6788,income,021
2,1,6790,income,021
2,1,6792,income,021
2,1,6795,income,021
2,1,6799,income,021
2,1,6801,income,021
2,1,6803,income,021
2,1,6806,income,021
2,1,6809,income,021
2,1,6812,income,021
2,1,6813,income,021
2,1,6815,income,021
2,1,6817,income,021
2,1,6820,income,021
2,1,6822,income,021
2,1,6824,income,021
2,1,6826,income,021
2,1,6828,income,021
2,1,6830,income,021
2,1,6832,income,021
2,1,6834,income,021
2,1,6836,income,021
2,1,6838,income,021
2,1,6840,income,021
2,1,6842,income,021
2,1,6845,income,021
2,1,6847,income,021
2,1,6849,income,021
2,1,6852,income,021
2,1,6855,income,021
2,1,6859,income,021
2,1,6860,income,021
2,1,6862,income,021
2,1,6865,income,021
2,1,6868,income,021
2,1,6871,income,021
2,1,6874,income,021
2,1,6875,income,021
2,1,6877,income,021
2,1,6879,income,021
2,1,6881,income,021
2,1,6886,income,021
2,1,6890,income,021
2,1,6894,income,021
2,1,6897,income,021
2,1,6900,income,021
2,1,6903,income,021
2,1,6905,income,021
2,1,6906,income,021
2,1,6909,income,021
2,1,6911,income,021
2,1,6912,income,021
2,1,6914,income,021
2,1,6918,income,021
2,1,6920,income,021
2,1,6923,income,021
2,1,6926,income,021
2,1,6930,income,021
2,1,6933,income,021
2,1,6937,income,021
2,1,6939,income,021
2,1,6941,income,021
2,1,6943,income,021
2,1,6946,income,021
2,1,6948,income,021
2,1,6952,income,021
2,1,6954,income,021
2,1,6957,income,021
2,1,6960,income,021
2,1,6962,income,021
2,1,6964,income,021
2,1,6967,income,021
2,1,6973,income,021
2,1,6975,income,021
2,1,6977,income,021
2,1,6979,income,021
2,1,6980,income,021
2,1,6984,income,021
2,1,6988,income,021
2,1,6990,income,021
2,1,6992,income,021
2,1,6994,income,021
2,1,6997,income,021
2,1,7000,income,021
2,1,7003,income,021
2,1,7009,income,021
2,1,7012,income,021
2,1,7017,income,021
2,1,7019,income,021
2,1,7021,income,021
2,1,7023,income,021
2,1,7024,income,021
2,1,7026,income,021
2,1,7028,income,021
2,1,7031,income,021
2,1,7033,income,021
2,1,7035,income,021
2,1,7038,income,021
2,1,7039,income,021
2,1,7042,income,021
2,1,7043,income,021
2,1,7049,income,021
2,1,7050,income,021
2,1,7052,income,021
2,1,7055,income,021
2,1,7057,income,021
2,1,7060,income,021
2,1,7061,income,021
2,1,7065,income,021
2,1,7067,income,021
2,1,7071,income,021
2,1,7073,income,021
2,1,7075,income,021
2,1,7078,income,021
2,1,7079,income,021
2,1,7081,income,021
2,1,7083,income,021
2,1,7085,income,021
2,1,7088,income,021
2,1,7090,income,021
2,1,7093,income,021
2,1,7094,income,021
2,1,7096,income,021
2,1,7098,income,021
2,1,7100,income,021
2,1,7105,income,021
2,1,7109,income,021
2,1,7111,income,021
2,1,7113,income,021
2,1,7115,income,021
2,1,7118,income,021
2,1,7120,income,021
2,1,7121,income,021
2,1,7123,income,021
2,1,7127,income,021
2,1,7129,income,021
2,1,7131,income,021
2,1,7134,income,021
2,1,7137,income,021
2,1,7138,income,021
2,1,7141,income,021
2,1,7144,income,021
2,1,7146,income,021
2,1,7148,income,021
2,1,7152,income,021
2,1,7154,income,021
2,1,7156,income,021
2,1,7158,income,021
2,1,7161,income,021
2,1,7163,income,021
2,1,7165,income,021
2,1,7168,income,021
2,1,7170,income,021
2,1,7173,income,021
2,1,7175,income,021
2,1,7177,income,021
2,1,7178,income,021
2,1,7182,income,021
2,1,7183,income,021
2,1,7185,income,021
2,1,7188,income,021
2,1,7192,income,021
2,1,7195,income,021
2,1,7197,income,021
2,1,7200,income,021
2,1,7202,income,021
2,1,7206,income,021
2,1,7209,income,021
2,1,7210,income,021
2,1,7212,income,021
2,1,7214,income,021
2,1,7216,income,021
2,1,7218,income,021
2,1,7220,income,021
2,1,7223,income,021
2,1,7226,income,021
2,1,7228,income,021
2,1,7231,income,021
2,1,7233,income,021
2,1,7236,income,021
2,1,7238,income,021
2,1,7241,income,021
2,1,7243,income,021
2,1,7245,income,021
2,1,7247,income,021
2,1,7249,income,021
2,1,7253,income,021
2,1,7256,income,021
2,1,7257,income,021
2,1,7259,income,021
2,1,7262,income,021
2,1,7265,income,021
2,1,7267,income,021
2,1,7269,income,021
2,1,7271,income,021
2,1,7272,income,021
2,1,7275,income,021
2,1,7278,income,021
2,1,7281,income,021
2,1,7283,income,021
2,1,7285,income,021
2,1,7287,income,021
2,1,7289,income,021
2,1,7291,income,021
2,1,7294,income,021
2,1,7296,income,021
2,1,7299,income,021
2,1,7302,income,021
2,1,7304,income,021
2,1,7307,income,021
2,1,7310,income,021
2,1,7313,income,021
2,1,7315,income,021
2,1,7317,income,021
2,1,7318,income,021
2,1,7320,income,021
2,1,7322,income,021
2,1,7325,income,021
2,1,7328,income,021
2,1,7329,income,021
2,1,7331,income,021
2,1,7333,income,021
2,1,7335,income,021
2,1,7338,income,021
2,1,7339,income,021
2,1,7344,income,021
2,1,7348,income,021
2,1,7349,income,021
2,1,7352,income,021
2,1,7354,income,021
2,1,7356,income,021
2,1,7358,income,021
2,1,7361,income,021
2,1,7363,income,021
2,1,7365,income,021
2,1,7368,income,021
2,1,7371,income,021
2,1,7374,income,021
2,1,7376,income,021
2,1,7377,income,021
2,1,7381,income,021
2,1,7382,income,021
2,1,7385,income,021
2,1,7391,income,021
2,1,7394,income,021
2,1,7395,income,021
2,1,7398,income,021
2,1,7399,income,021
2,1,7401,income,021
2,1,7404,income,021
2,1,7407,income,021
2,1,7408,income,021
2,1,7410,income,021
2,1,7415,income,021
2,1,7417,income,021
2,1,7419,income,021
2,1,7421,income,021
2,1,7424,income,021
2,1,7426,income,021
2,1,7428,income,021
2,1,7431,income,021
2,1,7434,income,021
2,1,7436,income,021
2,1,7437,income,021
2,1,7440,income,021
2,1,7443,income,021
2,1,7445,income,021
2,1,7449,income,021
2,1,7451,income,021
2,1,7453,income,021
2,1,7456,income,021
2,1,7458,income,021
2,1,7459,income,021
2,1,7461,income,021
2,1,7465,income,021
2,1,7467,income,021
2,1,7472,income,021
2,1,7474,income,021
2,1,7476,income,021
2,1,7479,income,021
2,1,7480,income,021
2,1,7485,income,021
2,1,7486,income,021
2,1,7489,income,021
2,1,7491,income,021
2,1,7494,income,021
2,1,7498,income,021
2,1,7500,income,021
2,1,7503,income,021
2,1,7504,income,021
2,1,7506,income,021
2,1,7512,income,021
2,1,7514,income,021
2,1,7517,income,021
2,1,7519,income,021
2,1,7522,income,021
2,1,7524,income,021
2,1,7526,income,021
2,1,7528,income,021
2,1,7531,income,021
2,1,7533,income,021
2,1,7534,income,021
2,1,7536,income,021
2,1,7538,income,021
2,1,7540,income,021
2,1,7542,income,021
2,1,7544,income,021
2,1,7546,income,021
2,1,7549,income,021
2,1,7551,income,021
2,1,7553,income,021
2,1,7557,income,021
2,1,7559,income,021
2,1,7562,income,021
2,1,7563,income,021
2,1,7566,income,021
2,1,7569,income,021
2,1,7571,income,021
2,1,7573,income,021
2,1,7575,income,021
2,1,7577,income,021
2,1,7579,income,021
2,1,7582,income,021
2,1,7584,income,021
2,1,7588,income,021
2,1,7590,income,021
2,1,7593,income,021
2,1,7596,income,021
2,1,7599,income,021
2,1,7601,income,021
2,1,7603,income,021
2,1,7605,income,021
2,1,7606,income,021
2,1,7610,income,021
2,1,7611,income,021
2,1,7613,income,021
2,1,7615,income,021
2,1,7617,income,021
2,1,7621,income,021
2,1,7624,income,021
2,1,7626,income,021
2,1,7627,income,021
2,1,7630,income,021
2,1,7637,income,021
2,1,7639,income,021
2,1,7641,income,021
2,1,7643,income,021
2,1,7646,income,021
2,1,7648,income,021
2,1,7650,income,021
2,1,7654,income,021
2,1,7656,income,021
2,1,7658,income,021
2,1,7660,income,021
2,1,7661,income,021
2,1,7665,income,021
2,1,7667,income,021
2,1,7669,income,021
2,1,7672,income,021
2,1,7674,income,021
2,1,7677,income,021
2,1,7678,income,021
2,1,7680,income,021
2,1,7682,income,021
2,1,7684,income,021
2,1,7686,income,021
2,1,7690,income,021
2,1,7694,income,021
2,1,7695,income,021
2,1,7697,income,021
2,1,7702,income,021
2,1,7704,income,021
2,1,7708,income,021
2,1,7710,income,021
2,1,7712,income,021
2,1,7714,income,021
2,1,7716,income,021
2,1,7718,income,021
2,1,7721,income,021
2,1,7724,income,021
2,1,7725,income,021
2,1,7727,income,021
2,1,7729,income,021
2,1,7733,income,021
2,1,7734,income,021
2,1,7736,income,021
2,1,7738,income,021
2,1,7740,income,021
2,1,7743,income,021
2,1,7745,income,021
2,1,7747,income,021
2,1,7749,income,021
2,1,7753,income,021
2,1,7754,income,021
2,1,7756,income,021
2,1,7759,income,021
2,1,7761,income,021
2,1,7763,income,021
2,1,7766,income,021
2,1,7768,income,021
2,1,7771,income,021
2,1,7774,income,021
2,1,7777,income,021
2,1,7779,income,021
2,1,7782,income,021
2,1,7784,income,021
2,1,7788,income,021
2,1,7790,income,021
2,1,7792,income,021
2,1,7794,income,021
2,1,7795,income,021
2,1,7798,income,021
2,1,7800,income,021
2,1,7802,income,021
2,1,7804,income,021
2,1,7807,income,021
2,1,7811,income,021
2,1,7815,income,021
2,1,7817,income,021
2,1,7821,income,021
2,1,7822,income,021
2,1,7824,income,021
2,1,7827,income,021
2,1,7828,income,021
2,1,7830,income,021
2,1,7835,income,021
2,1,7837,income,021
2,1,7838,income,021
2,1,7840,income,021
2,1,7846,income,021
2,1,7850,income,021
2,1,7855,income,021
2,1,7858,income,021
2,1,7859,income,021
2,1,7863,income,021
2,1,7866,income,021
2,1,7869,income,021
2,1,7871,income,021
2,1,7873,income,021
2,1,7876,income,021
2,1,7878,income,021
2,1,7880,income,021
2,1,7884,income,021
2,1,7887,income,021
2,1,7889,income,021
2,1,7891,income,021
2,1,7893,income,021
2,1,7895,income,021
2,1,7898,income,021
2,1,7900,income,021
2,1,7901,income,021
2,1,7903,income,021
2,1,7905,income,021
2,1,7908,income,021
2,1,7911,income,021
2,1,7913,income,021
2,1,7914,income,021
2,1,7918,income,021
2,1,7920,income,021
2,1,7922,income,021
2,1,7924,income,021
2,1,7926,income,021
2,1,7928,income,021
2,1,7930,income,021
2,1,7932,income,021
2,1,7935,income,021
2,1,7939,income,021
2,1,7940,income,021
2,1,7942,income,021
2,1,7946,income,021
2,1,7948,income,021
2,1,7951,income,021
2,1,7954,income,021
2,1,7955,income,021
2,1,7962,income,021
2,1,7964,income,021
2,1,7967,income,021
2,1,7971,income,021
2,1,7974,income,021
2,1,7977,income,021
2,1,7978,income,021
2,1,7981,income,021
2,1,7983,income,021
2,1,7985,income,021
2,1,7987,income,021
2,1,7991,income,021
2,1,7994,income,021
2,1,7998,income,021
2,1,8002,income,021
2,1,8003,income,021
2,1,8005,income,021
2,1,8009,income,021
2,1,8011,income,021
2,1,8013,income,021
2,1,8016,income,021
2,1,8018,income,021
2,1,8020,income,021
2,1,8022,income,021
2,1,8024,income,021
2,1,8028,income,021
2,1,8031,income,021
2,1,8033,income,021
2,1,8036,income,021
2,1,8039,income,021
2,1,8042,income,021
2,1,8044,income,021
2,1,8046,income,021
2,1,8048,income,021
2,1,8049,income,021
2,1,8052,income,021
2,1,8056,income,021
2,1,8060,income,021
2,1,8061,income,021
2,1,8065,income,021
2,1,8069,income,021
2,1,8071,income,021
2,1,8074,income,021
2,1,8077,income,021
2,1,8078,income,021
2,1,8080,income,021
2,1,8082,income,021
2,1,8084,income,021
2,1,8087,income,021
2,1,8089,income,021
2,1,8091,income,021
2,1,8093,income,021
2,1,8096,income,021
2,1,8101,income,021
2,1,8104,income,021
2,1,8106,income,021
2,1,8107,income,021
2,1,8109,income,021
2,1,8112,income,021
2,1,8114,income,021
2,1,8116,income,021
2,1,8118,income,021
2,1,8121,income,021
2,1,8123,income,021
2,1,8126,income,021
2,1,8128,income,021
2,1,8130,income,021
2,1,8132,income,021
2,1,8133,income,021
2,1,8138,income,021
2,1,8140,income,021
2,1,8141,income,021
2,1,8143,income,021
2,1,8145,income,021
2,1,8148,income,021
2,1,8151,income,021
2,1,8152,income,021
2,1,8155,income,021
2,1,8157,income,021
2,1,8158,income,021
2,1,8160,income,021
2,1,8162,income,021
2,1,8166,income,021
2,1,8168,income,021
2,1,8170,income,021
2,1,8171,income,021
2,1,8175,income,021
2,1,8179,income,021
2,1,8181,income,021
2,1,8183,income,021
2,1,8186,income,021
2,1,8188,income,021
2,1,8191,income,021
2,1,8193,income,021
2,1,8196,income,021
2,1,8198,income,021
2,1,8202,income,021
2,1,8203,income,021
2,1,8206,income,021
2,1,8210,income,021
2,1,8212,income,021
2,1,8214,income,021
2,1,8216,income,021
2,1,8219,income,021
2,1,8222,income,021
2,1,8225,income,021
2,1,8226,income,021
2,1,8230,income,021
2,1,8231,income,021
2,1,8233,income,021
2,1,8235,income,021
2,1,8239,income,021
2,1,8241,income,021
2,1,8243,income,021
2,1,8247,income,021
2,1,8249,income,021
2,1,8251,income,021
2,1,8255,income,021
2,1,8259,income,021
2,1,8261,income,021
2,1,8265,income,021
2,1,8267,income,021
2,1,8268,income,021
2,1,8270,income,021
2,1,8274,income,021
2,1,8276,income,021
2,1,8279,income,021
2,1,8281,income,021
2,1,8286,income,021
2,1,8287,income,021
2,1,8291,income,021
2,1,8294,income,021
2,1,8296,income,021
2,1,8299,income,021
2,1,8301,income,021
2,1,8303,income,021
2,1,8305,income,021
2,1,8306,income,021
2,1,8308,income,021
2,1,8311,income,021
2,1,8313,income,021
2,1,8316,income,021
2,1,8318,income,021
2,1,8321,income,021
2,1,8323,income,021
2,1,8325,income,021
2,1,8327,income,021
2,1,8328,income,021
2,1,8331,income,021
2,1,8334,income,021
2,1,8338,income,021
2,1,8339,income,021
2,1,8341,income,021
2,1,8345,income,021
2,1,8348,income,021
2,1,8351,income,021
2,1,8353,income,021
2,1,8355,income,021
2,1,8356,income,021
2,1,8362,income,021
2,1,8365,income,021
2,1,8368,income,021
2,1,8372,income,021
2,1,8374,income,021
2,1,8376,income,021
2,1,8379,income,021
2,1,8382,income,021
2,1,8384,income,021
2,1,8385,income,021
2,1,8387,income,021
2,1,8389,income,021
2,1,8391,income,021
2,1,8395,income,021
2,1,8399,income,021
2,1,8400,income,021
2,1,8403,income,021
2,1,8405,income,021
2,1,8409,income,021
2,1,8411,income,021
2,1,8412,income,021
2,1,8414,income,021
2,1,8417,income,021
2,1,8420,income,021
2,1,8422,income,021
2,1,8426,income,021
2,1,8427,income,021
2,1,8431,income,021
2,1,8432,income,021
2,1,8435,income,021
2,1,8438,income,021
2,1,8440,income,021
2,1,8443,income,021
2,1,8447,income,021
2,1,8449,income,021
2,1,8450,income,021
2,1,8455,income,021
2,1,8458,income,021
2,1,8459,income,021
2,1,8463,income,021
2,1,8466,income,021
2,1,8469,income,021
2,1,8470,income,021
2,1,8473,income,021
2,1,8475,income,021
2,1,8479,income,021
2,1,8481,income,021
2,1,8483,income,021
2,1,8484,income,021
2,1,8486,income,021
2,1,8489,income,021
2,1,8492,income,021
2,1,8494,income,021
2,1,8495,income,021
2,1,8497,income,021
2,1,8500,income,021
2,1,8502,income,021
2,1,8503,income,021
2,1,8505,income,021
2,1,8508,income,021
2,1,8510,income,021
2,1,8515,income,021
2,1,8520,income,021
2,1,8525,income,021
2,1,8527,income,021
2,1,8529,income,021
2,1,8532,income,021
2,1,8533,income,021
2,1,8535,income,021
2,1,8538,income,021
2,1,8540,income,021
2,1,8542,income,021
2,1,8545,income,021
2,1,8547,income,021
2,1,8549,income,021
2,1,8551,income,021
2,1,8553,income,021
2,1,8555,income,021
2,1,8557,income,021
2,1,8559,income,021
2,1,8561,income,021
2,1,8564,income,021
2,1,8571,income,021
2,1,8572,income,021
2,1,8577,income,021
2,1,8579,income,021
2,1,8581,income,021
2,1,8586,income,021
2,1,8589,income,021
2,1,8592,income,021
2,1,8594,income,021
2,1,8596,income,021
2,1,8598,income,021
2,1,8601,income,021
2,1,8603,income,021
2,1,8604,income,021
2,1,8606,income,021
2,1,8610,income,021
2,1,8612,income,021
2,1,8614,income,021
2,1,8615,income,021
2,1,8620,income,021
2,1,8622,income,021
2,1,8624,income,021
2,1,8627,income,021
2,1,8628,income,021
2,1,8630,income,021
2,1,8634,income,021
2,1,8636,income,021
2,1,8639,income,021
2,1,8642,income,021
2,1,8644,income,021
2,1,8650,income,021
2,1,8653,income,021
2,1,8654,income,021
2,1,8656,income,021
2,1,8659,income,021
2,1,8661,income,021
2,1,8664,income,021
2,1,8666,income,021
2,1,8668,income,021
2,1,8672,income,021
2,1,8673,income,021
2,1,8678,income,021
2,1,8682,income,021
2,1,8684,income,021
2,1,8688,income,021
2,1,8692,income,021
2,1,8693,income,021
2,1,8696,income,021
2,1,8698,income,021
2,1,8700,income,021
2,1,8702,income,021
2,1,8703,income,021
2,1,8705,income,021
2,1,8710,income,021
2,1,8712,income,021
2,1,8716,income,021
2,1,8718,income,021
2,1,8720,income,021
2,1,8721,income,021
2,1,8723,income,021
2,1,8726,income,021
2,1,8728,income,021
2,1,8731,income,021
2,1,8734,income,021
2,1,8737,income,021
2,1,8738,income,021
2,1,8740,income,021
2,1,8743,income,021
2,1,8748,income,021
2,1,8751,income,021
2,1,8753,income,021
2,1,8755,income,021
2,1,8758,income,021
2,1,8759,income,021
2,1,8761,income,021
2,1,8764,income,021
2,1,8766,income,021
2,1,8767,income,021
2,1,8769,income,021
2,1,8771,income,021
2,1,8776,income,021
2,1,8778,income,021
2,1,8780,income,021
2,1,8782,income,021
2,1,8784,income,021
2,1,8786,income,021
2,1,8788,income,021
2,1,8790,income,021
2,1,8793,income,021
2,1,8795,income,021
2,1,8797,income,021
2,1,8799,income,021
2,1,8801,income,021
2,1,8803,income,021
2,1,8805,income,021
2,1,8807,income,021
2,1,8808,income,021
2,1,8810,income,021
2,1,8814,income,021
2,1,8816,income,021
2,1,8818,income,021
2,1,8820,income,021
2,1,8822,income,021
2,1,8824,income,021
2,1,8828,income,021
2,1,8831,income,021
2,1,8833,income,021
2,1,8837,income,021
2,1,8840,income,021
2,1,8843,income,021
2,1,8846,income,021
2,1,8849,income,021
2,1,8853,income,021
2,1,8854,income,021
2,1,8856,income,021
2,1,8860,income,021
2,1,8863,income,021
2,1,8864,income,021
2,1,8868,income,021
2,1,8870,income,021
2,1,8875,income,021
2,1,8877,income,021
2,1,8880,income,021
2,1,8883,income,021
2,1,8889,income,021
2,1,8890,income,021
2,1,8895,income,021
2,1,8897,income,021
2,1,8901,income,021
2,1,8904,income,021
2,1,8906,income,021
2,1,8908,income,021
2,1,8909,income,021
2,1,8912,income,021
2,1,8914,income,021
2,1,8918,income,021
2,1,8921,income,021
2,1,8922,income,021
2,1,8926,income,021
2,1,8928,income,021
2,1,8932,income,021
2,1,8933,income,021
2,1,8936,income,021
2,1,8938,income,021
2,1,8940,income,021
2,1,8942,income,021
2,1,8946,income,021
2,1,8949,income,021
2,1,8952,income,021
2,1,8955,income,021
2,1,8957,income,021
2,1,8960,income,021
2,1,8963,income,021
2,1,8966,income,021
2,1,8968,income,021
2,1,8970,income,021
2,1,8972,income,021
2,1,8974,income,021
2,1,8977,income,021
2,1,8978,income,021
2,1,8981,income,021
2,1,8983,income,021
2,1,8985,income,021
2,1,8987,income,021
2,1,8991,income,021
2,1,8996,income,021
2,1,8998,income,021
2,1,9002,income,021
2,1,9003,income,021
2,1,9005,income,021
2,1,9007,income,021
2,1,9009,income,021
2,1,9011,income,021
2,1,9014,income,021
2,1,9020,income,021
2,1,9023,income,021
2,1,9025,income,021
2,1,9027,income,021
2,1,9028,income,021
2,1,9030,income,021
2,1,9032,income,021
2,1,9035,income,021
2,1,9037,income,021
2,1,9040,income,021
2,1,9041,income,021
2,1,9044,income,021
2,1,9047,income,021
2,1,9050,income,021
2,1,9053,income,021
2,1,9058,income,021
2,1,9061,income,021
2,1,9063,income,021
2,1,9064,income,021
2,1,9066,income,021
2,1,9069,income,021
2,1,9071,income,021
2,1,9073,income,021
2,1,9075,income,021
2,1,9078,income,021
2,1,9080,income,021
2,1,9083,income,021
2,1,9084,income,021
2,1,9090,income,021
2,1,9093,income,021
2,1,9095,income,021
2,1,9097,income,021
2,1,9099,income,021
2,1,9101,income,021
2,1,9103,income,021
2,1,9104,income,021
2,1,9106,income,021
2,1,9109,income,021
2,1,9112,income,021
2,1,9114,income,021
2,1,9117,income,021
2,1,9119,income,021
2,1,9122,income,021
2,1,9124,income,021
2,1,9126,income,021
2,1,9127,income,021
2,1,9131,income,021
2,1,9133,income,021
2,1,9137,income,021
2,1,9139,income,021
2,1,9143,income,021
2,1,9146,income,021
2,1,9147,income,021
2,1,9149,income,021
2,1,9151,income,021
2,1,9154,income,021
2,1,9156,income,021
2,1,9158,income,021
2,1,9161,income,021
2,1,9166,income,021
2,1,9169,income,021
2,1,9171,income,021
2,1,9173,income,021
2,1,9175,income,021
2,1,9178,income,021
2,1,9180,income,021
2,1,9183,income,021
2,1,9185,income,021
2,1,9186,income,021
2,1,9188,income,021
2,1,9190,income,021
2,1,9193,income,021
2,1,9196,income,021
2,1,9197,income,021
2,1,9200,income,021
2,1,9202,income,021
2,1,9206,income,021
2,1,9208,income,021
2,1,9210,income,021
2,1,9214,income,021
2,1,9218,income,021
2,1,9222,income,021
2,1,9223,income,021
2,1,9225,income,021
2,1,9227,income,021
2,1,9229,income,021
2,1,9232,income,021
2,1,9233,income,021
2,1,9236,income,021
2,1,9238,income,021
2,1,9242,income,021
2,1,9244,income,021
2,1,9247,income,021
2,1,9249,income,021
2,1,9251,income,021
2,1,9252,income,021
2,1,9254,income,021
2,1,9257,income,021
2,1,9260,income,021
2,1,9263,income,021
2,1,9265,income,021
2,1,9268,income,021
2,1,9269,income,021
2,1,9273,income,021
2,1,9274,income,021
2,1,9277,income,021
2,1,9279,income,021
2,1,9280,income,021
2,1,9282,income,021
2,1,9284,income,021
2,1,9287,income,021
2,1,9290,income,021
2,1,9291,income,021
2,1,9293,income,021
2,1,9299,income,021
2,1,9301,income,021
2,1,9302,income,021
2,1,9304,income,021
2,1,9307,income,021
2,1,9310,income,021
2,1,9314,income,021
2,1,9315,income,021
2,1,9317,income,021
2,1,9321,income,021
2,1,9323,income,021
2,1,9324,income,021
2,1,9327,income,021
2,1,9329,income,021
2,1,9333,income,021
2,1,9337,income,021
2,1,9338,income,021
2,1,9340,income,021
2,1,9342,income,021
2,1,9344,income,021
2,1,9348,income,021
2,1,9351,income,021
2,1,9353,income,021
2,1,9359,income,021
2,1,9361,income,021
2,1,9363,income,021
2,1,9366,income,021
2,1,9368,income,021
2,1,9373,income,021
2,1,9375,income,021
2,1,9378,income,021
2,1,9379,income,021
2,1,9382,income,021
2,1,9386,income,021
2,1,9389,income,021
2,1,9390,income,021
2,1,9393,income,021
2,1,9396,income,021
2,1,9399,income,021
2,1,9401,income,021
2,1,9403,income,021
2,1,9404,income,021
2,1,9407,income,021
2,1,9410,income,021
2,1,9413,income,021
2,1,9415,income,021
2,1,9418,income,021
2,1,9421,income,021
2,1,9424,income,021
2,1,9427,income,021
2,1,9429,income,021
2,1,9434,income,021
2,1,9436,income,021
2,1,9438,income,021
2,1,9440,income,021
2,1,9442,income,021
2,1,9445,income,021
2,1,9448,income,021
2,1,9451,income,021
2,1,9453,income,021
2,1,9457,income,021
2,1,9459,income,021
2,1,9464,income,021
2,1,9466,income,021
2,1,9469,income,021
2,1,9471,income,021
2,1,9472,income,021
2,1,9475,income,021
2,1,9477,income,021
2,1,9480,income,021
2,1,9483,income,021
2,1,9484,income,021
2,1,9486,income,021
2,1,9489,income,021
2,1,9491,income,021
2,1,9494,income,021
2,1,9497,income,021
2,1,9499,income,021
2,1,9503,income,021
2,1,9505,income,021
2,1,9507,income,021
2,1,9510,income,021
2,1,9512,income,021
2,1,9513,income,021
2,1,9517,income,021
2,1,9520,income,021
2,1,9522,income,021
2,1,9524,income,021
2,1,9527,income,021
2,1,9528,income,021
2,1,9530,income,021
2,1,9533,income,021
2,1,9535,income,021
2,1,9539,income,021
2,1,9542,income,021
2,1,9544,income,021
2,1,9546,income,021
2,1,9550,income,021
2,1,9552,income,021
2,1,9553,income,021
2,1,9556,income,021
2,1,9558,income,021
2,1,9561,income,021
2,1,9563,income,021
2,1,9565,income,021
2,1,9567,income,021
2,1,9570,income,021
2,1,9572,income,021
2,1,9574,income,021
2,1,9575,income,021
2,1,9577,income,021
2,1,9581,income,021
2,1,9585,income,021
2,1,9586,income,021
2,1,9589,income,021
2,1,9591,income,021
2,1,9594,income,021
2,1,9596,income,021
2,1,9598,income,021
2,1,9602,income,021
2,1,9604,income,021
2,1,9607,income,021
2,1,9611,income,021
2,1,9615,income,021
2,1,9617,income,021
2,1,9623,income,021
2,1,9626,income,021
2,1,9627,income,021
2,1,9630,income,021
2,1,9632,income,021
2,1,9633,income,021
2,1,9635,income,021
2,1,9637,income,021
2,1,9639,income,021
2,1,9643,income,021
2,1,9645,income,021
2,1,9646,income,021
2,1,9650,income,021
2,1,9652,income,021
2,1,9655,income,021
2,1,9656,income,021
2,1,9658,income,021
2,1,9660,income,021
2,1,9662,income,021
2,1,9665,income,021
2,1,9666,income,021
2,1,9671,income,021
2,1,9672,income,021
2,1,9675,income,021
2,1,9680,income,021
2,1,9682,income,021
2,1,9686,income,021
2,1,9688,income,021
2,1,9690,income,021
2,1,9692,income,021
2,1,9696,income,021
2,1,9698,income,021
2,1,9700,income,021
2,1,9702,income,021
2,1,9705,income,021
2,1,9707,income,021
2,1,9709,income,021
2,1,9712,income,021
2,1,9714,income,021
2,1,9715,income,021
2,1,9718,income,021
2,1,9721,income,021
2,1,9723,income,021
2,1,9725,income,021
2,1,9728,income,021
2,1,9729,income,021
2,1,9733,income,021
2,1,9736,income,021
2,1,9738,income,021
2,1,9741,income,021
2,1,9745,income,021
2,1,9748,income,021
2,1,9751,income,021
2,1,9755,income,021
2,1,9759,income,021
2,1,9762,income,021
2,1,9764,income,021
2,1,9770,income,021
2,1,9776,income,021
2,1,9777,income,021
2,1,9780,income,021
2,1,9781,income,021
2,1,9784,income,021
2,1,9789,income,021
2,1,9792,income,021
2,1,9794,income,021
2,1,9797,income,021
2,1,9799,income,021
2,1,9801,income,021
2,1,9804,income,021
2,1,9806,income,021
2,1,9808,income,021
2,1,9809,income,021
2,1,9813,income,021
2,1,9815,income,021
2,1,9817,income,021
2,1,9821,income,021
2,1,9823,income,021
2,1,9825,income,021
2,1,9827,income,021
2,1,9830,income,021
2,1,9834,income,021
2,1,9836,income,021
2,1,9838,income,021
2,1,9839,income,021
2,1,9842,income,021
2,1,9843,income,021
2,1,9845,income,021
2,1,9847,income,021
2,1,9854,income,021
2,1,9857,income,021
2,1,9860,income,021
2,1,9864,income,021
2,1,9866,income,021
2,1,9868,income,021
2,1,9873,income,021
2,1,9875,income,021
2,1,9876,income,021
2,1,9878,income,021
2,1,9880,income,021
2,1,9882,income,021
2,1,9887,income,021
2,1,9891,income,021
2,1,9893,income,021
2,1,9895,income,021
2,1,9897,income,021
2,1,9900,income,021
2,1,9904,income,021
2,1,9907,income,021
2,1,9910,income,021
2,1,9912,income,021
2,1,9914,income,021
2,1,9917,income,021
2,1,9921,income,021
2,1,9924,income,021
2,1,9926,income,021
2,1,9927,income,021
2,1,9930,income,021
2,1,9933,income,021
2,1,9936,income,021
2,1,9937,income,021
2,1,9940,income,021
2,1,9942,income,021
2,1,9945,income,021
2,1,9947,income,021
2,1,9949,income,021
2,1,9951,income,021
2,1,9952,income,021
2,1,9954,income,021
2,1,9958,income,021
2,1,9961,income,021
2,1,9963,income,021
2,1,9966,income,021
2,1,9969,income,021
2,1,9973,income,021
2,1,9975,income,021
2,1,9977,income,021
2,1,9981,income,021
2,1,9986,income,021
2,1,9989,income,021
2,1,9991,income,021
2,1,9993,income,021
2,1,9997,income,021
2,1,9999,income,021
2,1,10001,income,021
2,1,10003,income,021
2,1,10007,income,021
2,1,10010,income,021
2,1,10013,income,021
2,1,10015,income,021
2,1,10016,income,021
2,1,10018,income,021
2,1,10020,income,021
2,1,10022,income,021
2,1,10024,income,021
2,1,10026,income,021
2,1,10028,income,021
2,1,10031,income,021
2,1,10035,income,021
2,1,10037,income,021
2,1,10041,income,021
2,1,10043,income,021
2,1,10045,income,021
2,1,10046,income,021
2,1,10051,income,021
2,1,10053,income,021
2,1,10055,income,021
2,1,10060,income,021
2,1,10062,income,021
2,1,10064,income,021
2,1,10065,income,021
2,1,10069,income,021
2,1,10072,income,021
2,1,10074,income,021
2,1,10078,income,021
2,1,10082,income,021
2,1,10085,income,021
2,1,10087,income,021
2,1,10089,income,021
2,1,10091,income,021
2,1,10097,income,021
2,1,10099,income,021
2,1,10101,income,021
2,1,10103,income,021
2,1,10106,income,021
2,1,10107,income,021
2,1,10110,income,021
2,1,10111,income,021
2,1,10115,income,021
2,1,10121,income,021
2,1,10122,income,021
2,1,10125,income,021
2,1,10129,income,021
2,1,10131,income,021
2,1,10134,income,021
2,1,10136,income,021
2,1,10138,income,021
2,1,10140,income,021
2,1,10141,income,021
2,1,10144,income,021
2,1,10147,income,021
2,1,10149,income,021
2,1,10151,income,021
2,1,10153,income,021
2,1,10155,income,021
2,1,10157,income,021
2,1,10161,income,021
2,1,10163,income,021
2,1,10165,income,021
2,1,10167,income,021
2,1,10172,income,021
2,1,10173,income,021
2,1,10175,income,021
2,1,10178,income,021
2,1,10180,income,021
2,1,10182,income,021
2,1,10184,income,021
2,1,10186,income,021
2,1,10188,income,021
2,1,10191,income,021
2,1,10195,income,021
2,1,10196,income,021
2,1,10200,income,021
2,1,10202,income,021
2,1,10204,income,021
2,1,10206,income,021
2,1,10209,income,021
2,1,10210,income,021
2,1,10214,income,021
2,1,10216,income,021
2,1,10218,income,021
2,1,10221,income,021
2,1,10223,income,021
2,1,10224,income,021
2,1,10226,income,021
2,1,10228,income,021
2,1,10231,income,021
2,1,10233,income,021
2,1,10236,income,021
2,1,10241,income,021
2,1,10245,income,021
2,1,10247,income,021
2,1,10248,income,021
2,1,10252,income,021
2,1,10254,income,021
2,1,10257,income,021
2,1,10259,income,021
2,1,10263,income,021
2,1,10266,income,021
2,1,10269,income,021
2,1,10270,income,021
2,1,10273,income,021
2,1,10275,income,021
2,1,10278,income,021
2,1,10280,income,021
2,1,10282,income,021
2,1,10283,income,021
2,1,10287,income,021
2,1,10289,income,021
2,1,10292,income,021
2,1,10295,income,021
2,1,10296,income,021
2,1,10298,income,021
2,1,10301,income,021
2,1,10303,income,021
2,1,10305,income,021
2,1,10307,income,021
2,1,10310,income,021
2,1,10312,income,021
2,1,10314,income,021
2,1,10316,income,021
2,1,10317,income,021
2,1,10321,income,021
2,1,10324,income,021
2,1,10329,income,021
2,1,10331,income,021
2,1,10335,income,021
2,1,10338,income,021
2,1,10340,income,021
2,1,10343,income,021
2,1,10348,income,021
2,1,10355,income,021
2,1,10357,income,021
2,1,10361,income,021
2,1,10363,income,021
2,1,10364,income,021
2,1,10366,income,021
2,1,10368,income,021
2,1,10371,income,021
2,1,10374,income,021
2,1,10376,income,021
2,1,10379,income,021
2,1,10380,income,021
2,1,10382,income,021
2,1,10384,income,021
2,1,10387,income,021
2,1,10388,income,021
2,1,10390,income,021
2,1,10392,income,021
2,1,10395,income,021
2,1,10396,income,021
2,1,10398,income,021
2,1,10400,income,021
2,1,10403,income,021
2,1,10406,income,021
2,1,10408,income,021
2,1,10411,income,021
2,1,10414,income,021
2,1,10415,income,021
2,1,10418,income,021
2,1,10420,income,021
2,1,10424,income,021
2,1,10425,income,021
2,1,10427,income,021
2,1,10429,income,021
2,1,10434,income,021
2,1,10436,income,021
2,1,10438,income,021
2,1,10439,income,021
2,1,10441,income,021
2,1,10445,income,021
2,1,10447,income,021
2,1,10449,income,021
2,1,10452,income,021
2,1,10453,income,021
2,1,10458,income,021
2,1,10460,income,021
2,1,10462,income,021
2,1,10465,income,021
2,1,10469,income,021
2,1,10471,income,021
2,1,10473,income,021
2,1,10476,income,021
2,1,10480,income,021
2,1,10482,income,021
2,1,10483,income,021
2,1,10485,income,021
2,1,10487,income,021
2,1,10489,income,021
2,1,10491,income,021
2,1,10494,income,021
2,1,10499,income,021
2,1,10501,income,021
2,1,10503,income,021
2,1,10506,income,021
2,1,10508,income,021
2,1,10510,income,021
2,1,10512,income,021
2,1,10514,income,021
2,1,10515,income,021
2,1,10519,income,021
2,1,10521,income,021
2,1,10523,income,021
2,1,10524,income,021
2,1,10526,income,021
2,1,10529,income,021
2,1,10532,income,021
2,1,10535,income,021
2,1,10536,income,021
2,1,10540,income,021
2,1,10542,income,021
2,1,10545,income,021
2,1,10547,income,021
2,1,10548,income,021
2,1,10554,income,021
2,1,10555,income,021
2,1,10557,income,021
2,1,10561,income,021
2,1,10563,income,021
2,1,10564,income,021
2,1,10566,income,021
2,1,10571,income,021
2,1,10572,income,021
2,1,10575,income,021
2,1,10576,income,021
2,1,10579,income,021
2,1,10581,income,021
2,1,10583,income,021
2,1,10588,income,021
2,1,10590,income,021
2,1,10593,income,021
2,1,10595,income,021
2,1,10597,income,021
2,1,10601,income,021
2,1,10604,income,021
2,1,10606,income,021
2,1,10608,income,021
2,1,10610,income,021
2,1,10612,income,021
2,1,10613,income,021
2,1,10616,income,021
2,1,10619,income,021
2,1,10621,income,021
2,1,10623,income,021
2,1,10625,income,021
2,1,10627,income,021
2,1,10630,income,021
2,1,10634,income,021
2,1,10638,income,021
2,1,10641,income,021
2,1,10643,income,021
2,1,10646,income,021
2,1,10647,income,021
2,1,10649,income,021
2,1,10651,income,021
2,1,10653,income,021
2,1,10655,income,021
2,1,10659,income,021
2,1,10663,income,021
2,1,10665,income,021
2,1,10666,income,021
2,1,10668,income,021
2,1,10670,income,021
2,1,10673,income,021
2,1,10676,income,021
2,1,10679,income,021
2,1,10682,income,021
2,1,10684,income,021
2,1,10686,income,021
2,1,10689,income,021
2,1,10691,income,021
2,1,10693,income,021
2,1,10696,income,021
2,1,10700,income,021
2,1,10701,income,021
2,1,10704,income,021
2,1,10711,income,021
2,1,10715,income,021
2,1,10717,income,021
2,1,10720,income,021
2,1,10722,income,021
2,1,10727,income,021
2,1,10729,income,021
2,1,10733,income,021
2,1,10735,income,021
2,1,10736,income,021
2,1,10738,income,021
2,1,10742,income,021
2,1,10744,income,021
2,1,10747,income,021
2,1,10749,income,021
2,1,10751,income,021
2,1,10755,income,021
2,1,10760,income,021
2,1,10762,income,021
2,1,10764,income,021
2,1,10766,income,021
2,1,10769,income,021
2,1,10771,income,021
2,1,10772,income,021
2,1,10776,income,021
2,1,10781,income,021
2,1,10784,income,021
2,1,10786,income,021
2,1,10788,income,021
2,1,10791,income,021
2,1,10793,income,021
2,1,10795,income,021
2,1,10797,income,021
2,1,10800,income,021
2,1,10802,income,021
2,1,10804,income,021
2,1,10806,income,021
2,1,10810,income,021
2,1,10814,income,021
2,1,10815,income,021
2,1,10817,income,021
2,1,10820,income,021
2,1,10823,income,021
2,1,10825,income,021
2,1,10826,income,021
2,1,10829,income,021
2,1,10831,income,021
2,1,10834,income,021
2,1,10835,income,021
2,1,10837,income,021
2,1,10841,income,021
2,1,10844,income,021
2,1,10846,income,021
2,1,10849,income,021
2,1,10851,income,021
2,1,10853,income,021
2,1,10856,income,021
2,1,10859,income,021
2,1,10863,income,021
2,1,10865,income,021
2,1,10868,income,021
2,1,10870,income,021
2,1,10872,income,021
2,1,10876,income,021
2,1,10877,income,021
2,1,10880,income,021
2,1,10884,income,021
2,1,10887,income,021
2,1,10890,income,021
2,1,10891,income,021
2,1,10893,income,021
2,1,10895,income,021
2,1,10899,income,021
2,1,10901,income,021
2,1,10902,income,021
2,1,10905,income,021
2,1,10907,income,021
2,1,10909,income,021
2,1,10911,income,021
2,1,10913,income,021
2,1,10919,income,021
2,1,10921,income,021
2,1,10925,income,021
2,1,10930,income,021
2,1,10934,income,021
2,1,10937,income,021
2,1,10938,income,021
2,1,10940,income,021
2,1,10942,income,021
2,1,10946,income,021
2,1,10952,income,021
2,1,10954,income,021
2,1,10957,income,021
2,1,10958,income,021
2,1,10961,income,021
2,1,10964,income,021
2,1,10967,income,021
2,1,10969,income,021
2,1,10971,income,021
2,1,10974,income,021
2,1,10976,income,021
2,1,10977,income,021
2,1,10981,income,021
2,1,10982,income,021
2,1,10987,income,021
2,1,10989,income,021
2,1,10991,income,021
2,1,10993,income,021
2,1,10996,income,021
2,1,10998,income,021
2,1,10999,income,021
2,1,11002,income,021
2,1,11005,income,021
2,1,11007,income,021
2,1,11009,income,021
2,1,11011,income,021
2,1,11013,income,021
2,1,11015,income,021
2,1,11017,income,021
2,1,11020,income,021
2,1,11022,income,021
2,1,11023,income,021
2,1,11025,income,021
2,1,11028,income,021
2,1,11031,income,021
2,1,11033,income,021
2,1,11034,income,021
2,1,11036,income,021
2,1,11040,income,021
2,1,11043,income,021
2,1,11045,income,021
2,1,11047,income,021
2,1,11049,income,021
2,1,11053,income,021
2,1,11057,income,021
2,1,11058,income,021
2,1,11064,income,021
2,1,11065,income,021
2,1,11067,income,021
2,1,11070,income,021
2,1,11073,income,021
2,1,11075,income,021
2,1,11076,income,021
2,1,11079,income,021
2,1,11082,income,021
2,1,11086,income,021
2,1,11089,income,021
2,1,11092,income,021
2,1,11096,income,021
2,1,11098,income,021
2,1,11100,income,021
2,1,11102,income,021
2,1,11105,income,021
2,1,11106,income,021
2,1,11108,income,021
2,1,11110,income,021
2,1,11112,income,021
2,1,11115,income,021
2,1,11119,income,021
2,1,11121,income,021
2,1,11123,income,021
2,1,11125,income,021
2,1,11129,income,021
2,1,11131,income,021
2,1,11135,income,021
2,1,11138,income,021
2,1,11141,income,021
2,1,11149,income,021
2,1,11150,income,021
2,1,11152,income,021
2,1,11154,income,021
2,1,11157,income,021
2,1,11160,income,021
2,1,11166,income,021
2,1,11169,income,021
2,1,11171,income,021
2,1,11172,income,021
2,1,11175,income,021
2,1,11181,income,021
2,1,11183,income,021
2,1,11184,income,021
2,1,11186,income,021
2,1,11189,income,021
2,1,11190,income,021
2,1,11192,income,021
2,1,11195,income,021
2,1,11199,income,021
2,1,11201,income,021
2,1,11205,income,021
2,1,11208,income,021
2,1,11209,income,021
2,1,11211,income,021
2,1,11213,income,021
2,1,11217,income,021
2,1,11220,income,021
2,1,11222,income,021
2,1,11224,income,021
2,1,11226,income,021
2,1,11228,income,021
2,1,11229,income,021
2,1,11234,income,021
2,1,11235,income,021
2,1,11237,income,021
2,1,11240,income,021
2,1,11244,income,021
2,1,11247,income,021
2,1,11248,income,021
2,1,11250,income,021
2,1,11253,income,021
2,1,11256,income,021
2,1,11257,income,021
2,1,11259,income,021
2,1,11261,income,021
2,1,11263,income,021
2,1,11267,income,021
2,1,11268,income,021
2,1,11272,income,021
2,1,11275,income,021
2,1,11277,income,021
2,1,11279,income,021
2,1,11281,income,021
2,1,11283,income,021
2,1,11285,income,021
2,1,11289,income,021
2,1,11290,income,021
2,1,11295,income,021
2,1,11298,income,021
2,1,11301,income,021
2,1,11303,income,021
2,1,11306,income,021
2,1,11308,income,021
2,1,11311,income,021
2,1,11312,income,021
2,1,11314,income,021
2,1,11316,income,021
2,1,11318,income,021
2,1,11320,income,021
2,1,11323,income,021
2,1,11324,income,021
2,1,11326,income,021
2,1,11332,income,021
2,1,11333,income,021
2,1,11335,income,021
2,1,11340,income,021
2,1,11341,income,021
2,1,11345,income,021
2,1,11349,income,021
2,1,11353,income,021
2,1,11357,income,021
2,1,11359,income,021
2,1,11362,income,021
2,1,11366,income,021
2,1,11368,income,021
2,1,11369,income,021
2,1,11371,income,021
2,1,11374,income,021
2,1,11379,income,021
2,1,11383,income,021
2,1,11386,income,021
2,1,11389,income,021
2,1,11391,income,021
2,1,11394,income,021
2,1,11397,income,021
2,1,11398,income,021
2,1,11400,income,021
2,1,11402,income,021
2,1,11404,income,021
2,1,11407,income,021
2,1,11410,income,021
2,1,11412,income,021
2,1,11416,income,021
2,1,11418,income,021
2,1,11424,income,021
2,1,11426,income,021
2,1,11429,income,021
2,1,11433,income,021
2,1,11437,income,021
2,1,11439,income,021
2,1,11441,income,021
2,1,11442,income,021
2,1,11445,income,021
2,1,11448,income,021
2,1,11452,income,021
2,1,11454,income,021
2,1,11456,income,021
2,1,11459,income,021
2,1,11461,income,021
2,1,11462,income,021
2,1,11465,income,021
2,1,11467,income,021
2,1,11469,income,021
2,1,11472,income,021
2,1,11475,income,021
2,1,11477,income,021
2,1,11478,income,021
2,1,11480,income,021
2,1,11483,income,021
2,1,11485,income,021
2,1,11488,income,021
2,1,11492,income,021
2,1,11494,income,021
2,1,11496,income,021
2,1,11498,income,021
2,1,11501,income,021
2,1,11503,income,021
2,1,11505,income,021
2,1,11507,income,021
2,1,11510,income,021
2,1,11512,income,021
2,1,11515,income,021
2,1,11517,income,021
2,1,11519,income,021
2,1,11520,income,021
2,1,11523,income,021
2,1,11525,income,021
2,1,11527,income,021
2,1,11532,income,021
2,1,11534,income,021
2,1,11536,income,021
2,1,11538,income,021
2,1,11540,income,021
2,1,11542,income,021
2,1,11543,income,021
2,1,11545,income,021
2,1,11549,income,021
2,1,11551,income,021
2,1,11554,income,021
2,1,11557,income,021
2,1,11559,income,021
2,1,11564,income,021
2,1,11566,income,021
2,1,11568,income,021
2,1,11571,income,021
2,1,11575,income,021
2,1,11577,income,021
2,1,11580,income,021
2,1,11583,income,021
2,1,11589,income,021
2,1,11590,income,021
2,1,11592,income,021
2,1,11594,income,021
2,1,11596,income,021
2,1,11599,income,021
2,1,11601,income,021
2,1,11602,income,021
2,1,11605,income,021
2,1,11607,income,021
2,1,11610,income,021
2,1,11611,income,021
2,1,11613,income,021
2,1,11616,income,021
2,1,11619,income,021
2,1,11623,income,021
2,1,11631,income,021
2,1,11633,income,021
2,1,11637,income,021
2,1,11643,income,021
2,1,11645,income,021
2,1,11648,income,021
2,1,11651,income,021
2,1,11653,income,021
2,1,11655,income,021
2,1,11657,income,021
2,1,11658,income,021
2,1,11661,income,021
2,1,11664,income,021
2,1,11667,income,021
2,1,11669,income,021
2,1,11672,income,021
2,1,11674,income,021
2,1,11676,income,021
2,1,11677,income,021
2,1,11679,income,021
2,1,11682,income,021
2,1,11686,income,021
2,1,11689,income,021
2,1,11690,income,021
2,1,11692,income,021
2,1,11694,income,021
2,1,11696,income,021
2,1,11700,income,021
2,1,11703,income,021
2,1,11705,income,021
2,1,11708,income,021
2,1,11712,income,021
2,1,11714,income,021
2,1,11715,income,021
2,1,11719,income,021
2,1,11721,income,021
2,1,11725,income,021
2,1,11728,income,021
2,1,11730,income,021
2,1,11732,income,021
2,1,11734,income,021
2,1,11736,income,021
2,1,11739,income,021
2,1,11740,income,021
2,1,11744,income,021
2,1,11747,income,021
2,1,11750,income,021
2,1,11753,income,021
2,1,11755,income,021
2,1,11757,income,021
2,1,11759,income,021
2,1,11762,income,021
2,1,11763,income,021
2,1,11765,income,021
2,1,11768,income,021
2,1,11770,income,021
2,1,11773,income,021
2,1,11774,income,021
2,1,11776,income,021
2,1,11779,income,021
2,1,11781,income,021
2,1,11782,income,021
2,1,11784,income,021
2,1,11786,income,021
2,1,11790,income,021
2,1,11792,income,021
2,1,11794,income,021
2,1,11796,income,021
2,1,11800,income,021
2,1,11803,income,021
2,1,11805,income,021
2,1,11806,income,021
2,1,11810,income,021
2,1,11813,income,021
2,1,11815,income,021
2,1,11819,income,021
2,1,11821,income,021
2,1,11823,income,021
2,1,11826,income,021
2,1,11827,income,021
2,1,11829,income,021
2,1,11832,income,021
2,1,11837,income,021
2,1,11841,income,021
2,1,11843,income,021
2,1,11844,income,021
2,1,11846,income,021
2,1,11850,income,021
2,1,11851,income,021
2,1,11853,income,021
2,1,11856,income,021
2,1,11859,income,021
2,1,11861,income,021
2,1,11862,income,021
2,1,11864,income,021
2,1,11866,income,021
2,1,11869,income,021
2,1,11871,income,021
2,1,11874,income,021
2,1,11877,income,021
2,1,11878,income,021
2,1,11881,income,021
2,1,11885,income,021
2,1,11886,income,021
2,1,11888,income,021
2,1,11890,income,021
2,1,11894,income,021
2,1,11896,income,021
2,1,11900,income,021
2,1,11904,income,021
2,1,11906,income,021
2,1,11909,income,021
2,1,11912,income,021
2,1,11914,income,021
2,1,11915,income,021
2,1,11917,income,021
2,1,11919,income,021
2,1,11922,income,021
2,1,11924,income,021
2,1,11927,income,021
2,1,11929,income,021
2,1,11930,income,021
2,1,11933,income,021
2,1,11935,income,021
2,1,11939,income,021
2,1,11941,income,021
2,1,11943,income,021
2,1,11946,income,021
2,1,11949,income,021
2,1,11952,income,021
2,1,11954,income,021
2,1,11958,income,021
2,1,11959,income,021
2,1,11961,income,021
2,1,11965,income,021
2,1,11966,income,021
2,1,11969,income,021
2,1,11971,income,021
2,1,11973,income,021
2,1,11975,income,021
2,1,11977,income,021
2,1,11980,income,021
2,1,11983,income,021
2,1,11985,income,021
2,1,11987,income,021
2,1,11990,income,021
2,1,11992,income,021
2,1,11993,income,021
2,1,11995,income,021
2,1,11997,income,021
2,1,12001,income,021
2,1,12003,income,021
2,1,12005,income,021
2,1,12006,income,021
2,1,12010,income,021
2,1,12012,income,021
2,1,12014,income,021
2,1,12017,income,021
2,1,12020,income,021
2,1,12021,income,021
2,1,12024,income,021
2,1,12028,income,021
2,1,12031,income,021
2,1,12035,income,021
2,1,12036,income,021
2,1,12040,income,021
2,1,12042,income,021
2,1,12045,income,021
2,1,12049,income,021
2,1,12051,income,021
2,1,12053,income,021
2,1,12056,income,021
2,1,12060,income,021
2,1,12062,income,021
2,1,12064,income,021
2,1,12066,income,021
2,1,12069,income,021
2,1,12071,income,021
2,1,12073,income,021
2,1,12075,income,021
2,1,12077,income,021
2,1,12079,income,021
2,1,12082,income,021
2,1,12084,income,021
2,1,12087,income,021
2,1,12089,income,021
2,1,12091,income,021
2,1,12094,income,021
2,1,12096,income,021
2,1,12097,income,021
2,1,12103,income,021
2,1,12106,income,021
2,1,12108,income,021
2,1,12111,income,021
2,1,12112,income,021
2,1,12115,income,021
2,1,12116,income,021
2,1,12119,income,021
2,1,12122,income,021
2,1,12125,income,021
2,1,12127,income,021
2,1,12130,income,021
2,1,12133,income,021
2,1,12135,income,021
2,1,12138,income,021
2,1,12140,income,021
2,1,12143,income,021
2,1,12144,income,021
2,1,12148,income,021
2,1,12150,income,021
2,1,12151,income,021
2,1,12155,income,021
2,1,12157,income,021
2,1,12159,income,021
2,1,12160,income,021
2,1,12163,income,021
2,1,12164,income,021
2,1,12168,income,021
2,1,12171,income,021
2,1,12174,income,021
2,1,12177,income,021
2,1,12180,income,021
2,1,12183,income,021
2,1,12187,income,021
2,1,12188,income,021
2,1,12191,income,021
2,1,12195,income,021
2,1,12197,income,021
2,1,12199,income,021
2,1,12201,income,021
2,1,12203,income,021
2,1,12205,income,021
2,1,12207,income,021
2,1,12208,income,021
2,1,12210,income,021
2,1,12212,income,021
2,1,12214,income,021
2,1,12219,income,021
2,1,12221,income,021
2,1,12224,income,021
2,1,12226,income,021
2,1,12229,income,021
2,1,12231,income,021
2,1,12232,income,021
2,1,12236,income,021
2,1,12238,income,021
2,1,12241,income,021
2,1,12243,income,021
2,1,12246,income,021
2,1,12249,income,021
2,1,12250,income,021
2,1,12254,income,021
2,1,12259,income,021
2,1,12261,income,021
2,1,12263,income,021
2,1,12265,income,021
2,1,12269,income,021
2,1,12270,income,021
2,1,12273,income,021
2,1,12275,income,021
2,1,12277,income,021
2,1,12281,income,021
2,1,12282,income,021
2,1,12287,income,021
2,1,12293,income,021
2,1,12295,income,021
2,1,12296,income,021
2,1,12300,income,021
2,1,12301,income,021
2,1,12304,income,021
2,1,12306,income,021
2,1,12308,income,021
2,1,12310,income,021
2,1,12313,income,021
2,1,12315,income,021
2,1,12317,income,021
2,1,12318,income,021
2,1,12320,income,021
2,1,12324,income,021
2,1,12327,income,021
2,1,12329,income,021
2,1,12332,income,021
2,1,12334,income,021
2,1,12336,income,021
2,1,12337,income,021
2,1,12340,income,021
2,1,12345,income,021
2,1,12347,income,021
2,1,12350,income,021
2,1,12354,income,021
2,1,12355,income,021
2,1,12358,income,021
2,1,12360,income,021
2,1,12363,income,021
2,1,12364,income,021
2,1,12367,income,021
2,1,12370,income,021
2,1,12373,income,021
2,1,12376,income,021
2,1,12379,income,021
2,1,12381,income,021
2,1,12384,income,021
2,1,12386,income,021
2,1,12388,income,021
2,1,12391,income,021
2,1,12394,income,021
2,1,12397,income,021
2,1,12400,income,021
2,1,12402,income,021
2,1,12404,income,021
2,1,12406,income,021
2,1,12408,income,021
2,1,12410,income,021
2,1,12413,income,021
2,1,12414,income,021
2,1,12417,income,021
2,1,12420,income,021
2,1,12422,income,021
2,1,12424,income,021
2,1,12429,income,021
2,1,12431,income,021
2,1,12432,income,021
2,1,12435,income,021
2,1,12437,income,021
2,1,12439,income,021
2,1,12441,income,021
2,1,12442,income,021
2,1,12446,income,021
2,1,12449,income,021
2,1,12452,income,021
2,1,12454,income,021
2,1,12458,income,021
2,1,12460,income,021
2,1,12462,income,021
2,1,12464,income,021
2,1,12466,income,021
2,1,12468,income,021
2,1,12470,income,021
2,1,12473,income,021
2,1,12475,income,021
2,1,12479,income,021
2,1,12481,income,021
2,1,12484,income,021
2,1,12486,income,021
2,1,12489,income,021
2,1,12492,income,021
2,1,12494,income,021
2,1,12496,income,021
2,1,12498,income,021
2,1,12500,income,021
2,1,12503,income,021
2,1,12504,income,021
2,1,12506,income,021
2,1,12509,income,021
2,1,12512,income,021
2,1,12514,income,021
2,1,12515,income,021
2,1,12517,income,021
2,1,12520,income,021
2,1,12523,income,021
2,1,12527,income,021
2,1,12529,income,021
2,1,12534,income,021
2,1,12536,income,021
2,1,12539,income,021
2,1,12541,income,021
2,1,12544,income,021
2,1,12546,income,021
2,1,12548,income,021
2,1,12550,income,021
2,1,12553,income,021
2,1,12556,income,021
2,1,12559,income,021
2,1,12561,income,021
2,1,12562,income,021
2,1,12566,income,021
2,1,12568,income,021
2,1,12571,income,021
2,1,12573,income,021
2,1,12575,income,021
2,1,12576,income,021
2,1,12578,income,021
2,1,12581,income,021
2,1,12584,income,021
2,1,12585,income,021
2,1,12587,income,021
2,1,12590,income,021
2,1,12592,income,021
2,1,12594,income,021
2,1,12598,income,021
2,1,12600,income,021
2,1,12602,income,021
2,1,12604,income,021
2,1,12606,income,021
2,1,12608,income,021
2,1,12610,income,021
2,1,12615,income,021
2,1,12616,income,021
2,1,12619,income,021
2,1,12623,income,021
2,1,12624,income,021
2,1,12628,income,021
2,1,12632,income,021
2,1,12635,income,021
2,1,12642,income,021
2,1,12645,income,021
2,1,12647,income,021
2,1,12649,income,021
2,1,12652,income,021
2,1,12655,income,021
2,1,12657,income,021
2,1,12659,income,021
2,1,12661,income,021
2,1,12664,income,021
2,1,12666,income,021
2,1,12668,income,021
2,1,12669,income,021
2,1,12673,income,021
2,1,12675,income,021
2,1,12678,income,021
2,1,12680,income,021
2,1,12682,income,021
2,1,12685,income,021
2,1,12689,income,021
2,1,12692,income,021
2,1,12695,income,021
2,1,12696,income,021
2,1,12700,income,021
2,1,12703,income,021
2,1,12706,income,021
2,1,12708,income,021
2,1,12711,income,021
2,1,12714,income,021
2,1,12717,income,021
2,1,12720,income,021
2,1,12722,income,021
2,1,12724,income,021
2,1,12726,income,021
2,1,12728,income,021
2,1,12733,income,021
2,1,12734,income,021
2,1,12736,income,021
2,1,12739,income,021
2,1,12742,income,021
2,1,12743,income,021
2,1,12745,income,021
2,1,12747,income,021
2,1,12749,income,021
2,1,12753,income,021
2,1,12757,income,021
2,1,12758,income,021
2,1,12760,income,021
2,1,12762,income,021
2,1,12765,income,021
2,1,12767,income,021
2,1,12770,income,021
2,1,12771,income,021
2,1,12773,income,021
2,1,12778,income,021
2,1,12780,income,021
2,1,12783,income,021
2,1,12786,income,021
2,1,12789,income,021
2,1,12790,income,021
2,1,12792,income,021
2,1,12796,income,021
2,1,12798,income,021
2,1,12800,income,021
2,1,12802,income,021
2,1,12803,income,021
2,1,12805,income,021
2,1,12808,income,021
2,1,12811,income,021
2,1,12814,income,021
2,1,12817,income,021
2,1,12818,income,021
2,1,12822,income,021
2,1,12825,income,021
2,1,12827,income,021
2,1,12829,income,021
2,1,12833,income,021
2,1,12835,income,021
2,1,12838,income,021
2,1,12841,income,021
2,1,12843,income,021
2,1,12845,income,021
2,1,12847,income,021
2,1,12850,income,021
2,1,12853,income,021
2,1,12855,income,021
2,1,12857,income,021
2,1,12859,income,021
2,1,12861,income,021
2,1,12862,income,021
2,1,12865,income,021
2,1,12867,income,021
2,1,12871,income,021
2,1,12873,income,021
2,1,12876,income,021
2,1,12881,income,021
2,1,12882,income,021
2,1,12885,income,021
2,1,12889,income,021
2,1,12892,income,021
2,1,12894,income,021
2,1,12895,income,021
2,1,12898,income,021
2,1,12902,income,021
2,1,12904,income,021
2,1,12906,income,021
2,1,12908,income,021
2,1,12910,income,021
2,1,12912,income,021
2,1,12914,income,021
2,1,12917,income,021
2,1,12919,income,021
2,1,12921,income,021
2,1,12923,income,021
2,1,12926,income,021
2,1,12929,income,021
2,1,12933,income,021
2,1,12934,income,021
2,1,12936,income,021
2,1,12939,income,021
2,1,12940,income,021
2,1,12943,income,021
2,1,12945,income,021
2,1,12949,income,021
2,1,12950,income,021
2,1,12953,income,021
2,1,12955,income,021
2,1,12956,income,021
2,1,12959,income,021
2,1,12962,income,021
2,1,12964,income,021
2,1,12967,income,021
2,1,12970,income,021
2,1,12973,income,021
2,1,12975,income,021
2,1,12978,income,021
2,1,12981,income,021
2,1,12985,income,021
2,1,12987,income,021
2,1,12988,income,021
2,1,12992,income,021
2,1,12994,income,021
2,1,12997,income,021
2,1,12999,income,021
2,1,13001,income,021
2,1,13003,income,021
2,1,13004,income,021
2,1,13006,income,021
2,1,13010,income,021
2,1,13013,income,021
2,1,13015,income,021
2,1,13017,income,021
2,1,13019,income,021
2,1,13021,income,021
2,1,13023,income,021
2,1,13024,income,021
2,1,13026,income,021
2,1,13028,income,021
2,1,13032,income,021
2,1,13034,income,021
2,1,13037,income,021
2,1,13040,income,021
2,1,13042,income,021
2,1,13045,income,021
2,1,13047,income,021
2,1,13049,income,021
2,1,13051,income,021
2,1,13054,income,021
2,1,13057,income,021
2,1,13058,income,021
2,1,13060,income,021
2,1,13062,income,021
2,1,13065,income,021
2,1,13068,income,021
2,1,13070,income,021
2,1,13073,income,021
2,1,13077,income,021
2,1,13081,income,021
2,1,13083,income,021
2,1,13085,income,021
2,1,13087,income,021
2,1,13089,income,021
2,1,13093,income,021
2,1,13095,income,021
2,1,13097,income,021
2,1,13099,income,021
2,1,13101,income,021
2,1,13103,income,021
2,1,13104,income,021
2,1,13106,income,021
2,1,13108,income,021
2,1,13111,income,021
2,1,13114,income,021
2,1,13116,income,021
2,1,13119,income,021
2,1,13120,income,021
2,1,13124,income,021
2,1,13126,income,021
2,1,13127,income,021
2,1,13130,income,021
2,1,13132,income,021
2,1,13134,income,021
2,1,13136,income,021
2,1,13138,income,021
2,1,13140,income,021
2,1,13143,income,021
2,1,13146,income,021
2,1,13148,income,021
2,1,13152,income,021
2,1,13156,income,021
2,1,13159,income,021
2,1,13160,income,021
2,1,13162,income,021
2,1,13167,income,021
2,1,13168,income,021
2,1,13171,income,021
2,1,13174,income,021
2,1,13177,income,021
2,1,13179,income,021
2,1,13181,income,021
2,1,13184,income,021
2,1,13185,income,021
2,1,13187,income,021
2,1,13191,income,021
2,1,13193,income,021
2,1,13195,income,021
2,1,13197,income,021
2,1,13200,income,021
2,1,13202,income,021
2,1,13204,income,021
2,1,13206,income,021
2,1,13208,income,021
2,1,13210,income,021
2,1,13212,income,021
2,1,13217,income,021
2,1,13219,income,021
2,1,13223,income,021
2,1,13225,income,021
2,1,13227,income,021
2,1,13229,income,021
2,1,13231,income,021
2,1,13233,income,021
2,1,13235,income,021
2,1,13238,income,021
2,1,13241,income,021
2,1,13246,income,021
2,1,13249,income,021
2,1,13251,income,021
2,1,13252,income,021
2,1,13255,income,021
2,1,13257,income,021
2,1,13259,income,021
2,1,13261,income,021
2,1,13265,income,021
2,1,13267,income,021
2,1,13269,income,021
2,1,13270,income,021
2,1,13272,income,021
2,1,13276,income,021
2,1,13277,income,021
2,1,13279,income,021
2,1,13281,income,021
2,1,13284,income,021
2,1,13286,income,021
2,1,13289,income,021
2,1,13291,income,021
2,1,13293,income,021
2,1,13296,income,021
2,1,13299,income,021
2,1,13302,income,021
2,1,13304,income,021
2,1,13306,income,021
2,1,13308,income,021
2,1,13311,income,021
2,1,13315,income,021
2,1,13317,income,021
2,1,13320,income,021
2,1,13323,income,021
2,1,13325,income,021
2,1,13329,income,021
2,1,13331,income,021
2,1,13333,income,021
2,1,13334,income,021
2,1,13336,income,021
2,1,13338,income,021
2,1,13343,income,021
2,1,13345,income,021
2,1,13347,income,021
2,1,13349,income,021
2,1,13351,income,021
2,1,13353,income,021
2,1,13356,income,021
2,1,13359,income,021
2,1,13361,income,021
2,1,13364,income,021
2,1,13366,income,021
2,1,13369,income,021
2,1,13371,income,021
2,1,13373,income,021
2,1,13376,income,021
2,1,13378,income,021
2,1,13380,income,021
2,1,13382,income,021
2,1,13383,income,021
2,1,13385,income,021
2,1,13387,income,021
2,1,13391,income,021
2,1,13393,income,021
2,1,13395,income,021
2,1,13397,income,021
2,1,13400,income,021
2,1,13402,income,021
2,1,13405,income,021
2,1,13408,income,021
2,1,13410,income,021
2,1,13413,income,021
2,1,13416,income,021
2,1,13419,income,021
2,1,13421,income,021
2,1,13423,income,021
2,1,13425,income,021
2,1,13427,income,021
2,1,13430,income,021
2,1,13433,income,021
2,1,13434,income,021
2,1,13436,income,021
2,1,13438,income,021
2,1,13440,income,021
2,1,13443,income,021
2,1,13445,income,021
2,1,13448,income,021
2,1,13450,income,021
2,1,13451,income,021
2,1,13454,income,021
2,1,13457,income,021
2,1,13459,income,021
2,1,13460,income,021
2,1,13462,income,021
2,1,13465,income,021
2,1,13470,income,021
2,1,13475,income,021
2,1,13476,income,021
2,1,13478,income,021
2,1,13480,income,021
2,1,13482,income,021
2,1,13486,income,021
2,1,13488,income,021
2,1,13493,income,021
2,1,13495,income,021
2,1,13497,income,021
2,1,13498,income,021
2,1,13500,income,021
2,1,13507,income,021
2,1,13511,income,021
2,1,13512,income,021
2,1,13514,income,021
2,1,13518,income,021
2,1,13521,income,021
2,1,13523,income,021
2,1,13525,income,021
2,1,13528,income,021
2,1,13529,income,021
2,1,13533,income,021
2,1,13536,income,021
2,1,13538,income,021
2,1,13539,income,021
2,1,13543,income,021
2,1,13545,income,021
2,1,13549,income,021
2,1,13554,income,021
2,1,13556,income,021
2,1,13558,income,021
2,1,13559,income,021
2,1,13562,income,021
2,1,13566,income,021
2,1,13567,income,021
2,1,13570,income,021
2,1,13572,income,021
2,1,13574,income,021
2,1,13576,income,021
2,1,13578,income,021
2,1,13582,income,021
2,1,13584,income,021
2,1,13586,income,021
2,1,13589,income,021
2,1,13591,income,021
2,1,13593,income,021
2,1,13594,income,021
2,1,13596,income,021
2,1,13598,income,021
2,1,13602,income,021
2,1,13605,income,021
2,1,13607,income,021
2,1,13609,income,021
2,1,13613,income,021
2,1,13614,income,021
2,1,13616,income,021
2,1,13619,income,021
2,1,13622,income,021
2,1,13624,income,021
2,1,13627,income,021
2,1,13629,income,021
2,1,13630,income,021
2,1,13633,income,021
2,1,13635,income,021
2,1,13637,income,021
2,1,13639,income,021
2,1,13642,income,021
2,1,13643,income,021
2,1,13645,income,021
2,1,13647,income,021
2,1,13650,income,021
2,1,13652,income,021
2,1,13654,income,021
2,1,13656,income,021
2,1,13658,income,021
2,1,13660,income,021
2,1,13662,income,021
2,1,13663,income,021
2,1,13665,income,021
2,1,13668,income,021
2,1,13670,income,021
2,1,13673,income,021
2,1,13675,income,021
2,1,13676,income,021
2,1,13680,income,021
2,1,13682,income,021
2,1,13685,income,021
2,1,13687,income,021
2,1,13692,income,021
2,1,13696,income,021
2,1,13701,income,021
2,1,13703,income,021
2,1,13704,income,021
2,1,13707,income,021
2,1,13710,income,021
2,1,13712,income,021
2,1,13714,income,021
2,1,13716,income,021
2,1,13721,income,021
2,1,13724,income,021
2,1,13726,income,021
2,1,13730,income,021
2,1,13733,income,021
2,1,13735,income,021
2,1,13740,income,021
2,1,13743,income,021
2,1,13746,income,021
2,1,13747,income,021
2,1,13750,income,021
2,1,13755,income,021
2,1,13757,income,021
2,1,13759,income,021
2,1,13762,income,021
2,1,13763,income,021
2,1,13766,income,021
2,1,13769,income,021
2,1,13770,income,021
2,1,13772,income,021
2,1,13776,income,021
2,1,13778,income,021
2,1,13781,income,021
2,1,13783,income,021
2,1,13785,income,021
2,1,13789,income,021
2,1,13791,income,021
2,1,13793,income,021
2,1,13794,income,021
2,1,13801,income,021
2,1,13803,income,021
2,1,13804,income,021
2,1,13808,income,021
2,1,13809,income,021
2,1,13812,income,021
2,1,13814,income,021
2,1,13816,income,021
2,1,13819,income,021
2,1,13821,income,021
2,1,13823,income,021
2,1,13826,income,021
2,1,13829,income,021
2,1,13830,income,021
2,1,13833,income,021
2,1,13835,income,021
2,1,13838,income,021
2,1,13841,income,021
2,1,13844,income,021
2,1,13848,income,021
2,1,13850,income,021
2,1,13852,income,021
2,1,13854,income,021
2,1,13857,income,021
2,1,13860,income,021
2,1,13862,income,021
2,1,13864,income,021
2,1,13867,income,021
2,1,13868,income,021
2,1,13871,income,021
2,1,13873,income,021
2,1,13875,income,021
2,1,13878,income,021
2,1,13881,income,021
2,1,13885,income,021
2,1,13886,income,021
2,1,13888,income,021
2,1,13890,income,021
2,1,13893,income,021
2,1,13895,income,021
2,1,13897,income,021
2,1,13899,income,021
2,1,13901,income,021
2,1,13903,income,021
2,1,13908,income,021
2,1,13910,income,021
2,1,13912,income,021
2,1,13914,income,021
2,1,13916,income,021
2,1,13918,income,021
2,1,13920,income,021
2,1,13922,income,021
2,1,13924,income,021
2,1,13928,income,021
2,1,13930,income,021
2,1,13932,income,021
2,1,13934,income,021
2,1,13936,income,021
2,1,13940,income,021
2,1,13944,income,021
2,1,13946,income,021
2,1,13947,income,021
2,1,13950,income,021
2,1,13955,income,021
2,1,13956,income,021
2,1,13960,income,021
2,1,13962,income,021
2,1,13965,income,021
2,1,13969,income,021
2,1,13971,income,021
2,1,13974,income,021
2,1,13976,income,021
2,1,13979,income,021
2,1,13980,income,021
2,1,13983,income,021
2,1,13985,income,021
2,1,13988,income,021
2,1,13990,income,021
2,1,13991,income,021
2,1,13994,income,021
2,1,13997,income,021
2,1,14000,income,021
2,1,14002,income,021
2,1,14003,income,021
2,1,14006,income,021
2,1,14007,income,021
2,1,14010,income,021
2,1,14013,income,021
2,1,14015,income,021
2,1,14019,income,021
2,1,14022,income,021
2,1,14024,income,021
2,1,14030,income,021
2,1,14032,income,021
2,1,14033,income,021
2,1,14035,income,021
2,1,14039,income,021
2,1,14043,income,021
2,1,14045,income,021
2,1,14048,income,021
2,1,14050,income,021
2,1,14052,income,021
2,1,14053,income,021
2,1,14055,income,021
2,1,14058,income,021
2,1,14061,income,021
2,1,14063,income,021
2,1,14065,income,021
2,1,14068,income,021
2,1,14070,income,021
2,1,14072,income,021
2,1,14073,income,021
2,1,14075,income,021
2,1,14077,income,021
2,1,14081,income,021
2,1,14085,income,021
2,1,14087,income,021
2,1,14089,income,021
2,1,14093,income,021
2,1,14095,income,021
2,1,14097,income,021
2,1,14099,income,021
2,1,14102,income,021
2,1,14107,income,021
2,1,14111,income,021
2,1,14113,income,021
2,1,14115,income,021
2,1,14119,income,021
2,1,14122,income,021
2,1,14126,income,021
2,1,14128,income,021
2,1,14131,income,021
2,1,14134,income,021
2,1,14136,income,021
2,1,14138,income,021
2,1,14139,income,021
2,1,14143,income,021
2,1,14146,income,021
2,1,14149,income,021
2,1,14151,income,021
2,1,14153,income,021
2,1,14155,income,021
2,1,14159,income,021
2,1,14160,income,021
2,1,14165,income,021
2,1,14167,income,021
2,1,14172,income,021
2,1,14174,income,021
2,1,14175,income,021
2,1,14180,income,021
2,1,14182,income,021
2,1,14186,income,021
2,1,14189,income,021
2,1,14190,income,021
2,1,14195,income,021
2,1,14198,income,021
2,1,14201,income,021
2,1,14204,income,021
2,1,14206,income,021
2,1,14208,income,021
2,1,14211,income,021
2,1,14213,income,021
2,1,14215,income,021
2,1,14216,income,021
2,1,14218,income,021
2,1,14220,income,021
2,1,14224,income,021
2,1,14226,income,021
2,1,14228,income,021
2,1,14230,income,021
2,1,14232,income,021
2,1,14237,income,021
2,1,14240,income,021
2,1,14242,income,021
2,1,14243,income,021
2,1,14246,income,021
2,1,14251,income,021
2,1,14252,income,021
2,1,14256,income,021
2,1,14258,income,021
2,1,14260,income,021
2,1,14262,income,021
2,1,14264,income,021
2,1,14265,income,021
2,1,14269,income,021
2,1,14271,income,021
2,1,14274,income,021
2,1,14276,income,021
2,1,14278,income,021
2,1,14281,income,021
2,1,14283,income,021
2,1,14285,income,021
2,1,14287,income,021
2,1,14290,income,021
2,1,14292,income,021
2,1,14294,income,021
2,1,14295,income,021
2,1,14297,income,021
2,1,14299,income,021
2,1,14303,income,021
2,1,14304,income,021
2,1,14308,income,021
2,1,14310,income,021
2,1,14312,income,021
2,1,14315,income,021
2,1,14317,income,021
2,1,14320,income,021
2,1,14325,income,021
2,1,14326,income,021
2,1,14328,income,021
2,1,14330,income,021
2,1,14332,income,021
2,1,14334,income,021
2,1,14337,income,021
2,1,14339,income,021
2,1,14340,income,021
2,1,14342,income,021
2,1,14344,income,021
2,1,14348,income,021
2,1,14349,income,021
2,1,14352,income,021
2,1,14354,income,021
2,1,14357,income,021
2,1,14363,income,021
2,1,14364,income,021
2,1,14367,income,021
2,1,14369,income,021
2,1,14371,income,021
2,1,14375,income,021
2,1,14377,income,021
2,1,14380,income,021
2,1,14382,income,021
2,1,14385,income,021
2,1,14387,income,021
2,1,14389,income,021
2,1,14390,income,021
2,1,14392,income,021
2,1,14394,income,021
2,1,14396,income,021
2,1,14400,income,021
2,1,14402,income,021
2,1,14404,income,021
2,1,14406,income,021
2,1,14408,income,021
2,1,14410,income,021
2,1,14412,income,021
2,1,14416,income,021
2,1,14418,income,021
2,1,14420,income,021
2,1,14422,income,021
2,1,14424,income,021
2,1,14426,income,021
2,1,14428,income,021
2,1,14432,income,021
2,1,14434,income,021
2,1,14438,income,021
2,1,14440,income,021
2,1,14445,income,021
2,1,14449,income,021
2,1,14450,income,021
2,1,14453,income,021
2,1,14455,income,021
2,1,14460,income,021
2,1,14462,income,021
2,1,14463,income,021
2,1,14465,income,021
2,1,14468,income,021
2,1,14472,income,021
2,1,14475,income,021
2,1,14478,income,021
2,1,14480,income,021
2,1,14482,income,021
2,1,14485,income,021
2,1,14490,income,021
2,1,14492,income,021
2,1,14497,income,021
2,1,14499,income,021
2,1,14500,income,021
2,1,14504,income,021
2,1,14505,income,021
2,1,14507,income,021
2,1,14512,income,021
2,1,14514,income,021
2,1,14517,income,021
2,1,14519,income,021
2,1,14521,income,021
2,1,14524,income,021
2,1,14526,income,021
2,1,14528,income,021
2,1,14530,income,021
2,1,14532,income,021
2,1,14534,income,021
2,1,14536,income,021
2,1,14539,income,021
2,1,14541,income,021
2,1,14542,income,021
2,1,14544,income,021
2,1,14547,income,021
2,1,14550,income,021
2,1,14554,income,021
2,1,14555,income,021
2,1,14559,income,021
2,1,14561,income,021
2,1,14564,income,021
2,1,14569,income,021
2,1,14572,income,021
2,1,14573,income,021
2,1,14581,income,021
2,1,14582,income,021
2,1,14584,income,021
2,1,14586,income,021
2,1,14589,income,021
2,1,14591,income,021
2,1,14595,income,021
2,1,14596,income,021
2,1,14599,income,021
2,1,14601,income,021
2,1,14603,income,021
2,1,14605,income,021
2,1,14608,income,021
2,1,14610,income,021
2,1,14612,income,021
2,1,14614,income,021
2,1,14619,income,021
2,1,14620,income,021
2,1,14623,income,021
2,1,14627,income,021
2,1,14628,income,021
2,1,14630,income,021
2,1,14632,income,021
2,1,14634,income,021
2,1,14637,income,021
2,1,14639,income,021
2,1,14640,income,021
2,1,14644,income,021
2,1,14646,income,021
2,1,14649,income,021
2,1,14650,income,021
2,1,14656,income,021
2,1,14661,income,021
2,1,14663,income,021
2,1,14666,income,021
2,1,14669,income,021
2,1,14671,income,021
2,1,14674,income,021
2,1,14675,income,021
2,1,14678,income,021
2,1,14681,income,021
2,1,14682,income,021
2,1,14684,income,021
2,1,14689,income,021
2,1,14692,income,021
2,1,14696,income,021
2,1,14698,income,021
2,1,14699,income,021
2,1,14702,income,021
2,1,14704,income,021
2,1,14706,income,021
2,1,14708,income,021
2,1,14710,income,021
2,1,14713,income,021
2,1,14715,income,021
2,1,14717,income,021
2,1,14720,income,021
2,1,14723,income,021
2,1,14725,income,021
2,1,14729,income,021
2,1,14731,income,021
2,1,14733,income,021
2,1,14735,income,021
2,1,14738,income,021
2,1,14742,income,021
2,1,14744,income,021
2,1,14746,income,021
2,1,14748,income,021
2,1,14752,income,021
2,1,14755,income,021
2,1,14756,income,021
2,1,14761,income,021
2,1,14763,income,021
2,1,14765,income,021
2,1,14767,income,021
2,1,14769,income,021
2,1,14774,income,021
2,1,14776,income,021
2,1,14780,income,021
2,1,14782,income,021
2,1,14785,income,021
2,1,14787,income,021
2,1,14789,income,021
2,1,14791,income,021
2,1,14798,income,021
2,1,14799,income,021
2,1,14802,income,021
2,1,14805,income,021
2,1,14807,income,021
2,1,14811,income,021
2,1,14813,income,021
2,1,14816,income,021
2,1,14817,income,021
2,1,14819,income,021
2,1,14821,income,021
2,1,14824,income,021
2,1,14826,income,021
2,1,14828,income,021
2,1,14831,income,021
2,1,14833,income,021
2,1,14835,income,021
2,1,14837,income,021
2,1,14839,income,021
2,1,14841,income,021
2,1,14843,income,021
2,1,14845,income,021
2,1,14850,income,021
2,1,14853,income,021
2,1,14856,income,021
2,1,14857,income,021
2,1,14860,income,021
2,1,14864,income,021
2,1,14866,income,021
2,1,14872,income,021
2,1,14877,income,021
2,1,14879,income,021
2,1,14881,income,021
2,1,14883,income,021
2,1,14884,income,021
2,1,14886,income,021
2,1,14890,income,021
2,1,14893,income,021
2,1,14895,income,021
2,1,14897,income,021
2,1,14901,income,021
2,1,14904,income,021
2,1,14907,income,021
2,1,14908,income,021
2,1,14911,income,021
2,1,14915,income,021
2,1,14917,income,021
2,1,14919,income,021
2,1,14922,income,021
2,1,14924,income,021
2,1,14926,income,021
2,1,14927,income,021
2,1,14931,income,021
2,1,14933,income,021
2,1,14934,income,021
2,1,14936,income,021
2,1,14939,income,021
2,1,14942,income,021
2,1,14943,income,021
2,1,14946,income,021
2,1,14949,income,021
2,1,14952,income,021
2,1,14954,income,021
2,1,14959,income,021
2,1,14963,income,021
2,1,14964,income,021
2,1,14966,income,021
2,1,14968,income,021
2,1,14970,income,021
2,1,14972,income,021
2,1,14974,income,021
2,1,14976,income,021
2,1,14978,income,021
2,1,14980,income,021
2,1,14982,income,021
2,1,14984,income,021
2,1,14987,income,021
2,1,14990,income,021
2,1,14993,income,021
2,1,14997,income,021
2,1,15000,income,021
2,1,15002,income,021
2,1,15006,income,021
2,1,15008,income,021
2,1,15010,income,021
2,1,15013,income,021
2,1,15015,income,021
2,1,15017,income,021
2,1,15020,income,021
2,1,15021,income,021
2,1,15023,income,021
2,1,15025,income,021
2,1,15028,income,021
2,1,15030,income,021
2,1,15032,income,021
2,1,15036,income,021
2,1,15038,income,021
2,1,15040,income,021
2,1,15041,income,021
2,1,15043,income,021
2,1,15045,income,021
2,1,15047,income,021
2,1,15049,income,021
2,1,15052,income,021
2,1,15054,income,021
2,1,15055,income,021
2,1,15057,income,021
2,1,15061,income,021
2,1,15065,income,021
2,1,15069,income,021
2,1,15072,income,021
2,1,15074,income,021
2,1,15077,income,021
2,1,15079,income,021
2,1,15081,income,021
2,1,15084,income,021
2,1,15086,income,021
2,1,15088,income,021
2,1,15091,income,021
2,1,15094,income,021
2,1,15096,income,021
2,1,15098,income,021
2,1,15100,income,021
2,1,15103,income,021
2,1,15104,income,021
2,1,15107,income,021
2,1,15109,income,021
2,1,15110,income,021
2,1,15112,income,021
2,1,15115,income,021
2,1,15118,income,021
2,1,15120,income,021
2,1,15124,income,021
2,1,15126,income,021
2,1,15128,income,021
2,1,15129,income,021
2,1,15131,income,021
2,1,15133,income,021
2,1,15136,income,021
2,1,15138,income,021
2,1,15140,income,021
2,1,15143,income,021
2,1,15146,income,021
2,1,15148,income,021
2,1,15150,income,021
2,1,15154,income,021
2,1,15155,income,021
2,1,15158,income,021
2,1,15162,income,021
2,1,15165,income,021
2,1,15167,income,021
2,1,15169,income,021
2,1,15171,income,021
2,1,15176,income,021
2,1,15180,income,021
2,1,15182,income,021
2,1,15184,income,021
2,1,15187,income,021
2,1,15189,income,021
2,1,15192,income,021
2,1,15196,income,021
2,1,15197,income,021
2,1,15203,income,021
2,1,15205,income,021
2,1,15207,income,021
2,1,15208,income,021
2,1,15211,income,021
2,1,15215,income,021
2,1,15218,income,021
2,1,15220,income,021
2,1,15224,income,021
2,1,15226,income,021
2,1,15229,income,021
2,1,15231,income,021
2,1,15232,income,021
2,1,15236,income,021
2,1,15239,income,021
2,1,15241,income,021
2,1,15244,income,021
2,1,15246,income,021
2,1,15249,income,021
2,1,15251,income,021
2,1,15253,income,021
2,1,15255,income,021
2,1,15259,income,021
2,1,15262,income,021
2,1,15266,income,021
2,1,15268,income,021
2,1,15269,income,021
2,1,15271,income,021
2,1,15274,income,021
2,1,15277,income,021
2,1,15280,income,021
2,1,15283,income,021
2,1,15286,income,021
2,1,15290,income,021
2,1,15292,income,021
2,1,15295,income,021
2,1,15297,income,021
2,1,15299,income,021
2,1,15302,income,021
2,1,15304,income,021
2,1,15306,income,021
2,1,15309,income,021
2,1,15311,income,021
2,1,15313,income,021
2,1,15315,income,021
2,1,15317,income,021
2,1,15319,income,021
2,1,15321,income,021
2,1,15324,income,021
2,1,15326,income,021
2,1,15329,income,021
2,1,15331,income,021
2,1,15334,income,021
2,1,15336,income,021
2,1,15338,income,021
2,1,15342,income,021
2,1,15344,income,021
2,1,15346,income,021
2,1,15349,income,021
2,1,15352,income,021
2,1,15353,income,021
2,1,15356,income,021
2,1,15359,income,021
2,1,15361,income,021
2,1,15363,income,021
2,1,15365,income,021
2,1,15367,income,021
2,1,15369,income,021
2,1,15372,income,021
2,1,15375,income,021
2,1,15376,income,021
2,1,15378,income,021
2,1,15381,income,021
2,1,15383,income,021
2,1,15385,income,021
2,1,15388,income,021
2,1,15390,income,021
2,1,15391,income,021
2,1,15397,income,021
2,1,15398,income,021
2,1,15402,income,021
2,1,15405,income,021
2,1,15407,income,021
2,1,15409,income,021
2,1,15411,income,021
2,1,15412,income,021
2,1,15415,income,021
2,1,15418,income,021
2,1,15419,income,021
2,1,15424,income,021
2,1,15426,income,021
2,1,15428,income,021
2,1,15430,income,021
2,1,15432,income,021
2,1,15434,income,021
2,1,15437,income,021
2,1,15440,income,021
2,1,15444,income,021
2,1,15446,income,021
2,1,15449,income,021
2,1,15451,income,021
2,1,15455,income,021
2,1,15456,income,021
2,1,15458,income,021
2,1,15461,income,021
2,1,15464,income,021
2,1,15466,income,021
2,1,15468,income,021
2,1,15471,income,021
2,1,15473,income,021
2,1,15475,income,021
2,1,15477,income,021
2,1,15479,income,021
2,1,15482,income,021
2,1,15484,income,021
2,1,15486,income,021
2,1,15488,income,021
2,1,15489,income,021
2,1,15491,income,021
2,1,15494,income,021
2,1,15495,income,021
2,1,15497,income,021
2,1,15500,income,021
2,1,15503,income,021
2,1,15505,income,021
2,1,15506,income,021
2,1,15509,income,021
2,1,15511,income,021
2,1,15514,income,021
2,1,15515,income,021
2,1,15520,income,021
2,1,15521,income,021
2,1,15523,income,021
2,1,15528,income,021
2,1,15530,income,021
2,1,15532,income,021
2,1,15534,income,021
2,1,15536,income,021
2,1,15540,income,021
2,1,15543,income,021
2,1,15546,income,021
2,1,15548,income,021
2,1,15550,income,021
2,1,15554,income,021
2,1,15556,income,021
2,1,15560,income,021
2,1,15562,income,021
2,1,15564,income,021
2,1,15566,income,021
2,1,15569,income,021
2,1,15572,income,021
2,1,15574,income,021
2,1,15576,income,021
2,1,15578,income,021
2,1,15580,income,021
2,1,15587,income,021
2,1,15589,income,021
2,1,15591,income,021
2,1,15592,income,021
2,1,15595,income,021
2,1,15597,income,021
2,1,15600,income,021
2,1,15604,income,021
2,1,15610,income,021
2,1,15612,income,021
2,1,15614,income,021
2,1,15616,income,021
2,1,15618,income,021
2,1,15620,income,021
2,1,15623,income,021
2,1,15627,income,021
2,1,15628,income,021
2,1,15631,income,021
2,1,15635,income,021
2,1,15637,income,021
2,1,15641,income,021
2,1,15645,income,021
2,1,15648,income,021
2,1,15649,income,021
2,1,15651,income,021
2,1,15653,income,021
2,1,15655,income,021
2,1,15658,income,021
2,1,15659,income,021
2,1,15663,income,021
2,1,15667,income,021
2,1,15670,income,021
2,1,15671,income,021
2,1,15674,income,021
2,1,15676,income,021
2,1,15677,income,021
2,1,15681,income,021
2,1,15684,income,021
2,1,15687,income,021
2,1,15689,income,021
2,1,15690,income,021
2,1,15693,income,021
2,1,15695,income,021
2,1,15698,income,021
2,1,15700,income,021
2,1,15702,income,021
2,1,15705,income,021
2,1,15706,income,021
2,1,15710,income,021
2,1,15712,income,021
2,1,15715,income,021
2,1,15716,income,021
2,1,15718,income,021
2,1,15720,income,021
2,1,15723,income,021
2,1,15726,income,021
2,1,15728,income,021
2,1,15731,income,021
2,1,15732,income,021
2,1,15736,income,021
2,1,15738,income,021
2,1,15740,income,021
2,1,15743,income,021
2,1,15747,income,021
2,1,15750,income,021
2,1,15754,income,021
2,1,15756,income,021
2,1,15757,income,021
2,1,15759,income,021
2,1,15762,income,021
2,1,15764,income,021
2,1,15765,income,021
2,1,15770,income,021
2,1,15771,income,021
2,1,15773,income,021
2,1,15776,income,021
2,1,15778,income,021
2,1,15780,income,021
2,1,15782,income,021
2,1,15785,income,021
2,1,15786,income,021
2,1,15788,income,021
2,1,15792,income,021
2,1,15796,income,021
2,1,15797,income,021
2,1,15800,income,021
2,1,15803,income,021
2,1,15805,income,021
2,1,15807,income,021
2,1,15810,income,021
2,1,15813,income,021
2,1,15815,income,021
2,1,15818,income,021
2,1,15821,income,021
2,1,15823,income,021
2,1,15825,income,021
2,1,15828,income,021
2,1,15830,income,021
2,1,15834,income,021
2,1,15837,income,021
2,1,15842,income,021
2,1,15844,income,021
2,1,15847,income,021
2,1,15850,income,021
2,1,15852,income,021
2,1,15854,income,021
2,1,15856,income,021
2,1,15858,income,021
2,1,15861,income,021
2,1,15862,income,021
2,1,15865,income,021
2,1,15868,income,021
2,1,15870,income,021
2,1,15873,income,021
2,1,15875,income,021
2,1,15877,income,021
2,1,15879,income,021
2,1,15881,income,021
2,1,15883,income,021
2,1,15885,income,021
2,1,15887,income,021
2,1,15889,income,021
2,1,15892,income,021
2,1,15894,income,021
2,1,15897,income,021
2,1,15899,income,021
2,1,15901,income,021
2,1,15902,income,021
2,1,15904,income,021
2,1,15907,income,021
2,1,15911,income,021
2,1,15914,income,021
2,1,15919,income,021
2,1,15921,income,021
2,1,15925,income,021
2,1,15926,income,021
2,1,15929,income,021
2,1,15932,income,021
2,1,15933,income,021
2,1,15936,income,021
2,1,15939,income,021
2,1,15940,income,021
2,1,15942,income,021
2,1,15944,income,021
2,1,15947,income,021
2,1,15950,income,021
2,1,15953,income,021
2,1,15957,income,021
2,1,15958,income,021
2,1,15960,income,021
2,1,15962,income,021
2,1,15965,income,021
2,1,15967,income,021
2,1,15969,income,021
2,1,15974,income,021
2,1,15975,income,021
2,1,15978,income,021
2,1,15982,income,021
2,1,15984,income,021
2,1,15985,income,021
2,1,15992,income,021
2,1,15995,income,021
2,1,15997,income,021
2,1,15998,income,021
2,1,16001,income,021
2,1,16003,income,021
2,1,16008,income,021
2,1,16009,income,021
2,1,16015,income,021
2,1,16017,income,021
2,1,16018,income,021
2,1,16020,income,021
2,1,16022,income,021
2,1,16028,income,021
2,1,16030,income,021
2,1,16032,income,021
2,1,16036,income,021
2,1,16040,income,021
2,1,16041,income,021
2,1,16044,income,021
2,1,16047,income,021
2,1,16049,income,021
2,1,16051,income,021
2,1,16053,income,021
2,1,16056,income,021
2,1,16060,income,021
2,1,16062,income,021
2,1,16065,income,021
2,1,16067,income,021
2,1,16069,income,021
2,1,16071,income,021
2,1,16072,income,021
2,1,16075,income,021
2,1,16077,income,021
2,1,16080,income,021
2,1,16083,income,021
2,1,16086,income,021
2,1,16088,income,021
2,1,16092,income,021
2,1,16094,income,021
2,1,16096,income,021
2,1,16098,income,021
2,1,16100,income,021
2,1,16102,income,021
2,1,16105,income,021
2,1,16107,income,021
2,1,16112,income,021
2,1,16115,income,021
2,1,16118,income,021
2,1,16120,income,021
2,1,16121,income,021
2,1,16123,income,021
2,1,16125,income,021
2,1,16129,income,021
2,1,16131,income,021
2,1,16133,income,021
2,1,16135,income,021
2,1,16143,income,021
2,1,16144,income,021
2,1,16146,income,021
2,1,16148,income,021
2,1,16150,income,021
2,1,16152,income,021
2,1,16156,income,021
2,1,16158,income,021
2,1,16161,income,021
2,1,16163,income,021
2,1,16166,income,021
2,1,16169,income,021
2,1,16171,income,021
2,1,16172,income,021
2,1,16174,income,021
2,1,16177,income,021
2,1,16179,income,021
2,1,16181,income,021
2,1,16184,income,021
2,1,16186,income,021
2,1,16188,income,021
2,1,16190,income,021
2,1,16192,income,021
2,1,16194,income,021
2,1,16196,income,021
2,1,16198,income,021
2,1,16201,income,021
2,1,16203,income,021
2,1,16207,income,021
2,1,16210,income,021
2,1,16212,income,021
2,1,16214,income,021
2,1,16217,income,021
2,1,16219,income,021
2,1,16221,income,021
2,1,16223,income,021
2,1,16225,income,021
2,1,16226,income,021
2,1,16228,income,021
2,1,16234,income,021
2,1,16236,income,021
2,1,16239,income,021
2,1,16241,income,021
2,1,16242,income,021
2,1,16249,income,021
2,1,16251,income,021
2,1,16253,income,021
2,1,16256,income,021
2,1,16257,income,021
2,1,16260,income,021
2,1,16262,income,021
2,1,16264,income,021
2,1,16266,income,021
2,1,16269,income,021
2,1,16271,income,021
2,1,16274,income,021
2,1,16276,income,021
2,1,16277,income,021
2,1,16280,income,021
2,1,16283,income,021
2,1,16285,income,021
2,1,16287,income,021
2,1,16291,income,021
2,1,16293,income,021
2,1,16295,income,021
2,1,16298,income,021
2,1,16301,income,021
2,1,16303,income,021
2,1,16306,income,021
2,1,16308,income,021
2,1,16310,income,021
2,1,16312,income,021
2,1,16314,income,021
2,1,16316,income,021
2,1,16318,income,021
2,1,16319,income,021
2,1,16322,income,021
2,1,16325,income,021
2,1,16327,income,021
2,1,16330,income,021
2,1,16333,income,021
2,1,16335,income,021
2,1,16337,income,021
2,1,16339,income,021
2,1,16341,income,021
2,1,16343,income,021
2,1,16345,income,021
2,1,16347,income,021
2,1,16351,income,021
2,1,16353,income,021
2,1,16355,income,021
2,1,16357,income,021
2,1,16358,income,021
2,1,16360,income,021
2,1,16363,income,021
2,1,16365,income,021
2,1,16369,income,021
2,1,16373,income,021
2,1,16375,income,021
2,1,16377,income,021
2,1,16379,income,021
2,1,16383,income,021
2,1,16385,income,021
2,1,16387,income,021
2,1,16390,income,021
2,1,16393,income,021
2,1,16397,income,021
2,1,16398,income,021
2,1,16402,income,021
2,1,16405,income,021
2,1,16407,income,021
2,1,16409,income,021
2,1,16410,income,021
2,1,16412,income,021
2,1,16414,income,021
2,1,16419,income,021
2,1,16423,income,021
2,1,16424,income,021
2,1,16426,income,021
2,1,16429,income,021
2,1,16431,income,021
2,1,16434,income,021
2,1,16436,income,021
2,1,16438,income,021
2,1,16442,income,021
2,1,16445,income,021
2,1,16447,income,021
2,1,16449,income,021
2,1,16452,income,021
2,1,16454,income,021
2,1,16456,income,021
2,1,16457,income,021
2,1,16460,income,021
2,1,16462,income,021
2,1,16463,income,021
2,1,16465,income,021
2,1,16468,income,021
2,1,16470,income,021
2,1,16472,income,021
2,1,16474,income,021
2,1,16476,income,021
2,1,16478,income,021
2,1,16481,income,021
2,1,16485,income,021
2,1,16487,income,021
2,1,16489,income,021
2,1,16490,income,021
2,1,16494,income,021
2,1,16495,income,021
2,1,16499,income,021
2,1,16502,income,021
2,1,16503,income,021
2,1,16506,income,021
2,1,16507,income,021
2,1,16509,income,021
2,1,16511,income,021
2,1,16513,income,021
2,1,16515,income,021
2,1,16518,income,021
2,1,16519,income,021
2,1,16523,income,021
2,1,16527,income,021
2,1,16529,income,021
2,1,16533,income,021
2,1,16538,income,021
2,1,16539,income,021
2,1,16541,income,021
2,1,16543,income,021
2,1,16546,income,021
2,1,16548,income,021
2,1,16549,income,021
2,1,16551,income,021
2,1,16558,income,021
2,1,16562,income,021
2,1,16564,income,021
2,1,16566,income,021
2,1,16567,income,021
2,1,16569,income,021
2,1,16574,income,021
2,1,16576,income,021
2,1,16578,income,021
2,1,16581,income,021
2,1,16584,income,021
2,1,16586,income,021
2,1,16588,income,021
2,1,16590,income,021
2,1,16594,income,021
2,1,16596,income,021
2,1,16598,income,021
2,1,16599,income,021
2,1,16602,income,021
2,1,16604,income,021
2,1,16606,income,021
2,1,16608,income,021
2,1,16612,income,021
2,1,16613,income,021
2,1,16616,income,021
2,1,16619,income,021
2,1,16620,income,021
2,1,16622,income,021
2,1,16626,income,021
2,1,16629,income,021
2,1,16631,income,021
2,1,16634,income,021
2,1,16636,income,021
2,1,16637,income,021
2,1,16642,income,021
2,1,16644,income,021
2,1,16645,income,021
2,1,16647,income,021
2,1,16652,income,021
2,1,16655,income,021
2,1,16656,income,021
2,1,16658,income,021
2,1,16662,income,021
2,1,16664,income,021
2,1,16666,income,021
2,1,16668,income,021
2,1,16669,income,021
2,1,16672,income,021
2,1,16674,income,021
2,1,16676,income,021
2,1,16678,income,021
2,1,16681,income,021
2,1,16684,income,021
2,1,16685,income,021
2,1,16690,income,021
2,1,16691,income,021
2,1,16693,income,021
2,1,16696,income,021
2,1,16699,income,021
2,1,16701,income,021
2,1,16703,income,021
2,1,16705,income,021
2,1,16708,income,021
2,1,16711,income,021
2,1,16714,income,021
2,1,16716,income,021
2,1,16718,income,021
2,1,16720,income,021
2,1,16724,income,021
2,1,16726,income,021
2,1,16727,income,021
2,1,16729,income,021
2,1,16733,income,021
2,1,16735,income,021
2,1,16737,income,021
2,1,16739,income,021
2,1,16741,income,021
2,1,16744,income,021
2,1,16747,income,021
2,1,16752,income,021
2,1,16754,income,021
2,1,16757,income,021
2,1,16759,income,021
2,1,16762,income,021
2,1,16764,income,021
2,1,16766,income,021
2,1,16769,income,021
2,1,16771,income,021
2,1,16773,income,021
2,1,16777,income,021
2,1,16779,income,021
2,1,16781,income,021
2,1,16783,income,021
2,1,16786,income,021
2,1,16789,income,021
2,1,16791,income,021
2,1,16796,income,021
2,1,16797,income,021
2,1,16800,income,021
2,1,16804,income,021
2,1,16806,income,021
2,1,16807,income,021
2,1,16809,income,021
2,1,16812,income,021
2,1,16816,income,021
2,1,16819,income,021
2,1,16822,income,021
2,1,16826,income,021
2,1,16829,income,021
2,1,16831,income,021
2,1,16833,income,021
2,1,16836,income,021
2,1,16839,income,021
2,1,16842,income,021
2,1,16845,income,021
2,1,16848,income,021
2,1,16852,income,021
2,1,16856,income,021
2,1,16857,income,021
2,1,16860,income,021
2,1,16862,income,021
2,1,16865,income,021
2,1,16867,income,021
2,1,16869,income,021
2,1,16870,income,021
2,1,16876,income,021
2,1,16878,income,021
2,1,16880,income,021
2,1,16881,income,021
2,1,16883,income,021
2,1,16887,income,021
2,1,16889,income,021
2,1,16891,income,021
2,1,16893,income,021
2,1,16896,income,021
2,1,16898,income,021
2,1,16900,income,021
2,1,16902,income,021
2,1,16904,income,021
2,1,16906,income,021
2,1,16908,income,021
2,1,16912,income,021
2,1,16914,income,021
2,1,16917,income,021
2,1,16919,income,021
2,1,16921,income,021
2,1,16922,income,021
2,1,16924,income,021
2,1,16926,income,021
2,1,16928,income,021
2,1,16931,income,021
2,1,16933,income,021
2,1,16939,income,021
2,1,16940,income,021
2,1,16942,income,021
2,1,16944,income,021
2,1,16946,income,021
2,1,16949,income,021
2,1,16951,income,021
2,1,16953,income,021
2,1,16956,income,021
2,1,16958,income,021
2,1,16960,income,021
2,1,16963,income,021
2,1,16965,income,021
2,1,16967,income,021
2,1,16971,income,021
2,1,16974,income,021
2,1,16977,income,021
2,1,16979,income,021
2,1,16980,income,021
2,1,16983,income,021
2,1,16984,income,021
2,1,16986,income,021
2,1,16989,income,021
2,1,16990,income,021
2,1,16992,income,021
2,1,16994,income,021
2,1,16996,income,021
2,1,17000,income,021
2,1,17003,income,021
2,1,17007,income,021
2,1,17009,income,021
2,1,17013,income,021
2,1,17016,income,021
2,1,17019,income,021
2,1,17021,income,021
2,1,17024,income,021
2,1,17027,income,021
2,1,17028,income,021
2,1,17030,income,021
2,1,17032,income,021
2,1,17036,income,021
2,1,17039,income,021
2,1,17041,income,021
2,1,17043,income,021
2,1,17045,income,021
2,1,17046,income,021
2,1,17050,income,021
2,1,17052,income,021
2,1,17054,income,021
2,1,17056,income,021
2,1,17059,income,021
2,1,17063,income,021
2,1,17066,income,021
2,1,17068,income,021
2,1,17070,income,021
2,1,17074,income,021
2,1,17075,income,021
2,1,17077,income,021
2,1,17079,income,021
2,1,17083,income,021
2,1,17087,income,021
2,1,17091,income,021
2,1,17093,income,021
2,1,17096,income,021
2,1,17099,income,021
2,1,17101,income,021
2,1,17103,income,021
2,1,17106,income,021
2,1,17109,income,021
2,1,17111,income,021
2,1,17113,income,021
2,1,17117,income,021
2,1,17118,income,021
2,1,17120,income,021
2,1,17123,income,021
2,1,17126,income,021
2,1,17128,income,021
2,1,17130,income,021
2,1,17133,income,021
2,1,17137,income,021
2,1,17139,income,021
2,1,17142,income,021
2,1,17146,income,021
2,1,17148,income,021
2,1,17151,income,021
2,1,17153,income,021
2,1,17155,income,021
2,1,17158,income,021
2,1,17159,income,021
2,1,17161,income,021
2,1,17163,income,021
2,1,17165,income,021
2,1,17167,income,021
2,1,17174,income,021
2,1,17176,income,021
2,1,17177,income,021
2,1,17180,income,021
2,1,17183,income,021
2,1,17186,income,021
2,1,17187,income,021
2,1,17190,income,021
2,1,17192,income,021
2,1,17194,income,021
2,1,17196,income,021
2,1,17198,income,021
2,1,17200,income,021
2,1,17203,income,021
2,1,17205,income,021
2,1,17208,income,021
2,1,17210,income,021
2,1,17212,income,021
2,1,17215,income,021
2,1,17217,income,021
2,1,17219,income,021
2,1,17222,income,021
2,1,17223,income,021
2,1,17227,income,021
2,1,17229,income,021
2,1,17233,income,021
2,1,17234,income,021
2,1,17237,income,021
2,1,17240,income,021
2,1,17245,income,021
2,1,17247,income,021
2,1,17250,income,021
2,1,17251,income,021
2,1,17253,income,021
2,1,17256,income,021
2,1,17258,income,021
2,1,17260,income,021
2,1,17265,income,021
2,1,17269,income,021
2,1,17271,income,021
2,1,17274,income,021
2,1,17276,income,021
2,1,17278,income,021
2,1,17279,income,021
2,1,17281,income,021
2,1,17285,income,021
2,1,17287,income,021
2,1,17289,income,021
2,1,17291,income,021
2,1,17292,income,021
2,1,17294,income,021
2,1,17297,income,021
2,1,17300,income,021
2,1,17302,income,021
2,1,17304,income,021
2,1,17306,income,021
2,1,17308,income,021
2,1,17311,income,021
2,1,17314,income,021
2,1,17316,income,021
2,1,17318,income,021
2,1,17321,income,021
2,1,17325,income,021
2,1,17328,income,021
2,1,17329,income,021
2,1,17332,income,021
2,1,17334,income,021
2,1,17336,income,021
2,1,17338,income,021
2,1,17340,income,021
2,1,17342,income,021
2,1,17344,income,021
2,1,17348,income,021
2,1,17350,income,021
2,1,17351,income,021
2,1,17353,income,021
2,1,17356,income,021
2,1,17360,income,021
2,1,17364,income,021
2,1,17365,income,021
2,1,17367,income,021
2,1,17369,income,021
2,1,17371,income,021
2,1,17375,income,021
2,1,17376,income,021
2,1,17379,income,021
2,1,17381,income,021
2,1,17384,income,021
2,1,17386,income,021
2,1,17388,income,021
2,1,17391,income,021
2,1,17395,income,021
2,1,17397,income,021
2,1,17402,income,021
2,1,17404,income,021
2,1,17406,income,021
2,1,17407,income,021
2,1,17409,income,021
2,1,17413,income,021
2,1,17415,income,021
2,1,17418,income,021
2,1,17420,income,021
2,1,17423,income,021
2,1,17425,income,021
2,1,17427,income,021
2,1,17430,income,021
2,1,17432,income,021
2,1,17435,income,021
2,1,17437,income,021
2,1,17443,income,021
2,1,17446,income,021
2,1,17448,income,021
2,1,17449,income,021
2,1,17451,income,021
2,1,17454,income,021
2,1,17456,income,021
2,1,17458,income,021
2,1,17460,income,021
2,1,17461,income,021
2,1,17464,income,021
2,1,17467,income,021
2,1,17469,income,021
2,1,17471,income,021
2,1,17473,income,021
2,1,17475,income,021
2,1,17476,income,021
2,1,17479,income,021
2,1,17481,income,021
2,1,17483,income,021
2,1,17485,income,021
2,1,17487,income,021
2,1,17490,income,021
2,1,17493,income,021
2,1,17496,income,021
2,1,17499,income,021
2,1,17501,income,021
2,1,17504,income,021
2,1,17506,income,021
2,1,17508,income,021
2,1,17509,income,021
2,1,17511,income,021
2,1,17515,income,021
2,1,17516,income,021
2,1,17520,income,021
2,1,17522,income,021
2,1,17525,income,021
2,1,17528,income,021
2,1,17533,income,021
2,1,17535,income,021
2,1,17537,income,021
2,1,17539,income,021
2,1,17541,income,021
2,1,17544,income,021
2,1,17546,income,021
2,1,17548,income,021
2,1,17552,income,021
2,1,17555,income,021
2,1,17557,income,021
2,1,17559,income,021
2,1,17562,income,021
2,1,17564,income,021
2,1,17568,income,021
2,1,17571,income,021
2,1,17573,income,021
2,1,17577,income,021
2,1,17579,income,021
2,1,17583,income,021
2,1,17584,income,021
2,1,17586,income,021
2,1,17589,income,021
2,1,17592,income,021
2,1,17593,income,021
2,1,17595,income,021
2,1,17597,income,021
2,1,17600,income,021
2,1,17602,income,021
2,1,17607,income,021
2,1,17610,income,021
2,1,17612,income,021
2,1,17614,income,021
2,1,17616,income,021
2,1,17621,income,021
2,1,17622,income,021
2,1,17625,income,021
2,1,17627,income,021
2,1,17629,income,021
2,1,17631,income,021
2,1,17632,income,021
2,1,17635,income,021
2,1,17637,income,021
2,1,17641,income,021
2,1,17642,income,021
2,1,17646,income,021
2,1,17649,income,021
2,1,17651,income,021
2,1,17653,income,021
2,1,17655,income,021
2,1,17657,income,021
2,1,17659,income,021
2,1,17661,income,021
2,1,17664,income,021
2,1,17665,income,021
2,1,17667,income,021
2,1,17671,income,021
2,1,17673,income,021
2,1,17677,income,021
2,1,17680,income,021
2,1,17682,income,021
2,1,17686,income,021
2,1,17689,income,021
2,1,17692,income,021
2,1,17695,income,021
2,1,17696,income,021
2,1,17698,income,021
2,1,17701,income,021
2,1,17704,income,021
2,1,17706,income,021
2,1,17708,income,021
2,1,17711,income,021
2,1,17713,income,021
2,1,17714,income,021
2,1,17717,income,021
2,1,17723,income,021
2,1,17725,income,021
2,1,17726,income,021
2,1,17731,income,021
2,1,17733,income,021
2,1,17735,income,021
2,1,17738,income,021
2,1,17740,income,021
2,1,17742,income,021
2,1,17745,income,021
2,1,17748,income,021
2,1,17752,income,021
2,1,17754,income,021
2,1,17756,income,021
2,1,17757,income,021
2,1,17760,income,021
2,1,17762,income,021
2,1,17764,income,021
2,1,17766,income,021
2,1,17769,income,021
2,1,17771,income,021
2,1,17774,income,021
2,1,17776,income,021
2,1,17782,income,021
2,1,17785,income,021
2,1,17788,income,021
2,1,17790,income,021
2,1,17791,income,021
2,1,17796,income,021
2,1,17798,income,021
2,1,17799,income,021
2,1,17801,income,021
2,1,17804,income,021
2,1,17807,income,021
2,1,17809,income,021
2,1,17812,income,021
2,1,17814,income,021
2,1,17817,income,021
2,1,17820,income,021
2,1,17821,income,021
2,1,17825,income,021
2,1,17828,income,021
2,1,17830,income,021
2,1,17832,income,021
2,1,17835,income,021
2,1,17836,income,021
2,1,17838,income,021
2,1,17840,income,021
2,1,17842,income,021
2,1,17844,income,021
2,1,17846,income,021
2,1,17849,income,021
2,1,17852,income,021
2,1,17854,income,021
2,1,17855,income,021
2,1,17857,income,021
2,1,17860,income,021
2,1,17862,income,021
2,1,17864,income,021
2,1,17869,income,021
2,1,17870,income,021
2,1,17872,income,021
2,1,17876,income,021
2,1,17878,income,021
2,1,17880,income,021
2,1,17882,income,021
2,1,17886,income,021
2,1,17888,income,021
2,1,17891,income,021
2,1,17893,income,021
2,1,17896,income,021
2,1,17898,income,021
2,1,17900,income,021
2,1,17901,income,021
2,1,17903,income,021
2,1,17905,income,021
2,1,17908,income,021
2,1,17913,income,021
2,1,17916,income,021
2,1,17919,income,021
2,1,17923,income,021
2,1,17926,income,021
2,1,17927,income,021
2,1,17929,income,021
2,1,17933,income,021
2,1,17936,income,021
2,1,17939,income,021
2,1,17941,income,021
2,1,17943,income,021
2,1,17944,income,021
2,1,17946,income,021
2,1,17949,income,021
2,1,17953,income,021
2,1,17958,income,021
2,1,17959,income,021
2,1,17961,income,021
2,1,17963,income,021
2,1,17966,income,021
2,1,17968,income,021
2,1,17971,income,021
2,1,17973,income,021
2,1,17975,income,021
2,1,17977,income,021
2,1,17979,income,021
2,1,17981,income,021
2,1,17982,income,021
2,1,17984,income,021
2,1,17989,income,021
2,1,17994,income,021
2,1,17997,income,021
2,1,17998,income,021
2,1,18002,income,021
2,1,18005,income,021
2,1,18008,income,021
2,1,18011,income,021
2,1,18014,income,021
2,1,18016,income,021
2,1,18018,income,021
2,1,18020,income,021
2,1,18022,income,021
2,1,18024,income,021
2,1,18027,income,021
2,1,18028,income,021
2,1,18031,income,021
2,1,18033,income,021
2,1,18035,income,021
2,1,18037,income,021
2,1,18040,income,021
2,1,18044,income,021
2,1,18045,income,021
2,1,18047,income,021
2,1,18051,income,021
2,1,18053,income,021
2,1,18056,income,021
2,1,18058,income,021
2,1,18061,income,021
2,1,18066,income,021
2,1,18068,income,021
2,1,18070,income,021
2,1,18074,income,021
2,1,18076,income,021
2,1,18080,income,021
2,1,18083,income,021
2,1,18085,income,021
2,1,18087,income,021
2,1,18091,income,021
2,1,18093,income,021
2,1,18096,income,021
2,1,18099,income,021
2,1,18101,income,021
2,1,18102,income,021
2,1,18105,income,021
2,1,18107,income,021
2,1,18109,income,021
2,1,18111,income,021
2,1,18115,income,021
2,1,18116,income,021
2,1,18119,income,021
2,1,18122,income,021
2,1,18126,income,021
2,1,18129,income,021
2,1,18134,income,021
2,1,18136,income,021
2,1,18137,income,021
2,1,18139,income,021
2,1,18143,income,021
2,1,18146,income,021
2,1,18147,income,021
2,1,18149,income,021
2,1,18152,income,021
2,1,18155,income,021
2,1,18157,income,021
2,1,18159,income,021
2,1,18163,income,021
2,1,18164,income,021
2,1,18167,income,021
2,1,18169,income,021
2,1,18171,income,021
2,1,18173,income,021
2,1,18175,income,021
2,1,18179,income,021
2,1,18180,income,021
2,1,18183,income,021
2,1,18186,income,021
2,1,18187,income,021
2,1,18191,income,021
2,1,18193,income,021
2,1,18195,income,021
2,1,18197,income,021
2,1,18200,income,021
2,1,18203,income,021
2,1,18206,income,021
2,1,18208,income,021
2,1,18210,income,021
2,1,18213,income,021
2,1,18216,income,021
2,1,18219,income,021
2,1,18220,income,021
2,1,18222,income,021
2,1,18225,income,021
2,1,18227,income,021
2,1,18229,income,021
2,1,18233,income,021
2,1,18236,income,021
2,1,18239,income,021
2,1,18241,income,021
2,1,18243,income,021
2,1,18246,income,021
2,1,18248,income,021
2,1,18250,income,021
2,1,18254,income,021
2,1,18256,income,021
2,1,18258,income,021
2,1,18261,income,021
2,1,18262,income,021
2,1,18265,income,021
2,1,18267,income,021
2,1,18272,income,021
2,1,18273,income,021
2,1,18276,income,021
2,1,18279,income,021
2,1,18282,income,021
2,1,18285,income,021
2,1,18287,income,021
2,1,18291,income,021
2,1,18292,income,021
2,1,18294,income,021
2,1,18297,income,021
2,1,18300,income,021
2,1,18302,income,021
2,1,18303,income,021
2,1,18305,income,021
2,1,18307,income,021
2,1,18311,income,021
2,1,18314,income,021
2,1,18316,income,021
2,1,18322,income,021
2,1,18324,income,021
2,1,18326,income,021
2,1,18328,income,021
2,1,18331,income,021
2,1,18332,income,021
2,1,18336,income,021
2,1,18338,income,021
2,1,18341,income,021
2,1,18343,income,021
2,1,18346,income,021
2,1,18349,income,021
2,1,18351,income,021
2,1,18354,income,021
2,1,18357,income,021
2,1,18361,income,021
2,1,18364,income,021
2,1,18367,income,021
2,1,18368,income,021
2,1,18370,income,021
2,1,18372,income,021
2,1,18374,income,021
2,1,18376,income,021
2,1,18379,income,021
2,1,18381,income,021
2,1,18384,income,021
2,1,18388,income,021
2,1,18390,income,021
2,1,18392,income,021
2,1,18394,income,021
2,1,18396,income,021
2,1,18398,income,021
2,1,18400,income,021
2,1,18402,income,021
2,1,18403,income,021
2,1,18409,income,021
2,1,18412,income,021
2,1,18414,income,021
2,1,18416,income,021
2,1,18419,income,021
2,1,18421,income,021
2,1,18424,income,021
2,1,18426,income,021
2,1,18428,income,021
2,1,18430,income,021
2,1,18432,income,021
2,1,18434,income,021
2,1,18436,income,021
2,1,18439,income,021
2,1,18442,income,021
2,1,18445,income,021
2,1,18448,income,021
2,1,18450,income,021
2,1,18452,income,021
2,1,18454,income,021
2,1,18456,income,021
2,1,18458,income,021
2,1,18461,income,021
2,1,18463,income,021
2,1,18464,income,021
2,1,18466,income,021
2,1,18468,income,021
2,1,18470,income,021
2,1,18472,income,021
2,1,18475,income,021
2,1,18477,income,021
2,1,18482,income,021
2,1,18483,income,021
2,1,18487,income,021
2,1,18491,income,021
2,1,18493,income,021
2,1,18495,income,021
2,1,18497,income,021
2,1,18499,income,021
2,1,18502,income,021
2,1,18503,income,021
2,1,18505,income,021
2,1,18509,income,021
2,1,18514,income,021
2,1,18516,income,021
2,1,18518,income,021
2,1,18520,income,021
2,1,18524,income,021
2,1,18525,income,021
2,1,18527,income,021
2,1,18529,income,021
2,1,18533,income,021
2,1,18535,income,021
2,1,18537,income,021
2,1,18538,income,021
2,1,18541,income,021
2,1,18542,income,021
2,1,18544,income,021
2,1,18547,income,021
2,1,18549,income,021
2,1,18553,income,021
2,1,18554,income,021
2,1,18559,income,021
2,1,18560,income,021
2,1,18562,income,021
2,1,18566,income,021
2,1,18569,income,021
2,1,18571,income,021
2,1,18572,income,021
2,1,18575,income,021
2,1,18579,income,021
2,1,18582,income,021
2,1,18584,income,021
2,1,18586,income,021
2,1,18588,income,021
2,1,18590,income,021
2,1,18592,income,021
2,1,18595,income,021
2,1,18598,income,021
2,1,18599,income,021
2,1,18602,income,021
2,1,18605,income,021
2,1,18609,income,021
2,1,18611,income,021
2,1,18613,income,021
2,1,18616,income,021
2,1,18619,income,021
2,1,18621,income,021
2,1,18624,income,021
2,1,18627,income,021
2,1,18629,income,021
2,1,18634,income,021
2,1,18636,income,021
2,1,18638,income,021
2,1,18640,income,021
2,1,18643,income,021
2,1,18645,income,021
2,1,18650,income,021
2,1,18653,income,021
2,1,18656,income,021
2,1,18658,income,021
2,1,18663,income,021
2,1,18665,income,021
2,1,18666,income,021
2,1,18668,income,021
2,1,18670,income,021
2,1,18674,income,021
2,1,18675,income,021
2,1,18677,income,021
2,1,18680,income,021
2,1,18682,income,021
2,1,18683,income,021
2,1,18686,income,021
2,1,18690,income,021
2,1,18693,income,021
2,1,18695,income,021
2,1,18697,income,021
2,1,18699,income,021
2,1,18702,income,021
2,1,18704,income,021
2,1,18707,income,021
2,1,18709,income,021
2,1,18711,income,021
2,1,18715,income,021
2,1,18717,income,021
2,1,18720,income,021
2,1,18722,income,021
2,1,18725,income,021
2,1,18726,income,021
2,1,18729,income,021
2,1,18733,income,021
2,1,18734,income,021
2,1,18736,income,021
2,1,18739,income,021
2,1,18741,income,021
2,1,18743,income,021
2,1,18745,income,021
2,1,18748,income,021
2,1,18750,income,021
2,1,18752,income,021
2,1,18754,income,021
2,1,18757,income,021
2,1,18759,income,021
2,1,18761,income,021
2,1,18763,income,021
2,1,18766,income,021
2,1,18768,income,021
2,1,18770,income,021
2,1,18772,income,021
2,1,18775,income,021
2,1,18777,income,021
2,1,18778,income,021
2,1,18781,income,021
2,1,18783,income,021
2,1,18786,income,021
2,1,18787,income,021
2,1,18789,income,021
2,1,18793,income,021
2,1,18796,income,021
2,1,18797,income,021
2,1,18799,income,021
2,1,18801,income,021
2,1,18804,income,021
2,1,18806,income,021
2,1,18809,income,021
2,1,18811,income,021
2,1,18814,income,021
2,1,18816,income,021
2,1,18817,income,021
2,1,18820,income,021
2,1,18823,income,021
2,1,18824,income,021
2,1,18828,income,021
2,1,18830,income,021
2,1,18833,income,021
2,1,18834,income,021
2,1,18837,income,021
2,1,18839,income,021
2,1,18841,income,021
2,1,18844,income,021
2,1,18846,income,021
2,1,18849,income,021
2,1,18852,income,021
2,1,18854,income,021
2,1,18855,income,021
2,1,18859,income,021
2,1,18861,income,021
2,1,18863,income,021
2,1,18865,income,021
2,1,18867,income,021
2,1,18870,income,021
2,1,18872,income,021
2,1,18874,income,021
2,1,18878,income,021
2,1,18879,income,021
2,1,18881,income,021
2,1,18884,income,021
2,1,18886,income,021
2,1,18888,income,021
2,1,18890,income,021
2,1,18892,income,021
2,1,18894,income,021
2,1,18896,income,021
2,1,18899,income,021
2,1,18901,income,021
2,1,18903,income,021
2,1,18906,income,021
2,1,18909,income,021
2,1,18911,income,021
2,1,18913,income,021
2,1,18916,income,021
2,1,18920,income,021
2,1,18922,income,021
2,1,18927,income,021
2,1,18931,income,021
2,1,18935,income,021
2,1,18937,income,021
2,1,18939,income,021
2,1,18941,income,021
2,1,18943,income,021
2,1,18946,income,021
2,1,18948,income,021
2,1,18950,income,021
2,1,18952,income,021
2,1,18955,income,021
2,1,18959,income,021
2,1,18961,income,021
2,1,18962,income,021
2,1,18964,income,021
2,1,18966,income,021
2,1,18968,income,021
2,1,18971,income,021
2,1,18973,income,021
2,1,18975,income,021
2,1,18978,income,021
2,1,18981,income,021
2,1,18984,income,021
2,1,18985,income,021
2,1,18987,income,021
2,1,18990,income,021
2,1,18992,income,021
2,1,18997,income,021
2,1,18999,income,021
2,1,19001,income,021
2,1,19007,income,021
2,1,19008,income,021
2,1,19010,income,021
2,1,19013,income,021
2,1,19017,income,021
2,1,19019,income,021
2,1,19021,income,021
2,1,19024,income,021
2,1,19027,income,021
2,1,19029,income,021
2,1,19031,income,021
2,1,19033,income,021
2,1,19034,income,021
2,1,19036,income,021
2,1,19039,income,021
2,1,19041,income,021
2,1,19043,income,021
2,1,19045,income,021
2,1,19047,income,021
2,1,19050,income,021
2,1,19053,income,021
2,1,19055,income,021
2,1,19058,income,021
2,1,19059,income,021
2,1,19061,income,021
2,1,19063,income,021
2,1,19065,income,021
2,1,19067,income,021
2,1,19069,income,021
2,1,19071,income,021
2,1,19073,income,021
2,1,19076,income,021
2,1,19078,income,021
2,1,19081,income,021
2,1,19083,income,021
2,1,19085,income,021
2,1,19087,income,021
2,1,19090,income,021
2,1,19092,income,021
2,1,19093,income,021
2,1,19096,income,021
2,1,19098,income,021
2,1,19100,income,021
2,1,19102,income,021
2,1,19104,income,021
2,1,19107,income,021
2,1,19109,income,021
2,1,19111,income,021
2,1,19113,income,021
2,1,19116,income,021
2,1,19118,income,021
2,1,19121,income,021
2,1,19122,income,021
2,1,19124,income,021
2,1,19126,income,021
2,1,19133,income,021
2,1,19135,income,021
2,1,19137,income,021
2,1,19138,income,021
2,1,19140,income,021
2,1,19142,income,021
2,1,19144,income,021
2,1,19148,income,021
2,1,19150,income,021
2,1,19155,income,021
2,1,19159,income,021
2,1,19162,income,021
2,1,19165,income,021
2,1,19167,income,021
2,1,19168,income,021
2,1,19170,income,021
2,1,19173,income,021
2,1,19174,income,021
2,1,19177,income,021
2,1,19179,income,021
2,1,19180,income,021
2,1,19183,income,021
2,1,19184,income,021
2,1,19187,income,021
2,1,19191,income,021
2,1,19194,income,021
2,1,19197,income,021
2,1,19200,income,021
2,1,19201,income,021
2,1,19203,income,021
2,1,19207,income,021
2,1,19209,income,021
2,1,19212,income,021
2,1,19214,income,021
2,1,19217,income,021
2,1,19219,income,021
2,1,19222,income,021
2,1,19223,income,021
2,1,19227,income,021
2,1,19228,income,021
2,1,19230,income,021
2,1,19232,income,021
2,1,19235,income,021
2,1,19238,income,021
2,1,19240,income,021
2,1,19243,income,021
2,1,19245,income,021
2,1,19247,income,021
2,1,19252,income,021
2,1,19254,income,021
2,1,19256,income,021
2,1,19258,income,021
2,1,19260,income,021
2,1,19263,income,021
2,1,19267,income,021
2,1,19268,income,021
2,1,19271,income,021
2,1,19272,income,021
2,1,19274,income,021
2,1,19277,income,021
2,1,19280,income,021
2,1,19282,income,021
2,1,19286,income,021
2,1,19288,income,021
2,1,19290,income,021
2,1,19292,income,021
2,1,19296,income,021
2,1,19298,income,021
2,1,19299,income,021
2,1,19301,income,021
2,1,19303,income,021
2,1,19306,income,021
2,1,19309,income,021
2,1,19312,income,021
2,1,19314,income,021
2,1,19316,income,021
2,1,19318,income,021
2,1,19322,income,021
2,1,19324,income,021
2,1,19325,income,021
2,1,19328,income,021
2,1,19329,income,021
2,1,19333,income,021
2,1,19334,income,021
2,1,19336,income,021
2,1,19338,income,021
2,1,19340,income,021
2,1,19343,income,021
2,1,19346,income,021
2,1,19350,income,021
2,1,19353,income,021
2,1,19355,income,021
2,1,19358,income,021
2,1,19360,income,021
2,1,19362,income,021
2,1,19364,income,021
2,1,19366,income,021
2,1,19368,income,021
2,1,19369,income,021
2,1,19371,income,021
2,1,19373,income,021
2,1,19377,income,021
2,1,19379,income,021
2,1,19381,income,021
2,1,19383,income,021
2,1,19385,income,021
2,1,19388,income,021
2,1,19391,income,021
2,1,19394,income,021
2,1,19397,income,021
2,1,19400,income,021
2,1,19404,income,021
2,1,19406,income,021
2,1,19408,income,021
2,1,19410,income,021
2,1,19412,income,021
2,1,19414,income,021
2,1,19416,income,021
2,1,19418,income,021
2,1,19420,income,021
2,1,19423,income,021
2,1,19425,income,021
2,1,19426,income,021
2,1,19429,income,021
2,1,19431,income,021
2,1,19433,income,021
2,1,19435,income,021
2,1,19439,income,021
2,1,19440,income,021
2,1,19444,income,021
2,1,19446,income,021
2,1,19447,income,021
2,1,19449,income,021
2,1,19452,income,021
2,1,19454,income,021
2,1,19457,income,021
2,1,19458,income,021
2,1,19460,income,021
2,1,19464,income,021
2,1,19466,income,021
2,1,19468,income,021
2,1,19471,income,021
2,1,19473,income,021
2,1,19476,income,021
2,1,19479,income,021
2,1,19482,income,021
2,1,19484,income,021
2,1,19487,income,021
2,1,19488,income,021
2,1,19490,income,021
2,1,19492,income,021
2,1,19495,income,021
2,1,19497,income,021
2,1,19499,income,021
2,1,19501,income,021
2,1,19504,income,021
2,1,19507,income,021
2,1,19511,income,021
2,1,19512,income,021
2,1,19515,income,021
2,1,19518,income,021
2,1,19521,income,021
2,1,19523,income,021
2,1,19527,income,021
2,1,19528,income,021
2,1,19530,income,021
2,1,19533,income,021
2,1,19535,income,021
2,1,19537,income,021
2,1,19539,income,021
2,1,19541,income,021
2,1,19543,income,021
2,1,19545,income,021
2,1,19547,income,021
2,1,19554,income,021
2,1,19556,income,021
2,1,19558,income,021
2,1,19560,income,021
2,1,19561,income,021
2,1,19565,income,021
2,1,19568,income,021
2,1,19570,income,021
2,1,19572,income,021
2,1,19574,income,021
2,1,19575,income,021
2,1,19577,income,021
2,1,19579,income,021
2,1,19582,income,021
2,1,19586,income,021
2,1,19588,income,021
2,1,19590,income,021
2,1,19592,income,021
2,1,19594,income,021
2,1,19596,income,021
2,1,19600,income,021
2,1,19602,income,021
2,1,19605,income,021
2,1,19606,income,021
2,1,19608,income,021
2,1,19611,income,021
2,1,19614,income,021
2,1,19616,income,021
2,1,19618,income,021
2,1,19621,income,021
2,1,19623,income,021
2,1,19628,income,021
2,1,19633,income,021
2,1,19636,income,021
2,1,19638,income,021
2,1,19641,income,021
2,1,19642,income,021
2,1,19645,income,021
2,1,19648,income,021
2,1,19650,income,021
2,1,19654,income,021
2,1,19656,income,021
2,1,19658,income,021
2,1,19665,income,021
2,1,19668,income,021
2,1,19669,income,021
2,1,19675,income,021
2,1,19676,income,021
2,1,19678,income,021
2,1,19680,income,021
2,1,19682,income,021
2,1,19684,income,021
2,1,19686,income,021
2,1,19689,income,021
2,1,19691,income,021
2,1,19695,income,021
2,1,19700,income,021
2,1,19702,income,021
2,1,19704,income,021
2,1,19706,income,021
2,1,19708,income,021
2,1,19712,income,021
2,1,19714,income,021
2,1,19716,income,021
2,1,19718,income,021
2,1,19721,income,021
2,1,19723,income,021
2,1,19728,income,021
2,1,19730,income,021
2,1,19731,income,021
2,1,19733,income,021
2,1,19736,income,021
2,1,19740,income,021
2,1,19742,income,021
2,1,19745,income,021
2,1,19747,income,021
2,1,19749,income,021
2,1,19756,income,021
2,1,19758,income,021
2,1,19761,income,021
2,1,19764,income,021
2,1,19765,income,021
2,1,19767,income,021
2,1,19771,income,021
2,1,19773,income,021
2,1,19775,income,021
2,1,19778,income,021
2,1,19780,income,021
2,1,19781,income,021
2,1,19784,income,021
2,1,19786,income,021
2,1,19789,income,021
2,1,19790,income,021
2,1,19796,income,021
2,1,19799,income,021
2,1,19802,income,021
2,1,19804,income,021
2,1,19806,income,021
2,1,19808,income,021
2,1,19810,income,021
2,1,19812,income,021
2,1,19815,income,021
2,1,19817,income,021
2,1,19820,income,021
2,1,19822,income,021
2,1,19824,income,021
2,1,19826,income,021
2,1,19831,income,021
2,1,19833,income,021
2,1,19836,income,021
2,1,19839,income,021
2,1,19840,income,021
2,1,19842,income,021
2,1,19845,income,021
2,1,19850,income,021
2,1,19852,income,021
2,1,19854,income,021
2,1,19855,income,021
2,1,19857,income,021
2,1,19861,income,021
2,1,19863,income,021
2,1,19865,income,021
2,1,19868,income,021
2,1,19870,income,021
2,1,19872,income,021
2,1,19875,income,021
2,1,19877,income,021
2,1,19879,income,021
2,1,19883,income,021
2,1,19887,income,021
2,1,19889,income,021
2,1,19891,income,021
2,1,19893,income,021
2,1,19895,income,021
2,1,19899,income,021
2,1,19902,income,021
2,1,19904,income,021
2,1,19908,income,021
2,1,19909,income,021
2,1,19913,income,021
2,1,19915,income,021
2,1,19917,income,021
2,1,19920,income,021
2,1,19922,income,021
2,1,19925,income,021
2,1,19929,income,021
2,1,19931,income,021
2,1,19932,income,021
2,1,19934,income,021
2,1,19936,income,021
2,1,19940,income,021
2,1,19942,income,021
2,1,19944,income,021
2,1,19947,income,021
2,1,19950,income,021
2,1,19954,income,021
2,1,19958,income,021
2,1,19959,income,021
2,1,19961,income,021
2,1,19963,income,021
2,1,19965,income,021
2,1,19967,income,021
2,1,19970,income,021
2,1,19972,income,021
2,1,19975,income,021
2,1,19977,income,021
2,1,19979,income,021
2,1,19981,income,021
2,1,19985,income,021
2,1,19987,income,021
2,1,19992,income,021
2,1,19994,income,021
2,1,19999,income,021
2,1,20002,income,021
2,1,20004,income,021
2,1,20008,income,021
2,1,20010,income,021
2,1,20014,income,021
2,1,20016,income,021
2,1,20018,income,021
2,1,20021,income,021
2,1,20024,income,021
2,1,20027,income,021
2,1,20028,income,021
2,1,20031,income,021
2,1,20035,income,021
2,1,20036,income,021
2,1,20038,income,021
2,1,20040,income,021
2,1,20042,income,021
2,1,20044,income,021
2,1,20047,income,021
2,1,20050,income,021
2,1,20052,income,021
2,1,20054,income,021
2,1,20056,income,021
2,1,20058,income,021
2,1,20060,income,021
2,1,20062,income,021
2,1,20064,income,021
2,1,20066,income,021
2,1,20068,income,021
2,1,20072,income,021
2,1,20076,income,021
2,1,20080,income,021
2,1,20081,income,021
2,1,20083,income,021
2,1,20086,income,021
2,1,20089,income,021
2,1,20091,income,021
2,1,20093,income,021
2,1,20096,income,021
2,1,20098,income,021
2,1,20100,income,021
2,1,20101,income,021
2,1,20103,income,021
2,1,20105,income,021
2,1,20107,income,021
2,1,20109,income,021
2,1,20112,income,021
2,1,20114,income,021
2,1,20119,income,021
2,1,20121,income,021
2,1,20123,income,021
2,1,20125,income,021
2,1,20128,income,021
2,1,20132,income,021
2,1,20134,income,021
2,1,20136,income,021
2,1,20138,income,021
2,1,20141,income,021
2,1,20144,income,021
2,1,20146,income,021
2,1,20148,income,021
2,1,20150,income,021
2,1,20152,income,021
2,1,20155,income,021
2,1,20156,income,021
2,1,20159,income,021
2,1,20161,income,021
2,1,20163,income,021
2,1,20164,income,021
2,1,20166,income,021
2,1,20170,income,021
2,1,20176,income,021
2,1,20178,income,021
2,1,20181,income,021
2,1,20182,income,021
2,1,20186,income,021
2,1,20187,income,021
2,1,20189,income,021
2,1,20194,income,021
2,1,20197,income,021
2,1,20199,income,021
2,1,20201,income,021
2,1,20204,income,021
2,1,20206,income,021
2,1,20207,income,021
2,1,20211,income,021
2,1,20213,income,021
2,1,20219,income,021
2,1,20221,income,021
2,1,20223,income,021
2,1,20225,income,021
2,1,20227,income,021
2,1,20230,income,021
2,1,20232,income,021
2,1,20235,income,021
2,1,20238,income,021
2,1,20240,income,021
2,1,20241,income,021
2,1,20243,income,021
2,1,20246,income,021
2,1,20247,income,021
2,1,20249,income,021
2,1,20253,income,021
2,1,20256,income,021
2,1,20259,income,021
2,1,20260,income,021
2,1,20264,income,021
2,1,20266,income,021
2,1,20268,income,021
2,1,20270,income,021
2,1,20272,income,021
2,1,20274,income,021
2,1,20277,income,021
2,1,20281,income,021
2,1,20283,income,021
2,1,20287,income,021
2,1,20289,income,021
2,1,20292,income,021
2,1,20295,income,021
2,1,20296,income,021
2,1,20298,income,021
2,1,20303,income,021
2,1,20306,income,021
2,1,20308,income,021
2,1,20311,income,021
2,1,20313,income,021
2,1,20315,income,021
2,1,20318,income,021
2,1,20319,income,021
2,1,20322,income,021
2,1,20327,income,021
2,1,20329,income,021
2,1,20331,income,021
2,1,20333,income,021
2,1,20336,income,021
2,1,20338,income,021
2,1,20343,income,021
2,1,20347,income,021
2,1,20348,income,021
2,1,20350,income,021
2,1,20353,income,021
2,1,20354,income,021
2,1,20357,income,021
2,1,20359,income,021
2,1,20362,income,021
2,1,20363,income,021
2,1,20365,income,021
2,1,20367,income,021
2,1,20369,income,021
2,1,20371,income,021
2,1,20373,income,021
2,1,20376,income,021
2,1,20379,income,021
2,1,20380,income,021
2,1,20383,income,021
2,1,20385,income,021
2,1,20388,income,021
2,1,20390,income,021
2,1,20393,income,021
2,1,20395,income,021
2,1,20397,income,021
2,1,20400,income,021
2,1,20402,income,021
2,1,20404,income,021
2,1,20405,income,021
2,1,20407,income,021
2,1,20410,income,021
2,1,20412,income,021
2,1,20414,income,021
2,1,20418,income,021
2,1,20420,income,021
2,1,20422,income,021
2,1,20424,income,021
2,1,20425,income,021
2,1,20427,income,021
2,1,20431,income,021
2,1,20435,income,021
2,1,20437,income,021
2,1,20439,income,021
2,1,20442,income,021
2,1,20444,income,021
2,1,20446,income,021
2,1,20448,income,021
2,1,20449,income,021
2,1,20454,income,021
2,1,20456,income,021
2,1,20458,income,021
2,1,20460,income,021
2,1,20462,income,021
2,1,20466,income,021
2,1,20467,income,021
2,1,20470,income,021
2,1,20473,income,021
2,1,20475,income,021
2,1,20477,income,021
2,1,20480,income,021
2,1,20482,income,021
2,1,20484,income,021
2,1,20487,income,021
2,1,20490,income,021
2,1,20491,income,021
2,1,20493,income,021
2,1,20497,income,021
2,1,20499,income,021
2,1,20503,income,021
2,1,20506,income,021
2,1,20508,income,021
2,1,20510,income,021
2,1,20514,income,021
2,1,20515,income,021
2,1,20520,income,021
2,1,20521,income,021
2,1,20523,income,021
2,1,20526,income,021
2,1,20528,income,021
2,1,20531,income,021
2,1,20535,income,021
2,1,20536,income,021
2,1,20539,income,021
2,1,20542,income,021
2,1,20545,income,021
2,1,20547,income,021
2,1,20550,income,021
2,1,20553,income,021
2,1,20554,income,021
2,1,20558,income,021
2,1,20559,income,021
2,1,20563,income,021
2,1,20566,income,021
2,1,20568,income,021
2,1,20570,income,021
2,1,20574,income,021
2,1,20576,income,021
2,1,20578,income,021
2,1,20580,income,021
2,1,20582,income,021
2,1,20585,income,021
2,1,20586,income,021
2,1,20589,income,021
2,1,20591,income,021
2,1,20592,income,021
2,1,20595,income,021
2,1,20597,income,021
2,1,20601,income,021
2,1,20603,income,021
2,1,20605,income,021
2,1,20607,income,021
2,1,20610,income,021
2,1,20614,income,021
2,1,20616,income,021
2,1,20618,income,021
2,1,20621,income,021
2,1,20624,income,021
2,1,20625,income,021
2,1,20627,income,021
2,1,20632,income,021
2,1,20635,income,021
2,1,20637,income,021
2,1,20638,income,021
2,1,20640,income,021
2,1,20642,income,021
2,1,20644,income,021
2,1,20646,income,021
2,1,20650,income,021
2,1,20652,income,021
2,1,20655,income,021
2,1,20657,income,021
2,1,20659,income,021
2,1,20662,income,021
2,1,20663,income,021
2,1,20665,income,021
2,1,20667,income,021
2,1,20670,income,021
2,1,20672,income,021
2,1,20674,income,021
2,1,20677,income,021
2,1,20679,income,021
2,1,20681,income,021
2,1,20685,income,021
2,1,20688,income,021
2,1,20690,income,021
2,1,20692,income,021
2,1,20694,income,021
2,1,20696,income,021
2,1,20697,income,021
2,1,20700,income,021
2,1,20703,income,021
2,1,20706,income,021
2,1,20708,income,021
2,1,20711,income,021
2,1,20713,income,021
2,1,20716,income,021
2,1,20717,income,021
2,1,20720,income,021
2,1,20723,income,021
2,1,20725,income,021
2,1,20728,income,021
2,1,20729,income,021
2,1,20732,income,021
2,1,20733,income,021
2,1,20735,income,021
2,1,20737,income,021
2,1,20739,income,021
2,1,20743,income,021
2,1,20746,income,021
2,1,20748,income,021
2,1,20749,income,021
2,1,20753,income,021
2,1,20755,income,021
2,1,20757,income,021
2,1,20759,income,021
2,1,20760,income,021
2,1,20765,income,021
2,1,20768,income,021
2,1,20770,income,021
2,1,20773,income,021
2,1,20776,income,021
2,1,20777,income,021
2,1,20779,income,021
2,1,20783,income,021
2,1,20786,income,021
2,1,20788,income,021
2,1,20790,income,021
2,1,20794,income,021
2,1,20795,income,021
2,1,20799,income,021
2,1,20802,income,021
2,1,20804,income,021
2,1,20805,income,021
2,1,20807,income,021
2,1,20810,income,021
2,1,20813,income,021
2,1,20814,income,021
2,1,20817,income,021
2,1,20819,income,021
2,1,20822,income,021
2,1,20826,income,021
2,1,20827,income,021
2,1,20830,income,021
2,1,20833,income,021
2,1,20836,income,021
2,1,20838,income,021
2,1,20840,income,021
2,1,20845,income,021
2,1,20848,income,021
2,1,20850,income,021
2,1,20852,income,021
2,1,20854,income,021
2,1,20856,income,021
2,1,20858,income,021
2,1,20861,income,021
2,1,20863,income,021
2,1,20869,income,021
2,1,20871,income,021
2,1,20873,income,021
2,1,20877,income,021
2,1,20879,income,021
2,1,20881,income,021
2,1,20883,income,021
2,1,20885,income,021
2,1,20887,income,021
2,1,20889,income,021
2,1,20891,income,021
2,1,20895,income,021
2,1,20897,income,021
2,1,20898,income,021
2,1,20900,income,021
2,1,20904,income,021
2,1,20905,income,021
2,1,20907,income,021
2,1,20912,income,021
2,1,20914,income,021
2,1,20916,income,021
2,1,20918,income,021
2,1,20920,income,021
2,1,20921,income,021
2,1,20924,income,021
2,1,20926,income,021
2,1,20928,income,021
2,1,20930,income,021
2,1,20933,income,021
2,1,20937,income,021
2,1,20940,income,021
2,1,20941,income,021
2,1,20945,income,021
2,1,20947,income,021
2,1,20949,income,021
2,1,20951,income,021
2,1,20953,income,021
2,1,20955,income,021
2,1,20961,income,021
2,1,20963,income,021
2,1,20964,income,021
2,1,20966,income,021
2,1,20968,income,021
2,1,20970,income,021
2,1,20973,income,021
2,1,20976,income,021
2,1,20978,income,021
2,1,20980,income,021
2,1,20982,income,021
2,1,20985,income,021
2,1,20987,income,021
2,1,20989,income,021
2,1,20990,income,021
2,1,20993,income,021
2,1,20996,income,021
2,1,20998,income,021
2,1,21000,income,021
2,1,21002,income,021
2,1,21004,income,021
2,1,21015,income,021
2,1,21020,income,021
2,1,21022,income,021
2,1,21023,income,021
2,1,21025,income,021
2,1,21028,income,021
2,1,21032,income,021
2,1,21033,income,021
2,1,21036,income,021
2,1,21038,income,021
2,1,21043,income,021
2,1,21044,income,021
2,1,21047,income,021
2,1,21050,income,021
2,1,21051,income,021
2,1,21055,income,021
2,1,21057,income,021
2,1,21064,income,021
2,1,21066,income,021
2,1,21068,income,021
2,1,21071,income,021
2,1,21073,income,021
2,1,21079,income,021
2,1,21082,income,021
2,1,21083,income,021
2,1,21085,income,021
2,1,21087,income,021
2,1,21092,income,021
2,1,21094,income,021
2,1,21096,income,021
2,1,21098,income,021
2,1,21099,income,021
2,1,21101,income,021
2,1,21105,income,021
2,1,21107,income,021
2,1,21110,income,021
2,1,21112,income,021
2,1,21113,income,021
2,1,21116,income,021
2,1,21121,income,021
2,1,21122,income,021
2,1,21125,income,021
2,1,21128,income,021
2,1,21130,income,021
2,1,21133,income,021
2,1,21138,income,021
2,1,21140,income,021
2,1,21142,income,021
2,1,21143,income,021
2,1,21149,income,021
2,1,21151,income,021
2,1,21154,income,021
2,1,21157,income,021
2,1,21159,income,021
2,1,21160,income,021
2,1,21162,income,021
2,1,21164,income,021
2,1,21166,income,021
2,1,21170,income,021
2,1,21174,income,021
2,1,21176,income,021
2,1,21178,income,021
2,1,21180,income,021
2,1,21182,income,021
2,1,21184,income,021
2,1,21186,income,021
2,1,21188,income,021
2,1,21193,income,021
2,1,21195,income,021
2,1,21196,income,021
2,1,21200,income,021
2,1,21202,income,021
2,1,21206,income,021
2,1,21208,income,021
2,1,21210,income,021
2,1,21214,income,021
2,1,21215,income,021
2,1,21218,income,021
2,1,21220,income,021
2,1,21225,income,021
2,1,21226,income,021
2,1,21232,income,021
2,1,21234,income,021
2,1,21238,income,021
2,1,21239,income,021
2,1,21243,income,021
2,1,21245,income,021
2,1,21247,income,021
2,1,21250,income,021
2,1,21254,income,021
2,1,21256,income,021
2,1,21257,income,021
2,1,21260,income,021
2,1,21266,income,021
2,1,21268,income,021
2,1,21270,income,021
2,1,21276,income,021
2,1,21279,income,021
2,1,21281,income,021
2,1,21284,income,021
2,1,21286,income,021
2,1,21287,income,021
2,1,21292,income,021
2,1,21294,income,021
2,1,21296,income,021
2,1,21299,income,021
2,1,21305,income,021
2,1,21307,income,021
2,1,21309,income,021
2,1,21311,income,021
2,1,21313,income,021
2,1,21315,income,021
2,1,21318,income,021
2,1,21320,income,021
2,1,21323,income,021
2,1,21324,income,021
2,1,21328,income,021
2,1,21330,income,021
2,1,21333,income,021
2,1,21335,income,021
2,1,21337,income,021
2,1,21339,income,021
2,1,21341,income,021
2,1,21344,income,021
2,1,21347,income,021
2,1,21353,income,021
2,1,21354,income,021
2,1,21356,income,021
2,1,21358,income,021
2,1,21360,income,021
2,1,21363,income,021
2,1,21365,income,021
2,1,21369,income,021
2,1,21371,income,021
2,1,21373,income,021
2,1,21374,income,021
2,1,21376,income,021
2,1,21381,income,021
2,1,21384,income,021
2,1,21390,income,021
2,1,21392,income,021
2,1,21395,income,021
2,1,21397,income,021
2,1,21399,income,021
2,1,21400,income,021
2,1,21403,income,021
2,1,21405,income,021
2,1,21409,income,021
2,1,21411,income,021
2,1,21414,income,021
2,1,21417,income,021
2,1,21419,income,021
2,1,21423,income,021
2,1,21426,income,021
2,1,21428,income,021
2,1,21431,income,021
2,1,21433,income,021
2,1,21435,income,021
2,1,21436,income,021
2,1,21438,income,021
2,1,21441,income,021
2,1,21442,income,021
2,1,21446,income,021
2,1,21448,income,021
2,1,21450,income,021
2,1,21451,income,021
2,1,21453,income,021
2,1,21456,income,021
2,1,21461,income,021
2,1,21463,income,021
2,1,21465,income,021
2,1,21468,income,021
2,1,21470,income,021
2,1,21473,income,021
2,1,21474,income,021
2,1,21476,income,021
2,1,21478,income,021
2,1,21480,income,021
2,1,21483,income,021
2,1,21485,income,021
2,1,21488,income,021
2,1,21492,income,021
2,1,21495,income,021
2,1,21497,income,021
2,1,21499,income,021
2,1,21502,income,021
2,1,21504,income,021
2,1,21506,income,021
2,1,21508,income,021
2,1,21509,income,021
2,1,21511,income,021
2,1,21513,income,021
2,1,21516,income,021
2,1,21518,income,021
2,1,21519,income,021
2,1,21522,income,021
2,1,21525,income,021
2,1,21527,income,021
2,1,21529,income,021
2,1,21532,income,021
2,1,21535,income,021
2,1,21537,income,021
2,1,21540,income,021
2,1,21542,income,021
2,1,21545,income,021
2,1,21546,income,021
2,1,21549,income,021
2,1,21550,income,021
2,1,21554,income,021
2,1,21556,income,021
2,1,21558,income,021
2,1,21560,income,021
2,1,21563,income,021
2,1,21567,income,021
2,1,21569,income,021
2,1,21571,income,021
2,1,21574,income,021
2,1,21576,income,021
2,1,21579,income,021
2,1,21580,income,021
2,1,21583,income,021
2,1,21585,income,021
2,1,21587,income,021
2,1,21589,income,021
2,1,21592,income,021
2,1,21596,income,021
2,1,21597,income,021
2,1,21599,income,021
2,1,21603,income,021
2,1,21608,income,021
2,1,21610,income,021
2,1,21615,income,021
2,1,21619,income,021
2,1,21625,income,021
2,1,21628,income,021
2,1,21630,income,021
2,1,21633,income,021
2,1,21636,income,021
2,1,21638,income,021
2,1,21642,income,021
2,1,21644,income,021
2,1,21645,income,021
2,1,21647,income,021
2,1,21650,income,021
2,1,21653,income,021
2,1,21654,income,021
2,1,21656,income,021
2,1,21659,income,021
2,1,21662,income,021
2,1,21665,income,021
2,1,21669,income,021
2,1,21670,income,021
2,1,21672,income,021
2,1,21675,income,021
2,1,21677,income,021
2,1,21679,income,021
2,1,21681,income,021
2,1,21685,income,021
2,1,21687,income,021
2,1,21689,income,021
2,1,21692,income,021
2,1,21693,income,021
2,1,21696,income,021
2,1,21698,income,021
2,1,21700,income,021
2,1,21701,income,021
2,1,21703,income,021
2,1,21705,income,021
2,1,21708,income,021
2,1,21711,income,021
2,1,21713,income,021
2,1,21714,income,021
2,1,21718,income,021
2,1,21724,income,021
2,1,21727,income,021
2,1,21729,income,021
2,1,21733,income,021
2,1,21735,income,021
2,1,21736,income,021
2,1,21738,income,021
2,1,21740,income,021
2,1,21744,income,021
2,1,21746,income,021
2,1,21748,income,021
2,1,21753,income,021
2,1,21756,income,021
2,1,21760,income,021
2,1,21762,income,021
2,1,21765,income,021
2,1,21767,income,021
2,1,21769,income,021
2,1,21771,income,021
2,1,21773,income,021
2,1,21776,income,021
2,1,21777,income,021
2,1,21779,income,021
2,1,21781,income,021
2,1,21783,income,021
2,1,21785,income,021
2,1,21788,income,021
2,1,21789,income,021
2,1,21791,income,021
2,1,21793,income,021
2,1,21796,income,021
2,1,21797,income,021
2,1,21799,income,021
2,1,21802,income,021
2,1,21804,income,021
2,1,21807,income,021
2,1,21809,income,021
2,1,21811,income,021
2,1,21813,income,021
2,1,21815,income,021
2,1,21816,income,021
2,1,21819,income,021
2,1,21822,income,021
2,1,21823,income,021
2,1,21825,income,021
2,1,21829,income,021
2,1,21832,income,021
2,1,21833,income,021
2,1,21838,income,021
2,1,21840,income,021
2,1,21843,income,021
2,1,21845,income,021
2,1,21847,income,021
2,1,21850,income,021
2,1,21853,income,021
2,1,21857,income,021
2,1,21858,income,021
2,1,21860,income,021
2,1,21862,income,021
2,1,21864,income,021
2,1,21867,income,021
2,1,21873,income,021
2,1,21874,income,021
2,1,21878,income,021
2,1,21882,income,021
2,1,21885,income,021
2,1,21886,income,021
2,1,21888,income,021
2,1,21890,income,021
2,1,21892,income,021
2,1,21895,income,021
2,1,21897,income,021
2,1,21899,income,021
2,1,21901,income,021
2,1,21905,income,021
2,1,21907,income,021
2,1,21908,income,021
2,1,21911,income,021
2,1,21914,income,021
2,1,21918,income,021
2,1,21920,income,021
2,1,21924,income,021
2,1,21926,income,021
2,1,21929,income,021
2,1,21930,income,021
2,1,21935,income,021
2,1,21937,income,021
2,1,21940,income,021
2,1,21944,income,021
2,1,21947,income,021
2,1,21950,income,021
2,1,21952,income,021
2,1,21953,income,021
2,1,21956,income,021
2,1,21958,income,021
2,1,21960,income,021
2,1,21962,income,021
2,1,21965,income,021
2,1,21967,income,021
2,1,21968,income,021
2,1,21971,income,021
2,1,21973,income,021
2,1,21974,income,021
2,1,21977,income,021
2,1,21978,income,021
2,1,21981,income,021
2,1,21983,income,021
2,1,21986,income,021
2,1,21988,income,021
2,1,21990,income,021
2,1,21992,income,021
2,1,21994,income,021
2,1,21997,income,021
2,1,22000,income,021
2,1,22003,income,021
2,1,22006,income,021
2,1,22007,income,021
2,1,22010,income,021
2,1,22013,income,021
2,1,22016,income,021
2,1,22018,income,021
2,1,22021,income,021
2,1,22024,income,021
2,1,22025,income,021
2,1,22027,income,021
2,1,22029,income,021
2,1,22032,income,021
2,1,22036,income,021
2,1,22040,income,021
2,1,22043,income,021
2,1,22044,income,021
2,1,22048,income,021
2,1,22050,income,021
2,1,22052,income,021
2,1,22053,income,021
2,1,22056,income,021
2,1,22061,income,021
2,1,22063,income,021
2,1,22066,income,021
2,1,22067,income,021
2,1,22069,income,021
2,1,22071,income,021
2,1,22074,income,021
2,1,22076,income,021
2,1,22077,income,021
2,1,22081,income,021
2,1,22083,income,021
2,1,22086,income,021
2,1,22089,income,021
2,1,22090,income,021
2,1,22092,income,021
2,1,22094,income,021
2,1,22099,income,021
2,1,22101,income,021
2,1,22103,income,021
2,1,22105,income,021
2,1,22107,income,021
2,1,22108,income,021
2,1,22110,income,021
2,1,22112,income,021
2,1,22116,income,021
2,1,22117,income,021
2,1,22122,income,021
2,1,22124,income,021
2,1,22128,income,021
2,1,22130,income,021
2,1,22133,income,021
2,1,22138,income,021
2,1,22139,income,021
2,1,22141,income,021
2,1,22144,income,021
2,1,22146,income,021
2,1,22148,income,021
2,1,22151,income,021
2,1,22153,income,021
2,1,22157,income,021
2,1,22159,income,021
2,1,22161,income,021
2,1,22162,income,021
2,1,22165,income,021
2,1,22167,income,021
2,1,22168,income,021
2,1,22170,income,021
2,1,22173,income,021
2,1,22176,income,021
2,1,22178,income,021
2,1,22183,income,021
2,1,22185,income,021
2,1,22188,income,021
2,1,22190,income,021
2,1,22192,income,021
2,1,22195,income,021
2,1,22196,income,021
2,1,22199,income,021
2,1,22203,income,021
2,1,22207,income,021
2,1,22209,income,021
2,1,22211,income,021
2,1,22212,income,021
2,1,22215,income,021
2,1,22216,income,021
2,1,22223,income,021
2,1,22225,income,021
2,1,22227,income,021
2,1,22229,income,021
2,1,22232,income,021
2,1,22233,income,021
2,1,22235,income,021
2,1,22237,income,021
2,1,22239,income,021
2,1,22241,income,021
2,1,22244,income,021
2,1,22246,income,021
2,1,22249,income,021
2,1,22252,income,021
2,1,22255,income,021
2,1,22257,income,021
2,1,22258,income,021
2,1,22260,income,021
2,1,22263,income,021
2,1,22265,income,021
2,1,22269,income,021
2,1,22271,income,021
2,1,22273,income,021
2,1,22275,income,021
2,1,22277,income,021
2,1,22278,income,021
2,1,22282,income,021
2,1,22284,income,021
2,1,22287,income,021
2,1,22289,income,021
2,1,22292,income,021
2,1,22294,income,021
2,1,22298,income,021
2,1,22299,income,021
2,1,22302,income,021
2,1,22304,income,021
2,1,22307,income,021
2,1,22309,income,021
2,1,22312,income,021
2,1,22316,income,021
2,1,22320,income,021
2,1,22322,income,021
2,1,22327,income,021
2,1,22329,income,021
2,1,22331,income,021
2,1,22335,income,021
2,1,22336,income,021
2,1,22341,income,021
2,1,22343,income,021
2,1,22344,income,021
2,1,22347,income,021
2,1,22349,income,021
2,1,22353,income,021
2,1,22355,income,021
2,1,22357,income,021
2,1,22359,income,021
2,1,22362,income,021
2,1,22364,income,021
2,1,22365,income,021
2,1,22368,income,021
2,1,22370,income,021
2,1,22372,income,021
2,1,22373,income,021
2,1,22377,income,021
2,1,22379,income,021
2,1,22381,income,021
2,1,22384,income,021
2,1,22385,income,021
2,1,22388,income,021
2,1,22389,income,021
2,1,22393,income,021
2,1,22396,income,021
2,1,22399,income,021
2,1,22401,income,021
2,1,22405,income,021
2,1,22406,income,021
2,1,22408,income,021
2,1,22411,income,021
2,1,22414,income,021
2,1,22422,income,021
2,1,22423,income,021
2,1,22425,income,021
2,1,22428,income,021
2,1,22431,income,021
2,1,22433,income,021
2,1,22436,income,021
2,1,22438,income,021
2,1,22444,income,021
2,1,22446,income,021
2,1,22448,income,021
2,1,22449,income,021
2,1,22451,income,021
2,1,22456,income,021
2,1,22459,income,021
2,1,22460,income,021
2,1,22463,income,021
2,1,22465,income,021
2,1,22466,income,021
2,1,22468,income,021
2,1,22470,income,021
2,1,22472,income,021
2,1,22474,income,021
2,1,22477,income,021
2,1,22481,income,021
2,1,22483,income,021
2,1,22487,income,021
2,1,22490,income,021
2,1,22492,income,021
2,1,22494,income,021
2,1,22497,income,021
2,1,22501,income,021
2,1,22503,income,021
2,1,22504,income,021
2,1,22506,income,021
2,1,22509,income,021
2,1,22511,income,021
2,1,22513,income,021
2,1,22519,income,021
2,1,22522,income,021
2,1,22525,income,021
2,1,22528,income,021
2,1,22529,income,021
2,1,22532,income,021
2,1,22536,income,021
2,1,22539,income,021
2,1,22543,income,021
2,1,22548,income,021
2,1,22549,income,021
2,1,22551,income,021
2,1,22555,income,021
2,1,22557,income,021
2,1,22560,income,021
2,1,22563,income,021
2,1,22565,income,021
2,1,22567,income,021
2,1,22568,income,021
2,1,22570,income,021
2,1,22572,income,021
2,1,22575,income,021
2,1,22577,income,021
2,1,22579,income,021
2,1,22581,income,021
2,1,22584,income,021
2,1,22586,income,021
2,1,22590,income,021
2,1,22592,income,021
2,1,22594,income,021
2,1,22596,income,021
2,1,22598,income,021
2,1,22600,income,021
2,1,22604,income,021
2,1,22605,income,021
2,1,22609,income,021
2,1,22612,income,021
2,1,22614,income,021
2,1,22618,income,021
2,1,22620,income,021
2,1,22625,income,021
2,1,22626,income,021
2,1,22629,income,021
2,1,22631,income,021
2,1,22633,income,021
2,1,22636,income,021
2,1,22638,income,021
2,1,22641,income,021
2,1,22643,income,021
2,1,22646,income,021
2,1,22650,income,021
2,1,22652,income,021
2,1,22656,income,021
2,1,22658,income,021
2,1,22662,income,021
2,1,22663,income,021
2,1,22665,income,021
2,1,22669,income,021
2,1,22670,income,021
2,1,22672,income,021
2,1,22674,income,021
2,1,22677,income,021
2,1,22678,income,021
2,1,22682,income,021
2,1,22686,income,021
2,1,22689,income,021
2,1,22691,income,021
2,1,22694,income,021
2,1,22696,income,021
2,1,22698,income,021
2,1,22702,income,021
2,1,22705,income,021
2,1,22707,income,021
2,1,22708,income,021
2,1,22712,income,021
2,1,22714,income,021
2,1,22717,income,021
2,1,22719,income,021
2,1,22725,income,021
2,1,22727,income,021
2,1,22729,income,021
2,1,22732,income,021
2,1,22737,income,021
2,1,22738,income,021
2,1,22740,income,021
2,1,22742,income,021
2,1,22745,income,021
2,1,22748,income,021
2,1,22752,income,021
2,1,22754,income,021
2,1,22757,income,021
2,1,22760,income,021
2,1,22761,income,021
2,1,22764,income,021
2,1,22768,income,021
2,1,22769,income,021
2,1,22772,income,021
2,1,22774,income,021
2,1,22776,income,021
2,1,22780,income,021
2,1,22783,income,021
2,1,22784,income,021
2,1,22786,income,021
2,1,22791,income,021
2,1,22793,income,021
2,1,22795,income,021
2,1,22797,income,021
2,1,22798,income,021
2,1,22801,income,021
2,1,22802,income,021
2,1,22805,income,021
2,1,22807,income,021
2,1,22810,income,021
2,1,22811,income,021
2,1,22813,income,021
2,1,22817,income,021
2,1,22820,income,021
2,1,22821,income,021
2,1,22823,income,021
2,1,22825,income,021
2,1,22827,income,021
2,1,22830,income,021
2,1,22832,income,021
2,1,22834,income,021
2,1,22836,income,021
2,1,22839,income,021
2,1,22841,income,021
2,1,22843,income,021
2,1,22845,income,021
2,1,22847,income,021
2,1,22850,income,021
2,1,22855,income,021
2,1,22858,income,021
2,1,22860,income,021
2,1,22862,income,021
2,1,22866,income,021
2,1,22867,income,021
2,1,22869,income,021
2,1,22873,income,021
2,1,22875,income,021
2,1,22877,income,021
2,1,22878,income,021
2,1,22880,income,021
2,1,22884,income,021
2,1,22886,income,021
2,1,22889,income,021
2,1,22890,income,021
2,1,22893,income,021
2,1,22896,income,021
2,1,22899,income,021
2,1,22901,income,021
2,1,22904,income,021
2,1,22906,income,021
2,1,22910,income,021
2,1,22912,income,021
2,1,22914,income,021
2,1,22915,income,021
2,1,22918,income,021
2,1,22919,income,021
2,1,22921,income,021
2,1,22924,income,021
2,1,22926,income,021
2,1,22928,income,021
2,1,22932,income,021
2,1,22935,income,021
2,1,22939,income,021
2,1,22942,income,021
2,1,22944,income,021
2,1,22946,income,021
2,1,22948,income,021
2,1,22950,income,021
2,1,22952,income,021
2,1,22954,income,021
2,1,22956,income,021
2,1,22957,income,021
2,1,22960,income,021
2,1,22965,income,021
2,1,22967,income,021
2,1,22970,income,021
2,1,22972,income,021
2,1,22975,income,021
2,1,22977,income,021
2,1,22978,income,021
2,1,22980,income,021
2,1,22983,income,021
2,1,22985,income,021
2,1,22988,income,021
2,1,22989,income,021
2,1,22992,income,021
2,1,22994,income,021
2,1,22996,income,021
2,1,22997,income,021
2,1,22999,income,021
2,1,23001,income,021
2,1,23003,income,021
2,1,23007,income,021
2,1,23009,income,021
2,1,23012,income,021
2,1,23014,income,021
2,1,23016,income,021
2,1,23018,income,021
2,1,23020,income,021
2,1,23022,income,021
2,1,23024,income,021
2,1,23025,income,021
2,1,23027,income,021
2,1,23029,income,021
2,1,23033,income,021
2,1,23035,income,021
2,1,23037,income,021
2,1,23040,income,021
2,1,23043,income,021
2,1,23045,income,021
2,1,23049,income,021
2,1,23051,income,021
2,1,23053,income,021
2,1,23056,income,021
2,1,23059,income,021
2,1,23063,income,021
2,1,23065,income,021
2,1,23066,income,021
2,1,23070,income,021
2,1,23072,income,021
2,1,23074,income,021
2,1,23078,income,021
2,1,23080,income,021
2,1,23082,income,021
2,1,23083,income,021
2,1,23087,income,021
2,1,23089,income,021
2,1,23091,income,021
2,1,23094,income,021
2,1,23096,income,021
2,1,23098,income,021
2,1,23100,income,021
2,1,23102,income,021
2,1,23105,income,021
2,1,23108,income,021
2,1,23110,income,021
2,1,23113,income,021
2,1,23114,income,021
2,1,23118,income,021
2,1,23120,income,021
2,1,23122,income,021
2,1,23126,income,021
2,1,23130,income,021
2,1,23132,income,021
2,1,23136,income,021
2,1,23138,income,021
2,1,23142,income,021
2,1,23146,income,021
2,1,23148,income,021
2,1,23150,income,021
2,1,23152,income,021
2,1,23154,income,021
2,1,23157,income,021
2,1,23160,income,021
2,1,23162,income,021
2,1,23164,income,021
2,1,23166,income,021
2,1,23168,income,021
2,1,23170,income,021
2,1,23172,income,021
2,1,23174,income,021
2,1,23176,income,021
2,1,23179,income,021
2,1,23183,income,021
2,1,23185,income,021
2,1,23188,income,021
2,1,23191,income,021
2,1,23194,income,021
2,1,23196,income,021
2,1,23198,income,021
2,1,23199,income,021
2,1,23203,income,021
2,1,23204,income,021
2,1,23206,income,021
2,1,23208,income,021
2,1,23211,income,021
2,1,23214,income,021
2,1,23217,income,021
2,1,23218,income,021
2,1,23221,income,021
2,1,23223,income,021
2,1,23225,income,021
2,1,23227,income,021
2,1,23229,income,021
2,1,23234,income,021
2,1,23236,income,021
2,1,23239,income,021
2,1,23242,income,021
2,1,23243,income,021
2,1,23245,income,021
2,1,23249,income,021
2,1,23252,income,021
2,1,23253,income,021
2,1,23256,income,021
2,1,23258,income,021
2,1,23261,income,021
2,1,23264,income,021
2,1,23266,income,021
2,1,23269,income,021
2,1,23270,income,021
2,1,23276,income,021
2,1,23280,income,021
2,1,23282,income,021
2,1,23286,income,021
2,1,23287,income,021
2,1,23290,income,021
2,1,23291,income,021
2,1,23294,income,021
2,1,23295,income,021
2,1,23298,income,021
2,1,23300,income,021
2,1,23303,income,021
2,1,23304,income,021
2,1,23306,income,021
2,1,23310,income,021
2,1,23312,income,021
2,1,23315,income,021
2,1,23317,income,021
2,1,23319,income,021
2,1,23320,income,021
2,1,23322,income,021
2,1,23324,income,021
2,1,23327,income,021
2,1,23330,income,021
2,1,23332,income,021
2,1,23333,income,021
2,1,23337,income,021
2,1,23339,income,021
2,1,23340,income,021
2,1,23343,income,021
2,1,23347,income,021
2,1,23351,income,021
2,1,23354,income,021
2,1,23359,income,021
2,1,23360,income,021
2,1,23362,income,021
2,1,23364,income,021
2,1,23366,income,021
2,1,23370,income,021
2,1,23373,income,021
2,1,23374,income,021
2,1,23378,income,021
2,1,23379,income,021
2,1,23381,income,021
2,1,23383,income,021
2,1,23386,income,021
2,1,23390,income,021
2,1,23392,income,021
2,1,23394,income,021
2,1,23396,income,021
2,1,23399,income,021
2,1,23401,income,021
2,1,23402,income,021
2,1,23406,income,021
2,1,23408,income,021
2,1,23410,income,021
2,1,23412,income,021
2,1,23415,income,021
2,1,23419,income,021
2,1,23420,income,021
2,1,23424,income,021
2,1,23427,income,021
2,1,23430,income,021
2,1,23433,income,021
2,1,23435,income,021
2,1,23438,income,021
2,1,23440,income,021
2,1,23441,income,021
2,1,23443,income,021
2,1,23446,income,021
2,1,23450,income,021
2,1,23451,income,021
2,1,23453,income,021
2,1,23455,income,021
2,1,23458,income,021
2,1,23460,income,021
2,1,23463,income,021
2,1,23466,income,021
2,1,23467,income,021
2,1,23472,income,021
2,1,23474,income,021
2,1,23476,income,021
2,1,23478,income,021
2,1,23480,income,021
2,1,23481,income,021
2,1,23483,income,021
2,1,23488,income,021
2,1,23490,income,021
2,1,23492,income,021
2,1,23496,income,021
2,1,23498,income,021
2,1,23500,income,021
2,1,23503,income,021
2,1,23507,income,021
2,1,23510,income,021
2,1,23512,income,021
2,1,23514,income,021
2,1,23517,income,021
2,1,23518,income,021
2,1,23521,income,021
2,1,23523,income,021
2,1,23526,income,021
2,1,23528,income,021
2,1,23530,income,021
2,1,23532,income,021
2,1,23534,income,021
2,1,23536,income,021
2,1,23538,income,021
2,1,23540,income,021
2,1,23542,income,021
2,1,23543,income,021
2,1,23546,income,021
2,1,23548,income,021
2,1,23551,income,021
2,1,23553,income,021
2,1,23554,income,021
2,1,23556,income,021
2,1,23559,income,021
2,1,23561,income,021
2,1,23564,income,021
2,1,23568,income,021
2,1,23569,income,021
2,1,23571,income,021
2,1,23573,income,021
2,1,23578,income,021
2,1,23580,income,021
2,1,23582,income,021
2,1,23585,income,021
2,1,23589,income,021
2,1,23591,income,021
2,1,23592,income,021
2,1,23594,income,021
2,1,23596,income,021
2,1,23598,income,021
2,1,23602,income,021
2,1,23604,income,021
2,1,23606,income,021
2,1,23608,income,021
2,1,23610,income,021
2,1,23612,income,021
2,1,23615,income,021
2,1,23617,income,021
2,1,23619,income,021
2,1,23622,income,021
2,1,23624,income,021
2,1,23626,income,021
2,1,23627,income,021
2,1,23632,income,021
2,1,23635,income,021
2,1,23636,income,021
2,1,23638,income,021
2,1,23640,income,021
2,1,23643,income,021
2,1,23645,income,021
2,1,23646,income,021
2,1,23648,income,021
2,1,23652,income,021
2,1,23653,income,021
2,1,23657,income,021
2,1,23659,income,021
2,1,23665,income,021
2,1,23666,income,021
2,1,23668,income,021
2,1,23670,income,021
2,1,23673,income,021
2,1,23675,income,021
2,1,23680,income,021
2,1,23682,income,021
2,1,23684,income,021
2,1,23686,income,021
2,1,23689,income,021
2,1,23691,income,021
2,1,23693,income,021
2,1,23694,income,021
2,1,23697,income,021
2,1,23698,income,021
2,1,23700,income,021
2,1,23702,income,021
2,1,23704,income,021
2,1,23707,income,021
2,1,23711,income,021
2,1,23714,income,021
2,1,23715,income,021
2,1,23717,income,021
2,1,23720,income,021
2,1,23722,income,021
2,1,23726,income,021
2,1,23728,income,021
2,1,23730,income,021
2,1,23733,income,021
2,1,23736,income,021
2,1,23739,income,021
2,1,23742,income,021
2,1,23745,income,021
2,1,23747,income,021
2,1,23750,income,021
2,1,23751,income,021
2,1,23754,income,021
2,1,23759,income,021
2,1,23761,income,021
2,1,23762,income,021
2,1,23764,income,021
2,1,23767,income,021
2,1,23769,income,021
2,1,23772,income,021
2,1,23774,income,021
2,1,23775,income,021
2,1,23778,income,021
2,1,23780,income,021
2,1,23782,income,021
2,1,23785,income,021
2,1,23788,income,021
2,1,23790,income,021
2,1,23794,income,021
2,1,23796,income,021
2,1,23799,income,021
2,1,23802,income,021
2,1,23804,income,021
2,1,23805,income,021
2,1,23809,income,021
2,1,23811,income,021
2,1,23813,income,021
2,1,23816,income,021
2,1,23818,income,021
2,1,23820,income,021
2,1,23822,income,021
2,1,23830,income,021
2,1,23833,income,021
2,1,23836,income,021
2,1,23838,income,021
2,1,23842,income,021
2,1,23845,income,021
2,1,23847,income,021
2,1,23848,income,021
2,1,23851,income,021
2,1,23852,income,021
2,1,23854,income,021
2,1,23858,income,021
2,1,23859,income,021
2,1,23864,income,021
2,1,23867,income,021
2,1,23868,income,021
2,1,23870,income,021
2,1,23872,income,021
2,1,23874,income,021
2,1,23876,income,021
2,1,23880,income,021
2,1,23882,income,021
2,1,23884,income,021
2,1,23887,income,021
2,1,23889,income,021
2,1,23891,income,021
2,1,23894,income,021
2,1,23895,income,021
2,1,23898,income,021
2,1,23901,income,021
2,1,23902,income,021
2,1,23906,income,021
2,1,23907,income,021
2,1,23910,income,021
2,1,23912,income,021
2,1,23913,income,021
2,1,23917,income,021
2,1,23918,income,021
2,1,23921,income,021
2,1,23925,income,021
2,1,23927,income,021
2,1,23929,income,021
2,1,23931,income,021
2,1,23934,income,021
2,1,23937,income,021
2,1,23939,income,021
2,1,23940,income,021
2,1,23944,income,021
2,1,23946,income,021
2,1,23950,income,021
2,1,23954,income,021
2,1,23956,income,021
2,1,23959,income,021
2,1,23961,income,021
2,1,23963,income,021
2,1,23966,income,021
2,1,23968,income,021
2,1,23970,income,021
2,1,23972,income,021
2,1,23976,income,021
2,1,23978,income,021
2,1,23982,income,021
2,1,23985,income,021
2,1,23987,income,021
2,1,23989,income,021
2,1,23991,income,021
2,1,23994,income,021
2,1,23996,income,021
2,1,23998,income,021
2,1,24001,income,021
2,1,24002,income,021
2,1,24004,income,021
2,1,24006,income,021
2,1,24010,income,021
2,1,24012,income,021
2,1,24017,income,021
2,1,24020,income,021
2,1,24022,income,021
2,1,24026,income,021
2,1,24027,income,021
2,1,24031,income,021
2,1,24033,income,021
2,1,24035,income,021
2,1,24036,income,021
2,1,24040,income,021
2,1,24041,income,021
2,1,24043,income,021
2,1,24045,income,021
2,1,24047,income,021
2,1,24051,income,021
2,1,24053,income,021
2,1,24056,income,021
2,1,24059,income,021
2,1,24061,income,021
2,1,24063,income,021
2,1,24064,income,021
2,1,24066,income,021
2,1,24068,income,021
2,1,24070,income,021
2,1,24072,income,021
2,1,24075,income,021
2,1,24077,income,021
2,1,24079,income,021
2,1,24084,income,021
2,1,24086,income,021
2,1,24089,income,021
2,1,24092,income,021
2,1,24093,income,021
2,1,24095,income,021
2,1,24097,income,021
2,1,24099,income,021
2,1,24101,income,021
2,1,24103,income,021
2,1,24107,income,021
2,1,24109,income,021
2,1,24111,income,021
2,1,24114,income,021
2,1,24116,income,021
2,1,24119,income,021
2,1,24121,income,021
2,1,24122,income,021
2,1,24124,income,021
2,1,24126,income,021
2,1,24131,income,021
2,1,24136,income,021
2,1,24139,income,021
2,1,24141,income,021
2,1,24144,income,021
2,1,24146,income,021
2,1,24149,income,021
2,1,24151,income,021
2,1,24154,income,021
2,1,24157,income,021
2,1,24159,income,021
2,1,24160,income,021
2,1,24165,income,021
2,1,24167,income,021
2,1,24169,income,021
2,1,24171,income,021
2,1,24174,income,021
2,1,24176,income,021
2,1,24180,income,021
2,1,24181,income,021
2,1,24184,income,021
2,1,24188,income,021
2,1,24191,income,021
2,1,24196,income,021
2,1,24199,income,021
2,1,24201,income,021
2,1,24203,income,021
2,1,24205,income,021
2,1,24207,income,021
2,1,24209,income,021
2,1,24211,income,021
2,1,24212,income,021
2,1,24214,income,021
2,1,24216,income,021
2,1,24219,income,021
2,1,24220,income,021
2,1,24223,income,021
2,1,24226,income,021
2,1,24229,income,021
2,1,24235,income,021
2,1,24237,income,021
2,1,24238,income,021
2,1,24241,income,021
2,1,24245,income,021
2,1,24247,income,021
2,1,24249,income,021
2,1,24250,income,021
2,1,24253,income,021
2,1,24256,income,021
2,1,24257,income,021
2,1,24260,income,021
2,1,24262,income,021
2,1,24265,income,021
2,1,24269,income,021
2,1,24272,income,021
2,1,24274,income,021
2,1,24277,income,021
2,1,24279,income,021
2,1,24284,income,021
2,1,24288,income,021
2,1,24290,income,021
2,1,24292,income,021
2,1,24294,income,021
2,1,24296,income,021
2,1,24298,income,021
2,1,24300,income,021
2,1,24304,income,021
2,1,24307,income,021
2,1,24309,income,021
2,1,24311,income,021
2,1,24313,income,021
2,1,24315,income,021
2,1,24319,income,021
2,1,24321,income,021
2,1,24323,income,021
2,1,24327,income,021
2,1,24331,income,021
2,1,24334,income,021
2,1,24339,income,021
2,1,24341,income,021
2,1,24343,income,021
2,1,24346,income,021
2,1,24348,income,021
2,1,24349,income,021
2,1,24353,income,021
2,1,24355,income,021
2,1,24356,income,021
2,1,24360,income,021
2,1,24362,income,021
2,1,24364,income,021
2,1,24368,income,021
2,1,24369,income,021
2,1,24371,income,021
2,1,24374,income,021
2,1,24376,income,021
2,1,24378,income,021
2,1,24380,income,021
2,1,24384,income,021
2,1,24386,income,021
2,1,24388,income,021
2,1,24390,income,021
2,1,24392,income,021
2,1,24394,income,021
2,1,24397,income,021
2,1,24400,income,021
2,1,24402,income,021
2,1,24404,income,021
2,1,24406,income,021
2,1,24409,income,021
2,1,24413,income,021
2,1,24414,income,021
2,1,24416,income,021
2,1,24418,income,021
2,1,24422,income,021
2,1,24424,income,021
2,1,24426,income,021
2,1,24428,income,021
2,1,24430,income,021
2,1,24432,income,021
2,1,24434,income,021
2,1,24437,income,021
2,1,24439,income,021
2,1,24441,income,021
2,1,24444,income,021
2,1,24446,income,021
2,1,24449,income,021
2,1,24451,income,021
2,1,24453,income,021
2,1,24456,income,021
2,1,24458,income,021
2,1,24460,income,021
2,1,24462,income,021
2,1,24464,income,021
2,1,24466,income,021
2,1,24469,income,021
2,1,24471,income,021
2,1,24474,income,021
2,1,24478,income,021
2,1,24480,income,021
2,1,24482,income,021
2,1,24483,income,021
2,1,24485,income,021
2,1,24488,income,021
2,1,24490,income,021
2,1,24492,income,021
2,1,24494,income,021
2,1,24496,income,021
2,1,24499,income,021
2,1,24502,income,021
2,1,24505,income,021
2,1,24508,income,021
2,1,24510,income,021
2,1,24511,income,021
2,1,24513,income,021
2,1,24515,income,021
2,1,24517,income,021
2,1,24519,income,021
2,1,24521,income,021
2,1,24523,income,021
2,1,24525,income,021
2,1,24528,income,021
2,1,24531,income,021
2,1,24536,income,021
2,1,24539,income,021
2,1,24544,income,021
2,1,24546,income,021
2,1,24547,income,021
2,1,24551,income,021
2,1,24553,income,021
2,1,24556,income,021
2,1,24562,income,021
2,1,24563,income,021
2,1,24566,income,021
2,1,24569,income,021
2,1,24570,income,021
2,1,24572,income,021
2,1,24575,income,021
2,1,24578,income,021
2,1,24581,income,021
2,1,24585,income,021
2,1,24586,income,021
2,1,24588,income,021
2,1,24591,income,021
2,1,24592,income,021
2,1,24594,income,021
2,1,24598,income,021
2,1,24599,income,021
2,1,24602,income,021
2,1,24605,income,021
2,1,24608,income,021
2,1,24611,income,021
2,1,24613,income,021
2,1,24615,income,021
2,1,24618,income,021
2,1,24621,income,021
2,1,24624,income,021
2,1,24626,income,021
2,1,24632,income,021
2,1,24634,income,021
2,1,24636,income,021
2,1,24638,income,021
2,1,24640,income,021
2,1,24642,income,021
2,1,24644,income,021
2,1,24649,income,021
2,1,24652,income,021
2,1,24654,income,021
2,1,24657,income,021
2,1,24660,income,021
2,1,24662,income,021
2,1,24665,income,021
2,1,24668,income,021
2,1,24670,income,021
2,1,24672,income,021
2,1,24673,income,021
2,1,24678,income,021
2,1,24680,income,021
2,1,24681,income,021
2,1,24684,income,021
2,1,24686,income,021
2,1,24688,income,021
2,1,24689,income,021
2,1,24692,income,021
2,1,24697,income,021
2,1,24699,income,021
2,1,24701,income,021
2,1,24702,income,021
2,1,24704,income,021
2,1,24706,income,021
2,1,24708,income,021
2,1,24710,income,021
2,1,24713,income,021
2,1,24716,income,021
2,1,24718,income,021
2,1,24721,income,021
2,1,24723,income,021
2,1,24724,income,021
2,1,24726,income,021
2,1,24728,income,021
2,1,24732,income,021
2,1,24734,income,021
2,1,24736,income,021
2,1,24737,income,021
2,1,24739,income,021
2,1,24741,income,021
2,1,24744,income,021
2,1,24747,income,021
2,1,24748,income,021
2,1,24750,income,021
2,1,24753,income,021
2,1,24755,income,021
2,1,24757,income,021
2,1,24759,income,021
2,1,24760,income,021
2,1,24762,income,021
2,1,24764,income,021
2,1,24766,income,021
2,1,24770,income,021
2,1,24772,income,021
2,1,24773,income,021
2,1,24775,income,021
2,1,24780,income,021
2,1,24782,income,021
2,1,24785,income,021
2,1,24788,income,021
2,1,24790,income,021
2,1,24793,income,021
2,1,24796,income,021
2,1,24800,income,021
2,1,24801,income,021
2,1,24805,income,021
2,1,24807,income,021
2,1,24809,income,021
2,1,24811,income,021
2,1,24813,income,021
2,1,24815,income,021
2,1,24819,income,021
2,1,24821,income,021
2,1,24822,income,021
2,1,24825,income,021
2,1,24826,income,021
2,1,24830,income,021
2,1,24832,income,021
2,1,24835,income,021
2,1,24837,income,021
2,1,24840,income,021
2,1,24843,income,021
2,1,24845,income,021
2,1,24847,income,021
2,1,24848,income,021
2,1,24850,income,021
2,1,24853,income,021
2,1,24855,income,021
2,1,24857,income,021
2,1,24860,income,021
2,1,24863,income,021
2,1,24866,income,021
2,1,24870,income,021
2,1,24872,income,021
2,1,24874,income,021
2,1,24876,income,021
2,1,24878,income,021
2,1,24880,income,021
2,1,24882,income,021
2,1,24884,income,021
2,1,24886,income,021
2,1,24888,income,021
2,1,24891,income,021
2,1,24894,income,021
2,1,24895,income,021
2,1,24898,income,021
2,1,24901,income,021
2,1,24903,income,021
2,1,24905,income,021
2,1,24907,income,021
2,1,24910,income,021
2,1,24911,income,021
2,1,24914,income,021
2,1,24916,income,021
2,1,24919,income,021
2,1,24920,income,021
2,1,24924,income,021
2,1,24928,income,021
2,1,24930,income,021
2,1,24933,income,021
2,1,24934,income,021
2,1,24938,income,021
2,1,24940,income,021
2,1,24944,income,021
2,1,24945,income,021
2,1,24947,income,021
2,1,24949,income,021
2,1,24951,income,021
2,1,24955,income,021
2,1,24958,income,021
2,1,24959,income,021
2,1,24961,income,021
2,1,24966,income,021
2,1,24967,income,021
2,1,24970,income,021
2,1,24971,income,021
2,1,24973,income,021
2,1,24977,income,021
2,1,24978,income,021
2,1,24980,income,021
2,1,24982,income,021
2,1,24985,income,021
2,1,24986,income,021
2,1,24989,income,021
2,1,24991,income,021
2,1,24992,income,021
2,1,24994,income,021
2,1,24996,income,021
2,1,24998,income,021
2,1,25004,income,021
2,1,25006,income,021
2,1,25008,income,021
2,1,25012,income,021
2,1,25014,income,021
2,1,25016,income,021
2,1,25018,income,021
2,1,25021,income,021
2,1,25026,income,021
2,1,25028,income,021
2,1,25030,income,021
2,1,25031,income,021
2,1,25033,income,021
2,1,25036,income,021
2,1,25038,income,021
2,1,25040,income,021
2,1,25041,income,021
2,1,25043,income,021
2,1,25047,income,021
2,1,25050,income,021
2,1,25052,income,021
2,1,25055,income,021
2,1,25057,income,021
2,1,25062,income,021
2,1,25064,income,021
2,1,25065,income,021
2,1,25067,income,021
2,1,25069,income,021
2,1,25072,income,021
2,1,25073,income,021
2,1,25076,income,021
2,1,25078,income,021
2,1,25081,income,021
2,1,25083,income,021
2,1,25085,income,021
2,1,25087,income,021
2,1,25088,income,021
2,1,25090,income,021
2,1,25094,income,021
2,1,25096,income,021
2,1,25098,income,021
2,1,25099,income,021
2,1,25102,income,021
2,1,25106,income,021
2,1,25108,income,021
2,1,25109,income,021
2,1,25112,income,021
2,1,25118,income,021
2,1,25121,income,021
2,1,25122,income,021
2,1,25124,income,021
2,1,25126,income,021
2,1,25129,income,021
2,1,25131,income,021
2,1,25132,income,021
2,1,25135,income,021
2,1,25138,income,021
2,1,25140,income,021
2,1,25143,income,021
2,1,25146,income,021
2,1,25148,income,021
2,1,25149,income,021
2,1,25152,income,021
2,1,25155,income,021
2,1,25157,income,021
2,1,25159,income,021
2,1,25161,income,021
2,1,25167,income,021
2,1,25169,income,021
2,1,25171,income,021
2,1,25173,income,021
2,1,25176,income,021
2,1,25178,income,021
2,1,25180,income,021
2,1,25183,income,021
2,1,25185,income,021
2,1,25191,income,021
2,1,25193,income,021
2,1,25195,income,021
2,1,25197,income,021
2,1,25199,income,021
2,1,25203,income,021
2,1,25204,income,021
2,1,25206,income,021
2,1,25208,income,021
2,1,25210,income,021
2,1,25212,income,021
2,1,25216,income,021
2,1,25222,income,021
2,1,25224,income,021
2,1,25227,income,021
2,1,25230,income,021
2,1,25231,income,021
2,1,25233,income,021
2,1,25235,income,021
2,1,25237,income,021
2,1,25239,income,021
2,1,25241,income,021
2,1,25244,income,021
2,1,25246,income,021
2,1,25248,income,021
2,1,25251,income,021
2,1,25254,income,021
2,1,25256,income,021
2,1,25259,income,021
2,1,25261,income,021
2,1,25262,income,021
2,1,25264,income,021
2,1,25266,income,021
2,1,25268,income,021
2,1,25270,income,021
2,1,25272,income,021
2,1,25274,income,021
2,1,25277,income,021
2,1,25279,income,021
2,1,25280,income,021
2,1,25282,income,021
2,1,25286,income,021
2,1,25288,income,021
2,1,25290,income,021
2,1,25293,income,021
2,1,25295,income,021
2,1,25299,income,021
2,1,25301,income,021
2,1,25303,income,021
2,1,25306,income,021
2,1,25309,income,021
2,1,25311,income,021
2,1,25313,income,021
2,1,25316,income,021
2,1,25319,income,021
2,1,25322,income,021
2,1,25324,income,021
2,1,25327,income,021
2,1,25328,income,021
2,1,25331,income,021
2,1,25335,income,021
2,1,25338,income,021
2,1,25340,income,021
2,1,25342,income,021
2,1,25345,income,021
2,1,25347,income,021
2,1,25353,income,021
2,1,25355,income,021
2,1,25356,income,021
2,1,25359,income,021
2,1,25361,income,021
2,1,25363,income,021
2,1,25365,income,021
2,1,25368,income,021
2,1,25369,income,021
2,1,25371,income,021
2,1,25375,income,021
2,1,25378,income,021
2,1,25379,income,021
2,1,25382,income,021
2,1,25384,income,021
2,1,25386,income,021
2,1,25387,income,021
2,1,25391,income,021
2,1,25392,income,021
2,1,25394,income,021
2,1,25396,income,021
2,1,25398,income,021
2,1,25400,income,021
2,1,25404,income,021
2,1,25407,income,021
2,1,25409,income,021
2,1,25410,income,021
2,1,25412,income,021
2,1,25415,income,021
2,1,25420,income,021
2,1,25424,income,021
2,1,25425,income,021
2,1,25428,income,021
2,1,25433,income,021
2,1,25434,income,021
2,1,25440,income,021
2,1,25442,income,021
2,1,25444,income,021
2,1,25449,income,021
2,1,25451,income,021
2,1,25453,income,021
2,1,25455,income,021
2,1,25460,income,021
2,1,25462,income,021
2,1,25463,income,021
2,1,25465,income,021
2,1,25469,income,021
2,1,25472,income,021
2,1,25475,income,021
2,1,25477,income,021
2,1,25480,income,021
2,1,25485,income,021
2,1,25488,income,021
2,1,25489,income,021
2,1,25491,income,021
2,1,25494,income,021
2,1,25499,income,021
2,1,25502,income,021
2,1,25505,income,021
2,1,25507,income,021
2,1,25509,income,021
2,1,25513,income,021
2,1,25515,income,021
2,1,25518,income,021
2,1,25522,income,021
2,1,25525,income,021
2,1,25527,income,021
2,1,25530,income,021
2,1,25531,income,021
2,1,25534,income,021
2,1,25536,income,021
2,1,25538,income,021
2,1,25540,income,021
2,1,25542,income,021
2,1,25545,income,021
2,1,25548,income,021
2,1,25550,income,021
2,1,25552,income,021
2,1,25554,income,021
2,1,25556,income,021
2,1,25558,income,021
2,1,25559,income,021
2,1,25562,income,021
2,1,25563,income,021
2,1,25566,income,021
2,1,25568,income,021
2,1,25571,income,021
2,1,25573,income,021
2,1,25575,income,021
2,1,25577,income,021
2,1,25579,income,021
2,1,25580,income,021
2,1,25583,income,021
2,1,25586,income,021
2,1,25588,income,021
2,1,25589,income,021
2,1,25592,income,021
2,1,25597,income,021
2,1,25598,income,021
2,1,25601,income,021
2,1,25604,income,021
2,1,25606,income,021
2,1,25608,income,021
2,1,25611,income,021
2,1,25613,income,021
2,1,25614,income,021
2,1,25616,income,021
2,1,25618,income,021
2,1,25622,income,021
2,1,25624,income,021
2,1,25626,income,021
2,1,25627,income,021
2,1,25631,income,021
2,1,25633,income,021
2,1,25638,income,021
2,1,25640,income,021
2,1,25643,income,021
2,1,25645,income,021
2,1,25647,income,021
2,1,25649,income,021
2,1,25651,income,021
2,1,25653,income,021
2,1,25657,income,021
2,1,25660,income,021
2,1,25662,income,021
2,1,25664,income,021
2,1,25668,income,021
2,1,25669,income,021
2,1,25671,income,021
2,1,25673,income,021
2,1,25676,income,021
2,1,25678,income,021
2,1,25680,income,021
2,1,25683,income,021
2,1,25688,income,021
2,1,25691,income,021
2,1,25693,income,021
2,1,25696,income,021
2,1,25698,income,021
2,1,25700,income,021
2,1,25704,income,021
2,1,25705,income,021
2,1,25707,income,021
2,1,25711,income,021
2,1,25713,income,021
2,1,25715,income,021
2,1,25717,income,021
2,1,25719,income,021
2,1,25720,income,021
2,1,25723,income,021
2,1,25725,income,021
2,1,25726,income,021
2,1,25729,income,021
2,1,25731,income,021
2,1,25734,income,021
2,1,25737,income,021
2,1,25738,income,021
2,1,25740,income,021
2,1,25743,income,021
2,1,25744,income,021
2,1,25746,income,021
2,1,25749,income,021
2,1,25750,income,021
2,1,25754,income,021
2,1,25755,income,021
2,1,25757,income,021
2,1,25759,income,021
2,1,25761,income,021
2,1,25764,income,021
2,1,25767,income,021
2,1,25769,income,021
2,1,25770,income,021
2,1,25773,income,021
2,1,25774,income,021
2,1,25777,income,021
2,1,25780,income,021
2,1,25782,income,021
2,1,25784,income,021
2,1,25786,income,021
2,1,25788,income,021
2,1,25793,income,021
2,1,25796,income,021
2,1,25798,income,021
2,1,25799,income,021
2,1,25801,income,021
2,1,25804,income,021
2,1,25805,income,021
2,1,25809,income,021
2,1,25811,income,021
2,1,25812,income,021
2,1,25815,income,021
2,1,25817,income,021
2,1,25819,income,021
2,1,25822,income,021
2,1,25824,income,021
2,1,25827,income,021
2,1,25831,income,021
2,1,25833,income,021
2,1,25835,income,021
2,1,25837,income,021
2,1,25838,income,021
2,1,25841,income,021
2,1,25843,income,021
2,1,25848,income,021
2,1,25849,income,021
2,1,25851,income,021
2,1,25853,income,021
2,1,25857,income,021
2,1,25860,income,021
2,1,25863,income,021
2,1,25865,income,021
2,1,25867,income,021
2,1,25869,income,021
2,1,25872,income,021
2,1,25874,income,021
2,1,25876,income,021
2,1,25880,income,021
2,1,25885,income,021
2,1,25886,income,021
2,1,25889,income,021
2,1,25892,income,021
2,1,25896,income,021
2,1,25898,income,021
2,1,25899,income,021
2,1,25902,income,021
2,1,25904,income,021
2,1,25907,income,021
2,1,25910,income,021
2,1,25912,income,021
2,1,25914,income,021
2,1,25915,income,021
2,1,25918,income,021
2,1,25920,income,021
2,1,25922,income,021
2,1,25924,income,021
2,1,25926,income,021
2,1,25928,income,021
2,1,25930,income,021
2,1,25932,income,021
2,1,25935,income,021
2,1,25938,income,021
2,1,25940,income,021
2,1,25943,income,021
2,1,25945,income,021
2,1,25948,income,021
2,1,25951,income,021
2,1,25954,income,021
2,1,25956,income,021
2,1,25958,income,021
2,1,25960,income,021
2,1,25963,income,021
2,1,25964,income,021
2,1,25967,income,021
2,1,25969,income,021
2,1,25970,income,021
2,1,25973,income,021
2,1,25975,income,021
2,1,25977,income,021
2,1,25980,income,021
2,1,25983,income,021
2,1,25986,income,021
2,1,25988,income,021
2,1,25990,income,021
2,1,25992,income,021
2,1,25993,income,021
2,1,25995,income,021
2,1,25998,income,021
2,1,26000,income,021
2,1,26002,income,021
2,1,26005,income,021
2,1,26006,income,021
2,1,26008,income,021
2,1,26011,income,021
2,1,26014,income,021
2,1,26016,income,021
2,1,26018,income,021
2,1,26022,income,021
2,1,26025,income,021
2,1,26028,income,021
2,1,26030,income,021
2,1,26031,income,021
2,1,26034,income,021
2,1,26036,income,021
2,1,26039,income,021
2,1,26041,income,021
2,1,26043,income,021
2,1,26045,income,021
2,1,26047,income,021
2,1,26049,income,021
2,1,26051,income,021
2,1,26053,income,021
2,1,26056,income,021
2,1,26057,income,021
2,1,26060,income,021
2,1,26061,income,021
2,1,26064,income,021
2,1,26065,income,021
2,1,26069,income,021
2,1,26072,income,021
2,1,26074,income,021
2,1,26077,income,021
2,1,26078,income,021
2,1,26081,income,021
2,1,26083,income,021
2,1,26085,income,021
2,1,26087,income,021
2,1,26089,income,021
2,1,26091,income,021
2,1,26096,income,021
2,1,26099,income,021
2,1,26101,income,021
2,1,26104,income,021
2,1,26106,income,021
2,1,26108,income,021
2,1,26110,income,021
2,1,26111,income,021
2,1,26114,income,021
2,1,26116,income,021
2,1,26118,income,021
2,1,26121,income,021
2,1,26122,income,021
2,1,26125,income,021
2,1,26130,income,021
2,1,26131,income,021
2,1,26133,income,021
2,1,26135,income,021
2,1,26138,income,021
2,1,26142,income,021
2,1,26145,income,021
2,1,26147,income,021
2,1,26150,income,021
2,1,26152,income,021
2,1,26154,income,021
2,1,26156,income,021
2,1,26158,income,021
2,1,26161,income,021
2,1,26163,income,021
2,1,26165,income,021
2,1,26167,income,021
2,1,26169,income,021
2,1,26171,income,021
2,1,26172,income,021
2,1,26174,income,021
2,1,26176,income,021
2,1,26178,income,021
2,1,26182,income,021
2,1,26185,income,021
2,1,26186,income,021
2,1,26190,income,021
2,1,26192,income,021
2,1,26194,income,021
2,1,26197,income,021
2,1,26199,income,021
2,1,26203,income,021
2,1,26206,income,021
2,1,26208,income,021
2,1,26212,income,021
2,1,26215,income,021
2,1,26216,income,021
2,1,26218,income,021
2,1,26220,income,021
2,1,26222,income,021
2,1,26229,income,021
2,1,26230,income,021
2,1,26234,income,021
2,1,26237,income,021
2,1,26239,income,021
2,1,26241,income,021
2,1,26244,income,021
2,1,26248,income,021
2,1,26250,income,021
2,1,26253,income,021
2,1,26256,income,021
2,1,26260,income,021
2,1,26263,income,021
2,1,26268,income,021
2,1,26270,income,021
2,1,26272,income,021
2,1,26274,income,021
2,1,26276,income,021
2,1,26278,income,021
2,1,26281,income,021
2,1,26286,income,021
2,1,26289,income,021
2,1,26291,income,021
2,1,26294,income,021
2,1,26296,income,021
2,1,26299,income,021
2,1,26301,income,021
2,1,26305,income,021
2,1,26310,income,021
2,1,26312,income,021
2,1,26314,income,021
2,1,26315,income,021
2,1,26317,income,021
2,1,26319,income,021
2,1,26323,income,021
2,1,26325,income,021
2,1,26329,income,021
2,1,26331,income,021
2,1,26335,income,021
2,1,26337,income,021
2,1,26339,income,021
2,1,26342,income,021
2,1,26346,income,021
2,1,26348,income,021
2,1,26349,income,021
2,1,26351,income,021
2,1,26356,income,021
2,1,26358,income,021
2,1,26360,income,021
2,1,26362,income,021
2,1,26364,income,021
2,1,26365,income,021
2,1,26367,income,021
2,1,26372,income,021
2,1,26373,income,021
2,1,26375,income,021
2,1,26377,income,021
2,1,26380,income,021
2,1,26382,income,021
2,1,26385,income,021
2,1,26386,income,021
2,1,26389,income,021
2,1,26392,income,021
2,1,26393,income,021
2,1,26396,income,021
2,1,26398,income,021
2,1,26401,income,021
2,1,26403,income,021
2,1,26404,income,021
2,1,26407,income,021
2,1,26409,income,021
2,1,26411,income,021
2,1,26415,income,021
2,1,26419,income,021
2,1,26422,income,021
2,1,26423,income,021
2,1,26425,income,021
2,1,26429,income,021
2,1,26432,income,021
2,1,26434,income,021
2,1,26437,income,021
2,1,26439,income,021
2,1,26440,income,021
2,1,26442,income,021
2,1,26444,income,021
2,1,26448,income,021
2,1,26451,income,021
2,1,26456,income,021
2,1,26458,income,021
2,1,26460,income,021
2,1,26462,income,021
2,1,26463,income,021
2,1,26465,income,021
2,1,26467,income,021
2,1,26469,income,021
2,1,26472,income,021
2,1,26474,income,021
2,1,26476,income,021
2,1,26478,income,021
2,1,26479,income,021
2,1,26482,income,021
2,1,26485,income,021
2,1,26488,income,021
2,1,26491,income,021
2,1,26494,income,021
2,1,26496,income,021
2,1,26499,income,021
2,1,26501,income,021
2,1,26503,income,021
2,1,26505,income,021
2,1,26507,income,021
2,1,26510,income,021
2,1,26512,income,021
2,1,26514,income,021
2,1,26517,income,021
2,1,26519,income,021
2,1,26522,income,021
2,1,26524,income,021
2,1,26526,income,021
2,1,26529,income,021
2,1,26535,income,021
2,1,26537,income,021
2,1,26539,income,021
2,1,26541,income,021
2,1,26543,income,021
2,1,26546,income,021
2,1,26549,income,021
2,1,26551,income,021
2,1,26553,income,021
2,1,26557,income,021
2,1,26559,income,021
2,1,26561,income,021
2,1,26563,income,021
2,1,26565,income,021
2,1,26567,income,021
2,1,26570,income,021
2,1,26571,income,021
2,1,26577,income,021
2,1,26579,income,021
2,1,26580,income,021
2,1,26582,income,021
2,1,26587,income,021
2,1,26590,income,021
2,1,26591,income,021
2,1,26594,income,021
2,1,26595,income,021
2,1,26597,income,021
2,1,26599,income,021
2,1,26603,income,021
2,1,26605,income,021
2,1,26607,income,021
2,1,26611,income,021
2,1,26613,income,021
2,1,26615,income,021
2,1,26616,income,021
2,1,26621,income,021
2,1,26623,income,021
2,1,26625,income,021
2,1,26626,income,021
2,1,26629,income,021
2,1,26632,income,021
2,1,26635,income,021
2,1,26636,income,021
2,1,26639,income,021
2,1,26642,income,021
2,1,26645,income,021
2,1,26647,income,021
2,1,26649,income,021
2,1,26650,income,021
2,1,26652,income,021
2,1,26654,income,021
2,1,26656,income,021
2,1,26658,income,021
2,1,26660,income,021
2,1,26662,income,021
2,1,26665,income,021
2,1,26667,income,021
2,1,26670,income,021
2,1,26672,income,021
2,1,26675,income,021
2,1,26677,income,021
2,1,26679,income,021
2,1,26683,income,021
2,1,26684,income,021
2,1,26687,income,021
2,1,26688,income,021
2,1,26690,income,021
2,1,26692,income,021
2,1,26694,income,021
2,1,26696,income,021
2,1,26699,income,021
2,1,26701,income,021
2,1,26703,income,021
2,1,26704,income,021
2,1,26706,income,021
2,1,26709,income,021
2,1,26712,income,021
2,1,26714,income,021
2,1,26715,income,021
2,1,26719,income,021
2,1,26724,income,021
2,1,26725,income,021
2,1,26728,income,021
2,1,26730,income,021
2,1,26733,income,021
2,1,26734,income,021
2,1,26737,income,021
2,1,26739,income,021
2,1,26741,income,021
2,1,26743,income,021
2,1,26745,income,021
2,1,26747,income,021
2,1,26749,income,021
2,1,26752,income,021
2,1,26754,income,021
2,1,26757,income,021
2,1,26760,income,021
2,1,26763,income,021
2,1,26766,income,021
2,1,26770,income,021
2,1,26771,income,021
2,1,26773,income,021
2,1,26776,income,021
2,1,26779,income,021
2,1,26781,income,021
2,1,26783,income,021
2,1,26787,income,021
2,1,26789,income,021
2,1,26791,income,021
2,1,26792,income,021
2,1,26797,income,021
2,1,26798,income,021
2,1,26800,income,021
2,1,26804,income,021
2,1,26806,income,021
2,1,26808,income,021
2,1,26810,income,021
2,1,26815,income,021
2,1,26817,income,021
2,1,26818,income,021
2,1,26820,income,021
2,1,26822,income,021
2,1,26825,income,021
2,1,26827,income,021
2,1,26829,income,021
2,1,26831,income,021
2,1,26833,income,021
2,1,26836,income,021
2,1,26837,income,021
2,1,26839,income,021
2,1,26841,income,021
2,1,26843,income,021
2,1,26846,income,021
2,1,26848,income,021
2,1,26851,income,021
2,1,26853,income,021
2,1,26856,income,021
2,1,26860,income,021
2,1,26863,income,021
2,1,26864,income,021
2,1,26866,income,021
2,1,26869,income,021
2,1,26872,income,021
2,1,26875,income,021
2,1,26877,income,021
2,1,26879,income,021
2,1,26883,income,021
2,1,26885,income,021
2,1,26886,income,021
2,1,26889,income,021
2,1,26891,income,021
2,1,26893,income,021
2,1,26895,income,021
2,1,26898,income,021
2,1,26900,income,021
2,1,26904,income,021
2,1,26906,income,021
2,1,26908,income,021
2,1,26910,income,021
2,1,26912,income,021
2,1,26915,income,021
2,1,26919,income,021
2,1,26921,income,021
2,1,26923,income,021
2,1,26925,income,021
2,1,26926,income,021
2,1,26929,income,021
2,1,26930,income,021
2,1,26932,income,021
2,1,26934,income,021
2,1,26936,income,021
2,1,26938,income,021
2,1,26940,income,021
2,1,26945,income,021
2,1,26946,income,021
2,1,26949,income,021
2,1,26952,income,021
2,1,26954,income,021
2,1,26957,income,021
2,1,26960,income,021
2,1,26962,income,021
2,1,26965,income,021
2,1,26967,income,021
2,1,26968,income,021
2,1,26970,income,021
2,1,26973,income,021
2,1,26978,income,021
2,1,26980,income,021
2,1,26981,income,021
2,1,26983,income,021
2,1,26985,income,021
2,1,26987,income,021
2,1,26989,income,021
2,1,26993,income,021
2,1,26995,income,021
2,1,26997,income,021
2,1,26999,income,021
2,1,27004,income,021
2,1,27006,income,021
2,1,27008,income,021
2,1,27009,income,021
2,1,27011,income,021
2,1,27013,income,021
2,1,27016,income,021
2,1,27019,income,021
2,1,27020,income,021
2,1,27024,income,021
2,1,27027,income,021
2,1,27029,income,021
2,1,27032,income,021
2,1,27034,income,021
2,1,27036,income,021
2,1,27038,income,021
2,1,27040,income,021
2,1,27041,income,021
2,1,27044,income,021
2,1,27048,income,021
2,1,27050,income,021
2,1,27052,income,021
2,1,27053,income,021
2,1,27055,income,021
2,1,27057,income,021
2,1,27059,income,021
2,1,27061,income,021
2,1,27069,income,021
2,1,27070,income,021
2,1,27073,income,021
2,1,27076,income,021
2,1,27078,income,021
2,1,27080,income,021
2,1,27082,income,021
2,1,27085,income,021
2,1,27089,income,021
2,1,27092,income,021
2,1,27094,income,021
2,1,27096,income,021
2,1,27098,income,021
2,1,27100,income,021
2,1,27101,income,021
2,1,27104,income,021
2,1,27108,income,021
2,1,27111,income,021
2,1,27112,income,021
2,1,27115,income,021
2,1,27116,income,021
2,1,27118,income,021
2,1,27121,income,021
2,1,27124,income,021
2,1,27125,income,021
2,1,27127,income,021
2,1,27129,income,021
2,1,27131,income,021
2,1,27134,income,021
2,1,27136,income,021
2,1,27138,income,021
2,1,27140,income,021
2,1,27143,income,021
2,1,27148,income,021
2,1,27151,income,021
2,1,27153,income,021
2,1,27156,income,021
2,1,27158,income,021
2,1,27159,income,021
2,1,27161,income,021
2,1,27164,income,021
2,1,27167,income,021
2,1,27170,income,021
2,1,27172,income,021
2,1,27175,income,021
2,1,27179,income,021
2,1,27180,income,021
2,1,27183,income,021
2,1,27185,income,021
2,1,27188,income,021
2,1,27190,income,021
2,1,27192,income,021
2,1,27193,income,021
2,1,27196,income,021
2,1,27198,income,021
2,1,27200,income,021
2,1,27203,income,021
2,1,27207,income,021
2,1,27209,income,021
2,1,27211,income,021
2,1,27213,income,021
2,1,27217,income,021
2,1,27221,income,021
2,1,27222,income,021
2,1,27226,income,021
2,1,27228,income,021
2,1,27229,income,021
2,1,27232,income,021
2,1,27235,income,021
2,1,27237,income,021
2,1,27240,income,021
2,1,27243,income,021
2,1,27245,income,021
2,1,27247,income,021
2,1,27249,income,021
2,1,27252,income,021
2,1,27254,income,021
2,1,27256,income,021
2,1,27258,income,021
2,1,27259,income,021
2,1,27264,income,021
2,1,27265,income,021
2,1,27268,income,021
2,1,27270,income,021
2,1,27271,income,021
2,1,27274,income,021
2,1,27277,income,021
2,1,27278,income,021
2,1,27280,income,021
2,1,27282,income,021
2,1,27286,income,021
2,1,27288,income,021
2,1,27289,income,021
2,1,27291,income,021
2,1,27295,income,021
2,1,27300,income,021
2,1,27302,income,021
2,1,27303,income,021
2,1,27307,income,021
2,1,27309,income,021
2,1,27312,income,021
2,1,27315,income,021
2,1,27316,income,021
2,1,27320,income,021
2,1,27321,income,021
2,1,27325,income,021
2,1,27327,income,021
2,1,27329,income,021
2,1,27332,income,021
2,1,27334,income,021
2,1,27336,income,021
2,1,27338,income,021
2,1,27340,income,021
2,1,27342,income,021
2,1,27345,income,021
2,1,27348,income,021
2,1,27349,income,021
2,1,27352,income,021
2,1,27354,income,021
2,1,27356,income,021
2,1,27361,income,021
2,1,27363,income,021
2,1,27365,income,021
2,1,27368,income,021
2,1,27369,income,021
2,1,27373,income,021
2,1,27376,income,021
2,1,27378,income,021
2,1,27381,income,021
2,1,27383,income,021
2,1,27384,income,021
2,1,27386,income,021
2,1,27390,income,021
2,1,27392,income,021
2,1,27398,income,021
2,1,27400,income,021
2,1,27401,income,021
2,1,27404,income,021
2,1,27407,income,021
2,1,27412,income,021
2,1,27418,income,021
2,1,27420,income,021
2,1,27423,income,021
2,1,27424,income,021
2,1,27426,income,021
2,1,27428,income,021
2,1,27432,income,021
2,1,27433,income,021
2,1,27436,income,021
2,1,27439,income,021
2,1,27440,income,021
2,1,27442,income,021
2,1,27445,income,021
2,1,27447,income,021
2,1,27448,income,021
2,1,27450,income,021
2,1,27452,income,021
2,1,27454,income,021
2,1,27457,income,021
2,1,27458,income,021
2,1,27461,income,021
2,1,27462,income,021
2,1,27465,income,021
2,1,27467,income,021
2,1,27471,income,021
2,1,27472,income,021
2,1,27476,income,021
2,1,27478,income,021
2,1,27479,income,021
2,1,27481,income,021
2,1,27484,income,021
2,1,27488,income,021
2,1,27490,income,021
2,1,27492,income,021
2,1,27494,income,021
2,1,27497,income,021
2,1,27500,income,021
2,1,27502,income,021
2,1,27505,income,021
2,1,27509,income,021
2,1,27510,income,021
2,1,27512,income,021
2,1,27516,income,021
2,1,27519,income,021
2,1,27522,income,021
2,1,27525,income,021
2,1,27526,income,021
2,1,27529,income,021
2,1,27531,income,021
2,1,27533,income,021
2,1,27536,income,021
2,1,27537,income,021
2,1,27541,income,021
2,1,27543,income,021
2,1,27546,income,021
2,1,27548,income,021
2,1,27551,income,021
2,1,27553,income,021
2,1,27555,income,021
2,1,27557,income,021
2,1,27560,income,021
2,1,27562,income,021
2,1,27565,income,021
2,1,27567,income,021
2,1,27568,income,021
2,1,27570,income,021
2,1,27572,income,021
2,1,27574,income,021
2,1,27577,income,021
2,1,27580,income,021
2,1,27584,income,021
2,1,27587,income,021
2,1,27590,income,021
2,1,27592,income,021
2,1,27595,income,021
2,1,27597,income,021
2,1,27599,income,021
2,1,27602,income,021
2,1,27604,income,021
2,1,27607,income,021
2,1,27608,income,021
2,1,27612,income,021
2,1,27613,income,021
2,1,27616,income,021
2,1,27618,income,021
2,1,27622,income,021
2,1,27625,income,021
2,1,27628,income,021
2,1,27630,income,021
2,1,27633,income,021
2,1,27635,income,021
2,1,27637,income,021
2,1,27638,income,021
2,1,27640,income,021
2,1,27645,income,021
2,1,27647,income,021
2,1,27652,income,021
2,1,27654,income,021
2,1,27656,income,021
2,1,27659,income,021
2,1,27661,income,021
2,1,27663,income,021
2,1,27665,income,021
2,1,27667,income,021
2,1,27670,income,021
2,1,27671,income,021
2,1,27676,income,021
2,1,27678,income,021
2,1,27680,income,021
2,1,27682,income,021
2,1,27684,income,021
2,1,27686,income,021
2,1,27691,income,021
2,1,27694,income,021
2,1,27696,income,021
2,1,27699,income,021
2,1,27701,income,021
2,1,27703,income,021
2,1,27706,income,021
2,1,27708,income,021
2,1,27711,income,021
2,1,27714,income,021
2,1,27716,income,021
2,1,27718,income,021
2,1,27721,income,021
2,1,27724,income,021
2,1,27727,income,021
2,1,27731,income,021
2,1,27732,income,021
2,1,27735,income,021
2,1,27737,income,021
2,1,27739,income,021
2,1,27741,income,021
2,1,27743,income,021
2,1,27745,income,021
2,1,27747,income,021
2,1,27753,income,021
2,1,27755,income,021
2,1,27758,income,021
2,1,27761,income,021
2,1,27767,income,021
2,1,27770,income,021
2,1,27772,income,021
2,1,27774,income,021
2,1,27777,income,021
2,1,27779,income,021
2,1,27782,income,021
2,1,27784,income,021
2,1,27786,income,021
2,1,27787,income,021
2,1,27789,income,021
2,1,27791,income,021
2,1,27794,income,021
2,1,27798,income,021
2,1,27801,income,021
2,1,27803,income,021
2,1,27805,income,021
2,1,27807,income,021
2,1,27809,income,021
2,1,27811,income,021
2,1,27813,income,021
2,1,27815,income,021
2,1,27817,income,021
2,1,27820,income,021
2,1,27822,income,021
2,1,27824,income,021
2,1,27827,income,021
2,1,27828,income,021
2,1,27830,income,021
2,1,27833,income,021
2,1,27835,income,021
2,1,27839,income,021
2,1,27841,income,021
2,1,27843,income,021
2,1,27846,income,021
2,1,27848,income,021
2,1,27850,income,021
2,1,27852,income,021
2,1,27857,income,021
2,1,27858,income,021
2,1,27860,income,021
2,1,27862,income,021
2,1,27866,income,021
2,1,27868,income,021
2,1,27869,income,021
2,1,27873,income,021
2,1,27877,income,021
2,1,27879,income,021
2,1,27880,income,021
2,1,27883,income,021
2,1,27887,income,021
2,1,27889,income,021
2,1,27891,income,021
2,1,27893,income,021
2,1,27896,income,021
2,1,27898,income,021
2,1,27900,income,021
2,1,27902,income,021
2,1,27904,income,021
2,1,27906,income,021
2,1,27908,income,021
2,1,27910,income,021
2,1,27912,income,021
2,1,27914,income,021
2,1,27916,income,021
2,1,27918,income,021
2,1,27921,income,021
2,1,27924,income,021
2,1,27926,income,021
2,1,27930,income,021
2,1,27932,income,021
2,1,27933,income,021
2,1,27935,income,021
2,1,27939,income,021
2,1,27940,income,021
2,1,27942,income,021
2,1,27945,income,021
2,1,27948,income,021
2,1,27949,income,021
2,1,27953,income,021
2,1,27957,income,021
2,1,27959,income,021
2,1,27960,income,021
2,1,27962,income,021
2,1,27964,income,021
2,1,27966,income,021
2,1,27969,income,021
2,1,27971,income,021
2,1,27974,income,021
2,1,27977,income,021
2,1,27982,income,021
2,1,27983,income,021
2,1,27986,income,021
2,1,27988,income,021
2,1,27989,income,021
2,1,27992,income,021
2,1,27995,income,021
2,1,27997,income,021
2,1,27999,income,021
2,1,28002,income,021
2,1,28003,income,021
2,1,28009,income,021
2,1,28010,income,021
2,1,28013,income,021
2,1,28015,income,021
2,1,28016,income,021
2,1,28019,income,021
2,1,28023,income,021
2,1,28026,income,021
2,1,28028,income,021
2,1,28030,income,021
2,1,28033,income,021
2,1,28035,income,021
2,1,28038,income,021
2,1,28041,income,021
2,1,28043,income,021
2,1,28045,income,021
2,1,28048,income,021
2,1,28051,income,021
2,1,28053,income,021
2,1,28055,income,021
2,1,28059,income,021
2,1,28062,income,021
2,1,28064,income,021
2,1,28067,income,021
2,1,28069,income,021
2,1,28071,income,021
2,1,28077,income,021
2,1,28081,income,021
2,1,28083,income,021
2,1,28084,income,021
2,1,28087,income,021
2,1,28090,income,021
2,1,28091,income,021
2,1,28093,income,021
2,1,28099,income,021
2,1,28101,income,021
2,1,28105,income,021
2,1,28106,income,021
2,1,28110,income,021
2,1,28111,income,021
2,1,28113,income,021
2,1,28115,income,021
2,1,28117,income,021
2,1,28119,income,021
2,1,28121,income,021
2,1,28124,income,021
2,1,28126,income,021
2,1,28129,income,021
2,1,28132,income,021
2,1,28134,income,021
2,1,28137,income,021
2,1,28140,income,021
2,1,28142,income,021
2,1,28145,income,021
2,1,28149,income,021
2,1,28150,income,021
2,1,28155,income,021
2,1,28157,income,021
2,1,28159,income,021
2,1,28162,income,021
2,1,28163,income,021
2,1,28167,income,021
2,1,28170,income,021
2,1,28172,income,021
2,1,28174,income,021
2,1,28177,income,021
2,1,28178,income,021
2,1,28181,income,021
2,1,28183,income,021
2,1,28186,income,021
2,1,28189,income,021
2,1,28191,income,021
2,1,28193,income,021
2,1,28196,income,021
2,1,28197,income,021
2,1,28200,income,021
2,1,28204,income,021
2,1,28205,income,021
2,1,28207,income,021
2,1,28209,income,021
2,1,28214,income,021
2,1,28216,income,021
2,1,28218,income,021
2,1,28220,income,021
2,1,28222,income,021
2,1,28225,income,021
2,1,28228,income,021
2,1,28231,income,021
2,1,28234,income,021
2,1,28238,income,021
2,1,28240,income,021
2,1,28241,income,021
2,1,28243,income,021
2,1,28246,income,021
2,1,28250,income,021
2,1,28252,income,021
2,1,28254,income,021
2,1,28258,income,021
2,1,28260,income,021
2,1,28262,income,021
2,1,28264,income,021
2,1,28267,income,021
2,1,28269,income,021
2,1,28272,income,021
2,1,28274,income,021
2,1,28276,income,021
2,1,28277,income,021
2,1,28279,income,021
2,1,28282,income,021
2,1,28283,income,021
2,1,28285,income,021
2,1,28289,income,021
2,1,28292,income,021
2,1,28296,income,021
2,1,28298,income,021
2,1,28300,income,021
2,1,28304,income,021
2,1,28306,income,021
2,1,28307,income,021
2,1,28312,income,021
2,1,28314,income,021
2,1,28316,income,021
2,1,28319,income,021
2,1,28321,income,021
2,1,28323,income,021
2,1,28326,income,021
2,1,28329,income,021
2,1,28331,income,021
2,1,28334,income,021
2,1,28336,income,021
2,1,28338,income,021
2,1,28341,income,021
2,1,28343,income,021
2,1,28348,income,021
2,1,28351,income,021
2,1,28353,income,021
2,1,28356,income,021
2,1,28358,income,021
2,1,28360,income,021
2,1,28361,income,021
2,1,28364,income,021
2,1,28367,income,021
2,1,28369,income,021
2,1,28370,income,021
2,1,28372,income,021
2,1,28377,income,021
2,1,28381,income,021
2,1,28385,income,021
2,1,28387,income,021
2,1,28390,income,021
2,1,28391,income,021
2,1,28394,income,021
2,1,28395,income,021
2,1,28398,income,021
2,1,28401,income,021
2,1,28404,income,021
2,1,28406,income,021
2,1,28410,income,021
2,1,28412,income,021
2,1,28414,income,021
2,1,28417,income,021
2,1,28420,income,021
2,1,28424,income,021
2,1,28426,income,021
2,1,28427,income,021
2,1,28429,income,021
2,1,28431,income,021
2,1,28433,income,021
2,1,28436,income,021
2,1,28438,income,021
2,1,28440,income,021
2,1,28442,income,021
2,1,28445,income,021
2,1,28448,income,021
2,1,28450,income,021
2,1,28452,income,021
2,1,28454,income,021
2,1,28455,income,021
2,1,28457,income,021
2,1,28460,income,021
2,1,28463,income,021
2,1,28464,income,021
2,1,28468,income,021
2,1,28471,income,021
2,1,28473,income,021
2,1,28475,income,021
2,1,28477,income,021
2,1,28480,income,021
2,1,28482,income,021
2,1,28485,income,021
2,1,28487,income,021
2,1,28490,income,021
2,1,28493,income,021
2,1,28495,income,021
2,1,28499,income,021
2,1,28501,income,021
2,1,28502,income,021
2,1,28504,income,021
2,1,28509,income,021
2,1,28510,income,021
2,1,28512,income,021
2,1,28514,income,021
2,1,28517,income,021
2,1,28519,income,021
2,1,28521,income,021
2,1,28525,income,021
2,1,28529,income,021
2,1,28533,income,021
2,1,28536,income,021
2,1,28537,income,021
2,1,28541,income,021
2,1,28542,income,021
2,1,28545,income,021
2,1,28547,income,021
2,1,28549,income,021
2,1,28551,income,021
2,1,28553,income,021
2,1,28556,income,021
2,1,28558,income,021
2,1,28560,income,021
2,1,28564,income,021
2,1,28566,income,021
2,1,28568,income,021
2,1,28569,income,021
2,1,28572,income,021
2,1,28574,income,021
2,1,28575,income,021
2,1,28577,income,021
2,1,28581,income,021
2,1,28583,income,021
2,1,28585,income,021
2,1,28589,income,021
2,1,28591,income,021
2,1,28592,income,021
2,1,28595,income,021
2,1,28598,income,021
2,1,28601,income,021
2,1,28602,income,021
2,1,28604,income,021
2,1,28606,income,021
2,1,28609,income,021
2,1,28612,income,021
2,1,28615,income,021
2,1,28617,income,021
2,1,28619,income,021
2,1,28622,income,021
2,1,28627,income,021
2,1,28630,income,021
2,1,28632,income,021
2,1,28635,income,021
2,1,28637,income,021
2,1,28640,income,021
2,1,28644,income,021
2,1,28645,income,021
2,1,28647,income,021
2,1,28649,income,021
2,1,28653,income,021
2,1,28656,income,021
2,1,28660,income,021
2,1,28662,income,021
2,1,28665,income,021
2,1,28666,income,021
2,1,28669,income,021
2,1,28671,income,021
2,1,28672,income,021
2,1,28674,income,021
2,1,28679,income,021
2,1,28681,income,021
2,1,28684,income,021
2,1,28686,income,021
2,1,28688,income,021
2,1,28690,income,021
2,1,28692,income,021
2,1,28693,income,021
2,1,28696,income,021
2,1,28698,income,021
2,1,28700,income,021
2,1,28701,income,021
2,1,28703,income,021
2,1,28706,income,021
2,1,28710,income,021
2,1,28712,income,021
2,1,28714,income,021
2,1,28717,income,021
2,1,28720,income,021
2,1,28722,income,021
2,1,28724,income,021
2,1,28727,income,021
2,1,28729,income,021
2,1,28731,income,021
2,1,28734,income,021
2,1,28738,income,021
2,1,28739,income,021
2,1,28741,income,021
2,1,28744,income,021
2,1,28746,income,021
2,1,28748,income,021
2,1,28751,income,021
2,1,28753,income,021
2,1,28755,income,021
2,1,28756,income,021
2,1,28760,income,021
2,1,28762,income,021
2,1,28765,income,021
2,1,28767,income,021
2,1,28769,income,021
2,1,28771,income,021
2,1,28774,income,021
2,1,28777,income,021
2,1,28779,income,021
2,1,28782,income,021
2,1,28783,income,021
2,1,28785,income,021
2,1,28787,income,021
2,1,28789,income,021
2,1,28792,income,021
2,1,28795,income,021
2,1,28797,income,021
2,1,28798,income,021
2,1,28801,income,021
2,1,28804,income,021
2,1,28806,income,021
2,1,28807,income,021
2,1,28809,income,021
2,1,28812,income,021
2,1,28815,income,021
2,1,28818,income,021
2,1,28820,income,021
2,1,28823,income,021
2,1,28824,income,021
2,1,28826,income,021
2,1,28828,income,021
2,1,28830,income,021
2,1,28833,income,021
2,1,28835,income,021
2,1,28837,income,021
2,1,28839,income,021
2,1,28842,income,021
2,1,28846,income,021
2,1,28847,income,021
2,1,28849,income,021
2,1,28853,income,021
2,1,28856,income,021
2,1,28859,income,021
2,1,28860,income,021
2,1,28862,income,021
2,1,28865,income,021
2,1,28868,income,021
2,1,28869,income,021
2,1,28872,income,021
2,1,28875,income,021
2,1,28877,income,021
2,1,28878,income,021
2,1,28882,income,021
2,1,28885,income,021
2,1,28886,income,021
2,1,28888,income,021
2,1,28891,income,021
2,1,28894,income,021
2,1,28896,income,021
2,1,28897,income,021
2,1,28899,income,021
2,1,28901,income,021
2,1,28903,income,021
2,1,28905,income,021
2,1,28910,income,021
2,1,28912,income,021
2,1,28914,income,021
2,1,28917,income,021
2,1,28920,income,021
2,1,28925,income,021
2,1,28927,income,021
2,1,28930,income,021
2,1,28932,income,021
2,1,28935,income,021
2,1,28937,income,021
2,1,28939,income,021
2,1,28942,income,021
2,1,28945,income,021
2,1,28947,income,021
2,1,28949,income,021
2,1,28951,income,021
2,1,28952,income,021
2,1,28954,income,021
2,1,28958,income,021
2,1,28960,income,021
2,1,28961,income,021
2,1,28964,income,021
2,1,28967,income,021
2,1,28968,income,021
2,1,28971,income,021
2,1,28973,income,021
2,1,28976,income,021
2,1,28977,income,021
2,1,28981,income,021
2,1,28985,income,021
2,1,28987,income,021
2,1,28989,income,021
2,1,28991,income,021
2,1,28995,income,021
2,1,28997,income,021
2,1,29000,income,021
2,1,29005,income,021
2,1,29007,income,021
2,1,29010,income,021
2,1,29013,income,021
2,1,29016,income,021
2,1,29018,income,021
2,1,29019,income,021
2,1,29021,income,021
2,1,29023,income,021
2,1,29025,income,021
2,1,29027,income,021
2,1,29033,income,021
2,1,29035,income,021
2,1,29039,income,021
2,1,29044,income,021
2,1,29046,income,021
2,1,29049,income,021
2,1,29051,income,021
2,1,29053,income,021
2,1,29055,income,021
2,1,29056,income,021
2,1,29059,income,021
2,1,29060,income,021
2,1,29065,income,021
2,1,29067,income,021
2,1,29069,income,021
2,1,29073,income,021
2,1,29074,income,021
2,1,29076,income,021
2,1,29083,income,021
2,1,29086,income,021
2,1,29088,income,021
2,1,29090,income,021
2,1,29093,income,021
2,1,29096,income,021
2,1,29099,income,021
2,1,29101,income,021
2,1,29103,income,021
2,1,29105,income,021
2,1,29107,income,021
2,1,29109,income,021
2,1,29110,income,021
2,1,29112,income,021
2,1,29114,income,021
2,1,29117,income,021
2,1,29119,income,021
2,1,29121,income,021
2,1,29125,income,021
2,1,29127,income,021
2,1,29130,income,021
2,1,29132,income,021
2,1,29135,income,021
2,1,29136,income,021
2,1,29138,income,021
2,1,29140,income,021
2,1,29143,income,021
2,1,29146,income,021
2,1,29149,income,021
2,1,29151,income,021
2,1,29153,income,021
2,1,29156,income,021
2,1,29158,income,021
2,1,29160,income,021
2,1,29162,income,021
2,1,29164,income,021
2,1,29166,income,021
2,1,29168,income,021
2,1,29170,income,021
2,1,29173,income,021
2,1,29174,income,021
2,1,29176,income,021
2,1,29179,income,021
2,1,29184,income,021
2,1,29186,income,021
2,1,29190,income,021
2,1,29192,income,021
2,1,29194,income,021
2,1,29195,income,021
2,1,29200,income,021
2,1,29205,income,021
2,1,29206,income,021
2,1,29211,income,021
2,1,29213,income,021
2,1,29215,income,021
2,1,29219,income,021
2,1,29223,income,021
2,1,29224,income,021
2,1,29226,income,021
2,1,29229,income,021
2,1,29230,income,021
2,1,29232,income,021
2,1,29234,income,021
2,1,29236,income,021
2,1,29239,income,021
2,1,29241,income,021
2,1,29244,income,021
2,1,29246,income,021
2,1,29247,income,021
2,1,29249,income,021
2,1,29252,income,021
2,1,29253,income,021
2,1,29255,income,021
2,1,29258,income,021
2,1,29260,income,021
2,1,29266,income,021
2,1,29268,income,021
2,1,29269,income,021
2,1,29271,income,021
2,1,29273,income,021
2,1,29276,income,021
2,1,29278,income,021
2,1,29281,income,021
2,1,29286,income,021
2,1,29287,income,021
2,1,29290,income,021
2,1,29292,income,021
2,1,29296,income,021
2,1,29298,income,021
2,1,29300,income,021
2,1,29304,income,021
2,1,29309,income,021
2,1,29312,income,021
2,1,29313,income,021
2,1,29317,income,021
2,1,29319,income,021
2,1,29320,income,021
2,1,29322,income,021
2,1,29326,income,021
2,1,29327,income,021
2,1,29329,income,021
2,1,29334,income,021
2,1,29338,income,021
2,1,29345,income,021
2,1,29346,income,021
2,1,29348,income,021
2,1,29351,income,021
2,1,29354,income,021
2,1,29356,income,021
2,1,29358,income,021
2,1,29360,income,021
2,1,29363,income,021
2,1,29366,income,021
2,1,29368,income,021
2,1,29370,income,021
2,1,29372,income,021
2,1,29373,income,021
2,1,29376,income,021
2,1,29378,income,021
2,1,29380,income,021
2,1,29383,income,021
2,1,29385,income,021
2,1,29387,income,021
2,1,29389,income,021
2,1,29390,income,021
2,1,29394,income,021
2,1,29396,income,021
2,1,29399,income,021
2,1,29401,income,021
2,1,29403,income,021
2,1,29406,income,021
2,1,29408,income,021
2,1,29411,income,021
2,1,29414,income,021
2,1,29417,income,021
2,1,29418,income,021
2,1,29420,income,021
2,1,29422,income,021
2,1,29427,income,021
2,1,29429,income,021
2,1,29430,income,021
2,1,29433,income,021
2,1,29435,income,021
2,1,29437,income,021
2,1,29438,income,021
2,1,29440,income,021
2,1,29442,income,021
2,1,29444,income,021
2,1,29446,income,021
2,1,29451,income,021
2,1,29454,income,021
2,1,29456,income,021
2,1,29461,income,021
2,1,29464,income,021
2,1,29465,income,021
2,1,29467,income,021
2,1,29469,income,021
2,1,29472,income,021
2,1,29474,income,021
2,1,29478,income,021
2,1,29480,income,021
2,1,29481,income,021
2,1,29483,income,021
2,1,29485,income,021
2,1,29487,income,021
2,1,29490,income,021
2,1,29495,income,021
2,1,29497,income,021
2,1,29499,income,021
2,1,29501,income,021
2,1,29503,income,021
2,1,29504,income,021
2,1,29506,income,021
2,1,29510,income,021
2,1,29511,income,021
2,1,29515,income,021
2,1,29518,income,021
2,1,29521,income,021
2,1,29522,income,021
2,1,29525,income,021
2,1,29527,income,021
2,1,29531,income,021
2,1,29534,income,021
2,1,29537,income,021
2,1,29539,income,021
2,1,29540,income,021
2,1,29543,income,021
2,1,29545,income,021
2,1,29546,income,021
2,1,29548,income,021
2,1,29550,income,021
2,1,29554,income,021
2,1,29556,income,021
2,1,29558,income,021
2,1,29561,income,021
2,1,29566,income,021
2,1,29568,income,021
2,1,29571,income,021
2,1,29574,income,021
2,1,29576,income,021
2,1,29581,income,021
2,1,29584,income,021
2,1,29587,income,021
2,1,29591,income,021
2,1,29593,income,021
2,1,29595,income,021
2,1,29601,income,021
2,1,29602,income,021
2,1,29604,income,021
2,1,29606,income,021
2,1,29610,income,021
2,1,29612,income,021
2,1,29613,income,021
2,1,29616,income,021
2,1,29619,income,021
2,1,29623,income,021
2,1,29627,income,021
2,1,29630,income,021
2,1,29632,income,021
2,1,29633,income,021
2,1,29636,income,021
2,1,29637,income,021
2,1,29641,income,021
2,1,29642,income,021
2,1,29644,income,021
2,1,29646,income,021
2,1,29649,income,021
2,1,29651,income,021
2,1,29653,income,021
2,1,29655,income,021
2,1,29658,income,021
2,1,29662,income,021
2,1,29664,income,021
2,1,29667,income,021
2,1,29668,income,021
2,1,29672,income,021
2,1,29674,income,021
2,1,29677,income,021
2,1,29679,income,021
2,1,29681,income,021
2,1,29684,income,021
2,1,29686,income,021
2,1,29688,income,021
2,1,29691,income,021
2,1,29693,income,021
2,1,29697,income,021
2,1,29699,income,021
2,1,29701,income,021
2,1,29702,income,021
2,1,29704,income,021
2,1,29708,income,021
2,1,29710,income,021
2,1,29711,income,021
2,1,29713,income,021
2,1,29716,income,021
2,1,29717,income,021
2,1,29720,income,021
2,1,29722,income,021
2,1,29725,income,021
2,1,29727,income,021
2,1,29729,income,021
2,1,29731,income,021
2,1,29736,income,021
2,1,29738,income,021
2,1,29740,income,021
2,1,29741,income,021
2,1,29744,income,021
2,1,29747,income,021
2,1,29749,income,021
2,1,29753,income,021
2,1,29755,income,021
2,1,29758,income,021
2,1,29762,income,021
2,1,29763,income,021
2,1,29766,income,021
2,1,29769,income,021
2,1,29770,income,021
2,1,29772,income,021
2,1,29776,income,021
2,1,29778,income,021
2,1,29782,income,021
2,1,29785,income,021
2,1,29787,income,021
2,1,29788,income,021
2,1,29792,income,021
2,1,29795,income,021
2,1,29797,income,021
2,1,29798,income,021
2,1,29801,income,021
2,1,29806,income,021
2,1,29808,income,021
2,1,29809,income,021
2,1,29811,income,021
2,1,29813,income,021
2,1,29816,income,021
2,1,29820,income,021
2,1,29824,income,021
2,1,29826,income,021
2,1,29828,income,021
2,1,29831,income,021
2,1,29833,income,021
2,1,29835,income,021
2,1,29836,income,021
2,1,29839,income,021
2,1,29843,income,021
2,1,29845,income,021
2,1,29848,income,021
2,1,29850,income,021
2,1,29852,income,021
2,1,29853,income,021
2,1,29856,income,021
2,1,29857,income,021
2,1,29860,income,021
2,1,29862,income,021
2,1,29864,income,021
2,1,29867,income,021
2,1,29869,income,021
2,1,29872,income,021
2,1,29874,income,021
2,1,29876,income,021
2,1,29879,income,021
2,1,29882,income,021
2,1,29884,income,021
2,1,29885,income,021
2,1,29887,income,021
2,1,29889,income,021
2,1,29891,income,021
2,1,29893,income,021
2,1,29897,income,021
2,1,29899,income,021
2,1,29901,income,021
2,1,29908,income,021
2,1,29910,income,021
2,1,29912,income,021
2,1,29913,income,021
2,1,29920,income,021
2,1,29921,income,021
2,1,29924,income,021
2,1,29925,income,021
2,1,29927,income,021
2,1,29929,income,021
2,1,29932,income,021
2,1,29934,income,021
2,1,29937,income,021
2,1,29941,income,021
2,1,29942,income,021
2,1,29944,income,021
2,1,29947,income,021
2,1,29949,income,021
2,1,29953,income,021
2,1,29955,income,021
2,1,29958,income,021
2,1,29961,income,021
2,1,29963,income,021
2,1,29965,income,021
2,1,29967,income,021
2,1,29968,income,021
2,1,29973,income,021
2,1,29976,income,021
2,1,29979,income,021
2,1,29982,income,021
2,1,29985,income,021
2,1,29988,income,021
2,1,29990,income,021
2,1,29992,income,021
2,1,29995,income,021
2,1,29998,income,021
2,1,30001,income,021
2,1,30003,income,021
2,1,30005,income,021
2,1,30006,income,021
2,1,30009,income,021
2,1,30010,income,021
2,1,30015,income,021
2,1,30017,income,021
2,1,30022,income,021
2,1,30025,income,021
2,1,30027,income,021
2,1,30029,income,021
2,1,30031,income,021
2,1,30035,income,021
2,1,30038,income,021
2,1,30041,income,021
2,1,30045,income,021
2,1,30047,income,021
2,1,30050,income,021
2,1,30052,income,021
2,1,30055,income,021
2,1,30058,income,021
2,1,30060,income,021
2,1,30062,income,021
2,1,30067,income,021
2,1,30068,income,021
2,1,30070,income,021
2,1,30073,income,021
2,1,30077,income,021
2,1,30078,income,021
2,1,30083,income,021
2,1,30087,income,021
2,1,30092,income,021
2,1,30093,income,021
2,1,30099,income,021
2,1,30101,income,021
2,1,30103,income,021
2,1,30105,income,021
2,1,30109,income,021
2,1,30111,income,021
2,1,30113,income,021
2,1,30115,income,021
2,1,30117,income,021
2,1,30118,income,021
2,1,30121,income,021
2,1,30123,income,021
2,1,30126,income,021
2,1,30128,income,021
2,1,30129,income,021
2,1,30131,income,021
2,1,30133,income,021
2,1,30136,income,021
2,1,30140,income,021
2,1,30141,income,021
2,1,30144,income,021
2,1,30146,income,021
2,1,30148,income,021
2,1,30149,income,021
2,1,30151,income,021
2,1,30153,income,021
2,1,30155,income,021
2,1,30158,income,021
