run_id,equivalence_class_id,age,workclass,education.num,marital.status,occupation,race,sex,native.country,income,_source_row
4,17,*,*,9,*,*,*,Female,*,<=50K,0
4,7,*,*,4,*,*,*,Female,*,<=50K,1
4,19,*,*,10,*,*,*,Female,*,<=50K,2
4,17,*,*,9,*,*,*,Female,*,<=50K,3
4,12,*,*,6,*,*,*,Male,*,<=50K,4
4,17,*,*,9,*,*,*,Female,*,<=50K,6
4,31,*,*,16,*,*,*,Female,*,>50K,7
4,30,*,*,15,*,*,*,Male,*,>50K,8
4,25,*,*,13,*,*,*,Female,*,>50K,9
4,14,*,*,7,*,*,*,Male,*,>50K,12
4,28,*,*,14,*,*,*,Male,*,>50K,13
4,26,*,*,13,*,*,*,Male,*,>50K,15
4,13,*,*,7,*,*,*,Female,*,<=50K,16
4,17,*,*,9,*,*,*,Female,*,<=50K,17
4,20,*,*,10,*,*,*,Male,*,<=50K,18
4,22,*,*,11,*,*,*,Male,*,<=50K,19
4,4,*,*,2,*,*,*,Male,*,<=50K,20
4,6,*,*,3,*,*,*,Male,*,<=50K,21
4,12,*,*,6,*,*,*,Male,*,>50K,22
4,12,*,*,6,*,*,*,Male,*,>50K,23
4,20,*,*,10,*,*,*,Male,*,>50K,24
4,11,*,*,6,*,*,*,Female,*,>50K,25
4,30,*,*,15,*,*,*,Male,*,>50K,26
4,26,*,*,13,*,*,*,Male,*,>50K,27
4,18,*,*,9,*,*,*,Male,*,>50K,28
4,31,*,*,16,*,*,*,Female,*,>50K,29
4,18,*,*,9,*,*,*,Male,*,>50K,30
4,27,*,*,14,*,*,*,Female,*,>50K,33
4,27,*,*,14,*,*,*,Female,*,>50K,35
4,19,*,*,10,*,*,*,Female,*,>50K,36
4,27,*,*,14,*,*,*,Female,*,>50K,37
4,18,*,*,9,*,*,*,Male,*,<=50K,39
4,18,*,*,9,*,*,*,Male,*,<=50K,40
4,17,*,*,9,*,*,*,Female,*,>50K,42
4,22,*,*,11,*,*,*,Male,*,>50K,43
4,26,*,*,13,*,*,*,Male,*,>50K,46
4,20,*,*,10,*,*,*,Male,*,>50K,47
4,20,*,*,10,*,*,*,Male,*,>50K,48
4,25,*,*,13,*,*,*,Female,*,>50K,49
4,22,*,*,11,*,*,*,Male,*,>50K,50
4,24,*,*,12,*,*,*,Male,*,>50K,51
4,26,*,*,13,*,*,*,Male,*,>50K,54
4,30,*,*,15,*,*,*,Male,*,>50K,55
4,28,*,*,14,*,*,*,Male,*,>50K,56
4,30,*,*,15,*,*,*,Male,*,>50K,57
4,26,*,*,13,*,*,*,Male,*,>50K,58
4,30,*,*,15,*,*,*,Male,*,>50K,59
4,26,*,*,13,*,*,*,Male,*,>50K,60
4,30,*,*,15,*,*,*,Male,*,>50K,62
4,26,*,*,13,*,*,*,Male,*,>50K,63
4,27,*,*,14,*,*,*,Female,*,>50K,64
4,26,*,*,13,*,*,*,Male,*,>50K,65
4,28,*,*,14,*,*,*,Male,*,>50K,66
4,28,*,*,14,*,*,*,Male,*,>50K,67
4,26,*,*,13,*,*,*,Male,*,>50K,68
4,20,*,*,10,*,*,*,Male,*,>50K,69
4,30,*,*,15,*,*,*,Male,*,>50K,70
4,28,*,*,14,*,*,*,Male,*,>50K,71
4,20,*,*,10,*,*,*,Male,*,>50K,72
4,26,*,*,13,*,*,*,Male,*,>50K,74
4,26,*,*,13,*,*,*,Male,*,>50K,75
4,28,*,*,14,*,*,*,Male,*,>50K,76
4,26,*,*,13,*,*,*,Male,*,>50K,78
4,20,*,*,10,*,*,*,Male,*,>50K,79
4,26,*,*,13,*,*,*,Male,*,>50K,80
4,17,*,*,9,*,*,*,Female,*,>50K,81
4,26,*,*,13,*,*,*,Male,*,>50K,82
4,30,*,*,15,*,*,*,Male,*,>50K,83
4,22,*,*,11,*,*,*,Male,*,>50K,84
4,30,*,*,15,*,*,*,Male,*,>50K,85
4,32,*,*,16,*,*,*,Male,*,>50K,86
4,30,*,*,15,*,*,*,Male,*,>50K,87
4,32,*,*,16,*,*,*,Male,*,>50K,88
4,26,*,*,13,*,*,*,Male,*,>50K,92
4,26,*,*,13,*,*,*,Male,*,>50K,98
4,26,*,*,13,*,*,*,Male,*,>50K,99
4,32,*,*,16,*,*,*,Male,*,>50K,100
4,26,*,*,13,*,*,*,Male,*,>50K,102
4,26,*,*,13,*,*,*,Male,*,>50K,103
4,26,*,*,13,*,*,*,Male,*,>50K,104
4,28,*,*,14,*,*,*,Male,*,>50K,105
4,32,*,*,16,*,*,*,Male,*,>50K,107
4,17,*,*,9,*,*,*,Female,*,>50K,108
4,26,*,*,13,*,*,*,Male,*,>50K,110
4,19,*,*,10,*,*,*,Female,*,<=50K,111
4,20,*,*,10,*,*,*,Male,*,<=50K,112
4,18,*,*,9,*,*,*,Male,*,>50K,114
4,32,*,*,16,*,*,*,Male,*,>50K,115
4,18,*,*,9,*,*,*,Male,*,>50K,116
4,20,*,*,10,*,*,*,Male,*,>50K,117
4,18,*,*,9,*,*,*,Male,*,<=50K,118
4,20,*,*,10,*,*,*,Male,*,<=50K,120
4,18,*,*,9,*,*,*,Male,*,<=50K,121
4,26,*,*,13,*,*,*,Male,*,>50K,122
4,18,*,*,9,*,*,*,Male,*,<=50K,123
4,18,*,*,9,*,*,*,Male,*,<=50K,124
4,5,*,*,3,*,*,*,Female,*,<=50K,125
4,26,*,*,13,*,*,*,Male,*,<=50K,126
4,6,*,*,3,*,*,*,Male,*,<=50K,128
4,17,*,*,9,*,*,*,Female,*,<=50K,132
4,20,*,*,10,*,*,*,Male,*,<=50K,133
4,27,*,*,14,*,*,*,Female,*,<=50K,134
4,18,*,*,9,*,*,*,Male,*,<=50K,135
4,17,*,*,9,*,*,*,Female,*,<=50K,136
4,30,*,*,15,*,*,*,Male,*,<=50K,137
4,29,*,*,15,*,*,*,Female,*,<=50K,138
4,18,*,*,9,*,*,*,Male,*,<=50K,140
4,6,*,*,3,*,*,*,Male,*,<=50K,141
4,20,*,*,10,*,*,*,Male,*,<=50K,144
4,18,*,*,9,*,*,*,Male,*,<=50K,145
4,20,*,*,10,*,*,*,Male,*,<=50K,146
4,25,*,*,13,*,*,*,Female,*,<=50K,147
4,20,*,*,10,*,*,*,Male,*,>50K,148
4,24,*,*,12,*,*,*,Male,*,>50K,149
4,25,*,*,13,*,*,*,Female,*,>50K,150
4,18,*,*,9,*,*,*,Male,*,>50K,152
4,26,*,*,13,*,*,*,Male,*,>50K,153
4,18,*,*,9,*,*,*,Male,*,<=50K,155
4,25,*,*,13,*,*,*,Female,*,>50K,156
4,28,*,*,14,*,*,*,Male,*,<=50K,157
4,16,*,*,8,*,*,*,Male,*,<=50K,158
4,19,*,*,10,*,*,*,Female,*,>50K,160
4,31,*,*,16,*,*,*,Female,*,>50K,163
4,20,*,*,10,*,*,*,Male,*,<=50K,164
4,20,*,*,10,*,*,*,Male,*,>50K,165
4,17,*,*,9,*,*,*,Female,*,>50K,167
4,26,*,*,13,*,*,*,Male,*,>50K,168
4,17,*,*,9,*,*,*,Female,*,>50K,169
4,20,*,*,10,*,*,*,Male,*,>50K,170
4,28,*,*,14,*,*,*,Male,*,>50K,171
4,30,*,*,15,*,*,*,Male,*,>50K,173
4,17,*,*,9,*,*,*,Female,*,<=50K,174
4,11,*,*,6,*,*,*,Female,*,<=50K,175
4,10,*,*,5,*,*,*,Male,*,>50K,177
4,20,*,*,10,*,*,*,Male,*,>50K,178
4,18,*,*,9,*,*,*,Male,*,<=50K,179
4,17,*,*,9,*,*,*,Female,*,<=50K,180
4,17,*,*,9,*,*,*,Female,*,<=50K,181
4,25,*,*,13,*,*,*,Female,*,<=50K,182
4,25,*,*,13,*,*,*,Female,*,<=50K,183
4,20,*,*,10,*,*,*,Male,*,<=50K,185
4,19,*,*,10,*,*,*,Female,*,<=50K,186
4,23,*,*,12,*,*,*,Female,*,<=50K,187
4,18,*,*,9,*,*,*,Male,*,<=50K,188
4,19,*,*,10,*,*,*,Female,*,<=50K,189
4,19,*,*,10,*,*,*,Female,*,<=50K,190
4,8,*,*,4,*,*,*,Male,*,<=50K,191
4,28,*,*,14,*,*,*,Male,*,>50K,192
4,14,*,*,7,*,*,*,Male,*,<=50K,193
4,8,*,*,4,*,*,*,Male,*,<=50K,194
4,8,*,*,4,*,*,*,Male,*,<=50K,196
4,20,*,*,10,*,*,*,Male,*,<=50K,198
4,17,*,*,9,*,*,*,Female,*,<=50K,199
4,18,*,*,9,*,*,*,Male,*,<=50K,200
4,17,*,*,9,*,*,*,Female,*,<=50K,201
4,12,*,*,6,*,*,*,Male,*,<=50K,202
4,20,*,*,10,*,*,*,Male,*,<=50K,203
4,18,*,*,9,*,*,*,Male,*,<=50K,205
4,20,*,*,10,*,*,*,Male,*,<=50K,206
4,20,*,*,10,*,*,*,Male,*,>50K,207
4,18,*,*,9,*,*,*,Male,*,>50K,208
4,20,*,*,10,*,*,*,Male,*,>50K,211
4,20,*,*,10,*,*,*,Male,*,>50K,212
4,22,*,*,11,*,*,*,Male,*,<=50K,213
4,18,*,*,9,*,*,*,Male,*,<=50K,214
4,14,*,*,7,*,*,*,Male,*,<=50K,215
4,18,*,*,9,*,*,*,Male,*,<=50K,216
4,24,*,*,12,*,*,*,Male,*,<=50K,217
4,28,*,*,14,*,*,*,Male,*,<=50K,218
4,18,*,*,9,*,*,*,Male,*,<=50K,219
4,19,*,*,10,*,*,*,Female,*,<=50K,220
4,14,*,*,7,*,*,*,Male,*,<=50K,221
4,17,*,*,9,*,*,*,Female,*,<=50K,222
4,19,*,*,10,*,*,*,Female,*,<=50K,223
4,18,*,*,9,*,*,*,Male,*,<=50K,224
4,20,*,*,10,*,*,*,Male,*,<=50K,225
4,20,*,*,10,*,*,*,Male,*,<=50K,226
4,18,*,*,9,*,*,*,Male,*,<=50K,228
4,18,*,*,9,*,*,*,Male,*,<=50K,229
4,20,*,*,10,*,*,*,Male,*,<=50K,230
4,18,*,*,9,*,*,*,Male,*,<=50K,231
4,20,*,*,10,*,*,*,Male,*,<=50K,232
4,26,*,*,13,*,*,*,Male,*,<=50K,233
4,20,*,*,10,*,*,*,Male,*,<=50K,234
4,18,*,*,9,*,*,*,Male,*,<=50K,235
4,18,*,*,9,*,*,*,Male,*,<=50K,236
4,18,*,*,9,*,*,*,Male,*,<=50K,237
4,18,*,*,9,*,*,*,Male,*,<=50K,238
4,22,*,*,11,*,*,*,Male,*,<=50K,239
4,18,*,*,9,*,*,*,Male,*,<=50K,240
4,18,*,*,9,*,*,*,Male,*,<=50K,241
4,18,*,*,9,*,*,*,Male,*,<=50K,242
4,14,*,*,7,*,*,*,Male,*,<=50K,245
4,20,*,*,10,*,*,*,Male,*,<=50K,246
4,20,*,*,10,*,*,*,Male,*,<=50K,247
4,18,*,*,9,*,*,*,Male,*,<=50K,248
4,18,*,*,9,*,*,*,Male,*,<=50K,249
4,24,*,*,12,*,*,*,Male,*,<=50K,250
4,8,*,*,4,*,*,*,Male,*,<=50K,251
4,14,*,*,7,*,*,*,Male,*,<=50K,252
4,18,*,*,9,*,*,*,Male,*,<=50K,255
4,8,*,*,4,*,*,*,Male,*,<=50K,256
4,14,*,*,7,*,*,*,Male,*,<=50K,257
4,26,*,*,13,*,*,*,Male,*,<=50K,258
4,18,*,*,9,*,*,*,Male,*,<=50K,259
4,24,*,*,12,*,*,*,Male,*,<=50K,260
4,24,*,*,12,*,*,*,Male,*,<=50K,261
4,26,*,*,13,*,*,*,Male,*,<=50K,263
4,26,*,*,13,*,*,*,Male,*,<=50K,264
4,18,*,*,9,*,*,*,Male,*,<=50K,265
4,17,*,*,9,*,*,*,Female,*,<=50K,266
4,26,*,*,13,*,*,*,Male,*,<=50K,267
4,24,*,*,12,*,*,*,Male,*,<=50K,268
4,18,*,*,9,*,*,*,Male,*,<=50K,269
4,18,*,*,9,*,*,*,Male,*,<=50K,271
4,18,*,*,9,*,*,*,Male,*,<=50K,272
4,32,*,*,16,*,*,*,Male,*,<=50K,273
4,18,*,*,9,*,*,*,Male,*,<=50K,275
4,28,*,*,14,*,*,*,Male,*,<=50K,276
4,14,*,*,7,*,*,*,Male,*,<=50K,277
4,18,*,*,9,*,*,*,Male,*,<=50K,280
4,18,*,*,9,*,*,*,Male,*,<=50K,283
4,18,*,*,9,*,*,*,Male,*,<=50K,284
4,19,*,*,10,*,*,*,Female,*,<=50K,285
4,26,*,*,13,*,*,*,Male,*,<=50K,287
4,18,*,*,9,*,*,*,Male,*,<=50K,289
4,18,*,*,9,*,*,*,Male,*,<=50K,290
4,17,*,*,9,*,*,*,Female,*,<=50K,291
4,26,*,*,13,*,*,*,Male,*,<=50K,292
4,18,*,*,9,*,*,*,Male,*,<=50K,293
4,18,*,*,9,*,*,*,Male,*,<=50K,295
4,20,*,*,10,*,*,*,Male,*,<=50K,296
4,25,*,*,13,*,*,*,Female,*,<=50K,297
4,26,*,*,13,*,*,*,Male,*,<=50K,298
4,18,*,*,9,*,*,*,Male,*,<=50K,299
4,23,*,*,12,*,*,*,Female,*,<=50K,300
4,18,*,*,9,*,*,*,Male,*,<=50K,301
4,17,*,*,9,*,*,*,Female,*,<=50K,305
4,11,*,*,6,*,*,*,Female,*,<=50K,306
4,27,*,*,14,*,*,*,Female,*,<=50K,307
4,22,*,*,11,*,*,*,Male,*,<=50K,309
4,20,*,*,10,*,*,*,Male,*,<=50K,311
4,18,*,*,9,*,*,*,Male,*,<=50K,313
4,18,*,*,9,*,*,*,Male,*,<=50K,315
4,18,*,*,9,*,*,*,Male,*,<=50K,316
4,12,*,*,6,*,*,*,Male,*,<=50K,317
4,20,*,*,10,*,*,*,Male,*,>50K,318
4,24,*,*,12,*,*,*,Male,*,>50K,319
4,28,*,*,14,*,*,*,Male,*,>50K,320
4,22,*,*,11,*,*,*,Male,*,>50K,322
4,25,*,*,13,*,*,*,Female,*,>50K,323
4,30,*,*,15,*,*,*,Male,*,>50K,324
4,17,*,*,9,*,*,*,Female,*,>50K,325
4,26,*,*,13,*,*,*,Male,*,>50K,327
4,18,*,*,9,*,*,*,Male,*,>50K,328
4,28,*,*,14,*,*,*,Male,*,>50K,329
4,30,*,*,15,*,*,*,Male,*,>50K,330
4,26,*,*,13,*,*,*,Male,*,>50K,331
4,30,*,*,15,*,*,*,Male,*,>50K,334
4,30,*,*,15,*,*,*,Male,*,>50K,335
4,26,*,*,13,*,*,*,Male,*,>50K,336
4,28,*,*,14,*,*,*,Male,*,>50K,337
4,12,*,*,6,*,*,*,Male,*,>50K,338
4,26,*,*,13,*,*,*,Male,*,>50K,340
4,28,*,*,14,*,*,*,Male,*,>50K,342
4,22,*,*,11,*,*,*,Male,*,>50K,343
4,27,*,*,14,*,*,*,Female,*,>50K,344
4,18,*,*,9,*,*,*,Male,*,>50K,345
4,28,*,*,14,*,*,*,Male,*,>50K,346
4,32,*,*,16,*,*,*,Male,*,>50K,347
4,30,*,*,15,*,*,*,Male,*,>50K,348
4,26,*,*,13,*,*,*,Male,*,>50K,350
4,26,*,*,13,*,*,*,Male,*,>50K,352
4,26,*,*,13,*,*,*,Male,*,>50K,353
4,18,*,*,9,*,*,*,Male,*,>50K,354
4,18,*,*,9,*,*,*,Male,*,>50K,356
4,32,*,*,16,*,*,*,Male,*,>50K,359
4,30,*,*,15,*,*,*,Male,*,>50K,361
4,26,*,*,13,*,*,*,Male,*,>50K,362
4,26,*,*,13,*,*,*,Male,*,>50K,363
4,26,*,*,13,*,*,*,Male,*,>50K,364
4,30,*,*,15,*,*,*,Male,*,>50K,365
4,30,*,*,15,*,*,*,Male,*,>50K,366
4,30,*,*,15,*,*,*,Male,*,>50K,367
4,26,*,*,13,*,*,*,Male,*,>50K,368
4,20,*,*,10,*,*,*,Male,*,>50K,369
4,26,*,*,13,*,*,*,Male,*,>50K,371
4,26,*,*,13,*,*,*,Male,*,>50K,372
4,28,*,*,14,*,*,*,Male,*,>50K,373
4,22,*,*,11,*,*,*,Male,*,>50K,374
4,30,*,*,15,*,*,*,Male,*,>50K,375
4,26,*,*,13,*,*,*,Male,*,>50K,376
4,28,*,*,14,*,*,*,Male,*,>50K,377
4,18,*,*,9,*,*,*,Male,*,>50K,379
4,18,*,*,9,*,*,*,Male,*,>50K,381
4,22,*,*,11,*,*,*,Male,*,>50K,382
4,28,*,*,14,*,*,*,Male,*,>50K,383
4,28,*,*,14,*,*,*,Male,*,>50K,384
4,28,*,*,14,*,*,*,Male,*,>50K,385
4,26,*,*,13,*,*,*,Male,*,>50K,386
4,28,*,*,14,*,*,*,Male,*,>50K,387
4,20,*,*,10,*,*,*,Male,*,>50K,388
4,28,*,*,14,*,*,*,Male,*,>50K,389
4,18,*,*,9,*,*,*,Male,*,>50K,390
4,31,*,*,16,*,*,*,Female,*,>50K,391
4,26,*,*,13,*,*,*,Male,*,>50K,392
4,28,*,*,14,*,*,*,Male,*,>50K,393
4,22,*,*,11,*,*,*,Male,*,>50K,395
4,18,*,*,9,*,*,*,Male,*,>50K,396
4,28,*,*,14,*,*,*,Male,*,>50K,397
4,28,*,*,14,*,*,*,Male,*,>50K,398
4,26,*,*,13,*,*,*,Male,*,>50K,399
4,28,*,*,14,*,*,*,Male,*,>50K,400
4,26,*,*,13,*,*,*,Male,*,>50K,401
4,26,*,*,13,*,*,*,Male,*,>50K,402
4,28,*,*,14,*,*,*,Male,*,>50K,404
4,25,*,*,13,*,*,*,Female,*,>50K,405
4,20,*,*,10,*,*,*,Male,*,>50K,406
4,26,*,*,13,*,*,*,Male,*,>50K,407
4,30,*,*,15,*,*,*,Male,*,>50K,409
4,26,*,*,13,*,*,*,Male,*,>50K,410
4,28,*,*,14,*,*,*,Male,*,>50K,411
4,26,*,*,13,*,*,*,Male,*,>50K,413
4,28,*,*,14,*,*,*,Male,*,>50K,414
4,28,*,*,14,*,*,*,Male,*,>50K,415
4,18,*,*,9,*,*,*,Male,*,>50K,416
4,26,*,*,13,*,*,*,Male,*,>50K,417
4,26,*,*,13,*,*,*,Male,*,>50K,418
4,30,*,*,15,*,*,*,Male,*,>50K,419
4,28,*,*,14,*,*,*,Male,*,>50K,420
4,26,*,*,13,*,*,*,Male,*,>50K,421
4,24,*,*,12,*,*,*,Male,*,>50K,422
4,26,*,*,13,*,*,*,Male,*,>50K,423
4,18,*,*,9,*,*,*,Male,*,>50K,424
4,28,*,*,14,*,*,*,Male,*,>50K,425
4,26,*,*,13,*,*,*,Male,*,>50K,426
4,18,*,*,9,*,*,*,Male,*,>50K,427
4,30,*,*,15,*,*,*,Male,*,>50K,430
4,18,*,*,9,*,*,*,Male,*,>50K,431
4,28,*,*,14,*,*,*,Male,*,>50K,433
4,30,*,*,15,*,*,*,Male,*,>50K,435
4,28,*,*,14,*,*,*,Male,*,>50K,438
4,26,*,*,13,*,*,*,Male,*,>50K,440
4,26,*,*,13,*,*,*,Male,*,>50K,441
4,20,*,*,10,*,*,*,Male,*,>50K,444
4,31,*,*,16,*,*,*,Female,*,>50K,446
4,28,*,*,14,*,*,*,Male,*,>50K,447
4,27,*,*,14,*,*,*,Female,*,>50K,449
4,32,*,*,16,*,*,*,Male,*,>50K,451
4,28,*,*,14,*,*,*,Male,*,>50K,452
4,28,*,*,14,*,*,*,Male,*,>50K,453
4,26,*,*,13,*,*,*,Male,*,>50K,454
4,18,*,*,9,*,*,*,Male,*,>50K,457
4,28,*,*,14,*,*,*,Male,*,>50K,458
4,26,*,*,13,*,*,*,Male,*,>50K,459
4,32,*,*,16,*,*,*,Male,*,>50K,460
4,26,*,*,13,*,*,*,Male,*,>50K,462
4,20,*,*,10,*,*,*,Male,*,>50K,463
4,32,*,*,16,*,*,*,Male,*,>50K,465
4,27,*,*,14,*,*,*,Female,*,>50K,466
4,26,*,*,13,*,*,*,Male,*,>50K,467
4,30,*,*,15,*,*,*,Male,*,>50K,468
4,28,*,*,14,*,*,*,Male,*,>50K,470
4,28,*,*,14,*,*,*,Male,*,>50K,471
4,29,*,*,15,*,*,*,Female,*,>50K,472
4,30,*,*,15,*,*,*,Male,*,>50K,473
4,32,*,*,16,*,*,*,Male,*,>50K,474
4,27,*,*,14,*,*,*,Female,*,>50K,476
4,30,*,*,15,*,*,*,Male,*,>50K,477
4,26,*,*,13,*,*,*,Male,*,>50K,478
4,26,*,*,13,*,*,*,Male,*,>50K,479
4,28,*,*,14,*,*,*,Male,*,<=50K,480
4,17,*,*,9,*,*,*,Female,*,<=50K,483
4,17,*,*,9,*,*,*,Female,*,<=50K,484
4,19,*,*,10,*,*,*,Female,*,<=50K,486
4,26,*,*,13,*,*,*,Male,*,<=50K,487
4,28,*,*,14,*,*,*,Male,*,<=50K,488
4,20,*,*,10,*,*,*,Male,*,<=50K,489
4,17,*,*,9,*,*,*,Female,*,<=50K,491
4,18,*,*,9,*,*,*,Male,*,<=50K,492
4,21,*,*,11,*,*,*,Female,*,<=50K,493
4,18,*,*,9,*,*,*,Male,*,<=50K,494
4,23,*,*,12,*,*,*,Female,*,<=50K,495
4,20,*,*,10,*,*,*,Male,*,<=50K,497
4,19,*,*,10,*,*,*,Female,*,<=50K,498
4,29,*,*,15,*,*,*,Female,*,>50K,499
4,32,*,*,16,*,*,*,Male,*,>50K,500
4,30,*,*,15,*,*,*,Male,*,>50K,501
4,26,*,*,13,*,*,*,Male,*,>50K,503
4,32,*,*,16,*,*,*,Male,*,>50K,504
4,26,*,*,13,*,*,*,Male,*,>50K,505
4,28,*,*,14,*,*,*,Male,*,>50K,506
4,18,*,*,9,*,*,*,Male,*,>50K,507
4,31,*,*,16,*,*,*,Female,*,>50K,508
4,26,*,*,13,*,*,*,Male,*,>50K,509
4,18,*,*,9,*,*,*,Male,*,>50K,510
4,18,*,*,9,*,*,*,Male,*,>50K,511
4,18,*,*,9,*,*,*,Male,*,>50K,512
4,28,*,*,14,*,*,*,Male,*,>50K,513
4,28,*,*,14,*,*,*,Male,*,>50K,515
4,19,*,*,10,*,*,*,Female,*,>50K,516
4,26,*,*,13,*,*,*,Male,*,>50K,518
4,18,*,*,9,*,*,*,Male,*,<=50K,519
4,23,*,*,12,*,*,*,Female,*,>50K,520
4,30,*,*,15,*,*,*,Male,*,>50K,521
4,26,*,*,13,*,*,*,Male,*,>50K,522
4,19,*,*,10,*,*,*,Female,*,>50K,523
4,20,*,*,10,*,*,*,Male,*,>50K,524
4,26,*,*,13,*,*,*,Male,*,>50K,526
4,28,*,*,14,*,*,*,Male,*,>50K,527
4,26,*,*,13,*,*,*,Male,*,>50K,528
4,26,*,*,13,*,*,*,Male,*,>50K,529
4,26,*,*,13,*,*,*,Male,*,>50K,530
4,28,*,*,14,*,*,*,Male,*,>50K,531
4,28,*,*,14,*,*,*,Male,*,>50K,532
4,19,*,*,10,*,*,*,Female,*,>50K,533
4,18,*,*,9,*,*,*,Male,*,>50K,534
4,20,*,*,10,*,*,*,Male,*,>50K,535
4,27,*,*,14,*,*,*,Female,*,>50K,536
4,26,*,*,13,*,*,*,Male,*,>50K,537
4,27,*,*,14,*,*,*,Female,*,<=50K,538
4,26,*,*,13,*,*,*,Male,*,>50K,540
4,23,*,*,12,*,*,*,Female,*,>50K,541
4,18,*,*,9,*,*,*,Male,*,>50K,542
4,20,*,*,10,*,*,*,Male,*,>50K,543
4,18,*,*,9,*,*,*,Male,*,>50K,544
4,20,*,*,10,*,*,*,Male,*,>50K,545
4,28,*,*,14,*,*,*,Male,*,>50K,547
4,25,*,*,13,*,*,*,Female,*,>50K,549
4,24,*,*,12,*,*,*,Male,*,>50K,551
4,26,*,*,13,*,*,*,Male,*,>50K,552
4,26,*,*,13,*,*,*,Male,*,>50K,554
4,27,*,*,14,*,*,*,Female,*,>50K,555
4,18,*,*,9,*,*,*,Male,*,>50K,556
4,28,*,*,14,*,*,*,Male,*,>50K,557
4,26,*,*,13,*,*,*,Male,*,>50K,558
4,26,*,*,13,*,*,*,Male,*,>50K,560
4,26,*,*,13,*,*,*,Male,*,>50K,561
4,26,*,*,13,*,*,*,Male,*,>50K,562
4,20,*,*,10,*,*,*,Male,*,>50K,564
4,26,*,*,13,*,*,*,Male,*,>50K,565
4,26,*,*,13,*,*,*,Male,*,>50K,566
4,26,*,*,13,*,*,*,Male,*,>50K,568
4,26,*,*,13,*,*,*,Male,*,>50K,569
4,26,*,*,13,*,*,*,Male,*,>50K,571
4,26,*,*,13,*,*,*,Male,*,>50K,574
4,26,*,*,13,*,*,*,Male,*,>50K,575
4,32,*,*,16,*,*,*,Male,*,>50K,576
4,26,*,*,13,*,*,*,Male,*,>50K,578
4,32,*,*,16,*,*,*,Male,*,>50K,579
4,28,*,*,14,*,*,*,Male,*,>50K,580
4,24,*,*,12,*,*,*,Male,*,>50K,581
4,26,*,*,13,*,*,*,Male,*,>50K,582
4,27,*,*,14,*,*,*,Female,*,>50K,583
4,25,*,*,13,*,*,*,Female,*,>50K,584
4,18,*,*,9,*,*,*,Male,*,>50K,585
4,24,*,*,12,*,*,*,Male,*,>50K,587
4,26,*,*,13,*,*,*,Male,*,>50K,588
4,28,*,*,14,*,*,*,Male,*,>50K,590
4,26,*,*,13,*,*,*,Male,*,>50K,591
4,22,*,*,11,*,*,*,Male,*,>50K,592
4,18,*,*,9,*,*,*,Male,*,>50K,595
4,20,*,*,10,*,*,*,Male,*,>50K,596
4,20,*,*,10,*,*,*,Male,*,>50K,598
4,19,*,*,10,*,*,*,Female,*,>50K,599
4,28,*,*,14,*,*,*,Male,*,>50K,600
4,32,*,*,16,*,*,*,Male,*,>50K,601
4,26,*,*,13,*,*,*,Male,*,>50K,602
4,6,*,*,3,*,*,*,Male,*,<=50K,603
4,32,*,*,16,*,*,*,Male,*,>50K,605
4,28,*,*,14,*,*,*,Male,*,>50K,606
4,21,*,*,11,*,*,*,Female,*,>50K,607
4,20,*,*,10,*,*,*,Male,*,>50K,608
4,32,*,*,16,*,*,*,Male,*,>50K,609
4,26,*,*,13,*,*,*,Male,*,>50K,611
4,20,*,*,10,*,*,*,Male,*,>50K,612
4,26,*,*,13,*,*,*,Male,*,>50K,613
4,14,*,*,7,*,*,*,Male,*,>50K,615
4,20,*,*,10,*,*,*,Male,*,<=50K,616
4,26,*,*,13,*,*,*,Male,*,<=50K,617
4,20,*,*,10,*,*,*,Male,*,>50K,618
4,22,*,*,11,*,*,*,Male,*,>50K,619
4,18,*,*,9,*,*,*,Male,*,>50K,620
4,26,*,*,13,*,*,*,Male,*,>50K,621
4,28,*,*,14,*,*,*,Male,*,>50K,622
4,31,*,*,16,*,*,*,Female,*,>50K,623
4,20,*,*,10,*,*,*,Male,*,>50K,624
4,18,*,*,9,*,*,*,Male,*,>50K,626
4,26,*,*,13,*,*,*,Male,*,>50K,627
4,18,*,*,9,*,*,*,Male,*,>50K,628
4,28,*,*,14,*,*,*,Male,*,>50K,629
4,26,*,*,13,*,*,*,Male,*,>50K,630
4,32,*,*,16,*,*,*,Male,*,>50K,631
4,30,*,*,15,*,*,*,Male,*,>50K,632
4,26,*,*,13,*,*,*,Male,*,>50K,633
4,20,*,*,10,*,*,*,Male,*,>50K,634
4,28,*,*,14,*,*,*,Male,*,>50K,635
4,14,*,*,7,*,*,*,Male,*,>50K,636
4,26,*,*,13,*,*,*,Male,*,>50K,639
4,32,*,*,16,*,*,*,Male,*,>50K,640
4,8,*,*,4,*,*,*,Male,*,<=50K,641
4,32,*,*,16,*,*,*,Male,*,>50K,642
4,20,*,*,10,*,*,*,Male,*,>50K,643
4,18,*,*,9,*,*,*,Male,*,>50K,644
4,30,*,*,15,*,*,*,Male,*,>50K,645
4,18,*,*,9,*,*,*,Male,*,>50K,646
4,18,*,*,9,*,*,*,Male,*,<=50K,647
4,26,*,*,13,*,*,*,Male,*,>50K,650
4,20,*,*,10,*,*,*,Male,*,>50K,651
4,18,*,*,9,*,*,*,Male,*,>50K,652
4,28,*,*,14,*,*,*,Male,*,>50K,653
4,26,*,*,13,*,*,*,Male,*,>50K,654
4,18,*,*,9,*,*,*,Male,*,>50K,656
4,18,*,*,9,*,*,*,Male,*,<=50K,657
4,26,*,*,13,*,*,*,Male,*,>50K,658
4,26,*,*,13,*,*,*,Male,*,>50K,659
4,18,*,*,9,*,*,*,Male,*,>50K,660
4,32,*,*,16,*,*,*,Male,*,>50K,661
4,26,*,*,13,*,*,*,Male,*,>50K,663
4,25,*,*,13,*,*,*,Female,*,>50K,664
4,18,*,*,9,*,*,*,Male,*,>50K,666
4,26,*,*,13,*,*,*,Male,*,>50K,667
4,28,*,*,14,*,*,*,Male,*,>50K,668
4,26,*,*,13,*,*,*,Male,*,>50K,669
4,22,*,*,11,*,*,*,Male,*,<=50K,670
4,26,*,*,13,*,*,*,Male,*,>50K,671
4,26,*,*,13,*,*,*,Male,*,>50K,672
4,20,*,*,10,*,*,*,Male,*,>50K,673
4,18,*,*,9,*,*,*,Male,*,>50K,674
4,18,*,*,9,*,*,*,Male,*,>50K,675
4,18,*,*,9,*,*,*,Male,*,>50K,676
4,18,*,*,9,*,*,*,Male,*,<=50K,677
4,30,*,*,15,*,*,*,Male,*,>50K,678
4,32,*,*,16,*,*,*,Male,*,>50K,680
4,26,*,*,13,*,*,*,Male,*,>50K,681
4,26,*,*,13,*,*,*,Male,*,>50K,682
4,18,*,*,9,*,*,*,Male,*,>50K,683
4,17,*,*,9,*,*,*,Female,*,>50K,684
4,18,*,*,9,*,*,*,Male,*,>50K,686
4,18,*,*,9,*,*,*,Male,*,>50K,687
4,20,*,*,10,*,*,*,Male,*,>50K,688
4,18,*,*,9,*,*,*,Male,*,>50K,689
4,28,*,*,14,*,*,*,Male,*,>50K,691
4,24,*,*,12,*,*,*,Male,*,>50K,692
4,12,*,*,6,*,*,*,Male,*,>50K,695
4,26,*,*,13,*,*,*,Male,*,>50K,696
4,18,*,*,9,*,*,*,Male,*,>50K,697
4,20,*,*,10,*,*,*,Male,*,>50K,698
4,18,*,*,9,*,*,*,Male,*,>50K,699
4,18,*,*,9,*,*,*,Male,*,>50K,700
4,28,*,*,14,*,*,*,Male,*,>50K,701
4,26,*,*,13,*,*,*,Male,*,>50K,702
4,19,*,*,10,*,*,*,Female,*,>50K,703
4,20,*,*,10,*,*,*,Male,*,>50K,704
4,26,*,*,13,*,*,*,Male,*,>50K,705
4,20,*,*,10,*,*,*,Male,*,>50K,706
4,26,*,*,13,*,*,*,Male,*,>50K,709
4,20,*,*,10,*,*,*,Male,*,>50K,710
4,20,*,*,10,*,*,*,Male,*,>50K,711
4,18,*,*,9,*,*,*,Male,*,>50K,712
4,28,*,*,14,*,*,*,Male,*,>50K,713
4,26,*,*,13,*,*,*,Male,*,>50K,714
4,18,*,*,9,*,*,*,Male,*,>50K,718
4,20,*,*,10,*,*,*,Male,*,>50K,721
4,18,*,*,9,*,*,*,Male,*,>50K,723
4,25,*,*,13,*,*,*,Female,*,>50K,724
4,20,*,*,10,*,*,*,Male,*,>50K,725
4,20,*,*,10,*,*,*,Male,*,>50K,726
4,12,*,*,6,*,*,*,Male,*,>50K,727
4,6,*,*,3,*,*,*,Male,*,>50K,728
4,26,*,*,13,*,*,*,Male,*,>50K,729
4,26,*,*,13,*,*,*,Male,*,>50K,730
4,18,*,*,9,*,*,*,Male,*,>50K,731
4,18,*,*,9,*,*,*,Male,*,>50K,732
4,26,*,*,13,*,*,*,Male,*,>50K,733
4,24,*,*,12,*,*,*,Male,*,>50K,734
4,18,*,*,9,*,*,*,Male,*,>50K,736
4,17,*,*,9,*,*,*,Female,*,>50K,737
4,18,*,*,9,*,*,*,Male,*,>50K,738
4,20,*,*,10,*,*,*,Male,*,>50K,739
4,22,*,*,11,*,*,*,Male,*,>50K,741
4,18,*,*,9,*,*,*,Male,*,>50K,744
4,20,*,*,10,*,*,*,Male,*,>50K,745
4,32,*,*,16,*,*,*,Male,*,>50K,746
4,26,*,*,13,*,*,*,Male,*,>50K,747
4,26,*,*,13,*,*,*,Male,*,>50K,748
4,26,*,*,13,*,*,*,Male,*,>50K,749
4,18,*,*,9,*,*,*,Male,*,>50K,750
4,18,*,*,9,*,*,*,Male,*,>50K,751
4,20,*,*,10,*,*,*,Male,*,>50K,753
4,17,*,*,9,*,*,*,Female,*,>50K,754
4,20,*,*,10,*,*,*,Male,*,>50K,755
4,18,*,*,9,*,*,*,Male,*,>50K,756
4,26,*,*,13,*,*,*,Male,*,>50K,757
4,18,*,*,9,*,*,*,Male,*,>50K,759
4,17,*,*,9,*,*,*,Female,*,>50K,760
4,26,*,*,13,*,*,*,Male,*,>50K,762
4,12,*,*,6,*,*,*,Male,*,>50K,763
4,20,*,*,10,*,*,*,Male,*,>50K,765
4,26,*,*,13,*,*,*,Male,*,>50K,766
4,18,*,*,9,*,*,*,Male,*,>50K,768
4,17,*,*,9,*,*,*,Female,*,>50K,769
4,18,*,*,9,*,*,*,Male,*,>50K,771
4,18,*,*,9,*,*,*,Male,*,>50K,772
4,22,*,*,11,*,*,*,Male,*,>50K,774
4,28,*,*,14,*,*,*,Male,*,>50K,776
4,28,*,*,14,*,*,*,Male,*,>50K,777
4,26,*,*,13,*,*,*,Male,*,>50K,778
4,18,*,*,9,*,*,*,Male,*,>50K,781
4,18,*,*,9,*,*,*,Male,*,>50K,782
4,32,*,*,16,*,*,*,Male,*,>50K,783
4,26,*,*,13,*,*,*,Male,*,>50K,784
4,18,*,*,9,*,*,*,Male,*,>50K,785
4,20,*,*,10,*,*,*,Male,*,>50K,786
4,26,*,*,13,*,*,*,Male,*,>50K,787
4,21,*,*,11,*,*,*,Female,*,>50K,788
4,26,*,*,13,*,*,*,Male,*,>50K,789
4,18,*,*,9,*,*,*,Male,*,>50K,790
4,26,*,*,13,*,*,*,Male,*,>50K,791
4,12,*,*,6,*,*,*,Male,*,>50K,792
4,24,*,*,12,*,*,*,Male,*,>50K,793
4,18,*,*,9,*,*,*,Male,*,>50K,795
4,26,*,*,13,*,*,*,Male,*,>50K,796
4,30,*,*,15,*,*,*,Male,*,>50K,797
4,28,*,*,14,*,*,*,Male,*,>50K,798
4,18,*,*,9,*,*,*,Male,*,>50K,800
4,28,*,*,14,*,*,*,Male,*,>50K,802
4,20,*,*,10,*,*,*,Male,*,>50K,803
4,26,*,*,13,*,*,*,Male,*,>50K,804
4,20,*,*,10,*,*,*,Male,*,>50K,806
4,18,*,*,9,*,*,*,Male,*,>50K,807
4,22,*,*,11,*,*,*,Male,*,>50K,809
4,26,*,*,13,*,*,*,Male,*,>50K,810
4,18,*,*,9,*,*,*,Male,*,>50K,812
4,26,*,*,13,*,*,*,Male,*,>50K,813
4,30,*,*,15,*,*,*,Male,*,>50K,815
4,26,*,*,13,*,*,*,Male,*,>50K,816
4,26,*,*,13,*,*,*,Male,*,>50K,817
4,20,*,*,10,*,*,*,Male,*,>50K,818
4,20,*,*,10,*,*,*,Male,*,>50K,819
4,26,*,*,13,*,*,*,Male,*,>50K,820
4,30,*,*,15,*,*,*,Male,*,>50K,821
4,20,*,*,10,*,*,*,Male,*,>50K,822
4,26,*,*,13,*,*,*,Male,*,>50K,823
4,26,*,*,13,*,*,*,Male,*,>50K,826
4,26,*,*,13,*,*,*,Male,*,>50K,827
4,18,*,*,9,*,*,*,Male,*,>50K,828
4,22,*,*,11,*,*,*,Male,*,>50K,829
4,20,*,*,10,*,*,*,Male,*,>50K,830
4,24,*,*,12,*,*,*,Male,*,>50K,832
4,18,*,*,9,*,*,*,Male,*,>50K,834
4,20,*,*,10,*,*,*,Male,*,>50K,836
4,18,*,*,9,*,*,*,Male,*,>50K,837
4,24,*,*,12,*,*,*,Male,*,>50K,838
4,28,*,*,14,*,*,*,Male,*,>50K,839
4,18,*,*,9,*,*,*,Male,*,>50K,841
4,28,*,*,14,*,*,*,Male,*,>50K,842
4,18,*,*,9,*,*,*,Male,*,>50K,843
4,26,*,*,13,*,*,*,Male,*,>50K,844
4,28,*,*,14,*,*,*,Male,*,>50K,845
4,20,*,*,10,*,*,*,Male,*,>50K,846
4,20,*,*,10,*,*,*,Male,*,>50K,847
4,27,*,*,14,*,*,*,Female,*,<=50K,848
4,18,*,*,9,*,*,*,Male,*,<=50K,849
4,6,*,*,3,*,*,*,Male,*,<=50K,850
4,18,*,*,9,*,*,*,Male,*,<=50K,851
4,27,*,*,14,*,*,*,Female,*,<=50K,852
4,28,*,*,14,*,*,*,Male,*,<=50K,853
4,18,*,*,9,*,*,*,Male,*,<=50K,854
4,18,*,*,9,*,*,*,Male,*,<=50K,855
4,26,*,*,13,*,*,*,Male,*,<=50K,856
4,20,*,*,10,*,*,*,Male,*,<=50K,857
4,26,*,*,13,*,*,*,Male,*,<=50K,858
4,27,*,*,14,*,*,*,Female,*,<=50K,859
4,25,*,*,13,*,*,*,Female,*,<=50K,860
4,18,*,*,9,*,*,*,Male,*,<=50K,861
4,26,*,*,13,*,*,*,Male,*,<=50K,862
4,20,*,*,10,*,*,*,Male,*,<=50K,864
4,18,*,*,9,*,*,*,Male,*,<=50K,865
4,21,*,*,11,*,*,*,Female,*,<=50K,866
4,26,*,*,13,*,*,*,Male,*,<=50K,867
4,18,*,*,9,*,*,*,Male,*,<=50K,868
4,28,*,*,14,*,*,*,Male,*,<=50K,869
4,24,*,*,12,*,*,*,Male,*,<=50K,870
4,27,*,*,14,*,*,*,Female,*,<=50K,872
4,27,*,*,14,*,*,*,Female,*,<=50K,874
4,18,*,*,9,*,*,*,Male,*,<=50K,876
4,25,*,*,13,*,*,*,Female,*,<=50K,877
4,18,*,*,9,*,*,*,Male,*,<=50K,878
4,26,*,*,13,*,*,*,Male,*,<=50K,879
4,26,*,*,13,*,*,*,Male,*,<=50K,880
4,25,*,*,13,*,*,*,Female,*,<=50K,881
4,26,*,*,13,*,*,*,Male,*,<=50K,882
4,25,*,*,13,*,*,*,Female,*,<=50K,883
4,14,*,*,7,*,*,*,Male,*,<=50K,884
4,20,*,*,10,*,*,*,Male,*,<=50K,886
4,18,*,*,9,*,*,*,Male,*,>50K,887
4,24,*,*,12,*,*,*,Male,*,>50K,888
4,18,*,*,9,*,*,*,Male,*,>50K,889
4,26,*,*,13,*,*,*,Male,*,>50K,890
4,26,*,*,13,*,*,*,Male,*,>50K,891
4,22,*,*,11,*,*,*,Male,*,>50K,892
4,26,*,*,13,*,*,*,Male,*,>50K,893
4,18,*,*,9,*,*,*,Male,*,>50K,894
4,24,*,*,12,*,*,*,Male,*,>50K,895
4,18,*,*,9,*,*,*,Male,*,>50K,898
4,18,*,*,9,*,*,*,Male,*,>50K,899
4,18,*,*,9,*,*,*,Male,*,>50K,901
4,18,*,*,9,*,*,*,Male,*,>50K,902
4,16,*,*,8,*,*,*,Male,*,>50K,905
4,18,*,*,9,*,*,*,Male,*,>50K,906
4,28,*,*,14,*,*,*,Male,*,>50K,907
4,26,*,*,13,*,*,*,Male,*,>50K,908
4,26,*,*,13,*,*,*,Male,*,>50K,909
4,20,*,*,10,*,*,*,Male,*,>50K,910
4,24,*,*,12,*,*,*,Male,*,>50K,912
4,26,*,*,13,*,*,*,Male,*,>50K,913
4,10,*,*,5,*,*,*,Male,*,>50K,914
4,28,*,*,14,*,*,*,Male,*,>50K,917
4,18,*,*,9,*,*,*,Male,*,>50K,918
4,26,*,*,13,*,*,*,Male,*,>50K,920
4,20,*,*,10,*,*,*,Male,*,>50K,921
4,17,*,*,9,*,*,*,Female,*,>50K,922
4,24,*,*,12,*,*,*,Male,*,>50K,923
4,20,*,*,10,*,*,*,Male,*,>50K,924
4,26,*,*,13,*,*,*,Male,*,>50K,925
4,26,*,*,13,*,*,*,Male,*,>50K,926
4,18,*,*,9,*,*,*,Male,*,>50K,927
4,20,*,*,10,*,*,*,Male,*,>50K,928
4,28,*,*,14,*,*,*,Male,*,>50K,929
4,20,*,*,10,*,*,*,Male,*,>50K,930
4,26,*,*,13,*,*,*,Male,*,>50K,931
4,28,*,*,14,*,*,*,Male,*,>50K,932
4,18,*,*,9,*,*,*,Male,*,>50K,933
4,26,*,*,13,*,*,*,Male,*,>50K,934
4,26,*,*,13,*,*,*,Male,*,>50K,935
4,25,*,*,13,*,*,*,Female,*,>50K,936
4,20,*,*,10,*,*,*,Male,*,<=50K,937
4,18,*,*,9,*,*,*,Male,*,>50K,938
4,26,*,*,13,*,*,*,Male,*,>50K,939
4,20,*,*,10,*,*,*,Male,*,<=50K,941
4,17,*,*,9,*,*,*,Female,*,<=50K,943
4,20,*,*,10,*,*,*,Male,*,<=50K,944
4,20,*,*,10,*,*,*,Male,*,<=50K,947
4,17,*,*,9,*,*,*,Female,*,<=50K,948
4,26,*,*,13,*,*,*,Male,*,<=50K,949
4,14,*,*,7,*,*,*,Male,*,<=50K,953
4,17,*,*,9,*,*,*,Female,*,<=50K,954
4,19,*,*,10,*,*,*,Female,*,<=50K,955
4,28,*,*,14,*,*,*,Male,*,>50K,956
4,25,*,*,13,*,*,*,Female,*,>50K,957
4,20,*,*,10,*,*,*,Male,*,<=50K,958
4,26,*,*,13,*,*,*,Male,*,<=50K,959
4,16,*,*,8,*,*,*,Male,*,<=50K,961
4,25,*,*,13,*,*,*,Female,*,<=50K,962
4,26,*,*,13,*,*,*,Male,*,<=50K,963
4,26,*,*,13,*,*,*,Male,*,<=50K,965
4,26,*,*,13,*,*,*,Male,*,<=50K,966
4,12,*,*,6,*,*,*,Male,*,<=50K,968
4,18,*,*,9,*,*,*,Male,*,<=50K,969
4,27,*,*,14,*,*,*,Female,*,<=50K,970
4,19,*,*,10,*,*,*,Female,*,<=50K,971
4,25,*,*,13,*,*,*,Female,*,<=50K,972
4,18,*,*,9,*,*,*,Male,*,<=50K,973
4,26,*,*,13,*,*,*,Male,*,<=50K,974
4,26,*,*,13,*,*,*,Male,*,<=50K,975
4,25,*,*,13,*,*,*,Female,*,<=50K,976
4,23,*,*,12,*,*,*,Female,*,<=50K,977
4,17,*,*,9,*,*,*,Female,*,<=50K,979
4,26,*,*,13,*,*,*,Male,*,<=50K,980
4,17,*,*,9,*,*,*,Female,*,<=50K,981
4,26,*,*,13,*,*,*,Male,*,<=50K,982
4,20,*,*,10,*,*,*,Male,*,<=50K,983
4,25,*,*,13,*,*,*,Female,*,<=50K,984
4,19,*,*,10,*,*,*,Female,*,<=50K,985
4,18,*,*,9,*,*,*,Male,*,<=50K,986
4,26,*,*,13,*,*,*,Male,*,<=50K,987
4,17,*,*,9,*,*,*,Female,*,<=50K,988
4,18,*,*,9,*,*,*,Male,*,<=50K,989
4,20,*,*,10,*,*,*,Male,*,<=50K,990
4,22,*,*,11,*,*,*,Male,*,<=50K,991
4,30,*,*,15,*,*,*,Male,*,<=50K,992
4,24,*,*,12,*,*,*,Male,*,<=50K,993
4,18,*,*,9,*,*,*,Male,*,<=50K,994
4,20,*,*,10,*,*,*,Male,*,<=50K,996
4,18,*,*,9,*,*,*,Male,*,<=50K,997
4,18,*,*,9,*,*,*,Male,*,<=50K,999
4,26,*,*,13,*,*,*,Male,*,<=50K,1000
4,17,*,*,9,*,*,*,Female,*,<=50K,1001
4,20,*,*,10,*,*,*,Male,*,<=50K,1002
4,24,*,*,12,*,*,*,Male,*,<=50K,1003
4,20,*,*,10,*,*,*,Male,*,<=50K,1004
4,26,*,*,13,*,*,*,Male,*,<=50K,1005
4,20,*,*,10,*,*,*,Male,*,<=50K,1006
4,26,*,*,13,*,*,*,Male,*,<=50K,1007
4,28,*,*,14,*,*,*,Male,*,<=50K,1008
4,18,*,*,9,*,*,*,Male,*,<=50K,1009
4,24,*,*,12,*,*,*,Male,*,<=50K,1010
4,20,*,*,10,*,*,*,Male,*,<=50K,1012
4,18,*,*,9,*,*,*,Male,*,<=50K,1013
4,18,*,*,9,*,*,*,Male,*,<=50K,1014
4,23,*,*,12,*,*,*,Female,*,<=50K,1015
4,20,*,*,10,*,*,*,Male,*,<=50K,1016
4,22,*,*,11,*,*,*,Male,*,<=50K,1017
4,18,*,*,9,*,*,*,Male,*,<=50K,1018
4,18,*,*,9,*,*,*,Male,*,<=50K,1019
4,20,*,*,10,*,*,*,Male,*,<=50K,1020
4,4,*,*,2,*,*,*,Male,*,<=50K,1022
4,20,*,*,10,*,*,*,Male,*,<=50K,1023
4,18,*,*,9,*,*,*,Male,*,<=50K,1025
4,19,*,*,10,*,*,*,Female,*,<=50K,1026
4,25,*,*,13,*,*,*,Female,*,<=50K,1027
4,10,*,*,5,*,*,*,Male,*,<=50K,1028
4,18,*,*,9,*,*,*,Male,*,<=50K,1029
4,14,*,*,7,*,*,*,Male,*,<=50K,1030
4,20,*,*,10,*,*,*,Male,*,<=50K,1031
4,17,*,*,9,*,*,*,Female,*,<=50K,1032
4,19,*,*,10,*,*,*,Female,*,<=50K,1033
4,17,*,*,9,*,*,*,Female,*,<=50K,1034
4,17,*,*,9,*,*,*,Female,*,<=50K,1035
4,20,*,*,10,*,*,*,Male,*,<=50K,1036
4,19,*,*,10,*,*,*,Female,*,<=50K,1037
4,19,*,*,10,*,*,*,Female,*,<=50K,1040
4,19,*,*,10,*,*,*,Female,*,<=50K,1041
4,19,*,*,10,*,*,*,Female,*,<=50K,1042
4,19,*,*,10,*,*,*,Female,*,<=50K,1044
4,24,*,*,12,*,*,*,Male,*,<=50K,1045
4,17,*,*,9,*,*,*,Female,*,<=50K,1046
4,17,*,*,9,*,*,*,Female,*,<=50K,1047
4,20,*,*,10,*,*,*,Male,*,<=50K,1048
4,20,*,*,10,*,*,*,Male,*,<=50K,1049
4,2,*,*,1,*,*,*,Male,*,<=50K,1050
4,17,*,*,9,*,*,*,Female,*,<=50K,1051
4,18,*,*,9,*,*,*,Male,*,<=50K,1052
4,26,*,*,13,*,*,*,Male,*,<=50K,1053
4,9,*,*,5,*,*,*,Female,*,<=50K,1054
4,17,*,*,9,*,*,*,Female,*,<=50K,1055
4,18,*,*,9,*,*,*,Male,*,<=50K,1057
4,25,*,*,13,*,*,*,Female,*,<=50K,1059
4,10,*,*,5,*,*,*,Male,*,<=50K,1060
4,14,*,*,7,*,*,*,Male,*,<=50K,1061
4,18,*,*,9,*,*,*,Male,*,<=50K,1065
4,20,*,*,10,*,*,*,Male,*,<=50K,1066
4,10,*,*,5,*,*,*,Male,*,<=50K,1067
4,18,*,*,9,*,*,*,Male,*,<=50K,1068
4,22,*,*,11,*,*,*,Male,*,<=50K,1069
4,18,*,*,9,*,*,*,Male,*,<=50K,1070
4,20,*,*,10,*,*,*,Male,*,<=50K,1071
4,14,*,*,7,*,*,*,Male,*,<=50K,1072
4,20,*,*,10,*,*,*,Male,*,<=50K,1073
4,26,*,*,13,*,*,*,Male,*,<=50K,1074
4,18,*,*,9,*,*,*,Male,*,<=50K,1075
4,20,*,*,10,*,*,*,Male,*,<=50K,1076
4,18,*,*,9,*,*,*,Male,*,<=50K,1077
4,18,*,*,9,*,*,*,Male,*,<=50K,1078
4,8,*,*,4,*,*,*,Male,*,<=50K,1079
4,26,*,*,13,*,*,*,Male,*,<=50K,1080
4,18,*,*,9,*,*,*,Male,*,<=50K,1081
4,18,*,*,9,*,*,*,Male,*,<=50K,1082
4,20,*,*,10,*,*,*,Male,*,<=50K,1083
4,20,*,*,10,*,*,*,Male,*,<=50K,1084
4,18,*,*,9,*,*,*,Male,*,<=50K,1086
4,18,*,*,9,*,*,*,Male,*,<=50K,1087
4,18,*,*,9,*,*,*,Male,*,<=50K,1088
4,20,*,*,10,*,*,*,Male,*,<=50K,1089
4,18,*,*,9,*,*,*,Male,*,<=50K,1090
4,20,*,*,10,*,*,*,Male,*,<=50K,1091
4,25,*,*,13,*,*,*,Female,*,<=50K,1092
4,18,*,*,9,*,*,*,Male,*,<=50K,1093
4,18,*,*,9,*,*,*,Male,*,<=50K,1094
4,24,*,*,12,*,*,*,Male,*,<=50K,1095
4,2,*,*,1,*,*,*,Male,*,<=50K,1096
4,18,*,*,9,*,*,*,Male,*,<=50K,1097
4,21,*,*,11,*,*,*,Female,*,<=50K,1098
4,18,*,*,9,*,*,*,Male,*,<=50K,1099
4,19,*,*,10,*,*,*,Female,*,<=50K,1100
4,25,*,*,13,*,*,*,Female,*,<=50K,1102
4,18,*,*,9,*,*,*,Male,*,<=50K,1103
4,18,*,*,9,*,*,*,Male,*,<=50K,1104
4,28,*,*,14,*,*,*,Male,*,<=50K,1105
4,21,*,*,11,*,*,*,Female,*,<=50K,1106
4,17,*,*,9,*,*,*,Female,*,<=50K,1107
4,17,*,*,9,*,*,*,Female,*,<=50K,1108
4,20,*,*,10,*,*,*,Male,*,<=50K,1109
4,27,*,*,14,*,*,*,Female,*,<=50K,1110
4,18,*,*,9,*,*,*,Male,*,<=50K,1111
4,17,*,*,9,*,*,*,Female,*,<=50K,1113
4,27,*,*,14,*,*,*,Female,*,<=50K,1115
4,31,*,*,16,*,*,*,Female,*,<=50K,1116
4,22,*,*,11,*,*,*,Male,*,<=50K,1118
4,27,*,*,14,*,*,*,Female,*,<=50K,1119
4,17,*,*,9,*,*,*,Female,*,<=50K,1120
4,30,*,*,15,*,*,*,Male,*,<=50K,1121
4,18,*,*,9,*,*,*,Male,*,<=50K,1123
4,10,*,*,5,*,*,*,Male,*,<=50K,1124
4,8,*,*,4,*,*,*,Male,*,<=50K,1125
4,8,*,*,4,*,*,*,Male,*,<=50K,1126
4,8,*,*,4,*,*,*,Male,*,<=50K,1127
4,16,*,*,8,*,*,*,Male,*,<=50K,1128
4,14,*,*,7,*,*,*,Male,*,<=50K,1129
4,18,*,*,9,*,*,*,Male,*,<=50K,1130
4,20,*,*,10,*,*,*,Male,*,<=50K,1131
4,28,*,*,14,*,*,*,Male,*,<=50K,1133
4,20,*,*,10,*,*,*,Male,*,<=50K,1134
4,6,*,*,3,*,*,*,Male,*,<=50K,1135
4,30,*,*,15,*,*,*,Male,*,<=50K,1136
4,18,*,*,9,*,*,*,Male,*,<=50K,1137
4,18,*,*,9,*,*,*,Male,*,<=50K,1138
4,18,*,*,9,*,*,*,Male,*,<=50K,1139
4,18,*,*,9,*,*,*,Male,*,<=50K,1140
4,20,*,*,10,*,*,*,Male,*,<=50K,1141
4,18,*,*,9,*,*,*,Male,*,<=50K,1142
4,18,*,*,9,*,*,*,Male,*,<=50K,1143
4,23,*,*,12,*,*,*,Female,*,<=50K,1145
4,20,*,*,10,*,*,*,Male,*,<=50K,1146
4,19,*,*,10,*,*,*,Female,*,<=50K,1148
4,19,*,*,10,*,*,*,Female,*,<=50K,1149
4,17,*,*,9,*,*,*,Female,*,<=50K,1151
4,20,*,*,10,*,*,*,Male,*,<=50K,1153
4,19,*,*,10,*,*,*,Female,*,<=50K,1154
4,17,*,*,9,*,*,*,Female,*,<=50K,1156
4,20,*,*,10,*,*,*,Male,*,<=50K,1159
4,17,*,*,9,*,*,*,Female,*,<=50K,1160
4,19,*,*,10,*,*,*,Female,*,<=50K,1161
4,17,*,*,9,*,*,*,Female,*,<=50K,1162
4,20,*,*,10,*,*,*,Male,*,<=50K,1164
4,12,*,*,6,*,*,*,Male,*,<=50K,1165
4,21,*,*,11,*,*,*,Female,*,<=50K,1166
4,20,*,*,10,*,*,*,Male,*,<=50K,1167
4,13,*,*,7,*,*,*,Female,*,<=50K,1168
4,7,*,*,4,*,*,*,Female,*,<=50K,1169
4,26,*,*,13,*,*,*,Male,*,<=50K,1170
4,11,*,*,6,*,*,*,Female,*,<=50K,1173
4,8,*,*,4,*,*,*,Male,*,<=50K,1174
4,14,*,*,7,*,*,*,Male,*,<=50K,1175
4,19,*,*,10,*,*,*,Female,*,<=50K,1177
4,19,*,*,10,*,*,*,Female,*,<=50K,1178
4,16,*,*,8,*,*,*,Male,*,<=50K,1179
4,13,*,*,7,*,*,*,Female,*,<=50K,1180
4,12,*,*,6,*,*,*,Male,*,<=50K,1184
4,20,*,*,10,*,*,*,Male,*,<=50K,1185
4,3,*,*,2,*,*,*,Female,*,<=50K,1186
4,25,*,*,13,*,*,*,Female,*,<=50K,1189
4,17,*,*,9,*,*,*,Female,*,<=50K,1190
4,17,*,*,9,*,*,*,Female,*,<=50K,1191
4,17,*,*,9,*,*,*,Female,*,<=50K,1192
4,11,*,*,6,*,*,*,Female,*,<=50K,1193
4,7,*,*,4,*,*,*,Female,*,<=50K,1194
4,17,*,*,9,*,*,*,Female,*,<=50K,1195
4,23,*,*,12,*,*,*,Female,*,<=50K,1196
4,17,*,*,9,*,*,*,Female,*,<=50K,1197
4,25,*,*,13,*,*,*,Female,*,<=50K,1199
4,26,*,*,13,*,*,*,Male,*,<=50K,1200
4,18,*,*,9,*,*,*,Male,*,<=50K,1201
4,19,*,*,10,*,*,*,Female,*,<=50K,1202
4,18,*,*,9,*,*,*,Male,*,<=50K,1203
4,26,*,*,13,*,*,*,Male,*,<=50K,1207
4,25,*,*,13,*,*,*,Female,*,<=50K,1208
4,18,*,*,9,*,*,*,Male,*,<=50K,1209
4,26,*,*,13,*,*,*,Male,*,<=50K,1210
4,20,*,*,10,*,*,*,Male,*,<=50K,1211
4,18,*,*,9,*,*,*,Male,*,<=50K,1212
4,25,*,*,13,*,*,*,Female,*,<=50K,1213
4,18,*,*,9,*,*,*,Male,*,<=50K,1216
4,19,*,*,10,*,*,*,Female,*,<=50K,1217
4,26,*,*,13,*,*,*,Male,*,<=50K,1218
4,17,*,*,9,*,*,*,Female,*,<=50K,1219
4,12,*,*,6,*,*,*,Male,*,<=50K,1220
4,20,*,*,10,*,*,*,Male,*,<=50K,1221
4,19,*,*,10,*,*,*,Female,*,<=50K,1222
4,17,*,*,9,*,*,*,Female,*,<=50K,1224
4,18,*,*,9,*,*,*,Male,*,<=50K,1225
4,27,*,*,14,*,*,*,Female,*,<=50K,1226
4,27,*,*,14,*,*,*,Female,*,<=50K,1227
4,17,*,*,9,*,*,*,Female,*,<=50K,1228
4,25,*,*,13,*,*,*,Female,*,<=50K,1229
4,17,*,*,9,*,*,*,Female,*,<=50K,1230
4,18,*,*,9,*,*,*,Male,*,<=50K,1231
4,18,*,*,9,*,*,*,Male,*,<=50K,1233
4,18,*,*,9,*,*,*,Male,*,<=50K,1234
4,30,*,*,15,*,*,*,Male,*,<=50K,1235
4,20,*,*,10,*,*,*,Male,*,<=50K,1236
4,20,*,*,10,*,*,*,Male,*,<=50K,1237
4,20,*,*,10,*,*,*,Male,*,<=50K,1238
4,21,*,*,11,*,*,*,Female,*,<=50K,1239
4,20,*,*,10,*,*,*,Male,*,<=50K,1240
4,18,*,*,9,*,*,*,Male,*,<=50K,1241
4,6,*,*,3,*,*,*,Male,*,<=50K,1242
4,26,*,*,13,*,*,*,Male,*,<=50K,1243
4,20,*,*,10,*,*,*,Male,*,<=50K,1244
4,20,*,*,10,*,*,*,Male,*,<=50K,1245
4,18,*,*,9,*,*,*,Male,*,<=50K,1246
4,18,*,*,9,*,*,*,Male,*,<=50K,1247
4,16,*,*,8,*,*,*,Male,*,<=50K,1248
4,17,*,*,9,*,*,*,Female,*,<=50K,1249
4,19,*,*,10,*,*,*,Female,*,<=50K,1250
4,8,*,*,4,*,*,*,Male,*,<=50K,1252
4,26,*,*,13,*,*,*,Male,*,<=50K,1253
4,18,*,*,9,*,*,*,Male,*,<=50K,1254
4,14,*,*,7,*,*,*,Male,*,<=50K,1256
4,18,*,*,9,*,*,*,Male,*,<=50K,1257
4,18,*,*,9,*,*,*,Male,*,<=50K,1258
4,18,*,*,9,*,*,*,Male,*,<=50K,1259
4,21,*,*,11,*,*,*,Female,*,>50K,1261
4,26,*,*,13,*,*,*,Male,*,>50K,1262
4,20,*,*,10,*,*,*,Male,*,>50K,1263
4,27,*,*,14,*,*,*,Female,*,>50K,1264
4,31,*,*,16,*,*,*,Female,*,>50K,1265
4,26,*,*,13,*,*,*,Male,*,>50K,1266
4,25,*,*,13,*,*,*,Female,*,>50K,1268
4,25,*,*,13,*,*,*,Female,*,>50K,1269
4,29,*,*,15,*,*,*,Female,*,>50K,1270
4,25,*,*,13,*,*,*,Female,*,>50K,1271
4,30,*,*,15,*,*,*,Male,*,>50K,1272
4,26,*,*,13,*,*,*,Male,*,>50K,1274
4,26,*,*,13,*,*,*,Male,*,>50K,1275
4,25,*,*,13,*,*,*,Female,*,>50K,1276
4,18,*,*,9,*,*,*,Male,*,>50K,1277
4,18,*,*,9,*,*,*,Male,*,>50K,1279
4,26,*,*,13,*,*,*,Male,*,>50K,1280
4,22,*,*,11,*,*,*,Male,*,>50K,1281
4,28,*,*,14,*,*,*,Male,*,>50K,1282
4,25,*,*,13,*,*,*,Female,*,>50K,1283
4,20,*,*,10,*,*,*,Male,*,<=50K,1285
4,26,*,*,13,*,*,*,Male,*,<=50K,1286
4,18,*,*,9,*,*,*,Male,*,<=50K,1287
4,19,*,*,10,*,*,*,Female,*,<=50K,1288
4,17,*,*,9,*,*,*,Female,*,<=50K,1289
4,22,*,*,11,*,*,*,Male,*,<=50K,1291
4,17,*,*,9,*,*,*,Female,*,<=50K,1292
4,19,*,*,10,*,*,*,Female,*,<=50K,1293
4,20,*,*,10,*,*,*,Male,*,<=50K,1294
4,17,*,*,9,*,*,*,Female,*,<=50K,1295
4,18,*,*,9,*,*,*,Male,*,<=50K,1296
4,18,*,*,9,*,*,*,Male,*,<=50K,1297
4,27,*,*,14,*,*,*,Female,*,<=50K,1298
4,26,*,*,13,*,*,*,Male,*,<=50K,1299
4,20,*,*,10,*,*,*,Male,*,<=50K,1300
4,18,*,*,9,*,*,*,Male,*,<=50K,1301
4,20,*,*,10,*,*,*,Male,*,<=50K,1302
4,23,*,*,12,*,*,*,Female,*,>50K,1303
4,20,*,*,10,*,*,*,Male,*,>50K,1304
4,20,*,*,10,*,*,*,Male,*,>50K,1305
4,18,*,*,9,*,*,*,Male,*,<=50K,1306
4,26,*,*,13,*,*,*,Male,*,>50K,1307
4,18,*,*,9,*,*,*,Male,*,>50K,1308
4,12,*,*,6,*,*,*,Male,*,>50K,1309
4,26,*,*,13,*,*,*,Male,*,>50K,1310
4,22,*,*,11,*,*,*,Male,*,<=50K,1311
4,20,*,*,10,*,*,*,Male,*,>50K,1312
4,20,*,*,10,*,*,*,Male,*,>50K,1313
4,20,*,*,10,*,*,*,Male,*,<=50K,1315
4,20,*,*,10,*,*,*,Male,*,>50K,1319
4,20,*,*,10,*,*,*,Male,*,>50K,1320
4,20,*,*,10,*,*,*,Male,*,>50K,1321
4,18,*,*,9,*,*,*,Male,*,<=50K,1322
4,18,*,*,9,*,*,*,Male,*,>50K,1323
4,18,*,*,9,*,*,*,Male,*,>50K,1325
4,20,*,*,10,*,*,*,Male,*,>50K,1326
4,26,*,*,13,*,*,*,Male,*,>50K,1328
4,20,*,*,10,*,*,*,Male,*,<=50K,1329
4,27,*,*,14,*,*,*,Female,*,<=50K,1332
4,18,*,*,9,*,*,*,Male,*,<=50K,1333
4,26,*,*,13,*,*,*,Male,*,>50K,1334
4,26,*,*,13,*,*,*,Male,*,<=50K,1335
4,24,*,*,12,*,*,*,Male,*,<=50K,1336
4,26,*,*,13,*,*,*,Male,*,<=50K,1337
4,20,*,*,10,*,*,*,Male,*,>50K,1338
4,30,*,*,15,*,*,*,Male,*,>50K,1339
4,19,*,*,10,*,*,*,Female,*,>50K,1340
4,18,*,*,9,*,*,*,Male,*,>50K,1341
4,18,*,*,9,*,*,*,Male,*,<=50K,1342
4,18,*,*,9,*,*,*,Male,*,<=50K,1343
4,20,*,*,10,*,*,*,Male,*,>50K,1344
4,20,*,*,10,*,*,*,Male,*,<=50K,1345
4,18,*,*,9,*,*,*,Male,*,>50K,1346
4,8,*,*,4,*,*,*,Male,*,<=50K,1347
4,26,*,*,13,*,*,*,Male,*,<=50K,1348
4,28,*,*,14,*,*,*,Male,*,<=50K,1349
4,20,*,*,10,*,*,*,Male,*,<=50K,1351
4,25,*,*,13,*,*,*,Female,*,<=50K,1352
4,18,*,*,9,*,*,*,Male,*,<=50K,1353
4,25,*,*,13,*,*,*,Female,*,<=50K,1354
4,18,*,*,9,*,*,*,Male,*,<=50K,1355
4,19,*,*,10,*,*,*,Female,*,<=50K,1358
4,24,*,*,12,*,*,*,Male,*,<=50K,1360
4,20,*,*,10,*,*,*,Male,*,<=50K,1362
4,20,*,*,10,*,*,*,Male,*,<=50K,1363
4,18,*,*,9,*,*,*,Male,*,<=50K,1364
4,19,*,*,10,*,*,*,Female,*,<=50K,1365
4,22,*,*,11,*,*,*,Male,*,<=50K,1367
4,20,*,*,10,*,*,*,Male,*,<=50K,1369
4,27,*,*,14,*,*,*,Female,*,<=50K,1370
4,20,*,*,10,*,*,*,Male,*,<=50K,1371
4,23,*,*,12,*,*,*,Female,*,<=50K,1372
4,17,*,*,9,*,*,*,Female,*,<=50K,1373
4,19,*,*,10,*,*,*,Female,*,<=50K,1374
4,14,*,*,7,*,*,*,Male,*,<=50K,1376
4,22,*,*,11,*,*,*,Male,*,<=50K,1377
4,26,*,*,13,*,*,*,Male,*,<=50K,1378
4,26,*,*,13,*,*,*,Male,*,<=50K,1379
4,25,*,*,13,*,*,*,Female,*,<=50K,1380
4,25,*,*,13,*,*,*,Female,*,<=50K,1381
4,32,*,*,16,*,*,*,Male,*,<=50K,1382
4,20,*,*,10,*,*,*,Male,*,<=50K,1383
4,17,*,*,9,*,*,*,Female,*,<=50K,1384
4,17,*,*,9,*,*,*,Female,*,<=50K,1385
4,25,*,*,13,*,*,*,Female,*,<=50K,1386
4,26,*,*,13,*,*,*,Male,*,<=50K,1387
4,18,*,*,9,*,*,*,Male,*,<=50K,1388
4,18,*,*,9,*,*,*,Male,*,<=50K,1389
4,25,*,*,13,*,*,*,Female,*,<=50K,1390
4,25,*,*,13,*,*,*,Female,*,<=50K,1391
4,17,*,*,9,*,*,*,Female,*,<=50K,1392
4,21,*,*,11,*,*,*,Female,*,<=50K,1394
4,19,*,*,10,*,*,*,Female,*,<=50K,1395
4,23,*,*,12,*,*,*,Female,*,<=50K,1396
4,23,*,*,12,*,*,*,Female,*,<=50K,1397
4,19,*,*,10,*,*,*,Female,*,<=50K,1398
4,23,*,*,12,*,*,*,Female,*,<=50K,1399
4,14,*,*,7,*,*,*,Male,*,<=50K,1400
4,19,*,*,10,*,*,*,Female,*,<=50K,1401
4,17,*,*,9,*,*,*,Female,*,<=50K,1402
4,18,*,*,9,*,*,*,Male,*,>50K,1403
4,26,*,*,13,*,*,*,Male,*,>50K,1404
4,17,*,*,9,*,*,*,Female,*,<=50K,1405
4,17,*,*,9,*,*,*,Female,*,<=50K,1406
4,25,*,*,13,*,*,*,Female,*,<=50K,1407
4,25,*,*,13,*,*,*,Female,*,<=50K,1409
4,17,*,*,9,*,*,*,Female,*,<=50K,1411
4,17,*,*,9,*,*,*,Female,*,<=50K,1412
4,19,*,*,10,*,*,*,Female,*,<=50K,1413
4,17,*,*,9,*,*,*,Female,*,<=50K,1415
4,21,*,*,11,*,*,*,Female,*,<=50K,1416
4,18,*,*,9,*,*,*,Male,*,<=50K,1417
4,17,*,*,9,*,*,*,Female,*,<=50K,1419
4,27,*,*,14,*,*,*,Female,*,<=50K,1421
4,27,*,*,14,*,*,*,Female,*,<=50K,1422
4,25,*,*,13,*,*,*,Female,*,<=50K,1423
4,19,*,*,10,*,*,*,Female,*,<=50K,1424
4,11,*,*,6,*,*,*,Female,*,<=50K,1426
4,30,*,*,15,*,*,*,Male,*,>50K,1427
4,18,*,*,9,*,*,*,Male,*,>50K,1428
4,18,*,*,9,*,*,*,Male,*,>50K,1429
4,26,*,*,13,*,*,*,Male,*,>50K,1430
4,30,*,*,15,*,*,*,Male,*,>50K,1431
4,26,*,*,13,*,*,*,Male,*,>50K,1432
4,25,*,*,13,*,*,*,Female,*,>50K,1433
4,20,*,*,10,*,*,*,Male,*,>50K,1434
4,17,*,*,9,*,*,*,Female,*,>50K,1435
4,20,*,*,10,*,*,*,Male,*,>50K,1436
4,26,*,*,13,*,*,*,Male,*,>50K,1437
4,30,*,*,15,*,*,*,Male,*,>50K,1438
4,30,*,*,15,*,*,*,Male,*,>50K,1439
4,30,*,*,15,*,*,*,Male,*,>50K,1440
4,30,*,*,15,*,*,*,Male,*,>50K,1441
4,30,*,*,15,*,*,*,Male,*,>50K,1442
4,30,*,*,15,*,*,*,Male,*,>50K,1443
4,18,*,*,9,*,*,*,Male,*,>50K,1445
4,30,*,*,15,*,*,*,Male,*,>50K,1446
4,30,*,*,15,*,*,*,Male,*,>50K,1447
4,30,*,*,15,*,*,*,Male,*,>50K,1448
4,31,*,*,16,*,*,*,Female,*,>50K,1449
4,30,*,*,15,*,*,*,Male,*,>50K,1451
4,27,*,*,14,*,*,*,Female,*,>50K,1452
4,26,*,*,13,*,*,*,Male,*,>50K,1453
4,28,*,*,14,*,*,*,Male,*,>50K,1455
4,30,*,*,15,*,*,*,Male,*,>50K,1456
4,26,*,*,13,*,*,*,Male,*,>50K,1457
4,20,*,*,10,*,*,*,Male,*,>50K,1460
4,18,*,*,9,*,*,*,Male,*,>50K,1461
4,30,*,*,15,*,*,*,Male,*,>50K,1462
4,18,*,*,9,*,*,*,Male,*,>50K,1463
4,28,*,*,14,*,*,*,Male,*,>50K,1468
4,26,*,*,13,*,*,*,Male,*,>50K,1470
4,30,*,*,15,*,*,*,Male,*,>50K,1471
4,18,*,*,9,*,*,*,Male,*,>50K,1472
4,26,*,*,13,*,*,*,Male,*,>50K,1473
4,30,*,*,15,*,*,*,Male,*,>50K,1474
4,26,*,*,13,*,*,*,Male,*,>50K,1475
4,18,*,*,9,*,*,*,Male,*,>50K,1476
4,19,*,*,10,*,*,*,Female,*,>50K,1477
4,32,*,*,16,*,*,*,Male,*,>50K,1478
4,30,*,*,15,*,*,*,Male,*,>50K,1482
4,17,*,*,9,*,*,*,Female,*,>50K,1483
4,32,*,*,16,*,*,*,Male,*,>50K,1485
4,20,*,*,10,*,*,*,Male,*,>50K,1488
4,28,*,*,14,*,*,*,Male,*,>50K,1489
4,28,*,*,14,*,*,*,Male,*,>50K,1492
4,26,*,*,13,*,*,*,Male,*,>50K,1493
4,26,*,*,13,*,*,*,Male,*,>50K,1494
4,32,*,*,16,*,*,*,Male,*,>50K,1495
4,18,*,*,9,*,*,*,Male,*,>50K,1497
4,12,*,*,6,*,*,*,Male,*,>50K,1498
4,26,*,*,13,*,*,*,Male,*,>50K,1499
4,28,*,*,14,*,*,*,Male,*,>50K,1502
4,29,*,*,15,*,*,*,Female,*,>50K,1503
4,20,*,*,10,*,*,*,Male,*,>50K,1504
4,30,*,*,15,*,*,*,Male,*,>50K,1505
4,30,*,*,15,*,*,*,Male,*,>50K,1506
4,17,*,*,9,*,*,*,Female,*,>50K,1507
4,25,*,*,13,*,*,*,Female,*,>50K,1508
4,30,*,*,15,*,*,*,Male,*,>50K,1510
4,30,*,*,15,*,*,*,Male,*,>50K,1512
4,20,*,*,10,*,*,*,Male,*,>50K,1513
4,25,*,*,13,*,*,*,Female,*,>50K,1515
4,26,*,*,13,*,*,*,Male,*,>50K,1516
4,18,*,*,9,*,*,*,Male,*,>50K,1517
4,28,*,*,14,*,*,*,Male,*,>50K,1518
4,18,*,*,9,*,*,*,Male,*,>50K,1520
4,30,*,*,15,*,*,*,Male,*,>50K,1521
4,25,*,*,13,*,*,*,Female,*,>50K,1522
4,26,*,*,13,*,*,*,Male,*,>50K,1523
4,32,*,*,16,*,*,*,Male,*,>50K,1525
4,26,*,*,13,*,*,*,Male,*,>50K,1526
4,19,*,*,10,*,*,*,Female,*,>50K,1528
4,31,*,*,16,*,*,*,Female,*,>50K,1529
4,30,*,*,15,*,*,*,Male,*,>50K,1531
4,30,*,*,15,*,*,*,Male,*,>50K,1533
4,30,*,*,15,*,*,*,Male,*,>50K,1534
4,26,*,*,13,*,*,*,Male,*,>50K,1536
4,30,*,*,15,*,*,*,Male,*,>50K,1541
4,30,*,*,15,*,*,*,Male,*,>50K,1542
4,26,*,*,13,*,*,*,Male,*,>50K,1543
4,32,*,*,16,*,*,*,Male,*,>50K,1544
4,17,*,*,9,*,*,*,Female,*,>50K,1545
4,28,*,*,14,*,*,*,Male,*,>50K,1548
4,30,*,*,15,*,*,*,Male,*,>50K,1550
4,25,*,*,13,*,*,*,Female,*,>50K,1551
4,32,*,*,16,*,*,*,Male,*,>50K,1552
4,28,*,*,14,*,*,*,Male,*,>50K,1555
4,26,*,*,13,*,*,*,Male,*,>50K,1557
4,26,*,*,13,*,*,*,Male,*,>50K,1559
4,18,*,*,9,*,*,*,Male,*,>50K,1560
4,30,*,*,15,*,*,*,Male,*,>50K,1561
4,28,*,*,14,*,*,*,Male,*,>50K,1563
4,32,*,*,16,*,*,*,Male,*,>50K,1564
4,30,*,*,15,*,*,*,Male,*,>50K,1566
4,28,*,*,14,*,*,*,Male,*,>50K,1569
4,20,*,*,10,*,*,*,Male,*,>50K,1570
4,28,*,*,14,*,*,*,Male,*,>50K,1571
4,30,*,*,15,*,*,*,Male,*,>50K,1572
4,30,*,*,15,*,*,*,Male,*,>50K,1573
4,28,*,*,14,*,*,*,Male,*,<=50K,1576
4,18,*,*,9,*,*,*,Male,*,<=50K,1577
4,17,*,*,9,*,*,*,Female,*,<=50K,1578
4,18,*,*,9,*,*,*,Male,*,<=50K,1579
4,27,*,*,14,*,*,*,Female,*,>50K,1580
4,18,*,*,9,*,*,*,Male,*,>50K,1583
4,26,*,*,13,*,*,*,Male,*,>50K,1584
4,28,*,*,14,*,*,*,Male,*,>50K,1586
4,26,*,*,13,*,*,*,Male,*,>50K,1587
4,27,*,*,14,*,*,*,Female,*,>50K,1588
4,18,*,*,9,*,*,*,Male,*,>50K,1589
4,28,*,*,14,*,*,*,Male,*,>50K,1590
4,30,*,*,15,*,*,*,Male,*,>50K,1591
4,30,*,*,15,*,*,*,Male,*,>50K,1592
4,20,*,*,10,*,*,*,Male,*,>50K,1593
4,25,*,*,13,*,*,*,Female,*,>50K,1594
4,18,*,*,9,*,*,*,Male,*,>50K,1595
4,28,*,*,14,*,*,*,Male,*,>50K,1597
4,27,*,*,14,*,*,*,Female,*,>50K,1598
4,26,*,*,13,*,*,*,Male,*,>50K,1599
4,30,*,*,15,*,*,*,Male,*,>50K,1600
4,26,*,*,13,*,*,*,Male,*,>50K,1601
4,26,*,*,13,*,*,*,Male,*,>50K,1603
4,26,*,*,13,*,*,*,Male,*,>50K,1604
4,28,*,*,14,*,*,*,Male,*,>50K,1605
4,28,*,*,14,*,*,*,Male,*,>50K,1606
4,28,*,*,14,*,*,*,Male,*,>50K,1609
4,26,*,*,13,*,*,*,Male,*,>50K,1610
4,30,*,*,15,*,*,*,Male,*,>50K,1611
4,31,*,*,16,*,*,*,Female,*,>50K,1612
4,28,*,*,14,*,*,*,Male,*,>50K,1613
4,27,*,*,14,*,*,*,Female,*,>50K,1614
4,32,*,*,16,*,*,*,Male,*,>50K,1615
4,19,*,*,10,*,*,*,Female,*,>50K,1617
4,30,*,*,15,*,*,*,Male,*,>50K,1618
4,30,*,*,15,*,*,*,Male,*,>50K,1619
4,23,*,*,12,*,*,*,Female,*,>50K,1620
4,30,*,*,15,*,*,*,Male,*,>50K,1621
4,25,*,*,13,*,*,*,Female,*,>50K,1622
4,21,*,*,11,*,*,*,Female,*,>50K,1624
4,17,*,*,9,*,*,*,Female,*,<=50K,1625
4,28,*,*,14,*,*,*,Male,*,>50K,1627
4,28,*,*,14,*,*,*,Male,*,>50K,1629
4,32,*,*,16,*,*,*,Male,*,>50K,1630
4,28,*,*,14,*,*,*,Male,*,>50K,1631
4,32,*,*,16,*,*,*,Male,*,>50K,1633
4,30,*,*,15,*,*,*,Male,*,>50K,1634
4,18,*,*,9,*,*,*,Male,*,>50K,1635
4,20,*,*,10,*,*,*,Male,*,>50K,1636
4,32,*,*,16,*,*,*,Male,*,>50K,1637
4,26,*,*,13,*,*,*,Male,*,>50K,1638
4,26,*,*,13,*,*,*,Male,*,>50K,1639
4,20,*,*,10,*,*,*,Male,*,>50K,1640
4,26,*,*,13,*,*,*,Male,*,>50K,1641
4,20,*,*,10,*,*,*,Male,*,>50K,1642
4,26,*,*,13,*,*,*,Male,*,>50K,1645
4,26,*,*,13,*,*,*,Male,*,>50K,1648
4,12,*,*,6,*,*,*,Male,*,>50K,1649
4,26,*,*,13,*,*,*,Male,*,>50K,1650
4,26,*,*,13,*,*,*,Male,*,>50K,1651
4,32,*,*,16,*,*,*,Male,*,>50K,1652
4,19,*,*,10,*,*,*,Female,*,>50K,1653
4,23,*,*,12,*,*,*,Female,*,>50K,1654
4,26,*,*,13,*,*,*,Male,*,>50K,1655
4,30,*,*,15,*,*,*,Male,*,>50K,1656
4,20,*,*,10,*,*,*,Male,*,>50K,1658
4,16,*,*,8,*,*,*,Male,*,>50K,1659
4,28,*,*,14,*,*,*,Male,*,>50K,1660
4,17,*,*,9,*,*,*,Female,*,>50K,1661
4,27,*,*,14,*,*,*,Female,*,>50K,1663
4,17,*,*,9,*,*,*,Female,*,>50K,1664
4,18,*,*,9,*,*,*,Male,*,>50K,1665
4,26,*,*,13,*,*,*,Male,*,>50K,1666
4,17,*,*,9,*,*,*,Female,*,>50K,1668
4,28,*,*,14,*,*,*,Male,*,>50K,1669
4,32,*,*,16,*,*,*,Male,*,>50K,1670
4,26,*,*,13,*,*,*,Male,*,>50K,1671
4,30,*,*,15,*,*,*,Male,*,>50K,1673
4,20,*,*,10,*,*,*,Male,*,>50K,1674
4,26,*,*,13,*,*,*,Male,*,>50K,1675
4,26,*,*,13,*,*,*,Male,*,>50K,1676
4,26,*,*,13,*,*,*,Male,*,>50K,1677
4,18,*,*,9,*,*,*,Male,*,>50K,1678
4,28,*,*,14,*,*,*,Male,*,>50K,1679
4,32,*,*,16,*,*,*,Male,*,>50K,1680
4,28,*,*,14,*,*,*,Male,*,>50K,1681
4,26,*,*,13,*,*,*,Male,*,>50K,1682
4,18,*,*,9,*,*,*,Male,*,>50K,1683
4,26,*,*,13,*,*,*,Male,*,>50K,1684
4,22,*,*,11,*,*,*,Male,*,>50K,1685
4,25,*,*,13,*,*,*,Female,*,>50K,1686
4,26,*,*,13,*,*,*,Male,*,>50K,1688
4,26,*,*,13,*,*,*,Male,*,>50K,1690
4,28,*,*,14,*,*,*,Male,*,>50K,1692
4,28,*,*,14,*,*,*,Male,*,>50K,1693
4,26,*,*,13,*,*,*,Male,*,>50K,1694
4,28,*,*,14,*,*,*,Male,*,>50K,1695
4,26,*,*,13,*,*,*,Male,*,>50K,1696
4,26,*,*,13,*,*,*,Male,*,>50K,1697
4,26,*,*,13,*,*,*,Male,*,>50K,1698
4,24,*,*,12,*,*,*,Male,*,>50K,1700
4,30,*,*,15,*,*,*,Male,*,>50K,1701
4,20,*,*,10,*,*,*,Male,*,>50K,1702
4,26,*,*,13,*,*,*,Male,*,>50K,1703
4,26,*,*,13,*,*,*,Male,*,>50K,1704
4,29,*,*,15,*,*,*,Female,*,>50K,1705
4,32,*,*,16,*,*,*,Male,*,>50K,1707
4,18,*,*,9,*,*,*,Male,*,>50K,1708
4,20,*,*,10,*,*,*,Male,*,>50K,1709
4,18,*,*,9,*,*,*,Male,*,>50K,1710
4,26,*,*,13,*,*,*,Male,*,>50K,1711
4,20,*,*,10,*,*,*,Male,*,>50K,1714
4,18,*,*,9,*,*,*,Male,*,>50K,1715
4,30,*,*,15,*,*,*,Male,*,>50K,1716
4,26,*,*,13,*,*,*,Male,*,>50K,1717
4,30,*,*,15,*,*,*,Male,*,>50K,1718
4,28,*,*,14,*,*,*,Male,*,>50K,1719
4,32,*,*,16,*,*,*,Male,*,>50K,1720
4,20,*,*,10,*,*,*,Male,*,>50K,1721
4,25,*,*,13,*,*,*,Female,*,>50K,1722
4,28,*,*,14,*,*,*,Male,*,>50K,1723
4,25,*,*,13,*,*,*,Female,*,>50K,1724
4,18,*,*,9,*,*,*,Male,*,>50K,1726
4,26,*,*,13,*,*,*,Male,*,>50K,1727
4,28,*,*,14,*,*,*,Male,*,>50K,1729
4,20,*,*,10,*,*,*,Male,*,>50K,1730
4,26,*,*,13,*,*,*,Male,*,>50K,1731
4,26,*,*,13,*,*,*,Male,*,>50K,1732
4,20,*,*,10,*,*,*,Male,*,>50K,1733
4,26,*,*,13,*,*,*,Male,*,>50K,1734
4,20,*,*,10,*,*,*,Male,*,>50K,1735
4,18,*,*,9,*,*,*,Male,*,>50K,1737
4,27,*,*,14,*,*,*,Female,*,>50K,1738
4,28,*,*,14,*,*,*,Male,*,>50K,1739
4,27,*,*,14,*,*,*,Female,*,>50K,1740
4,18,*,*,9,*,*,*,Male,*,>50K,1741
4,28,*,*,14,*,*,*,Male,*,>50K,1742
4,32,*,*,16,*,*,*,Male,*,>50K,1745
4,26,*,*,13,*,*,*,Male,*,>50K,1748
4,24,*,*,12,*,*,*,Male,*,>50K,1749
4,20,*,*,10,*,*,*,Male,*,>50K,1750
4,26,*,*,13,*,*,*,Male,*,>50K,1752
4,18,*,*,9,*,*,*,Male,*,>50K,1753
4,28,*,*,14,*,*,*,Male,*,>50K,1754
4,28,*,*,14,*,*,*,Male,*,>50K,1758
4,26,*,*,13,*,*,*,Male,*,>50K,1759
4,29,*,*,15,*,*,*,Female,*,>50K,1760
4,20,*,*,10,*,*,*,Male,*,>50K,1761
4,20,*,*,10,*,*,*,Male,*,>50K,1762
4,30,*,*,15,*,*,*,Male,*,>50K,1763
4,32,*,*,16,*,*,*,Male,*,>50K,1764
4,26,*,*,13,*,*,*,Male,*,>50K,1765
4,18,*,*,9,*,*,*,Male,*,>50K,1766
4,26,*,*,13,*,*,*,Male,*,>50K,1767
4,18,*,*,9,*,*,*,Male,*,>50K,1768
4,29,*,*,15,*,*,*,Female,*,>50K,1769
4,26,*,*,13,*,*,*,Male,*,>50K,1770
4,30,*,*,15,*,*,*,Male,*,>50K,1771
4,26,*,*,13,*,*,*,Male,*,>50K,1772
4,26,*,*,13,*,*,*,Male,*,>50K,1773
4,27,*,*,14,*,*,*,Female,*,>50K,1774
4,26,*,*,13,*,*,*,Male,*,>50K,1775
4,20,*,*,10,*,*,*,Male,*,>50K,1776
4,26,*,*,13,*,*,*,Male,*,>50K,1777
4,25,*,*,13,*,*,*,Female,*,>50K,1778
4,27,*,*,14,*,*,*,Female,*,>50K,1779
4,26,*,*,13,*,*,*,Male,*,>50K,1780
4,28,*,*,14,*,*,*,Male,*,>50K,1781
4,26,*,*,13,*,*,*,Male,*,>50K,1782
4,28,*,*,14,*,*,*,Male,*,>50K,1784
4,20,*,*,10,*,*,*,Male,*,>50K,1785
4,26,*,*,13,*,*,*,Male,*,>50K,1786
4,28,*,*,14,*,*,*,Male,*,>50K,1788
4,30,*,*,15,*,*,*,Male,*,>50K,1789
4,28,*,*,14,*,*,*,Male,*,>50K,1790
4,28,*,*,14,*,*,*,Male,*,>50K,1791
4,20,*,*,10,*,*,*,Male,*,>50K,1792
4,30,*,*,15,*,*,*,Male,*,>50K,1793
4,18,*,*,9,*,*,*,Male,*,>50K,1794
4,26,*,*,13,*,*,*,Male,*,>50K,1795
4,26,*,*,13,*,*,*,Male,*,>50K,1796
4,24,*,*,12,*,*,*,Male,*,>50K,1797
4,28,*,*,14,*,*,*,Male,*,>50K,1798
4,26,*,*,13,*,*,*,Male,*,>50K,1799
4,30,*,*,15,*,*,*,Male,*,>50K,1800
4,28,*,*,14,*,*,*,Male,*,>50K,1801
4,18,*,*,9,*,*,*,Male,*,>50K,1802
4,26,*,*,13,*,*,*,Male,*,>50K,1803
4,32,*,*,16,*,*,*,Male,*,>50K,1804
4,26,*,*,13,*,*,*,Male,*,>50K,1807
4,28,*,*,14,*,*,*,Male,*,>50K,1808
4,18,*,*,9,*,*,*,Male,*,>50K,1809
4,28,*,*,14,*,*,*,Male,*,>50K,1810
4,26,*,*,13,*,*,*,Male,*,>50K,1811
4,26,*,*,13,*,*,*,Male,*,>50K,1812
4,26,*,*,13,*,*,*,Male,*,>50K,1813
4,20,*,*,10,*,*,*,Male,*,>50K,1814
4,31,*,*,16,*,*,*,Female,*,>50K,1815
4,20,*,*,10,*,*,*,Male,*,>50K,1817
4,29,*,*,15,*,*,*,Female,*,>50K,1818
4,16,*,*,8,*,*,*,Male,*,>50K,1820
4,24,*,*,12,*,*,*,Male,*,>50K,1821
4,20,*,*,10,*,*,*,Male,*,>50K,1822
4,28,*,*,14,*,*,*,Male,*,>50K,1823
4,28,*,*,14,*,*,*,Male,*,>50K,1824
4,26,*,*,13,*,*,*,Male,*,>50K,1826
4,23,*,*,12,*,*,*,Female,*,>50K,1827
4,30,*,*,15,*,*,*,Male,*,>50K,1828
4,26,*,*,13,*,*,*,Male,*,>50K,1829
4,20,*,*,10,*,*,*,Male,*,>50K,1830
4,26,*,*,13,*,*,*,Male,*,>50K,1831
4,30,*,*,15,*,*,*,Male,*,>50K,1832
4,30,*,*,15,*,*,*,Male,*,>50K,1833
4,17,*,*,9,*,*,*,Female,*,>50K,1834
4,26,*,*,13,*,*,*,Male,*,>50K,1835
4,28,*,*,14,*,*,*,Male,*,>50K,1836
4,28,*,*,14,*,*,*,Male,*,>50K,1837
4,26,*,*,13,*,*,*,Male,*,>50K,1839
4,30,*,*,15,*,*,*,Male,*,>50K,1840
4,26,*,*,13,*,*,*,Male,*,>50K,1841
4,30,*,*,15,*,*,*,Male,*,>50K,1842
4,26,*,*,13,*,*,*,Male,*,>50K,1844
4,30,*,*,15,*,*,*,Male,*,>50K,1845
4,32,*,*,16,*,*,*,Male,*,>50K,1847
4,25,*,*,13,*,*,*,Female,*,>50K,1848
4,28,*,*,14,*,*,*,Male,*,>50K,1849
4,29,*,*,15,*,*,*,Female,*,>50K,1850
4,22,*,*,11,*,*,*,Male,*,>50K,1851
4,20,*,*,10,*,*,*,Male,*,>50K,1852
4,26,*,*,13,*,*,*,Male,*,>50K,1854
4,24,*,*,12,*,*,*,Male,*,>50K,1855
4,20,*,*,10,*,*,*,Male,*,>50K,1856
4,26,*,*,13,*,*,*,Male,*,>50K,1857
4,30,*,*,15,*,*,*,Male,*,>50K,1858
4,26,*,*,13,*,*,*,Male,*,>50K,1859
4,25,*,*,13,*,*,*,Female,*,>50K,1860
4,28,*,*,14,*,*,*,Male,*,>50K,1861
4,30,*,*,15,*,*,*,Male,*,>50K,1862
4,27,*,*,14,*,*,*,Female,*,>50K,1863
4,28,*,*,14,*,*,*,Male,*,>50K,1864
4,26,*,*,13,*,*,*,Male,*,>50K,1865
4,29,*,*,15,*,*,*,Female,*,>50K,1866
4,26,*,*,13,*,*,*,Male,*,>50K,1868
4,22,*,*,11,*,*,*,Male,*,>50K,1869
4,28,*,*,14,*,*,*,Male,*,>50K,1870
4,26,*,*,13,*,*,*,Male,*,>50K,1871
4,26,*,*,13,*,*,*,Male,*,>50K,1872
4,18,*,*,9,*,*,*,Male,*,>50K,1873
4,20,*,*,10,*,*,*,Male,*,>50K,1874
4,18,*,*,9,*,*,*,Male,*,>50K,1875
4,18,*,*,9,*,*,*,Male,*,>50K,1876
4,22,*,*,11,*,*,*,Male,*,>50K,1877
4,26,*,*,13,*,*,*,Male,*,>50K,1878
4,30,*,*,15,*,*,*,Male,*,>50K,1879
4,20,*,*,10,*,*,*,Male,*,>50K,1880
4,28,*,*,14,*,*,*,Male,*,>50K,1881
4,18,*,*,9,*,*,*,Male,*,>50K,1882
4,24,*,*,12,*,*,*,Male,*,>50K,1884
4,26,*,*,13,*,*,*,Male,*,>50K,1885
4,26,*,*,13,*,*,*,Male,*,>50K,1888
4,30,*,*,15,*,*,*,Male,*,>50K,1889
4,32,*,*,16,*,*,*,Male,*,>50K,1891
4,30,*,*,15,*,*,*,Male,*,>50K,1892
4,32,*,*,16,*,*,*,Male,*,>50K,1893
4,28,*,*,14,*,*,*,Male,*,>50K,1894
4,20,*,*,10,*,*,*,Male,*,>50K,1896
4,29,*,*,15,*,*,*,Female,*,>50K,1898
4,26,*,*,13,*,*,*,Male,*,>50K,1899
4,26,*,*,13,*,*,*,Male,*,>50K,1900
4,20,*,*,10,*,*,*,Male,*,>50K,1903
4,20,*,*,10,*,*,*,Male,*,>50K,1906
4,21,*,*,11,*,*,*,Female,*,>50K,1907
4,18,*,*,9,*,*,*,Male,*,>50K,1909
4,26,*,*,13,*,*,*,Male,*,>50K,1912
4,32,*,*,16,*,*,*,Male,*,>50K,1914
4,28,*,*,14,*,*,*,Male,*,>50K,1915
4,26,*,*,13,*,*,*,Male,*,>50K,1918
4,26,*,*,13,*,*,*,Male,*,>50K,1919
4,26,*,*,13,*,*,*,Male,*,>50K,1920
4,26,*,*,13,*,*,*,Male,*,>50K,1921
4,17,*,*,9,*,*,*,Female,*,>50K,1922
4,18,*,*,9,*,*,*,Male,*,>50K,1923
4,32,*,*,16,*,*,*,Male,*,>50K,1924
4,28,*,*,14,*,*,*,Male,*,>50K,1925
4,18,*,*,9,*,*,*,Male,*,>50K,1926
4,20,*,*,10,*,*,*,Male,*,>50K,1928
4,26,*,*,13,*,*,*,Male,*,>50K,1930
4,18,*,*,9,*,*,*,Male,*,>50K,1931
4,26,*,*,13,*,*,*,Male,*,>50K,1932
4,26,*,*,13,*,*,*,Male,*,>50K,1934
4,30,*,*,15,*,*,*,Male,*,>50K,1935
4,28,*,*,14,*,*,*,Male,*,>50K,1936
4,26,*,*,13,*,*,*,Male,*,>50K,1937
4,26,*,*,13,*,*,*,Male,*,>50K,1938
4,26,*,*,13,*,*,*,Male,*,>50K,1939
4,28,*,*,14,*,*,*,Male,*,>50K,1941
4,20,*,*,10,*,*,*,Male,*,>50K,1942
4,30,*,*,15,*,*,*,Male,*,>50K,1943
4,19,*,*,10,*,*,*,Female,*,>50K,1944
4,26,*,*,13,*,*,*,Male,*,>50K,1945
4,26,*,*,13,*,*,*,Male,*,>50K,1946
4,25,*,*,13,*,*,*,Female,*,>50K,1947
4,22,*,*,11,*,*,*,Male,*,>50K,1948
4,25,*,*,13,*,*,*,Female,*,>50K,1951
4,30,*,*,15,*,*,*,Male,*,>50K,1954
4,30,*,*,15,*,*,*,Male,*,>50K,1955
4,28,*,*,14,*,*,*,Male,*,>50K,1956
4,30,*,*,15,*,*,*,Male,*,>50K,1957
4,20,*,*,10,*,*,*,Male,*,>50K,1958
4,26,*,*,13,*,*,*,Male,*,>50K,1963
4,18,*,*,9,*,*,*,Male,*,>50K,1964
4,26,*,*,13,*,*,*,Male,*,>50K,1965
4,20,*,*,10,*,*,*,Male,*,>50K,1966
4,26,*,*,13,*,*,*,Male,*,>50K,1967
4,26,*,*,13,*,*,*,Male,*,>50K,1968
4,20,*,*,10,*,*,*,Male,*,>50K,1969
4,30,*,*,15,*,*,*,Male,*,>50K,1970
4,30,*,*,15,*,*,*,Male,*,>50K,1971
4,26,*,*,13,*,*,*,Male,*,>50K,1972
4,24,*,*,12,*,*,*,Male,*,>50K,1974
4,28,*,*,14,*,*,*,Male,*,>50K,1975
4,26,*,*,13,*,*,*,Male,*,>50K,1976
4,32,*,*,16,*,*,*,Male,*,>50K,1978
4,32,*,*,16,*,*,*,Male,*,>50K,1979
4,26,*,*,13,*,*,*,Male,*,>50K,1980
4,17,*,*,9,*,*,*,Female,*,>50K,1981
4,26,*,*,13,*,*,*,Male,*,>50K,1982
4,23,*,*,12,*,*,*,Female,*,>50K,1984
4,25,*,*,13,*,*,*,Female,*,>50K,1985
4,26,*,*,13,*,*,*,Male,*,>50K,1988
4,22,*,*,11,*,*,*,Male,*,>50K,1989
4,30,*,*,15,*,*,*,Male,*,>50K,1991
4,28,*,*,14,*,*,*,Male,*,>50K,1992
4,26,*,*,13,*,*,*,Male,*,>50K,1994
4,28,*,*,14,*,*,*,Male,*,>50K,1995
4,22,*,*,11,*,*,*,Male,*,>50K,1996
4,30,*,*,15,*,*,*,Male,*,>50K,1999
4,32,*,*,16,*,*,*,Male,*,>50K,2000
4,28,*,*,14,*,*,*,Male,*,>50K,2001
4,30,*,*,15,*,*,*,Male,*,>50K,2002
4,32,*,*,16,*,*,*,Male,*,>50K,2004
4,28,*,*,14,*,*,*,Male,*,>50K,2005
4,27,*,*,14,*,*,*,Female,*,>50K,2006
4,32,*,*,16,*,*,*,Male,*,>50K,2007
4,25,*,*,13,*,*,*,Female,*,>50K,2008
4,17,*,*,9,*,*,*,Female,*,>50K,2009
4,25,*,*,13,*,*,*,Female,*,>50K,2010
4,28,*,*,14,*,*,*,Male,*,>50K,2012
4,18,*,*,9,*,*,*,Male,*,>50K,2013
4,27,*,*,14,*,*,*,Female,*,>50K,2014
4,14,*,*,7,*,*,*,Male,*,>50K,2015
4,26,*,*,13,*,*,*,Male,*,>50K,2016
4,25,*,*,13,*,*,*,Female,*,>50K,2017
4,18,*,*,9,*,*,*,Male,*,>50K,2018
4,18,*,*,9,*,*,*,Male,*,>50K,2019
4,20,*,*,10,*,*,*,Male,*,>50K,2020
4,23,*,*,12,*,*,*,Female,*,>50K,2021
4,17,*,*,9,*,*,*,Female,*,>50K,2022
4,21,*,*,11,*,*,*,Female,*,>50K,2023
4,25,*,*,13,*,*,*,Female,*,>50K,2025
4,25,*,*,13,*,*,*,Female,*,>50K,2026
4,12,*,*,6,*,*,*,Male,*,>50K,2027
4,18,*,*,9,*,*,*,Male,*,>50K,2029
4,20,*,*,10,*,*,*,Male,*,>50K,2030
4,18,*,*,9,*,*,*,Male,*,>50K,2031
4,22,*,*,11,*,*,*,Male,*,>50K,2033
4,20,*,*,10,*,*,*,Male,*,>50K,2034
4,27,*,*,14,*,*,*,Female,*,>50K,2035
4,27,*,*,14,*,*,*,Female,*,>50K,2036
4,27,*,*,14,*,*,*,Female,*,>50K,2037
4,26,*,*,13,*,*,*,Male,*,>50K,2039
4,19,*,*,10,*,*,*,Female,*,>50K,2040
4,26,*,*,13,*,*,*,Male,*,>50K,2041
4,27,*,*,14,*,*,*,Female,*,>50K,2042
4,30,*,*,15,*,*,*,Male,*,>50K,2043
4,26,*,*,13,*,*,*,Male,*,>50K,2044
4,25,*,*,13,*,*,*,Female,*,>50K,2045
4,18,*,*,9,*,*,*,Male,*,>50K,2046
4,26,*,*,13,*,*,*,Male,*,>50K,2047
4,30,*,*,15,*,*,*,Male,*,>50K,2048
4,17,*,*,9,*,*,*,Female,*,>50K,2049
4,27,*,*,14,*,*,*,Female,*,>50K,2050
4,32,*,*,16,*,*,*,Male,*,>50K,2051
4,25,*,*,13,*,*,*,Female,*,>50K,2052
4,18,*,*,9,*,*,*,Male,*,>50K,2054
4,20,*,*,10,*,*,*,Male,*,>50K,2055
4,20,*,*,10,*,*,*,Male,*,>50K,2057
4,27,*,*,14,*,*,*,Female,*,>50K,2058
4,32,*,*,16,*,*,*,Male,*,>50K,2059
4,27,*,*,14,*,*,*,Female,*,>50K,2060
4,26,*,*,13,*,*,*,Male,*,>50K,2061
4,26,*,*,13,*,*,*,Male,*,>50K,2062
4,17,*,*,9,*,*,*,Female,*,>50K,2063
4,25,*,*,13,*,*,*,Female,*,>50K,2064
4,30,*,*,15,*,*,*,Male,*,>50K,2065
4,29,*,*,15,*,*,*,Female,*,>50K,2066
4,17,*,*,9,*,*,*,Female,*,>50K,2067
4,26,*,*,13,*,*,*,Male,*,>50K,2068
4,18,*,*,9,*,*,*,Male,*,>50K,2069
4,19,*,*,10,*,*,*,Female,*,>50K,2070
4,28,*,*,14,*,*,*,Male,*,>50K,2071
4,28,*,*,14,*,*,*,Male,*,>50K,2072
4,26,*,*,13,*,*,*,Male,*,>50K,2074
4,25,*,*,13,*,*,*,Female,*,>50K,2075
4,18,*,*,9,*,*,*,Male,*,>50K,2077
4,26,*,*,13,*,*,*,Male,*,>50K,2078
4,26,*,*,13,*,*,*,Male,*,>50K,2079
4,27,*,*,14,*,*,*,Female,*,>50K,2080
4,14,*,*,7,*,*,*,Male,*,>50K,2081
4,25,*,*,13,*,*,*,Female,*,>50K,2082
4,14,*,*,7,*,*,*,Male,*,>50K,2084
4,26,*,*,13,*,*,*,Male,*,>50K,2085
4,21,*,*,11,*,*,*,Female,*,>50K,2086
4,20,*,*,10,*,*,*,Male,*,>50K,2087
4,26,*,*,13,*,*,*,Male,*,>50K,2088
4,18,*,*,9,*,*,*,Male,*,>50K,2089
4,26,*,*,13,*,*,*,Male,*,>50K,2092
4,19,*,*,10,*,*,*,Female,*,>50K,2093
4,25,*,*,13,*,*,*,Female,*,>50K,2094
4,20,*,*,10,*,*,*,Male,*,>50K,2096
4,26,*,*,13,*,*,*,Male,*,>50K,2097
4,20,*,*,10,*,*,*,Male,*,>50K,2099
4,26,*,*,13,*,*,*,Male,*,>50K,2100
4,28,*,*,14,*,*,*,Male,*,>50K,2101
4,26,*,*,13,*,*,*,Male,*,>50K,2102
4,26,*,*,13,*,*,*,Male,*,>50K,2103
4,20,*,*,10,*,*,*,Male,*,>50K,2104
4,26,*,*,13,*,*,*,Male,*,>50K,2105
4,26,*,*,13,*,*,*,Male,*,>50K,2107
4,20,*,*,10,*,*,*,Male,*,>50K,2108
4,32,*,*,16,*,*,*,Male,*,>50K,2109
4,26,*,*,13,*,*,*,Male,*,<=50K,2111
4,20,*,*,10,*,*,*,Male,*,<=50K,2112
4,19,*,*,10,*,*,*,Female,*,<=50K,2113
4,20,*,*,10,*,*,*,Male,*,<=50K,2114
4,8,*,*,4,*,*,*,Male,*,<=50K,2115
4,18,*,*,9,*,*,*,Male,*,>50K,2116
4,25,*,*,13,*,*,*,Female,*,>50K,2117
4,18,*,*,9,*,*,*,Male,*,>50K,2118
4,19,*,*,10,*,*,*,Female,*,>50K,2121
4,27,*,*,14,*,*,*,Female,*,>50K,2123
4,20,*,*,10,*,*,*,Male,*,>50K,2124
4,18,*,*,9,*,*,*,Male,*,>50K,2126
4,23,*,*,12,*,*,*,Female,*,>50K,2128
4,26,*,*,13,*,*,*,Male,*,>50K,2130
4,18,*,*,9,*,*,*,Male,*,>50K,2131
4,26,*,*,13,*,*,*,Male,*,>50K,2133
4,26,*,*,13,*,*,*,Male,*,>50K,2134
4,26,*,*,13,*,*,*,Male,*,>50K,2136
4,32,*,*,16,*,*,*,Male,*,>50K,2137
4,31,*,*,16,*,*,*,Female,*,>50K,2138
4,26,*,*,13,*,*,*,Male,*,>50K,2140
4,26,*,*,13,*,*,*,Male,*,>50K,2141
4,22,*,*,11,*,*,*,Male,*,>50K,2142
4,26,*,*,13,*,*,*,Male,*,>50K,2143
4,18,*,*,9,*,*,*,Male,*,>50K,2144
4,24,*,*,12,*,*,*,Male,*,>50K,2145
4,30,*,*,15,*,*,*,Male,*,>50K,2146
4,28,*,*,14,*,*,*,Male,*,>50K,2148
4,25,*,*,13,*,*,*,Female,*,>50K,2150
4,28,*,*,14,*,*,*,Male,*,>50K,2151
4,18,*,*,9,*,*,*,Male,*,>50K,2152
4,26,*,*,13,*,*,*,Male,*,>50K,2153
4,19,*,*,10,*,*,*,Female,*,>50K,2154
4,27,*,*,14,*,*,*,Female,*,>50K,2155
4,24,*,*,12,*,*,*,Male,*,>50K,2156
4,28,*,*,14,*,*,*,Male,*,>50K,2157
4,26,*,*,13,*,*,*,Male,*,>50K,2158
4,27,*,*,14,*,*,*,Female,*,>50K,2159
4,27,*,*,14,*,*,*,Female,*,>50K,2160
4,18,*,*,9,*,*,*,Male,*,>50K,2161
4,18,*,*,9,*,*,*,Male,*,>50K,2163
4,18,*,*,9,*,*,*,Male,*,>50K,2165
4,20,*,*,10,*,*,*,Male,*,>50K,2166
4,24,*,*,12,*,*,*,Male,*,>50K,2169
4,18,*,*,9,*,*,*,Male,*,>50K,2170
4,28,*,*,14,*,*,*,Male,*,>50K,2172
4,22,*,*,11,*,*,*,Male,*,>50K,2173
4,20,*,*,10,*,*,*,Male,*,>50K,2174
4,18,*,*,9,*,*,*,Male,*,>50K,2175
4,16,*,*,8,*,*,*,Male,*,>50K,2176
4,26,*,*,13,*,*,*,Male,*,>50K,2177
4,19,*,*,10,*,*,*,Female,*,>50K,2178
4,23,*,*,12,*,*,*,Female,*,>50K,2179
4,25,*,*,13,*,*,*,Female,*,>50K,2180
4,28,*,*,14,*,*,*,Male,*,>50K,2181
4,22,*,*,11,*,*,*,Male,*,>50K,2182
4,21,*,*,11,*,*,*,Female,*,>50K,2184
4,19,*,*,10,*,*,*,Female,*,>50K,2185
4,18,*,*,9,*,*,*,Male,*,>50K,2187
4,26,*,*,13,*,*,*,Male,*,>50K,2188
4,18,*,*,9,*,*,*,Male,*,>50K,2189
4,26,*,*,13,*,*,*,Male,*,>50K,2190
4,31,*,*,16,*,*,*,Female,*,>50K,2191
4,19,*,*,10,*,*,*,Female,*,>50K,2192
4,23,*,*,12,*,*,*,Female,*,>50K,2193
4,28,*,*,14,*,*,*,Male,*,>50K,2194
4,25,*,*,13,*,*,*,Female,*,>50K,2197
4,20,*,*,10,*,*,*,Male,*,>50K,2199
4,20,*,*,10,*,*,*,Male,*,>50K,2202
4,26,*,*,13,*,*,*,Male,*,>50K,2203
4,25,*,*,13,*,*,*,Female,*,>50K,2204
4,18,*,*,9,*,*,*,Male,*,>50K,2205
4,26,*,*,13,*,*,*,Male,*,>50K,2206
4,25,*,*,13,*,*,*,Female,*,>50K,2207
4,26,*,*,13,*,*,*,Male,*,>50K,2208
4,18,*,*,9,*,*,*,Male,*,>50K,2211
4,26,*,*,13,*,*,*,Male,*,>50K,2212
4,27,*,*,14,*,*,*,Female,*,>50K,2213
4,20,*,*,10,*,*,*,Male,*,>50K,2214
4,24,*,*,12,*,*,*,Male,*,>50K,2215
4,18,*,*,9,*,*,*,Male,*,>50K,2216
4,26,*,*,13,*,*,*,Male,*,>50K,2217
4,18,*,*,9,*,*,*,Male,*,>50K,2218
4,22,*,*,11,*,*,*,Male,*,>50K,2219
4,17,*,*,9,*,*,*,Female,*,>50K,2220
4,18,*,*,9,*,*,*,Male,*,>50K,2221
4,26,*,*,13,*,*,*,Male,*,>50K,2222
4,27,*,*,14,*,*,*,Female,*,>50K,2223
4,25,*,*,13,*,*,*,Female,*,>50K,2224
4,24,*,*,12,*,*,*,Male,*,>50K,2225
4,26,*,*,13,*,*,*,Male,*,>50K,2227
4,20,*,*,10,*,*,*,Male,*,>50K,2228
4,17,*,*,9,*,*,*,Female,*,>50K,2229
4,27,*,*,14,*,*,*,Female,*,>50K,2230
4,20,*,*,10,*,*,*,Male,*,<=50K,2231
4,31,*,*,16,*,*,*,Female,*,>50K,2233
4,18,*,*,9,*,*,*,Male,*,>50K,2234
4,18,*,*,9,*,*,*,Male,*,>50K,2236
4,18,*,*,9,*,*,*,Male,*,>50K,2238
4,26,*,*,13,*,*,*,Male,*,>50K,2239
4,26,*,*,13,*,*,*,Male,*,>50K,2240
4,26,*,*,13,*,*,*,Male,*,>50K,2241
4,20,*,*,10,*,*,*,Male,*,>50K,2242
4,18,*,*,9,*,*,*,Male,*,>50K,2244
4,24,*,*,12,*,*,*,Male,*,>50K,2245
4,20,*,*,10,*,*,*,Male,*,>50K,2246
4,20,*,*,10,*,*,*,Male,*,>50K,2248
4,14,*,*,7,*,*,*,Male,*,>50K,2250
4,26,*,*,13,*,*,*,Male,*,>50K,2251
4,20,*,*,10,*,*,*,Male,*,>50K,2252
4,26,*,*,13,*,*,*,Male,*,>50K,2253
4,22,*,*,11,*,*,*,Male,*,>50K,2254
4,18,*,*,9,*,*,*,Male,*,>50K,2256
4,26,*,*,13,*,*,*,Male,*,>50K,2257
4,20,*,*,10,*,*,*,Male,*,>50K,2258
4,18,*,*,9,*,*,*,Male,*,>50K,2259
4,23,*,*,12,*,*,*,Female,*,>50K,2260
4,20,*,*,10,*,*,*,Male,*,>50K,2261
4,26,*,*,13,*,*,*,Male,*,>50K,2262
4,20,*,*,10,*,*,*,Male,*,>50K,2263
4,18,*,*,9,*,*,*,Male,*,>50K,2264
4,26,*,*,13,*,*,*,Male,*,>50K,2265
4,26,*,*,13,*,*,*,Male,*,>50K,2268
4,28,*,*,14,*,*,*,Male,*,>50K,2269
4,24,*,*,12,*,*,*,Male,*,>50K,2273
4,28,*,*,14,*,*,*,Male,*,>50K,2274
4,20,*,*,10,*,*,*,Male,*,>50K,2276
4,20,*,*,10,*,*,*,Male,*,>50K,2278
4,17,*,*,9,*,*,*,Female,*,>50K,2279
4,18,*,*,9,*,*,*,Male,*,>50K,2280
4,20,*,*,10,*,*,*,Male,*,>50K,2281
4,28,*,*,14,*,*,*,Male,*,>50K,2283
4,20,*,*,10,*,*,*,Male,*,>50K,2284
4,26,*,*,13,*,*,*,Male,*,>50K,2285
4,32,*,*,16,*,*,*,Male,*,>50K,2286
4,20,*,*,10,*,*,*,Male,*,>50K,2287
4,28,*,*,14,*,*,*,Male,*,>50K,2288
4,28,*,*,14,*,*,*,Male,*,>50K,2289
4,26,*,*,13,*,*,*,Male,*,>50K,2290
4,25,*,*,13,*,*,*,Female,*,>50K,2291
4,28,*,*,14,*,*,*,Male,*,>50K,2292
4,25,*,*,13,*,*,*,Female,*,>50K,2293
4,29,*,*,15,*,*,*,Female,*,>50K,2294
4,26,*,*,13,*,*,*,Male,*,>50K,2295
4,22,*,*,11,*,*,*,Male,*,>50K,2296
4,28,*,*,14,*,*,*,Male,*,>50K,2297
4,18,*,*,9,*,*,*,Male,*,>50K,2298
4,20,*,*,10,*,*,*,Male,*,>50K,2299
4,28,*,*,14,*,*,*,Male,*,>50K,2300
4,26,*,*,13,*,*,*,Male,*,>50K,2301
4,20,*,*,10,*,*,*,Male,*,>50K,2302
4,26,*,*,13,*,*,*,Male,*,>50K,2303
4,26,*,*,13,*,*,*,Male,*,>50K,2304
4,18,*,*,9,*,*,*,Male,*,>50K,2305
4,18,*,*,9,*,*,*,Male,*,>50K,2306
4,17,*,*,9,*,*,*,Female,*,>50K,2307
4,26,*,*,13,*,*,*,Male,*,>50K,2308
4,30,*,*,15,*,*,*,Male,*,>50K,2309
4,26,*,*,13,*,*,*,Male,*,>50K,2311
4,25,*,*,13,*,*,*,Female,*,>50K,2312
4,26,*,*,13,*,*,*,Male,*,>50K,2314
4,18,*,*,9,*,*,*,Male,*,>50K,2315
4,19,*,*,10,*,*,*,Female,*,>50K,2316
4,20,*,*,10,*,*,*,Male,*,>50K,2317
4,26,*,*,13,*,*,*,Male,*,>50K,2318
4,25,*,*,13,*,*,*,Female,*,>50K,2319
4,32,*,*,16,*,*,*,Male,*,>50K,2320
4,18,*,*,9,*,*,*,Male,*,>50K,2321
4,20,*,*,10,*,*,*,Male,*,>50K,2322
4,18,*,*,9,*,*,*,Male,*,>50K,2323
4,26,*,*,13,*,*,*,Male,*,>50K,2324
4,28,*,*,14,*,*,*,Male,*,>50K,2325
4,18,*,*,9,*,*,*,Male,*,>50K,2326
4,20,*,*,10,*,*,*,Male,*,>50K,2330
4,20,*,*,10,*,*,*,Male,*,>50K,2331
4,26,*,*,13,*,*,*,Male,*,>50K,2332
4,28,*,*,14,*,*,*,Male,*,>50K,2333
4,27,*,*,14,*,*,*,Female,*,>50K,2334
4,27,*,*,14,*,*,*,Female,*,>50K,2335
4,32,*,*,16,*,*,*,Male,*,>50K,2336
4,28,*,*,14,*,*,*,Male,*,>50K,2337
4,20,*,*,10,*,*,*,Male,*,>50K,2338
4,20,*,*,10,*,*,*,Male,*,>50K,2340
4,20,*,*,10,*,*,*,Male,*,>50K,2342
4,27,*,*,14,*,*,*,Female,*,>50K,2343
4,32,*,*,16,*,*,*,Male,*,>50K,2344
4,28,*,*,14,*,*,*,Male,*,>50K,2345
4,26,*,*,13,*,*,*,Male,*,>50K,2346
4,26,*,*,13,*,*,*,Male,*,>50K,2347
4,24,*,*,12,*,*,*,Male,*,>50K,2348
4,26,*,*,13,*,*,*,Male,*,>50K,2349
4,25,*,*,13,*,*,*,Female,*,>50K,2350
4,22,*,*,11,*,*,*,Male,*,>50K,2351
4,24,*,*,12,*,*,*,Male,*,>50K,2354
4,18,*,*,9,*,*,*,Male,*,>50K,2355
4,27,*,*,14,*,*,*,Female,*,>50K,2357
4,12,*,*,6,*,*,*,Male,*,>50K,2358
4,26,*,*,13,*,*,*,Male,*,>50K,2359
4,28,*,*,14,*,*,*,Male,*,>50K,2360
4,26,*,*,13,*,*,*,Male,*,>50K,2361
4,14,*,*,7,*,*,*,Male,*,>50K,2362
4,20,*,*,10,*,*,*,Male,*,>50K,2363
4,32,*,*,16,*,*,*,Male,*,>50K,2364
4,26,*,*,13,*,*,*,Male,*,>50K,2365
4,26,*,*,13,*,*,*,Male,*,>50K,2366
4,26,*,*,13,*,*,*,Male,*,>50K,2367
4,24,*,*,12,*,*,*,Male,*,>50K,2368
4,18,*,*,9,*,*,*,Male,*,>50K,2369
4,26,*,*,13,*,*,*,Male,*,>50K,2370
4,28,*,*,14,*,*,*,Male,*,>50K,2372
4,26,*,*,13,*,*,*,Male,*,>50K,2374
4,21,*,*,11,*,*,*,Female,*,>50K,2375
4,17,*,*,9,*,*,*,Female,*,>50K,2377
4,24,*,*,12,*,*,*,Male,*,>50K,2378
4,23,*,*,12,*,*,*,Female,*,>50K,2379
4,16,*,*,8,*,*,*,Male,*,>50K,2380
4,20,*,*,10,*,*,*,Male,*,>50K,2381
4,16,*,*,8,*,*,*,Male,*,>50K,2382
4,26,*,*,13,*,*,*,Male,*,>50K,2383
4,20,*,*,10,*,*,*,Male,*,>50K,2386
4,20,*,*,10,*,*,*,Male,*,>50K,2387
4,27,*,*,14,*,*,*,Female,*,>50K,2388
4,28,*,*,14,*,*,*,Male,*,>50K,2389
4,26,*,*,13,*,*,*,Male,*,>50K,2390
4,4,*,*,2,*,*,*,Male,*,>50K,2392
4,25,*,*,13,*,*,*,Female,*,>50K,2393
4,26,*,*,13,*,*,*,Male,*,>50K,2394
4,18,*,*,9,*,*,*,Male,*,>50K,2396
4,28,*,*,14,*,*,*,Male,*,>50K,2397
4,14,*,*,7,*,*,*,Male,*,>50K,2398
4,20,*,*,10,*,*,*,Male,*,>50K,2399
4,30,*,*,15,*,*,*,Male,*,>50K,2400
4,25,*,*,13,*,*,*,Female,*,>50K,2402
4,28,*,*,14,*,*,*,Male,*,>50K,2403
4,18,*,*,9,*,*,*,Male,*,>50K,2404
4,25,*,*,13,*,*,*,Female,*,>50K,2405
4,18,*,*,9,*,*,*,Male,*,>50K,2406
4,26,*,*,13,*,*,*,Male,*,>50K,2408
4,32,*,*,16,*,*,*,Male,*,>50K,2409
4,18,*,*,9,*,*,*,Male,*,>50K,2410
4,22,*,*,11,*,*,*,Male,*,>50K,2411
4,28,*,*,14,*,*,*,Male,*,>50K,2412
4,27,*,*,14,*,*,*,Female,*,>50K,2415
4,20,*,*,10,*,*,*,Male,*,>50K,2416
4,26,*,*,13,*,*,*,Male,*,>50K,2417
4,18,*,*,9,*,*,*,Male,*,>50K,2419
4,25,*,*,13,*,*,*,Female,*,>50K,2420
4,20,*,*,10,*,*,*,Male,*,>50K,2422
4,18,*,*,9,*,*,*,Male,*,>50K,2423
4,20,*,*,10,*,*,*,Male,*,>50K,2425
4,20,*,*,10,*,*,*,Male,*,>50K,2426
4,20,*,*,10,*,*,*,Male,*,>50K,2427
4,26,*,*,13,*,*,*,Male,*,>50K,2428
4,26,*,*,13,*,*,*,Male,*,>50K,2429
4,22,*,*,11,*,*,*,Male,*,>50K,2431
4,32,*,*,16,*,*,*,Male,*,>50K,2433
4,20,*,*,10,*,*,*,Male,*,>50K,2434
4,26,*,*,13,*,*,*,Male,*,>50K,2436
4,26,*,*,13,*,*,*,Male,*,>50K,2437
4,28,*,*,14,*,*,*,Male,*,>50K,2438
4,20,*,*,10,*,*,*,Male,*,>50K,2439
4,26,*,*,13,*,*,*,Male,*,>50K,2441
4,26,*,*,13,*,*,*,Male,*,>50K,2442
4,18,*,*,9,*,*,*,Male,*,>50K,2444
4,19,*,*,10,*,*,*,Female,*,>50K,2445
4,26,*,*,13,*,*,*,Male,*,>50K,2447
4,20,*,*,10,*,*,*,Male,*,>50K,2448
4,22,*,*,11,*,*,*,Male,*,>50K,2449
4,19,*,*,10,*,*,*,Female,*,>50K,2450
4,18,*,*,9,*,*,*,Male,*,>50K,2452
4,30,*,*,15,*,*,*,Male,*,>50K,2453
4,20,*,*,10,*,*,*,Male,*,>50K,2454
4,20,*,*,10,*,*,*,Male,*,>50K,2455
4,20,*,*,10,*,*,*,Male,*,>50K,2456
4,8,*,*,4,*,*,*,Male,*,>50K,2457
4,18,*,*,9,*,*,*,Male,*,>50K,2458
4,28,*,*,14,*,*,*,Male,*,>50K,2459
4,24,*,*,12,*,*,*,Male,*,>50K,2460
4,20,*,*,10,*,*,*,Male,*,>50K,2462
4,18,*,*,9,*,*,*,Male,*,>50K,2463
4,20,*,*,10,*,*,*,Male,*,>50K,2464
4,20,*,*,10,*,*,*,Male,*,>50K,2465
4,19,*,*,10,*,*,*,Female,*,>50K,2466
4,18,*,*,9,*,*,*,Male,*,>50K,2467
4,26,*,*,13,*,*,*,Male,*,>50K,2468
4,18,*,*,9,*,*,*,Male,*,>50K,2469
4,18,*,*,9,*,*,*,Male,*,>50K,2471
4,26,*,*,13,*,*,*,Male,*,>50K,2472
4,26,*,*,13,*,*,*,Male,*,>50K,2473
4,20,*,*,10,*,*,*,Male,*,>50K,2475
4,25,*,*,13,*,*,*,Female,*,>50K,2476
4,26,*,*,13,*,*,*,Male,*,>50K,2477
4,26,*,*,13,*,*,*,Male,*,>50K,2478
4,8,*,*,4,*,*,*,Male,*,>50K,2479
4,22,*,*,11,*,*,*,Male,*,>50K,2482
4,26,*,*,13,*,*,*,Male,*,>50K,2483
4,26,*,*,13,*,*,*,Male,*,>50K,2484
4,17,*,*,9,*,*,*,Female,*,>50K,2485
4,28,*,*,14,*,*,*,Male,*,>50K,2486
4,26,*,*,13,*,*,*,Male,*,>50K,2488
4,26,*,*,13,*,*,*,Male,*,>50K,2489
4,26,*,*,13,*,*,*,Male,*,>50K,2490
4,26,*,*,13,*,*,*,Male,*,>50K,2491
4,28,*,*,14,*,*,*,Male,*,>50K,2492
4,21,*,*,11,*,*,*,Female,*,>50K,2493
4,18,*,*,9,*,*,*,Male,*,>50K,2494
4,26,*,*,13,*,*,*,Male,*,>50K,2496
4,28,*,*,14,*,*,*,Male,*,>50K,2498
4,20,*,*,10,*,*,*,Male,*,>50K,2499
4,22,*,*,11,*,*,*,Male,*,>50K,2500
4,26,*,*,13,*,*,*,Male,*,>50K,2503
4,17,*,*,9,*,*,*,Female,*,<=50K,2504
4,19,*,*,10,*,*,*,Female,*,<=50K,2505
4,18,*,*,9,*,*,*,Male,*,<=50K,2506
4,19,*,*,10,*,*,*,Female,*,<=50K,2507
4,25,*,*,13,*,*,*,Female,*,>50K,2509
4,14,*,*,7,*,*,*,Male,*,>50K,2510
4,26,*,*,13,*,*,*,Male,*,>50K,2511
4,28,*,*,14,*,*,*,Male,*,>50K,2514
4,29,*,*,15,*,*,*,Female,*,>50K,2515
4,28,*,*,14,*,*,*,Male,*,>50K,2517
4,26,*,*,13,*,*,*,Male,*,>50K,2518
4,20,*,*,10,*,*,*,Male,*,>50K,2519
4,19,*,*,10,*,*,*,Female,*,>50K,2520
4,28,*,*,14,*,*,*,Male,*,>50K,2521
4,22,*,*,11,*,*,*,Male,*,>50K,2522
4,18,*,*,9,*,*,*,Male,*,>50K,2523
4,26,*,*,13,*,*,*,Male,*,>50K,2524
4,20,*,*,10,*,*,*,Male,*,>50K,2526
4,18,*,*,9,*,*,*,Male,*,>50K,2527
4,32,*,*,16,*,*,*,Male,*,>50K,2528
4,26,*,*,13,*,*,*,Male,*,>50K,2530
4,22,*,*,11,*,*,*,Male,*,>50K,2531
4,18,*,*,9,*,*,*,Male,*,>50K,2532
4,28,*,*,14,*,*,*,Male,*,>50K,2533
4,20,*,*,10,*,*,*,Male,*,>50K,2534
4,18,*,*,9,*,*,*,Male,*,>50K,2535
4,26,*,*,13,*,*,*,Male,*,>50K,2536
4,26,*,*,13,*,*,*,Male,*,>50K,2537
4,18,*,*,9,*,*,*,Male,*,>50K,2538
4,19,*,*,10,*,*,*,Female,*,>50K,2539
4,18,*,*,9,*,*,*,Male,*,>50K,2541
4,26,*,*,13,*,*,*,Male,*,>50K,2543
4,18,*,*,9,*,*,*,Male,*,>50K,2546
4,18,*,*,9,*,*,*,Male,*,>50K,2547
4,20,*,*,10,*,*,*,Male,*,>50K,2548
4,20,*,*,10,*,*,*,Male,*,>50K,2549
4,18,*,*,9,*,*,*,Male,*,>50K,2550
4,18,*,*,9,*,*,*,Male,*,>50K,2551
4,18,*,*,9,*,*,*,Male,*,>50K,2552
4,20,*,*,10,*,*,*,Male,*,>50K,2554
4,26,*,*,13,*,*,*,Male,*,>50K,2555
4,20,*,*,10,*,*,*,Male,*,>50K,2556
4,20,*,*,10,*,*,*,Male,*,>50K,2557
4,28,*,*,14,*,*,*,Male,*,>50K,2558
4,22,*,*,11,*,*,*,Male,*,>50K,2559
4,20,*,*,10,*,*,*,Male,*,>50K,2560
4,18,*,*,9,*,*,*,Male,*,>50K,2561
4,28,*,*,14,*,*,*,Male,*,>50K,2562
4,18,*,*,9,*,*,*,Male,*,>50K,2563
4,18,*,*,9,*,*,*,Male,*,>50K,2565
4,32,*,*,16,*,*,*,Male,*,>50K,2567
4,6,*,*,3,*,*,*,Male,*,>50K,2568
4,18,*,*,9,*,*,*,Male,*,>50K,2569
4,28,*,*,14,*,*,*,Male,*,>50K,2570
4,19,*,*,10,*,*,*,Female,*,>50K,2572
4,18,*,*,9,*,*,*,Male,*,>50K,2574
4,20,*,*,10,*,*,*,Male,*,>50K,2575
4,26,*,*,13,*,*,*,Male,*,>50K,2576
4,18,*,*,9,*,*,*,Male,*,>50K,2577
4,18,*,*,9,*,*,*,Male,*,>50K,2578
4,26,*,*,13,*,*,*,Male,*,>50K,2579
4,24,*,*,12,*,*,*,Male,*,>50K,2580
4,18,*,*,9,*,*,*,Male,*,>50K,2582
4,18,*,*,9,*,*,*,Male,*,>50K,2583
4,26,*,*,13,*,*,*,Male,*,>50K,2584
4,26,*,*,13,*,*,*,Male,*,>50K,2585
4,22,*,*,11,*,*,*,Male,*,>50K,2586
4,20,*,*,10,*,*,*,Male,*,>50K,2588
4,26,*,*,13,*,*,*,Male,*,>50K,2589
4,18,*,*,9,*,*,*,Male,*,>50K,2590
4,20,*,*,10,*,*,*,Male,*,>50K,2591
4,26,*,*,13,*,*,*,Male,*,>50K,2592
4,28,*,*,14,*,*,*,Male,*,>50K,2593
4,26,*,*,13,*,*,*,Male,*,>50K,2594
4,20,*,*,10,*,*,*,Male,*,>50K,2595
4,28,*,*,14,*,*,*,Male,*,>50K,2599
4,20,*,*,10,*,*,*,Male,*,>50K,2602
4,26,*,*,13,*,*,*,Male,*,>50K,2603
4,26,*,*,13,*,*,*,Male,*,>50K,2604
4,26,*,*,13,*,*,*,Male,*,>50K,2605
4,22,*,*,11,*,*,*,Male,*,>50K,2606
4,28,*,*,14,*,*,*,Male,*,>50K,2607
4,26,*,*,13,*,*,*,Male,*,>50K,2608
4,22,*,*,11,*,*,*,Male,*,>50K,2609
4,26,*,*,13,*,*,*,Male,*,>50K,2610
4,22,*,*,11,*,*,*,Male,*,>50K,2613
4,26,*,*,13,*,*,*,Male,*,>50K,2614
4,8,*,*,4,*,*,*,Male,*,>50K,2616
4,19,*,*,10,*,*,*,Female,*,>50K,2617
4,14,*,*,7,*,*,*,Male,*,>50K,2619
4,30,*,*,15,*,*,*,Male,*,>50K,2620
4,32,*,*,16,*,*,*,Male,*,>50K,2621
4,26,*,*,13,*,*,*,Male,*,>50K,2622
4,18,*,*,9,*,*,*,Male,*,>50K,2623
4,20,*,*,10,*,*,*,Male,*,>50K,2624
4,20,*,*,10,*,*,*,Male,*,>50K,2625
4,18,*,*,9,*,*,*,Male,*,>50K,2626
4,26,*,*,13,*,*,*,Male,*,>50K,2627
4,18,*,*,9,*,*,*,Male,*,>50K,2630
4,20,*,*,10,*,*,*,Male,*,>50K,2631
4,21,*,*,11,*,*,*,Female,*,>50K,2632
4,24,*,*,12,*,*,*,Male,*,>50K,2634
4,28,*,*,14,*,*,*,Male,*,>50K,2636
4,26,*,*,13,*,*,*,Male,*,>50K,2637
4,26,*,*,13,*,*,*,Male,*,>50K,2638
4,28,*,*,14,*,*,*,Male,*,>50K,2639
4,26,*,*,13,*,*,*,Male,*,>50K,2640
4,22,*,*,11,*,*,*,Male,*,>50K,2641
4,20,*,*,10,*,*,*,Male,*,>50K,2642
4,26,*,*,13,*,*,*,Male,*,>50K,2644
4,26,*,*,13,*,*,*,Male,*,>50K,2645
4,18,*,*,9,*,*,*,Male,*,>50K,2647
4,18,*,*,9,*,*,*,Male,*,>50K,2648
4,22,*,*,11,*,*,*,Male,*,>50K,2649
4,26,*,*,13,*,*,*,Male,*,>50K,2650
4,28,*,*,14,*,*,*,Male,*,>50K,2651
4,18,*,*,9,*,*,*,Male,*,>50K,2652
4,20,*,*,10,*,*,*,Male,*,>50K,2653
4,26,*,*,13,*,*,*,Male,*,>50K,2654
4,19,*,*,10,*,*,*,Female,*,>50K,2655
4,20,*,*,10,*,*,*,Male,*,>50K,2656
4,20,*,*,10,*,*,*,Male,*,>50K,2658
4,26,*,*,13,*,*,*,Male,*,>50K,2659
4,26,*,*,13,*,*,*,Male,*,>50K,2660
4,18,*,*,9,*,*,*,Male,*,>50K,2661
4,19,*,*,10,*,*,*,Female,*,>50K,2662
4,26,*,*,13,*,*,*,Male,*,>50K,2663
4,18,*,*,9,*,*,*,Male,*,>50K,2664
4,28,*,*,14,*,*,*,Male,*,>50K,2665
4,26,*,*,13,*,*,*,Male,*,>50K,2666
4,18,*,*,9,*,*,*,Male,*,>50K,2667
4,18,*,*,9,*,*,*,Male,*,>50K,2668
4,22,*,*,11,*,*,*,Male,*,>50K,2670
4,19,*,*,10,*,*,*,Female,*,>50K,2671
4,21,*,*,11,*,*,*,Female,*,>50K,2672
4,26,*,*,13,*,*,*,Male,*,>50K,2673
4,20,*,*,10,*,*,*,Male,*,>50K,2674
4,26,*,*,13,*,*,*,Male,*,>50K,2675
4,19,*,*,10,*,*,*,Female,*,>50K,2676
4,19,*,*,10,*,*,*,Female,*,>50K,2678
4,18,*,*,9,*,*,*,Male,*,>50K,2679
4,18,*,*,9,*,*,*,Male,*,>50K,2680
4,28,*,*,14,*,*,*,Male,*,>50K,2682
4,18,*,*,9,*,*,*,Male,*,>50K,2683
4,24,*,*,12,*,*,*,Male,*,>50K,2684
4,18,*,*,9,*,*,*,Male,*,>50K,2685
4,20,*,*,10,*,*,*,Male,*,>50K,2686
4,22,*,*,11,*,*,*,Male,*,>50K,2687
4,20,*,*,10,*,*,*,Male,*,>50K,2688
4,20,*,*,10,*,*,*,Male,*,>50K,2689
4,20,*,*,10,*,*,*,Male,*,>50K,2692
4,20,*,*,10,*,*,*,Male,*,>50K,2693
4,28,*,*,14,*,*,*,Male,*,>50K,2694
4,18,*,*,9,*,*,*,Male,*,>50K,2696
4,20,*,*,10,*,*,*,Male,*,>50K,2697
4,20,*,*,10,*,*,*,Male,*,>50K,2698
4,26,*,*,13,*,*,*,Male,*,>50K,2699
4,19,*,*,10,*,*,*,Female,*,>50K,2700
4,28,*,*,14,*,*,*,Male,*,>50K,2701
4,20,*,*,10,*,*,*,Male,*,>50K,2703
4,18,*,*,9,*,*,*,Male,*,>50K,2704
4,20,*,*,10,*,*,*,Male,*,>50K,2705
4,20,*,*,10,*,*,*,Male,*,>50K,2706
4,26,*,*,13,*,*,*,Male,*,>50K,2707
4,20,*,*,10,*,*,*,Male,*,>50K,2708
4,18,*,*,9,*,*,*,Male,*,>50K,2709
4,18,*,*,9,*,*,*,Male,*,>50K,2710
4,26,*,*,13,*,*,*,Male,*,>50K,2711
4,26,*,*,13,*,*,*,Male,*,>50K,2712
4,28,*,*,14,*,*,*,Male,*,>50K,2713
4,28,*,*,14,*,*,*,Male,*,>50K,2714
4,28,*,*,14,*,*,*,Male,*,>50K,2715
4,18,*,*,9,*,*,*,Male,*,>50K,2716
4,17,*,*,9,*,*,*,Female,*,>50K,2717
4,18,*,*,9,*,*,*,Male,*,>50K,2718
4,26,*,*,13,*,*,*,Male,*,>50K,2719
4,26,*,*,13,*,*,*,Male,*,>50K,2721
4,28,*,*,14,*,*,*,Male,*,>50K,2722
4,26,*,*,13,*,*,*,Male,*,>50K,2723
4,26,*,*,13,*,*,*,Male,*,>50K,2724
4,26,*,*,13,*,*,*,Male,*,>50K,2726
4,18,*,*,9,*,*,*,Male,*,>50K,2728
4,20,*,*,10,*,*,*,Male,*,>50K,2729
4,26,*,*,13,*,*,*,Male,*,>50K,2730
4,26,*,*,13,*,*,*,Male,*,>50K,2732
4,20,*,*,10,*,*,*,Male,*,>50K,2733
4,26,*,*,13,*,*,*,Male,*,>50K,2734
4,20,*,*,10,*,*,*,Male,*,>50K,2735
4,20,*,*,10,*,*,*,Male,*,>50K,2736
4,26,*,*,13,*,*,*,Male,*,>50K,2737
4,20,*,*,10,*,*,*,Male,*,>50K,2738
4,26,*,*,13,*,*,*,Male,*,>50K,2739
4,6,*,*,3,*,*,*,Male,*,>50K,2740
4,20,*,*,10,*,*,*,Male,*,>50K,2741
4,26,*,*,13,*,*,*,Male,*,>50K,2742
4,20,*,*,10,*,*,*,Male,*,>50K,2743
4,26,*,*,13,*,*,*,Male,*,>50K,2744
4,26,*,*,13,*,*,*,Male,*,>50K,2747
4,17,*,*,9,*,*,*,Female,*,>50K,2748
4,26,*,*,13,*,*,*,Male,*,>50K,2750
4,28,*,*,14,*,*,*,Male,*,>50K,2751
4,21,*,*,11,*,*,*,Female,*,>50K,2752
4,18,*,*,9,*,*,*,Male,*,>50K,2753
4,26,*,*,13,*,*,*,Male,*,>50K,2755
4,18,*,*,9,*,*,*,Male,*,>50K,2756
4,27,*,*,14,*,*,*,Female,*,<=50K,2757
4,28,*,*,14,*,*,*,Male,*,<=50K,2758
4,18,*,*,9,*,*,*,Male,*,<=50K,2759
4,26,*,*,13,*,*,*,Male,*,<=50K,2760
4,25,*,*,13,*,*,*,Female,*,<=50K,2761
4,20,*,*,10,*,*,*,Male,*,<=50K,2762
4,26,*,*,13,*,*,*,Male,*,<=50K,2763
4,19,*,*,10,*,*,*,Female,*,<=50K,2765
4,26,*,*,13,*,*,*,Male,*,<=50K,2766
4,18,*,*,9,*,*,*,Male,*,<=50K,2767
4,17,*,*,9,*,*,*,Female,*,<=50K,2768
4,13,*,*,7,*,*,*,Female,*,<=50K,2773
4,14,*,*,7,*,*,*,Male,*,<=50K,2774
4,19,*,*,10,*,*,*,Female,*,<=50K,2775
4,17,*,*,9,*,*,*,Female,*,<=50K,2776
4,26,*,*,13,*,*,*,Male,*,<=50K,2777
4,18,*,*,9,*,*,*,Male,*,<=50K,2778
4,26,*,*,13,*,*,*,Male,*,<=50K,2779
4,21,*,*,11,*,*,*,Female,*,<=50K,2780
4,21,*,*,11,*,*,*,Female,*,<=50K,2782
4,18,*,*,9,*,*,*,Male,*,<=50K,2783
4,22,*,*,11,*,*,*,Male,*,<=50K,2784
4,18,*,*,9,*,*,*,Male,*,<=50K,2785
4,21,*,*,11,*,*,*,Female,*,<=50K,2786
4,26,*,*,13,*,*,*,Male,*,>50K,2788
4,28,*,*,14,*,*,*,Male,*,>50K,2789
4,20,*,*,10,*,*,*,Male,*,>50K,2790
4,28,*,*,14,*,*,*,Male,*,>50K,2791
4,6,*,*,3,*,*,*,Male,*,<=50K,2792
4,19,*,*,10,*,*,*,Female,*,<=50K,2794
4,19,*,*,10,*,*,*,Female,*,<=50K,2795
4,18,*,*,9,*,*,*,Male,*,<=50K,2796
4,19,*,*,10,*,*,*,Female,*,<=50K,2798
4,25,*,*,13,*,*,*,Female,*,<=50K,2800
4,14,*,*,7,*,*,*,Male,*,<=50K,2801
4,23,*,*,12,*,*,*,Female,*,<=50K,2802
4,26,*,*,13,*,*,*,Male,*,>50K,2803
4,8,*,*,4,*,*,*,Male,*,>50K,2804
4,18,*,*,9,*,*,*,Male,*,>50K,2805
4,18,*,*,9,*,*,*,Male,*,>50K,2808
4,26,*,*,13,*,*,*,Male,*,>50K,2809
4,17,*,*,9,*,*,*,Female,*,<=50K,2810
4,27,*,*,14,*,*,*,Female,*,<=50K,2811
4,25,*,*,13,*,*,*,Female,*,<=50K,2812
4,8,*,*,4,*,*,*,Male,*,>50K,2813
4,19,*,*,10,*,*,*,Female,*,<=50K,2814
4,17,*,*,9,*,*,*,Female,*,<=50K,2816
4,20,*,*,10,*,*,*,Male,*,>50K,2817
4,24,*,*,12,*,*,*,Male,*,>50K,2818
4,26,*,*,13,*,*,*,Male,*,>50K,2819
4,23,*,*,12,*,*,*,Female,*,<=50K,2821
4,17,*,*,9,*,*,*,Female,*,<=50K,2822
4,17,*,*,9,*,*,*,Female,*,<=50K,2823
4,27,*,*,14,*,*,*,Female,*,<=50K,2824
4,28,*,*,14,*,*,*,Male,*,<=50K,2825
4,25,*,*,13,*,*,*,Female,*,<=50K,2826
4,18,*,*,9,*,*,*,Male,*,<=50K,2827
4,18,*,*,9,*,*,*,Male,*,<=50K,2828
4,21,*,*,11,*,*,*,Female,*,<=50K,2829
4,25,*,*,13,*,*,*,Female,*,<=50K,2830
4,25,*,*,13,*,*,*,Female,*,<=50K,2831
4,26,*,*,13,*,*,*,Male,*,>50K,2832
4,20,*,*,10,*,*,*,Male,*,>50K,2833
4,20,*,*,10,*,*,*,Male,*,>50K,2834
4,18,*,*,9,*,*,*,Male,*,>50K,2835
4,20,*,*,10,*,*,*,Male,*,>50K,2836
4,17,*,*,9,*,*,*,Female,*,>50K,2837
4,18,*,*,9,*,*,*,Male,*,>50K,2839
4,26,*,*,13,*,*,*,Male,*,>50K,2840
4,26,*,*,13,*,*,*,Male,*,>50K,2841
4,20,*,*,10,*,*,*,Male,*,>50K,2844
4,19,*,*,10,*,*,*,Female,*,>50K,2845
4,10,*,*,5,*,*,*,Male,*,>50K,2846
4,18,*,*,9,*,*,*,Male,*,>50K,2847
4,18,*,*,9,*,*,*,Male,*,>50K,2848
4,18,*,*,9,*,*,*,Male,*,>50K,2849
4,18,*,*,9,*,*,*,Male,*,>50K,2850
4,26,*,*,13,*,*,*,Male,*,>50K,2851
4,25,*,*,13,*,*,*,Female,*,>50K,2852
4,18,*,*,9,*,*,*,Male,*,>50K,2853
4,18,*,*,9,*,*,*,Male,*,>50K,2854
4,26,*,*,13,*,*,*,Male,*,>50K,2857
4,20,*,*,10,*,*,*,Male,*,>50K,2858
4,26,*,*,13,*,*,*,Male,*,>50K,2861
4,24,*,*,12,*,*,*,Male,*,>50K,2863
4,30,*,*,15,*,*,*,Male,*,>50K,2864
4,20,*,*,10,*,*,*,Male,*,>50K,2865
4,18,*,*,9,*,*,*,Male,*,>50K,2866
4,26,*,*,13,*,*,*,Male,*,>50K,2867
4,20,*,*,10,*,*,*,Male,*,>50K,2868
4,32,*,*,16,*,*,*,Male,*,>50K,2869
4,20,*,*,10,*,*,*,Male,*,>50K,2871
4,26,*,*,13,*,*,*,Male,*,>50K,2872
4,28,*,*,14,*,*,*,Male,*,>50K,2873
4,28,*,*,14,*,*,*,Male,*,>50K,2874
4,13,*,*,7,*,*,*,Female,*,>50K,2875
4,18,*,*,9,*,*,*,Male,*,>50K,2876
4,26,*,*,13,*,*,*,Male,*,>50K,2877
4,17,*,*,9,*,*,*,Female,*,>50K,2878
4,17,*,*,9,*,*,*,Female,*,>50K,2879
4,6,*,*,3,*,*,*,Male,*,>50K,2880
4,20,*,*,10,*,*,*,Male,*,>50K,2881
4,26,*,*,13,*,*,*,Male,*,>50K,2883
4,18,*,*,9,*,*,*,Male,*,>50K,2885
4,24,*,*,12,*,*,*,Male,*,>50K,2887
4,18,*,*,9,*,*,*,Male,*,>50K,2888
4,20,*,*,10,*,*,*,Male,*,>50K,2889
4,26,*,*,13,*,*,*,Male,*,>50K,2890
4,28,*,*,14,*,*,*,Male,*,>50K,2891
4,27,*,*,14,*,*,*,Female,*,>50K,2892
4,22,*,*,11,*,*,*,Male,*,>50K,2893
4,18,*,*,9,*,*,*,Male,*,>50K,2894
4,26,*,*,13,*,*,*,Male,*,>50K,2895
4,18,*,*,9,*,*,*,Male,*,>50K,2896
4,18,*,*,9,*,*,*,Male,*,>50K,2897
4,14,*,*,7,*,*,*,Male,*,>50K,2899
4,20,*,*,10,*,*,*,Male,*,>50K,2900
4,26,*,*,13,*,*,*,Male,*,>50K,2901
4,18,*,*,9,*,*,*,Male,*,>50K,2902
4,24,*,*,12,*,*,*,Male,*,>50K,2903
4,18,*,*,9,*,*,*,Male,*,>50K,2904
4,20,*,*,10,*,*,*,Male,*,>50K,2905
4,26,*,*,13,*,*,*,Male,*,>50K,2907
4,25,*,*,13,*,*,*,Female,*,>50K,2908
4,22,*,*,11,*,*,*,Male,*,>50K,2909
4,20,*,*,10,*,*,*,Male,*,>50K,2910
4,18,*,*,9,*,*,*,Male,*,>50K,2911
4,18,*,*,9,*,*,*,Male,*,>50K,2913
4,22,*,*,11,*,*,*,Male,*,>50K,2914
4,17,*,*,9,*,*,*,Female,*,>50K,2915
4,22,*,*,11,*,*,*,Male,*,>50K,2916
4,18,*,*,9,*,*,*,Male,*,>50K,2917
4,26,*,*,13,*,*,*,Male,*,>50K,2918
4,18,*,*,9,*,*,*,Male,*,>50K,2919
4,26,*,*,13,*,*,*,Male,*,>50K,2920
4,12,*,*,6,*,*,*,Male,*,>50K,2922
4,19,*,*,10,*,*,*,Female,*,<=50K,2923
4,28,*,*,14,*,*,*,Male,*,<=50K,2925
4,18,*,*,9,*,*,*,Male,*,<=50K,2926
4,20,*,*,10,*,*,*,Male,*,<=50K,2927
4,22,*,*,11,*,*,*,Male,*,<=50K,2928
4,26,*,*,13,*,*,*,Male,*,<=50K,2930
4,26,*,*,13,*,*,*,Male,*,<=50K,2932
4,18,*,*,9,*,*,*,Male,*,<=50K,2933
4,18,*,*,9,*,*,*,Male,*,<=50K,2934
4,20,*,*,10,*,*,*,Male,*,<=50K,2935
4,12,*,*,6,*,*,*,Male,*,<=50K,2937
4,18,*,*,9,*,*,*,Male,*,<=50K,2939
4,20,*,*,10,*,*,*,Male,*,<=50K,2940
4,18,*,*,9,*,*,*,Male,*,<=50K,2943
4,20,*,*,10,*,*,*,Male,*,<=50K,2944
4,18,*,*,9,*,*,*,Male,*,<=50K,2946
4,20,*,*,10,*,*,*,Male,*,<=50K,2947
4,17,*,*,9,*,*,*,Female,*,<=50K,2948
4,18,*,*,9,*,*,*,Male,*,<=50K,2949
4,28,*,*,14,*,*,*,Male,*,<=50K,2950
4,18,*,*,9,*,*,*,Male,*,<=50K,2951
4,26,*,*,13,*,*,*,Male,*,<=50K,2952
4,20,*,*,10,*,*,*,Male,*,<=50K,2953
4,26,*,*,13,*,*,*,Male,*,<=50K,2954
4,26,*,*,13,*,*,*,Male,*,<=50K,2955
4,12,*,*,6,*,*,*,Male,*,<=50K,2956
4,26,*,*,13,*,*,*,Male,*,<=50K,2957
4,22,*,*,11,*,*,*,Male,*,<=50K,2958
4,7,*,*,4,*,*,*,Female,*,<=50K,2959
4,26,*,*,13,*,*,*,Male,*,<=50K,2960
4,19,*,*,10,*,*,*,Female,*,<=50K,2962
4,20,*,*,10,*,*,*,Male,*,<=50K,2964
4,18,*,*,9,*,*,*,Male,*,<=50K,2966
4,18,*,*,9,*,*,*,Male,*,<=50K,2967
4,26,*,*,13,*,*,*,Male,*,<=50K,2969
4,18,*,*,9,*,*,*,Male,*,<=50K,2971
4,22,*,*,11,*,*,*,Male,*,<=50K,2972
4,18,*,*,9,*,*,*,Male,*,<=50K,2973
4,18,*,*,9,*,*,*,Male,*,<=50K,2975
4,25,*,*,13,*,*,*,Female,*,<=50K,2976
4,28,*,*,14,*,*,*,Male,*,<=50K,2977
4,25,*,*,13,*,*,*,Female,*,<=50K,2978
4,18,*,*,9,*,*,*,Male,*,<=50K,2979
4,18,*,*,9,*,*,*,Male,*,<=50K,2980
4,18,*,*,9,*,*,*,Male,*,<=50K,2981
4,20,*,*,10,*,*,*,Male,*,<=50K,2983
4,18,*,*,9,*,*,*,Male,*,<=50K,2984
4,28,*,*,14,*,*,*,Male,*,<=50K,2986
4,19,*,*,10,*,*,*,Female,*,<=50K,2988
4,20,*,*,10,*,*,*,Male,*,<=50K,2990
4,18,*,*,9,*,*,*,Male,*,<=50K,2992
4,25,*,*,13,*,*,*,Female,*,>50K,2993
4,20,*,*,10,*,*,*,Male,*,>50K,2994
4,25,*,*,13,*,*,*,Female,*,>50K,2995
4,18,*,*,9,*,*,*,Male,*,>50K,2997
4,20,*,*,10,*,*,*,Male,*,>50K,2998
4,32,*,*,16,*,*,*,Male,*,<=50K,3000
4,17,*,*,9,*,*,*,Female,*,<=50K,3001
4,28,*,*,14,*,*,*,Male,*,<=50K,3002
4,17,*,*,9,*,*,*,Female,*,<=50K,3003
4,25,*,*,13,*,*,*,Female,*,<=50K,3004
4,26,*,*,13,*,*,*,Male,*,<=50K,3005
4,18,*,*,9,*,*,*,Male,*,<=50K,3006
4,26,*,*,13,*,*,*,Male,*,<=50K,3007
4,25,*,*,13,*,*,*,Female,*,<=50K,3009
4,19,*,*,10,*,*,*,Female,*,<=50K,3010
4,25,*,*,13,*,*,*,Female,*,<=50K,3012
4,8,*,*,4,*,*,*,Male,*,<=50K,3013
4,27,*,*,14,*,*,*,Female,*,<=50K,3014
4,21,*,*,11,*,*,*,Female,*,<=50K,3015
4,27,*,*,14,*,*,*,Female,*,>50K,3017
4,31,*,*,16,*,*,*,Female,*,>50K,3018
4,31,*,*,16,*,*,*,Female,*,>50K,3019
4,20,*,*,10,*,*,*,Male,*,>50K,3020
4,17,*,*,9,*,*,*,Female,*,>50K,3021
4,18,*,*,9,*,*,*,Male,*,>50K,3022
4,32,*,*,16,*,*,*,Male,*,>50K,3023
4,27,*,*,14,*,*,*,Female,*,>50K,3024
4,26,*,*,13,*,*,*,Male,*,>50K,3025
4,25,*,*,13,*,*,*,Female,*,>50K,3026
4,26,*,*,13,*,*,*,Male,*,>50K,3027
4,18,*,*,9,*,*,*,Male,*,>50K,3028
4,26,*,*,13,*,*,*,Male,*,>50K,3031
4,20,*,*,10,*,*,*,Male,*,>50K,3032
4,28,*,*,14,*,*,*,Male,*,>50K,3034
4,18,*,*,9,*,*,*,Male,*,>50K,3036
4,27,*,*,14,*,*,*,Female,*,>50K,3037
4,25,*,*,13,*,*,*,Female,*,>50K,3039
4,27,*,*,14,*,*,*,Female,*,>50K,3040
4,17,*,*,9,*,*,*,Female,*,>50K,3041
4,26,*,*,13,*,*,*,Male,*,<=50K,3042
4,18,*,*,9,*,*,*,Male,*,<=50K,3044
4,10,*,*,5,*,*,*,Male,*,<=50K,3045
4,16,*,*,8,*,*,*,Male,*,<=50K,3046
4,28,*,*,14,*,*,*,Male,*,<=50K,3047
4,27,*,*,14,*,*,*,Female,*,<=50K,3049
4,18,*,*,9,*,*,*,Male,*,<=50K,3050
4,16,*,*,8,*,*,*,Male,*,<=50K,3051
4,18,*,*,9,*,*,*,Male,*,<=50K,3053
4,27,*,*,14,*,*,*,Female,*,<=50K,3054
4,22,*,*,11,*,*,*,Male,*,<=50K,3055
4,17,*,*,9,*,*,*,Female,*,<=50K,3057
4,26,*,*,13,*,*,*,Male,*,<=50K,3058
4,26,*,*,13,*,*,*,Male,*,<=50K,3059
4,20,*,*,10,*,*,*,Male,*,<=50K,3060
4,25,*,*,13,*,*,*,Female,*,<=50K,3061
4,20,*,*,10,*,*,*,Male,*,<=50K,3062
4,27,*,*,14,*,*,*,Female,*,<=50K,3063
4,18,*,*,9,*,*,*,Male,*,<=50K,3064
4,21,*,*,11,*,*,*,Female,*,<=50K,3065
4,18,*,*,9,*,*,*,Male,*,<=50K,3066
4,19,*,*,10,*,*,*,Female,*,<=50K,3068
4,20,*,*,10,*,*,*,Male,*,<=50K,3069
4,18,*,*,9,*,*,*,Male,*,<=50K,3070
4,19,*,*,10,*,*,*,Female,*,<=50K,3071
4,25,*,*,13,*,*,*,Female,*,<=50K,3072
4,26,*,*,13,*,*,*,Male,*,<=50K,3074
4,20,*,*,10,*,*,*,Male,*,<=50K,3075
4,18,*,*,9,*,*,*,Male,*,<=50K,3077
4,20,*,*,10,*,*,*,Male,*,<=50K,3079
4,22,*,*,11,*,*,*,Male,*,<=50K,3081
4,26,*,*,13,*,*,*,Male,*,<=50K,3082
4,1,*,*,1,*,*,*,Female,*,<=50K,3083
4,14,*,*,7,*,*,*,Male,*,<=50K,3084
4,18,*,*,9,*,*,*,Male,*,<=50K,3085
4,26,*,*,13,*,*,*,Male,*,<=50K,3087
4,8,*,*,4,*,*,*,Male,*,<=50K,3088
4,10,*,*,5,*,*,*,Male,*,<=50K,3089
4,18,*,*,9,*,*,*,Male,*,<=50K,3091
4,26,*,*,13,*,*,*,Male,*,<=50K,3092
4,18,*,*,9,*,*,*,Male,*,<=50K,3094
4,18,*,*,9,*,*,*,Male,*,<=50K,3095
4,18,*,*,9,*,*,*,Male,*,<=50K,3098
4,18,*,*,9,*,*,*,Male,*,<=50K,3099
4,18,*,*,9,*,*,*,Male,*,<=50K,3101
4,18,*,*,9,*,*,*,Male,*,<=50K,3104
4,18,*,*,9,*,*,*,Male,*,>50K,3105
4,22,*,*,11,*,*,*,Male,*,<=50K,3106
4,19,*,*,10,*,*,*,Female,*,>50K,3107
4,22,*,*,11,*,*,*,Male,*,>50K,3110
4,8,*,*,4,*,*,*,Male,*,>50K,3111
4,18,*,*,9,*,*,*,Male,*,>50K,3112
4,18,*,*,9,*,*,*,Male,*,>50K,3113
4,18,*,*,9,*,*,*,Male,*,>50K,3114
4,18,*,*,9,*,*,*,Male,*,>50K,3115
4,28,*,*,14,*,*,*,Male,*,>50K,3119
4,12,*,*,6,*,*,*,Male,*,<=50K,3120
4,18,*,*,9,*,*,*,Male,*,>50K,3122
4,26,*,*,13,*,*,*,Male,*,>50K,3123
4,18,*,*,9,*,*,*,Male,*,>50K,3124
4,26,*,*,13,*,*,*,Male,*,>50K,3125
4,28,*,*,14,*,*,*,Male,*,>50K,3126
4,17,*,*,9,*,*,*,Female,*,>50K,3127
4,24,*,*,12,*,*,*,Male,*,>50K,3128
4,32,*,*,16,*,*,*,Male,*,>50K,3129
4,14,*,*,7,*,*,*,Male,*,>50K,3131
4,18,*,*,9,*,*,*,Male,*,>50K,3133
4,18,*,*,9,*,*,*,Male,*,<=50K,3135
4,22,*,*,11,*,*,*,Male,*,>50K,3136
4,26,*,*,13,*,*,*,Male,*,>50K,3137
4,18,*,*,9,*,*,*,Male,*,>50K,3138
4,24,*,*,12,*,*,*,Male,*,>50K,3139
4,28,*,*,14,*,*,*,Male,*,<=50K,3140
4,20,*,*,10,*,*,*,Male,*,>50K,3142
4,22,*,*,11,*,*,*,Male,*,>50K,3143
4,17,*,*,9,*,*,*,Female,*,>50K,3145
4,20,*,*,10,*,*,*,Male,*,>50K,3146
4,18,*,*,9,*,*,*,Male,*,>50K,3148
4,20,*,*,10,*,*,*,Male,*,>50K,3149
4,20,*,*,10,*,*,*,Male,*,<=50K,3150
4,18,*,*,9,*,*,*,Male,*,>50K,3152
4,18,*,*,9,*,*,*,Male,*,>50K,3153
4,19,*,*,10,*,*,*,Female,*,<=50K,3154
4,20,*,*,10,*,*,*,Male,*,<=50K,3155
4,20,*,*,10,*,*,*,Male,*,>50K,3156
4,26,*,*,13,*,*,*,Male,*,>50K,3158
4,22,*,*,11,*,*,*,Male,*,>50K,3159
4,28,*,*,14,*,*,*,Male,*,>50K,3160
4,18,*,*,9,*,*,*,Male,*,<=50K,3161
4,20,*,*,10,*,*,*,Male,*,<=50K,3162
4,18,*,*,9,*,*,*,Male,*,<=50K,3163
4,20,*,*,10,*,*,*,Male,*,>50K,3164
4,18,*,*,9,*,*,*,Male,*,>50K,3165
4,22,*,*,11,*,*,*,Male,*,>50K,3166
4,22,*,*,11,*,*,*,Male,*,>50K,3167
4,20,*,*,10,*,*,*,Male,*,>50K,3168
4,22,*,*,11,*,*,*,Male,*,>50K,3169
4,20,*,*,10,*,*,*,Male,*,>50K,3170
4,18,*,*,9,*,*,*,Male,*,<=50K,3171
4,19,*,*,10,*,*,*,Female,*,<=50K,3172
4,19,*,*,10,*,*,*,Female,*,<=50K,3173
4,20,*,*,10,*,*,*,Male,*,<=50K,3175
4,17,*,*,9,*,*,*,Female,*,<=50K,3176
4,26,*,*,13,*,*,*,Male,*,<=50K,3177
4,17,*,*,9,*,*,*,Female,*,<=50K,3178
4,19,*,*,10,*,*,*,Female,*,<=50K,3179
4,17,*,*,9,*,*,*,Female,*,<=50K,3180
4,26,*,*,13,*,*,*,Male,*,<=50K,3181
4,18,*,*,9,*,*,*,Male,*,<=50K,3182
4,25,*,*,13,*,*,*,Female,*,<=50K,3183
4,21,*,*,11,*,*,*,Female,*,<=50K,3184
4,18,*,*,9,*,*,*,Male,*,<=50K,3185
4,20,*,*,10,*,*,*,Male,*,<=50K,3186
4,25,*,*,13,*,*,*,Female,*,<=50K,3187
4,18,*,*,9,*,*,*,Male,*,<=50K,3189
4,19,*,*,10,*,*,*,Female,*,<=50K,3190
4,32,*,*,16,*,*,*,Male,*,<=50K,3192
4,19,*,*,10,*,*,*,Female,*,<=50K,3193
4,18,*,*,9,*,*,*,Male,*,<=50K,3194
4,26,*,*,13,*,*,*,Male,*,<=50K,3195
4,17,*,*,9,*,*,*,Female,*,<=50K,3197
4,18,*,*,9,*,*,*,Male,*,<=50K,3198
4,20,*,*,10,*,*,*,Male,*,<=50K,3199
4,26,*,*,13,*,*,*,Male,*,<=50K,3200
4,12,*,*,6,*,*,*,Male,*,<=50K,3201
4,18,*,*,9,*,*,*,Male,*,<=50K,3202
4,20,*,*,10,*,*,*,Male,*,<=50K,3203
4,18,*,*,9,*,*,*,Male,*,<=50K,3204
4,26,*,*,13,*,*,*,Male,*,<=50K,3205
4,8,*,*,4,*,*,*,Male,*,<=50K,3206
4,6,*,*,3,*,*,*,Male,*,<=50K,3207
4,20,*,*,10,*,*,*,Male,*,<=50K,3208
4,20,*,*,10,*,*,*,Male,*,<=50K,3209
4,18,*,*,9,*,*,*,Male,*,<=50K,3210
4,24,*,*,12,*,*,*,Male,*,<=50K,3211
4,20,*,*,10,*,*,*,Male,*,<=50K,3212
4,18,*,*,9,*,*,*,Male,*,<=50K,3214
4,18,*,*,9,*,*,*,Male,*,<=50K,3217
4,18,*,*,9,*,*,*,Male,*,<=50K,3218
4,18,*,*,9,*,*,*,Male,*,<=50K,3219
4,22,*,*,11,*,*,*,Male,*,<=50K,3220
4,18,*,*,9,*,*,*,Male,*,<=50K,3221
4,20,*,*,10,*,*,*,Male,*,<=50K,3222
4,22,*,*,11,*,*,*,Male,*,<=50K,3224
4,18,*,*,9,*,*,*,Male,*,<=50K,3226
4,18,*,*,9,*,*,*,Male,*,<=50K,3227
4,18,*,*,9,*,*,*,Male,*,<=50K,3228
4,18,*,*,9,*,*,*,Male,*,<=50K,3229
4,20,*,*,10,*,*,*,Male,*,<=50K,3230
4,16,*,*,8,*,*,*,Male,*,<=50K,3231
4,14,*,*,7,*,*,*,Male,*,<=50K,3232
4,23,*,*,12,*,*,*,Female,*,<=50K,3233
4,18,*,*,9,*,*,*,Male,*,<=50K,3234
4,12,*,*,6,*,*,*,Male,*,<=50K,3237
4,8,*,*,4,*,*,*,Male,*,<=50K,3238
4,18,*,*,9,*,*,*,Male,*,<=50K,3239
4,17,*,*,9,*,*,*,Female,*,<=50K,3240
4,14,*,*,7,*,*,*,Male,*,<=50K,3241
4,22,*,*,11,*,*,*,Male,*,<=50K,3242
4,18,*,*,9,*,*,*,Male,*,<=50K,3244
4,13,*,*,7,*,*,*,Female,*,<=50K,3246
4,26,*,*,13,*,*,*,Male,*,<=50K,3248
4,18,*,*,9,*,*,*,Male,*,<=50K,3249
4,18,*,*,9,*,*,*,Male,*,<=50K,3250
4,17,*,*,9,*,*,*,Female,*,<=50K,3252
4,20,*,*,10,*,*,*,Male,*,<=50K,3253
4,26,*,*,13,*,*,*,Male,*,<=50K,3254
4,22,*,*,11,*,*,*,Male,*,<=50K,3255
4,8,*,*,4,*,*,*,Male,*,<=50K,3256
4,17,*,*,9,*,*,*,Female,*,<=50K,3257
4,28,*,*,14,*,*,*,Male,*,<=50K,3258
4,17,*,*,9,*,*,*,Female,*,<=50K,3259
4,20,*,*,10,*,*,*,Male,*,<=50K,3260
4,19,*,*,10,*,*,*,Female,*,<=50K,3261
4,18,*,*,9,*,*,*,Male,*,<=50K,3264
4,22,*,*,11,*,*,*,Male,*,<=50K,3267
4,26,*,*,13,*,*,*,Male,*,<=50K,3268
4,20,*,*,10,*,*,*,Male,*,<=50K,3269
4,20,*,*,10,*,*,*,Male,*,<=50K,3270
4,22,*,*,11,*,*,*,Male,*,<=50K,3271
4,18,*,*,9,*,*,*,Male,*,<=50K,3272
4,17,*,*,9,*,*,*,Female,*,<=50K,3273
4,17,*,*,9,*,*,*,Female,*,<=50K,3274
4,19,*,*,10,*,*,*,Female,*,<=50K,3276
4,18,*,*,9,*,*,*,Male,*,<=50K,3277
4,19,*,*,10,*,*,*,Female,*,<=50K,3278
4,26,*,*,13,*,*,*,Male,*,<=50K,3279
4,24,*,*,12,*,*,*,Male,*,<=50K,3280
4,18,*,*,9,*,*,*,Male,*,<=50K,3281
4,26,*,*,13,*,*,*,Male,*,<=50K,3282
4,26,*,*,13,*,*,*,Male,*,<=50K,3283
4,10,*,*,5,*,*,*,Male,*,<=50K,3284
4,18,*,*,9,*,*,*,Male,*,<=50K,3285
4,18,*,*,9,*,*,*,Male,*,<=50K,3286
4,30,*,*,15,*,*,*,Male,*,<=50K,3287
4,10,*,*,5,*,*,*,Male,*,<=50K,3289
4,18,*,*,9,*,*,*,Male,*,<=50K,3291
4,4,*,*,2,*,*,*,Male,*,<=50K,3293
4,14,*,*,7,*,*,*,Male,*,<=50K,3294
4,19,*,*,10,*,*,*,Female,*,<=50K,3295
4,25,*,*,13,*,*,*,Female,*,<=50K,3296
4,19,*,*,10,*,*,*,Female,*,<=50K,3298
4,18,*,*,9,*,*,*,Male,*,<=50K,3299
4,26,*,*,13,*,*,*,Male,*,<=50K,3300
4,18,*,*,9,*,*,*,Male,*,<=50K,3301
4,24,*,*,12,*,*,*,Male,*,<=50K,3303
4,18,*,*,9,*,*,*,Male,*,<=50K,3304
4,18,*,*,9,*,*,*,Male,*,<=50K,3307
4,17,*,*,9,*,*,*,Female,*,<=50K,3308
4,18,*,*,9,*,*,*,Male,*,<=50K,3309
4,18,*,*,9,*,*,*,Male,*,<=50K,3310
4,20,*,*,10,*,*,*,Male,*,<=50K,3312
4,12,*,*,6,*,*,*,Male,*,<=50K,3313
4,26,*,*,13,*,*,*,Male,*,<=50K,3314
4,18,*,*,9,*,*,*,Male,*,<=50K,3315
4,20,*,*,10,*,*,*,Male,*,<=50K,3316
4,18,*,*,9,*,*,*,Male,*,<=50K,3317
4,18,*,*,9,*,*,*,Male,*,<=50K,3318
4,18,*,*,9,*,*,*,Male,*,<=50K,3319
4,17,*,*,9,*,*,*,Female,*,<=50K,3321
4,17,*,*,9,*,*,*,Female,*,<=50K,3322
4,18,*,*,9,*,*,*,Male,*,<=50K,3323
4,18,*,*,9,*,*,*,Male,*,<=50K,3324
4,22,*,*,11,*,*,*,Male,*,<=50K,3325
4,18,*,*,9,*,*,*,Male,*,<=50K,3328
4,20,*,*,10,*,*,*,Male,*,<=50K,3329
4,6,*,*,3,*,*,*,Male,*,<=50K,3330
4,25,*,*,13,*,*,*,Female,*,<=50K,3333
4,20,*,*,10,*,*,*,Male,*,<=50K,3334
4,18,*,*,9,*,*,*,Male,*,<=50K,3335
4,18,*,*,9,*,*,*,Male,*,<=50K,3336
4,18,*,*,9,*,*,*,Male,*,<=50K,3337
4,11,*,*,6,*,*,*,Female,*,<=50K,3338
4,23,*,*,12,*,*,*,Female,*,<=50K,3339
4,19,*,*,10,*,*,*,Female,*,<=50K,3340
4,20,*,*,10,*,*,*,Male,*,<=50K,3341
4,22,*,*,11,*,*,*,Male,*,<=50K,3342
4,9,*,*,5,*,*,*,Female,*,<=50K,3343
4,17,*,*,9,*,*,*,Female,*,<=50K,3344
4,18,*,*,9,*,*,*,Male,*,<=50K,3345
4,26,*,*,13,*,*,*,Male,*,<=50K,3346
4,14,*,*,7,*,*,*,Male,*,<=50K,3347
4,26,*,*,13,*,*,*,Male,*,<=50K,3348
4,18,*,*,9,*,*,*,Male,*,<=50K,3349
4,8,*,*,4,*,*,*,Male,*,<=50K,3350
4,18,*,*,9,*,*,*,Male,*,<=50K,3352
4,14,*,*,7,*,*,*,Male,*,<=50K,3353
4,6,*,*,3,*,*,*,Male,*,<=50K,3355
4,10,*,*,5,*,*,*,Male,*,<=50K,3357
4,18,*,*,9,*,*,*,Male,*,<=50K,3358
4,18,*,*,9,*,*,*,Male,*,<=50K,3359
4,18,*,*,9,*,*,*,Male,*,<=50K,3361
4,19,*,*,10,*,*,*,Female,*,<=50K,3362
4,20,*,*,10,*,*,*,Male,*,<=50K,3364
4,18,*,*,9,*,*,*,Male,*,<=50K,3365
4,18,*,*,9,*,*,*,Male,*,<=50K,3366
4,18,*,*,9,*,*,*,Male,*,<=50K,3367
4,19,*,*,10,*,*,*,Female,*,<=50K,3368
4,26,*,*,13,*,*,*,Male,*,<=50K,3369
4,18,*,*,9,*,*,*,Male,*,<=50K,3370
4,20,*,*,10,*,*,*,Male,*,<=50K,3371
4,18,*,*,9,*,*,*,Male,*,<=50K,3372
4,17,*,*,9,*,*,*,Female,*,<=50K,3374
4,20,*,*,10,*,*,*,Male,*,<=50K,3375
4,26,*,*,13,*,*,*,Male,*,<=50K,3376
4,20,*,*,10,*,*,*,Male,*,<=50K,3378
4,26,*,*,13,*,*,*,Male,*,<=50K,3379
4,30,*,*,15,*,*,*,Male,*,<=50K,3382
4,26,*,*,13,*,*,*,Male,*,<=50K,3383
4,25,*,*,13,*,*,*,Female,*,<=50K,3384
4,20,*,*,10,*,*,*,Male,*,<=50K,3385
4,18,*,*,9,*,*,*,Male,*,<=50K,3387
4,19,*,*,10,*,*,*,Female,*,<=50K,3388
4,20,*,*,10,*,*,*,Male,*,<=50K,3389
4,27,*,*,14,*,*,*,Female,*,<=50K,3390
4,18,*,*,9,*,*,*,Male,*,<=50K,3391
4,18,*,*,9,*,*,*,Male,*,<=50K,3392
4,21,*,*,11,*,*,*,Female,*,<=50K,3393
4,22,*,*,11,*,*,*,Male,*,<=50K,3394
4,19,*,*,10,*,*,*,Female,*,<=50K,3396
4,26,*,*,13,*,*,*,Male,*,<=50K,3397
4,26,*,*,13,*,*,*,Male,*,<=50K,3398
4,25,*,*,13,*,*,*,Female,*,<=50K,3399
4,25,*,*,13,*,*,*,Female,*,<=50K,3400
4,18,*,*,9,*,*,*,Male,*,<=50K,3402
4,19,*,*,10,*,*,*,Female,*,<=50K,3403
4,18,*,*,9,*,*,*,Male,*,<=50K,3404
4,25,*,*,13,*,*,*,Female,*,<=50K,3405
4,20,*,*,10,*,*,*,Male,*,<=50K,3406
4,25,*,*,13,*,*,*,Female,*,<=50K,3407
4,25,*,*,13,*,*,*,Female,*,<=50K,3409
4,18,*,*,9,*,*,*,Male,*,<=50K,3411
4,18,*,*,9,*,*,*,Male,*,<=50K,3412
4,21,*,*,11,*,*,*,Female,*,<=50K,3413
4,20,*,*,10,*,*,*,Male,*,<=50K,3414
4,17,*,*,9,*,*,*,Female,*,<=50K,3415
4,21,*,*,11,*,*,*,Female,*,<=50K,3416
4,31,*,*,16,*,*,*,Female,*,<=50K,3417
4,19,*,*,10,*,*,*,Female,*,<=50K,3418
4,27,*,*,14,*,*,*,Female,*,<=50K,3419
4,12,*,*,6,*,*,*,Male,*,<=50K,3420
4,20,*,*,10,*,*,*,Male,*,<=50K,3421
4,10,*,*,5,*,*,*,Male,*,<=50K,3422
4,20,*,*,10,*,*,*,Male,*,<=50K,3423
4,18,*,*,9,*,*,*,Male,*,<=50K,3425
4,26,*,*,13,*,*,*,Male,*,<=50K,3427
4,18,*,*,9,*,*,*,Male,*,<=50K,3428
4,26,*,*,13,*,*,*,Male,*,<=50K,3429
4,18,*,*,9,*,*,*,Male,*,<=50K,3430
4,20,*,*,10,*,*,*,Male,*,<=50K,3431
4,18,*,*,9,*,*,*,Male,*,<=50K,3433
4,21,*,*,11,*,*,*,Female,*,<=50K,3434
4,18,*,*,9,*,*,*,Male,*,<=50K,3435
4,20,*,*,10,*,*,*,Male,*,<=50K,3438
4,18,*,*,9,*,*,*,Male,*,<=50K,3439
4,17,*,*,9,*,*,*,Female,*,<=50K,3440
4,18,*,*,9,*,*,*,Male,*,<=50K,3441
4,18,*,*,9,*,*,*,Male,*,<=50K,3442
4,18,*,*,9,*,*,*,Male,*,<=50K,3445
4,26,*,*,13,*,*,*,Male,*,<=50K,3446
4,20,*,*,10,*,*,*,Male,*,<=50K,3448
4,20,*,*,10,*,*,*,Male,*,<=50K,3450
4,20,*,*,10,*,*,*,Male,*,<=50K,3452
4,18,*,*,9,*,*,*,Male,*,<=50K,3455
4,26,*,*,13,*,*,*,Male,*,>50K,3457
4,14,*,*,7,*,*,*,Male,*,>50K,3458
4,18,*,*,9,*,*,*,Male,*,>50K,3459
4,26,*,*,13,*,*,*,Male,*,>50K,3460
4,20,*,*,10,*,*,*,Male,*,>50K,3461
4,22,*,*,11,*,*,*,Male,*,>50K,3462
4,18,*,*,9,*,*,*,Male,*,>50K,3464
4,18,*,*,9,*,*,*,Male,*,>50K,3465
4,18,*,*,9,*,*,*,Male,*,>50K,3466
4,26,*,*,13,*,*,*,Male,*,>50K,3467
4,20,*,*,10,*,*,*,Male,*,>50K,3468
4,18,*,*,9,*,*,*,Male,*,>50K,3469
4,18,*,*,9,*,*,*,Male,*,>50K,3470
4,20,*,*,10,*,*,*,Male,*,>50K,3472
4,24,*,*,12,*,*,*,Male,*,>50K,3473
4,18,*,*,9,*,*,*,Male,*,>50K,3475
4,18,*,*,9,*,*,*,Male,*,>50K,3477
4,26,*,*,13,*,*,*,Male,*,>50K,3478
4,26,*,*,13,*,*,*,Male,*,>50K,3479
4,26,*,*,13,*,*,*,Male,*,>50K,3480
4,22,*,*,11,*,*,*,Male,*,>50K,3481
4,26,*,*,13,*,*,*,Male,*,>50K,3482
4,20,*,*,10,*,*,*,Male,*,>50K,3483
4,21,*,*,11,*,*,*,Female,*,>50K,3485
4,20,*,*,10,*,*,*,Male,*,>50K,3486
4,26,*,*,13,*,*,*,Male,*,>50K,3487
4,26,*,*,13,*,*,*,Male,*,>50K,3488
4,29,*,*,15,*,*,*,Female,*,>50K,3489
4,26,*,*,13,*,*,*,Male,*,>50K,3492
4,32,*,*,16,*,*,*,Male,*,>50K,3493
4,27,*,*,14,*,*,*,Female,*,>50K,3494
4,22,*,*,11,*,*,*,Male,*,>50K,3496
4,18,*,*,9,*,*,*,Male,*,>50K,3497
4,24,*,*,12,*,*,*,Male,*,>50K,3499
4,20,*,*,10,*,*,*,Male,*,>50K,3500
4,28,*,*,14,*,*,*,Male,*,<=50K,3502
4,12,*,*,6,*,*,*,Male,*,>50K,3503
4,20,*,*,10,*,*,*,Male,*,>50K,3505
4,20,*,*,10,*,*,*,Male,*,>50K,3506
4,18,*,*,9,*,*,*,Male,*,>50K,3509
4,20,*,*,10,*,*,*,Male,*,>50K,3510
4,18,*,*,9,*,*,*,Male,*,>50K,3511
4,26,*,*,13,*,*,*,Male,*,>50K,3512
4,26,*,*,13,*,*,*,Male,*,>50K,3513
4,26,*,*,13,*,*,*,Male,*,>50K,3515
4,18,*,*,9,*,*,*,Male,*,<=50K,3518
4,18,*,*,9,*,*,*,Male,*,>50K,3519
4,20,*,*,10,*,*,*,Male,*,>50K,3520
4,22,*,*,11,*,*,*,Male,*,<=50K,3521
4,20,*,*,10,*,*,*,Male,*,>50K,3522
4,24,*,*,12,*,*,*,Male,*,>50K,3523
4,28,*,*,14,*,*,*,Male,*,>50K,3524
4,18,*,*,9,*,*,*,Male,*,>50K,3525
4,18,*,*,9,*,*,*,Male,*,>50K,3526
4,20,*,*,10,*,*,*,Male,*,>50K,3527
4,15,*,*,8,*,*,*,Female,*,>50K,3529
4,20,*,*,10,*,*,*,Male,*,<=50K,3530
4,26,*,*,13,*,*,*,Male,*,>50K,3531
4,17,*,*,9,*,*,*,Female,*,<=50K,3532
4,17,*,*,9,*,*,*,Female,*,>50K,3533
4,28,*,*,14,*,*,*,Male,*,>50K,3534
4,18,*,*,9,*,*,*,Male,*,>50K,3537
4,17,*,*,9,*,*,*,Female,*,>50K,3538
4,26,*,*,13,*,*,*,Male,*,>50K,3539
4,26,*,*,13,*,*,*,Male,*,>50K,3540
4,25,*,*,13,*,*,*,Female,*,>50K,3541
4,20,*,*,10,*,*,*,Male,*,>50K,3543
4,18,*,*,9,*,*,*,Male,*,>50K,3544
4,26,*,*,13,*,*,*,Male,*,>50K,3545
4,28,*,*,14,*,*,*,Male,*,>50K,3546
4,27,*,*,14,*,*,*,Female,*,>50K,3547
4,26,*,*,13,*,*,*,Male,*,>50K,3548
4,20,*,*,10,*,*,*,Male,*,>50K,3550
4,10,*,*,5,*,*,*,Male,*,<=50K,3551
4,19,*,*,10,*,*,*,Female,*,<=50K,3552
4,25,*,*,13,*,*,*,Female,*,<=50K,3553
4,7,*,*,4,*,*,*,Female,*,<=50K,3556
4,18,*,*,9,*,*,*,Male,*,<=50K,3557
4,25,*,*,13,*,*,*,Female,*,<=50K,3559
4,17,*,*,9,*,*,*,Female,*,<=50K,3560
4,23,*,*,12,*,*,*,Female,*,<=50K,3562
4,7,*,*,4,*,*,*,Female,*,<=50K,3563
4,7,*,*,4,*,*,*,Female,*,<=50K,3564
4,18,*,*,9,*,*,*,Male,*,<=50K,3565
4,8,*,*,4,*,*,*,Male,*,<=50K,3566
4,14,*,*,7,*,*,*,Male,*,<=50K,3567
4,28,*,*,14,*,*,*,Male,*,<=50K,3568
4,8,*,*,4,*,*,*,Male,*,<=50K,3570
4,20,*,*,10,*,*,*,Male,*,<=50K,3571
4,17,*,*,9,*,*,*,Female,*,<=50K,3574
4,18,*,*,9,*,*,*,Male,*,<=50K,3577
4,18,*,*,9,*,*,*,Male,*,<=50K,3578
4,10,*,*,5,*,*,*,Male,*,<=50K,3579
4,20,*,*,10,*,*,*,Male,*,<=50K,3580
4,25,*,*,13,*,*,*,Female,*,<=50K,3581
4,18,*,*,9,*,*,*,Male,*,<=50K,3582
4,18,*,*,9,*,*,*,Male,*,<=50K,3583
4,18,*,*,9,*,*,*,Male,*,<=50K,3584
4,18,*,*,9,*,*,*,Male,*,<=50K,3585
4,18,*,*,9,*,*,*,Male,*,<=50K,3586
4,18,*,*,9,*,*,*,Male,*,<=50K,3587
4,32,*,*,16,*,*,*,Male,*,<=50K,3588
4,25,*,*,13,*,*,*,Female,*,<=50K,3590
4,18,*,*,9,*,*,*,Male,*,<=50K,3591
4,18,*,*,9,*,*,*,Male,*,<=50K,3592
4,26,*,*,13,*,*,*,Male,*,<=50K,3593
4,18,*,*,9,*,*,*,Male,*,<=50K,3594
4,8,*,*,4,*,*,*,Male,*,<=50K,3595
4,20,*,*,10,*,*,*,Male,*,<=50K,3596
4,18,*,*,9,*,*,*,Male,*,<=50K,3598
4,22,*,*,11,*,*,*,Male,*,<=50K,3599
4,10,*,*,5,*,*,*,Male,*,<=50K,3601
4,18,*,*,9,*,*,*,Male,*,<=50K,3602
4,20,*,*,10,*,*,*,Male,*,<=50K,3603
4,20,*,*,10,*,*,*,Male,*,<=50K,3605
4,20,*,*,10,*,*,*,Male,*,<=50K,3608
4,24,*,*,12,*,*,*,Male,*,<=50K,3609
4,18,*,*,9,*,*,*,Male,*,<=50K,3610
4,18,*,*,9,*,*,*,Male,*,<=50K,3611
4,18,*,*,9,*,*,*,Male,*,<=50K,3612
4,26,*,*,13,*,*,*,Male,*,<=50K,3613
4,17,*,*,9,*,*,*,Female,*,<=50K,3614
4,18,*,*,9,*,*,*,Male,*,<=50K,3617
4,20,*,*,10,*,*,*,Male,*,<=50K,3619
4,18,*,*,9,*,*,*,Male,*,<=50K,3620
4,18,*,*,9,*,*,*,Male,*,<=50K,3621
4,20,*,*,10,*,*,*,Male,*,<=50K,3623
4,22,*,*,11,*,*,*,Male,*,<=50K,3624
4,12,*,*,6,*,*,*,Male,*,<=50K,3625
4,18,*,*,9,*,*,*,Male,*,<=50K,3627
4,20,*,*,10,*,*,*,Male,*,<=50K,3628
4,13,*,*,7,*,*,*,Female,*,<=50K,3629
4,8,*,*,4,*,*,*,Male,*,<=50K,3630
4,18,*,*,9,*,*,*,Male,*,<=50K,3631
4,26,*,*,13,*,*,*,Male,*,<=50K,3632
4,9,*,*,5,*,*,*,Female,*,<=50K,3633
4,20,*,*,10,*,*,*,Male,*,<=50K,3634
4,18,*,*,9,*,*,*,Male,*,<=50K,3635
4,8,*,*,4,*,*,*,Male,*,<=50K,3636
4,8,*,*,4,*,*,*,Male,*,<=50K,3637
4,14,*,*,7,*,*,*,Male,*,<=50K,3639
4,18,*,*,9,*,*,*,Male,*,<=50K,3640
4,11,*,*,6,*,*,*,Female,*,<=50K,3641
4,18,*,*,9,*,*,*,Male,*,<=50K,3642
4,12,*,*,6,*,*,*,Male,*,<=50K,3643
4,18,*,*,9,*,*,*,Male,*,<=50K,3644
4,18,*,*,9,*,*,*,Male,*,<=50K,3645
4,10,*,*,5,*,*,*,Male,*,<=50K,3646
4,17,*,*,9,*,*,*,Female,*,<=50K,3647
4,20,*,*,10,*,*,*,Male,*,<=50K,3648
4,18,*,*,9,*,*,*,Male,*,<=50K,3649
4,27,*,*,14,*,*,*,Female,*,<=50K,3652
4,17,*,*,9,*,*,*,Female,*,<=50K,3653
4,20,*,*,10,*,*,*,Male,*,<=50K,3654
4,17,*,*,9,*,*,*,Female,*,<=50K,3656
4,24,*,*,12,*,*,*,Male,*,<=50K,3657
4,17,*,*,9,*,*,*,Female,*,<=50K,3658
4,20,*,*,10,*,*,*,Male,*,<=50K,3659
4,25,*,*,13,*,*,*,Female,*,<=50K,3660
4,19,*,*,10,*,*,*,Female,*,<=50K,3661
4,18,*,*,9,*,*,*,Male,*,<=50K,3662
4,18,*,*,9,*,*,*,Male,*,<=50K,3663
4,23,*,*,12,*,*,*,Female,*,<=50K,3664
4,20,*,*,10,*,*,*,Male,*,<=50K,3665
4,12,*,*,6,*,*,*,Male,*,<=50K,3666
4,20,*,*,10,*,*,*,Male,*,<=50K,3667
4,8,*,*,4,*,*,*,Male,*,<=50K,3668
4,8,*,*,4,*,*,*,Male,*,<=50K,3670
4,18,*,*,9,*,*,*,Male,*,<=50K,3671
4,8,*,*,4,*,*,*,Male,*,<=50K,3672
4,18,*,*,9,*,*,*,Male,*,<=50K,3674
4,6,*,*,3,*,*,*,Male,*,<=50K,3676
4,20,*,*,10,*,*,*,Male,*,<=50K,3677
4,18,*,*,9,*,*,*,Male,*,<=50K,3679
4,17,*,*,9,*,*,*,Female,*,<=50K,3682
4,26,*,*,13,*,*,*,Male,*,<=50K,3683
4,20,*,*,10,*,*,*,Male,*,<=50K,3684
4,18,*,*,9,*,*,*,Male,*,<=50K,3685
4,14,*,*,7,*,*,*,Male,*,<=50K,3687
4,21,*,*,11,*,*,*,Female,*,<=50K,3688
4,26,*,*,13,*,*,*,Male,*,<=50K,3689
4,22,*,*,11,*,*,*,Male,*,<=50K,3690
4,17,*,*,9,*,*,*,Female,*,<=50K,3691
4,12,*,*,6,*,*,*,Male,*,<=50K,3692
4,18,*,*,9,*,*,*,Male,*,<=50K,3694
4,12,*,*,6,*,*,*,Male,*,<=50K,3696
4,26,*,*,13,*,*,*,Male,*,<=50K,3697
4,28,*,*,14,*,*,*,Male,*,<=50K,3698
4,14,*,*,7,*,*,*,Male,*,<=50K,3700
4,18,*,*,9,*,*,*,Male,*,<=50K,3703
4,22,*,*,11,*,*,*,Male,*,<=50K,3705
4,16,*,*,8,*,*,*,Male,*,<=50K,3706
4,24,*,*,12,*,*,*,Male,*,<=50K,3708
4,20,*,*,10,*,*,*,Male,*,<=50K,3709
4,20,*,*,10,*,*,*,Male,*,<=50K,3711
4,26,*,*,13,*,*,*,Male,*,<=50K,3712
4,17,*,*,9,*,*,*,Female,*,<=50K,3713
4,8,*,*,4,*,*,*,Male,*,<=50K,3714
4,17,*,*,9,*,*,*,Female,*,<=50K,3715
4,24,*,*,12,*,*,*,Male,*,<=50K,3716
4,29,*,*,15,*,*,*,Female,*,<=50K,3717
4,24,*,*,12,*,*,*,Male,*,<=50K,3718
4,27,*,*,14,*,*,*,Female,*,<=50K,3719
4,23,*,*,12,*,*,*,Female,*,<=50K,3720
4,18,*,*,9,*,*,*,Male,*,<=50K,3722
4,18,*,*,9,*,*,*,Male,*,<=50K,3723
4,18,*,*,9,*,*,*,Male,*,<=50K,3724
4,17,*,*,9,*,*,*,Female,*,<=50K,3725
4,19,*,*,10,*,*,*,Female,*,<=50K,3726
4,18,*,*,9,*,*,*,Male,*,<=50K,3727
4,25,*,*,13,*,*,*,Female,*,<=50K,3728
4,19,*,*,10,*,*,*,Female,*,<=50K,3729
4,25,*,*,13,*,*,*,Female,*,<=50K,3730
4,17,*,*,9,*,*,*,Female,*,<=50K,3731
4,17,*,*,9,*,*,*,Female,*,<=50K,3733
4,18,*,*,9,*,*,*,Male,*,<=50K,3734
4,18,*,*,9,*,*,*,Male,*,<=50K,3735
4,24,*,*,12,*,*,*,Male,*,<=50K,3736
4,20,*,*,10,*,*,*,Male,*,<=50K,3737
4,18,*,*,9,*,*,*,Male,*,<=50K,3738
4,8,*,*,4,*,*,*,Male,*,<=50K,3739
4,10,*,*,5,*,*,*,Male,*,<=50K,3740
4,28,*,*,14,*,*,*,Male,*,<=50K,3741
4,17,*,*,9,*,*,*,Female,*,<=50K,3742
4,20,*,*,10,*,*,*,Male,*,<=50K,3744
4,21,*,*,11,*,*,*,Female,*,<=50K,3745
4,22,*,*,11,*,*,*,Male,*,<=50K,3746
4,20,*,*,10,*,*,*,Male,*,<=50K,3748
4,20,*,*,10,*,*,*,Male,*,<=50K,3750
4,25,*,*,13,*,*,*,Female,*,<=50K,3751
4,19,*,*,10,*,*,*,Female,*,<=50K,3752
4,25,*,*,13,*,*,*,Female,*,<=50K,3753
4,26,*,*,13,*,*,*,Male,*,<=50K,3754
4,26,*,*,13,*,*,*,Male,*,<=50K,3755
4,26,*,*,13,*,*,*,Male,*,<=50K,3756
4,14,*,*,7,*,*,*,Male,*,<=50K,3757
4,20,*,*,10,*,*,*,Male,*,<=50K,3758
4,18,*,*,9,*,*,*,Male,*,<=50K,3759
4,18,*,*,9,*,*,*,Male,*,<=50K,3760
4,19,*,*,10,*,*,*,Female,*,<=50K,3761
4,19,*,*,10,*,*,*,Female,*,<=50K,3762
4,19,*,*,10,*,*,*,Female,*,<=50K,3763
4,30,*,*,15,*,*,*,Male,*,<=50K,3764
4,18,*,*,9,*,*,*,Male,*,<=50K,3765
4,8,*,*,4,*,*,*,Male,*,<=50K,3767
4,17,*,*,9,*,*,*,Female,*,<=50K,3768
4,19,*,*,10,*,*,*,Female,*,<=50K,3769
4,5,*,*,3,*,*,*,Female,*,<=50K,3771
4,18,*,*,9,*,*,*,Male,*,<=50K,3772
4,19,*,*,10,*,*,*,Female,*,<=50K,3773
4,20,*,*,10,*,*,*,Male,*,<=50K,3774
4,20,*,*,10,*,*,*,Male,*,<=50K,3775
4,18,*,*,9,*,*,*,Male,*,<=50K,3776
4,25,*,*,13,*,*,*,Female,*,<=50K,3778
4,20,*,*,10,*,*,*,Male,*,<=50K,3779
4,21,*,*,11,*,*,*,Female,*,<=50K,3780
4,20,*,*,10,*,*,*,Male,*,<=50K,3784
4,18,*,*,9,*,*,*,Male,*,<=50K,3785
4,25,*,*,13,*,*,*,Female,*,<=50K,3786
4,19,*,*,10,*,*,*,Female,*,<=50K,3787
4,21,*,*,11,*,*,*,Female,*,<=50K,3789
4,24,*,*,12,*,*,*,Male,*,<=50K,3790
4,25,*,*,13,*,*,*,Female,*,<=50K,3791
4,20,*,*,10,*,*,*,Male,*,<=50K,3792
4,29,*,*,15,*,*,*,Female,*,<=50K,3793
4,18,*,*,9,*,*,*,Male,*,<=50K,3794
4,17,*,*,9,*,*,*,Female,*,<=50K,3795
4,17,*,*,9,*,*,*,Female,*,<=50K,3797
4,18,*,*,9,*,*,*,Male,*,<=50K,3798
4,18,*,*,9,*,*,*,Male,*,<=50K,3799
4,18,*,*,9,*,*,*,Male,*,<=50K,3800
4,17,*,*,9,*,*,*,Female,*,<=50K,3802
4,18,*,*,9,*,*,*,Male,*,<=50K,3803
4,20,*,*,10,*,*,*,Male,*,<=50K,3805
4,22,*,*,11,*,*,*,Male,*,<=50K,3807
4,21,*,*,11,*,*,*,Female,*,<=50K,3808
4,18,*,*,9,*,*,*,Male,*,<=50K,3809
4,17,*,*,9,*,*,*,Female,*,<=50K,3811
4,18,*,*,9,*,*,*,Male,*,<=50K,3812
4,19,*,*,10,*,*,*,Female,*,<=50K,3813
4,26,*,*,13,*,*,*,Male,*,<=50K,3814
4,18,*,*,9,*,*,*,Male,*,<=50K,3815
4,20,*,*,10,*,*,*,Male,*,<=50K,3816
4,19,*,*,10,*,*,*,Female,*,<=50K,3820
4,18,*,*,9,*,*,*,Male,*,<=50K,3821
4,18,*,*,9,*,*,*,Male,*,<=50K,3822
4,12,*,*,6,*,*,*,Male,*,<=50K,3823
4,18,*,*,9,*,*,*,Male,*,<=50K,3825
4,17,*,*,9,*,*,*,Female,*,<=50K,3826
4,8,*,*,4,*,*,*,Male,*,<=50K,3827
4,18,*,*,9,*,*,*,Male,*,<=50K,3828
4,24,*,*,12,*,*,*,Male,*,<=50K,3829
4,18,*,*,9,*,*,*,Male,*,<=50K,3830
4,9,*,*,5,*,*,*,Female,*,<=50K,3831
4,18,*,*,9,*,*,*,Male,*,<=50K,3833
4,19,*,*,10,*,*,*,Female,*,<=50K,3834
4,28,*,*,14,*,*,*,Male,*,<=50K,3835
4,19,*,*,10,*,*,*,Female,*,<=50K,3836
4,18,*,*,9,*,*,*,Male,*,<=50K,3837
4,17,*,*,9,*,*,*,Female,*,<=50K,3838
4,19,*,*,10,*,*,*,Female,*,<=50K,3839
4,27,*,*,14,*,*,*,Female,*,<=50K,3840
4,16,*,*,8,*,*,*,Male,*,<=50K,3841
4,17,*,*,9,*,*,*,Female,*,<=50K,3842
4,17,*,*,9,*,*,*,Female,*,<=50K,3843
4,19,*,*,10,*,*,*,Female,*,<=50K,3844
4,17,*,*,9,*,*,*,Female,*,<=50K,3845
4,17,*,*,9,*,*,*,Female,*,<=50K,3847
4,17,*,*,9,*,*,*,Female,*,<=50K,3848
4,17,*,*,9,*,*,*,Female,*,<=50K,3850
4,19,*,*,10,*,*,*,Female,*,<=50K,3851
4,19,*,*,10,*,*,*,Female,*,<=50K,3852
4,17,*,*,9,*,*,*,Female,*,<=50K,3853
4,6,*,*,3,*,*,*,Male,*,<=50K,3854
4,8,*,*,4,*,*,*,Male,*,<=50K,3855
4,6,*,*,3,*,*,*,Male,*,<=50K,3856
4,8,*,*,4,*,*,*,Male,*,<=50K,3857
4,27,*,*,14,*,*,*,Female,*,<=50K,3860
4,19,*,*,10,*,*,*,Female,*,<=50K,3861
4,19,*,*,10,*,*,*,Female,*,<=50K,3862
4,17,*,*,9,*,*,*,Female,*,<=50K,3864
4,23,*,*,12,*,*,*,Female,*,<=50K,3865
4,18,*,*,9,*,*,*,Male,*,<=50K,3866
4,17,*,*,9,*,*,*,Female,*,<=50K,3868
4,27,*,*,14,*,*,*,Female,*,<=50K,3869
4,25,*,*,13,*,*,*,Female,*,<=50K,3871
4,14,*,*,7,*,*,*,Male,*,<=50K,3872
4,27,*,*,14,*,*,*,Female,*,<=50K,3873
4,17,*,*,9,*,*,*,Female,*,<=50K,3874
4,26,*,*,13,*,*,*,Male,*,<=50K,3875
4,17,*,*,9,*,*,*,Female,*,<=50K,3876
4,15,*,*,8,*,*,*,Female,*,<=50K,3877
4,17,*,*,9,*,*,*,Female,*,<=50K,3878
4,19,*,*,10,*,*,*,Female,*,<=50K,3879
4,23,*,*,12,*,*,*,Female,*,<=50K,3880
4,26,*,*,13,*,*,*,Male,*,<=50K,3881
4,10,*,*,5,*,*,*,Male,*,<=50K,3882
4,18,*,*,9,*,*,*,Male,*,<=50K,3883
4,18,*,*,9,*,*,*,Male,*,<=50K,3884
4,18,*,*,9,*,*,*,Male,*,<=50K,3886
4,18,*,*,9,*,*,*,Male,*,<=50K,3887
4,26,*,*,13,*,*,*,Male,*,<=50K,3888
4,18,*,*,9,*,*,*,Male,*,<=50K,3889
4,17,*,*,9,*,*,*,Female,*,<=50K,3890
4,25,*,*,13,*,*,*,Female,*,<=50K,3891
4,25,*,*,13,*,*,*,Female,*,<=50K,3892
4,18,*,*,9,*,*,*,Male,*,<=50K,3893
4,20,*,*,10,*,*,*,Male,*,<=50K,3894
4,23,*,*,12,*,*,*,Female,*,<=50K,3895
4,17,*,*,9,*,*,*,Female,*,<=50K,3896
4,30,*,*,15,*,*,*,Male,*,<=50K,3897
4,10,*,*,5,*,*,*,Male,*,<=50K,3898
4,26,*,*,13,*,*,*,Male,*,<=50K,3899
4,13,*,*,7,*,*,*,Female,*,<=50K,3900
4,18,*,*,9,*,*,*,Male,*,<=50K,3901
4,11,*,*,6,*,*,*,Female,*,<=50K,3902
4,17,*,*,9,*,*,*,Female,*,<=50K,3903
4,25,*,*,13,*,*,*,Female,*,<=50K,3904
4,14,*,*,7,*,*,*,Male,*,<=50K,3905
4,15,*,*,8,*,*,*,Female,*,<=50K,3906
4,17,*,*,9,*,*,*,Female,*,<=50K,3907
4,17,*,*,9,*,*,*,Female,*,<=50K,3908
4,14,*,*,7,*,*,*,Male,*,<=50K,3909
4,19,*,*,10,*,*,*,Female,*,<=50K,3910
4,18,*,*,9,*,*,*,Male,*,<=50K,3911
4,20,*,*,10,*,*,*,Male,*,<=50K,3915
4,13,*,*,7,*,*,*,Female,*,<=50K,3916
4,20,*,*,10,*,*,*,Male,*,<=50K,3918
4,17,*,*,9,*,*,*,Female,*,<=50K,3919
4,18,*,*,9,*,*,*,Male,*,<=50K,3921
4,18,*,*,9,*,*,*,Male,*,<=50K,3922
4,27,*,*,14,*,*,*,Female,*,<=50K,3924
4,10,*,*,5,*,*,*,Male,*,<=50K,3926
4,17,*,*,9,*,*,*,Female,*,<=50K,3927
4,19,*,*,10,*,*,*,Female,*,<=50K,3928
4,27,*,*,14,*,*,*,Female,*,<=50K,3929
4,18,*,*,9,*,*,*,Male,*,<=50K,3930
4,17,*,*,9,*,*,*,Female,*,<=50K,3931
4,10,*,*,5,*,*,*,Male,*,<=50K,3932
4,19,*,*,10,*,*,*,Female,*,<=50K,3933
4,19,*,*,10,*,*,*,Female,*,<=50K,3934
4,18,*,*,9,*,*,*,Male,*,<=50K,3935
4,14,*,*,7,*,*,*,Male,*,<=50K,3936
4,14,*,*,7,*,*,*,Male,*,<=50K,3937
4,18,*,*,9,*,*,*,Male,*,<=50K,3938
4,19,*,*,10,*,*,*,Female,*,<=50K,3939
4,21,*,*,11,*,*,*,Female,*,<=50K,3940
4,19,*,*,10,*,*,*,Female,*,<=50K,3941
4,17,*,*,9,*,*,*,Female,*,<=50K,3942
4,32,*,*,16,*,*,*,Male,*,<=50K,3943
4,19,*,*,10,*,*,*,Female,*,<=50K,3945
4,22,*,*,11,*,*,*,Male,*,<=50K,3946
4,16,*,*,8,*,*,*,Male,*,<=50K,3947
4,13,*,*,7,*,*,*,Female,*,<=50K,3948
4,20,*,*,10,*,*,*,Male,*,<=50K,3950
4,14,*,*,7,*,*,*,Male,*,<=50K,3951
4,20,*,*,10,*,*,*,Male,*,<=50K,3952
4,19,*,*,10,*,*,*,Female,*,<=50K,3953
4,16,*,*,8,*,*,*,Male,*,<=50K,3954
4,19,*,*,10,*,*,*,Female,*,<=50K,3955
4,17,*,*,9,*,*,*,Female,*,<=50K,3956
4,14,*,*,7,*,*,*,Male,*,<=50K,3957
4,18,*,*,9,*,*,*,Male,*,<=50K,3958
4,17,*,*,9,*,*,*,Female,*,<=50K,3959
4,9,*,*,5,*,*,*,Female,*,<=50K,3960
4,10,*,*,5,*,*,*,Male,*,<=50K,3962
4,26,*,*,13,*,*,*,Male,*,<=50K,3965
4,14,*,*,7,*,*,*,Male,*,<=50K,3967
4,25,*,*,13,*,*,*,Female,*,<=50K,3968
4,27,*,*,14,*,*,*,Female,*,<=50K,3969
4,9,*,*,5,*,*,*,Female,*,<=50K,3970
4,18,*,*,9,*,*,*,Male,*,>50K,3971
4,20,*,*,10,*,*,*,Male,*,>50K,3972
4,8,*,*,4,*,*,*,Male,*,<=50K,3976
4,18,*,*,9,*,*,*,Male,*,<=50K,3977
4,18,*,*,9,*,*,*,Male,*,<=50K,3978
4,14,*,*,7,*,*,*,Male,*,<=50K,3979
4,27,*,*,14,*,*,*,Female,*,>50K,3980
4,32,*,*,16,*,*,*,Male,*,>50K,3981
4,17,*,*,9,*,*,*,Female,*,<=50K,3982
4,10,*,*,5,*,*,*,Male,*,<=50K,3983
4,17,*,*,9,*,*,*,Female,*,<=50K,3984
4,26,*,*,13,*,*,*,Male,*,>50K,3985
4,18,*,*,9,*,*,*,Male,*,<=50K,3986
4,18,*,*,9,*,*,*,Male,*,<=50K,3987
4,24,*,*,12,*,*,*,Male,*,<=50K,3989
4,20,*,*,10,*,*,*,Male,*,<=50K,3990
4,20,*,*,10,*,*,*,Male,*,<=50K,3991
4,20,*,*,10,*,*,*,Male,*,<=50K,3992
4,14,*,*,7,*,*,*,Male,*,<=50K,3993
4,17,*,*,9,*,*,*,Female,*,<=50K,3995
4,24,*,*,12,*,*,*,Male,*,<=50K,3996
4,10,*,*,5,*,*,*,Male,*,<=50K,3997
4,26,*,*,13,*,*,*,Male,*,<=50K,3998
4,26,*,*,13,*,*,*,Male,*,<=50K,3999
4,17,*,*,9,*,*,*,Female,*,<=50K,4000
4,26,*,*,13,*,*,*,Male,*,>50K,4002
4,18,*,*,9,*,*,*,Male,*,<=50K,4003
4,27,*,*,14,*,*,*,Female,*,<=50K,4004
4,22,*,*,11,*,*,*,Male,*,<=50K,4005
4,19,*,*,10,*,*,*,Female,*,<=50K,4007
4,26,*,*,13,*,*,*,Male,*,>50K,4008
4,18,*,*,9,*,*,*,Male,*,<=50K,4009
4,20,*,*,10,*,*,*,Male,*,>50K,4010
4,22,*,*,11,*,*,*,Male,*,<=50K,4012
4,32,*,*,16,*,*,*,Male,*,>50K,4015
4,20,*,*,10,*,*,*,Male,*,<=50K,4016
4,18,*,*,9,*,*,*,Male,*,<=50K,4017
4,19,*,*,10,*,*,*,Female,*,<=50K,4018
4,17,*,*,9,*,*,*,Female,*,>50K,4019
4,20,*,*,10,*,*,*,Male,*,>50K,4020
4,26,*,*,13,*,*,*,Male,*,>50K,4023
4,18,*,*,9,*,*,*,Male,*,<=50K,4026
4,24,*,*,12,*,*,*,Male,*,<=50K,4027
4,13,*,*,7,*,*,*,Female,*,<=50K,4028
4,8,*,*,4,*,*,*,Male,*,<=50K,4029
4,18,*,*,9,*,*,*,Male,*,<=50K,4030
4,26,*,*,13,*,*,*,Male,*,<=50K,4031
4,17,*,*,9,*,*,*,Female,*,<=50K,4032
4,17,*,*,9,*,*,*,Female,*,<=50K,4034
4,18,*,*,9,*,*,*,Male,*,>50K,4035
4,28,*,*,14,*,*,*,Male,*,<=50K,4036
4,10,*,*,5,*,*,*,Male,*,<=50K,4037
4,31,*,*,16,*,*,*,Female,*,>50K,4038
4,22,*,*,11,*,*,*,Male,*,<=50K,4039
4,26,*,*,13,*,*,*,Male,*,>50K,4042
4,20,*,*,10,*,*,*,Male,*,>50K,4044
4,18,*,*,9,*,*,*,Male,*,<=50K,4046
4,28,*,*,14,*,*,*,Male,*,>50K,4047
4,27,*,*,14,*,*,*,Female,*,<=50K,4048
4,19,*,*,10,*,*,*,Female,*,<=50K,4049
4,18,*,*,9,*,*,*,Male,*,<=50K,4050
4,14,*,*,7,*,*,*,Male,*,<=50K,4051
4,17,*,*,9,*,*,*,Female,*,<=50K,4052
4,18,*,*,9,*,*,*,Male,*,<=50K,4053
4,26,*,*,13,*,*,*,Male,*,<=50K,4054
4,30,*,*,15,*,*,*,Male,*,>50K,4055
4,17,*,*,9,*,*,*,Female,*,<=50K,4056
4,18,*,*,9,*,*,*,Male,*,<=50K,4061
4,19,*,*,10,*,*,*,Female,*,<=50K,4062
4,26,*,*,13,*,*,*,Male,*,<=50K,4063
4,26,*,*,13,*,*,*,Male,*,>50K,4065
4,25,*,*,13,*,*,*,Female,*,>50K,4067
4,20,*,*,10,*,*,*,Male,*,<=50K,4069
4,23,*,*,12,*,*,*,Female,*,<=50K,4070
4,26,*,*,13,*,*,*,Male,*,<=50K,4071
4,23,*,*,12,*,*,*,Female,*,<=50K,4072
4,28,*,*,14,*,*,*,Male,*,>50K,4073
4,18,*,*,9,*,*,*,Male,*,<=50K,4074
4,21,*,*,11,*,*,*,Female,*,<=50K,4075
4,20,*,*,10,*,*,*,Male,*,<=50K,4076
4,20,*,*,10,*,*,*,Male,*,>50K,4077
4,18,*,*,9,*,*,*,Male,*,<=50K,4078
4,20,*,*,10,*,*,*,Male,*,<=50K,4080
4,20,*,*,10,*,*,*,Male,*,<=50K,4081
4,17,*,*,9,*,*,*,Female,*,<=50K,4082
4,17,*,*,9,*,*,*,Female,*,<=50K,4084
4,19,*,*,10,*,*,*,Female,*,<=50K,4085
4,17,*,*,9,*,*,*,Female,*,<=50K,4086
4,25,*,*,13,*,*,*,Female,*,<=50K,4087
4,18,*,*,9,*,*,*,Male,*,<=50K,4088
4,18,*,*,9,*,*,*,Male,*,<=50K,4089
4,18,*,*,9,*,*,*,Male,*,<=50K,4091
4,26,*,*,13,*,*,*,Male,*,<=50K,4092
4,17,*,*,9,*,*,*,Female,*,<=50K,4093
4,17,*,*,9,*,*,*,Female,*,<=50K,4095
4,28,*,*,14,*,*,*,Male,*,>50K,4096
4,19,*,*,10,*,*,*,Female,*,<=50K,4097
4,24,*,*,12,*,*,*,Male,*,<=50K,4098
4,21,*,*,11,*,*,*,Female,*,<=50K,4101
4,26,*,*,13,*,*,*,Male,*,<=50K,4103
4,26,*,*,13,*,*,*,Male,*,>50K,4104
4,17,*,*,9,*,*,*,Female,*,<=50K,4105
4,18,*,*,9,*,*,*,Male,*,<=50K,4106
4,18,*,*,9,*,*,*,Male,*,<=50K,4107
4,18,*,*,9,*,*,*,Male,*,<=50K,4108
4,26,*,*,13,*,*,*,Male,*,<=50K,4109
4,20,*,*,10,*,*,*,Male,*,>50K,4110
4,19,*,*,10,*,*,*,Female,*,<=50K,4111
4,20,*,*,10,*,*,*,Male,*,>50K,4114
4,18,*,*,9,*,*,*,Male,*,<=50K,4115
4,27,*,*,14,*,*,*,Female,*,<=50K,4117
4,32,*,*,16,*,*,*,Male,*,>50K,4118
4,19,*,*,10,*,*,*,Female,*,<=50K,4119
4,26,*,*,13,*,*,*,Male,*,<=50K,4121
4,20,*,*,10,*,*,*,Male,*,<=50K,4122
4,26,*,*,13,*,*,*,Male,*,<=50K,4123
4,6,*,*,3,*,*,*,Male,*,<=50K,4124
4,20,*,*,10,*,*,*,Male,*,<=50K,4125
4,26,*,*,13,*,*,*,Male,*,>50K,4127
4,17,*,*,9,*,*,*,Female,*,<=50K,4128
4,18,*,*,9,*,*,*,Male,*,<=50K,4130
4,13,*,*,7,*,*,*,Female,*,<=50K,4131
4,18,*,*,9,*,*,*,Male,*,<=50K,4132
4,18,*,*,9,*,*,*,Male,*,>50K,4133
4,18,*,*,9,*,*,*,Male,*,<=50K,4135
4,8,*,*,4,*,*,*,Male,*,>50K,4136
4,23,*,*,12,*,*,*,Female,*,<=50K,4138
4,26,*,*,13,*,*,*,Male,*,<=50K,4139
4,26,*,*,13,*,*,*,Male,*,<=50K,4140
4,12,*,*,6,*,*,*,Male,*,<=50K,4141
4,20,*,*,10,*,*,*,Male,*,<=50K,4142
4,18,*,*,9,*,*,*,Male,*,<=50K,4143
4,1,*,*,1,*,*,*,Female,*,<=50K,4144
4,17,*,*,9,*,*,*,Female,*,<=50K,4147
4,20,*,*,10,*,*,*,Male,*,<=50K,4149
4,19,*,*,10,*,*,*,Female,*,<=50K,4150
4,30,*,*,15,*,*,*,Male,*,>50K,4151
4,18,*,*,9,*,*,*,Male,*,<=50K,4152
4,19,*,*,10,*,*,*,Female,*,<=50K,4153
4,26,*,*,13,*,*,*,Male,*,>50K,4154
4,28,*,*,14,*,*,*,Male,*,>50K,4155
4,18,*,*,9,*,*,*,Male,*,<=50K,4156
4,26,*,*,13,*,*,*,Male,*,>50K,4157
4,24,*,*,12,*,*,*,Male,*,<=50K,4159
4,17,*,*,9,*,*,*,Female,*,<=50K,4161
4,29,*,*,15,*,*,*,Female,*,>50K,4162
4,25,*,*,13,*,*,*,Female,*,<=50K,4163
4,11,*,*,6,*,*,*,Female,*,<=50K,4164
4,20,*,*,10,*,*,*,Male,*,<=50K,4165
4,20,*,*,10,*,*,*,Male,*,<=50K,4166
4,17,*,*,9,*,*,*,Female,*,<=50K,4168
4,21,*,*,11,*,*,*,Female,*,<=50K,4170
4,8,*,*,4,*,*,*,Male,*,<=50K,4171
4,25,*,*,13,*,*,*,Female,*,<=50K,4172
4,14,*,*,7,*,*,*,Male,*,<=50K,4174
4,20,*,*,10,*,*,*,Male,*,>50K,4176
4,18,*,*,9,*,*,*,Male,*,>50K,4177
4,25,*,*,13,*,*,*,Female,*,<=50K,4178
4,17,*,*,9,*,*,*,Female,*,>50K,4179
4,18,*,*,9,*,*,*,Male,*,>50K,4180
4,28,*,*,14,*,*,*,Male,*,<=50K,4181
4,17,*,*,9,*,*,*,Female,*,<=50K,4182
4,19,*,*,10,*,*,*,Female,*,<=50K,4184
4,19,*,*,10,*,*,*,Female,*,<=50K,4185
4,25,*,*,13,*,*,*,Female,*,<=50K,4186
4,23,*,*,12,*,*,*,Female,*,<=50K,4187
4,25,*,*,13,*,*,*,Female,*,<=50K,4188
4,30,*,*,15,*,*,*,Male,*,>50K,4190
4,20,*,*,10,*,*,*,Male,*,<=50K,4191
4,25,*,*,13,*,*,*,Female,*,<=50K,4192
4,8,*,*,4,*,*,*,Male,*,<=50K,4193
4,26,*,*,13,*,*,*,Male,*,<=50K,4194
4,26,*,*,13,*,*,*,Male,*,<=50K,4196
4,20,*,*,10,*,*,*,Male,*,<=50K,4197
4,25,*,*,13,*,*,*,Female,*,<=50K,4198
4,18,*,*,9,*,*,*,Male,*,<=50K,4199
4,25,*,*,13,*,*,*,Female,*,<=50K,4200
4,18,*,*,9,*,*,*,Male,*,<=50K,4201
4,19,*,*,10,*,*,*,Female,*,<=50K,4203
4,18,*,*,9,*,*,*,Male,*,>50K,4204
4,19,*,*,10,*,*,*,Female,*,<=50K,4205
4,17,*,*,9,*,*,*,Female,*,<=50K,4206
4,24,*,*,12,*,*,*,Male,*,<=50K,4207
4,23,*,*,12,*,*,*,Female,*,<=50K,4208
4,24,*,*,12,*,*,*,Male,*,>50K,4209
4,26,*,*,13,*,*,*,Male,*,<=50K,4211
4,25,*,*,13,*,*,*,Female,*,>50K,4212
4,20,*,*,10,*,*,*,Male,*,<=50K,4213
4,20,*,*,10,*,*,*,Male,*,<=50K,4214
4,20,*,*,10,*,*,*,Male,*,<=50K,4215
4,5,*,*,3,*,*,*,Female,*,<=50K,4216
4,17,*,*,9,*,*,*,Female,*,<=50K,4218
4,18,*,*,9,*,*,*,Male,*,<=50K,4220
4,28,*,*,14,*,*,*,Male,*,<=50K,4222
4,18,*,*,9,*,*,*,Male,*,<=50K,4223
4,18,*,*,9,*,*,*,Male,*,<=50K,4224
4,20,*,*,10,*,*,*,Male,*,<=50K,4225
4,26,*,*,13,*,*,*,Male,*,<=50K,4226
4,12,*,*,6,*,*,*,Male,*,<=50K,4228
4,6,*,*,3,*,*,*,Male,*,<=50K,4230
4,18,*,*,9,*,*,*,Male,*,<=50K,4231
4,18,*,*,9,*,*,*,Male,*,<=50K,4233
4,18,*,*,9,*,*,*,Male,*,<=50K,4234
4,24,*,*,12,*,*,*,Male,*,<=50K,4235
4,18,*,*,9,*,*,*,Male,*,<=50K,4236
4,19,*,*,10,*,*,*,Female,*,<=50K,4237
4,26,*,*,13,*,*,*,Male,*,<=50K,4238
4,24,*,*,12,*,*,*,Male,*,<=50K,4239
4,26,*,*,13,*,*,*,Male,*,<=50K,4240
4,26,*,*,13,*,*,*,Male,*,>50K,4241
4,18,*,*,9,*,*,*,Male,*,<=50K,4242
4,26,*,*,13,*,*,*,Male,*,>50K,4243
4,14,*,*,7,*,*,*,Male,*,<=50K,4244
4,18,*,*,9,*,*,*,Male,*,>50K,4245
4,14,*,*,7,*,*,*,Male,*,<=50K,4246
4,22,*,*,11,*,*,*,Male,*,>50K,4247
4,10,*,*,5,*,*,*,Male,*,<=50K,4249
4,11,*,*,6,*,*,*,Female,*,<=50K,4250
4,28,*,*,14,*,*,*,Male,*,>50K,4251
4,18,*,*,9,*,*,*,Male,*,<=50K,4253
4,18,*,*,9,*,*,*,Male,*,<=50K,4254
4,20,*,*,10,*,*,*,Male,*,<=50K,4255
4,23,*,*,12,*,*,*,Female,*,<=50K,4256
4,25,*,*,13,*,*,*,Female,*,>50K,4257
4,17,*,*,9,*,*,*,Female,*,<=50K,4258
4,22,*,*,11,*,*,*,Male,*,>50K,4261
4,18,*,*,9,*,*,*,Male,*,<=50K,4263
4,17,*,*,9,*,*,*,Female,*,<=50K,4265
4,28,*,*,14,*,*,*,Male,*,<=50K,4267
4,18,*,*,9,*,*,*,Male,*,<=50K,4268
4,18,*,*,9,*,*,*,Male,*,<=50K,4269
4,20,*,*,10,*,*,*,Male,*,<=50K,4270
4,19,*,*,10,*,*,*,Female,*,<=50K,4271
4,19,*,*,10,*,*,*,Female,*,<=50K,4272
4,17,*,*,9,*,*,*,Female,*,<=50K,4273
4,18,*,*,9,*,*,*,Male,*,<=50K,4274
4,19,*,*,10,*,*,*,Female,*,<=50K,4275
4,17,*,*,9,*,*,*,Female,*,<=50K,4276
4,17,*,*,9,*,*,*,Female,*,>50K,4277
4,17,*,*,9,*,*,*,Female,*,<=50K,4280
4,20,*,*,10,*,*,*,Male,*,<=50K,4281
4,19,*,*,10,*,*,*,Female,*,<=50K,4282
4,26,*,*,13,*,*,*,Male,*,>50K,4284
4,20,*,*,10,*,*,*,Male,*,<=50K,4285
4,19,*,*,10,*,*,*,Female,*,<=50K,4286
4,26,*,*,13,*,*,*,Male,*,>50K,4287
4,21,*,*,11,*,*,*,Female,*,<=50K,4288
4,18,*,*,9,*,*,*,Male,*,<=50K,4290
4,20,*,*,10,*,*,*,Male,*,<=50K,4291
4,19,*,*,10,*,*,*,Female,*,<=50K,4292
4,17,*,*,9,*,*,*,Female,*,<=50K,4293
4,19,*,*,10,*,*,*,Female,*,<=50K,4294
4,20,*,*,10,*,*,*,Male,*,<=50K,4295
4,16,*,*,8,*,*,*,Male,*,>50K,4296
4,4,*,*,2,*,*,*,Male,*,<=50K,4297
4,13,*,*,7,*,*,*,Female,*,<=50K,4298
4,14,*,*,7,*,*,*,Male,*,<=50K,4299
4,17,*,*,9,*,*,*,Female,*,<=50K,4300
4,20,*,*,10,*,*,*,Male,*,<=50K,4301
4,25,*,*,13,*,*,*,Female,*,>50K,4302
4,18,*,*,9,*,*,*,Male,*,<=50K,4303
4,18,*,*,9,*,*,*,Male,*,<=50K,4305
4,18,*,*,9,*,*,*,Male,*,<=50K,4306
4,18,*,*,9,*,*,*,Male,*,>50K,4307
4,28,*,*,14,*,*,*,Male,*,<=50K,4308
4,28,*,*,14,*,*,*,Male,*,>50K,4310
4,19,*,*,10,*,*,*,Female,*,<=50K,4311
4,20,*,*,10,*,*,*,Male,*,<=50K,4312
4,26,*,*,13,*,*,*,Male,*,<=50K,4314
4,17,*,*,9,*,*,*,Female,*,<=50K,4315
4,18,*,*,9,*,*,*,Male,*,<=50K,4316
4,20,*,*,10,*,*,*,Male,*,>50K,4317
4,10,*,*,5,*,*,*,Male,*,<=50K,4318
4,20,*,*,10,*,*,*,Male,*,<=50K,4319
4,18,*,*,9,*,*,*,Male,*,<=50K,4321
4,18,*,*,9,*,*,*,Male,*,<=50K,4322
4,20,*,*,10,*,*,*,Male,*,>50K,4324
4,17,*,*,9,*,*,*,Female,*,>50K,4326
4,22,*,*,11,*,*,*,Male,*,>50K,4327
4,17,*,*,9,*,*,*,Female,*,<=50K,4328
4,20,*,*,10,*,*,*,Male,*,<=50K,4329
4,18,*,*,9,*,*,*,Male,*,<=50K,4330
4,24,*,*,12,*,*,*,Male,*,<=50K,4331
4,18,*,*,9,*,*,*,Male,*,<=50K,4332
4,26,*,*,13,*,*,*,Male,*,<=50K,4333
4,4,*,*,2,*,*,*,Male,*,<=50K,4334
4,17,*,*,9,*,*,*,Female,*,<=50K,4336
4,18,*,*,9,*,*,*,Male,*,<=50K,4337
4,25,*,*,13,*,*,*,Female,*,>50K,4339
4,20,*,*,10,*,*,*,Male,*,>50K,4340
4,18,*,*,9,*,*,*,Male,*,<=50K,4341
4,18,*,*,9,*,*,*,Male,*,<=50K,4342
4,21,*,*,11,*,*,*,Female,*,<=50K,4343
4,25,*,*,13,*,*,*,Female,*,<=50K,4344
4,10,*,*,5,*,*,*,Male,*,<=50K,4345
4,12,*,*,6,*,*,*,Male,*,<=50K,4347
4,17,*,*,9,*,*,*,Female,*,<=50K,4348
4,20,*,*,10,*,*,*,Male,*,<=50K,4350
4,26,*,*,13,*,*,*,Male,*,<=50K,4351
4,17,*,*,9,*,*,*,Female,*,<=50K,4352
4,19,*,*,10,*,*,*,Female,*,<=50K,4353
4,25,*,*,13,*,*,*,Female,*,<=50K,4355
4,17,*,*,9,*,*,*,Female,*,<=50K,4356
4,18,*,*,9,*,*,*,Male,*,<=50K,4357
4,17,*,*,9,*,*,*,Female,*,<=50K,4359
4,26,*,*,13,*,*,*,Male,*,<=50K,4360
4,17,*,*,9,*,*,*,Female,*,<=50K,4361
4,20,*,*,10,*,*,*,Male,*,<=50K,4362
4,6,*,*,3,*,*,*,Male,*,<=50K,4363
4,19,*,*,10,*,*,*,Female,*,<=50K,4364
4,18,*,*,9,*,*,*,Male,*,<=50K,4365
4,18,*,*,9,*,*,*,Male,*,<=50K,4366
4,20,*,*,10,*,*,*,Male,*,<=50K,4367
4,19,*,*,10,*,*,*,Female,*,<=50K,4368
4,25,*,*,13,*,*,*,Female,*,<=50K,4369
4,20,*,*,10,*,*,*,Male,*,<=50K,4372
4,17,*,*,9,*,*,*,Female,*,<=50K,4373
4,17,*,*,9,*,*,*,Female,*,<=50K,4374
4,20,*,*,10,*,*,*,Male,*,>50K,4376
4,18,*,*,9,*,*,*,Male,*,<=50K,4377
4,19,*,*,10,*,*,*,Female,*,<=50K,4378
4,26,*,*,13,*,*,*,Male,*,>50K,4379
4,20,*,*,10,*,*,*,Male,*,<=50K,4380
4,20,*,*,10,*,*,*,Male,*,>50K,4382
4,19,*,*,10,*,*,*,Female,*,<=50K,4383
4,19,*,*,10,*,*,*,Female,*,<=50K,4385
4,18,*,*,9,*,*,*,Male,*,<=50K,4386
4,28,*,*,14,*,*,*,Male,*,<=50K,4387
4,13,*,*,7,*,*,*,Female,*,<=50K,4388
4,18,*,*,9,*,*,*,Male,*,<=50K,4389
4,23,*,*,12,*,*,*,Female,*,>50K,4391
4,3,*,*,2,*,*,*,Female,*,<=50K,4393
4,22,*,*,11,*,*,*,Male,*,<=50K,4394
4,20,*,*,10,*,*,*,Male,*,<=50K,4396
4,19,*,*,10,*,*,*,Female,*,<=50K,4398
4,18,*,*,9,*,*,*,Male,*,<=50K,4399
4,20,*,*,10,*,*,*,Male,*,<=50K,4400
4,17,*,*,9,*,*,*,Female,*,<=50K,4401
4,11,*,*,6,*,*,*,Female,*,<=50K,4402
4,20,*,*,10,*,*,*,Male,*,<=50K,4403
4,18,*,*,9,*,*,*,Male,*,<=50K,4404
4,20,*,*,10,*,*,*,Male,*,<=50K,4405
4,20,*,*,10,*,*,*,Male,*,<=50K,4406
4,17,*,*,9,*,*,*,Female,*,<=50K,4407
4,21,*,*,11,*,*,*,Female,*,>50K,4410
4,13,*,*,7,*,*,*,Female,*,<=50K,4411
4,18,*,*,9,*,*,*,Male,*,<=50K,4412
4,17,*,*,9,*,*,*,Female,*,<=50K,4413
4,14,*,*,7,*,*,*,Male,*,<=50K,4414
4,26,*,*,13,*,*,*,Male,*,>50K,4416
4,20,*,*,10,*,*,*,Male,*,>50K,4417
4,18,*,*,9,*,*,*,Male,*,<=50K,4420
4,7,*,*,4,*,*,*,Female,*,<=50K,4421
4,18,*,*,9,*,*,*,Male,*,<=50K,4422
4,28,*,*,14,*,*,*,Male,*,<=50K,4423
4,18,*,*,9,*,*,*,Male,*,<=50K,4424
4,18,*,*,9,*,*,*,Male,*,<=50K,4425
4,14,*,*,7,*,*,*,Male,*,<=50K,4426
4,31,*,*,16,*,*,*,Female,*,<=50K,4427
4,26,*,*,13,*,*,*,Male,*,>50K,4428
4,23,*,*,12,*,*,*,Female,*,<=50K,4429
4,20,*,*,10,*,*,*,Male,*,<=50K,4431
4,18,*,*,9,*,*,*,Male,*,>50K,4432
4,18,*,*,9,*,*,*,Male,*,<=50K,4433
4,18,*,*,9,*,*,*,Male,*,<=50K,4434
4,26,*,*,13,*,*,*,Male,*,<=50K,4435
4,19,*,*,10,*,*,*,Female,*,<=50K,4436
4,20,*,*,10,*,*,*,Male,*,<=50K,4437
4,26,*,*,13,*,*,*,Male,*,<=50K,4439
4,18,*,*,9,*,*,*,Male,*,<=50K,4442
4,26,*,*,13,*,*,*,Male,*,<=50K,4444
4,20,*,*,10,*,*,*,Male,*,<=50K,4445
4,7,*,*,4,*,*,*,Female,*,<=50K,4446
4,10,*,*,5,*,*,*,Male,*,<=50K,4447
4,24,*,*,12,*,*,*,Male,*,<=50K,4448
4,17,*,*,9,*,*,*,Female,*,<=50K,4449
4,28,*,*,14,*,*,*,Male,*,>50K,4450
4,18,*,*,9,*,*,*,Male,*,<=50K,4451
4,18,*,*,9,*,*,*,Male,*,<=50K,4452
4,18,*,*,9,*,*,*,Male,*,<=50K,4454
4,25,*,*,13,*,*,*,Female,*,<=50K,4456
4,18,*,*,9,*,*,*,Male,*,<=50K,4457
4,18,*,*,9,*,*,*,Male,*,<=50K,4458
4,18,*,*,9,*,*,*,Male,*,<=50K,4459
4,26,*,*,13,*,*,*,Male,*,<=50K,4460
4,25,*,*,13,*,*,*,Female,*,<=50K,4461
4,13,*,*,7,*,*,*,Female,*,<=50K,4462
4,9,*,*,5,*,*,*,Female,*,<=50K,4463
4,10,*,*,5,*,*,*,Male,*,<=50K,4465
4,18,*,*,9,*,*,*,Male,*,<=50K,4466
4,18,*,*,9,*,*,*,Male,*,>50K,4467
4,18,*,*,9,*,*,*,Male,*,<=50K,4468
4,20,*,*,10,*,*,*,Male,*,>50K,4469
4,26,*,*,13,*,*,*,Male,*,>50K,4470
4,19,*,*,10,*,*,*,Female,*,<=50K,4471
4,11,*,*,6,*,*,*,Female,*,<=50K,4472
4,25,*,*,13,*,*,*,Female,*,>50K,4473
4,18,*,*,9,*,*,*,Male,*,<=50K,4474
4,17,*,*,9,*,*,*,Female,*,<=50K,4475
4,26,*,*,13,*,*,*,Male,*,<=50K,4476
4,6,*,*,3,*,*,*,Male,*,<=50K,4477
4,18,*,*,9,*,*,*,Male,*,<=50K,4479
4,18,*,*,9,*,*,*,Male,*,<=50K,4480
4,20,*,*,10,*,*,*,Male,*,<=50K,4481
4,20,*,*,10,*,*,*,Male,*,<=50K,4482
4,32,*,*,16,*,*,*,Male,*,>50K,4483
4,26,*,*,13,*,*,*,Male,*,>50K,4486
4,20,*,*,10,*,*,*,Male,*,<=50K,4487
4,32,*,*,16,*,*,*,Male,*,>50K,4488
4,19,*,*,10,*,*,*,Female,*,<=50K,4489
4,19,*,*,10,*,*,*,Female,*,<=50K,4491
4,18,*,*,9,*,*,*,Male,*,<=50K,4492
4,8,*,*,4,*,*,*,Male,*,<=50K,4493
4,16,*,*,8,*,*,*,Male,*,>50K,4495
4,20,*,*,10,*,*,*,Male,*,<=50K,4497
4,28,*,*,14,*,*,*,Male,*,<=50K,4498
4,19,*,*,10,*,*,*,Female,*,<=50K,4499
4,20,*,*,10,*,*,*,Male,*,<=50K,4501
4,14,*,*,7,*,*,*,Male,*,<=50K,4502
4,26,*,*,13,*,*,*,Male,*,>50K,4503
4,18,*,*,9,*,*,*,Male,*,>50K,4504
4,16,*,*,8,*,*,*,Male,*,<=50K,4505
4,20,*,*,10,*,*,*,Male,*,<=50K,4506
4,18,*,*,9,*,*,*,Male,*,<=50K,4507
4,18,*,*,9,*,*,*,Male,*,<=50K,4508
4,18,*,*,9,*,*,*,Male,*,<=50K,4509
4,22,*,*,11,*,*,*,Male,*,>50K,4510
4,18,*,*,9,*,*,*,Male,*,>50K,4511
4,20,*,*,10,*,*,*,Male,*,<=50K,4512
4,13,*,*,7,*,*,*,Female,*,<=50K,4513
4,17,*,*,9,*,*,*,Female,*,<=50K,4514
4,25,*,*,13,*,*,*,Female,*,<=50K,4515
4,28,*,*,14,*,*,*,Male,*,<=50K,4516
4,18,*,*,9,*,*,*,Male,*,<=50K,4517
4,20,*,*,10,*,*,*,Male,*,<=50K,4518
4,20,*,*,10,*,*,*,Male,*,<=50K,4520
4,20,*,*,10,*,*,*,Male,*,<=50K,4521
4,25,*,*,13,*,*,*,Female,*,<=50K,4522
4,28,*,*,14,*,*,*,Male,*,>50K,4523
4,25,*,*,13,*,*,*,Female,*,<=50K,4524
4,17,*,*,9,*,*,*,Female,*,<=50K,4525
4,26,*,*,13,*,*,*,Male,*,<=50K,4526
4,20,*,*,10,*,*,*,Male,*,<=50K,4527
4,25,*,*,13,*,*,*,Female,*,>50K,4529
4,16,*,*,8,*,*,*,Male,*,<=50K,4530
4,18,*,*,9,*,*,*,Male,*,<=50K,4532
4,14,*,*,7,*,*,*,Male,*,<=50K,4533
4,26,*,*,13,*,*,*,Male,*,<=50K,4534
4,19,*,*,10,*,*,*,Female,*,<=50K,4535
4,17,*,*,9,*,*,*,Female,*,<=50K,4537
4,17,*,*,9,*,*,*,Female,*,<=50K,4539
4,19,*,*,10,*,*,*,Female,*,<=50K,4540
4,26,*,*,13,*,*,*,Male,*,>50K,4541
4,18,*,*,9,*,*,*,Male,*,<=50K,4542
4,17,*,*,9,*,*,*,Female,*,<=50K,4544
4,19,*,*,10,*,*,*,Female,*,<=50K,4545
4,18,*,*,9,*,*,*,Male,*,<=50K,4546
4,19,*,*,10,*,*,*,Female,*,<=50K,4547
4,19,*,*,10,*,*,*,Female,*,<=50K,4548
4,21,*,*,11,*,*,*,Female,*,<=50K,4549
4,26,*,*,13,*,*,*,Male,*,<=50K,4551
4,26,*,*,13,*,*,*,Male,*,>50K,4552
4,19,*,*,10,*,*,*,Female,*,<=50K,4553
4,18,*,*,9,*,*,*,Male,*,<=50K,4554
4,22,*,*,11,*,*,*,Male,*,<=50K,4555
4,16,*,*,8,*,*,*,Male,*,<=50K,4556
4,25,*,*,13,*,*,*,Female,*,>50K,4557
4,19,*,*,10,*,*,*,Female,*,<=50K,4558
4,26,*,*,13,*,*,*,Male,*,<=50K,4560
4,26,*,*,13,*,*,*,Male,*,<=50K,4561
4,18,*,*,9,*,*,*,Male,*,<=50K,4563
4,18,*,*,9,*,*,*,Male,*,<=50K,4564
4,22,*,*,11,*,*,*,Male,*,<=50K,4565
4,18,*,*,9,*,*,*,Male,*,>50K,4566
4,17,*,*,9,*,*,*,Female,*,>50K,4568
4,18,*,*,9,*,*,*,Male,*,<=50K,4569
4,17,*,*,9,*,*,*,Female,*,<=50K,4570
4,17,*,*,9,*,*,*,Female,*,>50K,4571
4,18,*,*,9,*,*,*,Male,*,<=50K,4572
4,26,*,*,13,*,*,*,Male,*,>50K,4574
4,20,*,*,10,*,*,*,Male,*,<=50K,4576
4,19,*,*,10,*,*,*,Female,*,<=50K,4577
4,25,*,*,13,*,*,*,Female,*,<=50K,4578
4,18,*,*,9,*,*,*,Male,*,<=50K,4579
4,19,*,*,10,*,*,*,Female,*,<=50K,4580
4,6,*,*,3,*,*,*,Male,*,<=50K,4581
4,18,*,*,9,*,*,*,Male,*,<=50K,4582
4,21,*,*,11,*,*,*,Female,*,>50K,4583
4,18,*,*,9,*,*,*,Male,*,<=50K,4584
4,22,*,*,11,*,*,*,Male,*,<=50K,4585
4,19,*,*,10,*,*,*,Female,*,<=50K,4586
4,26,*,*,13,*,*,*,Male,*,>50K,4587
4,20,*,*,10,*,*,*,Male,*,<=50K,4588
4,22,*,*,11,*,*,*,Male,*,>50K,4589
4,20,*,*,10,*,*,*,Male,*,<=50K,4590
4,19,*,*,10,*,*,*,Female,*,<=50K,4592
4,16,*,*,8,*,*,*,Male,*,<=50K,4593
4,22,*,*,11,*,*,*,Male,*,>50K,4594
4,26,*,*,13,*,*,*,Male,*,<=50K,4595
4,18,*,*,9,*,*,*,Male,*,>50K,4596
4,20,*,*,10,*,*,*,Male,*,<=50K,4597
4,18,*,*,9,*,*,*,Male,*,<=50K,4598
4,18,*,*,9,*,*,*,Male,*,<=50K,4599
4,28,*,*,14,*,*,*,Male,*,>50K,4600
4,14,*,*,7,*,*,*,Male,*,<=50K,4602
4,17,*,*,9,*,*,*,Female,*,<=50K,4603
4,13,*,*,7,*,*,*,Female,*,<=50K,4604
4,17,*,*,9,*,*,*,Female,*,<=50K,4607
4,20,*,*,10,*,*,*,Male,*,<=50K,4609
4,12,*,*,6,*,*,*,Male,*,<=50K,4610
4,17,*,*,9,*,*,*,Female,*,<=50K,4611
4,21,*,*,11,*,*,*,Female,*,<=50K,4612
4,20,*,*,10,*,*,*,Male,*,>50K,4613
4,18,*,*,9,*,*,*,Male,*,<=50K,4614
4,27,*,*,14,*,*,*,Female,*,<=50K,4617
4,22,*,*,11,*,*,*,Male,*,<=50K,4618
4,17,*,*,9,*,*,*,Female,*,<=50K,4620
4,17,*,*,9,*,*,*,Female,*,<=50K,4621
4,20,*,*,10,*,*,*,Male,*,<=50K,4622
4,26,*,*,13,*,*,*,Male,*,<=50K,4623
4,20,*,*,10,*,*,*,Male,*,<=50K,4624
4,18,*,*,9,*,*,*,Male,*,<=50K,4625
4,18,*,*,9,*,*,*,Male,*,<=50K,4627
4,14,*,*,7,*,*,*,Male,*,<=50K,4631
4,20,*,*,10,*,*,*,Male,*,<=50K,4632
4,20,*,*,10,*,*,*,Male,*,>50K,4633
4,25,*,*,13,*,*,*,Female,*,<=50K,4634
4,26,*,*,13,*,*,*,Male,*,>50K,4637
4,26,*,*,13,*,*,*,Male,*,<=50K,4638
4,21,*,*,11,*,*,*,Female,*,<=50K,4641
4,18,*,*,9,*,*,*,Male,*,<=50K,4642
4,25,*,*,13,*,*,*,Female,*,<=50K,4643
4,32,*,*,16,*,*,*,Male,*,>50K,4644
4,17,*,*,9,*,*,*,Female,*,<=50K,4646
4,18,*,*,9,*,*,*,Male,*,>50K,4647
4,25,*,*,13,*,*,*,Female,*,<=50K,4648
4,25,*,*,13,*,*,*,Female,*,>50K,4649
4,13,*,*,7,*,*,*,Female,*,<=50K,4650
4,18,*,*,9,*,*,*,Male,*,<=50K,4651
4,20,*,*,10,*,*,*,Male,*,<=50K,4653
4,19,*,*,10,*,*,*,Female,*,<=50K,4655
4,12,*,*,6,*,*,*,Male,*,<=50K,4656
4,14,*,*,7,*,*,*,Male,*,<=50K,4657
4,20,*,*,10,*,*,*,Male,*,>50K,4658
4,26,*,*,13,*,*,*,Male,*,<=50K,4659
4,26,*,*,13,*,*,*,Male,*,>50K,4660
4,20,*,*,10,*,*,*,Male,*,<=50K,4661
4,6,*,*,3,*,*,*,Male,*,<=50K,4662
4,26,*,*,13,*,*,*,Male,*,>50K,4663
4,17,*,*,9,*,*,*,Female,*,<=50K,4664
4,18,*,*,9,*,*,*,Male,*,>50K,4666
4,17,*,*,9,*,*,*,Female,*,<=50K,4667
4,9,*,*,5,*,*,*,Female,*,<=50K,4668
4,26,*,*,13,*,*,*,Male,*,>50K,4669
4,18,*,*,9,*,*,*,Male,*,<=50K,4670
4,26,*,*,13,*,*,*,Male,*,>50K,4671
4,19,*,*,10,*,*,*,Female,*,<=50K,4672
4,26,*,*,13,*,*,*,Male,*,<=50K,4673
4,18,*,*,9,*,*,*,Male,*,<=50K,4674
4,26,*,*,13,*,*,*,Male,*,<=50K,4675
4,21,*,*,11,*,*,*,Female,*,<=50K,4676
4,30,*,*,15,*,*,*,Male,*,>50K,4677
4,20,*,*,10,*,*,*,Male,*,<=50K,4679
4,25,*,*,13,*,*,*,Female,*,<=50K,4680
4,26,*,*,13,*,*,*,Male,*,>50K,4681
4,18,*,*,9,*,*,*,Male,*,<=50K,4682
4,10,*,*,5,*,*,*,Male,*,<=50K,4684
4,17,*,*,9,*,*,*,Female,*,<=50K,4685
4,18,*,*,9,*,*,*,Male,*,<=50K,4686
4,20,*,*,10,*,*,*,Male,*,<=50K,4688
4,26,*,*,13,*,*,*,Male,*,<=50K,4689
4,18,*,*,9,*,*,*,Male,*,<=50K,4690
4,20,*,*,10,*,*,*,Male,*,<=50K,4691
4,18,*,*,9,*,*,*,Male,*,<=50K,4692
4,20,*,*,10,*,*,*,Male,*,<=50K,4693
4,12,*,*,6,*,*,*,Male,*,<=50K,4694
4,27,*,*,14,*,*,*,Female,*,<=50K,4697
4,18,*,*,9,*,*,*,Male,*,>50K,4698
4,18,*,*,9,*,*,*,Male,*,<=50K,4699
4,20,*,*,10,*,*,*,Male,*,<=50K,4700
4,20,*,*,10,*,*,*,Male,*,<=50K,4701
4,20,*,*,10,*,*,*,Male,*,<=50K,4702
4,5,*,*,3,*,*,*,Female,*,<=50K,4703
4,19,*,*,10,*,*,*,Female,*,<=50K,4704
4,18,*,*,9,*,*,*,Male,*,<=50K,4705
4,28,*,*,14,*,*,*,Male,*,>50K,4707
4,19,*,*,10,*,*,*,Female,*,<=50K,4708
4,18,*,*,9,*,*,*,Male,*,<=50K,4710
4,2,*,*,1,*,*,*,Male,*,<=50K,4711
4,17,*,*,9,*,*,*,Female,*,<=50K,4712
4,18,*,*,9,*,*,*,Male,*,<=50K,4715
4,23,*,*,12,*,*,*,Female,*,<=50K,4717
4,18,*,*,9,*,*,*,Male,*,<=50K,4718
4,18,*,*,9,*,*,*,Male,*,<=50K,4721
4,19,*,*,10,*,*,*,Female,*,<=50K,4722
4,19,*,*,10,*,*,*,Female,*,<=50K,4723
4,20,*,*,10,*,*,*,Male,*,<=50K,4724
4,20,*,*,10,*,*,*,Male,*,<=50K,4725
4,17,*,*,9,*,*,*,Female,*,>50K,4726
4,28,*,*,14,*,*,*,Male,*,>50K,4727
4,7,*,*,4,*,*,*,Female,*,<=50K,4728
4,17,*,*,9,*,*,*,Female,*,<=50K,4729
4,20,*,*,10,*,*,*,Male,*,<=50K,4730
4,20,*,*,10,*,*,*,Male,*,>50K,4731
4,12,*,*,6,*,*,*,Male,*,<=50K,4732
4,26,*,*,13,*,*,*,Male,*,>50K,4733
4,24,*,*,12,*,*,*,Male,*,>50K,4734
4,20,*,*,10,*,*,*,Male,*,<=50K,4735
4,17,*,*,9,*,*,*,Female,*,<=50K,4736
4,26,*,*,13,*,*,*,Male,*,<=50K,4737
4,11,*,*,6,*,*,*,Female,*,<=50K,4738
4,18,*,*,9,*,*,*,Male,*,<=50K,4739
4,20,*,*,10,*,*,*,Male,*,>50K,4741
4,26,*,*,13,*,*,*,Male,*,>50K,4743
4,18,*,*,9,*,*,*,Male,*,>50K,4744
4,25,*,*,13,*,*,*,Female,*,<=50K,4745
4,18,*,*,9,*,*,*,Male,*,<=50K,4746
4,18,*,*,9,*,*,*,Male,*,<=50K,4747
4,19,*,*,10,*,*,*,Female,*,<=50K,4748
4,28,*,*,14,*,*,*,Male,*,>50K,4749
4,18,*,*,9,*,*,*,Male,*,<=50K,4750
4,17,*,*,9,*,*,*,Female,*,<=50K,4751
4,18,*,*,9,*,*,*,Male,*,<=50K,4753
4,18,*,*,9,*,*,*,Male,*,>50K,4754
4,17,*,*,9,*,*,*,Female,*,<=50K,4756
4,17,*,*,9,*,*,*,Female,*,<=50K,4757
4,18,*,*,9,*,*,*,Male,*,<=50K,4758
4,22,*,*,11,*,*,*,Male,*,<=50K,4759
4,18,*,*,9,*,*,*,Male,*,>50K,4761
4,18,*,*,9,*,*,*,Male,*,<=50K,4762
4,18,*,*,9,*,*,*,Male,*,>50K,4763
4,26,*,*,13,*,*,*,Male,*,>50K,4765
4,20,*,*,10,*,*,*,Male,*,<=50K,4766
4,25,*,*,13,*,*,*,Female,*,<=50K,4768
4,18,*,*,9,*,*,*,Male,*,<=50K,4769
4,18,*,*,9,*,*,*,Male,*,>50K,4772
4,20,*,*,10,*,*,*,Male,*,<=50K,4773
4,22,*,*,11,*,*,*,Male,*,<=50K,4775
4,20,*,*,10,*,*,*,Male,*,>50K,4776
4,28,*,*,14,*,*,*,Male,*,<=50K,4777
4,21,*,*,11,*,*,*,Female,*,>50K,4779
4,20,*,*,10,*,*,*,Male,*,<=50K,4782
4,28,*,*,14,*,*,*,Male,*,>50K,4783
4,18,*,*,9,*,*,*,Male,*,<=50K,4787
4,18,*,*,9,*,*,*,Male,*,>50K,4788
4,11,*,*,6,*,*,*,Female,*,<=50K,4789
4,21,*,*,11,*,*,*,Female,*,<=50K,4791
4,20,*,*,10,*,*,*,Male,*,<=50K,4792
4,17,*,*,9,*,*,*,Female,*,<=50K,4793
4,18,*,*,9,*,*,*,Male,*,<=50K,4794
4,17,*,*,9,*,*,*,Female,*,<=50K,4795
4,17,*,*,9,*,*,*,Female,*,<=50K,4796
4,19,*,*,10,*,*,*,Female,*,<=50K,4797
4,19,*,*,10,*,*,*,Female,*,<=50K,4798
4,19,*,*,10,*,*,*,Female,*,<=50K,4799
4,30,*,*,15,*,*,*,Male,*,<=50K,4800
4,19,*,*,10,*,*,*,Female,*,<=50K,4802
4,18,*,*,9,*,*,*,Male,*,<=50K,4803
4,26,*,*,13,*,*,*,Male,*,>50K,4804
4,20,*,*,10,*,*,*,Male,*,>50K,4805
4,20,*,*,10,*,*,*,Male,*,<=50K,4806
4,16,*,*,8,*,*,*,Male,*,<=50K,4808
4,21,*,*,11,*,*,*,Female,*,<=50K,4809
4,18,*,*,9,*,*,*,Male,*,>50K,4810
4,18,*,*,9,*,*,*,Male,*,<=50K,4811
4,18,*,*,9,*,*,*,Male,*,<=50K,4812
4,23,*,*,12,*,*,*,Female,*,<=50K,4813
4,20,*,*,10,*,*,*,Male,*,<=50K,4815
4,23,*,*,12,*,*,*,Female,*,<=50K,4818
4,25,*,*,13,*,*,*,Female,*,<=50K,4819
4,18,*,*,9,*,*,*,Male,*,>50K,4820
4,14,*,*,7,*,*,*,Male,*,<=50K,4821
4,21,*,*,11,*,*,*,Female,*,>50K,4825
4,25,*,*,13,*,*,*,Female,*,<=50K,4826
4,17,*,*,9,*,*,*,Female,*,<=50K,4827
4,18,*,*,9,*,*,*,Male,*,<=50K,4828
4,20,*,*,10,*,*,*,Male,*,<=50K,4830
4,22,*,*,11,*,*,*,Male,*,<=50K,4831
4,18,*,*,9,*,*,*,Male,*,<=50K,4832
4,26,*,*,13,*,*,*,Male,*,<=50K,4833
4,18,*,*,9,*,*,*,Male,*,<=50K,4834
4,24,*,*,12,*,*,*,Male,*,>50K,4835
4,26,*,*,13,*,*,*,Male,*,>50K,4836
4,32,*,*,16,*,*,*,Male,*,<=50K,4837
4,18,*,*,9,*,*,*,Male,*,<=50K,4838
4,20,*,*,10,*,*,*,Male,*,<=50K,4839
4,26,*,*,13,*,*,*,Male,*,<=50K,4840
4,19,*,*,10,*,*,*,Female,*,<=50K,4842
4,26,*,*,13,*,*,*,Male,*,>50K,4843
4,26,*,*,13,*,*,*,Male,*,<=50K,4844
4,23,*,*,12,*,*,*,Female,*,>50K,4845
4,17,*,*,9,*,*,*,Female,*,<=50K,4846
4,26,*,*,13,*,*,*,Male,*,<=50K,4847
4,22,*,*,11,*,*,*,Male,*,<=50K,4849
4,28,*,*,14,*,*,*,Male,*,>50K,4850
4,26,*,*,13,*,*,*,Male,*,<=50K,4852
4,17,*,*,9,*,*,*,Female,*,<=50K,4853
4,17,*,*,9,*,*,*,Female,*,<=50K,4854
4,20,*,*,10,*,*,*,Male,*,<=50K,4855
4,18,*,*,9,*,*,*,Male,*,<=50K,4856
4,25,*,*,13,*,*,*,Female,*,>50K,4857
4,26,*,*,13,*,*,*,Male,*,<=50K,4858
4,20,*,*,10,*,*,*,Male,*,<=50K,4859
4,20,*,*,10,*,*,*,Male,*,<=50K,4860
4,26,*,*,13,*,*,*,Male,*,<=50K,4861
4,19,*,*,10,*,*,*,Female,*,<=50K,4862
4,21,*,*,11,*,*,*,Female,*,<=50K,4863
4,18,*,*,9,*,*,*,Male,*,>50K,4864
4,18,*,*,9,*,*,*,Male,*,<=50K,4865
4,20,*,*,10,*,*,*,Male,*,<=50K,4866
4,19,*,*,10,*,*,*,Female,*,<=50K,4868
4,17,*,*,9,*,*,*,Female,*,<=50K,4869
4,21,*,*,11,*,*,*,Female,*,<=50K,4870
4,20,*,*,10,*,*,*,Male,*,>50K,4871
4,28,*,*,14,*,*,*,Male,*,>50K,4872
4,18,*,*,9,*,*,*,Male,*,>50K,4873
4,18,*,*,9,*,*,*,Male,*,<=50K,4874
4,4,*,*,2,*,*,*,Male,*,<=50K,4875
4,19,*,*,10,*,*,*,Female,*,<=50K,4876
4,20,*,*,10,*,*,*,Male,*,<=50K,4877
4,26,*,*,13,*,*,*,Male,*,<=50K,4879
4,20,*,*,10,*,*,*,Male,*,<=50K,4880
4,19,*,*,10,*,*,*,Female,*,<=50K,4881
4,18,*,*,9,*,*,*,Male,*,<=50K,4882
4,18,*,*,9,*,*,*,Male,*,>50K,4883
4,18,*,*,9,*,*,*,Male,*,<=50K,4884
4,19,*,*,10,*,*,*,Female,*,<=50K,4885
4,18,*,*,9,*,*,*,Male,*,<=50K,4886
4,18,*,*,9,*,*,*,Male,*,<=50K,4887
4,18,*,*,9,*,*,*,Male,*,>50K,4889
4,27,*,*,14,*,*,*,Female,*,>50K,4890
4,18,*,*,9,*,*,*,Male,*,<=50K,4891
4,18,*,*,9,*,*,*,Male,*,<=50K,4892
4,26,*,*,13,*,*,*,Male,*,>50K,4893
4,17,*,*,9,*,*,*,Female,*,<=50K,4895
4,30,*,*,15,*,*,*,Male,*,<=50K,4896
4,18,*,*,9,*,*,*,Male,*,<=50K,4897
4,28,*,*,14,*,*,*,Male,*,>50K,4900
4,21,*,*,11,*,*,*,Female,*,<=50K,4903
4,18,*,*,9,*,*,*,Male,*,>50K,4904
4,17,*,*,9,*,*,*,Female,*,<=50K,4905
4,25,*,*,13,*,*,*,Female,*,>50K,4907
4,18,*,*,9,*,*,*,Male,*,<=50K,4909
4,18,*,*,9,*,*,*,Male,*,<=50K,4910
4,19,*,*,10,*,*,*,Female,*,<=50K,4911
4,18,*,*,9,*,*,*,Male,*,<=50K,4912
4,26,*,*,13,*,*,*,Male,*,<=50K,4914
4,22,*,*,11,*,*,*,Male,*,<=50K,4915
4,20,*,*,10,*,*,*,Male,*,>50K,4916
4,18,*,*,9,*,*,*,Male,*,<=50K,4917
4,19,*,*,10,*,*,*,Female,*,<=50K,4919
4,25,*,*,13,*,*,*,Female,*,<=50K,4920
4,24,*,*,12,*,*,*,Male,*,<=50K,4921
4,28,*,*,14,*,*,*,Male,*,<=50K,4922
4,17,*,*,9,*,*,*,Female,*,<=50K,4923
4,18,*,*,9,*,*,*,Male,*,>50K,4924
4,26,*,*,13,*,*,*,Male,*,>50K,4925
4,26,*,*,13,*,*,*,Male,*,<=50K,4926
4,26,*,*,13,*,*,*,Male,*,>50K,4927
4,20,*,*,10,*,*,*,Male,*,<=50K,4928
4,28,*,*,14,*,*,*,Male,*,>50K,4929
4,18,*,*,9,*,*,*,Male,*,<=50K,4930
4,26,*,*,13,*,*,*,Male,*,>50K,4931
4,18,*,*,9,*,*,*,Male,*,<=50K,4932
4,20,*,*,10,*,*,*,Male,*,<=50K,4933
4,19,*,*,10,*,*,*,Female,*,<=50K,4934
4,20,*,*,10,*,*,*,Male,*,<=50K,4935
4,30,*,*,15,*,*,*,Male,*,>50K,4936
4,18,*,*,9,*,*,*,Male,*,>50K,4937
4,20,*,*,10,*,*,*,Male,*,<=50K,4939
4,17,*,*,9,*,*,*,Female,*,<=50K,4940
4,26,*,*,13,*,*,*,Male,*,>50K,4942
4,20,*,*,10,*,*,*,Male,*,<=50K,4943
4,17,*,*,9,*,*,*,Female,*,<=50K,4944
4,30,*,*,15,*,*,*,Male,*,<=50K,4945
4,17,*,*,9,*,*,*,Female,*,<=50K,4946
4,18,*,*,9,*,*,*,Male,*,<=50K,4948
4,13,*,*,7,*,*,*,Female,*,<=50K,4949
4,19,*,*,10,*,*,*,Female,*,<=50K,4950
4,17,*,*,9,*,*,*,Female,*,<=50K,4951
4,17,*,*,9,*,*,*,Female,*,<=50K,4952
4,17,*,*,9,*,*,*,Female,*,<=50K,4953
4,28,*,*,14,*,*,*,Male,*,>50K,4955
4,17,*,*,9,*,*,*,Female,*,<=50K,4956
4,20,*,*,10,*,*,*,Male,*,<=50K,4959
4,19,*,*,10,*,*,*,Female,*,<=50K,4960
4,18,*,*,9,*,*,*,Male,*,<=50K,4961
4,17,*,*,9,*,*,*,Female,*,<=50K,4962
4,20,*,*,10,*,*,*,Male,*,<=50K,4964
4,18,*,*,9,*,*,*,Male,*,<=50K,4966
4,25,*,*,13,*,*,*,Female,*,<=50K,4967
4,18,*,*,9,*,*,*,Male,*,>50K,4968
4,26,*,*,13,*,*,*,Male,*,>50K,4969
4,20,*,*,10,*,*,*,Male,*,<=50K,4970
4,18,*,*,9,*,*,*,Male,*,<=50K,4971
4,18,*,*,9,*,*,*,Male,*,>50K,4972
4,17,*,*,9,*,*,*,Female,*,<=50K,4973
4,17,*,*,9,*,*,*,Female,*,<=50K,4975
4,20,*,*,10,*,*,*,Male,*,<=50K,4976
4,20,*,*,10,*,*,*,Male,*,<=50K,4977
4,26,*,*,13,*,*,*,Male,*,<=50K,4978
4,25,*,*,13,*,*,*,Female,*,<=50K,4979
4,20,*,*,10,*,*,*,Male,*,<=50K,4980
4,17,*,*,9,*,*,*,Female,*,<=50K,4982
4,19,*,*,10,*,*,*,Female,*,<=50K,4983
4,26,*,*,13,*,*,*,Male,*,>50K,4984
4,18,*,*,9,*,*,*,Male,*,<=50K,4985
4,18,*,*,9,*,*,*,Male,*,<=50K,4986
4,23,*,*,12,*,*,*,Female,*,>50K,4987
4,20,*,*,10,*,*,*,Male,*,<=50K,4988
4,20,*,*,10,*,*,*,Male,*,<=50K,4989
4,18,*,*,9,*,*,*,Male,*,<=50K,4992
4,3,*,*,2,*,*,*,Female,*,<=50K,4993
4,28,*,*,14,*,*,*,Male,*,<=50K,4995
4,18,*,*,9,*,*,*,Male,*,<=50K,4996
4,20,*,*,10,*,*,*,Male,*,<=50K,4997
4,24,*,*,12,*,*,*,Male,*,<=50K,4998
4,20,*,*,10,*,*,*,Male,*,<=50K,4999
4,18,*,*,9,*,*,*,Male,*,<=50K,5000
4,20,*,*,10,*,*,*,Male,*,<=50K,5001
4,17,*,*,9,*,*,*,Female,*,<=50K,5002
4,19,*,*,10,*,*,*,Female,*,>50K,5003
4,30,*,*,15,*,*,*,Male,*,<=50K,5004
4,26,*,*,13,*,*,*,Male,*,>50K,5006
4,22,*,*,11,*,*,*,Male,*,<=50K,5007
4,18,*,*,9,*,*,*,Male,*,<=50K,5009
4,17,*,*,9,*,*,*,Female,*,>50K,5010
4,25,*,*,13,*,*,*,Female,*,<=50K,5012
4,17,*,*,9,*,*,*,Female,*,<=50K,5013
4,20,*,*,10,*,*,*,Male,*,>50K,5014
4,17,*,*,9,*,*,*,Female,*,<=50K,5015
4,26,*,*,13,*,*,*,Male,*,>50K,5016
4,20,*,*,10,*,*,*,Male,*,<=50K,5018
4,18,*,*,9,*,*,*,Male,*,>50K,5019
4,20,*,*,10,*,*,*,Male,*,>50K,5020
4,18,*,*,9,*,*,*,Male,*,>50K,5021
4,17,*,*,9,*,*,*,Female,*,<=50K,5023
4,13,*,*,7,*,*,*,Female,*,<=50K,5024
4,18,*,*,9,*,*,*,Male,*,<=50K,5025
4,19,*,*,10,*,*,*,Female,*,<=50K,5026
4,30,*,*,15,*,*,*,Male,*,<=50K,5028
4,22,*,*,11,*,*,*,Male,*,>50K,5029
4,26,*,*,13,*,*,*,Male,*,<=50K,5030
4,18,*,*,9,*,*,*,Male,*,>50K,5031
4,20,*,*,10,*,*,*,Male,*,<=50K,5032
4,30,*,*,15,*,*,*,Male,*,<=50K,5033
4,20,*,*,10,*,*,*,Male,*,<=50K,5035
4,18,*,*,9,*,*,*,Male,*,<=50K,5036
4,18,*,*,9,*,*,*,Male,*,<=50K,5037
4,25,*,*,13,*,*,*,Female,*,<=50K,5038
4,26,*,*,13,*,*,*,Male,*,>50K,5039
4,17,*,*,9,*,*,*,Female,*,<=50K,5041
4,20,*,*,10,*,*,*,Male,*,<=50K,5042
4,6,*,*,3,*,*,*,Male,*,<=50K,5043
4,26,*,*,13,*,*,*,Male,*,<=50K,5045
4,18,*,*,9,*,*,*,Male,*,<=50K,5046
4,20,*,*,10,*,*,*,Male,*,<=50K,5047
4,18,*,*,9,*,*,*,Male,*,<=50K,5048
4,18,*,*,9,*,*,*,Male,*,>50K,5049
4,17,*,*,9,*,*,*,Female,*,<=50K,5050
4,21,*,*,11,*,*,*,Female,*,<=50K,5052
4,17,*,*,9,*,*,*,Female,*,<=50K,5053
4,19,*,*,10,*,*,*,Female,*,<=50K,5055
4,24,*,*,12,*,*,*,Male,*,<=50K,5057
4,27,*,*,14,*,*,*,Female,*,<=50K,5058
4,26,*,*,13,*,*,*,Male,*,<=50K,5059
4,17,*,*,9,*,*,*,Female,*,<=50K,5061
4,18,*,*,9,*,*,*,Male,*,<=50K,5062
4,25,*,*,13,*,*,*,Female,*,<=50K,5064
4,20,*,*,10,*,*,*,Male,*,<=50K,5065
4,26,*,*,13,*,*,*,Male,*,<=50K,5066
4,26,*,*,13,*,*,*,Male,*,<=50K,5067
4,20,*,*,10,*,*,*,Male,*,<=50K,5068
4,18,*,*,9,*,*,*,Male,*,<=50K,5069
4,20,*,*,10,*,*,*,Male,*,<=50K,5070
4,18,*,*,9,*,*,*,Male,*,<=50K,5071
4,14,*,*,7,*,*,*,Male,*,<=50K,5072
4,25,*,*,13,*,*,*,Female,*,<=50K,5073
4,12,*,*,6,*,*,*,Male,*,<=50K,5075
4,28,*,*,14,*,*,*,Male,*,<=50K,5077
4,18,*,*,9,*,*,*,Male,*,>50K,5078
4,17,*,*,9,*,*,*,Female,*,<=50K,5079
4,24,*,*,12,*,*,*,Male,*,<=50K,5080
4,17,*,*,9,*,*,*,Female,*,<=50K,5081
4,18,*,*,9,*,*,*,Male,*,<=50K,5082
4,18,*,*,9,*,*,*,Male,*,>50K,5083
4,14,*,*,7,*,*,*,Male,*,<=50K,5084
4,23,*,*,12,*,*,*,Female,*,>50K,5085
4,18,*,*,9,*,*,*,Male,*,<=50K,5086
4,18,*,*,9,*,*,*,Male,*,<=50K,5087
4,17,*,*,9,*,*,*,Female,*,<=50K,5088
4,18,*,*,9,*,*,*,Male,*,<=50K,5089
4,26,*,*,13,*,*,*,Male,*,>50K,5090
4,20,*,*,10,*,*,*,Male,*,>50K,5091
4,12,*,*,6,*,*,*,Male,*,<=50K,5092
4,18,*,*,9,*,*,*,Male,*,<=50K,5094
4,26,*,*,13,*,*,*,Male,*,>50K,5095
4,25,*,*,13,*,*,*,Female,*,>50K,5096
4,19,*,*,10,*,*,*,Female,*,<=50K,5097
4,22,*,*,11,*,*,*,Male,*,<=50K,5098
4,23,*,*,12,*,*,*,Female,*,<=50K,5099
4,14,*,*,7,*,*,*,Male,*,<=50K,5100
4,18,*,*,9,*,*,*,Male,*,<=50K,5101
4,14,*,*,7,*,*,*,Male,*,<=50K,5102
4,18,*,*,9,*,*,*,Male,*,<=50K,5103
4,21,*,*,11,*,*,*,Female,*,<=50K,5104
4,17,*,*,9,*,*,*,Female,*,<=50K,5105
4,22,*,*,11,*,*,*,Male,*,>50K,5106
4,20,*,*,10,*,*,*,Male,*,<=50K,5107
4,26,*,*,13,*,*,*,Male,*,<=50K,5109
4,27,*,*,14,*,*,*,Female,*,<=50K,5111
4,18,*,*,9,*,*,*,Male,*,>50K,5112
4,18,*,*,9,*,*,*,Male,*,>50K,5113
4,22,*,*,11,*,*,*,Male,*,<=50K,5114
4,18,*,*,9,*,*,*,Male,*,<=50K,5116
4,20,*,*,10,*,*,*,Male,*,>50K,5117
4,18,*,*,9,*,*,*,Male,*,<=50K,5119
4,14,*,*,7,*,*,*,Male,*,<=50K,5120
4,28,*,*,14,*,*,*,Male,*,>50K,5121
4,17,*,*,9,*,*,*,Female,*,<=50K,5123
4,20,*,*,10,*,*,*,Male,*,<=50K,5124
4,30,*,*,15,*,*,*,Male,*,>50K,5125
4,12,*,*,6,*,*,*,Male,*,<=50K,5126
4,20,*,*,10,*,*,*,Male,*,>50K,5127
4,18,*,*,9,*,*,*,Male,*,>50K,5128
4,12,*,*,6,*,*,*,Male,*,<=50K,5129
4,27,*,*,14,*,*,*,Female,*,<=50K,5131
4,30,*,*,15,*,*,*,Male,*,>50K,5133
4,26,*,*,13,*,*,*,Male,*,<=50K,5134
4,25,*,*,13,*,*,*,Female,*,<=50K,5135
4,28,*,*,14,*,*,*,Male,*,<=50K,5136
4,19,*,*,10,*,*,*,Female,*,<=50K,5137
4,17,*,*,9,*,*,*,Female,*,<=50K,5139
4,21,*,*,11,*,*,*,Female,*,<=50K,5140
4,13,*,*,7,*,*,*,Female,*,<=50K,5141
4,20,*,*,10,*,*,*,Male,*,<=50K,5142
4,18,*,*,9,*,*,*,Male,*,<=50K,5143
4,22,*,*,11,*,*,*,Male,*,>50K,5144
4,18,*,*,9,*,*,*,Male,*,<=50K,5145
4,26,*,*,13,*,*,*,Male,*,>50K,5146
4,17,*,*,9,*,*,*,Female,*,<=50K,5147
4,17,*,*,9,*,*,*,Female,*,<=50K,5148
4,28,*,*,14,*,*,*,Male,*,>50K,5149
4,20,*,*,10,*,*,*,Male,*,<=50K,5150
4,17,*,*,9,*,*,*,Female,*,<=50K,5151
4,18,*,*,9,*,*,*,Male,*,>50K,5152
4,18,*,*,9,*,*,*,Male,*,<=50K,5153
4,14,*,*,7,*,*,*,Male,*,>50K,5154
4,14,*,*,7,*,*,*,Male,*,>50K,5155
4,20,*,*,10,*,*,*,Male,*,<=50K,5157
4,26,*,*,13,*,*,*,Male,*,>50K,5158
4,24,*,*,12,*,*,*,Male,*,<=50K,5160
4,18,*,*,9,*,*,*,Male,*,<=50K,5161
4,18,*,*,9,*,*,*,Male,*,<=50K,5162
4,19,*,*,10,*,*,*,Female,*,<=50K,5163
4,20,*,*,10,*,*,*,Male,*,<=50K,5164
4,20,*,*,10,*,*,*,Male,*,<=50K,5165
4,26,*,*,13,*,*,*,Male,*,>50K,5166
4,22,*,*,11,*,*,*,Male,*,<=50K,5167
4,26,*,*,13,*,*,*,Male,*,>50K,5168
4,26,*,*,13,*,*,*,Male,*,<=50K,5169
4,18,*,*,9,*,*,*,Male,*,>50K,5170
4,10,*,*,5,*,*,*,Male,*,<=50K,5171
4,26,*,*,13,*,*,*,Male,*,<=50K,5172
4,9,*,*,5,*,*,*,Female,*,<=50K,5173
4,19,*,*,10,*,*,*,Female,*,<=50K,5174
4,20,*,*,10,*,*,*,Male,*,<=50K,5176
4,18,*,*,9,*,*,*,Male,*,<=50K,5177
4,18,*,*,9,*,*,*,Male,*,<=50K,5178
4,18,*,*,9,*,*,*,Male,*,<=50K,5180
4,12,*,*,6,*,*,*,Male,*,>50K,5181
4,27,*,*,14,*,*,*,Female,*,>50K,5182
4,12,*,*,6,*,*,*,Male,*,>50K,5183
4,19,*,*,10,*,*,*,Female,*,<=50K,5184
4,20,*,*,10,*,*,*,Male,*,<=50K,5186
4,18,*,*,9,*,*,*,Male,*,<=50K,5189
4,18,*,*,9,*,*,*,Male,*,<=50K,5191
4,20,*,*,10,*,*,*,Male,*,<=50K,5192
4,12,*,*,6,*,*,*,Male,*,<=50K,5194
4,26,*,*,13,*,*,*,Male,*,<=50K,5195
4,11,*,*,6,*,*,*,Female,*,<=50K,5196
4,17,*,*,9,*,*,*,Female,*,<=50K,5197
4,12,*,*,6,*,*,*,Male,*,<=50K,5198
4,7,*,*,4,*,*,*,Female,*,<=50K,5199
4,16,*,*,8,*,*,*,Male,*,<=50K,5201
4,18,*,*,9,*,*,*,Male,*,<=50K,5203
4,19,*,*,10,*,*,*,Female,*,<=50K,5204
4,16,*,*,8,*,*,*,Male,*,<=50K,5205
4,20,*,*,10,*,*,*,Male,*,<=50K,5206
4,8,*,*,4,*,*,*,Male,*,<=50K,5207
4,19,*,*,10,*,*,*,Female,*,<=50K,5209
4,20,*,*,10,*,*,*,Male,*,<=50K,5210
4,14,*,*,7,*,*,*,Male,*,<=50K,5211
4,20,*,*,10,*,*,*,Male,*,<=50K,5213
4,20,*,*,10,*,*,*,Male,*,<=50K,5217
4,26,*,*,13,*,*,*,Male,*,<=50K,5218
4,18,*,*,9,*,*,*,Male,*,<=50K,5221
4,20,*,*,10,*,*,*,Male,*,<=50K,5223
4,18,*,*,9,*,*,*,Male,*,<=50K,5224
4,17,*,*,9,*,*,*,Female,*,<=50K,5225
4,25,*,*,13,*,*,*,Female,*,<=50K,5226
4,20,*,*,10,*,*,*,Male,*,<=50K,5227
4,26,*,*,13,*,*,*,Male,*,<=50K,5228
4,26,*,*,13,*,*,*,Male,*,<=50K,5229
4,18,*,*,9,*,*,*,Male,*,>50K,5230
4,17,*,*,9,*,*,*,Female,*,<=50K,5231
4,25,*,*,13,*,*,*,Female,*,<=50K,5232
4,14,*,*,7,*,*,*,Male,*,<=50K,5233
4,26,*,*,13,*,*,*,Male,*,<=50K,5234
4,14,*,*,7,*,*,*,Male,*,<=50K,5235
4,17,*,*,9,*,*,*,Female,*,<=50K,5236
4,18,*,*,9,*,*,*,Male,*,<=50K,5239
4,18,*,*,9,*,*,*,Male,*,<=50K,5240
4,18,*,*,9,*,*,*,Male,*,<=50K,5241
4,12,*,*,6,*,*,*,Male,*,<=50K,5242
4,20,*,*,10,*,*,*,Male,*,<=50K,5243
4,23,*,*,12,*,*,*,Female,*,>50K,5245
4,28,*,*,14,*,*,*,Male,*,>50K,5246
4,18,*,*,9,*,*,*,Male,*,>50K,5247
4,26,*,*,13,*,*,*,Male,*,<=50K,5248
4,19,*,*,10,*,*,*,Female,*,<=50K,5250
4,14,*,*,7,*,*,*,Male,*,<=50K,5251
4,18,*,*,9,*,*,*,Male,*,<=50K,5252
4,20,*,*,10,*,*,*,Male,*,>50K,5253
4,17,*,*,9,*,*,*,Female,*,<=50K,5254
4,20,*,*,10,*,*,*,Male,*,<=50K,5255
4,17,*,*,9,*,*,*,Female,*,<=50K,5256
4,30,*,*,15,*,*,*,Male,*,>50K,5257
4,17,*,*,9,*,*,*,Female,*,<=50K,5259
4,24,*,*,12,*,*,*,Male,*,>50K,5260
4,6,*,*,3,*,*,*,Male,*,<=50K,5261
4,4,*,*,2,*,*,*,Male,*,<=50K,5262
4,20,*,*,10,*,*,*,Male,*,>50K,5263
4,11,*,*,6,*,*,*,Female,*,<=50K,5264
4,26,*,*,13,*,*,*,Male,*,>50K,5265
4,17,*,*,9,*,*,*,Female,*,<=50K,5266
4,26,*,*,13,*,*,*,Male,*,>50K,5267
4,17,*,*,9,*,*,*,Female,*,>50K,5269
4,18,*,*,9,*,*,*,Male,*,<=50K,5271
4,26,*,*,13,*,*,*,Male,*,>50K,5272
4,11,*,*,6,*,*,*,Female,*,<=50K,5273
4,20,*,*,10,*,*,*,Male,*,<=50K,5274
4,10,*,*,5,*,*,*,Male,*,<=50K,5275
4,18,*,*,9,*,*,*,Male,*,<=50K,5276
4,18,*,*,9,*,*,*,Male,*,<=50K,5277
4,18,*,*,9,*,*,*,Male,*,>50K,5278
4,18,*,*,9,*,*,*,Male,*,<=50K,5279
4,20,*,*,10,*,*,*,Male,*,<=50K,5280
4,12,*,*,6,*,*,*,Male,*,<=50K,5281
4,26,*,*,13,*,*,*,Male,*,>50K,5282
4,8,*,*,4,*,*,*,Male,*,<=50K,5284
4,18,*,*,9,*,*,*,Male,*,<=50K,5285
4,20,*,*,10,*,*,*,Male,*,>50K,5286
4,14,*,*,7,*,*,*,Male,*,<=50K,5287
4,30,*,*,15,*,*,*,Male,*,>50K,5289
4,20,*,*,10,*,*,*,Male,*,<=50K,5290
4,20,*,*,10,*,*,*,Male,*,<=50K,5291
4,23,*,*,12,*,*,*,Female,*,>50K,5292
4,28,*,*,14,*,*,*,Male,*,<=50K,5293
4,20,*,*,10,*,*,*,Male,*,<=50K,5294
4,20,*,*,10,*,*,*,Male,*,<=50K,5295
4,18,*,*,9,*,*,*,Male,*,<=50K,5296
4,17,*,*,9,*,*,*,Female,*,<=50K,5297
4,18,*,*,9,*,*,*,Male,*,<=50K,5298
4,17,*,*,9,*,*,*,Female,*,<=50K,5299
4,17,*,*,9,*,*,*,Female,*,<=50K,5301
4,9,*,*,5,*,*,*,Female,*,<=50K,5302
4,32,*,*,16,*,*,*,Male,*,>50K,5303
4,17,*,*,9,*,*,*,Female,*,<=50K,5304
4,18,*,*,9,*,*,*,Male,*,<=50K,5305
4,20,*,*,10,*,*,*,Male,*,<=50K,5306
4,20,*,*,10,*,*,*,Male,*,<=50K,5308
4,18,*,*,9,*,*,*,Male,*,<=50K,5309
4,28,*,*,14,*,*,*,Male,*,<=50K,5310
4,19,*,*,10,*,*,*,Female,*,<=50K,5311
4,19,*,*,10,*,*,*,Female,*,<=50K,5312
4,20,*,*,10,*,*,*,Male,*,<=50K,5313
4,17,*,*,9,*,*,*,Female,*,<=50K,5314
4,18,*,*,9,*,*,*,Male,*,<=50K,5315
4,18,*,*,9,*,*,*,Male,*,>50K,5316
4,26,*,*,13,*,*,*,Male,*,<=50K,5317
4,16,*,*,8,*,*,*,Male,*,<=50K,5319
4,26,*,*,13,*,*,*,Male,*,>50K,5320
4,18,*,*,9,*,*,*,Male,*,<=50K,5321
4,19,*,*,10,*,*,*,Female,*,<=50K,5322
4,25,*,*,13,*,*,*,Female,*,<=50K,5323
4,26,*,*,13,*,*,*,Male,*,>50K,5325
4,18,*,*,9,*,*,*,Male,*,<=50K,5326
4,26,*,*,13,*,*,*,Male,*,>50K,5329
4,20,*,*,10,*,*,*,Male,*,>50K,5330
4,17,*,*,9,*,*,*,Female,*,<=50K,5331
4,20,*,*,10,*,*,*,Male,*,<=50K,5332
4,18,*,*,9,*,*,*,Male,*,>50K,5333
4,18,*,*,9,*,*,*,Male,*,<=50K,5334
4,27,*,*,14,*,*,*,Female,*,>50K,5335
4,22,*,*,11,*,*,*,Male,*,<=50K,5336
4,20,*,*,10,*,*,*,Male,*,<=50K,5337
4,18,*,*,9,*,*,*,Male,*,<=50K,5338
4,26,*,*,13,*,*,*,Male,*,<=50K,5339
4,22,*,*,11,*,*,*,Male,*,<=50K,5340
4,18,*,*,9,*,*,*,Male,*,<=50K,5342
4,26,*,*,13,*,*,*,Male,*,>50K,5343
4,13,*,*,7,*,*,*,Female,*,<=50K,5344
4,25,*,*,13,*,*,*,Female,*,<=50K,5346
4,20,*,*,10,*,*,*,Male,*,<=50K,5347
4,19,*,*,10,*,*,*,Female,*,<=50K,5348
4,26,*,*,13,*,*,*,Male,*,<=50K,5349
4,17,*,*,9,*,*,*,Female,*,<=50K,5350
4,17,*,*,9,*,*,*,Female,*,<=50K,5351
4,13,*,*,7,*,*,*,Female,*,<=50K,5352
4,17,*,*,9,*,*,*,Female,*,<=50K,5353
4,18,*,*,9,*,*,*,Male,*,<=50K,5354
4,11,*,*,6,*,*,*,Female,*,<=50K,5356
4,18,*,*,9,*,*,*,Male,*,>50K,5357
4,25,*,*,13,*,*,*,Female,*,<=50K,5358
4,26,*,*,13,*,*,*,Male,*,<=50K,5359
4,18,*,*,9,*,*,*,Male,*,<=50K,5360
4,19,*,*,10,*,*,*,Female,*,<=50K,5361
4,19,*,*,10,*,*,*,Female,*,>50K,5362
4,25,*,*,13,*,*,*,Female,*,<=50K,5363
4,12,*,*,6,*,*,*,Male,*,<=50K,5364
4,18,*,*,9,*,*,*,Male,*,<=50K,5365
4,18,*,*,9,*,*,*,Male,*,<=50K,5367
4,17,*,*,9,*,*,*,Female,*,>50K,5368
4,12,*,*,6,*,*,*,Male,*,<=50K,5369
4,14,*,*,7,*,*,*,Male,*,<=50K,5370
4,18,*,*,9,*,*,*,Male,*,<=50K,5371
4,12,*,*,6,*,*,*,Male,*,<=50K,5372
4,26,*,*,13,*,*,*,Male,*,>50K,5373
4,27,*,*,14,*,*,*,Female,*,>50K,5374
4,23,*,*,12,*,*,*,Female,*,<=50K,5375
4,5,*,*,3,*,*,*,Female,*,<=50K,5376
4,10,*,*,5,*,*,*,Male,*,<=50K,5377
4,24,*,*,12,*,*,*,Male,*,<=50K,5378
4,9,*,*,5,*,*,*,Female,*,<=50K,5379
4,20,*,*,10,*,*,*,Male,*,<=50K,5381
4,24,*,*,12,*,*,*,Male,*,<=50K,5383
4,18,*,*,9,*,*,*,Male,*,>50K,5384
4,7,*,*,4,*,*,*,Female,*,<=50K,5385
4,26,*,*,13,*,*,*,Male,*,<=50K,5386
4,19,*,*,10,*,*,*,Female,*,<=50K,5387
4,30,*,*,15,*,*,*,Male,*,>50K,5389
4,14,*,*,7,*,*,*,Male,*,<=50K,5391
4,18,*,*,9,*,*,*,Male,*,<=50K,5392
4,18,*,*,9,*,*,*,Male,*,<=50K,5393
4,18,*,*,9,*,*,*,Male,*,<=50K,5394
4,26,*,*,13,*,*,*,Male,*,>50K,5395
4,13,*,*,7,*,*,*,Female,*,<=50K,5396
4,18,*,*,9,*,*,*,Male,*,<=50K,5398
4,17,*,*,9,*,*,*,Female,*,<=50K,5399
4,26,*,*,13,*,*,*,Male,*,>50K,5400
4,8,*,*,4,*,*,*,Male,*,<=50K,5401
4,8,*,*,4,*,*,*,Male,*,<=50K,5402
4,20,*,*,10,*,*,*,Male,*,<=50K,5403
4,18,*,*,9,*,*,*,Male,*,>50K,5404
4,17,*,*,9,*,*,*,Female,*,<=50K,5408
4,20,*,*,10,*,*,*,Male,*,<=50K,5409
4,17,*,*,9,*,*,*,Female,*,<=50K,5410
4,20,*,*,10,*,*,*,Male,*,<=50K,5411
4,27,*,*,14,*,*,*,Female,*,<=50K,5412
4,18,*,*,9,*,*,*,Male,*,<=50K,5413
4,17,*,*,9,*,*,*,Female,*,<=50K,5414
4,28,*,*,14,*,*,*,Male,*,<=50K,5415
4,18,*,*,9,*,*,*,Male,*,<=50K,5416
4,20,*,*,10,*,*,*,Male,*,<=50K,5417
4,20,*,*,10,*,*,*,Male,*,<=50K,5419
4,8,*,*,4,*,*,*,Male,*,<=50K,5422
4,19,*,*,10,*,*,*,Female,*,<=50K,5423
4,25,*,*,13,*,*,*,Female,*,<=50K,5424
4,18,*,*,9,*,*,*,Male,*,<=50K,5425
4,10,*,*,5,*,*,*,Male,*,<=50K,5426
4,26,*,*,13,*,*,*,Male,*,<=50K,5427
4,25,*,*,13,*,*,*,Female,*,<=50K,5429
4,27,*,*,14,*,*,*,Female,*,<=50K,5430
4,17,*,*,9,*,*,*,Female,*,<=50K,5431
4,18,*,*,9,*,*,*,Male,*,<=50K,5432
4,23,*,*,12,*,*,*,Female,*,>50K,5433
4,18,*,*,9,*,*,*,Male,*,<=50K,5434
4,20,*,*,10,*,*,*,Male,*,<=50K,5435
4,18,*,*,9,*,*,*,Male,*,<=50K,5436
4,20,*,*,10,*,*,*,Male,*,<=50K,5438
4,17,*,*,9,*,*,*,Female,*,<=50K,5439
4,10,*,*,5,*,*,*,Male,*,<=50K,5440
4,12,*,*,6,*,*,*,Male,*,<=50K,5442
4,18,*,*,9,*,*,*,Male,*,<=50K,5443
4,26,*,*,13,*,*,*,Male,*,<=50K,5445
4,20,*,*,10,*,*,*,Male,*,<=50K,5446
4,20,*,*,10,*,*,*,Male,*,>50K,5448
4,26,*,*,13,*,*,*,Male,*,<=50K,5449
4,19,*,*,10,*,*,*,Female,*,<=50K,5450
4,26,*,*,13,*,*,*,Male,*,>50K,5452
4,17,*,*,9,*,*,*,Female,*,>50K,5453
4,17,*,*,9,*,*,*,Female,*,<=50K,5456
4,17,*,*,9,*,*,*,Female,*,<=50K,5457
4,20,*,*,10,*,*,*,Male,*,>50K,5458
4,18,*,*,9,*,*,*,Male,*,<=50K,5459
4,19,*,*,10,*,*,*,Female,*,<=50K,5460
4,26,*,*,13,*,*,*,Male,*,>50K,5466
4,26,*,*,13,*,*,*,Male,*,<=50K,5467
4,14,*,*,7,*,*,*,Male,*,<=50K,5468
4,18,*,*,9,*,*,*,Male,*,<=50K,5469
4,26,*,*,13,*,*,*,Male,*,<=50K,5470
4,7,*,*,4,*,*,*,Female,*,<=50K,5471
4,18,*,*,9,*,*,*,Male,*,<=50K,5472
4,17,*,*,9,*,*,*,Female,*,<=50K,5473
4,20,*,*,10,*,*,*,Male,*,>50K,5474
4,18,*,*,9,*,*,*,Male,*,>50K,5475
4,27,*,*,14,*,*,*,Female,*,<=50K,5476
4,12,*,*,6,*,*,*,Male,*,<=50K,5477
4,10,*,*,5,*,*,*,Male,*,<=50K,5478
4,14,*,*,7,*,*,*,Male,*,<=50K,5479
4,18,*,*,9,*,*,*,Male,*,<=50K,5480
4,30,*,*,15,*,*,*,Male,*,<=50K,5481
4,4,*,*,2,*,*,*,Male,*,<=50K,5482
4,20,*,*,10,*,*,*,Male,*,<=50K,5483
4,26,*,*,13,*,*,*,Male,*,<=50K,5484
4,22,*,*,11,*,*,*,Male,*,<=50K,5485
4,26,*,*,13,*,*,*,Male,*,<=50K,5486
4,25,*,*,13,*,*,*,Female,*,<=50K,5487
4,28,*,*,14,*,*,*,Male,*,>50K,5489
4,20,*,*,10,*,*,*,Male,*,>50K,5490
4,25,*,*,13,*,*,*,Female,*,<=50K,5491
4,26,*,*,13,*,*,*,Male,*,>50K,5492
4,18,*,*,9,*,*,*,Male,*,<=50K,5493
4,28,*,*,14,*,*,*,Male,*,<=50K,5494
4,20,*,*,10,*,*,*,Male,*,<=50K,5495
4,7,*,*,4,*,*,*,Female,*,<=50K,5496
4,17,*,*,9,*,*,*,Female,*,>50K,5497
4,18,*,*,9,*,*,*,Male,*,<=50K,5498
4,26,*,*,13,*,*,*,Male,*,<=50K,5499
4,26,*,*,13,*,*,*,Male,*,<=50K,5500
4,25,*,*,13,*,*,*,Female,*,<=50K,5501
4,26,*,*,13,*,*,*,Male,*,>50K,5502
4,17,*,*,9,*,*,*,Female,*,<=50K,5503
4,20,*,*,10,*,*,*,Male,*,<=50K,5504
4,12,*,*,6,*,*,*,Male,*,<=50K,5505
4,13,*,*,7,*,*,*,Female,*,<=50K,5507
4,27,*,*,14,*,*,*,Female,*,<=50K,5508
4,17,*,*,9,*,*,*,Female,*,<=50K,5509
4,26,*,*,13,*,*,*,Male,*,<=50K,5510
4,26,*,*,13,*,*,*,Male,*,<=50K,5512
4,18,*,*,9,*,*,*,Male,*,<=50K,5513
4,26,*,*,13,*,*,*,Male,*,<=50K,5514
4,18,*,*,9,*,*,*,Male,*,<=50K,5515
4,12,*,*,6,*,*,*,Male,*,<=50K,5516
4,14,*,*,7,*,*,*,Male,*,<=50K,5517
4,18,*,*,9,*,*,*,Male,*,<=50K,5518
4,17,*,*,9,*,*,*,Female,*,<=50K,5519
4,20,*,*,10,*,*,*,Male,*,>50K,5521
4,28,*,*,14,*,*,*,Male,*,>50K,5523
4,26,*,*,13,*,*,*,Male,*,>50K,5524
4,26,*,*,13,*,*,*,Male,*,<=50K,5525
4,17,*,*,9,*,*,*,Female,*,<=50K,5526
4,17,*,*,9,*,*,*,Female,*,<=50K,5528
4,12,*,*,6,*,*,*,Male,*,<=50K,5529
4,20,*,*,10,*,*,*,Male,*,<=50K,5531
4,18,*,*,9,*,*,*,Male,*,<=50K,5532
4,18,*,*,9,*,*,*,Male,*,<=50K,5533
4,26,*,*,13,*,*,*,Male,*,<=50K,5534
4,19,*,*,10,*,*,*,Female,*,<=50K,5535
4,14,*,*,7,*,*,*,Male,*,>50K,5536
4,29,*,*,15,*,*,*,Female,*,<=50K,5538
4,18,*,*,9,*,*,*,Male,*,>50K,5539
4,25,*,*,13,*,*,*,Female,*,<=50K,5540
4,18,*,*,9,*,*,*,Male,*,<=50K,5541
4,20,*,*,10,*,*,*,Male,*,>50K,5542
4,18,*,*,9,*,*,*,Male,*,<=50K,5543
4,19,*,*,10,*,*,*,Female,*,<=50K,5544
4,18,*,*,9,*,*,*,Male,*,<=50K,5545
4,20,*,*,10,*,*,*,Male,*,>50K,5546
4,18,*,*,9,*,*,*,Male,*,<=50K,5547
4,18,*,*,9,*,*,*,Male,*,>50K,5550
4,27,*,*,14,*,*,*,Female,*,<=50K,5551
4,26,*,*,13,*,*,*,Male,*,>50K,5552
4,18,*,*,9,*,*,*,Male,*,<=50K,5553
4,19,*,*,10,*,*,*,Female,*,<=50K,5555
4,9,*,*,5,*,*,*,Female,*,>50K,5556
4,26,*,*,13,*,*,*,Male,*,<=50K,5557
4,19,*,*,10,*,*,*,Female,*,<=50K,5559
4,18,*,*,9,*,*,*,Male,*,<=50K,5560
4,19,*,*,10,*,*,*,Female,*,<=50K,5561
4,19,*,*,10,*,*,*,Female,*,<=50K,5562
4,19,*,*,10,*,*,*,Female,*,<=50K,5563
4,25,*,*,13,*,*,*,Female,*,<=50K,5564
4,28,*,*,14,*,*,*,Male,*,>50K,5565
4,14,*,*,7,*,*,*,Male,*,<=50K,5566
4,32,*,*,16,*,*,*,Male,*,<=50K,5568
4,20,*,*,10,*,*,*,Male,*,<=50K,5569
4,23,*,*,12,*,*,*,Female,*,<=50K,5570
4,26,*,*,13,*,*,*,Male,*,<=50K,5571
4,22,*,*,11,*,*,*,Male,*,>50K,5572
4,18,*,*,9,*,*,*,Male,*,<=50K,5573
4,20,*,*,10,*,*,*,Male,*,<=50K,5574
4,28,*,*,14,*,*,*,Male,*,<=50K,5575
4,22,*,*,11,*,*,*,Male,*,<=50K,5576
4,18,*,*,9,*,*,*,Male,*,<=50K,5577
4,14,*,*,7,*,*,*,Male,*,<=50K,5578
4,17,*,*,9,*,*,*,Female,*,<=50K,5579
4,12,*,*,6,*,*,*,Male,*,<=50K,5580
4,20,*,*,10,*,*,*,Male,*,<=50K,5581
4,20,*,*,10,*,*,*,Male,*,>50K,5582
4,7,*,*,4,*,*,*,Female,*,<=50K,5584
4,20,*,*,10,*,*,*,Male,*,<=50K,5585
4,26,*,*,13,*,*,*,Male,*,>50K,5586
4,12,*,*,6,*,*,*,Male,*,<=50K,5588
4,20,*,*,10,*,*,*,Male,*,<=50K,5589
4,19,*,*,10,*,*,*,Female,*,<=50K,5591
4,26,*,*,13,*,*,*,Male,*,>50K,5592
4,20,*,*,10,*,*,*,Male,*,<=50K,5594
4,17,*,*,9,*,*,*,Female,*,<=50K,5595
4,8,*,*,4,*,*,*,Male,*,<=50K,5596
4,18,*,*,9,*,*,*,Male,*,<=50K,5597
4,18,*,*,9,*,*,*,Male,*,<=50K,5598
4,15,*,*,8,*,*,*,Female,*,<=50K,5599
4,17,*,*,9,*,*,*,Female,*,<=50K,5600
4,25,*,*,13,*,*,*,Female,*,<=50K,5601
4,19,*,*,10,*,*,*,Female,*,<=50K,5602
4,17,*,*,9,*,*,*,Female,*,<=50K,5603
4,18,*,*,9,*,*,*,Male,*,>50K,5604
4,17,*,*,9,*,*,*,Female,*,<=50K,5605
4,25,*,*,13,*,*,*,Female,*,>50K,5606
4,20,*,*,10,*,*,*,Male,*,<=50K,5607
4,26,*,*,13,*,*,*,Male,*,<=50K,5608
4,14,*,*,7,*,*,*,Male,*,<=50K,5609
4,20,*,*,10,*,*,*,Male,*,>50K,5610
4,20,*,*,10,*,*,*,Male,*,>50K,5611
4,18,*,*,9,*,*,*,Male,*,<=50K,5612
4,17,*,*,9,*,*,*,Female,*,<=50K,5613
4,20,*,*,10,*,*,*,Male,*,<=50K,5614
4,18,*,*,9,*,*,*,Male,*,<=50K,5615
4,20,*,*,10,*,*,*,Male,*,<=50K,5616
4,17,*,*,9,*,*,*,Female,*,<=50K,5617
4,26,*,*,13,*,*,*,Male,*,>50K,5618
4,24,*,*,12,*,*,*,Male,*,>50K,5622
4,18,*,*,9,*,*,*,Male,*,<=50K,5623
4,17,*,*,9,*,*,*,Female,*,>50K,5624
4,18,*,*,9,*,*,*,Male,*,>50K,5625
4,24,*,*,12,*,*,*,Male,*,>50K,5626
4,20,*,*,10,*,*,*,Male,*,<=50K,5627
4,26,*,*,13,*,*,*,Male,*,>50K,5628
4,17,*,*,9,*,*,*,Female,*,<=50K,5630
4,20,*,*,10,*,*,*,Male,*,>50K,5631
4,25,*,*,13,*,*,*,Female,*,>50K,5632
4,17,*,*,9,*,*,*,Female,*,<=50K,5634
4,19,*,*,10,*,*,*,Female,*,<=50K,5635
4,18,*,*,9,*,*,*,Male,*,<=50K,5636
4,18,*,*,9,*,*,*,Male,*,>50K,5637
4,19,*,*,10,*,*,*,Female,*,<=50K,5638
4,17,*,*,9,*,*,*,Female,*,<=50K,5639
4,26,*,*,13,*,*,*,Male,*,<=50K,5640
4,27,*,*,14,*,*,*,Female,*,<=50K,5642
4,17,*,*,9,*,*,*,Female,*,<=50K,5644
4,17,*,*,9,*,*,*,Female,*,<=50K,5645
4,18,*,*,9,*,*,*,Male,*,<=50K,5646
4,26,*,*,13,*,*,*,Male,*,<=50K,5647
4,5,*,*,3,*,*,*,Female,*,<=50K,5648
4,18,*,*,9,*,*,*,Male,*,<=50K,5649
4,18,*,*,9,*,*,*,Male,*,<=50K,5650
4,17,*,*,9,*,*,*,Female,*,>50K,5651
4,13,*,*,7,*,*,*,Female,*,<=50K,5653
4,17,*,*,9,*,*,*,Female,*,<=50K,5655
4,27,*,*,14,*,*,*,Female,*,<=50K,5656
4,17,*,*,9,*,*,*,Female,*,<=50K,5657
4,19,*,*,10,*,*,*,Female,*,<=50K,5658
4,19,*,*,10,*,*,*,Female,*,<=50K,5659
4,17,*,*,9,*,*,*,Female,*,<=50K,5660
4,26,*,*,13,*,*,*,Male,*,>50K,5661
4,27,*,*,14,*,*,*,Female,*,<=50K,5662
4,18,*,*,9,*,*,*,Male,*,<=50K,5663
4,19,*,*,10,*,*,*,Female,*,<=50K,5664
4,27,*,*,14,*,*,*,Female,*,<=50K,5665
4,18,*,*,9,*,*,*,Male,*,<=50K,5666
4,18,*,*,9,*,*,*,Male,*,<=50K,5667
4,13,*,*,7,*,*,*,Female,*,<=50K,5668
4,26,*,*,13,*,*,*,Male,*,<=50K,5670
4,20,*,*,10,*,*,*,Male,*,<=50K,5671
4,14,*,*,7,*,*,*,Male,*,<=50K,5672
4,20,*,*,10,*,*,*,Male,*,<=50K,5673
4,11,*,*,6,*,*,*,Female,*,<=50K,5674
4,26,*,*,13,*,*,*,Male,*,>50K,5676
4,6,*,*,3,*,*,*,Male,*,>50K,5677
4,14,*,*,7,*,*,*,Male,*,<=50K,5679
4,18,*,*,9,*,*,*,Male,*,<=50K,5681
4,26,*,*,13,*,*,*,Male,*,>50K,5682
4,22,*,*,11,*,*,*,Male,*,<=50K,5683
4,11,*,*,6,*,*,*,Female,*,<=50K,5684
4,18,*,*,9,*,*,*,Male,*,<=50K,5685
4,18,*,*,9,*,*,*,Male,*,<=50K,5687
4,10,*,*,5,*,*,*,Male,*,<=50K,5688
4,18,*,*,9,*,*,*,Male,*,<=50K,5689
4,25,*,*,13,*,*,*,Female,*,>50K,5690
4,20,*,*,10,*,*,*,Male,*,<=50K,5691
4,17,*,*,9,*,*,*,Female,*,<=50K,5692
4,24,*,*,12,*,*,*,Male,*,>50K,5693
4,26,*,*,13,*,*,*,Male,*,>50K,5694
4,23,*,*,12,*,*,*,Female,*,>50K,5695
4,28,*,*,14,*,*,*,Male,*,>50K,5696
4,8,*,*,4,*,*,*,Male,*,<=50K,5697
4,28,*,*,14,*,*,*,Male,*,>50K,5698
4,18,*,*,9,*,*,*,Male,*,<=50K,5699
4,28,*,*,14,*,*,*,Male,*,<=50K,5700
4,26,*,*,13,*,*,*,Male,*,<=50K,5701
4,19,*,*,10,*,*,*,Female,*,<=50K,5703
4,14,*,*,7,*,*,*,Male,*,>50K,5704
4,19,*,*,10,*,*,*,Female,*,<=50K,5705
4,15,*,*,8,*,*,*,Female,*,<=50K,5706
4,10,*,*,5,*,*,*,Male,*,<=50K,5707
4,26,*,*,13,*,*,*,Male,*,<=50K,5708
4,18,*,*,9,*,*,*,Male,*,<=50K,5709
4,20,*,*,10,*,*,*,Male,*,>50K,5710
4,25,*,*,13,*,*,*,Female,*,<=50K,5711
4,25,*,*,13,*,*,*,Female,*,>50K,5712
4,24,*,*,12,*,*,*,Male,*,<=50K,5714
4,25,*,*,13,*,*,*,Female,*,<=50K,5716
4,17,*,*,9,*,*,*,Female,*,<=50K,5717
4,17,*,*,9,*,*,*,Female,*,>50K,5718
4,18,*,*,9,*,*,*,Male,*,>50K,5719
4,26,*,*,13,*,*,*,Male,*,<=50K,5721
4,18,*,*,9,*,*,*,Male,*,<=50K,5722
4,17,*,*,9,*,*,*,Female,*,<=50K,5723
4,20,*,*,10,*,*,*,Male,*,>50K,5725
4,28,*,*,14,*,*,*,Male,*,>50K,5727
4,17,*,*,9,*,*,*,Female,*,<=50K,5729
4,8,*,*,4,*,*,*,Male,*,<=50K,5732
4,14,*,*,7,*,*,*,Male,*,<=50K,5733
4,26,*,*,13,*,*,*,Male,*,<=50K,5734
4,17,*,*,9,*,*,*,Female,*,<=50K,5735
4,25,*,*,13,*,*,*,Female,*,>50K,5736
4,23,*,*,12,*,*,*,Female,*,>50K,5737
4,8,*,*,4,*,*,*,Male,*,<=50K,5738
4,25,*,*,13,*,*,*,Female,*,<=50K,5739
4,22,*,*,11,*,*,*,Male,*,>50K,5741
4,8,*,*,4,*,*,*,Male,*,<=50K,5742
4,17,*,*,9,*,*,*,Female,*,>50K,5744
4,26,*,*,13,*,*,*,Male,*,>50K,5745
4,19,*,*,10,*,*,*,Female,*,<=50K,5746
4,20,*,*,10,*,*,*,Male,*,<=50K,5747
4,8,*,*,4,*,*,*,Male,*,<=50K,5748
4,22,*,*,11,*,*,*,Male,*,>50K,5749
4,24,*,*,12,*,*,*,Male,*,>50K,5750
4,20,*,*,10,*,*,*,Male,*,>50K,5752
4,28,*,*,14,*,*,*,Male,*,<=50K,5753
4,17,*,*,9,*,*,*,Female,*,<=50K,5754
4,20,*,*,10,*,*,*,Male,*,<=50K,5755
4,26,*,*,13,*,*,*,Male,*,>50K,5756
4,19,*,*,10,*,*,*,Female,*,<=50K,5758
4,32,*,*,16,*,*,*,Male,*,>50K,5759
4,19,*,*,10,*,*,*,Female,*,<=50K,5760
4,18,*,*,9,*,*,*,Male,*,>50K,5761
4,26,*,*,13,*,*,*,Male,*,<=50K,5763
4,18,*,*,9,*,*,*,Male,*,<=50K,5765
4,26,*,*,13,*,*,*,Male,*,<=50K,5766
4,21,*,*,11,*,*,*,Female,*,<=50K,5767
4,20,*,*,10,*,*,*,Male,*,<=50K,5768
4,20,*,*,10,*,*,*,Male,*,>50K,5770
4,17,*,*,9,*,*,*,Female,*,<=50K,5772
4,18,*,*,9,*,*,*,Male,*,<=50K,5773
4,26,*,*,13,*,*,*,Male,*,<=50K,5774
4,18,*,*,9,*,*,*,Male,*,<=50K,5775
4,22,*,*,11,*,*,*,Male,*,<=50K,5776
4,20,*,*,10,*,*,*,Male,*,<=50K,5777
4,18,*,*,9,*,*,*,Male,*,<=50K,5778
4,18,*,*,9,*,*,*,Male,*,<=50K,5780
4,11,*,*,6,*,*,*,Female,*,<=50K,5781
4,29,*,*,15,*,*,*,Female,*,<=50K,5782
4,19,*,*,10,*,*,*,Female,*,<=50K,5783
4,18,*,*,9,*,*,*,Male,*,>50K,5784
4,25,*,*,13,*,*,*,Female,*,<=50K,5785
4,32,*,*,16,*,*,*,Male,*,<=50K,5786
4,25,*,*,13,*,*,*,Female,*,<=50K,5787
4,28,*,*,14,*,*,*,Male,*,>50K,5788
4,26,*,*,13,*,*,*,Male,*,>50K,5789
4,19,*,*,10,*,*,*,Female,*,<=50K,5790
4,18,*,*,9,*,*,*,Male,*,<=50K,5791
4,18,*,*,9,*,*,*,Male,*,<=50K,5792
4,20,*,*,10,*,*,*,Male,*,>50K,5793
4,17,*,*,9,*,*,*,Female,*,<=50K,5794
4,25,*,*,13,*,*,*,Female,*,<=50K,5797
4,18,*,*,9,*,*,*,Male,*,<=50K,5798
4,19,*,*,10,*,*,*,Female,*,<=50K,5799
4,26,*,*,13,*,*,*,Male,*,<=50K,5800
4,17,*,*,9,*,*,*,Female,*,<=50K,5801
4,20,*,*,10,*,*,*,Male,*,<=50K,5803
4,25,*,*,13,*,*,*,Female,*,>50K,5804
4,20,*,*,10,*,*,*,Male,*,<=50K,5805
4,20,*,*,10,*,*,*,Male,*,<=50K,5806
4,8,*,*,4,*,*,*,Male,*,<=50K,5808
4,20,*,*,10,*,*,*,Male,*,>50K,5809
4,25,*,*,13,*,*,*,Female,*,>50K,5810
4,23,*,*,12,*,*,*,Female,*,<=50K,5811
4,25,*,*,13,*,*,*,Female,*,<=50K,5812
4,20,*,*,10,*,*,*,Male,*,<=50K,5813
4,26,*,*,13,*,*,*,Male,*,<=50K,5814
4,18,*,*,9,*,*,*,Male,*,<=50K,5815
4,28,*,*,14,*,*,*,Male,*,>50K,5816
4,20,*,*,10,*,*,*,Male,*,<=50K,5817
4,18,*,*,9,*,*,*,Male,*,<=50K,5819
4,28,*,*,14,*,*,*,Male,*,>50K,5820
4,20,*,*,10,*,*,*,Male,*,<=50K,5821
4,14,*,*,7,*,*,*,Male,*,<=50K,5822
4,20,*,*,10,*,*,*,Male,*,<=50K,5823
4,22,*,*,11,*,*,*,Male,*,<=50K,5824
4,14,*,*,7,*,*,*,Male,*,<=50K,5825
4,19,*,*,10,*,*,*,Female,*,<=50K,5826
4,14,*,*,7,*,*,*,Male,*,<=50K,5827
4,28,*,*,14,*,*,*,Male,*,>50K,5830
4,22,*,*,11,*,*,*,Male,*,<=50K,5831
4,18,*,*,9,*,*,*,Male,*,<=50K,5832
4,13,*,*,7,*,*,*,Female,*,<=50K,5833
4,26,*,*,13,*,*,*,Male,*,>50K,5834
4,16,*,*,8,*,*,*,Male,*,>50K,5836
4,23,*,*,12,*,*,*,Female,*,<=50K,5838
4,26,*,*,13,*,*,*,Male,*,<=50K,5839
4,24,*,*,12,*,*,*,Male,*,<=50K,5840
4,18,*,*,9,*,*,*,Male,*,>50K,5841
4,26,*,*,13,*,*,*,Male,*,<=50K,5842
4,18,*,*,9,*,*,*,Male,*,<=50K,5844
4,22,*,*,11,*,*,*,Male,*,<=50K,5846
4,18,*,*,9,*,*,*,Male,*,<=50K,5848
4,20,*,*,10,*,*,*,Male,*,<=50K,5849
4,32,*,*,16,*,*,*,Male,*,<=50K,5850
4,17,*,*,9,*,*,*,Female,*,<=50K,5851
4,18,*,*,9,*,*,*,Male,*,>50K,5853
4,14,*,*,7,*,*,*,Male,*,<=50K,5855
4,7,*,*,4,*,*,*,Female,*,<=50K,5856
4,19,*,*,10,*,*,*,Female,*,<=50K,5857
4,26,*,*,13,*,*,*,Male,*,>50K,5858
4,26,*,*,13,*,*,*,Male,*,<=50K,5859
4,8,*,*,4,*,*,*,Male,*,<=50K,5860
4,26,*,*,13,*,*,*,Male,*,<=50K,5861
4,26,*,*,13,*,*,*,Male,*,<=50K,5863
4,17,*,*,9,*,*,*,Female,*,<=50K,5866
4,18,*,*,9,*,*,*,Male,*,<=50K,5867
4,19,*,*,10,*,*,*,Female,*,<=50K,5868
4,20,*,*,10,*,*,*,Male,*,<=50K,5869
4,8,*,*,4,*,*,*,Male,*,<=50K,5870
4,26,*,*,13,*,*,*,Male,*,>50K,5871
4,22,*,*,11,*,*,*,Male,*,<=50K,5872
4,20,*,*,10,*,*,*,Male,*,>50K,5873
4,13,*,*,7,*,*,*,Female,*,<=50K,5874
4,20,*,*,10,*,*,*,Male,*,<=50K,5875
4,12,*,*,6,*,*,*,Male,*,<=50K,5876
4,10,*,*,5,*,*,*,Male,*,<=50K,5881
4,19,*,*,10,*,*,*,Female,*,<=50K,5882
4,26,*,*,13,*,*,*,Male,*,<=50K,5886
4,10,*,*,5,*,*,*,Male,*,<=50K,5887
4,18,*,*,9,*,*,*,Male,*,>50K,5888
4,18,*,*,9,*,*,*,Male,*,<=50K,5890
4,18,*,*,9,*,*,*,Male,*,>50K,5891
4,30,*,*,15,*,*,*,Male,*,<=50K,5892
4,26,*,*,13,*,*,*,Male,*,>50K,5893
4,26,*,*,13,*,*,*,Male,*,<=50K,5894
4,18,*,*,9,*,*,*,Male,*,<=50K,5897
4,20,*,*,10,*,*,*,Male,*,<=50K,5899
4,10,*,*,5,*,*,*,Male,*,<=50K,5901
4,24,*,*,12,*,*,*,Male,*,<=50K,5903
4,20,*,*,10,*,*,*,Male,*,<=50K,5905
4,6,*,*,3,*,*,*,Male,*,<=50K,5906
4,17,*,*,9,*,*,*,Female,*,<=50K,5908
4,11,*,*,6,*,*,*,Female,*,<=50K,5909
4,25,*,*,13,*,*,*,Female,*,<=50K,5910
4,12,*,*,6,*,*,*,Male,*,<=50K,5912
4,17,*,*,9,*,*,*,Female,*,<=50K,5913
4,17,*,*,9,*,*,*,Female,*,<=50K,5914
4,18,*,*,9,*,*,*,Male,*,<=50K,5917
4,19,*,*,10,*,*,*,Female,*,<=50K,5918
4,22,*,*,11,*,*,*,Male,*,<=50K,5919
4,24,*,*,12,*,*,*,Male,*,<=50K,5920
4,22,*,*,11,*,*,*,Male,*,<=50K,5921
4,17,*,*,9,*,*,*,Female,*,<=50K,5922
4,17,*,*,9,*,*,*,Female,*,<=50K,5923
4,28,*,*,14,*,*,*,Male,*,>50K,5925
4,25,*,*,13,*,*,*,Female,*,<=50K,5926
4,21,*,*,11,*,*,*,Female,*,>50K,5927
4,18,*,*,9,*,*,*,Male,*,<=50K,5928
4,13,*,*,7,*,*,*,Female,*,<=50K,5929
4,12,*,*,6,*,*,*,Male,*,<=50K,5930
4,18,*,*,9,*,*,*,Male,*,<=50K,5931
4,20,*,*,10,*,*,*,Male,*,<=50K,5932
4,14,*,*,7,*,*,*,Male,*,<=50K,5933
4,32,*,*,16,*,*,*,Male,*,>50K,5935
4,18,*,*,9,*,*,*,Male,*,<=50K,5936
4,17,*,*,9,*,*,*,Female,*,<=50K,5937
4,8,*,*,4,*,*,*,Male,*,<=50K,5938
4,19,*,*,10,*,*,*,Female,*,<=50K,5939
4,18,*,*,9,*,*,*,Male,*,<=50K,5940
4,17,*,*,9,*,*,*,Female,*,<=50K,5941
4,14,*,*,7,*,*,*,Male,*,<=50K,5942
4,18,*,*,9,*,*,*,Male,*,<=50K,5943
4,20,*,*,10,*,*,*,Male,*,>50K,5944
4,26,*,*,13,*,*,*,Male,*,>50K,5945
4,18,*,*,9,*,*,*,Male,*,<=50K,5946
4,19,*,*,10,*,*,*,Female,*,<=50K,5947
4,5,*,*,3,*,*,*,Female,*,<=50K,5948
4,17,*,*,9,*,*,*,Female,*,<=50K,5949
4,8,*,*,4,*,*,*,Male,*,<=50K,5950
4,18,*,*,9,*,*,*,Male,*,>50K,5951
4,30,*,*,15,*,*,*,Male,*,<=50K,5952
4,18,*,*,9,*,*,*,Male,*,>50K,5953
4,24,*,*,12,*,*,*,Male,*,>50K,5954
4,18,*,*,9,*,*,*,Male,*,<=50K,5955
4,19,*,*,10,*,*,*,Female,*,<=50K,5956
4,20,*,*,10,*,*,*,Male,*,>50K,5957
4,14,*,*,7,*,*,*,Male,*,<=50K,5958
4,26,*,*,13,*,*,*,Male,*,<=50K,5960
4,20,*,*,10,*,*,*,Male,*,>50K,5961
4,22,*,*,11,*,*,*,Male,*,<=50K,5962
4,22,*,*,11,*,*,*,Male,*,<=50K,5965
4,17,*,*,9,*,*,*,Female,*,<=50K,5966
4,26,*,*,13,*,*,*,Male,*,<=50K,5967
4,19,*,*,10,*,*,*,Female,*,<=50K,5969
4,16,*,*,8,*,*,*,Male,*,<=50K,5971
4,20,*,*,10,*,*,*,Male,*,<=50K,5972
4,18,*,*,9,*,*,*,Male,*,<=50K,5973
4,19,*,*,10,*,*,*,Female,*,<=50K,5974
4,18,*,*,9,*,*,*,Male,*,<=50K,5975
4,18,*,*,9,*,*,*,Male,*,>50K,5977
4,21,*,*,11,*,*,*,Female,*,<=50K,5979
4,20,*,*,10,*,*,*,Male,*,>50K,5980
4,20,*,*,10,*,*,*,Male,*,<=50K,5981
4,17,*,*,9,*,*,*,Female,*,<=50K,5982
4,19,*,*,10,*,*,*,Female,*,<=50K,5984
4,21,*,*,11,*,*,*,Female,*,<=50K,5985
4,19,*,*,10,*,*,*,Female,*,<=50K,5986
4,17,*,*,9,*,*,*,Female,*,<=50K,5989
4,18,*,*,9,*,*,*,Male,*,<=50K,5990
4,20,*,*,10,*,*,*,Male,*,<=50K,5991
4,26,*,*,13,*,*,*,Male,*,>50K,5992
4,19,*,*,10,*,*,*,Female,*,<=50K,5993
4,9,*,*,5,*,*,*,Female,*,<=50K,5995
4,18,*,*,9,*,*,*,Male,*,<=50K,5996
4,17,*,*,9,*,*,*,Female,*,<=50K,5997
4,20,*,*,10,*,*,*,Male,*,<=50K,5998
4,28,*,*,14,*,*,*,Male,*,<=50K,6000
4,13,*,*,7,*,*,*,Female,*,<=50K,6002
4,18,*,*,9,*,*,*,Male,*,>50K,6004
4,3,*,*,2,*,*,*,Female,*,<=50K,6008
4,12,*,*,6,*,*,*,Male,*,<=50K,6009
4,4,*,*,2,*,*,*,Male,*,<=50K,6010
4,17,*,*,9,*,*,*,Female,*,<=50K,6011
4,17,*,*,9,*,*,*,Female,*,<=50K,6014
4,23,*,*,12,*,*,*,Female,*,<=50K,6015
4,18,*,*,9,*,*,*,Male,*,>50K,6017
4,24,*,*,12,*,*,*,Male,*,>50K,6018
4,26,*,*,13,*,*,*,Male,*,<=50K,6019
4,18,*,*,9,*,*,*,Male,*,<=50K,6020
4,12,*,*,6,*,*,*,Male,*,<=50K,6023
4,18,*,*,9,*,*,*,Male,*,<=50K,6024
4,19,*,*,10,*,*,*,Female,*,<=50K,6025
4,20,*,*,10,*,*,*,Male,*,<=50K,6026
4,13,*,*,7,*,*,*,Female,*,<=50K,6027
4,18,*,*,9,*,*,*,Male,*,<=50K,6028
4,18,*,*,9,*,*,*,Male,*,<=50K,6029
4,18,*,*,9,*,*,*,Male,*,<=50K,6030
4,26,*,*,13,*,*,*,Male,*,>50K,6031
4,6,*,*,3,*,*,*,Male,*,<=50K,6033
4,17,*,*,9,*,*,*,Female,*,<=50K,6034
4,22,*,*,11,*,*,*,Male,*,>50K,6035
4,18,*,*,9,*,*,*,Male,*,<=50K,6036
4,18,*,*,9,*,*,*,Male,*,>50K,6037
4,28,*,*,14,*,*,*,Male,*,<=50K,6038
4,18,*,*,9,*,*,*,Male,*,<=50K,6039
4,25,*,*,13,*,*,*,Female,*,<=50K,6040
4,24,*,*,12,*,*,*,Male,*,>50K,6041
4,12,*,*,6,*,*,*,Male,*,<=50K,6042
4,22,*,*,11,*,*,*,Male,*,<=50K,6043
4,18,*,*,9,*,*,*,Male,*,<=50K,6044
4,18,*,*,9,*,*,*,Male,*,<=50K,6045
4,28,*,*,14,*,*,*,Male,*,<=50K,6047
4,19,*,*,10,*,*,*,Female,*,<=50K,6048
4,25,*,*,13,*,*,*,Female,*,>50K,6049
4,14,*,*,7,*,*,*,Male,*,<=50K,6050
4,25,*,*,13,*,*,*,Female,*,<=50K,6051
4,19,*,*,10,*,*,*,Female,*,<=50K,6052
4,17,*,*,9,*,*,*,Female,*,<=50K,6053
4,20,*,*,10,*,*,*,Male,*,<=50K,6054
4,17,*,*,9,*,*,*,Female,*,<=50K,6055
4,8,*,*,4,*,*,*,Male,*,<=50K,6056
4,17,*,*,9,*,*,*,Female,*,<=50K,6057
4,17,*,*,9,*,*,*,Female,*,<=50K,6058
4,28,*,*,14,*,*,*,Male,*,<=50K,6059
4,26,*,*,13,*,*,*,Male,*,>50K,6060
4,20,*,*,10,*,*,*,Male,*,<=50K,6061
4,20,*,*,10,*,*,*,Male,*,<=50K,6062
4,25,*,*,13,*,*,*,Female,*,<=50K,6063
4,17,*,*,9,*,*,*,Female,*,<=50K,6064
4,19,*,*,10,*,*,*,Female,*,<=50K,6065
4,30,*,*,15,*,*,*,Male,*,<=50K,6067
4,18,*,*,9,*,*,*,Male,*,>50K,6068
4,18,*,*,9,*,*,*,Male,*,<=50K,6069
4,21,*,*,11,*,*,*,Female,*,>50K,6071
4,26,*,*,13,*,*,*,Male,*,>50K,6072
4,6,*,*,3,*,*,*,Male,*,<=50K,6074
4,19,*,*,10,*,*,*,Female,*,<=50K,6075
4,19,*,*,10,*,*,*,Female,*,>50K,6076
4,4,*,*,2,*,*,*,Male,*,<=50K,6077
4,8,*,*,4,*,*,*,Male,*,<=50K,6079
4,18,*,*,9,*,*,*,Male,*,<=50K,6080
4,19,*,*,10,*,*,*,Female,*,<=50K,6082
4,26,*,*,13,*,*,*,Male,*,<=50K,6084
4,20,*,*,10,*,*,*,Male,*,<=50K,6085
4,18,*,*,9,*,*,*,Male,*,<=50K,6090
4,26,*,*,13,*,*,*,Male,*,<=50K,6091
4,10,*,*,5,*,*,*,Male,*,<=50K,6092
4,26,*,*,13,*,*,*,Male,*,<=50K,6093
4,26,*,*,13,*,*,*,Male,*,<=50K,6095
4,20,*,*,10,*,*,*,Male,*,<=50K,6096
4,18,*,*,9,*,*,*,Male,*,<=50K,6097
4,18,*,*,9,*,*,*,Male,*,<=50K,6098
4,27,*,*,14,*,*,*,Female,*,<=50K,6099
4,12,*,*,6,*,*,*,Male,*,<=50K,6100
4,26,*,*,13,*,*,*,Male,*,<=50K,6101
4,19,*,*,10,*,*,*,Female,*,<=50K,6103
4,17,*,*,9,*,*,*,Female,*,<=50K,6104
4,18,*,*,9,*,*,*,Male,*,<=50K,6105
4,17,*,*,9,*,*,*,Female,*,<=50K,6106
4,17,*,*,9,*,*,*,Female,*,<=50K,6107
4,20,*,*,10,*,*,*,Male,*,>50K,6108
4,14,*,*,7,*,*,*,Male,*,<=50K,6111
4,21,*,*,11,*,*,*,Female,*,<=50K,6112
4,26,*,*,13,*,*,*,Male,*,<=50K,6114
4,20,*,*,10,*,*,*,Male,*,>50K,6116
4,14,*,*,7,*,*,*,Male,*,<=50K,6117
4,17,*,*,9,*,*,*,Female,*,<=50K,6118
4,27,*,*,14,*,*,*,Female,*,>50K,6119
4,26,*,*,13,*,*,*,Male,*,>50K,6120
4,17,*,*,9,*,*,*,Female,*,<=50K,6121
4,18,*,*,9,*,*,*,Male,*,<=50K,6123
4,17,*,*,9,*,*,*,Female,*,<=50K,6124
4,30,*,*,15,*,*,*,Male,*,>50K,6125
4,19,*,*,10,*,*,*,Female,*,<=50K,6126
4,18,*,*,9,*,*,*,Male,*,>50K,6127
4,18,*,*,9,*,*,*,Male,*,>50K,6128
4,17,*,*,9,*,*,*,Female,*,<=50K,6130
4,18,*,*,9,*,*,*,Male,*,<=50K,6131
4,18,*,*,9,*,*,*,Male,*,<=50K,6132
4,14,*,*,7,*,*,*,Male,*,<=50K,6134
4,20,*,*,10,*,*,*,Male,*,<=50K,6135
4,9,*,*,5,*,*,*,Female,*,<=50K,6136
4,22,*,*,11,*,*,*,Male,*,<=50K,6137
4,26,*,*,13,*,*,*,Male,*,>50K,6138
4,8,*,*,4,*,*,*,Male,*,<=50K,6139
4,18,*,*,9,*,*,*,Male,*,<=50K,6141
4,20,*,*,10,*,*,*,Male,*,<=50K,6142
4,18,*,*,9,*,*,*,Male,*,>50K,6143
4,18,*,*,9,*,*,*,Male,*,>50K,6144
4,17,*,*,9,*,*,*,Female,*,<=50K,6145
4,17,*,*,9,*,*,*,Female,*,<=50K,6146
4,19,*,*,10,*,*,*,Female,*,<=50K,6147
4,18,*,*,9,*,*,*,Male,*,<=50K,6148
4,17,*,*,9,*,*,*,Female,*,<=50K,6150
4,20,*,*,10,*,*,*,Male,*,<=50K,6151
4,25,*,*,13,*,*,*,Female,*,<=50K,6153
4,20,*,*,10,*,*,*,Male,*,<=50K,6154
4,18,*,*,9,*,*,*,Male,*,<=50K,6155
4,26,*,*,13,*,*,*,Male,*,>50K,6156
4,26,*,*,13,*,*,*,Male,*,<=50K,6157
4,18,*,*,9,*,*,*,Male,*,<=50K,6158
4,17,*,*,9,*,*,*,Female,*,<=50K,6159
4,20,*,*,10,*,*,*,Male,*,<=50K,6161
4,20,*,*,10,*,*,*,Male,*,>50K,6162
4,17,*,*,9,*,*,*,Female,*,<=50K,6163
4,28,*,*,14,*,*,*,Male,*,>50K,6164
4,20,*,*,10,*,*,*,Male,*,<=50K,6166
4,19,*,*,10,*,*,*,Female,*,<=50K,6167
4,27,*,*,14,*,*,*,Female,*,<=50K,6168
4,20,*,*,10,*,*,*,Male,*,<=50K,6169
4,17,*,*,9,*,*,*,Female,*,<=50K,6171
4,17,*,*,9,*,*,*,Female,*,<=50K,6172
4,17,*,*,9,*,*,*,Female,*,<=50K,6173
4,26,*,*,13,*,*,*,Male,*,<=50K,6174
4,14,*,*,7,*,*,*,Male,*,<=50K,6175
4,13,*,*,7,*,*,*,Female,*,<=50K,6178
4,20,*,*,10,*,*,*,Male,*,<=50K,6179
4,23,*,*,12,*,*,*,Female,*,<=50K,6181
4,12,*,*,6,*,*,*,Male,*,<=50K,6182
4,28,*,*,14,*,*,*,Male,*,<=50K,6183
4,17,*,*,9,*,*,*,Female,*,<=50K,6184
4,17,*,*,9,*,*,*,Female,*,<=50K,6185
4,25,*,*,13,*,*,*,Female,*,<=50K,6186
4,20,*,*,10,*,*,*,Male,*,<=50K,6187
4,17,*,*,9,*,*,*,Female,*,<=50K,6188
4,26,*,*,13,*,*,*,Male,*,<=50K,6189
4,6,*,*,3,*,*,*,Male,*,<=50K,6190
4,14,*,*,7,*,*,*,Male,*,<=50K,6191
4,27,*,*,14,*,*,*,Female,*,<=50K,6193
4,26,*,*,13,*,*,*,Male,*,<=50K,6195
4,12,*,*,6,*,*,*,Male,*,<=50K,6197
4,17,*,*,9,*,*,*,Female,*,<=50K,6200
4,18,*,*,9,*,*,*,Male,*,<=50K,6201
4,26,*,*,13,*,*,*,Male,*,>50K,6203
4,28,*,*,14,*,*,*,Male,*,>50K,6204
4,18,*,*,9,*,*,*,Male,*,<=50K,6205
4,20,*,*,10,*,*,*,Male,*,<=50K,6206
4,20,*,*,10,*,*,*,Male,*,>50K,6207
4,25,*,*,13,*,*,*,Female,*,<=50K,6208
4,13,*,*,7,*,*,*,Female,*,<=50K,6209
4,18,*,*,9,*,*,*,Male,*,<=50K,6210
4,11,*,*,6,*,*,*,Female,*,<=50K,6212
4,10,*,*,5,*,*,*,Male,*,<=50K,6213
4,20,*,*,10,*,*,*,Male,*,>50K,6215
4,26,*,*,13,*,*,*,Male,*,<=50K,6216
4,19,*,*,10,*,*,*,Female,*,<=50K,6218
4,19,*,*,10,*,*,*,Female,*,<=50K,6220
4,17,*,*,9,*,*,*,Female,*,<=50K,6222
4,20,*,*,10,*,*,*,Male,*,<=50K,6223
4,21,*,*,11,*,*,*,Female,*,<=50K,6224
4,16,*,*,8,*,*,*,Male,*,<=50K,6227
4,26,*,*,13,*,*,*,Male,*,<=50K,6228
4,19,*,*,10,*,*,*,Female,*,<=50K,6229
4,18,*,*,9,*,*,*,Male,*,<=50K,6230
4,20,*,*,10,*,*,*,Male,*,<=50K,6231
4,18,*,*,9,*,*,*,Male,*,<=50K,6234
4,10,*,*,5,*,*,*,Male,*,<=50K,6235
4,18,*,*,9,*,*,*,Male,*,>50K,6236
4,6,*,*,3,*,*,*,Male,*,<=50K,6240
4,14,*,*,7,*,*,*,Male,*,<=50K,6241
4,8,*,*,4,*,*,*,Male,*,<=50K,6242
4,14,*,*,7,*,*,*,Male,*,<=50K,6243
4,18,*,*,9,*,*,*,Male,*,<=50K,6244
4,26,*,*,13,*,*,*,Male,*,<=50K,6246
4,27,*,*,14,*,*,*,Female,*,>50K,6247
4,2,*,*,1,*,*,*,Male,*,<=50K,6248
4,17,*,*,9,*,*,*,Female,*,<=50K,6249
4,25,*,*,13,*,*,*,Female,*,<=50K,6250
4,17,*,*,9,*,*,*,Female,*,<=50K,6252
4,19,*,*,10,*,*,*,Female,*,<=50K,6253
4,17,*,*,9,*,*,*,Female,*,<=50K,6255
4,26,*,*,13,*,*,*,Male,*,>50K,6256
4,18,*,*,9,*,*,*,Male,*,>50K,6258
4,11,*,*,6,*,*,*,Female,*,<=50K,6259
4,28,*,*,14,*,*,*,Male,*,<=50K,6260
4,17,*,*,9,*,*,*,Female,*,<=50K,6261
4,18,*,*,9,*,*,*,Male,*,>50K,6262
4,20,*,*,10,*,*,*,Male,*,<=50K,6264
4,15,*,*,8,*,*,*,Female,*,<=50K,6266
4,18,*,*,9,*,*,*,Male,*,<=50K,6267
4,19,*,*,10,*,*,*,Female,*,<=50K,6268
4,17,*,*,9,*,*,*,Female,*,<=50K,6269
4,27,*,*,14,*,*,*,Female,*,<=50K,6270
4,13,*,*,7,*,*,*,Female,*,<=50K,6271
4,27,*,*,14,*,*,*,Female,*,<=50K,6272
4,19,*,*,10,*,*,*,Female,*,<=50K,6273
4,18,*,*,9,*,*,*,Male,*,>50K,6274
4,26,*,*,13,*,*,*,Male,*,<=50K,6275
4,18,*,*,9,*,*,*,Male,*,>50K,6276
4,8,*,*,4,*,*,*,Male,*,<=50K,6278
4,18,*,*,9,*,*,*,Male,*,<=50K,6279
4,22,*,*,11,*,*,*,Male,*,<=50K,6280
4,25,*,*,13,*,*,*,Female,*,<=50K,6283
4,12,*,*,6,*,*,*,Male,*,<=50K,6284
4,18,*,*,9,*,*,*,Male,*,<=50K,6285
4,30,*,*,15,*,*,*,Male,*,>50K,6286
4,20,*,*,10,*,*,*,Male,*,<=50K,6288
4,18,*,*,9,*,*,*,Male,*,<=50K,6289
4,13,*,*,7,*,*,*,Female,*,<=50K,6290
4,20,*,*,10,*,*,*,Male,*,<=50K,6291
4,17,*,*,9,*,*,*,Female,*,<=50K,6292
4,20,*,*,10,*,*,*,Male,*,>50K,6293
4,18,*,*,9,*,*,*,Male,*,<=50K,6294
4,13,*,*,7,*,*,*,Female,*,<=50K,6296
4,18,*,*,9,*,*,*,Male,*,<=50K,6297
4,1,*,*,1,*,*,*,Female,*,<=50K,6298
4,26,*,*,13,*,*,*,Male,*,>50K,6299
4,18,*,*,9,*,*,*,Male,*,<=50K,6300
4,26,*,*,13,*,*,*,Male,*,>50K,6301
4,26,*,*,13,*,*,*,Male,*,<=50K,6302
4,17,*,*,9,*,*,*,Female,*,<=50K,6303
4,20,*,*,10,*,*,*,Male,*,<=50K,6304
4,26,*,*,13,*,*,*,Male,*,>50K,6305
4,27,*,*,14,*,*,*,Female,*,<=50K,6306
4,12,*,*,6,*,*,*,Male,*,<=50K,6308
4,26,*,*,13,*,*,*,Male,*,<=50K,6309
4,18,*,*,9,*,*,*,Male,*,<=50K,6311
4,17,*,*,9,*,*,*,Female,*,<=50K,6312
4,18,*,*,9,*,*,*,Male,*,<=50K,6314
4,17,*,*,9,*,*,*,Female,*,<=50K,6315
4,26,*,*,13,*,*,*,Male,*,>50K,6316
4,20,*,*,10,*,*,*,Male,*,<=50K,6317
4,26,*,*,13,*,*,*,Male,*,<=50K,6318
4,18,*,*,9,*,*,*,Male,*,<=50K,6319
4,18,*,*,9,*,*,*,Male,*,>50K,6320
4,14,*,*,7,*,*,*,Male,*,<=50K,6321
4,19,*,*,10,*,*,*,Female,*,<=50K,6322
4,20,*,*,10,*,*,*,Male,*,>50K,6323
4,19,*,*,10,*,*,*,Female,*,<=50K,6325
4,10,*,*,5,*,*,*,Male,*,<=50K,6327
4,20,*,*,10,*,*,*,Male,*,<=50K,6328
4,18,*,*,9,*,*,*,Male,*,<=50K,6329
4,19,*,*,10,*,*,*,Female,*,<=50K,6330
4,25,*,*,13,*,*,*,Female,*,<=50K,6331
4,14,*,*,7,*,*,*,Male,*,>50K,6332
4,20,*,*,10,*,*,*,Male,*,<=50K,6333
4,20,*,*,10,*,*,*,Male,*,<=50K,6334
4,20,*,*,10,*,*,*,Male,*,<=50K,6336
4,20,*,*,10,*,*,*,Male,*,<=50K,6337
4,21,*,*,11,*,*,*,Female,*,<=50K,6338
4,26,*,*,13,*,*,*,Male,*,<=50K,6340
4,14,*,*,7,*,*,*,Male,*,<=50K,6341
4,26,*,*,13,*,*,*,Male,*,<=50K,6342
4,17,*,*,9,*,*,*,Female,*,<=50K,6343
4,8,*,*,4,*,*,*,Male,*,<=50K,6344
4,19,*,*,10,*,*,*,Female,*,<=50K,6347
4,21,*,*,11,*,*,*,Female,*,<=50K,6349
4,20,*,*,10,*,*,*,Male,*,<=50K,6350
4,18,*,*,9,*,*,*,Male,*,<=50K,6351
4,18,*,*,9,*,*,*,Male,*,<=50K,6352
4,28,*,*,14,*,*,*,Male,*,>50K,6354
4,18,*,*,9,*,*,*,Male,*,>50K,6356
4,26,*,*,13,*,*,*,Male,*,<=50K,6357
4,26,*,*,13,*,*,*,Male,*,>50K,6358
4,18,*,*,9,*,*,*,Male,*,<=50K,6359
4,32,*,*,16,*,*,*,Male,*,>50K,6361
4,18,*,*,9,*,*,*,Male,*,<=50K,6363
4,17,*,*,9,*,*,*,Female,*,<=50K,6367
4,20,*,*,10,*,*,*,Male,*,>50K,6368
4,18,*,*,9,*,*,*,Male,*,<=50K,6369
4,28,*,*,14,*,*,*,Male,*,>50K,6370
4,25,*,*,13,*,*,*,Female,*,<=50K,6371
4,17,*,*,9,*,*,*,Female,*,<=50K,6372
4,16,*,*,8,*,*,*,Male,*,<=50K,6373
4,29,*,*,15,*,*,*,Female,*,>50K,6375
4,26,*,*,13,*,*,*,Male,*,<=50K,6376
4,19,*,*,10,*,*,*,Female,*,<=50K,6377
4,18,*,*,9,*,*,*,Male,*,<=50K,6378
4,20,*,*,10,*,*,*,Male,*,<=50K,6379
4,20,*,*,10,*,*,*,Male,*,<=50K,6381
4,25,*,*,13,*,*,*,Female,*,<=50K,6382
4,20,*,*,10,*,*,*,Male,*,>50K,6383
4,18,*,*,9,*,*,*,Male,*,<=50K,6384
4,18,*,*,9,*,*,*,Male,*,<=50K,6385
4,18,*,*,9,*,*,*,Male,*,<=50K,6386
4,18,*,*,9,*,*,*,Male,*,>50K,6387
4,12,*,*,6,*,*,*,Male,*,<=50K,6388
4,18,*,*,9,*,*,*,Male,*,<=50K,6390
4,20,*,*,10,*,*,*,Male,*,<=50K,6391
4,23,*,*,12,*,*,*,Female,*,<=50K,6392
4,20,*,*,10,*,*,*,Male,*,<=50K,6393
4,18,*,*,9,*,*,*,Male,*,<=50K,6394
4,18,*,*,9,*,*,*,Male,*,>50K,6395
4,25,*,*,13,*,*,*,Female,*,<=50K,6397
4,17,*,*,9,*,*,*,Female,*,<=50K,6400
4,18,*,*,9,*,*,*,Male,*,<=50K,6401
4,20,*,*,10,*,*,*,Male,*,<=50K,6402
4,19,*,*,10,*,*,*,Female,*,<=50K,6403
4,28,*,*,14,*,*,*,Male,*,>50K,6405
4,20,*,*,10,*,*,*,Male,*,<=50K,6406
4,30,*,*,15,*,*,*,Male,*,>50K,6408
4,17,*,*,9,*,*,*,Female,*,<=50K,6409
4,20,*,*,10,*,*,*,Male,*,<=50K,6410
4,18,*,*,9,*,*,*,Male,*,<=50K,6411
4,20,*,*,10,*,*,*,Male,*,<=50K,6412
4,17,*,*,9,*,*,*,Female,*,<=50K,6413
4,17,*,*,9,*,*,*,Female,*,<=50K,6414
4,19,*,*,10,*,*,*,Female,*,<=50K,6415
4,26,*,*,13,*,*,*,Male,*,>50K,6416
4,25,*,*,13,*,*,*,Female,*,<=50K,6417
4,26,*,*,13,*,*,*,Male,*,>50K,6418
4,25,*,*,13,*,*,*,Female,*,<=50K,6419
4,15,*,*,8,*,*,*,Female,*,<=50K,6421
4,18,*,*,9,*,*,*,Male,*,<=50K,6422
4,19,*,*,10,*,*,*,Female,*,<=50K,6423
4,19,*,*,10,*,*,*,Female,*,<=50K,6424
4,19,*,*,10,*,*,*,Female,*,<=50K,6426
4,32,*,*,16,*,*,*,Male,*,>50K,6428
4,18,*,*,9,*,*,*,Male,*,<=50K,6429
4,20,*,*,10,*,*,*,Male,*,<=50K,6430
4,26,*,*,13,*,*,*,Male,*,<=50K,6431
4,6,*,*,3,*,*,*,Male,*,<=50K,6432
4,19,*,*,10,*,*,*,Female,*,<=50K,6433
4,20,*,*,10,*,*,*,Male,*,<=50K,6434
4,18,*,*,9,*,*,*,Male,*,<=50K,6438
4,26,*,*,13,*,*,*,Male,*,<=50K,6439
4,20,*,*,10,*,*,*,Male,*,<=50K,6440
4,23,*,*,12,*,*,*,Female,*,>50K,6441
4,13,*,*,7,*,*,*,Female,*,<=50K,6442
4,20,*,*,10,*,*,*,Male,*,<=50K,6443
4,26,*,*,13,*,*,*,Male,*,>50K,6444
4,18,*,*,9,*,*,*,Male,*,<=50K,6445
4,20,*,*,10,*,*,*,Male,*,<=50K,6446
4,17,*,*,9,*,*,*,Female,*,<=50K,6447
4,18,*,*,9,*,*,*,Male,*,>50K,6449
4,18,*,*,9,*,*,*,Male,*,<=50K,6450
4,18,*,*,9,*,*,*,Male,*,<=50K,6451
4,26,*,*,13,*,*,*,Male,*,>50K,6452
4,18,*,*,9,*,*,*,Male,*,<=50K,6453
4,25,*,*,13,*,*,*,Female,*,<=50K,6454
4,20,*,*,10,*,*,*,Male,*,<=50K,6455
4,18,*,*,9,*,*,*,Male,*,<=50K,6457
4,26,*,*,13,*,*,*,Male,*,<=50K,6458
4,32,*,*,16,*,*,*,Male,*,>50K,6459
4,26,*,*,13,*,*,*,Male,*,>50K,6460
4,18,*,*,9,*,*,*,Male,*,>50K,6461
4,20,*,*,10,*,*,*,Male,*,<=50K,6463
4,18,*,*,9,*,*,*,Male,*,<=50K,6464
4,22,*,*,11,*,*,*,Male,*,>50K,6465
4,28,*,*,14,*,*,*,Male,*,<=50K,6466
4,18,*,*,9,*,*,*,Male,*,<=50K,6467
4,18,*,*,9,*,*,*,Male,*,<=50K,6468
4,17,*,*,9,*,*,*,Female,*,>50K,6469
4,11,*,*,6,*,*,*,Female,*,<=50K,6470
4,28,*,*,14,*,*,*,Male,*,>50K,6471
4,26,*,*,13,*,*,*,Male,*,>50K,6472
4,18,*,*,9,*,*,*,Male,*,<=50K,6473
4,19,*,*,10,*,*,*,Female,*,<=50K,6474
4,28,*,*,14,*,*,*,Male,*,<=50K,6475
4,20,*,*,10,*,*,*,Male,*,<=50K,6476
4,19,*,*,10,*,*,*,Female,*,<=50K,6477
4,20,*,*,10,*,*,*,Male,*,<=50K,6478
4,18,*,*,9,*,*,*,Male,*,<=50K,6480
4,17,*,*,9,*,*,*,Female,*,<=50K,6481
4,18,*,*,9,*,*,*,Male,*,>50K,6483
4,18,*,*,9,*,*,*,Male,*,<=50K,6484
4,24,*,*,12,*,*,*,Male,*,<=50K,6485
4,17,*,*,9,*,*,*,Female,*,<=50K,6486
4,25,*,*,13,*,*,*,Female,*,>50K,6487
4,26,*,*,13,*,*,*,Male,*,<=50K,6489
4,17,*,*,9,*,*,*,Female,*,<=50K,6490
4,20,*,*,10,*,*,*,Male,*,<=50K,6491
4,12,*,*,6,*,*,*,Male,*,>50K,6492
4,7,*,*,4,*,*,*,Female,*,<=50K,6493
4,18,*,*,9,*,*,*,Male,*,<=50K,6495
4,18,*,*,9,*,*,*,Male,*,<=50K,6496
4,6,*,*,3,*,*,*,Male,*,<=50K,6497
4,18,*,*,9,*,*,*,Male,*,<=50K,6498
4,20,*,*,10,*,*,*,Male,*,>50K,6500
4,26,*,*,13,*,*,*,Male,*,>50K,6504
4,12,*,*,6,*,*,*,Male,*,<=50K,6506
4,17,*,*,9,*,*,*,Female,*,<=50K,6507
4,24,*,*,12,*,*,*,Male,*,<=50K,6508
4,18,*,*,9,*,*,*,Male,*,<=50K,6509
4,20,*,*,10,*,*,*,Male,*,<=50K,6510
4,20,*,*,10,*,*,*,Male,*,<=50K,6511
4,26,*,*,13,*,*,*,Male,*,>50K,6512
4,26,*,*,13,*,*,*,Male,*,>50K,6514
4,13,*,*,7,*,*,*,Female,*,<=50K,6515
4,26,*,*,13,*,*,*,Male,*,>50K,6516
4,20,*,*,10,*,*,*,Male,*,<=50K,6517
4,26,*,*,13,*,*,*,Male,*,<=50K,6518
4,12,*,*,6,*,*,*,Male,*,<=50K,6519
4,8,*,*,4,*,*,*,Male,*,<=50K,6520
4,17,*,*,9,*,*,*,Female,*,<=50K,6522
4,17,*,*,9,*,*,*,Female,*,<=50K,6523
4,8,*,*,4,*,*,*,Male,*,<=50K,6524
4,18,*,*,9,*,*,*,Male,*,<=50K,6525
4,20,*,*,10,*,*,*,Male,*,<=50K,6526
4,26,*,*,13,*,*,*,Male,*,<=50K,6527
4,19,*,*,10,*,*,*,Female,*,<=50K,6528
4,18,*,*,9,*,*,*,Male,*,<=50K,6530
4,10,*,*,5,*,*,*,Male,*,<=50K,6531
4,26,*,*,13,*,*,*,Male,*,<=50K,6532
4,22,*,*,11,*,*,*,Male,*,<=50K,6533
4,14,*,*,7,*,*,*,Male,*,<=50K,6535
4,19,*,*,10,*,*,*,Female,*,<=50K,6536
4,25,*,*,13,*,*,*,Female,*,>50K,6537
4,18,*,*,9,*,*,*,Male,*,<=50K,6540
4,18,*,*,9,*,*,*,Male,*,<=50K,6541
4,18,*,*,9,*,*,*,Male,*,>50K,6542
4,26,*,*,13,*,*,*,Male,*,>50K,6545
4,26,*,*,13,*,*,*,Male,*,<=50K,6546
4,18,*,*,9,*,*,*,Male,*,>50K,6547
4,26,*,*,13,*,*,*,Male,*,>50K,6548
4,11,*,*,6,*,*,*,Female,*,<=50K,6549
4,28,*,*,14,*,*,*,Male,*,>50K,6550
4,12,*,*,6,*,*,*,Male,*,<=50K,6551
4,18,*,*,9,*,*,*,Male,*,>50K,6552
4,19,*,*,10,*,*,*,Female,*,<=50K,6553
4,27,*,*,14,*,*,*,Female,*,<=50K,6554
4,18,*,*,9,*,*,*,Male,*,<=50K,6555
4,18,*,*,9,*,*,*,Male,*,>50K,6556
4,25,*,*,13,*,*,*,Female,*,<=50K,6557
4,32,*,*,16,*,*,*,Male,*,>50K,6559
4,20,*,*,10,*,*,*,Male,*,<=50K,6560
4,17,*,*,9,*,*,*,Female,*,<=50K,6561
4,18,*,*,9,*,*,*,Male,*,<=50K,6563
4,6,*,*,3,*,*,*,Male,*,<=50K,6564
4,20,*,*,10,*,*,*,Male,*,<=50K,6565
4,14,*,*,7,*,*,*,Male,*,<=50K,6567
4,13,*,*,7,*,*,*,Female,*,>50K,6568
4,17,*,*,9,*,*,*,Female,*,<=50K,6571
4,19,*,*,10,*,*,*,Female,*,<=50K,6572
4,18,*,*,9,*,*,*,Male,*,<=50K,6573
4,19,*,*,10,*,*,*,Female,*,<=50K,6574
4,19,*,*,10,*,*,*,Female,*,<=50K,6575
4,23,*,*,12,*,*,*,Female,*,<=50K,6576
4,13,*,*,7,*,*,*,Female,*,<=50K,6577
4,18,*,*,9,*,*,*,Male,*,<=50K,6578
4,26,*,*,13,*,*,*,Male,*,<=50K,6579
4,17,*,*,9,*,*,*,Female,*,<=50K,6580
4,26,*,*,13,*,*,*,Male,*,<=50K,6581
4,20,*,*,10,*,*,*,Male,*,<=50K,6582
4,17,*,*,9,*,*,*,Female,*,<=50K,6583
4,18,*,*,9,*,*,*,Male,*,<=50K,6584
4,26,*,*,13,*,*,*,Male,*,<=50K,6587
4,18,*,*,9,*,*,*,Male,*,<=50K,6588
4,25,*,*,13,*,*,*,Female,*,<=50K,6589
4,14,*,*,7,*,*,*,Male,*,<=50K,6590
4,15,*,*,8,*,*,*,Female,*,<=50K,6591
4,20,*,*,10,*,*,*,Male,*,<=50K,6592
4,20,*,*,10,*,*,*,Male,*,<=50K,6593
4,24,*,*,12,*,*,*,Male,*,>50K,6595
4,20,*,*,10,*,*,*,Male,*,<=50K,6596
4,20,*,*,10,*,*,*,Male,*,<=50K,6597
4,27,*,*,14,*,*,*,Female,*,<=50K,6598
4,17,*,*,9,*,*,*,Female,*,<=50K,6599
4,20,*,*,10,*,*,*,Male,*,<=50K,6600
4,26,*,*,13,*,*,*,Male,*,>50K,6601
4,25,*,*,13,*,*,*,Female,*,<=50K,6602
4,18,*,*,9,*,*,*,Male,*,<=50K,6603
4,17,*,*,9,*,*,*,Female,*,<=50K,6604
4,18,*,*,9,*,*,*,Male,*,>50K,6605
4,18,*,*,9,*,*,*,Male,*,<=50K,6606
4,17,*,*,9,*,*,*,Female,*,<=50K,6607
4,17,*,*,9,*,*,*,Female,*,>50K,6608
4,26,*,*,13,*,*,*,Male,*,>50K,6609
4,17,*,*,9,*,*,*,Female,*,<=50K,6610
4,18,*,*,9,*,*,*,Male,*,<=50K,6611
4,17,*,*,9,*,*,*,Female,*,<=50K,6613
4,20,*,*,10,*,*,*,Male,*,<=50K,6614
4,21,*,*,11,*,*,*,Female,*,<=50K,6616
4,18,*,*,9,*,*,*,Male,*,<=50K,6618
4,25,*,*,13,*,*,*,Female,*,>50K,6619
4,18,*,*,9,*,*,*,Male,*,<=50K,6620
4,17,*,*,9,*,*,*,Female,*,<=50K,6621
4,14,*,*,7,*,*,*,Male,*,<=50K,6622
4,26,*,*,13,*,*,*,Male,*,<=50K,6623
4,21,*,*,11,*,*,*,Female,*,<=50K,6624
4,18,*,*,9,*,*,*,Male,*,>50K,6625
4,28,*,*,14,*,*,*,Male,*,>50K,6626
4,25,*,*,13,*,*,*,Female,*,>50K,6627
4,13,*,*,7,*,*,*,Female,*,<=50K,6628
4,20,*,*,10,*,*,*,Male,*,<=50K,6630
4,19,*,*,10,*,*,*,Female,*,<=50K,6631
4,26,*,*,13,*,*,*,Male,*,>50K,6632
4,14,*,*,7,*,*,*,Male,*,<=50K,6633
4,18,*,*,9,*,*,*,Male,*,<=50K,6634
4,30,*,*,15,*,*,*,Male,*,<=50K,6635
4,17,*,*,9,*,*,*,Female,*,<=50K,6636
4,17,*,*,9,*,*,*,Female,*,<=50K,6637
4,12,*,*,6,*,*,*,Male,*,<=50K,6638
4,20,*,*,10,*,*,*,Male,*,<=50K,6639
4,12,*,*,6,*,*,*,Male,*,<=50K,6640
4,26,*,*,13,*,*,*,Male,*,<=50K,6641
4,18,*,*,9,*,*,*,Male,*,<=50K,6642
4,17,*,*,9,*,*,*,Female,*,<=50K,6643
4,10,*,*,5,*,*,*,Male,*,<=50K,6644
4,26,*,*,13,*,*,*,Male,*,>50K,6645
4,22,*,*,11,*,*,*,Male,*,>50K,6646
4,12,*,*,6,*,*,*,Male,*,<=50K,6648
4,26,*,*,13,*,*,*,Male,*,>50K,6649
4,19,*,*,10,*,*,*,Female,*,<=50K,6650
4,26,*,*,13,*,*,*,Male,*,<=50K,6651
4,22,*,*,11,*,*,*,Male,*,<=50K,6652
4,17,*,*,9,*,*,*,Female,*,<=50K,6653
4,30,*,*,15,*,*,*,Male,*,>50K,6654
4,25,*,*,13,*,*,*,Female,*,<=50K,6655
4,18,*,*,9,*,*,*,Male,*,<=50K,6656
4,26,*,*,13,*,*,*,Male,*,>50K,6657
4,18,*,*,9,*,*,*,Male,*,<=50K,6658
4,18,*,*,9,*,*,*,Male,*,>50K,6660
4,14,*,*,7,*,*,*,Male,*,<=50K,6661
4,6,*,*,3,*,*,*,Male,*,<=50K,6662
4,20,*,*,10,*,*,*,Male,*,<=50K,6663
4,22,*,*,11,*,*,*,Male,*,<=50K,6664
4,20,*,*,10,*,*,*,Male,*,>50K,6665
4,24,*,*,12,*,*,*,Male,*,>50K,6666
4,28,*,*,14,*,*,*,Male,*,>50K,6668
4,19,*,*,10,*,*,*,Female,*,<=50K,6669
4,20,*,*,10,*,*,*,Male,*,<=50K,6670
4,20,*,*,10,*,*,*,Male,*,<=50K,6671
4,18,*,*,9,*,*,*,Male,*,<=50K,6672
4,19,*,*,10,*,*,*,Female,*,<=50K,6673
4,20,*,*,10,*,*,*,Male,*,<=50K,6674
4,20,*,*,10,*,*,*,Male,*,<=50K,6675
4,17,*,*,9,*,*,*,Female,*,<=50K,6676
4,21,*,*,11,*,*,*,Female,*,<=50K,6677
4,6,*,*,3,*,*,*,Male,*,<=50K,6678
4,24,*,*,12,*,*,*,Male,*,<=50K,6679
4,24,*,*,12,*,*,*,Male,*,<=50K,6680
4,20,*,*,10,*,*,*,Male,*,<=50K,6682
4,19,*,*,10,*,*,*,Female,*,<=50K,6683
4,11,*,*,6,*,*,*,Female,*,<=50K,6685
4,18,*,*,9,*,*,*,Male,*,<=50K,6686
4,18,*,*,9,*,*,*,Male,*,>50K,6689
4,18,*,*,9,*,*,*,Male,*,<=50K,6690
4,18,*,*,9,*,*,*,Male,*,<=50K,6691
4,18,*,*,9,*,*,*,Male,*,>50K,6692
4,20,*,*,10,*,*,*,Male,*,<=50K,6693
4,18,*,*,9,*,*,*,Male,*,<=50K,6694
4,20,*,*,10,*,*,*,Male,*,>50K,6695
4,12,*,*,6,*,*,*,Male,*,<=50K,6696
4,28,*,*,14,*,*,*,Male,*,<=50K,6697
4,26,*,*,13,*,*,*,Male,*,>50K,6698
4,2,*,*,1,*,*,*,Male,*,<=50K,6699
4,16,*,*,8,*,*,*,Male,*,<=50K,6700
4,25,*,*,13,*,*,*,Female,*,<=50K,6701
4,22,*,*,11,*,*,*,Male,*,<=50K,6702
4,23,*,*,12,*,*,*,Female,*,<=50K,6703
4,25,*,*,13,*,*,*,Female,*,<=50K,6704
4,20,*,*,10,*,*,*,Male,*,<=50K,6705
4,19,*,*,10,*,*,*,Female,*,<=50K,6706
4,26,*,*,13,*,*,*,Male,*,<=50K,6707
4,18,*,*,9,*,*,*,Male,*,>50K,6708
4,18,*,*,9,*,*,*,Male,*,<=50K,6709
4,14,*,*,7,*,*,*,Male,*,<=50K,6710
4,26,*,*,13,*,*,*,Male,*,<=50K,6711
4,28,*,*,14,*,*,*,Male,*,>50K,6712
4,8,*,*,4,*,*,*,Male,*,<=50K,6713
4,25,*,*,13,*,*,*,Female,*,>50K,6714
4,12,*,*,6,*,*,*,Male,*,<=50K,6716
4,18,*,*,9,*,*,*,Male,*,<=50K,6717
4,25,*,*,13,*,*,*,Female,*,<=50K,6718
4,20,*,*,10,*,*,*,Male,*,<=50K,6719
4,20,*,*,10,*,*,*,Male,*,>50K,6721
4,14,*,*,7,*,*,*,Male,*,<=50K,6722
4,27,*,*,14,*,*,*,Female,*,<=50K,6724
4,7,*,*,4,*,*,*,Female,*,<=50K,6725
4,17,*,*,9,*,*,*,Female,*,<=50K,6726
4,28,*,*,14,*,*,*,Male,*,<=50K,6727
4,26,*,*,13,*,*,*,Male,*,>50K,6728
4,17,*,*,9,*,*,*,Female,*,<=50K,6729
4,19,*,*,10,*,*,*,Female,*,<=50K,6731
4,22,*,*,11,*,*,*,Male,*,<=50K,6732
4,14,*,*,7,*,*,*,Male,*,<=50K,6735
4,18,*,*,9,*,*,*,Male,*,<=50K,6737
4,26,*,*,13,*,*,*,Male,*,<=50K,6738
4,32,*,*,16,*,*,*,Male,*,<=50K,6741
4,20,*,*,10,*,*,*,Male,*,<=50K,6742
4,28,*,*,14,*,*,*,Male,*,<=50K,6743
4,20,*,*,10,*,*,*,Male,*,<=50K,6744
4,17,*,*,9,*,*,*,Female,*,<=50K,6746
4,17,*,*,9,*,*,*,Female,*,<=50K,6748
4,20,*,*,10,*,*,*,Male,*,>50K,6749
4,17,*,*,9,*,*,*,Female,*,<=50K,6750
4,25,*,*,13,*,*,*,Female,*,>50K,6751
4,18,*,*,9,*,*,*,Male,*,>50K,6752
4,17,*,*,9,*,*,*,Female,*,<=50K,6754
4,18,*,*,9,*,*,*,Male,*,<=50K,6755
4,20,*,*,10,*,*,*,Male,*,<=50K,6756
4,12,*,*,6,*,*,*,Male,*,<=50K,6757
4,18,*,*,9,*,*,*,Male,*,<=50K,6759
4,20,*,*,10,*,*,*,Male,*,<=50K,6760
4,12,*,*,6,*,*,*,Male,*,<=50K,6762
4,17,*,*,9,*,*,*,Female,*,<=50K,6763
4,16,*,*,8,*,*,*,Male,*,<=50K,6765
4,20,*,*,10,*,*,*,Male,*,<=50K,6766
4,18,*,*,9,*,*,*,Male,*,<=50K,6767
4,32,*,*,16,*,*,*,Male,*,>50K,6768
4,17,*,*,9,*,*,*,Female,*,<=50K,6769
4,18,*,*,9,*,*,*,Male,*,>50K,6771
4,28,*,*,14,*,*,*,Male,*,>50K,6772
4,22,*,*,11,*,*,*,Male,*,<=50K,6773
4,25,*,*,13,*,*,*,Female,*,<=50K,6775
4,19,*,*,10,*,*,*,Female,*,<=50K,6776
4,17,*,*,9,*,*,*,Female,*,<=50K,6777
4,12,*,*,6,*,*,*,Male,*,<=50K,6778
4,17,*,*,9,*,*,*,Female,*,<=50K,6779
4,25,*,*,13,*,*,*,Female,*,<=50K,6780
4,20,*,*,10,*,*,*,Male,*,<=50K,6782
4,15,*,*,8,*,*,*,Female,*,<=50K,6783
4,21,*,*,11,*,*,*,Female,*,<=50K,6784
4,26,*,*,13,*,*,*,Male,*,<=50K,6785
4,25,*,*,13,*,*,*,Female,*,<=50K,6786
4,17,*,*,9,*,*,*,Female,*,<=50K,6787
4,18,*,*,9,*,*,*,Male,*,<=50K,6788
4,18,*,*,9,*,*,*,Male,*,<=50K,6789
4,20,*,*,10,*,*,*,Male,*,<=50K,6790
4,19,*,*,10,*,*,*,Female,*,<=50K,6791
4,26,*,*,13,*,*,*,Male,*,<=50K,6792
4,18,*,*,9,*,*,*,Male,*,<=50K,6793
4,17,*,*,9,*,*,*,Female,*,<=50K,6795
4,13,*,*,7,*,*,*,Female,*,<=50K,6798
4,32,*,*,16,*,*,*,Male,*,>50K,6799
4,18,*,*,9,*,*,*,Male,*,>50K,6800
4,20,*,*,10,*,*,*,Male,*,<=50K,6801
4,18,*,*,9,*,*,*,Male,*,<=50K,6802
4,29,*,*,15,*,*,*,Female,*,>50K,6803
4,17,*,*,9,*,*,*,Female,*,<=50K,6806
4,20,*,*,10,*,*,*,Male,*,<=50K,6808
4,25,*,*,13,*,*,*,Female,*,<=50K,6809
4,21,*,*,11,*,*,*,Female,*,>50K,6810
4,19,*,*,10,*,*,*,Female,*,<=50K,6811
4,17,*,*,9,*,*,*,Female,*,<=50K,6812
4,20,*,*,10,*,*,*,Male,*,>50K,6813
4,13,*,*,7,*,*,*,Female,*,<=50K,6814
4,26,*,*,13,*,*,*,Male,*,<=50K,6815
4,8,*,*,4,*,*,*,Male,*,<=50K,6816
4,18,*,*,9,*,*,*,Male,*,<=50K,6817
4,18,*,*,9,*,*,*,Male,*,<=50K,6818
4,19,*,*,10,*,*,*,Female,*,<=50K,6820
4,17,*,*,9,*,*,*,Female,*,<=50K,6821
4,22,*,*,11,*,*,*,Male,*,<=50K,6822
4,17,*,*,9,*,*,*,Female,*,<=50K,6823
4,25,*,*,13,*,*,*,Female,*,<=50K,6824
4,22,*,*,11,*,*,*,Male,*,<=50K,6825
4,19,*,*,10,*,*,*,Female,*,<=50K,6826
4,26,*,*,13,*,*,*,Male,*,<=50K,6827
4,18,*,*,9,*,*,*,Male,*,<=50K,6828
4,18,*,*,9,*,*,*,Male,*,<=50K,6829
4,18,*,*,9,*,*,*,Male,*,<=50K,6830
4,17,*,*,9,*,*,*,Female,*,<=50K,6831
4,26,*,*,13,*,*,*,Male,*,<=50K,6832
4,17,*,*,9,*,*,*,Female,*,<=50K,6833
4,17,*,*,9,*,*,*,Female,*,<=50K,6834
4,26,*,*,13,*,*,*,Male,*,<=50K,6835
4,17,*,*,9,*,*,*,Female,*,<=50K,6836
4,28,*,*,14,*,*,*,Male,*,<=50K,6837
4,25,*,*,13,*,*,*,Female,*,<=50K,6838
4,25,*,*,13,*,*,*,Female,*,<=50K,6839
4,19,*,*,10,*,*,*,Female,*,<=50K,6840
4,7,*,*,4,*,*,*,Female,*,<=50K,6841
4,18,*,*,9,*,*,*,Male,*,<=50K,6842
4,8,*,*,4,*,*,*,Male,*,<=50K,6843
4,18,*,*,9,*,*,*,Male,*,<=50K,6845
4,26,*,*,13,*,*,*,Male,*,<=50K,6846
4,23,*,*,12,*,*,*,Female,*,<=50K,6847
4,12,*,*,6,*,*,*,Male,*,<=50K,6848
4,22,*,*,11,*,*,*,Male,*,<=50K,6849
4,10,*,*,5,*,*,*,Male,*,<=50K,6850
4,25,*,*,13,*,*,*,Female,*,<=50K,6852
4,20,*,*,10,*,*,*,Male,*,<=50K,6854
4,18,*,*,9,*,*,*,Male,*,<=50K,6855
4,18,*,*,9,*,*,*,Male,*,>50K,6857
4,18,*,*,9,*,*,*,Male,*,<=50K,6858
4,19,*,*,10,*,*,*,Female,*,<=50K,6859
4,18,*,*,9,*,*,*,Male,*,>50K,6860
4,18,*,*,9,*,*,*,Male,*,<=50K,6861
4,19,*,*,10,*,*,*,Female,*,<=50K,6862
4,18,*,*,9,*,*,*,Male,*,<=50K,6863
4,18,*,*,9,*,*,*,Male,*,>50K,6864
4,26,*,*,13,*,*,*,Male,*,>50K,6865
4,26,*,*,13,*,*,*,Male,*,>50K,6867
4,6,*,*,3,*,*,*,Male,*,<=50K,6868
4,20,*,*,10,*,*,*,Male,*,<=50K,6869
4,28,*,*,14,*,*,*,Male,*,<=50K,6871
4,6,*,*,3,*,*,*,Male,*,<=50K,6873
4,18,*,*,9,*,*,*,Male,*,<=50K,6874
4,27,*,*,14,*,*,*,Female,*,>50K,6875
4,26,*,*,13,*,*,*,Male,*,<=50K,6876
4,13,*,*,7,*,*,*,Female,*,<=50K,6877
4,26,*,*,13,*,*,*,Male,*,<=50K,6878
4,18,*,*,9,*,*,*,Male,*,<=50K,6879
4,20,*,*,10,*,*,*,Male,*,<=50K,6880
4,17,*,*,9,*,*,*,Female,*,<=50K,6881
4,18,*,*,9,*,*,*,Male,*,<=50K,6882
4,20,*,*,10,*,*,*,Male,*,<=50K,6886
4,18,*,*,9,*,*,*,Male,*,<=50K,6888
4,18,*,*,9,*,*,*,Male,*,>50K,6889
4,17,*,*,9,*,*,*,Female,*,<=50K,6890
4,19,*,*,10,*,*,*,Female,*,<=50K,6892
4,20,*,*,10,*,*,*,Male,*,>50K,6894
4,20,*,*,10,*,*,*,Male,*,>50K,6895
4,18,*,*,9,*,*,*,Male,*,<=50K,6897
4,14,*,*,7,*,*,*,Male,*,<=50K,6899
4,20,*,*,10,*,*,*,Male,*,<=50K,6900
4,20,*,*,10,*,*,*,Male,*,<=50K,6902
4,21,*,*,11,*,*,*,Female,*,<=50K,6903
4,18,*,*,9,*,*,*,Male,*,<=50K,6904
4,25,*,*,13,*,*,*,Female,*,>50K,6905
4,20,*,*,10,*,*,*,Male,*,<=50K,6906
4,26,*,*,13,*,*,*,Male,*,>50K,6907
4,26,*,*,13,*,*,*,Male,*,<=50K,6908
4,19,*,*,10,*,*,*,Female,*,<=50K,6909
4,20,*,*,10,*,*,*,Male,*,<=50K,6910
4,18,*,*,9,*,*,*,Male,*,<=50K,6911
4,26,*,*,13,*,*,*,Male,*,>50K,6912
4,20,*,*,10,*,*,*,Male,*,>50K,6913
4,18,*,*,9,*,*,*,Male,*,>50K,6914
4,10,*,*,5,*,*,*,Male,*,<=50K,6917
4,17,*,*,9,*,*,*,Female,*,<=50K,6918
4,21,*,*,11,*,*,*,Female,*,<=50K,6919
4,20,*,*,10,*,*,*,Male,*,<=50K,6920
4,17,*,*,9,*,*,*,Female,*,<=50K,6922
4,20,*,*,10,*,*,*,Male,*,<=50K,6923
4,18,*,*,9,*,*,*,Male,*,<=50K,6925
4,10,*,*,5,*,*,*,Male,*,<=50K,6926
4,18,*,*,9,*,*,*,Male,*,<=50K,6928
4,17,*,*,9,*,*,*,Female,*,<=50K,6930
4,18,*,*,9,*,*,*,Male,*,<=50K,6931
4,20,*,*,10,*,*,*,Male,*,<=50K,6933
4,28,*,*,14,*,*,*,Male,*,>50K,6934
4,18,*,*,9,*,*,*,Male,*,<=50K,6936
4,18,*,*,9,*,*,*,Male,*,<=50K,6937
4,26,*,*,13,*,*,*,Male,*,>50K,6939
4,25,*,*,13,*,*,*,Female,*,<=50K,6940
4,19,*,*,10,*,*,*,Female,*,<=50K,6941
4,29,*,*,15,*,*,*,Female,*,<=50K,6942
4,19,*,*,10,*,*,*,Female,*,<=50K,6943
4,20,*,*,10,*,*,*,Male,*,<=50K,6945
4,23,*,*,12,*,*,*,Female,*,<=50K,6946
4,18,*,*,9,*,*,*,Male,*,<=50K,6947
4,19,*,*,10,*,*,*,Female,*,<=50K,6948
4,26,*,*,13,*,*,*,Male,*,<=50K,6949
4,17,*,*,9,*,*,*,Female,*,<=50K,6952
4,22,*,*,11,*,*,*,Male,*,<=50K,6953
4,19,*,*,10,*,*,*,Female,*,<=50K,6954
4,20,*,*,10,*,*,*,Male,*,<=50K,6955
4,18,*,*,9,*,*,*,Male,*,>50K,6956
4,19,*,*,10,*,*,*,Female,*,<=50K,6957
4,17,*,*,9,*,*,*,Female,*,<=50K,6958
4,18,*,*,9,*,*,*,Male,*,<=50K,6960
4,18,*,*,9,*,*,*,Male,*,<=50K,6961
4,20,*,*,10,*,*,*,Male,*,<=50K,6962
4,18,*,*,9,*,*,*,Male,*,>50K,6964
4,26,*,*,13,*,*,*,Male,*,>50K,6965
4,26,*,*,13,*,*,*,Male,*,<=50K,6966
4,18,*,*,9,*,*,*,Male,*,<=50K,6967
4,26,*,*,13,*,*,*,Male,*,<=50K,6972
4,12,*,*,6,*,*,*,Male,*,<=50K,6973
4,14,*,*,7,*,*,*,Male,*,<=50K,6974
4,12,*,*,6,*,*,*,Male,*,<=50K,6975
4,18,*,*,9,*,*,*,Male,*,<=50K,6976
4,20,*,*,10,*,*,*,Male,*,<=50K,6977
4,18,*,*,9,*,*,*,Male,*,<=50K,6978
4,14,*,*,7,*,*,*,Male,*,<=50K,6979
4,30,*,*,15,*,*,*,Male,*,>50K,6980
4,25,*,*,13,*,*,*,Female,*,<=50K,6981
4,20,*,*,10,*,*,*,Male,*,>50K,6983
4,25,*,*,13,*,*,*,Female,*,<=50K,6984
4,17,*,*,9,*,*,*,Female,*,<=50K,6987
4,25,*,*,13,*,*,*,Female,*,<=50K,6988
4,28,*,*,14,*,*,*,Male,*,>50K,6990
4,20,*,*,10,*,*,*,Male,*,<=50K,6991
4,19,*,*,10,*,*,*,Female,*,<=50K,6992
4,26,*,*,13,*,*,*,Male,*,<=50K,6993
4,21,*,*,11,*,*,*,Female,*,<=50K,6994
4,20,*,*,10,*,*,*,Male,*,<=50K,6996
4,18,*,*,9,*,*,*,Male,*,<=50K,6997
4,12,*,*,6,*,*,*,Male,*,<=50K,6998
4,20,*,*,10,*,*,*,Male,*,<=50K,7000
4,28,*,*,14,*,*,*,Male,*,>50K,7001
4,18,*,*,9,*,*,*,Male,*,<=50K,7002
4,14,*,*,7,*,*,*,Male,*,<=50K,7003
4,18,*,*,9,*,*,*,Male,*,<=50K,7006
4,17,*,*,9,*,*,*,Female,*,<=50K,7009
4,19,*,*,10,*,*,*,Female,*,<=50K,7010
4,26,*,*,13,*,*,*,Male,*,>50K,7012
4,20,*,*,10,*,*,*,Male,*,>50K,7015
4,19,*,*,10,*,*,*,Female,*,<=50K,7017
4,16,*,*,8,*,*,*,Male,*,<=50K,7018
4,18,*,*,9,*,*,*,Male,*,<=50K,7019
4,17,*,*,9,*,*,*,Female,*,<=50K,7020
4,19,*,*,10,*,*,*,Female,*,<=50K,7021
4,17,*,*,9,*,*,*,Female,*,<=50K,7022
4,18,*,*,9,*,*,*,Male,*,<=50K,7023
4,18,*,*,9,*,*,*,Male,*,>50K,7024
4,17,*,*,9,*,*,*,Female,*,>50K,7025
4,18,*,*,9,*,*,*,Male,*,>50K,7026
4,24,*,*,12,*,*,*,Male,*,<=50K,7027
4,27,*,*,14,*,*,*,Female,*,<=50K,7028
4,18,*,*,9,*,*,*,Male,*,<=50K,7030
4,17,*,*,9,*,*,*,Female,*,<=50K,7031
4,20,*,*,10,*,*,*,Male,*,<=50K,7032
4,8,*,*,4,*,*,*,Male,*,<=50K,7033
4,8,*,*,4,*,*,*,Male,*,<=50K,7034
4,18,*,*,9,*,*,*,Male,*,<=50K,7035
4,22,*,*,11,*,*,*,Male,*,<=50K,7036
4,5,*,*,3,*,*,*,Female,*,>50K,7037
4,20,*,*,10,*,*,*,Male,*,>50K,7038
4,17,*,*,9,*,*,*,Female,*,<=50K,7039
4,20,*,*,10,*,*,*,Male,*,>50K,7040
4,12,*,*,6,*,*,*,Male,*,<=50K,7041
4,28,*,*,14,*,*,*,Male,*,>50K,7042
4,17,*,*,9,*,*,*,Female,*,<=50K,7043
4,24,*,*,12,*,*,*,Male,*,>50K,7044
4,20,*,*,10,*,*,*,Male,*,<=50K,7047
4,18,*,*,9,*,*,*,Male,*,>50K,7049
4,19,*,*,10,*,*,*,Female,*,<=50K,7050
4,18,*,*,9,*,*,*,Male,*,<=50K,7051
4,18,*,*,9,*,*,*,Male,*,<=50K,7052
4,14,*,*,7,*,*,*,Male,*,<=50K,7054
4,26,*,*,13,*,*,*,Male,*,<=50K,7055
4,18,*,*,9,*,*,*,Male,*,<=50K,7056
4,26,*,*,13,*,*,*,Male,*,<=50K,7057
4,18,*,*,9,*,*,*,Male,*,>50K,7058
4,17,*,*,9,*,*,*,Female,*,<=50K,7059
4,18,*,*,9,*,*,*,Male,*,>50K,7060
4,20,*,*,10,*,*,*,Male,*,<=50K,7061
4,8,*,*,4,*,*,*,Male,*,<=50K,7062
4,18,*,*,9,*,*,*,Male,*,>50K,7063
4,18,*,*,9,*,*,*,Male,*,<=50K,7065
4,26,*,*,13,*,*,*,Male,*,<=50K,7066
4,20,*,*,10,*,*,*,Male,*,<=50K,7067
4,17,*,*,9,*,*,*,Female,*,<=50K,7069
4,24,*,*,12,*,*,*,Male,*,<=50K,7071
4,20,*,*,10,*,*,*,Male,*,<=50K,7072
4,20,*,*,10,*,*,*,Male,*,>50K,7073
4,18,*,*,9,*,*,*,Male,*,<=50K,7075
4,18,*,*,9,*,*,*,Male,*,>50K,7076
4,17,*,*,9,*,*,*,Female,*,<=50K,7077
4,6,*,*,3,*,*,*,Male,*,<=50K,7078
4,18,*,*,9,*,*,*,Male,*,>50K,7079
4,18,*,*,9,*,*,*,Male,*,<=50K,7080
4,27,*,*,14,*,*,*,Female,*,<=50K,7081
4,13,*,*,7,*,*,*,Female,*,<=50K,7082
4,21,*,*,11,*,*,*,Female,*,<=50K,7083
4,23,*,*,12,*,*,*,Female,*,<=50K,7084
4,20,*,*,10,*,*,*,Male,*,<=50K,7085
4,18,*,*,9,*,*,*,Male,*,<=50K,7086
4,4,*,*,2,*,*,*,Male,*,<=50K,7088
4,17,*,*,9,*,*,*,Female,*,<=50K,7089
4,20,*,*,10,*,*,*,Male,*,<=50K,7090
4,26,*,*,13,*,*,*,Male,*,>50K,7091
4,18,*,*,9,*,*,*,Male,*,<=50K,7092
4,18,*,*,9,*,*,*,Male,*,<=50K,7093
4,20,*,*,10,*,*,*,Male,*,>50K,7094
4,20,*,*,10,*,*,*,Male,*,<=50K,7095
4,18,*,*,9,*,*,*,Male,*,<=50K,7096
4,17,*,*,9,*,*,*,Female,*,<=50K,7097
4,21,*,*,11,*,*,*,Female,*,<=50K,7098
4,20,*,*,10,*,*,*,Male,*,>50K,7099
4,20,*,*,10,*,*,*,Male,*,>50K,7100
4,26,*,*,13,*,*,*,Male,*,>50K,7103
4,17,*,*,9,*,*,*,Female,*,<=50K,7104
4,14,*,*,7,*,*,*,Male,*,<=50K,7105
4,18,*,*,9,*,*,*,Male,*,<=50K,7107
4,19,*,*,10,*,*,*,Female,*,<=50K,7109
4,25,*,*,13,*,*,*,Female,*,<=50K,7110
4,18,*,*,9,*,*,*,Male,*,<=50K,7111
4,26,*,*,13,*,*,*,Male,*,<=50K,7112
4,26,*,*,13,*,*,*,Male,*,<=50K,7113
4,28,*,*,14,*,*,*,Male,*,<=50K,7114
4,25,*,*,13,*,*,*,Female,*,<=50K,7115
4,10,*,*,5,*,*,*,Male,*,<=50K,7117
4,18,*,*,9,*,*,*,Male,*,<=50K,7118
4,17,*,*,9,*,*,*,Female,*,<=50K,7119
4,26,*,*,13,*,*,*,Male,*,<=50K,7120
4,18,*,*,9,*,*,*,Male,*,>50K,7121
4,20,*,*,10,*,*,*,Male,*,<=50K,7122
4,20,*,*,10,*,*,*,Male,*,<=50K,7123
4,18,*,*,9,*,*,*,Male,*,>50K,7124
4,25,*,*,13,*,*,*,Female,*,<=50K,7125
4,19,*,*,10,*,*,*,Female,*,<=50K,7127
4,17,*,*,9,*,*,*,Female,*,<=50K,7128
4,12,*,*,6,*,*,*,Male,*,<=50K,7129
4,8,*,*,4,*,*,*,Male,*,<=50K,7130
4,26,*,*,13,*,*,*,Male,*,<=50K,7131
4,25,*,*,13,*,*,*,Female,*,<=50K,7133
4,29,*,*,15,*,*,*,Female,*,>50K,7134
4,20,*,*,10,*,*,*,Male,*,>50K,7135
4,18,*,*,9,*,*,*,Male,*,>50K,7137
4,23,*,*,12,*,*,*,Female,*,<=50K,7138
4,19,*,*,10,*,*,*,Female,*,<=50K,7140
4,8,*,*,4,*,*,*,Male,*,<=50K,7141
4,18,*,*,9,*,*,*,Male,*,<=50K,7143
4,20,*,*,10,*,*,*,Male,*,<=50K,7144
4,18,*,*,9,*,*,*,Male,*,<=50K,7145
4,24,*,*,12,*,*,*,Male,*,<=50K,7146
4,17,*,*,9,*,*,*,Female,*,<=50K,7147
4,21,*,*,11,*,*,*,Female,*,<=50K,7148
4,12,*,*,6,*,*,*,Male,*,>50K,7150
4,18,*,*,9,*,*,*,Male,*,<=50K,7151
4,20,*,*,10,*,*,*,Male,*,<=50K,7152
4,20,*,*,10,*,*,*,Male,*,<=50K,7153
4,17,*,*,9,*,*,*,Female,*,<=50K,7154
4,22,*,*,11,*,*,*,Male,*,>50K,7156
4,24,*,*,12,*,*,*,Male,*,<=50K,7157
4,20,*,*,10,*,*,*,Male,*,<=50K,7158
4,30,*,*,15,*,*,*,Male,*,>50K,7159
4,25,*,*,13,*,*,*,Female,*,<=50K,7160
4,11,*,*,6,*,*,*,Female,*,<=50K,7161
4,18,*,*,9,*,*,*,Male,*,<=50K,7162
4,18,*,*,9,*,*,*,Male,*,<=50K,7163
4,25,*,*,13,*,*,*,Female,*,<=50K,7164
4,17,*,*,9,*,*,*,Female,*,<=50K,7165
4,17,*,*,9,*,*,*,Female,*,<=50K,7167
4,19,*,*,10,*,*,*,Female,*,<=50K,7168
4,22,*,*,11,*,*,*,Male,*,<=50K,7169
4,18,*,*,9,*,*,*,Male,*,<=50K,7170
4,20,*,*,10,*,*,*,Male,*,<=50K,7172
4,22,*,*,11,*,*,*,Male,*,<=50K,7173
4,26,*,*,13,*,*,*,Male,*,<=50K,7174
4,26,*,*,13,*,*,*,Male,*,<=50K,7175
4,18,*,*,9,*,*,*,Male,*,<=50K,7176
4,26,*,*,13,*,*,*,Male,*,>50K,7177
4,26,*,*,13,*,*,*,Male,*,<=50K,7178
4,20,*,*,10,*,*,*,Male,*,>50K,7179
4,21,*,*,11,*,*,*,Female,*,<=50K,7180
4,19,*,*,10,*,*,*,Female,*,<=50K,7182
4,26,*,*,13,*,*,*,Male,*,>50K,7183
4,14,*,*,7,*,*,*,Male,*,<=50K,7184
4,17,*,*,9,*,*,*,Female,*,<=50K,7185
4,17,*,*,9,*,*,*,Female,*,<=50K,7186
4,18,*,*,9,*,*,*,Male,*,<=50K,7188
4,24,*,*,12,*,*,*,Male,*,<=50K,7191
4,17,*,*,9,*,*,*,Female,*,<=50K,7192
4,19,*,*,10,*,*,*,Female,*,<=50K,7194
4,17,*,*,9,*,*,*,Female,*,<=50K,7195
4,17,*,*,9,*,*,*,Female,*,<=50K,7196
4,18,*,*,9,*,*,*,Male,*,<=50K,7197
4,8,*,*,4,*,*,*,Male,*,<=50K,7199
4,17,*,*,9,*,*,*,Female,*,<=50K,7200
4,19,*,*,10,*,*,*,Female,*,<=50K,7201
4,17,*,*,9,*,*,*,Female,*,<=50K,7202
4,26,*,*,13,*,*,*,Male,*,>50K,7203
4,20,*,*,10,*,*,*,Male,*,<=50K,7205
4,28,*,*,14,*,*,*,Male,*,<=50K,7206
4,12,*,*,6,*,*,*,Male,*,<=50K,7208
4,18,*,*,9,*,*,*,Male,*,<=50K,7209
4,18,*,*,9,*,*,*,Male,*,>50K,7210
4,14,*,*,7,*,*,*,Male,*,<=50K,7211
4,18,*,*,9,*,*,*,Male,*,<=50K,7212
4,26,*,*,13,*,*,*,Male,*,<=50K,7213
4,18,*,*,9,*,*,*,Male,*,<=50K,7214
4,10,*,*,5,*,*,*,Male,*,<=50K,7215
4,20,*,*,10,*,*,*,Male,*,<=50K,7216
4,20,*,*,10,*,*,*,Male,*,<=50K,7217
4,20,*,*,10,*,*,*,Male,*,<=50K,7218
4,25,*,*,13,*,*,*,Female,*,<=50K,7219
4,2,*,*,1,*,*,*,Male,*,<=50K,7220
4,26,*,*,13,*,*,*,Male,*,<=50K,7221
4,20,*,*,10,*,*,*,Male,*,<=50K,7223
4,21,*,*,11,*,*,*,Female,*,<=50K,7225
4,22,*,*,11,*,*,*,Male,*,<=50K,7226
4,18,*,*,9,*,*,*,Male,*,<=50K,7227
4,18,*,*,9,*,*,*,Male,*,<=50K,7228
4,19,*,*,10,*,*,*,Female,*,<=50K,7229
4,20,*,*,10,*,*,*,Male,*,<=50K,7231
4,9,*,*,5,*,*,*,Female,*,<=50K,7232
4,26,*,*,13,*,*,*,Male,*,<=50K,7233
4,18,*,*,9,*,*,*,Male,*,<=50K,7234
4,25,*,*,13,*,*,*,Female,*,<=50K,7236
4,19,*,*,10,*,*,*,Female,*,<=50K,7237
4,6,*,*,3,*,*,*,Male,*,<=50K,7238
4,20,*,*,10,*,*,*,Male,*,<=50K,7239
4,18,*,*,9,*,*,*,Male,*,>50K,7240
4,17,*,*,9,*,*,*,Female,*,<=50K,7241
4,17,*,*,9,*,*,*,Female,*,<=50K,7242
4,26,*,*,13,*,*,*,Male,*,<=50K,7243
4,19,*,*,10,*,*,*,Female,*,<=50K,7244
4,18,*,*,9,*,*,*,Male,*,<=50K,7245
4,18,*,*,9,*,*,*,Male,*,<=50K,7246
4,16,*,*,8,*,*,*,Male,*,<=50K,7247
4,18,*,*,9,*,*,*,Male,*,>50K,7249
4,25,*,*,13,*,*,*,Female,*,>50K,7251
4,18,*,*,9,*,*,*,Male,*,<=50K,7252
4,22,*,*,11,*,*,*,Male,*,<=50K,7253
4,20,*,*,10,*,*,*,Male,*,<=50K,7254
4,32,*,*,16,*,*,*,Male,*,>50K,7256
4,18,*,*,9,*,*,*,Male,*,<=50K,7257
4,17,*,*,9,*,*,*,Female,*,<=50K,7258
4,20,*,*,10,*,*,*,Male,*,<=50K,7259
4,18,*,*,9,*,*,*,Male,*,<=50K,7261
4,20,*,*,10,*,*,*,Male,*,<=50K,7262
4,21,*,*,11,*,*,*,Female,*,>50K,7263
4,23,*,*,12,*,*,*,Female,*,<=50K,7264
4,13,*,*,7,*,*,*,Female,*,<=50K,7265
4,20,*,*,10,*,*,*,Male,*,<=50K,7266
4,19,*,*,10,*,*,*,Female,*,<=50K,7267
4,12,*,*,6,*,*,*,Male,*,<=50K,7268
4,17,*,*,9,*,*,*,Female,*,<=50K,7269
4,25,*,*,13,*,*,*,Female,*,<=50K,7270
4,18,*,*,9,*,*,*,Male,*,<=50K,7271
4,18,*,*,9,*,*,*,Male,*,>50K,7272
4,18,*,*,9,*,*,*,Male,*,<=50K,7273
4,18,*,*,9,*,*,*,Male,*,<=50K,7275
4,19,*,*,10,*,*,*,Female,*,<=50K,7276
4,18,*,*,9,*,*,*,Male,*,>50K,7277
4,18,*,*,9,*,*,*,Male,*,<=50K,7278
4,22,*,*,11,*,*,*,Male,*,<=50K,7280
4,14,*,*,7,*,*,*,Male,*,<=50K,7281
4,19,*,*,10,*,*,*,Female,*,<=50K,7282
4,8,*,*,4,*,*,*,Male,*,<=50K,7283
4,16,*,*,8,*,*,*,Male,*,<=50K,7284
4,19,*,*,10,*,*,*,Female,*,<=50K,7285
4,18,*,*,9,*,*,*,Male,*,<=50K,7286
4,20,*,*,10,*,*,*,Male,*,<=50K,7287
4,16,*,*,8,*,*,*,Male,*,<=50K,7288
4,18,*,*,9,*,*,*,Male,*,<=50K,7289
4,10,*,*,5,*,*,*,Male,*,<=50K,7290
4,17,*,*,9,*,*,*,Female,*,<=50K,7291
4,15,*,*,8,*,*,*,Female,*,<=50K,7292
4,20,*,*,10,*,*,*,Male,*,<=50K,7294
4,17,*,*,9,*,*,*,Female,*,<=50K,7295
4,17,*,*,9,*,*,*,Female,*,<=50K,7296
4,25,*,*,13,*,*,*,Female,*,<=50K,7297
4,19,*,*,10,*,*,*,Female,*,<=50K,7299
4,18,*,*,9,*,*,*,Male,*,<=50K,7301
4,18,*,*,9,*,*,*,Male,*,<=50K,7302
4,18,*,*,9,*,*,*,Male,*,<=50K,7303
4,20,*,*,10,*,*,*,Male,*,<=50K,7304
4,25,*,*,13,*,*,*,Female,*,<=50K,7306
4,17,*,*,9,*,*,*,Female,*,<=50K,7307
4,19,*,*,10,*,*,*,Female,*,<=50K,7308
4,14,*,*,7,*,*,*,Male,*,<=50K,7310
4,18,*,*,9,*,*,*,Male,*,<=50K,7312
4,17,*,*,9,*,*,*,Female,*,<=50K,7313
4,18,*,*,9,*,*,*,Male,*,<=50K,7314
4,21,*,*,11,*,*,*,Female,*,<=50K,7315
4,19,*,*,10,*,*,*,Female,*,<=50K,7316
4,22,*,*,11,*,*,*,Male,*,<=50K,7317
4,10,*,*,5,*,*,*,Male,*,>50K,7318
4,25,*,*,13,*,*,*,Female,*,<=50K,7319
4,19,*,*,10,*,*,*,Female,*,<=50K,7320
4,26,*,*,13,*,*,*,Male,*,<=50K,7321
4,28,*,*,14,*,*,*,Male,*,<=50K,7322
4,18,*,*,9,*,*,*,Male,*,>50K,7323
4,19,*,*,10,*,*,*,Female,*,<=50K,7324
4,24,*,*,12,*,*,*,Male,*,<=50K,7325
4,14,*,*,7,*,*,*,Male,*,<=50K,7327
4,25,*,*,13,*,*,*,Female,*,>50K,7328
4,18,*,*,9,*,*,*,Male,*,<=50K,7329
4,13,*,*,7,*,*,*,Female,*,<=50K,7330
4,26,*,*,13,*,*,*,Male,*,<=50K,7331
4,18,*,*,9,*,*,*,Male,*,<=50K,7332
4,17,*,*,9,*,*,*,Female,*,<=50K,7333
4,20,*,*,10,*,*,*,Male,*,<=50K,7334
4,17,*,*,9,*,*,*,Female,*,<=50K,7335
4,26,*,*,13,*,*,*,Male,*,<=50K,7336
4,18,*,*,9,*,*,*,Male,*,>50K,7337
4,17,*,*,9,*,*,*,Female,*,<=50K,7338
4,18,*,*,9,*,*,*,Male,*,>50K,7339
4,19,*,*,10,*,*,*,Female,*,<=50K,7343
4,17,*,*,9,*,*,*,Female,*,<=50K,7344
4,26,*,*,13,*,*,*,Male,*,>50K,7345
4,18,*,*,9,*,*,*,Male,*,<=50K,7346
4,17,*,*,9,*,*,*,Female,*,<=50K,7348
4,18,*,*,9,*,*,*,Male,*,>50K,7349
4,25,*,*,13,*,*,*,Female,*,<=50K,7351
4,20,*,*,10,*,*,*,Male,*,<=50K,7352
4,25,*,*,13,*,*,*,Female,*,<=50K,7353
4,20,*,*,10,*,*,*,Male,*,<=50K,7354
4,26,*,*,13,*,*,*,Male,*,<=50K,7355
4,17,*,*,9,*,*,*,Female,*,<=50K,7356
4,22,*,*,11,*,*,*,Male,*,<=50K,7357
4,7,*,*,4,*,*,*,Female,*,<=50K,7358
4,19,*,*,10,*,*,*,Female,*,<=50K,7359
4,17,*,*,9,*,*,*,Female,*,<=50K,7361
4,17,*,*,9,*,*,*,Female,*,<=50K,7362
4,26,*,*,13,*,*,*,Male,*,<=50K,7363
4,20,*,*,10,*,*,*,Male,*,<=50K,7364
4,18,*,*,9,*,*,*,Male,*,<=50K,7365
4,21,*,*,11,*,*,*,Female,*,<=50K,7367
4,20,*,*,10,*,*,*,Male,*,<=50K,7368
4,18,*,*,9,*,*,*,Male,*,<=50K,7370
4,18,*,*,9,*,*,*,Male,*,<=50K,7371
4,28,*,*,14,*,*,*,Male,*,>50K,7372
4,17,*,*,9,*,*,*,Female,*,<=50K,7373
4,19,*,*,10,*,*,*,Female,*,<=50K,7374
4,10,*,*,5,*,*,*,Male,*,<=50K,7375
4,4,*,*,2,*,*,*,Male,*,<=50K,7376
4,20,*,*,10,*,*,*,Male,*,>50K,7377
4,18,*,*,9,*,*,*,Male,*,>50K,7378
4,18,*,*,9,*,*,*,Male,*,<=50K,7380
4,19,*,*,10,*,*,*,Female,*,<=50K,7381
4,28,*,*,14,*,*,*,Male,*,>50K,7382
4,30,*,*,15,*,*,*,Male,*,>50K,7383
4,20,*,*,10,*,*,*,Male,*,<=50K,7384
4,17,*,*,9,*,*,*,Female,*,<=50K,7385
4,19,*,*,10,*,*,*,Female,*,<=50K,7386
4,18,*,*,9,*,*,*,Male,*,<=50K,7391
4,20,*,*,10,*,*,*,Male,*,<=50K,7392
4,26,*,*,13,*,*,*,Male,*,<=50K,7394
4,22,*,*,11,*,*,*,Male,*,>50K,7395
4,18,*,*,9,*,*,*,Male,*,<=50K,7396
4,24,*,*,12,*,*,*,Male,*,>50K,7397
4,18,*,*,9,*,*,*,Male,*,>50K,7398
4,8,*,*,4,*,*,*,Male,*,<=50K,7399
4,32,*,*,16,*,*,*,Male,*,<=50K,7400
4,20,*,*,10,*,*,*,Male,*,<=50K,7401
4,20,*,*,10,*,*,*,Male,*,<=50K,7403
4,19,*,*,10,*,*,*,Female,*,<=50K,7404
4,26,*,*,13,*,*,*,Male,*,>50K,7405
4,19,*,*,10,*,*,*,Female,*,<=50K,7406
4,18,*,*,9,*,*,*,Male,*,>50K,7407
4,19,*,*,10,*,*,*,Female,*,<=50K,7408
4,18,*,*,9,*,*,*,Male,*,<=50K,7409
4,17,*,*,9,*,*,*,Female,*,<=50K,7410
4,17,*,*,9,*,*,*,Female,*,<=50K,7411
4,18,*,*,9,*,*,*,Male,*,>50K,7414
4,18,*,*,9,*,*,*,Male,*,<=50K,7415
4,19,*,*,10,*,*,*,Female,*,<=50K,7416
4,12,*,*,6,*,*,*,Male,*,<=50K,7417
4,20,*,*,10,*,*,*,Male,*,<=50K,7418
4,18,*,*,9,*,*,*,Male,*,<=50K,7419
4,23,*,*,12,*,*,*,Female,*,<=50K,7420
4,20,*,*,10,*,*,*,Male,*,<=50K,7421
4,19,*,*,10,*,*,*,Female,*,<=50K,7423
4,18,*,*,9,*,*,*,Male,*,<=50K,7424
4,21,*,*,11,*,*,*,Female,*,<=50K,7425
4,26,*,*,13,*,*,*,Male,*,>50K,7426
4,28,*,*,14,*,*,*,Male,*,>50K,7427
4,18,*,*,9,*,*,*,Male,*,<=50K,7428
4,20,*,*,10,*,*,*,Male,*,<=50K,7430
4,18,*,*,9,*,*,*,Male,*,<=50K,7431
4,12,*,*,6,*,*,*,Male,*,<=50K,7433
4,18,*,*,9,*,*,*,Male,*,<=50K,7434
4,20,*,*,10,*,*,*,Male,*,<=50K,7435
4,9,*,*,5,*,*,*,Female,*,>50K,7436
4,14,*,*,7,*,*,*,Male,*,<=50K,7437
4,26,*,*,13,*,*,*,Male,*,>50K,7438
4,17,*,*,9,*,*,*,Female,*,<=50K,7439
4,19,*,*,10,*,*,*,Female,*,<=50K,7440
4,20,*,*,10,*,*,*,Male,*,<=50K,7442
4,17,*,*,9,*,*,*,Female,*,<=50K,7443
4,25,*,*,13,*,*,*,Female,*,>50K,7445
4,18,*,*,9,*,*,*,Male,*,<=50K,7448
4,14,*,*,7,*,*,*,Male,*,<=50K,7449
4,25,*,*,13,*,*,*,Female,*,<=50K,7450
4,17,*,*,9,*,*,*,Female,*,<=50K,7451
4,13,*,*,7,*,*,*,Female,*,<=50K,7452
4,25,*,*,13,*,*,*,Female,*,<=50K,7453
4,20,*,*,10,*,*,*,Male,*,<=50K,7454
4,20,*,*,10,*,*,*,Male,*,>50K,7455
4,19,*,*,10,*,*,*,Female,*,<=50K,7456
4,18,*,*,9,*,*,*,Male,*,<=50K,7457
4,18,*,*,9,*,*,*,Male,*,<=50K,7458
4,28,*,*,14,*,*,*,Male,*,>50K,7459
4,23,*,*,12,*,*,*,Female,*,<=50K,7460
4,17,*,*,9,*,*,*,Female,*,<=50K,7461
4,19,*,*,10,*,*,*,Female,*,<=50K,7463
4,18,*,*,9,*,*,*,Male,*,>50K,7464
4,19,*,*,10,*,*,*,Female,*,<=50K,7465
4,26,*,*,13,*,*,*,Male,*,<=50K,7466
4,14,*,*,7,*,*,*,Male,*,<=50K,7467
4,18,*,*,9,*,*,*,Male,*,<=50K,7468
4,26,*,*,13,*,*,*,Male,*,<=50K,7472
4,18,*,*,9,*,*,*,Male,*,<=50K,7473
4,17,*,*,9,*,*,*,Female,*,<=50K,7474
4,17,*,*,9,*,*,*,Female,*,<=50K,7475
4,24,*,*,12,*,*,*,Male,*,<=50K,7476
4,22,*,*,11,*,*,*,Male,*,<=50K,7478
4,18,*,*,9,*,*,*,Male,*,<=50K,7479
4,32,*,*,16,*,*,*,Male,*,>50K,7480
4,18,*,*,9,*,*,*,Male,*,<=50K,7481
4,30,*,*,15,*,*,*,Male,*,>50K,7482
4,18,*,*,9,*,*,*,Male,*,>50K,7485
4,14,*,*,7,*,*,*,Male,*,<=50K,7486
4,28,*,*,14,*,*,*,Male,*,>50K,7487
4,17,*,*,9,*,*,*,Female,*,<=50K,7488
4,19,*,*,10,*,*,*,Female,*,<=50K,7489
4,20,*,*,10,*,*,*,Male,*,<=50K,7490
4,12,*,*,6,*,*,*,Male,*,<=50K,7491
4,17,*,*,9,*,*,*,Female,*,<=50K,7493
4,25,*,*,13,*,*,*,Female,*,<=50K,7494
4,8,*,*,4,*,*,*,Male,*,<=50K,7497
4,28,*,*,14,*,*,*,Male,*,<=50K,7498
4,18,*,*,9,*,*,*,Male,*,<=50K,7499
4,18,*,*,9,*,*,*,Male,*,<=50K,7500
4,26,*,*,13,*,*,*,Male,*,<=50K,7501
4,17,*,*,9,*,*,*,Female,*,<=50K,7503
4,19,*,*,10,*,*,*,Female,*,>50K,7504
4,20,*,*,10,*,*,*,Male,*,<=50K,7505
4,21,*,*,11,*,*,*,Female,*,<=50K,7506
4,12,*,*,6,*,*,*,Male,*,>50K,7508
4,17,*,*,9,*,*,*,Female,*,<=50K,7509
4,28,*,*,14,*,*,*,Male,*,>50K,7512
4,20,*,*,10,*,*,*,Male,*,<=50K,7514
4,30,*,*,15,*,*,*,Male,*,>50K,7515
4,26,*,*,13,*,*,*,Male,*,<=50K,7516
4,19,*,*,10,*,*,*,Female,*,<=50K,7517
4,26,*,*,13,*,*,*,Male,*,<=50K,7518
4,17,*,*,9,*,*,*,Female,*,<=50K,7519
4,17,*,*,9,*,*,*,Female,*,<=50K,7520
4,20,*,*,10,*,*,*,Male,*,<=50K,7522
4,21,*,*,11,*,*,*,Female,*,<=50K,7523
4,24,*,*,12,*,*,*,Male,*,<=50K,7524
4,26,*,*,13,*,*,*,Male,*,<=50K,7525
4,14,*,*,7,*,*,*,Male,*,>50K,7526
4,20,*,*,10,*,*,*,Male,*,<=50K,7528
4,26,*,*,13,*,*,*,Male,*,>50K,7529
4,8,*,*,4,*,*,*,Male,*,<=50K,7530
4,21,*,*,11,*,*,*,Female,*,<=50K,7531
4,18,*,*,9,*,*,*,Male,*,<=50K,7532
4,26,*,*,13,*,*,*,Male,*,>50K,7533
4,25,*,*,13,*,*,*,Female,*,<=50K,7534
4,24,*,*,12,*,*,*,Male,*,<=50K,7535
4,18,*,*,9,*,*,*,Male,*,<=50K,7536
4,20,*,*,10,*,*,*,Male,*,<=50K,7537
4,20,*,*,10,*,*,*,Male,*,<=50K,7538
4,17,*,*,9,*,*,*,Female,*,<=50K,7539
4,26,*,*,13,*,*,*,Male,*,<=50K,7540
4,26,*,*,13,*,*,*,Male,*,<=50K,7541
4,20,*,*,10,*,*,*,Male,*,<=50K,7542
4,25,*,*,13,*,*,*,Female,*,<=50K,7543
4,18,*,*,9,*,*,*,Male,*,<=50K,7544
4,17,*,*,9,*,*,*,Female,*,<=50K,7545
4,18,*,*,9,*,*,*,Male,*,<=50K,7546
4,18,*,*,9,*,*,*,Male,*,>50K,7547
4,18,*,*,9,*,*,*,Male,*,<=50K,7548
4,12,*,*,6,*,*,*,Male,*,<=50K,7549
4,19,*,*,10,*,*,*,Female,*,<=50K,7550
4,26,*,*,13,*,*,*,Male,*,<=50K,7551
4,4,*,*,2,*,*,*,Male,*,<=50K,7552
4,17,*,*,9,*,*,*,Female,*,<=50K,7553
4,7,*,*,4,*,*,*,Female,*,<=50K,7554
4,12,*,*,6,*,*,*,Male,*,<=50K,7557
4,19,*,*,10,*,*,*,Female,*,<=50K,7558
4,17,*,*,9,*,*,*,Female,*,<=50K,7559
4,12,*,*,6,*,*,*,Male,*,<=50K,7561
4,25,*,*,13,*,*,*,Female,*,<=50K,7562
4,26,*,*,13,*,*,*,Male,*,>50K,7563
4,17,*,*,9,*,*,*,Female,*,<=50K,7564
4,28,*,*,14,*,*,*,Male,*,>50K,7565
4,17,*,*,9,*,*,*,Female,*,<=50K,7566
4,22,*,*,11,*,*,*,Male,*,<=50K,7567
4,12,*,*,6,*,*,*,Male,*,<=50K,7569
4,26,*,*,13,*,*,*,Male,*,>50K,7571
4,18,*,*,9,*,*,*,Male,*,<=50K,7572
4,18,*,*,9,*,*,*,Male,*,<=50K,7573
4,18,*,*,9,*,*,*,Male,*,<=50K,7574
4,20,*,*,10,*,*,*,Male,*,<=50K,7575
4,17,*,*,9,*,*,*,Female,*,<=50K,7576
4,25,*,*,13,*,*,*,Female,*,<=50K,7577
4,20,*,*,10,*,*,*,Male,*,<=50K,7578
4,20,*,*,10,*,*,*,Male,*,<=50K,7579
4,8,*,*,4,*,*,*,Male,*,<=50K,7580
4,22,*,*,11,*,*,*,Male,*,<=50K,7582
4,19,*,*,10,*,*,*,Female,*,<=50K,7583
4,26,*,*,13,*,*,*,Male,*,<=50K,7584
4,17,*,*,9,*,*,*,Female,*,<=50K,7587
4,17,*,*,9,*,*,*,Female,*,<=50K,7588
4,14,*,*,7,*,*,*,Male,*,<=50K,7589
4,17,*,*,9,*,*,*,Female,*,<=50K,7590
4,18,*,*,9,*,*,*,Male,*,<=50K,7591
4,26,*,*,13,*,*,*,Male,*,<=50K,7593
4,19,*,*,10,*,*,*,Female,*,<=50K,7594
4,23,*,*,12,*,*,*,Female,*,<=50K,7596
4,19,*,*,10,*,*,*,Female,*,<=50K,7597
4,20,*,*,10,*,*,*,Male,*,>50K,7598
4,24,*,*,12,*,*,*,Male,*,<=50K,7599
4,17,*,*,9,*,*,*,Female,*,<=50K,7600
4,19,*,*,10,*,*,*,Female,*,<=50K,7601
4,19,*,*,10,*,*,*,Female,*,<=50K,7602
4,9,*,*,5,*,*,*,Female,*,<=50K,7603
4,14,*,*,7,*,*,*,Male,*,<=50K,7604
4,24,*,*,12,*,*,*,Male,*,<=50K,7605
4,18,*,*,9,*,*,*,Male,*,>50K,7606
4,32,*,*,16,*,*,*,Male,*,>50K,7608
4,27,*,*,14,*,*,*,Female,*,<=50K,7609
4,18,*,*,9,*,*,*,Male,*,>50K,7610
4,13,*,*,7,*,*,*,Female,*,<=50K,7611
4,17,*,*,9,*,*,*,Female,*,<=50K,7612
4,21,*,*,11,*,*,*,Female,*,<=50K,7613
4,17,*,*,9,*,*,*,Female,*,<=50K,7614
4,17,*,*,9,*,*,*,Female,*,<=50K,7615
4,17,*,*,9,*,*,*,Female,*,<=50K,7616
4,18,*,*,9,*,*,*,Male,*,<=50K,7617
4,18,*,*,9,*,*,*,Male,*,<=50K,7618
4,30,*,*,15,*,*,*,Male,*,>50K,7619
4,18,*,*,9,*,*,*,Male,*,<=50K,7621
4,22,*,*,11,*,*,*,Male,*,<=50K,7622
4,20,*,*,10,*,*,*,Male,*,<=50K,7624
4,28,*,*,14,*,*,*,Male,*,<=50K,7625
4,26,*,*,13,*,*,*,Male,*,>50K,7626
4,13,*,*,7,*,*,*,Female,*,<=50K,7627
4,20,*,*,10,*,*,*,Male,*,<=50K,7629
4,18,*,*,9,*,*,*,Male,*,<=50K,7630
4,16,*,*,8,*,*,*,Male,*,<=50K,7632
4,24,*,*,12,*,*,*,Male,*,>50K,7636
4,20,*,*,10,*,*,*,Male,*,<=50K,7637
4,11,*,*,6,*,*,*,Female,*,<=50K,7638
4,20,*,*,10,*,*,*,Male,*,<=50K,7639
4,8,*,*,4,*,*,*,Male,*,<=50K,7640
4,9,*,*,5,*,*,*,Female,*,<=50K,7641
4,20,*,*,10,*,*,*,Male,*,<=50K,7642
4,18,*,*,9,*,*,*,Male,*,<=50K,7643
4,18,*,*,9,*,*,*,Male,*,<=50K,7644
4,19,*,*,10,*,*,*,Female,*,<=50K,7646
4,17,*,*,9,*,*,*,Female,*,<=50K,7647
4,18,*,*,9,*,*,*,Male,*,<=50K,7648
4,17,*,*,9,*,*,*,Female,*,<=50K,7649
4,18,*,*,9,*,*,*,Male,*,>50K,7650
4,26,*,*,13,*,*,*,Male,*,>50K,7651
4,22,*,*,11,*,*,*,Male,*,<=50K,7654
4,21,*,*,11,*,*,*,Female,*,<=50K,7655
4,18,*,*,9,*,*,*,Male,*,<=50K,7656
4,17,*,*,9,*,*,*,Female,*,<=50K,7657
4,18,*,*,9,*,*,*,Male,*,<=50K,7658
4,14,*,*,7,*,*,*,Male,*,<=50K,7659
4,18,*,*,9,*,*,*,Male,*,<=50K,7660
4,26,*,*,13,*,*,*,Male,*,>50K,7661
4,20,*,*,10,*,*,*,Male,*,<=50K,7663
4,18,*,*,9,*,*,*,Male,*,>50K,7664
4,14,*,*,7,*,*,*,Male,*,<=50K,7665
4,18,*,*,9,*,*,*,Male,*,<=50K,7666
4,31,*,*,16,*,*,*,Female,*,<=50K,7667
4,17,*,*,9,*,*,*,Female,*,<=50K,7668
4,20,*,*,10,*,*,*,Male,*,<=50K,7669
4,24,*,*,12,*,*,*,Male,*,<=50K,7671
4,23,*,*,12,*,*,*,Female,*,<=50K,7672
4,28,*,*,14,*,*,*,Male,*,<=50K,7673
4,17,*,*,9,*,*,*,Female,*,<=50K,7674
4,18,*,*,9,*,*,*,Male,*,<=50K,7676
4,26,*,*,13,*,*,*,Male,*,<=50K,7677
4,19,*,*,10,*,*,*,Female,*,>50K,7678
4,20,*,*,10,*,*,*,Male,*,<=50K,7679
4,18,*,*,9,*,*,*,Male,*,<=50K,7680
4,18,*,*,9,*,*,*,Male,*,<=50K,7681
4,8,*,*,4,*,*,*,Male,*,<=50K,7682
4,10,*,*,5,*,*,*,Male,*,<=50K,7683
4,12,*,*,6,*,*,*,Male,*,<=50K,7684
4,16,*,*,8,*,*,*,Male,*,<=50K,7685
4,12,*,*,6,*,*,*,Male,*,<=50K,7686
4,10,*,*,5,*,*,*,Male,*,<=50K,7688
4,21,*,*,11,*,*,*,Female,*,>50K,7689
4,17,*,*,9,*,*,*,Female,*,<=50K,7690
4,18,*,*,9,*,*,*,Male,*,<=50K,7691
4,26,*,*,13,*,*,*,Male,*,>50K,7694
4,20,*,*,10,*,*,*,Male,*,<=50K,7695
4,19,*,*,10,*,*,*,Female,*,<=50K,7696
4,18,*,*,9,*,*,*,Male,*,<=50K,7697
4,25,*,*,13,*,*,*,Female,*,<=50K,7701
4,17,*,*,9,*,*,*,Female,*,<=50K,7702
4,18,*,*,9,*,*,*,Male,*,<=50K,7703
4,18,*,*,9,*,*,*,Male,*,<=50K,7704
4,26,*,*,13,*,*,*,Male,*,>50K,7705
4,17,*,*,9,*,*,*,Female,*,<=50K,7707
4,18,*,*,9,*,*,*,Male,*,<=50K,7708
4,8,*,*,4,*,*,*,Male,*,<=50K,7709
4,18,*,*,9,*,*,*,Male,*,<=50K,7710
4,21,*,*,11,*,*,*,Female,*,<=50K,7711
4,20,*,*,10,*,*,*,Male,*,<=50K,7712
4,20,*,*,10,*,*,*,Male,*,<=50K,7713
4,20,*,*,10,*,*,*,Male,*,<=50K,7714
4,26,*,*,13,*,*,*,Male,*,>50K,7716
4,31,*,*,16,*,*,*,Female,*,<=50K,7717
4,26,*,*,13,*,*,*,Male,*,<=50K,7718
4,28,*,*,14,*,*,*,Male,*,>50K,7719
4,24,*,*,12,*,*,*,Male,*,<=50K,7720
4,25,*,*,13,*,*,*,Female,*,<=50K,7721
4,26,*,*,13,*,*,*,Male,*,<=50K,7723
4,8,*,*,4,*,*,*,Male,*,>50K,7724
4,17,*,*,9,*,*,*,Female,*,<=50K,7725
4,26,*,*,13,*,*,*,Male,*,<=50K,7726
4,20,*,*,10,*,*,*,Male,*,<=50K,7727
4,11,*,*,6,*,*,*,Female,*,<=50K,7728
4,25,*,*,13,*,*,*,Female,*,<=50K,7729
4,19,*,*,10,*,*,*,Female,*,<=50K,7731
4,26,*,*,13,*,*,*,Male,*,>50K,7732
4,18,*,*,9,*,*,*,Male,*,>50K,7733
4,19,*,*,10,*,*,*,Female,*,<=50K,7734
4,19,*,*,10,*,*,*,Female,*,<=50K,7735
4,13,*,*,7,*,*,*,Female,*,<=50K,7736
4,18,*,*,9,*,*,*,Male,*,<=50K,7737
4,20,*,*,10,*,*,*,Male,*,<=50K,7738
4,23,*,*,12,*,*,*,Female,*,<=50K,7739
4,26,*,*,13,*,*,*,Male,*,<=50K,7740
4,20,*,*,10,*,*,*,Male,*,>50K,7741
4,20,*,*,10,*,*,*,Male,*,<=50K,7742
4,18,*,*,9,*,*,*,Male,*,<=50K,7743
4,26,*,*,13,*,*,*,Male,*,<=50K,7744
4,20,*,*,10,*,*,*,Male,*,<=50K,7745
4,19,*,*,10,*,*,*,Female,*,<=50K,7746
4,18,*,*,9,*,*,*,Male,*,<=50K,7747
4,28,*,*,14,*,*,*,Male,*,<=50K,7748
4,18,*,*,9,*,*,*,Male,*,<=50K,7749
4,18,*,*,9,*,*,*,Male,*,<=50K,7752
4,18,*,*,9,*,*,*,Male,*,>50K,7753
4,18,*,*,9,*,*,*,Male,*,<=50K,7754
4,26,*,*,13,*,*,*,Male,*,<=50K,7755
4,21,*,*,11,*,*,*,Female,*,<=50K,7756
4,18,*,*,9,*,*,*,Male,*,<=50K,7758
4,26,*,*,13,*,*,*,Male,*,<=50K,7759
4,16,*,*,8,*,*,*,Male,*,<=50K,7760
4,18,*,*,9,*,*,*,Male,*,<=50K,7761
4,23,*,*,12,*,*,*,Female,*,<=50K,7762
4,18,*,*,9,*,*,*,Male,*,<=50K,7763
4,26,*,*,13,*,*,*,Male,*,>50K,7764
4,20,*,*,10,*,*,*,Male,*,<=50K,7765
4,25,*,*,13,*,*,*,Female,*,<=50K,7766
4,18,*,*,9,*,*,*,Male,*,<=50K,7767
4,17,*,*,9,*,*,*,Female,*,<=50K,7768
4,23,*,*,12,*,*,*,Female,*,<=50K,7769
4,25,*,*,13,*,*,*,Female,*,<=50K,7771
4,18,*,*,9,*,*,*,Male,*,<=50K,7772
4,26,*,*,13,*,*,*,Male,*,<=50K,7774
4,20,*,*,10,*,*,*,Male,*,>50K,7777
4,19,*,*,10,*,*,*,Female,*,<=50K,7778
4,13,*,*,7,*,*,*,Female,*,<=50K,7779
4,21,*,*,11,*,*,*,Female,*,<=50K,7780
4,17,*,*,9,*,*,*,Female,*,<=50K,7782
4,18,*,*,9,*,*,*,Male,*,>50K,7783
4,20,*,*,10,*,*,*,Male,*,>50K,7784
4,19,*,*,10,*,*,*,Female,*,<=50K,7785
4,20,*,*,10,*,*,*,Male,*,>50K,7786
4,21,*,*,11,*,*,*,Female,*,<=50K,7788
4,17,*,*,9,*,*,*,Female,*,<=50K,7789
4,20,*,*,10,*,*,*,Male,*,<=50K,7790
4,8,*,*,4,*,*,*,Male,*,<=50K,7791
4,18,*,*,9,*,*,*,Male,*,<=50K,7792
4,24,*,*,12,*,*,*,Male,*,<=50K,7793
4,20,*,*,10,*,*,*,Male,*,>50K,7794
4,25,*,*,13,*,*,*,Female,*,<=50K,7795
4,26,*,*,13,*,*,*,Male,*,<=50K,7796
4,18,*,*,9,*,*,*,Male,*,>50K,7797
4,26,*,*,13,*,*,*,Male,*,<=50K,7798
4,20,*,*,10,*,*,*,Male,*,<=50K,7799
4,18,*,*,9,*,*,*,Male,*,<=50K,7800
4,17,*,*,9,*,*,*,Female,*,<=50K,7801
4,17,*,*,9,*,*,*,Female,*,<=50K,7802
4,26,*,*,13,*,*,*,Male,*,<=50K,7803
4,20,*,*,10,*,*,*,Male,*,>50K,7804
4,18,*,*,9,*,*,*,Male,*,<=50K,7807
4,18,*,*,9,*,*,*,Male,*,<=50K,7809
4,20,*,*,10,*,*,*,Male,*,<=50K,7811
4,19,*,*,10,*,*,*,Female,*,<=50K,7812
4,30,*,*,15,*,*,*,Male,*,>50K,7813
4,18,*,*,9,*,*,*,Male,*,>50K,7815
4,26,*,*,13,*,*,*,Male,*,>50K,7816
4,28,*,*,14,*,*,*,Male,*,>50K,7817
4,19,*,*,10,*,*,*,Female,*,>50K,7820
4,24,*,*,12,*,*,*,Male,*,<=50K,7821
4,14,*,*,7,*,*,*,Male,*,>50K,7822
4,26,*,*,13,*,*,*,Male,*,<=50K,7823
4,20,*,*,10,*,*,*,Male,*,<=50K,7824
4,26,*,*,13,*,*,*,Male,*,>50K,7825
4,17,*,*,9,*,*,*,Female,*,<=50K,7826
4,23,*,*,12,*,*,*,Female,*,<=50K,7827
4,26,*,*,13,*,*,*,Male,*,>50K,7828
4,18,*,*,9,*,*,*,Male,*,<=50K,7829
4,20,*,*,10,*,*,*,Male,*,<=50K,7830
4,19,*,*,10,*,*,*,Female,*,<=50K,7831
4,28,*,*,14,*,*,*,Male,*,>50K,7834
4,18,*,*,9,*,*,*,Male,*,<=50K,7835
4,18,*,*,9,*,*,*,Male,*,<=50K,7836
4,18,*,*,9,*,*,*,Male,*,>50K,7837
4,26,*,*,13,*,*,*,Male,*,<=50K,7838
4,20,*,*,10,*,*,*,Male,*,<=50K,7839
4,12,*,*,6,*,*,*,Male,*,<=50K,7840
4,19,*,*,10,*,*,*,Female,*,<=50K,7842
4,22,*,*,11,*,*,*,Male,*,>50K,7843
4,25,*,*,13,*,*,*,Female,*,<=50K,7846
4,19,*,*,10,*,*,*,Female,*,<=50K,7849
4,18,*,*,9,*,*,*,Male,*,<=50K,7850
4,20,*,*,10,*,*,*,Male,*,<=50K,7853
4,17,*,*,9,*,*,*,Female,*,<=50K,7855
4,19,*,*,10,*,*,*,Female,*,<=50K,7857
4,28,*,*,14,*,*,*,Male,*,>50K,7858
4,18,*,*,9,*,*,*,Male,*,<=50K,7859
4,17,*,*,9,*,*,*,Female,*,<=50K,7861
4,23,*,*,12,*,*,*,Female,*,<=50K,7863
4,18,*,*,9,*,*,*,Male,*,>50K,7864
4,13,*,*,7,*,*,*,Female,*,<=50K,7865
4,16,*,*,8,*,*,*,Male,*,<=50K,7866
4,17,*,*,9,*,*,*,Female,*,<=50K,7867
4,18,*,*,9,*,*,*,Male,*,>50K,7869
4,22,*,*,11,*,*,*,Male,*,>50K,7870
4,20,*,*,10,*,*,*,Male,*,<=50K,7871
4,18,*,*,9,*,*,*,Male,*,>50K,7873
4,26,*,*,13,*,*,*,Male,*,>50K,7875
4,22,*,*,11,*,*,*,Male,*,>50K,7876
4,18,*,*,9,*,*,*,Male,*,>50K,7877
4,20,*,*,10,*,*,*,Male,*,>50K,7878
4,17,*,*,9,*,*,*,Female,*,<=50K,7879
4,18,*,*,9,*,*,*,Male,*,<=50K,7880
4,26,*,*,13,*,*,*,Male,*,<=50K,7881
4,13,*,*,7,*,*,*,Female,*,<=50K,7884
4,23,*,*,12,*,*,*,Female,*,>50K,7885
4,24,*,*,12,*,*,*,Male,*,<=50K,7886
4,27,*,*,14,*,*,*,Female,*,<=50K,7887
4,20,*,*,10,*,*,*,Male,*,<=50K,7888
4,26,*,*,13,*,*,*,Male,*,<=50K,7889
4,18,*,*,9,*,*,*,Male,*,<=50K,7890
4,18,*,*,9,*,*,*,Male,*,<=50K,7891
4,20,*,*,10,*,*,*,Male,*,<=50K,7892
4,18,*,*,9,*,*,*,Male,*,<=50K,7893
4,12,*,*,6,*,*,*,Male,*,<=50K,7894
4,30,*,*,15,*,*,*,Male,*,>50K,7895
4,28,*,*,14,*,*,*,Male,*,>50K,7897
4,18,*,*,9,*,*,*,Male,*,<=50K,7898
4,18,*,*,9,*,*,*,Male,*,<=50K,7899
4,26,*,*,13,*,*,*,Male,*,<=50K,7900
4,30,*,*,15,*,*,*,Male,*,>50K,7901
4,18,*,*,9,*,*,*,Male,*,<=50K,7902
4,20,*,*,10,*,*,*,Male,*,<=50K,7903
4,15,*,*,8,*,*,*,Female,*,<=50K,7904
4,26,*,*,13,*,*,*,Male,*,<=50K,7905
4,20,*,*,10,*,*,*,Male,*,>50K,7906
4,21,*,*,11,*,*,*,Female,*,<=50K,7907
4,24,*,*,12,*,*,*,Male,*,<=50K,7908
4,10,*,*,5,*,*,*,Male,*,<=50K,7909
4,20,*,*,10,*,*,*,Male,*,<=50K,7911
4,26,*,*,13,*,*,*,Male,*,<=50K,7912
4,5,*,*,3,*,*,*,Female,*,<=50K,7913
4,18,*,*,9,*,*,*,Male,*,>50K,7914
4,18,*,*,9,*,*,*,Male,*,>50K,7915
4,19,*,*,10,*,*,*,Female,*,<=50K,7917
4,17,*,*,9,*,*,*,Female,*,<=50K,7918
4,18,*,*,9,*,*,*,Male,*,<=50K,7919
4,18,*,*,9,*,*,*,Male,*,<=50K,7920
4,14,*,*,7,*,*,*,Male,*,<=50K,7921
4,26,*,*,13,*,*,*,Male,*,<=50K,7922
4,10,*,*,5,*,*,*,Male,*,<=50K,7923
4,21,*,*,11,*,*,*,Female,*,<=50K,7924
4,6,*,*,3,*,*,*,Male,*,<=50K,7925
4,28,*,*,14,*,*,*,Male,*,<=50K,7926
4,20,*,*,10,*,*,*,Male,*,>50K,7928
4,18,*,*,9,*,*,*,Male,*,<=50K,7929
4,19,*,*,10,*,*,*,Female,*,<=50K,7930
4,17,*,*,9,*,*,*,Female,*,<=50K,7931
4,20,*,*,10,*,*,*,Male,*,<=50K,7932
4,6,*,*,3,*,*,*,Male,*,<=50K,7933
4,18,*,*,9,*,*,*,Male,*,<=50K,7935
4,18,*,*,9,*,*,*,Male,*,<=50K,7937
4,26,*,*,13,*,*,*,Male,*,>50K,7938
4,19,*,*,10,*,*,*,Female,*,>50K,7939
4,18,*,*,9,*,*,*,Male,*,<=50K,7940
4,15,*,*,8,*,*,*,Female,*,<=50K,7941
4,18,*,*,9,*,*,*,Male,*,<=50K,7942
4,26,*,*,13,*,*,*,Male,*,>50K,7943
4,18,*,*,9,*,*,*,Male,*,<=50K,7945
4,17,*,*,9,*,*,*,Female,*,<=50K,7946
4,23,*,*,12,*,*,*,Female,*,<=50K,7947
4,26,*,*,13,*,*,*,Male,*,<=50K,7948
4,20,*,*,10,*,*,*,Male,*,<=50K,7950
4,19,*,*,10,*,*,*,Female,*,<=50K,7951
4,18,*,*,9,*,*,*,Male,*,<=50K,7952
4,25,*,*,13,*,*,*,Female,*,<=50K,7954
4,20,*,*,10,*,*,*,Male,*,>50K,7955
4,18,*,*,9,*,*,*,Male,*,<=50K,7956
4,20,*,*,10,*,*,*,Male,*,<=50K,7962
4,20,*,*,10,*,*,*,Male,*,<=50K,7963
4,20,*,*,10,*,*,*,Male,*,<=50K,7964
4,22,*,*,11,*,*,*,Male,*,>50K,7965
4,19,*,*,10,*,*,*,Female,*,<=50K,7966
4,20,*,*,10,*,*,*,Male,*,<=50K,7967
4,14,*,*,7,*,*,*,Male,*,<=50K,7968
4,4,*,*,2,*,*,*,Male,*,<=50K,7971
4,14,*,*,7,*,*,*,Male,*,<=50K,7973
4,20,*,*,10,*,*,*,Male,*,<=50K,7974
4,20,*,*,10,*,*,*,Male,*,<=50K,7976
4,18,*,*,9,*,*,*,Male,*,<=50K,7977
4,8,*,*,4,*,*,*,Male,*,>50K,7978
4,32,*,*,16,*,*,*,Male,*,>50K,7979
4,18,*,*,9,*,*,*,Male,*,<=50K,7980
4,17,*,*,9,*,*,*,Female,*,<=50K,7981
4,25,*,*,13,*,*,*,Female,*,<=50K,7982
4,18,*,*,9,*,*,*,Male,*,<=50K,7983
4,8,*,*,4,*,*,*,Male,*,<=50K,7984
4,19,*,*,10,*,*,*,Female,*,<=50K,7985
4,26,*,*,13,*,*,*,Male,*,<=50K,7986
4,19,*,*,10,*,*,*,Female,*,<=50K,7987
4,18,*,*,9,*,*,*,Male,*,<=50K,7990
4,18,*,*,9,*,*,*,Male,*,<=50K,7991
4,4,*,*,2,*,*,*,Male,*,<=50K,7993
4,17,*,*,9,*,*,*,Female,*,<=50K,7994
4,18,*,*,9,*,*,*,Male,*,<=50K,7996
4,19,*,*,10,*,*,*,Female,*,<=50K,7998
4,17,*,*,9,*,*,*,Female,*,<=50K,7999
4,28,*,*,14,*,*,*,Male,*,>50K,8002
4,20,*,*,10,*,*,*,Male,*,<=50K,8003
4,18,*,*,9,*,*,*,Male,*,<=50K,8004
4,20,*,*,10,*,*,*,Male,*,<=50K,8005
4,24,*,*,12,*,*,*,Male,*,<=50K,8007
4,20,*,*,10,*,*,*,Male,*,>50K,8008
4,26,*,*,13,*,*,*,Male,*,<=50K,8009
4,20,*,*,10,*,*,*,Male,*,<=50K,8010
4,18,*,*,9,*,*,*,Male,*,<=50K,8011
4,28,*,*,14,*,*,*,Male,*,<=50K,8012
4,17,*,*,9,*,*,*,Female,*,<=50K,8013
4,18,*,*,9,*,*,*,Male,*,<=50K,8014
4,10,*,*,5,*,*,*,Male,*,<=50K,8016
4,26,*,*,13,*,*,*,Male,*,<=50K,8017
4,26,*,*,13,*,*,*,Male,*,<=50K,8018
4,17,*,*,9,*,*,*,Female,*,<=50K,8019
4,28,*,*,14,*,*,*,Male,*,<=50K,8020
4,18,*,*,9,*,*,*,Male,*,<=50K,8021
4,15,*,*,8,*,*,*,Female,*,<=50K,8022
4,18,*,*,9,*,*,*,Male,*,<=50K,8023
4,17,*,*,9,*,*,*,Female,*,<=50K,8024
4,21,*,*,11,*,*,*,Female,*,<=50K,8025
4,12,*,*,6,*,*,*,Male,*,<=50K,8028
4,25,*,*,13,*,*,*,Female,*,<=50K,8030
4,17,*,*,9,*,*,*,Female,*,<=50K,8031
4,14,*,*,7,*,*,*,Male,*,<=50K,8032
4,8,*,*,4,*,*,*,Male,*,<=50K,8033
4,24,*,*,12,*,*,*,Male,*,<=50K,8034
4,22,*,*,11,*,*,*,Male,*,<=50K,8036
4,18,*,*,9,*,*,*,Male,*,<=50K,8038
4,25,*,*,13,*,*,*,Female,*,<=50K,8039
4,17,*,*,9,*,*,*,Female,*,<=50K,8041
4,10,*,*,5,*,*,*,Male,*,<=50K,8042
4,18,*,*,9,*,*,*,Male,*,<=50K,8043
4,19,*,*,10,*,*,*,Female,*,<=50K,8044
4,19,*,*,10,*,*,*,Female,*,<=50K,8045
4,17,*,*,9,*,*,*,Female,*,<=50K,8046
4,26,*,*,13,*,*,*,Male,*,<=50K,8047
4,17,*,*,9,*,*,*,Female,*,<=50K,8048
4,28,*,*,14,*,*,*,Male,*,>50K,8049
4,20,*,*,10,*,*,*,Male,*,<=50K,8050
4,17,*,*,9,*,*,*,Female,*,<=50K,8052
4,18,*,*,9,*,*,*,Male,*,<=50K,8053
4,18,*,*,9,*,*,*,Male,*,>50K,8055
4,22,*,*,11,*,*,*,Male,*,<=50K,8056
4,10,*,*,5,*,*,*,Male,*,<=50K,8058
4,26,*,*,13,*,*,*,Male,*,>50K,8060
4,26,*,*,13,*,*,*,Male,*,<=50K,8061
4,20,*,*,10,*,*,*,Male,*,>50K,8062
4,19,*,*,10,*,*,*,Female,*,<=50K,8064
4,17,*,*,9,*,*,*,Female,*,<=50K,8065
4,6,*,*,3,*,*,*,Male,*,<=50K,8068
4,30,*,*,15,*,*,*,Male,*,<=50K,8069
4,26,*,*,13,*,*,*,Male,*,<=50K,8070
4,21,*,*,11,*,*,*,Female,*,<=50K,8071
4,15,*,*,8,*,*,*,Female,*,<=50K,8073
4,18,*,*,9,*,*,*,Male,*,>50K,8074
4,32,*,*,16,*,*,*,Male,*,>50K,8076
4,23,*,*,12,*,*,*,Female,*,<=50K,8077
4,26,*,*,13,*,*,*,Male,*,>50K,8078
4,12,*,*,6,*,*,*,Male,*,<=50K,8079
4,18,*,*,9,*,*,*,Male,*,<=50K,8080
4,26,*,*,13,*,*,*,Male,*,<=50K,8081
4,20,*,*,10,*,*,*,Male,*,<=50K,8082
4,17,*,*,9,*,*,*,Female,*,<=50K,8083
4,19,*,*,10,*,*,*,Female,*,<=50K,8084
4,12,*,*,6,*,*,*,Male,*,>50K,8085
4,22,*,*,11,*,*,*,Male,*,<=50K,8086
4,19,*,*,10,*,*,*,Female,*,<=50K,8087
4,22,*,*,11,*,*,*,Male,*,<=50K,8088
4,26,*,*,13,*,*,*,Male,*,<=50K,8089
4,17,*,*,9,*,*,*,Female,*,<=50K,8090
4,26,*,*,13,*,*,*,Male,*,<=50K,8091
4,26,*,*,13,*,*,*,Male,*,>50K,8093
4,16,*,*,8,*,*,*,Male,*,<=50K,8094
4,19,*,*,10,*,*,*,Female,*,<=50K,8096
4,18,*,*,9,*,*,*,Male,*,<=50K,8099
4,17,*,*,9,*,*,*,Female,*,>50K,8100
4,20,*,*,10,*,*,*,Male,*,<=50K,8101
4,20,*,*,10,*,*,*,Male,*,<=50K,8102
4,8,*,*,4,*,*,*,Male,*,<=50K,8104
4,20,*,*,10,*,*,*,Male,*,<=50K,8105
4,13,*,*,7,*,*,*,Female,*,<=50K,8106
4,20,*,*,10,*,*,*,Male,*,>50K,8107
4,19,*,*,10,*,*,*,Female,*,<=50K,8108
4,19,*,*,10,*,*,*,Female,*,<=50K,8109
4,19,*,*,10,*,*,*,Female,*,<=50K,8111
4,20,*,*,10,*,*,*,Male,*,<=50K,8112
4,21,*,*,11,*,*,*,Female,*,<=50K,8113
4,18,*,*,9,*,*,*,Male,*,<=50K,8114
4,26,*,*,13,*,*,*,Male,*,<=50K,8115
4,19,*,*,10,*,*,*,Female,*,<=50K,8116
4,14,*,*,7,*,*,*,Male,*,<=50K,8117
4,18,*,*,9,*,*,*,Male,*,<=50K,8118
4,20,*,*,10,*,*,*,Male,*,<=50K,8119
4,27,*,*,14,*,*,*,Female,*,>50K,8120
4,19,*,*,10,*,*,*,Female,*,<=50K,8121
4,24,*,*,12,*,*,*,Male,*,<=50K,8122
4,18,*,*,9,*,*,*,Male,*,<=50K,8123
4,25,*,*,13,*,*,*,Female,*,<=50K,8124
4,18,*,*,9,*,*,*,Male,*,<=50K,8126
4,14,*,*,7,*,*,*,Male,*,<=50K,8127
4,19,*,*,10,*,*,*,Female,*,<=50K,8128
4,18,*,*,9,*,*,*,Male,*,<=50K,8129
4,19,*,*,10,*,*,*,Female,*,<=50K,8130
4,19,*,*,10,*,*,*,Female,*,<=50K,8131
4,20,*,*,10,*,*,*,Male,*,>50K,8132
4,25,*,*,13,*,*,*,Female,*,<=50K,8133
4,18,*,*,9,*,*,*,Male,*,<=50K,8134
4,10,*,*,5,*,*,*,Male,*,>50K,8136
4,18,*,*,9,*,*,*,Male,*,<=50K,8138
4,9,*,*,5,*,*,*,Female,*,<=50K,8139
4,22,*,*,11,*,*,*,Male,*,<=50K,8140
4,18,*,*,9,*,*,*,Male,*,>50K,8141
4,32,*,*,16,*,*,*,Male,*,>50K,8142
4,28,*,*,14,*,*,*,Male,*,>50K,8143
4,24,*,*,12,*,*,*,Male,*,<=50K,8144
4,14,*,*,7,*,*,*,Male,*,<=50K,8145
4,25,*,*,13,*,*,*,Female,*,<=50K,8146
4,20,*,*,10,*,*,*,Male,*,<=50K,8148
4,20,*,*,10,*,*,*,Male,*,>50K,8149
4,28,*,*,14,*,*,*,Male,*,<=50K,8150
4,20,*,*,10,*,*,*,Male,*,<=50K,8151
4,19,*,*,10,*,*,*,Female,*,>50K,8152
4,10,*,*,5,*,*,*,Male,*,<=50K,8153
4,25,*,*,13,*,*,*,Female,*,>50K,8154
4,18,*,*,9,*,*,*,Male,*,<=50K,8155
4,12,*,*,6,*,*,*,Male,*,<=50K,8156
4,20,*,*,10,*,*,*,Male,*,>50K,8157
4,27,*,*,14,*,*,*,Female,*,<=50K,8158
4,19,*,*,10,*,*,*,Female,*,<=50K,8159
4,20,*,*,10,*,*,*,Male,*,<=50K,8160
4,8,*,*,4,*,*,*,Male,*,<=50K,8161
4,20,*,*,10,*,*,*,Male,*,<=50K,8162
4,26,*,*,13,*,*,*,Male,*,>50K,8164
4,19,*,*,10,*,*,*,Female,*,<=50K,8165
4,25,*,*,13,*,*,*,Female,*,<=50K,8166
4,20,*,*,10,*,*,*,Male,*,<=50K,8167
4,20,*,*,10,*,*,*,Male,*,<=50K,8168
4,19,*,*,10,*,*,*,Female,*,<=50K,8169
4,32,*,*,16,*,*,*,Male,*,>50K,8170
4,18,*,*,9,*,*,*,Male,*,<=50K,8171
4,25,*,*,13,*,*,*,Female,*,<=50K,8172
4,24,*,*,12,*,*,*,Male,*,<=50K,8175
4,6,*,*,3,*,*,*,Male,*,<=50K,8176
4,17,*,*,9,*,*,*,Female,*,<=50K,8179
4,18,*,*,9,*,*,*,Male,*,<=50K,8180
4,17,*,*,9,*,*,*,Female,*,<=50K,8181
4,8,*,*,4,*,*,*,Male,*,<=50K,8182
4,18,*,*,9,*,*,*,Male,*,<=50K,8183
4,24,*,*,12,*,*,*,Male,*,>50K,8184
4,26,*,*,13,*,*,*,Male,*,>50K,8186
4,26,*,*,13,*,*,*,Male,*,<=50K,8187
4,26,*,*,13,*,*,*,Male,*,<=50K,8188
4,18,*,*,9,*,*,*,Male,*,<=50K,8189
4,18,*,*,9,*,*,*,Male,*,<=50K,8191
4,23,*,*,12,*,*,*,Female,*,<=50K,8192
4,16,*,*,8,*,*,*,Male,*,<=50K,8193
4,23,*,*,12,*,*,*,Female,*,<=50K,8195
4,19,*,*,10,*,*,*,Female,*,<=50K,8196
4,18,*,*,9,*,*,*,Male,*,<=50K,8197
4,19,*,*,10,*,*,*,Female,*,<=50K,8198
4,22,*,*,11,*,*,*,Male,*,<=50K,8199
4,25,*,*,13,*,*,*,Female,*,>50K,8201
4,18,*,*,9,*,*,*,Male,*,<=50K,8202
4,28,*,*,14,*,*,*,Male,*,>50K,8203
4,18,*,*,9,*,*,*,Male,*,<=50K,8205
4,25,*,*,13,*,*,*,Female,*,<=50K,8206
4,18,*,*,9,*,*,*,Male,*,<=50K,8208
4,19,*,*,10,*,*,*,Female,*,<=50K,8210
4,18,*,*,9,*,*,*,Male,*,<=50K,8211
4,18,*,*,9,*,*,*,Male,*,<=50K,8212
4,18,*,*,9,*,*,*,Male,*,<=50K,8213
4,18,*,*,9,*,*,*,Male,*,<=50K,8214
4,6,*,*,3,*,*,*,Male,*,<=50K,8215
4,26,*,*,13,*,*,*,Male,*,<=50K,8216
4,12,*,*,6,*,*,*,Male,*,<=50K,8217
4,26,*,*,13,*,*,*,Male,*,>50K,8218
4,20,*,*,10,*,*,*,Male,*,<=50K,8219
4,22,*,*,11,*,*,*,Male,*,<=50K,8221
4,18,*,*,9,*,*,*,Male,*,<=50K,8222
4,25,*,*,13,*,*,*,Female,*,<=50K,8223
4,27,*,*,14,*,*,*,Female,*,>50K,8225
4,8,*,*,4,*,*,*,Male,*,<=50K,8226
4,25,*,*,13,*,*,*,Female,*,>50K,8228
4,25,*,*,13,*,*,*,Female,*,<=50K,8229
4,20,*,*,10,*,*,*,Male,*,<=50K,8230
4,10,*,*,5,*,*,*,Male,*,>50K,8231
4,18,*,*,9,*,*,*,Male,*,<=50K,8232
4,17,*,*,9,*,*,*,Female,*,<=50K,8233
4,18,*,*,9,*,*,*,Male,*,<=50K,8234
4,15,*,*,8,*,*,*,Female,*,<=50K,8235
4,26,*,*,13,*,*,*,Male,*,<=50K,8238
4,25,*,*,13,*,*,*,Female,*,<=50K,8239
4,14,*,*,7,*,*,*,Male,*,<=50K,8240
4,10,*,*,5,*,*,*,Male,*,<=50K,8241
4,17,*,*,9,*,*,*,Female,*,<=50K,8242
4,27,*,*,14,*,*,*,Female,*,<=50K,8243
4,26,*,*,13,*,*,*,Male,*,<=50K,8244
4,20,*,*,10,*,*,*,Male,*,>50K,8246
4,28,*,*,14,*,*,*,Male,*,>50K,8247
4,21,*,*,11,*,*,*,Female,*,>50K,8248
4,20,*,*,10,*,*,*,Male,*,>50K,8249
4,27,*,*,14,*,*,*,Female,*,<=50K,8251
4,22,*,*,11,*,*,*,Male,*,<=50K,8252
4,17,*,*,9,*,*,*,Female,*,<=50K,8255
4,20,*,*,10,*,*,*,Male,*,>50K,8257
4,18,*,*,9,*,*,*,Male,*,<=50K,8258
4,20,*,*,10,*,*,*,Male,*,<=50K,8259
4,25,*,*,13,*,*,*,Female,*,<=50K,8260
4,19,*,*,10,*,*,*,Female,*,<=50K,8261
4,18,*,*,9,*,*,*,Male,*,<=50K,8263
4,18,*,*,9,*,*,*,Male,*,<=50K,8265
4,22,*,*,11,*,*,*,Male,*,<=50K,8266
4,19,*,*,10,*,*,*,Female,*,>50K,8267
4,17,*,*,9,*,*,*,Female,*,<=50K,8268
4,25,*,*,13,*,*,*,Female,*,<=50K,8269
4,9,*,*,5,*,*,*,Female,*,<=50K,8270
4,26,*,*,13,*,*,*,Male,*,>50K,8271
4,20,*,*,10,*,*,*,Male,*,<=50K,8272
4,5,*,*,3,*,*,*,Female,*,<=50K,8274
4,15,*,*,8,*,*,*,Female,*,<=50K,8275
4,18,*,*,9,*,*,*,Male,*,<=50K,8276
4,26,*,*,13,*,*,*,Male,*,<=50K,8277
4,19,*,*,10,*,*,*,Female,*,<=50K,8279
4,18,*,*,9,*,*,*,Male,*,<=50K,8280
4,17,*,*,9,*,*,*,Female,*,<=50K,8281
4,25,*,*,13,*,*,*,Female,*,<=50K,8283
4,26,*,*,13,*,*,*,Male,*,<=50K,8286
4,18,*,*,9,*,*,*,Male,*,>50K,8287
4,28,*,*,14,*,*,*,Male,*,>50K,8289
4,26,*,*,13,*,*,*,Male,*,<=50K,8290
4,17,*,*,9,*,*,*,Female,*,<=50K,8291
4,26,*,*,13,*,*,*,Male,*,<=50K,8292
4,22,*,*,11,*,*,*,Male,*,<=50K,8294
4,18,*,*,9,*,*,*,Male,*,<=50K,8295
4,20,*,*,10,*,*,*,Male,*,<=50K,8296
4,20,*,*,10,*,*,*,Male,*,<=50K,8297
4,18,*,*,9,*,*,*,Male,*,<=50K,8299
4,20,*,*,10,*,*,*,Male,*,<=50K,8300
4,17,*,*,9,*,*,*,Female,*,<=50K,8301
4,18,*,*,9,*,*,*,Male,*,<=50K,8302
4,19,*,*,10,*,*,*,Female,*,<=50K,8303
4,20,*,*,10,*,*,*,Male,*,<=50K,8304
4,26,*,*,13,*,*,*,Male,*,>50K,8305
4,11,*,*,6,*,*,*,Female,*,<=50K,8306
4,26,*,*,13,*,*,*,Male,*,<=50K,8307
4,17,*,*,9,*,*,*,Female,*,<=50K,8308
4,8,*,*,4,*,*,*,Male,*,<=50K,8309
4,20,*,*,10,*,*,*,Male,*,<=50K,8311
4,18,*,*,9,*,*,*,Male,*,>50K,8312
4,22,*,*,11,*,*,*,Male,*,>50K,8313
4,19,*,*,10,*,*,*,Female,*,<=50K,8314
4,28,*,*,14,*,*,*,Male,*,>50K,8315
4,18,*,*,9,*,*,*,Male,*,<=50K,8316
4,17,*,*,9,*,*,*,Female,*,<=50K,8317
4,18,*,*,9,*,*,*,Male,*,<=50K,8318
4,25,*,*,13,*,*,*,Female,*,<=50K,8320
4,18,*,*,9,*,*,*,Male,*,<=50K,8321
4,26,*,*,13,*,*,*,Male,*,<=50K,8322
4,28,*,*,14,*,*,*,Male,*,<=50K,8323
4,19,*,*,10,*,*,*,Female,*,<=50K,8324
4,18,*,*,9,*,*,*,Male,*,<=50K,8325
4,18,*,*,9,*,*,*,Male,*,<=50K,8326
4,19,*,*,10,*,*,*,Female,*,<=50K,8327
4,18,*,*,9,*,*,*,Male,*,>50K,8328
4,13,*,*,7,*,*,*,Female,*,<=50K,8329
4,4,*,*,2,*,*,*,Male,*,<=50K,8331
4,19,*,*,10,*,*,*,Female,*,<=50K,8333
4,17,*,*,9,*,*,*,Female,*,<=50K,8334
4,25,*,*,13,*,*,*,Female,*,>50K,8335
4,18,*,*,9,*,*,*,Male,*,<=50K,8337
4,20,*,*,10,*,*,*,Male,*,<=50K,8338
4,26,*,*,13,*,*,*,Male,*,>50K,8339
4,17,*,*,9,*,*,*,Female,*,<=50K,8340
4,17,*,*,9,*,*,*,Female,*,<=50K,8341
4,24,*,*,12,*,*,*,Male,*,<=50K,8343
4,12,*,*,6,*,*,*,Male,*,<=50K,8345
4,5,*,*,3,*,*,*,Female,*,<=50K,8347
4,25,*,*,13,*,*,*,Female,*,<=50K,8348
4,27,*,*,14,*,*,*,Female,*,>50K,8349
4,20,*,*,10,*,*,*,Male,*,<=50K,8350
4,17,*,*,9,*,*,*,Female,*,<=50K,8351
4,19,*,*,10,*,*,*,Female,*,<=50K,8352
4,26,*,*,13,*,*,*,Male,*,<=50K,8353
4,20,*,*,10,*,*,*,Male,*,<=50K,8354
4,28,*,*,14,*,*,*,Male,*,>50K,8355
4,20,*,*,10,*,*,*,Male,*,<=50K,8356
4,18,*,*,9,*,*,*,Male,*,<=50K,8357
4,23,*,*,12,*,*,*,Female,*,>50K,8358
4,25,*,*,13,*,*,*,Female,*,<=50K,8362
4,28,*,*,14,*,*,*,Male,*,<=50K,8363
4,18,*,*,9,*,*,*,Male,*,<=50K,8365
4,18,*,*,9,*,*,*,Male,*,<=50K,8366
4,12,*,*,6,*,*,*,Male,*,<=50K,8368
4,17,*,*,9,*,*,*,Female,*,<=50K,8370
4,18,*,*,9,*,*,*,Male,*,<=50K,8372
4,19,*,*,10,*,*,*,Female,*,<=50K,8373
4,20,*,*,10,*,*,*,Male,*,>50K,8374
4,18,*,*,9,*,*,*,Male,*,<=50K,8376
4,26,*,*,13,*,*,*,Male,*,<=50K,8377
4,18,*,*,9,*,*,*,Male,*,>50K,8378
4,18,*,*,9,*,*,*,Male,*,<=50K,8379
4,19,*,*,10,*,*,*,Female,*,<=50K,8381
4,20,*,*,10,*,*,*,Male,*,<=50K,8382
4,26,*,*,13,*,*,*,Male,*,<=50K,8383
4,26,*,*,13,*,*,*,Male,*,>50K,8384
4,20,*,*,10,*,*,*,Male,*,<=50K,8385
4,26,*,*,13,*,*,*,Male,*,<=50K,8386
4,20,*,*,10,*,*,*,Male,*,<=50K,8387
4,23,*,*,12,*,*,*,Female,*,<=50K,8388
4,17,*,*,9,*,*,*,Female,*,<=50K,8389
4,28,*,*,14,*,*,*,Male,*,>50K,8390
4,18,*,*,9,*,*,*,Male,*,>50K,8391
4,20,*,*,10,*,*,*,Male,*,>50K,8392
4,18,*,*,9,*,*,*,Male,*,<=50K,8393
4,21,*,*,11,*,*,*,Female,*,<=50K,8395
4,22,*,*,11,*,*,*,Male,*,<=50K,8396
4,25,*,*,13,*,*,*,Female,*,<=50K,8399
4,28,*,*,14,*,*,*,Male,*,>50K,8400
4,17,*,*,9,*,*,*,Female,*,<=50K,8401
4,18,*,*,9,*,*,*,Male,*,>50K,8402
4,26,*,*,13,*,*,*,Male,*,<=50K,8403
4,18,*,*,9,*,*,*,Male,*,<=50K,8404
4,26,*,*,13,*,*,*,Male,*,>50K,8405
4,26,*,*,13,*,*,*,Male,*,>50K,8407
4,14,*,*,7,*,*,*,Male,*,<=50K,8409
4,21,*,*,11,*,*,*,Female,*,<=50K,8410
4,18,*,*,9,*,*,*,Male,*,>50K,8411
4,14,*,*,7,*,*,*,Male,*,<=50K,8412
4,8,*,*,4,*,*,*,Male,*,<=50K,8413
4,17,*,*,9,*,*,*,Female,*,<=50K,8414
4,17,*,*,9,*,*,*,Female,*,>50K,8416
4,32,*,*,16,*,*,*,Male,*,>50K,8417
4,20,*,*,10,*,*,*,Male,*,<=50K,8418
4,28,*,*,14,*,*,*,Male,*,>50K,8419
4,19,*,*,10,*,*,*,Female,*,<=50K,8420
4,17,*,*,9,*,*,*,Female,*,<=50K,8421
4,25,*,*,13,*,*,*,Female,*,<=50K,8422
4,18,*,*,9,*,*,*,Male,*,<=50K,8423
4,17,*,*,9,*,*,*,Female,*,<=50K,8426
4,23,*,*,12,*,*,*,Female,*,>50K,8427
4,26,*,*,13,*,*,*,Male,*,>50K,8428
4,19,*,*,10,*,*,*,Female,*,<=50K,8430
4,20,*,*,10,*,*,*,Male,*,>50K,8431
4,20,*,*,10,*,*,*,Male,*,<=50K,8432
4,18,*,*,9,*,*,*,Male,*,<=50K,8434
4,18,*,*,9,*,*,*,Male,*,<=50K,8435
4,28,*,*,14,*,*,*,Male,*,>50K,8436
4,20,*,*,10,*,*,*,Male,*,<=50K,8437
4,6,*,*,3,*,*,*,Male,*,<=50K,8438
4,19,*,*,10,*,*,*,Female,*,<=50K,8439
4,26,*,*,13,*,*,*,Male,*,<=50K,8440
4,16,*,*,8,*,*,*,Male,*,<=50K,8442
4,18,*,*,9,*,*,*,Male,*,<=50K,8443
4,11,*,*,6,*,*,*,Female,*,<=50K,8446
4,19,*,*,10,*,*,*,Female,*,<=50K,8447
4,20,*,*,10,*,*,*,Male,*,<=50K,8448
4,28,*,*,14,*,*,*,Male,*,<=50K,8449
4,26,*,*,13,*,*,*,Male,*,>50K,8450
4,18,*,*,9,*,*,*,Male,*,<=50K,8451
4,17,*,*,9,*,*,*,Female,*,<=50K,8455
4,20,*,*,10,*,*,*,Male,*,>50K,8456
4,26,*,*,13,*,*,*,Male,*,<=50K,8457
4,18,*,*,9,*,*,*,Male,*,>50K,8458
4,9,*,*,5,*,*,*,Female,*,<=50K,8459
4,18,*,*,9,*,*,*,Male,*,<=50K,8460
4,18,*,*,9,*,*,*,Male,*,>50K,8462
4,25,*,*,13,*,*,*,Female,*,<=50K,8463
4,26,*,*,13,*,*,*,Male,*,<=50K,8465
4,20,*,*,10,*,*,*,Male,*,<=50K,8466
4,28,*,*,14,*,*,*,Male,*,<=50K,8468
4,19,*,*,10,*,*,*,Female,*,>50K,8469
4,25,*,*,13,*,*,*,Female,*,<=50K,8470
4,20,*,*,10,*,*,*,Male,*,<=50K,8472
4,27,*,*,14,*,*,*,Female,*,<=50K,8473
4,26,*,*,13,*,*,*,Male,*,<=50K,8474
4,10,*,*,5,*,*,*,Male,*,<=50K,8475
4,18,*,*,9,*,*,*,Male,*,<=50K,8477
4,17,*,*,9,*,*,*,Female,*,>50K,8478
4,17,*,*,9,*,*,*,Female,*,<=50K,8479
4,14,*,*,7,*,*,*,Male,*,<=50K,8480
4,26,*,*,13,*,*,*,Male,*,<=50K,8481
4,17,*,*,9,*,*,*,Female,*,<=50K,8482
4,17,*,*,9,*,*,*,Female,*,<=50K,8483
4,22,*,*,11,*,*,*,Male,*,>50K,8484
4,19,*,*,10,*,*,*,Female,*,<=50K,8485
4,26,*,*,13,*,*,*,Male,*,<=50K,8486
4,18,*,*,9,*,*,*,Male,*,<=50K,8488
4,8,*,*,4,*,*,*,Male,*,<=50K,8489
4,18,*,*,9,*,*,*,Male,*,>50K,8490
4,17,*,*,9,*,*,*,Female,*,<=50K,8491
4,26,*,*,13,*,*,*,Male,*,<=50K,8492
4,20,*,*,10,*,*,*,Male,*,<=50K,8493
4,28,*,*,14,*,*,*,Male,*,<=50K,8494
4,30,*,*,15,*,*,*,Male,*,>50K,8495
4,20,*,*,10,*,*,*,Male,*,>50K,8496
4,18,*,*,9,*,*,*,Male,*,>50K,8497
4,20,*,*,10,*,*,*,Male,*,>50K,8498
4,22,*,*,11,*,*,*,Male,*,<=50K,8499
4,19,*,*,10,*,*,*,Female,*,<=50K,8500
4,6,*,*,3,*,*,*,Male,*,<=50K,8501
4,26,*,*,13,*,*,*,Male,*,>50K,8502
4,20,*,*,10,*,*,*,Male,*,<=50K,8503
4,21,*,*,11,*,*,*,Female,*,<=50K,8504
4,18,*,*,9,*,*,*,Male,*,<=50K,8505
4,23,*,*,12,*,*,*,Female,*,<=50K,8506
4,20,*,*,10,*,*,*,Male,*,<=50K,8508
4,17,*,*,9,*,*,*,Female,*,<=50K,8509
4,18,*,*,9,*,*,*,Male,*,<=50K,8510
4,21,*,*,11,*,*,*,Female,*,<=50K,8512
4,19,*,*,10,*,*,*,Female,*,<=50K,8515
4,20,*,*,10,*,*,*,Male,*,<=50K,8518
4,14,*,*,7,*,*,*,Male,*,<=50K,8520
4,18,*,*,9,*,*,*,Male,*,<=50K,8521
4,17,*,*,9,*,*,*,Female,*,<=50K,8525
4,8,*,*,4,*,*,*,Male,*,<=50K,8526
4,26,*,*,13,*,*,*,Male,*,<=50K,8527
4,20,*,*,10,*,*,*,Male,*,<=50K,8528
4,9,*,*,5,*,*,*,Female,*,<=50K,8529
4,20,*,*,10,*,*,*,Male,*,>50K,8530
4,18,*,*,9,*,*,*,Male,*,<=50K,8531
4,17,*,*,9,*,*,*,Female,*,>50K,8532
4,10,*,*,5,*,*,*,Male,*,<=50K,8533
4,26,*,*,13,*,*,*,Male,*,>50K,8534
4,18,*,*,9,*,*,*,Male,*,>50K,8535
4,28,*,*,14,*,*,*,Male,*,>50K,8536
4,19,*,*,10,*,*,*,Female,*,<=50K,8537
4,21,*,*,11,*,*,*,Female,*,<=50K,8538
4,19,*,*,10,*,*,*,Female,*,<=50K,8539
4,18,*,*,9,*,*,*,Male,*,<=50K,8540
4,20,*,*,10,*,*,*,Male,*,<=50K,8541
4,17,*,*,9,*,*,*,Female,*,<=50K,8542
4,19,*,*,10,*,*,*,Female,*,<=50K,8544
4,24,*,*,12,*,*,*,Male,*,<=50K,8545
4,28,*,*,14,*,*,*,Male,*,>50K,8547
4,17,*,*,9,*,*,*,Female,*,<=50K,8548
4,20,*,*,10,*,*,*,Male,*,<=50K,8549
4,23,*,*,12,*,*,*,Female,*,<=50K,8550
4,19,*,*,10,*,*,*,Female,*,<=50K,8551
4,18,*,*,9,*,*,*,Male,*,<=50K,8552
4,19,*,*,10,*,*,*,Female,*,<=50K,8553
4,20,*,*,10,*,*,*,Male,*,<=50K,8554
4,19,*,*,10,*,*,*,Female,*,<=50K,8555
4,23,*,*,12,*,*,*,Female,*,<=50K,8556
4,21,*,*,11,*,*,*,Female,*,<=50K,8557
4,19,*,*,10,*,*,*,Female,*,<=50K,8558
4,25,*,*,13,*,*,*,Female,*,<=50K,8559
4,19,*,*,10,*,*,*,Female,*,<=50K,8560
4,12,*,*,6,*,*,*,Male,*,<=50K,8561
4,17,*,*,9,*,*,*,Female,*,<=50K,8562
4,18,*,*,9,*,*,*,Male,*,<=50K,8564
4,18,*,*,9,*,*,*,Male,*,>50K,8565
4,26,*,*,13,*,*,*,Male,*,<=50K,8568
4,22,*,*,11,*,*,*,Male,*,>50K,8571
4,18,*,*,9,*,*,*,Male,*,<=50K,8572
4,23,*,*,12,*,*,*,Female,*,<=50K,8575
4,19,*,*,10,*,*,*,Female,*,<=50K,8577
4,18,*,*,9,*,*,*,Male,*,<=50K,8578
4,16,*,*,8,*,*,*,Male,*,<=50K,8579
4,19,*,*,10,*,*,*,Female,*,<=50K,8580
4,10,*,*,5,*,*,*,Male,*,<=50K,8581
4,18,*,*,9,*,*,*,Male,*,<=50K,8583
4,22,*,*,11,*,*,*,Male,*,>50K,8584
4,20,*,*,10,*,*,*,Male,*,<=50K,8586
4,18,*,*,9,*,*,*,Male,*,<=50K,8587
4,20,*,*,10,*,*,*,Male,*,<=50K,8589
4,20,*,*,10,*,*,*,Male,*,<=50K,8591
4,24,*,*,12,*,*,*,Male,*,>50K,8592
4,12,*,*,6,*,*,*,Male,*,<=50K,8594
4,18,*,*,9,*,*,*,Male,*,<=50K,8595
4,20,*,*,10,*,*,*,Male,*,<=50K,8596
4,11,*,*,6,*,*,*,Female,*,<=50K,8597
4,16,*,*,8,*,*,*,Male,*,<=50K,8598
4,17,*,*,9,*,*,*,Female,*,<=50K,8599
4,26,*,*,13,*,*,*,Male,*,>50K,8600
4,19,*,*,10,*,*,*,Female,*,<=50K,8601
4,4,*,*,2,*,*,*,Male,*,<=50K,8602
4,18,*,*,9,*,*,*,Male,*,<=50K,8603
4,28,*,*,14,*,*,*,Male,*,>50K,8604
4,26,*,*,13,*,*,*,Male,*,<=50K,8605
4,19,*,*,10,*,*,*,Female,*,<=50K,8606
4,26,*,*,13,*,*,*,Male,*,>50K,8607
4,19,*,*,10,*,*,*,Female,*,<=50K,8608
4,12,*,*,6,*,*,*,Male,*,<=50K,8610
4,18,*,*,9,*,*,*,Male,*,<=50K,8611
4,20,*,*,10,*,*,*,Male,*,<=50K,8612
4,17,*,*,9,*,*,*,Female,*,<=50K,8613
4,26,*,*,13,*,*,*,Male,*,>50K,8614
4,12,*,*,6,*,*,*,Male,*,<=50K,8615
4,18,*,*,9,*,*,*,Male,*,<=50K,8616
4,24,*,*,12,*,*,*,Male,*,>50K,8619
4,12,*,*,6,*,*,*,Male,*,<=50K,8620
4,17,*,*,9,*,*,*,Female,*,<=50K,8621
4,18,*,*,9,*,*,*,Male,*,<=50K,8622
4,12,*,*,6,*,*,*,Male,*,<=50K,8623
4,28,*,*,14,*,*,*,Male,*,<=50K,8624
4,27,*,*,14,*,*,*,Female,*,<=50K,8625
4,18,*,*,9,*,*,*,Male,*,<=50K,8627
4,26,*,*,13,*,*,*,Male,*,>50K,8628
4,13,*,*,7,*,*,*,Female,*,<=50K,8629
4,18,*,*,9,*,*,*,Male,*,<=50K,8630
4,26,*,*,13,*,*,*,Male,*,>50K,8632
4,7,*,*,4,*,*,*,Female,*,<=50K,8633
4,20,*,*,10,*,*,*,Male,*,<=50K,8634
4,4,*,*,2,*,*,*,Male,*,<=50K,8635
4,18,*,*,9,*,*,*,Male,*,<=50K,8636
4,20,*,*,10,*,*,*,Male,*,<=50K,8638
4,12,*,*,6,*,*,*,Male,*,<=50K,8639
4,12,*,*,6,*,*,*,Male,*,<=50K,8640
4,18,*,*,9,*,*,*,Male,*,<=50K,8642
4,18,*,*,9,*,*,*,Male,*,<=50K,8643
4,10,*,*,5,*,*,*,Male,*,<=50K,8644
4,25,*,*,13,*,*,*,Female,*,<=50K,8646
4,25,*,*,13,*,*,*,Female,*,<=50K,8650
4,20,*,*,10,*,*,*,Male,*,<=50K,8652
4,26,*,*,13,*,*,*,Male,*,>50K,8653
4,20,*,*,10,*,*,*,Male,*,<=50K,8654
4,18,*,*,9,*,*,*,Male,*,<=50K,8655
4,17,*,*,9,*,*,*,Female,*,<=50K,8656
4,18,*,*,9,*,*,*,Male,*,<=50K,8657
4,18,*,*,9,*,*,*,Male,*,<=50K,8659
4,20,*,*,10,*,*,*,Male,*,<=50K,8660
4,18,*,*,9,*,*,*,Male,*,<=50K,8661
4,26,*,*,13,*,*,*,Male,*,<=50K,8662
4,19,*,*,10,*,*,*,Female,*,<=50K,8664
4,20,*,*,10,*,*,*,Male,*,<=50K,8665
4,18,*,*,9,*,*,*,Male,*,<=50K,8666
4,13,*,*,7,*,*,*,Female,*,<=50K,8667
4,19,*,*,10,*,*,*,Female,*,<=50K,8668
4,18,*,*,9,*,*,*,Male,*,>50K,8670
4,28,*,*,14,*,*,*,Male,*,<=50K,8671
4,17,*,*,9,*,*,*,Female,*,>50K,8672
4,11,*,*,6,*,*,*,Female,*,<=50K,8673
4,20,*,*,10,*,*,*,Male,*,>50K,8677
4,26,*,*,13,*,*,*,Male,*,>50K,8678
4,20,*,*,10,*,*,*,Male,*,<=50K,8679
4,20,*,*,10,*,*,*,Male,*,<=50K,8682
4,19,*,*,10,*,*,*,Female,*,<=50K,8683
4,25,*,*,13,*,*,*,Female,*,<=50K,8684
4,20,*,*,10,*,*,*,Male,*,>50K,8685
4,18,*,*,9,*,*,*,Male,*,<=50K,8686
4,20,*,*,10,*,*,*,Male,*,>50K,8688
4,26,*,*,13,*,*,*,Male,*,>50K,8691
4,26,*,*,13,*,*,*,Male,*,>50K,8692
4,9,*,*,5,*,*,*,Female,*,<=50K,8693
4,26,*,*,13,*,*,*,Male,*,<=50K,8694
4,25,*,*,13,*,*,*,Female,*,>50K,8695
4,19,*,*,10,*,*,*,Female,*,<=50K,8696
4,13,*,*,7,*,*,*,Female,*,<=50K,8697
4,26,*,*,13,*,*,*,Male,*,<=50K,8698
4,26,*,*,13,*,*,*,Male,*,<=50K,8699
4,17,*,*,9,*,*,*,Female,*,<=50K,8700
4,19,*,*,10,*,*,*,Female,*,<=50K,8701
4,19,*,*,10,*,*,*,Female,*,>50K,8702
4,18,*,*,9,*,*,*,Male,*,<=50K,8703
4,4,*,*,2,*,*,*,Male,*,<=50K,8704
4,17,*,*,9,*,*,*,Female,*,<=50K,8705
4,17,*,*,9,*,*,*,Female,*,<=50K,8706
4,16,*,*,8,*,*,*,Male,*,<=50K,8710
4,22,*,*,11,*,*,*,Male,*,<=50K,8711
4,18,*,*,9,*,*,*,Male,*,<=50K,8712
4,26,*,*,13,*,*,*,Male,*,>50K,8713
4,18,*,*,9,*,*,*,Male,*,<=50K,8715
4,17,*,*,9,*,*,*,Female,*,<=50K,8716
4,18,*,*,9,*,*,*,Male,*,<=50K,8717
4,6,*,*,3,*,*,*,Male,*,<=50K,8718
4,26,*,*,13,*,*,*,Male,*,<=50K,8719
4,18,*,*,9,*,*,*,Male,*,<=50K,8720
4,26,*,*,13,*,*,*,Male,*,>50K,8721
4,18,*,*,9,*,*,*,Male,*,<=50K,8722
4,18,*,*,9,*,*,*,Male,*,<=50K,8723
4,25,*,*,13,*,*,*,Female,*,<=50K,8724
4,18,*,*,9,*,*,*,Male,*,>50K,8725
4,25,*,*,13,*,*,*,Female,*,<=50K,8726
4,11,*,*,6,*,*,*,Female,*,<=50K,8727
4,20,*,*,10,*,*,*,Male,*,<=50K,8728
4,25,*,*,13,*,*,*,Female,*,<=50K,8730
4,9,*,*,5,*,*,*,Female,*,<=50K,8731
4,18,*,*,9,*,*,*,Male,*,<=50K,8732
4,18,*,*,9,*,*,*,Male,*,<=50K,8734
4,19,*,*,10,*,*,*,Female,*,<=50K,8735
4,18,*,*,9,*,*,*,Male,*,>50K,8737
4,18,*,*,9,*,*,*,Male,*,<=50K,8738
4,18,*,*,9,*,*,*,Male,*,<=50K,8739
4,14,*,*,7,*,*,*,Male,*,<=50K,8740
4,18,*,*,9,*,*,*,Male,*,<=50K,8742
4,6,*,*,3,*,*,*,Male,*,<=50K,8743
4,18,*,*,9,*,*,*,Male,*,<=50K,8745
4,25,*,*,13,*,*,*,Female,*,>50K,8746
4,22,*,*,11,*,*,*,Male,*,<=50K,8748
4,18,*,*,9,*,*,*,Male,*,<=50K,8749
4,20,*,*,10,*,*,*,Male,*,<=50K,8751
4,12,*,*,6,*,*,*,Male,*,>50K,8753
4,19,*,*,10,*,*,*,Female,*,<=50K,8754
4,18,*,*,9,*,*,*,Male,*,<=50K,8755
4,18,*,*,9,*,*,*,Male,*,<=50K,8756
4,18,*,*,9,*,*,*,Male,*,>50K,8757
4,18,*,*,9,*,*,*,Male,*,>50K,8758
4,18,*,*,9,*,*,*,Male,*,<=50K,8759
4,20,*,*,10,*,*,*,Male,*,<=50K,8760
4,19,*,*,10,*,*,*,Female,*,<=50K,8761
4,25,*,*,13,*,*,*,Female,*,<=50K,8762
4,18,*,*,9,*,*,*,Male,*,>50K,8763
4,25,*,*,13,*,*,*,Female,*,<=50K,8764
4,26,*,*,13,*,*,*,Male,*,<=50K,8765
4,22,*,*,11,*,*,*,Male,*,<=50K,8766
4,18,*,*,9,*,*,*,Male,*,>50K,8767
4,8,*,*,4,*,*,*,Male,*,<=50K,8768
4,18,*,*,9,*,*,*,Male,*,<=50K,8769
4,22,*,*,11,*,*,*,Male,*,<=50K,8770
4,19,*,*,10,*,*,*,Female,*,<=50K,8771
4,19,*,*,10,*,*,*,Female,*,<=50K,8774
4,18,*,*,9,*,*,*,Male,*,>50K,8775
4,26,*,*,13,*,*,*,Male,*,<=50K,8776
4,21,*,*,11,*,*,*,Female,*,<=50K,8777
4,18,*,*,9,*,*,*,Male,*,<=50K,8778
4,24,*,*,12,*,*,*,Male,*,<=50K,8779
4,11,*,*,6,*,*,*,Female,*,<=50K,8780
4,17,*,*,9,*,*,*,Female,*,<=50K,8781
4,18,*,*,9,*,*,*,Male,*,<=50K,8782
4,17,*,*,9,*,*,*,Female,*,<=50K,8783
4,18,*,*,9,*,*,*,Male,*,<=50K,8784
4,10,*,*,5,*,*,*,Male,*,<=50K,8785
4,23,*,*,12,*,*,*,Female,*,<=50K,8786
4,26,*,*,13,*,*,*,Male,*,<=50K,8787
4,26,*,*,13,*,*,*,Male,*,<=50K,8788
4,26,*,*,13,*,*,*,Male,*,<=50K,8789
4,26,*,*,13,*,*,*,Male,*,<=50K,8790
4,18,*,*,9,*,*,*,Male,*,<=50K,8791
4,26,*,*,13,*,*,*,Male,*,<=50K,8793
4,18,*,*,9,*,*,*,Male,*,<=50K,8794
4,18,*,*,9,*,*,*,Male,*,<=50K,8795
4,12,*,*,6,*,*,*,Male,*,<=50K,8796
4,19,*,*,10,*,*,*,Female,*,<=50K,8797
4,10,*,*,5,*,*,*,Male,*,<=50K,8798
4,13,*,*,7,*,*,*,Female,*,<=50K,8799
4,20,*,*,10,*,*,*,Male,*,<=50K,8800
4,26,*,*,13,*,*,*,Male,*,<=50K,8801
4,27,*,*,14,*,*,*,Female,*,<=50K,8802
4,18,*,*,9,*,*,*,Male,*,<=50K,8803
4,15,*,*,8,*,*,*,Female,*,<=50K,8804
4,22,*,*,11,*,*,*,Male,*,<=50K,8805
4,20,*,*,10,*,*,*,Male,*,<=50K,8806
4,19,*,*,10,*,*,*,Female,*,<=50K,8807
4,18,*,*,9,*,*,*,Male,*,>50K,8808
4,10,*,*,5,*,*,*,Male,*,<=50K,8809
4,18,*,*,9,*,*,*,Male,*,<=50K,8810
4,20,*,*,10,*,*,*,Male,*,<=50K,8811
4,9,*,*,5,*,*,*,Female,*,<=50K,8814
4,18,*,*,9,*,*,*,Male,*,<=50K,8815
4,9,*,*,5,*,*,*,Female,*,<=50K,8816
4,20,*,*,10,*,*,*,Male,*,<=50K,8817
4,17,*,*,9,*,*,*,Female,*,<=50K,8818
4,18,*,*,9,*,*,*,Male,*,<=50K,8819
4,18,*,*,9,*,*,*,Male,*,<=50K,8820
4,17,*,*,9,*,*,*,Female,*,<=50K,8821
4,10,*,*,5,*,*,*,Male,*,<=50K,8822
4,18,*,*,9,*,*,*,Male,*,<=50K,8823
4,14,*,*,7,*,*,*,Male,*,<=50K,8824
4,20,*,*,10,*,*,*,Male,*,<=50K,8825
4,18,*,*,9,*,*,*,Male,*,>50K,8827
4,17,*,*,9,*,*,*,Female,*,<=50K,8828
4,17,*,*,9,*,*,*,Female,*,<=50K,8830
4,24,*,*,12,*,*,*,Male,*,<=50K,8831
4,28,*,*,14,*,*,*,Male,*,>50K,8833
4,18,*,*,9,*,*,*,Male,*,>50K,8834
4,18,*,*,9,*,*,*,Male,*,<=50K,8836
4,20,*,*,10,*,*,*,Male,*,>50K,8837
4,18,*,*,9,*,*,*,Male,*,<=50K,8840
4,16,*,*,8,*,*,*,Male,*,<=50K,8841
4,17,*,*,9,*,*,*,Female,*,<=50K,8843
4,18,*,*,9,*,*,*,Male,*,<=50K,8845
4,19,*,*,10,*,*,*,Female,*,<=50K,8846
4,26,*,*,13,*,*,*,Male,*,<=50K,8848
4,18,*,*,9,*,*,*,Male,*,<=50K,8849
4,26,*,*,13,*,*,*,Male,*,<=50K,8851
4,26,*,*,13,*,*,*,Male,*,>50K,8852
4,20,*,*,10,*,*,*,Male,*,<=50K,8853
4,22,*,*,11,*,*,*,Male,*,>50K,8854
4,17,*,*,9,*,*,*,Female,*,<=50K,8855
4,20,*,*,10,*,*,*,Male,*,<=50K,8856
4,21,*,*,11,*,*,*,Female,*,<=50K,8857
4,27,*,*,14,*,*,*,Female,*,>50K,8859
4,17,*,*,9,*,*,*,Female,*,<=50K,8860
4,18,*,*,9,*,*,*,Male,*,<=50K,8861
4,20,*,*,10,*,*,*,Male,*,>50K,8863
4,19,*,*,10,*,*,*,Female,*,<=50K,8864
4,24,*,*,12,*,*,*,Male,*,>50K,8865
4,19,*,*,10,*,*,*,Female,*,<=50K,8866
4,9,*,*,5,*,*,*,Female,*,<=50K,8868
4,28,*,*,14,*,*,*,Male,*,<=50K,8869
4,25,*,*,13,*,*,*,Female,*,<=50K,8870
4,23,*,*,12,*,*,*,Female,*,<=50K,8874
4,17,*,*,9,*,*,*,Female,*,<=50K,8875
4,25,*,*,13,*,*,*,Female,*,<=50K,8876
4,26,*,*,13,*,*,*,Male,*,<=50K,8877
4,17,*,*,9,*,*,*,Female,*,<=50K,8878
4,18,*,*,9,*,*,*,Male,*,<=50K,8880
4,26,*,*,13,*,*,*,Male,*,<=50K,8882
4,17,*,*,9,*,*,*,Female,*,<=50K,8883
4,20,*,*,10,*,*,*,Male,*,<=50K,8884
4,18,*,*,9,*,*,*,Male,*,<=50K,8889
4,26,*,*,13,*,*,*,Male,*,>50K,8890
4,30,*,*,15,*,*,*,Male,*,>50K,8893
4,20,*,*,10,*,*,*,Male,*,<=50K,8894
4,18,*,*,9,*,*,*,Male,*,>50K,8895
4,12,*,*,6,*,*,*,Male,*,<=50K,8897
4,19,*,*,10,*,*,*,Female,*,<=50K,8900
4,17,*,*,9,*,*,*,Female,*,<=50K,8901
4,19,*,*,10,*,*,*,Female,*,>50K,8902
4,19,*,*,10,*,*,*,Female,*,<=50K,8903
4,13,*,*,7,*,*,*,Female,*,<=50K,8904
4,20,*,*,10,*,*,*,Male,*,<=50K,8905
4,20,*,*,10,*,*,*,Male,*,>50K,8906
4,17,*,*,9,*,*,*,Female,*,>50K,8907
4,13,*,*,7,*,*,*,Female,*,<=50K,8908
4,19,*,*,10,*,*,*,Female,*,>50K,8909
4,26,*,*,13,*,*,*,Male,*,>50K,8910
4,26,*,*,13,*,*,*,Male,*,<=50K,8911
4,22,*,*,11,*,*,*,Male,*,<=50K,8912
4,17,*,*,9,*,*,*,Female,*,<=50K,8913
4,14,*,*,7,*,*,*,Male,*,<=50K,8914
4,20,*,*,10,*,*,*,Male,*,<=50K,8917
4,18,*,*,9,*,*,*,Male,*,<=50K,8918
4,18,*,*,9,*,*,*,Male,*,<=50K,8919
4,20,*,*,10,*,*,*,Male,*,>50K,8921
4,26,*,*,13,*,*,*,Male,*,<=50K,8922
4,18,*,*,9,*,*,*,Male,*,<=50K,8923
4,26,*,*,13,*,*,*,Male,*,>50K,8924
4,24,*,*,12,*,*,*,Male,*,<=50K,8926
4,20,*,*,10,*,*,*,Male,*,<=50K,8927
4,28,*,*,14,*,*,*,Male,*,<=50K,8928
4,20,*,*,10,*,*,*,Male,*,<=50K,8929
4,26,*,*,13,*,*,*,Male,*,>50K,8932
4,17,*,*,9,*,*,*,Female,*,<=50K,8933
4,18,*,*,9,*,*,*,Male,*,<=50K,8935
4,19,*,*,10,*,*,*,Female,*,<=50K,8936
4,8,*,*,4,*,*,*,Male,*,<=50K,8937
4,17,*,*,9,*,*,*,Female,*,<=50K,8938
4,19,*,*,10,*,*,*,Female,*,<=50K,8939
4,18,*,*,9,*,*,*,Male,*,<=50K,8940
4,23,*,*,12,*,*,*,Female,*,<=50K,8941
4,21,*,*,11,*,*,*,Female,*,<=50K,8942
4,18,*,*,9,*,*,*,Male,*,>50K,8944
4,20,*,*,10,*,*,*,Male,*,<=50K,8945
4,11,*,*,6,*,*,*,Female,*,<=50K,8946
4,26,*,*,13,*,*,*,Male,*,<=50K,8948
4,26,*,*,13,*,*,*,Male,*,>50K,8949
4,18,*,*,9,*,*,*,Male,*,<=50K,8952
4,12,*,*,6,*,*,*,Male,*,<=50K,8954
4,18,*,*,9,*,*,*,Male,*,<=50K,8955
4,26,*,*,13,*,*,*,Male,*,<=50K,8956
4,20,*,*,10,*,*,*,Male,*,<=50K,8957
4,17,*,*,9,*,*,*,Female,*,<=50K,8959
4,20,*,*,10,*,*,*,Male,*,<=50K,8960
4,28,*,*,14,*,*,*,Male,*,<=50K,8961
4,18,*,*,9,*,*,*,Male,*,>50K,8962
4,8,*,*,4,*,*,*,Male,*,<=50K,8963
4,13,*,*,7,*,*,*,Female,*,<=50K,8965
4,20,*,*,10,*,*,*,Male,*,<=50K,8966
4,25,*,*,13,*,*,*,Female,*,<=50K,8967
4,20,*,*,10,*,*,*,Male,*,<=50K,8968
4,19,*,*,10,*,*,*,Female,*,<=50K,8969
4,19,*,*,10,*,*,*,Female,*,<=50K,8970
4,18,*,*,9,*,*,*,Male,*,<=50K,8971
4,20,*,*,10,*,*,*,Male,*,<=50K,8972
4,19,*,*,10,*,*,*,Female,*,<=50K,8973
4,18,*,*,9,*,*,*,Male,*,<=50K,8974
4,30,*,*,15,*,*,*,Male,*,<=50K,8975
4,32,*,*,16,*,*,*,Male,*,>50K,8977
4,20,*,*,10,*,*,*,Male,*,<=50K,8978
4,15,*,*,8,*,*,*,Female,*,<=50K,8979
4,17,*,*,9,*,*,*,Female,*,<=50K,8981
4,20,*,*,10,*,*,*,Male,*,<=50K,8982
4,17,*,*,9,*,*,*,Female,*,<=50K,8983
4,18,*,*,9,*,*,*,Male,*,<=50K,8984
4,18,*,*,9,*,*,*,Male,*,<=50K,8985
4,19,*,*,10,*,*,*,Female,*,<=50K,8986
4,17,*,*,9,*,*,*,Female,*,<=50K,8987
4,17,*,*,9,*,*,*,Female,*,<=50K,8989
4,20,*,*,10,*,*,*,Male,*,<=50K,8991
4,18,*,*,9,*,*,*,Male,*,<=50K,8992
4,14,*,*,7,*,*,*,Male,*,<=50K,8996
4,20,*,*,10,*,*,*,Male,*,<=50K,8997
4,19,*,*,10,*,*,*,Female,*,<=50K,8998
4,25,*,*,13,*,*,*,Female,*,>50K,8999
4,14,*,*,7,*,*,*,Male,*,<=50K,9001
4,26,*,*,13,*,*,*,Male,*,>50K,9002
4,17,*,*,9,*,*,*,Female,*,<=50K,9003
4,18,*,*,9,*,*,*,Male,*,<=50K,9004
4,25,*,*,13,*,*,*,Female,*,<=50K,9005
4,22,*,*,11,*,*,*,Male,*,<=50K,9006
4,20,*,*,10,*,*,*,Male,*,<=50K,9007
4,20,*,*,10,*,*,*,Male,*,<=50K,9008
4,20,*,*,10,*,*,*,Male,*,<=50K,9009
4,28,*,*,14,*,*,*,Male,*,>50K,9010
4,24,*,*,12,*,*,*,Male,*,>50K,9011
4,26,*,*,13,*,*,*,Male,*,<=50K,9013
4,20,*,*,10,*,*,*,Male,*,<=50K,9014
4,19,*,*,10,*,*,*,Female,*,<=50K,9015
4,19,*,*,10,*,*,*,Female,*,>50K,9017
4,17,*,*,9,*,*,*,Female,*,<=50K,9020
4,27,*,*,14,*,*,*,Female,*,<=50K,9021
4,19,*,*,10,*,*,*,Female,*,<=50K,9023
4,19,*,*,10,*,*,*,Female,*,<=50K,9024
4,26,*,*,13,*,*,*,Male,*,<=50K,9025
4,20,*,*,10,*,*,*,Male,*,<=50K,9026
4,18,*,*,9,*,*,*,Male,*,>50K,9027
4,8,*,*,4,*,*,*,Male,*,<=50K,9028
4,22,*,*,11,*,*,*,Male,*,<=50K,9029
4,25,*,*,13,*,*,*,Female,*,<=50K,9030
4,18,*,*,9,*,*,*,Male,*,<=50K,9031
4,19,*,*,10,*,*,*,Female,*,<=50K,9032
4,24,*,*,12,*,*,*,Male,*,>50K,9033
4,18,*,*,9,*,*,*,Male,*,<=50K,9034
4,21,*,*,11,*,*,*,Female,*,<=50K,9035
4,20,*,*,10,*,*,*,Male,*,<=50K,9036
4,26,*,*,13,*,*,*,Male,*,<=50K,9037
4,18,*,*,9,*,*,*,Male,*,<=50K,9038
4,32,*,*,16,*,*,*,Male,*,>50K,9040
4,23,*,*,12,*,*,*,Female,*,<=50K,9041
4,26,*,*,13,*,*,*,Male,*,<=50K,9042
4,18,*,*,9,*,*,*,Male,*,<=50K,9044
4,17,*,*,9,*,*,*,Female,*,<=50K,9046
4,18,*,*,9,*,*,*,Male,*,<=50K,9047
4,25,*,*,13,*,*,*,Female,*,<=50K,9049
4,22,*,*,11,*,*,*,Male,*,<=50K,9050
4,25,*,*,13,*,*,*,Female,*,<=50K,9052
4,14,*,*,7,*,*,*,Male,*,<=50K,9053
4,30,*,*,15,*,*,*,Male,*,>50K,9054
4,18,*,*,9,*,*,*,Male,*,<=50K,9057
4,20,*,*,10,*,*,*,Male,*,>50K,9058
4,20,*,*,10,*,*,*,Male,*,>50K,9059
4,15,*,*,8,*,*,*,Female,*,<=50K,9061
4,18,*,*,9,*,*,*,Male,*,<=50K,9062
4,14,*,*,7,*,*,*,Male,*,<=50K,9063
4,25,*,*,13,*,*,*,Female,*,>50K,9064
4,9,*,*,5,*,*,*,Female,*,<=50K,9065
4,19,*,*,10,*,*,*,Female,*,<=50K,9066
4,26,*,*,13,*,*,*,Male,*,<=50K,9068
4,21,*,*,11,*,*,*,Female,*,<=50K,9069
4,18,*,*,9,*,*,*,Male,*,<=50K,9070
4,26,*,*,13,*,*,*,Male,*,<=50K,9071
4,25,*,*,13,*,*,*,Female,*,<=50K,9072
4,20,*,*,10,*,*,*,Male,*,<=50K,9073
4,25,*,*,13,*,*,*,Female,*,<=50K,9074
4,18,*,*,9,*,*,*,Male,*,<=50K,9075
4,9,*,*,5,*,*,*,Female,*,<=50K,9076
4,18,*,*,9,*,*,*,Male,*,>50K,9077
4,17,*,*,9,*,*,*,Female,*,<=50K,9078
4,20,*,*,10,*,*,*,Male,*,<=50K,9079
4,14,*,*,7,*,*,*,Male,*,<=50K,9080
4,16,*,*,8,*,*,*,Male,*,<=50K,9082
4,22,*,*,11,*,*,*,Male,*,<=50K,9083
4,26,*,*,13,*,*,*,Male,*,>50K,9084
4,17,*,*,9,*,*,*,Female,*,>50K,9087
4,11,*,*,6,*,*,*,Female,*,<=50K,9089
4,17,*,*,9,*,*,*,Female,*,<=50K,9090
4,18,*,*,9,*,*,*,Male,*,<=50K,9091
4,18,*,*,9,*,*,*,Male,*,<=50K,9093
4,18,*,*,9,*,*,*,Male,*,<=50K,9094
4,28,*,*,14,*,*,*,Male,*,<=50K,9095
4,20,*,*,10,*,*,*,Male,*,<=50K,9096
4,19,*,*,10,*,*,*,Female,*,<=50K,9097
4,17,*,*,9,*,*,*,Female,*,<=50K,9098
4,19,*,*,10,*,*,*,Female,*,<=50K,9099
4,20,*,*,10,*,*,*,Male,*,<=50K,9100
4,7,*,*,4,*,*,*,Female,*,<=50K,9101
4,18,*,*,9,*,*,*,Male,*,<=50K,9102
4,26,*,*,13,*,*,*,Male,*,<=50K,9103
4,17,*,*,9,*,*,*,Female,*,>50K,9104
4,20,*,*,10,*,*,*,Male,*,<=50K,9105
4,17,*,*,9,*,*,*,Female,*,<=50K,9106
4,17,*,*,9,*,*,*,Female,*,<=50K,9107
4,18,*,*,9,*,*,*,Male,*,<=50K,9109
4,17,*,*,9,*,*,*,Female,*,<=50K,9110
4,20,*,*,10,*,*,*,Male,*,<=50K,9112
4,18,*,*,9,*,*,*,Male,*,<=50K,9113
4,20,*,*,10,*,*,*,Male,*,<=50K,9114
4,28,*,*,14,*,*,*,Male,*,>50K,9115
4,18,*,*,9,*,*,*,Male,*,<=50K,9116
4,11,*,*,6,*,*,*,Female,*,<=50K,9117
4,16,*,*,8,*,*,*,Male,*,<=50K,9118
4,17,*,*,9,*,*,*,Female,*,<=50K,9119
4,19,*,*,10,*,*,*,Female,*,<=50K,9121
4,12,*,*,6,*,*,*,Male,*,<=50K,9122
4,27,*,*,14,*,*,*,Female,*,<=50K,9123
4,18,*,*,9,*,*,*,Male,*,<=50K,9124
4,12,*,*,6,*,*,*,Male,*,<=50K,9125
4,28,*,*,14,*,*,*,Male,*,>50K,9126
4,25,*,*,13,*,*,*,Female,*,<=50K,9127
4,26,*,*,13,*,*,*,Male,*,<=50K,9130
4,17,*,*,9,*,*,*,Female,*,<=50K,9131
4,27,*,*,14,*,*,*,Female,*,<=50K,9132
4,18,*,*,9,*,*,*,Male,*,<=50K,9133
4,26,*,*,13,*,*,*,Male,*,<=50K,9134
4,26,*,*,13,*,*,*,Male,*,>50K,9136
4,20,*,*,10,*,*,*,Male,*,>50K,9137
4,18,*,*,9,*,*,*,Male,*,>50K,9138
4,6,*,*,3,*,*,*,Male,*,>50K,9139
4,26,*,*,13,*,*,*,Male,*,>50K,9141
4,18,*,*,9,*,*,*,Male,*,<=50K,9143
4,18,*,*,9,*,*,*,Male,*,<=50K,9145
4,30,*,*,15,*,*,*,Male,*,>50K,9146
4,17,*,*,9,*,*,*,Female,*,<=50K,9147
4,17,*,*,9,*,*,*,Female,*,<=50K,9148
4,26,*,*,13,*,*,*,Male,*,<=50K,9149
4,17,*,*,9,*,*,*,Female,*,<=50K,9150
4,18,*,*,9,*,*,*,Male,*,<=50K,9151
4,18,*,*,9,*,*,*,Male,*,<=50K,9152
4,12,*,*,6,*,*,*,Male,*,<=50K,9154
4,18,*,*,9,*,*,*,Male,*,<=50K,9155
4,20,*,*,10,*,*,*,Male,*,<=50K,9156
4,25,*,*,13,*,*,*,Female,*,<=50K,9157
4,18,*,*,9,*,*,*,Male,*,<=50K,9158
4,18,*,*,9,*,*,*,Male,*,<=50K,9160
4,14,*,*,7,*,*,*,Male,*,<=50K,9161
4,17,*,*,9,*,*,*,Female,*,<=50K,9162
4,26,*,*,13,*,*,*,Male,*,>50K,9163
4,20,*,*,10,*,*,*,Male,*,<=50K,9166
4,17,*,*,9,*,*,*,Female,*,<=50K,9168
4,8,*,*,4,*,*,*,Male,*,<=50K,9169
4,18,*,*,9,*,*,*,Male,*,<=50K,9170
4,20,*,*,10,*,*,*,Male,*,<=50K,9171
4,19,*,*,10,*,*,*,Female,*,<=50K,9172
4,20,*,*,10,*,*,*,Male,*,<=50K,9173
4,12,*,*,6,*,*,*,Male,*,<=50K,9174
4,24,*,*,12,*,*,*,Male,*,<=50K,9175
4,17,*,*,9,*,*,*,Female,*,<=50K,9177
4,18,*,*,9,*,*,*,Male,*,>50K,9178
4,20,*,*,10,*,*,*,Male,*,<=50K,9180
4,25,*,*,13,*,*,*,Female,*,<=50K,9181
4,26,*,*,13,*,*,*,Male,*,>50K,9182
4,18,*,*,9,*,*,*,Male,*,<=50K,9183
4,9,*,*,5,*,*,*,Female,*,<=50K,9184
4,17,*,*,9,*,*,*,Female,*,<=50K,9185
4,24,*,*,12,*,*,*,Male,*,>50K,9186
4,20,*,*,10,*,*,*,Male,*,>50K,9187
4,28,*,*,14,*,*,*,Male,*,>50K,9188
4,18,*,*,9,*,*,*,Male,*,<=50K,9189
4,19,*,*,10,*,*,*,Female,*,<=50K,9190
4,18,*,*,9,*,*,*,Male,*,<=50K,9191
4,18,*,*,9,*,*,*,Male,*,<=50K,9193
4,12,*,*,6,*,*,*,Male,*,>50K,9194
4,24,*,*,12,*,*,*,Male,*,<=50K,9195
4,18,*,*,9,*,*,*,Male,*,<=50K,9196
4,26,*,*,13,*,*,*,Male,*,>50K,9197
4,20,*,*,10,*,*,*,Male,*,<=50K,9198
4,17,*,*,9,*,*,*,Female,*,<=50K,9200
4,18,*,*,9,*,*,*,Male,*,<=50K,9201
4,13,*,*,7,*,*,*,Female,*,<=50K,9202
4,18,*,*,9,*,*,*,Male,*,<=50K,9203
4,22,*,*,11,*,*,*,Male,*,>50K,9204
4,26,*,*,13,*,*,*,Male,*,<=50K,9206
4,17,*,*,9,*,*,*,Female,*,<=50K,9207
4,26,*,*,13,*,*,*,Male,*,>50K,9208
4,18,*,*,9,*,*,*,Male,*,<=50K,9210
4,26,*,*,13,*,*,*,Male,*,>50K,9211
4,13,*,*,7,*,*,*,Female,*,<=50K,9213
4,21,*,*,11,*,*,*,Female,*,<=50K,9214
4,27,*,*,14,*,*,*,Female,*,<=50K,9217
4,20,*,*,10,*,*,*,Male,*,<=50K,9218
4,20,*,*,10,*,*,*,Male,*,<=50K,9219
4,8,*,*,4,*,*,*,Male,*,>50K,9222
4,17,*,*,9,*,*,*,Female,*,<=50K,9223
4,20,*,*,10,*,*,*,Male,*,<=50K,9224
4,17,*,*,9,*,*,*,Female,*,<=50K,9225
4,20,*,*,10,*,*,*,Male,*,<=50K,9226
4,26,*,*,13,*,*,*,Male,*,<=50K,9227
4,17,*,*,9,*,*,*,Female,*,<=50K,9228
4,7,*,*,4,*,*,*,Female,*,<=50K,9229
4,20,*,*,10,*,*,*,Male,*,>50K,9230
4,18,*,*,9,*,*,*,Male,*,<=50K,9231
4,20,*,*,10,*,*,*,Male,*,<=50K,9232
4,18,*,*,9,*,*,*,Male,*,>50K,9233
4,28,*,*,14,*,*,*,Male,*,<=50K,9234
4,28,*,*,14,*,*,*,Male,*,>50K,9235
4,28,*,*,14,*,*,*,Male,*,>50K,9236
4,17,*,*,9,*,*,*,Female,*,<=50K,9238
4,10,*,*,5,*,*,*,Male,*,<=50K,9240
4,26,*,*,13,*,*,*,Male,*,>50K,9241
4,27,*,*,14,*,*,*,Female,*,<=50K,9242
4,18,*,*,9,*,*,*,Male,*,<=50K,9243
4,19,*,*,10,*,*,*,Female,*,<=50K,9244
4,20,*,*,10,*,*,*,Male,*,<=50K,9246
4,6,*,*,3,*,*,*,Male,*,<=50K,9247
4,18,*,*,9,*,*,*,Male,*,<=50K,9248
4,23,*,*,12,*,*,*,Female,*,<=50K,9249
4,14,*,*,7,*,*,*,Male,*,<=50K,9250
4,20,*,*,10,*,*,*,Male,*,>50K,9251
4,17,*,*,9,*,*,*,Female,*,<=50K,9252
4,18,*,*,9,*,*,*,Male,*,<=50K,9253
4,14,*,*,7,*,*,*,Male,*,<=50K,9254
4,19,*,*,10,*,*,*,Female,*,<=50K,9256
4,23,*,*,12,*,*,*,Female,*,<=50K,9257
4,26,*,*,13,*,*,*,Male,*,>50K,9258
4,26,*,*,13,*,*,*,Male,*,<=50K,9259
4,22,*,*,11,*,*,*,Male,*,<=50K,9260
4,22,*,*,11,*,*,*,Male,*,<=50K,9262
4,18,*,*,9,*,*,*,Male,*,<=50K,9263
4,24,*,*,12,*,*,*,Male,*,<=50K,9264
4,26,*,*,13,*,*,*,Male,*,<=50K,9265
4,18,*,*,9,*,*,*,Male,*,<=50K,9267
4,16,*,*,8,*,*,*,Male,*,<=50K,9268
4,28,*,*,14,*,*,*,Male,*,>50K,9269
4,22,*,*,11,*,*,*,Male,*,>50K,9270
4,18,*,*,9,*,*,*,Male,*,<=50K,9272
4,18,*,*,9,*,*,*,Male,*,>50K,9273
4,18,*,*,9,*,*,*,Male,*,<=50K,9274
4,13,*,*,7,*,*,*,Female,*,<=50K,9275
4,20,*,*,10,*,*,*,Male,*,>50K,9276
4,19,*,*,10,*,*,*,Female,*,<=50K,9277
4,20,*,*,10,*,*,*,Male,*,<=50K,9278
4,26,*,*,13,*,*,*,Male,*,>50K,9279
4,19,*,*,10,*,*,*,Female,*,<=50K,9280
4,14,*,*,7,*,*,*,Male,*,<=50K,9281
4,27,*,*,14,*,*,*,Female,*,<=50K,9282
4,17,*,*,9,*,*,*,Female,*,<=50K,9283
4,14,*,*,7,*,*,*,Male,*,<=50K,9284
4,21,*,*,11,*,*,*,Female,*,<=50K,9286
4,23,*,*,12,*,*,*,Female,*,<=50K,9287
4,20,*,*,10,*,*,*,Male,*,<=50K,9288
4,18,*,*,9,*,*,*,Male,*,>50K,9289
4,25,*,*,13,*,*,*,Female,*,>50K,9290
4,18,*,*,9,*,*,*,Male,*,<=50K,9291
4,18,*,*,9,*,*,*,Male,*,<=50K,9292
4,18,*,*,9,*,*,*,Male,*,<=50K,9293
4,22,*,*,11,*,*,*,Male,*,<=50K,9294
4,17,*,*,9,*,*,*,Female,*,>50K,9298
4,25,*,*,13,*,*,*,Female,*,<=50K,9299
4,19,*,*,10,*,*,*,Female,*,<=50K,9300
4,18,*,*,9,*,*,*,Male,*,>50K,9301
4,12,*,*,6,*,*,*,Male,*,<=50K,9302
4,18,*,*,9,*,*,*,Male,*,<=50K,9303
4,17,*,*,9,*,*,*,Female,*,<=50K,9304
4,17,*,*,9,*,*,*,Female,*,<=50K,9306
4,17,*,*,9,*,*,*,Female,*,<=50K,9307
4,19,*,*,10,*,*,*,Female,*,<=50K,9308
4,18,*,*,9,*,*,*,Male,*,>50K,9309
4,26,*,*,13,*,*,*,Male,*,<=50K,9310
4,28,*,*,14,*,*,*,Male,*,<=50K,9312
4,18,*,*,9,*,*,*,Male,*,<=50K,9314
4,26,*,*,13,*,*,*,Male,*,>50K,9315
4,14,*,*,7,*,*,*,Male,*,<=50K,9316
4,18,*,*,9,*,*,*,Male,*,<=50K,9317
4,23,*,*,12,*,*,*,Female,*,<=50K,9318
4,32,*,*,16,*,*,*,Male,*,>50K,9320
4,25,*,*,13,*,*,*,Female,*,<=50K,9321
4,18,*,*,9,*,*,*,Male,*,<=50K,9322
4,18,*,*,9,*,*,*,Male,*,<=50K,9323
4,26,*,*,13,*,*,*,Male,*,>50K,9324
4,16,*,*,8,*,*,*,Male,*,<=50K,9325
4,18,*,*,9,*,*,*,Male,*,<=50K,9327
4,14,*,*,7,*,*,*,Male,*,<=50K,9328
4,12,*,*,6,*,*,*,Male,*,<=50K,9329
4,20,*,*,10,*,*,*,Male,*,<=50K,9332
4,18,*,*,9,*,*,*,Male,*,<=50K,9333
4,22,*,*,11,*,*,*,Male,*,>50K,9334
4,18,*,*,9,*,*,*,Male,*,<=50K,9335
4,17,*,*,9,*,*,*,Female,*,<=50K,9337
4,28,*,*,14,*,*,*,Male,*,>50K,9338
4,20,*,*,10,*,*,*,Male,*,<=50K,9339
4,24,*,*,12,*,*,*,Male,*,<=50K,9340
4,18,*,*,9,*,*,*,Male,*,<=50K,9341
4,19,*,*,10,*,*,*,Female,*,<=50K,9342
4,18,*,*,9,*,*,*,Male,*,<=50K,9343
4,20,*,*,10,*,*,*,Male,*,<=50K,9344
4,20,*,*,10,*,*,*,Male,*,<=50K,9346
4,18,*,*,9,*,*,*,Male,*,<=50K,9348
4,18,*,*,9,*,*,*,Male,*,<=50K,9350
4,20,*,*,10,*,*,*,Male,*,<=50K,9351
4,17,*,*,9,*,*,*,Female,*,<=50K,9352
4,25,*,*,13,*,*,*,Female,*,<=50K,9353
4,28,*,*,14,*,*,*,Male,*,>50K,9357
4,20,*,*,10,*,*,*,Male,*,>50K,9359
4,17,*,*,9,*,*,*,Female,*,<=50K,9360
4,20,*,*,10,*,*,*,Male,*,<=50K,9361
4,19,*,*,10,*,*,*,Female,*,<=50K,9362
4,18,*,*,9,*,*,*,Male,*,<=50K,9363
4,25,*,*,13,*,*,*,Female,*,<=50K,9364
4,18,*,*,9,*,*,*,Male,*,<=50K,9366
4,18,*,*,9,*,*,*,Male,*,<=50K,9367
4,20,*,*,10,*,*,*,Male,*,<=50K,9368
4,17,*,*,9,*,*,*,Female,*,<=50K,9371
4,18,*,*,9,*,*,*,Male,*,<=50K,9373
4,19,*,*,10,*,*,*,Female,*,<=50K,9374
4,14,*,*,7,*,*,*,Male,*,<=50K,9375
4,18,*,*,9,*,*,*,Male,*,<=50K,9376
4,20,*,*,10,*,*,*,Male,*,>50K,9377
4,24,*,*,12,*,*,*,Male,*,<=50K,9378
4,26,*,*,13,*,*,*,Male,*,>50K,9379
4,25,*,*,13,*,*,*,Female,*,<=50K,9381
4,27,*,*,14,*,*,*,Female,*,<=50K,9382
4,24,*,*,12,*,*,*,Male,*,>50K,9384
4,25,*,*,13,*,*,*,Female,*,<=50K,9385
4,17,*,*,9,*,*,*,Female,*,<=50K,9386
4,17,*,*,9,*,*,*,Female,*,<=50K,9387
4,19,*,*,10,*,*,*,Female,*,>50K,9389
4,19,*,*,10,*,*,*,Female,*,<=50K,9390
4,19,*,*,10,*,*,*,Female,*,<=50K,9391
4,11,*,*,6,*,*,*,Female,*,<=50K,9393
4,18,*,*,9,*,*,*,Male,*,>50K,9394
4,19,*,*,10,*,*,*,Female,*,<=50K,9395
4,17,*,*,9,*,*,*,Female,*,<=50K,9396
4,26,*,*,13,*,*,*,Male,*,<=50K,9397
4,17,*,*,9,*,*,*,Female,*,<=50K,9399
4,18,*,*,9,*,*,*,Male,*,<=50K,9400
4,25,*,*,13,*,*,*,Female,*,<=50K,9401
4,18,*,*,9,*,*,*,Male,*,<=50K,9402
4,19,*,*,10,*,*,*,Female,*,>50K,9403
4,17,*,*,9,*,*,*,Female,*,<=50K,9404
4,25,*,*,13,*,*,*,Female,*,>50K,9405
4,18,*,*,9,*,*,*,Male,*,<=50K,9406
4,18,*,*,9,*,*,*,Male,*,<=50K,9407
4,12,*,*,6,*,*,*,Male,*,<=50K,9409
4,20,*,*,10,*,*,*,Male,*,<=50K,9410
4,24,*,*,12,*,*,*,Male,*,<=50K,9411
4,18,*,*,9,*,*,*,Male,*,<=50K,9413
4,18,*,*,9,*,*,*,Male,*,<=50K,9414
4,14,*,*,7,*,*,*,Male,*,<=50K,9415
4,19,*,*,10,*,*,*,Female,*,<=50K,9417
4,10,*,*,5,*,*,*,Male,*,<=50K,9418
4,18,*,*,9,*,*,*,Male,*,<=50K,9419
4,19,*,*,10,*,*,*,Female,*,<=50K,9421
4,27,*,*,14,*,*,*,Female,*,<=50K,9423
4,20,*,*,10,*,*,*,Male,*,<=50K,9424
4,16,*,*,8,*,*,*,Male,*,<=50K,9425
4,25,*,*,13,*,*,*,Female,*,<=50K,9427
4,18,*,*,9,*,*,*,Male,*,<=50K,9428
4,18,*,*,9,*,*,*,Male,*,<=50K,9429
4,21,*,*,11,*,*,*,Female,*,<=50K,9432
4,17,*,*,9,*,*,*,Female,*,<=50K,9434
4,18,*,*,9,*,*,*,Male,*,<=50K,9435
4,20,*,*,10,*,*,*,Male,*,>50K,9436
4,18,*,*,9,*,*,*,Male,*,<=50K,9438
4,18,*,*,9,*,*,*,Male,*,<=50K,9439
4,20,*,*,10,*,*,*,Male,*,<=50K,9440
4,19,*,*,10,*,*,*,Female,*,<=50K,9441
4,17,*,*,9,*,*,*,Female,*,<=50K,9442
4,14,*,*,7,*,*,*,Male,*,<=50K,9443
4,18,*,*,9,*,*,*,Male,*,<=50K,9445
4,18,*,*,9,*,*,*,Male,*,<=50K,9446
4,19,*,*,10,*,*,*,Female,*,<=50K,9448
4,19,*,*,10,*,*,*,Female,*,<=50K,9450
4,18,*,*,9,*,*,*,Male,*,<=50K,9451
4,8,*,*,4,*,*,*,Male,*,<=50K,9452
4,17,*,*,9,*,*,*,Female,*,<=50K,9453
4,25,*,*,13,*,*,*,Female,*,>50K,9454
4,28,*,*,14,*,*,*,Male,*,<=50K,9455
4,12,*,*,6,*,*,*,Male,*,<=50K,9457
4,25,*,*,13,*,*,*,Female,*,<=50K,9458
4,28,*,*,14,*,*,*,Male,*,>50K,9459
4,28,*,*,14,*,*,*,Male,*,>50K,9461
4,14,*,*,7,*,*,*,Male,*,<=50K,9464
4,21,*,*,11,*,*,*,Female,*,<=50K,9465
4,26,*,*,13,*,*,*,Male,*,<=50K,9466
4,26,*,*,13,*,*,*,Male,*,<=50K,9468
4,20,*,*,10,*,*,*,Male,*,<=50K,9469
4,17,*,*,9,*,*,*,Female,*,<=50K,9470
4,30,*,*,15,*,*,*,Male,*,>50K,9471
4,19,*,*,10,*,*,*,Female,*,<=50K,9472
4,20,*,*,10,*,*,*,Male,*,<=50K,9473
4,22,*,*,11,*,*,*,Male,*,<=50K,9475
4,19,*,*,10,*,*,*,Female,*,<=50K,9476
4,12,*,*,6,*,*,*,Male,*,<=50K,9477
4,14,*,*,7,*,*,*,Male,*,<=50K,9478
4,26,*,*,13,*,*,*,Male,*,>50K,9479
4,26,*,*,13,*,*,*,Male,*,<=50K,9480
4,26,*,*,13,*,*,*,Male,*,<=50K,9482
4,18,*,*,9,*,*,*,Male,*,>50K,9483
4,26,*,*,13,*,*,*,Male,*,<=50K,9484
4,23,*,*,12,*,*,*,Female,*,<=50K,9485
4,26,*,*,13,*,*,*,Male,*,<=50K,9486
4,24,*,*,12,*,*,*,Male,*,<=50K,9488
4,22,*,*,11,*,*,*,Male,*,<=50K,9489
4,25,*,*,13,*,*,*,Female,*,<=50K,9490
4,25,*,*,13,*,*,*,Female,*,<=50K,9491
4,19,*,*,10,*,*,*,Female,*,<=50K,9492
4,23,*,*,12,*,*,*,Female,*,<=50K,9494
4,17,*,*,9,*,*,*,Female,*,<=50K,9495
4,19,*,*,10,*,*,*,Female,*,<=50K,9497
4,26,*,*,13,*,*,*,Male,*,>50K,9498
4,30,*,*,15,*,*,*,Male,*,>50K,9499
4,8,*,*,4,*,*,*,Male,*,<=50K,9502
4,26,*,*,13,*,*,*,Male,*,<=50K,9503
4,19,*,*,10,*,*,*,Female,*,<=50K,9504
4,18,*,*,9,*,*,*,Male,*,<=50K,9505
4,19,*,*,10,*,*,*,Female,*,<=50K,9506
4,20,*,*,10,*,*,*,Male,*,<=50K,9507
4,26,*,*,13,*,*,*,Male,*,>50K,9508
4,12,*,*,6,*,*,*,Male,*,<=50K,9509
4,17,*,*,9,*,*,*,Female,*,<=50K,9510
4,18,*,*,9,*,*,*,Male,*,<=50K,9511
4,18,*,*,9,*,*,*,Male,*,<=50K,9512
4,28,*,*,14,*,*,*,Male,*,>50K,9513
4,20,*,*,10,*,*,*,Male,*,>50K,9514
4,17,*,*,9,*,*,*,Female,*,<=50K,9516
4,20,*,*,10,*,*,*,Male,*,<=50K,9517
4,20,*,*,10,*,*,*,Male,*,<=50K,9518
4,26,*,*,13,*,*,*,Male,*,<=50K,9520
4,26,*,*,13,*,*,*,Male,*,<=50K,9521
4,21,*,*,11,*,*,*,Female,*,<=50K,9522
4,21,*,*,11,*,*,*,Female,*,<=50K,9523
4,17,*,*,9,*,*,*,Female,*,<=50K,9524
4,19,*,*,10,*,*,*,Female,*,<=50K,9526
4,20,*,*,10,*,*,*,Male,*,<=50K,9527
4,24,*,*,12,*,*,*,Male,*,>50K,9528
4,18,*,*,9,*,*,*,Male,*,<=50K,9529
4,18,*,*,9,*,*,*,Male,*,<=50K,9530
4,18,*,*,9,*,*,*,Male,*,>50K,9531
4,27,*,*,14,*,*,*,Female,*,<=50K,9532
4,32,*,*,16,*,*,*,Male,*,<=50K,9533
4,12,*,*,6,*,*,*,Male,*,<=50K,9534
4,7,*,*,4,*,*,*,Female,*,<=50K,9535
4,20,*,*,10,*,*,*,Male,*,>50K,9539
4,8,*,*,4,*,*,*,Male,*,<=50K,9540
4,26,*,*,13,*,*,*,Male,*,>50K,9541
4,17,*,*,9,*,*,*,Female,*,<=50K,9542
4,19,*,*,10,*,*,*,Female,*,<=50K,9543
4,23,*,*,12,*,*,*,Female,*,<=50K,9544
4,18,*,*,9,*,*,*,Male,*,<=50K,9545
4,8,*,*,4,*,*,*,Male,*,<=50K,9546
4,28,*,*,14,*,*,*,Male,*,<=50K,9547
4,18,*,*,9,*,*,*,Male,*,<=50K,9550
4,11,*,*,6,*,*,*,Female,*,<=50K,9551
4,17,*,*,9,*,*,*,Female,*,>50K,9552
4,12,*,*,6,*,*,*,Male,*,<=50K,9553
4,19,*,*,10,*,*,*,Female,*,<=50K,9555
4,20,*,*,10,*,*,*,Male,*,<=50K,9556
4,17,*,*,9,*,*,*,Female,*,<=50K,9557
4,18,*,*,9,*,*,*,Male,*,<=50K,9558
4,26,*,*,13,*,*,*,Male,*,<=50K,9560
4,19,*,*,10,*,*,*,Female,*,<=50K,9561
4,20,*,*,10,*,*,*,Male,*,<=50K,9562
4,17,*,*,9,*,*,*,Female,*,<=50K,9563
4,26,*,*,13,*,*,*,Male,*,<=50K,9564
4,19,*,*,10,*,*,*,Female,*,<=50K,9565
4,26,*,*,13,*,*,*,Male,*,<=50K,9566
4,17,*,*,9,*,*,*,Female,*,<=50K,9567
4,18,*,*,9,*,*,*,Male,*,<=50K,9568
4,26,*,*,13,*,*,*,Male,*,>50K,9569
4,18,*,*,9,*,*,*,Male,*,<=50K,9570
4,21,*,*,11,*,*,*,Female,*,<=50K,9571
4,10,*,*,5,*,*,*,Male,*,<=50K,9572
4,20,*,*,10,*,*,*,Male,*,<=50K,9573
4,26,*,*,13,*,*,*,Male,*,<=50K,9574
4,20,*,*,10,*,*,*,Male,*,>50K,9575
4,18,*,*,9,*,*,*,Male,*,<=50K,9576
4,26,*,*,13,*,*,*,Male,*,<=50K,9577
4,30,*,*,15,*,*,*,Male,*,>50K,9578
4,18,*,*,9,*,*,*,Male,*,<=50K,9579
4,17,*,*,9,*,*,*,Female,*,<=50K,9581
4,26,*,*,13,*,*,*,Male,*,<=50K,9583
4,20,*,*,10,*,*,*,Male,*,>50K,9585
4,19,*,*,10,*,*,*,Female,*,<=50K,9586
4,20,*,*,10,*,*,*,Male,*,<=50K,9587
4,18,*,*,9,*,*,*,Male,*,<=50K,9589
4,13,*,*,7,*,*,*,Female,*,<=50K,9590
4,16,*,*,8,*,*,*,Male,*,<=50K,9591
4,19,*,*,10,*,*,*,Female,*,<=50K,9592
4,31,*,*,16,*,*,*,Female,*,>50K,9593
4,14,*,*,7,*,*,*,Male,*,<=50K,9594
4,20,*,*,10,*,*,*,Male,*,<=50K,9595
4,14,*,*,7,*,*,*,Male,*,<=50K,9596
4,11,*,*,6,*,*,*,Female,*,<=50K,9597
4,26,*,*,13,*,*,*,Male,*,<=50K,9598
4,20,*,*,10,*,*,*,Male,*,<=50K,9599
4,26,*,*,13,*,*,*,Male,*,<=50K,9602
4,20,*,*,10,*,*,*,Male,*,>50K,9604
4,17,*,*,9,*,*,*,Female,*,<=50K,9605
4,26,*,*,13,*,*,*,Male,*,>50K,9606
4,17,*,*,9,*,*,*,Female,*,<=50K,9607
4,17,*,*,9,*,*,*,Female,*,<=50K,9609
4,26,*,*,13,*,*,*,Male,*,<=50K,9611
4,18,*,*,9,*,*,*,Male,*,<=50K,9614
4,18,*,*,9,*,*,*,Male,*,<=50K,9615
4,26,*,*,13,*,*,*,Male,*,>50K,9617
4,18,*,*,9,*,*,*,Male,*,>50K,9618
4,18,*,*,9,*,*,*,Male,*,>50K,9623
4,11,*,*,6,*,*,*,Female,*,<=50K,9624
4,25,*,*,13,*,*,*,Female,*,>50K,9625
4,28,*,*,14,*,*,*,Male,*,>50K,9626
4,18,*,*,9,*,*,*,Male,*,<=50K,9627
4,27,*,*,14,*,*,*,Female,*,>50K,9628
4,20,*,*,10,*,*,*,Male,*,<=50K,9629
4,10,*,*,5,*,*,*,Male,*,<=50K,9630
4,19,*,*,10,*,*,*,Female,*,<=50K,9631
4,11,*,*,6,*,*,*,Female,*,<=50K,9632
4,25,*,*,13,*,*,*,Female,*,>50K,9633
4,17,*,*,9,*,*,*,Female,*,<=50K,9634
4,18,*,*,9,*,*,*,Male,*,<=50K,9635
4,22,*,*,11,*,*,*,Male,*,<=50K,9636
4,19,*,*,10,*,*,*,Female,*,<=50K,9637
4,30,*,*,15,*,*,*,Male,*,<=50K,9638
4,17,*,*,9,*,*,*,Female,*,<=50K,9639
4,26,*,*,13,*,*,*,Male,*,>50K,9641
4,27,*,*,14,*,*,*,Female,*,<=50K,9642
4,17,*,*,9,*,*,*,Female,*,<=50K,9643
4,17,*,*,9,*,*,*,Female,*,<=50K,9644
4,20,*,*,10,*,*,*,Male,*,>50K,9645
4,18,*,*,9,*,*,*,Male,*,<=50K,9646
4,18,*,*,9,*,*,*,Male,*,<=50K,9648
4,18,*,*,9,*,*,*,Male,*,<=50K,9650
4,22,*,*,11,*,*,*,Male,*,<=50K,9651
4,27,*,*,14,*,*,*,Female,*,<=50K,9652
4,32,*,*,16,*,*,*,Male,*,>50K,9653
4,19,*,*,10,*,*,*,Female,*,<=50K,9654
4,10,*,*,5,*,*,*,Male,*,<=50K,9655
4,18,*,*,9,*,*,*,Male,*,>50K,9656
4,6,*,*,3,*,*,*,Male,*,<=50K,9657
4,21,*,*,11,*,*,*,Female,*,<=50K,9658
4,20,*,*,10,*,*,*,Male,*,<=50K,9659
4,24,*,*,12,*,*,*,Male,*,<=50K,9660
4,10,*,*,5,*,*,*,Male,*,<=50K,9661
4,18,*,*,9,*,*,*,Male,*,<=50K,9662
4,25,*,*,13,*,*,*,Female,*,>50K,9663
4,19,*,*,10,*,*,*,Female,*,<=50K,9664
4,8,*,*,4,*,*,*,Male,*,<=50K,9665
4,26,*,*,13,*,*,*,Male,*,>50K,9666
4,22,*,*,11,*,*,*,Male,*,>50K,9669
4,18,*,*,9,*,*,*,Male,*,<=50K,9670
4,18,*,*,9,*,*,*,Male,*,>50K,9671
4,21,*,*,11,*,*,*,Female,*,<=50K,9672
4,18,*,*,9,*,*,*,Male,*,<=50K,9673
4,18,*,*,9,*,*,*,Male,*,<=50K,9675
4,28,*,*,14,*,*,*,Male,*,>50K,9677
4,18,*,*,9,*,*,*,Male,*,<=50K,9678
4,20,*,*,10,*,*,*,Male,*,<=50K,9680
4,18,*,*,9,*,*,*,Male,*,>50K,9682
4,12,*,*,6,*,*,*,Male,*,<=50K,9683
4,23,*,*,12,*,*,*,Female,*,<=50K,9686
4,20,*,*,10,*,*,*,Male,*,<=50K,9687
4,18,*,*,9,*,*,*,Male,*,<=50K,9688
4,19,*,*,10,*,*,*,Female,*,<=50K,9689
4,17,*,*,9,*,*,*,Female,*,<=50K,9690
4,26,*,*,13,*,*,*,Male,*,<=50K,9691
4,26,*,*,13,*,*,*,Male,*,<=50K,9692
4,19,*,*,10,*,*,*,Female,*,<=50K,9694
4,18,*,*,9,*,*,*,Male,*,<=50K,9696
4,17,*,*,9,*,*,*,Female,*,<=50K,9697
4,18,*,*,9,*,*,*,Male,*,<=50K,9698
4,26,*,*,13,*,*,*,Male,*,<=50K,9699
4,19,*,*,10,*,*,*,Female,*,<=50K,9700
4,23,*,*,12,*,*,*,Female,*,<=50K,9701
4,19,*,*,10,*,*,*,Female,*,<=50K,9702
4,26,*,*,13,*,*,*,Male,*,>50K,9703
4,27,*,*,14,*,*,*,Female,*,<=50K,9704
4,20,*,*,10,*,*,*,Male,*,<=50K,9705
4,19,*,*,10,*,*,*,Female,*,<=50K,9706
4,18,*,*,9,*,*,*,Male,*,<=50K,9707
4,17,*,*,9,*,*,*,Female,*,<=50K,9708
4,17,*,*,9,*,*,*,Female,*,<=50K,9709
4,20,*,*,10,*,*,*,Male,*,<=50K,9711
4,17,*,*,9,*,*,*,Female,*,<=50K,9712
4,17,*,*,9,*,*,*,Female,*,<=50K,9713
4,17,*,*,9,*,*,*,Female,*,>50K,9714
4,7,*,*,4,*,*,*,Female,*,<=50K,9715
4,26,*,*,13,*,*,*,Male,*,<=50K,9716
4,20,*,*,10,*,*,*,Male,*,<=50K,9718
4,20,*,*,10,*,*,*,Male,*,>50K,9719
4,8,*,*,4,*,*,*,Male,*,<=50K,9720
4,26,*,*,13,*,*,*,Male,*,>50K,9721
4,20,*,*,10,*,*,*,Male,*,>50K,9722
4,19,*,*,10,*,*,*,Female,*,<=50K,9723
4,20,*,*,10,*,*,*,Male,*,<=50K,9724
4,14,*,*,7,*,*,*,Male,*,<=50K,9725
4,18,*,*,9,*,*,*,Male,*,<=50K,9726
4,20,*,*,10,*,*,*,Male,*,>50K,9728
4,18,*,*,9,*,*,*,Male,*,<=50K,9729
4,20,*,*,10,*,*,*,Male,*,<=50K,9732
4,31,*,*,16,*,*,*,Female,*,<=50K,9733
4,17,*,*,9,*,*,*,Female,*,<=50K,9734
4,22,*,*,11,*,*,*,Male,*,<=50K,9736
4,18,*,*,9,*,*,*,Male,*,<=50K,9737
4,20,*,*,10,*,*,*,Male,*,<=50K,9738
4,17,*,*,9,*,*,*,Female,*,<=50K,9739
4,25,*,*,13,*,*,*,Female,*,<=50K,9741
4,20,*,*,10,*,*,*,Male,*,<=50K,9743
4,19,*,*,10,*,*,*,Female,*,<=50K,9745
4,25,*,*,13,*,*,*,Female,*,<=50K,9747
4,12,*,*,6,*,*,*,Male,*,<=50K,9748
4,21,*,*,11,*,*,*,Female,*,<=50K,9750
4,18,*,*,9,*,*,*,Male,*,<=50K,9751
4,17,*,*,9,*,*,*,Female,*,<=50K,9752
4,18,*,*,9,*,*,*,Male,*,<=50K,9755
4,26,*,*,13,*,*,*,Male,*,<=50K,9757
4,22,*,*,11,*,*,*,Male,*,<=50K,9759
4,20,*,*,10,*,*,*,Male,*,>50K,9760
4,19,*,*,10,*,*,*,Female,*,<=50K,9761
4,14,*,*,7,*,*,*,Male,*,<=50K,9762
4,26,*,*,13,*,*,*,Male,*,<=50K,9763
4,13,*,*,7,*,*,*,Female,*,<=50K,9764
4,24,*,*,12,*,*,*,Male,*,>50K,9770
4,17,*,*,9,*,*,*,Female,*,<=50K,9771
4,26,*,*,13,*,*,*,Male,*,>50K,9775
4,11,*,*,6,*,*,*,Female,*,<=50K,9776
4,20,*,*,10,*,*,*,Male,*,>50K,9777
4,29,*,*,15,*,*,*,Female,*,>50K,9778
4,19,*,*,10,*,*,*,Female,*,<=50K,9779
4,20,*,*,10,*,*,*,Male,*,>50K,9780
4,17,*,*,9,*,*,*,Female,*,<=50K,9781
4,31,*,*,16,*,*,*,Female,*,>50K,9782
4,18,*,*,9,*,*,*,Male,*,<=50K,9783
4,18,*,*,9,*,*,*,Male,*,<=50K,9784
4,17,*,*,9,*,*,*,Female,*,<=50K,9786
4,18,*,*,9,*,*,*,Male,*,<=50K,9789
4,26,*,*,13,*,*,*,Male,*,<=50K,9790
4,18,*,*,9,*,*,*,Male,*,>50K,9792
4,18,*,*,9,*,*,*,Male,*,>50K,9793
4,18,*,*,9,*,*,*,Male,*,<=50K,9794
4,20,*,*,10,*,*,*,Male,*,<=50K,9795
4,26,*,*,13,*,*,*,Male,*,<=50K,9797
4,18,*,*,9,*,*,*,Male,*,>50K,9799
4,24,*,*,12,*,*,*,Male,*,<=50K,9800
4,18,*,*,9,*,*,*,Male,*,<=50K,9801
4,20,*,*,10,*,*,*,Male,*,<=50K,9802
4,18,*,*,9,*,*,*,Male,*,>50K,9803
4,3,*,*,2,*,*,*,Female,*,<=50K,9804
4,18,*,*,9,*,*,*,Male,*,<=50K,9805
4,26,*,*,13,*,*,*,Male,*,<=50K,9806
4,25,*,*,13,*,*,*,Female,*,<=50K,9807
4,21,*,*,11,*,*,*,Female,*,>50K,9808
4,26,*,*,13,*,*,*,Male,*,<=50K,9809
4,7,*,*,4,*,*,*,Female,*,<=50K,9811
4,18,*,*,9,*,*,*,Male,*,>50K,9812
4,17,*,*,9,*,*,*,Female,*,<=50K,9813
4,17,*,*,9,*,*,*,Female,*,<=50K,9814
4,14,*,*,7,*,*,*,Male,*,<=50K,9815
4,25,*,*,13,*,*,*,Female,*,<=50K,9816
4,18,*,*,9,*,*,*,Male,*,<=50K,9817
4,20,*,*,10,*,*,*,Male,*,<=50K,9818
4,3,*,*,2,*,*,*,Female,*,<=50K,9821
4,32,*,*,16,*,*,*,Male,*,<=50K,9822
4,8,*,*,4,*,*,*,Male,*,<=50K,9823
4,26,*,*,13,*,*,*,Male,*,<=50K,9824
4,18,*,*,9,*,*,*,Male,*,<=50K,9825
4,20,*,*,10,*,*,*,Male,*,<=50K,9826
4,24,*,*,12,*,*,*,Male,*,<=50K,9827
4,17,*,*,9,*,*,*,Female,*,<=50K,9829
4,28,*,*,14,*,*,*,Male,*,<=50K,9830
4,18,*,*,9,*,*,*,Male,*,<=50K,9832
4,12,*,*,6,*,*,*,Male,*,<=50K,9834
4,21,*,*,11,*,*,*,Female,*,<=50K,9835
4,19,*,*,10,*,*,*,Female,*,>50K,9836
4,30,*,*,15,*,*,*,Male,*,>50K,9837
4,20,*,*,10,*,*,*,Male,*,<=50K,9838
4,20,*,*,10,*,*,*,Male,*,>50K,9839
4,20,*,*,10,*,*,*,Male,*,<=50K,9840
4,20,*,*,10,*,*,*,Male,*,>50K,9841
4,12,*,*,6,*,*,*,Male,*,>50K,9842
4,20,*,*,10,*,*,*,Male,*,<=50K,9843
4,18,*,*,9,*,*,*,Male,*,<=50K,9844
4,19,*,*,10,*,*,*,Female,*,<=50K,9845
4,26,*,*,13,*,*,*,Male,*,<=50K,9846
4,20,*,*,10,*,*,*,Male,*,<=50K,9847
4,28,*,*,14,*,*,*,Male,*,>50K,9848
4,12,*,*,6,*,*,*,Male,*,<=50K,9852
4,28,*,*,14,*,*,*,Male,*,>50K,9854
4,11,*,*,6,*,*,*,Female,*,<=50K,9857
4,20,*,*,10,*,*,*,Male,*,<=50K,9858
4,8,*,*,4,*,*,*,Male,*,<=50K,9860
4,20,*,*,10,*,*,*,Male,*,>50K,9861
4,19,*,*,10,*,*,*,Female,*,<=50K,9862
4,26,*,*,13,*,*,*,Male,*,<=50K,9864
4,20,*,*,10,*,*,*,Male,*,<=50K,9865
4,20,*,*,10,*,*,*,Male,*,<=50K,9866
4,18,*,*,9,*,*,*,Male,*,<=50K,9867
4,18,*,*,9,*,*,*,Male,*,>50K,9868
4,19,*,*,10,*,*,*,Female,*,>50K,9869
4,19,*,*,10,*,*,*,Female,*,<=50K,9873
4,20,*,*,10,*,*,*,Male,*,<=50K,9874
4,18,*,*,9,*,*,*,Male,*,>50K,9875
4,18,*,*,9,*,*,*,Male,*,<=50K,9876
4,19,*,*,10,*,*,*,Female,*,<=50K,9877
4,17,*,*,9,*,*,*,Female,*,<=50K,9878
4,19,*,*,10,*,*,*,Female,*,<=50K,9879
4,18,*,*,9,*,*,*,Male,*,<=50K,9880
4,22,*,*,11,*,*,*,Male,*,<=50K,9881
4,20,*,*,10,*,*,*,Male,*,<=50K,9882
4,28,*,*,14,*,*,*,Male,*,<=50K,9885
4,17,*,*,9,*,*,*,Female,*,<=50K,9887
4,19,*,*,10,*,*,*,Female,*,<=50K,9888
4,23,*,*,12,*,*,*,Female,*,<=50K,9891
4,17,*,*,9,*,*,*,Female,*,<=50K,9892
4,18,*,*,9,*,*,*,Male,*,<=50K,9893
4,19,*,*,10,*,*,*,Female,*,<=50K,9894
4,20,*,*,10,*,*,*,Male,*,<=50K,9895
4,26,*,*,13,*,*,*,Male,*,<=50K,9896
4,20,*,*,10,*,*,*,Male,*,<=50K,9897
4,19,*,*,10,*,*,*,Female,*,<=50K,9899
4,20,*,*,10,*,*,*,Male,*,<=50K,9900
4,25,*,*,13,*,*,*,Female,*,<=50K,9901
4,20,*,*,10,*,*,*,Male,*,>50K,9903
4,25,*,*,13,*,*,*,Female,*,<=50K,9904
4,18,*,*,9,*,*,*,Male,*,<=50K,9905
4,23,*,*,12,*,*,*,Female,*,<=50K,9907
4,20,*,*,10,*,*,*,Male,*,<=50K,9909
4,18,*,*,9,*,*,*,Male,*,<=50K,9910
4,28,*,*,14,*,*,*,Male,*,<=50K,9911
4,12,*,*,6,*,*,*,Male,*,<=50K,9912
4,17,*,*,9,*,*,*,Female,*,<=50K,9913
4,19,*,*,10,*,*,*,Female,*,<=50K,9914
4,18,*,*,9,*,*,*,Male,*,<=50K,9916
4,19,*,*,10,*,*,*,Female,*,<=50K,9917
4,25,*,*,13,*,*,*,Female,*,<=50K,9918
4,17,*,*,9,*,*,*,Female,*,<=50K,9921
4,18,*,*,9,*,*,*,Male,*,<=50K,9922
4,18,*,*,9,*,*,*,Male,*,<=50K,9924
4,17,*,*,9,*,*,*,Female,*,<=50K,9925
4,19,*,*,10,*,*,*,Female,*,<=50K,9926
4,17,*,*,9,*,*,*,Female,*,>50K,9927
4,19,*,*,10,*,*,*,Female,*,<=50K,9929
4,14,*,*,7,*,*,*,Male,*,<=50K,9930
4,6,*,*,3,*,*,*,Male,*,<=50K,9931
4,19,*,*,10,*,*,*,Female,*,<=50K,9933
4,17,*,*,9,*,*,*,Female,*,<=50K,9934
4,26,*,*,13,*,*,*,Male,*,>50K,9935
4,20,*,*,10,*,*,*,Male,*,>50K,9936
4,17,*,*,9,*,*,*,Female,*,<=50K,9937
4,28,*,*,14,*,*,*,Male,*,>50K,9938
4,17,*,*,9,*,*,*,Female,*,<=50K,9939
4,22,*,*,11,*,*,*,Male,*,<=50K,9940
4,11,*,*,6,*,*,*,Female,*,<=50K,9941
4,25,*,*,13,*,*,*,Female,*,<=50K,9942
4,19,*,*,10,*,*,*,Female,*,<=50K,9944
4,17,*,*,9,*,*,*,Female,*,<=50K,9945
4,20,*,*,10,*,*,*,Male,*,<=50K,9946
4,12,*,*,6,*,*,*,Male,*,<=50K,9947
4,18,*,*,9,*,*,*,Male,*,<=50K,9948
4,17,*,*,9,*,*,*,Female,*,<=50K,9949
4,10,*,*,5,*,*,*,Male,*,<=50K,9950
4,18,*,*,9,*,*,*,Male,*,<=50K,9951
4,27,*,*,14,*,*,*,Female,*,>50K,9952
4,25,*,*,13,*,*,*,Female,*,<=50K,9953
4,22,*,*,11,*,*,*,Male,*,<=50K,9954
4,26,*,*,13,*,*,*,Male,*,<=50K,9956
4,17,*,*,9,*,*,*,Female,*,<=50K,9958
4,18,*,*,9,*,*,*,Male,*,>50K,9959
4,30,*,*,15,*,*,*,Male,*,<=50K,9960
4,20,*,*,10,*,*,*,Male,*,>50K,9961
4,18,*,*,9,*,*,*,Male,*,<=50K,9963
4,18,*,*,9,*,*,*,Male,*,>50K,9964
4,19,*,*,10,*,*,*,Female,*,<=50K,9965
4,11,*,*,6,*,*,*,Female,*,<=50K,9966
4,20,*,*,10,*,*,*,Male,*,<=50K,9968
4,18,*,*,9,*,*,*,Male,*,<=50K,9969
4,20,*,*,10,*,*,*,Male,*,<=50K,9970
4,26,*,*,13,*,*,*,Male,*,>50K,9973
4,6,*,*,3,*,*,*,Male,*,<=50K,9975
4,26,*,*,13,*,*,*,Male,*,<=50K,9976
4,24,*,*,12,*,*,*,Male,*,<=50K,9977
4,18,*,*,9,*,*,*,Male,*,<=50K,9979
4,18,*,*,9,*,*,*,Male,*,<=50K,9981
4,18,*,*,9,*,*,*,Male,*,<=50K,9982
4,20,*,*,10,*,*,*,Male,*,<=50K,9986
4,17,*,*,9,*,*,*,Female,*,<=50K,9987
4,19,*,*,10,*,*,*,Female,*,<=50K,9989
4,26,*,*,13,*,*,*,Male,*,>50K,9990
4,28,*,*,14,*,*,*,Male,*,>50K,9991
4,18,*,*,9,*,*,*,Male,*,<=50K,9992
4,24,*,*,12,*,*,*,Male,*,<=50K,9993
4,19,*,*,10,*,*,*,Female,*,<=50K,9996
4,18,*,*,9,*,*,*,Male,*,<=50K,9997
4,16,*,*,8,*,*,*,Male,*,<=50K,9998
4,24,*,*,12,*,*,*,Male,*,<=50K,9999
4,18,*,*,9,*,*,*,Male,*,<=50K,10000
4,14,*,*,7,*,*,*,Male,*,<=50K,10001
4,20,*,*,10,*,*,*,Male,*,<=50K,10002
4,20,*,*,10,*,*,*,Male,*,<=50K,10003
4,19,*,*,10,*,*,*,Female,*,<=50K,10004
4,18,*,*,9,*,*,*,Male,*,<=50K,10007
4,19,*,*,10,*,*,*,Female,*,<=50K,10009
4,25,*,*,13,*,*,*,Female,*,<=50K,10010
4,28,*,*,14,*,*,*,Male,*,>50K,10011
4,26,*,*,13,*,*,*,Male,*,<=50K,10012
4,18,*,*,9,*,*,*,Male,*,>50K,10013
4,30,*,*,15,*,*,*,Male,*,>50K,10014
4,26,*,*,13,*,*,*,Male,*,>50K,10015
4,17,*,*,9,*,*,*,Female,*,<=50K,10016
4,19,*,*,10,*,*,*,Female,*,<=50K,10017
4,18,*,*,9,*,*,*,Male,*,<=50K,10018
4,18,*,*,9,*,*,*,Male,*,<=50K,10019
4,22,*,*,11,*,*,*,Male,*,<=50K,10020
4,12,*,*,6,*,*,*,Male,*,<=50K,10021
4,25,*,*,13,*,*,*,Female,*,<=50K,10022
4,13,*,*,7,*,*,*,Female,*,<=50K,10023
4,18,*,*,9,*,*,*,Male,*,<=50K,10024
4,18,*,*,9,*,*,*,Male,*,<=50K,10025
4,19,*,*,10,*,*,*,Female,*,<=50K,10026
4,22,*,*,11,*,*,*,Male,*,<=50K,10027
4,20,*,*,10,*,*,*,Male,*,<=50K,10028
4,18,*,*,9,*,*,*,Male,*,<=50K,10030
4,17,*,*,9,*,*,*,Female,*,<=50K,10031
4,18,*,*,9,*,*,*,Male,*,<=50K,10032
4,14,*,*,7,*,*,*,Male,*,<=50K,10035
4,18,*,*,9,*,*,*,Male,*,<=50K,10036
4,25,*,*,13,*,*,*,Female,*,<=50K,10037
4,18,*,*,9,*,*,*,Male,*,>50K,10039
4,20,*,*,10,*,*,*,Male,*,<=50K,10040
4,14,*,*,7,*,*,*,Male,*,<=50K,10041
4,19,*,*,10,*,*,*,Female,*,<=50K,10042
4,20,*,*,10,*,*,*,Male,*,<=50K,10043
4,19,*,*,10,*,*,*,Female,*,<=50K,10044
4,17,*,*,9,*,*,*,Female,*,<=50K,10045
4,28,*,*,14,*,*,*,Male,*,>50K,10046
4,26,*,*,13,*,*,*,Male,*,<=50K,10050
4,19,*,*,10,*,*,*,Female,*,<=50K,10051
4,18,*,*,9,*,*,*,Male,*,<=50K,10052
4,25,*,*,13,*,*,*,Female,*,<=50K,10053
4,18,*,*,9,*,*,*,Male,*,<=50K,10054
4,19,*,*,10,*,*,*,Female,*,<=50K,10055
4,20,*,*,10,*,*,*,Male,*,<=50K,10056
4,16,*,*,8,*,*,*,Male,*,>50K,10058
4,17,*,*,9,*,*,*,Female,*,<=50K,10060
4,17,*,*,9,*,*,*,Female,*,<=50K,10061
4,18,*,*,9,*,*,*,Male,*,<=50K,10062
4,18,*,*,9,*,*,*,Male,*,<=50K,10063
4,28,*,*,14,*,*,*,Male,*,>50K,10064
4,17,*,*,9,*,*,*,Female,*,<=50K,10065
4,19,*,*,10,*,*,*,Female,*,<=50K,10067
4,19,*,*,10,*,*,*,Female,*,<=50K,10069
4,12,*,*,6,*,*,*,Male,*,<=50K,10071
4,17,*,*,9,*,*,*,Female,*,<=50K,10072
4,19,*,*,10,*,*,*,Female,*,<=50K,10073
4,10,*,*,5,*,*,*,Male,*,<=50K,10074
4,19,*,*,10,*,*,*,Female,*,<=50K,10076
4,19,*,*,10,*,*,*,Female,*,<=50K,10078
4,8,*,*,4,*,*,*,Male,*,<=50K,10079
4,20,*,*,10,*,*,*,Male,*,>50K,10080
4,10,*,*,5,*,*,*,Male,*,<=50K,10082
4,14,*,*,7,*,*,*,Male,*,<=50K,10084
4,19,*,*,10,*,*,*,Female,*,<=50K,10085
4,20,*,*,10,*,*,*,Male,*,>50K,10087
4,14,*,*,7,*,*,*,Male,*,<=50K,10088
4,13,*,*,7,*,*,*,Female,*,<=50K,10089
4,17,*,*,9,*,*,*,Female,*,<=50K,10090
4,23,*,*,12,*,*,*,Female,*,<=50K,10091
4,26,*,*,13,*,*,*,Male,*,<=50K,10094
4,26,*,*,13,*,*,*,Male,*,<=50K,10097
4,18,*,*,9,*,*,*,Male,*,<=50K,10098
4,21,*,*,11,*,*,*,Female,*,<=50K,10099
4,27,*,*,14,*,*,*,Female,*,<=50K,10100
4,12,*,*,6,*,*,*,Male,*,<=50K,10101
4,20,*,*,10,*,*,*,Male,*,<=50K,10102
4,18,*,*,9,*,*,*,Male,*,<=50K,10103
4,17,*,*,9,*,*,*,Female,*,<=50K,10104
4,28,*,*,14,*,*,*,Male,*,>50K,10105
4,18,*,*,9,*,*,*,Male,*,<=50K,10106
4,26,*,*,13,*,*,*,Male,*,>50K,10107
4,24,*,*,12,*,*,*,Male,*,>50K,10108
4,20,*,*,10,*,*,*,Male,*,<=50K,10109
4,20,*,*,10,*,*,*,Male,*,>50K,10110
4,17,*,*,9,*,*,*,Female,*,<=50K,10111
4,21,*,*,11,*,*,*,Female,*,<=50K,10113
4,26,*,*,13,*,*,*,Male,*,>50K,10114
4,20,*,*,10,*,*,*,Male,*,<=50K,10115
4,18,*,*,9,*,*,*,Male,*,<=50K,10117
4,18,*,*,9,*,*,*,Male,*,<=50K,10121
4,19,*,*,10,*,*,*,Female,*,>50K,10122
4,8,*,*,4,*,*,*,Male,*,<=50K,10123
4,18,*,*,9,*,*,*,Male,*,<=50K,10125
4,28,*,*,14,*,*,*,Male,*,>50K,10126
4,19,*,*,10,*,*,*,Female,*,<=50K,10128
4,17,*,*,9,*,*,*,Female,*,<=50K,10129
4,6,*,*,3,*,*,*,Male,*,<=50K,10130
4,18,*,*,9,*,*,*,Male,*,<=50K,10131
4,25,*,*,13,*,*,*,Female,*,<=50K,10133
4,26,*,*,13,*,*,*,Male,*,<=50K,10134
4,19,*,*,10,*,*,*,Female,*,<=50K,10135
4,18,*,*,9,*,*,*,Male,*,<=50K,10136
4,17,*,*,9,*,*,*,Female,*,<=50K,10137
4,17,*,*,9,*,*,*,Female,*,<=50K,10138
4,17,*,*,9,*,*,*,Female,*,<=50K,10139
4,20,*,*,10,*,*,*,Male,*,>50K,10140
4,28,*,*,14,*,*,*,Male,*,<=50K,10141
4,26,*,*,13,*,*,*,Male,*,>50K,10142
4,16,*,*,8,*,*,*,Male,*,<=50K,10143
4,20,*,*,10,*,*,*,Male,*,<=50K,10144
4,18,*,*,9,*,*,*,Male,*,<=50K,10145
4,20,*,*,10,*,*,*,Male,*,<=50K,10147
4,20,*,*,10,*,*,*,Male,*,<=50K,10148
4,15,*,*,8,*,*,*,Female,*,<=50K,10149
4,3,*,*,2,*,*,*,Female,*,<=50K,10150
4,18,*,*,9,*,*,*,Male,*,<=50K,10151
4,19,*,*,10,*,*,*,Female,*,>50K,10153
4,20,*,*,10,*,*,*,Male,*,<=50K,10154
4,18,*,*,9,*,*,*,Male,*,<=50K,10155
4,18,*,*,9,*,*,*,Male,*,<=50K,10156
4,19,*,*,10,*,*,*,Female,*,<=50K,10157
4,20,*,*,10,*,*,*,Male,*,<=50K,10158
4,8,*,*,4,*,*,*,Male,*,>50K,10160
4,10,*,*,5,*,*,*,Male,*,<=50K,10161
4,18,*,*,9,*,*,*,Male,*,<=50K,10162
4,19,*,*,10,*,*,*,Female,*,<=50K,10163
4,20,*,*,10,*,*,*,Male,*,<=50K,10164
4,19,*,*,10,*,*,*,Female,*,<=50K,10165
4,25,*,*,13,*,*,*,Female,*,<=50K,10166
4,10,*,*,5,*,*,*,Male,*,<=50K,10167
4,14,*,*,7,*,*,*,Male,*,<=50K,10171
4,20,*,*,10,*,*,*,Male,*,>50K,10172
4,11,*,*,6,*,*,*,Female,*,<=50K,10173
4,17,*,*,9,*,*,*,Female,*,<=50K,10174
4,17,*,*,9,*,*,*,Female,*,<=50K,10175
4,24,*,*,12,*,*,*,Male,*,<=50K,10176
4,10,*,*,5,*,*,*,Male,*,<=50K,10178
4,26,*,*,13,*,*,*,Male,*,<=50K,10179
4,17,*,*,9,*,*,*,Female,*,<=50K,10180
4,18,*,*,9,*,*,*,Male,*,<=50K,10181
4,6,*,*,3,*,*,*,Male,*,<=50K,10182
4,12,*,*,6,*,*,*,Male,*,<=50K,10183
4,20,*,*,10,*,*,*,Male,*,<=50K,10184
4,20,*,*,10,*,*,*,Male,*,<=50K,10185
4,18,*,*,9,*,*,*,Male,*,<=50K,10186
4,17,*,*,9,*,*,*,Female,*,<=50K,10187
4,17,*,*,9,*,*,*,Female,*,<=50K,10188
4,32,*,*,16,*,*,*,Male,*,>50K,10189
4,26,*,*,13,*,*,*,Male,*,<=50K,10190
4,13,*,*,7,*,*,*,Female,*,<=50K,10191
4,26,*,*,13,*,*,*,Male,*,<=50K,10192
4,22,*,*,11,*,*,*,Male,*,<=50K,10195
4,18,*,*,9,*,*,*,Male,*,>50K,10196
4,28,*,*,14,*,*,*,Male,*,>50K,10197
4,14,*,*,7,*,*,*,Male,*,<=50K,10198
4,18,*,*,9,*,*,*,Male,*,<=50K,10200
4,22,*,*,11,*,*,*,Male,*,<=50K,10201
4,19,*,*,10,*,*,*,Female,*,<=50K,10202
4,20,*,*,10,*,*,*,Male,*,<=50K,10203
4,23,*,*,12,*,*,*,Female,*,<=50K,10204
4,26,*,*,13,*,*,*,Male,*,<=50K,10205
4,18,*,*,9,*,*,*,Male,*,<=50K,10206
4,18,*,*,9,*,*,*,Male,*,<=50K,10207
4,26,*,*,13,*,*,*,Male,*,>50K,10209
4,20,*,*,10,*,*,*,Male,*,<=50K,10210
4,23,*,*,12,*,*,*,Female,*,<=50K,10212
4,26,*,*,13,*,*,*,Male,*,>50K,10213
4,18,*,*,9,*,*,*,Male,*,>50K,10214
4,20,*,*,10,*,*,*,Male,*,>50K,10215
4,20,*,*,10,*,*,*,Male,*,<=50K,10216
4,18,*,*,9,*,*,*,Male,*,<=50K,10217
4,23,*,*,12,*,*,*,Female,*,<=50K,10218
4,19,*,*,10,*,*,*,Female,*,<=50K,10220
4,25,*,*,13,*,*,*,Female,*,<=50K,10221
4,20,*,*,10,*,*,*,Male,*,<=50K,10222
4,17,*,*,9,*,*,*,Female,*,<=50K,10223
4,26,*,*,13,*,*,*,Male,*,>50K,10224
4,18,*,*,9,*,*,*,Male,*,<=50K,10225
4,19,*,*,10,*,*,*,Female,*,<=50K,10226
4,19,*,*,10,*,*,*,Female,*,<=50K,10227
4,18,*,*,9,*,*,*,Male,*,<=50K,10228
4,24,*,*,12,*,*,*,Male,*,<=50K,10229
4,28,*,*,14,*,*,*,Male,*,>50K,10230
4,19,*,*,10,*,*,*,Female,*,<=50K,10231
4,27,*,*,14,*,*,*,Female,*,<=50K,10232
4,19,*,*,10,*,*,*,Female,*,<=50K,10233
4,20,*,*,10,*,*,*,Male,*,>50K,10236
4,20,*,*,10,*,*,*,Male,*,>50K,10239
4,26,*,*,13,*,*,*,Male,*,>50K,10241
4,17,*,*,9,*,*,*,Female,*,<=50K,10242
4,18,*,*,9,*,*,*,Male,*,>50K,10243
4,19,*,*,10,*,*,*,Female,*,<=50K,10245
4,18,*,*,9,*,*,*,Male,*,<=50K,10246
4,19,*,*,10,*,*,*,Female,*,<=50K,10247
4,26,*,*,13,*,*,*,Male,*,>50K,10248
4,19,*,*,10,*,*,*,Female,*,<=50K,10251
4,19,*,*,10,*,*,*,Female,*,<=50K,10252
4,20,*,*,10,*,*,*,Male,*,<=50K,10253
4,24,*,*,12,*,*,*,Male,*,<=50K,10254
4,14,*,*,7,*,*,*,Male,*,<=50K,10256
4,20,*,*,10,*,*,*,Male,*,<=50K,10257
4,28,*,*,14,*,*,*,Male,*,<=50K,10258
4,20,*,*,10,*,*,*,Male,*,<=50K,10259
4,18,*,*,9,*,*,*,Male,*,<=50K,10261
4,20,*,*,10,*,*,*,Male,*,>50K,10262
4,12,*,*,6,*,*,*,Male,*,<=50K,10263
4,19,*,*,10,*,*,*,Female,*,<=50K,10265
4,20,*,*,10,*,*,*,Male,*,<=50K,10266
4,20,*,*,10,*,*,*,Male,*,<=50K,10268
4,26,*,*,13,*,*,*,Male,*,>50K,10269
4,18,*,*,9,*,*,*,Male,*,<=50K,10270
4,19,*,*,10,*,*,*,Female,*,<=50K,10271
4,20,*,*,10,*,*,*,Male,*,<=50K,10273
4,18,*,*,9,*,*,*,Male,*,<=50K,10274
4,18,*,*,9,*,*,*,Male,*,<=50K,10275
4,20,*,*,10,*,*,*,Male,*,>50K,10276
4,25,*,*,13,*,*,*,Female,*,<=50K,10277
4,28,*,*,14,*,*,*,Male,*,<=50K,10278
4,23,*,*,12,*,*,*,Female,*,<=50K,10279
4,9,*,*,5,*,*,*,Female,*,<=50K,10280
4,19,*,*,10,*,*,*,Female,*,<=50K,10281
4,26,*,*,13,*,*,*,Male,*,<=50K,10282
4,18,*,*,9,*,*,*,Male,*,>50K,10283
4,28,*,*,14,*,*,*,Male,*,>50K,10285
4,18,*,*,9,*,*,*,Male,*,<=50K,10286
4,18,*,*,9,*,*,*,Male,*,<=50K,10287
4,20,*,*,10,*,*,*,Male,*,<=50K,10288
4,14,*,*,7,*,*,*,Male,*,<=50K,10289
4,17,*,*,9,*,*,*,Female,*,<=50K,10290
4,20,*,*,10,*,*,*,Male,*,<=50K,10292
4,17,*,*,9,*,*,*,Female,*,<=50K,10294
4,26,*,*,13,*,*,*,Male,*,<=50K,10295
4,20,*,*,10,*,*,*,Male,*,>50K,10296
4,25,*,*,13,*,*,*,Female,*,<=50K,10297
4,17,*,*,9,*,*,*,Female,*,<=50K,10298
4,28,*,*,14,*,*,*,Male,*,>50K,10299
4,8,*,*,4,*,*,*,Male,*,<=50K,10300
4,18,*,*,9,*,*,*,Male,*,<=50K,10301
4,25,*,*,13,*,*,*,Female,*,<=50K,10302
4,18,*,*,9,*,*,*,Male,*,<=50K,10303
4,18,*,*,9,*,*,*,Male,*,<=50K,10304
4,8,*,*,4,*,*,*,Male,*,<=50K,10305
4,18,*,*,9,*,*,*,Male,*,<=50K,10306
4,17,*,*,9,*,*,*,Female,*,<=50K,10307
4,32,*,*,16,*,*,*,Male,*,<=50K,10309
4,18,*,*,9,*,*,*,Male,*,<=50K,10310
4,19,*,*,10,*,*,*,Female,*,<=50K,10311
4,22,*,*,11,*,*,*,Male,*,<=50K,10312
4,19,*,*,10,*,*,*,Female,*,<=50K,10313
4,20,*,*,10,*,*,*,Male,*,<=50K,10314
4,18,*,*,9,*,*,*,Male,*,<=50K,10315
4,26,*,*,13,*,*,*,Male,*,>50K,10316
4,19,*,*,10,*,*,*,Female,*,<=50K,10317
4,20,*,*,10,*,*,*,Male,*,<=50K,10319
4,26,*,*,13,*,*,*,Male,*,<=50K,10321
4,18,*,*,9,*,*,*,Male,*,<=50K,10323
4,22,*,*,11,*,*,*,Male,*,<=50K,10324
4,13,*,*,7,*,*,*,Female,*,<=50K,10325
4,17,*,*,9,*,*,*,Female,*,<=50K,10329
4,20,*,*,10,*,*,*,Male,*,<=50K,10330
4,12,*,*,6,*,*,*,Male,*,<=50K,10331
4,25,*,*,13,*,*,*,Female,*,<=50K,10333
4,19,*,*,10,*,*,*,Female,*,<=50K,10335
4,25,*,*,13,*,*,*,Female,*,<=50K,10336
4,21,*,*,11,*,*,*,Female,*,<=50K,10338
4,18,*,*,9,*,*,*,Male,*,<=50K,10339
4,20,*,*,10,*,*,*,Male,*,<=50K,10340
4,25,*,*,13,*,*,*,Female,*,>50K,10342
4,18,*,*,9,*,*,*,Male,*,>50K,10343
4,30,*,*,15,*,*,*,Male,*,<=50K,10345
4,11,*,*,6,*,*,*,Female,*,<=50K,10348
4,25,*,*,13,*,*,*,Female,*,<=50K,10350
4,18,*,*,9,*,*,*,Male,*,>50K,10352
4,17,*,*,9,*,*,*,Female,*,<=50K,10355
4,26,*,*,13,*,*,*,Male,*,<=50K,10356
4,20,*,*,10,*,*,*,Male,*,<=50K,10357
4,20,*,*,10,*,*,*,Male,*,<=50K,10358
4,22,*,*,11,*,*,*,Male,*,<=50K,10361
4,18,*,*,9,*,*,*,Male,*,<=50K,10362
4,18,*,*,9,*,*,*,Male,*,<=50K,10363
4,30,*,*,15,*,*,*,Male,*,>50K,10364
4,20,*,*,10,*,*,*,Male,*,<=50K,10365
4,25,*,*,13,*,*,*,Female,*,<=50K,10366
4,17,*,*,9,*,*,*,Female,*,>50K,10367
4,28,*,*,14,*,*,*,Male,*,>50K,10368
4,17,*,*,9,*,*,*,Female,*,<=50K,10370
4,14,*,*,7,*,*,*,Male,*,<=50K,10371
4,17,*,*,9,*,*,*,Female,*,<=50K,10373
4,18,*,*,9,*,*,*,Male,*,<=50K,10374
4,26,*,*,13,*,*,*,Male,*,<=50K,10375
4,19,*,*,10,*,*,*,Female,*,<=50K,10376
4,17,*,*,9,*,*,*,Female,*,<=50K,10377
4,20,*,*,10,*,*,*,Male,*,>50K,10378
4,8,*,*,4,*,*,*,Male,*,<=50K,10379
4,18,*,*,9,*,*,*,Male,*,>50K,10380
4,19,*,*,10,*,*,*,Female,*,<=50K,10381
4,19,*,*,10,*,*,*,Female,*,<=50K,10382
4,17,*,*,9,*,*,*,Female,*,<=50K,10383
4,20,*,*,10,*,*,*,Male,*,<=50K,10384
4,11,*,*,6,*,*,*,Female,*,<=50K,10385
4,20,*,*,10,*,*,*,Male,*,>50K,10386
4,20,*,*,10,*,*,*,Male,*,>50K,10387
4,18,*,*,9,*,*,*,Male,*,<=50K,10388
4,18,*,*,9,*,*,*,Male,*,>50K,10389
4,26,*,*,13,*,*,*,Male,*,>50K,10390
4,25,*,*,13,*,*,*,Female,*,<=50K,10391
4,17,*,*,9,*,*,*,Female,*,<=50K,10392
4,27,*,*,14,*,*,*,Female,*,>50K,10393
4,26,*,*,13,*,*,*,Male,*,<=50K,10394
4,25,*,*,13,*,*,*,Female,*,>50K,10395
4,18,*,*,9,*,*,*,Male,*,<=50K,10396
4,19,*,*,10,*,*,*,Female,*,<=50K,10397
4,20,*,*,10,*,*,*,Male,*,<=50K,10398
4,13,*,*,7,*,*,*,Female,*,<=50K,10399
4,19,*,*,10,*,*,*,Female,*,<=50K,10400
4,26,*,*,13,*,*,*,Male,*,<=50K,10401
4,22,*,*,11,*,*,*,Male,*,>50K,10402
4,19,*,*,10,*,*,*,Female,*,<=50K,10403
4,21,*,*,11,*,*,*,Female,*,<=50K,10405
4,18,*,*,9,*,*,*,Male,*,<=50K,10406
4,28,*,*,14,*,*,*,Male,*,<=50K,10407
4,26,*,*,13,*,*,*,Male,*,>50K,10408
4,18,*,*,9,*,*,*,Male,*,>50K,10409
4,18,*,*,9,*,*,*,Male,*,<=50K,10411
4,23,*,*,12,*,*,*,Female,*,<=50K,10413
4,23,*,*,12,*,*,*,Female,*,>50K,10414
4,10,*,*,5,*,*,*,Male,*,<=50K,10415
4,18,*,*,9,*,*,*,Male,*,<=50K,10416
4,10,*,*,5,*,*,*,Male,*,<=50K,10418
4,20,*,*,10,*,*,*,Male,*,<=50K,10419
4,8,*,*,4,*,*,*,Male,*,<=50K,10420
4,26,*,*,13,*,*,*,Male,*,>50K,10421
4,20,*,*,10,*,*,*,Male,*,<=50K,10422
4,26,*,*,13,*,*,*,Male,*,<=50K,10424
4,22,*,*,11,*,*,*,Male,*,>50K,10425
4,18,*,*,9,*,*,*,Male,*,<=50K,10426
4,14,*,*,7,*,*,*,Male,*,<=50K,10427
4,23,*,*,12,*,*,*,Female,*,<=50K,10428
4,22,*,*,11,*,*,*,Male,*,<=50K,10429
4,18,*,*,9,*,*,*,Male,*,>50K,10430
4,18,*,*,9,*,*,*,Male,*,<=50K,10432
4,20,*,*,10,*,*,*,Male,*,<=50K,10434
4,18,*,*,9,*,*,*,Male,*,<=50K,10435
4,2,*,*,1,*,*,*,Male,*,<=50K,10436
4,29,*,*,15,*,*,*,Female,*,<=50K,10437
4,18,*,*,9,*,*,*,Male,*,<=50K,10438
4,28,*,*,14,*,*,*,Male,*,>50K,10439
4,22,*,*,11,*,*,*,Male,*,<=50K,10440
4,22,*,*,11,*,*,*,Male,*,<=50K,10441
4,17,*,*,9,*,*,*,Female,*,<=50K,10443
4,28,*,*,14,*,*,*,Male,*,>50K,10444
4,17,*,*,9,*,*,*,Female,*,<=50K,10445
4,18,*,*,9,*,*,*,Male,*,<=50K,10446
4,12,*,*,6,*,*,*,Male,*,<=50K,10447
4,17,*,*,9,*,*,*,Female,*,<=50K,10448
4,20,*,*,10,*,*,*,Male,*,<=50K,10449
4,17,*,*,9,*,*,*,Female,*,<=50K,10450
4,30,*,*,15,*,*,*,Male,*,>50K,10452
4,19,*,*,10,*,*,*,Female,*,<=50K,10453
4,14,*,*,7,*,*,*,Male,*,<=50K,10455
4,17,*,*,9,*,*,*,Female,*,<=50K,10458
4,8,*,*,4,*,*,*,Male,*,<=50K,10459
4,22,*,*,11,*,*,*,Male,*,<=50K,10460
4,18,*,*,9,*,*,*,Male,*,<=50K,10461
4,26,*,*,13,*,*,*,Male,*,<=50K,10462
4,30,*,*,15,*,*,*,Male,*,>50K,10463
4,25,*,*,13,*,*,*,Female,*,<=50K,10464
4,18,*,*,9,*,*,*,Male,*,>50K,10465
4,26,*,*,13,*,*,*,Male,*,>50K,10466
4,30,*,*,15,*,*,*,Male,*,>50K,10469
4,26,*,*,13,*,*,*,Male,*,>50K,10470
4,32,*,*,16,*,*,*,Male,*,<=50K,10471
4,25,*,*,13,*,*,*,Female,*,<=50K,10472
4,17,*,*,9,*,*,*,Female,*,<=50K,10473
4,13,*,*,7,*,*,*,Female,*,<=50K,10474
4,17,*,*,9,*,*,*,Female,*,<=50K,10476
4,12,*,*,6,*,*,*,Male,*,<=50K,10477
4,18,*,*,9,*,*,*,Male,*,<=50K,10480
4,22,*,*,11,*,*,*,Male,*,<=50K,10481
4,18,*,*,9,*,*,*,Male,*,<=50K,10482
4,26,*,*,13,*,*,*,Male,*,>50K,10483
4,17,*,*,9,*,*,*,Female,*,<=50K,10484
4,19,*,*,10,*,*,*,Female,*,<=50K,10485
4,25,*,*,13,*,*,*,Female,*,<=50K,10486
4,18,*,*,9,*,*,*,Male,*,<=50K,10487
4,25,*,*,13,*,*,*,Female,*,<=50K,10488
4,12,*,*,6,*,*,*,Male,*,<=50K,10489
4,30,*,*,15,*,*,*,Male,*,>50K,10490
4,18,*,*,9,*,*,*,Male,*,>50K,10491
4,26,*,*,13,*,*,*,Male,*,<=50K,10493
4,20,*,*,10,*,*,*,Male,*,<=50K,10494
4,20,*,*,10,*,*,*,Male,*,>50K,10497
4,18,*,*,9,*,*,*,Male,*,<=50K,10498
4,26,*,*,13,*,*,*,Male,*,<=50K,10499
4,23,*,*,12,*,*,*,Female,*,<=50K,10500
4,18,*,*,9,*,*,*,Male,*,<=50K,10501
4,18,*,*,9,*,*,*,Male,*,<=50K,10502
4,8,*,*,4,*,*,*,Male,*,<=50K,10503
4,18,*,*,9,*,*,*,Male,*,<=50K,10505
4,18,*,*,9,*,*,*,Male,*,<=50K,10506
4,18,*,*,9,*,*,*,Male,*,<=50K,10507
4,26,*,*,13,*,*,*,Male,*,<=50K,10508
4,26,*,*,13,*,*,*,Male,*,<=50K,10509
4,18,*,*,9,*,*,*,Male,*,<=50K,10510
4,20,*,*,10,*,*,*,Male,*,<=50K,10511
4,16,*,*,8,*,*,*,Male,*,<=50K,10512
4,8,*,*,4,*,*,*,Male,*,<=50K,10513
4,15,*,*,8,*,*,*,Female,*,<=50K,10514
4,18,*,*,9,*,*,*,Male,*,>50K,10515
4,18,*,*,9,*,*,*,Male,*,<=50K,10516
4,18,*,*,9,*,*,*,Male,*,>50K,10517
4,18,*,*,9,*,*,*,Male,*,<=50K,10519
4,21,*,*,11,*,*,*,Female,*,<=50K,10520
4,17,*,*,9,*,*,*,Female,*,<=50K,10521
4,19,*,*,10,*,*,*,Female,*,<=50K,10522
4,20,*,*,10,*,*,*,Male,*,<=50K,10523
4,26,*,*,13,*,*,*,Male,*,>50K,10524
4,20,*,*,10,*,*,*,Male,*,<=50K,10525
4,17,*,*,9,*,*,*,Female,*,<=50K,10526
4,20,*,*,10,*,*,*,Male,*,>50K,10527
4,20,*,*,10,*,*,*,Male,*,<=50K,10528
4,18,*,*,9,*,*,*,Male,*,<=50K,10529
4,26,*,*,13,*,*,*,Male,*,<=50K,10531
4,19,*,*,10,*,*,*,Female,*,<=50K,10532
4,14,*,*,7,*,*,*,Male,*,<=50K,10533
4,26,*,*,13,*,*,*,Male,*,<=50K,10535
4,28,*,*,14,*,*,*,Male,*,>50K,10536
4,26,*,*,13,*,*,*,Male,*,>50K,10537
4,19,*,*,10,*,*,*,Female,*,<=50K,10539
4,18,*,*,9,*,*,*,Male,*,<=50K,10540
4,17,*,*,9,*,*,*,Female,*,<=50K,10541
4,22,*,*,11,*,*,*,Male,*,<=50K,10542
4,18,*,*,9,*,*,*,Male,*,<=50K,10543
4,19,*,*,10,*,*,*,Female,*,<=50K,10545
4,19,*,*,10,*,*,*,Female,*,<=50K,10546
4,30,*,*,15,*,*,*,Male,*,<=50K,10547
4,26,*,*,13,*,*,*,Male,*,>50K,10548
4,20,*,*,10,*,*,*,Male,*,>50K,10549
4,18,*,*,9,*,*,*,Male,*,<=50K,10552
4,17,*,*,9,*,*,*,Female,*,<=50K,10554
4,32,*,*,16,*,*,*,Male,*,>50K,10555
4,11,*,*,6,*,*,*,Female,*,<=50K,10556
4,20,*,*,10,*,*,*,Male,*,<=50K,10557
4,28,*,*,14,*,*,*,Male,*,>50K,10558
4,22,*,*,11,*,*,*,Male,*,<=50K,10560
4,20,*,*,10,*,*,*,Male,*,<=50K,10561
4,25,*,*,13,*,*,*,Female,*,<=50K,10562
4,16,*,*,8,*,*,*,Male,*,>50K,10563
4,12,*,*,6,*,*,*,Male,*,<=50K,10564
4,20,*,*,10,*,*,*,Male,*,<=50K,10565
4,17,*,*,9,*,*,*,Female,*,<=50K,10566
4,26,*,*,13,*,*,*,Male,*,<=50K,10568
4,30,*,*,15,*,*,*,Male,*,>50K,10569
4,18,*,*,9,*,*,*,Male,*,>50K,10571
4,20,*,*,10,*,*,*,Male,*,<=50K,10572
4,17,*,*,9,*,*,*,Female,*,<=50K,10573
4,26,*,*,13,*,*,*,Male,*,>50K,10574
4,19,*,*,10,*,*,*,Female,*,<=50K,10575
4,26,*,*,13,*,*,*,Male,*,>50K,10576
4,18,*,*,9,*,*,*,Male,*,<=50K,10577
4,17,*,*,9,*,*,*,Female,*,<=50K,10579
4,26,*,*,13,*,*,*,Male,*,>50K,10580
4,20,*,*,10,*,*,*,Male,*,>50K,10581
4,20,*,*,10,*,*,*,Male,*,<=50K,10582
4,25,*,*,13,*,*,*,Female,*,<=50K,10583
4,26,*,*,13,*,*,*,Male,*,>50K,10584
4,18,*,*,9,*,*,*,Male,*,<=50K,10587
4,6,*,*,3,*,*,*,Male,*,<=50K,10588
4,17,*,*,9,*,*,*,Female,*,<=50K,10589
4,17,*,*,9,*,*,*,Female,*,<=50K,10590
4,18,*,*,9,*,*,*,Male,*,<=50K,10591
4,26,*,*,13,*,*,*,Male,*,>50K,10593
4,18,*,*,9,*,*,*,Male,*,>50K,10594
4,31,*,*,16,*,*,*,Female,*,<=50K,10595
4,22,*,*,11,*,*,*,Male,*,>50K,10597
4,28,*,*,14,*,*,*,Male,*,<=50K,10600
4,6,*,*,3,*,*,*,Male,*,<=50K,10601
4,14,*,*,7,*,*,*,Male,*,<=50K,10602
4,18,*,*,9,*,*,*,Male,*,>50K,10603
4,14,*,*,7,*,*,*,Male,*,<=50K,10604
4,7,*,*,4,*,*,*,Female,*,<=50K,10605
4,17,*,*,9,*,*,*,Female,*,<=50K,10606
4,20,*,*,10,*,*,*,Male,*,<=50K,10607
4,20,*,*,10,*,*,*,Male,*,<=50K,10608
4,20,*,*,10,*,*,*,Male,*,<=50K,10609
4,20,*,*,10,*,*,*,Male,*,<=50K,10610
4,18,*,*,9,*,*,*,Male,*,<=50K,10611
4,17,*,*,9,*,*,*,Female,*,<=50K,10612
4,26,*,*,13,*,*,*,Male,*,>50K,10613
4,11,*,*,6,*,*,*,Female,*,<=50K,10614
4,18,*,*,9,*,*,*,Male,*,<=50K,10616
4,19,*,*,10,*,*,*,Female,*,<=50K,10618
4,17,*,*,9,*,*,*,Female,*,<=50K,10619
4,14,*,*,7,*,*,*,Male,*,<=50K,10620
4,17,*,*,9,*,*,*,Female,*,<=50K,10621
4,3,*,*,2,*,*,*,Female,*,<=50K,10622
4,17,*,*,9,*,*,*,Female,*,<=50K,10623
4,18,*,*,9,*,*,*,Male,*,<=50K,10624
4,20,*,*,10,*,*,*,Male,*,<=50K,10625
4,17,*,*,9,*,*,*,Female,*,<=50K,10626
4,18,*,*,9,*,*,*,Male,*,<=50K,10627
4,10,*,*,5,*,*,*,Male,*,<=50K,10628
4,20,*,*,10,*,*,*,Male,*,<=50K,10630
4,18,*,*,9,*,*,*,Male,*,<=50K,10631
4,30,*,*,15,*,*,*,Male,*,>50K,10632
4,25,*,*,13,*,*,*,Female,*,<=50K,10634
4,19,*,*,10,*,*,*,Female,*,<=50K,10636
4,20,*,*,10,*,*,*,Male,*,<=50K,10638
4,17,*,*,9,*,*,*,Female,*,<=50K,10640
4,19,*,*,10,*,*,*,Female,*,<=50K,10641
4,17,*,*,9,*,*,*,Female,*,<=50K,10642
4,18,*,*,9,*,*,*,Male,*,<=50K,10643
4,18,*,*,9,*,*,*,Male,*,<=50K,10644
4,20,*,*,10,*,*,*,Male,*,>50K,10646
4,17,*,*,9,*,*,*,Female,*,<=50K,10647
4,18,*,*,9,*,*,*,Male,*,<=50K,10648
4,19,*,*,10,*,*,*,Female,*,<=50K,10649
4,17,*,*,9,*,*,*,Female,*,<=50K,10650
4,18,*,*,9,*,*,*,Male,*,<=50K,10651
4,26,*,*,13,*,*,*,Male,*,<=50K,10652
4,19,*,*,10,*,*,*,Female,*,<=50K,10653
4,17,*,*,9,*,*,*,Female,*,<=50K,10654
4,20,*,*,10,*,*,*,Male,*,<=50K,10655
4,13,*,*,7,*,*,*,Female,*,<=50K,10656
4,17,*,*,9,*,*,*,Female,*,<=50K,10659
4,17,*,*,9,*,*,*,Female,*,<=50K,10660
4,26,*,*,13,*,*,*,Male,*,>50K,10662
4,14,*,*,7,*,*,*,Male,*,<=50K,10663
4,26,*,*,13,*,*,*,Male,*,<=50K,10664
4,18,*,*,9,*,*,*,Male,*,<=50K,10665
4,8,*,*,4,*,*,*,Male,*,>50K,10666
4,19,*,*,10,*,*,*,Female,*,<=50K,10667
4,20,*,*,10,*,*,*,Male,*,<=50K,10668
4,20,*,*,10,*,*,*,Male,*,<=50K,10669
4,22,*,*,11,*,*,*,Male,*,<=50K,10670
4,17,*,*,9,*,*,*,Female,*,<=50K,10671
4,26,*,*,13,*,*,*,Male,*,>50K,10672
4,22,*,*,11,*,*,*,Male,*,<=50K,10673
4,8,*,*,4,*,*,*,Male,*,<=50K,10674
4,18,*,*,9,*,*,*,Male,*,<=50K,10676
4,19,*,*,10,*,*,*,Female,*,<=50K,10678
4,17,*,*,9,*,*,*,Female,*,<=50K,10679
4,23,*,*,12,*,*,*,Female,*,<=50K,10680
4,28,*,*,14,*,*,*,Male,*,<=50K,10682
4,16,*,*,8,*,*,*,Male,*,<=50K,10683
4,20,*,*,10,*,*,*,Male,*,>50K,10684
4,17,*,*,9,*,*,*,Female,*,<=50K,10686
4,18,*,*,9,*,*,*,Male,*,<=50K,10687
4,26,*,*,13,*,*,*,Male,*,>50K,10688
4,18,*,*,9,*,*,*,Male,*,<=50K,10689
4,26,*,*,13,*,*,*,Male,*,>50K,10691
4,19,*,*,10,*,*,*,Female,*,<=50K,10692
4,25,*,*,13,*,*,*,Female,*,<=50K,10693
4,19,*,*,10,*,*,*,Female,*,<=50K,10695
4,25,*,*,13,*,*,*,Female,*,<=50K,10696
4,26,*,*,13,*,*,*,Male,*,>50K,10697
4,18,*,*,9,*,*,*,Male,*,<=50K,10699
4,24,*,*,12,*,*,*,Male,*,<=50K,10700
4,20,*,*,10,*,*,*,Male,*,>50K,10701
4,25,*,*,13,*,*,*,Female,*,<=50K,10703
4,26,*,*,13,*,*,*,Male,*,<=50K,10704
4,17,*,*,9,*,*,*,Female,*,<=50K,10705
4,27,*,*,14,*,*,*,Female,*,<=50K,10711
4,22,*,*,11,*,*,*,Male,*,<=50K,10714
4,9,*,*,5,*,*,*,Female,*,<=50K,10715
4,23,*,*,12,*,*,*,Female,*,<=50K,10716
4,8,*,*,4,*,*,*,Male,*,<=50K,10717
4,20,*,*,10,*,*,*,Male,*,<=50K,10719
4,18,*,*,9,*,*,*,Male,*,<=50K,10720
4,20,*,*,10,*,*,*,Male,*,<=50K,10721
4,18,*,*,9,*,*,*,Male,*,<=50K,10722
4,18,*,*,9,*,*,*,Male,*,<=50K,10725
4,18,*,*,9,*,*,*,Male,*,<=50K,10727
4,25,*,*,13,*,*,*,Female,*,<=50K,10728
4,19,*,*,10,*,*,*,Female,*,<=50K,10729
4,26,*,*,13,*,*,*,Male,*,>50K,10730
4,18,*,*,9,*,*,*,Male,*,<=50K,10732
4,17,*,*,9,*,*,*,Female,*,<=50K,10733
4,18,*,*,9,*,*,*,Male,*,<=50K,10734
4,25,*,*,13,*,*,*,Female,*,>50K,10735
4,20,*,*,10,*,*,*,Male,*,<=50K,10736
4,17,*,*,9,*,*,*,Female,*,<=50K,10737
4,26,*,*,13,*,*,*,Male,*,<=50K,10738
4,26,*,*,13,*,*,*,Male,*,>50K,10739
4,30,*,*,15,*,*,*,Male,*,<=50K,10740
4,26,*,*,13,*,*,*,Male,*,<=50K,10742
4,26,*,*,13,*,*,*,Male,*,<=50K,10743
4,18,*,*,9,*,*,*,Male,*,>50K,10744
4,5,*,*,3,*,*,*,Female,*,<=50K,10747
4,28,*,*,14,*,*,*,Male,*,>50K,10748
4,21,*,*,11,*,*,*,Female,*,>50K,10749
4,20,*,*,10,*,*,*,Male,*,<=50K,10750
4,24,*,*,12,*,*,*,Male,*,<=50K,10751
4,26,*,*,13,*,*,*,Male,*,>50K,10752
4,17,*,*,9,*,*,*,Female,*,<=50K,10754
4,28,*,*,14,*,*,*,Male,*,<=50K,10755
4,18,*,*,9,*,*,*,Male,*,<=50K,10759
4,25,*,*,13,*,*,*,Female,*,<=50K,10760
4,16,*,*,8,*,*,*,Male,*,<=50K,10761
4,20,*,*,10,*,*,*,Male,*,<=50K,10762
4,19,*,*,10,*,*,*,Female,*,<=50K,10763
4,22,*,*,11,*,*,*,Male,*,<=50K,10764
4,18,*,*,9,*,*,*,Male,*,<=50K,10765
4,18,*,*,9,*,*,*,Male,*,<=50K,10766
4,22,*,*,11,*,*,*,Male,*,<=50K,10767
4,10,*,*,5,*,*,*,Male,*,<=50K,10769
4,32,*,*,16,*,*,*,Male,*,<=50K,10770
4,20,*,*,10,*,*,*,Male,*,<=50K,10771
4,25,*,*,13,*,*,*,Female,*,>50K,10772
4,19,*,*,10,*,*,*,Female,*,<=50K,10774
4,30,*,*,15,*,*,*,Male,*,<=50K,10776
4,22,*,*,11,*,*,*,Male,*,>50K,10778
4,19,*,*,10,*,*,*,Female,*,<=50K,10780
4,27,*,*,14,*,*,*,Female,*,<=50K,10781
4,20,*,*,10,*,*,*,Male,*,<=50K,10782
4,26,*,*,13,*,*,*,Male,*,<=50K,10784
4,17,*,*,9,*,*,*,Female,*,<=50K,10785
4,18,*,*,9,*,*,*,Male,*,<=50K,10786
4,23,*,*,12,*,*,*,Female,*,<=50K,10787
4,15,*,*,8,*,*,*,Female,*,<=50K,10788
4,18,*,*,9,*,*,*,Male,*,<=50K,10790
4,18,*,*,9,*,*,*,Male,*,<=50K,10791
4,17,*,*,9,*,*,*,Female,*,<=50K,10792
4,18,*,*,9,*,*,*,Male,*,<=50K,10793
4,11,*,*,6,*,*,*,Female,*,<=50K,10794
4,18,*,*,9,*,*,*,Male,*,<=50K,10795
4,24,*,*,12,*,*,*,Male,*,<=50K,10796
4,26,*,*,13,*,*,*,Male,*,>50K,10797
4,22,*,*,11,*,*,*,Male,*,>50K,10798
4,19,*,*,10,*,*,*,Female,*,<=50K,10800
4,22,*,*,11,*,*,*,Male,*,<=50K,10801
4,18,*,*,9,*,*,*,Male,*,<=50K,10802
4,26,*,*,13,*,*,*,Male,*,<=50K,10803
4,20,*,*,10,*,*,*,Male,*,<=50K,10804
4,25,*,*,13,*,*,*,Female,*,>50K,10806
4,19,*,*,10,*,*,*,Female,*,<=50K,10807
4,18,*,*,9,*,*,*,Male,*,>50K,10808
4,19,*,*,10,*,*,*,Female,*,<=50K,10810
4,25,*,*,13,*,*,*,Female,*,<=50K,10813
4,26,*,*,13,*,*,*,Male,*,>50K,10814
4,18,*,*,9,*,*,*,Male,*,<=50K,10815
4,20,*,*,10,*,*,*,Male,*,<=50K,10816
4,21,*,*,11,*,*,*,Female,*,<=50K,10817
4,28,*,*,14,*,*,*,Male,*,>50K,10818
4,14,*,*,7,*,*,*,Male,*,<=50K,10819
4,18,*,*,9,*,*,*,Male,*,<=50K,10820
4,20,*,*,10,*,*,*,Male,*,<=50K,10822
4,26,*,*,13,*,*,*,Male,*,<=50K,10823
4,20,*,*,10,*,*,*,Male,*,<=50K,10824
4,26,*,*,13,*,*,*,Male,*,>50K,10825
4,18,*,*,9,*,*,*,Male,*,<=50K,10826
4,8,*,*,4,*,*,*,Male,*,<=50K,10827
4,18,*,*,9,*,*,*,Male,*,>50K,10828
4,17,*,*,9,*,*,*,Female,*,<=50K,10829
4,10,*,*,5,*,*,*,Male,*,<=50K,10830
4,18,*,*,9,*,*,*,Male,*,<=50K,10831
4,17,*,*,9,*,*,*,Female,*,<=50K,10832
4,26,*,*,13,*,*,*,Male,*,>50K,10834
4,26,*,*,13,*,*,*,Male,*,<=50K,10835
4,22,*,*,11,*,*,*,Male,*,<=50K,10836
4,29,*,*,15,*,*,*,Female,*,<=50K,10837
4,20,*,*,10,*,*,*,Male,*,<=50K,10840
4,18,*,*,9,*,*,*,Male,*,<=50K,10841
4,17,*,*,9,*,*,*,Female,*,<=50K,10842
4,24,*,*,12,*,*,*,Male,*,>50K,10843
4,20,*,*,10,*,*,*,Male,*,<=50K,10844
4,17,*,*,9,*,*,*,Female,*,<=50K,10845
4,25,*,*,13,*,*,*,Female,*,<=50K,10846
4,25,*,*,13,*,*,*,Female,*,<=50K,10847
4,18,*,*,9,*,*,*,Male,*,<=50K,10849
4,17,*,*,9,*,*,*,Female,*,<=50K,10850
4,18,*,*,9,*,*,*,Male,*,<=50K,10851
4,17,*,*,9,*,*,*,Female,*,<=50K,10852
4,25,*,*,13,*,*,*,Female,*,<=50K,10853
4,26,*,*,13,*,*,*,Male,*,<=50K,10855
4,20,*,*,10,*,*,*,Male,*,<=50K,10856
4,18,*,*,9,*,*,*,Male,*,<=50K,10857
4,7,*,*,4,*,*,*,Female,*,<=50K,10859
4,20,*,*,10,*,*,*,Male,*,<=50K,10861
4,27,*,*,14,*,*,*,Female,*,<=50K,10863
4,18,*,*,9,*,*,*,Male,*,<=50K,10864
4,14,*,*,7,*,*,*,Male,*,<=50K,10865
4,26,*,*,13,*,*,*,Male,*,<=50K,10867
4,29,*,*,15,*,*,*,Female,*,>50K,10868
4,20,*,*,10,*,*,*,Male,*,>50K,10869
4,26,*,*,13,*,*,*,Male,*,<=50K,10870
4,19,*,*,10,*,*,*,Female,*,<=50K,10871
4,25,*,*,13,*,*,*,Female,*,<=50K,10872
4,25,*,*,13,*,*,*,Female,*,<=50K,10873
4,17,*,*,9,*,*,*,Female,*,<=50K,10876
4,20,*,*,10,*,*,*,Male,*,>50K,10877
4,20,*,*,10,*,*,*,Male,*,<=50K,10879
4,18,*,*,9,*,*,*,Male,*,<=50K,10880
4,12,*,*,6,*,*,*,Male,*,>50K,10881
4,18,*,*,9,*,*,*,Male,*,<=50K,10882
4,18,*,*,9,*,*,*,Male,*,<=50K,10884
4,17,*,*,9,*,*,*,Female,*,<=50K,10885
4,26,*,*,13,*,*,*,Male,*,<=50K,10887
4,19,*,*,10,*,*,*,Female,*,<=50K,10889
4,14,*,*,7,*,*,*,Male,*,<=50K,10890
4,18,*,*,9,*,*,*,Male,*,>50K,10891
4,21,*,*,11,*,*,*,Female,*,<=50K,10892
4,19,*,*,10,*,*,*,Female,*,<=50K,10893
4,17,*,*,9,*,*,*,Female,*,<=50K,10894
4,21,*,*,11,*,*,*,Female,*,<=50K,10895
4,20,*,*,10,*,*,*,Male,*,<=50K,10896
4,22,*,*,11,*,*,*,Male,*,>50K,10898
4,18,*,*,9,*,*,*,Male,*,<=50K,10899
4,12,*,*,6,*,*,*,Male,*,<=50K,10900
4,26,*,*,13,*,*,*,Male,*,>50K,10901
4,12,*,*,6,*,*,*,Male,*,<=50K,10902
4,18,*,*,9,*,*,*,Male,*,<=50K,10904
4,18,*,*,9,*,*,*,Male,*,<=50K,10905
4,19,*,*,10,*,*,*,Female,*,<=50K,10906
4,12,*,*,6,*,*,*,Male,*,<=50K,10907
4,19,*,*,10,*,*,*,Female,*,<=50K,10908
4,25,*,*,13,*,*,*,Female,*,<=50K,10909
4,20,*,*,10,*,*,*,Male,*,>50K,10910
4,26,*,*,13,*,*,*,Male,*,>50K,10911
4,18,*,*,9,*,*,*,Male,*,>50K,10912
4,20,*,*,10,*,*,*,Male,*,>50K,10913
4,19,*,*,10,*,*,*,Female,*,<=50K,10914
4,22,*,*,11,*,*,*,Male,*,>50K,10917
4,25,*,*,13,*,*,*,Female,*,<=50K,10919
4,18,*,*,9,*,*,*,Male,*,<=50K,10920
4,28,*,*,14,*,*,*,Male,*,<=50K,10921
4,20,*,*,10,*,*,*,Male,*,<=50K,10922
4,18,*,*,9,*,*,*,Male,*,<=50K,10925
4,25,*,*,13,*,*,*,Female,*,<=50K,10928
4,20,*,*,10,*,*,*,Male,*,<=50K,10930
4,20,*,*,10,*,*,*,Male,*,<=50K,10931
4,17,*,*,9,*,*,*,Female,*,<=50K,10934
4,20,*,*,10,*,*,*,Male,*,<=50K,10936
4,28,*,*,14,*,*,*,Male,*,>50K,10937
4,18,*,*,9,*,*,*,Male,*,<=50K,10938
4,17,*,*,9,*,*,*,Female,*,<=50K,10939
4,25,*,*,13,*,*,*,Female,*,<=50K,10940
4,19,*,*,10,*,*,*,Female,*,<=50K,10941
4,20,*,*,10,*,*,*,Male,*,<=50K,10942
4,25,*,*,13,*,*,*,Female,*,<=50K,10945
4,25,*,*,13,*,*,*,Female,*,<=50K,10946
4,21,*,*,11,*,*,*,Female,*,<=50K,10948
4,10,*,*,5,*,*,*,Male,*,<=50K,10952
4,26,*,*,13,*,*,*,Male,*,<=50K,10953
4,20,*,*,10,*,*,*,Male,*,<=50K,10954
4,18,*,*,9,*,*,*,Male,*,<=50K,10955
4,26,*,*,13,*,*,*,Male,*,>50K,10956
4,16,*,*,8,*,*,*,Male,*,<=50K,10957
4,25,*,*,13,*,*,*,Female,*,>50K,10958
4,18,*,*,9,*,*,*,Male,*,<=50K,10959
4,18,*,*,9,*,*,*,Male,*,<=50K,10961
4,18,*,*,9,*,*,*,Male,*,>50K,10962
4,18,*,*,9,*,*,*,Male,*,<=50K,10963
4,19,*,*,10,*,*,*,Female,*,<=50K,10964
4,20,*,*,10,*,*,*,Male,*,<=50K,10965
4,19,*,*,10,*,*,*,Female,*,<=50K,10967
4,18,*,*,9,*,*,*,Male,*,<=50K,10968
4,28,*,*,14,*,*,*,Male,*,<=50K,10969
4,18,*,*,9,*,*,*,Male,*,<=50K,10970
4,18,*,*,9,*,*,*,Male,*,<=50K,10971
4,18,*,*,9,*,*,*,Male,*,<=50K,10973
4,20,*,*,10,*,*,*,Male,*,<=50K,10974
4,19,*,*,10,*,*,*,Female,*,<=50K,10975
4,18,*,*,9,*,*,*,Male,*,>50K,10976
4,19,*,*,10,*,*,*,Female,*,<=50K,10977
4,18,*,*,9,*,*,*,Male,*,<=50K,10979
4,26,*,*,13,*,*,*,Male,*,>50K,10980
4,25,*,*,13,*,*,*,Female,*,<=50K,10981
4,18,*,*,9,*,*,*,Male,*,>50K,10982
4,25,*,*,13,*,*,*,Female,*,>50K,10984
4,17,*,*,9,*,*,*,Female,*,<=50K,10986
4,20,*,*,10,*,*,*,Male,*,<=50K,10987
4,20,*,*,10,*,*,*,Male,*,<=50K,10988
4,28,*,*,14,*,*,*,Male,*,<=50K,10989
4,18,*,*,9,*,*,*,Male,*,<=50K,10990
4,26,*,*,13,*,*,*,Male,*,>50K,10991
4,17,*,*,9,*,*,*,Female,*,<=50K,10993
4,18,*,*,9,*,*,*,Male,*,>50K,10994
4,2,*,*,1,*,*,*,Male,*,<=50K,10995
4,18,*,*,9,*,*,*,Male,*,<=50K,10996
4,10,*,*,5,*,*,*,Male,*,<=50K,10997
4,28,*,*,14,*,*,*,Male,*,>50K,10998
4,20,*,*,10,*,*,*,Male,*,<=50K,10999
4,24,*,*,12,*,*,*,Male,*,<=50K,11001
4,22,*,*,11,*,*,*,Male,*,<=50K,11002
4,17,*,*,9,*,*,*,Female,*,<=50K,11004
4,20,*,*,10,*,*,*,Male,*,<=50K,11005
4,17,*,*,9,*,*,*,Female,*,>50K,11006
4,12,*,*,6,*,*,*,Male,*,>50K,11007
4,18,*,*,9,*,*,*,Male,*,<=50K,11008
4,18,*,*,9,*,*,*,Male,*,<=50K,11009
4,18,*,*,9,*,*,*,Male,*,<=50K,11010
4,23,*,*,12,*,*,*,Female,*,<=50K,11011
4,22,*,*,11,*,*,*,Male,*,>50K,11012
4,17,*,*,9,*,*,*,Female,*,>50K,11013
4,20,*,*,10,*,*,*,Male,*,<=50K,11014
4,25,*,*,13,*,*,*,Female,*,<=50K,11015
4,18,*,*,9,*,*,*,Male,*,<=50K,11016
4,25,*,*,13,*,*,*,Female,*,<=50K,11017
4,32,*,*,16,*,*,*,Male,*,>50K,11018
4,17,*,*,9,*,*,*,Female,*,<=50K,11019
4,11,*,*,6,*,*,*,Female,*,<=50K,11020
4,23,*,*,12,*,*,*,Female,*,<=50K,11021
4,18,*,*,9,*,*,*,Male,*,<=50K,11022
4,18,*,*,9,*,*,*,Male,*,>50K,11023
4,20,*,*,10,*,*,*,Male,*,<=50K,11024
4,20,*,*,10,*,*,*,Male,*,<=50K,11025
4,8,*,*,4,*,*,*,Male,*,<=50K,11026
4,30,*,*,15,*,*,*,Male,*,<=50K,11028
4,18,*,*,9,*,*,*,Male,*,<=50K,11029
4,17,*,*,9,*,*,*,Female,*,>50K,11030
4,18,*,*,9,*,*,*,Male,*,>50K,11031
4,18,*,*,9,*,*,*,Male,*,>50K,11032
4,20,*,*,10,*,*,*,Male,*,<=50K,11033
4,18,*,*,9,*,*,*,Male,*,>50K,11034
4,25,*,*,13,*,*,*,Female,*,<=50K,11035
4,27,*,*,14,*,*,*,Female,*,<=50K,11036
4,26,*,*,13,*,*,*,Male,*,>50K,11037
4,19,*,*,10,*,*,*,Female,*,<=50K,11039
4,25,*,*,13,*,*,*,Female,*,<=50K,11040
4,14,*,*,7,*,*,*,Male,*,<=50K,11041
4,18,*,*,9,*,*,*,Male,*,<=50K,11043
4,20,*,*,10,*,*,*,Male,*,<=50K,11044
4,17,*,*,9,*,*,*,Female,*,<=50K,11045
4,23,*,*,12,*,*,*,Female,*,<=50K,11046
4,20,*,*,10,*,*,*,Male,*,<=50K,11047
4,19,*,*,10,*,*,*,Female,*,<=50K,11048
4,19,*,*,10,*,*,*,Female,*,<=50K,11049
4,18,*,*,9,*,*,*,Male,*,<=50K,11050
4,20,*,*,10,*,*,*,Male,*,<=50K,11053
4,11,*,*,6,*,*,*,Female,*,<=50K,11055
4,26,*,*,13,*,*,*,Male,*,>50K,11057
4,26,*,*,13,*,*,*,Male,*,<=50K,11058
4,19,*,*,10,*,*,*,Female,*,<=50K,11061
4,28,*,*,14,*,*,*,Male,*,>50K,11062
4,26,*,*,13,*,*,*,Male,*,>50K,11064
4,17,*,*,9,*,*,*,Female,*,<=50K,11065
4,24,*,*,12,*,*,*,Male,*,<=50K,11066
4,14,*,*,7,*,*,*,Male,*,<=50K,11067
4,18,*,*,9,*,*,*,Male,*,<=50K,11068
4,18,*,*,9,*,*,*,Male,*,>50K,11069
4,18,*,*,9,*,*,*,Male,*,<=50K,11070
4,19,*,*,10,*,*,*,Female,*,<=50K,11072
4,18,*,*,9,*,*,*,Male,*,<=50K,11073
4,17,*,*,9,*,*,*,Female,*,<=50K,11074
4,18,*,*,9,*,*,*,Male,*,<=50K,11075
4,26,*,*,13,*,*,*,Male,*,>50K,11076
4,8,*,*,4,*,*,*,Male,*,<=50K,11078
4,28,*,*,14,*,*,*,Male,*,<=50K,11079
4,5,*,*,3,*,*,*,Female,*,<=50K,11080
4,28,*,*,14,*,*,*,Male,*,>50K,11081
4,4,*,*,2,*,*,*,Male,*,<=50K,11082
4,8,*,*,4,*,*,*,Male,*,<=50K,11084
4,18,*,*,9,*,*,*,Male,*,<=50K,11086
4,19,*,*,10,*,*,*,Female,*,<=50K,11087
4,11,*,*,6,*,*,*,Female,*,<=50K,11089
4,26,*,*,13,*,*,*,Male,*,<=50K,11091
4,26,*,*,13,*,*,*,Male,*,<=50K,11092
4,11,*,*,6,*,*,*,Female,*,<=50K,11095
4,18,*,*,9,*,*,*,Male,*,<=50K,11096
4,19,*,*,10,*,*,*,Female,*,<=50K,11097
4,18,*,*,9,*,*,*,Male,*,<=50K,11098
4,19,*,*,10,*,*,*,Female,*,<=50K,11099
4,17,*,*,9,*,*,*,Female,*,<=50K,11100
4,32,*,*,16,*,*,*,Male,*,>50K,11102
4,26,*,*,13,*,*,*,Male,*,>50K,11103
4,20,*,*,10,*,*,*,Male,*,<=50K,11104
4,18,*,*,9,*,*,*,Male,*,<=50K,11105
4,20,*,*,10,*,*,*,Male,*,>50K,11106
4,19,*,*,10,*,*,*,Female,*,<=50K,11107
4,18,*,*,9,*,*,*,Male,*,<=50K,11108
4,20,*,*,10,*,*,*,Male,*,>50K,11109
4,26,*,*,13,*,*,*,Male,*,>50K,11110
4,26,*,*,13,*,*,*,Male,*,<=50K,11111
4,25,*,*,13,*,*,*,Female,*,<=50K,11112
4,18,*,*,9,*,*,*,Male,*,<=50K,11114
4,18,*,*,9,*,*,*,Male,*,<=50K,11115
4,18,*,*,9,*,*,*,Male,*,<=50K,11116
4,26,*,*,13,*,*,*,Male,*,<=50K,11119
4,18,*,*,9,*,*,*,Male,*,<=50K,11120
4,19,*,*,10,*,*,*,Female,*,<=50K,11121
4,20,*,*,10,*,*,*,Male,*,<=50K,11122
4,8,*,*,4,*,*,*,Male,*,<=50K,11123
4,20,*,*,10,*,*,*,Male,*,<=50K,11124
4,20,*,*,10,*,*,*,Male,*,<=50K,11125
4,20,*,*,10,*,*,*,Male,*,>50K,11126
4,24,*,*,12,*,*,*,Male,*,>50K,11129
4,21,*,*,11,*,*,*,Female,*,<=50K,11130
4,18,*,*,9,*,*,*,Male,*,<=50K,11131
4,17,*,*,9,*,*,*,Female,*,<=50K,11132
4,18,*,*,9,*,*,*,Male,*,<=50K,11135
4,7,*,*,4,*,*,*,Female,*,<=50K,11136
4,25,*,*,13,*,*,*,Female,*,<=50K,11138
4,19,*,*,10,*,*,*,Female,*,<=50K,11139
4,18,*,*,9,*,*,*,Male,*,>50K,11140
4,26,*,*,13,*,*,*,Male,*,<=50K,11141
4,19,*,*,10,*,*,*,Female,*,<=50K,11146
4,17,*,*,9,*,*,*,Female,*,<=50K,11149
4,26,*,*,13,*,*,*,Male,*,>50K,11150
4,10,*,*,5,*,*,*,Male,*,<=50K,11151
4,20,*,*,10,*,*,*,Male,*,<=50K,11152
4,20,*,*,10,*,*,*,Male,*,<=50K,11153
4,22,*,*,11,*,*,*,Male,*,<=50K,11154
4,17,*,*,9,*,*,*,Female,*,>50K,11155
4,17,*,*,9,*,*,*,Female,*,<=50K,11156
4,18,*,*,9,*,*,*,Male,*,>50K,11157
4,6,*,*,3,*,*,*,Male,*,<=50K,11160
4,29,*,*,15,*,*,*,Female,*,>50K,11161
4,14,*,*,7,*,*,*,Male,*,<=50K,11162
4,20,*,*,10,*,*,*,Male,*,<=50K,11166
4,18,*,*,9,*,*,*,Male,*,<=50K,11168
4,20,*,*,10,*,*,*,Male,*,<=50K,11169
4,22,*,*,11,*,*,*,Male,*,<=50K,11170
4,20,*,*,10,*,*,*,Male,*,>50K,11171
4,6,*,*,3,*,*,*,Male,*,<=50K,11172
4,13,*,*,7,*,*,*,Female,*,<=50K,11173
4,18,*,*,9,*,*,*,Male,*,<=50K,11175
4,23,*,*,12,*,*,*,Female,*,<=50K,11178
4,20,*,*,10,*,*,*,Male,*,>50K,11179
4,12,*,*,6,*,*,*,Male,*,<=50K,11181
4,18,*,*,9,*,*,*,Male,*,<=50K,11182
4,26,*,*,13,*,*,*,Male,*,>50K,11183
4,32,*,*,16,*,*,*,Male,*,<=50K,11184
4,19,*,*,10,*,*,*,Female,*,<=50K,11185
4,18,*,*,9,*,*,*,Male,*,<=50K,11186
4,19,*,*,10,*,*,*,Female,*,<=50K,11187
4,18,*,*,9,*,*,*,Male,*,>50K,11188
4,19,*,*,10,*,*,*,Female,*,>50K,11189
4,4,*,*,2,*,*,*,Male,*,<=50K,11190
4,8,*,*,4,*,*,*,Male,*,<=50K,11191
4,20,*,*,10,*,*,*,Male,*,<=50K,11192
4,18,*,*,9,*,*,*,Male,*,>50K,11194
4,20,*,*,10,*,*,*,Male,*,>50K,11195
4,18,*,*,9,*,*,*,Male,*,>50K,11196
4,14,*,*,7,*,*,*,Male,*,<=50K,11197
4,20,*,*,10,*,*,*,Male,*,<=50K,11199
4,18,*,*,9,*,*,*,Male,*,>50K,11201
4,20,*,*,10,*,*,*,Male,*,>50K,11203
4,17,*,*,9,*,*,*,Female,*,<=50K,11204
4,12,*,*,6,*,*,*,Male,*,<=50K,11205
4,20,*,*,10,*,*,*,Male,*,<=50K,11207
4,18,*,*,9,*,*,*,Male,*,>50K,11208
4,17,*,*,9,*,*,*,Female,*,<=50K,11209
4,17,*,*,9,*,*,*,Female,*,<=50K,11210
4,19,*,*,10,*,*,*,Female,*,<=50K,11211
4,22,*,*,11,*,*,*,Male,*,<=50K,11212
4,25,*,*,13,*,*,*,Female,*,<=50K,11213
4,21,*,*,11,*,*,*,Female,*,<=50K,11215
4,17,*,*,9,*,*,*,Female,*,<=50K,11217
4,18,*,*,9,*,*,*,Male,*,>50K,11218
4,26,*,*,13,*,*,*,Male,*,<=50K,11219
4,17,*,*,9,*,*,*,Female,*,<=50K,11220
4,17,*,*,9,*,*,*,Female,*,<=50K,11221
4,18,*,*,9,*,*,*,Male,*,<=50K,11222
4,25,*,*,13,*,*,*,Female,*,<=50K,11223
4,10,*,*,5,*,*,*,Male,*,<=50K,11224
4,26,*,*,13,*,*,*,Male,*,<=50K,11225
4,19,*,*,10,*,*,*,Female,*,<=50K,11226
4,17,*,*,9,*,*,*,Female,*,<=50K,11227
4,26,*,*,13,*,*,*,Male,*,>50K,11228
4,30,*,*,15,*,*,*,Male,*,<=50K,11229
4,18,*,*,9,*,*,*,Male,*,<=50K,11230
4,22,*,*,11,*,*,*,Male,*,>50K,11231
4,15,*,*,8,*,*,*,Female,*,<=50K,11234
4,26,*,*,13,*,*,*,Male,*,>50K,11235
4,18,*,*,9,*,*,*,Male,*,<=50K,11236
4,19,*,*,10,*,*,*,Female,*,<=50K,11237
4,22,*,*,11,*,*,*,Male,*,<=50K,11238
4,21,*,*,11,*,*,*,Female,*,<=50K,11240
4,19,*,*,10,*,*,*,Female,*,<=50K,11241
4,26,*,*,13,*,*,*,Male,*,>50K,11243
4,12,*,*,6,*,*,*,Male,*,<=50K,11244
4,22,*,*,11,*,*,*,Male,*,<=50K,11245
4,18,*,*,9,*,*,*,Male,*,<=50K,11247
4,26,*,*,13,*,*,*,Male,*,>50K,11248
4,22,*,*,11,*,*,*,Male,*,<=50K,11249
4,18,*,*,9,*,*,*,Male,*,<=50K,11250
4,18,*,*,9,*,*,*,Male,*,<=50K,11251
4,11,*,*,6,*,*,*,Female,*,<=50K,11253
4,28,*,*,14,*,*,*,Male,*,>50K,11254
4,18,*,*,9,*,*,*,Male,*,<=50K,11255
4,20,*,*,10,*,*,*,Male,*,>50K,11256
4,12,*,*,6,*,*,*,Male,*,<=50K,11257
4,20,*,*,10,*,*,*,Male,*,<=50K,11258
4,14,*,*,7,*,*,*,Male,*,<=50K,11259
4,27,*,*,14,*,*,*,Female,*,<=50K,11260
4,26,*,*,13,*,*,*,Male,*,<=50K,11261
4,12,*,*,6,*,*,*,Male,*,<=50K,11262
4,18,*,*,9,*,*,*,Male,*,<=50K,11263
4,23,*,*,12,*,*,*,Female,*,>50K,11264
4,19,*,*,10,*,*,*,Female,*,<=50K,11266
4,26,*,*,13,*,*,*,Male,*,<=50K,11267
4,28,*,*,14,*,*,*,Male,*,>50K,11268
4,25,*,*,13,*,*,*,Female,*,<=50K,11271
4,20,*,*,10,*,*,*,Male,*,<=50K,11272
4,20,*,*,10,*,*,*,Male,*,<=50K,11273
4,20,*,*,10,*,*,*,Male,*,>50K,11274
4,20,*,*,10,*,*,*,Male,*,<=50K,11275
4,18,*,*,9,*,*,*,Male,*,<=50K,11276
4,19,*,*,10,*,*,*,Female,*,<=50K,11277
4,12,*,*,6,*,*,*,Male,*,<=50K,11278
4,27,*,*,14,*,*,*,Female,*,<=50K,11279
4,18,*,*,9,*,*,*,Male,*,<=50K,11280
4,14,*,*,7,*,*,*,Male,*,<=50K,11281
4,17,*,*,9,*,*,*,Female,*,<=50K,11282
4,26,*,*,13,*,*,*,Male,*,>50K,11283
4,20,*,*,10,*,*,*,Male,*,<=50K,11285
4,17,*,*,9,*,*,*,Female,*,<=50K,11287
4,28,*,*,14,*,*,*,Male,*,>50K,11288
4,28,*,*,14,*,*,*,Male,*,>50K,11289
4,20,*,*,10,*,*,*,Male,*,<=50K,11290
4,19,*,*,10,*,*,*,Female,*,<=50K,11291
4,18,*,*,9,*,*,*,Male,*,>50K,11292
4,21,*,*,11,*,*,*,Female,*,<=50K,11295
4,28,*,*,14,*,*,*,Male,*,>50K,11298
4,18,*,*,9,*,*,*,Male,*,>50K,11299
4,18,*,*,9,*,*,*,Male,*,<=50K,11300
4,17,*,*,9,*,*,*,Female,*,<=50K,11301
4,18,*,*,9,*,*,*,Male,*,<=50K,11302
4,19,*,*,10,*,*,*,Female,*,<=50K,11303
4,17,*,*,9,*,*,*,Female,*,<=50K,11304
4,18,*,*,9,*,*,*,Male,*,<=50K,11306
4,19,*,*,10,*,*,*,Female,*,<=50K,11307
4,25,*,*,13,*,*,*,Female,*,<=50K,11308
4,27,*,*,14,*,*,*,Female,*,<=50K,11309
4,22,*,*,11,*,*,*,Male,*,<=50K,11311
4,19,*,*,10,*,*,*,Female,*,>50K,11312
4,20,*,*,10,*,*,*,Male,*,<=50K,11313
4,19,*,*,10,*,*,*,Female,*,<=50K,11314
4,20,*,*,10,*,*,*,Male,*,<=50K,11315
4,19,*,*,10,*,*,*,Female,*,<=50K,11316
4,13,*,*,7,*,*,*,Female,*,<=50K,11317
4,19,*,*,10,*,*,*,Female,*,<=50K,11318
4,22,*,*,11,*,*,*,Male,*,>50K,11319
4,26,*,*,13,*,*,*,Male,*,>50K,11320
4,18,*,*,9,*,*,*,Male,*,>50K,11321
4,27,*,*,14,*,*,*,Female,*,<=50K,11322
4,20,*,*,10,*,*,*,Male,*,>50K,11323
4,14,*,*,7,*,*,*,Male,*,<=50K,11324
4,22,*,*,11,*,*,*,Male,*,<=50K,11325
4,18,*,*,9,*,*,*,Male,*,<=50K,11326
4,20,*,*,10,*,*,*,Male,*,>50K,11329
4,20,*,*,10,*,*,*,Male,*,<=50K,11331
4,20,*,*,10,*,*,*,Male,*,<=50K,11332
4,32,*,*,16,*,*,*,Male,*,>50K,11333
4,26,*,*,13,*,*,*,Male,*,<=50K,11334
4,18,*,*,9,*,*,*,Male,*,<=50K,11335
4,30,*,*,15,*,*,*,Male,*,>50K,11336
4,25,*,*,13,*,*,*,Female,*,<=50K,11338
4,23,*,*,12,*,*,*,Female,*,<=50K,11340
4,26,*,*,13,*,*,*,Male,*,>50K,11341
4,18,*,*,9,*,*,*,Male,*,>50K,11342
4,17,*,*,9,*,*,*,Female,*,<=50K,11344
4,18,*,*,9,*,*,*,Male,*,<=50K,11345
4,17,*,*,9,*,*,*,Female,*,<=50K,11346
4,18,*,*,9,*,*,*,Male,*,>50K,11349
4,26,*,*,13,*,*,*,Male,*,>50K,11352
4,17,*,*,9,*,*,*,Female,*,<=50K,11353
4,14,*,*,7,*,*,*,Male,*,<=50K,11355
4,18,*,*,9,*,*,*,Male,*,<=50K,11357
4,14,*,*,7,*,*,*,Male,*,<=50K,11358
4,17,*,*,9,*,*,*,Female,*,<=50K,11359
4,11,*,*,6,*,*,*,Female,*,<=50K,11361
4,8,*,*,4,*,*,*,Male,*,<=50K,11362
4,25,*,*,13,*,*,*,Female,*,<=50K,11365
4,20,*,*,10,*,*,*,Male,*,<=50K,11366
4,17,*,*,9,*,*,*,Female,*,<=50K,11367
4,17,*,*,9,*,*,*,Female,*,<=50K,11368
4,18,*,*,9,*,*,*,Male,*,>50K,11369
4,19,*,*,10,*,*,*,Female,*,<=50K,11370
4,18,*,*,9,*,*,*,Male,*,<=50K,11371
4,17,*,*,9,*,*,*,Female,*,<=50K,11373
4,18,*,*,9,*,*,*,Male,*,<=50K,11374
4,26,*,*,13,*,*,*,Male,*,<=50K,11375
4,18,*,*,9,*,*,*,Male,*,<=50K,11379
4,18,*,*,9,*,*,*,Male,*,<=50K,11380
4,18,*,*,9,*,*,*,Male,*,<=50K,11383
4,11,*,*,6,*,*,*,Female,*,<=50K,11384
4,28,*,*,14,*,*,*,Male,*,<=50K,11386
4,16,*,*,8,*,*,*,Male,*,<=50K,11387
4,18,*,*,9,*,*,*,Male,*,>50K,11388
4,18,*,*,9,*,*,*,Male,*,<=50K,11389
4,14,*,*,7,*,*,*,Male,*,<=50K,11390
4,20,*,*,10,*,*,*,Male,*,>50K,11391
4,18,*,*,9,*,*,*,Male,*,<=50K,11394
4,19,*,*,10,*,*,*,Female,*,<=50K,11395
4,26,*,*,13,*,*,*,Male,*,>50K,11396
4,26,*,*,13,*,*,*,Male,*,>50K,11397
4,28,*,*,14,*,*,*,Male,*,<=50K,11398
4,25,*,*,13,*,*,*,Female,*,<=50K,11399
4,25,*,*,13,*,*,*,Female,*,<=50K,11400
4,20,*,*,10,*,*,*,Male,*,<=50K,11401
4,7,*,*,4,*,*,*,Female,*,<=50K,11402
4,18,*,*,9,*,*,*,Male,*,<=50K,11403
4,12,*,*,6,*,*,*,Male,*,<=50K,11404
4,20,*,*,10,*,*,*,Male,*,<=50K,11405
4,17,*,*,9,*,*,*,Female,*,<=50K,11407
4,18,*,*,9,*,*,*,Male,*,<=50K,11409
4,23,*,*,12,*,*,*,Female,*,<=50K,11410
4,17,*,*,9,*,*,*,Female,*,<=50K,11411
4,17,*,*,9,*,*,*,Female,*,<=50K,11412
4,26,*,*,13,*,*,*,Male,*,<=50K,11413
4,26,*,*,13,*,*,*,Male,*,<=50K,11416
4,26,*,*,13,*,*,*,Male,*,<=50K,11417
4,17,*,*,9,*,*,*,Female,*,<=50K,11418
4,18,*,*,9,*,*,*,Male,*,<=50K,11423
4,20,*,*,10,*,*,*,Male,*,<=50K,11424
4,26,*,*,13,*,*,*,Male,*,<=50K,11425
4,20,*,*,10,*,*,*,Male,*,<=50K,11426
4,18,*,*,9,*,*,*,Male,*,>50K,11427
4,20,*,*,10,*,*,*,Male,*,<=50K,11428
4,23,*,*,12,*,*,*,Female,*,<=50K,11429
4,12,*,*,6,*,*,*,Male,*,<=50K,11431
4,28,*,*,14,*,*,*,Male,*,<=50K,11433
4,18,*,*,9,*,*,*,Male,*,<=50K,11434
4,26,*,*,13,*,*,*,Male,*,<=50K,11437
4,26,*,*,13,*,*,*,Male,*,<=50K,11438
4,20,*,*,10,*,*,*,Male,*,<=50K,11439
4,22,*,*,11,*,*,*,Male,*,<=50K,11440
4,19,*,*,10,*,*,*,Female,*,<=50K,11441
4,32,*,*,16,*,*,*,Male,*,>50K,11442
4,19,*,*,10,*,*,*,Female,*,<=50K,11443
4,26,*,*,13,*,*,*,Male,*,>50K,11444
4,10,*,*,5,*,*,*,Male,*,<=50K,11445
4,17,*,*,9,*,*,*,Female,*,<=50K,11446
4,22,*,*,11,*,*,*,Male,*,<=50K,11448
4,20,*,*,10,*,*,*,Male,*,<=50K,11450
4,19,*,*,10,*,*,*,Female,*,<=50K,11452
4,20,*,*,10,*,*,*,Male,*,<=50K,11453
4,20,*,*,10,*,*,*,Male,*,<=50K,11454
4,28,*,*,14,*,*,*,Male,*,>50K,11456
4,20,*,*,10,*,*,*,Male,*,<=50K,11457
4,19,*,*,10,*,*,*,Female,*,>50K,11458
4,19,*,*,10,*,*,*,Female,*,<=50K,11459
4,21,*,*,11,*,*,*,Female,*,<=50K,11460
4,32,*,*,16,*,*,*,Male,*,>50K,11461
4,28,*,*,14,*,*,*,Male,*,<=50K,11462
4,18,*,*,9,*,*,*,Male,*,<=50K,11463
4,18,*,*,9,*,*,*,Male,*,<=50K,11465
4,18,*,*,9,*,*,*,Male,*,<=50K,11466
4,17,*,*,9,*,*,*,Female,*,<=50K,11467
4,18,*,*,9,*,*,*,Male,*,<=50K,11468
4,18,*,*,9,*,*,*,Male,*,<=50K,11469
4,18,*,*,9,*,*,*,Male,*,<=50K,11470
4,18,*,*,9,*,*,*,Male,*,>50K,11471
4,18,*,*,9,*,*,*,Male,*,<=50K,11472
4,17,*,*,9,*,*,*,Female,*,<=50K,11473
4,16,*,*,8,*,*,*,Male,*,<=50K,11475
4,18,*,*,9,*,*,*,Male,*,<=50K,11476
4,26,*,*,13,*,*,*,Male,*,>50K,11477
4,26,*,*,13,*,*,*,Male,*,<=50K,11478
4,14,*,*,7,*,*,*,Male,*,<=50K,11479
4,18,*,*,9,*,*,*,Male,*,<=50K,11480
4,19,*,*,10,*,*,*,Female,*,<=50K,11481
4,19,*,*,10,*,*,*,Female,*,<=50K,11483
4,18,*,*,9,*,*,*,Male,*,<=50K,11484
4,18,*,*,9,*,*,*,Male,*,<=50K,11485
4,23,*,*,12,*,*,*,Female,*,<=50K,11487
4,18,*,*,9,*,*,*,Male,*,<=50K,11488
4,18,*,*,9,*,*,*,Male,*,<=50K,11490
4,18,*,*,9,*,*,*,Male,*,<=50K,11492
4,6,*,*,3,*,*,*,Male,*,<=50K,11493
4,20,*,*,10,*,*,*,Male,*,<=50K,11494
4,28,*,*,14,*,*,*,Male,*,>50K,11495
4,18,*,*,9,*,*,*,Male,*,>50K,11496
4,13,*,*,7,*,*,*,Female,*,<=50K,11497
4,17,*,*,9,*,*,*,Female,*,<=50K,11498
4,18,*,*,9,*,*,*,Male,*,<=50K,11499
4,8,*,*,4,*,*,*,Male,*,<=50K,11501
4,27,*,*,14,*,*,*,Female,*,<=50K,11502
4,18,*,*,9,*,*,*,Male,*,<=50K,11503
4,18,*,*,9,*,*,*,Male,*,<=50K,11504
4,20,*,*,10,*,*,*,Male,*,<=50K,11505
4,10,*,*,5,*,*,*,Male,*,<=50K,11506
4,18,*,*,9,*,*,*,Male,*,<=50K,11507
4,18,*,*,9,*,*,*,Male,*,<=50K,11508
4,19,*,*,10,*,*,*,Female,*,<=50K,11510
4,24,*,*,12,*,*,*,Male,*,<=50K,11511
4,20,*,*,10,*,*,*,Male,*,<=50K,11512
4,30,*,*,15,*,*,*,Male,*,<=50K,11513
4,26,*,*,13,*,*,*,Male,*,>50K,11514
4,18,*,*,9,*,*,*,Male,*,<=50K,11515
4,25,*,*,13,*,*,*,Female,*,<=50K,11516
4,18,*,*,9,*,*,*,Male,*,<=50K,11517
4,17,*,*,9,*,*,*,Female,*,<=50K,11518
4,25,*,*,13,*,*,*,Female,*,>50K,11519
4,18,*,*,9,*,*,*,Male,*,<=50K,11520
4,19,*,*,10,*,*,*,Female,*,<=50K,11521
4,26,*,*,13,*,*,*,Male,*,>50K,11522
4,8,*,*,4,*,*,*,Male,*,<=50K,11523
4,18,*,*,9,*,*,*,Male,*,<=50K,11524
4,18,*,*,9,*,*,*,Male,*,<=50K,11525
4,26,*,*,13,*,*,*,Male,*,<=50K,11526
4,20,*,*,10,*,*,*,Male,*,<=50K,11527
4,20,*,*,10,*,*,*,Male,*,<=50K,11531
4,18,*,*,9,*,*,*,Male,*,<=50K,11532
4,18,*,*,9,*,*,*,Male,*,<=50K,11533
4,26,*,*,13,*,*,*,Male,*,<=50K,11534
4,17,*,*,9,*,*,*,Female,*,<=50K,11535
4,28,*,*,14,*,*,*,Male,*,<=50K,11536
4,18,*,*,9,*,*,*,Male,*,<=50K,11537
4,14,*,*,7,*,*,*,Male,*,<=50K,11538
4,17,*,*,9,*,*,*,Female,*,<=50K,11539
4,6,*,*,3,*,*,*,Male,*,<=50K,11540
4,17,*,*,9,*,*,*,Female,*,<=50K,11541
4,17,*,*,9,*,*,*,Female,*,<=50K,11542
4,20,*,*,10,*,*,*,Male,*,>50K,11543
4,18,*,*,9,*,*,*,Male,*,<=50K,11544
4,18,*,*,9,*,*,*,Male,*,<=50K,11545
4,28,*,*,14,*,*,*,Male,*,>50K,11546
4,18,*,*,9,*,*,*,Male,*,<=50K,11547
4,19,*,*,10,*,*,*,Female,*,<=50K,11549
4,18,*,*,9,*,*,*,Male,*,<=50K,11550
4,20,*,*,10,*,*,*,Male,*,<=50K,11551
4,20,*,*,10,*,*,*,Male,*,<=50K,11553
4,20,*,*,10,*,*,*,Male,*,<=50K,11554
4,20,*,*,10,*,*,*,Male,*,<=50K,11555
4,18,*,*,9,*,*,*,Male,*,>50K,11557
4,20,*,*,10,*,*,*,Male,*,<=50K,11559
4,25,*,*,13,*,*,*,Female,*,>50K,11560
4,20,*,*,10,*,*,*,Male,*,<=50K,11563
4,25,*,*,13,*,*,*,Female,*,<=50K,11564
4,19,*,*,10,*,*,*,Female,*,<=50K,11565
4,20,*,*,10,*,*,*,Male,*,<=50K,11566
4,18,*,*,9,*,*,*,Male,*,<=50K,11567
4,18,*,*,9,*,*,*,Male,*,<=50K,11568
4,20,*,*,10,*,*,*,Male,*,<=50K,11570
4,14,*,*,7,*,*,*,Male,*,<=50K,11571
4,18,*,*,9,*,*,*,Male,*,<=50K,11573
4,26,*,*,13,*,*,*,Male,*,<=50K,11575
4,20,*,*,10,*,*,*,Male,*,<=50K,11576
4,18,*,*,9,*,*,*,Male,*,<=50K,11577
4,20,*,*,10,*,*,*,Male,*,>50K,11580
4,20,*,*,10,*,*,*,Male,*,<=50K,11582
4,13,*,*,7,*,*,*,Female,*,<=50K,11583
4,20,*,*,10,*,*,*,Male,*,<=50K,11586
4,26,*,*,13,*,*,*,Male,*,>50K,11587
4,18,*,*,9,*,*,*,Male,*,>50K,11589
4,18,*,*,9,*,*,*,Male,*,<=50K,11590
4,20,*,*,10,*,*,*,Male,*,<=50K,11591
4,17,*,*,9,*,*,*,Female,*,<=50K,11592
4,13,*,*,7,*,*,*,Female,*,<=50K,11593
4,20,*,*,10,*,*,*,Male,*,<=50K,11594
4,19,*,*,10,*,*,*,Female,*,<=50K,11595
4,20,*,*,10,*,*,*,Male,*,<=50K,11596
4,27,*,*,14,*,*,*,Female,*,<=50K,11597
4,18,*,*,9,*,*,*,Male,*,>50K,11598
4,25,*,*,13,*,*,*,Female,*,<=50K,11599
4,27,*,*,14,*,*,*,Female,*,<=50K,11600
4,26,*,*,13,*,*,*,Male,*,<=50K,11601
4,17,*,*,9,*,*,*,Female,*,>50K,11602
4,17,*,*,9,*,*,*,Female,*,<=50K,11603
4,28,*,*,14,*,*,*,Male,*,>50K,11604
4,18,*,*,9,*,*,*,Male,*,<=50K,11605
4,17,*,*,9,*,*,*,Female,*,<=50K,11606
4,24,*,*,12,*,*,*,Male,*,<=50K,11607
4,18,*,*,9,*,*,*,Male,*,<=50K,11609
4,28,*,*,14,*,*,*,Male,*,>50K,11610
4,19,*,*,10,*,*,*,Female,*,<=50K,11611
4,19,*,*,10,*,*,*,Female,*,<=50K,11612
4,28,*,*,14,*,*,*,Male,*,<=50K,11613
4,19,*,*,10,*,*,*,Female,*,<=50K,11615
4,18,*,*,9,*,*,*,Male,*,<=50K,11616
4,19,*,*,10,*,*,*,Female,*,<=50K,11617
4,19,*,*,10,*,*,*,Female,*,<=50K,11619
4,20,*,*,10,*,*,*,Male,*,<=50K,11622
4,17,*,*,9,*,*,*,Female,*,<=50K,11623
4,24,*,*,12,*,*,*,Male,*,>50K,11625
4,21,*,*,11,*,*,*,Female,*,<=50K,11630
4,20,*,*,10,*,*,*,Male,*,<=50K,11631
4,19,*,*,10,*,*,*,Female,*,>50K,11633
4,20,*,*,10,*,*,*,Male,*,<=50K,11634
4,26,*,*,13,*,*,*,Male,*,<=50K,11637
4,20,*,*,10,*,*,*,Male,*,<=50K,11638
4,18,*,*,9,*,*,*,Male,*,>50K,11640
4,25,*,*,13,*,*,*,Female,*,<=50K,11643
4,19,*,*,10,*,*,*,Female,*,<=50K,11644
4,13,*,*,7,*,*,*,Female,*,<=50K,11645
4,14,*,*,7,*,*,*,Male,*,<=50K,11647
4,11,*,*,6,*,*,*,Female,*,<=50K,11648
4,17,*,*,9,*,*,*,Female,*,<=50K,11649
4,27,*,*,14,*,*,*,Female,*,<=50K,11651
4,19,*,*,10,*,*,*,Female,*,<=50K,11652
4,24,*,*,12,*,*,*,Male,*,<=50K,11653
4,19,*,*,10,*,*,*,Female,*,<=50K,11654
4,11,*,*,6,*,*,*,Female,*,<=50K,11655
4,20,*,*,10,*,*,*,Male,*,<=50K,11656
4,17,*,*,9,*,*,*,Female,*,<=50K,11657
4,27,*,*,14,*,*,*,Female,*,>50K,11658
4,28,*,*,14,*,*,*,Male,*,>50K,11659
4,17,*,*,9,*,*,*,Female,*,<=50K,11660
4,19,*,*,10,*,*,*,Female,*,<=50K,11661
4,17,*,*,9,*,*,*,Female,*,<=50K,11662
4,20,*,*,10,*,*,*,Male,*,<=50K,11664
4,17,*,*,9,*,*,*,Female,*,<=50K,11666
4,20,*,*,10,*,*,*,Male,*,<=50K,11667
4,20,*,*,10,*,*,*,Male,*,<=50K,11668
4,18,*,*,9,*,*,*,Male,*,<=50K,11669
4,18,*,*,9,*,*,*,Male,*,<=50K,11671
4,20,*,*,10,*,*,*,Male,*,<=50K,11672
4,13,*,*,7,*,*,*,Female,*,<=50K,11673
4,17,*,*,9,*,*,*,Female,*,<=50K,11674
4,21,*,*,11,*,*,*,Female,*,<=50K,11675
4,26,*,*,13,*,*,*,Male,*,>50K,11676
4,19,*,*,10,*,*,*,Female,*,<=50K,11677
4,12,*,*,6,*,*,*,Male,*,<=50K,11678
4,26,*,*,13,*,*,*,Male,*,<=50K,11679
4,18,*,*,9,*,*,*,Male,*,<=50K,11680
4,18,*,*,9,*,*,*,Male,*,<=50K,11682
4,20,*,*,10,*,*,*,Male,*,>50K,11683
4,19,*,*,10,*,*,*,Female,*,<=50K,11684
4,25,*,*,13,*,*,*,Female,*,<=50K,11686
4,17,*,*,9,*,*,*,Female,*,<=50K,11688
4,28,*,*,14,*,*,*,Male,*,>50K,11689
4,18,*,*,9,*,*,*,Male,*,<=50K,11690
4,26,*,*,13,*,*,*,Male,*,<=50K,11691
4,7,*,*,4,*,*,*,Female,*,<=50K,11692
4,17,*,*,9,*,*,*,Female,*,<=50K,11693
4,26,*,*,13,*,*,*,Male,*,<=50K,11694
4,18,*,*,9,*,*,*,Male,*,<=50K,11695
4,12,*,*,6,*,*,*,Male,*,<=50K,11696
4,20,*,*,10,*,*,*,Male,*,<=50K,11699
4,18,*,*,9,*,*,*,Male,*,<=50K,11700
4,19,*,*,10,*,*,*,Female,*,<=50K,11702
4,6,*,*,3,*,*,*,Male,*,<=50K,11703
4,7,*,*,4,*,*,*,Female,*,<=50K,11704
4,24,*,*,12,*,*,*,Male,*,<=50K,11705
4,26,*,*,13,*,*,*,Male,*,>50K,11706
4,25,*,*,13,*,*,*,Female,*,<=50K,11707
4,26,*,*,13,*,*,*,Male,*,<=50K,11708
4,12,*,*,6,*,*,*,Male,*,<=50K,11710
4,20,*,*,10,*,*,*,Male,*,<=50K,11712
4,4,*,*,2,*,*,*,Male,*,<=50K,11713
4,18,*,*,9,*,*,*,Male,*,<=50K,11714
4,20,*,*,10,*,*,*,Male,*,>50K,11715
4,20,*,*,10,*,*,*,Male,*,<=50K,11717
4,30,*,*,15,*,*,*,Male,*,>50K,11718
4,16,*,*,8,*,*,*,Male,*,<=50K,11719
4,17,*,*,9,*,*,*,Female,*,<=50K,11720
4,27,*,*,14,*,*,*,Female,*,<=50K,11721
4,17,*,*,9,*,*,*,Female,*,<=50K,11724
4,20,*,*,10,*,*,*,Male,*,<=50K,11725
4,21,*,*,11,*,*,*,Female,*,<=50K,11727
4,12,*,*,6,*,*,*,Male,*,<=50K,11728
4,18,*,*,9,*,*,*,Male,*,<=50K,11729
4,18,*,*,9,*,*,*,Male,*,<=50K,11730
4,26,*,*,13,*,*,*,Male,*,<=50K,11731
4,14,*,*,7,*,*,*,Male,*,<=50K,11732
4,26,*,*,13,*,*,*,Male,*,>50K,11734
4,19,*,*,10,*,*,*,Female,*,<=50K,11735
4,20,*,*,10,*,*,*,Male,*,<=50K,11736
4,20,*,*,10,*,*,*,Male,*,>50K,11737
4,10,*,*,5,*,*,*,Male,*,<=50K,11738
4,16,*,*,8,*,*,*,Male,*,>50K,11739
4,12,*,*,6,*,*,*,Male,*,<=50K,11740
4,19,*,*,10,*,*,*,Female,*,<=50K,11743
4,18,*,*,9,*,*,*,Male,*,<=50K,11744
4,20,*,*,10,*,*,*,Male,*,<=50K,11745
4,20,*,*,10,*,*,*,Male,*,<=50K,11747
4,17,*,*,9,*,*,*,Female,*,<=50K,11748
4,22,*,*,11,*,*,*,Male,*,<=50K,11750
4,26,*,*,13,*,*,*,Male,*,<=50K,11751
4,17,*,*,9,*,*,*,Female,*,<=50K,11753
4,26,*,*,13,*,*,*,Male,*,<=50K,11754
4,25,*,*,13,*,*,*,Female,*,<=50K,11755
4,18,*,*,9,*,*,*,Male,*,<=50K,11756
4,18,*,*,9,*,*,*,Male,*,<=50K,11757
4,20,*,*,10,*,*,*,Male,*,<=50K,11758
4,25,*,*,13,*,*,*,Female,*,<=50K,11759
4,26,*,*,13,*,*,*,Male,*,>50K,11760
4,17,*,*,9,*,*,*,Female,*,<=50K,11761
4,26,*,*,13,*,*,*,Male,*,<=50K,11762
4,30,*,*,15,*,*,*,Male,*,>50K,11763
4,18,*,*,9,*,*,*,Male,*,<=50K,11764
4,27,*,*,14,*,*,*,Female,*,<=50K,11765
4,20,*,*,10,*,*,*,Male,*,<=50K,11766
4,24,*,*,12,*,*,*,Male,*,>50K,11767
4,18,*,*,9,*,*,*,Male,*,<=50K,11768
4,18,*,*,9,*,*,*,Male,*,<=50K,11769
4,12,*,*,6,*,*,*,Male,*,<=50K,11770
4,18,*,*,9,*,*,*,Male,*,<=50K,11771
4,17,*,*,9,*,*,*,Female,*,<=50K,11773
4,19,*,*,10,*,*,*,Female,*,>50K,11774
4,17,*,*,9,*,*,*,Female,*,<=50K,11775
4,28,*,*,14,*,*,*,Male,*,<=50K,11776
4,20,*,*,10,*,*,*,Male,*,>50K,11777
4,25,*,*,13,*,*,*,Female,*,<=50K,11778
4,19,*,*,10,*,*,*,Female,*,<=50K,11779
4,12,*,*,6,*,*,*,Male,*,<=50K,11780
4,18,*,*,9,*,*,*,Male,*,>50K,11781
4,18,*,*,9,*,*,*,Male,*,<=50K,11782
4,18,*,*,9,*,*,*,Male,*,<=50K,11783
4,16,*,*,8,*,*,*,Male,*,<=50K,11784
4,19,*,*,10,*,*,*,Female,*,<=50K,11785
4,14,*,*,7,*,*,*,Male,*,<=50K,11786
4,25,*,*,13,*,*,*,Female,*,<=50K,11787
4,30,*,*,15,*,*,*,Male,*,>50K,11789
4,23,*,*,12,*,*,*,Female,*,>50K,11790
4,18,*,*,9,*,*,*,Male,*,<=50K,11792
4,9,*,*,5,*,*,*,Female,*,<=50K,11793
4,4,*,*,2,*,*,*,Male,*,<=50K,11794
4,23,*,*,12,*,*,*,Female,*,<=50K,11795
4,18,*,*,9,*,*,*,Male,*,<=50K,11796
4,17,*,*,9,*,*,*,Female,*,<=50K,11798
4,30,*,*,15,*,*,*,Male,*,>50K,11799
4,20,*,*,10,*,*,*,Male,*,<=50K,11800
4,19,*,*,10,*,*,*,Female,*,<=50K,11801
4,20,*,*,10,*,*,*,Male,*,<=50K,11803
4,19,*,*,10,*,*,*,Female,*,<=50K,11804
4,24,*,*,12,*,*,*,Male,*,<=50K,11805
4,18,*,*,9,*,*,*,Male,*,>50K,11806
4,19,*,*,10,*,*,*,Female,*,<=50K,11807
4,19,*,*,10,*,*,*,Female,*,<=50K,11810
4,22,*,*,11,*,*,*,Male,*,>50K,11811
4,22,*,*,11,*,*,*,Male,*,<=50K,11812
4,20,*,*,10,*,*,*,Male,*,<=50K,11813
4,19,*,*,10,*,*,*,Female,*,<=50K,11814
4,26,*,*,13,*,*,*,Male,*,<=50K,11815
4,18,*,*,9,*,*,*,Male,*,<=50K,11818
4,26,*,*,13,*,*,*,Male,*,<=50K,11819
4,26,*,*,13,*,*,*,Male,*,>50K,11821
4,18,*,*,9,*,*,*,Male,*,<=50K,11822
4,18,*,*,9,*,*,*,Male,*,<=50K,11823
4,20,*,*,10,*,*,*,Male,*,<=50K,11824
4,20,*,*,10,*,*,*,Male,*,>50K,11825
4,20,*,*,10,*,*,*,Male,*,<=50K,11826
4,20,*,*,10,*,*,*,Male,*,>50K,11827
4,19,*,*,10,*,*,*,Female,*,<=50K,11828
4,11,*,*,6,*,*,*,Female,*,<=50K,11829
4,17,*,*,9,*,*,*,Female,*,<=50K,11830
4,17,*,*,9,*,*,*,Female,*,<=50K,11832
4,17,*,*,9,*,*,*,Female,*,<=50K,11836
4,30,*,*,15,*,*,*,Male,*,<=50K,11837
4,27,*,*,14,*,*,*,Female,*,>50K,11838
4,22,*,*,11,*,*,*,Male,*,<=50K,11839
4,18,*,*,9,*,*,*,Male,*,<=50K,11841
4,21,*,*,11,*,*,*,Female,*,<=50K,11842
4,30,*,*,15,*,*,*,Male,*,>50K,11843
4,18,*,*,9,*,*,*,Male,*,<=50K,11844
4,32,*,*,16,*,*,*,Male,*,>50K,11845
4,24,*,*,12,*,*,*,Male,*,>50K,11846
4,21,*,*,11,*,*,*,Female,*,>50K,11848
4,26,*,*,13,*,*,*,Male,*,<=50K,11849
4,27,*,*,14,*,*,*,Female,*,>50K,11850
4,19,*,*,10,*,*,*,Female,*,<=50K,11851
4,26,*,*,13,*,*,*,Male,*,>50K,11852
4,27,*,*,14,*,*,*,Female,*,>50K,11853
4,32,*,*,16,*,*,*,Male,*,>50K,11854
4,20,*,*,10,*,*,*,Male,*,<=50K,11855
4,12,*,*,6,*,*,*,Male,*,<=50K,11856
4,18,*,*,9,*,*,*,Male,*,<=50K,11858
4,26,*,*,13,*,*,*,Male,*,<=50K,11859
4,17,*,*,9,*,*,*,Female,*,<=50K,11860
4,19,*,*,10,*,*,*,Female,*,<=50K,11861
4,17,*,*,9,*,*,*,Female,*,>50K,11862
4,25,*,*,13,*,*,*,Female,*,<=50K,11863
4,3,*,*,2,*,*,*,Female,*,<=50K,11864
4,17,*,*,9,*,*,*,Female,*,<=50K,11865
4,18,*,*,9,*,*,*,Male,*,<=50K,11866
4,16,*,*,8,*,*,*,Male,*,<=50K,11868
4,18,*,*,9,*,*,*,Male,*,<=50K,11869
4,19,*,*,10,*,*,*,Female,*,<=50K,11870
4,20,*,*,10,*,*,*,Male,*,<=50K,11871
4,18,*,*,9,*,*,*,Male,*,<=50K,11873
4,13,*,*,7,*,*,*,Female,*,<=50K,11874
4,18,*,*,9,*,*,*,Male,*,>50K,11875
4,5,*,*,3,*,*,*,Female,*,<=50K,11876
4,18,*,*,9,*,*,*,Male,*,<=50K,11877
4,27,*,*,14,*,*,*,Female,*,>50K,11878
4,17,*,*,9,*,*,*,Female,*,<=50K,11879
4,30,*,*,15,*,*,*,Male,*,>50K,11880
4,26,*,*,13,*,*,*,Male,*,<=50K,11881
4,18,*,*,9,*,*,*,Male,*,<=50K,11884
4,20,*,*,10,*,*,*,Male,*,<=50K,11885
4,20,*,*,10,*,*,*,Male,*,>50K,11886
4,20,*,*,10,*,*,*,Male,*,<=50K,11887
4,19,*,*,10,*,*,*,Female,*,<=50K,11888
4,28,*,*,14,*,*,*,Male,*,>50K,11889
4,17,*,*,9,*,*,*,Female,*,>50K,11890
4,20,*,*,10,*,*,*,Male,*,<=50K,11893
4,7,*,*,4,*,*,*,Female,*,<=50K,11894
4,18,*,*,9,*,*,*,Male,*,<=50K,11895
4,19,*,*,10,*,*,*,Female,*,<=50K,11896
4,19,*,*,10,*,*,*,Female,*,<=50K,11897
4,14,*,*,7,*,*,*,Male,*,<=50K,11900
4,20,*,*,10,*,*,*,Male,*,<=50K,11903
4,20,*,*,10,*,*,*,Male,*,<=50K,11904
4,17,*,*,9,*,*,*,Female,*,<=50K,11905
4,18,*,*,9,*,*,*,Male,*,<=50K,11906
4,26,*,*,13,*,*,*,Male,*,>50K,11907
4,18,*,*,9,*,*,*,Male,*,<=50K,11908
4,22,*,*,11,*,*,*,Male,*,<=50K,11909
4,19,*,*,10,*,*,*,Female,*,<=50K,11910
4,25,*,*,13,*,*,*,Female,*,<=50K,11912
4,26,*,*,13,*,*,*,Male,*,<=50K,11913
4,24,*,*,12,*,*,*,Male,*,>50K,11914
4,18,*,*,9,*,*,*,Male,*,<=50K,11915
4,20,*,*,10,*,*,*,Male,*,>50K,11916
4,26,*,*,13,*,*,*,Male,*,>50K,11917
4,20,*,*,10,*,*,*,Male,*,<=50K,11918
4,19,*,*,10,*,*,*,Female,*,<=50K,11919
4,19,*,*,10,*,*,*,Female,*,<=50K,11921
4,20,*,*,10,*,*,*,Male,*,<=50K,11922
4,18,*,*,9,*,*,*,Male,*,<=50K,11923
4,20,*,*,10,*,*,*,Male,*,<=50K,11924
4,18,*,*,9,*,*,*,Male,*,>50K,11925
4,31,*,*,16,*,*,*,Female,*,<=50K,11926
4,17,*,*,9,*,*,*,Female,*,<=50K,11927
4,20,*,*,10,*,*,*,Male,*,<=50K,11928
4,18,*,*,9,*,*,*,Male,*,>50K,11929
4,18,*,*,9,*,*,*,Male,*,<=50K,11930
4,18,*,*,9,*,*,*,Male,*,<=50K,11931
4,18,*,*,9,*,*,*,Male,*,<=50K,11933
4,18,*,*,9,*,*,*,Male,*,<=50K,11934
4,19,*,*,10,*,*,*,Female,*,<=50K,11935
4,20,*,*,10,*,*,*,Male,*,<=50K,11938
4,17,*,*,9,*,*,*,Female,*,<=50K,11939
4,18,*,*,9,*,*,*,Male,*,<=50K,11940
4,18,*,*,9,*,*,*,Male,*,<=50K,11941
4,18,*,*,9,*,*,*,Male,*,<=50K,11942
4,18,*,*,9,*,*,*,Male,*,<=50K,11943
4,30,*,*,15,*,*,*,Male,*,>50K,11944
4,17,*,*,9,*,*,*,Female,*,>50K,11946
4,18,*,*,9,*,*,*,Male,*,<=50K,11947
4,23,*,*,12,*,*,*,Female,*,<=50K,11949
4,18,*,*,9,*,*,*,Male,*,<=50K,11951
4,18,*,*,9,*,*,*,Male,*,<=50K,11952
4,18,*,*,9,*,*,*,Male,*,<=50K,11953
4,19,*,*,10,*,*,*,Female,*,<=50K,11954
4,17,*,*,9,*,*,*,Female,*,<=50K,11956
4,18,*,*,9,*,*,*,Male,*,>50K,11957
4,18,*,*,9,*,*,*,Male,*,>50K,11958
4,17,*,*,9,*,*,*,Female,*,<=50K,11959
4,28,*,*,14,*,*,*,Male,*,<=50K,11960
4,26,*,*,13,*,*,*,Male,*,<=50K,11961
4,18,*,*,9,*,*,*,Male,*,>50K,11962
4,18,*,*,9,*,*,*,Male,*,<=50K,11963
4,26,*,*,13,*,*,*,Male,*,>50K,11965
4,19,*,*,10,*,*,*,Female,*,<=50K,11966
4,19,*,*,10,*,*,*,Female,*,<=50K,11967
4,26,*,*,13,*,*,*,Male,*,>50K,11968
4,17,*,*,9,*,*,*,Female,*,<=50K,11969
4,14,*,*,7,*,*,*,Male,*,<=50K,11970
4,18,*,*,9,*,*,*,Male,*,<=50K,11971
4,25,*,*,13,*,*,*,Female,*,<=50K,11972
4,8,*,*,4,*,*,*,Male,*,<=50K,11973
4,19,*,*,10,*,*,*,Female,*,<=50K,11974
4,20,*,*,10,*,*,*,Male,*,<=50K,11975
4,18,*,*,9,*,*,*,Male,*,<=50K,11976
4,20,*,*,10,*,*,*,Male,*,<=50K,11977
4,26,*,*,13,*,*,*,Male,*,<=50K,11979
4,17,*,*,9,*,*,*,Female,*,<=50K,11980
4,26,*,*,13,*,*,*,Male,*,<=50K,11981
4,11,*,*,6,*,*,*,Female,*,<=50K,11983
4,28,*,*,14,*,*,*,Male,*,<=50K,11984
4,26,*,*,13,*,*,*,Male,*,<=50K,11985
4,10,*,*,5,*,*,*,Male,*,<=50K,11986
4,15,*,*,8,*,*,*,Female,*,<=50K,11987
4,17,*,*,9,*,*,*,Female,*,<=50K,11989
4,17,*,*,9,*,*,*,Female,*,<=50K,11990
4,22,*,*,11,*,*,*,Male,*,<=50K,11991
4,20,*,*,10,*,*,*,Male,*,>50K,11992
4,17,*,*,9,*,*,*,Female,*,<=50K,11993
4,20,*,*,10,*,*,*,Male,*,<=50K,11994
4,4,*,*,2,*,*,*,Male,*,<=50K,11995
4,19,*,*,10,*,*,*,Female,*,<=50K,11996
4,19,*,*,10,*,*,*,Female,*,<=50K,11997
4,25,*,*,13,*,*,*,Female,*,<=50K,11998
4,20,*,*,10,*,*,*,Male,*,>50K,11999
4,17,*,*,9,*,*,*,Female,*,<=50K,12001
4,24,*,*,12,*,*,*,Male,*,<=50K,12002
4,18,*,*,9,*,*,*,Male,*,<=50K,12003
4,25,*,*,13,*,*,*,Female,*,<=50K,12004
4,17,*,*,9,*,*,*,Female,*,<=50K,12005
4,26,*,*,13,*,*,*,Male,*,>50K,12006
4,18,*,*,9,*,*,*,Male,*,>50K,12007
4,19,*,*,10,*,*,*,Female,*,<=50K,12009
4,28,*,*,14,*,*,*,Male,*,<=50K,12010
4,17,*,*,9,*,*,*,Female,*,<=50K,12011
4,18,*,*,9,*,*,*,Male,*,<=50K,12012
4,18,*,*,9,*,*,*,Male,*,<=50K,12013
4,13,*,*,7,*,*,*,Female,*,<=50K,12014
4,13,*,*,7,*,*,*,Female,*,<=50K,12015
4,21,*,*,11,*,*,*,Female,*,<=50K,12017
4,26,*,*,13,*,*,*,Male,*,<=50K,12018
4,20,*,*,10,*,*,*,Male,*,<=50K,12020
4,26,*,*,13,*,*,*,Male,*,>50K,12021
4,20,*,*,10,*,*,*,Male,*,<=50K,12022
4,18,*,*,9,*,*,*,Male,*,<=50K,12024
4,19,*,*,10,*,*,*,Female,*,<=50K,12025
4,17,*,*,9,*,*,*,Female,*,<=50K,12028
4,12,*,*,6,*,*,*,Male,*,<=50K,12029
4,18,*,*,9,*,*,*,Male,*,<=50K,12031
4,32,*,*,16,*,*,*,Male,*,>50K,12032
4,18,*,*,9,*,*,*,Male,*,<=50K,12033
4,20,*,*,10,*,*,*,Male,*,<=50K,12035
4,20,*,*,10,*,*,*,Male,*,>50K,12036
4,22,*,*,11,*,*,*,Male,*,<=50K,12038
4,32,*,*,16,*,*,*,Male,*,<=50K,12040
4,17,*,*,9,*,*,*,Female,*,<=50K,12041
4,14,*,*,7,*,*,*,Male,*,<=50K,12042
4,17,*,*,9,*,*,*,Female,*,<=50K,12043
4,20,*,*,10,*,*,*,Male,*,<=50K,12045
4,26,*,*,13,*,*,*,Male,*,<=50K,12047
4,18,*,*,9,*,*,*,Male,*,>50K,12048
4,24,*,*,12,*,*,*,Male,*,>50K,12049
4,30,*,*,15,*,*,*,Male,*,>50K,12050
4,17,*,*,9,*,*,*,Female,*,<=50K,12051
4,18,*,*,9,*,*,*,Male,*,<=50K,12052
4,20,*,*,10,*,*,*,Male,*,<=50K,12053
4,17,*,*,9,*,*,*,Female,*,<=50K,12055
4,20,*,*,10,*,*,*,Male,*,<=50K,12056
4,19,*,*,10,*,*,*,Female,*,<=50K,12057
4,12,*,*,6,*,*,*,Male,*,<=50K,12060
4,20,*,*,10,*,*,*,Male,*,<=50K,12061
4,10,*,*,5,*,*,*,Male,*,<=50K,12062
4,26,*,*,13,*,*,*,Male,*,>50K,12064
4,26,*,*,13,*,*,*,Male,*,<=50K,12065
4,18,*,*,9,*,*,*,Male,*,<=50K,12066
4,23,*,*,12,*,*,*,Female,*,<=50K,12068
4,19,*,*,10,*,*,*,Female,*,<=50K,12069
4,18,*,*,9,*,*,*,Male,*,<=50K,12070
4,25,*,*,13,*,*,*,Female,*,<=50K,12071
4,17,*,*,9,*,*,*,Female,*,<=50K,12072
4,21,*,*,11,*,*,*,Female,*,<=50K,12073
4,26,*,*,13,*,*,*,Male,*,<=50K,12074
4,28,*,*,14,*,*,*,Male,*,<=50K,12075
4,20,*,*,10,*,*,*,Male,*,<=50K,12076
4,18,*,*,9,*,*,*,Male,*,<=50K,12077
4,19,*,*,10,*,*,*,Female,*,<=50K,12078
4,26,*,*,13,*,*,*,Male,*,<=50K,12079
4,20,*,*,10,*,*,*,Male,*,<=50K,12080
4,12,*,*,6,*,*,*,Male,*,>50K,12081
4,10,*,*,5,*,*,*,Male,*,<=50K,12082
4,14,*,*,7,*,*,*,Male,*,<=50K,12083
4,20,*,*,10,*,*,*,Male,*,<=50K,12084
4,18,*,*,9,*,*,*,Male,*,<=50K,12086
4,18,*,*,9,*,*,*,Male,*,<=50K,12087
4,26,*,*,13,*,*,*,Male,*,<=50K,12088
4,19,*,*,10,*,*,*,Female,*,<=50K,12089
4,26,*,*,13,*,*,*,Male,*,<=50K,12090
4,20,*,*,10,*,*,*,Male,*,<=50K,12091
4,17,*,*,9,*,*,*,Female,*,<=50K,12093
4,20,*,*,10,*,*,*,Male,*,>50K,12094
4,20,*,*,10,*,*,*,Male,*,>50K,12095
4,17,*,*,9,*,*,*,Female,*,<=50K,12096
4,25,*,*,13,*,*,*,Female,*,>50K,12097
4,14,*,*,7,*,*,*,Male,*,<=50K,12102
4,18,*,*,9,*,*,*,Male,*,<=50K,12103
4,19,*,*,10,*,*,*,Female,*,<=50K,12104
4,18,*,*,9,*,*,*,Male,*,<=50K,12106
4,18,*,*,9,*,*,*,Male,*,<=50K,12107
4,17,*,*,9,*,*,*,Female,*,<=50K,12108
4,27,*,*,14,*,*,*,Female,*,<=50K,12109
4,26,*,*,13,*,*,*,Male,*,>50K,12110
4,18,*,*,9,*,*,*,Male,*,>50K,12111
4,20,*,*,10,*,*,*,Male,*,<=50K,12112
4,18,*,*,9,*,*,*,Male,*,>50K,12113
4,14,*,*,7,*,*,*,Male,*,<=50K,12114
4,18,*,*,9,*,*,*,Male,*,<=50K,12115
4,26,*,*,13,*,*,*,Male,*,>50K,12116
4,18,*,*,9,*,*,*,Male,*,<=50K,12118
4,18,*,*,9,*,*,*,Male,*,<=50K,12119
4,25,*,*,13,*,*,*,Female,*,<=50K,12120
4,19,*,*,10,*,*,*,Female,*,>50K,12121
4,17,*,*,9,*,*,*,Female,*,<=50K,12122
4,17,*,*,9,*,*,*,Female,*,<=50K,12123
4,19,*,*,10,*,*,*,Female,*,<=50K,12125
4,18,*,*,9,*,*,*,Male,*,<=50K,12126
4,20,*,*,10,*,*,*,Male,*,<=50K,12127
4,12,*,*,6,*,*,*,Male,*,<=50K,12128
4,18,*,*,9,*,*,*,Male,*,<=50K,12130
4,18,*,*,9,*,*,*,Male,*,<=50K,12132
4,17,*,*,9,*,*,*,Female,*,<=50K,12133
4,28,*,*,14,*,*,*,Male,*,<=50K,12134
4,18,*,*,9,*,*,*,Male,*,<=50K,12135
4,25,*,*,13,*,*,*,Female,*,<=50K,12137
4,19,*,*,10,*,*,*,Female,*,<=50K,12138
4,18,*,*,9,*,*,*,Male,*,>50K,12140
4,8,*,*,4,*,*,*,Male,*,<=50K,12141
4,31,*,*,16,*,*,*,Female,*,>50K,12142
4,15,*,*,8,*,*,*,Female,*,<=50K,12143
4,28,*,*,14,*,*,*,Male,*,>50K,12144
4,20,*,*,10,*,*,*,Male,*,<=50K,12145
4,31,*,*,16,*,*,*,Female,*,>50K,12146
4,19,*,*,10,*,*,*,Female,*,<=50K,12148
4,19,*,*,10,*,*,*,Female,*,<=50K,12149
4,23,*,*,12,*,*,*,Female,*,<=50K,12150
4,24,*,*,12,*,*,*,Male,*,>50K,12151
4,18,*,*,9,*,*,*,Male,*,>50K,12152
4,24,*,*,12,*,*,*,Male,*,<=50K,12153
4,18,*,*,9,*,*,*,Male,*,<=50K,12155
4,18,*,*,9,*,*,*,Male,*,<=50K,12156
4,17,*,*,9,*,*,*,Female,*,<=50K,12157
4,25,*,*,13,*,*,*,Female,*,<=50K,12158
4,24,*,*,12,*,*,*,Male,*,<=50K,12159
4,18,*,*,9,*,*,*,Male,*,>50K,12160
4,20,*,*,10,*,*,*,Male,*,>50K,12161
4,20,*,*,10,*,*,*,Male,*,<=50K,12162
4,18,*,*,9,*,*,*,Male,*,<=50K,12163
4,20,*,*,10,*,*,*,Male,*,>50K,12164
4,20,*,*,10,*,*,*,Male,*,>50K,12165
4,19,*,*,10,*,*,*,Female,*,<=50K,12167
4,26,*,*,13,*,*,*,Male,*,<=50K,12168
4,26,*,*,13,*,*,*,Male,*,>50K,12171
4,18,*,*,9,*,*,*,Male,*,>50K,12172
4,15,*,*,8,*,*,*,Female,*,<=50K,12173
4,20,*,*,10,*,*,*,Male,*,<=50K,12174
4,26,*,*,13,*,*,*,Male,*,<=50K,12175
4,20,*,*,10,*,*,*,Male,*,<=50K,12177
4,10,*,*,5,*,*,*,Male,*,<=50K,12178
4,18,*,*,9,*,*,*,Male,*,<=50K,12180
4,18,*,*,9,*,*,*,Male,*,<=50K,12182
4,19,*,*,10,*,*,*,Female,*,<=50K,12183
4,26,*,*,13,*,*,*,Male,*,<=50K,12184
4,20,*,*,10,*,*,*,Male,*,>50K,12187
4,18,*,*,9,*,*,*,Male,*,<=50K,12188
4,20,*,*,10,*,*,*,Male,*,<=50K,12189
4,18,*,*,9,*,*,*,Male,*,<=50K,12191
4,18,*,*,9,*,*,*,Male,*,>50K,12193
4,18,*,*,9,*,*,*,Male,*,<=50K,12194
4,25,*,*,13,*,*,*,Female,*,<=50K,12195
4,17,*,*,9,*,*,*,Female,*,<=50K,12196
4,20,*,*,10,*,*,*,Male,*,<=50K,12197
4,20,*,*,10,*,*,*,Male,*,<=50K,12198
4,19,*,*,10,*,*,*,Female,*,<=50K,12199
4,10,*,*,5,*,*,*,Male,*,<=50K,12200
4,25,*,*,13,*,*,*,Female,*,<=50K,12201
4,18,*,*,9,*,*,*,Male,*,<=50K,12202
4,18,*,*,9,*,*,*,Male,*,<=50K,12203
4,22,*,*,11,*,*,*,Male,*,<=50K,12204
4,17,*,*,9,*,*,*,Female,*,<=50K,12205
4,16,*,*,8,*,*,*,Male,*,<=50K,12206
4,18,*,*,9,*,*,*,Male,*,>50K,12207
4,11,*,*,6,*,*,*,Female,*,<=50K,12208
4,17,*,*,9,*,*,*,Female,*,<=50K,12209
4,20,*,*,10,*,*,*,Male,*,<=50K,12210
4,20,*,*,10,*,*,*,Male,*,<=50K,12211
4,18,*,*,9,*,*,*,Male,*,<=50K,12212
4,27,*,*,14,*,*,*,Female,*,<=50K,12213
4,17,*,*,9,*,*,*,Female,*,<=50K,12214
4,26,*,*,13,*,*,*,Male,*,<=50K,12216
4,18,*,*,9,*,*,*,Male,*,>50K,12218
4,18,*,*,9,*,*,*,Male,*,<=50K,12219
4,21,*,*,11,*,*,*,Female,*,<=50K,12220
4,17,*,*,9,*,*,*,Female,*,<=50K,12221
4,18,*,*,9,*,*,*,Male,*,<=50K,12222
4,17,*,*,9,*,*,*,Female,*,<=50K,12224
4,26,*,*,13,*,*,*,Male,*,<=50K,12225
4,26,*,*,13,*,*,*,Male,*,<=50K,12226
4,19,*,*,10,*,*,*,Female,*,<=50K,12227
4,18,*,*,9,*,*,*,Male,*,<=50K,12229
4,18,*,*,9,*,*,*,Male,*,<=50K,12230
4,22,*,*,11,*,*,*,Male,*,<=50K,12231
4,20,*,*,10,*,*,*,Male,*,>50K,12232
4,8,*,*,4,*,*,*,Male,*,<=50K,12233
4,12,*,*,6,*,*,*,Male,*,>50K,12235
4,17,*,*,9,*,*,*,Female,*,<=50K,12236
4,18,*,*,9,*,*,*,Male,*,<=50K,12237
4,18,*,*,9,*,*,*,Male,*,<=50K,12238
4,13,*,*,7,*,*,*,Female,*,<=50K,12239
4,18,*,*,9,*,*,*,Male,*,<=50K,12241
4,18,*,*,9,*,*,*,Male,*,<=50K,12242
4,22,*,*,11,*,*,*,Male,*,<=50K,12243
4,26,*,*,13,*,*,*,Male,*,<=50K,12245
4,18,*,*,9,*,*,*,Male,*,<=50K,12246
4,18,*,*,9,*,*,*,Male,*,<=50K,12247
4,20,*,*,10,*,*,*,Male,*,<=50K,12249
4,22,*,*,11,*,*,*,Male,*,>50K,12250
4,2,*,*,1,*,*,*,Male,*,<=50K,12251
4,18,*,*,9,*,*,*,Male,*,<=50K,12254
4,27,*,*,14,*,*,*,Female,*,<=50K,12257
4,28,*,*,14,*,*,*,Male,*,>50K,12258
4,20,*,*,10,*,*,*,Male,*,>50K,12259
4,17,*,*,9,*,*,*,Female,*,>50K,12260
4,18,*,*,9,*,*,*,Male,*,<=50K,12261
4,19,*,*,10,*,*,*,Female,*,<=50K,12262
4,20,*,*,10,*,*,*,Male,*,<=50K,12263
4,18,*,*,9,*,*,*,Male,*,<=50K,12264
4,19,*,*,10,*,*,*,Female,*,<=50K,12265
4,27,*,*,14,*,*,*,Female,*,<=50K,12267
4,17,*,*,9,*,*,*,Female,*,<=50K,12269
4,26,*,*,13,*,*,*,Male,*,>50K,12270
4,25,*,*,13,*,*,*,Female,*,<=50K,12272
4,18,*,*,9,*,*,*,Male,*,<=50K,12273
4,26,*,*,13,*,*,*,Male,*,<=50K,12274
4,14,*,*,7,*,*,*,Male,*,<=50K,12275
4,18,*,*,9,*,*,*,Male,*,<=50K,12276
4,17,*,*,9,*,*,*,Female,*,<=50K,12277
4,26,*,*,13,*,*,*,Male,*,>50K,12278
4,10,*,*,5,*,*,*,Male,*,<=50K,12279
4,6,*,*,3,*,*,*,Male,*,>50K,12281
4,3,*,*,2,*,*,*,Female,*,<=50K,12282
4,18,*,*,9,*,*,*,Male,*,<=50K,12283
4,26,*,*,13,*,*,*,Male,*,<=50K,12287
4,25,*,*,13,*,*,*,Female,*,<=50K,12290
4,26,*,*,13,*,*,*,Male,*,>50K,12291
4,19,*,*,10,*,*,*,Female,*,<=50K,12293
4,19,*,*,10,*,*,*,Female,*,<=50K,12294
4,28,*,*,14,*,*,*,Male,*,<=50K,12295
4,18,*,*,9,*,*,*,Male,*,>50K,12296
4,19,*,*,10,*,*,*,Female,*,<=50K,12297
4,20,*,*,10,*,*,*,Male,*,>50K,12299
4,19,*,*,10,*,*,*,Female,*,>50K,12300
4,18,*,*,9,*,*,*,Male,*,<=50K,12301
4,20,*,*,10,*,*,*,Male,*,<=50K,12302
4,20,*,*,10,*,*,*,Male,*,<=50K,12304
4,20,*,*,10,*,*,*,Male,*,<=50K,12305
4,9,*,*,5,*,*,*,Female,*,<=50K,12306
4,18,*,*,9,*,*,*,Male,*,<=50K,12307
4,18,*,*,9,*,*,*,Male,*,<=50K,12308
4,18,*,*,9,*,*,*,Male,*,<=50K,12309
4,25,*,*,13,*,*,*,Female,*,<=50K,12310
4,24,*,*,12,*,*,*,Male,*,>50K,12311
4,20,*,*,10,*,*,*,Male,*,<=50K,12312
4,20,*,*,10,*,*,*,Male,*,<=50K,12313
4,26,*,*,13,*,*,*,Male,*,<=50K,12314
4,20,*,*,10,*,*,*,Male,*,<=50K,12315
4,24,*,*,12,*,*,*,Male,*,<=50K,12316
4,18,*,*,9,*,*,*,Male,*,>50K,12317
4,19,*,*,10,*,*,*,Female,*,<=50K,12318
4,20,*,*,10,*,*,*,Male,*,<=50K,12319
4,18,*,*,9,*,*,*,Male,*,<=50K,12320
4,28,*,*,14,*,*,*,Male,*,>50K,12321
4,18,*,*,9,*,*,*,Male,*,<=50K,12322
4,18,*,*,9,*,*,*,Male,*,<=50K,12324
4,28,*,*,14,*,*,*,Male,*,<=50K,12326
4,28,*,*,14,*,*,*,Male,*,<=50K,12327
4,25,*,*,13,*,*,*,Female,*,<=50K,12328
4,18,*,*,9,*,*,*,Male,*,<=50K,12329
4,19,*,*,10,*,*,*,Female,*,<=50K,12331
4,7,*,*,4,*,*,*,Female,*,<=50K,12332
4,26,*,*,13,*,*,*,Male,*,<=50K,12333
4,5,*,*,3,*,*,*,Female,*,<=50K,12334
4,20,*,*,10,*,*,*,Male,*,<=50K,12335
4,26,*,*,13,*,*,*,Male,*,>50K,12336
4,17,*,*,9,*,*,*,Female,*,<=50K,12337
4,14,*,*,7,*,*,*,Male,*,<=50K,12339
4,17,*,*,9,*,*,*,Female,*,<=50K,12340
4,17,*,*,9,*,*,*,Female,*,>50K,12342
4,25,*,*,13,*,*,*,Female,*,<=50K,12343
4,22,*,*,11,*,*,*,Male,*,<=50K,12345
4,19,*,*,10,*,*,*,Female,*,<=50K,12346
4,18,*,*,9,*,*,*,Male,*,<=50K,12347
4,24,*,*,12,*,*,*,Male,*,<=50K,12349
4,26,*,*,13,*,*,*,Male,*,<=50K,12350
4,19,*,*,10,*,*,*,Female,*,<=50K,12353
4,12,*,*,6,*,*,*,Male,*,<=50K,12354
4,26,*,*,13,*,*,*,Male,*,>50K,12355
4,17,*,*,9,*,*,*,Female,*,<=50K,12356
4,26,*,*,13,*,*,*,Male,*,>50K,12357
4,18,*,*,9,*,*,*,Male,*,<=50K,12358
4,17,*,*,9,*,*,*,Female,*,<=50K,12359
4,29,*,*,15,*,*,*,Female,*,<=50K,12360
4,17,*,*,9,*,*,*,Female,*,<=50K,12361
4,26,*,*,13,*,*,*,Male,*,>50K,12363
4,17,*,*,9,*,*,*,Female,*,<=50K,12364
4,16,*,*,8,*,*,*,Male,*,<=50K,12365
4,11,*,*,6,*,*,*,Female,*,<=50K,12367
4,26,*,*,13,*,*,*,Male,*,>50K,12368
4,26,*,*,13,*,*,*,Male,*,>50K,12370
4,12,*,*,6,*,*,*,Male,*,<=50K,12372
4,16,*,*,8,*,*,*,Male,*,<=50K,12373
4,17,*,*,9,*,*,*,Female,*,<=50K,12374
4,26,*,*,13,*,*,*,Male,*,>50K,12375
4,19,*,*,10,*,*,*,Female,*,<=50K,12376
4,22,*,*,11,*,*,*,Male,*,<=50K,12378
4,20,*,*,10,*,*,*,Male,*,>50K,12379
4,28,*,*,14,*,*,*,Male,*,>50K,12380
4,17,*,*,9,*,*,*,Female,*,<=50K,12381
4,9,*,*,5,*,*,*,Female,*,<=50K,12383
4,25,*,*,13,*,*,*,Female,*,<=50K,12384
4,20,*,*,10,*,*,*,Male,*,<=50K,12385
4,28,*,*,14,*,*,*,Male,*,<=50K,12386
4,18,*,*,9,*,*,*,Male,*,<=50K,12387
4,20,*,*,10,*,*,*,Male,*,<=50K,12388
4,17,*,*,9,*,*,*,Female,*,<=50K,12389
4,18,*,*,9,*,*,*,Male,*,<=50K,12391
4,8,*,*,4,*,*,*,Male,*,<=50K,12393
4,20,*,*,10,*,*,*,Male,*,<=50K,12394
4,18,*,*,9,*,*,*,Male,*,<=50K,12396
4,17,*,*,9,*,*,*,Female,*,<=50K,12397
4,13,*,*,7,*,*,*,Female,*,<=50K,12399
4,26,*,*,13,*,*,*,Male,*,<=50K,12400
4,18,*,*,9,*,*,*,Male,*,<=50K,12401
4,20,*,*,10,*,*,*,Male,*,<=50K,12402
4,25,*,*,13,*,*,*,Female,*,<=50K,12403
4,28,*,*,14,*,*,*,Male,*,>50K,12404
4,20,*,*,10,*,*,*,Male,*,>50K,12405
4,10,*,*,5,*,*,*,Male,*,<=50K,12406
4,18,*,*,9,*,*,*,Male,*,<=50K,12407
4,18,*,*,9,*,*,*,Male,*,<=50K,12408
4,18,*,*,9,*,*,*,Male,*,<=50K,12409
4,17,*,*,9,*,*,*,Female,*,<=50K,12410
4,18,*,*,9,*,*,*,Male,*,<=50K,12411
4,18,*,*,9,*,*,*,Male,*,>50K,12413
4,18,*,*,9,*,*,*,Male,*,<=50K,12414
4,18,*,*,9,*,*,*,Male,*,<=50K,12415
4,18,*,*,9,*,*,*,Male,*,>50K,12416
4,18,*,*,9,*,*,*,Male,*,<=50K,12417
4,18,*,*,9,*,*,*,Male,*,<=50K,12418
4,17,*,*,9,*,*,*,Female,*,<=50K,12420
4,5,*,*,3,*,*,*,Female,*,<=50K,12421
4,18,*,*,9,*,*,*,Male,*,<=50K,12422
4,17,*,*,9,*,*,*,Female,*,<=50K,12423
4,17,*,*,9,*,*,*,Female,*,<=50K,12424
4,18,*,*,9,*,*,*,Male,*,<=50K,12425
4,25,*,*,13,*,*,*,Female,*,<=50K,12429
4,25,*,*,13,*,*,*,Female,*,<=50K,12430
4,26,*,*,13,*,*,*,Male,*,<=50K,12431
4,26,*,*,13,*,*,*,Male,*,>50K,12432
4,26,*,*,13,*,*,*,Male,*,>50K,12433
4,24,*,*,12,*,*,*,Male,*,<=50K,12434
4,17,*,*,9,*,*,*,Female,*,<=50K,12435
4,17,*,*,9,*,*,*,Female,*,<=50K,12436
4,28,*,*,14,*,*,*,Male,*,>50K,12437
4,26,*,*,13,*,*,*,Male,*,>50K,12438
4,17,*,*,9,*,*,*,Female,*,<=50K,12439
4,20,*,*,10,*,*,*,Male,*,<=50K,12440
4,17,*,*,9,*,*,*,Female,*,<=50K,12441
4,28,*,*,14,*,*,*,Male,*,>50K,12442
4,19,*,*,10,*,*,*,Female,*,<=50K,12444
4,18,*,*,9,*,*,*,Male,*,>50K,12445
4,17,*,*,9,*,*,*,Female,*,<=50K,12446
4,28,*,*,14,*,*,*,Male,*,>50K,12449
4,18,*,*,9,*,*,*,Male,*,<=50K,12450
4,25,*,*,13,*,*,*,Female,*,<=50K,12452
4,8,*,*,4,*,*,*,Male,*,<=50K,12453
4,18,*,*,9,*,*,*,Male,*,<=50K,12454
4,19,*,*,10,*,*,*,Female,*,<=50K,12455
4,18,*,*,9,*,*,*,Male,*,>50K,12456
4,4,*,*,2,*,*,*,Male,*,<=50K,12458
4,18,*,*,9,*,*,*,Male,*,<=50K,12459
4,16,*,*,8,*,*,*,Male,*,<=50K,12460
4,18,*,*,9,*,*,*,Male,*,<=50K,12461
4,20,*,*,10,*,*,*,Male,*,<=50K,12462
4,18,*,*,9,*,*,*,Male,*,<=50K,12463
4,20,*,*,10,*,*,*,Male,*,>50K,12464
4,27,*,*,14,*,*,*,Female,*,<=50K,12466
4,26,*,*,13,*,*,*,Male,*,<=50K,12467
4,17,*,*,9,*,*,*,Female,*,<=50K,12468
4,18,*,*,9,*,*,*,Male,*,<=50K,12469
4,18,*,*,9,*,*,*,Male,*,<=50K,12470
4,9,*,*,5,*,*,*,Female,*,<=50K,12472
4,20,*,*,10,*,*,*,Male,*,<=50K,12473
4,20,*,*,10,*,*,*,Male,*,>50K,12474
4,26,*,*,13,*,*,*,Male,*,>50K,12475
4,26,*,*,13,*,*,*,Male,*,>50K,12477
4,18,*,*,9,*,*,*,Male,*,<=50K,12478
4,25,*,*,13,*,*,*,Female,*,<=50K,12479
4,19,*,*,10,*,*,*,Female,*,<=50K,12480
4,19,*,*,10,*,*,*,Female,*,<=50K,12481
4,30,*,*,15,*,*,*,Male,*,>50K,12484
4,17,*,*,9,*,*,*,Female,*,<=50K,12485
4,25,*,*,13,*,*,*,Female,*,<=50K,12486
4,20,*,*,10,*,*,*,Male,*,<=50K,12488
4,25,*,*,13,*,*,*,Female,*,<=50K,12489
4,17,*,*,9,*,*,*,Female,*,<=50K,12491
4,26,*,*,13,*,*,*,Male,*,<=50K,12492
4,18,*,*,9,*,*,*,Male,*,<=50K,12493
4,28,*,*,14,*,*,*,Male,*,<=50K,12494
4,14,*,*,7,*,*,*,Male,*,<=50K,12495
4,18,*,*,9,*,*,*,Male,*,<=50K,12496
4,18,*,*,9,*,*,*,Male,*,<=50K,12497
4,20,*,*,10,*,*,*,Male,*,<=50K,12498
4,17,*,*,9,*,*,*,Female,*,<=50K,12499
4,18,*,*,9,*,*,*,Male,*,<=50K,12500
4,26,*,*,13,*,*,*,Male,*,>50K,12501
4,22,*,*,11,*,*,*,Male,*,<=50K,12502
4,20,*,*,10,*,*,*,Male,*,<=50K,12503
4,18,*,*,9,*,*,*,Male,*,>50K,12504
4,13,*,*,7,*,*,*,Female,*,<=50K,12505
4,18,*,*,9,*,*,*,Male,*,<=50K,12506
4,26,*,*,13,*,*,*,Male,*,>50K,12507
4,26,*,*,13,*,*,*,Male,*,<=50K,12508
4,12,*,*,6,*,*,*,Male,*,<=50K,12509
4,19,*,*,10,*,*,*,Female,*,<=50K,12510
4,22,*,*,11,*,*,*,Male,*,>50K,12512
4,22,*,*,11,*,*,*,Male,*,>50K,12513
4,22,*,*,11,*,*,*,Male,*,>50K,12514
4,18,*,*,9,*,*,*,Male,*,<=50K,12515
4,25,*,*,13,*,*,*,Female,*,<=50K,12516
4,17,*,*,9,*,*,*,Female,*,<=50K,12517
4,26,*,*,13,*,*,*,Male,*,<=50K,12519
4,25,*,*,13,*,*,*,Female,*,<=50K,12520
4,25,*,*,13,*,*,*,Female,*,<=50K,12521
4,26,*,*,13,*,*,*,Male,*,>50K,12522
4,19,*,*,10,*,*,*,Female,*,<=50K,12523
4,20,*,*,10,*,*,*,Male,*,<=50K,12524
4,19,*,*,10,*,*,*,Female,*,<=50K,12527
4,21,*,*,11,*,*,*,Female,*,<=50K,12528
4,8,*,*,4,*,*,*,Male,*,<=50K,12529
4,17,*,*,9,*,*,*,Female,*,<=50K,12530
4,18,*,*,9,*,*,*,Male,*,<=50K,12534
4,18,*,*,9,*,*,*,Male,*,<=50K,12535
4,24,*,*,12,*,*,*,Male,*,<=50K,12536
4,20,*,*,10,*,*,*,Male,*,<=50K,12537
4,19,*,*,10,*,*,*,Female,*,<=50K,12539
4,30,*,*,15,*,*,*,Male,*,>50K,12541
4,20,*,*,10,*,*,*,Male,*,>50K,12542
4,20,*,*,10,*,*,*,Male,*,<=50K,12543
4,24,*,*,12,*,*,*,Male,*,<=50K,12544
4,6,*,*,3,*,*,*,Male,*,<=50K,12545
4,18,*,*,9,*,*,*,Male,*,<=50K,12546
4,24,*,*,12,*,*,*,Male,*,<=50K,12547
4,18,*,*,9,*,*,*,Male,*,<=50K,12548
4,30,*,*,15,*,*,*,Male,*,<=50K,12549
4,16,*,*,8,*,*,*,Male,*,<=50K,12550
4,18,*,*,9,*,*,*,Male,*,<=50K,12552
4,25,*,*,13,*,*,*,Female,*,<=50K,12553
4,18,*,*,9,*,*,*,Male,*,<=50K,12555
4,25,*,*,13,*,*,*,Female,*,<=50K,12556
4,26,*,*,13,*,*,*,Male,*,<=50K,12557
4,20,*,*,10,*,*,*,Male,*,<=50K,12559
4,10,*,*,5,*,*,*,Male,*,<=50K,12560
4,27,*,*,14,*,*,*,Female,*,<=50K,12561
4,18,*,*,9,*,*,*,Male,*,>50K,12562
4,25,*,*,13,*,*,*,Female,*,>50K,12564
4,18,*,*,9,*,*,*,Male,*,<=50K,12565
4,25,*,*,13,*,*,*,Female,*,<=50K,12566
4,16,*,*,8,*,*,*,Male,*,<=50K,12567
4,18,*,*,9,*,*,*,Male,*,<=50K,12568
4,19,*,*,10,*,*,*,Female,*,<=50K,12570
4,24,*,*,12,*,*,*,Male,*,<=50K,12571
4,20,*,*,10,*,*,*,Male,*,<=50K,12572
4,17,*,*,9,*,*,*,Female,*,<=50K,12573
4,18,*,*,9,*,*,*,Male,*,<=50K,12574
4,26,*,*,13,*,*,*,Male,*,<=50K,12575
4,19,*,*,10,*,*,*,Female,*,>50K,12576
4,11,*,*,6,*,*,*,Female,*,<=50K,12577
4,19,*,*,10,*,*,*,Female,*,<=50K,12578
4,24,*,*,12,*,*,*,Male,*,<=50K,12580
4,3,*,*,2,*,*,*,Female,*,<=50K,12581
4,18,*,*,9,*,*,*,Male,*,>50K,12582
4,22,*,*,11,*,*,*,Male,*,<=50K,12583
4,17,*,*,9,*,*,*,Female,*,<=50K,12584
4,26,*,*,13,*,*,*,Male,*,>50K,12585
4,26,*,*,13,*,*,*,Male,*,<=50K,12586
4,18,*,*,9,*,*,*,Male,*,<=50K,12587
4,25,*,*,13,*,*,*,Female,*,<=50K,12588
4,26,*,*,13,*,*,*,Male,*,<=50K,12590
4,17,*,*,9,*,*,*,Female,*,<=50K,12591
4,23,*,*,12,*,*,*,Female,*,<=50K,12592
4,22,*,*,11,*,*,*,Male,*,<=50K,12593
4,18,*,*,9,*,*,*,Male,*,<=50K,12594
4,20,*,*,10,*,*,*,Male,*,>50K,12595
4,21,*,*,11,*,*,*,Female,*,<=50K,12597
4,30,*,*,15,*,*,*,Male,*,>50K,12598
4,20,*,*,10,*,*,*,Male,*,>50K,12599
4,20,*,*,10,*,*,*,Male,*,<=50K,12600
4,18,*,*,9,*,*,*,Male,*,<=50K,12601
4,26,*,*,13,*,*,*,Male,*,>50K,12602
4,18,*,*,9,*,*,*,Male,*,<=50K,12604
4,18,*,*,9,*,*,*,Male,*,<=50K,12605
4,19,*,*,10,*,*,*,Female,*,<=50K,12606
4,24,*,*,12,*,*,*,Male,*,<=50K,12607
4,26,*,*,13,*,*,*,Male,*,<=50K,12608
4,18,*,*,9,*,*,*,Male,*,<=50K,12609
4,17,*,*,9,*,*,*,Female,*,<=50K,12610
4,26,*,*,13,*,*,*,Male,*,>50K,12611
4,19,*,*,10,*,*,*,Female,*,<=50K,12614
4,28,*,*,14,*,*,*,Male,*,>50K,12615
4,17,*,*,9,*,*,*,Female,*,<=50K,12616
4,30,*,*,15,*,*,*,Male,*,>50K,12617
4,18,*,*,9,*,*,*,Male,*,<=50K,12618
4,26,*,*,13,*,*,*,Male,*,<=50K,12619
4,17,*,*,9,*,*,*,Female,*,<=50K,12622
4,20,*,*,10,*,*,*,Male,*,<=50K,12623
4,18,*,*,9,*,*,*,Male,*,>50K,12624
4,20,*,*,10,*,*,*,Male,*,<=50K,12626
4,19,*,*,10,*,*,*,Female,*,<=50K,12628
4,17,*,*,9,*,*,*,Female,*,<=50K,12630
4,20,*,*,10,*,*,*,Male,*,<=50K,12632
4,20,*,*,10,*,*,*,Male,*,<=50K,12633
4,10,*,*,5,*,*,*,Male,*,<=50K,12635
4,17,*,*,9,*,*,*,Female,*,<=50K,12640
4,17,*,*,9,*,*,*,Female,*,<=50K,12642
4,17,*,*,9,*,*,*,Female,*,<=50K,12643
4,16,*,*,8,*,*,*,Male,*,<=50K,12645
4,18,*,*,9,*,*,*,Male,*,<=50K,12646
4,20,*,*,10,*,*,*,Male,*,<=50K,12647
4,19,*,*,10,*,*,*,Female,*,<=50K,12648
4,20,*,*,10,*,*,*,Male,*,<=50K,12649
4,18,*,*,9,*,*,*,Male,*,<=50K,12650
4,19,*,*,10,*,*,*,Female,*,<=50K,12652
4,28,*,*,14,*,*,*,Male,*,>50K,12653
4,10,*,*,5,*,*,*,Male,*,<=50K,12654
4,23,*,*,12,*,*,*,Female,*,<=50K,12655
4,18,*,*,9,*,*,*,Male,*,<=50K,12656
4,26,*,*,13,*,*,*,Male,*,>50K,12657
4,18,*,*,9,*,*,*,Male,*,<=50K,12659
4,20,*,*,10,*,*,*,Male,*,<=50K,12660
4,19,*,*,10,*,*,*,Female,*,<=50K,12661
4,26,*,*,13,*,*,*,Male,*,>50K,12662
4,19,*,*,10,*,*,*,Female,*,<=50K,12663
4,20,*,*,10,*,*,*,Male,*,<=50K,12664
4,13,*,*,7,*,*,*,Female,*,<=50K,12665
4,18,*,*,9,*,*,*,Male,*,<=50K,12666
4,20,*,*,10,*,*,*,Male,*,<=50K,12667
4,17,*,*,9,*,*,*,Female,*,<=50K,12668
4,32,*,*,16,*,*,*,Male,*,>50K,12669
4,18,*,*,9,*,*,*,Male,*,<=50K,12670
4,25,*,*,13,*,*,*,Female,*,>50K,12671
4,14,*,*,7,*,*,*,Male,*,<=50K,12673
4,6,*,*,3,*,*,*,Male,*,<=50K,12674
4,17,*,*,9,*,*,*,Female,*,<=50K,12675
4,22,*,*,11,*,*,*,Male,*,>50K,12678
4,26,*,*,13,*,*,*,Male,*,<=50K,12679
4,25,*,*,13,*,*,*,Female,*,<=50K,12680
4,17,*,*,9,*,*,*,Female,*,<=50K,12681
4,18,*,*,9,*,*,*,Male,*,<=50K,12682
4,26,*,*,13,*,*,*,Male,*,>50K,12683
4,7,*,*,4,*,*,*,Female,*,<=50K,12684
4,18,*,*,9,*,*,*,Male,*,<=50K,12685
4,25,*,*,13,*,*,*,Female,*,<=50K,12688
4,20,*,*,10,*,*,*,Male,*,>50K,12689
4,17,*,*,9,*,*,*,Female,*,>50K,12691
4,17,*,*,9,*,*,*,Female,*,<=50K,12692
4,17,*,*,9,*,*,*,Female,*,<=50K,12694
4,18,*,*,9,*,*,*,Male,*,>50K,12695
4,20,*,*,10,*,*,*,Male,*,<=50K,12696
4,17,*,*,9,*,*,*,Female,*,<=50K,12697
4,20,*,*,10,*,*,*,Male,*,>50K,12699
4,24,*,*,12,*,*,*,Male,*,<=50K,12700
4,18,*,*,9,*,*,*,Male,*,>50K,12703
4,18,*,*,9,*,*,*,Male,*,<=50K,12704
4,17,*,*,9,*,*,*,Female,*,<=50K,12706
4,19,*,*,10,*,*,*,Female,*,<=50K,12707
4,29,*,*,15,*,*,*,Female,*,<=50K,12708
4,18,*,*,9,*,*,*,Male,*,<=50K,12710
4,18,*,*,9,*,*,*,Male,*,<=50K,12711
4,17,*,*,9,*,*,*,Female,*,<=50K,12712
4,19,*,*,10,*,*,*,Female,*,<=50K,12714
4,23,*,*,12,*,*,*,Female,*,<=50K,12715
4,25,*,*,13,*,*,*,Female,*,>50K,12716
4,18,*,*,9,*,*,*,Male,*,<=50K,12717
4,17,*,*,9,*,*,*,Female,*,<=50K,12719
4,19,*,*,10,*,*,*,Female,*,<=50K,12720
4,25,*,*,13,*,*,*,Female,*,<=50K,12721
4,17,*,*,9,*,*,*,Female,*,<=50K,12722
4,25,*,*,13,*,*,*,Female,*,<=50K,12723
4,14,*,*,7,*,*,*,Male,*,<=50K,12724
4,17,*,*,9,*,*,*,Female,*,<=50K,12725
4,20,*,*,10,*,*,*,Male,*,<=50K,12726
4,22,*,*,11,*,*,*,Male,*,<=50K,12727
4,20,*,*,10,*,*,*,Male,*,<=50K,12728
4,6,*,*,3,*,*,*,Male,*,<=50K,12731
4,19,*,*,10,*,*,*,Female,*,<=50K,12733
4,25,*,*,13,*,*,*,Female,*,>50K,12734
4,18,*,*,9,*,*,*,Male,*,>50K,12735
4,18,*,*,9,*,*,*,Male,*,>50K,12736
4,21,*,*,11,*,*,*,Female,*,>50K,12737
4,18,*,*,9,*,*,*,Male,*,<=50K,12738
4,18,*,*,9,*,*,*,Male,*,<=50K,12739
4,17,*,*,9,*,*,*,Female,*,<=50K,12740
4,15,*,*,8,*,*,*,Female,*,<=50K,12742
4,26,*,*,13,*,*,*,Male,*,>50K,12743
4,18,*,*,9,*,*,*,Male,*,<=50K,12744
4,18,*,*,9,*,*,*,Male,*,<=50K,12745
4,18,*,*,9,*,*,*,Male,*,<=50K,12746
4,19,*,*,10,*,*,*,Female,*,<=50K,12747
4,22,*,*,11,*,*,*,Male,*,<=50K,12748
4,26,*,*,13,*,*,*,Male,*,<=50K,12749
4,18,*,*,9,*,*,*,Male,*,<=50K,12751
4,12,*,*,6,*,*,*,Male,*,<=50K,12753
4,22,*,*,11,*,*,*,Male,*,<=50K,12755
4,20,*,*,10,*,*,*,Male,*,>50K,12756
4,18,*,*,9,*,*,*,Male,*,<=50K,12757
4,26,*,*,13,*,*,*,Male,*,>50K,12758
4,28,*,*,14,*,*,*,Male,*,<=50K,12759
4,19,*,*,10,*,*,*,Female,*,<=50K,12760
4,6,*,*,3,*,*,*,Male,*,<=50K,12761
4,18,*,*,9,*,*,*,Male,*,<=50K,12762
4,21,*,*,11,*,*,*,Female,*,<=50K,12763
4,20,*,*,10,*,*,*,Male,*,>50K,12764
4,21,*,*,11,*,*,*,Female,*,<=50K,12765
4,12,*,*,6,*,*,*,Male,*,<=50K,12766
4,10,*,*,5,*,*,*,Male,*,<=50K,12767
4,19,*,*,10,*,*,*,Female,*,<=50K,12768
4,28,*,*,14,*,*,*,Male,*,<=50K,12770
4,26,*,*,13,*,*,*,Male,*,>50K,12771
4,11,*,*,6,*,*,*,Female,*,<=50K,12772
4,18,*,*,9,*,*,*,Male,*,<=50K,12773
4,32,*,*,16,*,*,*,Male,*,>50K,12775
4,20,*,*,10,*,*,*,Male,*,<=50K,12777
4,26,*,*,13,*,*,*,Male,*,<=50K,12778
4,18,*,*,9,*,*,*,Male,*,<=50K,12779
4,20,*,*,10,*,*,*,Male,*,<=50K,12780
4,17,*,*,9,*,*,*,Female,*,<=50K,12782
4,4,*,*,2,*,*,*,Male,*,<=50K,12783
4,18,*,*,9,*,*,*,Male,*,<=50K,12784
4,18,*,*,9,*,*,*,Male,*,<=50K,12786
4,18,*,*,9,*,*,*,Male,*,<=50K,12787
4,8,*,*,4,*,*,*,Male,*,<=50K,12789
4,23,*,*,12,*,*,*,Female,*,>50K,12790
4,30,*,*,15,*,*,*,Male,*,<=50K,12791
4,17,*,*,9,*,*,*,Female,*,<=50K,12792
4,18,*,*,9,*,*,*,Male,*,<=50K,12793
4,20,*,*,10,*,*,*,Male,*,>50K,12794
4,18,*,*,9,*,*,*,Male,*,<=50K,12796
4,19,*,*,10,*,*,*,Female,*,<=50K,12797
4,20,*,*,10,*,*,*,Male,*,<=50K,12798
4,20,*,*,10,*,*,*,Male,*,<=50K,12799
4,26,*,*,13,*,*,*,Male,*,<=50K,12800
4,7,*,*,4,*,*,*,Female,*,<=50K,12801
4,18,*,*,9,*,*,*,Male,*,<=50K,12802
4,20,*,*,10,*,*,*,Male,*,>50K,12803
4,24,*,*,12,*,*,*,Male,*,<=50K,12804
4,8,*,*,4,*,*,*,Male,*,<=50K,12805
4,18,*,*,9,*,*,*,Male,*,<=50K,12806
4,17,*,*,9,*,*,*,Female,*,<=50K,12808
4,12,*,*,6,*,*,*,Male,*,<=50K,12809
4,17,*,*,9,*,*,*,Female,*,<=50K,12811
4,18,*,*,9,*,*,*,Male,*,<=50K,12812
4,26,*,*,13,*,*,*,Male,*,>50K,12813
4,24,*,*,12,*,*,*,Male,*,<=50K,12814
4,26,*,*,13,*,*,*,Male,*,<=50K,12816
4,18,*,*,9,*,*,*,Male,*,>50K,12817
4,14,*,*,7,*,*,*,Male,*,<=50K,12818
4,20,*,*,10,*,*,*,Male,*,<=50K,12820
4,19,*,*,10,*,*,*,Female,*,<=50K,12822
4,24,*,*,12,*,*,*,Male,*,<=50K,12823
4,20,*,*,10,*,*,*,Male,*,<=50K,12825
4,20,*,*,10,*,*,*,Male,*,<=50K,12826
4,18,*,*,9,*,*,*,Male,*,<=50K,12827
4,26,*,*,13,*,*,*,Male,*,<=50K,12828
4,6,*,*,3,*,*,*,Male,*,<=50K,12829
4,14,*,*,7,*,*,*,Male,*,<=50K,12832
4,17,*,*,9,*,*,*,Female,*,<=50K,12833
4,12,*,*,6,*,*,*,Male,*,<=50K,12834
4,26,*,*,13,*,*,*,Male,*,<=50K,12835
4,18,*,*,9,*,*,*,Male,*,<=50K,12836
4,26,*,*,13,*,*,*,Male,*,>50K,12837
4,18,*,*,9,*,*,*,Male,*,<=50K,12838
4,18,*,*,9,*,*,*,Male,*,<=50K,12839
4,18,*,*,9,*,*,*,Male,*,<=50K,12841
4,22,*,*,11,*,*,*,Male,*,<=50K,12842
4,17,*,*,9,*,*,*,Female,*,<=50K,12843
4,26,*,*,13,*,*,*,Male,*,<=50K,12844
4,20,*,*,10,*,*,*,Male,*,<=50K,12845
4,14,*,*,7,*,*,*,Male,*,<=50K,12846
4,20,*,*,10,*,*,*,Male,*,<=50K,12847
4,18,*,*,9,*,*,*,Male,*,<=50K,12848
4,18,*,*,9,*,*,*,Male,*,<=50K,12850
4,13,*,*,7,*,*,*,Female,*,<=50K,12851
4,20,*,*,10,*,*,*,Male,*,<=50K,12853
4,10,*,*,5,*,*,*,Male,*,<=50K,12854
4,17,*,*,9,*,*,*,Female,*,<=50K,12855
4,17,*,*,9,*,*,*,Female,*,<=50K,12856
4,19,*,*,10,*,*,*,Female,*,>50K,12857
4,12,*,*,6,*,*,*,Male,*,>50K,12858
4,17,*,*,9,*,*,*,Female,*,<=50K,12859
4,25,*,*,13,*,*,*,Female,*,<=50K,12860
4,18,*,*,9,*,*,*,Male,*,>50K,12861
4,13,*,*,7,*,*,*,Female,*,<=50K,12862
4,20,*,*,10,*,*,*,Male,*,>50K,12863
4,20,*,*,10,*,*,*,Male,*,<=50K,12864
4,26,*,*,13,*,*,*,Male,*,>50K,12865
4,12,*,*,6,*,*,*,Male,*,<=50K,12867
4,22,*,*,11,*,*,*,Male,*,<=50K,12869
4,26,*,*,13,*,*,*,Male,*,>50K,12870
4,28,*,*,14,*,*,*,Male,*,>50K,12871
4,20,*,*,10,*,*,*,Male,*,<=50K,12873
4,16,*,*,8,*,*,*,Male,*,<=50K,12874
4,14,*,*,7,*,*,*,Male,*,<=50K,12876
4,18,*,*,9,*,*,*,Male,*,>50K,12878
4,18,*,*,9,*,*,*,Male,*,<=50K,12879
4,28,*,*,14,*,*,*,Male,*,>50K,12881
4,25,*,*,13,*,*,*,Female,*,<=50K,12882
4,8,*,*,4,*,*,*,Male,*,<=50K,12883
4,14,*,*,7,*,*,*,Male,*,<=50K,12885
4,14,*,*,7,*,*,*,Male,*,<=50K,12886
4,26,*,*,13,*,*,*,Male,*,>50K,12887
4,17,*,*,9,*,*,*,Female,*,<=50K,12889
4,20,*,*,10,*,*,*,Male,*,<=50K,12890
4,19,*,*,10,*,*,*,Female,*,<=50K,12892
4,6,*,*,3,*,*,*,Male,*,<=50K,12893
4,26,*,*,13,*,*,*,Male,*,<=50K,12894
4,20,*,*,10,*,*,*,Male,*,>50K,12895
4,26,*,*,13,*,*,*,Male,*,<=50K,12897
4,17,*,*,9,*,*,*,Female,*,<=50K,12898
4,25,*,*,13,*,*,*,Female,*,<=50K,12899
4,21,*,*,11,*,*,*,Female,*,<=50K,12902
4,18,*,*,9,*,*,*,Male,*,<=50K,12903
4,26,*,*,13,*,*,*,Male,*,<=50K,12904
4,27,*,*,14,*,*,*,Female,*,<=50K,12905
4,17,*,*,9,*,*,*,Female,*,<=50K,12906
4,17,*,*,9,*,*,*,Female,*,<=50K,12907
4,18,*,*,9,*,*,*,Male,*,<=50K,12908
4,14,*,*,7,*,*,*,Male,*,<=50K,12909
4,17,*,*,9,*,*,*,Female,*,<=50K,12910
4,18,*,*,9,*,*,*,Male,*,<=50K,12911
4,19,*,*,10,*,*,*,Female,*,<=50K,12912
4,26,*,*,13,*,*,*,Male,*,<=50K,12913
4,11,*,*,6,*,*,*,Female,*,<=50K,12914
4,22,*,*,11,*,*,*,Male,*,>50K,12915
4,20,*,*,10,*,*,*,Male,*,<=50K,12916
4,19,*,*,10,*,*,*,Female,*,<=50K,12917
4,18,*,*,9,*,*,*,Male,*,<=50K,12918
4,24,*,*,12,*,*,*,Male,*,>50K,12919
4,19,*,*,10,*,*,*,Female,*,<=50K,12921
4,14,*,*,7,*,*,*,Male,*,>50K,12922
4,18,*,*,9,*,*,*,Male,*,>50K,12923
4,20,*,*,10,*,*,*,Male,*,<=50K,12924
4,17,*,*,9,*,*,*,Female,*,<=50K,12926
4,18,*,*,9,*,*,*,Male,*,<=50K,12927
4,25,*,*,13,*,*,*,Female,*,<=50K,12929
4,22,*,*,11,*,*,*,Male,*,<=50K,12930
4,24,*,*,12,*,*,*,Male,*,>50K,12931
4,14,*,*,7,*,*,*,Male,*,>50K,12933
4,19,*,*,10,*,*,*,Female,*,<=50K,12934
4,18,*,*,9,*,*,*,Male,*,<=50K,12935
4,18,*,*,9,*,*,*,Male,*,<=50K,12936
4,19,*,*,10,*,*,*,Female,*,<=50K,12937
4,18,*,*,9,*,*,*,Male,*,>50K,12938
4,17,*,*,9,*,*,*,Female,*,>50K,12939
4,18,*,*,9,*,*,*,Male,*,<=50K,12940
4,18,*,*,9,*,*,*,Male,*,<=50K,12942
4,19,*,*,10,*,*,*,Female,*,<=50K,12943
4,20,*,*,10,*,*,*,Male,*,>50K,12944
4,25,*,*,13,*,*,*,Female,*,>50K,12945
4,17,*,*,9,*,*,*,Female,*,<=50K,12946
4,18,*,*,9,*,*,*,Male,*,>50K,12948
4,19,*,*,10,*,*,*,Female,*,<=50K,12949
4,18,*,*,9,*,*,*,Male,*,>50K,12950
4,13,*,*,7,*,*,*,Female,*,<=50K,12951
4,18,*,*,9,*,*,*,Male,*,>50K,12952
4,14,*,*,7,*,*,*,Male,*,<=50K,12953
4,12,*,*,6,*,*,*,Male,*,<=50K,12954
4,24,*,*,12,*,*,*,Male,*,<=50K,12955
4,18,*,*,9,*,*,*,Male,*,>50K,12956
4,18,*,*,9,*,*,*,Male,*,<=50K,12957
4,27,*,*,14,*,*,*,Female,*,>50K,12958
4,19,*,*,10,*,*,*,Female,*,<=50K,12959
4,24,*,*,12,*,*,*,Male,*,<=50K,12961
4,18,*,*,9,*,*,*,Male,*,<=50K,12962
4,18,*,*,9,*,*,*,Male,*,>50K,12964
4,17,*,*,9,*,*,*,Female,*,<=50K,12966
4,20,*,*,10,*,*,*,Male,*,<=50K,12967
4,18,*,*,9,*,*,*,Male,*,<=50K,12968
4,20,*,*,10,*,*,*,Male,*,<=50K,12970
4,26,*,*,13,*,*,*,Male,*,<=50K,12972
4,18,*,*,9,*,*,*,Male,*,<=50K,12973
4,20,*,*,10,*,*,*,Male,*,<=50K,12974
4,18,*,*,9,*,*,*,Male,*,<=50K,12975
4,26,*,*,13,*,*,*,Male,*,<=50K,12976
4,17,*,*,9,*,*,*,Female,*,<=50K,12978
4,14,*,*,7,*,*,*,Male,*,<=50K,12979
4,20,*,*,10,*,*,*,Male,*,>50K,12980
4,18,*,*,9,*,*,*,Male,*,<=50K,12981
4,18,*,*,9,*,*,*,Male,*,<=50K,12983
4,14,*,*,7,*,*,*,Male,*,<=50K,12985
4,17,*,*,9,*,*,*,Female,*,<=50K,12986
4,20,*,*,10,*,*,*,Male,*,>50K,12987
4,18,*,*,9,*,*,*,Male,*,<=50K,12988
4,19,*,*,10,*,*,*,Female,*,<=50K,12991
4,8,*,*,4,*,*,*,Male,*,<=50K,12992
4,20,*,*,10,*,*,*,Male,*,<=50K,12993
4,29,*,*,15,*,*,*,Female,*,<=50K,12994
4,22,*,*,11,*,*,*,Male,*,>50K,12995
4,20,*,*,10,*,*,*,Male,*,<=50K,12996
4,28,*,*,14,*,*,*,Male,*,<=50K,12997
4,17,*,*,9,*,*,*,Female,*,<=50K,12998
4,23,*,*,12,*,*,*,Female,*,<=50K,12999
4,19,*,*,10,*,*,*,Female,*,<=50K,13000
4,17,*,*,9,*,*,*,Female,*,<=50K,13001
4,20,*,*,10,*,*,*,Male,*,<=50K,13002
4,18,*,*,9,*,*,*,Male,*,<=50K,13003
4,18,*,*,9,*,*,*,Male,*,>50K,13004
4,17,*,*,9,*,*,*,Female,*,<=50K,13005
4,19,*,*,10,*,*,*,Female,*,<=50K,13006
4,20,*,*,10,*,*,*,Male,*,<=50K,13008
4,18,*,*,9,*,*,*,Male,*,<=50K,13010
4,18,*,*,9,*,*,*,Male,*,<=50K,13011
4,18,*,*,9,*,*,*,Male,*,>50K,13012
4,22,*,*,11,*,*,*,Male,*,<=50K,13013
4,21,*,*,11,*,*,*,Female,*,<=50K,13014
4,12,*,*,6,*,*,*,Male,*,<=50K,13015
4,13,*,*,7,*,*,*,Female,*,<=50K,13016
4,18,*,*,9,*,*,*,Male,*,<=50K,13017
4,28,*,*,14,*,*,*,Male,*,<=50K,13018
4,18,*,*,9,*,*,*,Male,*,<=50K,13019
4,17,*,*,9,*,*,*,Female,*,<=50K,13020
4,20,*,*,10,*,*,*,Male,*,<=50K,13021
4,26,*,*,13,*,*,*,Male,*,<=50K,13022
4,20,*,*,10,*,*,*,Male,*,>50K,13023
4,21,*,*,11,*,*,*,Female,*,<=50K,13024
4,25,*,*,13,*,*,*,Female,*,<=50K,13025
4,18,*,*,9,*,*,*,Male,*,<=50K,13026
4,14,*,*,7,*,*,*,Male,*,<=50K,13027
4,4,*,*,2,*,*,*,Male,*,<=50K,13028
4,16,*,*,8,*,*,*,Male,*,<=50K,13030
4,8,*,*,4,*,*,*,Male,*,<=50K,13032
4,20,*,*,10,*,*,*,Male,*,<=50K,13033
4,26,*,*,13,*,*,*,Male,*,<=50K,13034
4,20,*,*,10,*,*,*,Male,*,<=50K,13036
4,29,*,*,15,*,*,*,Female,*,<=50K,13037
4,18,*,*,9,*,*,*,Male,*,>50K,13038
4,25,*,*,13,*,*,*,Female,*,<=50K,13039
4,17,*,*,9,*,*,*,Female,*,<=50K,13040
4,25,*,*,13,*,*,*,Female,*,<=50K,13041
4,19,*,*,10,*,*,*,Female,*,<=50K,13042
4,26,*,*,13,*,*,*,Male,*,<=50K,13043
4,17,*,*,9,*,*,*,Female,*,<=50K,13045
4,18,*,*,9,*,*,*,Male,*,<=50K,13046
4,18,*,*,9,*,*,*,Male,*,<=50K,13047
4,19,*,*,10,*,*,*,Female,*,<=50K,13048
4,19,*,*,10,*,*,*,Female,*,<=50K,13049
4,20,*,*,10,*,*,*,Male,*,<=50K,13050
4,28,*,*,14,*,*,*,Male,*,>50K,13051
4,18,*,*,9,*,*,*,Male,*,>50K,13052
4,25,*,*,13,*,*,*,Female,*,<=50K,13054
4,17,*,*,9,*,*,*,Female,*,<=50K,13056
4,26,*,*,13,*,*,*,Male,*,>50K,13057
4,17,*,*,9,*,*,*,Female,*,<=50K,13058
4,18,*,*,9,*,*,*,Male,*,<=50K,13059
4,18,*,*,9,*,*,*,Male,*,<=50K,13060
4,18,*,*,9,*,*,*,Male,*,<=50K,13061
4,25,*,*,13,*,*,*,Female,*,<=50K,13062
4,13,*,*,7,*,*,*,Female,*,<=50K,13063
4,20,*,*,10,*,*,*,Male,*,<=50K,13065
4,14,*,*,7,*,*,*,Male,*,<=50K,13066
4,26,*,*,13,*,*,*,Male,*,<=50K,13068
4,18,*,*,9,*,*,*,Male,*,<=50K,13069
4,18,*,*,9,*,*,*,Male,*,<=50K,13070
4,25,*,*,13,*,*,*,Female,*,<=50K,13071
4,17,*,*,9,*,*,*,Female,*,<=50K,13073
4,26,*,*,13,*,*,*,Male,*,>50K,13075
4,2,*,*,1,*,*,*,Male,*,<=50K,13076
4,18,*,*,9,*,*,*,Male,*,<=50K,13077
4,17,*,*,9,*,*,*,Female,*,<=50K,13079
4,17,*,*,9,*,*,*,Female,*,<=50K,13081
4,12,*,*,6,*,*,*,Male,*,<=50K,13082
4,19,*,*,10,*,*,*,Female,*,<=50K,13083
4,17,*,*,9,*,*,*,Female,*,<=50K,13084
4,20,*,*,10,*,*,*,Male,*,<=50K,13085
4,7,*,*,4,*,*,*,Female,*,<=50K,13086
4,20,*,*,10,*,*,*,Male,*,<=50K,13087
4,18,*,*,9,*,*,*,Male,*,<=50K,13088
4,18,*,*,9,*,*,*,Male,*,<=50K,13089
4,19,*,*,10,*,*,*,Female,*,<=50K,13091
4,20,*,*,10,*,*,*,Male,*,<=50K,13093
4,18,*,*,9,*,*,*,Male,*,<=50K,13094
4,20,*,*,10,*,*,*,Male,*,<=50K,13095
4,20,*,*,10,*,*,*,Male,*,<=50K,13096
4,18,*,*,9,*,*,*,Male,*,<=50K,13097
4,10,*,*,5,*,*,*,Male,*,<=50K,13098
4,18,*,*,9,*,*,*,Male,*,<=50K,13099
4,19,*,*,10,*,*,*,Female,*,<=50K,13100
4,24,*,*,12,*,*,*,Male,*,<=50K,13101
4,20,*,*,10,*,*,*,Male,*,<=50K,13102
4,18,*,*,9,*,*,*,Male,*,<=50K,13103
4,18,*,*,9,*,*,*,Male,*,>50K,13104
4,20,*,*,10,*,*,*,Male,*,<=50K,13105
4,18,*,*,9,*,*,*,Male,*,<=50K,13106
4,24,*,*,12,*,*,*,Male,*,<=50K,13107
4,17,*,*,9,*,*,*,Female,*,<=50K,13108
4,13,*,*,7,*,*,*,Female,*,<=50K,13109
4,32,*,*,16,*,*,*,Male,*,>50K,13110
4,12,*,*,6,*,*,*,Male,*,<=50K,13111
4,20,*,*,10,*,*,*,Male,*,<=50K,13113
4,26,*,*,13,*,*,*,Male,*,>50K,13114
4,28,*,*,14,*,*,*,Male,*,>50K,13115
4,17,*,*,9,*,*,*,Female,*,<=50K,13116
4,18,*,*,9,*,*,*,Male,*,<=50K,13118
4,17,*,*,9,*,*,*,Female,*,<=50K,13119
4,18,*,*,9,*,*,*,Male,*,>50K,13120
4,26,*,*,13,*,*,*,Male,*,>50K,13122
4,19,*,*,10,*,*,*,Female,*,<=50K,13123
4,19,*,*,10,*,*,*,Female,*,<=50K,13124
4,20,*,*,10,*,*,*,Male,*,<=50K,13125
4,16,*,*,8,*,*,*,Male,*,<=50K,13126
4,26,*,*,13,*,*,*,Male,*,>50K,13127
4,19,*,*,10,*,*,*,Female,*,<=50K,13128
4,20,*,*,10,*,*,*,Male,*,>50K,13129
4,20,*,*,10,*,*,*,Male,*,<=50K,13130
4,17,*,*,9,*,*,*,Female,*,<=50K,13131
4,20,*,*,10,*,*,*,Male,*,<=50K,13132
4,18,*,*,9,*,*,*,Male,*,<=50K,13133
4,18,*,*,9,*,*,*,Male,*,>50K,13134
4,18,*,*,9,*,*,*,Male,*,>50K,13135
4,25,*,*,13,*,*,*,Female,*,<=50K,13136
4,15,*,*,8,*,*,*,Female,*,<=50K,13137
4,21,*,*,11,*,*,*,Female,*,<=50K,13138
4,6,*,*,3,*,*,*,Male,*,<=50K,13139
4,17,*,*,9,*,*,*,Female,*,<=50K,13140
4,27,*,*,14,*,*,*,Female,*,<=50K,13141
4,20,*,*,10,*,*,*,Male,*,<=50K,13143
4,18,*,*,9,*,*,*,Male,*,<=50K,13145
4,26,*,*,13,*,*,*,Male,*,<=50K,13146
4,32,*,*,16,*,*,*,Male,*,>50K,13148
4,18,*,*,9,*,*,*,Male,*,<=50K,13149
4,8,*,*,4,*,*,*,Male,*,>50K,13150
4,19,*,*,10,*,*,*,Female,*,<=50K,13152
4,17,*,*,9,*,*,*,Female,*,<=50K,13154
4,14,*,*,7,*,*,*,Male,*,<=50K,13156
4,20,*,*,10,*,*,*,Male,*,<=50K,13157
4,18,*,*,9,*,*,*,Male,*,<=50K,13159
4,18,*,*,9,*,*,*,Male,*,>50K,13160
4,25,*,*,13,*,*,*,Female,*,>50K,13161
4,18,*,*,9,*,*,*,Male,*,>50K,13162
4,26,*,*,13,*,*,*,Male,*,>50K,13165
4,19,*,*,10,*,*,*,Female,*,<=50K,13166
4,26,*,*,13,*,*,*,Male,*,>50K,13167
4,18,*,*,9,*,*,*,Male,*,<=50K,13168
4,26,*,*,13,*,*,*,Male,*,<=50K,13170
4,6,*,*,3,*,*,*,Male,*,<=50K,13171
4,18,*,*,9,*,*,*,Male,*,<=50K,13172
4,17,*,*,9,*,*,*,Female,*,<=50K,13174
4,22,*,*,11,*,*,*,Male,*,<=50K,13175
4,20,*,*,10,*,*,*,Male,*,>50K,13176
4,18,*,*,9,*,*,*,Male,*,<=50K,13177
4,19,*,*,10,*,*,*,Female,*,<=50K,13178
4,23,*,*,12,*,*,*,Female,*,<=50K,13179
4,20,*,*,10,*,*,*,Male,*,<=50K,13180
4,19,*,*,10,*,*,*,Female,*,<=50K,13181
4,20,*,*,10,*,*,*,Male,*,<=50K,13183
4,26,*,*,13,*,*,*,Male,*,>50K,13184
4,19,*,*,10,*,*,*,Female,*,<=50K,13185
4,20,*,*,10,*,*,*,Male,*,<=50K,13186
4,20,*,*,10,*,*,*,Male,*,<=50K,13187
4,26,*,*,13,*,*,*,Male,*,<=50K,13189
4,18,*,*,9,*,*,*,Male,*,<=50K,13191
4,18,*,*,9,*,*,*,Male,*,<=50K,13192
4,26,*,*,13,*,*,*,Male,*,<=50K,13193
4,20,*,*,10,*,*,*,Male,*,<=50K,13194
4,19,*,*,10,*,*,*,Female,*,<=50K,13195
4,20,*,*,10,*,*,*,Male,*,<=50K,13196
4,11,*,*,6,*,*,*,Female,*,<=50K,13197
4,26,*,*,13,*,*,*,Male,*,<=50K,13198
4,17,*,*,9,*,*,*,Female,*,<=50K,13200
4,26,*,*,13,*,*,*,Male,*,>50K,13201
4,26,*,*,13,*,*,*,Male,*,>50K,13202
4,26,*,*,13,*,*,*,Male,*,<=50K,13203
4,25,*,*,13,*,*,*,Female,*,<=50K,13204
4,18,*,*,9,*,*,*,Male,*,<=50K,13205
4,20,*,*,10,*,*,*,Male,*,<=50K,13206
4,20,*,*,10,*,*,*,Male,*,<=50K,13207
4,13,*,*,7,*,*,*,Female,*,<=50K,13208
4,26,*,*,13,*,*,*,Male,*,<=50K,13209
4,17,*,*,9,*,*,*,Female,*,<=50K,13210
4,17,*,*,9,*,*,*,Female,*,<=50K,13211
4,18,*,*,9,*,*,*,Male,*,<=50K,13212
4,12,*,*,6,*,*,*,Male,*,<=50K,13216
4,8,*,*,4,*,*,*,Male,*,<=50K,13217
4,17,*,*,9,*,*,*,Female,*,>50K,13218
4,18,*,*,9,*,*,*,Male,*,>50K,13219
4,26,*,*,13,*,*,*,Male,*,>50K,13221
4,25,*,*,13,*,*,*,Female,*,<=50K,13222
4,18,*,*,9,*,*,*,Male,*,<=50K,13223
4,18,*,*,9,*,*,*,Male,*,<=50K,13224
4,17,*,*,9,*,*,*,Female,*,<=50K,13225
4,25,*,*,13,*,*,*,Female,*,<=50K,13226
4,20,*,*,10,*,*,*,Male,*,<=50K,13227
4,18,*,*,9,*,*,*,Male,*,<=50K,13228
4,18,*,*,9,*,*,*,Male,*,<=50K,13229
4,17,*,*,9,*,*,*,Female,*,<=50K,13230
4,26,*,*,13,*,*,*,Male,*,>50K,13231
4,26,*,*,13,*,*,*,Male,*,>50K,13232
4,17,*,*,9,*,*,*,Female,*,<=50K,13233
4,13,*,*,7,*,*,*,Female,*,<=50K,13234
4,13,*,*,7,*,*,*,Female,*,<=50K,13235
4,32,*,*,16,*,*,*,Male,*,>50K,13238
4,26,*,*,13,*,*,*,Male,*,>50K,13239
4,22,*,*,11,*,*,*,Male,*,<=50K,13240
4,32,*,*,16,*,*,*,Male,*,<=50K,13241
4,18,*,*,9,*,*,*,Male,*,<=50K,13245
4,18,*,*,9,*,*,*,Male,*,<=50K,13246
4,12,*,*,6,*,*,*,Male,*,<=50K,13248
4,19,*,*,10,*,*,*,Female,*,<=50K,13249
4,18,*,*,9,*,*,*,Male,*,<=50K,13250
4,17,*,*,9,*,*,*,Female,*,<=50K,13251
4,25,*,*,13,*,*,*,Female,*,>50K,13252
4,26,*,*,13,*,*,*,Male,*,>50K,13253
4,19,*,*,10,*,*,*,Female,*,<=50K,13254
4,19,*,*,10,*,*,*,Female,*,<=50K,13255
4,19,*,*,10,*,*,*,Female,*,<=50K,13256
4,27,*,*,14,*,*,*,Female,*,<=50K,13257
4,19,*,*,10,*,*,*,Female,*,<=50K,13258
4,18,*,*,9,*,*,*,Male,*,<=50K,13259
4,12,*,*,6,*,*,*,Male,*,<=50K,13260
4,28,*,*,14,*,*,*,Male,*,>50K,13261
4,26,*,*,13,*,*,*,Male,*,>50K,13263
4,20,*,*,10,*,*,*,Male,*,<=50K,13265
4,20,*,*,10,*,*,*,Male,*,<=50K,13266
4,6,*,*,3,*,*,*,Male,*,<=50K,13267
4,14,*,*,7,*,*,*,Male,*,<=50K,13268
4,18,*,*,9,*,*,*,Male,*,<=50K,13269
4,20,*,*,10,*,*,*,Male,*,>50K,13270
4,25,*,*,13,*,*,*,Female,*,<=50K,13271
4,18,*,*,9,*,*,*,Male,*,<=50K,13272
4,17,*,*,9,*,*,*,Female,*,<=50K,13273
4,18,*,*,9,*,*,*,Male,*,>50K,13275
4,26,*,*,13,*,*,*,Male,*,<=50K,13276
4,18,*,*,9,*,*,*,Male,*,>50K,13277
4,19,*,*,10,*,*,*,Female,*,>50K,13278
4,32,*,*,16,*,*,*,Male,*,>50K,13279
4,20,*,*,10,*,*,*,Male,*,>50K,13280
4,22,*,*,11,*,*,*,Male,*,>50K,13281
4,25,*,*,13,*,*,*,Female,*,<=50K,13282
4,26,*,*,13,*,*,*,Male,*,<=50K,13284
4,11,*,*,6,*,*,*,Female,*,<=50K,13285
4,9,*,*,5,*,*,*,Female,*,<=50K,13286
4,18,*,*,9,*,*,*,Male,*,<=50K,13288
4,18,*,*,9,*,*,*,Male,*,<=50K,13289
4,11,*,*,6,*,*,*,Female,*,<=50K,13290
4,26,*,*,13,*,*,*,Male,*,<=50K,13291
4,10,*,*,5,*,*,*,Male,*,<=50K,13292
4,20,*,*,10,*,*,*,Male,*,<=50K,13293
4,19,*,*,10,*,*,*,Female,*,<=50K,13294
4,19,*,*,10,*,*,*,Female,*,<=50K,13296
4,18,*,*,9,*,*,*,Male,*,<=50K,13298
4,25,*,*,13,*,*,*,Female,*,<=50K,13299
4,20,*,*,10,*,*,*,Male,*,>50K,13301
4,18,*,*,9,*,*,*,Male,*,>50K,13302
4,26,*,*,13,*,*,*,Male,*,<=50K,13303
4,18,*,*,9,*,*,*,Male,*,<=50K,13304
4,18,*,*,9,*,*,*,Male,*,<=50K,13305
4,20,*,*,10,*,*,*,Male,*,<=50K,13306
4,26,*,*,13,*,*,*,Male,*,<=50K,13307
4,26,*,*,13,*,*,*,Male,*,<=50K,13308
4,20,*,*,10,*,*,*,Male,*,<=50K,13309
4,25,*,*,13,*,*,*,Female,*,<=50K,13311
4,19,*,*,10,*,*,*,Female,*,<=50K,13313
4,18,*,*,9,*,*,*,Male,*,<=50K,13315
4,18,*,*,9,*,*,*,Male,*,>50K,13316
4,20,*,*,10,*,*,*,Male,*,>50K,13317
4,27,*,*,14,*,*,*,Female,*,<=50K,13318
4,13,*,*,7,*,*,*,Female,*,<=50K,13320
4,20,*,*,10,*,*,*,Male,*,<=50K,13321
4,18,*,*,9,*,*,*,Male,*,<=50K,13323
4,18,*,*,9,*,*,*,Male,*,<=50K,13324
4,26,*,*,13,*,*,*,Male,*,<=50K,13325
4,21,*,*,11,*,*,*,Female,*,<=50K,13327
4,28,*,*,14,*,*,*,Male,*,>50K,13328
4,22,*,*,11,*,*,*,Male,*,<=50K,13329
4,11,*,*,6,*,*,*,Female,*,<=50K,13330
4,28,*,*,14,*,*,*,Male,*,<=50K,13331
4,18,*,*,9,*,*,*,Male,*,<=50K,13332
4,21,*,*,11,*,*,*,Female,*,<=50K,13333
4,28,*,*,14,*,*,*,Male,*,>50K,13334
4,20,*,*,10,*,*,*,Male,*,<=50K,13335
4,17,*,*,9,*,*,*,Female,*,<=50K,13336
4,20,*,*,10,*,*,*,Male,*,<=50K,13337
4,17,*,*,9,*,*,*,Female,*,<=50K,13338
4,14,*,*,7,*,*,*,Male,*,>50K,13339
4,26,*,*,13,*,*,*,Male,*,<=50K,13340
4,20,*,*,10,*,*,*,Male,*,<=50K,13343
4,18,*,*,9,*,*,*,Male,*,<=50K,13344
4,26,*,*,13,*,*,*,Male,*,<=50K,13345
4,8,*,*,4,*,*,*,Male,*,<=50K,13346
4,13,*,*,7,*,*,*,Female,*,<=50K,13347
4,13,*,*,7,*,*,*,Female,*,<=50K,13348
4,19,*,*,10,*,*,*,Female,*,<=50K,13349
4,26,*,*,13,*,*,*,Male,*,<=50K,13350
4,18,*,*,9,*,*,*,Male,*,<=50K,13351
4,17,*,*,9,*,*,*,Female,*,<=50K,13352
4,17,*,*,9,*,*,*,Female,*,<=50K,13353
4,20,*,*,10,*,*,*,Male,*,<=50K,13355
4,20,*,*,10,*,*,*,Male,*,<=50K,13356
4,18,*,*,9,*,*,*,Male,*,>50K,13359
4,17,*,*,9,*,*,*,Female,*,<=50K,13360
4,13,*,*,7,*,*,*,Female,*,<=50K,13361
4,18,*,*,9,*,*,*,Male,*,<=50K,13362
4,26,*,*,13,*,*,*,Male,*,>50K,13363
4,17,*,*,9,*,*,*,Female,*,<=50K,13364
4,18,*,*,9,*,*,*,Male,*,<=50K,13365
4,27,*,*,14,*,*,*,Female,*,<=50K,13366
4,27,*,*,14,*,*,*,Female,*,<=50K,13368
4,22,*,*,11,*,*,*,Male,*,>50K,13369
4,24,*,*,12,*,*,*,Male,*,>50K,13370
4,14,*,*,7,*,*,*,Male,*,<=50K,13371
4,17,*,*,9,*,*,*,Female,*,<=50K,13372
4,32,*,*,16,*,*,*,Male,*,<=50K,13373
4,25,*,*,13,*,*,*,Female,*,<=50K,13375
4,18,*,*,9,*,*,*,Male,*,<=50K,13376
4,23,*,*,12,*,*,*,Female,*,<=50K,13377
4,18,*,*,9,*,*,*,Male,*,<=50K,13378
4,17,*,*,9,*,*,*,Female,*,<=50K,13379
4,20,*,*,10,*,*,*,Male,*,<=50K,13380
4,18,*,*,9,*,*,*,Male,*,<=50K,13381
4,30,*,*,15,*,*,*,Male,*,>50K,13382
4,26,*,*,13,*,*,*,Male,*,<=50K,13383
4,19,*,*,10,*,*,*,Female,*,<=50K,13384
4,18,*,*,9,*,*,*,Male,*,<=50K,13385
4,26,*,*,13,*,*,*,Male,*,<=50K,13386
4,18,*,*,9,*,*,*,Male,*,<=50K,13387
4,19,*,*,10,*,*,*,Female,*,<=50K,13388
4,28,*,*,14,*,*,*,Male,*,>50K,13390
4,18,*,*,9,*,*,*,Male,*,<=50K,13391
4,18,*,*,9,*,*,*,Male,*,<=50K,13392
4,11,*,*,6,*,*,*,Female,*,<=50K,13393
4,18,*,*,9,*,*,*,Male,*,<=50K,13394
4,26,*,*,13,*,*,*,Male,*,>50K,13395
4,19,*,*,10,*,*,*,Female,*,<=50K,13397
4,28,*,*,14,*,*,*,Male,*,>50K,13398
4,25,*,*,13,*,*,*,Female,*,<=50K,13399
4,18,*,*,9,*,*,*,Male,*,<=50K,13400
4,17,*,*,9,*,*,*,Female,*,<=50K,13401
4,19,*,*,10,*,*,*,Female,*,<=50K,13402
4,15,*,*,8,*,*,*,Female,*,<=50K,13404
4,18,*,*,9,*,*,*,Male,*,<=50K,13405
4,21,*,*,11,*,*,*,Female,*,<=50K,13406
4,18,*,*,9,*,*,*,Male,*,<=50K,13408
4,28,*,*,14,*,*,*,Male,*,>50K,13410
4,30,*,*,15,*,*,*,Male,*,>50K,13411
4,17,*,*,9,*,*,*,Female,*,<=50K,13412
4,18,*,*,9,*,*,*,Male,*,<=50K,13413
4,10,*,*,5,*,*,*,Male,*,<=50K,13415
4,26,*,*,13,*,*,*,Male,*,<=50K,13416
4,17,*,*,9,*,*,*,Female,*,<=50K,13418
4,18,*,*,9,*,*,*,Male,*,<=50K,13419
4,25,*,*,13,*,*,*,Female,*,<=50K,13420
4,18,*,*,9,*,*,*,Male,*,<=50K,13421
4,19,*,*,10,*,*,*,Female,*,<=50K,13422
4,17,*,*,9,*,*,*,Female,*,>50K,13423
4,19,*,*,10,*,*,*,Female,*,<=50K,13425
4,20,*,*,10,*,*,*,Male,*,<=50K,13426
4,18,*,*,9,*,*,*,Male,*,<=50K,13427
4,20,*,*,10,*,*,*,Male,*,<=50K,13429
4,18,*,*,9,*,*,*,Male,*,<=50K,13430
4,19,*,*,10,*,*,*,Female,*,>50K,13431
4,7,*,*,4,*,*,*,Female,*,<=50K,13432
4,20,*,*,10,*,*,*,Male,*,>50K,13433
4,17,*,*,9,*,*,*,Female,*,<=50K,13434
4,25,*,*,13,*,*,*,Female,*,<=50K,13435
4,20,*,*,10,*,*,*,Male,*,<=50K,13436
4,26,*,*,13,*,*,*,Male,*,>50K,13437
4,20,*,*,10,*,*,*,Male,*,>50K,13438
4,19,*,*,10,*,*,*,Female,*,<=50K,13439
4,17,*,*,9,*,*,*,Female,*,<=50K,13440
4,9,*,*,5,*,*,*,Female,*,<=50K,13441
4,18,*,*,9,*,*,*,Male,*,<=50K,13443
4,28,*,*,14,*,*,*,Male,*,<=50K,13444
4,17,*,*,9,*,*,*,Female,*,<=50K,13445
4,20,*,*,10,*,*,*,Male,*,>50K,13446
4,20,*,*,10,*,*,*,Male,*,<=50K,13447
4,20,*,*,10,*,*,*,Male,*,<=50K,13448
4,18,*,*,9,*,*,*,Male,*,<=50K,13449
4,26,*,*,13,*,*,*,Male,*,>50K,13450
4,26,*,*,13,*,*,*,Male,*,<=50K,13451
4,19,*,*,10,*,*,*,Female,*,>50K,13452
4,17,*,*,9,*,*,*,Female,*,<=50K,13453
4,26,*,*,13,*,*,*,Male,*,<=50K,13454
4,20,*,*,10,*,*,*,Male,*,<=50K,13455
4,3,*,*,2,*,*,*,Female,*,<=50K,13457
4,11,*,*,6,*,*,*,Female,*,<=50K,13458
4,20,*,*,10,*,*,*,Male,*,>50K,13459
4,17,*,*,9,*,*,*,Female,*,<=50K,13460
4,28,*,*,14,*,*,*,Male,*,>50K,13461
4,28,*,*,14,*,*,*,Male,*,>50K,13462
4,18,*,*,9,*,*,*,Male,*,<=50K,13464
4,12,*,*,6,*,*,*,Male,*,<=50K,13465
4,28,*,*,14,*,*,*,Male,*,>50K,13466
4,23,*,*,12,*,*,*,Female,*,<=50K,13468
4,27,*,*,14,*,*,*,Female,*,>50K,13470
4,20,*,*,10,*,*,*,Male,*,>50K,13471
4,16,*,*,8,*,*,*,Male,*,>50K,13475
4,18,*,*,9,*,*,*,Male,*,<=50K,13476
4,25,*,*,13,*,*,*,Female,*,<=50K,13477
4,18,*,*,9,*,*,*,Male,*,<=50K,13478
4,19,*,*,10,*,*,*,Female,*,<=50K,13479
4,18,*,*,9,*,*,*,Male,*,<=50K,13480
4,19,*,*,10,*,*,*,Female,*,<=50K,13481
4,20,*,*,10,*,*,*,Male,*,<=50K,13482
4,12,*,*,6,*,*,*,Male,*,<=50K,13484
4,18,*,*,9,*,*,*,Male,*,<=50K,13486
4,28,*,*,14,*,*,*,Male,*,<=50K,13487
4,4,*,*,2,*,*,*,Male,*,<=50K,13488
4,18,*,*,9,*,*,*,Male,*,<=50K,13490
4,22,*,*,11,*,*,*,Male,*,>50K,13491
4,12,*,*,6,*,*,*,Male,*,<=50K,13493
4,28,*,*,14,*,*,*,Male,*,<=50K,13494
4,18,*,*,9,*,*,*,Male,*,<=50K,13495
4,21,*,*,11,*,*,*,Female,*,<=50K,13496
4,8,*,*,4,*,*,*,Male,*,<=50K,13497
4,18,*,*,9,*,*,*,Male,*,>50K,13498
4,23,*,*,12,*,*,*,Female,*,<=50K,13499
4,20,*,*,10,*,*,*,Male,*,<=50K,13500
4,19,*,*,10,*,*,*,Female,*,<=50K,13501
4,19,*,*,10,*,*,*,Female,*,>50K,13504
4,19,*,*,10,*,*,*,Female,*,<=50K,13507
4,20,*,*,10,*,*,*,Male,*,<=50K,13508
4,20,*,*,10,*,*,*,Male,*,>50K,13511
4,17,*,*,9,*,*,*,Female,*,<=50K,13512
4,28,*,*,14,*,*,*,Male,*,<=50K,13513
4,16,*,*,8,*,*,*,Male,*,<=50K,13514
4,18,*,*,9,*,*,*,Male,*,<=50K,13515
4,18,*,*,9,*,*,*,Male,*,<=50K,13518
4,21,*,*,11,*,*,*,Female,*,<=50K,13519
4,20,*,*,10,*,*,*,Male,*,<=50K,13521
4,25,*,*,13,*,*,*,Female,*,<=50K,13522
4,18,*,*,9,*,*,*,Male,*,<=50K,13523
4,18,*,*,9,*,*,*,Male,*,<=50K,13524
4,18,*,*,9,*,*,*,Male,*,<=50K,13525
4,26,*,*,13,*,*,*,Male,*,<=50K,13526
4,19,*,*,10,*,*,*,Female,*,>50K,13527
4,21,*,*,11,*,*,*,Female,*,<=50K,13528
4,18,*,*,9,*,*,*,Male,*,>50K,13529
4,32,*,*,16,*,*,*,Male,*,>50K,13530
4,18,*,*,9,*,*,*,Male,*,<=50K,13532
4,19,*,*,10,*,*,*,Female,*,<=50K,13533
4,12,*,*,6,*,*,*,Male,*,<=50K,13534
4,19,*,*,10,*,*,*,Female,*,<=50K,13536
4,17,*,*,9,*,*,*,Female,*,<=50K,13537
4,26,*,*,13,*,*,*,Male,*,<=50K,13538
4,28,*,*,14,*,*,*,Male,*,>50K,13539
4,20,*,*,10,*,*,*,Male,*,>50K,13540
4,26,*,*,13,*,*,*,Male,*,<=50K,13542
4,18,*,*,9,*,*,*,Male,*,<=50K,13543
4,26,*,*,13,*,*,*,Male,*,<=50K,13544
4,18,*,*,9,*,*,*,Male,*,<=50K,13545
4,20,*,*,10,*,*,*,Male,*,<=50K,13548
4,18,*,*,9,*,*,*,Male,*,<=50K,13549
4,17,*,*,9,*,*,*,Female,*,<=50K,13551
4,25,*,*,13,*,*,*,Female,*,<=50K,13554
4,17,*,*,9,*,*,*,Female,*,<=50K,13555
4,18,*,*,9,*,*,*,Male,*,<=50K,13556
4,20,*,*,10,*,*,*,Male,*,<=50K,13557
4,17,*,*,9,*,*,*,Female,*,>50K,13558
4,17,*,*,9,*,*,*,Female,*,<=50K,13559
4,18,*,*,9,*,*,*,Male,*,<=50K,13560
4,19,*,*,10,*,*,*,Female,*,>50K,13561
4,17,*,*,9,*,*,*,Female,*,<=50K,13562
4,26,*,*,13,*,*,*,Male,*,<=50K,13564
4,26,*,*,13,*,*,*,Male,*,>50K,13566
4,18,*,*,9,*,*,*,Male,*,<=50K,13567
4,19,*,*,10,*,*,*,Female,*,<=50K,13569
4,5,*,*,3,*,*,*,Female,*,<=50K,13570
4,17,*,*,9,*,*,*,Female,*,<=50K,13571
4,19,*,*,10,*,*,*,Female,*,<=50K,13572
4,18,*,*,9,*,*,*,Male,*,<=50K,13573
4,18,*,*,9,*,*,*,Male,*,<=50K,13574
4,19,*,*,10,*,*,*,Female,*,<=50K,13575
4,21,*,*,11,*,*,*,Female,*,<=50K,13576
4,20,*,*,10,*,*,*,Male,*,<=50K,13577
4,23,*,*,12,*,*,*,Female,*,<=50K,13578
4,18,*,*,9,*,*,*,Male,*,>50K,13579
4,4,*,*,2,*,*,*,Male,*,<=50K,13581
4,20,*,*,10,*,*,*,Male,*,>50K,13582
4,27,*,*,14,*,*,*,Female,*,>50K,13583
4,18,*,*,9,*,*,*,Male,*,<=50K,13584
4,25,*,*,13,*,*,*,Female,*,<=50K,13585
4,18,*,*,9,*,*,*,Male,*,<=50K,13586
4,30,*,*,15,*,*,*,Male,*,<=50K,13588
4,18,*,*,9,*,*,*,Male,*,<=50K,13589
4,17,*,*,9,*,*,*,Female,*,<=50K,13590
4,26,*,*,13,*,*,*,Male,*,<=50K,13591
4,26,*,*,13,*,*,*,Male,*,<=50K,13592
4,26,*,*,13,*,*,*,Male,*,<=50K,13593
4,28,*,*,14,*,*,*,Male,*,>50K,13594
4,22,*,*,11,*,*,*,Male,*,<=50K,13595
4,17,*,*,9,*,*,*,Female,*,<=50K,13596
4,18,*,*,9,*,*,*,Male,*,<=50K,13597
4,20,*,*,10,*,*,*,Male,*,<=50K,13598
4,22,*,*,11,*,*,*,Male,*,<=50K,13600
4,20,*,*,10,*,*,*,Male,*,<=50K,13602
4,19,*,*,10,*,*,*,Female,*,<=50K,13603
4,17,*,*,9,*,*,*,Female,*,>50K,13604
4,12,*,*,6,*,*,*,Male,*,<=50K,13605
4,25,*,*,13,*,*,*,Female,*,<=50K,13606
4,18,*,*,9,*,*,*,Male,*,>50K,13607
4,19,*,*,10,*,*,*,Female,*,<=50K,13609
4,30,*,*,15,*,*,*,Male,*,>50K,13610
4,19,*,*,10,*,*,*,Female,*,<=50K,13612
4,17,*,*,9,*,*,*,Female,*,<=50K,13613
4,12,*,*,6,*,*,*,Male,*,>50K,13614
4,22,*,*,11,*,*,*,Male,*,<=50K,13615
4,19,*,*,10,*,*,*,Female,*,<=50K,13616
4,20,*,*,10,*,*,*,Male,*,>50K,13617
4,8,*,*,4,*,*,*,Male,*,<=50K,13618
4,17,*,*,9,*,*,*,Female,*,<=50K,13619
4,20,*,*,10,*,*,*,Male,*,<=50K,13620
4,19,*,*,10,*,*,*,Female,*,<=50K,13622
4,25,*,*,13,*,*,*,Female,*,<=50K,13623
4,19,*,*,10,*,*,*,Female,*,<=50K,13624
4,18,*,*,9,*,*,*,Male,*,<=50K,13626
4,21,*,*,11,*,*,*,Female,*,<=50K,13627
4,17,*,*,9,*,*,*,Female,*,<=50K,13628
4,18,*,*,9,*,*,*,Male,*,<=50K,13629
4,26,*,*,13,*,*,*,Male,*,>50K,13630
4,26,*,*,13,*,*,*,Male,*,<=50K,13631
4,9,*,*,5,*,*,*,Female,*,<=50K,13633
4,17,*,*,9,*,*,*,Female,*,<=50K,13634
4,24,*,*,12,*,*,*,Male,*,<=50K,13635
4,26,*,*,13,*,*,*,Male,*,<=50K,13636
4,20,*,*,10,*,*,*,Male,*,<=50K,13637
4,27,*,*,14,*,*,*,Female,*,<=50K,13638
4,13,*,*,7,*,*,*,Female,*,<=50K,13639
4,20,*,*,10,*,*,*,Male,*,<=50K,13640
4,30,*,*,15,*,*,*,Male,*,>50K,13641
4,18,*,*,9,*,*,*,Male,*,<=50K,13642
4,18,*,*,9,*,*,*,Male,*,>50K,13643
4,18,*,*,9,*,*,*,Male,*,<=50K,13644
4,6,*,*,3,*,*,*,Male,*,<=50K,13645
4,18,*,*,9,*,*,*,Male,*,<=50K,13646
4,20,*,*,10,*,*,*,Male,*,<=50K,13647
4,18,*,*,9,*,*,*,Male,*,>50K,13648
4,18,*,*,9,*,*,*,Male,*,<=50K,13649
4,18,*,*,9,*,*,*,Male,*,<=50K,13650
4,18,*,*,9,*,*,*,Male,*,<=50K,13651
4,18,*,*,9,*,*,*,Male,*,<=50K,13652
4,11,*,*,6,*,*,*,Female,*,<=50K,13653
4,18,*,*,9,*,*,*,Male,*,<=50K,13654
4,32,*,*,16,*,*,*,Male,*,<=50K,13655
4,22,*,*,11,*,*,*,Male,*,<=50K,13656
4,18,*,*,9,*,*,*,Male,*,<=50K,13657
4,17,*,*,9,*,*,*,Female,*,<=50K,13658
4,18,*,*,9,*,*,*,Male,*,<=50K,13659
4,24,*,*,12,*,*,*,Male,*,<=50K,13660
4,17,*,*,9,*,*,*,Female,*,<=50K,13661
4,18,*,*,9,*,*,*,Male,*,<=50K,13662
4,18,*,*,9,*,*,*,Male,*,>50K,13663
4,22,*,*,11,*,*,*,Male,*,<=50K,13664
4,15,*,*,8,*,*,*,Female,*,<=50K,13665
4,17,*,*,9,*,*,*,Female,*,>50K,13666
4,17,*,*,9,*,*,*,Female,*,<=50K,13667
4,18,*,*,9,*,*,*,Male,*,<=50K,13668
4,19,*,*,10,*,*,*,Female,*,<=50K,13669
4,22,*,*,11,*,*,*,Male,*,<=50K,13670
4,19,*,*,10,*,*,*,Female,*,<=50K,13672
4,17,*,*,9,*,*,*,Female,*,<=50K,13673
4,7,*,*,4,*,*,*,Female,*,<=50K,13674
4,20,*,*,10,*,*,*,Male,*,<=50K,13675
4,18,*,*,9,*,*,*,Male,*,>50K,13676
4,17,*,*,9,*,*,*,Female,*,<=50K,13679
4,19,*,*,10,*,*,*,Female,*,<=50K,13680
4,17,*,*,9,*,*,*,Female,*,<=50K,13681
4,17,*,*,9,*,*,*,Female,*,<=50K,13682
4,20,*,*,10,*,*,*,Male,*,<=50K,13683
4,28,*,*,14,*,*,*,Male,*,<=50K,13685
4,26,*,*,13,*,*,*,Male,*,>50K,13686
4,28,*,*,14,*,*,*,Male,*,>50K,13687
4,18,*,*,9,*,*,*,Male,*,>50K,13690
4,25,*,*,13,*,*,*,Female,*,<=50K,13691
4,23,*,*,12,*,*,*,Female,*,<=50K,13692
4,17,*,*,9,*,*,*,Female,*,<=50K,13694
4,20,*,*,10,*,*,*,Male,*,<=50K,13696
4,20,*,*,10,*,*,*,Male,*,<=50K,13698
4,18,*,*,9,*,*,*,Male,*,<=50K,13701
4,18,*,*,9,*,*,*,Male,*,<=50K,13702
4,9,*,*,5,*,*,*,Female,*,<=50K,13703
4,18,*,*,9,*,*,*,Male,*,>50K,13704
4,19,*,*,10,*,*,*,Female,*,<=50K,13706
4,18,*,*,9,*,*,*,Male,*,<=50K,13707
4,17,*,*,9,*,*,*,Female,*,<=50K,13708
4,28,*,*,14,*,*,*,Male,*,>50K,13709
4,18,*,*,9,*,*,*,Male,*,<=50K,13710
4,20,*,*,10,*,*,*,Male,*,>50K,13712
4,19,*,*,10,*,*,*,Female,*,<=50K,13713
4,18,*,*,9,*,*,*,Male,*,<=50K,13714
4,20,*,*,10,*,*,*,Male,*,<=50K,13715
4,12,*,*,6,*,*,*,Male,*,<=50K,13716
4,17,*,*,9,*,*,*,Female,*,<=50K,13720
4,20,*,*,10,*,*,*,Male,*,<=50K,13721
4,25,*,*,13,*,*,*,Female,*,>50K,13722
4,18,*,*,9,*,*,*,Male,*,<=50K,13723
4,26,*,*,13,*,*,*,Male,*,<=50K,13724
4,17,*,*,9,*,*,*,Female,*,>50K,13726
4,22,*,*,11,*,*,*,Male,*,>50K,13727
4,18,*,*,9,*,*,*,Male,*,<=50K,13729
4,17,*,*,9,*,*,*,Female,*,<=50K,13730
4,26,*,*,13,*,*,*,Male,*,<=50K,13732
4,19,*,*,10,*,*,*,Female,*,<=50K,13733
4,23,*,*,12,*,*,*,Female,*,<=50K,13734
4,17,*,*,9,*,*,*,Female,*,<=50K,13735
4,12,*,*,6,*,*,*,Male,*,<=50K,13736
4,27,*,*,14,*,*,*,Female,*,<=50K,13740
4,26,*,*,13,*,*,*,Male,*,<=50K,13741
4,17,*,*,9,*,*,*,Female,*,<=50K,13743
4,26,*,*,13,*,*,*,Male,*,<=50K,13745
4,17,*,*,9,*,*,*,Female,*,>50K,13746
4,20,*,*,10,*,*,*,Male,*,<=50K,13747
4,18,*,*,9,*,*,*,Male,*,>50K,13748
4,18,*,*,9,*,*,*,Male,*,<=50K,13749
4,26,*,*,13,*,*,*,Male,*,<=50K,13750
4,26,*,*,13,*,*,*,Male,*,<=50K,13753
4,20,*,*,10,*,*,*,Male,*,>50K,13755
4,28,*,*,14,*,*,*,Male,*,>50K,13756
4,19,*,*,10,*,*,*,Female,*,<=50K,13757
4,18,*,*,9,*,*,*,Male,*,>50K,13759
4,18,*,*,9,*,*,*,Male,*,<=50K,13760
4,24,*,*,12,*,*,*,Male,*,>50K,13761
4,8,*,*,4,*,*,*,Male,*,<=50K,13762
4,18,*,*,9,*,*,*,Male,*,>50K,13763
4,20,*,*,10,*,*,*,Male,*,<=50K,13764
4,26,*,*,13,*,*,*,Male,*,>50K,13765
4,18,*,*,9,*,*,*,Male,*,>50K,13766
4,26,*,*,13,*,*,*,Male,*,>50K,13767
4,27,*,*,14,*,*,*,Female,*,>50K,13769
4,19,*,*,10,*,*,*,Female,*,<=50K,13770
4,14,*,*,7,*,*,*,Male,*,<=50K,13771
4,19,*,*,10,*,*,*,Female,*,<=50K,13772
4,23,*,*,12,*,*,*,Female,*,<=50K,13775
4,20,*,*,10,*,*,*,Male,*,<=50K,13776
4,20,*,*,10,*,*,*,Male,*,<=50K,13777
4,18,*,*,9,*,*,*,Male,*,<=50K,13778
4,20,*,*,10,*,*,*,Male,*,>50K,13779
4,19,*,*,10,*,*,*,Female,*,<=50K,13780
4,17,*,*,9,*,*,*,Female,*,<=50K,13781
4,6,*,*,3,*,*,*,Male,*,<=50K,13782
4,17,*,*,9,*,*,*,Female,*,<=50K,13783
4,18,*,*,9,*,*,*,Male,*,<=50K,13784
4,10,*,*,5,*,*,*,Male,*,<=50K,13785
4,18,*,*,9,*,*,*,Male,*,<=50K,13786
4,26,*,*,13,*,*,*,Male,*,<=50K,13789
4,17,*,*,9,*,*,*,Female,*,<=50K,13790
4,19,*,*,10,*,*,*,Female,*,<=50K,13791
4,26,*,*,13,*,*,*,Male,*,<=50K,13792
4,18,*,*,9,*,*,*,Male,*,>50K,13793
4,18,*,*,9,*,*,*,Male,*,<=50K,13794
4,18,*,*,9,*,*,*,Male,*,<=50K,13797
4,26,*,*,13,*,*,*,Male,*,>50K,13800
4,14,*,*,7,*,*,*,Male,*,<=50K,13801
4,18,*,*,9,*,*,*,Male,*,<=50K,13802
4,8,*,*,4,*,*,*,Male,*,<=50K,13803
4,26,*,*,13,*,*,*,Male,*,>50K,13804
4,18,*,*,9,*,*,*,Male,*,>50K,13805
4,18,*,*,9,*,*,*,Male,*,<=50K,13806
4,18,*,*,9,*,*,*,Male,*,<=50K,13808
4,25,*,*,13,*,*,*,Female,*,>50K,13809
4,18,*,*,9,*,*,*,Male,*,>50K,13810
4,27,*,*,14,*,*,*,Female,*,<=50K,13811
4,18,*,*,9,*,*,*,Male,*,<=50K,13812
4,5,*,*,3,*,*,*,Female,*,<=50K,13813
4,18,*,*,9,*,*,*,Male,*,<=50K,13814
4,17,*,*,9,*,*,*,Female,*,<=50K,13815
4,23,*,*,12,*,*,*,Female,*,<=50K,13816
4,18,*,*,9,*,*,*,Male,*,<=50K,13817
4,26,*,*,13,*,*,*,Male,*,<=50K,13819
4,18,*,*,9,*,*,*,Male,*,<=50K,13820
4,25,*,*,13,*,*,*,Female,*,>50K,13821
4,18,*,*,9,*,*,*,Male,*,<=50K,13823
4,18,*,*,9,*,*,*,Male,*,<=50K,13824
4,19,*,*,10,*,*,*,Female,*,<=50K,13826
4,26,*,*,13,*,*,*,Male,*,>50K,13827
4,18,*,*,9,*,*,*,Male,*,<=50K,13828
4,32,*,*,16,*,*,*,Male,*,>50K,13829
4,18,*,*,9,*,*,*,Male,*,<=50K,13830
4,17,*,*,9,*,*,*,Female,*,<=50K,13831
4,14,*,*,7,*,*,*,Male,*,<=50K,13833
4,18,*,*,9,*,*,*,Male,*,<=50K,13834
4,26,*,*,13,*,*,*,Male,*,<=50K,13835
4,24,*,*,12,*,*,*,Male,*,<=50K,13837
4,17,*,*,9,*,*,*,Female,*,<=50K,13838
4,20,*,*,10,*,*,*,Male,*,>50K,13840
4,26,*,*,13,*,*,*,Male,*,>50K,13841
4,18,*,*,9,*,*,*,Male,*,<=50K,13842
4,32,*,*,16,*,*,*,Male,*,>50K,13843
4,20,*,*,10,*,*,*,Male,*,<=50K,13844
4,7,*,*,4,*,*,*,Female,*,<=50K,13845
4,19,*,*,10,*,*,*,Female,*,<=50K,13848
4,20,*,*,10,*,*,*,Male,*,<=50K,13849
4,7,*,*,4,*,*,*,Female,*,<=50K,13850
4,29,*,*,15,*,*,*,Female,*,<=50K,13851
4,25,*,*,13,*,*,*,Female,*,>50K,13852
4,26,*,*,13,*,*,*,Male,*,<=50K,13854
4,20,*,*,10,*,*,*,Male,*,>50K,13855
4,19,*,*,10,*,*,*,Female,*,>50K,13857
4,26,*,*,13,*,*,*,Male,*,<=50K,13858
4,18,*,*,9,*,*,*,Male,*,>50K,13859
4,24,*,*,12,*,*,*,Male,*,<=50K,13860
4,24,*,*,12,*,*,*,Male,*,<=50K,13861
4,8,*,*,4,*,*,*,Male,*,<=50K,13862
4,20,*,*,10,*,*,*,Male,*,<=50K,13863
4,8,*,*,4,*,*,*,Male,*,<=50K,13864
4,17,*,*,9,*,*,*,Female,*,<=50K,13866
4,27,*,*,14,*,*,*,Female,*,<=50K,13867
4,25,*,*,13,*,*,*,Female,*,>50K,13868
4,32,*,*,16,*,*,*,Male,*,>50K,13869
4,18,*,*,9,*,*,*,Male,*,<=50K,13870
4,24,*,*,12,*,*,*,Male,*,<=50K,13871
4,18,*,*,9,*,*,*,Male,*,<=50K,13872
4,17,*,*,9,*,*,*,Female,*,<=50K,13873
4,23,*,*,12,*,*,*,Female,*,<=50K,13874
4,22,*,*,11,*,*,*,Male,*,<=50K,13875
4,11,*,*,6,*,*,*,Female,*,<=50K,13876
4,18,*,*,9,*,*,*,Male,*,>50K,13878
4,26,*,*,13,*,*,*,Male,*,>50K,13879
4,17,*,*,9,*,*,*,Female,*,<=50K,13881
4,9,*,*,5,*,*,*,Female,*,<=50K,13882
4,26,*,*,13,*,*,*,Male,*,<=50K,13885
4,18,*,*,9,*,*,*,Male,*,>50K,13886
4,19,*,*,10,*,*,*,Female,*,<=50K,13887
4,25,*,*,13,*,*,*,Female,*,<=50K,13888
4,19,*,*,10,*,*,*,Female,*,<=50K,13889
4,14,*,*,7,*,*,*,Male,*,<=50K,13890
4,22,*,*,11,*,*,*,Male,*,>50K,13891
4,18,*,*,9,*,*,*,Male,*,<=50K,13892
4,18,*,*,9,*,*,*,Male,*,<=50K,13893
4,11,*,*,6,*,*,*,Female,*,<=50K,13894
4,18,*,*,9,*,*,*,Male,*,<=50K,13895
4,20,*,*,10,*,*,*,Male,*,<=50K,13896
4,26,*,*,13,*,*,*,Male,*,<=50K,13897
4,26,*,*,13,*,*,*,Male,*,<=50K,13898
4,18,*,*,9,*,*,*,Male,*,<=50K,13899
4,18,*,*,9,*,*,*,Male,*,<=50K,13900
4,7,*,*,4,*,*,*,Female,*,<=50K,13901
4,25,*,*,13,*,*,*,Female,*,<=50K,13902
4,19,*,*,10,*,*,*,Female,*,<=50K,13903
4,25,*,*,13,*,*,*,Female,*,<=50K,13906
4,6,*,*,3,*,*,*,Male,*,<=50K,13908
4,17,*,*,9,*,*,*,Female,*,<=50K,13909
4,19,*,*,10,*,*,*,Female,*,<=50K,13910
4,20,*,*,10,*,*,*,Male,*,<=50K,13911
4,27,*,*,14,*,*,*,Female,*,<=50K,13912
4,18,*,*,9,*,*,*,Male,*,<=50K,13913
4,26,*,*,13,*,*,*,Male,*,<=50K,13914
4,20,*,*,10,*,*,*,Male,*,<=50K,13915
4,14,*,*,7,*,*,*,Male,*,<=50K,13916
4,22,*,*,11,*,*,*,Male,*,<=50K,13917
4,27,*,*,14,*,*,*,Female,*,<=50K,13918
4,18,*,*,9,*,*,*,Male,*,<=50K,13919
4,19,*,*,10,*,*,*,Female,*,<=50K,13920
4,18,*,*,9,*,*,*,Male,*,<=50K,13921
4,19,*,*,10,*,*,*,Female,*,<=50K,13922
4,17,*,*,9,*,*,*,Female,*,<=50K,13923
4,18,*,*,9,*,*,*,Male,*,<=50K,13924
4,17,*,*,9,*,*,*,Female,*,<=50K,13927
4,13,*,*,7,*,*,*,Female,*,<=50K,13928
4,19,*,*,10,*,*,*,Female,*,<=50K,13929
4,26,*,*,13,*,*,*,Male,*,<=50K,13930
4,22,*,*,11,*,*,*,Male,*,>50K,13932
4,20,*,*,10,*,*,*,Male,*,<=50K,13933
4,27,*,*,14,*,*,*,Female,*,<=50K,13934
4,26,*,*,13,*,*,*,Male,*,<=50K,13935
4,18,*,*,9,*,*,*,Male,*,<=50K,13936
4,13,*,*,7,*,*,*,Female,*,<=50K,13937
4,12,*,*,6,*,*,*,Male,*,<=50K,13940
4,27,*,*,14,*,*,*,Female,*,<=50K,13942
4,30,*,*,15,*,*,*,Male,*,>50K,13943
4,26,*,*,13,*,*,*,Male,*,<=50K,13944
4,18,*,*,9,*,*,*,Male,*,<=50K,13945
4,20,*,*,10,*,*,*,Male,*,<=50K,13946
4,26,*,*,13,*,*,*,Male,*,>50K,13947
4,18,*,*,9,*,*,*,Male,*,<=50K,13949
4,18,*,*,9,*,*,*,Male,*,<=50K,13950
4,18,*,*,9,*,*,*,Male,*,>50K,13953
4,18,*,*,9,*,*,*,Male,*,<=50K,13954
4,18,*,*,9,*,*,*,Male,*,<=50K,13955
4,28,*,*,14,*,*,*,Male,*,>50K,13956
4,26,*,*,13,*,*,*,Male,*,>50K,13958
4,18,*,*,9,*,*,*,Male,*,<=50K,13959
4,18,*,*,9,*,*,*,Male,*,<=50K,13960
4,26,*,*,13,*,*,*,Male,*,<=50K,13961
4,18,*,*,9,*,*,*,Male,*,<=50K,13962
4,20,*,*,10,*,*,*,Male,*,>50K,13965
4,20,*,*,10,*,*,*,Male,*,>50K,13967
4,18,*,*,9,*,*,*,Male,*,<=50K,13968
4,18,*,*,9,*,*,*,Male,*,<=50K,13969
4,17,*,*,9,*,*,*,Female,*,<=50K,13970
4,18,*,*,9,*,*,*,Male,*,>50K,13971
4,26,*,*,13,*,*,*,Male,*,>50K,13972
4,20,*,*,10,*,*,*,Male,*,<=50K,13974
4,18,*,*,9,*,*,*,Male,*,<=50K,13975
4,20,*,*,10,*,*,*,Male,*,<=50K,13976
4,18,*,*,9,*,*,*,Male,*,<=50K,13978
4,6,*,*,3,*,*,*,Male,*,<=50K,13979
4,20,*,*,10,*,*,*,Male,*,>50K,13980
4,18,*,*,9,*,*,*,Male,*,<=50K,13981
4,22,*,*,11,*,*,*,Male,*,>50K,13982
4,17,*,*,9,*,*,*,Female,*,<=50K,13983
4,18,*,*,9,*,*,*,Male,*,<=50K,13984
4,21,*,*,11,*,*,*,Female,*,<=50K,13985
4,26,*,*,13,*,*,*,Male,*,<=50K,13986
4,18,*,*,9,*,*,*,Male,*,<=50K,13988
4,14,*,*,7,*,*,*,Male,*,<=50K,13989
4,18,*,*,9,*,*,*,Male,*,>50K,13990
4,19,*,*,10,*,*,*,Female,*,<=50K,13991
4,20,*,*,10,*,*,*,Male,*,<=50K,13992
4,26,*,*,13,*,*,*,Male,*,>50K,13993
4,22,*,*,11,*,*,*,Male,*,<=50K,13994
4,19,*,*,10,*,*,*,Female,*,<=50K,13995
4,26,*,*,13,*,*,*,Male,*,<=50K,13997
4,17,*,*,9,*,*,*,Female,*,<=50K,13999
4,20,*,*,10,*,*,*,Male,*,<=50K,14000
4,21,*,*,11,*,*,*,Female,*,<=50K,14001
4,19,*,*,10,*,*,*,Female,*,<=50K,14002
4,18,*,*,9,*,*,*,Male,*,>50K,14003
4,20,*,*,10,*,*,*,Male,*,>50K,14004
4,19,*,*,10,*,*,*,Female,*,<=50K,14005
4,9,*,*,5,*,*,*,Female,*,>50K,14006
4,20,*,*,10,*,*,*,Male,*,<=50K,14007
4,18,*,*,9,*,*,*,Male,*,<=50K,14009
4,26,*,*,13,*,*,*,Male,*,<=50K,14010
4,26,*,*,13,*,*,*,Male,*,<=50K,14012
4,19,*,*,10,*,*,*,Female,*,<=50K,14013
4,19,*,*,10,*,*,*,Female,*,<=50K,14014
4,18,*,*,9,*,*,*,Male,*,<=50K,14015
4,22,*,*,11,*,*,*,Male,*,<=50K,14018
4,18,*,*,9,*,*,*,Male,*,<=50K,14019
4,14,*,*,7,*,*,*,Male,*,<=50K,14020
4,8,*,*,4,*,*,*,Male,*,>50K,14021
4,17,*,*,9,*,*,*,Female,*,<=50K,14022
4,17,*,*,9,*,*,*,Female,*,>50K,14024
4,25,*,*,13,*,*,*,Female,*,>50K,14025
4,12,*,*,6,*,*,*,Male,*,<=50K,14026
4,18,*,*,9,*,*,*,Male,*,<=50K,14030
4,20,*,*,10,*,*,*,Male,*,<=50K,14031
4,18,*,*,9,*,*,*,Male,*,>50K,14032
4,29,*,*,15,*,*,*,Female,*,<=50K,14033
4,18,*,*,9,*,*,*,Male,*,<=50K,14034
4,17,*,*,9,*,*,*,Female,*,<=50K,14035
4,18,*,*,9,*,*,*,Male,*,<=50K,14036
4,26,*,*,13,*,*,*,Male,*,>50K,14037
4,20,*,*,10,*,*,*,Male,*,<=50K,14039
4,23,*,*,12,*,*,*,Female,*,<=50K,14041
4,18,*,*,9,*,*,*,Male,*,<=50K,14043
4,26,*,*,13,*,*,*,Male,*,>50K,14045
4,22,*,*,11,*,*,*,Male,*,>50K,14046
4,22,*,*,11,*,*,*,Male,*,<=50K,14047
4,18,*,*,9,*,*,*,Male,*,<=50K,14048
4,19,*,*,10,*,*,*,Female,*,<=50K,14049
4,17,*,*,9,*,*,*,Female,*,<=50K,14050
4,18,*,*,9,*,*,*,Male,*,<=50K,14051
4,28,*,*,14,*,*,*,Male,*,<=50K,14052
4,8,*,*,4,*,*,*,Male,*,>50K,14053
4,28,*,*,14,*,*,*,Male,*,>50K,14054
4,20,*,*,10,*,*,*,Male,*,>50K,14055
4,28,*,*,14,*,*,*,Male,*,>50K,14056
4,18,*,*,9,*,*,*,Male,*,<=50K,14057
4,13,*,*,7,*,*,*,Female,*,<=50K,14058
4,18,*,*,9,*,*,*,Male,*,<=50K,14060
4,17,*,*,9,*,*,*,Female,*,<=50K,14061
4,18,*,*,9,*,*,*,Male,*,<=50K,14062
4,26,*,*,13,*,*,*,Male,*,<=50K,14063
4,26,*,*,13,*,*,*,Male,*,<=50K,14064
4,26,*,*,13,*,*,*,Male,*,<=50K,14065
4,18,*,*,9,*,*,*,Male,*,<=50K,14066
4,17,*,*,9,*,*,*,Female,*,<=50K,14068
4,19,*,*,10,*,*,*,Female,*,<=50K,14069
4,26,*,*,13,*,*,*,Male,*,<=50K,14070
4,18,*,*,9,*,*,*,Male,*,<=50K,14071
4,20,*,*,10,*,*,*,Male,*,>50K,14072
4,18,*,*,9,*,*,*,Male,*,<=50K,14073
4,12,*,*,6,*,*,*,Male,*,<=50K,14074
4,18,*,*,9,*,*,*,Male,*,<=50K,14075
4,20,*,*,10,*,*,*,Male,*,<=50K,14076
4,17,*,*,9,*,*,*,Female,*,<=50K,14077
4,26,*,*,13,*,*,*,Male,*,>50K,14079
4,13,*,*,7,*,*,*,Female,*,<=50K,14080
4,9,*,*,5,*,*,*,Female,*,<=50K,14081
4,19,*,*,10,*,*,*,Female,*,<=50K,14083
4,19,*,*,10,*,*,*,Female,*,<=50K,14085
4,11,*,*,6,*,*,*,Female,*,<=50K,14086
4,6,*,*,3,*,*,*,Male,*,<=50K,14087
4,20,*,*,10,*,*,*,Male,*,<=50K,14088
4,19,*,*,10,*,*,*,Female,*,<=50K,14089
4,4,*,*,2,*,*,*,Male,*,<=50K,14090
4,28,*,*,14,*,*,*,Male,*,>50K,14093
4,17,*,*,9,*,*,*,Female,*,<=50K,14095
4,17,*,*,9,*,*,*,Female,*,<=50K,14096
4,20,*,*,10,*,*,*,Male,*,<=50K,14097
4,18,*,*,9,*,*,*,Male,*,<=50K,14098
4,20,*,*,10,*,*,*,Male,*,<=50K,14099
4,27,*,*,14,*,*,*,Female,*,<=50K,14101
4,18,*,*,9,*,*,*,Male,*,<=50K,14102
4,26,*,*,13,*,*,*,Male,*,<=50K,14103
4,25,*,*,13,*,*,*,Female,*,<=50K,14107
4,25,*,*,13,*,*,*,Female,*,<=50K,14110
4,18,*,*,9,*,*,*,Male,*,<=50K,14111
4,18,*,*,9,*,*,*,Male,*,<=50K,14112
4,26,*,*,13,*,*,*,Male,*,<=50K,14113
4,18,*,*,9,*,*,*,Male,*,<=50K,14114
4,18,*,*,9,*,*,*,Male,*,<=50K,14115
4,13,*,*,7,*,*,*,Female,*,<=50K,14117
4,22,*,*,11,*,*,*,Male,*,<=50K,14119
4,19,*,*,10,*,*,*,Female,*,<=50K,14120
4,19,*,*,10,*,*,*,Female,*,<=50K,14122
4,26,*,*,13,*,*,*,Male,*,>50K,14123
4,19,*,*,10,*,*,*,Female,*,<=50K,14125
4,24,*,*,12,*,*,*,Male,*,<=50K,14126
4,17,*,*,9,*,*,*,Female,*,<=50K,14127
4,18,*,*,9,*,*,*,Male,*,<=50K,14128
4,28,*,*,14,*,*,*,Male,*,<=50K,14130
4,8,*,*,4,*,*,*,Male,*,<=50K,14131
4,25,*,*,13,*,*,*,Female,*,<=50K,14133
4,23,*,*,12,*,*,*,Female,*,<=50K,14134
4,21,*,*,11,*,*,*,Female,*,<=50K,14135
4,19,*,*,10,*,*,*,Female,*,<=50K,14136
4,20,*,*,10,*,*,*,Male,*,<=50K,14137
4,16,*,*,8,*,*,*,Male,*,<=50K,14138
4,26,*,*,13,*,*,*,Male,*,>50K,14139
4,16,*,*,8,*,*,*,Male,*,<=50K,14141
4,19,*,*,10,*,*,*,Female,*,<=50K,14143
4,26,*,*,13,*,*,*,Male,*,<=50K,14144
4,30,*,*,15,*,*,*,Male,*,>50K,14145
4,14,*,*,7,*,*,*,Male,*,<=50K,14146
4,17,*,*,9,*,*,*,Female,*,<=50K,14147
4,17,*,*,9,*,*,*,Female,*,<=50K,14149
4,25,*,*,13,*,*,*,Female,*,<=50K,14150
4,26,*,*,13,*,*,*,Male,*,<=50K,14151
4,20,*,*,10,*,*,*,Male,*,<=50K,14152
4,17,*,*,9,*,*,*,Female,*,<=50K,14153
4,26,*,*,13,*,*,*,Male,*,<=50K,14154
4,19,*,*,10,*,*,*,Female,*,<=50K,14155
4,18,*,*,9,*,*,*,Male,*,<=50K,14158
4,18,*,*,9,*,*,*,Male,*,<=50K,14159
4,28,*,*,14,*,*,*,Male,*,>50K,14160
4,18,*,*,9,*,*,*,Male,*,<=50K,14161
4,21,*,*,11,*,*,*,Female,*,<=50K,14165
4,20,*,*,10,*,*,*,Male,*,>50K,14166
4,30,*,*,15,*,*,*,Male,*,>50K,14167
4,32,*,*,16,*,*,*,Male,*,>50K,14169
4,20,*,*,10,*,*,*,Male,*,<=50K,14171
4,20,*,*,10,*,*,*,Male,*,<=50K,14172
4,17,*,*,9,*,*,*,Female,*,<=50K,14173
4,20,*,*,10,*,*,*,Male,*,>50K,14174
4,16,*,*,8,*,*,*,Male,*,<=50K,14175
4,30,*,*,15,*,*,*,Male,*,>50K,14176
4,18,*,*,9,*,*,*,Male,*,<=50K,14177
4,19,*,*,10,*,*,*,Female,*,<=50K,14180
4,20,*,*,10,*,*,*,Male,*,<=50K,14181
4,26,*,*,13,*,*,*,Male,*,<=50K,14182
4,17,*,*,9,*,*,*,Female,*,<=50K,14185
4,19,*,*,10,*,*,*,Female,*,<=50K,14186
4,21,*,*,11,*,*,*,Female,*,<=50K,14188
4,18,*,*,9,*,*,*,Male,*,>50K,14189
4,19,*,*,10,*,*,*,Female,*,<=50K,14190
4,18,*,*,9,*,*,*,Male,*,>50K,14191
4,19,*,*,10,*,*,*,Female,*,<=50K,14192
4,17,*,*,9,*,*,*,Female,*,<=50K,14195
4,19,*,*,10,*,*,*,Female,*,<=50K,14197
4,18,*,*,9,*,*,*,Male,*,<=50K,14198
4,23,*,*,12,*,*,*,Female,*,<=50K,14199
4,17,*,*,9,*,*,*,Female,*,<=50K,14201
4,24,*,*,12,*,*,*,Male,*,>50K,14204
4,18,*,*,9,*,*,*,Male,*,<=50K,14205
4,27,*,*,14,*,*,*,Female,*,<=50K,14206
4,19,*,*,10,*,*,*,Female,*,<=50K,14207
4,14,*,*,7,*,*,*,Male,*,<=50K,14208
4,26,*,*,13,*,*,*,Male,*,>50K,14209
4,20,*,*,10,*,*,*,Male,*,<=50K,14210
4,27,*,*,14,*,*,*,Female,*,<=50K,14211
4,20,*,*,10,*,*,*,Male,*,<=50K,14212
4,19,*,*,10,*,*,*,Female,*,<=50K,14213
4,20,*,*,10,*,*,*,Male,*,<=50K,14214
4,27,*,*,14,*,*,*,Female,*,<=50K,14215
4,32,*,*,16,*,*,*,Male,*,>50K,14216
4,19,*,*,10,*,*,*,Female,*,<=50K,14217
4,19,*,*,10,*,*,*,Female,*,<=50K,14218
4,27,*,*,14,*,*,*,Female,*,<=50K,14219
4,17,*,*,9,*,*,*,Female,*,<=50K,14220
4,18,*,*,9,*,*,*,Male,*,<=50K,14222
4,18,*,*,9,*,*,*,Male,*,>50K,14223
4,20,*,*,10,*,*,*,Male,*,<=50K,14224
4,28,*,*,14,*,*,*,Male,*,<=50K,14225
4,4,*,*,2,*,*,*,Male,*,<=50K,14226
4,18,*,*,9,*,*,*,Male,*,<=50K,14227
4,19,*,*,10,*,*,*,Female,*,<=50K,14228
4,13,*,*,7,*,*,*,Female,*,<=50K,14229
4,31,*,*,16,*,*,*,Female,*,<=50K,14230
4,11,*,*,6,*,*,*,Female,*,<=50K,14231
4,24,*,*,12,*,*,*,Male,*,>50K,14232
4,26,*,*,13,*,*,*,Male,*,<=50K,14237
4,17,*,*,9,*,*,*,Female,*,<=50K,14238
4,26,*,*,13,*,*,*,Male,*,>50K,14239
4,25,*,*,13,*,*,*,Female,*,<=50K,14240
4,11,*,*,6,*,*,*,Female,*,<=50K,14241
4,20,*,*,10,*,*,*,Male,*,<=50K,14242
4,18,*,*,9,*,*,*,Male,*,>50K,14243
4,18,*,*,9,*,*,*,Male,*,<=50K,14244
4,19,*,*,10,*,*,*,Female,*,<=50K,14246
4,19,*,*,10,*,*,*,Female,*,>50K,14247
4,14,*,*,7,*,*,*,Male,*,<=50K,14248
4,13,*,*,7,*,*,*,Female,*,<=50K,14251
4,26,*,*,13,*,*,*,Male,*,>50K,14252
4,20,*,*,10,*,*,*,Male,*,<=50K,14253
4,24,*,*,12,*,*,*,Male,*,>50K,14255
4,20,*,*,10,*,*,*,Male,*,>50K,14256
4,27,*,*,14,*,*,*,Female,*,>50K,14257
4,18,*,*,9,*,*,*,Male,*,<=50K,14258
4,18,*,*,9,*,*,*,Male,*,<=50K,14259
4,27,*,*,14,*,*,*,Female,*,<=50K,14260
4,25,*,*,13,*,*,*,Female,*,<=50K,14261
4,19,*,*,10,*,*,*,Female,*,<=50K,14262
4,20,*,*,10,*,*,*,Male,*,<=50K,14263
4,19,*,*,10,*,*,*,Female,*,<=50K,14264
4,27,*,*,14,*,*,*,Female,*,>50K,14265
4,22,*,*,11,*,*,*,Male,*,>50K,14266
4,19,*,*,10,*,*,*,Female,*,<=50K,14267
4,14,*,*,7,*,*,*,Male,*,<=50K,14269
4,17,*,*,9,*,*,*,Female,*,<=50K,14270
4,32,*,*,16,*,*,*,Male,*,>50K,14271
4,22,*,*,11,*,*,*,Male,*,>50K,14273
4,18,*,*,9,*,*,*,Male,*,<=50K,14274
4,24,*,*,12,*,*,*,Male,*,<=50K,14275
4,24,*,*,12,*,*,*,Male,*,<=50K,14276
4,25,*,*,13,*,*,*,Female,*,<=50K,14277
4,11,*,*,6,*,*,*,Female,*,<=50K,14278
4,18,*,*,9,*,*,*,Male,*,<=50K,14279
4,19,*,*,10,*,*,*,Female,*,<=50K,14281
4,18,*,*,9,*,*,*,Male,*,<=50K,14282
4,18,*,*,9,*,*,*,Male,*,<=50K,14283
4,19,*,*,10,*,*,*,Female,*,<=50K,14284
4,26,*,*,13,*,*,*,Male,*,<=50K,14285
4,26,*,*,13,*,*,*,Male,*,<=50K,14286
4,20,*,*,10,*,*,*,Male,*,<=50K,14287
4,18,*,*,9,*,*,*,Male,*,<=50K,14289
4,19,*,*,10,*,*,*,Female,*,<=50K,14290
4,17,*,*,9,*,*,*,Female,*,<=50K,14291
4,19,*,*,10,*,*,*,Female,*,<=50K,14292
4,27,*,*,14,*,*,*,Female,*,<=50K,14293
4,18,*,*,9,*,*,*,Male,*,<=50K,14294
4,26,*,*,13,*,*,*,Male,*,>50K,14295
4,20,*,*,10,*,*,*,Male,*,<=50K,14296
4,20,*,*,10,*,*,*,Male,*,<=50K,14297
4,6,*,*,3,*,*,*,Male,*,<=50K,14298
4,21,*,*,11,*,*,*,Female,*,<=50K,14299
4,17,*,*,9,*,*,*,Female,*,<=50K,14301
4,20,*,*,10,*,*,*,Male,*,>50K,14302
4,23,*,*,12,*,*,*,Female,*,<=50K,14303
4,20,*,*,10,*,*,*,Male,*,>50K,14304
4,26,*,*,13,*,*,*,Male,*,>50K,14305
4,18,*,*,9,*,*,*,Male,*,<=50K,14306
4,17,*,*,9,*,*,*,Female,*,<=50K,14308
4,16,*,*,8,*,*,*,Male,*,<=50K,14309
4,20,*,*,10,*,*,*,Male,*,<=50K,14310
4,17,*,*,9,*,*,*,Female,*,<=50K,14311
4,18,*,*,9,*,*,*,Male,*,<=50K,14312
4,20,*,*,10,*,*,*,Male,*,<=50K,14314
4,14,*,*,7,*,*,*,Male,*,<=50K,14315
4,24,*,*,12,*,*,*,Male,*,<=50K,14316
4,27,*,*,14,*,*,*,Female,*,<=50K,14317
4,17,*,*,9,*,*,*,Female,*,<=50K,14318
4,19,*,*,10,*,*,*,Female,*,<=50K,14320
4,18,*,*,9,*,*,*,Male,*,<=50K,14322
4,18,*,*,9,*,*,*,Male,*,>50K,14325
4,14,*,*,7,*,*,*,Male,*,<=50K,14326
4,11,*,*,6,*,*,*,Female,*,<=50K,14327
4,18,*,*,9,*,*,*,Male,*,<=50K,14328
4,12,*,*,6,*,*,*,Male,*,<=50K,14329
4,28,*,*,14,*,*,*,Male,*,<=50K,14330
4,25,*,*,13,*,*,*,Female,*,<=50K,14331
4,18,*,*,9,*,*,*,Male,*,<=50K,14332
4,18,*,*,9,*,*,*,Male,*,<=50K,14333
4,19,*,*,10,*,*,*,Female,*,<=50K,14334
4,19,*,*,10,*,*,*,Female,*,<=50K,14335
4,20,*,*,10,*,*,*,Male,*,>50K,14336
4,18,*,*,9,*,*,*,Male,*,<=50K,14337
4,20,*,*,10,*,*,*,Male,*,<=50K,14338
4,17,*,*,9,*,*,*,Female,*,<=50K,14339
4,26,*,*,13,*,*,*,Male,*,>50K,14340
4,14,*,*,7,*,*,*,Male,*,<=50K,14341
4,11,*,*,6,*,*,*,Female,*,<=50K,14342
4,18,*,*,9,*,*,*,Male,*,<=50K,14343
4,18,*,*,9,*,*,*,Male,*,<=50K,14344
4,18,*,*,9,*,*,*,Male,*,>50K,14346
4,18,*,*,9,*,*,*,Male,*,<=50K,14347
4,20,*,*,10,*,*,*,Male,*,>50K,14348
4,18,*,*,9,*,*,*,Male,*,<=50K,14349
4,17,*,*,9,*,*,*,Female,*,<=50K,14350
4,19,*,*,10,*,*,*,Female,*,>50K,14351
4,17,*,*,9,*,*,*,Female,*,<=50K,14352
4,13,*,*,7,*,*,*,Female,*,<=50K,14353
4,22,*,*,11,*,*,*,Male,*,<=50K,14354
4,18,*,*,9,*,*,*,Male,*,<=50K,14356
4,19,*,*,10,*,*,*,Female,*,<=50K,14357
4,20,*,*,10,*,*,*,Male,*,<=50K,14358
4,18,*,*,9,*,*,*,Male,*,>50K,14363
4,27,*,*,14,*,*,*,Female,*,<=50K,14364
4,18,*,*,9,*,*,*,Male,*,<=50K,14365
4,13,*,*,7,*,*,*,Female,*,<=50K,14367
4,19,*,*,10,*,*,*,Female,*,<=50K,14368
4,17,*,*,9,*,*,*,Female,*,<=50K,14369
4,26,*,*,13,*,*,*,Male,*,>50K,14370
4,17,*,*,9,*,*,*,Female,*,>50K,14371
4,20,*,*,10,*,*,*,Male,*,<=50K,14372
4,18,*,*,9,*,*,*,Male,*,<=50K,14375
4,17,*,*,9,*,*,*,Female,*,<=50K,14376
4,20,*,*,10,*,*,*,Male,*,<=50K,14377
4,20,*,*,10,*,*,*,Male,*,>50K,14378
4,13,*,*,7,*,*,*,Female,*,<=50K,14379
4,19,*,*,10,*,*,*,Female,*,<=50K,14380
4,18,*,*,9,*,*,*,Male,*,<=50K,14381
4,12,*,*,6,*,*,*,Male,*,<=50K,14382
4,18,*,*,9,*,*,*,Male,*,<=50K,14384
4,18,*,*,9,*,*,*,Male,*,>50K,14385
4,26,*,*,13,*,*,*,Male,*,>50K,14386
4,26,*,*,13,*,*,*,Male,*,<=50K,14387
4,17,*,*,9,*,*,*,Female,*,<=50K,14388
4,17,*,*,9,*,*,*,Female,*,<=50K,14389
4,12,*,*,6,*,*,*,Male,*,>50K,14390
4,20,*,*,10,*,*,*,Male,*,<=50K,14391
4,18,*,*,9,*,*,*,Male,*,<=50K,14392
4,24,*,*,12,*,*,*,Male,*,<=50K,14393
4,18,*,*,9,*,*,*,Male,*,<=50K,14394
4,19,*,*,10,*,*,*,Female,*,<=50K,14395
4,20,*,*,10,*,*,*,Male,*,<=50K,14396
4,19,*,*,10,*,*,*,Female,*,<=50K,14397
4,30,*,*,15,*,*,*,Male,*,>50K,14399
4,26,*,*,13,*,*,*,Male,*,<=50K,14400
4,18,*,*,9,*,*,*,Male,*,<=50K,14401
4,26,*,*,13,*,*,*,Male,*,<=50K,14402
4,17,*,*,9,*,*,*,Female,*,<=50K,14403
4,20,*,*,10,*,*,*,Male,*,<=50K,14404
4,17,*,*,9,*,*,*,Female,*,<=50K,14405
4,17,*,*,9,*,*,*,Female,*,<=50K,14406
4,17,*,*,9,*,*,*,Female,*,<=50K,14407
4,12,*,*,6,*,*,*,Male,*,>50K,14408
4,26,*,*,13,*,*,*,Male,*,<=50K,14410
4,22,*,*,11,*,*,*,Male,*,<=50K,14411
4,23,*,*,12,*,*,*,Female,*,<=50K,14412
4,30,*,*,15,*,*,*,Male,*,>50K,14414
4,29,*,*,15,*,*,*,Female,*,<=50K,14415
4,19,*,*,10,*,*,*,Female,*,<=50K,14416
4,17,*,*,9,*,*,*,Female,*,<=50K,14417
4,11,*,*,6,*,*,*,Female,*,<=50K,14418
4,18,*,*,9,*,*,*,Male,*,<=50K,14419
4,8,*,*,4,*,*,*,Male,*,<=50K,14420
4,16,*,*,8,*,*,*,Male,*,<=50K,14421
4,13,*,*,7,*,*,*,Female,*,<=50K,14422
4,20,*,*,10,*,*,*,Male,*,<=50K,14423
4,18,*,*,9,*,*,*,Male,*,<=50K,14424
4,18,*,*,9,*,*,*,Male,*,<=50K,14425
4,17,*,*,9,*,*,*,Female,*,<=50K,14426
4,26,*,*,13,*,*,*,Male,*,<=50K,14427
4,19,*,*,10,*,*,*,Female,*,<=50K,14428
4,17,*,*,9,*,*,*,Female,*,<=50K,14430
4,20,*,*,10,*,*,*,Male,*,<=50K,14432
4,10,*,*,5,*,*,*,Male,*,>50K,14434
4,18,*,*,9,*,*,*,Male,*,>50K,14435
4,18,*,*,9,*,*,*,Male,*,<=50K,14437
4,17,*,*,9,*,*,*,Female,*,<=50K,14438
4,17,*,*,9,*,*,*,Female,*,<=50K,14439
4,20,*,*,10,*,*,*,Male,*,<=50K,14440
4,25,*,*,13,*,*,*,Female,*,<=50K,14442
4,18,*,*,9,*,*,*,Male,*,<=50K,14445
4,27,*,*,14,*,*,*,Female,*,<=50K,14447
4,17,*,*,9,*,*,*,Female,*,<=50K,14449
4,28,*,*,14,*,*,*,Male,*,>50K,14450
4,9,*,*,5,*,*,*,Female,*,<=50K,14451
4,10,*,*,5,*,*,*,Male,*,<=50K,14453
4,10,*,*,5,*,*,*,Male,*,<=50K,14454
4,26,*,*,13,*,*,*,Male,*,<=50K,14455
4,18,*,*,9,*,*,*,Male,*,<=50K,14457
4,26,*,*,13,*,*,*,Male,*,>50K,14459
4,19,*,*,10,*,*,*,Female,*,<=50K,14460
4,16,*,*,8,*,*,*,Male,*,<=50K,14461
4,26,*,*,13,*,*,*,Male,*,>50K,14462
4,17,*,*,9,*,*,*,Female,*,<=50K,14463
4,18,*,*,9,*,*,*,Male,*,<=50K,14464
4,18,*,*,9,*,*,*,Male,*,<=50K,14465
4,18,*,*,9,*,*,*,Male,*,<=50K,14467
4,18,*,*,9,*,*,*,Male,*,<=50K,14468
4,25,*,*,13,*,*,*,Female,*,<=50K,14471
4,3,*,*,2,*,*,*,Female,*,<=50K,14472
4,18,*,*,9,*,*,*,Male,*,<=50K,14473
4,18,*,*,9,*,*,*,Male,*,<=50K,14475
4,21,*,*,11,*,*,*,Female,*,<=50K,14477
4,13,*,*,7,*,*,*,Female,*,<=50K,14478
4,26,*,*,13,*,*,*,Male,*,>50K,14479
4,20,*,*,10,*,*,*,Male,*,>50K,14480
4,19,*,*,10,*,*,*,Female,*,<=50K,14481
4,26,*,*,13,*,*,*,Male,*,<=50K,14482
4,26,*,*,13,*,*,*,Male,*,<=50K,14483
4,20,*,*,10,*,*,*,Male,*,<=50K,14485
4,18,*,*,9,*,*,*,Male,*,<=50K,14489
4,14,*,*,7,*,*,*,Male,*,<=50K,14490
4,18,*,*,9,*,*,*,Male,*,<=50K,14491
4,17,*,*,9,*,*,*,Female,*,<=50K,14492
4,18,*,*,9,*,*,*,Male,*,<=50K,14493
4,26,*,*,13,*,*,*,Male,*,>50K,14494
4,25,*,*,13,*,*,*,Female,*,<=50K,14497
4,17,*,*,9,*,*,*,Female,*,<=50K,14498
4,28,*,*,14,*,*,*,Male,*,>50K,14499
4,19,*,*,10,*,*,*,Female,*,<=50K,14500
4,20,*,*,10,*,*,*,Male,*,<=50K,14501
4,28,*,*,14,*,*,*,Male,*,>50K,14503
4,5,*,*,3,*,*,*,Female,*,<=50K,14504
4,28,*,*,14,*,*,*,Male,*,>50K,14505
4,18,*,*,9,*,*,*,Male,*,<=50K,14506
4,19,*,*,10,*,*,*,Female,*,<=50K,14507
4,25,*,*,13,*,*,*,Female,*,>50K,14509
4,18,*,*,9,*,*,*,Male,*,<=50K,14510
4,27,*,*,14,*,*,*,Female,*,<=50K,14512
4,19,*,*,10,*,*,*,Female,*,<=50K,14513
4,19,*,*,10,*,*,*,Female,*,<=50K,14514
4,24,*,*,12,*,*,*,Male,*,<=50K,14515
4,26,*,*,13,*,*,*,Male,*,<=50K,14517
4,21,*,*,11,*,*,*,Female,*,<=50K,14518
4,16,*,*,8,*,*,*,Male,*,<=50K,14519
4,6,*,*,3,*,*,*,Male,*,<=50K,14520
4,26,*,*,13,*,*,*,Male,*,<=50K,14521
4,14,*,*,7,*,*,*,Male,*,<=50K,14522
4,26,*,*,13,*,*,*,Male,*,<=50K,14524
4,22,*,*,11,*,*,*,Male,*,<=50K,14525
4,18,*,*,9,*,*,*,Male,*,<=50K,14526
4,17,*,*,9,*,*,*,Female,*,<=50K,14527
4,18,*,*,9,*,*,*,Male,*,<=50K,14528
4,17,*,*,9,*,*,*,Female,*,<=50K,14529
4,17,*,*,9,*,*,*,Female,*,<=50K,14530
4,18,*,*,9,*,*,*,Male,*,<=50K,14531
4,11,*,*,6,*,*,*,Female,*,<=50K,14532
4,14,*,*,7,*,*,*,Male,*,<=50K,14533
4,17,*,*,9,*,*,*,Female,*,<=50K,14534
4,23,*,*,12,*,*,*,Female,*,<=50K,14535
4,26,*,*,13,*,*,*,Male,*,<=50K,14536
4,22,*,*,11,*,*,*,Male,*,<=50K,14538
4,14,*,*,7,*,*,*,Male,*,<=50K,14539
4,18,*,*,9,*,*,*,Male,*,<=50K,14540
4,8,*,*,4,*,*,*,Male,*,<=50K,14541
4,28,*,*,14,*,*,*,Male,*,>50K,14542
4,19,*,*,10,*,*,*,Female,*,<=50K,14543
4,26,*,*,13,*,*,*,Male,*,<=50K,14544
4,19,*,*,10,*,*,*,Female,*,<=50K,14545
4,17,*,*,9,*,*,*,Female,*,<=50K,14547
4,18,*,*,9,*,*,*,Male,*,>50K,14548
4,28,*,*,14,*,*,*,Male,*,<=50K,14549
4,19,*,*,10,*,*,*,Female,*,<=50K,14550
4,17,*,*,9,*,*,*,Female,*,<=50K,14552
4,18,*,*,9,*,*,*,Male,*,>50K,14554
4,18,*,*,9,*,*,*,Male,*,<=50K,14555
4,20,*,*,10,*,*,*,Male,*,>50K,14556
4,25,*,*,13,*,*,*,Female,*,<=50K,14558
4,26,*,*,13,*,*,*,Male,*,<=50K,14559
4,20,*,*,10,*,*,*,Male,*,<=50K,14560
4,23,*,*,12,*,*,*,Female,*,<=50K,14561
4,25,*,*,13,*,*,*,Female,*,<=50K,14562
4,30,*,*,15,*,*,*,Male,*,>50K,14564
4,26,*,*,13,*,*,*,Male,*,>50K,14565
4,26,*,*,13,*,*,*,Male,*,>50K,14569
4,26,*,*,13,*,*,*,Male,*,>50K,14570
4,17,*,*,9,*,*,*,Female,*,<=50K,14572
4,18,*,*,9,*,*,*,Male,*,>50K,14573
4,25,*,*,13,*,*,*,Female,*,<=50K,14575
4,20,*,*,10,*,*,*,Male,*,>50K,14580
4,19,*,*,10,*,*,*,Female,*,<=50K,14581
4,26,*,*,13,*,*,*,Male,*,>50K,14582
4,6,*,*,3,*,*,*,Male,*,<=50K,14583
4,25,*,*,13,*,*,*,Female,*,<=50K,14584
4,20,*,*,10,*,*,*,Male,*,<=50K,14585
4,17,*,*,9,*,*,*,Female,*,<=50K,14586
4,11,*,*,6,*,*,*,Female,*,<=50K,14587
4,26,*,*,13,*,*,*,Male,*,>50K,14588
4,25,*,*,13,*,*,*,Female,*,>50K,14589
4,26,*,*,13,*,*,*,Male,*,<=50K,14591
4,10,*,*,5,*,*,*,Male,*,<=50K,14592
4,28,*,*,14,*,*,*,Male,*,>50K,14593
4,25,*,*,13,*,*,*,Female,*,>50K,14595
4,18,*,*,9,*,*,*,Male,*,<=50K,14596
4,16,*,*,8,*,*,*,Male,*,<=50K,14597
4,19,*,*,10,*,*,*,Female,*,<=50K,14599
4,20,*,*,10,*,*,*,Male,*,<=50K,14600
4,18,*,*,9,*,*,*,Male,*,<=50K,14601
4,28,*,*,14,*,*,*,Male,*,<=50K,14602
4,13,*,*,7,*,*,*,Female,*,<=50K,14603
4,19,*,*,10,*,*,*,Female,*,<=50K,14604
4,2,*,*,1,*,*,*,Male,*,<=50K,14605
4,17,*,*,9,*,*,*,Female,*,<=50K,14607
4,18,*,*,9,*,*,*,Male,*,<=50K,14608
4,17,*,*,9,*,*,*,Female,*,<=50K,14609
4,17,*,*,9,*,*,*,Female,*,<=50K,14610
4,9,*,*,5,*,*,*,Female,*,<=50K,14611
4,17,*,*,9,*,*,*,Female,*,<=50K,14612
4,18,*,*,9,*,*,*,Male,*,<=50K,14613
4,17,*,*,9,*,*,*,Female,*,<=50K,14614
4,20,*,*,10,*,*,*,Male,*,>50K,14616
4,18,*,*,9,*,*,*,Male,*,<=50K,14617
4,20,*,*,10,*,*,*,Male,*,<=50K,14619
4,18,*,*,9,*,*,*,Male,*,>50K,14620
4,20,*,*,10,*,*,*,Male,*,<=50K,14621
4,17,*,*,9,*,*,*,Female,*,<=50K,14623
4,26,*,*,13,*,*,*,Male,*,<=50K,14625
4,26,*,*,13,*,*,*,Male,*,>50K,14626
4,26,*,*,13,*,*,*,Male,*,<=50K,14627
4,18,*,*,9,*,*,*,Male,*,>50K,14628
4,26,*,*,13,*,*,*,Male,*,<=50K,14629
4,25,*,*,13,*,*,*,Female,*,<=50K,14630
4,18,*,*,9,*,*,*,Male,*,<=50K,14631
4,17,*,*,9,*,*,*,Female,*,<=50K,14632
4,19,*,*,10,*,*,*,Female,*,<=50K,14633
4,17,*,*,9,*,*,*,Female,*,<=50K,14634
4,26,*,*,13,*,*,*,Male,*,<=50K,14635
4,20,*,*,10,*,*,*,Male,*,>50K,14636
4,19,*,*,10,*,*,*,Female,*,<=50K,14637
4,6,*,*,3,*,*,*,Male,*,<=50K,14638
4,30,*,*,15,*,*,*,Male,*,>50K,14639
4,17,*,*,9,*,*,*,Female,*,<=50K,14640
4,26,*,*,13,*,*,*,Male,*,>50K,14641
4,25,*,*,13,*,*,*,Female,*,<=50K,14643
4,4,*,*,2,*,*,*,Male,*,<=50K,14644
4,17,*,*,9,*,*,*,Female,*,<=50K,14645
4,18,*,*,9,*,*,*,Male,*,<=50K,14646
4,20,*,*,10,*,*,*,Male,*,<=50K,14647
4,24,*,*,12,*,*,*,Male,*,<=50K,14649
4,20,*,*,10,*,*,*,Male,*,>50K,14650
4,20,*,*,10,*,*,*,Male,*,>50K,14651
4,17,*,*,9,*,*,*,Female,*,<=50K,14654
4,17,*,*,9,*,*,*,Female,*,<=50K,14656
4,14,*,*,7,*,*,*,Male,*,<=50K,14658
4,17,*,*,9,*,*,*,Female,*,<=50K,14661
4,17,*,*,9,*,*,*,Female,*,<=50K,14662
4,24,*,*,12,*,*,*,Male,*,<=50K,14663
4,26,*,*,13,*,*,*,Male,*,<=50K,14665
4,12,*,*,6,*,*,*,Male,*,<=50K,14666
4,19,*,*,10,*,*,*,Female,*,<=50K,14667
4,18,*,*,9,*,*,*,Male,*,<=50K,14669
4,19,*,*,10,*,*,*,Female,*,<=50K,14670
4,24,*,*,12,*,*,*,Male,*,<=50K,14671
4,19,*,*,10,*,*,*,Female,*,<=50K,14672
4,20,*,*,10,*,*,*,Male,*,>50K,14674
4,3,*,*,2,*,*,*,Female,*,<=50K,14675
4,20,*,*,10,*,*,*,Male,*,>50K,14676
4,17,*,*,9,*,*,*,Female,*,<=50K,14677
4,25,*,*,13,*,*,*,Female,*,<=50K,14678
4,20,*,*,10,*,*,*,Male,*,<=50K,14680
4,24,*,*,12,*,*,*,Male,*,>50K,14681
4,25,*,*,13,*,*,*,Female,*,<=50K,14682
4,20,*,*,10,*,*,*,Male,*,<=50K,14683
4,17,*,*,9,*,*,*,Female,*,<=50K,14684
4,15,*,*,8,*,*,*,Female,*,<=50K,14687
4,17,*,*,9,*,*,*,Female,*,>50K,14688
4,18,*,*,9,*,*,*,Male,*,>50K,14689
4,21,*,*,11,*,*,*,Female,*,<=50K,14692
4,18,*,*,9,*,*,*,Male,*,>50K,14694
4,19,*,*,10,*,*,*,Female,*,<=50K,14695
4,19,*,*,10,*,*,*,Female,*,<=50K,14696
4,17,*,*,9,*,*,*,Female,*,<=50K,14697
4,19,*,*,10,*,*,*,Female,*,>50K,14698
4,19,*,*,10,*,*,*,Female,*,<=50K,14699
4,12,*,*,6,*,*,*,Male,*,>50K,14700
4,26,*,*,13,*,*,*,Male,*,<=50K,14701
4,25,*,*,13,*,*,*,Female,*,<=50K,14702
4,18,*,*,9,*,*,*,Male,*,<=50K,14703
4,18,*,*,9,*,*,*,Male,*,<=50K,14704
4,18,*,*,9,*,*,*,Male,*,<=50K,14705
4,25,*,*,13,*,*,*,Female,*,<=50K,14706
4,25,*,*,13,*,*,*,Female,*,<=50K,14707
4,18,*,*,9,*,*,*,Male,*,<=50K,14708
4,20,*,*,10,*,*,*,Male,*,<=50K,14709
4,17,*,*,9,*,*,*,Female,*,<=50K,14710
4,20,*,*,10,*,*,*,Male,*,<=50K,14712
4,26,*,*,13,*,*,*,Male,*,<=50K,14713
4,27,*,*,14,*,*,*,Female,*,<=50K,14714
4,27,*,*,14,*,*,*,Female,*,<=50K,14715
4,25,*,*,13,*,*,*,Female,*,<=50K,14716
4,22,*,*,11,*,*,*,Male,*,<=50K,14717
4,25,*,*,13,*,*,*,Female,*,<=50K,14718
4,26,*,*,13,*,*,*,Male,*,<=50K,14720
4,18,*,*,9,*,*,*,Male,*,<=50K,14722
4,18,*,*,9,*,*,*,Male,*,<=50K,14723
4,20,*,*,10,*,*,*,Male,*,<=50K,14724
4,20,*,*,10,*,*,*,Male,*,<=50K,14725
4,26,*,*,13,*,*,*,Male,*,<=50K,14728
4,20,*,*,10,*,*,*,Male,*,>50K,14729
4,26,*,*,13,*,*,*,Male,*,>50K,14730
4,12,*,*,6,*,*,*,Male,*,<=50K,14731
4,27,*,*,14,*,*,*,Female,*,<=50K,14732
4,18,*,*,9,*,*,*,Male,*,<=50K,14733
4,17,*,*,9,*,*,*,Female,*,<=50K,14734
4,18,*,*,9,*,*,*,Male,*,<=50K,14735
4,18,*,*,9,*,*,*,Male,*,<=50K,14736
4,20,*,*,10,*,*,*,Male,*,<=50K,14738
4,18,*,*,9,*,*,*,Male,*,<=50K,14739
4,23,*,*,12,*,*,*,Female,*,<=50K,14742
4,20,*,*,10,*,*,*,Male,*,<=50K,14743
4,18,*,*,9,*,*,*,Male,*,<=50K,14744
4,28,*,*,14,*,*,*,Male,*,<=50K,14745
4,26,*,*,13,*,*,*,Male,*,>50K,14746
4,20,*,*,10,*,*,*,Male,*,>50K,14747
4,13,*,*,7,*,*,*,Female,*,<=50K,14748
4,17,*,*,9,*,*,*,Female,*,<=50K,14751
4,19,*,*,10,*,*,*,Female,*,<=50K,14752
4,26,*,*,13,*,*,*,Male,*,<=50K,14753
4,18,*,*,9,*,*,*,Male,*,<=50K,14755
4,21,*,*,11,*,*,*,Female,*,>50K,14756
4,26,*,*,13,*,*,*,Male,*,>50K,14757
4,17,*,*,9,*,*,*,Female,*,<=50K,14758
4,18,*,*,9,*,*,*,Male,*,<=50K,14761
4,18,*,*,9,*,*,*,Male,*,<=50K,14762
4,20,*,*,10,*,*,*,Male,*,<=50K,14763
4,17,*,*,9,*,*,*,Female,*,<=50K,14764
4,18,*,*,9,*,*,*,Male,*,<=50K,14765
4,26,*,*,13,*,*,*,Male,*,<=50K,14766
4,20,*,*,10,*,*,*,Male,*,<=50K,14767
4,19,*,*,10,*,*,*,Female,*,<=50K,14768
4,18,*,*,9,*,*,*,Male,*,<=50K,14769
4,20,*,*,10,*,*,*,Male,*,<=50K,14770
4,25,*,*,13,*,*,*,Female,*,<=50K,14774
4,10,*,*,5,*,*,*,Male,*,<=50K,14775
4,20,*,*,10,*,*,*,Male,*,<=50K,14776
4,8,*,*,4,*,*,*,Male,*,<=50K,14779
4,17,*,*,9,*,*,*,Female,*,>50K,14780
4,20,*,*,10,*,*,*,Male,*,<=50K,14782
4,28,*,*,14,*,*,*,Male,*,>50K,14783
4,19,*,*,10,*,*,*,Female,*,<=50K,14784
4,18,*,*,9,*,*,*,Male,*,<=50K,14785
4,20,*,*,10,*,*,*,Male,*,<=50K,14786
4,26,*,*,13,*,*,*,Male,*,<=50K,14787
4,17,*,*,9,*,*,*,Female,*,<=50K,14788
4,24,*,*,12,*,*,*,Male,*,<=50K,14789
4,20,*,*,10,*,*,*,Male,*,<=50K,14790
4,8,*,*,4,*,*,*,Male,*,<=50K,14791
4,24,*,*,12,*,*,*,Male,*,<=50K,14797
4,23,*,*,12,*,*,*,Female,*,<=50K,14798
4,19,*,*,10,*,*,*,Female,*,>50K,14799
4,20,*,*,10,*,*,*,Male,*,<=50K,14801
4,17,*,*,9,*,*,*,Female,*,<=50K,14802
4,28,*,*,14,*,*,*,Male,*,>50K,14803
4,17,*,*,9,*,*,*,Female,*,<=50K,14804
4,18,*,*,9,*,*,*,Male,*,<=50K,14805
4,20,*,*,10,*,*,*,Male,*,<=50K,14806
4,28,*,*,14,*,*,*,Male,*,<=50K,14807
4,17,*,*,9,*,*,*,Female,*,<=50K,14810
4,18,*,*,9,*,*,*,Male,*,<=50K,14811
4,26,*,*,13,*,*,*,Male,*,<=50K,14812
4,19,*,*,10,*,*,*,Female,*,<=50K,14813
4,26,*,*,13,*,*,*,Male,*,<=50K,14815
4,17,*,*,9,*,*,*,Female,*,<=50K,14816
4,22,*,*,11,*,*,*,Male,*,>50K,14817
4,26,*,*,13,*,*,*,Male,*,<=50K,14818
4,18,*,*,9,*,*,*,Male,*,<=50K,14819
4,19,*,*,10,*,*,*,Female,*,<=50K,14820
4,18,*,*,9,*,*,*,Male,*,<=50K,14821
4,20,*,*,10,*,*,*,Male,*,>50K,14822
4,22,*,*,11,*,*,*,Male,*,<=50K,14823
4,17,*,*,9,*,*,*,Female,*,<=50K,14824
4,20,*,*,10,*,*,*,Male,*,<=50K,14825
4,26,*,*,13,*,*,*,Male,*,>50K,14826
4,18,*,*,9,*,*,*,Male,*,>50K,14827
4,24,*,*,12,*,*,*,Male,*,<=50K,14828
4,18,*,*,9,*,*,*,Male,*,<=50K,14830
4,18,*,*,9,*,*,*,Male,*,<=50K,14831
4,19,*,*,10,*,*,*,Female,*,<=50K,14832
4,29,*,*,15,*,*,*,Female,*,>50K,14833
4,25,*,*,13,*,*,*,Female,*,<=50K,14835
4,18,*,*,9,*,*,*,Male,*,<=50K,14836
4,18,*,*,9,*,*,*,Male,*,<=50K,14837
4,21,*,*,11,*,*,*,Female,*,<=50K,14838
4,27,*,*,14,*,*,*,Female,*,<=50K,14839
4,12,*,*,6,*,*,*,Male,*,<=50K,14840
4,18,*,*,9,*,*,*,Male,*,<=50K,14841
4,11,*,*,6,*,*,*,Female,*,<=50K,14842
4,26,*,*,13,*,*,*,Male,*,<=50K,14843
4,22,*,*,11,*,*,*,Male,*,<=50K,14844
4,8,*,*,4,*,*,*,Male,*,<=50K,14845
4,24,*,*,12,*,*,*,Male,*,<=50K,14848
4,19,*,*,10,*,*,*,Female,*,<=50K,14850
4,17,*,*,9,*,*,*,Female,*,<=50K,14852
4,18,*,*,9,*,*,*,Male,*,<=50K,14853
4,18,*,*,9,*,*,*,Male,*,>50K,14854
4,25,*,*,13,*,*,*,Female,*,<=50K,14855
4,30,*,*,15,*,*,*,Male,*,>50K,14856
4,25,*,*,13,*,*,*,Female,*,<=50K,14857
4,25,*,*,13,*,*,*,Female,*,<=50K,14858
4,26,*,*,13,*,*,*,Male,*,>50K,14859
4,18,*,*,9,*,*,*,Male,*,<=50K,14860
4,19,*,*,10,*,*,*,Female,*,<=50K,14861
4,18,*,*,9,*,*,*,Male,*,<=50K,14864
4,21,*,*,11,*,*,*,Female,*,<=50K,14865
4,18,*,*,9,*,*,*,Male,*,<=50K,14866
4,18,*,*,9,*,*,*,Male,*,<=50K,14869
4,18,*,*,9,*,*,*,Male,*,<=50K,14872
4,19,*,*,10,*,*,*,Female,*,<=50K,14874
4,19,*,*,10,*,*,*,Female,*,<=50K,14877
4,18,*,*,9,*,*,*,Male,*,<=50K,14878
4,26,*,*,13,*,*,*,Male,*,<=50K,14879
4,17,*,*,9,*,*,*,Female,*,<=50K,14880
4,10,*,*,5,*,*,*,Male,*,<=50K,14881
4,21,*,*,11,*,*,*,Female,*,<=50K,14882
4,20,*,*,10,*,*,*,Male,*,<=50K,14883
4,32,*,*,16,*,*,*,Male,*,>50K,14884
4,25,*,*,13,*,*,*,Female,*,<=50K,14885
4,20,*,*,10,*,*,*,Male,*,<=50K,14886
4,19,*,*,10,*,*,*,Female,*,>50K,14888
4,24,*,*,12,*,*,*,Male,*,<=50K,14889
4,17,*,*,9,*,*,*,Female,*,<=50K,14890
4,26,*,*,13,*,*,*,Male,*,>50K,14893
4,4,*,*,2,*,*,*,Male,*,<=50K,14894
4,10,*,*,5,*,*,*,Male,*,<=50K,14895
4,9,*,*,5,*,*,*,Female,*,<=50K,14896
4,18,*,*,9,*,*,*,Male,*,<=50K,14897
4,14,*,*,7,*,*,*,Male,*,<=50K,14898
4,12,*,*,6,*,*,*,Male,*,<=50K,14901
4,18,*,*,9,*,*,*,Male,*,>50K,14902
4,20,*,*,10,*,*,*,Male,*,<=50K,14903
4,17,*,*,9,*,*,*,Female,*,<=50K,14904
4,25,*,*,13,*,*,*,Female,*,<=50K,14906
4,13,*,*,7,*,*,*,Female,*,<=50K,14907
4,24,*,*,12,*,*,*,Male,*,>50K,14908
4,22,*,*,11,*,*,*,Male,*,<=50K,14909
4,18,*,*,9,*,*,*,Male,*,<=50K,14911
4,25,*,*,13,*,*,*,Female,*,<=50K,14913
4,30,*,*,15,*,*,*,Male,*,>50K,14914
4,17,*,*,9,*,*,*,Female,*,<=50K,14915
4,26,*,*,13,*,*,*,Male,*,<=50K,14916
4,19,*,*,10,*,*,*,Female,*,<=50K,14917
4,19,*,*,10,*,*,*,Female,*,<=50K,14918
4,18,*,*,9,*,*,*,Male,*,<=50K,14919
4,26,*,*,13,*,*,*,Male,*,<=50K,14921
4,14,*,*,7,*,*,*,Male,*,<=50K,14922
4,22,*,*,11,*,*,*,Male,*,<=50K,14923
4,18,*,*,9,*,*,*,Male,*,<=50K,14924
4,27,*,*,14,*,*,*,Female,*,<=50K,14925
4,20,*,*,10,*,*,*,Male,*,>50K,14926
4,20,*,*,10,*,*,*,Male,*,<=50K,14927
4,18,*,*,9,*,*,*,Male,*,<=50K,14928
4,26,*,*,13,*,*,*,Male,*,>50K,14929
4,18,*,*,9,*,*,*,Male,*,<=50K,14931
4,17,*,*,9,*,*,*,Female,*,<=50K,14932
4,20,*,*,10,*,*,*,Male,*,<=50K,14933
4,26,*,*,13,*,*,*,Male,*,>50K,14934
4,17,*,*,9,*,*,*,Female,*,<=50K,14935
4,20,*,*,10,*,*,*,Male,*,<=50K,14936
4,28,*,*,14,*,*,*,Male,*,>50K,14937
4,17,*,*,9,*,*,*,Female,*,<=50K,14938
4,20,*,*,10,*,*,*,Male,*,<=50K,14939
4,10,*,*,5,*,*,*,Male,*,<=50K,14940
4,25,*,*,13,*,*,*,Female,*,>50K,14942
4,17,*,*,9,*,*,*,Female,*,<=50K,14943
4,19,*,*,10,*,*,*,Female,*,<=50K,14944
4,25,*,*,13,*,*,*,Female,*,<=50K,14946
4,25,*,*,13,*,*,*,Female,*,<=50K,14948
4,9,*,*,5,*,*,*,Female,*,<=50K,14949
4,18,*,*,9,*,*,*,Male,*,<=50K,14951
4,19,*,*,10,*,*,*,Female,*,<=50K,14952
4,17,*,*,9,*,*,*,Female,*,<=50K,14953
4,20,*,*,10,*,*,*,Male,*,<=50K,14954
4,24,*,*,12,*,*,*,Male,*,>50K,14956
4,18,*,*,9,*,*,*,Male,*,<=50K,14957
4,26,*,*,13,*,*,*,Male,*,<=50K,14959
4,20,*,*,10,*,*,*,Male,*,<=50K,14960
4,4,*,*,2,*,*,*,Male,*,>50K,14963
4,18,*,*,9,*,*,*,Male,*,<=50K,14964
4,22,*,*,11,*,*,*,Male,*,<=50K,14965
4,25,*,*,13,*,*,*,Female,*,<=50K,14966
4,18,*,*,9,*,*,*,Male,*,<=50K,14967
4,24,*,*,12,*,*,*,Male,*,<=50K,14968
4,18,*,*,9,*,*,*,Male,*,<=50K,14969
4,26,*,*,13,*,*,*,Male,*,<=50K,14970
4,26,*,*,13,*,*,*,Male,*,<=50K,14971
4,18,*,*,9,*,*,*,Male,*,<=50K,14972
4,5,*,*,3,*,*,*,Female,*,<=50K,14973
4,18,*,*,9,*,*,*,Male,*,<=50K,14974
4,18,*,*,9,*,*,*,Male,*,<=50K,14975
4,20,*,*,10,*,*,*,Male,*,<=50K,14976
4,18,*,*,9,*,*,*,Male,*,<=50K,14977
4,25,*,*,13,*,*,*,Female,*,<=50K,14978
4,17,*,*,9,*,*,*,Female,*,<=50K,14979
4,16,*,*,8,*,*,*,Male,*,<=50K,14980
4,20,*,*,10,*,*,*,Male,*,<=50K,14981
4,14,*,*,7,*,*,*,Male,*,<=50K,14982
4,25,*,*,13,*,*,*,Female,*,<=50K,14983
4,14,*,*,7,*,*,*,Male,*,<=50K,14984
4,20,*,*,10,*,*,*,Male,*,<=50K,14986
4,18,*,*,9,*,*,*,Male,*,<=50K,14987
4,18,*,*,9,*,*,*,Male,*,>50K,14988
4,17,*,*,9,*,*,*,Female,*,<=50K,14989
4,23,*,*,12,*,*,*,Female,*,<=50K,14990
4,17,*,*,9,*,*,*,Female,*,<=50K,14991
4,18,*,*,9,*,*,*,Male,*,<=50K,14993
4,20,*,*,10,*,*,*,Male,*,<=50K,14994
4,17,*,*,9,*,*,*,Female,*,<=50K,14997
4,25,*,*,13,*,*,*,Female,*,<=50K,14999
4,17,*,*,9,*,*,*,Female,*,<=50K,15000
4,19,*,*,10,*,*,*,Female,*,<=50K,15001
4,18,*,*,9,*,*,*,Male,*,<=50K,15002
4,17,*,*,9,*,*,*,Female,*,<=50K,15003
4,20,*,*,10,*,*,*,Male,*,<=50K,15006
4,19,*,*,10,*,*,*,Female,*,<=50K,15007
4,17,*,*,9,*,*,*,Female,*,<=50K,15008
4,18,*,*,9,*,*,*,Male,*,<=50K,15009
4,18,*,*,9,*,*,*,Male,*,<=50K,15010
4,29,*,*,15,*,*,*,Female,*,<=50K,15012
4,19,*,*,10,*,*,*,Female,*,<=50K,15013
4,14,*,*,7,*,*,*,Male,*,<=50K,15014
4,7,*,*,4,*,*,*,Female,*,<=50K,15015
4,13,*,*,7,*,*,*,Female,*,<=50K,15016
4,18,*,*,9,*,*,*,Male,*,<=50K,15017
4,14,*,*,7,*,*,*,Male,*,<=50K,15018
4,26,*,*,13,*,*,*,Male,*,>50K,15020
4,18,*,*,9,*,*,*,Male,*,<=50K,15021
4,19,*,*,10,*,*,*,Female,*,<=50K,15022
4,19,*,*,10,*,*,*,Female,*,<=50K,15023
4,18,*,*,9,*,*,*,Male,*,<=50K,15024
4,20,*,*,10,*,*,*,Male,*,<=50K,15025
4,18,*,*,9,*,*,*,Male,*,<=50K,15026
4,15,*,*,8,*,*,*,Female,*,<=50K,15028
4,17,*,*,9,*,*,*,Female,*,<=50K,15029
4,17,*,*,9,*,*,*,Female,*,<=50K,15030
4,12,*,*,6,*,*,*,Male,*,<=50K,15031
4,12,*,*,6,*,*,*,Male,*,<=50K,15032
4,18,*,*,9,*,*,*,Male,*,>50K,15033
4,18,*,*,9,*,*,*,Male,*,<=50K,15035
4,26,*,*,13,*,*,*,Male,*,<=50K,15036
4,19,*,*,10,*,*,*,Female,*,<=50K,15037
4,18,*,*,9,*,*,*,Male,*,<=50K,15038
4,20,*,*,10,*,*,*,Male,*,<=50K,15039
4,17,*,*,9,*,*,*,Female,*,<=50K,15040
4,26,*,*,13,*,*,*,Male,*,>50K,15041
4,25,*,*,13,*,*,*,Female,*,<=50K,15042
4,25,*,*,13,*,*,*,Female,*,<=50K,15043
4,26,*,*,13,*,*,*,Male,*,>50K,15044
4,26,*,*,13,*,*,*,Male,*,>50K,15045
4,19,*,*,10,*,*,*,Female,*,<=50K,15046
4,26,*,*,13,*,*,*,Male,*,<=50K,15047
4,20,*,*,10,*,*,*,Male,*,>50K,15048
4,26,*,*,13,*,*,*,Male,*,>50K,15049
4,32,*,*,16,*,*,*,Male,*,>50K,15050
4,23,*,*,12,*,*,*,Female,*,<=50K,15051
4,17,*,*,9,*,*,*,Female,*,<=50K,15052
4,20,*,*,10,*,*,*,Male,*,<=50K,15053
4,19,*,*,10,*,*,*,Female,*,<=50K,15054
4,18,*,*,9,*,*,*,Male,*,>50K,15055
4,20,*,*,10,*,*,*,Male,*,<=50K,15056
4,18,*,*,9,*,*,*,Male,*,<=50K,15057
4,20,*,*,10,*,*,*,Male,*,<=50K,15058
4,26,*,*,13,*,*,*,Male,*,<=50K,15061
4,18,*,*,9,*,*,*,Male,*,>50K,15063
4,23,*,*,12,*,*,*,Female,*,<=50K,15064
4,26,*,*,13,*,*,*,Male,*,<=50K,15065
4,13,*,*,7,*,*,*,Female,*,<=50K,15067
4,18,*,*,9,*,*,*,Male,*,<=50K,15069
4,18,*,*,9,*,*,*,Male,*,<=50K,15071
4,12,*,*,6,*,*,*,Male,*,<=50K,15072
4,19,*,*,10,*,*,*,Female,*,<=50K,15073
4,26,*,*,13,*,*,*,Male,*,<=50K,15074
4,17,*,*,9,*,*,*,Female,*,<=50K,15075
4,12,*,*,6,*,*,*,Male,*,<=50K,15077
4,22,*,*,11,*,*,*,Male,*,<=50K,15078
4,8,*,*,4,*,*,*,Male,*,<=50K,15079
4,18,*,*,9,*,*,*,Male,*,<=50K,15080
4,12,*,*,6,*,*,*,Male,*,<=50K,15081
4,18,*,*,9,*,*,*,Male,*,<=50K,15083
4,18,*,*,9,*,*,*,Male,*,<=50K,15084
4,18,*,*,9,*,*,*,Male,*,<=50K,15085
4,19,*,*,10,*,*,*,Female,*,<=50K,15086
4,6,*,*,3,*,*,*,Male,*,<=50K,15087
4,22,*,*,11,*,*,*,Male,*,<=50K,15088
4,19,*,*,10,*,*,*,Female,*,<=50K,15090
4,18,*,*,9,*,*,*,Male,*,<=50K,15091
4,21,*,*,11,*,*,*,Female,*,<=50K,15093
4,18,*,*,9,*,*,*,Male,*,<=50K,15094
4,25,*,*,13,*,*,*,Female,*,<=50K,15095
4,26,*,*,13,*,*,*,Male,*,<=50K,15096
4,18,*,*,9,*,*,*,Male,*,<=50K,15097
4,13,*,*,7,*,*,*,Female,*,<=50K,15098
4,5,*,*,3,*,*,*,Female,*,<=50K,15099
4,18,*,*,9,*,*,*,Male,*,<=50K,15100
4,24,*,*,12,*,*,*,Male,*,<=50K,15101
4,20,*,*,10,*,*,*,Male,*,>50K,15103
4,20,*,*,10,*,*,*,Male,*,<=50K,15104
4,20,*,*,10,*,*,*,Male,*,<=50K,15105
4,32,*,*,16,*,*,*,Male,*,>50K,15106
4,18,*,*,9,*,*,*,Male,*,<=50K,15107
4,24,*,*,12,*,*,*,Male,*,<=50K,15108
4,18,*,*,9,*,*,*,Male,*,<=50K,15109
4,26,*,*,13,*,*,*,Male,*,>50K,15110
4,20,*,*,10,*,*,*,Male,*,<=50K,15111
4,17,*,*,9,*,*,*,Female,*,<=50K,15112
4,18,*,*,9,*,*,*,Male,*,<=50K,15114
4,22,*,*,11,*,*,*,Male,*,<=50K,15115
4,18,*,*,9,*,*,*,Male,*,<=50K,15116
4,20,*,*,10,*,*,*,Male,*,<=50K,15118
4,25,*,*,13,*,*,*,Female,*,<=50K,15119
4,17,*,*,9,*,*,*,Female,*,<=50K,15120
4,28,*,*,14,*,*,*,Male,*,>50K,15121
4,17,*,*,9,*,*,*,Female,*,<=50K,15122
4,20,*,*,10,*,*,*,Male,*,<=50K,15124
4,19,*,*,10,*,*,*,Female,*,<=50K,15125
4,12,*,*,6,*,*,*,Male,*,<=50K,15126
4,20,*,*,10,*,*,*,Male,*,<=50K,15127
4,18,*,*,9,*,*,*,Male,*,>50K,15128
4,17,*,*,9,*,*,*,Female,*,<=50K,15129
4,27,*,*,14,*,*,*,Female,*,<=50K,15130
4,18,*,*,9,*,*,*,Male,*,<=50K,15131
4,18,*,*,9,*,*,*,Male,*,<=50K,15132
4,24,*,*,12,*,*,*,Male,*,<=50K,15133
4,18,*,*,9,*,*,*,Male,*,<=50K,15135
4,18,*,*,9,*,*,*,Male,*,<=50K,15136
4,20,*,*,10,*,*,*,Male,*,>50K,15137
4,26,*,*,13,*,*,*,Male,*,>50K,15138
4,13,*,*,7,*,*,*,Female,*,<=50K,15139
4,21,*,*,11,*,*,*,Female,*,<=50K,15140
4,17,*,*,9,*,*,*,Female,*,<=50K,15141
4,17,*,*,9,*,*,*,Female,*,>50K,15142
4,23,*,*,12,*,*,*,Female,*,<=50K,15143
4,18,*,*,9,*,*,*,Male,*,<=50K,15145
4,19,*,*,10,*,*,*,Female,*,<=50K,15146
4,26,*,*,13,*,*,*,Male,*,<=50K,15147
4,25,*,*,13,*,*,*,Female,*,<=50K,15148
4,13,*,*,7,*,*,*,Female,*,<=50K,15149
4,18,*,*,9,*,*,*,Male,*,<=50K,15150
4,18,*,*,9,*,*,*,Male,*,<=50K,15151
4,20,*,*,10,*,*,*,Male,*,<=50K,15154
4,20,*,*,10,*,*,*,Male,*,>50K,15155
4,18,*,*,9,*,*,*,Male,*,<=50K,15156
4,18,*,*,9,*,*,*,Male,*,<=50K,15158
4,19,*,*,10,*,*,*,Female,*,<=50K,15159
4,20,*,*,10,*,*,*,Male,*,>50K,15161
4,18,*,*,9,*,*,*,Male,*,<=50K,15162
4,8,*,*,4,*,*,*,Male,*,<=50K,15164
4,17,*,*,9,*,*,*,Female,*,<=50K,15165
4,20,*,*,10,*,*,*,Male,*,<=50K,15166
4,18,*,*,9,*,*,*,Male,*,<=50K,15167
4,18,*,*,9,*,*,*,Male,*,<=50K,15168
4,28,*,*,14,*,*,*,Male,*,<=50K,15169
4,20,*,*,10,*,*,*,Male,*,<=50K,15170
4,20,*,*,10,*,*,*,Male,*,<=50K,15171
4,20,*,*,10,*,*,*,Male,*,<=50K,15175
4,18,*,*,9,*,*,*,Male,*,<=50K,15176
4,20,*,*,10,*,*,*,Male,*,<=50K,15179
4,20,*,*,10,*,*,*,Male,*,<=50K,15180
4,19,*,*,10,*,*,*,Female,*,>50K,15182
4,19,*,*,10,*,*,*,Female,*,<=50K,15183
4,19,*,*,10,*,*,*,Female,*,<=50K,15184
4,13,*,*,7,*,*,*,Female,*,<=50K,15186
4,15,*,*,8,*,*,*,Female,*,<=50K,15187
4,21,*,*,11,*,*,*,Female,*,>50K,15188
4,18,*,*,9,*,*,*,Male,*,>50K,15189
4,5,*,*,3,*,*,*,Female,*,<=50K,15190
4,19,*,*,10,*,*,*,Female,*,<=50K,15192
4,17,*,*,9,*,*,*,Female,*,<=50K,15193
4,18,*,*,9,*,*,*,Male,*,>50K,15194
4,17,*,*,9,*,*,*,Female,*,<=50K,15196
4,26,*,*,13,*,*,*,Male,*,>50K,15197
4,27,*,*,14,*,*,*,Female,*,>50K,15198
4,20,*,*,10,*,*,*,Male,*,<=50K,15201
4,26,*,*,13,*,*,*,Male,*,<=50K,15203
4,24,*,*,12,*,*,*,Male,*,<=50K,15204
4,26,*,*,13,*,*,*,Male,*,<=50K,15205
4,18,*,*,9,*,*,*,Male,*,<=50K,15206
4,20,*,*,10,*,*,*,Male,*,<=50K,15207
4,22,*,*,11,*,*,*,Male,*,>50K,15208
4,18,*,*,9,*,*,*,Male,*,<=50K,15209
4,18,*,*,9,*,*,*,Male,*,<=50K,15211
4,17,*,*,9,*,*,*,Female,*,<=50K,15213
4,17,*,*,9,*,*,*,Female,*,>50K,15214
4,18,*,*,9,*,*,*,Male,*,<=50K,15215
4,24,*,*,12,*,*,*,Male,*,<=50K,15217
4,18,*,*,9,*,*,*,Male,*,<=50K,15218
4,18,*,*,9,*,*,*,Male,*,<=50K,15219
4,30,*,*,15,*,*,*,Male,*,>50K,15220
4,18,*,*,9,*,*,*,Male,*,<=50K,15224
4,26,*,*,13,*,*,*,Male,*,<=50K,15225
4,14,*,*,7,*,*,*,Male,*,<=50K,15226
4,17,*,*,9,*,*,*,Female,*,<=50K,15227
4,20,*,*,10,*,*,*,Male,*,>50K,15228
4,21,*,*,11,*,*,*,Female,*,<=50K,15229
4,20,*,*,10,*,*,*,Male,*,<=50K,15230
4,26,*,*,13,*,*,*,Male,*,>50K,15231
4,18,*,*,9,*,*,*,Male,*,<=50K,15232
4,17,*,*,9,*,*,*,Female,*,<=50K,15235
4,20,*,*,10,*,*,*,Male,*,<=50K,15236
4,28,*,*,14,*,*,*,Male,*,>50K,15237
4,26,*,*,13,*,*,*,Male,*,>50K,15239
4,15,*,*,8,*,*,*,Female,*,<=50K,15240
4,18,*,*,9,*,*,*,Male,*,<=50K,15241
4,25,*,*,13,*,*,*,Female,*,<=50K,15243
4,26,*,*,13,*,*,*,Male,*,<=50K,15244
4,19,*,*,10,*,*,*,Female,*,<=50K,15245
4,18,*,*,9,*,*,*,Male,*,<=50K,15246
4,18,*,*,9,*,*,*,Male,*,<=50K,15247
4,26,*,*,13,*,*,*,Male,*,<=50K,15249
4,20,*,*,10,*,*,*,Male,*,<=50K,15250
4,20,*,*,10,*,*,*,Male,*,<=50K,15251
4,18,*,*,9,*,*,*,Male,*,<=50K,15252
4,17,*,*,9,*,*,*,Female,*,<=50K,15253
4,21,*,*,11,*,*,*,Female,*,<=50K,15254
4,18,*,*,9,*,*,*,Male,*,<=50K,15255
4,17,*,*,9,*,*,*,Female,*,>50K,15257
4,26,*,*,13,*,*,*,Male,*,<=50K,15258
4,18,*,*,9,*,*,*,Male,*,<=50K,15259
4,17,*,*,9,*,*,*,Female,*,<=50K,15261
4,30,*,*,15,*,*,*,Male,*,<=50K,15262
4,18,*,*,9,*,*,*,Male,*,<=50K,15264
4,17,*,*,9,*,*,*,Female,*,<=50K,15266
4,17,*,*,9,*,*,*,Female,*,<=50K,15267
4,18,*,*,9,*,*,*,Male,*,>50K,15268
4,25,*,*,13,*,*,*,Female,*,<=50K,15269
4,26,*,*,13,*,*,*,Male,*,<=50K,15270
4,14,*,*,7,*,*,*,Male,*,<=50K,15271
4,18,*,*,9,*,*,*,Male,*,<=50K,15273
4,19,*,*,10,*,*,*,Female,*,<=50K,15274
4,28,*,*,14,*,*,*,Male,*,<=50K,15276
4,18,*,*,9,*,*,*,Male,*,<=50K,15277
4,19,*,*,10,*,*,*,Female,*,<=50K,15278
4,19,*,*,10,*,*,*,Female,*,<=50K,15280
4,18,*,*,9,*,*,*,Male,*,<=50K,15282
4,19,*,*,10,*,*,*,Female,*,<=50K,15283
4,17,*,*,9,*,*,*,Female,*,<=50K,15284
4,19,*,*,10,*,*,*,Female,*,<=50K,15286
4,20,*,*,10,*,*,*,Male,*,>50K,15288
4,20,*,*,10,*,*,*,Male,*,<=50K,15289
4,18,*,*,9,*,*,*,Male,*,<=50K,15290
4,16,*,*,8,*,*,*,Male,*,<=50K,15291
4,18,*,*,9,*,*,*,Male,*,>50K,15292
4,20,*,*,10,*,*,*,Male,*,>50K,15293
4,17,*,*,9,*,*,*,Female,*,<=50K,15295
4,17,*,*,9,*,*,*,Female,*,<=50K,15296
4,4,*,*,2,*,*,*,Male,*,<=50K,15297
4,20,*,*,10,*,*,*,Male,*,<=50K,15298
4,20,*,*,10,*,*,*,Male,*,<=50K,15299
4,11,*,*,6,*,*,*,Female,*,<=50K,15301
4,26,*,*,13,*,*,*,Male,*,<=50K,15302
4,18,*,*,9,*,*,*,Male,*,<=50K,15303
4,20,*,*,10,*,*,*,Male,*,<=50K,15304
4,12,*,*,6,*,*,*,Male,*,<=50K,15305
4,20,*,*,10,*,*,*,Male,*,<=50K,15306
4,17,*,*,9,*,*,*,Female,*,<=50K,15308
4,18,*,*,9,*,*,*,Male,*,<=50K,15309
4,20,*,*,10,*,*,*,Male,*,<=50K,15310
4,26,*,*,13,*,*,*,Male,*,<=50K,15311
4,30,*,*,15,*,*,*,Male,*,>50K,15313
4,18,*,*,9,*,*,*,Male,*,<=50K,15314
4,12,*,*,6,*,*,*,Male,*,<=50K,15315
4,26,*,*,13,*,*,*,Male,*,<=50K,15316
4,18,*,*,9,*,*,*,Male,*,<=50K,15317
4,20,*,*,10,*,*,*,Male,*,<=50K,15318
4,20,*,*,10,*,*,*,Male,*,<=50K,15319
4,20,*,*,10,*,*,*,Male,*,<=50K,15320
4,25,*,*,13,*,*,*,Female,*,<=50K,15321
4,19,*,*,10,*,*,*,Female,*,<=50K,15323
4,17,*,*,9,*,*,*,Female,*,<=50K,15324
4,18,*,*,9,*,*,*,Male,*,<=50K,15325
4,17,*,*,9,*,*,*,Female,*,<=50K,15326
4,18,*,*,9,*,*,*,Male,*,<=50K,15328
4,15,*,*,8,*,*,*,Female,*,<=50K,15329
4,18,*,*,9,*,*,*,Male,*,<=50K,15330
4,18,*,*,9,*,*,*,Male,*,<=50K,15331
4,18,*,*,9,*,*,*,Male,*,<=50K,15333
4,26,*,*,13,*,*,*,Male,*,<=50K,15334
4,18,*,*,9,*,*,*,Male,*,<=50K,15335
4,18,*,*,9,*,*,*,Male,*,<=50K,15336
4,18,*,*,9,*,*,*,Male,*,<=50K,15337
4,20,*,*,10,*,*,*,Male,*,<=50K,15338
4,17,*,*,9,*,*,*,Female,*,<=50K,15340
4,17,*,*,9,*,*,*,Female,*,>50K,15341
4,18,*,*,9,*,*,*,Male,*,<=50K,15342
4,26,*,*,13,*,*,*,Male,*,<=50K,15343
4,12,*,*,6,*,*,*,Male,*,<=50K,15344
4,26,*,*,13,*,*,*,Male,*,>50K,15346
4,24,*,*,12,*,*,*,Male,*,<=50K,15347
4,26,*,*,13,*,*,*,Male,*,>50K,15348
4,10,*,*,5,*,*,*,Male,*,<=50K,15349
4,18,*,*,9,*,*,*,Male,*,<=50K,15351
4,18,*,*,9,*,*,*,Male,*,<=50K,15352
4,20,*,*,10,*,*,*,Male,*,>50K,15353
4,12,*,*,6,*,*,*,Male,*,<=50K,15355
4,20,*,*,10,*,*,*,Male,*,<=50K,15356
4,18,*,*,9,*,*,*,Male,*,<=50K,15357
4,24,*,*,12,*,*,*,Male,*,<=50K,15359
4,19,*,*,10,*,*,*,Female,*,<=50K,15360
4,17,*,*,9,*,*,*,Female,*,<=50K,15361
4,24,*,*,12,*,*,*,Male,*,<=50K,15362
4,17,*,*,9,*,*,*,Female,*,<=50K,15363
4,19,*,*,10,*,*,*,Female,*,<=50K,15364
4,14,*,*,7,*,*,*,Male,*,<=50K,15365
4,17,*,*,9,*,*,*,Female,*,<=50K,15366
4,19,*,*,10,*,*,*,Female,*,<=50K,15367
4,19,*,*,10,*,*,*,Female,*,<=50K,15368
4,18,*,*,9,*,*,*,Male,*,<=50K,15369
4,26,*,*,13,*,*,*,Male,*,>50K,15370
4,18,*,*,9,*,*,*,Male,*,<=50K,15371
4,24,*,*,12,*,*,*,Male,*,<=50K,15372
4,18,*,*,9,*,*,*,Male,*,<=50K,15373
4,16,*,*,8,*,*,*,Male,*,<=50K,15375
4,28,*,*,14,*,*,*,Male,*,>50K,15376
4,27,*,*,14,*,*,*,Female,*,<=50K,15377
4,17,*,*,9,*,*,*,Female,*,<=50K,15378
4,20,*,*,10,*,*,*,Male,*,>50K,15379
4,18,*,*,9,*,*,*,Male,*,<=50K,15380
4,8,*,*,4,*,*,*,Male,*,<=50K,15381
4,20,*,*,10,*,*,*,Male,*,<=50K,15382
4,18,*,*,9,*,*,*,Male,*,<=50K,15383
4,17,*,*,9,*,*,*,Female,*,<=50K,15384
4,8,*,*,4,*,*,*,Male,*,<=50K,15385
4,14,*,*,7,*,*,*,Male,*,<=50K,15386
4,9,*,*,5,*,*,*,Female,*,<=50K,15388
4,20,*,*,10,*,*,*,Male,*,<=50K,15389
4,26,*,*,13,*,*,*,Male,*,>50K,15390
4,18,*,*,9,*,*,*,Male,*,<=50K,15391
4,19,*,*,10,*,*,*,Female,*,<=50K,15392
4,22,*,*,11,*,*,*,Male,*,>50K,15394
4,26,*,*,13,*,*,*,Male,*,<=50K,15397
4,26,*,*,13,*,*,*,Male,*,>50K,15398
4,26,*,*,13,*,*,*,Male,*,<=50K,15399
4,26,*,*,13,*,*,*,Male,*,>50K,15401
4,21,*,*,11,*,*,*,Female,*,<=50K,15402
4,12,*,*,6,*,*,*,Male,*,<=50K,15403
4,25,*,*,13,*,*,*,Female,*,<=50K,15405
4,26,*,*,13,*,*,*,Male,*,<=50K,15406
4,18,*,*,9,*,*,*,Male,*,<=50K,15407
4,19,*,*,10,*,*,*,Female,*,<=50K,15408
4,8,*,*,4,*,*,*,Male,*,<=50K,15409
4,17,*,*,9,*,*,*,Female,*,<=50K,15410
4,18,*,*,9,*,*,*,Male,*,<=50K,15411
4,8,*,*,4,*,*,*,Male,*,>50K,15412
4,28,*,*,14,*,*,*,Male,*,>50K,15413
4,17,*,*,9,*,*,*,Female,*,<=50K,15414
4,20,*,*,10,*,*,*,Male,*,<=50K,15415
4,20,*,*,10,*,*,*,Male,*,<=50K,15417
4,26,*,*,13,*,*,*,Male,*,<=50K,15418
4,22,*,*,11,*,*,*,Male,*,>50K,15419
4,20,*,*,10,*,*,*,Male,*,>50K,15420
4,18,*,*,9,*,*,*,Male,*,<=50K,15421
4,18,*,*,9,*,*,*,Male,*,<=50K,15424
4,18,*,*,9,*,*,*,Male,*,<=50K,15425
4,18,*,*,9,*,*,*,Male,*,<=50K,15426
4,20,*,*,10,*,*,*,Male,*,<=50K,15427
4,26,*,*,13,*,*,*,Male,*,<=50K,15428
4,25,*,*,13,*,*,*,Female,*,<=50K,15429
4,18,*,*,9,*,*,*,Male,*,<=50K,15430
4,32,*,*,16,*,*,*,Male,*,<=50K,15431
4,25,*,*,13,*,*,*,Female,*,<=50K,15432
4,20,*,*,10,*,*,*,Male,*,<=50K,15433
4,21,*,*,11,*,*,*,Female,*,<=50K,15434
4,23,*,*,12,*,*,*,Female,*,<=50K,15436
4,17,*,*,9,*,*,*,Female,*,<=50K,15437
4,21,*,*,11,*,*,*,Female,*,<=50K,15438
4,10,*,*,5,*,*,*,Male,*,<=50K,15440
4,19,*,*,10,*,*,*,Female,*,<=50K,15443
4,18,*,*,9,*,*,*,Male,*,>50K,15444
4,14,*,*,7,*,*,*,Male,*,<=50K,15446
4,26,*,*,13,*,*,*,Male,*,<=50K,15447
4,27,*,*,14,*,*,*,Female,*,>50K,15448
4,25,*,*,13,*,*,*,Female,*,<=50K,15449
4,18,*,*,9,*,*,*,Male,*,<=50K,15450
4,8,*,*,4,*,*,*,Male,*,<=50K,15451
4,17,*,*,9,*,*,*,Female,*,<=50K,15452
4,26,*,*,13,*,*,*,Male,*,>50K,15455
4,20,*,*,10,*,*,*,Male,*,<=50K,15456
4,12,*,*,6,*,*,*,Male,*,<=50K,15457
4,17,*,*,9,*,*,*,Female,*,<=50K,15458
4,12,*,*,6,*,*,*,Male,*,<=50K,15459
4,18,*,*,9,*,*,*,Male,*,>50K,15460
4,12,*,*,6,*,*,*,Male,*,<=50K,15461
4,25,*,*,13,*,*,*,Female,*,<=50K,15462
4,19,*,*,10,*,*,*,Female,*,<=50K,15464
4,17,*,*,9,*,*,*,Female,*,<=50K,15465
4,18,*,*,9,*,*,*,Male,*,<=50K,15466
4,20,*,*,10,*,*,*,Male,*,<=50K,15467
4,26,*,*,13,*,*,*,Male,*,<=50K,15468
4,10,*,*,5,*,*,*,Male,*,<=50K,15469
4,26,*,*,13,*,*,*,Male,*,<=50K,15471
4,17,*,*,9,*,*,*,Female,*,<=50K,15472
4,19,*,*,10,*,*,*,Female,*,<=50K,15473
4,28,*,*,14,*,*,*,Male,*,<=50K,15474
4,19,*,*,10,*,*,*,Female,*,<=50K,15475
4,23,*,*,12,*,*,*,Female,*,<=50K,15476
4,22,*,*,11,*,*,*,Male,*,<=50K,15477
4,18,*,*,9,*,*,*,Male,*,<=50K,15478
4,10,*,*,5,*,*,*,Male,*,<=50K,15479
4,18,*,*,9,*,*,*,Male,*,<=50K,15480
4,22,*,*,11,*,*,*,Male,*,<=50K,15482
4,6,*,*,3,*,*,*,Male,*,<=50K,15483
4,19,*,*,10,*,*,*,Female,*,<=50K,15484
4,19,*,*,10,*,*,*,Female,*,<=50K,15485
4,25,*,*,13,*,*,*,Female,*,<=50K,15486
4,14,*,*,7,*,*,*,Male,*,<=50K,15487
4,28,*,*,14,*,*,*,Male,*,>50K,15488
4,19,*,*,10,*,*,*,Female,*,<=50K,15489
4,18,*,*,9,*,*,*,Male,*,<=50K,15490
4,22,*,*,11,*,*,*,Male,*,<=50K,15491
4,18,*,*,9,*,*,*,Male,*,<=50K,15492
4,26,*,*,13,*,*,*,Male,*,>50K,15493
4,3,*,*,2,*,*,*,Female,*,<=50K,15494
4,26,*,*,13,*,*,*,Male,*,>50K,15495
4,25,*,*,13,*,*,*,Female,*,<=50K,15496
4,17,*,*,9,*,*,*,Female,*,<=50K,15497
4,20,*,*,10,*,*,*,Male,*,<=50K,15498
4,17,*,*,9,*,*,*,Female,*,<=50K,15500
4,17,*,*,9,*,*,*,Female,*,<=50K,15501
4,18,*,*,9,*,*,*,Male,*,>50K,15502
4,18,*,*,9,*,*,*,Male,*,<=50K,15503
4,20,*,*,10,*,*,*,Male,*,<=50K,15504
4,17,*,*,9,*,*,*,Female,*,<=50K,15505
4,26,*,*,13,*,*,*,Male,*,>50K,15506
4,26,*,*,13,*,*,*,Male,*,<=50K,15507
4,27,*,*,14,*,*,*,Female,*,>50K,15508
4,25,*,*,13,*,*,*,Female,*,<=50K,15509
4,19,*,*,10,*,*,*,Female,*,<=50K,15510
4,20,*,*,10,*,*,*,Male,*,<=50K,15511
4,25,*,*,13,*,*,*,Female,*,<=50K,15513
4,18,*,*,9,*,*,*,Male,*,>50K,15514
4,17,*,*,9,*,*,*,Female,*,<=50K,15515
4,18,*,*,9,*,*,*,Male,*,>50K,15517
4,26,*,*,13,*,*,*,Male,*,<=50K,15518
4,20,*,*,10,*,*,*,Male,*,<=50K,15520
4,27,*,*,14,*,*,*,Female,*,>50K,15521
4,18,*,*,9,*,*,*,Male,*,<=50K,15522
4,20,*,*,10,*,*,*,Male,*,<=50K,15523
4,19,*,*,10,*,*,*,Female,*,<=50K,15524
4,18,*,*,9,*,*,*,Male,*,<=50K,15528
4,18,*,*,9,*,*,*,Male,*,<=50K,15529
4,18,*,*,9,*,*,*,Male,*,<=50K,15530
4,20,*,*,10,*,*,*,Male,*,<=50K,15531
4,23,*,*,12,*,*,*,Female,*,<=50K,15532
4,17,*,*,9,*,*,*,Female,*,<=50K,15533
4,27,*,*,14,*,*,*,Female,*,<=50K,15534
4,25,*,*,13,*,*,*,Female,*,<=50K,15535
4,18,*,*,9,*,*,*,Male,*,<=50K,15536
4,25,*,*,13,*,*,*,Female,*,<=50K,15538
4,26,*,*,13,*,*,*,Male,*,>50K,15539
4,18,*,*,9,*,*,*,Male,*,<=50K,15540
4,25,*,*,13,*,*,*,Female,*,<=50K,15541
4,17,*,*,9,*,*,*,Female,*,<=50K,15543
4,18,*,*,9,*,*,*,Male,*,<=50K,15545
4,17,*,*,9,*,*,*,Female,*,<=50K,15546
4,20,*,*,10,*,*,*,Male,*,<=50K,15547
4,18,*,*,9,*,*,*,Male,*,<=50K,15548
4,17,*,*,9,*,*,*,Female,*,>50K,15550
4,18,*,*,9,*,*,*,Male,*,<=50K,15552
4,26,*,*,13,*,*,*,Male,*,>50K,15553
4,14,*,*,7,*,*,*,Male,*,<=50K,15554
4,18,*,*,9,*,*,*,Male,*,<=50K,15555
4,18,*,*,9,*,*,*,Male,*,<=50K,15556
4,20,*,*,10,*,*,*,Male,*,<=50K,15558
4,18,*,*,9,*,*,*,Male,*,<=50K,15560
4,28,*,*,14,*,*,*,Male,*,>50K,15562
4,11,*,*,6,*,*,*,Female,*,<=50K,15563
4,26,*,*,13,*,*,*,Male,*,<=50K,15564
4,22,*,*,11,*,*,*,Male,*,<=50K,15565
4,18,*,*,9,*,*,*,Male,*,<=50K,15566
4,18,*,*,9,*,*,*,Male,*,<=50K,15568
4,18,*,*,9,*,*,*,Male,*,<=50K,15569
4,12,*,*,6,*,*,*,Male,*,<=50K,15570
4,18,*,*,9,*,*,*,Male,*,>50K,15571
4,25,*,*,13,*,*,*,Female,*,<=50K,15572
4,16,*,*,8,*,*,*,Male,*,<=50K,15573
4,18,*,*,9,*,*,*,Male,*,<=50K,15574
4,20,*,*,10,*,*,*,Male,*,<=50K,15575
4,22,*,*,11,*,*,*,Male,*,>50K,15576
4,18,*,*,9,*,*,*,Male,*,<=50K,15578
4,26,*,*,13,*,*,*,Male,*,<=50K,15579
4,22,*,*,11,*,*,*,Male,*,<=50K,15580
4,10,*,*,5,*,*,*,Male,*,>50K,15582
4,19,*,*,10,*,*,*,Female,*,<=50K,15583
4,28,*,*,14,*,*,*,Male,*,<=50K,15587
4,17,*,*,9,*,*,*,Female,*,<=50K,15588
4,19,*,*,10,*,*,*,Female,*,<=50K,15589
4,17,*,*,9,*,*,*,Female,*,<=50K,15590
4,20,*,*,10,*,*,*,Male,*,<=50K,15591
4,24,*,*,12,*,*,*,Male,*,>50K,15592
4,20,*,*,10,*,*,*,Male,*,<=50K,15593
4,19,*,*,10,*,*,*,Female,*,<=50K,15595
4,20,*,*,10,*,*,*,Male,*,<=50K,15596
4,20,*,*,10,*,*,*,Male,*,<=50K,15597
4,26,*,*,13,*,*,*,Male,*,<=50K,15598
4,19,*,*,10,*,*,*,Female,*,<=50K,15600
4,17,*,*,9,*,*,*,Female,*,<=50K,15601
4,17,*,*,9,*,*,*,Female,*,<=50K,15604
4,26,*,*,13,*,*,*,Male,*,<=50K,15605
4,20,*,*,10,*,*,*,Male,*,>50K,15608
4,18,*,*,9,*,*,*,Male,*,<=50K,15610
4,24,*,*,12,*,*,*,Male,*,<=50K,15611
4,21,*,*,11,*,*,*,Female,*,>50K,15612
4,18,*,*,9,*,*,*,Male,*,<=50K,15614
4,32,*,*,16,*,*,*,Male,*,<=50K,15615
4,18,*,*,9,*,*,*,Male,*,<=50K,15616
4,19,*,*,10,*,*,*,Female,*,<=50K,15617
4,18,*,*,9,*,*,*,Male,*,<=50K,15618
4,17,*,*,9,*,*,*,Female,*,<=50K,15619
4,26,*,*,13,*,*,*,Male,*,<=50K,15620
4,17,*,*,9,*,*,*,Female,*,<=50K,15621
4,17,*,*,9,*,*,*,Female,*,<=50K,15623
4,18,*,*,9,*,*,*,Male,*,>50K,15624
4,22,*,*,11,*,*,*,Male,*,<=50K,15626
4,19,*,*,10,*,*,*,Female,*,<=50K,15627
4,20,*,*,10,*,*,*,Male,*,>50K,15628
4,21,*,*,11,*,*,*,Female,*,<=50K,15630
4,19,*,*,10,*,*,*,Female,*,<=50K,15631
4,12,*,*,6,*,*,*,Male,*,<=50K,15632
4,18,*,*,9,*,*,*,Male,*,<=50K,15635
4,17,*,*,9,*,*,*,Female,*,<=50K,15636
4,5,*,*,3,*,*,*,Female,*,<=50K,15637
4,19,*,*,10,*,*,*,Female,*,<=50K,15640
4,18,*,*,9,*,*,*,Male,*,<=50K,15641
4,18,*,*,9,*,*,*,Male,*,<=50K,15644
4,17,*,*,9,*,*,*,Female,*,<=50K,15645
4,18,*,*,9,*,*,*,Male,*,>50K,15646
4,14,*,*,7,*,*,*,Male,*,<=50K,15647
4,25,*,*,13,*,*,*,Female,*,>50K,15648
4,12,*,*,6,*,*,*,Male,*,<=50K,15649
4,13,*,*,7,*,*,*,Female,*,<=50K,15650
4,18,*,*,9,*,*,*,Male,*,<=50K,15651
4,18,*,*,9,*,*,*,Male,*,<=50K,15652
4,10,*,*,5,*,*,*,Male,*,<=50K,15653
4,27,*,*,14,*,*,*,Female,*,<=50K,15654
4,22,*,*,11,*,*,*,Male,*,<=50K,15655
4,26,*,*,13,*,*,*,Male,*,>50K,15656
4,17,*,*,9,*,*,*,Female,*,<=50K,15657
4,18,*,*,9,*,*,*,Male,*,<=50K,15658
4,18,*,*,9,*,*,*,Male,*,>50K,15659
4,13,*,*,7,*,*,*,Female,*,<=50K,15661
4,26,*,*,13,*,*,*,Male,*,>50K,15662
4,17,*,*,9,*,*,*,Female,*,<=50K,15663
4,17,*,*,9,*,*,*,Female,*,<=50K,15666
4,20,*,*,10,*,*,*,Male,*,<=50K,15667
4,6,*,*,3,*,*,*,Male,*,<=50K,15669
4,28,*,*,14,*,*,*,Male,*,>50K,15670
4,17,*,*,9,*,*,*,Female,*,<=50K,15671
4,12,*,*,6,*,*,*,Male,*,<=50K,15672
4,20,*,*,10,*,*,*,Male,*,>50K,15673
4,25,*,*,13,*,*,*,Female,*,<=50K,15674
4,28,*,*,14,*,*,*,Male,*,<=50K,15675
4,13,*,*,7,*,*,*,Female,*,<=50K,15676
4,26,*,*,13,*,*,*,Male,*,>50K,15677
4,20,*,*,10,*,*,*,Male,*,<=50K,15679
4,31,*,*,16,*,*,*,Female,*,>50K,15680
4,26,*,*,13,*,*,*,Male,*,<=50K,15681
4,18,*,*,9,*,*,*,Male,*,<=50K,15682
4,30,*,*,15,*,*,*,Male,*,<=50K,15684
4,19,*,*,10,*,*,*,Female,*,<=50K,15686
4,17,*,*,9,*,*,*,Female,*,<=50K,15687
4,25,*,*,13,*,*,*,Female,*,<=50K,15688
4,18,*,*,9,*,*,*,Male,*,<=50K,15689
4,26,*,*,13,*,*,*,Male,*,>50K,15690
4,26,*,*,13,*,*,*,Male,*,<=50K,15691
4,25,*,*,13,*,*,*,Female,*,<=50K,15693
4,11,*,*,6,*,*,*,Female,*,<=50K,15694
4,18,*,*,9,*,*,*,Male,*,<=50K,15695
4,20,*,*,10,*,*,*,Male,*,<=50K,15696
4,26,*,*,13,*,*,*,Male,*,>50K,15697
4,19,*,*,10,*,*,*,Female,*,<=50K,15698
4,28,*,*,14,*,*,*,Male,*,<=50K,15699
4,26,*,*,13,*,*,*,Male,*,<=50K,15700
4,17,*,*,9,*,*,*,Female,*,<=50K,15701
4,19,*,*,10,*,*,*,Female,*,<=50K,15702
4,18,*,*,9,*,*,*,Male,*,<=50K,15704
4,26,*,*,13,*,*,*,Male,*,>50K,15705
4,17,*,*,9,*,*,*,Female,*,<=50K,15706
4,18,*,*,9,*,*,*,Male,*,>50K,15707
4,17,*,*,9,*,*,*,Female,*,<=50K,15708
4,26,*,*,13,*,*,*,Male,*,<=50K,15710
4,19,*,*,10,*,*,*,Female,*,<=50K,15711
4,14,*,*,7,*,*,*,Male,*,<=50K,15712
4,18,*,*,9,*,*,*,Male,*,<=50K,15714
4,20,*,*,10,*,*,*,Male,*,>50K,15715
4,25,*,*,13,*,*,*,Female,*,<=50K,15716
4,18,*,*,9,*,*,*,Male,*,<=50K,15717
4,13,*,*,7,*,*,*,Female,*,<=50K,15718
4,18,*,*,9,*,*,*,Male,*,<=50K,15719
4,25,*,*,13,*,*,*,Female,*,<=50K,15720
4,25,*,*,13,*,*,*,Female,*,<=50K,15721
4,17,*,*,9,*,*,*,Female,*,<=50K,15723
4,19,*,*,10,*,*,*,Female,*,<=50K,15725
4,20,*,*,10,*,*,*,Male,*,<=50K,15726
4,18,*,*,9,*,*,*,Male,*,<=50K,15727
4,17,*,*,9,*,*,*,Female,*,<=50K,15728
4,24,*,*,12,*,*,*,Male,*,<=50K,15729
4,20,*,*,10,*,*,*,Male,*,>50K,15730
4,20,*,*,10,*,*,*,Male,*,>50K,15731
4,26,*,*,13,*,*,*,Male,*,<=50K,15732
4,21,*,*,11,*,*,*,Female,*,<=50K,15734
4,28,*,*,14,*,*,*,Male,*,<=50K,15736
4,18,*,*,9,*,*,*,Male,*,<=50K,15737
4,26,*,*,13,*,*,*,Male,*,<=50K,15738
4,24,*,*,12,*,*,*,Male,*,<=50K,15739
4,26,*,*,13,*,*,*,Male,*,<=50K,15740
4,24,*,*,12,*,*,*,Male,*,>50K,15741
4,18,*,*,9,*,*,*,Male,*,<=50K,15742
4,8,*,*,4,*,*,*,Male,*,<=50K,15743
4,17,*,*,9,*,*,*,Female,*,<=50K,15744
4,21,*,*,11,*,*,*,Female,*,<=50K,15747
4,28,*,*,14,*,*,*,Male,*,>50K,15750
4,25,*,*,13,*,*,*,Female,*,>50K,15752
4,23,*,*,12,*,*,*,Female,*,<=50K,15753
4,17,*,*,9,*,*,*,Female,*,>50K,15754
4,28,*,*,14,*,*,*,Male,*,>50K,15755
4,19,*,*,10,*,*,*,Female,*,<=50K,15756
4,26,*,*,13,*,*,*,Male,*,>50K,15757
4,18,*,*,9,*,*,*,Male,*,<=50K,15758
4,18,*,*,9,*,*,*,Male,*,<=50K,15759
4,28,*,*,14,*,*,*,Male,*,>50K,15760
4,14,*,*,7,*,*,*,Male,*,<=50K,15761
4,20,*,*,10,*,*,*,Male,*,<=50K,15762
4,19,*,*,10,*,*,*,Female,*,<=50K,15763
4,26,*,*,13,*,*,*,Male,*,>50K,15764
4,17,*,*,9,*,*,*,Female,*,<=50K,15765
4,26,*,*,13,*,*,*,Male,*,>50K,15767
4,18,*,*,9,*,*,*,Male,*,<=50K,15769
4,18,*,*,9,*,*,*,Male,*,>50K,15770
4,27,*,*,14,*,*,*,Female,*,<=50K,15771
4,20,*,*,10,*,*,*,Male,*,<=50K,15772
4,19,*,*,10,*,*,*,Female,*,<=50K,15773
4,18,*,*,9,*,*,*,Male,*,>50K,15774
4,10,*,*,5,*,*,*,Male,*,<=50K,15775
4,17,*,*,9,*,*,*,Female,*,<=50K,15776
4,17,*,*,9,*,*,*,Female,*,<=50K,15777
4,18,*,*,9,*,*,*,Male,*,<=50K,15778
4,18,*,*,9,*,*,*,Male,*,<=50K,15779
4,20,*,*,10,*,*,*,Male,*,<=50K,15780
4,18,*,*,9,*,*,*,Male,*,>50K,15782
4,27,*,*,14,*,*,*,Female,*,<=50K,15783
4,18,*,*,9,*,*,*,Male,*,>50K,15784
4,24,*,*,12,*,*,*,Male,*,>50K,15785
4,17,*,*,9,*,*,*,Female,*,<=50K,15786
4,7,*,*,4,*,*,*,Female,*,<=50K,15787
4,20,*,*,10,*,*,*,Male,*,<=50K,15788
4,20,*,*,10,*,*,*,Male,*,>50K,15790
4,12,*,*,6,*,*,*,Male,*,<=50K,15791
4,20,*,*,10,*,*,*,Male,*,<=50K,15792
4,28,*,*,14,*,*,*,Male,*,<=50K,15793
4,18,*,*,9,*,*,*,Male,*,>50K,15796
4,19,*,*,10,*,*,*,Female,*,<=50K,15797
4,11,*,*,6,*,*,*,Female,*,<=50K,15798
4,32,*,*,16,*,*,*,Male,*,<=50K,15800
4,17,*,*,9,*,*,*,Female,*,<=50K,15801
4,17,*,*,9,*,*,*,Female,*,<=50K,15803
4,21,*,*,11,*,*,*,Female,*,<=50K,15804
4,26,*,*,13,*,*,*,Male,*,<=50K,15805
4,26,*,*,13,*,*,*,Male,*,>50K,15806
4,22,*,*,11,*,*,*,Male,*,>50K,15807
4,29,*,*,15,*,*,*,Female,*,<=50K,15809
4,13,*,*,7,*,*,*,Female,*,<=50K,15810
4,16,*,*,8,*,*,*,Male,*,<=50K,15812
4,8,*,*,4,*,*,*,Male,*,<=50K,15813
4,10,*,*,5,*,*,*,Male,*,<=50K,15814
4,17,*,*,9,*,*,*,Female,*,<=50K,15815
4,30,*,*,15,*,*,*,Male,*,>50K,15816
4,19,*,*,10,*,*,*,Female,*,<=50K,15817
4,18,*,*,9,*,*,*,Male,*,<=50K,15818
4,20,*,*,10,*,*,*,Male,*,<=50K,15820
4,20,*,*,10,*,*,*,Male,*,>50K,15821
4,30,*,*,15,*,*,*,Male,*,<=50K,15823
4,18,*,*,9,*,*,*,Male,*,>50K,15824
4,25,*,*,13,*,*,*,Female,*,>50K,15825
4,19,*,*,10,*,*,*,Female,*,<=50K,15827
4,18,*,*,9,*,*,*,Male,*,<=50K,15828
4,27,*,*,14,*,*,*,Female,*,<=50K,15829
4,18,*,*,9,*,*,*,Male,*,<=50K,15830
4,22,*,*,11,*,*,*,Male,*,<=50K,15833
4,21,*,*,11,*,*,*,Female,*,<=50K,15834
4,17,*,*,9,*,*,*,Female,*,<=50K,15835
4,20,*,*,10,*,*,*,Male,*,<=50K,15837
4,26,*,*,13,*,*,*,Male,*,>50K,15840
4,18,*,*,9,*,*,*,Male,*,<=50K,15841
4,21,*,*,11,*,*,*,Female,*,<=50K,15842
4,14,*,*,7,*,*,*,Male,*,<=50K,15843
4,26,*,*,13,*,*,*,Male,*,<=50K,15844
4,17,*,*,9,*,*,*,Female,*,<=50K,15845
4,14,*,*,7,*,*,*,Male,*,<=50K,15847
4,18,*,*,9,*,*,*,Male,*,<=50K,15849
4,18,*,*,9,*,*,*,Male,*,>50K,15850
4,28,*,*,14,*,*,*,Male,*,>50K,15851
4,18,*,*,9,*,*,*,Male,*,<=50K,15852
4,14,*,*,7,*,*,*,Male,*,<=50K,15853
4,20,*,*,10,*,*,*,Male,*,<=50K,15854
4,18,*,*,9,*,*,*,Male,*,<=50K,15855
4,18,*,*,9,*,*,*,Male,*,<=50K,15856
4,17,*,*,9,*,*,*,Female,*,<=50K,15857
4,22,*,*,11,*,*,*,Male,*,<=50K,15858
4,25,*,*,13,*,*,*,Female,*,<=50K,15859
4,6,*,*,3,*,*,*,Male,*,<=50K,15861
4,21,*,*,11,*,*,*,Female,*,>50K,15862
4,25,*,*,13,*,*,*,Female,*,<=50K,15863
4,12,*,*,6,*,*,*,Male,*,<=50K,15865
4,18,*,*,9,*,*,*,Male,*,>50K,15866
4,17,*,*,9,*,*,*,Female,*,<=50K,15867
4,26,*,*,13,*,*,*,Male,*,>50K,15868
4,26,*,*,13,*,*,*,Male,*,>50K,15869
4,18,*,*,9,*,*,*,Male,*,<=50K,15870
4,18,*,*,9,*,*,*,Male,*,<=50K,15872
4,24,*,*,12,*,*,*,Male,*,<=50K,15873
4,22,*,*,11,*,*,*,Male,*,>50K,15875
4,27,*,*,14,*,*,*,Female,*,<=50K,15876
4,22,*,*,11,*,*,*,Male,*,<=50K,15877
4,19,*,*,10,*,*,*,Female,*,<=50K,15878
4,18,*,*,9,*,*,*,Male,*,<=50K,15879
4,18,*,*,9,*,*,*,Male,*,<=50K,15880
4,25,*,*,13,*,*,*,Female,*,<=50K,15881
4,21,*,*,11,*,*,*,Female,*,<=50K,15882
4,20,*,*,10,*,*,*,Male,*,<=50K,15883
4,12,*,*,6,*,*,*,Male,*,<=50K,15884
4,17,*,*,9,*,*,*,Female,*,<=50K,15885
4,30,*,*,15,*,*,*,Male,*,>50K,15886
4,25,*,*,13,*,*,*,Female,*,>50K,15887
4,19,*,*,10,*,*,*,Female,*,<=50K,15888
4,20,*,*,10,*,*,*,Male,*,<=50K,15889
4,28,*,*,14,*,*,*,Male,*,>50K,15890
4,13,*,*,7,*,*,*,Female,*,<=50K,15891
4,19,*,*,10,*,*,*,Female,*,<=50K,15892
4,22,*,*,11,*,*,*,Male,*,<=50K,15893
4,20,*,*,10,*,*,*,Male,*,<=50K,15894
4,18,*,*,9,*,*,*,Male,*,<=50K,15895
4,28,*,*,14,*,*,*,Male,*,<=50K,15897
4,14,*,*,7,*,*,*,Male,*,<=50K,15898
4,30,*,*,15,*,*,*,Male,*,>50K,15899
4,20,*,*,10,*,*,*,Male,*,>50K,15900
4,19,*,*,10,*,*,*,Female,*,<=50K,15901
4,28,*,*,14,*,*,*,Male,*,>50K,15902
4,18,*,*,9,*,*,*,Male,*,<=50K,15903
4,20,*,*,10,*,*,*,Male,*,<=50K,15904
4,19,*,*,10,*,*,*,Female,*,<=50K,15906
4,19,*,*,10,*,*,*,Female,*,<=50K,15907
4,26,*,*,13,*,*,*,Male,*,<=50K,15909
4,18,*,*,9,*,*,*,Male,*,<=50K,15911
4,18,*,*,9,*,*,*,Male,*,<=50K,15913
4,9,*,*,5,*,*,*,Female,*,<=50K,15914
4,19,*,*,10,*,*,*,Female,*,<=50K,15915
4,32,*,*,16,*,*,*,Male,*,>50K,15918
4,26,*,*,13,*,*,*,Male,*,>50K,15919
4,18,*,*,9,*,*,*,Male,*,<=50K,15921
4,20,*,*,10,*,*,*,Male,*,<=50K,15923
4,26,*,*,13,*,*,*,Male,*,>50K,15924
4,18,*,*,9,*,*,*,Male,*,>50K,15925
4,26,*,*,13,*,*,*,Male,*,<=50K,15926
4,18,*,*,9,*,*,*,Male,*,>50K,15927
4,22,*,*,11,*,*,*,Male,*,<=50K,15928
4,24,*,*,12,*,*,*,Male,*,<=50K,15929
4,20,*,*,10,*,*,*,Male,*,<=50K,15931
4,18,*,*,9,*,*,*,Male,*,>50K,15932
4,4,*,*,2,*,*,*,Male,*,<=50K,15933
4,25,*,*,13,*,*,*,Female,*,<=50K,15934
4,19,*,*,10,*,*,*,Female,*,<=50K,15936
4,26,*,*,13,*,*,*,Male,*,<=50K,15937
4,26,*,*,13,*,*,*,Male,*,>50K,15938
4,26,*,*,13,*,*,*,Male,*,>50K,15939
4,8,*,*,4,*,*,*,Male,*,<=50K,15940
4,26,*,*,13,*,*,*,Male,*,<=50K,15941
4,20,*,*,10,*,*,*,Male,*,<=50K,15942
4,20,*,*,10,*,*,*,Male,*,<=50K,15943
4,17,*,*,9,*,*,*,Female,*,<=50K,15944
4,27,*,*,14,*,*,*,Female,*,<=50K,15945
4,6,*,*,3,*,*,*,Male,*,<=50K,15947
4,25,*,*,13,*,*,*,Female,*,>50K,15948
4,6,*,*,3,*,*,*,Male,*,<=50K,15949
4,14,*,*,7,*,*,*,Male,*,<=50K,15950
4,18,*,*,9,*,*,*,Male,*,<=50K,15952
4,18,*,*,9,*,*,*,Male,*,<=50K,15953
4,23,*,*,12,*,*,*,Female,*,<=50K,15956
4,18,*,*,9,*,*,*,Male,*,>50K,15957
4,26,*,*,13,*,*,*,Male,*,<=50K,15958
4,13,*,*,7,*,*,*,Female,*,<=50K,15959
4,28,*,*,14,*,*,*,Male,*,<=50K,15960
4,25,*,*,13,*,*,*,Female,*,<=50K,15961
4,13,*,*,7,*,*,*,Female,*,<=50K,15962
4,6,*,*,3,*,*,*,Male,*,<=50K,15963
4,17,*,*,9,*,*,*,Female,*,<=50K,15965
4,5,*,*,3,*,*,*,Female,*,<=50K,15966
4,25,*,*,13,*,*,*,Female,*,<=50K,15967
4,22,*,*,11,*,*,*,Male,*,<=50K,15968
4,32,*,*,16,*,*,*,Male,*,<=50K,15969
4,26,*,*,13,*,*,*,Male,*,>50K,15971
4,18,*,*,9,*,*,*,Male,*,<=50K,15972
4,18,*,*,9,*,*,*,Male,*,>50K,15974
4,7,*,*,4,*,*,*,Female,*,<=50K,15975
4,19,*,*,10,*,*,*,Female,*,<=50K,15976
4,20,*,*,10,*,*,*,Male,*,>50K,15977
4,19,*,*,10,*,*,*,Female,*,<=50K,15978
4,26,*,*,13,*,*,*,Male,*,<=50K,15980
4,20,*,*,10,*,*,*,Male,*,<=50K,15982
4,32,*,*,16,*,*,*,Male,*,<=50K,15983
4,26,*,*,13,*,*,*,Male,*,>50K,15984
4,26,*,*,13,*,*,*,Male,*,<=50K,15985
4,20,*,*,10,*,*,*,Male,*,<=50K,15991
4,10,*,*,5,*,*,*,Male,*,<=50K,15992
4,18,*,*,9,*,*,*,Male,*,>50K,15993
4,18,*,*,9,*,*,*,Male,*,<=50K,15994
4,18,*,*,9,*,*,*,Male,*,<=50K,15995
4,19,*,*,10,*,*,*,Female,*,<=50K,15996
4,19,*,*,10,*,*,*,Female,*,<=50K,15997
4,28,*,*,14,*,*,*,Male,*,>50K,15998
4,12,*,*,6,*,*,*,Male,*,>50K,15999
4,14,*,*,7,*,*,*,Male,*,<=50K,16000
4,20,*,*,10,*,*,*,Male,*,<=50K,16001
4,25,*,*,13,*,*,*,Female,*,<=50K,16002
4,24,*,*,12,*,*,*,Male,*,<=50K,16003
4,20,*,*,10,*,*,*,Male,*,<=50K,16006
4,18,*,*,9,*,*,*,Male,*,<=50K,16008
4,28,*,*,14,*,*,*,Male,*,>50K,16009
4,17,*,*,9,*,*,*,Female,*,>50K,16011
4,29,*,*,15,*,*,*,Female,*,<=50K,16012
4,18,*,*,9,*,*,*,Male,*,<=50K,16015
4,18,*,*,9,*,*,*,Male,*,<=50K,16016
4,18,*,*,9,*,*,*,Male,*,>50K,16017
4,14,*,*,7,*,*,*,Male,*,<=50K,16018
4,17,*,*,9,*,*,*,Female,*,<=50K,16019
4,18,*,*,9,*,*,*,Male,*,<=50K,16020
4,6,*,*,3,*,*,*,Male,*,<=50K,16021
4,22,*,*,11,*,*,*,Male,*,<=50K,16022
4,18,*,*,9,*,*,*,Male,*,<=50K,16025
4,26,*,*,13,*,*,*,Male,*,<=50K,16028
4,20,*,*,10,*,*,*,Male,*,<=50K,16029
4,25,*,*,13,*,*,*,Female,*,<=50K,16030
4,27,*,*,14,*,*,*,Female,*,<=50K,16031
4,18,*,*,9,*,*,*,Male,*,<=50K,16032
4,25,*,*,13,*,*,*,Female,*,<=50K,16033
4,25,*,*,13,*,*,*,Female,*,>50K,16035
4,25,*,*,13,*,*,*,Female,*,<=50K,16036
4,20,*,*,10,*,*,*,Male,*,<=50K,16038
4,26,*,*,13,*,*,*,Male,*,>50K,16040
4,20,*,*,10,*,*,*,Male,*,<=50K,16041
4,22,*,*,11,*,*,*,Male,*,<=50K,16043
4,24,*,*,12,*,*,*,Male,*,<=50K,16044
4,25,*,*,13,*,*,*,Female,*,<=50K,16046
4,25,*,*,13,*,*,*,Female,*,<=50K,16047
4,4,*,*,2,*,*,*,Male,*,<=50K,16048
4,26,*,*,13,*,*,*,Male,*,<=50K,16049
4,17,*,*,9,*,*,*,Female,*,<=50K,16050
4,20,*,*,10,*,*,*,Male,*,<=50K,16051
4,18,*,*,9,*,*,*,Male,*,<=50K,16052
4,19,*,*,10,*,*,*,Female,*,<=50K,16053
4,17,*,*,9,*,*,*,Female,*,<=50K,16055
4,18,*,*,9,*,*,*,Male,*,<=50K,16056
4,26,*,*,13,*,*,*,Male,*,>50K,16057
4,6,*,*,3,*,*,*,Male,*,<=50K,16059
4,25,*,*,13,*,*,*,Female,*,<=50K,16060
4,19,*,*,10,*,*,*,Female,*,<=50K,16061
4,14,*,*,7,*,*,*,Male,*,<=50K,16062
4,18,*,*,9,*,*,*,Male,*,<=50K,16064
4,8,*,*,4,*,*,*,Male,*,<=50K,16065
4,19,*,*,10,*,*,*,Female,*,<=50K,16066
4,18,*,*,9,*,*,*,Male,*,<=50K,16067
4,19,*,*,10,*,*,*,Female,*,<=50K,16068
4,19,*,*,10,*,*,*,Female,*,>50K,16069
4,32,*,*,16,*,*,*,Male,*,>50K,16070
4,25,*,*,13,*,*,*,Female,*,>50K,16071
4,19,*,*,10,*,*,*,Female,*,<=50K,16072
4,18,*,*,9,*,*,*,Male,*,<=50K,16074
4,25,*,*,13,*,*,*,Female,*,<=50K,16075
4,18,*,*,9,*,*,*,Male,*,<=50K,16076
4,18,*,*,9,*,*,*,Male,*,<=50K,16077
4,19,*,*,10,*,*,*,Female,*,<=50K,16078
4,17,*,*,9,*,*,*,Female,*,<=50K,16080
4,28,*,*,14,*,*,*,Male,*,<=50K,16082
4,17,*,*,9,*,*,*,Female,*,<=50K,16083
4,18,*,*,9,*,*,*,Male,*,<=50K,16085
4,18,*,*,9,*,*,*,Male,*,<=50K,16086
4,27,*,*,14,*,*,*,Female,*,<=50K,16087
4,17,*,*,9,*,*,*,Female,*,<=50K,16088
4,20,*,*,10,*,*,*,Male,*,>50K,16089
4,17,*,*,9,*,*,*,Female,*,<=50K,16090
4,2,*,*,1,*,*,*,Male,*,<=50K,16092
4,17,*,*,9,*,*,*,Female,*,<=50K,16093
4,19,*,*,10,*,*,*,Female,*,<=50K,16094
4,22,*,*,11,*,*,*,Male,*,<=50K,16095
4,20,*,*,10,*,*,*,Male,*,<=50K,16096
4,19,*,*,10,*,*,*,Female,*,<=50K,16097
4,11,*,*,6,*,*,*,Female,*,<=50K,16098
4,19,*,*,10,*,*,*,Female,*,<=50K,16099
4,25,*,*,13,*,*,*,Female,*,>50K,16100
4,26,*,*,13,*,*,*,Male,*,>50K,16101
4,26,*,*,13,*,*,*,Male,*,<=50K,16102
4,17,*,*,9,*,*,*,Female,*,<=50K,16104
4,26,*,*,13,*,*,*,Male,*,<=50K,16105
4,20,*,*,10,*,*,*,Male,*,<=50K,16106
4,17,*,*,9,*,*,*,Female,*,<=50K,16107
4,18,*,*,9,*,*,*,Male,*,<=50K,16111
4,26,*,*,13,*,*,*,Male,*,>50K,16112
4,26,*,*,13,*,*,*,Male,*,>50K,16114
4,22,*,*,11,*,*,*,Male,*,<=50K,16115
4,18,*,*,9,*,*,*,Male,*,<=50K,16116
4,26,*,*,13,*,*,*,Male,*,<=50K,16118
4,14,*,*,7,*,*,*,Male,*,<=50K,16119
4,18,*,*,9,*,*,*,Male,*,>50K,16120
4,20,*,*,10,*,*,*,Male,*,<=50K,16121
4,25,*,*,13,*,*,*,Female,*,<=50K,16122
4,26,*,*,13,*,*,*,Male,*,<=50K,16123
4,22,*,*,11,*,*,*,Male,*,<=50K,16124
4,19,*,*,10,*,*,*,Female,*,<=50K,16125
4,20,*,*,10,*,*,*,Male,*,>50K,16127
4,8,*,*,4,*,*,*,Male,*,<=50K,16128
4,28,*,*,14,*,*,*,Male,*,>50K,16129
4,22,*,*,11,*,*,*,Male,*,<=50K,16131
4,20,*,*,10,*,*,*,Male,*,<=50K,16132
4,18,*,*,9,*,*,*,Male,*,<=50K,16133
4,18,*,*,9,*,*,*,Male,*,<=50K,16134
4,20,*,*,10,*,*,*,Male,*,<=50K,16135
4,26,*,*,13,*,*,*,Male,*,>50K,16138
4,10,*,*,5,*,*,*,Male,*,<=50K,16141
4,26,*,*,13,*,*,*,Male,*,<=50K,16143
4,20,*,*,10,*,*,*,Male,*,>50K,16144
4,6,*,*,3,*,*,*,Male,*,<=50K,16145
4,22,*,*,11,*,*,*,Male,*,<=50K,16146
4,26,*,*,13,*,*,*,Male,*,<=50K,16147
4,17,*,*,9,*,*,*,Female,*,<=50K,16148
4,18,*,*,9,*,*,*,Male,*,<=50K,16149
4,18,*,*,9,*,*,*,Male,*,<=50K,16150
4,18,*,*,9,*,*,*,Male,*,<=50K,16151
4,20,*,*,10,*,*,*,Male,*,<=50K,16152
4,32,*,*,16,*,*,*,Male,*,>50K,16154
4,18,*,*,9,*,*,*,Male,*,<=50K,16155
4,19,*,*,10,*,*,*,Female,*,>50K,16156
4,18,*,*,9,*,*,*,Male,*,<=50K,16158
4,25,*,*,13,*,*,*,Female,*,>50K,16159
4,17,*,*,9,*,*,*,Female,*,<=50K,16160
4,14,*,*,7,*,*,*,Male,*,<=50K,16161
4,27,*,*,14,*,*,*,Female,*,<=50K,16162
4,20,*,*,10,*,*,*,Male,*,<=50K,16163
4,17,*,*,9,*,*,*,Female,*,<=50K,16165
4,19,*,*,10,*,*,*,Female,*,<=50K,16166
4,19,*,*,10,*,*,*,Female,*,<=50K,16167
4,17,*,*,9,*,*,*,Female,*,<=50K,16169
4,18,*,*,9,*,*,*,Male,*,<=50K,16170
4,26,*,*,13,*,*,*,Male,*,>50K,16171
4,8,*,*,4,*,*,*,Male,*,<=50K,16172
4,20,*,*,10,*,*,*,Male,*,<=50K,16173
4,18,*,*,9,*,*,*,Male,*,<=50K,16174
4,18,*,*,9,*,*,*,Male,*,>50K,16175
4,18,*,*,9,*,*,*,Male,*,<=50K,16176
4,17,*,*,9,*,*,*,Female,*,<=50K,16177
4,26,*,*,13,*,*,*,Male,*,<=50K,16178
4,12,*,*,6,*,*,*,Male,*,<=50K,16179
4,20,*,*,10,*,*,*,Male,*,<=50K,16180
4,5,*,*,3,*,*,*,Female,*,<=50K,16181
4,18,*,*,9,*,*,*,Male,*,<=50K,16182
4,25,*,*,13,*,*,*,Female,*,<=50K,16184
4,18,*,*,9,*,*,*,Male,*,<=50K,16185
4,18,*,*,9,*,*,*,Male,*,<=50K,16186
4,26,*,*,13,*,*,*,Male,*,<=50K,16187
4,14,*,*,7,*,*,*,Male,*,<=50K,16188
4,9,*,*,5,*,*,*,Female,*,<=50K,16189
4,20,*,*,10,*,*,*,Male,*,<=50K,16190
4,22,*,*,11,*,*,*,Male,*,<=50K,16191
4,18,*,*,9,*,*,*,Male,*,<=50K,16192
4,27,*,*,14,*,*,*,Female,*,>50K,16194
4,20,*,*,10,*,*,*,Male,*,>50K,16195
4,28,*,*,14,*,*,*,Male,*,>50K,16196
4,20,*,*,10,*,*,*,Male,*,<=50K,16197
4,24,*,*,12,*,*,*,Male,*,<=50K,16198
4,18,*,*,9,*,*,*,Male,*,<=50K,16200
4,19,*,*,10,*,*,*,Female,*,<=50K,16201
4,22,*,*,11,*,*,*,Male,*,<=50K,16202
4,12,*,*,6,*,*,*,Male,*,<=50K,16203
4,11,*,*,6,*,*,*,Female,*,<=50K,16205
4,18,*,*,9,*,*,*,Male,*,<=50K,16207
4,31,*,*,16,*,*,*,Female,*,>50K,16208
4,22,*,*,11,*,*,*,Male,*,<=50K,16209
4,20,*,*,10,*,*,*,Male,*,<=50K,16210
4,18,*,*,9,*,*,*,Male,*,<=50K,16211
4,20,*,*,10,*,*,*,Male,*,<=50K,16212
4,26,*,*,13,*,*,*,Male,*,<=50K,16213
4,20,*,*,10,*,*,*,Male,*,<=50K,16214
4,26,*,*,13,*,*,*,Male,*,<=50K,16216
4,25,*,*,13,*,*,*,Female,*,<=50K,16217
4,17,*,*,9,*,*,*,Female,*,<=50K,16218
4,25,*,*,13,*,*,*,Female,*,<=50K,16219
4,18,*,*,9,*,*,*,Male,*,<=50K,16220
4,18,*,*,9,*,*,*,Male,*,<=50K,16221
4,18,*,*,9,*,*,*,Male,*,<=50K,16222
4,19,*,*,10,*,*,*,Female,*,<=50K,16223
4,18,*,*,9,*,*,*,Male,*,<=50K,16224
4,18,*,*,9,*,*,*,Male,*,<=50K,16225
4,26,*,*,13,*,*,*,Male,*,>50K,16226
4,21,*,*,11,*,*,*,Female,*,<=50K,16227
4,30,*,*,15,*,*,*,Male,*,<=50K,16228
4,19,*,*,10,*,*,*,Female,*,<=50K,16229
4,18,*,*,9,*,*,*,Male,*,>50K,16233
4,18,*,*,9,*,*,*,Male,*,<=50K,16234
4,17,*,*,9,*,*,*,Female,*,<=50K,16235
4,25,*,*,13,*,*,*,Female,*,<=50K,16236
4,18,*,*,9,*,*,*,Male,*,<=50K,16237
4,20,*,*,10,*,*,*,Male,*,<=50K,16239
4,16,*,*,8,*,*,*,Male,*,<=50K,16240
4,21,*,*,11,*,*,*,Female,*,>50K,16241
4,18,*,*,9,*,*,*,Male,*,<=50K,16242
4,18,*,*,9,*,*,*,Male,*,<=50K,16245
4,26,*,*,13,*,*,*,Male,*,>50K,16246
4,4,*,*,2,*,*,*,Male,*,<=50K,16249
4,27,*,*,14,*,*,*,Female,*,<=50K,16250
4,18,*,*,9,*,*,*,Male,*,<=50K,16251
4,18,*,*,9,*,*,*,Male,*,<=50K,16252
4,27,*,*,14,*,*,*,Female,*,>50K,16253
4,25,*,*,13,*,*,*,Female,*,>50K,16254
4,26,*,*,13,*,*,*,Male,*,>50K,16256
4,10,*,*,5,*,*,*,Male,*,<=50K,16257
4,19,*,*,10,*,*,*,Female,*,<=50K,16258
4,20,*,*,10,*,*,*,Male,*,<=50K,16260
4,19,*,*,10,*,*,*,Female,*,<=50K,16261
4,17,*,*,9,*,*,*,Female,*,<=50K,16262
4,17,*,*,9,*,*,*,Female,*,<=50K,16263
4,18,*,*,9,*,*,*,Male,*,<=50K,16264
4,26,*,*,13,*,*,*,Male,*,<=50K,16265
4,18,*,*,9,*,*,*,Male,*,<=50K,16266
4,17,*,*,9,*,*,*,Female,*,<=50K,16267
4,18,*,*,9,*,*,*,Male,*,<=50K,16269
4,14,*,*,7,*,*,*,Male,*,<=50K,16270
4,26,*,*,13,*,*,*,Male,*,<=50K,16271
4,20,*,*,10,*,*,*,Male,*,>50K,16272
4,20,*,*,10,*,*,*,Male,*,<=50K,16273
4,23,*,*,12,*,*,*,Female,*,<=50K,16274
4,17,*,*,9,*,*,*,Female,*,<=50K,16275
4,23,*,*,12,*,*,*,Female,*,<=50K,16276
4,26,*,*,13,*,*,*,Male,*,>50K,16277
4,8,*,*,4,*,*,*,Male,*,<=50K,16278
4,18,*,*,9,*,*,*,Male,*,<=50K,16280
4,18,*,*,9,*,*,*,Male,*,<=50K,16281
4,18,*,*,9,*,*,*,Male,*,<=50K,16283
4,18,*,*,9,*,*,*,Male,*,<=50K,16284
4,18,*,*,9,*,*,*,Male,*,<=50K,16285
4,17,*,*,9,*,*,*,Female,*,<=50K,16286
4,20,*,*,10,*,*,*,Male,*,<=50K,16287
4,9,*,*,5,*,*,*,Female,*,<=50K,16290
4,17,*,*,9,*,*,*,Female,*,<=50K,16291
4,27,*,*,14,*,*,*,Female,*,<=50K,16292
4,20,*,*,10,*,*,*,Male,*,<=50K,16293
4,14,*,*,7,*,*,*,Male,*,<=50K,16294
4,18,*,*,9,*,*,*,Male,*,<=50K,16295
4,17,*,*,9,*,*,*,Female,*,<=50K,16296
4,19,*,*,10,*,*,*,Female,*,<=50K,16298
4,20,*,*,10,*,*,*,Male,*,<=50K,16299
4,31,*,*,16,*,*,*,Female,*,>50K,16300
4,18,*,*,9,*,*,*,Male,*,<=50K,16301
4,24,*,*,12,*,*,*,Male,*,<=50K,16302
4,28,*,*,14,*,*,*,Male,*,<=50K,16303
4,20,*,*,10,*,*,*,Male,*,<=50K,16305
4,28,*,*,14,*,*,*,Male,*,<=50K,16306
4,25,*,*,13,*,*,*,Female,*,<=50K,16307
4,18,*,*,9,*,*,*,Male,*,<=50K,16308
4,17,*,*,9,*,*,*,Female,*,<=50K,16309
4,26,*,*,13,*,*,*,Male,*,<=50K,16310
4,17,*,*,9,*,*,*,Female,*,<=50K,16311
4,30,*,*,15,*,*,*,Male,*,>50K,16312
4,26,*,*,13,*,*,*,Male,*,>50K,16313
4,11,*,*,6,*,*,*,Female,*,<=50K,16314
4,18,*,*,9,*,*,*,Male,*,<=50K,16315
4,19,*,*,10,*,*,*,Female,*,<=50K,16316
4,26,*,*,13,*,*,*,Male,*,<=50K,16317
4,26,*,*,13,*,*,*,Male,*,<=50K,16318
4,28,*,*,14,*,*,*,Male,*,>50K,16319
4,6,*,*,3,*,*,*,Male,*,<=50K,16320
4,28,*,*,14,*,*,*,Male,*,>50K,16321
4,13,*,*,7,*,*,*,Female,*,<=50K,16322
4,28,*,*,14,*,*,*,Male,*,>50K,16325
4,10,*,*,5,*,*,*,Male,*,<=50K,16326
4,18,*,*,9,*,*,*,Male,*,<=50K,16327
4,25,*,*,13,*,*,*,Female,*,>50K,16328
4,17,*,*,9,*,*,*,Female,*,<=50K,16329
4,17,*,*,9,*,*,*,Female,*,<=50K,16330
4,20,*,*,10,*,*,*,Male,*,<=50K,16331
4,14,*,*,7,*,*,*,Male,*,<=50K,16333
4,17,*,*,9,*,*,*,Female,*,<=50K,16334
4,18,*,*,9,*,*,*,Male,*,<=50K,16335
4,20,*,*,10,*,*,*,Male,*,<=50K,16336
4,18,*,*,9,*,*,*,Male,*,<=50K,16337
4,25,*,*,13,*,*,*,Female,*,<=50K,16338
4,6,*,*,3,*,*,*,Male,*,<=50K,16339
4,25,*,*,13,*,*,*,Female,*,>50K,16341
4,18,*,*,9,*,*,*,Male,*,<=50K,16342
4,19,*,*,10,*,*,*,Female,*,<=50K,16343
4,18,*,*,9,*,*,*,Male,*,>50K,16344
4,18,*,*,9,*,*,*,Male,*,>50K,16345
4,18,*,*,9,*,*,*,Male,*,<=50K,16346
4,20,*,*,10,*,*,*,Male,*,<=50K,16347
4,13,*,*,7,*,*,*,Female,*,<=50K,16348
4,18,*,*,9,*,*,*,Male,*,>50K,16350
4,18,*,*,9,*,*,*,Male,*,<=50K,16351
4,19,*,*,10,*,*,*,Female,*,<=50K,16352
4,18,*,*,9,*,*,*,Male,*,<=50K,16353
4,10,*,*,5,*,*,*,Male,*,<=50K,16354
4,18,*,*,9,*,*,*,Male,*,>50K,16355
4,28,*,*,14,*,*,*,Male,*,>50K,16356
4,26,*,*,13,*,*,*,Male,*,<=50K,16357
4,18,*,*,9,*,*,*,Male,*,>50K,16358
4,18,*,*,9,*,*,*,Male,*,<=50K,16359
4,19,*,*,10,*,*,*,Female,*,<=50K,16360
4,26,*,*,13,*,*,*,Male,*,>50K,16361
4,18,*,*,9,*,*,*,Male,*,<=50K,16362
4,20,*,*,10,*,*,*,Male,*,>50K,16363
4,27,*,*,14,*,*,*,Female,*,<=50K,16365
4,18,*,*,9,*,*,*,Male,*,<=50K,16366
4,26,*,*,13,*,*,*,Male,*,>50K,16367
4,14,*,*,7,*,*,*,Male,*,<=50K,16369
4,22,*,*,11,*,*,*,Male,*,<=50K,16370
4,18,*,*,9,*,*,*,Male,*,<=50K,16373
4,17,*,*,9,*,*,*,Female,*,<=50K,16374
4,20,*,*,10,*,*,*,Male,*,<=50K,16375
4,18,*,*,9,*,*,*,Male,*,<=50K,16376
4,18,*,*,9,*,*,*,Male,*,<=50K,16377
4,18,*,*,9,*,*,*,Male,*,<=50K,16378
4,21,*,*,11,*,*,*,Female,*,<=50K,16379
4,20,*,*,10,*,*,*,Male,*,<=50K,16381
4,21,*,*,11,*,*,*,Female,*,<=50K,16383
4,18,*,*,9,*,*,*,Male,*,<=50K,16384
4,26,*,*,13,*,*,*,Male,*,>50K,16385
4,23,*,*,12,*,*,*,Female,*,<=50K,16387
4,26,*,*,13,*,*,*,Male,*,>50K,16388
4,20,*,*,10,*,*,*,Male,*,>50K,16390
4,18,*,*,9,*,*,*,Male,*,<=50K,16392
4,12,*,*,6,*,*,*,Male,*,<=50K,16393
4,26,*,*,13,*,*,*,Male,*,>50K,16394
4,17,*,*,9,*,*,*,Female,*,<=50K,16396
4,19,*,*,10,*,*,*,Female,*,<=50K,16397
4,20,*,*,10,*,*,*,Male,*,>50K,16398
4,20,*,*,10,*,*,*,Male,*,<=50K,16399
4,26,*,*,13,*,*,*,Male,*,>50K,16401
4,18,*,*,9,*,*,*,Male,*,<=50K,16402
4,17,*,*,9,*,*,*,Female,*,<=50K,16403
4,11,*,*,6,*,*,*,Female,*,<=50K,16405
4,26,*,*,13,*,*,*,Male,*,<=50K,16406
4,18,*,*,9,*,*,*,Male,*,<=50K,16407
4,26,*,*,13,*,*,*,Male,*,<=50K,16408
4,22,*,*,11,*,*,*,Male,*,<=50K,16409
4,18,*,*,9,*,*,*,Male,*,>50K,16410
4,30,*,*,15,*,*,*,Male,*,<=50K,16411
4,17,*,*,9,*,*,*,Female,*,<=50K,16412
4,17,*,*,9,*,*,*,Female,*,<=50K,16413
4,17,*,*,9,*,*,*,Female,*,<=50K,16414
4,19,*,*,10,*,*,*,Female,*,<=50K,16418
4,17,*,*,9,*,*,*,Female,*,<=50K,16419
4,20,*,*,10,*,*,*,Male,*,<=50K,16421
4,26,*,*,13,*,*,*,Male,*,>50K,16422
4,25,*,*,13,*,*,*,Female,*,<=50K,16423
4,24,*,*,12,*,*,*,Male,*,>50K,16424
4,17,*,*,9,*,*,*,Female,*,<=50K,16425
4,19,*,*,10,*,*,*,Female,*,<=50K,16426
4,15,*,*,8,*,*,*,Female,*,<=50K,16428
4,18,*,*,9,*,*,*,Male,*,<=50K,16429
4,17,*,*,9,*,*,*,Female,*,<=50K,16430
4,14,*,*,7,*,*,*,Male,*,<=50K,16431
4,18,*,*,9,*,*,*,Male,*,<=50K,16432
4,25,*,*,13,*,*,*,Female,*,<=50K,16434
4,9,*,*,5,*,*,*,Female,*,<=50K,16435
4,18,*,*,9,*,*,*,Male,*,<=50K,16436
4,18,*,*,9,*,*,*,Male,*,<=50K,16437
4,17,*,*,9,*,*,*,Female,*,<=50K,16438
4,30,*,*,15,*,*,*,Male,*,<=50K,16439
4,26,*,*,13,*,*,*,Male,*,>50K,16441
4,20,*,*,10,*,*,*,Male,*,<=50K,16442
4,18,*,*,9,*,*,*,Male,*,<=50K,16443
4,18,*,*,9,*,*,*,Male,*,<=50K,16445
4,18,*,*,9,*,*,*,Male,*,<=50K,16446
4,30,*,*,15,*,*,*,Male,*,>50K,16447
4,32,*,*,16,*,*,*,Male,*,>50K,16448
4,7,*,*,4,*,*,*,Female,*,<=50K,16449
4,18,*,*,9,*,*,*,Male,*,<=50K,16450
4,19,*,*,10,*,*,*,Female,*,<=50K,16452
4,17,*,*,9,*,*,*,Female,*,<=50K,16453
4,26,*,*,13,*,*,*,Male,*,<=50K,16454
4,18,*,*,9,*,*,*,Male,*,<=50K,16455
4,19,*,*,10,*,*,*,Female,*,<=50K,16456
4,18,*,*,9,*,*,*,Male,*,>50K,16457
4,26,*,*,13,*,*,*,Male,*,>50K,16458
4,18,*,*,9,*,*,*,Male,*,<=50K,16459
4,20,*,*,10,*,*,*,Male,*,<=50K,16460
4,19,*,*,10,*,*,*,Female,*,<=50K,16461
4,20,*,*,10,*,*,*,Male,*,<=50K,16462
4,18,*,*,9,*,*,*,Male,*,>50K,16463
4,20,*,*,10,*,*,*,Male,*,<=50K,16464
4,19,*,*,10,*,*,*,Female,*,<=50K,16465
4,26,*,*,13,*,*,*,Male,*,>50K,16466
4,14,*,*,7,*,*,*,Male,*,<=50K,16467
4,20,*,*,10,*,*,*,Male,*,<=50K,16468
4,17,*,*,9,*,*,*,Female,*,<=50K,16469
4,26,*,*,13,*,*,*,Male,*,<=50K,16470
4,19,*,*,10,*,*,*,Female,*,>50K,16472
4,18,*,*,9,*,*,*,Male,*,<=50K,16473
4,14,*,*,7,*,*,*,Male,*,<=50K,16474
4,18,*,*,9,*,*,*,Male,*,<=50K,16475
4,26,*,*,13,*,*,*,Male,*,<=50K,16476
4,20,*,*,10,*,*,*,Male,*,<=50K,16477
4,18,*,*,9,*,*,*,Male,*,<=50K,16478
4,17,*,*,9,*,*,*,Female,*,<=50K,16479
4,20,*,*,10,*,*,*,Male,*,<=50K,16481
4,20,*,*,10,*,*,*,Male,*,<=50K,16482
4,17,*,*,9,*,*,*,Female,*,>50K,16483
4,12,*,*,6,*,*,*,Male,*,<=50K,16485
4,20,*,*,10,*,*,*,Male,*,<=50K,16486
4,20,*,*,10,*,*,*,Male,*,<=50K,16487
4,17,*,*,9,*,*,*,Female,*,<=50K,16488
4,28,*,*,14,*,*,*,Male,*,>50K,16489
4,16,*,*,8,*,*,*,Male,*,<=50K,16490
4,18,*,*,9,*,*,*,Male,*,<=50K,16491
4,28,*,*,14,*,*,*,Male,*,>50K,16493
4,25,*,*,13,*,*,*,Female,*,<=50K,16494
4,30,*,*,15,*,*,*,Male,*,>50K,16495
4,20,*,*,10,*,*,*,Male,*,<=50K,16496
4,28,*,*,14,*,*,*,Male,*,>50K,16498
4,9,*,*,5,*,*,*,Female,*,<=50K,16499
4,6,*,*,3,*,*,*,Male,*,<=50K,16500
4,26,*,*,13,*,*,*,Male,*,>50K,16502
4,25,*,*,13,*,*,*,Female,*,<=50K,16503
4,19,*,*,10,*,*,*,Female,*,<=50K,16504
4,18,*,*,9,*,*,*,Male,*,>50K,16505
4,20,*,*,10,*,*,*,Male,*,<=50K,16506
4,13,*,*,7,*,*,*,Female,*,>50K,16507
4,18,*,*,9,*,*,*,Male,*,<=50K,16508
4,18,*,*,9,*,*,*,Male,*,<=50K,16509
4,18,*,*,9,*,*,*,Male,*,<=50K,16510
4,20,*,*,10,*,*,*,Male,*,<=50K,16511
4,17,*,*,9,*,*,*,Female,*,<=50K,16512
4,8,*,*,4,*,*,*,Male,*,<=50K,16513
4,4,*,*,2,*,*,*,Male,*,<=50K,16514
4,20,*,*,10,*,*,*,Male,*,<=50K,16515
4,25,*,*,13,*,*,*,Female,*,>50K,16516
4,14,*,*,7,*,*,*,Male,*,<=50K,16517
4,25,*,*,13,*,*,*,Female,*,>50K,16518
4,19,*,*,10,*,*,*,Female,*,<=50K,16519
4,18,*,*,9,*,*,*,Male,*,<=50K,16522
4,28,*,*,14,*,*,*,Male,*,<=50K,16523
4,26,*,*,13,*,*,*,Male,*,>50K,16524
4,28,*,*,14,*,*,*,Male,*,>50K,16527
4,23,*,*,12,*,*,*,Female,*,<=50K,16528
4,17,*,*,9,*,*,*,Female,*,<=50K,16529
4,25,*,*,13,*,*,*,Female,*,<=50K,16530
4,24,*,*,12,*,*,*,Male,*,>50K,16531
4,26,*,*,13,*,*,*,Male,*,<=50K,16533
4,12,*,*,6,*,*,*,Male,*,<=50K,16534
4,20,*,*,10,*,*,*,Male,*,>50K,16538
4,20,*,*,10,*,*,*,Male,*,<=50K,16539
4,26,*,*,13,*,*,*,Male,*,<=50K,16540
4,19,*,*,10,*,*,*,Female,*,<=50K,16541
4,30,*,*,15,*,*,*,Male,*,>50K,16542
4,26,*,*,13,*,*,*,Male,*,>50K,16543
4,18,*,*,9,*,*,*,Male,*,>50K,16544
4,19,*,*,10,*,*,*,Female,*,<=50K,16545
4,25,*,*,13,*,*,*,Female,*,<=50K,16546
4,30,*,*,15,*,*,*,Male,*,<=50K,16547
4,26,*,*,13,*,*,*,Male,*,>50K,16548
4,12,*,*,6,*,*,*,Male,*,<=50K,16549
4,26,*,*,13,*,*,*,Male,*,>50K,16550
4,18,*,*,9,*,*,*,Male,*,>50K,16551
4,17,*,*,9,*,*,*,Female,*,<=50K,16555
4,20,*,*,10,*,*,*,Male,*,>50K,16556
4,30,*,*,15,*,*,*,Male,*,<=50K,16558
4,18,*,*,9,*,*,*,Male,*,<=50K,16560
4,18,*,*,9,*,*,*,Male,*,>50K,16562
4,28,*,*,14,*,*,*,Male,*,>50K,16563
4,20,*,*,10,*,*,*,Male,*,<=50K,16564
4,17,*,*,9,*,*,*,Female,*,<=50K,16565
4,22,*,*,11,*,*,*,Male,*,>50K,16566
4,20,*,*,10,*,*,*,Male,*,<=50K,16567
4,22,*,*,11,*,*,*,Male,*,<=50K,16568
4,19,*,*,10,*,*,*,Female,*,<=50K,16569
4,26,*,*,13,*,*,*,Male,*,>50K,16570
4,17,*,*,9,*,*,*,Female,*,<=50K,16572
4,26,*,*,13,*,*,*,Male,*,<=50K,16574
4,17,*,*,9,*,*,*,Female,*,<=50K,16575
4,20,*,*,10,*,*,*,Male,*,<=50K,16576
4,20,*,*,10,*,*,*,Male,*,>50K,16578
4,17,*,*,9,*,*,*,Female,*,<=50K,16580
4,19,*,*,10,*,*,*,Female,*,<=50K,16581
4,17,*,*,9,*,*,*,Female,*,<=50K,16582
4,26,*,*,13,*,*,*,Male,*,>50K,16583
4,17,*,*,9,*,*,*,Female,*,<=50K,16584
4,26,*,*,13,*,*,*,Male,*,>50K,16586
4,25,*,*,13,*,*,*,Female,*,<=50K,16587
4,19,*,*,10,*,*,*,Female,*,<=50K,16588
4,18,*,*,9,*,*,*,Male,*,<=50K,16589
4,17,*,*,9,*,*,*,Female,*,<=50K,16590
4,28,*,*,14,*,*,*,Male,*,>50K,16591
4,20,*,*,10,*,*,*,Male,*,<=50K,16592
4,18,*,*,9,*,*,*,Male,*,<=50K,16594
4,19,*,*,10,*,*,*,Female,*,<=50K,16595
4,18,*,*,9,*,*,*,Male,*,<=50K,16596
4,18,*,*,9,*,*,*,Male,*,<=50K,16597
4,24,*,*,12,*,*,*,Male,*,<=50K,16598
4,22,*,*,11,*,*,*,Male,*,>50K,16599
4,18,*,*,9,*,*,*,Male,*,<=50K,16600
4,18,*,*,9,*,*,*,Male,*,<=50K,16602
4,28,*,*,14,*,*,*,Male,*,<=50K,16603
4,18,*,*,9,*,*,*,Male,*,<=50K,16604
4,18,*,*,9,*,*,*,Male,*,<=50K,16605
4,20,*,*,10,*,*,*,Male,*,<=50K,16606
4,25,*,*,13,*,*,*,Female,*,<=50K,16607
4,20,*,*,10,*,*,*,Male,*,<=50K,16608
4,18,*,*,9,*,*,*,Male,*,<=50K,16609
4,32,*,*,16,*,*,*,Male,*,>50K,16610
4,14,*,*,7,*,*,*,Male,*,>50K,16612
4,18,*,*,9,*,*,*,Male,*,<=50K,16613
4,26,*,*,13,*,*,*,Male,*,>50K,16614
4,26,*,*,13,*,*,*,Male,*,<=50K,16615
4,24,*,*,12,*,*,*,Male,*,<=50K,16616
4,19,*,*,10,*,*,*,Female,*,<=50K,16618
4,17,*,*,9,*,*,*,Female,*,<=50K,16619
4,18,*,*,9,*,*,*,Male,*,>50K,16620
4,18,*,*,9,*,*,*,Male,*,<=50K,16621
4,18,*,*,9,*,*,*,Male,*,<=50K,16622
4,18,*,*,9,*,*,*,Male,*,<=50K,16625
4,17,*,*,9,*,*,*,Female,*,<=50K,16626
4,18,*,*,9,*,*,*,Male,*,<=50K,16627
4,32,*,*,16,*,*,*,Male,*,>50K,16628
4,20,*,*,10,*,*,*,Male,*,<=50K,16629
4,25,*,*,13,*,*,*,Female,*,<=50K,16630
4,27,*,*,14,*,*,*,Female,*,<=50K,16631
4,19,*,*,10,*,*,*,Female,*,<=50K,16632
4,18,*,*,9,*,*,*,Male,*,<=50K,16634
4,28,*,*,14,*,*,*,Male,*,<=50K,16635
4,26,*,*,13,*,*,*,Male,*,>50K,16636
4,28,*,*,14,*,*,*,Male,*,<=50K,16637
4,18,*,*,9,*,*,*,Male,*,<=50K,16639
4,26,*,*,13,*,*,*,Male,*,>50K,16641
4,22,*,*,11,*,*,*,Male,*,<=50K,16642
4,18,*,*,9,*,*,*,Male,*,<=50K,16643
4,26,*,*,13,*,*,*,Male,*,>50K,16644
4,18,*,*,9,*,*,*,Male,*,<=50K,16645
4,20,*,*,10,*,*,*,Male,*,<=50K,16646
4,22,*,*,11,*,*,*,Male,*,<=50K,16647
4,18,*,*,9,*,*,*,Male,*,<=50K,16648
4,28,*,*,14,*,*,*,Male,*,>50K,16651
4,26,*,*,13,*,*,*,Male,*,<=50K,16652
4,18,*,*,9,*,*,*,Male,*,<=50K,16654
4,17,*,*,9,*,*,*,Female,*,>50K,16655
4,18,*,*,9,*,*,*,Male,*,<=50K,16656
4,10,*,*,5,*,*,*,Male,*,<=50K,16657
4,20,*,*,10,*,*,*,Male,*,<=50K,16658
4,14,*,*,7,*,*,*,Male,*,<=50K,16659
4,25,*,*,13,*,*,*,Female,*,>50K,16660
4,17,*,*,9,*,*,*,Female,*,<=50K,16662
4,10,*,*,5,*,*,*,Male,*,<=50K,16663
4,8,*,*,4,*,*,*,Male,*,<=50K,16664
4,25,*,*,13,*,*,*,Female,*,<=50K,16665
4,24,*,*,12,*,*,*,Male,*,<=50K,16666
4,12,*,*,6,*,*,*,Male,*,<=50K,16667
4,31,*,*,16,*,*,*,Female,*,>50K,16668
4,19,*,*,10,*,*,*,Female,*,<=50K,16669
4,30,*,*,15,*,*,*,Male,*,>50K,16670
4,18,*,*,9,*,*,*,Male,*,<=50K,16671
4,26,*,*,13,*,*,*,Male,*,<=50K,16672
4,28,*,*,14,*,*,*,Male,*,<=50K,16673
4,22,*,*,11,*,*,*,Male,*,<=50K,16674
4,18,*,*,9,*,*,*,Male,*,<=50K,16675
4,20,*,*,10,*,*,*,Male,*,<=50K,16676
4,18,*,*,9,*,*,*,Male,*,<=50K,16677
4,9,*,*,5,*,*,*,Female,*,<=50K,16678
4,19,*,*,10,*,*,*,Female,*,<=50K,16680
4,17,*,*,9,*,*,*,Female,*,<=50K,16681
4,20,*,*,10,*,*,*,Male,*,<=50K,16683
4,23,*,*,12,*,*,*,Female,*,<=50K,16684
4,24,*,*,12,*,*,*,Male,*,>50K,16685
4,18,*,*,9,*,*,*,Male,*,<=50K,16687
4,18,*,*,9,*,*,*,Male,*,>50K,16688
4,18,*,*,9,*,*,*,Male,*,<=50K,16690
4,25,*,*,13,*,*,*,Female,*,>50K,16691
4,18,*,*,9,*,*,*,Male,*,<=50K,16692
4,18,*,*,9,*,*,*,Male,*,<=50K,16693
4,24,*,*,12,*,*,*,Male,*,<=50K,16694
4,20,*,*,10,*,*,*,Male,*,>50K,16695
4,20,*,*,10,*,*,*,Male,*,<=50K,16696
4,18,*,*,9,*,*,*,Male,*,<=50K,16697
4,23,*,*,12,*,*,*,Female,*,<=50K,16699
4,20,*,*,10,*,*,*,Male,*,<=50K,16700
4,25,*,*,13,*,*,*,Female,*,<=50K,16701
4,16,*,*,8,*,*,*,Male,*,<=50K,16702
4,19,*,*,10,*,*,*,Female,*,<=50K,16703
4,18,*,*,9,*,*,*,Male,*,<=50K,16704
4,8,*,*,4,*,*,*,Male,*,<=50K,16705
4,28,*,*,14,*,*,*,Male,*,>50K,16708
4,28,*,*,14,*,*,*,Male,*,<=50K,16710
4,17,*,*,9,*,*,*,Female,*,<=50K,16711
4,4,*,*,2,*,*,*,Male,*,<=50K,16713
4,17,*,*,9,*,*,*,Female,*,<=50K,16714
4,12,*,*,6,*,*,*,Male,*,<=50K,16715
4,17,*,*,9,*,*,*,Female,*,<=50K,16716
4,17,*,*,9,*,*,*,Female,*,<=50K,16717
4,8,*,*,4,*,*,*,Male,*,<=50K,16718
4,18,*,*,9,*,*,*,Male,*,<=50K,16719
4,17,*,*,9,*,*,*,Female,*,<=50K,16720
4,28,*,*,14,*,*,*,Male,*,>50K,16721
4,13,*,*,7,*,*,*,Female,*,<=50K,16722
4,14,*,*,7,*,*,*,Male,*,<=50K,16724
4,20,*,*,10,*,*,*,Male,*,<=50K,16725
4,20,*,*,10,*,*,*,Male,*,>50K,16726
4,18,*,*,9,*,*,*,Male,*,<=50K,16727
4,20,*,*,10,*,*,*,Male,*,<=50K,16728
4,23,*,*,12,*,*,*,Female,*,<=50K,16729
4,25,*,*,13,*,*,*,Female,*,<=50K,16732
4,17,*,*,9,*,*,*,Female,*,<=50K,16733
4,18,*,*,9,*,*,*,Male,*,<=50K,16734
4,18,*,*,9,*,*,*,Male,*,<=50K,16735
4,19,*,*,10,*,*,*,Female,*,<=50K,16736
4,17,*,*,9,*,*,*,Female,*,<=50K,16737
4,26,*,*,13,*,*,*,Male,*,<=50K,16738
4,18,*,*,9,*,*,*,Male,*,<=50K,16739
4,22,*,*,11,*,*,*,Male,*,>50K,16740
4,22,*,*,11,*,*,*,Male,*,>50K,16741
4,26,*,*,13,*,*,*,Male,*,<=50K,16742
4,20,*,*,10,*,*,*,Male,*,<=50K,16744
4,18,*,*,9,*,*,*,Male,*,>50K,16745
4,25,*,*,13,*,*,*,Female,*,<=50K,16746
4,26,*,*,13,*,*,*,Male,*,<=50K,16747
4,17,*,*,9,*,*,*,Female,*,<=50K,16751
4,18,*,*,9,*,*,*,Male,*,<=50K,16752
4,17,*,*,9,*,*,*,Female,*,<=50K,16753
4,17,*,*,9,*,*,*,Female,*,<=50K,16754
4,13,*,*,7,*,*,*,Female,*,<=50K,16756
4,26,*,*,13,*,*,*,Male,*,<=50K,16757
4,20,*,*,10,*,*,*,Male,*,<=50K,16758
4,8,*,*,4,*,*,*,Male,*,>50K,16759
4,25,*,*,13,*,*,*,Female,*,>50K,16760
4,18,*,*,9,*,*,*,Male,*,<=50K,16762
4,20,*,*,10,*,*,*,Male,*,<=50K,16763
4,18,*,*,9,*,*,*,Male,*,<=50K,16764
4,18,*,*,9,*,*,*,Male,*,<=50K,16765
4,15,*,*,8,*,*,*,Female,*,<=50K,16766
4,26,*,*,13,*,*,*,Male,*,<=50K,16767
4,17,*,*,9,*,*,*,Female,*,<=50K,16769
4,18,*,*,9,*,*,*,Male,*,<=50K,16770
4,12,*,*,6,*,*,*,Male,*,<=50K,16771
4,28,*,*,14,*,*,*,Male,*,>50K,16773
4,20,*,*,10,*,*,*,Male,*,<=50K,16774
4,23,*,*,12,*,*,*,Female,*,>50K,16776
4,19,*,*,10,*,*,*,Female,*,<=50K,16777
4,20,*,*,10,*,*,*,Male,*,<=50K,16778
4,20,*,*,10,*,*,*,Male,*,<=50K,16779
4,19,*,*,10,*,*,*,Female,*,<=50K,16780
4,26,*,*,13,*,*,*,Male,*,>50K,16781
4,16,*,*,8,*,*,*,Male,*,<=50K,16783
4,20,*,*,10,*,*,*,Male,*,>50K,16784
4,11,*,*,6,*,*,*,Female,*,<=50K,16785
4,18,*,*,9,*,*,*,Male,*,<=50K,16786
4,26,*,*,13,*,*,*,Male,*,<=50K,16787
4,26,*,*,13,*,*,*,Male,*,<=50K,16789
4,19,*,*,10,*,*,*,Female,*,<=50K,16790
4,11,*,*,6,*,*,*,Female,*,<=50K,16791
4,18,*,*,9,*,*,*,Male,*,<=50K,16795
4,12,*,*,6,*,*,*,Male,*,<=50K,16796
4,31,*,*,16,*,*,*,Female,*,>50K,16797
4,18,*,*,9,*,*,*,Male,*,<=50K,16798
4,26,*,*,13,*,*,*,Male,*,>50K,16799
4,17,*,*,9,*,*,*,Female,*,<=50K,16800
4,20,*,*,10,*,*,*,Male,*,<=50K,16801
4,20,*,*,10,*,*,*,Male,*,<=50K,16804
4,17,*,*,9,*,*,*,Female,*,<=50K,16805
4,25,*,*,13,*,*,*,Female,*,<=50K,16806
4,30,*,*,15,*,*,*,Male,*,>50K,16807
4,18,*,*,9,*,*,*,Male,*,>50K,16808
4,20,*,*,10,*,*,*,Male,*,>50K,16809
4,19,*,*,10,*,*,*,Female,*,<=50K,16810
4,17,*,*,9,*,*,*,Female,*,<=50K,16812
4,8,*,*,4,*,*,*,Male,*,<=50K,16815
4,25,*,*,13,*,*,*,Female,*,<=50K,16816
4,18,*,*,9,*,*,*,Male,*,<=50K,16818
4,18,*,*,9,*,*,*,Male,*,<=50K,16819
4,18,*,*,9,*,*,*,Male,*,<=50K,16820
4,20,*,*,10,*,*,*,Male,*,>50K,16821
4,19,*,*,10,*,*,*,Female,*,<=50K,16822
4,18,*,*,9,*,*,*,Male,*,<=50K,16825
4,20,*,*,10,*,*,*,Male,*,<=50K,16826
4,19,*,*,10,*,*,*,Female,*,<=50K,16828
4,18,*,*,9,*,*,*,Male,*,<=50K,16829
4,17,*,*,9,*,*,*,Female,*,<=50K,16830
4,19,*,*,10,*,*,*,Female,*,<=50K,16831
4,18,*,*,9,*,*,*,Male,*,>50K,16833
4,11,*,*,6,*,*,*,Female,*,<=50K,16834
4,10,*,*,5,*,*,*,Male,*,<=50K,16836
4,18,*,*,9,*,*,*,Male,*,<=50K,16838
4,18,*,*,9,*,*,*,Male,*,<=50K,16839
4,26,*,*,13,*,*,*,Male,*,<=50K,16840
4,18,*,*,9,*,*,*,Male,*,<=50K,16842
4,17,*,*,9,*,*,*,Female,*,<=50K,16843
4,20,*,*,10,*,*,*,Male,*,>50K,16844
4,26,*,*,13,*,*,*,Male,*,<=50K,16845
4,19,*,*,10,*,*,*,Female,*,<=50K,16847
4,17,*,*,9,*,*,*,Female,*,<=50K,16848
4,26,*,*,13,*,*,*,Male,*,<=50K,16851
4,17,*,*,9,*,*,*,Female,*,<=50K,16852
4,19,*,*,10,*,*,*,Female,*,<=50K,16854
4,18,*,*,9,*,*,*,Male,*,<=50K,16856
4,24,*,*,12,*,*,*,Male,*,>50K,16857
4,18,*,*,9,*,*,*,Male,*,>50K,16858
4,17,*,*,9,*,*,*,Female,*,<=50K,16859
4,18,*,*,9,*,*,*,Male,*,<=50K,16860
4,19,*,*,10,*,*,*,Female,*,<=50K,16861
4,18,*,*,9,*,*,*,Male,*,<=50K,16862
4,19,*,*,10,*,*,*,Female,*,<=50K,16864
4,25,*,*,13,*,*,*,Female,*,<=50K,16865
4,18,*,*,9,*,*,*,Male,*,<=50K,16866
4,17,*,*,9,*,*,*,Female,*,<=50K,16867
4,18,*,*,9,*,*,*,Male,*,<=50K,16868
4,17,*,*,9,*,*,*,Female,*,>50K,16869
4,17,*,*,9,*,*,*,Female,*,<=50K,16870
4,18,*,*,9,*,*,*,Male,*,<=50K,16871
4,18,*,*,9,*,*,*,Male,*,>50K,16874
4,26,*,*,13,*,*,*,Male,*,<=50K,16876
4,23,*,*,12,*,*,*,Female,*,<=50K,16877
4,17,*,*,9,*,*,*,Female,*,<=50K,16878
4,22,*,*,11,*,*,*,Male,*,<=50K,16879
4,17,*,*,9,*,*,*,Female,*,>50K,16880
4,14,*,*,7,*,*,*,Male,*,<=50K,16881
4,8,*,*,4,*,*,*,Male,*,<=50K,16882
4,17,*,*,9,*,*,*,Female,*,<=50K,16883
4,20,*,*,10,*,*,*,Male,*,>50K,16884
4,29,*,*,15,*,*,*,Female,*,<=50K,16885
4,18,*,*,9,*,*,*,Male,*,>50K,16887
4,19,*,*,10,*,*,*,Female,*,<=50K,16889
4,20,*,*,10,*,*,*,Male,*,<=50K,16890
4,18,*,*,9,*,*,*,Male,*,<=50K,16891
4,17,*,*,9,*,*,*,Female,*,<=50K,16892
4,25,*,*,13,*,*,*,Female,*,<=50K,16893
4,18,*,*,9,*,*,*,Male,*,<=50K,16894
4,20,*,*,10,*,*,*,Male,*,>50K,16895
4,25,*,*,13,*,*,*,Female,*,<=50K,16896
4,26,*,*,13,*,*,*,Male,*,<=50K,16897
4,17,*,*,9,*,*,*,Female,*,<=50K,16898
4,18,*,*,9,*,*,*,Male,*,<=50K,16899
4,18,*,*,9,*,*,*,Male,*,<=50K,16900
4,18,*,*,9,*,*,*,Male,*,<=50K,16901
4,18,*,*,9,*,*,*,Male,*,<=50K,16902
4,20,*,*,10,*,*,*,Male,*,<=50K,16903
4,14,*,*,7,*,*,*,Male,*,<=50K,16904
4,19,*,*,10,*,*,*,Female,*,<=50K,16905
4,26,*,*,13,*,*,*,Male,*,<=50K,16906
4,4,*,*,2,*,*,*,Male,*,<=50K,16907
4,26,*,*,13,*,*,*,Male,*,<=50K,16908
4,32,*,*,16,*,*,*,Male,*,<=50K,16911
4,20,*,*,10,*,*,*,Male,*,<=50K,16912
4,7,*,*,4,*,*,*,Female,*,<=50K,16913
4,15,*,*,8,*,*,*,Female,*,<=50K,16914
4,20,*,*,10,*,*,*,Male,*,<=50K,16915
4,11,*,*,6,*,*,*,Female,*,<=50K,16917
4,19,*,*,10,*,*,*,Female,*,<=50K,16918
4,25,*,*,13,*,*,*,Female,*,>50K,16919
4,25,*,*,13,*,*,*,Female,*,>50K,16920
4,26,*,*,13,*,*,*,Male,*,>50K,16921
4,18,*,*,9,*,*,*,Male,*,<=50K,16922
4,11,*,*,6,*,*,*,Female,*,<=50K,16923
4,19,*,*,10,*,*,*,Female,*,<=50K,16924
4,20,*,*,10,*,*,*,Male,*,<=50K,16925
4,18,*,*,9,*,*,*,Male,*,<=50K,16926
4,26,*,*,13,*,*,*,Male,*,<=50K,16927
4,18,*,*,9,*,*,*,Male,*,<=50K,16928
4,18,*,*,9,*,*,*,Male,*,<=50K,16930
4,25,*,*,13,*,*,*,Female,*,<=50K,16931
4,24,*,*,12,*,*,*,Male,*,<=50K,16932
4,26,*,*,13,*,*,*,Male,*,<=50K,16933
4,26,*,*,13,*,*,*,Male,*,>50K,16934
4,8,*,*,4,*,*,*,Male,*,<=50K,16938
4,20,*,*,10,*,*,*,Male,*,<=50K,16939
4,18,*,*,9,*,*,*,Male,*,>50K,16940
4,20,*,*,10,*,*,*,Male,*,<=50K,16941
4,19,*,*,10,*,*,*,Female,*,<=50K,16942
4,26,*,*,13,*,*,*,Male,*,<=50K,16943
4,18,*,*,9,*,*,*,Male,*,<=50K,16944
4,18,*,*,9,*,*,*,Male,*,<=50K,16945
4,12,*,*,6,*,*,*,Male,*,<=50K,16946
4,18,*,*,9,*,*,*,Male,*,>50K,16947
4,18,*,*,9,*,*,*,Male,*,<=50K,16948
4,17,*,*,9,*,*,*,Female,*,<=50K,16949
4,15,*,*,8,*,*,*,Female,*,<=50K,16950
4,24,*,*,12,*,*,*,Male,*,<=50K,16951
4,25,*,*,13,*,*,*,Female,*,<=50K,16952
4,27,*,*,14,*,*,*,Female,*,<=50K,16953
4,24,*,*,12,*,*,*,Male,*,<=50K,16955
4,17,*,*,9,*,*,*,Female,*,<=50K,16956
4,28,*,*,14,*,*,*,Male,*,<=50K,16957
4,18,*,*,9,*,*,*,Male,*,<=50K,16958
4,28,*,*,14,*,*,*,Male,*,<=50K,16959
4,17,*,*,9,*,*,*,Female,*,<=50K,16960
4,28,*,*,14,*,*,*,Male,*,>50K,16963
4,17,*,*,9,*,*,*,Female,*,<=50K,16964
4,19,*,*,10,*,*,*,Female,*,<=50K,16965
4,18,*,*,9,*,*,*,Male,*,<=50K,16966
4,13,*,*,7,*,*,*,Female,*,<=50K,16967
4,17,*,*,9,*,*,*,Female,*,<=50K,16969
4,10,*,*,5,*,*,*,Male,*,<=50K,16971
4,18,*,*,9,*,*,*,Male,*,<=50K,16972
4,18,*,*,9,*,*,*,Male,*,<=50K,16974
4,26,*,*,13,*,*,*,Male,*,>50K,16975
4,8,*,*,4,*,*,*,Male,*,<=50K,16976
4,25,*,*,13,*,*,*,Female,*,>50K,16977
4,20,*,*,10,*,*,*,Male,*,>50K,16978
4,17,*,*,9,*,*,*,Female,*,<=50K,16979
4,28,*,*,14,*,*,*,Male,*,>50K,16980
4,17,*,*,9,*,*,*,Female,*,<=50K,16981
4,20,*,*,10,*,*,*,Male,*,>50K,16982
4,18,*,*,9,*,*,*,Male,*,<=50K,16983
4,18,*,*,9,*,*,*,Male,*,>50K,16984
4,25,*,*,13,*,*,*,Female,*,<=50K,16985
4,18,*,*,9,*,*,*,Male,*,<=50K,16986
4,17,*,*,9,*,*,*,Female,*,<=50K,16987
4,26,*,*,13,*,*,*,Male,*,>50K,16988
4,13,*,*,7,*,*,*,Female,*,<=50K,16989
4,26,*,*,13,*,*,*,Male,*,>50K,16990
4,25,*,*,13,*,*,*,Female,*,<=50K,16991
4,21,*,*,11,*,*,*,Female,*,<=50K,16992
4,28,*,*,14,*,*,*,Male,*,<=50K,16993
4,14,*,*,7,*,*,*,Male,*,<=50K,16994
4,7,*,*,4,*,*,*,Female,*,<=50K,16995
4,18,*,*,9,*,*,*,Male,*,<=50K,16996
4,19,*,*,10,*,*,*,Female,*,<=50K,16997
4,18,*,*,9,*,*,*,Male,*,<=50K,17000
4,18,*,*,9,*,*,*,Male,*,<=50K,17002
4,26,*,*,13,*,*,*,Male,*,<=50K,17003
4,10,*,*,5,*,*,*,Male,*,<=50K,17005
4,25,*,*,13,*,*,*,Female,*,<=50K,17007
4,18,*,*,9,*,*,*,Male,*,<=50K,17008
4,18,*,*,9,*,*,*,Male,*,<=50K,17009
4,20,*,*,10,*,*,*,Male,*,<=50K,17011
4,18,*,*,9,*,*,*,Male,*,<=50K,17013
4,14,*,*,7,*,*,*,Male,*,<=50K,17014
4,14,*,*,7,*,*,*,Male,*,<=50K,17016
4,18,*,*,9,*,*,*,Male,*,<=50K,17018
4,28,*,*,14,*,*,*,Male,*,<=50K,17019
4,17,*,*,9,*,*,*,Female,*,<=50K,17020
4,20,*,*,10,*,*,*,Male,*,<=50K,17021
4,18,*,*,9,*,*,*,Male,*,<=50K,17022
4,18,*,*,9,*,*,*,Male,*,>50K,17023
4,10,*,*,5,*,*,*,Male,*,<=50K,17024
4,22,*,*,11,*,*,*,Male,*,<=50K,17025
4,20,*,*,10,*,*,*,Male,*,>50K,17027
4,20,*,*,10,*,*,*,Male,*,<=50K,17028
4,22,*,*,11,*,*,*,Male,*,<=50K,17029
4,17,*,*,9,*,*,*,Female,*,<=50K,17030
4,26,*,*,13,*,*,*,Male,*,<=50K,17031
4,18,*,*,9,*,*,*,Male,*,<=50K,17032
4,24,*,*,12,*,*,*,Male,*,<=50K,17033
4,30,*,*,15,*,*,*,Male,*,>50K,17034
4,18,*,*,9,*,*,*,Male,*,<=50K,17036
4,18,*,*,9,*,*,*,Male,*,<=50K,17037
4,24,*,*,12,*,*,*,Male,*,<=50K,17039
4,18,*,*,9,*,*,*,Male,*,<=50K,17040
4,20,*,*,10,*,*,*,Male,*,<=50K,17041
4,13,*,*,7,*,*,*,Female,*,<=50K,17042
4,12,*,*,6,*,*,*,Male,*,<=50K,17043
4,17,*,*,9,*,*,*,Female,*,<=50K,17044
4,18,*,*,9,*,*,*,Male,*,<=50K,17045
4,26,*,*,13,*,*,*,Male,*,>50K,17046
4,26,*,*,13,*,*,*,Male,*,>50K,17047
4,24,*,*,12,*,*,*,Male,*,>50K,17050
4,27,*,*,14,*,*,*,Female,*,<=50K,17051
4,25,*,*,13,*,*,*,Female,*,<=50K,17052
4,30,*,*,15,*,*,*,Male,*,>50K,17053
4,30,*,*,15,*,*,*,Male,*,>50K,17054
4,7,*,*,4,*,*,*,Female,*,<=50K,17055
4,20,*,*,10,*,*,*,Male,*,<=50K,17056
4,22,*,*,11,*,*,*,Male,*,<=50K,17057
4,17,*,*,9,*,*,*,Female,*,<=50K,17059
4,18,*,*,9,*,*,*,Male,*,<=50K,17060
4,20,*,*,10,*,*,*,Male,*,>50K,17061
4,22,*,*,11,*,*,*,Male,*,<=50K,17063
4,22,*,*,11,*,*,*,Male,*,<=50K,17065
4,18,*,*,9,*,*,*,Male,*,>50K,17066
4,17,*,*,9,*,*,*,Female,*,>50K,17067
4,24,*,*,12,*,*,*,Male,*,>50K,17068
4,16,*,*,8,*,*,*,Male,*,>50K,17069
4,24,*,*,12,*,*,*,Male,*,<=50K,17070
4,20,*,*,10,*,*,*,Male,*,<=50K,17073
4,15,*,*,8,*,*,*,Female,*,<=50K,17074
4,18,*,*,9,*,*,*,Male,*,>50K,17075
4,18,*,*,9,*,*,*,Male,*,<=50K,17076
4,18,*,*,9,*,*,*,Male,*,<=50K,17077
4,19,*,*,10,*,*,*,Female,*,<=50K,17078
4,19,*,*,10,*,*,*,Female,*,<=50K,17079
4,18,*,*,9,*,*,*,Male,*,<=50K,17080
4,18,*,*,9,*,*,*,Male,*,<=50K,17083
4,18,*,*,9,*,*,*,Male,*,<=50K,17085
4,18,*,*,9,*,*,*,Male,*,<=50K,17087
4,26,*,*,13,*,*,*,Male,*,>50K,17088
4,28,*,*,14,*,*,*,Male,*,<=50K,17089
4,17,*,*,9,*,*,*,Female,*,<=50K,17091
4,25,*,*,13,*,*,*,Female,*,<=50K,17092
4,10,*,*,5,*,*,*,Male,*,<=50K,17093
4,18,*,*,9,*,*,*,Male,*,<=50K,17095
4,17,*,*,9,*,*,*,Female,*,<=50K,17096
4,19,*,*,10,*,*,*,Female,*,<=50K,17098
4,18,*,*,9,*,*,*,Male,*,<=50K,17099
4,22,*,*,11,*,*,*,Male,*,<=50K,17100
4,26,*,*,13,*,*,*,Male,*,>50K,17101
4,20,*,*,10,*,*,*,Male,*,<=50K,17103
4,26,*,*,13,*,*,*,Male,*,<=50K,17104
4,22,*,*,11,*,*,*,Male,*,>50K,17105
4,22,*,*,11,*,*,*,Male,*,<=50K,17106
4,32,*,*,16,*,*,*,Male,*,<=50K,17108
4,26,*,*,13,*,*,*,Male,*,<=50K,17109
4,17,*,*,9,*,*,*,Female,*,>50K,17111
4,18,*,*,9,*,*,*,Male,*,<=50K,17112
4,26,*,*,13,*,*,*,Male,*,<=50K,17113
4,19,*,*,10,*,*,*,Female,*,<=50K,17115
4,19,*,*,10,*,*,*,Female,*,>50K,17116
4,22,*,*,11,*,*,*,Male,*,<=50K,17117
4,17,*,*,9,*,*,*,Female,*,>50K,17118
4,26,*,*,13,*,*,*,Male,*,<=50K,17119
4,17,*,*,9,*,*,*,Female,*,<=50K,17120
4,17,*,*,9,*,*,*,Female,*,<=50K,17121
4,23,*,*,12,*,*,*,Female,*,<=50K,17123
4,13,*,*,7,*,*,*,Female,*,<=50K,17125
4,25,*,*,13,*,*,*,Female,*,<=50K,17126
4,17,*,*,9,*,*,*,Female,*,<=50K,17127
4,28,*,*,14,*,*,*,Male,*,<=50K,17128
4,18,*,*,9,*,*,*,Male,*,<=50K,17129
4,18,*,*,9,*,*,*,Male,*,<=50K,17130
4,25,*,*,13,*,*,*,Female,*,<=50K,17131
4,26,*,*,13,*,*,*,Male,*,<=50K,17133
4,21,*,*,11,*,*,*,Female,*,<=50K,17136
4,6,*,*,3,*,*,*,Male,*,<=50K,17137
4,18,*,*,9,*,*,*,Male,*,<=50K,17138
4,14,*,*,7,*,*,*,Male,*,<=50K,17139
4,28,*,*,14,*,*,*,Male,*,<=50K,17140
4,23,*,*,12,*,*,*,Female,*,<=50K,17142
4,18,*,*,9,*,*,*,Male,*,<=50K,17144
4,26,*,*,13,*,*,*,Male,*,<=50K,17146
4,18,*,*,9,*,*,*,Male,*,<=50K,17147
4,25,*,*,13,*,*,*,Female,*,<=50K,17148
4,19,*,*,10,*,*,*,Female,*,<=50K,17149
4,26,*,*,13,*,*,*,Male,*,<=50K,17151
4,18,*,*,9,*,*,*,Male,*,<=50K,17152
4,13,*,*,7,*,*,*,Female,*,<=50K,17153
4,17,*,*,9,*,*,*,Female,*,<=50K,17154
4,26,*,*,13,*,*,*,Male,*,<=50K,17155
4,24,*,*,12,*,*,*,Male,*,>50K,17156
4,18,*,*,9,*,*,*,Male,*,<=50K,17157
4,28,*,*,14,*,*,*,Male,*,<=50K,17158
4,25,*,*,13,*,*,*,Female,*,>50K,17159
4,26,*,*,13,*,*,*,Male,*,<=50K,17160
4,25,*,*,13,*,*,*,Female,*,<=50K,17161
4,18,*,*,9,*,*,*,Male,*,<=50K,17162
4,17,*,*,9,*,*,*,Female,*,<=50K,17163
4,7,*,*,4,*,*,*,Female,*,<=50K,17164
4,17,*,*,9,*,*,*,Female,*,<=50K,17165
4,18,*,*,9,*,*,*,Male,*,<=50K,17166
4,18,*,*,9,*,*,*,Male,*,<=50K,17167
4,26,*,*,13,*,*,*,Male,*,>50K,17171
4,12,*,*,6,*,*,*,Male,*,<=50K,17172
4,18,*,*,9,*,*,*,Male,*,<=50K,17174
4,18,*,*,9,*,*,*,Male,*,<=50K,17175
4,26,*,*,13,*,*,*,Male,*,<=50K,17176
4,18,*,*,9,*,*,*,Male,*,>50K,17177
4,26,*,*,13,*,*,*,Male,*,>50K,17178
4,18,*,*,9,*,*,*,Male,*,<=50K,17179
4,17,*,*,9,*,*,*,Female,*,<=50K,17180
4,17,*,*,9,*,*,*,Female,*,<=50K,17181
4,17,*,*,9,*,*,*,Female,*,<=50K,17183
4,16,*,*,8,*,*,*,Male,*,<=50K,17185
4,26,*,*,13,*,*,*,Male,*,>50K,17186
4,18,*,*,9,*,*,*,Male,*,<=50K,17187
4,18,*,*,9,*,*,*,Male,*,>50K,17188
4,19,*,*,10,*,*,*,Female,*,<=50K,17189
4,13,*,*,7,*,*,*,Female,*,<=50K,17190
4,18,*,*,9,*,*,*,Male,*,<=50K,17191
4,18,*,*,9,*,*,*,Male,*,<=50K,17192
4,20,*,*,10,*,*,*,Male,*,<=50K,17193
4,26,*,*,13,*,*,*,Male,*,<=50K,17194
4,22,*,*,11,*,*,*,Male,*,>50K,17196
4,12,*,*,6,*,*,*,Male,*,<=50K,17197
4,24,*,*,12,*,*,*,Male,*,<=50K,17198
4,18,*,*,9,*,*,*,Male,*,<=50K,17199
4,27,*,*,14,*,*,*,Female,*,<=50K,17200
4,17,*,*,9,*,*,*,Female,*,<=50K,17201
4,26,*,*,13,*,*,*,Male,*,<=50K,17203
4,25,*,*,13,*,*,*,Female,*,<=50K,17204
4,27,*,*,14,*,*,*,Female,*,<=50K,17205
4,17,*,*,9,*,*,*,Female,*,<=50K,17207
4,4,*,*,2,*,*,*,Male,*,<=50K,17208
4,18,*,*,9,*,*,*,Male,*,<=50K,17209
4,17,*,*,9,*,*,*,Female,*,<=50K,17210
4,17,*,*,9,*,*,*,Female,*,<=50K,17211
4,17,*,*,9,*,*,*,Female,*,<=50K,17212
4,26,*,*,13,*,*,*,Male,*,>50K,17213
4,20,*,*,10,*,*,*,Male,*,<=50K,17214
4,14,*,*,7,*,*,*,Male,*,<=50K,17215
4,7,*,*,4,*,*,*,Female,*,<=50K,17216
4,14,*,*,7,*,*,*,Male,*,<=50K,17217
4,21,*,*,11,*,*,*,Female,*,<=50K,17218
4,26,*,*,13,*,*,*,Male,*,<=50K,17219
4,13,*,*,7,*,*,*,Female,*,<=50K,17221
4,18,*,*,9,*,*,*,Male,*,>50K,17222
4,32,*,*,16,*,*,*,Male,*,<=50K,17223
4,24,*,*,12,*,*,*,Male,*,<=50K,17224
4,30,*,*,15,*,*,*,Male,*,>50K,17226
4,18,*,*,9,*,*,*,Male,*,<=50K,17227
4,10,*,*,5,*,*,*,Male,*,<=50K,17228
4,11,*,*,6,*,*,*,Female,*,<=50K,17229
4,8,*,*,4,*,*,*,Male,*,<=50K,17230
4,25,*,*,13,*,*,*,Female,*,<=50K,17233
4,32,*,*,16,*,*,*,Male,*,>50K,17234
4,18,*,*,9,*,*,*,Male,*,<=50K,17235
4,26,*,*,13,*,*,*,Male,*,>50K,17236
4,26,*,*,13,*,*,*,Male,*,<=50K,17237
4,20,*,*,10,*,*,*,Male,*,>50K,17240
4,26,*,*,13,*,*,*,Male,*,>50K,17242
4,20,*,*,10,*,*,*,Male,*,<=50K,17243
4,10,*,*,5,*,*,*,Male,*,<=50K,17245
4,1,*,*,1,*,*,*,Female,*,<=50K,17246
4,19,*,*,10,*,*,*,Female,*,<=50K,17247
4,18,*,*,9,*,*,*,Male,*,<=50K,17248
4,32,*,*,16,*,*,*,Male,*,>50K,17250
4,19,*,*,10,*,*,*,Female,*,<=50K,17251
4,25,*,*,13,*,*,*,Female,*,<=50K,17252
4,19,*,*,10,*,*,*,Female,*,<=50K,17253
4,18,*,*,9,*,*,*,Male,*,<=50K,17254
4,18,*,*,9,*,*,*,Male,*,<=50K,17256
4,18,*,*,9,*,*,*,Male,*,<=50K,17257
4,18,*,*,9,*,*,*,Male,*,<=50K,17258
4,20,*,*,10,*,*,*,Male,*,<=50K,17259
4,13,*,*,7,*,*,*,Female,*,<=50K,17260
4,18,*,*,9,*,*,*,Male,*,>50K,17262
4,25,*,*,13,*,*,*,Female,*,<=50K,17263
4,17,*,*,9,*,*,*,Female,*,<=50K,17265
4,26,*,*,13,*,*,*,Male,*,<=50K,17267
4,17,*,*,9,*,*,*,Female,*,<=50K,17269
4,15,*,*,8,*,*,*,Female,*,<=50K,17270
4,8,*,*,4,*,*,*,Male,*,<=50K,17271
4,20,*,*,10,*,*,*,Male,*,<=50K,17272
4,18,*,*,9,*,*,*,Male,*,<=50K,17274
4,18,*,*,9,*,*,*,Male,*,<=50K,17275
4,17,*,*,9,*,*,*,Female,*,<=50K,17276
4,19,*,*,10,*,*,*,Female,*,<=50K,17277
4,26,*,*,13,*,*,*,Male,*,>50K,17278
4,18,*,*,9,*,*,*,Male,*,<=50K,17279
4,18,*,*,9,*,*,*,Male,*,<=50K,17280
4,28,*,*,14,*,*,*,Male,*,<=50K,17281
4,30,*,*,15,*,*,*,Male,*,>50K,17282
4,19,*,*,10,*,*,*,Female,*,<=50K,17283
4,22,*,*,11,*,*,*,Male,*,<=50K,17285
4,17,*,*,9,*,*,*,Female,*,<=50K,17286
4,26,*,*,13,*,*,*,Male,*,<=50K,17287
4,17,*,*,9,*,*,*,Female,*,<=50K,17288
4,23,*,*,12,*,*,*,Female,*,<=50K,17289
4,19,*,*,10,*,*,*,Female,*,<=50K,17290
4,17,*,*,9,*,*,*,Female,*,<=50K,17291
4,18,*,*,9,*,*,*,Male,*,>50K,17292
4,10,*,*,5,*,*,*,Male,*,<=50K,17293
4,8,*,*,4,*,*,*,Male,*,<=50K,17294
4,25,*,*,13,*,*,*,Female,*,>50K,17295
4,24,*,*,12,*,*,*,Male,*,<=50K,17296
4,20,*,*,10,*,*,*,Male,*,<=50K,17297
4,17,*,*,9,*,*,*,Female,*,<=50K,17298
4,1,*,*,1,*,*,*,Female,*,<=50K,17300
4,18,*,*,9,*,*,*,Male,*,<=50K,17301
4,20,*,*,10,*,*,*,Male,*,<=50K,17302
4,22,*,*,11,*,*,*,Male,*,<=50K,17303
4,18,*,*,9,*,*,*,Male,*,<=50K,17304
4,18,*,*,9,*,*,*,Male,*,>50K,17306
4,17,*,*,9,*,*,*,Female,*,<=50K,17307
4,14,*,*,7,*,*,*,Male,*,<=50K,17308
4,31,*,*,16,*,*,*,Female,*,<=50K,17310
4,5,*,*,3,*,*,*,Female,*,<=50K,17311
4,17,*,*,9,*,*,*,Female,*,<=50K,17312
4,16,*,*,8,*,*,*,Male,*,<=50K,17314
4,15,*,*,8,*,*,*,Female,*,<=50K,17315
4,20,*,*,10,*,*,*,Male,*,<=50K,17316
4,18,*,*,9,*,*,*,Male,*,<=50K,17317
4,26,*,*,13,*,*,*,Male,*,<=50K,17318
4,18,*,*,9,*,*,*,Male,*,<=50K,17320
4,26,*,*,13,*,*,*,Male,*,<=50K,17321
4,24,*,*,12,*,*,*,Male,*,<=50K,17323
4,18,*,*,9,*,*,*,Male,*,<=50K,17325
4,8,*,*,4,*,*,*,Male,*,<=50K,17326
4,18,*,*,9,*,*,*,Male,*,>50K,17327
4,26,*,*,13,*,*,*,Male,*,>50K,17328
4,14,*,*,7,*,*,*,Male,*,<=50K,17329
4,20,*,*,10,*,*,*,Male,*,<=50K,17330
4,26,*,*,13,*,*,*,Male,*,>50K,17331
4,8,*,*,4,*,*,*,Male,*,<=50K,17332
4,26,*,*,13,*,*,*,Male,*,>50K,17334
4,20,*,*,10,*,*,*,Male,*,<=50K,17335
4,18,*,*,9,*,*,*,Male,*,<=50K,17336
4,18,*,*,9,*,*,*,Male,*,<=50K,17337
4,26,*,*,13,*,*,*,Male,*,<=50K,17338
4,26,*,*,13,*,*,*,Male,*,<=50K,17339
4,32,*,*,16,*,*,*,Male,*,<=50K,17340
4,18,*,*,9,*,*,*,Male,*,<=50K,17341
4,18,*,*,9,*,*,*,Male,*,<=50K,17342
4,22,*,*,11,*,*,*,Male,*,<=50K,17343
4,19,*,*,10,*,*,*,Female,*,<=50K,17344
4,25,*,*,13,*,*,*,Female,*,>50K,17345
4,27,*,*,14,*,*,*,Female,*,<=50K,17347
4,17,*,*,9,*,*,*,Female,*,<=50K,17348
4,18,*,*,9,*,*,*,Male,*,<=50K,17349
4,20,*,*,10,*,*,*,Male,*,<=50K,17350
4,30,*,*,15,*,*,*,Male,*,>50K,17351
4,20,*,*,10,*,*,*,Male,*,<=50K,17352
4,26,*,*,13,*,*,*,Male,*,<=50K,17353
4,18,*,*,9,*,*,*,Male,*,<=50K,17355
4,20,*,*,10,*,*,*,Male,*,<=50K,17356
4,17,*,*,9,*,*,*,Female,*,<=50K,17358
4,28,*,*,14,*,*,*,Male,*,>50K,17359
4,25,*,*,13,*,*,*,Female,*,<=50K,17360
4,23,*,*,12,*,*,*,Female,*,<=50K,17362
4,22,*,*,11,*,*,*,Male,*,>50K,17364
4,17,*,*,9,*,*,*,Female,*,<=50K,17365
4,18,*,*,9,*,*,*,Male,*,<=50K,17366
4,14,*,*,7,*,*,*,Male,*,<=50K,17367
4,26,*,*,13,*,*,*,Male,*,<=50K,17368
4,18,*,*,9,*,*,*,Male,*,<=50K,17369
4,17,*,*,9,*,*,*,Female,*,<=50K,17370
4,27,*,*,14,*,*,*,Female,*,<=50K,17371
4,20,*,*,10,*,*,*,Male,*,<=50K,17372
4,20,*,*,10,*,*,*,Male,*,>50K,17374
4,32,*,*,16,*,*,*,Male,*,>50K,17375
4,25,*,*,13,*,*,*,Female,*,<=50K,17376
4,19,*,*,10,*,*,*,Female,*,<=50K,17377
4,20,*,*,10,*,*,*,Male,*,>50K,17378
4,26,*,*,13,*,*,*,Male,*,>50K,17379
4,20,*,*,10,*,*,*,Male,*,<=50K,17381
4,14,*,*,7,*,*,*,Male,*,<=50K,17382
4,30,*,*,15,*,*,*,Male,*,>50K,17383
4,24,*,*,12,*,*,*,Male,*,>50K,17384
4,24,*,*,12,*,*,*,Male,*,>50K,17385
4,18,*,*,9,*,*,*,Male,*,<=50K,17386
4,20,*,*,10,*,*,*,Male,*,>50K,17388
4,18,*,*,9,*,*,*,Male,*,<=50K,17390
4,18,*,*,9,*,*,*,Male,*,<=50K,17391
4,20,*,*,10,*,*,*,Male,*,<=50K,17394
4,12,*,*,6,*,*,*,Male,*,<=50K,17395
4,18,*,*,9,*,*,*,Male,*,>50K,17396
4,22,*,*,11,*,*,*,Male,*,>50K,17397
4,20,*,*,10,*,*,*,Male,*,>50K,17398
4,20,*,*,10,*,*,*,Male,*,<=50K,17400
4,26,*,*,13,*,*,*,Male,*,>50K,17402
4,20,*,*,10,*,*,*,Male,*,>50K,17403
4,17,*,*,9,*,*,*,Female,*,<=50K,17404
4,18,*,*,9,*,*,*,Male,*,<=50K,17405
4,18,*,*,9,*,*,*,Male,*,<=50K,17406
4,18,*,*,9,*,*,*,Male,*,>50K,17407
4,21,*,*,11,*,*,*,Female,*,<=50K,17408
4,28,*,*,14,*,*,*,Male,*,<=50K,17409
4,26,*,*,13,*,*,*,Male,*,>50K,17412
4,28,*,*,14,*,*,*,Male,*,>50K,17413
4,18,*,*,9,*,*,*,Male,*,>50K,17414
4,28,*,*,14,*,*,*,Male,*,>50K,17415
4,20,*,*,10,*,*,*,Male,*,>50K,17416
4,21,*,*,11,*,*,*,Female,*,<=50K,17417
4,18,*,*,9,*,*,*,Male,*,<=50K,17418
4,26,*,*,13,*,*,*,Male,*,<=50K,17419
4,26,*,*,13,*,*,*,Male,*,<=50K,17420
4,18,*,*,9,*,*,*,Male,*,<=50K,17422
4,19,*,*,10,*,*,*,Female,*,<=50K,17423
4,19,*,*,10,*,*,*,Female,*,<=50K,17424
4,17,*,*,9,*,*,*,Female,*,<=50K,17425
4,17,*,*,9,*,*,*,Female,*,<=50K,17426
4,18,*,*,9,*,*,*,Male,*,<=50K,17427
4,25,*,*,13,*,*,*,Female,*,<=50K,17428
4,28,*,*,14,*,*,*,Male,*,>50K,17430
4,21,*,*,11,*,*,*,Female,*,<=50K,17432
4,19,*,*,10,*,*,*,Female,*,<=50K,17433
4,17,*,*,9,*,*,*,Female,*,<=50K,17435
4,20,*,*,10,*,*,*,Male,*,<=50K,17436
4,18,*,*,9,*,*,*,Male,*,<=50K,17437
4,26,*,*,13,*,*,*,Male,*,>50K,17438
4,18,*,*,9,*,*,*,Male,*,<=50K,17441
4,11,*,*,6,*,*,*,Female,*,<=50K,17443
4,26,*,*,13,*,*,*,Male,*,<=50K,17445
4,19,*,*,10,*,*,*,Female,*,<=50K,17446
4,21,*,*,11,*,*,*,Female,*,<=50K,17447
4,26,*,*,13,*,*,*,Male,*,>50K,17448
4,25,*,*,13,*,*,*,Female,*,<=50K,17449
4,18,*,*,9,*,*,*,Male,*,<=50K,17450
4,19,*,*,10,*,*,*,Female,*,<=50K,17451
4,26,*,*,13,*,*,*,Male,*,>50K,17452
4,17,*,*,9,*,*,*,Female,*,<=50K,17453
4,10,*,*,5,*,*,*,Male,*,<=50K,17454
4,18,*,*,9,*,*,*,Male,*,<=50K,17455
4,25,*,*,13,*,*,*,Female,*,<=50K,17456
4,12,*,*,6,*,*,*,Male,*,<=50K,17457
4,20,*,*,10,*,*,*,Male,*,>50K,17458
4,26,*,*,13,*,*,*,Male,*,>50K,17459
4,22,*,*,11,*,*,*,Male,*,<=50K,17460
4,18,*,*,9,*,*,*,Male,*,>50K,17461
4,13,*,*,7,*,*,*,Female,*,<=50K,17462
4,26,*,*,13,*,*,*,Male,*,>50K,17463
4,17,*,*,9,*,*,*,Female,*,<=50K,17464
4,17,*,*,9,*,*,*,Female,*,<=50K,17465
4,20,*,*,10,*,*,*,Male,*,<=50K,17467
4,22,*,*,11,*,*,*,Male,*,<=50K,17468
4,19,*,*,10,*,*,*,Female,*,<=50K,17469
4,18,*,*,9,*,*,*,Male,*,<=50K,17470
4,17,*,*,9,*,*,*,Female,*,<=50K,17471
4,16,*,*,8,*,*,*,Male,*,<=50K,17472
4,17,*,*,9,*,*,*,Female,*,<=50K,17473
4,17,*,*,9,*,*,*,Female,*,<=50K,17474
4,28,*,*,14,*,*,*,Male,*,>50K,17475
4,25,*,*,13,*,*,*,Female,*,<=50K,17476
4,14,*,*,7,*,*,*,Male,*,<=50K,17477
4,26,*,*,13,*,*,*,Male,*,>50K,17478
4,26,*,*,13,*,*,*,Male,*,<=50K,17479
4,24,*,*,12,*,*,*,Male,*,>50K,17481
4,18,*,*,9,*,*,*,Male,*,<=50K,17482
4,14,*,*,7,*,*,*,Male,*,<=50K,17483
4,26,*,*,13,*,*,*,Male,*,>50K,17484
4,26,*,*,13,*,*,*,Male,*,>50K,17485
4,18,*,*,9,*,*,*,Male,*,<=50K,17486
4,14,*,*,7,*,*,*,Male,*,<=50K,17487
4,17,*,*,9,*,*,*,Female,*,<=50K,17488
4,22,*,*,11,*,*,*,Male,*,>50K,17489
4,17,*,*,9,*,*,*,Female,*,<=50K,17490
4,28,*,*,14,*,*,*,Male,*,<=50K,17491
4,17,*,*,9,*,*,*,Female,*,<=50K,17493
4,26,*,*,13,*,*,*,Male,*,>50K,17496
4,20,*,*,10,*,*,*,Male,*,<=50K,17497
4,25,*,*,13,*,*,*,Female,*,>50K,17498
4,17,*,*,9,*,*,*,Female,*,<=50K,17499
4,5,*,*,3,*,*,*,Female,*,<=50K,17500
4,22,*,*,11,*,*,*,Male,*,<=50K,17501
4,25,*,*,13,*,*,*,Female,*,<=50K,17503
4,18,*,*,9,*,*,*,Male,*,<=50K,17504
4,19,*,*,10,*,*,*,Female,*,<=50K,17505
4,17,*,*,9,*,*,*,Female,*,<=50K,17506
4,19,*,*,10,*,*,*,Female,*,<=50K,17507
4,18,*,*,9,*,*,*,Male,*,>50K,17508
4,19,*,*,10,*,*,*,Female,*,<=50K,17509
4,17,*,*,9,*,*,*,Female,*,<=50K,17510
4,17,*,*,9,*,*,*,Female,*,<=50K,17511
4,16,*,*,8,*,*,*,Male,*,<=50K,17512
4,26,*,*,13,*,*,*,Male,*,>50K,17513
4,17,*,*,9,*,*,*,Female,*,<=50K,17515
4,26,*,*,13,*,*,*,Male,*,>50K,17516
4,20,*,*,10,*,*,*,Male,*,<=50K,17519
4,27,*,*,14,*,*,*,Female,*,<=50K,17520
4,20,*,*,10,*,*,*,Male,*,<=50K,17521
4,17,*,*,9,*,*,*,Female,*,<=50K,17522
4,12,*,*,6,*,*,*,Male,*,<=50K,17524
4,22,*,*,11,*,*,*,Male,*,<=50K,17525
4,18,*,*,9,*,*,*,Male,*,<=50K,17527
4,17,*,*,9,*,*,*,Female,*,<=50K,17528
4,25,*,*,13,*,*,*,Female,*,>50K,17529
4,18,*,*,9,*,*,*,Male,*,<=50K,17532
4,19,*,*,10,*,*,*,Female,*,<=50K,17533
4,25,*,*,13,*,*,*,Female,*,<=50K,17534
4,15,*,*,8,*,*,*,Female,*,<=50K,17535
4,18,*,*,9,*,*,*,Male,*,<=50K,17536
4,18,*,*,9,*,*,*,Male,*,<=50K,17537
4,19,*,*,10,*,*,*,Female,*,<=50K,17538
4,18,*,*,9,*,*,*,Male,*,<=50K,17539
4,20,*,*,10,*,*,*,Male,*,<=50K,17540
4,26,*,*,13,*,*,*,Male,*,<=50K,17541
4,18,*,*,9,*,*,*,Male,*,<=50K,17543
4,22,*,*,11,*,*,*,Male,*,<=50K,17544
4,26,*,*,13,*,*,*,Male,*,>50K,17546
4,18,*,*,9,*,*,*,Male,*,<=50K,17547
4,17,*,*,9,*,*,*,Female,*,<=50K,17548
4,20,*,*,10,*,*,*,Male,*,>50K,17550
4,17,*,*,9,*,*,*,Female,*,<=50K,17551
4,29,*,*,15,*,*,*,Female,*,<=50K,17552
4,19,*,*,10,*,*,*,Female,*,<=50K,17554
4,20,*,*,10,*,*,*,Male,*,<=50K,17555
4,18,*,*,9,*,*,*,Male,*,<=50K,17556
4,17,*,*,9,*,*,*,Female,*,<=50K,17557
4,25,*,*,13,*,*,*,Female,*,<=50K,17558
4,20,*,*,10,*,*,*,Male,*,<=50K,17559
4,16,*,*,8,*,*,*,Male,*,<=50K,17561
4,24,*,*,12,*,*,*,Male,*,<=50K,17562
4,19,*,*,10,*,*,*,Female,*,<=50K,17563
4,20,*,*,10,*,*,*,Male,*,<=50K,17564
4,18,*,*,9,*,*,*,Male,*,<=50K,17565
4,26,*,*,13,*,*,*,Male,*,<=50K,17568
4,14,*,*,7,*,*,*,Male,*,<=50K,17569
4,17,*,*,9,*,*,*,Female,*,<=50K,17571
4,14,*,*,7,*,*,*,Male,*,<=50K,17572
4,14,*,*,7,*,*,*,Male,*,<=50K,17573
4,18,*,*,9,*,*,*,Male,*,<=50K,17576
4,24,*,*,12,*,*,*,Male,*,>50K,17577
4,26,*,*,13,*,*,*,Male,*,>50K,17578
4,28,*,*,14,*,*,*,Male,*,>50K,17579
4,32,*,*,16,*,*,*,Male,*,>50K,17580
4,20,*,*,10,*,*,*,Male,*,<=50K,17583
4,26,*,*,13,*,*,*,Male,*,>50K,17584
4,26,*,*,13,*,*,*,Male,*,<=50K,17585
4,17,*,*,9,*,*,*,Female,*,<=50K,17586
4,18,*,*,9,*,*,*,Male,*,<=50K,17587
4,28,*,*,14,*,*,*,Male,*,>50K,17588
4,25,*,*,13,*,*,*,Female,*,>50K,17589
4,26,*,*,13,*,*,*,Male,*,>50K,17590
4,26,*,*,13,*,*,*,Male,*,>50K,17592
4,20,*,*,10,*,*,*,Male,*,<=50K,17593
4,19,*,*,10,*,*,*,Female,*,<=50K,17594
4,17,*,*,9,*,*,*,Female,*,<=50K,17595
4,25,*,*,13,*,*,*,Female,*,<=50K,17596
4,18,*,*,9,*,*,*,Male,*,<=50K,17597
4,20,*,*,10,*,*,*,Male,*,<=50K,17598
4,18,*,*,9,*,*,*,Male,*,<=50K,17600
4,24,*,*,12,*,*,*,Male,*,<=50K,17601
4,12,*,*,6,*,*,*,Male,*,<=50K,17602
4,26,*,*,13,*,*,*,Male,*,>50K,17603
4,13,*,*,7,*,*,*,Female,*,<=50K,17606
4,26,*,*,13,*,*,*,Male,*,<=50K,17607
4,20,*,*,10,*,*,*,Male,*,<=50K,17608
4,18,*,*,9,*,*,*,Male,*,<=50K,17610
4,17,*,*,9,*,*,*,Female,*,<=50K,17611
4,18,*,*,9,*,*,*,Male,*,<=50K,17612
4,17,*,*,9,*,*,*,Female,*,<=50K,17613
4,20,*,*,10,*,*,*,Male,*,<=50K,17614
4,18,*,*,9,*,*,*,Male,*,<=50K,17615
4,23,*,*,12,*,*,*,Female,*,<=50K,17616
4,28,*,*,14,*,*,*,Male,*,<=50K,17620
4,26,*,*,13,*,*,*,Male,*,<=50K,17621
4,27,*,*,14,*,*,*,Female,*,>50K,17622
4,20,*,*,10,*,*,*,Male,*,>50K,17623
4,20,*,*,10,*,*,*,Male,*,<=50K,17624
4,8,*,*,4,*,*,*,Male,*,<=50K,17625
4,24,*,*,12,*,*,*,Male,*,<=50K,17626
4,26,*,*,13,*,*,*,Male,*,>50K,17627
4,26,*,*,13,*,*,*,Male,*,>50K,17628
4,17,*,*,9,*,*,*,Female,*,<=50K,17629
4,24,*,*,12,*,*,*,Male,*,<=50K,17630
4,18,*,*,9,*,*,*,Male,*,>50K,17631
4,25,*,*,13,*,*,*,Female,*,<=50K,17632
4,9,*,*,5,*,*,*,Female,*,<=50K,17633
4,28,*,*,14,*,*,*,Male,*,>50K,17634
4,8,*,*,4,*,*,*,Male,*,<=50K,17635
4,9,*,*,5,*,*,*,Female,*,<=50K,17636
4,16,*,*,8,*,*,*,Male,*,<=50K,17637
4,18,*,*,9,*,*,*,Male,*,<=50K,17638
4,17,*,*,9,*,*,*,Female,*,<=50K,17641
4,28,*,*,14,*,*,*,Male,*,>50K,17642
4,25,*,*,13,*,*,*,Female,*,>50K,17644
4,8,*,*,4,*,*,*,Male,*,<=50K,17645
4,17,*,*,9,*,*,*,Female,*,<=50K,17646
4,22,*,*,11,*,*,*,Male,*,<=50K,17648
4,20,*,*,10,*,*,*,Male,*,<=50K,17649
4,16,*,*,8,*,*,*,Male,*,<=50K,17650
4,26,*,*,13,*,*,*,Male,*,>50K,17651
4,25,*,*,13,*,*,*,Female,*,>50K,17652
4,18,*,*,9,*,*,*,Male,*,<=50K,17653
4,12,*,*,6,*,*,*,Male,*,<=50K,17654
4,20,*,*,10,*,*,*,Male,*,<=50K,17655
4,20,*,*,10,*,*,*,Male,*,<=50K,17656
4,18,*,*,9,*,*,*,Male,*,<=50K,17657
4,18,*,*,9,*,*,*,Male,*,<=50K,17658
4,17,*,*,9,*,*,*,Female,*,<=50K,17659
4,13,*,*,7,*,*,*,Female,*,<=50K,17660
4,26,*,*,13,*,*,*,Male,*,>50K,17661
4,26,*,*,13,*,*,*,Male,*,>50K,17663
4,28,*,*,14,*,*,*,Male,*,>50K,17664
4,25,*,*,13,*,*,*,Female,*,<=50K,17665
4,18,*,*,9,*,*,*,Male,*,<=50K,17666
4,26,*,*,13,*,*,*,Male,*,<=50K,17667
4,20,*,*,10,*,*,*,Male,*,>50K,17668
4,18,*,*,9,*,*,*,Male,*,>50K,17671
4,19,*,*,10,*,*,*,Female,*,<=50K,17672
4,16,*,*,8,*,*,*,Male,*,<=50K,17673
4,20,*,*,10,*,*,*,Male,*,<=50K,17675
4,23,*,*,12,*,*,*,Female,*,<=50K,17677
4,18,*,*,9,*,*,*,Male,*,<=50K,17678
4,21,*,*,11,*,*,*,Female,*,<=50K,17680
4,18,*,*,9,*,*,*,Male,*,<=50K,17681
4,18,*,*,9,*,*,*,Male,*,<=50K,17682
4,26,*,*,13,*,*,*,Male,*,>50K,17683
4,13,*,*,7,*,*,*,Female,*,<=50K,17685
4,20,*,*,10,*,*,*,Male,*,<=50K,17686
4,19,*,*,10,*,*,*,Female,*,<=50K,17687
4,25,*,*,13,*,*,*,Female,*,<=50K,17689
4,18,*,*,9,*,*,*,Male,*,<=50K,17691
4,20,*,*,10,*,*,*,Male,*,<=50K,17692
4,13,*,*,7,*,*,*,Female,*,<=50K,17694
4,24,*,*,12,*,*,*,Male,*,>50K,17695
4,20,*,*,10,*,*,*,Male,*,<=50K,17696
4,10,*,*,5,*,*,*,Male,*,<=50K,17697
4,25,*,*,13,*,*,*,Female,*,<=50K,17698
4,18,*,*,9,*,*,*,Male,*,>50K,17699
4,19,*,*,10,*,*,*,Female,*,<=50K,17700
4,18,*,*,9,*,*,*,Male,*,<=50K,17701
4,18,*,*,9,*,*,*,Male,*,<=50K,17703
4,25,*,*,13,*,*,*,Female,*,<=50K,17704
4,21,*,*,11,*,*,*,Female,*,<=50K,17705
4,18,*,*,9,*,*,*,Male,*,<=50K,17706
4,17,*,*,9,*,*,*,Female,*,<=50K,17707
4,26,*,*,13,*,*,*,Male,*,<=50K,17708
4,10,*,*,5,*,*,*,Male,*,<=50K,17709
4,18,*,*,9,*,*,*,Male,*,>50K,17711
4,26,*,*,13,*,*,*,Male,*,>50K,17712
4,26,*,*,13,*,*,*,Male,*,<=50K,17713
4,18,*,*,9,*,*,*,Male,*,>50K,17714
4,22,*,*,11,*,*,*,Male,*,<=50K,17715
4,21,*,*,11,*,*,*,Female,*,<=50K,17717
4,18,*,*,9,*,*,*,Male,*,>50K,17718
4,14,*,*,7,*,*,*,Male,*,<=50K,17720
4,18,*,*,9,*,*,*,Male,*,<=50K,17723
4,6,*,*,3,*,*,*,Male,*,<=50K,17724
4,18,*,*,9,*,*,*,Male,*,>50K,17725
4,18,*,*,9,*,*,*,Male,*,<=50K,17726
4,26,*,*,13,*,*,*,Male,*,<=50K,17727
4,12,*,*,6,*,*,*,Male,*,<=50K,17731
4,24,*,*,12,*,*,*,Male,*,<=50K,17732
4,26,*,*,13,*,*,*,Male,*,<=50K,17733
4,17,*,*,9,*,*,*,Female,*,<=50K,17734
4,19,*,*,10,*,*,*,Female,*,<=50K,17735
4,12,*,*,6,*,*,*,Male,*,<=50K,17736
4,19,*,*,10,*,*,*,Female,*,<=50K,17738
4,17,*,*,9,*,*,*,Female,*,<=50K,17739
4,25,*,*,13,*,*,*,Female,*,<=50K,17740
4,17,*,*,9,*,*,*,Female,*,<=50K,17741
4,17,*,*,9,*,*,*,Female,*,<=50K,17742
4,18,*,*,9,*,*,*,Male,*,<=50K,17744
4,20,*,*,10,*,*,*,Male,*,<=50K,17745
4,17,*,*,9,*,*,*,Female,*,<=50K,17746
4,20,*,*,10,*,*,*,Male,*,>50K,17747
4,20,*,*,10,*,*,*,Male,*,>50K,17748
4,29,*,*,15,*,*,*,Female,*,>50K,17749
4,18,*,*,9,*,*,*,Male,*,<=50K,17752
4,18,*,*,9,*,*,*,Male,*,<=50K,17753
4,18,*,*,9,*,*,*,Male,*,<=50K,17754
4,19,*,*,10,*,*,*,Female,*,<=50K,17755
4,17,*,*,9,*,*,*,Female,*,<=50K,17756
4,31,*,*,16,*,*,*,Female,*,>50K,17757
4,20,*,*,10,*,*,*,Male,*,>50K,17758
4,18,*,*,9,*,*,*,Male,*,<=50K,17759
4,10,*,*,5,*,*,*,Male,*,<=50K,17760
4,10,*,*,5,*,*,*,Male,*,<=50K,17761
4,17,*,*,9,*,*,*,Female,*,<=50K,17762
4,28,*,*,14,*,*,*,Male,*,<=50K,17763
4,22,*,*,11,*,*,*,Male,*,<=50K,17764
4,18,*,*,9,*,*,*,Male,*,<=50K,17765
4,17,*,*,9,*,*,*,Female,*,<=50K,17766
4,17,*,*,9,*,*,*,Female,*,<=50K,17767
4,19,*,*,10,*,*,*,Female,*,<=50K,17769
4,17,*,*,9,*,*,*,Female,*,<=50K,17770
4,25,*,*,13,*,*,*,Female,*,<=50K,17771
4,14,*,*,7,*,*,*,Male,*,<=50K,17772
4,26,*,*,13,*,*,*,Male,*,>50K,17774
4,20,*,*,10,*,*,*,Male,*,<=50K,17776
4,19,*,*,10,*,*,*,Female,*,<=50K,17779
4,19,*,*,10,*,*,*,Female,*,<=50K,17782
4,26,*,*,13,*,*,*,Male,*,<=50K,17783
4,18,*,*,9,*,*,*,Male,*,>50K,17784
4,22,*,*,11,*,*,*,Male,*,<=50K,17785
4,20,*,*,10,*,*,*,Male,*,<=50K,17786
4,22,*,*,11,*,*,*,Male,*,<=50K,17788
4,26,*,*,13,*,*,*,Male,*,<=50K,17789
4,13,*,*,7,*,*,*,Female,*,<=50K,17790
4,30,*,*,15,*,*,*,Male,*,>50K,17791
4,26,*,*,13,*,*,*,Male,*,>50K,17792
4,19,*,*,10,*,*,*,Female,*,<=50K,17795
4,20,*,*,10,*,*,*,Male,*,<=50K,17796
4,26,*,*,13,*,*,*,Male,*,<=50K,17797
4,20,*,*,10,*,*,*,Male,*,<=50K,17798
4,26,*,*,13,*,*,*,Male,*,>50K,17799
4,18,*,*,9,*,*,*,Male,*,<=50K,17800
4,26,*,*,13,*,*,*,Male,*,<=50K,17801
4,22,*,*,11,*,*,*,Male,*,<=50K,17802
4,19,*,*,10,*,*,*,Female,*,>50K,17803
4,17,*,*,9,*,*,*,Female,*,<=50K,17804
4,27,*,*,14,*,*,*,Female,*,<=50K,17806
4,19,*,*,10,*,*,*,Female,*,<=50K,17807
4,12,*,*,6,*,*,*,Male,*,<=50K,17808
4,18,*,*,9,*,*,*,Male,*,<=50K,17809
4,19,*,*,10,*,*,*,Female,*,<=50K,17811
4,26,*,*,13,*,*,*,Male,*,>50K,17812
4,18,*,*,9,*,*,*,Male,*,>50K,17813
4,18,*,*,9,*,*,*,Male,*,>50K,17814
4,26,*,*,13,*,*,*,Male,*,>50K,17816
4,25,*,*,13,*,*,*,Female,*,<=50K,17817
4,20,*,*,10,*,*,*,Male,*,<=50K,17819
4,20,*,*,10,*,*,*,Male,*,>50K,17820
4,18,*,*,9,*,*,*,Male,*,<=50K,17821
4,26,*,*,13,*,*,*,Male,*,>50K,17822
4,19,*,*,10,*,*,*,Female,*,<=50K,17823
4,28,*,*,14,*,*,*,Male,*,<=50K,17825
4,17,*,*,9,*,*,*,Female,*,<=50K,17826
4,20,*,*,10,*,*,*,Male,*,<=50K,17828
4,18,*,*,9,*,*,*,Male,*,<=50K,17829
4,18,*,*,9,*,*,*,Male,*,<=50K,17830
4,20,*,*,10,*,*,*,Male,*,<=50K,17831
4,25,*,*,13,*,*,*,Female,*,<=50K,17832
4,18,*,*,9,*,*,*,Male,*,<=50K,17833
4,26,*,*,13,*,*,*,Male,*,>50K,17835
4,14,*,*,7,*,*,*,Male,*,<=50K,17836
4,25,*,*,13,*,*,*,Female,*,>50K,17837
4,20,*,*,10,*,*,*,Male,*,>50K,17838
4,18,*,*,9,*,*,*,Male,*,<=50K,17839
4,8,*,*,4,*,*,*,Male,*,<=50K,17840
4,20,*,*,10,*,*,*,Male,*,<=50K,17841
4,17,*,*,9,*,*,*,Female,*,<=50K,17842
4,17,*,*,9,*,*,*,Female,*,<=50K,17843
4,7,*,*,4,*,*,*,Female,*,<=50K,17844
4,20,*,*,10,*,*,*,Male,*,<=50K,17845
4,18,*,*,9,*,*,*,Male,*,<=50K,17846
4,25,*,*,13,*,*,*,Female,*,<=50K,17848
4,28,*,*,14,*,*,*,Male,*,<=50K,17849
4,18,*,*,9,*,*,*,Male,*,>50K,17850
4,17,*,*,9,*,*,*,Female,*,<=50K,17851
4,18,*,*,9,*,*,*,Male,*,<=50K,17852
4,20,*,*,10,*,*,*,Male,*,<=50K,17853
4,18,*,*,9,*,*,*,Male,*,>50K,17854
4,18,*,*,9,*,*,*,Male,*,<=50K,17855
4,26,*,*,13,*,*,*,Male,*,<=50K,17856
4,8,*,*,4,*,*,*,Male,*,<=50K,17857
4,21,*,*,11,*,*,*,Female,*,<=50K,17859
4,18,*,*,9,*,*,*,Male,*,<=50K,17860
4,5,*,*,3,*,*,*,Female,*,<=50K,17861
4,17,*,*,9,*,*,*,Female,*,<=50K,17862
4,20,*,*,10,*,*,*,Male,*,<=50K,17863
4,18,*,*,9,*,*,*,Male,*,<=50K,17864
4,26,*,*,13,*,*,*,Male,*,<=50K,17865
4,26,*,*,13,*,*,*,Male,*,>50K,17866
4,24,*,*,12,*,*,*,Male,*,>50K,17869
4,18,*,*,9,*,*,*,Male,*,<=50K,17870
4,16,*,*,8,*,*,*,Male,*,<=50K,17871
4,18,*,*,9,*,*,*,Male,*,<=50K,17872
4,26,*,*,13,*,*,*,Male,*,>50K,17873
4,20,*,*,10,*,*,*,Male,*,<=50K,17874
4,11,*,*,6,*,*,*,Female,*,<=50K,17876
4,28,*,*,14,*,*,*,Male,*,>50K,17878
4,20,*,*,10,*,*,*,Male,*,<=50K,17879
4,18,*,*,9,*,*,*,Male,*,<=50K,17880
4,19,*,*,10,*,*,*,Female,*,<=50K,17881
4,20,*,*,10,*,*,*,Male,*,<=50K,17882
4,18,*,*,9,*,*,*,Male,*,>50K,17883
4,18,*,*,9,*,*,*,Male,*,<=50K,17884
4,18,*,*,9,*,*,*,Male,*,<=50K,17886
4,18,*,*,9,*,*,*,Male,*,<=50K,17887
4,18,*,*,9,*,*,*,Male,*,<=50K,17888
4,19,*,*,10,*,*,*,Female,*,<=50K,17890
4,26,*,*,13,*,*,*,Male,*,<=50K,17891
4,17,*,*,9,*,*,*,Female,*,<=50K,17892
4,23,*,*,12,*,*,*,Female,*,<=50K,17893
4,20,*,*,10,*,*,*,Male,*,<=50K,17894
4,14,*,*,7,*,*,*,Male,*,<=50K,17896
4,14,*,*,7,*,*,*,Male,*,<=50K,17897
4,19,*,*,10,*,*,*,Female,*,<=50K,17898
4,25,*,*,13,*,*,*,Female,*,<=50K,17899
4,18,*,*,9,*,*,*,Male,*,>50K,17900
4,31,*,*,16,*,*,*,Female,*,<=50K,17901
4,19,*,*,10,*,*,*,Female,*,<=50K,17902
4,7,*,*,4,*,*,*,Female,*,<=50K,17903
4,18,*,*,9,*,*,*,Male,*,<=50K,17904
4,20,*,*,10,*,*,*,Male,*,<=50K,17905
4,20,*,*,10,*,*,*,Male,*,<=50K,17906
4,28,*,*,14,*,*,*,Male,*,>50K,17907
4,17,*,*,9,*,*,*,Female,*,<=50K,17908
4,21,*,*,11,*,*,*,Female,*,<=50K,17911
4,22,*,*,11,*,*,*,Male,*,<=50K,17913
4,20,*,*,10,*,*,*,Male,*,<=50K,17915
4,14,*,*,7,*,*,*,Male,*,<=50K,17916
4,18,*,*,9,*,*,*,Male,*,<=50K,17917
4,18,*,*,9,*,*,*,Male,*,<=50K,17919
4,12,*,*,6,*,*,*,Male,*,<=50K,17921
4,22,*,*,11,*,*,*,Male,*,>50K,17923
4,26,*,*,13,*,*,*,Male,*,>50K,17924
4,26,*,*,13,*,*,*,Male,*,>50K,17926
4,17,*,*,9,*,*,*,Female,*,<=50K,17927
4,17,*,*,9,*,*,*,Female,*,<=50K,17928
4,6,*,*,3,*,*,*,Male,*,<=50K,17929
4,21,*,*,11,*,*,*,Female,*,<=50K,17930
4,17,*,*,9,*,*,*,Female,*,<=50K,17933
4,24,*,*,12,*,*,*,Male,*,>50K,17934
4,17,*,*,9,*,*,*,Female,*,<=50K,17935
4,20,*,*,10,*,*,*,Male,*,<=50K,17936
4,22,*,*,11,*,*,*,Male,*,<=50K,17938
4,18,*,*,9,*,*,*,Male,*,<=50K,17939
4,18,*,*,9,*,*,*,Male,*,<=50K,17940
4,28,*,*,14,*,*,*,Male,*,<=50K,17941
4,26,*,*,13,*,*,*,Male,*,<=50K,17942
4,26,*,*,13,*,*,*,Male,*,>50K,17943
4,26,*,*,13,*,*,*,Male,*,<=50K,17944
4,14,*,*,7,*,*,*,Male,*,<=50K,17945
4,18,*,*,9,*,*,*,Male,*,<=50K,17946
4,26,*,*,13,*,*,*,Male,*,>50K,17947
4,17,*,*,9,*,*,*,Female,*,<=50K,17948
4,20,*,*,10,*,*,*,Male,*,>50K,17949
4,28,*,*,14,*,*,*,Male,*,>50K,17950
4,18,*,*,9,*,*,*,Male,*,<=50K,17953
4,26,*,*,13,*,*,*,Male,*,<=50K,17955
4,20,*,*,10,*,*,*,Male,*,<=50K,17958
4,27,*,*,14,*,*,*,Female,*,>50K,17959
4,20,*,*,10,*,*,*,Male,*,<=50K,17960
4,21,*,*,11,*,*,*,Female,*,<=50K,17961
4,18,*,*,9,*,*,*,Male,*,<=50K,17962
4,10,*,*,5,*,*,*,Male,*,<=50K,17963
4,3,*,*,2,*,*,*,Female,*,<=50K,17964
4,18,*,*,9,*,*,*,Male,*,<=50K,17966
4,6,*,*,3,*,*,*,Male,*,<=50K,17967
4,17,*,*,9,*,*,*,Female,*,<=50K,17968
4,28,*,*,14,*,*,*,Male,*,>50K,17969
4,19,*,*,10,*,*,*,Female,*,<=50K,17970
4,18,*,*,9,*,*,*,Male,*,<=50K,17971
4,18,*,*,9,*,*,*,Male,*,<=50K,17972
4,18,*,*,9,*,*,*,Male,*,<=50K,17973
4,14,*,*,7,*,*,*,Male,*,<=50K,17974
4,18,*,*,9,*,*,*,Male,*,<=50K,17975
4,19,*,*,10,*,*,*,Female,*,<=50K,17976
4,25,*,*,13,*,*,*,Female,*,<=50K,17977
4,13,*,*,7,*,*,*,Female,*,<=50K,17978
4,25,*,*,13,*,*,*,Female,*,<=50K,17979
4,11,*,*,6,*,*,*,Female,*,<=50K,17980
4,25,*,*,13,*,*,*,Female,*,<=50K,17981
4,25,*,*,13,*,*,*,Female,*,>50K,17982
4,18,*,*,9,*,*,*,Male,*,<=50K,17983
4,18,*,*,9,*,*,*,Male,*,<=50K,17984
4,18,*,*,9,*,*,*,Male,*,<=50K,17985
4,26,*,*,13,*,*,*,Male,*,<=50K,17989
4,23,*,*,12,*,*,*,Female,*,<=50K,17991
4,28,*,*,14,*,*,*,Male,*,>50K,17993
4,20,*,*,10,*,*,*,Male,*,<=50K,17994
4,18,*,*,9,*,*,*,Male,*,<=50K,17995
4,25,*,*,13,*,*,*,Female,*,>50K,17997
4,18,*,*,9,*,*,*,Male,*,<=50K,17998
4,26,*,*,13,*,*,*,Male,*,>50K,18000
4,18,*,*,9,*,*,*,Male,*,<=50K,18001
4,18,*,*,9,*,*,*,Male,*,<=50K,18002
4,20,*,*,10,*,*,*,Male,*,<=50K,18003
4,20,*,*,10,*,*,*,Male,*,<=50K,18005
4,18,*,*,9,*,*,*,Male,*,<=50K,18006
4,18,*,*,9,*,*,*,Male,*,<=50K,18008
4,25,*,*,13,*,*,*,Female,*,<=50K,18009
4,25,*,*,13,*,*,*,Female,*,<=50K,18011
4,4,*,*,2,*,*,*,Male,*,<=50K,18012
4,20,*,*,10,*,*,*,Male,*,<=50K,18014
4,18,*,*,9,*,*,*,Male,*,<=50K,18015
4,19,*,*,10,*,*,*,Female,*,<=50K,18016
4,18,*,*,9,*,*,*,Male,*,<=50K,18017
4,20,*,*,10,*,*,*,Male,*,<=50K,18018
4,12,*,*,6,*,*,*,Male,*,<=50K,18019
4,12,*,*,6,*,*,*,Male,*,<=50K,18020
4,18,*,*,9,*,*,*,Male,*,<=50K,18021
4,19,*,*,10,*,*,*,Female,*,<=50K,18022
4,20,*,*,10,*,*,*,Male,*,<=50K,18023
4,25,*,*,13,*,*,*,Female,*,<=50K,18024
4,18,*,*,9,*,*,*,Male,*,<=50K,18025
4,18,*,*,9,*,*,*,Male,*,>50K,18027
4,18,*,*,9,*,*,*,Male,*,<=50K,18028
4,17,*,*,9,*,*,*,Female,*,<=50K,18029
4,19,*,*,10,*,*,*,Female,*,>50K,18030
4,14,*,*,7,*,*,*,Male,*,<=50K,18031
4,19,*,*,10,*,*,*,Female,*,<=50K,18032
4,19,*,*,10,*,*,*,Female,*,<=50K,18033
4,19,*,*,10,*,*,*,Female,*,<=50K,18034
4,7,*,*,4,*,*,*,Female,*,<=50K,18035
4,20,*,*,10,*,*,*,Male,*,<=50K,18036
4,8,*,*,4,*,*,*,Male,*,<=50K,18037
4,19,*,*,10,*,*,*,Female,*,<=50K,18038
4,11,*,*,6,*,*,*,Female,*,<=50K,18040
4,19,*,*,10,*,*,*,Female,*,<=50K,18042
4,20,*,*,10,*,*,*,Male,*,<=50K,18044
4,28,*,*,14,*,*,*,Male,*,>50K,18045
4,12,*,*,6,*,*,*,Male,*,<=50K,18046
4,18,*,*,9,*,*,*,Male,*,<=50K,18047
4,18,*,*,9,*,*,*,Male,*,<=50K,18048
4,20,*,*,10,*,*,*,Male,*,>50K,18050
4,20,*,*,10,*,*,*,Male,*,>50K,18051
4,18,*,*,9,*,*,*,Male,*,<=50K,18053
4,18,*,*,9,*,*,*,Male,*,<=50K,18054
4,21,*,*,11,*,*,*,Female,*,<=50K,18056
4,20,*,*,10,*,*,*,Male,*,>50K,18057
4,28,*,*,14,*,*,*,Male,*,>50K,18058
4,18,*,*,9,*,*,*,Male,*,<=50K,18060
4,17,*,*,9,*,*,*,Female,*,<=50K,18061
4,26,*,*,13,*,*,*,Male,*,>50K,18063
4,18,*,*,9,*,*,*,Male,*,<=50K,18064
4,17,*,*,9,*,*,*,Female,*,<=50K,18066
4,18,*,*,9,*,*,*,Male,*,>50K,18068
4,26,*,*,13,*,*,*,Male,*,<=50K,18069
4,18,*,*,9,*,*,*,Male,*,<=50K,18070
4,20,*,*,10,*,*,*,Male,*,<=50K,18072
4,18,*,*,9,*,*,*,Male,*,>50K,18073
4,20,*,*,10,*,*,*,Male,*,<=50K,18074
4,31,*,*,16,*,*,*,Female,*,<=50K,18075
4,20,*,*,10,*,*,*,Male,*,<=50K,18076
4,17,*,*,9,*,*,*,Female,*,<=50K,18077
4,25,*,*,13,*,*,*,Female,*,<=50K,18080
4,18,*,*,9,*,*,*,Male,*,<=50K,18081
4,25,*,*,13,*,*,*,Female,*,<=50K,18083
4,26,*,*,13,*,*,*,Male,*,<=50K,18084
4,17,*,*,9,*,*,*,Female,*,<=50K,18085
4,12,*,*,6,*,*,*,Male,*,<=50K,18086
4,18,*,*,9,*,*,*,Male,*,<=50K,18087
4,12,*,*,6,*,*,*,Male,*,<=50K,18089
4,28,*,*,14,*,*,*,Male,*,>50K,18091
4,25,*,*,13,*,*,*,Female,*,<=50K,18093
4,14,*,*,7,*,*,*,Male,*,<=50K,18094
4,18,*,*,9,*,*,*,Male,*,>50K,18095
4,23,*,*,12,*,*,*,Female,*,<=50K,18096
4,18,*,*,9,*,*,*,Male,*,<=50K,18098
4,17,*,*,9,*,*,*,Female,*,<=50K,18099
4,20,*,*,10,*,*,*,Male,*,<=50K,18100
4,26,*,*,13,*,*,*,Male,*,>50K,18101
4,20,*,*,10,*,*,*,Male,*,<=50K,18102
4,27,*,*,14,*,*,*,Female,*,>50K,18103
4,20,*,*,10,*,*,*,Male,*,<=50K,18104
4,25,*,*,13,*,*,*,Female,*,<=50K,18105
4,26,*,*,13,*,*,*,Male,*,<=50K,18106
4,20,*,*,10,*,*,*,Male,*,<=50K,18107
4,17,*,*,9,*,*,*,Female,*,<=50K,18108
4,17,*,*,9,*,*,*,Female,*,<=50K,18109
4,6,*,*,3,*,*,*,Male,*,<=50K,18110
4,25,*,*,13,*,*,*,Female,*,<=50K,18111
4,11,*,*,6,*,*,*,Female,*,<=50K,18113
4,26,*,*,13,*,*,*,Male,*,>50K,18115
4,17,*,*,9,*,*,*,Female,*,<=50K,18116
4,25,*,*,13,*,*,*,Female,*,<=50K,18118
4,18,*,*,9,*,*,*,Male,*,<=50K,18119
4,21,*,*,11,*,*,*,Female,*,<=50K,18120
4,25,*,*,13,*,*,*,Female,*,<=50K,18122
4,12,*,*,6,*,*,*,Male,*,<=50K,18123
4,18,*,*,9,*,*,*,Male,*,>50K,18125
4,18,*,*,9,*,*,*,Male,*,<=50K,18126
4,19,*,*,10,*,*,*,Female,*,<=50K,18128
4,20,*,*,10,*,*,*,Male,*,<=50K,18129
4,20,*,*,10,*,*,*,Male,*,<=50K,18130
4,18,*,*,9,*,*,*,Male,*,<=50K,18134
4,18,*,*,9,*,*,*,Male,*,<=50K,18135
4,18,*,*,9,*,*,*,Male,*,>50K,18136
4,19,*,*,10,*,*,*,Female,*,<=50K,18137
4,18,*,*,9,*,*,*,Male,*,<=50K,18138
4,19,*,*,10,*,*,*,Female,*,<=50K,18139
4,26,*,*,13,*,*,*,Male,*,>50K,18140
4,25,*,*,13,*,*,*,Female,*,<=50K,18142
4,17,*,*,9,*,*,*,Female,*,<=50K,18143
4,23,*,*,12,*,*,*,Female,*,<=50K,18145
4,18,*,*,9,*,*,*,Male,*,<=50K,18146
4,18,*,*,9,*,*,*,Male,*,>50K,18147
4,18,*,*,9,*,*,*,Male,*,<=50K,18148
4,20,*,*,10,*,*,*,Male,*,<=50K,18149
4,17,*,*,9,*,*,*,Female,*,>50K,18150
4,18,*,*,9,*,*,*,Male,*,<=50K,18151
4,8,*,*,4,*,*,*,Male,*,<=50K,18152
4,7,*,*,4,*,*,*,Female,*,<=50K,18153
4,18,*,*,9,*,*,*,Male,*,>50K,18155
4,12,*,*,6,*,*,*,Male,*,<=50K,18157
4,17,*,*,9,*,*,*,Female,*,<=50K,18158
4,17,*,*,9,*,*,*,Female,*,<=50K,18159
4,20,*,*,10,*,*,*,Male,*,>50K,18161
4,28,*,*,14,*,*,*,Male,*,<=50K,18162
4,32,*,*,16,*,*,*,Male,*,>50K,18163
4,26,*,*,13,*,*,*,Male,*,<=50K,18164
4,18,*,*,9,*,*,*,Male,*,<=50K,18165
4,26,*,*,13,*,*,*,Male,*,>50K,18166
4,14,*,*,7,*,*,*,Male,*,<=50K,18167
4,25,*,*,13,*,*,*,Female,*,<=50K,18168
4,18,*,*,9,*,*,*,Male,*,<=50K,18169
4,18,*,*,9,*,*,*,Male,*,<=50K,18170
4,17,*,*,9,*,*,*,Female,*,<=50K,18171
4,8,*,*,4,*,*,*,Male,*,<=50K,18172
4,23,*,*,12,*,*,*,Female,*,<=50K,18173
4,5,*,*,3,*,*,*,Female,*,<=50K,18174
4,19,*,*,10,*,*,*,Female,*,<=50K,18175
4,20,*,*,10,*,*,*,Male,*,<=50K,18177
4,18,*,*,9,*,*,*,Male,*,>50K,18179
4,18,*,*,9,*,*,*,Male,*,<=50K,18180
4,19,*,*,10,*,*,*,Female,*,<=50K,18182
4,18,*,*,9,*,*,*,Male,*,<=50K,18183
4,26,*,*,13,*,*,*,Male,*,<=50K,18184
4,26,*,*,13,*,*,*,Male,*,>50K,18185
4,28,*,*,14,*,*,*,Male,*,>50K,18186
4,17,*,*,9,*,*,*,Female,*,<=50K,18187
4,20,*,*,10,*,*,*,Male,*,>50K,18188
4,22,*,*,11,*,*,*,Male,*,<=50K,18189
4,18,*,*,9,*,*,*,Male,*,<=50K,18191
4,20,*,*,10,*,*,*,Male,*,<=50K,18192
4,22,*,*,11,*,*,*,Male,*,<=50K,18193
4,26,*,*,13,*,*,*,Male,*,<=50K,18194
4,25,*,*,13,*,*,*,Female,*,<=50K,18195
4,26,*,*,13,*,*,*,Male,*,<=50K,18196
4,17,*,*,9,*,*,*,Female,*,<=50K,18197
4,20,*,*,10,*,*,*,Male,*,<=50K,18198
4,20,*,*,10,*,*,*,Male,*,<=50K,18200
4,30,*,*,15,*,*,*,Male,*,>50K,18203
4,18,*,*,9,*,*,*,Male,*,<=50K,18205
4,20,*,*,10,*,*,*,Male,*,<=50K,18206
4,23,*,*,12,*,*,*,Female,*,<=50K,18207
4,18,*,*,9,*,*,*,Male,*,<=50K,18208
4,20,*,*,10,*,*,*,Male,*,<=50K,18209
4,17,*,*,9,*,*,*,Female,*,<=50K,18210
4,20,*,*,10,*,*,*,Male,*,<=50K,18211
4,25,*,*,13,*,*,*,Female,*,<=50K,18213
4,7,*,*,4,*,*,*,Female,*,<=50K,18214
4,6,*,*,3,*,*,*,Male,*,<=50K,18216
4,22,*,*,11,*,*,*,Male,*,>50K,18217
4,19,*,*,10,*,*,*,Female,*,<=50K,18218
4,18,*,*,9,*,*,*,Male,*,>50K,18219
4,12,*,*,6,*,*,*,Male,*,<=50K,18220
4,17,*,*,9,*,*,*,Female,*,<=50K,18221
4,17,*,*,9,*,*,*,Female,*,<=50K,18222
4,17,*,*,9,*,*,*,Female,*,<=50K,18223
4,18,*,*,9,*,*,*,Male,*,>50K,18224
4,20,*,*,10,*,*,*,Male,*,>50K,18225
4,26,*,*,13,*,*,*,Male,*,<=50K,18227
4,27,*,*,14,*,*,*,Female,*,<=50K,18228
4,21,*,*,11,*,*,*,Female,*,<=50K,18229
4,23,*,*,12,*,*,*,Female,*,<=50K,18231
4,28,*,*,14,*,*,*,Male,*,>50K,18232
4,18,*,*,9,*,*,*,Male,*,<=50K,18233
4,19,*,*,10,*,*,*,Female,*,<=50K,18235
4,22,*,*,11,*,*,*,Male,*,>50K,18236
4,18,*,*,9,*,*,*,Male,*,>50K,18237
4,17,*,*,9,*,*,*,Female,*,<=50K,18239
4,27,*,*,14,*,*,*,Female,*,>50K,18241
4,20,*,*,10,*,*,*,Male,*,<=50K,18242
4,13,*,*,7,*,*,*,Female,*,<=50K,18243
4,17,*,*,9,*,*,*,Female,*,<=50K,18244
4,21,*,*,11,*,*,*,Female,*,<=50K,18246
4,24,*,*,12,*,*,*,Male,*,>50K,18247
4,21,*,*,11,*,*,*,Female,*,>50K,18248
4,18,*,*,9,*,*,*,Male,*,<=50K,18249
4,18,*,*,9,*,*,*,Male,*,<=50K,18250
4,19,*,*,10,*,*,*,Female,*,>50K,18251
4,26,*,*,13,*,*,*,Male,*,>50K,18254
4,8,*,*,4,*,*,*,Male,*,<=50K,18255
4,9,*,*,5,*,*,*,Female,*,<=50K,18256
4,20,*,*,10,*,*,*,Male,*,<=50K,18257
4,24,*,*,12,*,*,*,Male,*,<=50K,18258
4,19,*,*,10,*,*,*,Female,*,<=50K,18259
4,20,*,*,10,*,*,*,Male,*,>50K,18260
4,14,*,*,7,*,*,*,Male,*,<=50K,18261
4,26,*,*,13,*,*,*,Male,*,>50K,18262
4,19,*,*,10,*,*,*,Female,*,<=50K,18263
4,18,*,*,9,*,*,*,Male,*,<=50K,18265
4,4,*,*,2,*,*,*,Male,*,<=50K,18266
4,26,*,*,13,*,*,*,Male,*,<=50K,18267
4,25,*,*,13,*,*,*,Female,*,<=50K,18269
4,26,*,*,13,*,*,*,Male,*,>50K,18271
4,21,*,*,11,*,*,*,Female,*,<=50K,18272
4,18,*,*,9,*,*,*,Male,*,>50K,18273
4,18,*,*,9,*,*,*,Male,*,<=50K,18274
4,18,*,*,9,*,*,*,Male,*,>50K,18275
4,19,*,*,10,*,*,*,Female,*,<=50K,18276
4,25,*,*,13,*,*,*,Female,*,<=50K,18277
4,18,*,*,9,*,*,*,Male,*,<=50K,18279
4,19,*,*,10,*,*,*,Female,*,<=50K,18281
4,20,*,*,10,*,*,*,Male,*,<=50K,18282
4,18,*,*,9,*,*,*,Male,*,<=50K,18283
4,20,*,*,10,*,*,*,Male,*,<=50K,18285
4,21,*,*,11,*,*,*,Female,*,<=50K,18286
4,31,*,*,16,*,*,*,Female,*,<=50K,18287
4,10,*,*,5,*,*,*,Male,*,<=50K,18290
4,17,*,*,9,*,*,*,Female,*,<=50K,18291
4,32,*,*,16,*,*,*,Male,*,>50K,18292
4,21,*,*,11,*,*,*,Female,*,<=50K,18293
4,17,*,*,9,*,*,*,Female,*,<=50K,18294
4,26,*,*,13,*,*,*,Male,*,>50K,18295
4,18,*,*,9,*,*,*,Male,*,<=50K,18296
4,20,*,*,10,*,*,*,Male,*,<=50K,18297
4,18,*,*,9,*,*,*,Male,*,<=50K,18299
4,20,*,*,10,*,*,*,Male,*,<=50K,18300
4,18,*,*,9,*,*,*,Male,*,<=50K,18301
4,22,*,*,11,*,*,*,Male,*,>50K,18302
4,18,*,*,9,*,*,*,Male,*,<=50K,18303
4,19,*,*,10,*,*,*,Female,*,<=50K,18304
4,27,*,*,14,*,*,*,Female,*,<=50K,18305
4,20,*,*,10,*,*,*,Male,*,<=50K,18306
4,19,*,*,10,*,*,*,Female,*,<=50K,18307
4,18,*,*,9,*,*,*,Male,*,>50K,18309
4,17,*,*,9,*,*,*,Female,*,<=50K,18310
4,20,*,*,10,*,*,*,Male,*,<=50K,18311
4,17,*,*,9,*,*,*,Female,*,<=50K,18312
4,23,*,*,12,*,*,*,Female,*,<=50K,18314
4,25,*,*,13,*,*,*,Female,*,<=50K,18315
4,30,*,*,15,*,*,*,Male,*,<=50K,18316
4,18,*,*,9,*,*,*,Male,*,<=50K,18319
4,26,*,*,13,*,*,*,Male,*,<=50K,18322
4,25,*,*,13,*,*,*,Female,*,<=50K,18323
4,20,*,*,10,*,*,*,Male,*,<=50K,18324
4,24,*,*,12,*,*,*,Male,*,<=50K,18325
4,7,*,*,4,*,*,*,Female,*,<=50K,18326
4,24,*,*,12,*,*,*,Male,*,<=50K,18327
4,25,*,*,13,*,*,*,Female,*,<=50K,18328
4,18,*,*,9,*,*,*,Male,*,<=50K,18330
4,20,*,*,10,*,*,*,Male,*,>50K,18331
4,20,*,*,10,*,*,*,Male,*,<=50K,18332
4,18,*,*,9,*,*,*,Male,*,>50K,18333
4,19,*,*,10,*,*,*,Female,*,<=50K,18335
4,28,*,*,14,*,*,*,Male,*,>50K,18336
4,17,*,*,9,*,*,*,Female,*,<=50K,18338
4,18,*,*,9,*,*,*,Male,*,<=50K,18340
4,23,*,*,12,*,*,*,Female,*,<=50K,18341
4,20,*,*,10,*,*,*,Male,*,<=50K,18342
4,26,*,*,13,*,*,*,Male,*,<=50K,18343
4,25,*,*,13,*,*,*,Female,*,<=50K,18344
4,18,*,*,9,*,*,*,Male,*,<=50K,18346
4,17,*,*,9,*,*,*,Female,*,<=50K,18347
4,16,*,*,8,*,*,*,Male,*,<=50K,18349
4,26,*,*,13,*,*,*,Male,*,<=50K,18350
4,8,*,*,4,*,*,*,Male,*,<=50K,18351
4,18,*,*,9,*,*,*,Male,*,>50K,18352
4,20,*,*,10,*,*,*,Male,*,<=50K,18353
4,16,*,*,8,*,*,*,Male,*,<=50K,18354
4,20,*,*,10,*,*,*,Male,*,<=50K,18355
4,26,*,*,13,*,*,*,Male,*,>50K,18357
4,18,*,*,9,*,*,*,Male,*,>50K,18358
4,18,*,*,9,*,*,*,Male,*,<=50K,18361
4,17,*,*,9,*,*,*,Female,*,<=50K,18362
4,7,*,*,4,*,*,*,Female,*,<=50K,18364
4,10,*,*,5,*,*,*,Male,*,<=50K,18365
4,15,*,*,8,*,*,*,Female,*,>50K,18367
4,14,*,*,7,*,*,*,Male,*,<=50K,18368
4,17,*,*,9,*,*,*,Female,*,<=50K,18369
4,19,*,*,10,*,*,*,Female,*,<=50K,18370
4,30,*,*,15,*,*,*,Male,*,>50K,18371
4,17,*,*,9,*,*,*,Female,*,>50K,18372
4,17,*,*,9,*,*,*,Female,*,<=50K,18373
4,12,*,*,6,*,*,*,Male,*,<=50K,18374
4,17,*,*,9,*,*,*,Female,*,<=50K,18375
4,17,*,*,9,*,*,*,Female,*,<=50K,18376
4,17,*,*,9,*,*,*,Female,*,<=50K,18378
4,18,*,*,9,*,*,*,Male,*,<=50K,18379
4,18,*,*,9,*,*,*,Male,*,<=50K,18380
4,16,*,*,8,*,*,*,Male,*,<=50K,18381
4,19,*,*,10,*,*,*,Female,*,<=50K,18383
4,18,*,*,9,*,*,*,Male,*,<=50K,18384
4,26,*,*,13,*,*,*,Male,*,>50K,18385
4,17,*,*,9,*,*,*,Female,*,<=50K,18386
4,20,*,*,10,*,*,*,Male,*,<=50K,18388
4,13,*,*,7,*,*,*,Female,*,<=50K,18389
4,6,*,*,3,*,*,*,Male,*,<=50K,18390
4,20,*,*,10,*,*,*,Male,*,<=50K,18391
4,12,*,*,6,*,*,*,Male,*,<=50K,18392
4,20,*,*,10,*,*,*,Male,*,<=50K,18393
4,26,*,*,13,*,*,*,Male,*,<=50K,18394
4,22,*,*,11,*,*,*,Male,*,<=50K,18395
4,17,*,*,9,*,*,*,Female,*,<=50K,18396
4,25,*,*,13,*,*,*,Female,*,<=50K,18397
4,26,*,*,13,*,*,*,Male,*,<=50K,18398
4,18,*,*,9,*,*,*,Male,*,<=50K,18399
4,26,*,*,13,*,*,*,Male,*,<=50K,18400
4,12,*,*,6,*,*,*,Male,*,<=50K,18401
4,30,*,*,15,*,*,*,Male,*,>50K,18402
4,14,*,*,7,*,*,*,Male,*,<=50K,18403
4,18,*,*,9,*,*,*,Male,*,<=50K,18408
4,17,*,*,9,*,*,*,Female,*,<=50K,18409
4,20,*,*,10,*,*,*,Male,*,<=50K,18411
4,20,*,*,10,*,*,*,Male,*,<=50K,18412
4,17,*,*,9,*,*,*,Female,*,<=50K,18413
4,8,*,*,4,*,*,*,Male,*,<=50K,18414
4,28,*,*,14,*,*,*,Male,*,<=50K,18415
4,25,*,*,13,*,*,*,Female,*,<=50K,18416
4,26,*,*,13,*,*,*,Male,*,>50K,18417
4,6,*,*,3,*,*,*,Male,*,<=50K,18418
4,19,*,*,10,*,*,*,Female,*,>50K,18419
4,20,*,*,10,*,*,*,Male,*,<=50K,18421
4,17,*,*,9,*,*,*,Female,*,<=50K,18423
4,17,*,*,9,*,*,*,Female,*,<=50K,18424
4,25,*,*,13,*,*,*,Female,*,<=50K,18425
4,26,*,*,13,*,*,*,Male,*,<=50K,18426
4,19,*,*,10,*,*,*,Female,*,<=50K,18427
4,20,*,*,10,*,*,*,Male,*,<=50K,18428
4,18,*,*,9,*,*,*,Male,*,<=50K,18429
4,19,*,*,10,*,*,*,Female,*,<=50K,18430
4,18,*,*,9,*,*,*,Male,*,<=50K,18431
4,18,*,*,9,*,*,*,Male,*,<=50K,18432
4,25,*,*,13,*,*,*,Female,*,<=50K,18433
4,26,*,*,13,*,*,*,Male,*,<=50K,18434
4,17,*,*,9,*,*,*,Female,*,<=50K,18435
4,17,*,*,9,*,*,*,Female,*,<=50K,18436
4,19,*,*,10,*,*,*,Female,*,<=50K,18437
4,17,*,*,9,*,*,*,Female,*,<=50K,18439
4,20,*,*,10,*,*,*,Male,*,<=50K,18441
4,13,*,*,7,*,*,*,Female,*,<=50K,18442
4,18,*,*,9,*,*,*,Male,*,>50K,18443
4,26,*,*,13,*,*,*,Male,*,<=50K,18444
4,19,*,*,10,*,*,*,Female,*,<=50K,18445
4,17,*,*,9,*,*,*,Female,*,<=50K,18447
4,18,*,*,9,*,*,*,Male,*,<=50K,18448
4,18,*,*,9,*,*,*,Male,*,<=50K,18449
4,25,*,*,13,*,*,*,Female,*,<=50K,18450
4,17,*,*,9,*,*,*,Female,*,<=50K,18451
4,16,*,*,8,*,*,*,Male,*,<=50K,18452
4,25,*,*,13,*,*,*,Female,*,<=50K,18453
4,19,*,*,10,*,*,*,Female,*,<=50K,18454
4,18,*,*,9,*,*,*,Male,*,<=50K,18455
4,17,*,*,9,*,*,*,Female,*,<=50K,18456
4,12,*,*,6,*,*,*,Male,*,<=50K,18457
4,25,*,*,13,*,*,*,Female,*,<=50K,18458
4,18,*,*,9,*,*,*,Male,*,<=50K,18460
4,19,*,*,10,*,*,*,Female,*,<=50K,18461
4,18,*,*,9,*,*,*,Male,*,<=50K,18462
4,28,*,*,14,*,*,*,Male,*,>50K,18463
4,17,*,*,9,*,*,*,Female,*,<=50K,18464
4,20,*,*,10,*,*,*,Male,*,<=50K,18465
4,18,*,*,9,*,*,*,Male,*,<=50K,18466
4,23,*,*,12,*,*,*,Female,*,<=50K,18467
4,26,*,*,13,*,*,*,Male,*,<=50K,18468
4,18,*,*,9,*,*,*,Male,*,<=50K,18469
4,26,*,*,13,*,*,*,Male,*,<=50K,18470
4,18,*,*,9,*,*,*,Male,*,<=50K,18471
4,18,*,*,9,*,*,*,Male,*,<=50K,18472
4,29,*,*,15,*,*,*,Female,*,<=50K,18473
4,12,*,*,6,*,*,*,Male,*,<=50K,18475
4,19,*,*,10,*,*,*,Female,*,<=50K,18476
4,32,*,*,16,*,*,*,Male,*,<=50K,18477
4,20,*,*,10,*,*,*,Male,*,>50K,18479
4,26,*,*,13,*,*,*,Male,*,<=50K,18480
4,27,*,*,14,*,*,*,Female,*,<=50K,18482
4,20,*,*,10,*,*,*,Male,*,>50K,18483
4,28,*,*,14,*,*,*,Male,*,<=50K,18485
4,20,*,*,10,*,*,*,Male,*,<=50K,18487
4,10,*,*,5,*,*,*,Male,*,<=50K,18488
4,21,*,*,11,*,*,*,Female,*,<=50K,18491
4,18,*,*,9,*,*,*,Male,*,<=50K,18492
4,17,*,*,9,*,*,*,Female,*,<=50K,18493
4,12,*,*,6,*,*,*,Male,*,<=50K,18494
4,17,*,*,9,*,*,*,Female,*,<=50K,18495
4,16,*,*,8,*,*,*,Male,*,<=50K,18496
4,18,*,*,9,*,*,*,Male,*,<=50K,18497
4,18,*,*,9,*,*,*,Male,*,<=50K,18498
4,23,*,*,12,*,*,*,Female,*,<=50K,18499
4,18,*,*,9,*,*,*,Male,*,>50K,18500
4,26,*,*,13,*,*,*,Male,*,<=50K,18501
4,18,*,*,9,*,*,*,Male,*,<=50K,18502
4,20,*,*,10,*,*,*,Male,*,>50K,18503
4,30,*,*,15,*,*,*,Male,*,>50K,18504
4,26,*,*,13,*,*,*,Male,*,>50K,18505
4,28,*,*,14,*,*,*,Male,*,<=50K,18508
4,18,*,*,9,*,*,*,Male,*,<=50K,18509
4,17,*,*,9,*,*,*,Female,*,>50K,18511
4,5,*,*,3,*,*,*,Female,*,<=50K,18512
4,30,*,*,15,*,*,*,Male,*,>50K,18514
4,18,*,*,9,*,*,*,Male,*,<=50K,18516
4,19,*,*,10,*,*,*,Female,*,<=50K,18517
4,8,*,*,4,*,*,*,Male,*,<=50K,18518
4,19,*,*,10,*,*,*,Female,*,<=50K,18519
4,28,*,*,14,*,*,*,Male,*,<=50K,18520
4,32,*,*,16,*,*,*,Male,*,>50K,18522
4,12,*,*,6,*,*,*,Male,*,<=50K,18523
4,25,*,*,13,*,*,*,Female,*,>50K,18524
4,25,*,*,13,*,*,*,Female,*,<=50K,18525
4,17,*,*,9,*,*,*,Female,*,<=50K,18526
4,10,*,*,5,*,*,*,Male,*,<=50K,18527
4,28,*,*,14,*,*,*,Male,*,<=50K,18528
4,32,*,*,16,*,*,*,Male,*,<=50K,18529
4,19,*,*,10,*,*,*,Female,*,>50K,18530
4,18,*,*,9,*,*,*,Male,*,<=50K,18531
4,20,*,*,10,*,*,*,Male,*,<=50K,18533
4,18,*,*,9,*,*,*,Male,*,<=50K,18534
4,20,*,*,10,*,*,*,Male,*,<=50K,18535
4,26,*,*,13,*,*,*,Male,*,<=50K,18536
4,27,*,*,14,*,*,*,Female,*,>50K,18537
4,24,*,*,12,*,*,*,Male,*,<=50K,18538
4,26,*,*,13,*,*,*,Male,*,>50K,18539
4,20,*,*,10,*,*,*,Male,*,<=50K,18540
4,26,*,*,13,*,*,*,Male,*,>50K,18541
4,17,*,*,9,*,*,*,Female,*,<=50K,18542
4,20,*,*,10,*,*,*,Male,*,<=50K,18543
4,18,*,*,9,*,*,*,Male,*,<=50K,18544
4,20,*,*,10,*,*,*,Male,*,>50K,18545
4,21,*,*,11,*,*,*,Female,*,<=50K,18546
4,24,*,*,12,*,*,*,Male,*,<=50K,18547
4,19,*,*,10,*,*,*,Female,*,<=50K,18548
4,19,*,*,10,*,*,*,Female,*,<=50K,18549
4,18,*,*,9,*,*,*,Male,*,<=50K,18550
4,18,*,*,9,*,*,*,Male,*,<=50K,18553
4,18,*,*,9,*,*,*,Male,*,>50K,18554
4,22,*,*,11,*,*,*,Male,*,<=50K,18555
4,24,*,*,12,*,*,*,Male,*,>50K,18558
4,18,*,*,9,*,*,*,Male,*,<=50K,18559
4,26,*,*,13,*,*,*,Male,*,>50K,18560
4,18,*,*,9,*,*,*,Male,*,<=50K,18561
4,25,*,*,13,*,*,*,Female,*,<=50K,18562
4,20,*,*,10,*,*,*,Male,*,>50K,18563
4,14,*,*,7,*,*,*,Male,*,<=50K,18565
4,26,*,*,13,*,*,*,Male,*,<=50K,18566
4,18,*,*,9,*,*,*,Male,*,<=50K,18568
4,26,*,*,13,*,*,*,Male,*,<=50K,18569
4,22,*,*,11,*,*,*,Male,*,<=50K,18570
4,20,*,*,10,*,*,*,Male,*,<=50K,18571
4,20,*,*,10,*,*,*,Male,*,>50K,18572
4,18,*,*,9,*,*,*,Male,*,<=50K,18573
4,9,*,*,5,*,*,*,Female,*,<=50K,18575
4,22,*,*,11,*,*,*,Male,*,<=50K,18576
4,17,*,*,9,*,*,*,Female,*,<=50K,18579
4,21,*,*,11,*,*,*,Female,*,<=50K,18580
4,30,*,*,15,*,*,*,Male,*,>50K,18581
4,18,*,*,9,*,*,*,Male,*,<=50K,18582
4,26,*,*,13,*,*,*,Male,*,<=50K,18583
4,24,*,*,12,*,*,*,Male,*,<=50K,18584
4,30,*,*,15,*,*,*,Male,*,<=50K,18585
4,24,*,*,12,*,*,*,Male,*,<=50K,18586
4,20,*,*,10,*,*,*,Male,*,<=50K,18587
4,18,*,*,9,*,*,*,Male,*,>50K,18588
4,22,*,*,11,*,*,*,Male,*,>50K,18589
4,26,*,*,13,*,*,*,Male,*,>50K,18590
4,25,*,*,13,*,*,*,Female,*,<=50K,18592
4,24,*,*,12,*,*,*,Male,*,<=50K,18594
4,20,*,*,10,*,*,*,Male,*,<=50K,18595
4,18,*,*,9,*,*,*,Male,*,<=50K,18596
4,25,*,*,13,*,*,*,Female,*,>50K,18597
4,18,*,*,9,*,*,*,Male,*,<=50K,18598
4,26,*,*,13,*,*,*,Male,*,>50K,18599
4,25,*,*,13,*,*,*,Female,*,<=50K,18600
4,25,*,*,13,*,*,*,Female,*,<=50K,18602
4,32,*,*,16,*,*,*,Male,*,>50K,18603
4,19,*,*,10,*,*,*,Female,*,<=50K,18604
4,18,*,*,9,*,*,*,Male,*,<=50K,18605
4,14,*,*,7,*,*,*,Male,*,<=50K,18607
4,26,*,*,13,*,*,*,Male,*,>50K,18609
4,17,*,*,9,*,*,*,Female,*,<=50K,18611
4,19,*,*,10,*,*,*,Female,*,<=50K,18612
4,20,*,*,10,*,*,*,Male,*,<=50K,18613
4,18,*,*,9,*,*,*,Male,*,<=50K,18615
4,12,*,*,6,*,*,*,Male,*,<=50K,18616
4,18,*,*,9,*,*,*,Male,*,<=50K,18618
4,8,*,*,4,*,*,*,Male,*,<=50K,18619
4,17,*,*,9,*,*,*,Female,*,<=50K,18620
4,26,*,*,13,*,*,*,Male,*,<=50K,18621
4,17,*,*,9,*,*,*,Female,*,<=50K,18623
4,18,*,*,9,*,*,*,Male,*,<=50K,18624
4,19,*,*,10,*,*,*,Female,*,<=50K,18625
4,20,*,*,10,*,*,*,Male,*,<=50K,18627
4,17,*,*,9,*,*,*,Female,*,<=50K,18628
4,19,*,*,10,*,*,*,Female,*,<=50K,18629
4,28,*,*,14,*,*,*,Male,*,>50K,18630
4,18,*,*,9,*,*,*,Male,*,<=50K,18633
4,20,*,*,10,*,*,*,Male,*,<=50K,18634
4,18,*,*,9,*,*,*,Male,*,<=50K,18635
4,20,*,*,10,*,*,*,Male,*,<=50K,18636
4,18,*,*,9,*,*,*,Male,*,>50K,18638
4,18,*,*,9,*,*,*,Male,*,<=50K,18639
4,20,*,*,10,*,*,*,Male,*,<=50K,18640
4,25,*,*,13,*,*,*,Female,*,<=50K,18642
4,18,*,*,9,*,*,*,Male,*,<=50K,18643
4,18,*,*,9,*,*,*,Male,*,<=50K,18644
4,19,*,*,10,*,*,*,Female,*,<=50K,18645
4,19,*,*,10,*,*,*,Female,*,<=50K,18647
4,26,*,*,13,*,*,*,Male,*,>50K,18648
4,17,*,*,9,*,*,*,Female,*,<=50K,18650
4,21,*,*,11,*,*,*,Female,*,<=50K,18651
4,18,*,*,9,*,*,*,Male,*,<=50K,18653
4,18,*,*,9,*,*,*,Male,*,<=50K,18654
4,26,*,*,13,*,*,*,Male,*,<=50K,18656
4,20,*,*,10,*,*,*,Male,*,<=50K,18657
4,18,*,*,9,*,*,*,Male,*,<=50K,18658
4,18,*,*,9,*,*,*,Male,*,<=50K,18660
4,17,*,*,9,*,*,*,Female,*,<=50K,18663
4,26,*,*,13,*,*,*,Male,*,<=50K,18664
4,8,*,*,4,*,*,*,Male,*,<=50K,18665
4,27,*,*,14,*,*,*,Female,*,>50K,18666
4,18,*,*,9,*,*,*,Male,*,<=50K,18667
4,17,*,*,9,*,*,*,Female,*,<=50K,18668
4,12,*,*,6,*,*,*,Male,*,<=50K,18669
4,24,*,*,12,*,*,*,Male,*,<=50K,18670
4,20,*,*,10,*,*,*,Male,*,>50K,18672
4,18,*,*,9,*,*,*,Male,*,<=50K,18673
4,26,*,*,13,*,*,*,Male,*,>50K,18674
4,20,*,*,10,*,*,*,Male,*,<=50K,18675
4,10,*,*,5,*,*,*,Male,*,<=50K,18676
4,25,*,*,13,*,*,*,Female,*,<=50K,18677
4,20,*,*,10,*,*,*,Male,*,<=50K,18678
4,18,*,*,9,*,*,*,Male,*,>50K,18679
4,23,*,*,12,*,*,*,Female,*,<=50K,18680
4,18,*,*,9,*,*,*,Male,*,<=50K,18681
4,26,*,*,13,*,*,*,Male,*,>50K,18682
4,25,*,*,13,*,*,*,Female,*,<=50K,18683
4,18,*,*,9,*,*,*,Male,*,<=50K,18684
4,17,*,*,9,*,*,*,Female,*,<=50K,18686
4,26,*,*,13,*,*,*,Male,*,<=50K,18687
4,19,*,*,10,*,*,*,Female,*,>50K,18689
4,18,*,*,9,*,*,*,Male,*,<=50K,18690
4,32,*,*,16,*,*,*,Male,*,<=50K,18691
4,20,*,*,10,*,*,*,Male,*,>50K,18693
4,26,*,*,13,*,*,*,Male,*,>50K,18694
4,18,*,*,9,*,*,*,Male,*,<=50K,18695
4,20,*,*,10,*,*,*,Male,*,<=50K,18696
4,17,*,*,9,*,*,*,Female,*,<=50K,18697
4,19,*,*,10,*,*,*,Female,*,<=50K,18698
4,12,*,*,6,*,*,*,Male,*,<=50K,18699
4,18,*,*,9,*,*,*,Male,*,>50K,18702
4,24,*,*,12,*,*,*,Male,*,>50K,18703
4,28,*,*,14,*,*,*,Male,*,>50K,18704
4,18,*,*,9,*,*,*,Male,*,<=50K,18705
4,22,*,*,11,*,*,*,Male,*,<=50K,18707
4,18,*,*,9,*,*,*,Male,*,<=50K,18708
4,18,*,*,9,*,*,*,Male,*,<=50K,18709
4,20,*,*,10,*,*,*,Male,*,<=50K,18710
4,19,*,*,10,*,*,*,Female,*,<=50K,18711
4,18,*,*,9,*,*,*,Male,*,>50K,18712
4,32,*,*,16,*,*,*,Male,*,>50K,18715
4,19,*,*,10,*,*,*,Female,*,<=50K,18716
4,6,*,*,3,*,*,*,Male,*,<=50K,18717
4,18,*,*,9,*,*,*,Male,*,<=50K,18718
4,18,*,*,9,*,*,*,Male,*,>50K,18719
4,20,*,*,10,*,*,*,Male,*,<=50K,18720
4,19,*,*,10,*,*,*,Female,*,<=50K,18721
4,6,*,*,3,*,*,*,Male,*,<=50K,18722
4,18,*,*,9,*,*,*,Male,*,<=50K,18723
4,20,*,*,10,*,*,*,Male,*,>50K,18725
4,8,*,*,4,*,*,*,Male,*,<=50K,18726
4,18,*,*,9,*,*,*,Male,*,<=50K,18728
4,26,*,*,13,*,*,*,Male,*,<=50K,18729
4,25,*,*,13,*,*,*,Female,*,<=50K,18731
4,14,*,*,7,*,*,*,Male,*,>50K,18732
4,31,*,*,16,*,*,*,Female,*,>50K,18733
4,25,*,*,13,*,*,*,Female,*,<=50K,18734
4,17,*,*,9,*,*,*,Female,*,<=50K,18735
4,18,*,*,9,*,*,*,Male,*,<=50K,18736
4,18,*,*,9,*,*,*,Male,*,<=50K,18737
4,26,*,*,13,*,*,*,Male,*,>50K,18738
4,18,*,*,9,*,*,*,Male,*,<=50K,18739
4,22,*,*,11,*,*,*,Male,*,<=50K,18740
4,20,*,*,10,*,*,*,Male,*,<=50K,18741
4,26,*,*,13,*,*,*,Male,*,<=50K,18742
4,26,*,*,13,*,*,*,Male,*,<=50K,18743
4,20,*,*,10,*,*,*,Male,*,<=50K,18744
4,5,*,*,3,*,*,*,Female,*,<=50K,18745
4,18,*,*,9,*,*,*,Male,*,<=50K,18747
4,18,*,*,9,*,*,*,Male,*,<=50K,18748
4,18,*,*,9,*,*,*,Male,*,<=50K,18749
4,17,*,*,9,*,*,*,Female,*,<=50K,18750
4,20,*,*,10,*,*,*,Male,*,<=50K,18751
4,11,*,*,6,*,*,*,Female,*,<=50K,18752
4,28,*,*,14,*,*,*,Male,*,>50K,18754
4,20,*,*,10,*,*,*,Male,*,<=50K,18755
4,26,*,*,13,*,*,*,Male,*,>50K,18756
4,19,*,*,10,*,*,*,Female,*,<=50K,18757
4,17,*,*,9,*,*,*,Female,*,<=50K,18758
4,17,*,*,9,*,*,*,Female,*,<=50K,18759
4,26,*,*,13,*,*,*,Male,*,<=50K,18760
4,26,*,*,13,*,*,*,Male,*,<=50K,18761
4,18,*,*,9,*,*,*,Male,*,<=50K,18762
4,17,*,*,9,*,*,*,Female,*,<=50K,18763
4,30,*,*,15,*,*,*,Male,*,<=50K,18764
4,25,*,*,13,*,*,*,Female,*,<=50K,18766
4,14,*,*,7,*,*,*,Male,*,<=50K,18767
4,22,*,*,11,*,*,*,Male,*,<=50K,18768
4,20,*,*,10,*,*,*,Male,*,<=50K,18769
4,19,*,*,10,*,*,*,Female,*,<=50K,18770
4,18,*,*,9,*,*,*,Male,*,<=50K,18771
4,20,*,*,10,*,*,*,Male,*,<=50K,18772
4,18,*,*,9,*,*,*,Male,*,<=50K,18774
4,25,*,*,13,*,*,*,Female,*,<=50K,18775
4,18,*,*,9,*,*,*,Male,*,<=50K,18776
4,12,*,*,6,*,*,*,Male,*,<=50K,18777
4,26,*,*,13,*,*,*,Male,*,>50K,18778
4,17,*,*,9,*,*,*,Female,*,<=50K,18780
4,13,*,*,7,*,*,*,Female,*,<=50K,18781
4,18,*,*,9,*,*,*,Male,*,<=50K,18782
4,17,*,*,9,*,*,*,Female,*,<=50K,18783
4,20,*,*,10,*,*,*,Male,*,<=50K,18784
4,14,*,*,7,*,*,*,Male,*,>50K,18785
4,26,*,*,13,*,*,*,Male,*,>50K,18786
4,25,*,*,13,*,*,*,Female,*,<=50K,18787
4,17,*,*,9,*,*,*,Female,*,<=50K,18788
4,18,*,*,9,*,*,*,Male,*,<=50K,18789
4,18,*,*,9,*,*,*,Male,*,<=50K,18791
4,27,*,*,14,*,*,*,Female,*,>50K,18792
4,26,*,*,13,*,*,*,Male,*,<=50K,18793
4,18,*,*,9,*,*,*,Male,*,<=50K,18795
4,12,*,*,6,*,*,*,Male,*,>50K,18796
4,18,*,*,9,*,*,*,Male,*,<=50K,18797
4,17,*,*,9,*,*,*,Female,*,<=50K,18798
4,18,*,*,9,*,*,*,Male,*,<=50K,18799
4,26,*,*,13,*,*,*,Male,*,<=50K,18800
4,25,*,*,13,*,*,*,Female,*,<=50K,18801
4,29,*,*,15,*,*,*,Female,*,>50K,18802
4,2,*,*,1,*,*,*,Male,*,<=50K,18803
4,20,*,*,10,*,*,*,Male,*,<=50K,18804
4,19,*,*,10,*,*,*,Female,*,<=50K,18805
4,26,*,*,13,*,*,*,Male,*,<=50K,18806
4,25,*,*,13,*,*,*,Female,*,<=50K,18807
4,18,*,*,9,*,*,*,Male,*,<=50K,18809
4,17,*,*,9,*,*,*,Female,*,<=50K,18810
4,17,*,*,9,*,*,*,Female,*,<=50K,18811
4,22,*,*,11,*,*,*,Male,*,<=50K,18813
4,20,*,*,10,*,*,*,Male,*,<=50K,18814
4,18,*,*,9,*,*,*,Male,*,<=50K,18815
4,18,*,*,9,*,*,*,Male,*,>50K,18816
4,18,*,*,9,*,*,*,Male,*,<=50K,18817
4,18,*,*,9,*,*,*,Male,*,>50K,18818
4,17,*,*,9,*,*,*,Female,*,<=50K,18819
4,18,*,*,9,*,*,*,Male,*,<=50K,18820
4,28,*,*,14,*,*,*,Male,*,<=50K,18821
4,18,*,*,9,*,*,*,Male,*,>50K,18823
4,18,*,*,9,*,*,*,Male,*,<=50K,18824
4,20,*,*,10,*,*,*,Male,*,<=50K,18827
4,18,*,*,9,*,*,*,Male,*,<=50K,18828
4,23,*,*,12,*,*,*,Female,*,<=50K,18829
4,18,*,*,9,*,*,*,Male,*,<=50K,18830
4,12,*,*,6,*,*,*,Male,*,>50K,18831
4,18,*,*,9,*,*,*,Male,*,<=50K,18832
4,26,*,*,13,*,*,*,Male,*,>50K,18833
4,12,*,*,6,*,*,*,Male,*,<=50K,18834
4,28,*,*,14,*,*,*,Male,*,<=50K,18835
4,17,*,*,9,*,*,*,Female,*,>50K,18836
4,18,*,*,9,*,*,*,Male,*,<=50K,18837
4,18,*,*,9,*,*,*,Male,*,>50K,18839
4,19,*,*,10,*,*,*,Female,*,<=50K,18840
4,19,*,*,10,*,*,*,Female,*,<=50K,18841
4,12,*,*,6,*,*,*,Male,*,>50K,18842
4,19,*,*,10,*,*,*,Female,*,<=50K,18843
4,17,*,*,9,*,*,*,Female,*,<=50K,18844
4,13,*,*,7,*,*,*,Female,*,<=50K,18845
4,12,*,*,6,*,*,*,Male,*,<=50K,18846
4,20,*,*,10,*,*,*,Male,*,<=50K,18847
4,19,*,*,10,*,*,*,Female,*,<=50K,18849
4,20,*,*,10,*,*,*,Male,*,<=50K,18850
4,20,*,*,10,*,*,*,Male,*,<=50K,18852
4,8,*,*,4,*,*,*,Male,*,<=50K,18853
4,26,*,*,13,*,*,*,Male,*,>50K,18854
4,20,*,*,10,*,*,*,Male,*,<=50K,18855
4,18,*,*,9,*,*,*,Male,*,>50K,18856
4,20,*,*,10,*,*,*,Male,*,<=50K,18858
4,20,*,*,10,*,*,*,Male,*,<=50K,18859
4,26,*,*,13,*,*,*,Male,*,<=50K,18860
4,17,*,*,9,*,*,*,Female,*,<=50K,18861
4,18,*,*,9,*,*,*,Male,*,<=50K,18862
4,26,*,*,13,*,*,*,Male,*,>50K,18863
4,21,*,*,11,*,*,*,Female,*,<=50K,18865
4,18,*,*,9,*,*,*,Male,*,>50K,18866
4,20,*,*,10,*,*,*,Male,*,>50K,18867
4,22,*,*,11,*,*,*,Male,*,<=50K,18868
4,20,*,*,10,*,*,*,Male,*,>50K,18869
4,9,*,*,5,*,*,*,Female,*,<=50K,18870
4,20,*,*,10,*,*,*,Male,*,<=50K,18871
4,18,*,*,9,*,*,*,Male,*,<=50K,18872
4,17,*,*,9,*,*,*,Female,*,<=50K,18873
4,12,*,*,6,*,*,*,Male,*,<=50K,18874
4,20,*,*,10,*,*,*,Male,*,<=50K,18877
4,20,*,*,10,*,*,*,Male,*,<=50K,18878
4,18,*,*,9,*,*,*,Male,*,>50K,18879
4,17,*,*,9,*,*,*,Female,*,<=50K,18880
4,19,*,*,10,*,*,*,Female,*,<=50K,18881
4,20,*,*,10,*,*,*,Male,*,<=50K,18883
4,13,*,*,7,*,*,*,Female,*,<=50K,18884
4,7,*,*,4,*,*,*,Female,*,<=50K,18885
4,20,*,*,10,*,*,*,Male,*,<=50K,18886
4,14,*,*,7,*,*,*,Male,*,<=50K,18887
4,20,*,*,10,*,*,*,Male,*,<=50K,18888
4,20,*,*,10,*,*,*,Male,*,<=50K,18889
4,24,*,*,12,*,*,*,Male,*,<=50K,18890
4,26,*,*,13,*,*,*,Male,*,<=50K,18891
4,28,*,*,14,*,*,*,Male,*,<=50K,18892
4,25,*,*,13,*,*,*,Female,*,<=50K,18893
4,18,*,*,9,*,*,*,Male,*,<=50K,18894
4,20,*,*,10,*,*,*,Male,*,<=50K,18895
4,25,*,*,13,*,*,*,Female,*,<=50K,18896
4,18,*,*,9,*,*,*,Male,*,>50K,18897
4,24,*,*,12,*,*,*,Male,*,<=50K,18898
4,20,*,*,10,*,*,*,Male,*,>50K,18899
4,26,*,*,13,*,*,*,Male,*,>50K,18900
4,14,*,*,7,*,*,*,Male,*,<=50K,18901
4,18,*,*,9,*,*,*,Male,*,>50K,18903
4,10,*,*,5,*,*,*,Male,*,<=50K,18904
4,17,*,*,9,*,*,*,Female,*,<=50K,18906
4,10,*,*,5,*,*,*,Male,*,>50K,18907
4,26,*,*,13,*,*,*,Male,*,<=50K,18908
4,18,*,*,9,*,*,*,Male,*,<=50K,18909
4,19,*,*,10,*,*,*,Female,*,<=50K,18910
4,19,*,*,10,*,*,*,Female,*,<=50K,18911
4,17,*,*,9,*,*,*,Female,*,<=50K,18912
4,18,*,*,9,*,*,*,Male,*,<=50K,18913
4,17,*,*,9,*,*,*,Female,*,<=50K,18914
4,20,*,*,10,*,*,*,Male,*,<=50K,18916
4,26,*,*,13,*,*,*,Male,*,<=50K,18919
4,32,*,*,16,*,*,*,Male,*,<=50K,18920
4,20,*,*,10,*,*,*,Male,*,<=50K,18921
4,18,*,*,9,*,*,*,Male,*,<=50K,18922
4,20,*,*,10,*,*,*,Male,*,<=50K,18925
4,24,*,*,12,*,*,*,Male,*,>50K,18927
4,25,*,*,13,*,*,*,Female,*,<=50K,18931
4,26,*,*,13,*,*,*,Male,*,<=50K,18932
4,26,*,*,13,*,*,*,Male,*,>50K,18934
4,19,*,*,10,*,*,*,Female,*,<=50K,18935
4,17,*,*,9,*,*,*,Female,*,<=50K,18936
4,25,*,*,13,*,*,*,Female,*,<=50K,18937
4,18,*,*,9,*,*,*,Male,*,<=50K,18938
4,15,*,*,8,*,*,*,Female,*,<=50K,18939
4,18,*,*,9,*,*,*,Male,*,<=50K,18940
4,26,*,*,13,*,*,*,Male,*,<=50K,18941
4,9,*,*,5,*,*,*,Female,*,<=50K,18942
4,27,*,*,14,*,*,*,Female,*,>50K,18943
4,18,*,*,9,*,*,*,Male,*,>50K,18945
4,9,*,*,5,*,*,*,Female,*,<=50K,18946
4,8,*,*,4,*,*,*,Male,*,<=50K,18947
4,14,*,*,7,*,*,*,Male,*,<=50K,18948
4,13,*,*,7,*,*,*,Female,*,<=50K,18949
4,17,*,*,9,*,*,*,Female,*,<=50K,18950
4,22,*,*,11,*,*,*,Male,*,<=50K,18951
4,25,*,*,13,*,*,*,Female,*,<=50K,18952
4,21,*,*,11,*,*,*,Female,*,<=50K,18954
4,20,*,*,10,*,*,*,Male,*,<=50K,18955
4,17,*,*,9,*,*,*,Female,*,<=50K,18957
4,15,*,*,8,*,*,*,Female,*,<=50K,18959
4,18,*,*,9,*,*,*,Male,*,<=50K,18960
4,25,*,*,13,*,*,*,Female,*,>50K,18961
4,19,*,*,10,*,*,*,Female,*,<=50K,18962
4,21,*,*,11,*,*,*,Female,*,<=50K,18963
4,17,*,*,9,*,*,*,Female,*,<=50K,18964
4,17,*,*,9,*,*,*,Female,*,<=50K,18965
4,20,*,*,10,*,*,*,Male,*,<=50K,18966
4,17,*,*,9,*,*,*,Female,*,<=50K,18967
4,13,*,*,7,*,*,*,Female,*,<=50K,18968
4,20,*,*,10,*,*,*,Male,*,>50K,18969
4,20,*,*,10,*,*,*,Male,*,<=50K,18970
4,18,*,*,9,*,*,*,Male,*,<=50K,18971
4,10,*,*,5,*,*,*,Male,*,<=50K,18972
4,25,*,*,13,*,*,*,Female,*,<=50K,18973
4,16,*,*,8,*,*,*,Male,*,<=50K,18974
4,17,*,*,9,*,*,*,Female,*,<=50K,18975
4,12,*,*,6,*,*,*,Male,*,<=50K,18977
4,23,*,*,12,*,*,*,Female,*,<=50K,18978
4,17,*,*,9,*,*,*,Female,*,<=50K,18979
4,17,*,*,9,*,*,*,Female,*,<=50K,18981
4,26,*,*,13,*,*,*,Male,*,<=50K,18982
4,22,*,*,11,*,*,*,Male,*,>50K,18984
4,20,*,*,10,*,*,*,Male,*,<=50K,18985
4,20,*,*,10,*,*,*,Male,*,<=50K,18986
4,5,*,*,3,*,*,*,Female,*,<=50K,18987
4,18,*,*,9,*,*,*,Male,*,<=50K,18988
4,20,*,*,10,*,*,*,Male,*,>50K,18989
4,27,*,*,14,*,*,*,Female,*,<=50K,18990
4,26,*,*,13,*,*,*,Male,*,<=50K,18991
4,19,*,*,10,*,*,*,Female,*,>50K,18992
4,20,*,*,10,*,*,*,Male,*,>50K,18994
4,26,*,*,13,*,*,*,Male,*,<=50K,18997
4,18,*,*,9,*,*,*,Male,*,<=50K,18998
4,18,*,*,9,*,*,*,Male,*,>50K,18999
4,18,*,*,9,*,*,*,Male,*,<=50K,19001
4,18,*,*,9,*,*,*,Male,*,<=50K,19004
4,24,*,*,12,*,*,*,Male,*,>50K,19006
4,27,*,*,14,*,*,*,Female,*,<=50K,19007
4,19,*,*,10,*,*,*,Female,*,>50K,19008
4,20,*,*,10,*,*,*,Male,*,<=50K,19009
4,10,*,*,5,*,*,*,Male,*,<=50K,19010
4,26,*,*,13,*,*,*,Male,*,>50K,19011
4,16,*,*,8,*,*,*,Male,*,<=50K,19012
4,7,*,*,4,*,*,*,Female,*,<=50K,19013
4,20,*,*,10,*,*,*,Male,*,<=50K,19015
4,27,*,*,14,*,*,*,Female,*,<=50K,19017
4,18,*,*,9,*,*,*,Male,*,<=50K,19018
4,18,*,*,9,*,*,*,Male,*,<=50K,19019
4,17,*,*,9,*,*,*,Female,*,<=50K,19020
4,20,*,*,10,*,*,*,Male,*,<=50K,19021
4,20,*,*,10,*,*,*,Male,*,<=50K,19022
4,20,*,*,10,*,*,*,Male,*,<=50K,19024
4,18,*,*,9,*,*,*,Male,*,<=50K,19026
4,17,*,*,9,*,*,*,Female,*,<=50K,19027
4,26,*,*,13,*,*,*,Male,*,<=50K,19028
4,28,*,*,14,*,*,*,Male,*,<=50K,19029
4,22,*,*,11,*,*,*,Male,*,<=50K,19030
4,18,*,*,9,*,*,*,Male,*,<=50K,19031
4,18,*,*,9,*,*,*,Male,*,<=50K,19032
4,18,*,*,9,*,*,*,Male,*,>50K,19033
4,14,*,*,7,*,*,*,Male,*,<=50K,19034
4,18,*,*,9,*,*,*,Male,*,<=50K,19035
4,22,*,*,11,*,*,*,Male,*,<=50K,19036
4,26,*,*,13,*,*,*,Male,*,<=50K,19037
4,14,*,*,7,*,*,*,Male,*,>50K,19038
4,20,*,*,10,*,*,*,Male,*,<=50K,19039
4,20,*,*,10,*,*,*,Male,*,<=50K,19040
4,20,*,*,10,*,*,*,Male,*,>50K,19041
4,15,*,*,8,*,*,*,Female,*,<=50K,19043
4,26,*,*,13,*,*,*,Male,*,<=50K,19044
4,25,*,*,13,*,*,*,Female,*,<=50K,19045
4,17,*,*,9,*,*,*,Female,*,<=50K,19046
4,19,*,*,10,*,*,*,Female,*,<=50K,19047
4,25,*,*,13,*,*,*,Female,*,<=50K,19049
4,18,*,*,9,*,*,*,Male,*,<=50K,19050
4,25,*,*,13,*,*,*,Female,*,<=50K,19051
4,18,*,*,9,*,*,*,Male,*,>50K,19052
4,18,*,*,9,*,*,*,Male,*,<=50K,19053
4,18,*,*,9,*,*,*,Male,*,<=50K,19054
4,18,*,*,9,*,*,*,Male,*,<=50K,19055
4,18,*,*,9,*,*,*,Male,*,<=50K,19056
4,20,*,*,10,*,*,*,Male,*,>50K,19058
4,18,*,*,9,*,*,*,Male,*,<=50K,19059
4,12,*,*,6,*,*,*,Male,*,<=50K,19060
4,25,*,*,13,*,*,*,Female,*,<=50K,19061
4,18,*,*,9,*,*,*,Male,*,<=50K,19062
4,19,*,*,10,*,*,*,Female,*,<=50K,19063
4,19,*,*,10,*,*,*,Female,*,<=50K,19064
4,12,*,*,6,*,*,*,Male,*,<=50K,19065
4,20,*,*,10,*,*,*,Male,*,<=50K,19066
4,19,*,*,10,*,*,*,Female,*,<=50K,19067
4,19,*,*,10,*,*,*,Female,*,<=50K,19068
4,26,*,*,13,*,*,*,Male,*,<=50K,19069
4,18,*,*,9,*,*,*,Male,*,<=50K,19070
4,12,*,*,6,*,*,*,Male,*,<=50K,19071
4,19,*,*,10,*,*,*,Female,*,<=50K,19072
4,5,*,*,3,*,*,*,Female,*,<=50K,19073
4,18,*,*,9,*,*,*,Male,*,<=50K,19075
4,9,*,*,5,*,*,*,Female,*,<=50K,19076
4,19,*,*,10,*,*,*,Female,*,<=50K,19077
4,18,*,*,9,*,*,*,Male,*,<=50K,19078
4,28,*,*,14,*,*,*,Male,*,>50K,19079
4,27,*,*,14,*,*,*,Female,*,<=50K,19080
4,18,*,*,9,*,*,*,Male,*,<=50K,19081
4,18,*,*,9,*,*,*,Male,*,<=50K,19082
4,19,*,*,10,*,*,*,Female,*,<=50K,19083
4,20,*,*,10,*,*,*,Male,*,<=50K,19084
4,18,*,*,9,*,*,*,Male,*,<=50K,19085
4,14,*,*,7,*,*,*,Male,*,<=50K,19086
4,18,*,*,9,*,*,*,Male,*,<=50K,19087
4,26,*,*,13,*,*,*,Male,*,<=50K,19088
4,13,*,*,7,*,*,*,Female,*,>50K,19090
4,18,*,*,9,*,*,*,Male,*,>50K,19091
4,26,*,*,13,*,*,*,Male,*,>50K,19092
4,25,*,*,13,*,*,*,Female,*,<=50K,19093
4,30,*,*,15,*,*,*,Male,*,<=50K,19094
4,20,*,*,10,*,*,*,Male,*,<=50K,19096
4,11,*,*,6,*,*,*,Female,*,<=50K,19097
4,18,*,*,9,*,*,*,Male,*,<=50K,19098
4,17,*,*,9,*,*,*,Female,*,<=50K,19099
4,18,*,*,9,*,*,*,Male,*,<=50K,19100
4,12,*,*,6,*,*,*,Male,*,<=50K,19101
4,20,*,*,10,*,*,*,Male,*,<=50K,19102
4,18,*,*,9,*,*,*,Male,*,<=50K,19103
4,19,*,*,10,*,*,*,Female,*,<=50K,19104
4,18,*,*,9,*,*,*,Male,*,<=50K,19106
4,18,*,*,9,*,*,*,Male,*,<=50K,19107
4,18,*,*,9,*,*,*,Male,*,<=50K,19108
4,19,*,*,10,*,*,*,Female,*,<=50K,19109
4,11,*,*,6,*,*,*,Female,*,<=50K,19110
4,17,*,*,9,*,*,*,Female,*,<=50K,19111
4,18,*,*,9,*,*,*,Male,*,<=50K,19112
4,23,*,*,12,*,*,*,Female,*,<=50K,19113
4,18,*,*,9,*,*,*,Male,*,<=50K,19115
4,17,*,*,9,*,*,*,Female,*,<=50K,19116
4,11,*,*,6,*,*,*,Female,*,<=50K,19117
4,13,*,*,7,*,*,*,Female,*,<=50K,19118
4,28,*,*,14,*,*,*,Male,*,>50K,19119
4,17,*,*,9,*,*,*,Female,*,<=50K,19120
4,30,*,*,15,*,*,*,Male,*,>50K,19121
4,18,*,*,9,*,*,*,Male,*,<=50K,19122
4,18,*,*,9,*,*,*,Male,*,<=50K,19123
4,22,*,*,11,*,*,*,Male,*,<=50K,19124
4,20,*,*,10,*,*,*,Male,*,<=50K,19125
4,20,*,*,10,*,*,*,Male,*,<=50K,19126
4,25,*,*,13,*,*,*,Female,*,<=50K,19127
4,18,*,*,9,*,*,*,Male,*,>50K,19129
4,22,*,*,11,*,*,*,Male,*,<=50K,19133
4,18,*,*,9,*,*,*,Male,*,<=50K,19134
4,27,*,*,14,*,*,*,Female,*,<=50K,19135
4,18,*,*,9,*,*,*,Male,*,<=50K,19136
4,26,*,*,13,*,*,*,Male,*,<=50K,19137
4,26,*,*,13,*,*,*,Male,*,>50K,19138
4,19,*,*,10,*,*,*,Female,*,<=50K,19139
4,12,*,*,6,*,*,*,Male,*,<=50K,19140
4,18,*,*,9,*,*,*,Male,*,<=50K,19141
4,20,*,*,10,*,*,*,Male,*,<=50K,19142
4,6,*,*,3,*,*,*,Male,*,<=50K,19143
4,8,*,*,4,*,*,*,Male,*,<=50K,19144
4,18,*,*,9,*,*,*,Male,*,<=50K,19147
4,18,*,*,9,*,*,*,Male,*,<=50K,19148
4,19,*,*,10,*,*,*,Female,*,<=50K,19149
4,18,*,*,9,*,*,*,Male,*,<=50K,19150
4,25,*,*,13,*,*,*,Female,*,>50K,19151
4,14,*,*,7,*,*,*,Male,*,<=50K,19154
4,26,*,*,13,*,*,*,Male,*,<=50K,19155
4,18,*,*,9,*,*,*,Male,*,<=50K,19158
4,18,*,*,9,*,*,*,Male,*,<=50K,19159
4,26,*,*,13,*,*,*,Male,*,<=50K,19160
4,18,*,*,9,*,*,*,Male,*,<=50K,19162
4,12,*,*,6,*,*,*,Male,*,<=50K,19163
4,25,*,*,13,*,*,*,Female,*,<=50K,19165
4,17,*,*,9,*,*,*,Female,*,<=50K,19166
4,20,*,*,10,*,*,*,Male,*,<=50K,19167
4,23,*,*,12,*,*,*,Female,*,>50K,19168
4,28,*,*,14,*,*,*,Male,*,<=50K,19169
4,18,*,*,9,*,*,*,Male,*,<=50K,19170
4,15,*,*,8,*,*,*,Female,*,<=50K,19171
4,18,*,*,9,*,*,*,Male,*,>50K,19172
4,26,*,*,13,*,*,*,Male,*,>50K,19173
4,17,*,*,9,*,*,*,Female,*,<=50K,19174
4,18,*,*,9,*,*,*,Male,*,<=50K,19175
4,20,*,*,10,*,*,*,Male,*,>50K,19176
4,26,*,*,13,*,*,*,Male,*,<=50K,19177
4,19,*,*,10,*,*,*,Female,*,<=50K,19178
4,18,*,*,9,*,*,*,Male,*,<=50K,19179
4,20,*,*,10,*,*,*,Male,*,>50K,19180
4,20,*,*,10,*,*,*,Male,*,<=50K,19181
4,30,*,*,15,*,*,*,Male,*,>50K,19182
4,20,*,*,10,*,*,*,Male,*,<=50K,19183
4,18,*,*,9,*,*,*,Male,*,>50K,19184
4,28,*,*,14,*,*,*,Male,*,>50K,19185
4,17,*,*,9,*,*,*,Female,*,>50K,19187
4,17,*,*,9,*,*,*,Female,*,<=50K,19188
4,17,*,*,9,*,*,*,Female,*,>50K,19190
4,18,*,*,9,*,*,*,Male,*,<=50K,19191
4,18,*,*,9,*,*,*,Male,*,<=50K,19193
4,25,*,*,13,*,*,*,Female,*,<=50K,19194
4,4,*,*,2,*,*,*,Male,*,<=50K,19196
4,26,*,*,13,*,*,*,Male,*,<=50K,19197
4,18,*,*,9,*,*,*,Male,*,<=50K,19199
4,22,*,*,11,*,*,*,Male,*,>50K,19200
4,27,*,*,14,*,*,*,Female,*,<=50K,19201
4,26,*,*,13,*,*,*,Male,*,>50K,19202
4,18,*,*,9,*,*,*,Male,*,>50K,19203
4,19,*,*,10,*,*,*,Female,*,<=50K,19205
4,11,*,*,6,*,*,*,Female,*,<=50K,19207
4,19,*,*,10,*,*,*,Female,*,<=50K,19208
4,19,*,*,10,*,*,*,Female,*,<=50K,19209
4,17,*,*,9,*,*,*,Female,*,<=50K,19210
4,19,*,*,10,*,*,*,Female,*,>50K,19211
4,20,*,*,10,*,*,*,Male,*,<=50K,19212
4,25,*,*,13,*,*,*,Female,*,<=50K,19213
4,26,*,*,13,*,*,*,Male,*,>50K,19214
4,8,*,*,4,*,*,*,Male,*,>50K,19215
4,22,*,*,11,*,*,*,Male,*,>50K,19217
4,16,*,*,8,*,*,*,Male,*,<=50K,19219
4,20,*,*,10,*,*,*,Male,*,>50K,19220
4,18,*,*,9,*,*,*,Male,*,<=50K,19221
4,17,*,*,9,*,*,*,Female,*,<=50K,19222
4,20,*,*,10,*,*,*,Male,*,>50K,19223
4,28,*,*,14,*,*,*,Male,*,>50K,19224
4,19,*,*,10,*,*,*,Female,*,<=50K,19225
4,22,*,*,11,*,*,*,Male,*,<=50K,19227
4,22,*,*,11,*,*,*,Male,*,>50K,19228
4,12,*,*,6,*,*,*,Male,*,<=50K,19229
4,25,*,*,13,*,*,*,Female,*,<=50K,19230
4,18,*,*,9,*,*,*,Male,*,<=50K,19231
4,26,*,*,13,*,*,*,Male,*,<=50K,19232
4,22,*,*,11,*,*,*,Male,*,<=50K,19233
4,26,*,*,13,*,*,*,Male,*,>50K,19234
4,18,*,*,9,*,*,*,Male,*,<=50K,19235
4,17,*,*,9,*,*,*,Female,*,<=50K,19236
4,18,*,*,9,*,*,*,Male,*,<=50K,19238
4,20,*,*,10,*,*,*,Male,*,>50K,19240
4,19,*,*,10,*,*,*,Female,*,<=50K,19242
4,22,*,*,11,*,*,*,Male,*,<=50K,19243
4,14,*,*,7,*,*,*,Male,*,<=50K,19244
4,17,*,*,9,*,*,*,Female,*,<=50K,19245
4,17,*,*,9,*,*,*,Female,*,<=50K,19246
4,4,*,*,2,*,*,*,Male,*,<=50K,19247
4,19,*,*,10,*,*,*,Female,*,<=50K,19249
4,18,*,*,9,*,*,*,Male,*,<=50K,19252
4,25,*,*,13,*,*,*,Female,*,<=50K,19253
4,18,*,*,9,*,*,*,Male,*,<=50K,19254
4,26,*,*,13,*,*,*,Male,*,<=50K,19255
4,26,*,*,13,*,*,*,Male,*,<=50K,19256
4,18,*,*,9,*,*,*,Male,*,<=50K,19257
4,27,*,*,14,*,*,*,Female,*,<=50K,19258
4,20,*,*,10,*,*,*,Male,*,<=50K,19259
4,18,*,*,9,*,*,*,Male,*,<=50K,19260
4,25,*,*,13,*,*,*,Female,*,<=50K,19261
4,23,*,*,12,*,*,*,Female,*,<=50K,19263
4,17,*,*,9,*,*,*,Female,*,<=50K,19265
4,26,*,*,13,*,*,*,Male,*,>50K,19266
4,26,*,*,13,*,*,*,Male,*,>50K,19267
4,18,*,*,9,*,*,*,Male,*,<=50K,19268
4,18,*,*,9,*,*,*,Male,*,>50K,19269
4,13,*,*,7,*,*,*,Female,*,<=50K,19270
4,11,*,*,6,*,*,*,Female,*,<=50K,19271
4,25,*,*,13,*,*,*,Female,*,>50K,19272
4,15,*,*,8,*,*,*,Female,*,<=50K,19273
4,18,*,*,9,*,*,*,Male,*,<=50K,19274
4,20,*,*,10,*,*,*,Male,*,<=50K,19276
4,20,*,*,10,*,*,*,Male,*,<=50K,19277
4,18,*,*,9,*,*,*,Male,*,<=50K,19278
4,26,*,*,13,*,*,*,Male,*,>50K,19279
4,18,*,*,9,*,*,*,Male,*,<=50K,19280
4,26,*,*,13,*,*,*,Male,*,<=50K,19281
4,17,*,*,9,*,*,*,Female,*,<=50K,19282
4,18,*,*,9,*,*,*,Male,*,<=50K,19284
4,26,*,*,13,*,*,*,Male,*,>50K,19286
4,20,*,*,10,*,*,*,Male,*,>50K,19287
4,18,*,*,9,*,*,*,Male,*,<=50K,19288
4,25,*,*,13,*,*,*,Female,*,>50K,19290
4,20,*,*,10,*,*,*,Male,*,>50K,19291
4,26,*,*,13,*,*,*,Male,*,>50K,19292
4,16,*,*,8,*,*,*,Male,*,>50K,19294
4,20,*,*,10,*,*,*,Male,*,<=50K,19295
4,24,*,*,12,*,*,*,Male,*,<=50K,19296
4,17,*,*,9,*,*,*,Female,*,<=50K,19297
4,26,*,*,13,*,*,*,Male,*,<=50K,19298
4,28,*,*,14,*,*,*,Male,*,>50K,19299
4,18,*,*,9,*,*,*,Male,*,<=50K,19300
4,26,*,*,13,*,*,*,Male,*,<=50K,19301
4,17,*,*,9,*,*,*,Female,*,<=50K,19302
4,26,*,*,13,*,*,*,Male,*,<=50K,19303
4,19,*,*,10,*,*,*,Female,*,<=50K,19305
4,3,*,*,2,*,*,*,Female,*,<=50K,19306
4,19,*,*,10,*,*,*,Female,*,<=50K,19308
4,18,*,*,9,*,*,*,Male,*,<=50K,19309
4,17,*,*,9,*,*,*,Female,*,<=50K,19311
4,18,*,*,9,*,*,*,Male,*,<=50K,19312
4,18,*,*,9,*,*,*,Male,*,<=50K,19313
4,19,*,*,10,*,*,*,Female,*,<=50K,19314
4,18,*,*,9,*,*,*,Male,*,<=50K,19315
4,17,*,*,9,*,*,*,Female,*,<=50K,19316
4,17,*,*,9,*,*,*,Female,*,<=50K,19317
4,16,*,*,8,*,*,*,Male,*,<=50K,19318
4,18,*,*,9,*,*,*,Male,*,>50K,19319
4,7,*,*,4,*,*,*,Female,*,<=50K,19321
4,26,*,*,13,*,*,*,Male,*,<=50K,19322
4,18,*,*,9,*,*,*,Male,*,<=50K,19323
4,20,*,*,10,*,*,*,Male,*,<=50K,19324
4,32,*,*,16,*,*,*,Male,*,>50K,19325
4,19,*,*,10,*,*,*,Female,*,>50K,19326
4,5,*,*,3,*,*,*,Female,*,<=50K,19327
4,19,*,*,10,*,*,*,Female,*,<=50K,19328
4,20,*,*,10,*,*,*,Male,*,>50K,19329
4,18,*,*,9,*,*,*,Male,*,>50K,19331
4,26,*,*,13,*,*,*,Male,*,<=50K,19332
4,17,*,*,9,*,*,*,Female,*,<=50K,19333
4,25,*,*,13,*,*,*,Female,*,>50K,19334
4,20,*,*,10,*,*,*,Male,*,<=50K,19335
4,19,*,*,10,*,*,*,Female,*,<=50K,19336
4,18,*,*,9,*,*,*,Male,*,<=50K,19337
4,18,*,*,9,*,*,*,Male,*,<=50K,19338
4,26,*,*,13,*,*,*,Male,*,<=50K,19339
4,20,*,*,10,*,*,*,Male,*,<=50K,19340
4,26,*,*,13,*,*,*,Male,*,<=50K,19341
4,15,*,*,8,*,*,*,Female,*,<=50K,19343
4,19,*,*,10,*,*,*,Female,*,<=50K,19344
4,20,*,*,10,*,*,*,Male,*,<=50K,19346
4,18,*,*,9,*,*,*,Male,*,<=50K,19347
4,18,*,*,9,*,*,*,Male,*,<=50K,19350
4,22,*,*,11,*,*,*,Male,*,<=50K,19351
4,17,*,*,9,*,*,*,Female,*,<=50K,19353
4,18,*,*,9,*,*,*,Male,*,<=50K,19354
4,24,*,*,12,*,*,*,Male,*,<=50K,19355
4,17,*,*,9,*,*,*,Female,*,<=50K,19356
4,20,*,*,10,*,*,*,Male,*,>50K,19357
4,19,*,*,10,*,*,*,Female,*,<=50K,19358
4,17,*,*,9,*,*,*,Female,*,<=50K,19359
4,26,*,*,13,*,*,*,Male,*,<=50K,19360
4,11,*,*,6,*,*,*,Female,*,<=50K,19361
4,19,*,*,10,*,*,*,Female,*,<=50K,19362
4,19,*,*,10,*,*,*,Female,*,<=50K,19363
4,3,*,*,2,*,*,*,Female,*,<=50K,19364
4,16,*,*,8,*,*,*,Male,*,<=50K,19365
4,17,*,*,9,*,*,*,Female,*,<=50K,19366
4,20,*,*,10,*,*,*,Male,*,<=50K,19367
4,20,*,*,10,*,*,*,Male,*,>50K,19368
4,17,*,*,9,*,*,*,Female,*,<=50K,19369
4,18,*,*,9,*,*,*,Male,*,<=50K,19370
4,21,*,*,11,*,*,*,Female,*,<=50K,19371
4,17,*,*,9,*,*,*,Female,*,<=50K,19372
4,17,*,*,9,*,*,*,Female,*,<=50K,19373
4,17,*,*,9,*,*,*,Female,*,<=50K,19374
4,22,*,*,11,*,*,*,Male,*,<=50K,19377
4,22,*,*,11,*,*,*,Male,*,<=50K,19378
4,19,*,*,10,*,*,*,Female,*,<=50K,19379
4,17,*,*,9,*,*,*,Female,*,<=50K,19380
4,20,*,*,10,*,*,*,Male,*,<=50K,19381
4,14,*,*,7,*,*,*,Male,*,<=50K,19382
4,20,*,*,10,*,*,*,Male,*,<=50K,19383
4,17,*,*,9,*,*,*,Female,*,<=50K,19384
4,18,*,*,9,*,*,*,Male,*,<=50K,19385
4,7,*,*,4,*,*,*,Female,*,<=50K,19387
4,20,*,*,10,*,*,*,Male,*,<=50K,19388
4,19,*,*,10,*,*,*,Female,*,<=50K,19390
4,10,*,*,5,*,*,*,Male,*,<=50K,19391
4,17,*,*,9,*,*,*,Female,*,<=50K,19392
4,20,*,*,10,*,*,*,Male,*,<=50K,19394
4,18,*,*,9,*,*,*,Male,*,<=50K,19395
4,18,*,*,9,*,*,*,Male,*,<=50K,19397
4,26,*,*,13,*,*,*,Male,*,>50K,19398
4,20,*,*,10,*,*,*,Male,*,<=50K,19399
4,18,*,*,9,*,*,*,Male,*,<=50K,19400
4,20,*,*,10,*,*,*,Male,*,<=50K,19403
4,18,*,*,9,*,*,*,Male,*,<=50K,19404
4,10,*,*,5,*,*,*,Male,*,<=50K,19405
4,18,*,*,9,*,*,*,Male,*,<=50K,19406
4,26,*,*,13,*,*,*,Male,*,<=50K,19407
4,20,*,*,10,*,*,*,Male,*,<=50K,19408
4,17,*,*,9,*,*,*,Female,*,<=50K,19409
4,27,*,*,14,*,*,*,Female,*,<=50K,19410
4,32,*,*,16,*,*,*,Male,*,<=50K,19411
4,18,*,*,9,*,*,*,Male,*,<=50K,19412
4,14,*,*,7,*,*,*,Male,*,<=50K,19413
4,22,*,*,11,*,*,*,Male,*,<=50K,19414
4,22,*,*,11,*,*,*,Male,*,<=50K,19415
4,19,*,*,10,*,*,*,Female,*,<=50K,19416
4,23,*,*,12,*,*,*,Female,*,<=50K,19417
4,14,*,*,7,*,*,*,Male,*,<=50K,19418
4,4,*,*,2,*,*,*,Male,*,<=50K,19419
4,17,*,*,9,*,*,*,Female,*,<=50K,19420
4,25,*,*,13,*,*,*,Female,*,<=50K,19422
4,18,*,*,9,*,*,*,Male,*,<=50K,19423
4,25,*,*,13,*,*,*,Female,*,<=50K,19424
4,7,*,*,4,*,*,*,Female,*,<=50K,19425
4,26,*,*,13,*,*,*,Male,*,>50K,19426
4,14,*,*,7,*,*,*,Male,*,<=50K,19427
4,16,*,*,8,*,*,*,Male,*,<=50K,19429
4,18,*,*,9,*,*,*,Male,*,<=50K,19430
4,30,*,*,15,*,*,*,Male,*,<=50K,19431
4,18,*,*,9,*,*,*,Male,*,<=50K,19432
4,17,*,*,9,*,*,*,Female,*,<=50K,19433
4,20,*,*,10,*,*,*,Male,*,<=50K,19434
4,18,*,*,9,*,*,*,Male,*,<=50K,19435
4,32,*,*,16,*,*,*,Male,*,>50K,19436
4,26,*,*,13,*,*,*,Male,*,<=50K,19438
4,19,*,*,10,*,*,*,Female,*,<=50K,19439
4,19,*,*,10,*,*,*,Female,*,>50K,19440
4,18,*,*,9,*,*,*,Male,*,<=50K,19441
4,20,*,*,10,*,*,*,Male,*,>50K,19442
4,11,*,*,6,*,*,*,Female,*,<=50K,19444
4,19,*,*,10,*,*,*,Female,*,<=50K,19445
4,26,*,*,13,*,*,*,Male,*,>50K,19446
4,17,*,*,9,*,*,*,Female,*,<=50K,19447
4,19,*,*,10,*,*,*,Female,*,<=50K,19448
4,20,*,*,10,*,*,*,Male,*,<=50K,19449
4,26,*,*,13,*,*,*,Male,*,>50K,19450
4,20,*,*,10,*,*,*,Male,*,<=50K,19451
4,18,*,*,9,*,*,*,Male,*,<=50K,19452
4,23,*,*,12,*,*,*,Female,*,<=50K,19453
4,20,*,*,10,*,*,*,Male,*,<=50K,19454
4,17,*,*,9,*,*,*,Female,*,<=50K,19456
4,6,*,*,3,*,*,*,Male,*,<=50K,19457
4,28,*,*,14,*,*,*,Male,*,>50K,19458
4,18,*,*,9,*,*,*,Male,*,<=50K,19459
4,17,*,*,9,*,*,*,Female,*,<=50K,19460
4,19,*,*,10,*,*,*,Female,*,<=50K,19463
4,17,*,*,9,*,*,*,Female,*,<=50K,19464
4,19,*,*,10,*,*,*,Female,*,<=50K,19465
4,19,*,*,10,*,*,*,Female,*,<=50K,19466
4,13,*,*,7,*,*,*,Female,*,<=50K,19467
4,20,*,*,10,*,*,*,Male,*,<=50K,19468
4,17,*,*,9,*,*,*,Female,*,<=50K,19470
4,19,*,*,10,*,*,*,Female,*,<=50K,19471
4,20,*,*,10,*,*,*,Male,*,<=50K,19472
4,19,*,*,10,*,*,*,Female,*,<=50K,19473
4,28,*,*,14,*,*,*,Male,*,>50K,19474
4,26,*,*,13,*,*,*,Male,*,>50K,19476
4,20,*,*,10,*,*,*,Male,*,>50K,19477
4,18,*,*,9,*,*,*,Male,*,>50K,19479
4,25,*,*,13,*,*,*,Female,*,>50K,19480
4,26,*,*,13,*,*,*,Male,*,<=50K,19481
4,28,*,*,14,*,*,*,Male,*,<=50K,19482
4,24,*,*,12,*,*,*,Male,*,<=50K,19483
4,18,*,*,9,*,*,*,Male,*,<=50K,19484
4,25,*,*,13,*,*,*,Female,*,<=50K,19486
4,25,*,*,13,*,*,*,Female,*,<=50K,19487
4,28,*,*,14,*,*,*,Male,*,>50K,19488
4,7,*,*,4,*,*,*,Female,*,<=50K,19489
4,19,*,*,10,*,*,*,Female,*,<=50K,19490
4,17,*,*,9,*,*,*,Female,*,<=50K,19491
4,18,*,*,9,*,*,*,Male,*,<=50K,19492
4,26,*,*,13,*,*,*,Male,*,>50K,19493
4,13,*,*,7,*,*,*,Female,*,<=50K,19494
4,27,*,*,14,*,*,*,Female,*,<=50K,19495
4,14,*,*,7,*,*,*,Male,*,<=50K,19496
4,17,*,*,9,*,*,*,Female,*,<=50K,19497
4,19,*,*,10,*,*,*,Female,*,<=50K,19498
4,18,*,*,9,*,*,*,Male,*,<=50K,19499
4,12,*,*,6,*,*,*,Male,*,>50K,19501
4,17,*,*,9,*,*,*,Female,*,<=50K,19503
4,18,*,*,9,*,*,*,Male,*,<=50K,19504
4,17,*,*,9,*,*,*,Female,*,<=50K,19505
4,19,*,*,10,*,*,*,Female,*,<=50K,19507
4,17,*,*,9,*,*,*,Female,*,<=50K,19508
4,30,*,*,15,*,*,*,Male,*,>50K,19509
4,17,*,*,9,*,*,*,Female,*,<=50K,19511
4,18,*,*,9,*,*,*,Male,*,>50K,19512
4,25,*,*,13,*,*,*,Female,*,<=50K,19513
4,17,*,*,9,*,*,*,Female,*,<=50K,19515
4,19,*,*,10,*,*,*,Female,*,<=50K,19517
4,20,*,*,10,*,*,*,Male,*,<=50K,19518
4,10,*,*,5,*,*,*,Male,*,<=50K,19519
4,20,*,*,10,*,*,*,Male,*,<=50K,19521
4,18,*,*,9,*,*,*,Male,*,<=50K,19522
4,14,*,*,7,*,*,*,Male,*,<=50K,19523
4,28,*,*,14,*,*,*,Male,*,>50K,19525
4,24,*,*,12,*,*,*,Male,*,<=50K,19526
4,17,*,*,9,*,*,*,Female,*,<=50K,19527
4,22,*,*,11,*,*,*,Male,*,>50K,19528
4,19,*,*,10,*,*,*,Female,*,<=50K,19529
4,26,*,*,13,*,*,*,Male,*,<=50K,19530
4,26,*,*,13,*,*,*,Male,*,<=50K,19532
4,23,*,*,12,*,*,*,Female,*,<=50K,19533
4,16,*,*,8,*,*,*,Male,*,<=50K,19534
4,18,*,*,9,*,*,*,Male,*,<=50K,19535
4,18,*,*,9,*,*,*,Male,*,<=50K,19536
4,22,*,*,11,*,*,*,Male,*,<=50K,19537
4,19,*,*,10,*,*,*,Female,*,<=50K,19538
4,10,*,*,5,*,*,*,Male,*,<=50K,19539
4,28,*,*,14,*,*,*,Male,*,<=50K,19540
4,17,*,*,9,*,*,*,Female,*,<=50K,19541
4,17,*,*,9,*,*,*,Female,*,<=50K,19542
4,18,*,*,9,*,*,*,Male,*,<=50K,19543
4,19,*,*,10,*,*,*,Female,*,<=50K,19544
4,20,*,*,10,*,*,*,Male,*,<=50K,19545
4,23,*,*,12,*,*,*,Female,*,<=50K,19546
4,17,*,*,9,*,*,*,Female,*,<=50K,19547
4,20,*,*,10,*,*,*,Male,*,>50K,19548
4,23,*,*,12,*,*,*,Female,*,<=50K,19552
4,25,*,*,13,*,*,*,Female,*,<=50K,19554
4,17,*,*,9,*,*,*,Female,*,<=50K,19555
4,19,*,*,10,*,*,*,Female,*,<=50K,19556
4,13,*,*,7,*,*,*,Female,*,<=50K,19557
4,22,*,*,11,*,*,*,Male,*,<=50K,19558
4,20,*,*,10,*,*,*,Male,*,<=50K,19559
4,19,*,*,10,*,*,*,Female,*,>50K,19560
4,17,*,*,9,*,*,*,Female,*,<=50K,19561
4,18,*,*,9,*,*,*,Male,*,<=50K,19562
4,18,*,*,9,*,*,*,Male,*,>50K,19563
4,25,*,*,13,*,*,*,Female,*,<=50K,19565
4,18,*,*,9,*,*,*,Male,*,<=50K,19566
4,25,*,*,13,*,*,*,Female,*,<=50K,19568
4,18,*,*,9,*,*,*,Male,*,<=50K,19569
4,17,*,*,9,*,*,*,Female,*,<=50K,19570
4,17,*,*,9,*,*,*,Female,*,<=50K,19571
4,20,*,*,10,*,*,*,Male,*,<=50K,19572
4,12,*,*,6,*,*,*,Male,*,<=50K,19573
4,16,*,*,8,*,*,*,Male,*,<=50K,19574
4,24,*,*,12,*,*,*,Male,*,>50K,19575
4,18,*,*,9,*,*,*,Male,*,<=50K,19576
4,22,*,*,11,*,*,*,Male,*,<=50K,19577
4,18,*,*,9,*,*,*,Male,*,<=50K,19578
4,28,*,*,14,*,*,*,Male,*,<=50K,19579
4,18,*,*,9,*,*,*,Male,*,>50K,19580
4,14,*,*,7,*,*,*,Male,*,<=50K,19581
4,17,*,*,9,*,*,*,Female,*,<=50K,19582
4,19,*,*,10,*,*,*,Female,*,<=50K,19585
4,25,*,*,13,*,*,*,Female,*,<=50K,19586
4,20,*,*,10,*,*,*,Male,*,<=50K,19587
4,19,*,*,10,*,*,*,Female,*,<=50K,19588
4,21,*,*,11,*,*,*,Female,*,<=50K,19589
4,17,*,*,9,*,*,*,Female,*,<=50K,19590
4,18,*,*,9,*,*,*,Male,*,<=50K,19591
4,18,*,*,9,*,*,*,Male,*,<=50K,19592
4,18,*,*,9,*,*,*,Male,*,<=50K,19593
4,18,*,*,9,*,*,*,Male,*,<=50K,19594
4,25,*,*,13,*,*,*,Female,*,<=50K,19595
4,3,*,*,2,*,*,*,Female,*,<=50K,19596
4,18,*,*,9,*,*,*,Male,*,<=50K,19597
4,20,*,*,10,*,*,*,Male,*,<=50K,19600
4,17,*,*,9,*,*,*,Female,*,>50K,19602
4,27,*,*,14,*,*,*,Female,*,>50K,19603
4,19,*,*,10,*,*,*,Female,*,<=50K,19604
4,31,*,*,16,*,*,*,Female,*,>50K,19605
4,18,*,*,9,*,*,*,Male,*,<=50K,19606
4,18,*,*,9,*,*,*,Male,*,<=50K,19607
4,27,*,*,14,*,*,*,Female,*,<=50K,19608
4,26,*,*,13,*,*,*,Male,*,<=50K,19609
4,25,*,*,13,*,*,*,Female,*,<=50K,19611
4,23,*,*,12,*,*,*,Female,*,<=50K,19613
4,9,*,*,5,*,*,*,Female,*,<=50K,19614
4,20,*,*,10,*,*,*,Male,*,<=50K,19615
4,18,*,*,9,*,*,*,Male,*,<=50K,19616
4,18,*,*,9,*,*,*,Male,*,<=50K,19617
4,18,*,*,9,*,*,*,Male,*,<=50K,19618
4,28,*,*,14,*,*,*,Male,*,>50K,19619
4,12,*,*,6,*,*,*,Male,*,<=50K,19620
4,22,*,*,11,*,*,*,Male,*,>50K,19621
4,20,*,*,10,*,*,*,Male,*,>50K,19622
4,24,*,*,12,*,*,*,Male,*,<=50K,19623
4,24,*,*,12,*,*,*,Male,*,<=50K,19626
4,18,*,*,9,*,*,*,Male,*,>50K,19628
4,26,*,*,13,*,*,*,Male,*,<=50K,19633
4,20,*,*,10,*,*,*,Male,*,<=50K,19634
4,26,*,*,13,*,*,*,Male,*,>50K,19635
4,18,*,*,9,*,*,*,Male,*,<=50K,19636
4,17,*,*,9,*,*,*,Female,*,<=50K,19637
4,22,*,*,11,*,*,*,Male,*,<=50K,19638
4,18,*,*,9,*,*,*,Male,*,<=50K,19640
4,28,*,*,14,*,*,*,Male,*,>50K,19641
4,17,*,*,9,*,*,*,Female,*,<=50K,19642
4,12,*,*,6,*,*,*,Male,*,<=50K,19644
4,17,*,*,9,*,*,*,Female,*,<=50K,19645
4,17,*,*,9,*,*,*,Female,*,>50K,19646
4,18,*,*,9,*,*,*,Male,*,<=50K,19647
4,17,*,*,9,*,*,*,Female,*,<=50K,19648
4,26,*,*,13,*,*,*,Male,*,<=50K,19649
4,26,*,*,13,*,*,*,Male,*,>50K,19650
4,26,*,*,13,*,*,*,Male,*,<=50K,19654
4,32,*,*,16,*,*,*,Male,*,>50K,19655
4,24,*,*,12,*,*,*,Male,*,>50K,19656
4,25,*,*,13,*,*,*,Female,*,<=50K,19657
4,20,*,*,10,*,*,*,Male,*,<=50K,19658
4,18,*,*,9,*,*,*,Male,*,>50K,19661
4,22,*,*,11,*,*,*,Male,*,<=50K,19664
4,21,*,*,11,*,*,*,Female,*,<=50K,19665
4,11,*,*,6,*,*,*,Female,*,<=50K,19667
4,22,*,*,11,*,*,*,Male,*,>50K,19668
4,12,*,*,6,*,*,*,Male,*,<=50K,19669
4,25,*,*,13,*,*,*,Female,*,>50K,19672
4,18,*,*,9,*,*,*,Male,*,<=50K,19674
4,20,*,*,10,*,*,*,Male,*,>50K,19675
4,18,*,*,9,*,*,*,Male,*,<=50K,19676
4,28,*,*,14,*,*,*,Male,*,>50K,19677
4,26,*,*,13,*,*,*,Male,*,>50K,19678
4,18,*,*,9,*,*,*,Male,*,<=50K,19679
4,20,*,*,10,*,*,*,Male,*,<=50K,19680
4,19,*,*,10,*,*,*,Female,*,<=50K,19681
4,18,*,*,9,*,*,*,Male,*,<=50K,19682
4,18,*,*,9,*,*,*,Male,*,<=50K,19683
4,17,*,*,9,*,*,*,Female,*,<=50K,19684
4,18,*,*,9,*,*,*,Male,*,<=50K,19685
4,19,*,*,10,*,*,*,Female,*,<=50K,19686
4,18,*,*,9,*,*,*,Male,*,<=50K,19687
4,26,*,*,13,*,*,*,Male,*,<=50K,19689
4,18,*,*,9,*,*,*,Male,*,<=50K,19690
4,17,*,*,9,*,*,*,Female,*,<=50K,19691
4,20,*,*,10,*,*,*,Male,*,<=50K,19693
4,25,*,*,13,*,*,*,Female,*,<=50K,19695
4,17,*,*,9,*,*,*,Female,*,<=50K,19697
4,19,*,*,10,*,*,*,Female,*,<=50K,19700
4,17,*,*,9,*,*,*,Female,*,<=50K,19701
4,20,*,*,10,*,*,*,Male,*,<=50K,19702
4,26,*,*,13,*,*,*,Male,*,<=50K,19703
4,20,*,*,10,*,*,*,Male,*,<=50K,19704
4,15,*,*,8,*,*,*,Female,*,<=50K,19705
4,22,*,*,11,*,*,*,Male,*,<=50K,19706
4,22,*,*,11,*,*,*,Male,*,<=50K,19707
4,18,*,*,9,*,*,*,Male,*,<=50K,19708
4,18,*,*,9,*,*,*,Male,*,>50K,19711
4,20,*,*,10,*,*,*,Male,*,>50K,19712
4,12,*,*,6,*,*,*,Male,*,<=50K,19713
4,19,*,*,10,*,*,*,Female,*,<=50K,19714
4,20,*,*,10,*,*,*,Male,*,<=50K,19715
4,25,*,*,13,*,*,*,Female,*,<=50K,19716
4,11,*,*,6,*,*,*,Female,*,<=50K,19717
4,14,*,*,7,*,*,*,Male,*,<=50K,19718
4,11,*,*,6,*,*,*,Female,*,<=50K,19720
4,17,*,*,9,*,*,*,Female,*,<=50K,19721
4,18,*,*,9,*,*,*,Male,*,<=50K,19722
4,24,*,*,12,*,*,*,Male,*,<=50K,19723
4,20,*,*,10,*,*,*,Male,*,>50K,19724
4,6,*,*,3,*,*,*,Male,*,<=50K,19727
4,17,*,*,9,*,*,*,Female,*,<=50K,19728
4,19,*,*,10,*,*,*,Female,*,<=50K,19729
4,28,*,*,14,*,*,*,Male,*,>50K,19730
4,19,*,*,10,*,*,*,Female,*,<=50K,19731
4,26,*,*,13,*,*,*,Male,*,<=50K,19732
4,19,*,*,10,*,*,*,Female,*,<=50K,19733
4,17,*,*,9,*,*,*,Female,*,<=50K,19735
4,25,*,*,13,*,*,*,Female,*,<=50K,19736
4,6,*,*,3,*,*,*,Male,*,<=50K,19738
4,18,*,*,9,*,*,*,Male,*,<=50K,19740
4,18,*,*,9,*,*,*,Male,*,<=50K,19741
4,13,*,*,7,*,*,*,Female,*,<=50K,19742
4,20,*,*,10,*,*,*,Male,*,<=50K,19744
4,18,*,*,9,*,*,*,Male,*,<=50K,19745
4,18,*,*,9,*,*,*,Male,*,<=50K,19746
4,26,*,*,13,*,*,*,Male,*,<=50K,19747
4,19,*,*,10,*,*,*,Female,*,<=50K,19748
4,17,*,*,9,*,*,*,Female,*,<=50K,19749
4,19,*,*,10,*,*,*,Female,*,<=50K,19753
4,22,*,*,11,*,*,*,Male,*,<=50K,19756
4,18,*,*,9,*,*,*,Male,*,<=50K,19757
4,7,*,*,4,*,*,*,Female,*,<=50K,19758
4,20,*,*,10,*,*,*,Male,*,>50K,19759
4,17,*,*,9,*,*,*,Female,*,<=50K,19760
4,19,*,*,10,*,*,*,Female,*,<=50K,19761
4,18,*,*,9,*,*,*,Male,*,<=50K,19762
4,18,*,*,9,*,*,*,Male,*,<=50K,19764
4,26,*,*,13,*,*,*,Male,*,>50K,19765
4,27,*,*,14,*,*,*,Female,*,<=50K,19766
4,18,*,*,9,*,*,*,Male,*,<=50K,19767
4,22,*,*,11,*,*,*,Male,*,<=50K,19768
4,19,*,*,10,*,*,*,Female,*,>50K,19770
4,11,*,*,6,*,*,*,Female,*,<=50K,19771
4,14,*,*,7,*,*,*,Male,*,<=50K,19772
4,18,*,*,9,*,*,*,Male,*,>50K,19773
4,18,*,*,9,*,*,*,Male,*,<=50K,19775
4,25,*,*,13,*,*,*,Female,*,<=50K,19776
4,26,*,*,13,*,*,*,Male,*,>50K,19777
4,14,*,*,7,*,*,*,Male,*,<=50K,19778
4,19,*,*,10,*,*,*,Female,*,<=50K,19779
4,11,*,*,6,*,*,*,Female,*,<=50K,19780
4,30,*,*,15,*,*,*,Male,*,>50K,19781
4,18,*,*,9,*,*,*,Male,*,>50K,19782
4,18,*,*,9,*,*,*,Male,*,<=50K,19783
4,17,*,*,9,*,*,*,Female,*,<=50K,19784
4,17,*,*,9,*,*,*,Female,*,<=50K,19785
4,18,*,*,9,*,*,*,Male,*,<=50K,19786
4,19,*,*,10,*,*,*,Female,*,<=50K,19788
4,18,*,*,9,*,*,*,Male,*,>50K,19789
4,26,*,*,13,*,*,*,Male,*,<=50K,19790
4,18,*,*,9,*,*,*,Male,*,<=50K,19791
4,18,*,*,9,*,*,*,Male,*,<=50K,19796
4,14,*,*,7,*,*,*,Male,*,<=50K,19798
4,18,*,*,9,*,*,*,Male,*,<=50K,19799
4,14,*,*,7,*,*,*,Male,*,<=50K,19801
4,19,*,*,10,*,*,*,Female,*,<=50K,19802
4,18,*,*,9,*,*,*,Male,*,<=50K,19803
4,20,*,*,10,*,*,*,Male,*,<=50K,19804
4,18,*,*,9,*,*,*,Male,*,<=50K,19805
4,18,*,*,9,*,*,*,Male,*,<=50K,19806
4,12,*,*,6,*,*,*,Male,*,<=50K,19807
4,18,*,*,9,*,*,*,Male,*,<=50K,19808
4,14,*,*,7,*,*,*,Male,*,<=50K,19809
4,18,*,*,9,*,*,*,Male,*,<=50K,19810
4,14,*,*,7,*,*,*,Male,*,<=50K,19811
4,17,*,*,9,*,*,*,Female,*,<=50K,19812
4,18,*,*,9,*,*,*,Male,*,<=50K,19814
4,20,*,*,10,*,*,*,Male,*,<=50K,19815
4,28,*,*,14,*,*,*,Male,*,<=50K,19816
4,19,*,*,10,*,*,*,Female,*,<=50K,19817
4,8,*,*,4,*,*,*,Male,*,<=50K,19819
4,26,*,*,13,*,*,*,Male,*,<=50K,19820
4,25,*,*,13,*,*,*,Female,*,<=50K,19821
4,20,*,*,10,*,*,*,Male,*,<=50K,19822
4,11,*,*,6,*,*,*,Female,*,<=50K,19823
4,12,*,*,6,*,*,*,Male,*,<=50K,19824
4,20,*,*,10,*,*,*,Male,*,<=50K,19825
4,17,*,*,9,*,*,*,Female,*,<=50K,19826
4,18,*,*,9,*,*,*,Male,*,<=50K,19827
4,26,*,*,13,*,*,*,Male,*,<=50K,19831
4,17,*,*,9,*,*,*,Female,*,<=50K,19832
4,25,*,*,13,*,*,*,Female,*,<=50K,19833
4,23,*,*,12,*,*,*,Female,*,<=50K,19835
4,19,*,*,10,*,*,*,Female,*,<=50K,19836
4,26,*,*,13,*,*,*,Male,*,>50K,19837
4,18,*,*,9,*,*,*,Male,*,<=50K,19838
4,18,*,*,9,*,*,*,Male,*,>50K,19839
4,14,*,*,7,*,*,*,Male,*,<=50K,19840
4,19,*,*,10,*,*,*,Female,*,<=50K,19841
4,22,*,*,11,*,*,*,Male,*,<=50K,19842
4,8,*,*,4,*,*,*,Male,*,>50K,19843
4,27,*,*,14,*,*,*,Female,*,<=50K,19844
4,12,*,*,6,*,*,*,Male,*,<=50K,19845
4,17,*,*,9,*,*,*,Female,*,<=50K,19849
4,18,*,*,9,*,*,*,Male,*,<=50K,19850
4,26,*,*,13,*,*,*,Male,*,<=50K,19851
4,17,*,*,9,*,*,*,Female,*,<=50K,19852
4,17,*,*,9,*,*,*,Female,*,<=50K,19853
4,20,*,*,10,*,*,*,Male,*,<=50K,19854
4,26,*,*,13,*,*,*,Male,*,>50K,19855
4,19,*,*,10,*,*,*,Female,*,<=50K,19856
4,27,*,*,14,*,*,*,Female,*,<=50K,19857
4,18,*,*,9,*,*,*,Male,*,<=50K,19859
4,24,*,*,12,*,*,*,Male,*,>50K,19860
4,18,*,*,9,*,*,*,Male,*,<=50K,19861
4,31,*,*,16,*,*,*,Female,*,<=50K,19862
4,28,*,*,14,*,*,*,Male,*,<=50K,19863
4,19,*,*,10,*,*,*,Female,*,<=50K,19864
4,18,*,*,9,*,*,*,Male,*,<=50K,19865
4,18,*,*,9,*,*,*,Male,*,<=50K,19867
4,20,*,*,10,*,*,*,Male,*,<=50K,19868
4,11,*,*,6,*,*,*,Female,*,<=50K,19869
4,18,*,*,9,*,*,*,Male,*,<=50K,19870
4,7,*,*,4,*,*,*,Female,*,<=50K,19871
4,17,*,*,9,*,*,*,Female,*,<=50K,19872
4,18,*,*,9,*,*,*,Male,*,<=50K,19874
4,8,*,*,4,*,*,*,Male,*,<=50K,19875
4,7,*,*,4,*,*,*,Female,*,<=50K,19876
4,18,*,*,9,*,*,*,Male,*,<=50K,19877
4,26,*,*,13,*,*,*,Male,*,>50K,19879
4,22,*,*,11,*,*,*,Male,*,<=50K,19880
4,18,*,*,9,*,*,*,Male,*,<=50K,19883
4,18,*,*,9,*,*,*,Male,*,<=50K,19884
4,21,*,*,11,*,*,*,Female,*,>50K,19886
4,20,*,*,10,*,*,*,Male,*,<=50K,19887
4,17,*,*,9,*,*,*,Female,*,<=50K,19888
4,31,*,*,16,*,*,*,Female,*,>50K,19889
4,26,*,*,13,*,*,*,Male,*,>50K,19890
4,18,*,*,9,*,*,*,Male,*,<=50K,19891
4,14,*,*,7,*,*,*,Male,*,<=50K,19892
4,7,*,*,4,*,*,*,Female,*,<=50K,19893
4,18,*,*,9,*,*,*,Male,*,<=50K,19894
4,17,*,*,9,*,*,*,Female,*,<=50K,19895
4,20,*,*,10,*,*,*,Male,*,<=50K,19897
4,14,*,*,7,*,*,*,Male,*,<=50K,19899
4,19,*,*,10,*,*,*,Female,*,<=50K,19900
4,23,*,*,12,*,*,*,Female,*,<=50K,19902
4,17,*,*,9,*,*,*,Female,*,<=50K,19903
4,19,*,*,10,*,*,*,Female,*,<=50K,19904
4,26,*,*,13,*,*,*,Male,*,<=50K,19907
4,20,*,*,10,*,*,*,Male,*,>50K,19908
4,26,*,*,13,*,*,*,Male,*,<=50K,19909
4,18,*,*,9,*,*,*,Male,*,<=50K,19912
4,26,*,*,13,*,*,*,Male,*,<=50K,19913
4,18,*,*,9,*,*,*,Male,*,<=50K,19914
4,18,*,*,9,*,*,*,Male,*,<=50K,19915
4,19,*,*,10,*,*,*,Female,*,<=50K,19916
4,19,*,*,10,*,*,*,Female,*,<=50K,19917
4,16,*,*,8,*,*,*,Male,*,<=50K,19918
4,18,*,*,9,*,*,*,Male,*,>50K,19919
4,20,*,*,10,*,*,*,Male,*,>50K,19920
4,17,*,*,9,*,*,*,Female,*,<=50K,19922
4,21,*,*,11,*,*,*,Female,*,>50K,19923
4,26,*,*,13,*,*,*,Male,*,>50K,19925
4,24,*,*,12,*,*,*,Male,*,<=50K,19926
4,20,*,*,10,*,*,*,Male,*,>50K,19928
4,20,*,*,10,*,*,*,Male,*,<=50K,19929
4,28,*,*,14,*,*,*,Male,*,<=50K,19930
4,22,*,*,11,*,*,*,Male,*,>50K,19931
4,25,*,*,13,*,*,*,Female,*,<=50K,19932
4,18,*,*,9,*,*,*,Male,*,<=50K,19933
4,27,*,*,14,*,*,*,Female,*,<=50K,19934
4,19,*,*,10,*,*,*,Female,*,<=50K,19935
4,25,*,*,13,*,*,*,Female,*,<=50K,19936
4,28,*,*,14,*,*,*,Male,*,>50K,19937
4,20,*,*,10,*,*,*,Male,*,<=50K,19939
4,26,*,*,13,*,*,*,Male,*,<=50K,19940
4,17,*,*,9,*,*,*,Female,*,<=50K,19941
4,19,*,*,10,*,*,*,Female,*,<=50K,19942
4,20,*,*,10,*,*,*,Male,*,<=50K,19943
4,18,*,*,9,*,*,*,Male,*,<=50K,19944
4,22,*,*,11,*,*,*,Male,*,<=50K,19945
4,27,*,*,14,*,*,*,Female,*,<=50K,19947
4,28,*,*,14,*,*,*,Male,*,<=50K,19949
4,26,*,*,13,*,*,*,Male,*,<=50K,19950
4,18,*,*,9,*,*,*,Male,*,<=50K,19951
4,18,*,*,9,*,*,*,Male,*,>50K,19954
4,26,*,*,13,*,*,*,Male,*,>50K,19957
4,14,*,*,7,*,*,*,Male,*,<=50K,19958
4,26,*,*,13,*,*,*,Male,*,>50K,19959
4,18,*,*,9,*,*,*,Male,*,<=50K,19960
4,28,*,*,14,*,*,*,Male,*,<=50K,19961
4,10,*,*,5,*,*,*,Male,*,<=50K,19962
4,18,*,*,9,*,*,*,Male,*,<=50K,19963
4,17,*,*,9,*,*,*,Female,*,<=50K,19964
4,18,*,*,9,*,*,*,Male,*,<=50K,19965
4,17,*,*,9,*,*,*,Female,*,<=50K,19966
4,17,*,*,9,*,*,*,Female,*,<=50K,19967
4,20,*,*,10,*,*,*,Male,*,<=50K,19969
4,17,*,*,9,*,*,*,Female,*,<=50K,19970
4,24,*,*,12,*,*,*,Male,*,<=50K,19971
4,17,*,*,9,*,*,*,Female,*,<=50K,19972
4,20,*,*,10,*,*,*,Male,*,<=50K,19974
4,25,*,*,13,*,*,*,Female,*,<=50K,19975
4,21,*,*,11,*,*,*,Female,*,<=50K,19976
4,19,*,*,10,*,*,*,Female,*,<=50K,19977
4,15,*,*,8,*,*,*,Female,*,<=50K,19978
4,18,*,*,9,*,*,*,Male,*,<=50K,19979
4,6,*,*,3,*,*,*,Male,*,<=50K,19980
4,25,*,*,13,*,*,*,Female,*,<=50K,19981
4,18,*,*,9,*,*,*,Male,*,<=50K,19982
4,20,*,*,10,*,*,*,Male,*,>50K,19984
4,11,*,*,6,*,*,*,Female,*,<=50K,19985
4,26,*,*,13,*,*,*,Male,*,>50K,19987
4,20,*,*,10,*,*,*,Male,*,<=50K,19990
4,28,*,*,14,*,*,*,Male,*,>50K,19991
4,20,*,*,10,*,*,*,Male,*,>50K,19992
4,12,*,*,6,*,*,*,Male,*,<=50K,19994
4,26,*,*,13,*,*,*,Male,*,<=50K,19998
4,18,*,*,9,*,*,*,Male,*,<=50K,19999
4,8,*,*,4,*,*,*,Male,*,<=50K,20001
4,18,*,*,9,*,*,*,Male,*,<=50K,20002
4,18,*,*,9,*,*,*,Male,*,<=50K,20003
4,25,*,*,13,*,*,*,Female,*,<=50K,20004
4,23,*,*,12,*,*,*,Female,*,<=50K,20005
4,19,*,*,10,*,*,*,Female,*,<=50K,20008
4,12,*,*,6,*,*,*,Male,*,<=50K,20009
4,24,*,*,12,*,*,*,Male,*,<=50K,20010
4,26,*,*,13,*,*,*,Male,*,>50K,20011
4,18,*,*,9,*,*,*,Male,*,<=50K,20013
4,14,*,*,7,*,*,*,Male,*,<=50K,20014
4,30,*,*,15,*,*,*,Male,*,<=50K,20015
4,18,*,*,9,*,*,*,Male,*,<=50K,20016
4,18,*,*,9,*,*,*,Male,*,<=50K,20017
4,16,*,*,8,*,*,*,Male,*,<=50K,20018
4,18,*,*,9,*,*,*,Male,*,<=50K,20019
4,12,*,*,6,*,*,*,Male,*,<=50K,20021
4,19,*,*,10,*,*,*,Female,*,<=50K,20023
4,17,*,*,9,*,*,*,Female,*,<=50K,20024
4,12,*,*,6,*,*,*,Male,*,<=50K,20026
4,26,*,*,13,*,*,*,Male,*,>50K,20027
4,22,*,*,11,*,*,*,Male,*,<=50K,20028
4,17,*,*,9,*,*,*,Female,*,<=50K,20029
4,12,*,*,6,*,*,*,Male,*,<=50K,20031
4,23,*,*,12,*,*,*,Female,*,>50K,20032
4,20,*,*,10,*,*,*,Male,*,<=50K,20034
4,20,*,*,10,*,*,*,Male,*,>50K,20035
4,19,*,*,10,*,*,*,Female,*,<=50K,20036
4,22,*,*,11,*,*,*,Male,*,<=50K,20037
4,18,*,*,9,*,*,*,Male,*,<=50K,20038
4,18,*,*,9,*,*,*,Male,*,<=50K,20039
4,25,*,*,13,*,*,*,Female,*,<=50K,20040
4,18,*,*,9,*,*,*,Male,*,<=50K,20041
4,18,*,*,9,*,*,*,Male,*,<=50K,20042
4,10,*,*,5,*,*,*,Male,*,<=50K,20043
4,18,*,*,9,*,*,*,Male,*,<=50K,20044
4,26,*,*,13,*,*,*,Male,*,<=50K,20046
4,25,*,*,13,*,*,*,Female,*,<=50K,20047
4,13,*,*,7,*,*,*,Female,*,<=50K,20049
4,17,*,*,9,*,*,*,Female,*,<=50K,20050
4,8,*,*,4,*,*,*,Male,*,<=50K,20051
4,19,*,*,10,*,*,*,Female,*,<=50K,20052
4,18,*,*,9,*,*,*,Male,*,<=50K,20053
4,26,*,*,13,*,*,*,Male,*,<=50K,20054
4,27,*,*,14,*,*,*,Female,*,<=50K,20055
4,26,*,*,13,*,*,*,Male,*,<=50K,20056
4,19,*,*,10,*,*,*,Female,*,<=50K,20057
4,20,*,*,10,*,*,*,Male,*,<=50K,20058
4,25,*,*,13,*,*,*,Female,*,<=50K,20059
4,19,*,*,10,*,*,*,Female,*,<=50K,20060
4,20,*,*,10,*,*,*,Male,*,<=50K,20061
4,6,*,*,3,*,*,*,Male,*,<=50K,20062
4,26,*,*,13,*,*,*,Male,*,<=50K,20063
4,18,*,*,9,*,*,*,Male,*,<=50K,20064
4,18,*,*,9,*,*,*,Male,*,<=50K,20065
4,14,*,*,7,*,*,*,Male,*,<=50K,20066
4,16,*,*,8,*,*,*,Male,*,<=50K,20067
4,22,*,*,11,*,*,*,Male,*,<=50K,20068
4,26,*,*,13,*,*,*,Male,*,>50K,20069
4,20,*,*,10,*,*,*,Male,*,<=50K,20070
4,20,*,*,10,*,*,*,Male,*,<=50K,20072
4,26,*,*,13,*,*,*,Male,*,<=50K,20073
4,18,*,*,9,*,*,*,Male,*,>50K,20076
4,18,*,*,9,*,*,*,Male,*,>50K,20079
4,18,*,*,9,*,*,*,Male,*,<=50K,20080
4,26,*,*,13,*,*,*,Male,*,>50K,20081
4,26,*,*,13,*,*,*,Male,*,<=50K,20082
4,18,*,*,9,*,*,*,Male,*,<=50K,20083
4,20,*,*,10,*,*,*,Male,*,>50K,20084
4,24,*,*,12,*,*,*,Male,*,>50K,20086
4,26,*,*,13,*,*,*,Male,*,>50K,20087
4,18,*,*,9,*,*,*,Male,*,<=50K,20088
4,17,*,*,9,*,*,*,Female,*,<=50K,20089
4,17,*,*,9,*,*,*,Female,*,<=50K,20090
4,26,*,*,13,*,*,*,Male,*,<=50K,20091
4,4,*,*,2,*,*,*,Male,*,<=50K,20092
4,19,*,*,10,*,*,*,Female,*,<=50K,20093
4,22,*,*,11,*,*,*,Male,*,<=50K,20095
4,25,*,*,13,*,*,*,Female,*,<=50K,20096
4,15,*,*,8,*,*,*,Female,*,<=50K,20097
4,19,*,*,10,*,*,*,Female,*,<=50K,20098
4,18,*,*,9,*,*,*,Male,*,<=50K,20099
4,16,*,*,8,*,*,*,Male,*,>50K,20100
4,18,*,*,9,*,*,*,Male,*,<=50K,20101
4,25,*,*,13,*,*,*,Female,*,<=50K,20102
4,17,*,*,9,*,*,*,Female,*,<=50K,20103
4,20,*,*,10,*,*,*,Male,*,<=50K,20104
4,24,*,*,12,*,*,*,Male,*,<=50K,20105
4,26,*,*,13,*,*,*,Male,*,<=50K,20106
4,10,*,*,5,*,*,*,Male,*,<=50K,20107
4,27,*,*,14,*,*,*,Female,*,<=50K,20108
4,20,*,*,10,*,*,*,Male,*,<=50K,20109
4,32,*,*,16,*,*,*,Male,*,>50K,20110
4,18,*,*,9,*,*,*,Male,*,>50K,20112
4,18,*,*,9,*,*,*,Male,*,<=50K,20113
4,18,*,*,9,*,*,*,Male,*,<=50K,20114
4,26,*,*,13,*,*,*,Male,*,<=50K,20115
4,27,*,*,14,*,*,*,Female,*,>50K,20117
4,20,*,*,10,*,*,*,Male,*,<=50K,20119
4,20,*,*,10,*,*,*,Male,*,<=50K,20120
4,28,*,*,14,*,*,*,Male,*,>50K,20121
4,28,*,*,14,*,*,*,Male,*,>50K,20122
4,23,*,*,12,*,*,*,Female,*,<=50K,20123
4,18,*,*,9,*,*,*,Male,*,<=50K,20124
4,18,*,*,9,*,*,*,Male,*,<=50K,20125
4,20,*,*,10,*,*,*,Male,*,<=50K,20127
4,18,*,*,9,*,*,*,Male,*,<=50K,20128
4,20,*,*,10,*,*,*,Male,*,<=50K,20130
4,26,*,*,13,*,*,*,Male,*,<=50K,20132
4,18,*,*,9,*,*,*,Male,*,<=50K,20133
4,19,*,*,10,*,*,*,Female,*,<=50K,20134
4,18,*,*,9,*,*,*,Male,*,<=50K,20135
4,26,*,*,13,*,*,*,Male,*,<=50K,20136
4,25,*,*,13,*,*,*,Female,*,>50K,20138
4,21,*,*,11,*,*,*,Female,*,<=50K,20139
4,12,*,*,6,*,*,*,Male,*,<=50K,20141
4,17,*,*,9,*,*,*,Female,*,<=50K,20142
4,26,*,*,13,*,*,*,Male,*,>50K,20143
4,22,*,*,11,*,*,*,Male,*,<=50K,20144
4,28,*,*,14,*,*,*,Male,*,<=50K,20145
4,18,*,*,9,*,*,*,Male,*,<=50K,20146
4,18,*,*,9,*,*,*,Male,*,<=50K,20147
4,17,*,*,9,*,*,*,Female,*,<=50K,20148
4,19,*,*,10,*,*,*,Female,*,<=50K,20149
4,8,*,*,4,*,*,*,Male,*,>50K,20150
4,28,*,*,14,*,*,*,Male,*,>50K,20151
4,18,*,*,9,*,*,*,Male,*,<=50K,20152
4,20,*,*,10,*,*,*,Male,*,<=50K,20154
4,24,*,*,12,*,*,*,Male,*,<=50K,20155
4,24,*,*,12,*,*,*,Male,*,>50K,20156
4,21,*,*,11,*,*,*,Female,*,<=50K,20157
4,28,*,*,14,*,*,*,Male,*,>50K,20158
4,8,*,*,4,*,*,*,Male,*,<=50K,20159
4,22,*,*,11,*,*,*,Male,*,<=50K,20160
4,19,*,*,10,*,*,*,Female,*,<=50K,20161
4,25,*,*,13,*,*,*,Female,*,<=50K,20162
4,18,*,*,9,*,*,*,Male,*,>50K,20163
4,18,*,*,9,*,*,*,Male,*,<=50K,20164
4,20,*,*,10,*,*,*,Male,*,<=50K,20165
4,17,*,*,9,*,*,*,Female,*,<=50K,20166
4,16,*,*,8,*,*,*,Male,*,<=50K,20167
4,17,*,*,9,*,*,*,Female,*,<=50K,20170
4,20,*,*,10,*,*,*,Male,*,<=50K,20174
4,27,*,*,14,*,*,*,Female,*,>50K,20175
4,19,*,*,10,*,*,*,Female,*,<=50K,20176
4,8,*,*,4,*,*,*,Male,*,<=50K,20177
4,17,*,*,9,*,*,*,Female,*,<=50K,20178
4,26,*,*,13,*,*,*,Male,*,<=50K,20179
4,26,*,*,13,*,*,*,Male,*,>50K,20181
4,18,*,*,9,*,*,*,Male,*,<=50K,20182
4,22,*,*,11,*,*,*,Male,*,>50K,20183
4,26,*,*,13,*,*,*,Male,*,<=50K,20184
4,18,*,*,9,*,*,*,Male,*,>50K,20186
4,17,*,*,9,*,*,*,Female,*,<=50K,20187
4,22,*,*,11,*,*,*,Male,*,>50K,20188
4,11,*,*,6,*,*,*,Female,*,>50K,20189
4,25,*,*,13,*,*,*,Female,*,<=50K,20191
4,19,*,*,10,*,*,*,Female,*,>50K,20192
4,22,*,*,11,*,*,*,Male,*,<=50K,20194
4,20,*,*,10,*,*,*,Male,*,<=50K,20196
4,19,*,*,10,*,*,*,Female,*,<=50K,20197
4,20,*,*,10,*,*,*,Male,*,<=50K,20198
4,28,*,*,14,*,*,*,Male,*,<=50K,20199
4,20,*,*,10,*,*,*,Male,*,<=50K,20200
4,22,*,*,11,*,*,*,Male,*,<=50K,20201
4,20,*,*,10,*,*,*,Male,*,<=50K,20202
4,17,*,*,9,*,*,*,Female,*,<=50K,20204
4,19,*,*,10,*,*,*,Female,*,<=50K,20205
4,8,*,*,4,*,*,*,Male,*,<=50K,20206
4,28,*,*,14,*,*,*,Male,*,>50K,20207
4,30,*,*,15,*,*,*,Male,*,>50K,20208
4,26,*,*,13,*,*,*,Male,*,>50K,20211
4,26,*,*,13,*,*,*,Male,*,<=50K,20212
4,18,*,*,9,*,*,*,Male,*,<=50K,20213
4,24,*,*,12,*,*,*,Male,*,>50K,20215
4,4,*,*,2,*,*,*,Male,*,<=50K,20217
4,22,*,*,11,*,*,*,Male,*,<=50K,20219
4,18,*,*,9,*,*,*,Male,*,<=50K,20220
4,26,*,*,13,*,*,*,Male,*,<=50K,20221
4,17,*,*,9,*,*,*,Female,*,<=50K,20222
4,18,*,*,9,*,*,*,Male,*,<=50K,20223
4,8,*,*,4,*,*,*,Male,*,<=50K,20224
4,11,*,*,6,*,*,*,Female,*,<=50K,20225
4,18,*,*,9,*,*,*,Male,*,<=50K,20226
4,14,*,*,7,*,*,*,Male,*,<=50K,20227
4,17,*,*,9,*,*,*,Female,*,<=50K,20229
4,17,*,*,9,*,*,*,Female,*,<=50K,20230
4,12,*,*,6,*,*,*,Male,*,<=50K,20231
4,17,*,*,9,*,*,*,Female,*,<=50K,20232
4,20,*,*,10,*,*,*,Male,*,<=50K,20233
4,20,*,*,10,*,*,*,Male,*,<=50K,20235
4,18,*,*,9,*,*,*,Male,*,<=50K,20237
4,20,*,*,10,*,*,*,Male,*,<=50K,20238
4,25,*,*,13,*,*,*,Female,*,<=50K,20239
4,30,*,*,15,*,*,*,Male,*,>50K,20240
4,23,*,*,12,*,*,*,Female,*,<=50K,20241
4,17,*,*,9,*,*,*,Female,*,<=50K,20242
4,26,*,*,13,*,*,*,Male,*,<=50K,20243
4,20,*,*,10,*,*,*,Male,*,<=50K,20244
4,26,*,*,13,*,*,*,Male,*,>50K,20245
4,18,*,*,9,*,*,*,Male,*,<=50K,20246
4,26,*,*,13,*,*,*,Male,*,>50K,20247
4,25,*,*,13,*,*,*,Female,*,<=50K,20248
4,20,*,*,10,*,*,*,Male,*,<=50K,20249
4,20,*,*,10,*,*,*,Male,*,>50K,20250
4,31,*,*,16,*,*,*,Female,*,<=50K,20251
4,20,*,*,10,*,*,*,Male,*,<=50K,20253
4,17,*,*,9,*,*,*,Female,*,<=50K,20254
4,28,*,*,14,*,*,*,Male,*,<=50K,20256
4,18,*,*,9,*,*,*,Male,*,<=50K,20257
4,14,*,*,7,*,*,*,Male,*,<=50K,20259
4,18,*,*,9,*,*,*,Male,*,>50K,20260
4,26,*,*,13,*,*,*,Male,*,>50K,20261
4,12,*,*,6,*,*,*,Male,*,<=50K,20263
4,25,*,*,13,*,*,*,Female,*,<=50K,20264
4,19,*,*,10,*,*,*,Female,*,<=50K,20265
4,17,*,*,9,*,*,*,Female,*,<=50K,20266
4,20,*,*,10,*,*,*,Male,*,<=50K,20267
4,18,*,*,9,*,*,*,Male,*,<=50K,20268
4,14,*,*,7,*,*,*,Male,*,<=50K,20269
4,20,*,*,10,*,*,*,Male,*,<=50K,20270
4,19,*,*,10,*,*,*,Female,*,<=50K,20271
4,26,*,*,13,*,*,*,Male,*,>50K,20272
4,16,*,*,8,*,*,*,Male,*,<=50K,20274
4,10,*,*,5,*,*,*,Male,*,<=50K,20276
4,25,*,*,13,*,*,*,Female,*,<=50K,20277
4,12,*,*,6,*,*,*,Male,*,<=50K,20279
4,14,*,*,7,*,*,*,Male,*,>50K,20280
4,20,*,*,10,*,*,*,Male,*,<=50K,20281
4,26,*,*,13,*,*,*,Male,*,>50K,20283
4,20,*,*,10,*,*,*,Male,*,>50K,20285
4,18,*,*,9,*,*,*,Male,*,<=50K,20286
4,19,*,*,10,*,*,*,Female,*,<=50K,20287
4,22,*,*,11,*,*,*,Male,*,>50K,20289
4,18,*,*,9,*,*,*,Male,*,<=50K,20290
4,13,*,*,7,*,*,*,Female,*,<=50K,20292
4,26,*,*,13,*,*,*,Male,*,>50K,20293
4,20,*,*,10,*,*,*,Male,*,<=50K,20294
4,19,*,*,10,*,*,*,Female,*,<=50K,20295
4,20,*,*,10,*,*,*,Male,*,>50K,20296
4,18,*,*,9,*,*,*,Male,*,<=50K,20297
4,20,*,*,10,*,*,*,Male,*,<=50K,20298
4,27,*,*,14,*,*,*,Female,*,>50K,20299
4,20,*,*,10,*,*,*,Male,*,<=50K,20302
4,17,*,*,9,*,*,*,Female,*,<=50K,20303
4,18,*,*,9,*,*,*,Male,*,<=50K,20304
4,32,*,*,16,*,*,*,Male,*,>50K,20306
4,19,*,*,10,*,*,*,Female,*,<=50K,20308
4,25,*,*,13,*,*,*,Female,*,>50K,20309
4,10,*,*,5,*,*,*,Male,*,<=50K,20310
4,14,*,*,7,*,*,*,Male,*,<=50K,20311
4,18,*,*,9,*,*,*,Male,*,<=50K,20312
4,19,*,*,10,*,*,*,Female,*,<=50K,20313
4,19,*,*,10,*,*,*,Female,*,<=50K,20314
4,11,*,*,6,*,*,*,Female,*,<=50K,20315
4,18,*,*,9,*,*,*,Male,*,<=50K,20317
4,20,*,*,10,*,*,*,Male,*,<=50K,20318
4,20,*,*,10,*,*,*,Male,*,>50K,20319
4,17,*,*,9,*,*,*,Female,*,<=50K,20320
4,18,*,*,9,*,*,*,Male,*,<=50K,20322
4,8,*,*,4,*,*,*,Male,*,>50K,20324
4,19,*,*,10,*,*,*,Female,*,<=50K,20325
4,11,*,*,6,*,*,*,Female,*,<=50K,20327
4,17,*,*,9,*,*,*,Female,*,<=50K,20328
4,25,*,*,13,*,*,*,Female,*,<=50K,20329
4,26,*,*,13,*,*,*,Male,*,<=50K,20330
4,7,*,*,4,*,*,*,Female,*,<=50K,20331
4,18,*,*,9,*,*,*,Male,*,<=50K,20332
4,18,*,*,9,*,*,*,Male,*,<=50K,20333
4,28,*,*,14,*,*,*,Male,*,<=50K,20335
4,14,*,*,7,*,*,*,Male,*,<=50K,20336
4,26,*,*,13,*,*,*,Male,*,<=50K,20337
4,18,*,*,9,*,*,*,Male,*,<=50K,20338
4,18,*,*,9,*,*,*,Male,*,<=50K,20342
4,14,*,*,7,*,*,*,Male,*,<=50K,20343
4,25,*,*,13,*,*,*,Female,*,<=50K,20345
4,18,*,*,9,*,*,*,Male,*,<=50K,20347
4,20,*,*,10,*,*,*,Male,*,>50K,20348
4,19,*,*,10,*,*,*,Female,*,<=50K,20349
4,6,*,*,3,*,*,*,Male,*,<=50K,20350
4,20,*,*,10,*,*,*,Male,*,>50K,20351
4,18,*,*,9,*,*,*,Male,*,<=50K,20352
4,19,*,*,10,*,*,*,Female,*,<=50K,20353
4,20,*,*,10,*,*,*,Male,*,>50K,20354
4,20,*,*,10,*,*,*,Male,*,<=50K,20355
4,8,*,*,4,*,*,*,Male,*,<=50K,20357
4,19,*,*,10,*,*,*,Female,*,<=50K,20358
4,16,*,*,8,*,*,*,Male,*,<=50K,20359
4,18,*,*,9,*,*,*,Male,*,<=50K,20360
4,18,*,*,9,*,*,*,Male,*,>50K,20361
4,19,*,*,10,*,*,*,Female,*,<=50K,20362
4,18,*,*,9,*,*,*,Male,*,>50K,20363
4,14,*,*,7,*,*,*,Male,*,<=50K,20364
4,20,*,*,10,*,*,*,Male,*,<=50K,20365
4,17,*,*,9,*,*,*,Female,*,<=50K,20366
4,18,*,*,9,*,*,*,Male,*,<=50K,20367
4,20,*,*,10,*,*,*,Male,*,>50K,20368
4,20,*,*,10,*,*,*,Male,*,>50K,20369
4,19,*,*,10,*,*,*,Female,*,<=50K,20370
4,26,*,*,13,*,*,*,Male,*,<=50K,20371
4,26,*,*,13,*,*,*,Male,*,<=50K,20372
4,18,*,*,9,*,*,*,Male,*,<=50K,20373
4,18,*,*,9,*,*,*,Male,*,<=50K,20375
4,13,*,*,7,*,*,*,Female,*,<=50K,20376
4,18,*,*,9,*,*,*,Male,*,<=50K,20377
4,20,*,*,10,*,*,*,Male,*,>50K,20378
4,20,*,*,10,*,*,*,Male,*,<=50K,20379
4,14,*,*,7,*,*,*,Male,*,>50K,20380
4,19,*,*,10,*,*,*,Female,*,<=50K,20381
4,26,*,*,13,*,*,*,Male,*,>50K,20382
4,17,*,*,9,*,*,*,Female,*,>50K,20383
4,21,*,*,11,*,*,*,Female,*,<=50K,20385
4,20,*,*,10,*,*,*,Male,*,<=50K,20387
4,22,*,*,11,*,*,*,Male,*,<=50K,20388
4,20,*,*,10,*,*,*,Male,*,>50K,20389
4,20,*,*,10,*,*,*,Male,*,>50K,20390
4,13,*,*,7,*,*,*,Female,*,<=50K,20391
4,28,*,*,14,*,*,*,Male,*,>50K,20392
4,18,*,*,9,*,*,*,Male,*,<=50K,20393
4,24,*,*,12,*,*,*,Male,*,<=50K,20394
4,17,*,*,9,*,*,*,Female,*,<=50K,20395
4,16,*,*,8,*,*,*,Male,*,<=50K,20396
4,17,*,*,9,*,*,*,Female,*,<=50K,20397
4,19,*,*,10,*,*,*,Female,*,<=50K,20398
4,26,*,*,13,*,*,*,Male,*,<=50K,20400
4,6,*,*,3,*,*,*,Male,*,<=50K,20401
4,18,*,*,9,*,*,*,Male,*,<=50K,20402
4,22,*,*,11,*,*,*,Male,*,<=50K,20403
4,28,*,*,14,*,*,*,Male,*,>50K,20404
4,17,*,*,9,*,*,*,Female,*,<=50K,20405
4,20,*,*,10,*,*,*,Male,*,<=50K,20406
4,18,*,*,9,*,*,*,Male,*,<=50K,20407
4,30,*,*,15,*,*,*,Male,*,<=50K,20408
4,27,*,*,14,*,*,*,Female,*,<=50K,20410
4,26,*,*,13,*,*,*,Male,*,<=50K,20411
4,23,*,*,12,*,*,*,Female,*,<=50K,20412
4,12,*,*,6,*,*,*,Male,*,<=50K,20413
4,14,*,*,7,*,*,*,Male,*,<=50K,20414
4,18,*,*,9,*,*,*,Male,*,<=50K,20415
4,20,*,*,10,*,*,*,Male,*,>50K,20417
4,18,*,*,9,*,*,*,Male,*,<=50K,20418
4,20,*,*,10,*,*,*,Male,*,<=50K,20419
4,20,*,*,10,*,*,*,Male,*,<=50K,20420
4,20,*,*,10,*,*,*,Male,*,<=50K,20421
4,9,*,*,5,*,*,*,Female,*,<=50K,20422
4,18,*,*,9,*,*,*,Male,*,<=50K,20423
4,20,*,*,10,*,*,*,Male,*,>50K,20424
4,18,*,*,9,*,*,*,Male,*,<=50K,20425
4,17,*,*,9,*,*,*,Female,*,<=50K,20426
4,17,*,*,9,*,*,*,Female,*,<=50K,20427
4,2,*,*,1,*,*,*,Male,*,<=50K,20428
4,30,*,*,15,*,*,*,Male,*,>50K,20430
4,20,*,*,10,*,*,*,Male,*,<=50K,20431
4,19,*,*,10,*,*,*,Female,*,<=50K,20432
4,13,*,*,7,*,*,*,Female,*,<=50K,20435
4,17,*,*,9,*,*,*,Female,*,<=50K,20436
4,18,*,*,9,*,*,*,Male,*,<=50K,20437
4,19,*,*,10,*,*,*,Female,*,<=50K,20438
4,19,*,*,10,*,*,*,Female,*,<=50K,20439
4,10,*,*,5,*,*,*,Male,*,<=50K,20441
4,18,*,*,9,*,*,*,Male,*,<=50K,20442
4,25,*,*,13,*,*,*,Female,*,<=50K,20443
4,12,*,*,6,*,*,*,Male,*,<=50K,20444
4,25,*,*,13,*,*,*,Female,*,<=50K,20445
4,19,*,*,10,*,*,*,Female,*,<=50K,20446
4,17,*,*,9,*,*,*,Female,*,<=50K,20447
4,20,*,*,10,*,*,*,Male,*,<=50K,20448
4,20,*,*,10,*,*,*,Male,*,>50K,20449
4,21,*,*,11,*,*,*,Female,*,<=50K,20451
4,20,*,*,10,*,*,*,Male,*,>50K,20453
4,17,*,*,9,*,*,*,Female,*,<=50K,20454
4,26,*,*,13,*,*,*,Male,*,<=50K,20455
4,17,*,*,9,*,*,*,Female,*,<=50K,20456
4,26,*,*,13,*,*,*,Male,*,>50K,20458
4,17,*,*,9,*,*,*,Female,*,<=50K,20459
4,22,*,*,11,*,*,*,Male,*,<=50K,20460
4,14,*,*,7,*,*,*,Male,*,<=50K,20461
4,17,*,*,9,*,*,*,Female,*,<=50K,20462
4,31,*,*,16,*,*,*,Female,*,<=50K,20463
4,26,*,*,13,*,*,*,Male,*,>50K,20464
4,18,*,*,9,*,*,*,Male,*,<=50K,20466
4,17,*,*,9,*,*,*,Female,*,>50K,20467
4,26,*,*,13,*,*,*,Male,*,>50K,20468
4,25,*,*,13,*,*,*,Female,*,>50K,20470
4,26,*,*,13,*,*,*,Male,*,>50K,20471
4,17,*,*,9,*,*,*,Female,*,<=50K,20472
4,18,*,*,9,*,*,*,Male,*,<=50K,20473
4,12,*,*,6,*,*,*,Male,*,<=50K,20474
4,20,*,*,10,*,*,*,Male,*,<=50K,20475
4,25,*,*,13,*,*,*,Female,*,<=50K,20476
4,14,*,*,7,*,*,*,Male,*,<=50K,20477
4,17,*,*,9,*,*,*,Female,*,<=50K,20478
4,6,*,*,3,*,*,*,Male,*,<=50K,20480
4,22,*,*,11,*,*,*,Male,*,<=50K,20481
4,17,*,*,9,*,*,*,Female,*,<=50K,20482
4,17,*,*,9,*,*,*,Female,*,<=50K,20483
4,4,*,*,2,*,*,*,Male,*,<=50K,20484
4,12,*,*,6,*,*,*,Male,*,<=50K,20486
4,20,*,*,10,*,*,*,Male,*,<=50K,20487
4,18,*,*,9,*,*,*,Male,*,<=50K,20488
4,18,*,*,9,*,*,*,Male,*,<=50K,20490
4,12,*,*,6,*,*,*,Male,*,>50K,20491
4,14,*,*,7,*,*,*,Male,*,<=50K,20492
4,17,*,*,9,*,*,*,Female,*,<=50K,20493
4,18,*,*,9,*,*,*,Male,*,<=50K,20496
4,17,*,*,9,*,*,*,Female,*,<=50K,20497
4,19,*,*,10,*,*,*,Female,*,<=50K,20498
4,18,*,*,9,*,*,*,Male,*,<=50K,20499
4,14,*,*,7,*,*,*,Male,*,<=50K,20501
4,21,*,*,11,*,*,*,Female,*,<=50K,20503
4,25,*,*,13,*,*,*,Female,*,<=50K,20504
4,26,*,*,13,*,*,*,Male,*,>50K,20505
4,17,*,*,9,*,*,*,Female,*,<=50K,20506
4,18,*,*,9,*,*,*,Male,*,<=50K,20507
4,11,*,*,6,*,*,*,Female,*,<=50K,20508
4,17,*,*,9,*,*,*,Female,*,<=50K,20509
4,32,*,*,16,*,*,*,Male,*,>50K,20510
4,26,*,*,13,*,*,*,Male,*,>50K,20512
4,22,*,*,11,*,*,*,Male,*,<=50K,20514
4,26,*,*,13,*,*,*,Male,*,>50K,20515
4,20,*,*,10,*,*,*,Male,*,<=50K,20516
4,26,*,*,13,*,*,*,Male,*,>50K,20517
4,25,*,*,13,*,*,*,Female,*,>50K,20520
4,20,*,*,10,*,*,*,Male,*,<=50K,20521
4,22,*,*,11,*,*,*,Male,*,<=50K,20522
4,20,*,*,10,*,*,*,Male,*,<=50K,20523
4,19,*,*,10,*,*,*,Female,*,<=50K,20524
4,25,*,*,13,*,*,*,Female,*,<=50K,20526
4,14,*,*,7,*,*,*,Male,*,<=50K,20527
4,17,*,*,9,*,*,*,Female,*,<=50K,20528
4,20,*,*,10,*,*,*,Male,*,<=50K,20529
4,20,*,*,10,*,*,*,Male,*,>50K,20530
4,18,*,*,9,*,*,*,Male,*,<=50K,20531
4,20,*,*,10,*,*,*,Male,*,<=50K,20534
4,17,*,*,9,*,*,*,Female,*,<=50K,20535
4,20,*,*,10,*,*,*,Male,*,>50K,20536
4,17,*,*,9,*,*,*,Female,*,<=50K,20537
4,26,*,*,13,*,*,*,Male,*,<=50K,20539
4,26,*,*,13,*,*,*,Male,*,<=50K,20541
4,17,*,*,9,*,*,*,Female,*,<=50K,20542
4,25,*,*,13,*,*,*,Female,*,<=50K,20543
4,17,*,*,9,*,*,*,Female,*,<=50K,20545
4,26,*,*,13,*,*,*,Male,*,<=50K,20546
4,19,*,*,10,*,*,*,Female,*,<=50K,20547
4,20,*,*,10,*,*,*,Male,*,<=50K,20548
4,18,*,*,9,*,*,*,Male,*,>50K,20549
4,14,*,*,7,*,*,*,Male,*,<=50K,20550
4,12,*,*,6,*,*,*,Male,*,<=50K,20552
4,24,*,*,12,*,*,*,Male,*,>50K,20553
4,23,*,*,12,*,*,*,Female,*,<=50K,20554
4,26,*,*,13,*,*,*,Male,*,>50K,20556
4,19,*,*,10,*,*,*,Female,*,<=50K,20557
4,8,*,*,4,*,*,*,Male,*,<=50K,20558
4,20,*,*,10,*,*,*,Male,*,>50K,20559
4,27,*,*,14,*,*,*,Female,*,>50K,20561
4,25,*,*,13,*,*,*,Female,*,<=50K,20562
4,17,*,*,9,*,*,*,Female,*,<=50K,20563
4,14,*,*,7,*,*,*,Male,*,<=50K,20564
4,17,*,*,9,*,*,*,Female,*,<=50K,20566
4,27,*,*,14,*,*,*,Female,*,<=50K,20567
4,18,*,*,9,*,*,*,Male,*,<=50K,20568
4,21,*,*,11,*,*,*,Female,*,<=50K,20569
4,24,*,*,12,*,*,*,Male,*,<=50K,20570
4,18,*,*,9,*,*,*,Male,*,<=50K,20572
4,20,*,*,10,*,*,*,Male,*,<=50K,20574
4,18,*,*,9,*,*,*,Male,*,<=50K,20575
4,25,*,*,13,*,*,*,Female,*,<=50K,20576
4,20,*,*,10,*,*,*,Male,*,<=50K,20577
4,17,*,*,9,*,*,*,Female,*,<=50K,20578
4,26,*,*,13,*,*,*,Male,*,<=50K,20579
4,26,*,*,13,*,*,*,Male,*,<=50K,20580
4,20,*,*,10,*,*,*,Male,*,<=50K,20581
4,18,*,*,9,*,*,*,Male,*,>50K,20582
4,26,*,*,13,*,*,*,Male,*,>50K,20584
4,23,*,*,12,*,*,*,Female,*,>50K,20585
4,17,*,*,9,*,*,*,Female,*,<=50K,20586
4,15,*,*,8,*,*,*,Female,*,<=50K,20587
4,26,*,*,13,*,*,*,Male,*,>50K,20588
4,21,*,*,11,*,*,*,Female,*,<=50K,20589
4,18,*,*,9,*,*,*,Male,*,<=50K,20590
4,22,*,*,11,*,*,*,Male,*,>50K,20591
4,14,*,*,7,*,*,*,Male,*,<=50K,20592
4,18,*,*,9,*,*,*,Male,*,<=50K,20594
4,17,*,*,9,*,*,*,Female,*,<=50K,20595
4,20,*,*,10,*,*,*,Male,*,<=50K,20596
4,12,*,*,6,*,*,*,Male,*,<=50K,20597
4,26,*,*,13,*,*,*,Male,*,>50K,20598
4,18,*,*,9,*,*,*,Male,*,<=50K,20599
4,26,*,*,13,*,*,*,Male,*,<=50K,20601
4,18,*,*,9,*,*,*,Male,*,<=50K,20602
4,26,*,*,13,*,*,*,Male,*,<=50K,20603
4,25,*,*,13,*,*,*,Female,*,<=50K,20604
4,19,*,*,10,*,*,*,Female,*,<=50K,20605
4,22,*,*,11,*,*,*,Male,*,<=50K,20606
4,18,*,*,9,*,*,*,Male,*,<=50K,20607
4,19,*,*,10,*,*,*,Female,*,<=50K,20609
4,15,*,*,8,*,*,*,Female,*,<=50K,20610
4,19,*,*,10,*,*,*,Female,*,<=50K,20613
4,19,*,*,10,*,*,*,Female,*,<=50K,20614
4,20,*,*,10,*,*,*,Male,*,<=50K,20615
4,18,*,*,9,*,*,*,Male,*,<=50K,20616
4,32,*,*,16,*,*,*,Male,*,<=50K,20617
4,22,*,*,11,*,*,*,Male,*,<=50K,20618
4,17,*,*,9,*,*,*,Female,*,<=50K,20619
4,18,*,*,9,*,*,*,Male,*,<=50K,20621
4,20,*,*,10,*,*,*,Male,*,<=50K,20623
4,20,*,*,10,*,*,*,Male,*,<=50K,20624
4,26,*,*,13,*,*,*,Male,*,>50K,20625
4,17,*,*,9,*,*,*,Female,*,<=50K,20626
4,18,*,*,9,*,*,*,Male,*,<=50K,20627
4,26,*,*,13,*,*,*,Male,*,>50K,20629
4,24,*,*,12,*,*,*,Male,*,<=50K,20630
4,16,*,*,8,*,*,*,Male,*,<=50K,20632
4,25,*,*,13,*,*,*,Female,*,<=50K,20633
4,17,*,*,9,*,*,*,Female,*,<=50K,20635
4,19,*,*,10,*,*,*,Female,*,<=50K,20636
4,24,*,*,12,*,*,*,Male,*,>50K,20637
4,22,*,*,11,*,*,*,Male,*,<=50K,20638
4,25,*,*,13,*,*,*,Female,*,<=50K,20639
4,20,*,*,10,*,*,*,Male,*,<=50K,20640
4,28,*,*,14,*,*,*,Male,*,<=50K,20641
4,16,*,*,8,*,*,*,Male,*,<=50K,20642
4,17,*,*,9,*,*,*,Female,*,<=50K,20643
4,25,*,*,13,*,*,*,Female,*,<=50K,20644
4,26,*,*,13,*,*,*,Male,*,<=50K,20645
4,18,*,*,9,*,*,*,Male,*,<=50K,20646
4,26,*,*,13,*,*,*,Male,*,<=50K,20647
4,6,*,*,3,*,*,*,Male,*,<=50K,20650
4,18,*,*,9,*,*,*,Male,*,<=50K,20651
4,20,*,*,10,*,*,*,Male,*,<=50K,20652
4,18,*,*,9,*,*,*,Male,*,>50K,20653
4,19,*,*,10,*,*,*,Female,*,<=50K,20654
4,19,*,*,10,*,*,*,Female,*,<=50K,20655
4,20,*,*,10,*,*,*,Male,*,<=50K,20656
4,19,*,*,10,*,*,*,Female,*,<=50K,20657
4,19,*,*,10,*,*,*,Female,*,<=50K,20658
4,20,*,*,10,*,*,*,Male,*,<=50K,20659
4,18,*,*,9,*,*,*,Male,*,<=50K,20661
4,29,*,*,15,*,*,*,Female,*,>50K,20662
4,9,*,*,5,*,*,*,Female,*,<=50K,20663
4,20,*,*,10,*,*,*,Male,*,<=50K,20664
4,18,*,*,9,*,*,*,Male,*,<=50K,20665
4,18,*,*,9,*,*,*,Male,*,<=50K,20666
4,18,*,*,9,*,*,*,Male,*,<=50K,20667
4,26,*,*,13,*,*,*,Male,*,<=50K,20669
4,20,*,*,10,*,*,*,Male,*,<=50K,20670
4,8,*,*,4,*,*,*,Male,*,<=50K,20671
4,10,*,*,5,*,*,*,Male,*,<=50K,20672
4,18,*,*,9,*,*,*,Male,*,<=50K,20673
4,18,*,*,9,*,*,*,Male,*,<=50K,20674
4,17,*,*,9,*,*,*,Female,*,<=50K,20675
4,18,*,*,9,*,*,*,Male,*,<=50K,20677
4,18,*,*,9,*,*,*,Male,*,<=50K,20678
4,18,*,*,9,*,*,*,Male,*,<=50K,20679
4,19,*,*,10,*,*,*,Female,*,<=50K,20680
4,17,*,*,9,*,*,*,Female,*,<=50K,20681
4,18,*,*,9,*,*,*,Male,*,<=50K,20683
4,28,*,*,14,*,*,*,Male,*,>50K,20684
4,20,*,*,10,*,*,*,Male,*,<=50K,20685
4,10,*,*,5,*,*,*,Male,*,<=50K,20687
4,8,*,*,4,*,*,*,Male,*,<=50K,20688
4,20,*,*,10,*,*,*,Male,*,<=50K,20689
4,18,*,*,9,*,*,*,Male,*,<=50K,20690
4,18,*,*,9,*,*,*,Male,*,<=50K,20691
4,13,*,*,7,*,*,*,Female,*,<=50K,20692
4,19,*,*,10,*,*,*,Female,*,<=50K,20693
4,18,*,*,9,*,*,*,Male,*,<=50K,20694
4,24,*,*,12,*,*,*,Male,*,<=50K,20695
4,24,*,*,12,*,*,*,Male,*,<=50K,20696
4,28,*,*,14,*,*,*,Male,*,>50K,20697
4,20,*,*,10,*,*,*,Male,*,<=50K,20698
4,20,*,*,10,*,*,*,Male,*,<=50K,20700
4,18,*,*,9,*,*,*,Male,*,<=50K,20702
4,23,*,*,12,*,*,*,Female,*,<=50K,20703
4,26,*,*,13,*,*,*,Male,*,<=50K,20705
4,16,*,*,8,*,*,*,Male,*,<=50K,20706
4,20,*,*,10,*,*,*,Male,*,<=50K,20707
4,20,*,*,10,*,*,*,Male,*,<=50K,20708
4,18,*,*,9,*,*,*,Male,*,<=50K,20709
4,26,*,*,13,*,*,*,Male,*,>50K,20710
4,18,*,*,9,*,*,*,Male,*,<=50K,20711
4,20,*,*,10,*,*,*,Male,*,>50K,20713
4,18,*,*,9,*,*,*,Male,*,>50K,20714
4,26,*,*,13,*,*,*,Male,*,<=50K,20715
4,6,*,*,3,*,*,*,Male,*,<=50K,20716
4,26,*,*,13,*,*,*,Male,*,>50K,20717
4,18,*,*,9,*,*,*,Male,*,<=50K,20719
4,20,*,*,10,*,*,*,Male,*,<=50K,20720
4,20,*,*,10,*,*,*,Male,*,<=50K,20721
4,17,*,*,9,*,*,*,Female,*,<=50K,20723
4,18,*,*,9,*,*,*,Male,*,<=50K,20724
4,20,*,*,10,*,*,*,Male,*,<=50K,20725
4,16,*,*,8,*,*,*,Male,*,<=50K,20726
4,26,*,*,13,*,*,*,Male,*,>50K,20727
4,18,*,*,9,*,*,*,Male,*,>50K,20728
4,18,*,*,9,*,*,*,Male,*,<=50K,20729
4,18,*,*,9,*,*,*,Male,*,>50K,20730
4,17,*,*,9,*,*,*,Female,*,<=50K,20731
4,19,*,*,10,*,*,*,Female,*,<=50K,20732
4,20,*,*,10,*,*,*,Male,*,>50K,20733
4,22,*,*,11,*,*,*,Male,*,<=50K,20734
4,6,*,*,3,*,*,*,Male,*,<=50K,20735
4,28,*,*,14,*,*,*,Male,*,<=50K,20736
4,17,*,*,9,*,*,*,Female,*,<=50K,20737
4,25,*,*,13,*,*,*,Female,*,<=50K,20738
4,25,*,*,13,*,*,*,Female,*,<=50K,20739
4,18,*,*,9,*,*,*,Male,*,>50K,20740
4,24,*,*,12,*,*,*,Male,*,<=50K,20741
4,18,*,*,9,*,*,*,Male,*,<=50K,20743
4,18,*,*,9,*,*,*,Male,*,<=50K,20745
4,18,*,*,9,*,*,*,Male,*,<=50K,20746
4,17,*,*,9,*,*,*,Female,*,<=50K,20747
4,19,*,*,10,*,*,*,Female,*,>50K,20748
4,20,*,*,10,*,*,*,Male,*,<=50K,20749
4,18,*,*,9,*,*,*,Male,*,<=50K,20750
4,18,*,*,9,*,*,*,Male,*,>50K,20752
4,7,*,*,4,*,*,*,Female,*,<=50K,20753
4,20,*,*,10,*,*,*,Male,*,<=50K,20754
4,25,*,*,13,*,*,*,Female,*,<=50K,20755
4,18,*,*,9,*,*,*,Male,*,<=50K,20756
4,12,*,*,6,*,*,*,Male,*,<=50K,20757
4,9,*,*,5,*,*,*,Female,*,<=50K,20758
4,20,*,*,10,*,*,*,Male,*,>50K,20759
4,18,*,*,9,*,*,*,Male,*,<=50K,20760
4,20,*,*,10,*,*,*,Male,*,>50K,20761
4,20,*,*,10,*,*,*,Male,*,<=50K,20762
4,20,*,*,10,*,*,*,Male,*,<=50K,20765
4,7,*,*,4,*,*,*,Female,*,<=50K,20767
4,27,*,*,14,*,*,*,Female,*,<=50K,20768
4,20,*,*,10,*,*,*,Male,*,<=50K,20769
4,20,*,*,10,*,*,*,Male,*,<=50K,20770
4,17,*,*,9,*,*,*,Female,*,<=50K,20771
4,23,*,*,12,*,*,*,Female,*,<=50K,20773
4,18,*,*,9,*,*,*,Male,*,<=50K,20774
4,19,*,*,10,*,*,*,Female,*,<=50K,20776
4,18,*,*,9,*,*,*,Male,*,>50K,20777
4,17,*,*,9,*,*,*,Female,*,<=50K,20778
4,12,*,*,6,*,*,*,Male,*,<=50K,20779
4,26,*,*,13,*,*,*,Male,*,>50K,20781
4,19,*,*,10,*,*,*,Female,*,<=50K,20782
4,20,*,*,10,*,*,*,Male,*,<=50K,20783
4,18,*,*,9,*,*,*,Male,*,<=50K,20785
4,17,*,*,9,*,*,*,Female,*,<=50K,20786
4,26,*,*,13,*,*,*,Male,*,<=50K,20787
4,18,*,*,9,*,*,*,Male,*,<=50K,20788
4,17,*,*,9,*,*,*,Female,*,<=50K,20789
4,20,*,*,10,*,*,*,Male,*,<=50K,20790
4,17,*,*,9,*,*,*,Female,*,<=50K,20792
4,25,*,*,13,*,*,*,Female,*,<=50K,20794
4,18,*,*,9,*,*,*,Male,*,>50K,20795
4,20,*,*,10,*,*,*,Male,*,<=50K,20796
4,28,*,*,14,*,*,*,Male,*,>50K,20797
4,20,*,*,10,*,*,*,Male,*,<=50K,20799
4,18,*,*,9,*,*,*,Male,*,<=50K,20801
4,20,*,*,10,*,*,*,Male,*,<=50K,20802
4,18,*,*,9,*,*,*,Male,*,<=50K,20803
4,18,*,*,9,*,*,*,Male,*,>50K,20804
4,20,*,*,10,*,*,*,Male,*,<=50K,20805
4,17,*,*,9,*,*,*,Female,*,<=50K,20806
4,17,*,*,9,*,*,*,Female,*,<=50K,20807
4,20,*,*,10,*,*,*,Male,*,<=50K,20808
4,18,*,*,9,*,*,*,Male,*,>50K,20809
4,30,*,*,15,*,*,*,Male,*,<=50K,20810
4,9,*,*,5,*,*,*,Female,*,<=50K,20811
4,26,*,*,13,*,*,*,Male,*,<=50K,20813
4,19,*,*,10,*,*,*,Female,*,>50K,20814
4,18,*,*,9,*,*,*,Male,*,<=50K,20815
4,19,*,*,10,*,*,*,Female,*,<=50K,20817
4,21,*,*,11,*,*,*,Female,*,<=50K,20818
4,25,*,*,13,*,*,*,Female,*,<=50K,20819
4,26,*,*,13,*,*,*,Male,*,>50K,20820
4,20,*,*,10,*,*,*,Male,*,<=50K,20821
4,20,*,*,10,*,*,*,Male,*,<=50K,20822
4,17,*,*,9,*,*,*,Female,*,<=50K,20824
4,13,*,*,7,*,*,*,Female,*,<=50K,20826
4,18,*,*,9,*,*,*,Male,*,>50K,20827
4,18,*,*,9,*,*,*,Male,*,<=50K,20829
4,18,*,*,9,*,*,*,Male,*,<=50K,20830
4,26,*,*,13,*,*,*,Male,*,<=50K,20832
4,19,*,*,10,*,*,*,Female,*,<=50K,20833
4,14,*,*,7,*,*,*,Male,*,<=50K,20835
4,26,*,*,13,*,*,*,Male,*,<=50K,20836
4,17,*,*,9,*,*,*,Female,*,<=50K,20837
4,17,*,*,9,*,*,*,Female,*,<=50K,20838
4,17,*,*,9,*,*,*,Female,*,<=50K,20839
4,18,*,*,9,*,*,*,Male,*,<=50K,20840
4,20,*,*,10,*,*,*,Male,*,<=50K,20842
4,28,*,*,14,*,*,*,Male,*,>50K,20843
4,18,*,*,9,*,*,*,Male,*,<=50K,20845
4,18,*,*,9,*,*,*,Male,*,<=50K,20847
4,17,*,*,9,*,*,*,Female,*,<=50K,20848
4,14,*,*,7,*,*,*,Male,*,<=50K,20849
4,26,*,*,13,*,*,*,Male,*,<=50K,20850
4,18,*,*,9,*,*,*,Male,*,<=50K,20851
4,18,*,*,9,*,*,*,Male,*,<=50K,20852
4,20,*,*,10,*,*,*,Male,*,<=50K,20853
4,25,*,*,13,*,*,*,Female,*,<=50K,20854
4,17,*,*,9,*,*,*,Female,*,<=50K,20855
4,28,*,*,14,*,*,*,Male,*,>50K,20856
4,26,*,*,13,*,*,*,Male,*,>50K,20857
4,21,*,*,11,*,*,*,Female,*,<=50K,20858
4,19,*,*,10,*,*,*,Female,*,<=50K,20860
4,18,*,*,9,*,*,*,Male,*,<=50K,20861
4,20,*,*,10,*,*,*,Male,*,<=50K,20862
4,17,*,*,9,*,*,*,Female,*,<=50K,20863
4,20,*,*,10,*,*,*,Male,*,<=50K,20867
4,18,*,*,9,*,*,*,Male,*,<=50K,20869
4,12,*,*,6,*,*,*,Male,*,<=50K,20870
4,20,*,*,10,*,*,*,Male,*,<=50K,20871
4,14,*,*,7,*,*,*,Male,*,<=50K,20872
4,20,*,*,10,*,*,*,Male,*,<=50K,20873
4,25,*,*,13,*,*,*,Female,*,<=50K,20876
4,10,*,*,5,*,*,*,Male,*,<=50K,20877
4,14,*,*,7,*,*,*,Male,*,<=50K,20878
4,10,*,*,5,*,*,*,Male,*,<=50K,20879
4,18,*,*,9,*,*,*,Male,*,<=50K,20880
4,26,*,*,13,*,*,*,Male,*,>50K,20881
4,17,*,*,9,*,*,*,Female,*,>50K,20882
4,18,*,*,9,*,*,*,Male,*,>50K,20883
4,17,*,*,9,*,*,*,Female,*,<=50K,20885
4,18,*,*,9,*,*,*,Male,*,<=50K,20886
4,26,*,*,13,*,*,*,Male,*,<=50K,20887
4,26,*,*,13,*,*,*,Male,*,>50K,20888
4,26,*,*,13,*,*,*,Male,*,>50K,20889
4,17,*,*,9,*,*,*,Female,*,<=50K,20890
4,13,*,*,7,*,*,*,Female,*,<=50K,20891
4,11,*,*,6,*,*,*,Female,*,<=50K,20893
4,26,*,*,13,*,*,*,Male,*,>50K,20894
4,6,*,*,3,*,*,*,Male,*,<=50K,20895
4,19,*,*,10,*,*,*,Female,*,<=50K,20896
4,30,*,*,15,*,*,*,Male,*,>50K,20897
4,20,*,*,10,*,*,*,Male,*,<=50K,20898
4,18,*,*,9,*,*,*,Male,*,<=50K,20899
4,26,*,*,13,*,*,*,Male,*,<=50K,20900
4,26,*,*,13,*,*,*,Male,*,>50K,20901
4,25,*,*,13,*,*,*,Female,*,<=50K,20903
4,20,*,*,10,*,*,*,Male,*,<=50K,20904
4,20,*,*,10,*,*,*,Male,*,>50K,20905
4,28,*,*,14,*,*,*,Male,*,<=50K,20906
4,27,*,*,14,*,*,*,Female,*,<=50K,20907
4,3,*,*,2,*,*,*,Female,*,<=50K,20909
4,26,*,*,13,*,*,*,Male,*,>50K,20911
4,26,*,*,13,*,*,*,Male,*,<=50K,20912
4,18,*,*,9,*,*,*,Male,*,<=50K,20913
4,21,*,*,11,*,*,*,Female,*,<=50K,20914
4,26,*,*,13,*,*,*,Male,*,<=50K,20915
4,18,*,*,9,*,*,*,Male,*,<=50K,20916
4,17,*,*,9,*,*,*,Female,*,<=50K,20917
4,14,*,*,7,*,*,*,Male,*,<=50K,20918
4,19,*,*,10,*,*,*,Female,*,<=50K,20919
4,19,*,*,10,*,*,*,Female,*,<=50K,20920
4,26,*,*,13,*,*,*,Male,*,>50K,20921
4,20,*,*,10,*,*,*,Male,*,>50K,20922
4,24,*,*,12,*,*,*,Male,*,<=50K,20923
4,23,*,*,12,*,*,*,Female,*,>50K,20924
4,16,*,*,8,*,*,*,Male,*,<=50K,20926
4,20,*,*,10,*,*,*,Male,*,<=50K,20927
4,25,*,*,13,*,*,*,Female,*,<=50K,20928
4,23,*,*,12,*,*,*,Female,*,<=50K,20929
4,14,*,*,7,*,*,*,Male,*,<=50K,20930
4,24,*,*,12,*,*,*,Male,*,<=50K,20932
4,18,*,*,9,*,*,*,Male,*,<=50K,20933
4,27,*,*,14,*,*,*,Female,*,>50K,20934
4,18,*,*,9,*,*,*,Male,*,<=50K,20936
4,19,*,*,10,*,*,*,Female,*,<=50K,20937
4,18,*,*,9,*,*,*,Male,*,<=50K,20938
4,18,*,*,9,*,*,*,Male,*,<=50K,20940
4,20,*,*,10,*,*,*,Male,*,>50K,20941
4,18,*,*,9,*,*,*,Male,*,<=50K,20943
4,20,*,*,10,*,*,*,Male,*,>50K,20944
4,18,*,*,9,*,*,*,Male,*,<=50K,20945
4,18,*,*,9,*,*,*,Male,*,<=50K,20946
4,23,*,*,12,*,*,*,Female,*,<=50K,20947
4,25,*,*,13,*,*,*,Female,*,<=50K,20948
4,15,*,*,8,*,*,*,Female,*,<=50K,20949
4,7,*,*,4,*,*,*,Female,*,<=50K,20950
4,4,*,*,2,*,*,*,Male,*,>50K,20951
4,18,*,*,9,*,*,*,Male,*,<=50K,20953
4,25,*,*,13,*,*,*,Female,*,<=50K,20954
4,18,*,*,9,*,*,*,Male,*,<=50K,20955
4,20,*,*,10,*,*,*,Male,*,<=50K,20956
4,20,*,*,10,*,*,*,Male,*,>50K,20960
4,18,*,*,9,*,*,*,Male,*,<=50K,20961
4,17,*,*,9,*,*,*,Female,*,<=50K,20962
4,26,*,*,13,*,*,*,Male,*,<=50K,20963
4,18,*,*,9,*,*,*,Male,*,>50K,20964
4,11,*,*,6,*,*,*,Female,*,<=50K,20965
4,18,*,*,9,*,*,*,Male,*,<=50K,20966
4,18,*,*,9,*,*,*,Male,*,<=50K,20967
4,19,*,*,10,*,*,*,Female,*,<=50K,20968
4,20,*,*,10,*,*,*,Male,*,<=50K,20969
4,19,*,*,10,*,*,*,Female,*,<=50K,20970
4,20,*,*,10,*,*,*,Male,*,<=50K,20971
4,20,*,*,10,*,*,*,Male,*,>50K,20972
4,20,*,*,10,*,*,*,Male,*,<=50K,20973
4,20,*,*,10,*,*,*,Male,*,<=50K,20975
4,25,*,*,13,*,*,*,Female,*,<=50K,20976
4,7,*,*,4,*,*,*,Female,*,<=50K,20977
4,22,*,*,11,*,*,*,Male,*,>50K,20978
4,18,*,*,9,*,*,*,Male,*,>50K,20979
4,17,*,*,9,*,*,*,Female,*,<=50K,20980
4,20,*,*,10,*,*,*,Male,*,<=50K,20981
4,20,*,*,10,*,*,*,Male,*,<=50K,20982
4,17,*,*,9,*,*,*,Female,*,<=50K,20983
4,20,*,*,10,*,*,*,Male,*,<=50K,20985
4,23,*,*,12,*,*,*,Female,*,<=50K,20986
4,17,*,*,9,*,*,*,Female,*,<=50K,20987
4,8,*,*,4,*,*,*,Male,*,<=50K,20988
4,19,*,*,10,*,*,*,Female,*,<=50K,20989
4,20,*,*,10,*,*,*,Male,*,>50K,20990
4,12,*,*,6,*,*,*,Male,*,<=50K,20991
4,12,*,*,6,*,*,*,Male,*,<=50K,20993
4,20,*,*,10,*,*,*,Male,*,>50K,20994
4,18,*,*,9,*,*,*,Male,*,<=50K,20995
4,18,*,*,9,*,*,*,Male,*,<=50K,20996
4,28,*,*,14,*,*,*,Male,*,<=50K,20997
4,24,*,*,12,*,*,*,Male,*,>50K,20998
4,18,*,*,9,*,*,*,Male,*,<=50K,21000
4,19,*,*,10,*,*,*,Female,*,<=50K,21001
4,23,*,*,12,*,*,*,Female,*,<=50K,21002
4,16,*,*,8,*,*,*,Male,*,<=50K,21003
4,17,*,*,9,*,*,*,Female,*,<=50K,21004
4,18,*,*,9,*,*,*,Male,*,<=50K,21008
4,19,*,*,10,*,*,*,Female,*,<=50K,21015
4,18,*,*,9,*,*,*,Male,*,<=50K,21017
4,26,*,*,13,*,*,*,Male,*,>50K,21019
4,27,*,*,14,*,*,*,Female,*,>50K,21020
4,32,*,*,16,*,*,*,Male,*,>50K,21021
4,26,*,*,13,*,*,*,Male,*,<=50K,21022
4,26,*,*,13,*,*,*,Male,*,>50K,21023
4,18,*,*,9,*,*,*,Male,*,<=50K,21024
4,11,*,*,6,*,*,*,Female,*,<=50K,21025
4,26,*,*,13,*,*,*,Male,*,<=50K,21027
4,12,*,*,6,*,*,*,Male,*,<=50K,21028
4,19,*,*,10,*,*,*,Female,*,<=50K,21030
4,26,*,*,13,*,*,*,Male,*,>50K,21031
4,20,*,*,10,*,*,*,Male,*,<=50K,21032
4,24,*,*,12,*,*,*,Male,*,>50K,21033
4,17,*,*,9,*,*,*,Female,*,<=50K,21035
4,17,*,*,9,*,*,*,Female,*,<=50K,21036
4,18,*,*,9,*,*,*,Male,*,>50K,21037
4,18,*,*,9,*,*,*,Male,*,>50K,21038
4,25,*,*,13,*,*,*,Female,*,<=50K,21040
4,26,*,*,13,*,*,*,Male,*,>50K,21041
4,26,*,*,13,*,*,*,Male,*,>50K,21043
4,26,*,*,13,*,*,*,Male,*,<=50K,21044
4,17,*,*,9,*,*,*,Female,*,<=50K,21045
4,18,*,*,9,*,*,*,Male,*,>50K,21046
4,19,*,*,10,*,*,*,Female,*,<=50K,21047
4,19,*,*,10,*,*,*,Female,*,<=50K,21048
4,26,*,*,13,*,*,*,Male,*,>50K,21050
4,19,*,*,10,*,*,*,Female,*,<=50K,21051
4,17,*,*,9,*,*,*,Female,*,<=50K,21053
4,17,*,*,9,*,*,*,Female,*,<=50K,21055
4,18,*,*,9,*,*,*,Male,*,<=50K,21056
4,18,*,*,9,*,*,*,Male,*,<=50K,21057
4,26,*,*,13,*,*,*,Male,*,>50K,21059
4,10,*,*,5,*,*,*,Male,*,<=50K,21061
4,18,*,*,9,*,*,*,Male,*,<=50K,21064
4,10,*,*,5,*,*,*,Male,*,>50K,21066
4,25,*,*,13,*,*,*,Female,*,>50K,21067
4,26,*,*,13,*,*,*,Male,*,>50K,21068
4,10,*,*,5,*,*,*,Male,*,<=50K,21069
4,14,*,*,7,*,*,*,Male,*,<=50K,21071
4,22,*,*,11,*,*,*,Male,*,>50K,21072
4,26,*,*,13,*,*,*,Male,*,>50K,21073
4,18,*,*,9,*,*,*,Male,*,<=50K,21076
4,28,*,*,14,*,*,*,Male,*,>50K,21078
4,22,*,*,11,*,*,*,Male,*,<=50K,21079
4,18,*,*,9,*,*,*,Male,*,<=50K,21080
4,25,*,*,13,*,*,*,Female,*,>50K,21082
4,19,*,*,10,*,*,*,Female,*,<=50K,21083
4,8,*,*,4,*,*,*,Male,*,<=50K,21084
4,20,*,*,10,*,*,*,Male,*,<=50K,21085
4,14,*,*,7,*,*,*,Male,*,<=50K,21086
4,20,*,*,10,*,*,*,Male,*,<=50K,21087
4,19,*,*,10,*,*,*,Female,*,<=50K,21088
4,18,*,*,9,*,*,*,Male,*,>50K,21091
4,19,*,*,10,*,*,*,Female,*,<=50K,21092
4,8,*,*,4,*,*,*,Male,*,<=50K,21093
4,20,*,*,10,*,*,*,Male,*,<=50K,21094
4,19,*,*,10,*,*,*,Female,*,<=50K,21095
4,25,*,*,13,*,*,*,Female,*,>50K,21096
4,28,*,*,14,*,*,*,Male,*,>50K,21097
4,18,*,*,9,*,*,*,Male,*,>50K,21098
4,10,*,*,5,*,*,*,Male,*,<=50K,21099
4,19,*,*,10,*,*,*,Female,*,<=50K,21100
4,13,*,*,7,*,*,*,Female,*,<=50K,21101
4,26,*,*,13,*,*,*,Male,*,<=50K,21102
4,26,*,*,13,*,*,*,Male,*,>50K,21103
4,18,*,*,9,*,*,*,Male,*,<=50K,21105
4,25,*,*,13,*,*,*,Female,*,<=50K,21106
4,18,*,*,9,*,*,*,Male,*,<=50K,21107
4,25,*,*,13,*,*,*,Female,*,<=50K,21109
4,19,*,*,10,*,*,*,Female,*,<=50K,21110
4,18,*,*,9,*,*,*,Male,*,<=50K,21111
4,25,*,*,13,*,*,*,Female,*,>50K,21112
4,25,*,*,13,*,*,*,Female,*,<=50K,21113
4,18,*,*,9,*,*,*,Male,*,<=50K,21114
4,21,*,*,11,*,*,*,Female,*,<=50K,21116
4,26,*,*,13,*,*,*,Male,*,>50K,21117
4,10,*,*,5,*,*,*,Male,*,<=50K,21119
4,18,*,*,9,*,*,*,Male,*,>50K,21121
4,19,*,*,10,*,*,*,Female,*,<=50K,21122
4,20,*,*,10,*,*,*,Male,*,<=50K,21123
4,20,*,*,10,*,*,*,Male,*,>50K,21124
4,25,*,*,13,*,*,*,Female,*,>50K,21125
4,18,*,*,9,*,*,*,Male,*,>50K,21126
4,19,*,*,10,*,*,*,Female,*,<=50K,21128
4,18,*,*,9,*,*,*,Male,*,>50K,21130
4,24,*,*,12,*,*,*,Male,*,<=50K,21131
4,20,*,*,10,*,*,*,Male,*,<=50K,21133
4,24,*,*,12,*,*,*,Male,*,>50K,21134
4,18,*,*,9,*,*,*,Male,*,<=50K,21136
4,18,*,*,9,*,*,*,Male,*,<=50K,21138
4,20,*,*,10,*,*,*,Male,*,<=50K,21139
4,22,*,*,11,*,*,*,Male,*,<=50K,21140
4,18,*,*,9,*,*,*,Male,*,<=50K,21141
4,25,*,*,13,*,*,*,Female,*,>50K,21142
4,18,*,*,9,*,*,*,Male,*,<=50K,21143
4,20,*,*,10,*,*,*,Male,*,>50K,21147
4,18,*,*,9,*,*,*,Male,*,<=50K,21148
4,14,*,*,7,*,*,*,Male,*,<=50K,21149
4,28,*,*,14,*,*,*,Male,*,<=50K,21150
4,26,*,*,13,*,*,*,Male,*,<=50K,21151
4,8,*,*,4,*,*,*,Male,*,<=50K,21153
4,18,*,*,9,*,*,*,Male,*,<=50K,21154
4,14,*,*,7,*,*,*,Male,*,<=50K,21156
4,17,*,*,9,*,*,*,Female,*,<=50K,21157
4,20,*,*,10,*,*,*,Male,*,<=50K,21158
4,17,*,*,9,*,*,*,Female,*,<=50K,21159
4,20,*,*,10,*,*,*,Male,*,>50K,21160
4,26,*,*,13,*,*,*,Male,*,<=50K,21161
4,13,*,*,7,*,*,*,Female,*,<=50K,21162
4,10,*,*,5,*,*,*,Male,*,<=50K,21163
4,24,*,*,12,*,*,*,Male,*,<=50K,21164
4,24,*,*,12,*,*,*,Male,*,<=50K,21165
4,18,*,*,9,*,*,*,Male,*,<=50K,21166
4,26,*,*,13,*,*,*,Male,*,<=50K,21169
4,20,*,*,10,*,*,*,Male,*,<=50K,21170
4,20,*,*,10,*,*,*,Male,*,<=50K,21171
4,29,*,*,15,*,*,*,Female,*,<=50K,21174
4,18,*,*,9,*,*,*,Male,*,>50K,21175
4,26,*,*,13,*,*,*,Male,*,>50K,21176
4,21,*,*,11,*,*,*,Female,*,<=50K,21177
4,19,*,*,10,*,*,*,Female,*,<=50K,21178
4,26,*,*,13,*,*,*,Male,*,<=50K,21179
4,25,*,*,13,*,*,*,Female,*,<=50K,21180
4,7,*,*,4,*,*,*,Female,*,<=50K,21181
4,20,*,*,10,*,*,*,Male,*,<=50K,21182
4,18,*,*,9,*,*,*,Male,*,<=50K,21183
4,20,*,*,10,*,*,*,Male,*,<=50K,21184
4,26,*,*,13,*,*,*,Male,*,<=50K,21185
4,26,*,*,13,*,*,*,Male,*,<=50K,21186
4,1,*,*,1,*,*,*,Female,*,<=50K,21187
4,20,*,*,10,*,*,*,Male,*,<=50K,21188
4,26,*,*,13,*,*,*,Male,*,>50K,21189
4,18,*,*,9,*,*,*,Male,*,<=50K,21190
4,18,*,*,9,*,*,*,Male,*,<=50K,21193
4,28,*,*,14,*,*,*,Male,*,<=50K,21194
4,25,*,*,13,*,*,*,Female,*,>50K,21195
4,25,*,*,13,*,*,*,Female,*,<=50K,21196
4,18,*,*,9,*,*,*,Male,*,<=50K,21199
4,18,*,*,9,*,*,*,Male,*,<=50K,21200
4,17,*,*,9,*,*,*,Female,*,<=50K,21201
4,18,*,*,9,*,*,*,Male,*,<=50K,21202
4,21,*,*,11,*,*,*,Female,*,<=50K,21204
4,14,*,*,7,*,*,*,Male,*,>50K,21205
4,20,*,*,10,*,*,*,Male,*,<=50K,21206
4,18,*,*,9,*,*,*,Male,*,<=50K,21207
4,14,*,*,7,*,*,*,Male,*,<=50K,21208
4,20,*,*,10,*,*,*,Male,*,<=50K,21209
4,20,*,*,10,*,*,*,Male,*,<=50K,21210
4,19,*,*,10,*,*,*,Female,*,<=50K,21211
4,14,*,*,7,*,*,*,Male,*,<=50K,21214
4,18,*,*,9,*,*,*,Male,*,>50K,21215
4,26,*,*,13,*,*,*,Male,*,<=50K,21216
4,19,*,*,10,*,*,*,Female,*,>50K,21217
4,18,*,*,9,*,*,*,Male,*,<=50K,21218
4,19,*,*,10,*,*,*,Female,*,<=50K,21219
4,18,*,*,9,*,*,*,Male,*,>50K,21220
4,27,*,*,14,*,*,*,Female,*,>50K,21221
4,18,*,*,9,*,*,*,Male,*,>50K,21225
4,26,*,*,13,*,*,*,Male,*,<=50K,21226
4,18,*,*,9,*,*,*,Male,*,>50K,21227
4,24,*,*,12,*,*,*,Male,*,<=50K,21231
4,26,*,*,13,*,*,*,Male,*,<=50K,21232
4,21,*,*,11,*,*,*,Female,*,<=50K,21233
4,18,*,*,9,*,*,*,Male,*,<=50K,21234
4,17,*,*,9,*,*,*,Female,*,<=50K,21237
4,18,*,*,9,*,*,*,Male,*,<=50K,21238
4,18,*,*,9,*,*,*,Male,*,>50K,21239
4,17,*,*,9,*,*,*,Female,*,>50K,21240
4,26,*,*,13,*,*,*,Male,*,<=50K,21241
4,18,*,*,9,*,*,*,Male,*,<=50K,21243
4,17,*,*,9,*,*,*,Female,*,<=50K,21244
4,18,*,*,9,*,*,*,Male,*,<=50K,21245
4,18,*,*,9,*,*,*,Male,*,<=50K,21246
4,14,*,*,7,*,*,*,Male,*,<=50K,21247
4,25,*,*,13,*,*,*,Female,*,<=50K,21249
4,25,*,*,13,*,*,*,Female,*,<=50K,21250
4,7,*,*,4,*,*,*,Female,*,<=50K,21253
4,18,*,*,9,*,*,*,Male,*,<=50K,21254
4,18,*,*,9,*,*,*,Male,*,<=50K,21255
4,32,*,*,16,*,*,*,Male,*,>50K,21256
4,18,*,*,9,*,*,*,Male,*,<=50K,21257
4,24,*,*,12,*,*,*,Male,*,<=50K,21259
4,16,*,*,8,*,*,*,Male,*,<=50K,21260
4,19,*,*,10,*,*,*,Female,*,<=50K,21264
4,19,*,*,10,*,*,*,Female,*,<=50K,21266
4,20,*,*,10,*,*,*,Male,*,<=50K,21267
4,25,*,*,13,*,*,*,Female,*,<=50K,21268
4,18,*,*,9,*,*,*,Male,*,<=50K,21269
4,18,*,*,9,*,*,*,Male,*,<=50K,21270
4,18,*,*,9,*,*,*,Male,*,>50K,21273
4,20,*,*,10,*,*,*,Male,*,<=50K,21275
4,26,*,*,13,*,*,*,Male,*,<=50K,21276
4,18,*,*,9,*,*,*,Male,*,<=50K,21277
4,25,*,*,13,*,*,*,Female,*,>50K,21279
4,26,*,*,13,*,*,*,Male,*,>50K,21280
4,18,*,*,9,*,*,*,Male,*,<=50K,21281
4,20,*,*,10,*,*,*,Male,*,<=50K,21282
4,4,*,*,2,*,*,*,Male,*,<=50K,21284
4,18,*,*,9,*,*,*,Male,*,<=50K,21285
4,26,*,*,13,*,*,*,Male,*,>50K,21286
4,20,*,*,10,*,*,*,Male,*,<=50K,21287
4,17,*,*,9,*,*,*,Female,*,<=50K,21289
4,26,*,*,13,*,*,*,Male,*,>50K,21290
4,18,*,*,9,*,*,*,Male,*,<=50K,21292
4,22,*,*,11,*,*,*,Male,*,<=50K,21293
4,18,*,*,9,*,*,*,Male,*,<=50K,21294
4,13,*,*,7,*,*,*,Female,*,<=50K,21295
4,14,*,*,7,*,*,*,Male,*,<=50K,21296
4,12,*,*,6,*,*,*,Male,*,<=50K,21297
4,26,*,*,13,*,*,*,Male,*,>50K,21299
4,26,*,*,13,*,*,*,Male,*,>50K,21300
4,25,*,*,13,*,*,*,Female,*,<=50K,21305
4,18,*,*,9,*,*,*,Male,*,<=50K,21306
4,13,*,*,7,*,*,*,Female,*,<=50K,21307
4,16,*,*,8,*,*,*,Male,*,<=50K,21308
4,21,*,*,11,*,*,*,Female,*,<=50K,21309
4,17,*,*,9,*,*,*,Female,*,<=50K,21310
4,22,*,*,11,*,*,*,Male,*,<=50K,21311
4,26,*,*,13,*,*,*,Male,*,>50K,21313
4,19,*,*,10,*,*,*,Female,*,<=50K,21314
4,17,*,*,9,*,*,*,Female,*,<=50K,21315
4,25,*,*,13,*,*,*,Female,*,>50K,21316
4,19,*,*,10,*,*,*,Female,*,<=50K,21317
4,19,*,*,10,*,*,*,Female,*,<=50K,21318
4,20,*,*,10,*,*,*,Male,*,<=50K,21319
4,14,*,*,7,*,*,*,Male,*,<=50K,21320
4,26,*,*,13,*,*,*,Male,*,<=50K,21322
4,20,*,*,10,*,*,*,Male,*,>50K,21323
4,8,*,*,4,*,*,*,Male,*,<=50K,21324
4,17,*,*,9,*,*,*,Female,*,<=50K,21326
4,18,*,*,9,*,*,*,Male,*,<=50K,21328
4,18,*,*,9,*,*,*,Male,*,<=50K,21329
4,26,*,*,13,*,*,*,Male,*,<=50K,21330
4,32,*,*,16,*,*,*,Male,*,>50K,21331
4,23,*,*,12,*,*,*,Female,*,<=50K,21332
4,18,*,*,9,*,*,*,Male,*,<=50K,21333
4,30,*,*,15,*,*,*,Male,*,>50K,21335
4,24,*,*,12,*,*,*,Male,*,<=50K,21336
4,13,*,*,7,*,*,*,Female,*,<=50K,21337
4,25,*,*,13,*,*,*,Female,*,<=50K,21338
4,20,*,*,10,*,*,*,Male,*,<=50K,21339
4,18,*,*,9,*,*,*,Male,*,<=50K,21340
4,25,*,*,13,*,*,*,Female,*,<=50K,21341
4,17,*,*,9,*,*,*,Female,*,<=50K,21343
4,18,*,*,9,*,*,*,Male,*,<=50K,21344
4,18,*,*,9,*,*,*,Male,*,<=50K,21345
4,17,*,*,9,*,*,*,Female,*,<=50K,21347
4,24,*,*,12,*,*,*,Male,*,<=50K,21348
4,32,*,*,16,*,*,*,Male,*,>50K,21351
4,18,*,*,9,*,*,*,Male,*,<=50K,21353
4,28,*,*,14,*,*,*,Male,*,>50K,21354
4,14,*,*,7,*,*,*,Male,*,<=50K,21355
4,19,*,*,10,*,*,*,Female,*,<=50K,21356
4,25,*,*,13,*,*,*,Female,*,>50K,21357
4,22,*,*,11,*,*,*,Male,*,>50K,21358
4,26,*,*,13,*,*,*,Male,*,<=50K,21359
4,20,*,*,10,*,*,*,Male,*,<=50K,21360
4,17,*,*,9,*,*,*,Female,*,<=50K,21361
4,18,*,*,9,*,*,*,Male,*,>50K,21362
4,21,*,*,11,*,*,*,Female,*,<=50K,21363
4,17,*,*,9,*,*,*,Female,*,<=50K,21364
4,20,*,*,10,*,*,*,Male,*,<=50K,21365
4,17,*,*,9,*,*,*,Female,*,<=50K,21368
4,19,*,*,10,*,*,*,Female,*,<=50K,21369
4,10,*,*,5,*,*,*,Male,*,<=50K,21370
4,24,*,*,12,*,*,*,Male,*,<=50K,21371
4,18,*,*,9,*,*,*,Male,*,<=50K,21372
4,18,*,*,9,*,*,*,Male,*,>50K,21373
4,20,*,*,10,*,*,*,Male,*,<=50K,21374
4,18,*,*,9,*,*,*,Male,*,<=50K,21375
4,18,*,*,9,*,*,*,Male,*,<=50K,21376
4,19,*,*,10,*,*,*,Female,*,<=50K,21379
4,17,*,*,9,*,*,*,Female,*,<=50K,21381
4,17,*,*,9,*,*,*,Female,*,<=50K,21382
4,22,*,*,11,*,*,*,Male,*,<=50K,21384
4,3,*,*,2,*,*,*,Female,*,<=50K,21385
4,32,*,*,16,*,*,*,Male,*,>50K,21389
4,19,*,*,10,*,*,*,Female,*,<=50K,21390
4,26,*,*,13,*,*,*,Male,*,<=50K,21391
4,19,*,*,10,*,*,*,Female,*,<=50K,21392
4,25,*,*,13,*,*,*,Female,*,<=50K,21393
4,18,*,*,9,*,*,*,Male,*,<=50K,21395
4,19,*,*,10,*,*,*,Female,*,<=50K,21396
4,24,*,*,12,*,*,*,Male,*,<=50K,21397
4,18,*,*,9,*,*,*,Male,*,<=50K,21398
4,28,*,*,14,*,*,*,Male,*,>50K,21399
4,22,*,*,11,*,*,*,Male,*,<=50K,21400
4,18,*,*,9,*,*,*,Male,*,<=50K,21401
4,19,*,*,10,*,*,*,Female,*,<=50K,21403
4,18,*,*,9,*,*,*,Male,*,<=50K,21404
4,18,*,*,9,*,*,*,Male,*,<=50K,21405
4,20,*,*,10,*,*,*,Male,*,<=50K,21406
4,27,*,*,14,*,*,*,Female,*,>50K,21408
4,15,*,*,8,*,*,*,Female,*,<=50K,21409
4,18,*,*,9,*,*,*,Male,*,<=50K,21410
4,18,*,*,9,*,*,*,Male,*,<=50K,21411
4,19,*,*,10,*,*,*,Female,*,<=50K,21412
4,24,*,*,12,*,*,*,Male,*,<=50K,21414
4,17,*,*,9,*,*,*,Female,*,<=50K,21416
4,19,*,*,10,*,*,*,Female,*,<=50K,21417
4,28,*,*,14,*,*,*,Male,*,>50K,21419
4,18,*,*,9,*,*,*,Male,*,<=50K,21422
4,10,*,*,5,*,*,*,Male,*,<=50K,21423
4,22,*,*,11,*,*,*,Male,*,<=50K,21425
4,26,*,*,13,*,*,*,Male,*,<=50K,21426
4,17,*,*,9,*,*,*,Female,*,<=50K,21427
4,28,*,*,14,*,*,*,Male,*,<=50K,21428
4,19,*,*,10,*,*,*,Female,*,<=50K,21429
4,26,*,*,13,*,*,*,Male,*,>50K,21430
4,19,*,*,10,*,*,*,Female,*,<=50K,21431
4,18,*,*,9,*,*,*,Male,*,<=50K,21432
4,18,*,*,9,*,*,*,Male,*,<=50K,21433
4,19,*,*,10,*,*,*,Female,*,<=50K,21434
4,17,*,*,9,*,*,*,Female,*,<=50K,21435
4,25,*,*,13,*,*,*,Female,*,>50K,21436
4,19,*,*,10,*,*,*,Female,*,<=50K,21437
4,13,*,*,7,*,*,*,Female,*,<=50K,21438
4,18,*,*,9,*,*,*,Male,*,<=50K,21439
4,27,*,*,14,*,*,*,Female,*,>50K,21440
4,18,*,*,9,*,*,*,Male,*,>50K,21441
4,18,*,*,9,*,*,*,Male,*,<=50K,21442
4,19,*,*,10,*,*,*,Female,*,<=50K,21443
4,18,*,*,9,*,*,*,Male,*,>50K,21445
4,18,*,*,9,*,*,*,Male,*,<=50K,21446
4,26,*,*,13,*,*,*,Male,*,<=50K,21447
4,20,*,*,10,*,*,*,Male,*,<=50K,21448
4,10,*,*,5,*,*,*,Male,*,<=50K,21449
4,24,*,*,12,*,*,*,Male,*,>50K,21450
4,18,*,*,9,*,*,*,Male,*,<=50K,21451
4,17,*,*,9,*,*,*,Female,*,<=50K,21452
4,18,*,*,9,*,*,*,Male,*,<=50K,21453
4,26,*,*,13,*,*,*,Male,*,<=50K,21455
4,21,*,*,11,*,*,*,Female,*,<=50K,21456
4,26,*,*,13,*,*,*,Male,*,>50K,21457
4,26,*,*,13,*,*,*,Male,*,<=50K,21460
4,26,*,*,13,*,*,*,Male,*,>50K,21461
4,25,*,*,13,*,*,*,Female,*,<=50K,21463
4,22,*,*,11,*,*,*,Male,*,>50K,21464
4,20,*,*,10,*,*,*,Male,*,>50K,21465
4,17,*,*,9,*,*,*,Female,*,<=50K,21467
4,19,*,*,10,*,*,*,Female,*,<=50K,21468
4,13,*,*,7,*,*,*,Female,*,<=50K,21469
4,12,*,*,6,*,*,*,Male,*,<=50K,21470
4,27,*,*,14,*,*,*,Female,*,<=50K,21471
4,18,*,*,9,*,*,*,Male,*,>50K,21472
4,17,*,*,9,*,*,*,Female,*,<=50K,21473
4,18,*,*,9,*,*,*,Male,*,>50K,21474
4,20,*,*,10,*,*,*,Male,*,<=50K,21475
4,24,*,*,12,*,*,*,Male,*,<=50K,21476
4,18,*,*,9,*,*,*,Male,*,<=50K,21477
4,18,*,*,9,*,*,*,Male,*,<=50K,21478
4,19,*,*,10,*,*,*,Female,*,<=50K,21479
4,20,*,*,10,*,*,*,Male,*,<=50K,21480
4,26,*,*,13,*,*,*,Male,*,<=50K,21482
4,14,*,*,7,*,*,*,Male,*,<=50K,21483
4,20,*,*,10,*,*,*,Male,*,<=50K,21484
4,18,*,*,9,*,*,*,Male,*,<=50K,21485
4,17,*,*,9,*,*,*,Female,*,<=50K,21486
4,18,*,*,9,*,*,*,Male,*,<=50K,21488
4,19,*,*,10,*,*,*,Female,*,<=50K,21491
4,14,*,*,7,*,*,*,Male,*,<=50K,21492
4,27,*,*,14,*,*,*,Female,*,>50K,21493
4,18,*,*,9,*,*,*,Male,*,<=50K,21494
4,26,*,*,13,*,*,*,Male,*,<=50K,21495
4,18,*,*,9,*,*,*,Male,*,<=50K,21496
4,19,*,*,10,*,*,*,Female,*,<=50K,21497
4,11,*,*,6,*,*,*,Female,*,<=50K,21498
4,19,*,*,10,*,*,*,Female,*,<=50K,21499
4,6,*,*,3,*,*,*,Male,*,<=50K,21501
4,5,*,*,3,*,*,*,Female,*,<=50K,21502
4,19,*,*,10,*,*,*,Female,*,<=50K,21503
4,26,*,*,13,*,*,*,Male,*,<=50K,21504
4,20,*,*,10,*,*,*,Male,*,<=50K,21505
4,19,*,*,10,*,*,*,Female,*,<=50K,21506
4,18,*,*,9,*,*,*,Male,*,<=50K,21507
4,20,*,*,10,*,*,*,Male,*,>50K,21508
4,8,*,*,4,*,*,*,Male,*,<=50K,21509
4,14,*,*,7,*,*,*,Male,*,<=50K,21510
4,18,*,*,9,*,*,*,Male,*,<=50K,21511
4,27,*,*,14,*,*,*,Female,*,<=50K,21512
4,24,*,*,12,*,*,*,Male,*,<=50K,21513
4,18,*,*,9,*,*,*,Male,*,<=50K,21514
4,18,*,*,9,*,*,*,Male,*,>50K,21515
4,1,*,*,1,*,*,*,Female,*,<=50K,21516
4,19,*,*,10,*,*,*,Female,*,<=50K,21517
4,26,*,*,13,*,*,*,Male,*,>50K,21518
4,26,*,*,13,*,*,*,Male,*,<=50K,21519
4,18,*,*,9,*,*,*,Male,*,<=50K,21521
4,25,*,*,13,*,*,*,Female,*,<=50K,21522
4,20,*,*,10,*,*,*,Male,*,<=50K,21523
4,18,*,*,9,*,*,*,Male,*,>50K,21524
4,19,*,*,10,*,*,*,Female,*,<=50K,21525
4,20,*,*,10,*,*,*,Male,*,<=50K,21526
4,18,*,*,9,*,*,*,Male,*,<=50K,21527
4,22,*,*,11,*,*,*,Male,*,<=50K,21528
4,18,*,*,9,*,*,*,Male,*,<=50K,21529
4,14,*,*,7,*,*,*,Male,*,<=50K,21530
4,20,*,*,10,*,*,*,Male,*,<=50K,21532
4,18,*,*,9,*,*,*,Male,*,<=50K,21534
4,19,*,*,10,*,*,*,Female,*,<=50K,21535
4,18,*,*,9,*,*,*,Male,*,<=50K,21536
4,20,*,*,10,*,*,*,Male,*,<=50K,21537
4,18,*,*,9,*,*,*,Male,*,<=50K,21538
4,26,*,*,13,*,*,*,Male,*,<=50K,21540
4,21,*,*,11,*,*,*,Female,*,<=50K,21541
4,20,*,*,10,*,*,*,Male,*,>50K,21542
4,18,*,*,9,*,*,*,Male,*,>50K,21544
4,8,*,*,4,*,*,*,Male,*,<=50K,21545
4,26,*,*,13,*,*,*,Male,*,>50K,21546
4,26,*,*,13,*,*,*,Male,*,<=50K,21547
4,18,*,*,9,*,*,*,Male,*,>50K,21548
4,18,*,*,9,*,*,*,Male,*,>50K,21549
4,30,*,*,15,*,*,*,Male,*,<=50K,21550
4,19,*,*,10,*,*,*,Female,*,<=50K,21553
4,17,*,*,9,*,*,*,Female,*,<=50K,21554
4,32,*,*,16,*,*,*,Male,*,<=50K,21555
4,18,*,*,9,*,*,*,Male,*,<=50K,21556
4,20,*,*,10,*,*,*,Male,*,<=50K,21557
4,20,*,*,10,*,*,*,Male,*,<=50K,21558
4,19,*,*,10,*,*,*,Female,*,<=50K,21559
4,18,*,*,9,*,*,*,Male,*,<=50K,21560
4,19,*,*,10,*,*,*,Female,*,<=50K,21561
4,18,*,*,9,*,*,*,Male,*,<=50K,21563
4,20,*,*,10,*,*,*,Male,*,<=50K,21566
4,19,*,*,10,*,*,*,Female,*,<=50K,21567
4,14,*,*,7,*,*,*,Male,*,<=50K,21568
4,18,*,*,9,*,*,*,Male,*,<=50K,21569
4,18,*,*,9,*,*,*,Male,*,<=50K,21570
4,6,*,*,3,*,*,*,Male,*,<=50K,21571
4,14,*,*,7,*,*,*,Male,*,<=50K,21572
4,18,*,*,9,*,*,*,Male,*,>50K,21573
4,25,*,*,13,*,*,*,Female,*,<=50K,21574
4,18,*,*,9,*,*,*,Male,*,<=50K,21575
4,17,*,*,9,*,*,*,Female,*,<=50K,21576
4,26,*,*,13,*,*,*,Male,*,<=50K,21578
4,20,*,*,10,*,*,*,Male,*,<=50K,21579
4,26,*,*,13,*,*,*,Male,*,>50K,21580
4,8,*,*,4,*,*,*,Male,*,<=50K,21581
4,20,*,*,10,*,*,*,Male,*,<=50K,21583
4,25,*,*,13,*,*,*,Female,*,<=50K,21584
4,25,*,*,13,*,*,*,Female,*,<=50K,21585
4,23,*,*,12,*,*,*,Female,*,<=50K,21586
4,18,*,*,9,*,*,*,Male,*,<=50K,21587
4,18,*,*,9,*,*,*,Male,*,>50K,21588
4,25,*,*,13,*,*,*,Female,*,>50K,21589
4,19,*,*,10,*,*,*,Female,*,<=50K,21590
4,18,*,*,9,*,*,*,Male,*,>50K,21591
4,16,*,*,8,*,*,*,Male,*,<=50K,21592
4,19,*,*,10,*,*,*,Female,*,<=50K,21593
4,26,*,*,13,*,*,*,Male,*,>50K,21596
4,25,*,*,13,*,*,*,Female,*,<=50K,21597
4,18,*,*,9,*,*,*,Male,*,<=50K,21598
4,18,*,*,9,*,*,*,Male,*,<=50K,21599
4,19,*,*,10,*,*,*,Female,*,<=50K,21600
4,18,*,*,9,*,*,*,Male,*,>50K,21601
4,14,*,*,7,*,*,*,Male,*,<=50K,21603
4,18,*,*,9,*,*,*,Male,*,<=50K,21607
4,20,*,*,10,*,*,*,Male,*,>50K,21608
4,15,*,*,8,*,*,*,Female,*,<=50K,21610
4,29,*,*,15,*,*,*,Female,*,<=50K,21611
4,17,*,*,9,*,*,*,Female,*,<=50K,21615
4,16,*,*,8,*,*,*,Male,*,<=50K,21616
4,17,*,*,9,*,*,*,Female,*,<=50K,21619
4,18,*,*,9,*,*,*,Male,*,<=50K,21622
4,17,*,*,9,*,*,*,Female,*,<=50K,21625
4,17,*,*,9,*,*,*,Female,*,<=50K,21627
4,20,*,*,10,*,*,*,Male,*,<=50K,21628
4,13,*,*,7,*,*,*,Female,*,<=50K,21629
4,19,*,*,10,*,*,*,Female,*,<=50K,21630
4,12,*,*,6,*,*,*,Male,*,<=50K,21632
4,17,*,*,9,*,*,*,Female,*,<=50K,21633
4,20,*,*,10,*,*,*,Male,*,>50K,21634
4,17,*,*,9,*,*,*,Female,*,<=50K,21635
4,18,*,*,9,*,*,*,Male,*,<=50K,21636
4,18,*,*,9,*,*,*,Male,*,<=50K,21637
4,17,*,*,9,*,*,*,Female,*,<=50K,21638
4,11,*,*,6,*,*,*,Female,*,<=50K,21639
4,30,*,*,15,*,*,*,Male,*,<=50K,21642
4,9,*,*,5,*,*,*,Female,*,<=50K,21643
4,26,*,*,13,*,*,*,Male,*,>50K,21644
4,13,*,*,7,*,*,*,Female,*,<=50K,21645
4,20,*,*,10,*,*,*,Male,*,<=50K,21646
4,20,*,*,10,*,*,*,Male,*,<=50K,21647
4,20,*,*,10,*,*,*,Male,*,<=50K,21648
4,18,*,*,9,*,*,*,Male,*,>50K,21649
4,26,*,*,13,*,*,*,Male,*,<=50K,21650
4,28,*,*,14,*,*,*,Male,*,<=50K,21651
4,20,*,*,10,*,*,*,Male,*,>50K,21653
4,18,*,*,9,*,*,*,Male,*,<=50K,21654
4,18,*,*,9,*,*,*,Male,*,<=50K,21655
4,18,*,*,9,*,*,*,Male,*,<=50K,21656
4,26,*,*,13,*,*,*,Male,*,<=50K,21657
4,22,*,*,11,*,*,*,Male,*,<=50K,21659
4,19,*,*,10,*,*,*,Female,*,<=50K,21660
4,25,*,*,13,*,*,*,Female,*,<=50K,21662
4,18,*,*,9,*,*,*,Male,*,<=50K,21664
4,18,*,*,9,*,*,*,Male,*,<=50K,21665
4,18,*,*,9,*,*,*,Male,*,<=50K,21666
4,30,*,*,15,*,*,*,Male,*,>50K,21667
4,26,*,*,13,*,*,*,Male,*,>50K,21669
4,8,*,*,4,*,*,*,Male,*,<=50K,21670
4,23,*,*,12,*,*,*,Female,*,<=50K,21671
4,26,*,*,13,*,*,*,Male,*,<=50K,21672
4,19,*,*,10,*,*,*,Female,*,<=50K,21673
4,26,*,*,13,*,*,*,Male,*,>50K,21674
4,18,*,*,9,*,*,*,Male,*,<=50K,21675
4,19,*,*,10,*,*,*,Female,*,<=50K,21676
4,26,*,*,13,*,*,*,Male,*,>50K,21677
4,17,*,*,9,*,*,*,Female,*,<=50K,21679
4,10,*,*,5,*,*,*,Male,*,<=50K,21680
4,21,*,*,11,*,*,*,Female,*,<=50K,21681
4,26,*,*,13,*,*,*,Male,*,>50K,21683
4,18,*,*,9,*,*,*,Male,*,<=50K,21684
4,6,*,*,3,*,*,*,Male,*,<=50K,21685
4,18,*,*,9,*,*,*,Male,*,<=50K,21686
4,17,*,*,9,*,*,*,Female,*,<=50K,21687
4,25,*,*,13,*,*,*,Female,*,<=50K,21688
4,18,*,*,9,*,*,*,Male,*,<=50K,21689
4,20,*,*,10,*,*,*,Male,*,<=50K,21690
4,17,*,*,9,*,*,*,Female,*,>50K,21692
4,18,*,*,9,*,*,*,Male,*,<=50K,21693
4,26,*,*,13,*,*,*,Male,*,>50K,21694
4,20,*,*,10,*,*,*,Male,*,<=50K,21695
4,32,*,*,16,*,*,*,Male,*,<=50K,21696
4,20,*,*,10,*,*,*,Male,*,<=50K,21697
4,26,*,*,13,*,*,*,Male,*,<=50K,21698
4,20,*,*,10,*,*,*,Male,*,<=50K,21699
4,20,*,*,10,*,*,*,Male,*,<=50K,21700
4,18,*,*,9,*,*,*,Male,*,>50K,21701
4,20,*,*,10,*,*,*,Male,*,<=50K,21702
4,18,*,*,9,*,*,*,Male,*,<=50K,21703
4,26,*,*,13,*,*,*,Male,*,<=50K,21704
4,18,*,*,9,*,*,*,Male,*,<=50K,21705
4,26,*,*,13,*,*,*,Male,*,<=50K,21707
4,18,*,*,9,*,*,*,Male,*,<=50K,21708
4,28,*,*,14,*,*,*,Male,*,>50K,21709
4,20,*,*,10,*,*,*,Male,*,<=50K,21710
4,32,*,*,16,*,*,*,Male,*,<=50K,21711
4,22,*,*,11,*,*,*,Male,*,<=50K,21712
4,28,*,*,14,*,*,*,Male,*,>50K,21713
4,27,*,*,14,*,*,*,Female,*,<=50K,21714
4,28,*,*,14,*,*,*,Male,*,<=50K,21715
4,26,*,*,13,*,*,*,Male,*,<=50K,21718
4,8,*,*,4,*,*,*,Male,*,<=50K,21719
4,18,*,*,9,*,*,*,Male,*,<=50K,21724
4,22,*,*,11,*,*,*,Male,*,<=50K,21725
4,25,*,*,13,*,*,*,Female,*,<=50K,21727
4,17,*,*,9,*,*,*,Female,*,<=50K,21728
4,20,*,*,10,*,*,*,Male,*,<=50K,21729
4,26,*,*,13,*,*,*,Male,*,>50K,21731
4,26,*,*,13,*,*,*,Male,*,<=50K,21732
4,18,*,*,9,*,*,*,Male,*,<=50K,21733
4,23,*,*,12,*,*,*,Female,*,<=50K,21734
4,20,*,*,10,*,*,*,Male,*,<=50K,21735
4,6,*,*,3,*,*,*,Male,*,>50K,21736
4,20,*,*,10,*,*,*,Male,*,<=50K,21737
4,16,*,*,8,*,*,*,Male,*,<=50K,21738
4,22,*,*,11,*,*,*,Male,*,<=50K,21739
4,19,*,*,10,*,*,*,Female,*,<=50K,21740
4,17,*,*,9,*,*,*,Female,*,<=50K,21742
4,14,*,*,7,*,*,*,Male,*,<=50K,21744
4,17,*,*,9,*,*,*,Female,*,<=50K,21745
4,18,*,*,9,*,*,*,Male,*,<=50K,21746
4,26,*,*,13,*,*,*,Male,*,<=50K,21747
4,21,*,*,11,*,*,*,Female,*,<=50K,21748
4,18,*,*,9,*,*,*,Male,*,>50K,21749
4,18,*,*,9,*,*,*,Male,*,<=50K,21750
4,20,*,*,10,*,*,*,Male,*,<=50K,21753
4,18,*,*,9,*,*,*,Male,*,<=50K,21754
4,20,*,*,10,*,*,*,Male,*,>50K,21756
4,17,*,*,9,*,*,*,Female,*,>50K,21757
4,18,*,*,9,*,*,*,Male,*,<=50K,21760
4,18,*,*,9,*,*,*,Male,*,<=50K,21761
4,17,*,*,9,*,*,*,Female,*,<=50K,21762
4,27,*,*,14,*,*,*,Female,*,<=50K,21764
4,14,*,*,7,*,*,*,Male,*,<=50K,21765
4,19,*,*,10,*,*,*,Female,*,<=50K,21766
4,26,*,*,13,*,*,*,Male,*,<=50K,21767
4,19,*,*,10,*,*,*,Female,*,<=50K,21768
4,18,*,*,9,*,*,*,Male,*,<=50K,21769
4,18,*,*,9,*,*,*,Male,*,<=50K,21770
4,18,*,*,9,*,*,*,Male,*,<=50K,21771
4,20,*,*,10,*,*,*,Male,*,<=50K,21772
4,20,*,*,10,*,*,*,Male,*,<=50K,21773
4,12,*,*,6,*,*,*,Male,*,<=50K,21774
4,19,*,*,10,*,*,*,Female,*,<=50K,21776
4,18,*,*,9,*,*,*,Male,*,>50K,21777
4,25,*,*,13,*,*,*,Female,*,<=50K,21778
4,17,*,*,9,*,*,*,Female,*,<=50K,21779
4,18,*,*,9,*,*,*,Male,*,<=50K,21780
4,17,*,*,9,*,*,*,Female,*,<=50K,21781
4,19,*,*,10,*,*,*,Female,*,<=50K,21782
4,21,*,*,11,*,*,*,Female,*,<=50K,21783
4,12,*,*,6,*,*,*,Male,*,<=50K,21784
4,19,*,*,10,*,*,*,Female,*,<=50K,21785
4,20,*,*,10,*,*,*,Male,*,>50K,21786
4,20,*,*,10,*,*,*,Male,*,<=50K,21787
4,21,*,*,11,*,*,*,Female,*,<=50K,21788
4,26,*,*,13,*,*,*,Male,*,>50K,21789
4,14,*,*,7,*,*,*,Male,*,<=50K,21790
4,7,*,*,4,*,*,*,Female,*,<=50K,21791
4,18,*,*,9,*,*,*,Male,*,<=50K,21792
4,18,*,*,9,*,*,*,Male,*,<=50K,21793
4,20,*,*,10,*,*,*,Male,*,>50K,21794
4,24,*,*,12,*,*,*,Male,*,<=50K,21795
4,18,*,*,9,*,*,*,Male,*,>50K,21796
4,19,*,*,10,*,*,*,Female,*,<=50K,21797
4,19,*,*,10,*,*,*,Female,*,<=50K,21798
4,18,*,*,9,*,*,*,Male,*,<=50K,21799
4,20,*,*,10,*,*,*,Male,*,<=50K,21800
4,22,*,*,11,*,*,*,Male,*,>50K,21801
4,18,*,*,9,*,*,*,Male,*,<=50K,21802
4,17,*,*,9,*,*,*,Female,*,<=50K,21803
4,26,*,*,13,*,*,*,Male,*,>50K,21804
4,26,*,*,13,*,*,*,Male,*,>50K,21806
4,25,*,*,13,*,*,*,Female,*,<=50K,21807
4,20,*,*,10,*,*,*,Male,*,<=50K,21808
4,10,*,*,5,*,*,*,Male,*,>50K,21809
4,26,*,*,13,*,*,*,Male,*,>50K,21810
4,18,*,*,9,*,*,*,Male,*,<=50K,21811
4,20,*,*,10,*,*,*,Male,*,<=50K,21812
4,18,*,*,9,*,*,*,Male,*,<=50K,21813
4,18,*,*,9,*,*,*,Male,*,<=50K,21814
4,20,*,*,10,*,*,*,Male,*,<=50K,21815
4,18,*,*,9,*,*,*,Male,*,>50K,21816
4,28,*,*,14,*,*,*,Male,*,>50K,21817
4,21,*,*,11,*,*,*,Female,*,<=50K,21818
4,21,*,*,11,*,*,*,Female,*,<=50K,21819
4,23,*,*,12,*,*,*,Female,*,<=50K,21821
4,18,*,*,9,*,*,*,Male,*,>50K,21822
4,26,*,*,13,*,*,*,Male,*,<=50K,21823
4,19,*,*,10,*,*,*,Female,*,<=50K,21824
4,26,*,*,13,*,*,*,Male,*,<=50K,21825
4,19,*,*,10,*,*,*,Female,*,<=50K,21827
4,18,*,*,9,*,*,*,Male,*,>50K,21828
4,18,*,*,9,*,*,*,Male,*,<=50K,21829
4,1,*,*,1,*,*,*,Female,*,<=50K,21830
4,26,*,*,13,*,*,*,Male,*,>50K,21832
4,18,*,*,9,*,*,*,Male,*,<=50K,21833
4,26,*,*,13,*,*,*,Male,*,>50K,21834
4,28,*,*,14,*,*,*,Male,*,<=50K,21837
4,20,*,*,10,*,*,*,Male,*,<=50K,21838
4,17,*,*,9,*,*,*,Female,*,<=50K,21839
4,19,*,*,10,*,*,*,Female,*,<=50K,21840
4,17,*,*,9,*,*,*,Female,*,<=50K,21841
4,25,*,*,13,*,*,*,Female,*,>50K,21843
4,10,*,*,5,*,*,*,Male,*,<=50K,21845
4,20,*,*,10,*,*,*,Male,*,<=50K,21846
4,15,*,*,8,*,*,*,Female,*,<=50K,21847
4,18,*,*,9,*,*,*,Male,*,<=50K,21848
4,19,*,*,10,*,*,*,Female,*,<=50K,21850
4,26,*,*,13,*,*,*,Male,*,>50K,21851
4,17,*,*,9,*,*,*,Female,*,<=50K,21852
4,14,*,*,7,*,*,*,Male,*,<=50K,21853
4,26,*,*,13,*,*,*,Male,*,<=50K,21856
4,17,*,*,9,*,*,*,Female,*,<=50K,21857
4,26,*,*,13,*,*,*,Male,*,>50K,21858
4,20,*,*,10,*,*,*,Male,*,<=50K,21859
4,17,*,*,9,*,*,*,Female,*,<=50K,21860
4,7,*,*,4,*,*,*,Female,*,<=50K,21861
4,18,*,*,9,*,*,*,Male,*,<=50K,21862
4,17,*,*,9,*,*,*,Female,*,<=50K,21863
4,11,*,*,6,*,*,*,Female,*,<=50K,21864
4,19,*,*,10,*,*,*,Female,*,<=50K,21865
4,20,*,*,10,*,*,*,Male,*,<=50K,21867
4,26,*,*,13,*,*,*,Male,*,>50K,21870
4,17,*,*,9,*,*,*,Female,*,<=50K,21872
4,12,*,*,6,*,*,*,Male,*,<=50K,21873
4,28,*,*,14,*,*,*,Male,*,>50K,21874
4,20,*,*,10,*,*,*,Male,*,<=50K,21877
4,26,*,*,13,*,*,*,Male,*,<=50K,21878
4,20,*,*,10,*,*,*,Male,*,<=50K,21880
4,18,*,*,9,*,*,*,Male,*,>50K,21881
4,28,*,*,14,*,*,*,Male,*,<=50K,21882
4,18,*,*,9,*,*,*,Male,*,<=50K,21883
4,26,*,*,13,*,*,*,Male,*,>50K,21885
4,14,*,*,7,*,*,*,Male,*,<=50K,21886
4,19,*,*,10,*,*,*,Female,*,<=50K,21887
4,26,*,*,13,*,*,*,Male,*,<=50K,21888
4,19,*,*,10,*,*,*,Female,*,<=50K,21889
4,13,*,*,7,*,*,*,Female,*,<=50K,21890
4,25,*,*,13,*,*,*,Female,*,<=50K,21891
4,24,*,*,12,*,*,*,Male,*,<=50K,21892
4,17,*,*,9,*,*,*,Female,*,<=50K,21893
4,18,*,*,9,*,*,*,Male,*,<=50K,21895
4,24,*,*,12,*,*,*,Male,*,<=50K,21896
4,15,*,*,8,*,*,*,Female,*,<=50K,21897
4,25,*,*,13,*,*,*,Female,*,<=50K,21898
4,18,*,*,9,*,*,*,Male,*,<=50K,21899
4,20,*,*,10,*,*,*,Male,*,<=50K,21900
4,19,*,*,10,*,*,*,Female,*,<=50K,21901
4,18,*,*,9,*,*,*,Male,*,>50K,21903
4,16,*,*,8,*,*,*,Male,*,<=50K,21904
4,17,*,*,9,*,*,*,Female,*,<=50K,21905
4,19,*,*,10,*,*,*,Female,*,<=50K,21906
4,30,*,*,15,*,*,*,Male,*,>50K,21907
4,11,*,*,6,*,*,*,Female,*,<=50K,21908
4,17,*,*,9,*,*,*,Female,*,<=50K,21909
4,18,*,*,9,*,*,*,Male,*,<=50K,21911
4,16,*,*,8,*,*,*,Male,*,<=50K,21913
4,32,*,*,16,*,*,*,Male,*,<=50K,21914
4,20,*,*,10,*,*,*,Male,*,>50K,21915
4,17,*,*,9,*,*,*,Female,*,<=50K,21916
4,25,*,*,13,*,*,*,Female,*,<=50K,21918
4,17,*,*,9,*,*,*,Female,*,<=50K,21919
4,20,*,*,10,*,*,*,Male,*,<=50K,21920
4,27,*,*,14,*,*,*,Female,*,<=50K,21921
4,18,*,*,9,*,*,*,Male,*,<=50K,21924
4,19,*,*,10,*,*,*,Female,*,<=50K,21925
4,20,*,*,10,*,*,*,Male,*,>50K,21926
4,18,*,*,9,*,*,*,Male,*,>50K,21928
4,20,*,*,10,*,*,*,Male,*,<=50K,21929
4,32,*,*,16,*,*,*,Male,*,>50K,21930
4,19,*,*,10,*,*,*,Female,*,<=50K,21932
4,20,*,*,10,*,*,*,Male,*,>50K,21933
4,17,*,*,9,*,*,*,Female,*,<=50K,21935
4,17,*,*,9,*,*,*,Female,*,<=50K,21936
4,18,*,*,9,*,*,*,Male,*,<=50K,21937
4,25,*,*,13,*,*,*,Female,*,<=50K,21939
4,17,*,*,9,*,*,*,Female,*,<=50K,21940
4,3,*,*,2,*,*,*,Female,*,<=50K,21943
4,22,*,*,11,*,*,*,Male,*,>50K,21944
4,23,*,*,12,*,*,*,Female,*,<=50K,21947
4,19,*,*,10,*,*,*,Female,*,<=50K,21948
4,20,*,*,10,*,*,*,Male,*,>50K,21949
4,25,*,*,13,*,*,*,Female,*,<=50K,21950
4,20,*,*,10,*,*,*,Male,*,<=50K,21951
4,19,*,*,10,*,*,*,Female,*,>50K,21952
4,17,*,*,9,*,*,*,Female,*,<=50K,21953
4,14,*,*,7,*,*,*,Male,*,<=50K,21955
4,12,*,*,6,*,*,*,Male,*,<=50K,21956
4,20,*,*,10,*,*,*,Male,*,<=50K,21957
4,18,*,*,9,*,*,*,Male,*,<=50K,21958
4,18,*,*,9,*,*,*,Male,*,<=50K,21959
4,18,*,*,9,*,*,*,Male,*,<=50K,21960
4,18,*,*,9,*,*,*,Male,*,<=50K,21961
4,20,*,*,10,*,*,*,Male,*,<=50K,21962
4,25,*,*,13,*,*,*,Female,*,>50K,21963
4,25,*,*,13,*,*,*,Female,*,<=50K,21964
4,18,*,*,9,*,*,*,Male,*,<=50K,21965
4,6,*,*,3,*,*,*,Male,*,<=50K,21966
4,23,*,*,12,*,*,*,Female,*,<=50K,21967
4,17,*,*,9,*,*,*,Female,*,>50K,21968
4,30,*,*,15,*,*,*,Male,*,>50K,21969
4,19,*,*,10,*,*,*,Female,*,<=50K,21970
4,18,*,*,9,*,*,*,Male,*,>50K,21971
4,20,*,*,10,*,*,*,Male,*,>50K,21972
4,14,*,*,7,*,*,*,Male,*,<=50K,21973
4,26,*,*,13,*,*,*,Male,*,>50K,21974
4,13,*,*,7,*,*,*,Female,*,<=50K,21975
4,26,*,*,13,*,*,*,Male,*,>50K,21976
4,28,*,*,14,*,*,*,Male,*,>50K,21977
4,6,*,*,3,*,*,*,Male,*,<=50K,21978
4,17,*,*,9,*,*,*,Female,*,<=50K,21979
4,19,*,*,10,*,*,*,Female,*,<=50K,21981
4,20,*,*,10,*,*,*,Male,*,<=50K,21982
4,6,*,*,3,*,*,*,Male,*,<=50K,21983
4,18,*,*,9,*,*,*,Male,*,<=50K,21984
4,18,*,*,9,*,*,*,Male,*,<=50K,21986
4,18,*,*,9,*,*,*,Male,*,<=50K,21987
4,18,*,*,9,*,*,*,Male,*,<=50K,21988
4,18,*,*,9,*,*,*,Male,*,<=50K,21989
4,19,*,*,10,*,*,*,Female,*,<=50K,21990
4,17,*,*,9,*,*,*,Female,*,<=50K,21991
4,9,*,*,5,*,*,*,Female,*,<=50K,21992
4,18,*,*,9,*,*,*,Male,*,<=50K,21993
4,20,*,*,10,*,*,*,Male,*,<=50K,21994
4,19,*,*,10,*,*,*,Female,*,<=50K,21996
4,18,*,*,9,*,*,*,Male,*,<=50K,21997
4,26,*,*,13,*,*,*,Male,*,<=50K,21999
4,25,*,*,13,*,*,*,Female,*,<=50K,22000
4,25,*,*,13,*,*,*,Female,*,<=50K,22001
4,30,*,*,15,*,*,*,Male,*,>50K,22002
4,8,*,*,4,*,*,*,Male,*,<=50K,22003
4,18,*,*,9,*,*,*,Male,*,<=50K,22005
4,19,*,*,10,*,*,*,Female,*,<=50K,22006
4,20,*,*,10,*,*,*,Male,*,>50K,22007
4,17,*,*,9,*,*,*,Female,*,<=50K,22008
4,26,*,*,13,*,*,*,Male,*,<=50K,22010
4,17,*,*,9,*,*,*,Female,*,<=50K,22011
4,18,*,*,9,*,*,*,Male,*,<=50K,22013
4,26,*,*,13,*,*,*,Male,*,>50K,22014
4,18,*,*,9,*,*,*,Male,*,<=50K,22015
4,24,*,*,12,*,*,*,Male,*,>50K,22016
4,20,*,*,10,*,*,*,Male,*,<=50K,22018
4,25,*,*,13,*,*,*,Female,*,<=50K,22020
4,12,*,*,6,*,*,*,Male,*,<=50K,22021
4,26,*,*,13,*,*,*,Male,*,>50K,22022
4,17,*,*,9,*,*,*,Female,*,<=50K,22023
4,27,*,*,14,*,*,*,Female,*,<=50K,22024
4,32,*,*,16,*,*,*,Male,*,>50K,22025
4,20,*,*,10,*,*,*,Male,*,<=50K,22026
4,18,*,*,9,*,*,*,Male,*,<=50K,22027
4,18,*,*,9,*,*,*,Male,*,<=50K,22028
4,18,*,*,9,*,*,*,Male,*,<=50K,22029
4,28,*,*,14,*,*,*,Male,*,<=50K,22030
4,17,*,*,9,*,*,*,Female,*,<=50K,22032
4,18,*,*,9,*,*,*,Male,*,<=50K,22034
4,25,*,*,13,*,*,*,Female,*,<=50K,22036
4,18,*,*,9,*,*,*,Male,*,<=50K,22037
4,20,*,*,10,*,*,*,Male,*,>50K,22038
4,12,*,*,6,*,*,*,Male,*,<=50K,22040
4,15,*,*,8,*,*,*,Female,*,<=50K,22042
4,13,*,*,7,*,*,*,Female,*,<=50K,22043
4,26,*,*,13,*,*,*,Male,*,>50K,22044
4,28,*,*,14,*,*,*,Male,*,>50K,22045
4,18,*,*,9,*,*,*,Male,*,<=50K,22047
4,28,*,*,14,*,*,*,Male,*,<=50K,22048
4,17,*,*,9,*,*,*,Female,*,<=50K,22049
4,26,*,*,13,*,*,*,Male,*,<=50K,22050
4,18,*,*,9,*,*,*,Male,*,<=50K,22051
4,26,*,*,13,*,*,*,Male,*,>50K,22052
4,24,*,*,12,*,*,*,Male,*,<=50K,22053
4,18,*,*,9,*,*,*,Male,*,<=50K,22054
4,20,*,*,10,*,*,*,Male,*,<=50K,22056
4,18,*,*,9,*,*,*,Male,*,>50K,22059
4,18,*,*,9,*,*,*,Male,*,<=50K,22060
4,20,*,*,10,*,*,*,Male,*,>50K,22061
4,26,*,*,13,*,*,*,Male,*,<=50K,22063
4,17,*,*,9,*,*,*,Female,*,>50K,22064
4,19,*,*,10,*,*,*,Female,*,<=50K,22065
4,19,*,*,10,*,*,*,Female,*,>50K,22066
4,14,*,*,7,*,*,*,Male,*,<=50K,22067
4,18,*,*,9,*,*,*,Male,*,<=50K,22068
4,19,*,*,10,*,*,*,Female,*,<=50K,22069
4,18,*,*,9,*,*,*,Male,*,<=50K,22070
4,25,*,*,13,*,*,*,Female,*,<=50K,22071
4,18,*,*,9,*,*,*,Male,*,<=50K,22072
4,25,*,*,13,*,*,*,Female,*,>50K,22073
4,18,*,*,9,*,*,*,Male,*,<=50K,22074
4,25,*,*,13,*,*,*,Female,*,<=50K,22075
4,18,*,*,9,*,*,*,Male,*,>50K,22076
4,22,*,*,11,*,*,*,Male,*,<=50K,22077
4,25,*,*,13,*,*,*,Female,*,<=50K,22078
4,26,*,*,13,*,*,*,Male,*,>50K,22080
4,17,*,*,9,*,*,*,Female,*,<=50K,22081
4,12,*,*,6,*,*,*,Male,*,<=50K,22082
4,13,*,*,7,*,*,*,Female,*,<=50K,22083
4,10,*,*,5,*,*,*,Male,*,<=50K,22084
4,23,*,*,12,*,*,*,Female,*,<=50K,22086
4,20,*,*,10,*,*,*,Male,*,<=50K,22088
4,12,*,*,6,*,*,*,Male,*,<=50K,22089
4,12,*,*,6,*,*,*,Male,*,>50K,22090
4,26,*,*,13,*,*,*,Male,*,<=50K,22091
4,18,*,*,9,*,*,*,Male,*,<=50K,22092
4,18,*,*,9,*,*,*,Male,*,<=50K,22093
4,18,*,*,9,*,*,*,Male,*,<=50K,22094
4,18,*,*,9,*,*,*,Male,*,>50K,22095
4,17,*,*,9,*,*,*,Female,*,<=50K,22097
4,13,*,*,7,*,*,*,Female,*,<=50K,22099
4,12,*,*,6,*,*,*,Male,*,<=50K,22100
4,26,*,*,13,*,*,*,Male,*,<=50K,22101
4,26,*,*,13,*,*,*,Male,*,<=50K,22102
4,18,*,*,9,*,*,*,Male,*,<=50K,22103
4,10,*,*,5,*,*,*,Male,*,<=50K,22104
4,25,*,*,13,*,*,*,Female,*,>50K,22105
4,20,*,*,10,*,*,*,Male,*,>50K,22106
4,22,*,*,11,*,*,*,Male,*,>50K,22107
4,18,*,*,9,*,*,*,Male,*,<=50K,22108
4,20,*,*,10,*,*,*,Male,*,<=50K,22109
4,25,*,*,13,*,*,*,Female,*,<=50K,22110
4,17,*,*,9,*,*,*,Female,*,<=50K,22111
4,4,*,*,2,*,*,*,Male,*,<=50K,22112
4,27,*,*,14,*,*,*,Female,*,<=50K,22114
4,18,*,*,9,*,*,*,Male,*,>50K,22115
4,19,*,*,10,*,*,*,Female,*,<=50K,22116
4,24,*,*,12,*,*,*,Male,*,>50K,22117
4,18,*,*,9,*,*,*,Male,*,<=50K,22119
4,18,*,*,9,*,*,*,Male,*,<=50K,22122
4,20,*,*,10,*,*,*,Male,*,<=50K,22123
4,18,*,*,9,*,*,*,Male,*,<=50K,22124
4,25,*,*,13,*,*,*,Female,*,<=50K,22127
4,18,*,*,9,*,*,*,Male,*,<=50K,22128
4,2,*,*,1,*,*,*,Male,*,<=50K,22129
4,18,*,*,9,*,*,*,Male,*,<=50K,22130
4,21,*,*,11,*,*,*,Female,*,<=50K,22132
4,14,*,*,7,*,*,*,Male,*,<=50K,22133
4,32,*,*,16,*,*,*,Male,*,>50K,22135
4,18,*,*,9,*,*,*,Male,*,<=50K,22136
4,30,*,*,15,*,*,*,Male,*,<=50K,22138
4,30,*,*,15,*,*,*,Male,*,>50K,22139
4,22,*,*,11,*,*,*,Male,*,>50K,22140
4,26,*,*,13,*,*,*,Male,*,>50K,22141
4,20,*,*,10,*,*,*,Male,*,<=50K,22143
4,17,*,*,9,*,*,*,Female,*,<=50K,22144
4,18,*,*,9,*,*,*,Male,*,<=50K,22145
4,20,*,*,10,*,*,*,Male,*,<=50K,22146
4,22,*,*,11,*,*,*,Male,*,<=50K,22147
4,20,*,*,10,*,*,*,Male,*,<=50K,22148
4,20,*,*,10,*,*,*,Male,*,<=50K,22150
4,18,*,*,9,*,*,*,Male,*,<=50K,22151
4,18,*,*,9,*,*,*,Male,*,<=50K,22152
4,20,*,*,10,*,*,*,Male,*,<=50K,22153
4,17,*,*,9,*,*,*,Female,*,<=50K,22155
4,27,*,*,14,*,*,*,Female,*,>50K,22156
4,15,*,*,8,*,*,*,Female,*,<=50K,22157
4,18,*,*,9,*,*,*,Male,*,<=50K,22158
4,17,*,*,9,*,*,*,Female,*,<=50K,22159
4,13,*,*,7,*,*,*,Female,*,<=50K,22160
4,28,*,*,14,*,*,*,Male,*,>50K,22161
4,4,*,*,2,*,*,*,Male,*,<=50K,22162
4,20,*,*,10,*,*,*,Male,*,<=50K,22163
4,23,*,*,12,*,*,*,Female,*,>50K,22164
4,26,*,*,13,*,*,*,Male,*,<=50K,22165
4,8,*,*,4,*,*,*,Male,*,<=50K,22166
4,18,*,*,9,*,*,*,Male,*,<=50K,22167
4,28,*,*,14,*,*,*,Male,*,>50K,22168
4,19,*,*,10,*,*,*,Female,*,<=50K,22169
4,18,*,*,9,*,*,*,Male,*,<=50K,22170
4,13,*,*,7,*,*,*,Female,*,<=50K,22171
4,18,*,*,9,*,*,*,Male,*,<=50K,22173
4,18,*,*,9,*,*,*,Male,*,<=50K,22174
4,18,*,*,9,*,*,*,Male,*,<=50K,22176
4,18,*,*,9,*,*,*,Male,*,<=50K,22177
4,19,*,*,10,*,*,*,Female,*,<=50K,22178
4,25,*,*,13,*,*,*,Female,*,>50K,22179
4,26,*,*,13,*,*,*,Male,*,<=50K,22181
4,19,*,*,10,*,*,*,Female,*,<=50K,22183
4,20,*,*,10,*,*,*,Male,*,<=50K,22184
4,18,*,*,9,*,*,*,Male,*,<=50K,22185
4,18,*,*,9,*,*,*,Male,*,<=50K,22187
4,25,*,*,13,*,*,*,Female,*,<=50K,22188
4,20,*,*,10,*,*,*,Male,*,<=50K,22189
4,17,*,*,9,*,*,*,Female,*,<=50K,22190
4,20,*,*,10,*,*,*,Male,*,<=50K,22191
4,17,*,*,9,*,*,*,Female,*,<=50K,22192
4,17,*,*,9,*,*,*,Female,*,<=50K,22194
4,20,*,*,10,*,*,*,Male,*,<=50K,22195
4,29,*,*,15,*,*,*,Female,*,>50K,22196
4,26,*,*,13,*,*,*,Male,*,<=50K,22197
4,25,*,*,13,*,*,*,Female,*,<=50K,22199
4,20,*,*,10,*,*,*,Male,*,<=50K,22200
4,17,*,*,9,*,*,*,Female,*,<=50K,22203
4,26,*,*,13,*,*,*,Male,*,>50K,22204
4,20,*,*,10,*,*,*,Male,*,<=50K,22206
4,14,*,*,7,*,*,*,Male,*,<=50K,22207
4,18,*,*,9,*,*,*,Male,*,<=50K,22208
4,25,*,*,13,*,*,*,Female,*,<=50K,22209
4,22,*,*,11,*,*,*,Male,*,<=50K,22210
4,17,*,*,9,*,*,*,Female,*,<=50K,22211
4,30,*,*,15,*,*,*,Male,*,>50K,22212
4,18,*,*,9,*,*,*,Male,*,>50K,22213
4,20,*,*,10,*,*,*,Male,*,<=50K,22214
4,26,*,*,13,*,*,*,Male,*,>50K,22215
4,26,*,*,13,*,*,*,Male,*,<=50K,22216
4,28,*,*,14,*,*,*,Male,*,>50K,22218
4,21,*,*,11,*,*,*,Female,*,<=50K,22219
4,22,*,*,11,*,*,*,Male,*,<=50K,22223
4,26,*,*,13,*,*,*,Male,*,<=50K,22224
4,17,*,*,9,*,*,*,Female,*,<=50K,22225
4,20,*,*,10,*,*,*,Male,*,<=50K,22226
4,25,*,*,13,*,*,*,Female,*,<=50K,22227
4,10,*,*,5,*,*,*,Male,*,<=50K,22228
4,19,*,*,10,*,*,*,Female,*,<=50K,22229
4,20,*,*,10,*,*,*,Male,*,<=50K,22230
4,17,*,*,9,*,*,*,Female,*,>50K,22232
4,25,*,*,13,*,*,*,Female,*,<=50K,22233
4,18,*,*,9,*,*,*,Male,*,<=50K,22234
4,17,*,*,9,*,*,*,Female,*,<=50K,22235
4,19,*,*,10,*,*,*,Female,*,<=50K,22236
4,17,*,*,9,*,*,*,Female,*,<=50K,22237
4,24,*,*,12,*,*,*,Male,*,<=50K,22238
4,18,*,*,9,*,*,*,Male,*,<=50K,22239
4,26,*,*,13,*,*,*,Male,*,<=50K,22240
4,18,*,*,9,*,*,*,Male,*,<=50K,22241
4,20,*,*,10,*,*,*,Male,*,>50K,22242
4,26,*,*,13,*,*,*,Male,*,>50K,22244
4,18,*,*,9,*,*,*,Male,*,<=50K,22245
4,9,*,*,5,*,*,*,Female,*,<=50K,22246
4,18,*,*,9,*,*,*,Male,*,<=50K,22247
4,18,*,*,9,*,*,*,Male,*,<=50K,22249
4,20,*,*,10,*,*,*,Male,*,>50K,22250
4,17,*,*,9,*,*,*,Female,*,<=50K,22251
4,20,*,*,10,*,*,*,Male,*,<=50K,22252
4,18,*,*,9,*,*,*,Male,*,<=50K,22253
4,19,*,*,10,*,*,*,Female,*,<=50K,22255
4,27,*,*,14,*,*,*,Female,*,<=50K,22256
4,20,*,*,10,*,*,*,Male,*,<=50K,22257
4,28,*,*,14,*,*,*,Male,*,>50K,22258
4,10,*,*,5,*,*,*,Male,*,<=50K,22259
4,8,*,*,4,*,*,*,Male,*,<=50K,22260
4,18,*,*,9,*,*,*,Male,*,<=50K,22262
4,19,*,*,10,*,*,*,Female,*,<=50K,22263
4,20,*,*,10,*,*,*,Male,*,<=50K,22264
4,18,*,*,9,*,*,*,Male,*,<=50K,22265
4,20,*,*,10,*,*,*,Male,*,<=50K,22266
4,26,*,*,13,*,*,*,Male,*,>50K,22267
4,18,*,*,9,*,*,*,Male,*,<=50K,22269
4,24,*,*,12,*,*,*,Male,*,<=50K,22270
4,27,*,*,14,*,*,*,Female,*,<=50K,22271
4,26,*,*,13,*,*,*,Male,*,<=50K,22272
4,18,*,*,9,*,*,*,Male,*,>50K,22273
4,20,*,*,10,*,*,*,Male,*,>50K,22274
4,17,*,*,9,*,*,*,Female,*,<=50K,22275
4,26,*,*,13,*,*,*,Male,*,<=50K,22276
4,20,*,*,10,*,*,*,Male,*,<=50K,22277
4,26,*,*,13,*,*,*,Male,*,>50K,22278
4,26,*,*,13,*,*,*,Male,*,<=50K,22279
4,26,*,*,13,*,*,*,Male,*,>50K,22281
4,18,*,*,9,*,*,*,Male,*,<=50K,22282
4,26,*,*,13,*,*,*,Male,*,>50K,22284
4,19,*,*,10,*,*,*,Female,*,<=50K,22285
4,20,*,*,10,*,*,*,Male,*,>50K,22286
4,26,*,*,13,*,*,*,Male,*,<=50K,22287
4,14,*,*,7,*,*,*,Male,*,<=50K,22288
4,32,*,*,16,*,*,*,Male,*,>50K,22289
4,18,*,*,9,*,*,*,Male,*,<=50K,22292
4,25,*,*,13,*,*,*,Female,*,<=50K,22293
4,25,*,*,13,*,*,*,Female,*,<=50K,22294
4,14,*,*,7,*,*,*,Male,*,<=50K,22295
4,18,*,*,9,*,*,*,Male,*,>50K,22296
4,28,*,*,14,*,*,*,Male,*,>50K,22298
4,26,*,*,13,*,*,*,Male,*,<=50K,22299
4,27,*,*,14,*,*,*,Female,*,>50K,22300
4,27,*,*,14,*,*,*,Female,*,<=50K,22301
4,22,*,*,11,*,*,*,Male,*,>50K,22302
4,26,*,*,13,*,*,*,Male,*,>50K,22303
4,26,*,*,13,*,*,*,Male,*,<=50K,22304
4,18,*,*,9,*,*,*,Male,*,<=50K,22305
4,18,*,*,9,*,*,*,Male,*,<=50K,22307
4,26,*,*,13,*,*,*,Male,*,<=50K,22308
4,17,*,*,9,*,*,*,Female,*,<=50K,22309
4,26,*,*,13,*,*,*,Male,*,<=50K,22310
4,19,*,*,10,*,*,*,Female,*,<=50K,22312
4,30,*,*,15,*,*,*,Male,*,<=50K,22315
4,18,*,*,9,*,*,*,Male,*,<=50K,22316
4,20,*,*,10,*,*,*,Male,*,<=50K,22317
4,17,*,*,9,*,*,*,Female,*,<=50K,22320
4,20,*,*,10,*,*,*,Male,*,<=50K,22321
4,18,*,*,9,*,*,*,Male,*,<=50K,22322
4,18,*,*,9,*,*,*,Male,*,<=50K,22325
4,25,*,*,13,*,*,*,Female,*,<=50K,22327
4,13,*,*,7,*,*,*,Female,*,<=50K,22328
4,9,*,*,5,*,*,*,Female,*,<=50K,22329
4,18,*,*,9,*,*,*,Male,*,<=50K,22330
4,18,*,*,9,*,*,*,Male,*,<=50K,22331
4,19,*,*,10,*,*,*,Female,*,<=50K,22334
4,17,*,*,9,*,*,*,Female,*,<=50K,22335
4,18,*,*,9,*,*,*,Male,*,>50K,22336
4,17,*,*,9,*,*,*,Female,*,<=50K,22337
4,18,*,*,9,*,*,*,Male,*,>50K,22338
4,18,*,*,9,*,*,*,Male,*,<=50K,22341
4,20,*,*,10,*,*,*,Male,*,<=50K,22342
4,20,*,*,10,*,*,*,Male,*,<=50K,22343
4,28,*,*,14,*,*,*,Male,*,>50K,22344
4,26,*,*,13,*,*,*,Male,*,<=50K,22345
4,18,*,*,9,*,*,*,Male,*,<=50K,22347
4,19,*,*,10,*,*,*,Female,*,<=50K,22348
4,19,*,*,10,*,*,*,Female,*,<=50K,22349
4,22,*,*,11,*,*,*,Male,*,>50K,22350
4,20,*,*,10,*,*,*,Male,*,<=50K,22352
4,25,*,*,13,*,*,*,Female,*,<=50K,22353
4,22,*,*,11,*,*,*,Male,*,>50K,22355
4,20,*,*,10,*,*,*,Male,*,<=50K,22356
4,20,*,*,10,*,*,*,Male,*,<=50K,22357
4,18,*,*,9,*,*,*,Male,*,<=50K,22358
4,18,*,*,9,*,*,*,Male,*,<=50K,22359
4,26,*,*,13,*,*,*,Male,*,>50K,22360
4,24,*,*,12,*,*,*,Male,*,<=50K,22361
4,18,*,*,9,*,*,*,Male,*,<=50K,22362
4,19,*,*,10,*,*,*,Female,*,<=50K,22363
4,21,*,*,11,*,*,*,Female,*,>50K,22364
4,19,*,*,10,*,*,*,Female,*,<=50K,22365
4,19,*,*,10,*,*,*,Female,*,<=50K,22366
4,26,*,*,13,*,*,*,Male,*,>50K,22367
4,20,*,*,10,*,*,*,Male,*,<=50K,22368
4,17,*,*,9,*,*,*,Female,*,<=50K,22369
4,17,*,*,9,*,*,*,Female,*,<=50K,22370
4,17,*,*,9,*,*,*,Female,*,<=50K,22371
4,18,*,*,9,*,*,*,Male,*,<=50K,22372
4,26,*,*,13,*,*,*,Male,*,>50K,22373
4,30,*,*,15,*,*,*,Male,*,>50K,22375
4,27,*,*,14,*,*,*,Female,*,<=50K,22376
4,15,*,*,8,*,*,*,Female,*,<=50K,22377
4,19,*,*,10,*,*,*,Female,*,<=50K,22378
4,19,*,*,10,*,*,*,Female,*,<=50K,22379
4,17,*,*,9,*,*,*,Female,*,<=50K,22380
4,18,*,*,9,*,*,*,Male,*,<=50K,22381
4,28,*,*,14,*,*,*,Male,*,<=50K,22382
4,20,*,*,10,*,*,*,Male,*,>50K,22384
4,17,*,*,9,*,*,*,Female,*,<=50K,22385
4,17,*,*,9,*,*,*,Female,*,<=50K,22386
4,24,*,*,12,*,*,*,Male,*,>50K,22387
4,14,*,*,7,*,*,*,Male,*,<=50K,22388
4,18,*,*,9,*,*,*,Male,*,>50K,22389
4,20,*,*,10,*,*,*,Male,*,<=50K,22391
4,22,*,*,11,*,*,*,Male,*,<=50K,22393
4,20,*,*,10,*,*,*,Male,*,<=50K,22395
4,15,*,*,8,*,*,*,Female,*,<=50K,22396
4,18,*,*,9,*,*,*,Male,*,<=50K,22398
4,19,*,*,10,*,*,*,Female,*,<=50K,22399
4,26,*,*,13,*,*,*,Male,*,<=50K,22400
4,17,*,*,9,*,*,*,Female,*,<=50K,22401
4,6,*,*,3,*,*,*,Male,*,<=50K,22403
4,18,*,*,9,*,*,*,Male,*,>50K,22404
4,16,*,*,8,*,*,*,Male,*,>50K,22405
4,18,*,*,9,*,*,*,Male,*,<=50K,22406
4,14,*,*,7,*,*,*,Male,*,<=50K,22407
4,20,*,*,10,*,*,*,Male,*,<=50K,22408
4,26,*,*,13,*,*,*,Male,*,<=50K,22410
4,26,*,*,13,*,*,*,Male,*,<=50K,22411
4,8,*,*,4,*,*,*,Male,*,<=50K,22412
4,16,*,*,8,*,*,*,Male,*,<=50K,22414
4,26,*,*,13,*,*,*,Male,*,>50K,22416
4,25,*,*,13,*,*,*,Female,*,<=50K,22420
4,19,*,*,10,*,*,*,Female,*,<=50K,22422
4,26,*,*,13,*,*,*,Male,*,>50K,22423
4,18,*,*,9,*,*,*,Male,*,<=50K,22424
4,26,*,*,13,*,*,*,Male,*,<=50K,22425
4,17,*,*,9,*,*,*,Female,*,<=50K,22427
4,19,*,*,10,*,*,*,Female,*,<=50K,22428
4,13,*,*,7,*,*,*,Female,*,<=50K,22429
4,12,*,*,6,*,*,*,Male,*,<=50K,22431
4,20,*,*,10,*,*,*,Male,*,<=50K,22432
4,18,*,*,9,*,*,*,Male,*,<=50K,22433
4,18,*,*,9,*,*,*,Male,*,<=50K,22434
4,18,*,*,9,*,*,*,Male,*,<=50K,22436
4,30,*,*,15,*,*,*,Male,*,>50K,22437
4,28,*,*,14,*,*,*,Male,*,>50K,22438
4,26,*,*,13,*,*,*,Male,*,<=50K,22441
4,30,*,*,15,*,*,*,Male,*,>50K,22443
4,20,*,*,10,*,*,*,Male,*,<=50K,22444
4,24,*,*,12,*,*,*,Male,*,<=50K,22445
4,18,*,*,9,*,*,*,Male,*,<=50K,22446
4,17,*,*,9,*,*,*,Female,*,<=50K,22447
4,17,*,*,9,*,*,*,Female,*,<=50K,22448
4,30,*,*,15,*,*,*,Male,*,>50K,22449
4,18,*,*,9,*,*,*,Male,*,<=50K,22450
4,18,*,*,9,*,*,*,Male,*,<=50K,22451
4,19,*,*,10,*,*,*,Female,*,<=50K,22453
4,22,*,*,11,*,*,*,Male,*,>50K,22454
4,11,*,*,6,*,*,*,Female,*,<=50K,22456
4,19,*,*,10,*,*,*,Female,*,<=50K,22457
4,17,*,*,9,*,*,*,Female,*,<=50K,22459
4,26,*,*,13,*,*,*,Male,*,>50K,22460
4,18,*,*,9,*,*,*,Male,*,<=50K,22461
4,30,*,*,15,*,*,*,Male,*,>50K,22462
4,14,*,*,7,*,*,*,Male,*,<=50K,22463
4,18,*,*,9,*,*,*,Male,*,<=50K,22464
4,26,*,*,13,*,*,*,Male,*,<=50K,22465
4,19,*,*,10,*,*,*,Female,*,>50K,22466
4,17,*,*,9,*,*,*,Female,*,<=50K,22467
4,18,*,*,9,*,*,*,Male,*,<=50K,22468
4,2,*,*,1,*,*,*,Male,*,<=50K,22469
4,18,*,*,9,*,*,*,Male,*,<=50K,22470
4,18,*,*,9,*,*,*,Male,*,<=50K,22471
4,22,*,*,11,*,*,*,Male,*,<=50K,22472
4,12,*,*,6,*,*,*,Male,*,<=50K,22473
4,17,*,*,9,*,*,*,Female,*,<=50K,22474
4,18,*,*,9,*,*,*,Male,*,<=50K,22475
4,20,*,*,10,*,*,*,Male,*,<=50K,22477
4,25,*,*,13,*,*,*,Female,*,<=50K,22479
4,28,*,*,14,*,*,*,Male,*,<=50K,22481
4,13,*,*,7,*,*,*,Female,*,<=50K,22482
4,14,*,*,7,*,*,*,Male,*,<=50K,22483
4,18,*,*,9,*,*,*,Male,*,<=50K,22485
4,19,*,*,10,*,*,*,Female,*,<=50K,22487
4,20,*,*,10,*,*,*,Male,*,>50K,22488
4,8,*,*,4,*,*,*,Male,*,<=50K,22489
4,18,*,*,9,*,*,*,Male,*,<=50K,22490
4,26,*,*,13,*,*,*,Male,*,<=50K,22491
4,26,*,*,13,*,*,*,Male,*,>50K,22492
4,18,*,*,9,*,*,*,Male,*,<=50K,22494
4,14,*,*,7,*,*,*,Male,*,<=50K,22495
4,18,*,*,9,*,*,*,Male,*,<=50K,22497
4,17,*,*,9,*,*,*,Female,*,<=50K,22498
4,28,*,*,14,*,*,*,Male,*,>50K,22499
4,19,*,*,10,*,*,*,Female,*,<=50K,22501
4,19,*,*,10,*,*,*,Female,*,<=50K,22502
4,18,*,*,9,*,*,*,Male,*,>50K,22503
4,25,*,*,13,*,*,*,Female,*,<=50K,22504
4,25,*,*,13,*,*,*,Female,*,<=50K,22505
4,18,*,*,9,*,*,*,Male,*,<=50K,22506
4,28,*,*,14,*,*,*,Male,*,>50K,22507
4,20,*,*,10,*,*,*,Male,*,<=50K,22508
4,20,*,*,10,*,*,*,Male,*,<=50K,22509
4,10,*,*,5,*,*,*,Male,*,<=50K,22510
4,18,*,*,9,*,*,*,Male,*,>50K,22511
4,20,*,*,10,*,*,*,Male,*,<=50K,22513
4,26,*,*,13,*,*,*,Male,*,>50K,22517
4,18,*,*,9,*,*,*,Male,*,<=50K,22518
4,26,*,*,13,*,*,*,Male,*,<=50K,22519
4,22,*,*,11,*,*,*,Male,*,<=50K,22520
4,28,*,*,14,*,*,*,Male,*,>50K,22522
4,30,*,*,15,*,*,*,Male,*,>50K,22524
4,4,*,*,2,*,*,*,Male,*,<=50K,22525
4,10,*,*,5,*,*,*,Male,*,<=50K,22526
4,26,*,*,13,*,*,*,Male,*,>50K,22528
4,20,*,*,10,*,*,*,Male,*,<=50K,22529
4,18,*,*,9,*,*,*,Male,*,<=50K,22531
4,25,*,*,13,*,*,*,Female,*,<=50K,22532
4,19,*,*,10,*,*,*,Female,*,<=50K,22535
4,19,*,*,10,*,*,*,Female,*,<=50K,22536
4,24,*,*,12,*,*,*,Male,*,>50K,22538
4,20,*,*,10,*,*,*,Male,*,>50K,22539
4,18,*,*,9,*,*,*,Male,*,<=50K,22540
4,18,*,*,9,*,*,*,Male,*,<=50K,22543
4,20,*,*,10,*,*,*,Male,*,>50K,22544
4,18,*,*,9,*,*,*,Male,*,<=50K,22546
4,19,*,*,10,*,*,*,Female,*,<=50K,22548
4,28,*,*,14,*,*,*,Male,*,>50K,22549
4,12,*,*,6,*,*,*,Male,*,<=50K,22550
4,26,*,*,13,*,*,*,Male,*,<=50K,22551
4,20,*,*,10,*,*,*,Male,*,<=50K,22552
4,20,*,*,10,*,*,*,Male,*,>50K,22553
4,10,*,*,5,*,*,*,Male,*,<=50K,22555
4,14,*,*,7,*,*,*,Male,*,<=50K,22556
4,26,*,*,13,*,*,*,Male,*,<=50K,22557
4,12,*,*,6,*,*,*,Male,*,<=50K,22559
4,26,*,*,13,*,*,*,Male,*,>50K,22560
4,26,*,*,13,*,*,*,Male,*,>50K,22562
4,17,*,*,9,*,*,*,Female,*,<=50K,22563
4,17,*,*,9,*,*,*,Female,*,<=50K,22564
4,26,*,*,13,*,*,*,Male,*,<=50K,22565
4,19,*,*,10,*,*,*,Female,*,<=50K,22566
4,26,*,*,13,*,*,*,Male,*,>50K,22567
4,23,*,*,12,*,*,*,Female,*,<=50K,22568
4,19,*,*,10,*,*,*,Female,*,<=50K,22569
4,25,*,*,13,*,*,*,Female,*,<=50K,22570
4,26,*,*,13,*,*,*,Male,*,<=50K,22571
4,19,*,*,10,*,*,*,Female,*,<=50K,22572
4,18,*,*,9,*,*,*,Male,*,<=50K,22574
4,6,*,*,3,*,*,*,Male,*,<=50K,22575
4,23,*,*,12,*,*,*,Female,*,<=50K,22576
4,20,*,*,10,*,*,*,Male,*,<=50K,22577
4,17,*,*,9,*,*,*,Female,*,<=50K,22578
4,18,*,*,9,*,*,*,Male,*,<=50K,22579
4,17,*,*,9,*,*,*,Female,*,<=50K,22580
4,18,*,*,9,*,*,*,Male,*,<=50K,22581
4,23,*,*,12,*,*,*,Female,*,<=50K,22583
4,18,*,*,9,*,*,*,Male,*,<=50K,22584
4,18,*,*,9,*,*,*,Male,*,<=50K,22585
4,17,*,*,9,*,*,*,Female,*,<=50K,22586
4,21,*,*,11,*,*,*,Female,*,<=50K,22587
4,26,*,*,13,*,*,*,Male,*,>50K,22589
4,23,*,*,12,*,*,*,Female,*,<=50K,22590
4,17,*,*,9,*,*,*,Female,*,<=50K,22591
4,18,*,*,9,*,*,*,Male,*,<=50K,22592
4,20,*,*,10,*,*,*,Male,*,<=50K,22593
4,22,*,*,11,*,*,*,Male,*,<=50K,22594
4,20,*,*,10,*,*,*,Male,*,<=50K,22595
4,20,*,*,10,*,*,*,Male,*,<=50K,22596
4,18,*,*,9,*,*,*,Male,*,<=50K,22597
4,12,*,*,6,*,*,*,Male,*,<=50K,22598
4,10,*,*,5,*,*,*,Male,*,<=50K,22599
4,26,*,*,13,*,*,*,Male,*,>50K,22600
4,27,*,*,14,*,*,*,Female,*,>50K,22602
4,22,*,*,11,*,*,*,Male,*,<=50K,22604
4,18,*,*,9,*,*,*,Male,*,>50K,22605
4,17,*,*,9,*,*,*,Female,*,<=50K,22606
4,16,*,*,8,*,*,*,Male,*,<=50K,22609
4,26,*,*,13,*,*,*,Male,*,<=50K,22611
4,19,*,*,10,*,*,*,Female,*,<=50K,22612
4,20,*,*,10,*,*,*,Male,*,<=50K,22613
4,26,*,*,13,*,*,*,Male,*,<=50K,22614
4,10,*,*,5,*,*,*,Male,*,<=50K,22617
4,20,*,*,10,*,*,*,Male,*,<=50K,22618
4,26,*,*,13,*,*,*,Male,*,<=50K,22619
4,4,*,*,2,*,*,*,Male,*,<=50K,22620
4,20,*,*,10,*,*,*,Male,*,>50K,22621
4,20,*,*,10,*,*,*,Male,*,<=50K,22623
4,28,*,*,14,*,*,*,Male,*,<=50K,22625
4,26,*,*,13,*,*,*,Male,*,>50K,22626
4,20,*,*,10,*,*,*,Male,*,<=50K,22628
4,8,*,*,4,*,*,*,Male,*,<=50K,22629
4,13,*,*,7,*,*,*,Female,*,<=50K,22630
4,12,*,*,6,*,*,*,Male,*,<=50K,22631
4,17,*,*,9,*,*,*,Female,*,<=50K,22632
4,18,*,*,9,*,*,*,Male,*,<=50K,22633
4,26,*,*,13,*,*,*,Male,*,<=50K,22634
4,21,*,*,11,*,*,*,Female,*,<=50K,22636
4,18,*,*,9,*,*,*,Male,*,<=50K,22637
4,12,*,*,6,*,*,*,Male,*,<=50K,22638
4,19,*,*,10,*,*,*,Female,*,<=50K,22639
4,20,*,*,10,*,*,*,Male,*,<=50K,22641
4,20,*,*,10,*,*,*,Male,*,<=50K,22642
4,18,*,*,9,*,*,*,Male,*,<=50K,22643
4,18,*,*,9,*,*,*,Male,*,<=50K,22644
4,20,*,*,10,*,*,*,Male,*,>50K,22645
4,18,*,*,9,*,*,*,Male,*,<=50K,22646
4,24,*,*,12,*,*,*,Male,*,<=50K,22647
4,21,*,*,11,*,*,*,Female,*,<=50K,22650
4,17,*,*,9,*,*,*,Female,*,<=50K,22651
4,17,*,*,9,*,*,*,Female,*,<=50K,22652
4,24,*,*,12,*,*,*,Male,*,<=50K,22653
4,16,*,*,8,*,*,*,Male,*,<=50K,22656
4,23,*,*,12,*,*,*,Female,*,<=50K,22657
4,18,*,*,9,*,*,*,Male,*,<=50K,22658
4,5,*,*,3,*,*,*,Female,*,<=50K,22660
4,8,*,*,4,*,*,*,Male,*,<=50K,22662
4,20,*,*,10,*,*,*,Male,*,>50K,22663
4,6,*,*,3,*,*,*,Male,*,<=50K,22664
4,9,*,*,5,*,*,*,Female,*,<=50K,22665
4,30,*,*,15,*,*,*,Male,*,>50K,22666
4,8,*,*,4,*,*,*,Male,*,<=50K,22668
4,18,*,*,9,*,*,*,Male,*,<=50K,22669
4,18,*,*,9,*,*,*,Male,*,>50K,22670
4,20,*,*,10,*,*,*,Male,*,<=50K,22671
4,25,*,*,13,*,*,*,Female,*,<=50K,22672
4,18,*,*,9,*,*,*,Male,*,<=50K,22673
4,19,*,*,10,*,*,*,Female,*,<=50K,22674
4,14,*,*,7,*,*,*,Male,*,<=50K,22675
4,28,*,*,14,*,*,*,Male,*,>50K,22676
4,26,*,*,13,*,*,*,Male,*,>50K,22677
4,20,*,*,10,*,*,*,Male,*,<=50K,22678
4,20,*,*,10,*,*,*,Male,*,<=50K,22680
4,19,*,*,10,*,*,*,Female,*,<=50K,22682
4,18,*,*,9,*,*,*,Male,*,<=50K,22685
4,17,*,*,9,*,*,*,Female,*,<=50K,22686
4,17,*,*,9,*,*,*,Female,*,<=50K,22687
4,18,*,*,9,*,*,*,Male,*,>50K,22688
4,18,*,*,9,*,*,*,Male,*,<=50K,22689
4,8,*,*,4,*,*,*,Male,*,<=50K,22690
4,18,*,*,9,*,*,*,Male,*,<=50K,22691
4,20,*,*,10,*,*,*,Male,*,<=50K,22693
4,18,*,*,9,*,*,*,Male,*,<=50K,22694
4,8,*,*,4,*,*,*,Male,*,<=50K,22695
4,15,*,*,8,*,*,*,Female,*,<=50K,22696
4,17,*,*,9,*,*,*,Female,*,<=50K,22697
4,24,*,*,12,*,*,*,Male,*,<=50K,22698
4,25,*,*,13,*,*,*,Female,*,<=50K,22699
4,26,*,*,13,*,*,*,Male,*,<=50K,22702
4,11,*,*,6,*,*,*,Female,*,<=50K,22704
4,18,*,*,9,*,*,*,Male,*,<=50K,22705
4,19,*,*,10,*,*,*,Female,*,<=50K,22706
4,26,*,*,13,*,*,*,Male,*,>50K,22707
4,18,*,*,9,*,*,*,Male,*,<=50K,22708
4,19,*,*,10,*,*,*,Female,*,<=50K,22710
4,20,*,*,10,*,*,*,Male,*,<=50K,22712
4,18,*,*,9,*,*,*,Male,*,<=50K,22713
4,18,*,*,9,*,*,*,Male,*,<=50K,22714
4,17,*,*,9,*,*,*,Female,*,<=50K,22715
4,16,*,*,8,*,*,*,Male,*,<=50K,22717
4,18,*,*,9,*,*,*,Male,*,<=50K,22718
4,26,*,*,13,*,*,*,Male,*,<=50K,22719
4,17,*,*,9,*,*,*,Female,*,<=50K,22722
4,18,*,*,9,*,*,*,Male,*,<=50K,22725
4,18,*,*,9,*,*,*,Male,*,<=50K,22726
4,18,*,*,9,*,*,*,Male,*,<=50K,22727
4,10,*,*,5,*,*,*,Male,*,<=50K,22728
4,18,*,*,9,*,*,*,Male,*,<=50K,22729
4,17,*,*,9,*,*,*,Female,*,<=50K,22731
4,18,*,*,9,*,*,*,Male,*,<=50K,22732
4,17,*,*,9,*,*,*,Female,*,<=50K,22735
4,20,*,*,10,*,*,*,Male,*,>50K,22736
4,20,*,*,10,*,*,*,Male,*,>50K,22737
4,24,*,*,12,*,*,*,Male,*,<=50K,22738
4,18,*,*,9,*,*,*,Male,*,<=50K,22739
4,19,*,*,10,*,*,*,Female,*,<=50K,22740
4,30,*,*,15,*,*,*,Male,*,>50K,22741
4,27,*,*,14,*,*,*,Female,*,>50K,22742
4,30,*,*,15,*,*,*,Male,*,<=50K,22744
4,18,*,*,9,*,*,*,Male,*,<=50K,22745
4,19,*,*,10,*,*,*,Female,*,<=50K,22747
4,18,*,*,9,*,*,*,Male,*,<=50K,22748
4,9,*,*,5,*,*,*,Female,*,<=50K,22749
4,26,*,*,13,*,*,*,Male,*,>50K,22750
4,16,*,*,8,*,*,*,Male,*,<=50K,22752
4,17,*,*,9,*,*,*,Female,*,<=50K,22753
4,18,*,*,9,*,*,*,Male,*,<=50K,22754
4,18,*,*,9,*,*,*,Male,*,<=50K,22755
4,16,*,*,8,*,*,*,Male,*,<=50K,22757
4,21,*,*,11,*,*,*,Female,*,<=50K,22758
4,26,*,*,13,*,*,*,Male,*,>50K,22760
4,18,*,*,9,*,*,*,Male,*,<=50K,22761
4,20,*,*,10,*,*,*,Male,*,<=50K,22763
4,25,*,*,13,*,*,*,Female,*,<=50K,22764
4,17,*,*,9,*,*,*,Female,*,<=50K,22765
4,28,*,*,14,*,*,*,Male,*,>50K,22766
4,22,*,*,11,*,*,*,Male,*,>50K,22768
4,27,*,*,14,*,*,*,Female,*,<=50K,22769
4,22,*,*,11,*,*,*,Male,*,<=50K,22770
4,26,*,*,13,*,*,*,Male,*,>50K,22771
4,22,*,*,11,*,*,*,Male,*,>50K,22772
4,20,*,*,10,*,*,*,Male,*,>50K,22773
4,20,*,*,10,*,*,*,Male,*,<=50K,22774
4,20,*,*,10,*,*,*,Male,*,<=50K,22775
4,26,*,*,13,*,*,*,Male,*,<=50K,22776
4,19,*,*,10,*,*,*,Female,*,<=50K,22778
4,17,*,*,9,*,*,*,Female,*,<=50K,22780
4,18,*,*,9,*,*,*,Male,*,<=50K,22782
4,18,*,*,9,*,*,*,Male,*,>50K,22783
4,19,*,*,10,*,*,*,Female,*,<=50K,22784
4,19,*,*,10,*,*,*,Female,*,<=50K,22785
4,18,*,*,9,*,*,*,Male,*,<=50K,22786
4,19,*,*,10,*,*,*,Female,*,<=50K,22788
4,18,*,*,9,*,*,*,Male,*,>50K,22789
4,19,*,*,10,*,*,*,Female,*,<=50K,22791
4,24,*,*,12,*,*,*,Male,*,<=50K,22792
4,20,*,*,10,*,*,*,Male,*,<=50K,22793
4,25,*,*,13,*,*,*,Female,*,<=50K,22794
4,19,*,*,10,*,*,*,Female,*,<=50K,22795
4,18,*,*,9,*,*,*,Male,*,<=50K,22796
4,16,*,*,8,*,*,*,Male,*,<=50K,22797
4,20,*,*,10,*,*,*,Male,*,>50K,22798
4,26,*,*,13,*,*,*,Male,*,>50K,22799
4,26,*,*,13,*,*,*,Male,*,<=50K,22800
4,25,*,*,13,*,*,*,Female,*,<=50K,22801
4,18,*,*,9,*,*,*,Male,*,>50K,22802
4,14,*,*,7,*,*,*,Male,*,<=50K,22804
4,19,*,*,10,*,*,*,Female,*,<=50K,22805
4,23,*,*,12,*,*,*,Female,*,<=50K,22806
4,19,*,*,10,*,*,*,Female,*,<=50K,22807
4,28,*,*,14,*,*,*,Male,*,>50K,22808
4,30,*,*,15,*,*,*,Male,*,<=50K,22809
4,24,*,*,12,*,*,*,Male,*,>50K,22810
4,25,*,*,13,*,*,*,Female,*,<=50K,22811
4,18,*,*,9,*,*,*,Male,*,<=50K,22812
4,26,*,*,13,*,*,*,Male,*,<=50K,22813
4,19,*,*,10,*,*,*,Female,*,<=50K,22814
4,18,*,*,9,*,*,*,Male,*,<=50K,22817
4,18,*,*,9,*,*,*,Male,*,>50K,22818
4,20,*,*,10,*,*,*,Male,*,<=50K,22819
4,18,*,*,9,*,*,*,Male,*,>50K,22820
4,20,*,*,10,*,*,*,Male,*,<=50K,22821
4,25,*,*,13,*,*,*,Female,*,<=50K,22822
4,19,*,*,10,*,*,*,Female,*,<=50K,22823
4,18,*,*,9,*,*,*,Male,*,>50K,22824
4,28,*,*,14,*,*,*,Male,*,>50K,22825
4,13,*,*,7,*,*,*,Female,*,<=50K,22826
4,19,*,*,10,*,*,*,Female,*,<=50K,22827
4,11,*,*,6,*,*,*,Female,*,<=50K,22828
4,20,*,*,10,*,*,*,Male,*,<=50K,22830
4,26,*,*,13,*,*,*,Male,*,<=50K,22831
4,18,*,*,9,*,*,*,Male,*,<=50K,22832
4,8,*,*,4,*,*,*,Male,*,<=50K,22833
4,18,*,*,9,*,*,*,Male,*,<=50K,22834
4,17,*,*,9,*,*,*,Female,*,>50K,22835
4,30,*,*,15,*,*,*,Male,*,>50K,22836
4,18,*,*,9,*,*,*,Male,*,>50K,22837
4,17,*,*,9,*,*,*,Female,*,<=50K,22838
4,18,*,*,9,*,*,*,Male,*,<=50K,22839
4,18,*,*,9,*,*,*,Male,*,<=50K,22840
4,19,*,*,10,*,*,*,Female,*,<=50K,22841
4,17,*,*,9,*,*,*,Female,*,<=50K,22842
4,12,*,*,6,*,*,*,Male,*,<=50K,22843
4,17,*,*,9,*,*,*,Female,*,<=50K,22844
4,17,*,*,9,*,*,*,Female,*,<=50K,22845
4,13,*,*,7,*,*,*,Female,*,<=50K,22846
4,8,*,*,4,*,*,*,Male,*,>50K,22847
4,14,*,*,7,*,*,*,Male,*,>50K,22848
4,32,*,*,16,*,*,*,Male,*,>50K,22850
4,17,*,*,9,*,*,*,Female,*,<=50K,22855
4,18,*,*,9,*,*,*,Male,*,<=50K,22856
4,18,*,*,9,*,*,*,Male,*,<=50K,22858
4,20,*,*,10,*,*,*,Male,*,<=50K,22859
4,12,*,*,6,*,*,*,Male,*,<=50K,22860
4,22,*,*,11,*,*,*,Male,*,<=50K,22861
4,25,*,*,13,*,*,*,Female,*,<=50K,22862
4,14,*,*,7,*,*,*,Male,*,<=50K,22863
4,28,*,*,14,*,*,*,Male,*,>50K,22865
4,30,*,*,15,*,*,*,Male,*,>50K,22866
4,18,*,*,9,*,*,*,Male,*,<=50K,22867
4,7,*,*,4,*,*,*,Female,*,<=50K,22868
4,26,*,*,13,*,*,*,Male,*,<=50K,22869
4,18,*,*,9,*,*,*,Male,*,<=50K,22870
4,18,*,*,9,*,*,*,Male,*,>50K,22871
4,7,*,*,4,*,*,*,Female,*,<=50K,22873
4,25,*,*,13,*,*,*,Female,*,<=50K,22874
4,19,*,*,10,*,*,*,Female,*,<=50K,22875
4,17,*,*,9,*,*,*,Female,*,<=50K,22876
4,18,*,*,9,*,*,*,Male,*,>50K,22877
4,19,*,*,10,*,*,*,Female,*,<=50K,22878
4,18,*,*,9,*,*,*,Male,*,<=50K,22879
4,26,*,*,13,*,*,*,Male,*,<=50K,22880
4,21,*,*,11,*,*,*,Female,*,<=50K,22882
4,32,*,*,16,*,*,*,Male,*,>50K,22883
4,17,*,*,9,*,*,*,Female,*,<=50K,22884
4,25,*,*,13,*,*,*,Female,*,<=50K,22885
4,19,*,*,10,*,*,*,Female,*,<=50K,22886
4,17,*,*,9,*,*,*,Female,*,<=50K,22887
4,22,*,*,11,*,*,*,Male,*,<=50K,22889
4,26,*,*,13,*,*,*,Male,*,>50K,22890
4,20,*,*,10,*,*,*,Male,*,<=50K,22891
4,32,*,*,16,*,*,*,Male,*,>50K,22892
4,18,*,*,9,*,*,*,Male,*,<=50K,22893
4,18,*,*,9,*,*,*,Male,*,<=50K,22894
4,19,*,*,10,*,*,*,Female,*,<=50K,22896
4,20,*,*,10,*,*,*,Male,*,<=50K,22897
4,18,*,*,9,*,*,*,Male,*,<=50K,22899
4,18,*,*,9,*,*,*,Male,*,<=50K,22900
4,18,*,*,9,*,*,*,Male,*,<=50K,22901
4,18,*,*,9,*,*,*,Male,*,<=50K,22903
4,20,*,*,10,*,*,*,Male,*,<=50K,22904
4,22,*,*,11,*,*,*,Male,*,<=50K,22905
4,12,*,*,6,*,*,*,Male,*,>50K,22906
4,20,*,*,10,*,*,*,Male,*,>50K,22908
4,11,*,*,6,*,*,*,Female,*,<=50K,22910
4,6,*,*,3,*,*,*,Male,*,<=50K,22911
4,18,*,*,9,*,*,*,Male,*,<=50K,22912
4,20,*,*,10,*,*,*,Male,*,<=50K,22913
4,28,*,*,14,*,*,*,Male,*,>50K,22914
4,18,*,*,9,*,*,*,Male,*,<=50K,22915
4,18,*,*,9,*,*,*,Male,*,<=50K,22916
4,22,*,*,11,*,*,*,Male,*,>50K,22917
4,18,*,*,9,*,*,*,Male,*,<=50K,22918
4,26,*,*,13,*,*,*,Male,*,>50K,22919
4,13,*,*,7,*,*,*,Female,*,<=50K,22920
4,17,*,*,9,*,*,*,Female,*,<=50K,22921
4,26,*,*,13,*,*,*,Male,*,<=50K,22922
4,25,*,*,13,*,*,*,Female,*,<=50K,22924
4,21,*,*,11,*,*,*,Female,*,<=50K,22925
4,17,*,*,9,*,*,*,Female,*,<=50K,22926
4,18,*,*,9,*,*,*,Male,*,<=50K,22927
4,17,*,*,9,*,*,*,Female,*,<=50K,22928
4,19,*,*,10,*,*,*,Female,*,<=50K,22930
4,22,*,*,11,*,*,*,Male,*,<=50K,22932
4,18,*,*,9,*,*,*,Male,*,<=50K,22933
4,20,*,*,10,*,*,*,Male,*,<=50K,22935
4,18,*,*,9,*,*,*,Male,*,<=50K,22936
4,18,*,*,9,*,*,*,Male,*,>50K,22937
4,19,*,*,10,*,*,*,Female,*,<=50K,22939
4,26,*,*,13,*,*,*,Male,*,<=50K,22941
4,10,*,*,5,*,*,*,Male,*,<=50K,22942
4,14,*,*,7,*,*,*,Male,*,<=50K,22943
4,17,*,*,9,*,*,*,Female,*,<=50K,22944
4,18,*,*,9,*,*,*,Male,*,<=50K,22945
4,19,*,*,10,*,*,*,Female,*,<=50K,22946
4,20,*,*,10,*,*,*,Male,*,<=50K,22947
4,20,*,*,10,*,*,*,Male,*,>50K,22948
4,18,*,*,9,*,*,*,Male,*,>50K,22949
4,20,*,*,10,*,*,*,Male,*,<=50K,22950
4,17,*,*,9,*,*,*,Female,*,<=50K,22951
4,25,*,*,13,*,*,*,Female,*,>50K,22952
4,27,*,*,14,*,*,*,Female,*,>50K,22953
4,18,*,*,9,*,*,*,Male,*,>50K,22954
4,20,*,*,10,*,*,*,Male,*,>50K,22955
4,28,*,*,14,*,*,*,Male,*,>50K,22956
4,20,*,*,10,*,*,*,Male,*,<=50K,22957
4,18,*,*,9,*,*,*,Male,*,<=50K,22958
4,30,*,*,15,*,*,*,Male,*,<=50K,22960
4,20,*,*,10,*,*,*,Male,*,<=50K,22961
4,26,*,*,13,*,*,*,Male,*,>50K,22963
4,18,*,*,9,*,*,*,Male,*,<=50K,22965
4,20,*,*,10,*,*,*,Male,*,<=50K,22966
4,26,*,*,13,*,*,*,Male,*,>50K,22967
4,20,*,*,10,*,*,*,Male,*,>50K,22968
4,28,*,*,14,*,*,*,Male,*,>50K,22970
4,28,*,*,14,*,*,*,Male,*,>50K,22971
4,19,*,*,10,*,*,*,Female,*,<=50K,22972
4,17,*,*,9,*,*,*,Female,*,<=50K,22973
4,20,*,*,10,*,*,*,Male,*,<=50K,22975
4,25,*,*,13,*,*,*,Female,*,<=50K,22976
4,19,*,*,10,*,*,*,Female,*,<=50K,22977
4,26,*,*,13,*,*,*,Male,*,>50K,22978
4,12,*,*,6,*,*,*,Male,*,<=50K,22979
4,26,*,*,13,*,*,*,Male,*,<=50K,22980
4,25,*,*,13,*,*,*,Female,*,<=50K,22981
4,22,*,*,11,*,*,*,Male,*,>50K,22982
4,18,*,*,9,*,*,*,Male,*,<=50K,22983
4,19,*,*,10,*,*,*,Female,*,<=50K,22984
4,18,*,*,9,*,*,*,Male,*,>50K,22985
4,20,*,*,10,*,*,*,Male,*,>50K,22987
4,18,*,*,9,*,*,*,Male,*,<=50K,22988
4,26,*,*,13,*,*,*,Male,*,>50K,22989
4,32,*,*,16,*,*,*,Male,*,>50K,22990
4,13,*,*,7,*,*,*,Female,*,<=50K,22991
4,22,*,*,11,*,*,*,Male,*,<=50K,22992
4,17,*,*,9,*,*,*,Female,*,<=50K,22993
4,18,*,*,9,*,*,*,Male,*,<=50K,22994
4,20,*,*,10,*,*,*,Male,*,<=50K,22995
4,19,*,*,10,*,*,*,Female,*,<=50K,22996
4,26,*,*,13,*,*,*,Male,*,>50K,22997
4,28,*,*,14,*,*,*,Male,*,>50K,22998
4,19,*,*,10,*,*,*,Female,*,>50K,22999
4,19,*,*,10,*,*,*,Female,*,<=50K,23000
4,22,*,*,11,*,*,*,Male,*,<=50K,23001
4,19,*,*,10,*,*,*,Female,*,<=50K,23002
4,19,*,*,10,*,*,*,Female,*,<=50K,23003
4,17,*,*,9,*,*,*,Female,*,<=50K,23004
4,19,*,*,10,*,*,*,Female,*,<=50K,23007
4,22,*,*,11,*,*,*,Male,*,<=50K,23008
4,18,*,*,9,*,*,*,Male,*,<=50K,23009
4,17,*,*,9,*,*,*,Female,*,<=50K,23010
4,26,*,*,13,*,*,*,Male,*,>50K,23011
4,26,*,*,13,*,*,*,Male,*,<=50K,23012
4,4,*,*,2,*,*,*,Male,*,<=50K,23013
4,27,*,*,14,*,*,*,Female,*,<=50K,23014
4,19,*,*,10,*,*,*,Female,*,<=50K,23015
4,28,*,*,14,*,*,*,Male,*,>50K,23016
4,18,*,*,9,*,*,*,Male,*,>50K,23017
4,21,*,*,11,*,*,*,Female,*,<=50K,23018
4,20,*,*,10,*,*,*,Male,*,<=50K,23019
4,26,*,*,13,*,*,*,Male,*,<=50K,23020
4,19,*,*,10,*,*,*,Female,*,<=50K,23021
4,22,*,*,11,*,*,*,Male,*,<=50K,23022
4,18,*,*,9,*,*,*,Male,*,<=50K,23023
4,18,*,*,9,*,*,*,Male,*,<=50K,23024
4,26,*,*,13,*,*,*,Male,*,>50K,23025
4,20,*,*,10,*,*,*,Male,*,<=50K,23026
4,23,*,*,12,*,*,*,Female,*,<=50K,23027
4,20,*,*,10,*,*,*,Male,*,<=50K,23028
4,16,*,*,8,*,*,*,Male,*,<=50K,23029
4,19,*,*,10,*,*,*,Female,*,<=50K,23032
4,19,*,*,10,*,*,*,Female,*,<=50K,23033
4,13,*,*,7,*,*,*,Female,*,<=50K,23034
4,18,*,*,9,*,*,*,Male,*,<=50K,23035
4,20,*,*,10,*,*,*,Male,*,<=50K,23036
4,6,*,*,3,*,*,*,Male,*,<=50K,23037
4,17,*,*,9,*,*,*,Female,*,<=50K,23039
4,18,*,*,9,*,*,*,Male,*,<=50K,23040
4,26,*,*,13,*,*,*,Male,*,>50K,23041
4,16,*,*,8,*,*,*,Male,*,<=50K,23042
4,18,*,*,9,*,*,*,Male,*,<=50K,23043
4,26,*,*,13,*,*,*,Male,*,<=50K,23044
4,25,*,*,13,*,*,*,Female,*,<=50K,23045
4,19,*,*,10,*,*,*,Female,*,<=50K,23046
4,17,*,*,9,*,*,*,Female,*,<=50K,23049
4,18,*,*,9,*,*,*,Male,*,>50K,23051
4,18,*,*,9,*,*,*,Male,*,<=50K,23052
4,19,*,*,10,*,*,*,Female,*,<=50K,23053
4,18,*,*,9,*,*,*,Male,*,<=50K,23054
4,20,*,*,10,*,*,*,Male,*,<=50K,23056
4,18,*,*,9,*,*,*,Male,*,>50K,23057
4,20,*,*,10,*,*,*,Male,*,<=50K,23058
4,18,*,*,9,*,*,*,Male,*,<=50K,23059
4,20,*,*,10,*,*,*,Male,*,<=50K,23060
4,26,*,*,13,*,*,*,Male,*,<=50K,23063
4,25,*,*,13,*,*,*,Female,*,<=50K,23064
4,26,*,*,13,*,*,*,Male,*,<=50K,23065
4,21,*,*,11,*,*,*,Female,*,>50K,23066
4,23,*,*,12,*,*,*,Female,*,<=50K,23068
4,25,*,*,13,*,*,*,Female,*,>50K,23069
4,18,*,*,9,*,*,*,Male,*,<=50K,23070
4,18,*,*,9,*,*,*,Male,*,<=50K,23071
4,25,*,*,13,*,*,*,Female,*,<=50K,23072
4,17,*,*,9,*,*,*,Female,*,<=50K,23073
4,22,*,*,11,*,*,*,Male,*,<=50K,23074
4,18,*,*,9,*,*,*,Male,*,<=50K,23076
4,26,*,*,13,*,*,*,Male,*,<=50K,23078
4,17,*,*,9,*,*,*,Female,*,<=50K,23079
4,20,*,*,10,*,*,*,Male,*,<=50K,23080
4,25,*,*,13,*,*,*,Female,*,<=50K,23081
4,22,*,*,11,*,*,*,Male,*,<=50K,23082
4,26,*,*,13,*,*,*,Male,*,>50K,23083
4,17,*,*,9,*,*,*,Female,*,<=50K,23086
4,26,*,*,13,*,*,*,Male,*,<=50K,23087
4,26,*,*,13,*,*,*,Male,*,<=50K,23088
4,19,*,*,10,*,*,*,Female,*,<=50K,23089
4,24,*,*,12,*,*,*,Male,*,>50K,23090
4,18,*,*,9,*,*,*,Male,*,>50K,23091
4,20,*,*,10,*,*,*,Male,*,<=50K,23093
4,20,*,*,10,*,*,*,Male,*,<=50K,23094
4,26,*,*,13,*,*,*,Male,*,<=50K,23095
4,6,*,*,3,*,*,*,Male,*,<=50K,23096
4,20,*,*,10,*,*,*,Male,*,<=50K,23097
4,17,*,*,9,*,*,*,Female,*,<=50K,23098
4,18,*,*,9,*,*,*,Male,*,>50K,23099
4,22,*,*,11,*,*,*,Male,*,>50K,23100
4,21,*,*,11,*,*,*,Female,*,<=50K,23101
4,24,*,*,12,*,*,*,Male,*,<=50K,23102
4,15,*,*,8,*,*,*,Female,*,<=50K,23103
4,22,*,*,11,*,*,*,Male,*,<=50K,23105
4,26,*,*,13,*,*,*,Male,*,>50K,23106
4,20,*,*,10,*,*,*,Male,*,<=50K,23107
4,26,*,*,13,*,*,*,Male,*,>50K,23108
4,32,*,*,16,*,*,*,Male,*,>50K,23109
4,7,*,*,4,*,*,*,Female,*,<=50K,23110
4,17,*,*,9,*,*,*,Female,*,<=50K,23112
4,28,*,*,14,*,*,*,Male,*,>50K,23113
4,17,*,*,9,*,*,*,Female,*,<=50K,23114
4,17,*,*,9,*,*,*,Female,*,<=50K,23117
4,19,*,*,10,*,*,*,Female,*,<=50K,23118
4,17,*,*,9,*,*,*,Female,*,<=50K,23119
4,31,*,*,16,*,*,*,Female,*,<=50K,23120
4,19,*,*,10,*,*,*,Female,*,<=50K,23121
4,17,*,*,9,*,*,*,Female,*,<=50K,23122
4,28,*,*,14,*,*,*,Male,*,>50K,23123
4,20,*,*,10,*,*,*,Male,*,<=50K,23125
4,14,*,*,7,*,*,*,Male,*,<=50K,23126
4,20,*,*,10,*,*,*,Male,*,<=50K,23128
4,17,*,*,9,*,*,*,Female,*,<=50K,23130
4,26,*,*,13,*,*,*,Male,*,<=50K,23131
4,18,*,*,9,*,*,*,Male,*,<=50K,23132
4,17,*,*,9,*,*,*,Female,*,<=50K,23133
4,18,*,*,9,*,*,*,Male,*,<=50K,23136
4,19,*,*,10,*,*,*,Female,*,<=50K,23137
4,21,*,*,11,*,*,*,Female,*,<=50K,23138
4,19,*,*,10,*,*,*,Female,*,<=50K,23141
4,8,*,*,4,*,*,*,Male,*,<=50K,23142
4,20,*,*,10,*,*,*,Male,*,>50K,23146
4,26,*,*,13,*,*,*,Male,*,<=50K,23147
4,25,*,*,13,*,*,*,Female,*,<=50K,23148
4,6,*,*,3,*,*,*,Male,*,<=50K,23149
4,9,*,*,5,*,*,*,Female,*,<=50K,23150
4,18,*,*,9,*,*,*,Male,*,<=50K,23151
4,19,*,*,10,*,*,*,Female,*,<=50K,23152
4,17,*,*,9,*,*,*,Female,*,<=50K,23153
4,20,*,*,10,*,*,*,Male,*,<=50K,23154
4,17,*,*,9,*,*,*,Female,*,<=50K,23155
4,28,*,*,14,*,*,*,Male,*,<=50K,23157
4,5,*,*,3,*,*,*,Female,*,<=50K,23159
4,18,*,*,9,*,*,*,Male,*,<=50K,23160
4,17,*,*,9,*,*,*,Female,*,<=50K,23161
4,22,*,*,11,*,*,*,Male,*,<=50K,23162
4,17,*,*,9,*,*,*,Female,*,<=50K,23163
4,13,*,*,7,*,*,*,Female,*,<=50K,23164
4,18,*,*,9,*,*,*,Male,*,<=50K,23165
4,22,*,*,11,*,*,*,Male,*,<=50K,23166
4,19,*,*,10,*,*,*,Female,*,<=50K,23167
4,18,*,*,9,*,*,*,Male,*,<=50K,23168
4,25,*,*,13,*,*,*,Female,*,<=50K,23169
4,22,*,*,11,*,*,*,Male,*,<=50K,23170
4,18,*,*,9,*,*,*,Male,*,<=50K,23171
4,26,*,*,13,*,*,*,Male,*,<=50K,23172
4,18,*,*,9,*,*,*,Male,*,<=50K,23173
4,13,*,*,7,*,*,*,Female,*,<=50K,23174
4,18,*,*,9,*,*,*,Male,*,<=50K,23175
4,17,*,*,9,*,*,*,Female,*,<=50K,23176
4,20,*,*,10,*,*,*,Male,*,<=50K,23177
4,16,*,*,8,*,*,*,Male,*,<=50K,23179
4,19,*,*,10,*,*,*,Female,*,<=50K,23182
4,25,*,*,13,*,*,*,Female,*,<=50K,23183
4,21,*,*,11,*,*,*,Female,*,<=50K,23184
4,10,*,*,5,*,*,*,Male,*,<=50K,23185
4,17,*,*,9,*,*,*,Female,*,<=50K,23186
4,12,*,*,6,*,*,*,Male,*,>50K,23187
4,8,*,*,4,*,*,*,Male,*,<=50K,23188
4,18,*,*,9,*,*,*,Male,*,<=50K,23190
4,18,*,*,9,*,*,*,Male,*,>50K,23191
4,26,*,*,13,*,*,*,Male,*,>50K,23192
4,16,*,*,8,*,*,*,Male,*,<=50K,23194
4,17,*,*,9,*,*,*,Female,*,<=50K,23195
4,17,*,*,9,*,*,*,Female,*,<=50K,23196
4,17,*,*,9,*,*,*,Female,*,<=50K,23197
4,26,*,*,13,*,*,*,Male,*,>50K,23198
4,11,*,*,6,*,*,*,Female,*,<=50K,23199
4,19,*,*,10,*,*,*,Female,*,<=50K,23200
4,26,*,*,13,*,*,*,Male,*,>50K,23201
4,18,*,*,9,*,*,*,Male,*,<=50K,23203
4,20,*,*,10,*,*,*,Male,*,>50K,23204
4,18,*,*,9,*,*,*,Male,*,<=50K,23205
4,18,*,*,9,*,*,*,Male,*,<=50K,23206
4,20,*,*,10,*,*,*,Male,*,<=50K,23207
4,18,*,*,9,*,*,*,Male,*,<=50K,23208
4,20,*,*,10,*,*,*,Male,*,<=50K,23209
4,13,*,*,7,*,*,*,Female,*,<=50K,23211
4,20,*,*,10,*,*,*,Male,*,>50K,23212
4,30,*,*,15,*,*,*,Male,*,<=50K,23213
4,17,*,*,9,*,*,*,Female,*,<=50K,23214
4,18,*,*,9,*,*,*,Male,*,<=50K,23215
4,20,*,*,10,*,*,*,Male,*,>50K,23217
4,32,*,*,16,*,*,*,Male,*,<=50K,23218
4,28,*,*,14,*,*,*,Male,*,>50K,23219
4,8,*,*,4,*,*,*,Male,*,<=50K,23220
4,16,*,*,8,*,*,*,Male,*,<=50K,23221
4,26,*,*,13,*,*,*,Male,*,>50K,23223
4,15,*,*,8,*,*,*,Female,*,<=50K,23224
4,26,*,*,13,*,*,*,Male,*,<=50K,23225
4,20,*,*,10,*,*,*,Male,*,<=50K,23226
4,20,*,*,10,*,*,*,Male,*,<=50K,23227
4,17,*,*,9,*,*,*,Female,*,<=50K,23228
4,20,*,*,10,*,*,*,Male,*,<=50K,23229
4,25,*,*,13,*,*,*,Female,*,<=50K,23230
4,26,*,*,13,*,*,*,Male,*,>50K,23232
4,28,*,*,14,*,*,*,Male,*,<=50K,23234
4,26,*,*,13,*,*,*,Male,*,>50K,23236
4,18,*,*,9,*,*,*,Male,*,>50K,23237
4,20,*,*,10,*,*,*,Male,*,<=50K,23238
4,17,*,*,9,*,*,*,Female,*,<=50K,23239
4,18,*,*,9,*,*,*,Male,*,<=50K,23240
4,26,*,*,13,*,*,*,Male,*,<=50K,23242
4,26,*,*,13,*,*,*,Male,*,>50K,23243
4,12,*,*,6,*,*,*,Male,*,<=50K,23244
4,18,*,*,9,*,*,*,Male,*,<=50K,23245
4,20,*,*,10,*,*,*,Male,*,<=50K,23246
4,18,*,*,9,*,*,*,Male,*,<=50K,23249
4,18,*,*,9,*,*,*,Male,*,<=50K,23250
4,24,*,*,12,*,*,*,Male,*,>50K,23251
4,9,*,*,5,*,*,*,Female,*,<=50K,23252
4,26,*,*,13,*,*,*,Male,*,>50K,23253
4,20,*,*,10,*,*,*,Male,*,<=50K,23254
4,6,*,*,3,*,*,*,Male,*,<=50K,23256
4,22,*,*,11,*,*,*,Male,*,<=50K,23257
4,20,*,*,10,*,*,*,Male,*,<=50K,23258
4,15,*,*,8,*,*,*,Female,*,<=50K,23259
4,25,*,*,13,*,*,*,Female,*,>50K,23260
4,18,*,*,9,*,*,*,Male,*,>50K,23261
4,4,*,*,2,*,*,*,Male,*,<=50K,23264
4,25,*,*,13,*,*,*,Female,*,<=50K,23265
4,20,*,*,10,*,*,*,Male,*,<=50K,23266
4,20,*,*,10,*,*,*,Male,*,>50K,23267
4,21,*,*,11,*,*,*,Female,*,<=50K,23268
4,26,*,*,13,*,*,*,Male,*,>50K,23269
4,17,*,*,9,*,*,*,Female,*,<=50K,23270
4,25,*,*,13,*,*,*,Female,*,<=50K,23273
4,22,*,*,11,*,*,*,Male,*,>50K,23275
4,12,*,*,6,*,*,*,Male,*,<=50K,23276
4,19,*,*,10,*,*,*,Female,*,<=50K,23279
4,17,*,*,9,*,*,*,Female,*,<=50K,23280
4,22,*,*,11,*,*,*,Male,*,<=50K,23281
4,20,*,*,10,*,*,*,Male,*,<=50K,23282
4,20,*,*,10,*,*,*,Male,*,<=50K,23284
4,18,*,*,9,*,*,*,Male,*,<=50K,23286
4,19,*,*,10,*,*,*,Female,*,>50K,23287
4,18,*,*,9,*,*,*,Male,*,>50K,23288
4,19,*,*,10,*,*,*,Female,*,<=50K,23289
4,18,*,*,9,*,*,*,Male,*,<=50K,23290
4,28,*,*,14,*,*,*,Male,*,>50K,23291
4,28,*,*,14,*,*,*,Male,*,>50K,23292
4,18,*,*,9,*,*,*,Male,*,<=50K,23293
4,18,*,*,9,*,*,*,Male,*,<=50K,23294
4,17,*,*,9,*,*,*,Female,*,>50K,23295
4,27,*,*,14,*,*,*,Female,*,>50K,23296
4,19,*,*,10,*,*,*,Female,*,<=50K,23297
4,24,*,*,12,*,*,*,Male,*,<=50K,23298
4,27,*,*,14,*,*,*,Female,*,<=50K,23299
4,14,*,*,7,*,*,*,Male,*,>50K,23300
4,25,*,*,13,*,*,*,Female,*,>50K,23302
4,24,*,*,12,*,*,*,Male,*,<=50K,23303
4,20,*,*,10,*,*,*,Male,*,>50K,23304
4,17,*,*,9,*,*,*,Female,*,<=50K,23305
4,20,*,*,10,*,*,*,Male,*,<=50K,23306
4,18,*,*,9,*,*,*,Male,*,<=50K,23307
4,25,*,*,13,*,*,*,Female,*,>50K,23308
4,19,*,*,10,*,*,*,Female,*,<=50K,23310
4,18,*,*,9,*,*,*,Male,*,>50K,23312
4,28,*,*,14,*,*,*,Male,*,<=50K,23313
4,23,*,*,12,*,*,*,Female,*,>50K,23314
4,22,*,*,11,*,*,*,Male,*,<=50K,23315
4,17,*,*,9,*,*,*,Female,*,<=50K,23316
4,25,*,*,13,*,*,*,Female,*,<=50K,23317
4,17,*,*,9,*,*,*,Female,*,<=50K,23318
4,25,*,*,13,*,*,*,Female,*,<=50K,23319
4,20,*,*,10,*,*,*,Male,*,>50K,23320
4,13,*,*,7,*,*,*,Female,*,<=50K,23321
4,18,*,*,9,*,*,*,Male,*,<=50K,23322
4,17,*,*,9,*,*,*,Female,*,<=50K,23323
4,17,*,*,9,*,*,*,Female,*,<=50K,23324
4,18,*,*,9,*,*,*,Male,*,<=50K,23325
4,14,*,*,7,*,*,*,Male,*,<=50K,23327
4,28,*,*,14,*,*,*,Male,*,>50K,23328
4,13,*,*,7,*,*,*,Female,*,<=50K,23329
4,20,*,*,10,*,*,*,Male,*,<=50K,23330
4,20,*,*,10,*,*,*,Male,*,<=50K,23331
4,26,*,*,13,*,*,*,Male,*,>50K,23332
4,18,*,*,9,*,*,*,Male,*,<=50K,23333
4,7,*,*,4,*,*,*,Female,*,<=50K,23334
4,20,*,*,10,*,*,*,Male,*,>50K,23335
4,18,*,*,9,*,*,*,Male,*,<=50K,23337
4,29,*,*,15,*,*,*,Female,*,<=50K,23338
4,25,*,*,13,*,*,*,Female,*,<=50K,23339
4,20,*,*,10,*,*,*,Male,*,>50K,23340
4,21,*,*,11,*,*,*,Female,*,<=50K,23341
4,27,*,*,14,*,*,*,Female,*,<=50K,23343
4,19,*,*,10,*,*,*,Female,*,<=50K,23345
4,22,*,*,11,*,*,*,Male,*,<=50K,23347
4,26,*,*,13,*,*,*,Male,*,>50K,23349
4,20,*,*,10,*,*,*,Male,*,>50K,23351
4,19,*,*,10,*,*,*,Female,*,<=50K,23353
4,20,*,*,10,*,*,*,Male,*,<=50K,23354
4,19,*,*,10,*,*,*,Female,*,>50K,23356
4,7,*,*,4,*,*,*,Female,*,<=50K,23357
4,28,*,*,14,*,*,*,Male,*,>50K,23359
4,23,*,*,12,*,*,*,Female,*,<=50K,23360
4,18,*,*,9,*,*,*,Male,*,<=50K,23361
4,18,*,*,9,*,*,*,Male,*,<=50K,23362
4,26,*,*,13,*,*,*,Male,*,<=50K,23363
4,26,*,*,13,*,*,*,Male,*,<=50K,23364
4,19,*,*,10,*,*,*,Female,*,<=50K,23365
4,12,*,*,6,*,*,*,Male,*,<=50K,23366
4,24,*,*,12,*,*,*,Male,*,>50K,23368
4,17,*,*,9,*,*,*,Female,*,<=50K,23369
4,19,*,*,10,*,*,*,Female,*,>50K,23370
4,12,*,*,6,*,*,*,Male,*,>50K,23371
4,26,*,*,13,*,*,*,Male,*,>50K,23373
4,20,*,*,10,*,*,*,Male,*,<=50K,23374
4,20,*,*,10,*,*,*,Male,*,<=50K,23375
4,18,*,*,9,*,*,*,Male,*,>50K,23377
4,18,*,*,9,*,*,*,Male,*,>50K,23378
4,26,*,*,13,*,*,*,Male,*,<=50K,23379
4,26,*,*,13,*,*,*,Male,*,<=50K,23380
4,26,*,*,13,*,*,*,Male,*,<=50K,23381
4,19,*,*,10,*,*,*,Female,*,<=50K,23382
4,20,*,*,10,*,*,*,Male,*,<=50K,23383
4,19,*,*,10,*,*,*,Female,*,<=50K,23385
4,17,*,*,9,*,*,*,Female,*,<=50K,23386
4,17,*,*,9,*,*,*,Female,*,<=50K,23388
4,18,*,*,9,*,*,*,Male,*,<=50K,23390
4,26,*,*,13,*,*,*,Male,*,<=50K,23391
4,26,*,*,13,*,*,*,Male,*,<=50K,23392
4,17,*,*,9,*,*,*,Female,*,<=50K,23393
4,27,*,*,14,*,*,*,Female,*,<=50K,23394
4,18,*,*,9,*,*,*,Male,*,<=50K,23395
4,16,*,*,8,*,*,*,Male,*,<=50K,23396
4,8,*,*,4,*,*,*,Male,*,<=50K,23397
4,30,*,*,15,*,*,*,Male,*,>50K,23398
4,25,*,*,13,*,*,*,Female,*,<=50K,23399
4,18,*,*,9,*,*,*,Male,*,<=50K,23400
4,18,*,*,9,*,*,*,Male,*,>50K,23401
4,14,*,*,7,*,*,*,Male,*,<=50K,23402
4,26,*,*,13,*,*,*,Male,*,>50K,23403
4,20,*,*,10,*,*,*,Male,*,<=50K,23405
4,23,*,*,12,*,*,*,Female,*,<=50K,23406
4,16,*,*,8,*,*,*,Male,*,<=50K,23407
4,14,*,*,7,*,*,*,Male,*,<=50K,23408
4,19,*,*,10,*,*,*,Female,*,<=50K,23409
4,18,*,*,9,*,*,*,Male,*,<=50K,23410
4,19,*,*,10,*,*,*,Female,*,<=50K,23411
4,26,*,*,13,*,*,*,Male,*,<=50K,23412
4,18,*,*,9,*,*,*,Male,*,<=50K,23414
4,19,*,*,10,*,*,*,Female,*,<=50K,23415
4,20,*,*,10,*,*,*,Male,*,<=50K,23418
4,26,*,*,13,*,*,*,Male,*,>50K,23419
4,19,*,*,10,*,*,*,Female,*,<=50K,23420
4,18,*,*,9,*,*,*,Male,*,<=50K,23422
4,25,*,*,13,*,*,*,Female,*,>50K,23423
4,14,*,*,7,*,*,*,Male,*,<=50K,23424
4,26,*,*,13,*,*,*,Male,*,>50K,23427
4,24,*,*,12,*,*,*,Male,*,<=50K,23428
4,20,*,*,10,*,*,*,Male,*,>50K,23429
4,26,*,*,13,*,*,*,Male,*,<=50K,23430
4,19,*,*,10,*,*,*,Female,*,<=50K,23431
4,14,*,*,7,*,*,*,Male,*,>50K,23433
4,17,*,*,9,*,*,*,Female,*,<=50K,23435
4,18,*,*,9,*,*,*,Male,*,<=50K,23436
4,26,*,*,13,*,*,*,Male,*,>50K,23437
4,20,*,*,10,*,*,*,Male,*,<=50K,23438
4,22,*,*,11,*,*,*,Male,*,<=50K,23439
4,18,*,*,9,*,*,*,Male,*,<=50K,23440
4,28,*,*,14,*,*,*,Male,*,>50K,23441
4,18,*,*,9,*,*,*,Male,*,<=50K,23442
4,17,*,*,9,*,*,*,Female,*,<=50K,23443
4,17,*,*,9,*,*,*,Female,*,<=50K,23445
4,20,*,*,10,*,*,*,Male,*,<=50K,23446
4,25,*,*,13,*,*,*,Female,*,<=50K,23448
4,26,*,*,13,*,*,*,Male,*,>50K,23449
4,26,*,*,13,*,*,*,Male,*,>50K,23450
4,17,*,*,9,*,*,*,Female,*,<=50K,23451
4,22,*,*,11,*,*,*,Male,*,<=50K,23452
4,18,*,*,9,*,*,*,Male,*,<=50K,23453
4,2,*,*,1,*,*,*,Male,*,<=50K,23454
4,19,*,*,10,*,*,*,Female,*,<=50K,23455
4,26,*,*,13,*,*,*,Male,*,<=50K,23457
4,25,*,*,13,*,*,*,Female,*,<=50K,23458
4,18,*,*,9,*,*,*,Male,*,<=50K,23459
4,25,*,*,13,*,*,*,Female,*,<=50K,23460
4,22,*,*,11,*,*,*,Male,*,<=50K,23461
4,18,*,*,9,*,*,*,Male,*,<=50K,23463
4,20,*,*,10,*,*,*,Male,*,>50K,23464
4,14,*,*,7,*,*,*,Male,*,<=50K,23465
4,28,*,*,14,*,*,*,Male,*,<=50K,23466
4,20,*,*,10,*,*,*,Male,*,>50K,23467
4,26,*,*,13,*,*,*,Male,*,<=50K,23469
4,26,*,*,13,*,*,*,Male,*,>50K,23471
4,19,*,*,10,*,*,*,Female,*,<=50K,23472
4,17,*,*,9,*,*,*,Female,*,<=50K,23473
4,27,*,*,14,*,*,*,Female,*,>50K,23474
4,18,*,*,9,*,*,*,Male,*,>50K,23475
4,18,*,*,9,*,*,*,Male,*,<=50K,23476
4,20,*,*,10,*,*,*,Male,*,<=50K,23477
4,17,*,*,9,*,*,*,Female,*,<=50K,23478
4,19,*,*,10,*,*,*,Female,*,<=50K,23479
4,22,*,*,11,*,*,*,Male,*,>50K,23480
4,19,*,*,10,*,*,*,Female,*,<=50K,23481
4,18,*,*,9,*,*,*,Male,*,<=50K,23482
4,28,*,*,14,*,*,*,Male,*,<=50K,23483
4,12,*,*,6,*,*,*,Male,*,<=50K,23485
4,17,*,*,9,*,*,*,Female,*,<=50K,23488
4,18,*,*,9,*,*,*,Male,*,<=50K,23489
4,24,*,*,12,*,*,*,Male,*,<=50K,23490
4,27,*,*,14,*,*,*,Female,*,<=50K,23491
4,24,*,*,12,*,*,*,Male,*,<=50K,23492
4,18,*,*,9,*,*,*,Male,*,<=50K,23494
4,19,*,*,10,*,*,*,Female,*,<=50K,23496
4,18,*,*,9,*,*,*,Male,*,<=50K,23497
4,22,*,*,11,*,*,*,Male,*,<=50K,23498
4,19,*,*,10,*,*,*,Female,*,<=50K,23499
4,14,*,*,7,*,*,*,Male,*,<=50K,23500
4,7,*,*,4,*,*,*,Female,*,<=50K,23501
4,18,*,*,9,*,*,*,Male,*,<=50K,23503
4,14,*,*,7,*,*,*,Male,*,<=50K,23506
4,20,*,*,10,*,*,*,Male,*,<=50K,23507
4,26,*,*,13,*,*,*,Male,*,>50K,23508
4,17,*,*,9,*,*,*,Female,*,<=50K,23509
4,20,*,*,10,*,*,*,Male,*,<=50K,23510
4,20,*,*,10,*,*,*,Male,*,<=50K,23511
4,8,*,*,4,*,*,*,Male,*,<=50K,23512
4,18,*,*,9,*,*,*,Male,*,>50K,23514
4,22,*,*,11,*,*,*,Male,*,>50K,23515
4,17,*,*,9,*,*,*,Female,*,<=50K,23516
4,10,*,*,5,*,*,*,Male,*,<=50K,23517
4,26,*,*,13,*,*,*,Male,*,>50K,23518
4,18,*,*,9,*,*,*,Male,*,<=50K,23520
4,18,*,*,9,*,*,*,Male,*,<=50K,23521
4,9,*,*,5,*,*,*,Female,*,<=50K,23522
4,17,*,*,9,*,*,*,Female,*,<=50K,23523
4,8,*,*,4,*,*,*,Male,*,<=50K,23524
4,20,*,*,10,*,*,*,Male,*,>50K,23525
4,18,*,*,9,*,*,*,Male,*,<=50K,23526
4,12,*,*,6,*,*,*,Male,*,<=50K,23527
4,32,*,*,16,*,*,*,Male,*,>50K,23528
4,10,*,*,5,*,*,*,Male,*,>50K,23529
4,23,*,*,12,*,*,*,Female,*,<=50K,23530
4,18,*,*,9,*,*,*,Male,*,<=50K,23531
4,20,*,*,10,*,*,*,Male,*,<=50K,23532
4,18,*,*,9,*,*,*,Male,*,<=50K,23533
4,17,*,*,9,*,*,*,Female,*,<=50K,23534
4,8,*,*,4,*,*,*,Male,*,<=50K,23535
4,31,*,*,16,*,*,*,Female,*,>50K,23536
4,26,*,*,13,*,*,*,Male,*,>50K,23537
4,19,*,*,10,*,*,*,Female,*,<=50K,23538
4,18,*,*,9,*,*,*,Male,*,<=50K,23539
4,20,*,*,10,*,*,*,Male,*,<=50K,23540
4,18,*,*,9,*,*,*,Male,*,<=50K,23541
4,20,*,*,10,*,*,*,Male,*,>50K,23542
4,19,*,*,10,*,*,*,Female,*,<=50K,23543
4,17,*,*,9,*,*,*,Female,*,<=50K,23545
4,26,*,*,13,*,*,*,Male,*,<=50K,23546
4,18,*,*,9,*,*,*,Male,*,<=50K,23547
4,5,*,*,3,*,*,*,Female,*,<=50K,23548
4,22,*,*,11,*,*,*,Male,*,>50K,23549
4,17,*,*,9,*,*,*,Female,*,<=50K,23550
4,8,*,*,4,*,*,*,Male,*,<=50K,23551
4,25,*,*,13,*,*,*,Female,*,<=50K,23552
4,30,*,*,15,*,*,*,Male,*,>50K,23553
4,17,*,*,9,*,*,*,Female,*,<=50K,23554
4,19,*,*,10,*,*,*,Female,*,<=50K,23555
4,18,*,*,9,*,*,*,Male,*,<=50K,23556
4,26,*,*,13,*,*,*,Male,*,>50K,23557
4,17,*,*,9,*,*,*,Female,*,<=50K,23558
4,26,*,*,13,*,*,*,Male,*,>50K,23559
4,23,*,*,12,*,*,*,Female,*,<=50K,23561
4,20,*,*,10,*,*,*,Male,*,<=50K,23562
4,21,*,*,11,*,*,*,Female,*,>50K,23563
4,7,*,*,4,*,*,*,Female,*,<=50K,23564
4,10,*,*,5,*,*,*,Male,*,<=50K,23566
4,20,*,*,10,*,*,*,Male,*,<=50K,23568
4,19,*,*,10,*,*,*,Female,*,>50K,23569
4,18,*,*,9,*,*,*,Male,*,<=50K,23570
4,12,*,*,6,*,*,*,Male,*,<=50K,23571
4,18,*,*,9,*,*,*,Male,*,<=50K,23572
4,18,*,*,9,*,*,*,Male,*,<=50K,23573
4,20,*,*,10,*,*,*,Male,*,>50K,23574
4,18,*,*,9,*,*,*,Male,*,<=50K,23575
4,18,*,*,9,*,*,*,Male,*,<=50K,23578
4,17,*,*,9,*,*,*,Female,*,<=50K,23579
4,18,*,*,9,*,*,*,Male,*,<=50K,23580
4,22,*,*,11,*,*,*,Male,*,<=50K,23581
4,17,*,*,9,*,*,*,Female,*,<=50K,23582
4,23,*,*,12,*,*,*,Female,*,<=50K,23584
4,24,*,*,12,*,*,*,Male,*,<=50K,23585
4,28,*,*,14,*,*,*,Male,*,<=50K,23588
4,23,*,*,12,*,*,*,Female,*,<=50K,23589
4,17,*,*,9,*,*,*,Female,*,<=50K,23590
4,26,*,*,13,*,*,*,Male,*,>50K,23591
4,13,*,*,7,*,*,*,Female,*,<=50K,23592
4,18,*,*,9,*,*,*,Male,*,<=50K,23593
4,12,*,*,6,*,*,*,Male,*,<=50K,23594
4,18,*,*,9,*,*,*,Male,*,<=50K,23595
4,24,*,*,12,*,*,*,Male,*,<=50K,23596
4,26,*,*,13,*,*,*,Male,*,>50K,23597
4,26,*,*,13,*,*,*,Male,*,>50K,23598
4,24,*,*,12,*,*,*,Male,*,>50K,23599
4,25,*,*,13,*,*,*,Female,*,<=50K,23601
4,27,*,*,14,*,*,*,Female,*,<=50K,23602
4,8,*,*,4,*,*,*,Male,*,<=50K,23603
4,20,*,*,10,*,*,*,Male,*,<=50K,23604
4,12,*,*,6,*,*,*,Male,*,<=50K,23605
4,17,*,*,9,*,*,*,Female,*,<=50K,23606
4,18,*,*,9,*,*,*,Male,*,<=50K,23607
4,28,*,*,14,*,*,*,Male,*,<=50K,23608
4,18,*,*,9,*,*,*,Male,*,<=50K,23609
4,17,*,*,9,*,*,*,Female,*,<=50K,23610
4,26,*,*,13,*,*,*,Male,*,>50K,23612
4,26,*,*,13,*,*,*,Male,*,>50K,23613
4,18,*,*,9,*,*,*,Male,*,<=50K,23614
4,14,*,*,7,*,*,*,Male,*,<=50K,23615
4,20,*,*,10,*,*,*,Male,*,<=50K,23616
4,18,*,*,9,*,*,*,Male,*,<=50K,23617
4,20,*,*,10,*,*,*,Male,*,<=50K,23618
4,19,*,*,10,*,*,*,Female,*,<=50K,23619
4,11,*,*,6,*,*,*,Female,*,<=50K,23621
4,18,*,*,9,*,*,*,Male,*,<=50K,23622
4,25,*,*,13,*,*,*,Female,*,<=50K,23623
4,25,*,*,13,*,*,*,Female,*,<=50K,23624
4,14,*,*,7,*,*,*,Male,*,<=50K,23625
4,25,*,*,13,*,*,*,Female,*,<=50K,23626
4,28,*,*,14,*,*,*,Male,*,>50K,23627
4,30,*,*,15,*,*,*,Male,*,>50K,23628
4,11,*,*,6,*,*,*,Female,*,<=50K,23631
4,23,*,*,12,*,*,*,Female,*,<=50K,23632
4,25,*,*,13,*,*,*,Female,*,<=50K,23634
4,26,*,*,13,*,*,*,Male,*,>50K,23635
4,17,*,*,9,*,*,*,Female,*,<=50K,23636
4,17,*,*,9,*,*,*,Female,*,<=50K,23637
4,11,*,*,6,*,*,*,Female,*,<=50K,23638
4,18,*,*,9,*,*,*,Male,*,<=50K,23639
4,18,*,*,9,*,*,*,Male,*,<=50K,23640
4,31,*,*,16,*,*,*,Female,*,>50K,23641
4,18,*,*,9,*,*,*,Male,*,<=50K,23642
4,19,*,*,10,*,*,*,Female,*,<=50K,23643
4,20,*,*,10,*,*,*,Male,*,<=50K,23644
4,22,*,*,11,*,*,*,Male,*,>50K,23645
4,12,*,*,6,*,*,*,Male,*,<=50K,23646
4,18,*,*,9,*,*,*,Male,*,<=50K,23647
4,4,*,*,2,*,*,*,Male,*,<=50K,23648
4,26,*,*,13,*,*,*,Male,*,>50K,23650
4,19,*,*,10,*,*,*,Female,*,<=50K,23651
4,17,*,*,9,*,*,*,Female,*,<=50K,23652
4,17,*,*,9,*,*,*,Female,*,>50K,23653
4,18,*,*,9,*,*,*,Male,*,<=50K,23654
4,18,*,*,9,*,*,*,Male,*,<=50K,23657
4,19,*,*,10,*,*,*,Female,*,<=50K,23658
4,32,*,*,16,*,*,*,Male,*,<=50K,23659
4,26,*,*,13,*,*,*,Male,*,>50K,23661
4,17,*,*,9,*,*,*,Female,*,<=50K,23663
4,26,*,*,13,*,*,*,Male,*,>50K,23665
4,18,*,*,9,*,*,*,Male,*,<=50K,23666
4,8,*,*,4,*,*,*,Male,*,<=50K,23667
4,25,*,*,13,*,*,*,Female,*,<=50K,23668
4,20,*,*,10,*,*,*,Male,*,<=50K,23669
4,17,*,*,9,*,*,*,Female,*,<=50K,23670
4,25,*,*,13,*,*,*,Female,*,<=50K,23671
4,26,*,*,13,*,*,*,Male,*,<=50K,23673
4,25,*,*,13,*,*,*,Female,*,>50K,23674
4,26,*,*,13,*,*,*,Male,*,>50K,23675
4,23,*,*,12,*,*,*,Female,*,<=50K,23676
4,26,*,*,13,*,*,*,Male,*,>50K,23677
4,19,*,*,10,*,*,*,Female,*,<=50K,23680
4,13,*,*,7,*,*,*,Female,*,<=50K,23681
4,17,*,*,9,*,*,*,Female,*,<=50K,23682
4,17,*,*,9,*,*,*,Female,*,<=50K,23683
4,17,*,*,9,*,*,*,Female,*,<=50K,23684
4,22,*,*,11,*,*,*,Male,*,<=50K,23685
4,9,*,*,5,*,*,*,Female,*,<=50K,23686
4,19,*,*,10,*,*,*,Female,*,<=50K,23687
4,18,*,*,9,*,*,*,Male,*,>50K,23689
4,18,*,*,9,*,*,*,Male,*,>50K,23690
4,8,*,*,4,*,*,*,Male,*,<=50K,23691
4,18,*,*,9,*,*,*,Male,*,<=50K,23692
4,28,*,*,14,*,*,*,Male,*,>50K,23693
4,18,*,*,9,*,*,*,Male,*,<=50K,23694
4,20,*,*,10,*,*,*,Male,*,<=50K,23695
4,18,*,*,9,*,*,*,Male,*,>50K,23696
4,28,*,*,14,*,*,*,Male,*,>50K,23697
4,10,*,*,5,*,*,*,Male,*,<=50K,23698
4,20,*,*,10,*,*,*,Male,*,<=50K,23699
4,26,*,*,13,*,*,*,Male,*,<=50K,23700
4,18,*,*,9,*,*,*,Male,*,<=50K,23701
4,18,*,*,9,*,*,*,Male,*,<=50K,23702
4,13,*,*,7,*,*,*,Female,*,<=50K,23703
4,25,*,*,13,*,*,*,Female,*,<=50K,23704
4,22,*,*,11,*,*,*,Male,*,>50K,23705
4,19,*,*,10,*,*,*,Female,*,<=50K,23706
4,18,*,*,9,*,*,*,Male,*,<=50K,23707
4,20,*,*,10,*,*,*,Male,*,<=50K,23708
4,19,*,*,10,*,*,*,Female,*,<=50K,23711
4,20,*,*,10,*,*,*,Male,*,<=50K,23712
4,10,*,*,5,*,*,*,Male,*,<=50K,23714
4,30,*,*,15,*,*,*,Male,*,>50K,23715
4,28,*,*,14,*,*,*,Male,*,<=50K,23716
4,19,*,*,10,*,*,*,Female,*,<=50K,23717
4,18,*,*,9,*,*,*,Male,*,<=50K,23719
4,13,*,*,7,*,*,*,Female,*,<=50K,23720
4,20,*,*,10,*,*,*,Male,*,<=50K,23721
4,14,*,*,7,*,*,*,Male,*,<=50K,23722
4,25,*,*,13,*,*,*,Female,*,<=50K,23725
4,21,*,*,11,*,*,*,Female,*,<=50K,23726
4,26,*,*,13,*,*,*,Male,*,<=50K,23727
4,8,*,*,4,*,*,*,Male,*,<=50K,23728
4,18,*,*,9,*,*,*,Male,*,<=50K,23729
4,25,*,*,13,*,*,*,Female,*,<=50K,23730
4,20,*,*,10,*,*,*,Male,*,>50K,23731
4,9,*,*,5,*,*,*,Female,*,<=50K,23732
4,18,*,*,9,*,*,*,Male,*,<=50K,23733
4,20,*,*,10,*,*,*,Male,*,>50K,23736
4,14,*,*,7,*,*,*,Male,*,<=50K,23737
4,17,*,*,9,*,*,*,Female,*,<=50K,23739
4,17,*,*,9,*,*,*,Female,*,<=50K,23741
4,18,*,*,9,*,*,*,Male,*,<=50K,23742
4,26,*,*,13,*,*,*,Male,*,>50K,23743
4,14,*,*,7,*,*,*,Male,*,<=50K,23744
4,25,*,*,13,*,*,*,Female,*,<=50K,23745
4,26,*,*,13,*,*,*,Male,*,<=50K,23746
4,23,*,*,12,*,*,*,Female,*,<=50K,23747
4,20,*,*,10,*,*,*,Male,*,<=50K,23748
4,23,*,*,12,*,*,*,Female,*,<=50K,23750
4,20,*,*,10,*,*,*,Male,*,>50K,23751
4,18,*,*,9,*,*,*,Male,*,<=50K,23752
4,18,*,*,9,*,*,*,Male,*,<=50K,23754
4,26,*,*,13,*,*,*,Male,*,>50K,23757
4,11,*,*,6,*,*,*,Female,*,<=50K,23758
4,2,*,*,1,*,*,*,Male,*,<=50K,23759
4,17,*,*,9,*,*,*,Female,*,<=50K,23760
4,26,*,*,13,*,*,*,Male,*,>50K,23761
4,22,*,*,11,*,*,*,Male,*,<=50K,23762
4,25,*,*,13,*,*,*,Female,*,<=50K,23763
4,19,*,*,10,*,*,*,Female,*,<=50K,23764
4,17,*,*,9,*,*,*,Female,*,<=50K,23765
4,19,*,*,10,*,*,*,Female,*,<=50K,23767
4,26,*,*,13,*,*,*,Male,*,>50K,23768
4,17,*,*,9,*,*,*,Female,*,>50K,23769
4,25,*,*,13,*,*,*,Female,*,<=50K,23770
4,27,*,*,14,*,*,*,Female,*,>50K,23771
4,26,*,*,13,*,*,*,Male,*,<=50K,23772
4,20,*,*,10,*,*,*,Male,*,<=50K,23773
4,19,*,*,10,*,*,*,Female,*,<=50K,23774
4,20,*,*,10,*,*,*,Male,*,>50K,23775
4,18,*,*,9,*,*,*,Male,*,<=50K,23777
4,12,*,*,6,*,*,*,Male,*,<=50K,23778
4,18,*,*,9,*,*,*,Male,*,<=50K,23779
4,17,*,*,9,*,*,*,Female,*,<=50K,23780
4,19,*,*,10,*,*,*,Female,*,<=50K,23781
4,11,*,*,6,*,*,*,Female,*,<=50K,23782
4,12,*,*,6,*,*,*,Male,*,<=50K,23784
4,17,*,*,9,*,*,*,Female,*,<=50K,23785
4,19,*,*,10,*,*,*,Female,*,<=50K,23786
4,25,*,*,13,*,*,*,Female,*,<=50K,23788
4,8,*,*,4,*,*,*,Male,*,<=50K,23789
4,18,*,*,9,*,*,*,Male,*,<=50K,23790
4,21,*,*,11,*,*,*,Female,*,<=50K,23792
4,18,*,*,9,*,*,*,Male,*,>50K,23793
4,20,*,*,10,*,*,*,Male,*,>50K,23794
4,18,*,*,9,*,*,*,Male,*,<=50K,23796
4,26,*,*,13,*,*,*,Male,*,>50K,23797
4,13,*,*,7,*,*,*,Female,*,<=50K,23798
4,18,*,*,9,*,*,*,Male,*,<=50K,23799
4,14,*,*,7,*,*,*,Male,*,<=50K,23800
4,21,*,*,11,*,*,*,Female,*,<=50K,23802
4,18,*,*,9,*,*,*,Male,*,<=50K,23803
4,20,*,*,10,*,*,*,Male,*,<=50K,23804
4,19,*,*,10,*,*,*,Female,*,>50K,23805
4,26,*,*,13,*,*,*,Male,*,>50K,23807
4,18,*,*,9,*,*,*,Male,*,<=50K,23808
4,26,*,*,13,*,*,*,Male,*,<=50K,23809
4,14,*,*,7,*,*,*,Male,*,<=50K,23810
4,18,*,*,9,*,*,*,Male,*,<=50K,23811
4,12,*,*,6,*,*,*,Male,*,<=50K,23812
4,19,*,*,10,*,*,*,Female,*,<=50K,23813
4,18,*,*,9,*,*,*,Male,*,<=50K,23814
4,18,*,*,9,*,*,*,Male,*,<=50K,23816
4,26,*,*,13,*,*,*,Male,*,<=50K,23817
4,26,*,*,13,*,*,*,Male,*,>50K,23818
4,17,*,*,9,*,*,*,Female,*,<=50K,23820
4,22,*,*,11,*,*,*,Male,*,<=50K,23821
4,22,*,*,11,*,*,*,Male,*,<=50K,23822
4,16,*,*,8,*,*,*,Male,*,<=50K,23826
4,28,*,*,14,*,*,*,Male,*,>50K,23827
4,18,*,*,9,*,*,*,Male,*,<=50K,23830
4,18,*,*,9,*,*,*,Male,*,<=50K,23831
4,19,*,*,10,*,*,*,Female,*,<=50K,23833
4,16,*,*,8,*,*,*,Male,*,<=50K,23835
4,20,*,*,10,*,*,*,Male,*,>50K,23836
4,19,*,*,10,*,*,*,Female,*,<=50K,23838
4,20,*,*,10,*,*,*,Male,*,>50K,23839
4,18,*,*,9,*,*,*,Male,*,<=50K,23840
4,17,*,*,9,*,*,*,Female,*,<=50K,23842
4,18,*,*,9,*,*,*,Male,*,<=50K,23844
4,18,*,*,9,*,*,*,Male,*,<=50K,23845
4,17,*,*,9,*,*,*,Female,*,<=50K,23846
4,18,*,*,9,*,*,*,Male,*,<=50K,23847
4,27,*,*,14,*,*,*,Female,*,>50K,23848
4,18,*,*,9,*,*,*,Male,*,>50K,23849
4,15,*,*,8,*,*,*,Female,*,<=50K,23850
4,19,*,*,10,*,*,*,Female,*,<=50K,23851
4,20,*,*,10,*,*,*,Male,*,>50K,23852
4,32,*,*,16,*,*,*,Male,*,<=50K,23853
4,18,*,*,9,*,*,*,Male,*,<=50K,23854
4,27,*,*,14,*,*,*,Female,*,>50K,23856
4,17,*,*,9,*,*,*,Female,*,<=50K,23857
4,20,*,*,10,*,*,*,Male,*,<=50K,23858
4,30,*,*,15,*,*,*,Male,*,>50K,23859
4,17,*,*,9,*,*,*,Female,*,<=50K,23862
4,20,*,*,10,*,*,*,Male,*,>50K,23863
4,25,*,*,13,*,*,*,Female,*,<=50K,23864
4,19,*,*,10,*,*,*,Female,*,<=50K,23865
4,19,*,*,10,*,*,*,Female,*,<=50K,23867
4,17,*,*,9,*,*,*,Female,*,>50K,23868
4,20,*,*,10,*,*,*,Male,*,<=50K,23869
4,22,*,*,11,*,*,*,Male,*,<=50K,23870
4,19,*,*,10,*,*,*,Female,*,<=50K,23871
4,10,*,*,5,*,*,*,Male,*,<=50K,23872
4,10,*,*,5,*,*,*,Male,*,<=50K,23873
4,17,*,*,9,*,*,*,Female,*,<=50K,23874
4,2,*,*,1,*,*,*,Male,*,<=50K,23875
4,18,*,*,9,*,*,*,Male,*,<=50K,23876
4,18,*,*,9,*,*,*,Male,*,>50K,23878
4,19,*,*,10,*,*,*,Female,*,<=50K,23879
4,18,*,*,9,*,*,*,Male,*,<=50K,23880
4,22,*,*,11,*,*,*,Male,*,<=50K,23881
4,18,*,*,9,*,*,*,Male,*,<=50K,23882
4,19,*,*,10,*,*,*,Female,*,<=50K,23883
4,26,*,*,13,*,*,*,Male,*,<=50K,23884
4,18,*,*,9,*,*,*,Male,*,<=50K,23886
4,17,*,*,9,*,*,*,Female,*,<=50K,23887
4,15,*,*,8,*,*,*,Female,*,<=50K,23888
4,18,*,*,9,*,*,*,Male,*,<=50K,23889
4,17,*,*,9,*,*,*,Female,*,<=50K,23890
4,20,*,*,10,*,*,*,Male,*,<=50K,23891
4,25,*,*,13,*,*,*,Female,*,<=50K,23893
4,26,*,*,13,*,*,*,Male,*,>50K,23894
4,20,*,*,10,*,*,*,Male,*,<=50K,23895
4,20,*,*,10,*,*,*,Male,*,<=50K,23897
4,17,*,*,9,*,*,*,Female,*,<=50K,23898
4,20,*,*,10,*,*,*,Male,*,>50K,23899
4,17,*,*,9,*,*,*,Female,*,<=50K,23900
4,18,*,*,9,*,*,*,Male,*,>50K,23901
4,19,*,*,10,*,*,*,Female,*,<=50K,23902
4,18,*,*,9,*,*,*,Male,*,>50K,23904
4,20,*,*,10,*,*,*,Male,*,<=50K,23905
4,28,*,*,14,*,*,*,Male,*,>50K,23906
4,18,*,*,9,*,*,*,Male,*,<=50K,23907
4,18,*,*,9,*,*,*,Male,*,<=50K,23908
4,28,*,*,14,*,*,*,Male,*,>50K,23909
4,14,*,*,7,*,*,*,Male,*,<=50K,23910
4,18,*,*,9,*,*,*,Male,*,<=50K,23911
4,18,*,*,9,*,*,*,Male,*,>50K,23912
4,20,*,*,10,*,*,*,Male,*,<=50K,23913
4,18,*,*,9,*,*,*,Male,*,<=50K,23914
4,18,*,*,9,*,*,*,Male,*,>50K,23915
4,19,*,*,10,*,*,*,Female,*,<=50K,23917
4,20,*,*,10,*,*,*,Male,*,>50K,23918
4,19,*,*,10,*,*,*,Female,*,<=50K,23920
4,20,*,*,10,*,*,*,Male,*,<=50K,23921
4,8,*,*,4,*,*,*,Male,*,<=50K,23922
4,18,*,*,9,*,*,*,Male,*,<=50K,23925
4,8,*,*,4,*,*,*,Male,*,<=50K,23926
4,25,*,*,13,*,*,*,Female,*,<=50K,23927
4,26,*,*,13,*,*,*,Male,*,<=50K,23928
4,18,*,*,9,*,*,*,Male,*,<=50K,23929
4,17,*,*,9,*,*,*,Female,*,<=50K,23930
4,25,*,*,13,*,*,*,Female,*,<=50K,23931
4,17,*,*,9,*,*,*,Female,*,<=50K,23932
4,17,*,*,9,*,*,*,Female,*,<=50K,23934
4,32,*,*,16,*,*,*,Male,*,>50K,23935
4,17,*,*,9,*,*,*,Female,*,<=50K,23936
4,27,*,*,14,*,*,*,Female,*,<=50K,23937
4,17,*,*,9,*,*,*,Female,*,<=50K,23938
4,26,*,*,13,*,*,*,Male,*,>50K,23939
4,25,*,*,13,*,*,*,Female,*,<=50K,23940
4,13,*,*,7,*,*,*,Female,*,<=50K,23942
4,18,*,*,9,*,*,*,Male,*,<=50K,23944
4,25,*,*,13,*,*,*,Female,*,<=50K,23945
4,23,*,*,12,*,*,*,Female,*,<=50K,23946
4,17,*,*,9,*,*,*,Female,*,<=50K,23949
4,17,*,*,9,*,*,*,Female,*,<=50K,23950
4,8,*,*,4,*,*,*,Male,*,<=50K,23951
4,12,*,*,6,*,*,*,Male,*,<=50K,23954
4,17,*,*,9,*,*,*,Female,*,<=50K,23955
4,26,*,*,13,*,*,*,Male,*,<=50K,23956
4,20,*,*,10,*,*,*,Male,*,<=50K,23958
4,18,*,*,9,*,*,*,Male,*,<=50K,23959
4,10,*,*,5,*,*,*,Male,*,<=50K,23960
4,18,*,*,9,*,*,*,Male,*,<=50K,23961
4,19,*,*,10,*,*,*,Female,*,<=50K,23962
4,18,*,*,9,*,*,*,Male,*,<=50K,23963
4,18,*,*,9,*,*,*,Male,*,<=50K,23965
4,20,*,*,10,*,*,*,Male,*,<=50K,23966
4,22,*,*,11,*,*,*,Male,*,<=50K,23967
4,19,*,*,10,*,*,*,Female,*,<=50K,23968
4,19,*,*,10,*,*,*,Female,*,<=50K,23969
4,21,*,*,11,*,*,*,Female,*,<=50K,23970
4,26,*,*,13,*,*,*,Male,*,<=50K,23971
4,13,*,*,7,*,*,*,Female,*,<=50K,23972
4,19,*,*,10,*,*,*,Female,*,<=50K,23973
4,20,*,*,10,*,*,*,Male,*,<=50K,23976
4,26,*,*,13,*,*,*,Male,*,<=50K,23977
4,24,*,*,12,*,*,*,Male,*,<=50K,23978
4,20,*,*,10,*,*,*,Male,*,<=50K,23979
4,26,*,*,13,*,*,*,Male,*,>50K,23981
4,18,*,*,9,*,*,*,Male,*,<=50K,23982
4,18,*,*,9,*,*,*,Male,*,<=50K,23983
4,26,*,*,13,*,*,*,Male,*,>50K,23985
4,20,*,*,10,*,*,*,Male,*,>50K,23986
4,17,*,*,9,*,*,*,Female,*,<=50K,23987
4,7,*,*,4,*,*,*,Female,*,<=50K,23988
4,18,*,*,9,*,*,*,Male,*,<=50K,23989
4,18,*,*,9,*,*,*,Male,*,<=50K,23990
4,17,*,*,9,*,*,*,Female,*,<=50K,23991
4,20,*,*,10,*,*,*,Male,*,<=50K,23993
4,20,*,*,10,*,*,*,Male,*,<=50K,23994
4,17,*,*,9,*,*,*,Female,*,<=50K,23995
4,14,*,*,7,*,*,*,Male,*,<=50K,23996
4,25,*,*,13,*,*,*,Female,*,<=50K,23997
4,18,*,*,9,*,*,*,Male,*,<=50K,23998
4,19,*,*,10,*,*,*,Female,*,<=50K,24000
4,20,*,*,10,*,*,*,Male,*,>50K,24001
4,10,*,*,5,*,*,*,Male,*,<=50K,24002
4,12,*,*,6,*,*,*,Male,*,<=50K,24003
4,18,*,*,9,*,*,*,Male,*,<=50K,24004
4,16,*,*,8,*,*,*,Male,*,<=50K,24005
4,20,*,*,10,*,*,*,Male,*,<=50K,24006
4,24,*,*,12,*,*,*,Male,*,<=50K,24008
4,18,*,*,9,*,*,*,Male,*,<=50K,24010
4,17,*,*,9,*,*,*,Female,*,<=50K,24011
4,25,*,*,13,*,*,*,Female,*,<=50K,24012
4,26,*,*,13,*,*,*,Male,*,>50K,24015
4,21,*,*,11,*,*,*,Female,*,<=50K,24016
4,16,*,*,8,*,*,*,Male,*,<=50K,24017
4,17,*,*,9,*,*,*,Female,*,<=50K,24019
4,18,*,*,9,*,*,*,Male,*,<=50K,24020
4,19,*,*,10,*,*,*,Female,*,<=50K,24021
4,23,*,*,12,*,*,*,Female,*,<=50K,24022
4,25,*,*,13,*,*,*,Female,*,<=50K,24023
4,23,*,*,12,*,*,*,Female,*,>50K,24026
4,25,*,*,13,*,*,*,Female,*,<=50K,24027
4,20,*,*,10,*,*,*,Male,*,<=50K,24028
4,26,*,*,13,*,*,*,Male,*,>50K,24030
4,19,*,*,10,*,*,*,Female,*,<=50K,24031
4,18,*,*,9,*,*,*,Male,*,<=50K,24032
4,10,*,*,5,*,*,*,Male,*,<=50K,24033
4,17,*,*,9,*,*,*,Female,*,<=50K,24034
4,26,*,*,13,*,*,*,Male,*,>50K,24035
4,10,*,*,5,*,*,*,Male,*,<=50K,24036
4,18,*,*,9,*,*,*,Male,*,<=50K,24038
4,26,*,*,13,*,*,*,Male,*,>50K,24039
4,25,*,*,13,*,*,*,Female,*,>50K,24040
4,26,*,*,13,*,*,*,Male,*,<=50K,24041
4,17,*,*,9,*,*,*,Female,*,<=50K,24042
4,19,*,*,10,*,*,*,Female,*,<=50K,24043
4,17,*,*,9,*,*,*,Female,*,<=50K,24044
4,18,*,*,9,*,*,*,Male,*,<=50K,24045
4,19,*,*,10,*,*,*,Female,*,<=50K,24046
4,22,*,*,11,*,*,*,Male,*,<=50K,24047
4,17,*,*,9,*,*,*,Female,*,<=50K,24049
4,15,*,*,8,*,*,*,Female,*,<=50K,24051
4,17,*,*,9,*,*,*,Female,*,<=50K,24052
4,10,*,*,5,*,*,*,Male,*,<=50K,24053
4,20,*,*,10,*,*,*,Male,*,>50K,24054
4,18,*,*,9,*,*,*,Male,*,<=50K,24055
4,17,*,*,9,*,*,*,Female,*,<=50K,24056
4,24,*,*,12,*,*,*,Male,*,<=50K,24057
4,20,*,*,10,*,*,*,Male,*,<=50K,24059
4,17,*,*,9,*,*,*,Female,*,<=50K,24060
4,19,*,*,10,*,*,*,Female,*,<=50K,24061
4,18,*,*,9,*,*,*,Male,*,<=50K,24062
4,26,*,*,13,*,*,*,Male,*,>50K,24063
4,19,*,*,10,*,*,*,Female,*,<=50K,24064
4,18,*,*,9,*,*,*,Male,*,<=50K,24065
4,25,*,*,13,*,*,*,Female,*,<=50K,24066
4,18,*,*,9,*,*,*,Male,*,<=50K,24067
4,12,*,*,6,*,*,*,Male,*,<=50K,24068
4,17,*,*,9,*,*,*,Female,*,<=50K,24069
4,20,*,*,10,*,*,*,Male,*,<=50K,24070
4,17,*,*,9,*,*,*,Female,*,<=50K,24071
4,25,*,*,13,*,*,*,Female,*,<=50K,24072
4,10,*,*,5,*,*,*,Male,*,<=50K,24073
4,20,*,*,10,*,*,*,Male,*,<=50K,24075
4,14,*,*,7,*,*,*,Male,*,<=50K,24076
4,26,*,*,13,*,*,*,Male,*,<=50K,24077
4,20,*,*,10,*,*,*,Male,*,<=50K,24078
4,20,*,*,10,*,*,*,Male,*,<=50K,24079
4,28,*,*,14,*,*,*,Male,*,>50K,24081
4,20,*,*,10,*,*,*,Male,*,<=50K,24083
4,17,*,*,9,*,*,*,Female,*,<=50K,24084
4,24,*,*,12,*,*,*,Male,*,<=50K,24085
4,9,*,*,5,*,*,*,Female,*,<=50K,24086
4,4,*,*,2,*,*,*,Male,*,<=50K,24088
4,18,*,*,9,*,*,*,Male,*,<=50K,24089
4,17,*,*,9,*,*,*,Female,*,<=50K,24091
4,10,*,*,5,*,*,*,Male,*,>50K,24092
4,14,*,*,7,*,*,*,Male,*,<=50K,24093
4,18,*,*,9,*,*,*,Male,*,<=50K,24094
4,26,*,*,13,*,*,*,Male,*,<=50K,24095
4,19,*,*,10,*,*,*,Female,*,<=50K,24096
4,26,*,*,13,*,*,*,Male,*,<=50K,24097
4,12,*,*,6,*,*,*,Male,*,<=50K,24098
4,25,*,*,13,*,*,*,Female,*,<=50K,24099
4,19,*,*,10,*,*,*,Female,*,<=50K,24100
4,24,*,*,12,*,*,*,Male,*,<=50K,24101
4,20,*,*,10,*,*,*,Male,*,<=50K,24102
4,19,*,*,10,*,*,*,Female,*,<=50K,24103
4,18,*,*,9,*,*,*,Male,*,<=50K,24104
4,18,*,*,9,*,*,*,Male,*,>50K,24105
4,12,*,*,6,*,*,*,Male,*,<=50K,24107
4,18,*,*,9,*,*,*,Male,*,<=50K,24108
4,17,*,*,9,*,*,*,Female,*,<=50K,24109
4,25,*,*,13,*,*,*,Female,*,<=50K,24110
4,13,*,*,7,*,*,*,Female,*,<=50K,24111
4,12,*,*,6,*,*,*,Male,*,<=50K,24113
4,18,*,*,9,*,*,*,Male,*,<=50K,24114
4,18,*,*,9,*,*,*,Male,*,<=50K,24115
4,18,*,*,9,*,*,*,Male,*,<=50K,24116
4,22,*,*,11,*,*,*,Male,*,<=50K,24118
4,20,*,*,10,*,*,*,Male,*,<=50K,24119
4,18,*,*,9,*,*,*,Male,*,<=50K,24120
4,28,*,*,14,*,*,*,Male,*,>50K,24121
4,10,*,*,5,*,*,*,Male,*,<=50K,24122
4,19,*,*,10,*,*,*,Female,*,<=50K,24123
4,19,*,*,10,*,*,*,Female,*,<=50K,24124
4,19,*,*,10,*,*,*,Female,*,<=50K,24125
4,19,*,*,10,*,*,*,Female,*,<=50K,24126
4,18,*,*,9,*,*,*,Male,*,>50K,24128
4,26,*,*,13,*,*,*,Male,*,>50K,24131
4,26,*,*,13,*,*,*,Male,*,>50K,24132
4,24,*,*,12,*,*,*,Male,*,<=50K,24134
4,18,*,*,9,*,*,*,Male,*,<=50K,24136
4,9,*,*,5,*,*,*,Female,*,<=50K,24138
4,20,*,*,10,*,*,*,Male,*,<=50K,24139
4,26,*,*,13,*,*,*,Male,*,>50K,24141
4,17,*,*,9,*,*,*,Female,*,<=50K,24142
4,26,*,*,13,*,*,*,Male,*,<=50K,24144
4,15,*,*,8,*,*,*,Female,*,<=50K,24145
4,28,*,*,14,*,*,*,Male,*,<=50K,24146
4,18,*,*,9,*,*,*,Male,*,<=50K,24147
4,17,*,*,9,*,*,*,Female,*,<=50K,24149
4,23,*,*,12,*,*,*,Female,*,<=50K,24150
4,24,*,*,12,*,*,*,Male,*,<=50K,24151
4,18,*,*,9,*,*,*,Male,*,<=50K,24152
4,18,*,*,9,*,*,*,Male,*,<=50K,24154
4,20,*,*,10,*,*,*,Male,*,<=50K,24155
4,20,*,*,10,*,*,*,Male,*,>50K,24156
4,25,*,*,13,*,*,*,Female,*,<=50K,24157
4,20,*,*,10,*,*,*,Male,*,<=50K,24158
4,20,*,*,10,*,*,*,Male,*,>50K,24159
4,20,*,*,10,*,*,*,Male,*,<=50K,24160
4,20,*,*,10,*,*,*,Male,*,<=50K,24161
4,22,*,*,11,*,*,*,Male,*,>50K,24162
4,17,*,*,9,*,*,*,Female,*,<=50K,24165
4,17,*,*,9,*,*,*,Female,*,<=50K,24166
4,18,*,*,9,*,*,*,Male,*,>50K,24167
4,10,*,*,5,*,*,*,Male,*,<=50K,24169
4,19,*,*,10,*,*,*,Female,*,<=50K,24170
4,18,*,*,9,*,*,*,Male,*,<=50K,24171
4,11,*,*,6,*,*,*,Female,*,<=50K,24172
4,26,*,*,13,*,*,*,Male,*,>50K,24173
4,22,*,*,11,*,*,*,Male,*,<=50K,24174
4,18,*,*,9,*,*,*,Male,*,<=50K,24175
4,20,*,*,10,*,*,*,Male,*,>50K,24176
4,12,*,*,6,*,*,*,Male,*,>50K,24178
4,17,*,*,9,*,*,*,Female,*,<=50K,24180
4,26,*,*,13,*,*,*,Male,*,>50K,24181
4,18,*,*,9,*,*,*,Male,*,<=50K,24183
4,25,*,*,13,*,*,*,Female,*,<=50K,24184
4,20,*,*,10,*,*,*,Male,*,<=50K,24185
4,17,*,*,9,*,*,*,Female,*,<=50K,24188
4,26,*,*,13,*,*,*,Male,*,<=50K,24189
4,1,*,*,1,*,*,*,Female,*,<=50K,24191
4,16,*,*,8,*,*,*,Male,*,<=50K,24193
4,18,*,*,9,*,*,*,Male,*,>50K,24195
4,18,*,*,9,*,*,*,Male,*,<=50K,24196
4,18,*,*,9,*,*,*,Male,*,<=50K,24197
4,11,*,*,6,*,*,*,Female,*,<=50K,24199
4,1,*,*,1,*,*,*,Female,*,<=50K,24200
4,14,*,*,7,*,*,*,Male,*,<=50K,24201
4,17,*,*,9,*,*,*,Female,*,<=50K,24202
4,20,*,*,10,*,*,*,Male,*,<=50K,24203
4,18,*,*,9,*,*,*,Male,*,<=50K,24204
4,22,*,*,11,*,*,*,Male,*,>50K,24205
4,27,*,*,14,*,*,*,Female,*,>50K,24206
4,19,*,*,10,*,*,*,Female,*,<=50K,24207
4,19,*,*,10,*,*,*,Female,*,<=50K,24208
4,17,*,*,9,*,*,*,Female,*,<=50K,24209
4,18,*,*,9,*,*,*,Male,*,<=50K,24210
4,19,*,*,10,*,*,*,Female,*,<=50K,24211
4,18,*,*,9,*,*,*,Male,*,>50K,24212
4,18,*,*,9,*,*,*,Male,*,<=50K,24213
4,9,*,*,5,*,*,*,Female,*,<=50K,24214
4,25,*,*,13,*,*,*,Female,*,<=50K,24215
4,19,*,*,10,*,*,*,Female,*,<=50K,24216
4,20,*,*,10,*,*,*,Male,*,<=50K,24217
4,26,*,*,13,*,*,*,Male,*,>50K,24218
4,19,*,*,10,*,*,*,Female,*,<=50K,24219
4,22,*,*,11,*,*,*,Male,*,>50K,24220
4,18,*,*,9,*,*,*,Male,*,<=50K,24221
4,22,*,*,11,*,*,*,Male,*,>50K,24222
4,18,*,*,9,*,*,*,Male,*,<=50K,24223
4,18,*,*,9,*,*,*,Male,*,<=50K,24224
4,8,*,*,4,*,*,*,Male,*,<=50K,24226
4,18,*,*,9,*,*,*,Male,*,<=50K,24227
4,18,*,*,9,*,*,*,Male,*,<=50K,24229
4,15,*,*,8,*,*,*,Female,*,<=50K,24233
4,26,*,*,13,*,*,*,Male,*,<=50K,24235
4,26,*,*,13,*,*,*,Male,*,<=50K,24236
4,19,*,*,10,*,*,*,Female,*,<=50K,24237
4,18,*,*,9,*,*,*,Male,*,>50K,24238
4,8,*,*,4,*,*,*,Male,*,<=50K,24239
4,18,*,*,9,*,*,*,Male,*,>50K,24240
4,14,*,*,7,*,*,*,Male,*,<=50K,24241
4,26,*,*,13,*,*,*,Male,*,<=50K,24244
4,19,*,*,10,*,*,*,Female,*,<=50K,24245
4,19,*,*,10,*,*,*,Female,*,<=50K,24246
4,20,*,*,10,*,*,*,Male,*,<=50K,24247
4,20,*,*,10,*,*,*,Male,*,<=50K,24248
4,12,*,*,6,*,*,*,Male,*,<=50K,24249
4,20,*,*,10,*,*,*,Male,*,>50K,24250
4,19,*,*,10,*,*,*,Female,*,<=50K,24251
4,18,*,*,9,*,*,*,Male,*,>50K,24252
4,18,*,*,9,*,*,*,Male,*,<=50K,24253
4,23,*,*,12,*,*,*,Female,*,<=50K,24255
4,8,*,*,4,*,*,*,Male,*,<=50K,24256
4,17,*,*,9,*,*,*,Female,*,>50K,24257
4,18,*,*,9,*,*,*,Male,*,<=50K,24259
4,18,*,*,9,*,*,*,Male,*,<=50K,24260
4,25,*,*,13,*,*,*,Female,*,<=50K,24261
4,19,*,*,10,*,*,*,Female,*,<=50K,24262
4,8,*,*,4,*,*,*,Male,*,<=50K,24264
4,19,*,*,10,*,*,*,Female,*,<=50K,24265
4,20,*,*,10,*,*,*,Male,*,<=50K,24267
4,20,*,*,10,*,*,*,Male,*,<=50K,24269
4,26,*,*,13,*,*,*,Male,*,<=50K,24271
4,22,*,*,11,*,*,*,Male,*,<=50K,24272
4,25,*,*,13,*,*,*,Female,*,<=50K,24273
4,14,*,*,7,*,*,*,Male,*,<=50K,24274
4,20,*,*,10,*,*,*,Male,*,<=50K,24275
4,15,*,*,8,*,*,*,Female,*,<=50K,24277
4,26,*,*,13,*,*,*,Male,*,<=50K,24278
4,18,*,*,9,*,*,*,Male,*,<=50K,24279
4,28,*,*,14,*,*,*,Male,*,<=50K,24282
4,30,*,*,15,*,*,*,Male,*,>50K,24283
4,20,*,*,10,*,*,*,Male,*,<=50K,24284
4,25,*,*,13,*,*,*,Female,*,<=50K,24285
4,18,*,*,9,*,*,*,Male,*,<=50K,24288
4,12,*,*,6,*,*,*,Male,*,<=50K,24289
4,18,*,*,9,*,*,*,Male,*,<=50K,24290
4,17,*,*,9,*,*,*,Female,*,<=50K,24291
4,26,*,*,13,*,*,*,Male,*,<=50K,24292
4,23,*,*,12,*,*,*,Female,*,<=50K,24293
4,17,*,*,9,*,*,*,Female,*,>50K,24294
4,19,*,*,10,*,*,*,Female,*,<=50K,24296
4,18,*,*,9,*,*,*,Male,*,<=50K,24297
4,19,*,*,10,*,*,*,Female,*,<=50K,24298
4,18,*,*,9,*,*,*,Male,*,<=50K,24299
4,18,*,*,9,*,*,*,Male,*,<=50K,24300
4,18,*,*,9,*,*,*,Male,*,<=50K,24303
4,20,*,*,10,*,*,*,Male,*,<=50K,24304
4,32,*,*,16,*,*,*,Male,*,>50K,24305
4,26,*,*,13,*,*,*,Male,*,<=50K,24306
4,18,*,*,9,*,*,*,Male,*,<=50K,24307
4,8,*,*,4,*,*,*,Male,*,<=50K,24308
4,19,*,*,10,*,*,*,Female,*,<=50K,24309
4,21,*,*,11,*,*,*,Female,*,<=50K,24310
4,19,*,*,10,*,*,*,Female,*,>50K,24311
4,17,*,*,9,*,*,*,Female,*,<=50K,24313
4,25,*,*,13,*,*,*,Female,*,<=50K,24314
4,18,*,*,9,*,*,*,Male,*,<=50K,24315
4,24,*,*,12,*,*,*,Male,*,<=50K,24317
4,25,*,*,13,*,*,*,Female,*,<=50K,24319
4,17,*,*,9,*,*,*,Female,*,<=50K,24320
4,20,*,*,10,*,*,*,Male,*,<=50K,24321
4,24,*,*,12,*,*,*,Male,*,<=50K,24322
4,18,*,*,9,*,*,*,Male,*,<=50K,24323
4,26,*,*,13,*,*,*,Male,*,>50K,24324
4,8,*,*,4,*,*,*,Male,*,<=50K,24326
4,8,*,*,4,*,*,*,Male,*,<=50K,24327
4,26,*,*,13,*,*,*,Male,*,<=50K,24329
4,12,*,*,6,*,*,*,Male,*,>50K,24331
4,18,*,*,9,*,*,*,Male,*,<=50K,24334
4,18,*,*,9,*,*,*,Male,*,<=50K,24336
4,30,*,*,15,*,*,*,Male,*,>50K,24338
4,22,*,*,11,*,*,*,Male,*,<=50K,24339
4,21,*,*,11,*,*,*,Female,*,<=50K,24340
4,20,*,*,10,*,*,*,Male,*,<=50K,24341
4,28,*,*,14,*,*,*,Male,*,<=50K,24342
4,13,*,*,7,*,*,*,Female,*,<=50K,24343
4,21,*,*,11,*,*,*,Female,*,<=50K,24344
4,20,*,*,10,*,*,*,Male,*,<=50K,24346
4,26,*,*,13,*,*,*,Male,*,<=50K,24347
4,18,*,*,9,*,*,*,Male,*,>50K,24348
4,26,*,*,13,*,*,*,Male,*,<=50K,24349
4,25,*,*,13,*,*,*,Female,*,<=50K,24350
4,26,*,*,13,*,*,*,Male,*,>50K,24351
4,16,*,*,8,*,*,*,Male,*,<=50K,24353
4,19,*,*,10,*,*,*,Female,*,<=50K,24354
4,26,*,*,13,*,*,*,Male,*,>50K,24355
4,20,*,*,10,*,*,*,Male,*,<=50K,24356
4,6,*,*,3,*,*,*,Male,*,<=50K,24359
4,20,*,*,10,*,*,*,Male,*,<=50K,24360
4,21,*,*,11,*,*,*,Female,*,>50K,24361
4,16,*,*,8,*,*,*,Male,*,>50K,24362
4,18,*,*,9,*,*,*,Male,*,<=50K,24363
4,17,*,*,9,*,*,*,Female,*,<=50K,24364
4,17,*,*,9,*,*,*,Female,*,>50K,24365
4,20,*,*,10,*,*,*,Male,*,<=50K,24366
4,18,*,*,9,*,*,*,Male,*,>50K,24368
4,18,*,*,9,*,*,*,Male,*,<=50K,24369
4,18,*,*,9,*,*,*,Male,*,<=50K,24370
4,27,*,*,14,*,*,*,Female,*,<=50K,24371
4,20,*,*,10,*,*,*,Male,*,<=50K,24372
4,26,*,*,13,*,*,*,Male,*,>50K,24373
4,10,*,*,5,*,*,*,Male,*,<=50K,24374
4,12,*,*,6,*,*,*,Male,*,<=50K,24375
4,18,*,*,9,*,*,*,Male,*,>50K,24376
4,20,*,*,10,*,*,*,Male,*,<=50K,24378
4,25,*,*,13,*,*,*,Female,*,<=50K,24379
4,20,*,*,10,*,*,*,Male,*,<=50K,24380
4,17,*,*,9,*,*,*,Female,*,<=50K,24382
4,12,*,*,6,*,*,*,Male,*,<=50K,24384
4,6,*,*,3,*,*,*,Male,*,<=50K,24385
4,26,*,*,13,*,*,*,Male,*,<=50K,24386
4,18,*,*,9,*,*,*,Male,*,<=50K,24387
4,26,*,*,13,*,*,*,Male,*,<=50K,24388
4,6,*,*,3,*,*,*,Male,*,<=50K,24389
4,18,*,*,9,*,*,*,Male,*,<=50K,24390
4,25,*,*,13,*,*,*,Female,*,<=50K,24391
4,28,*,*,14,*,*,*,Male,*,<=50K,24392
4,26,*,*,13,*,*,*,Male,*,<=50K,24393
4,19,*,*,10,*,*,*,Female,*,<=50K,24394
4,26,*,*,13,*,*,*,Male,*,<=50K,24395
4,32,*,*,16,*,*,*,Male,*,>50K,24396
4,20,*,*,10,*,*,*,Male,*,<=50K,24397
4,8,*,*,4,*,*,*,Male,*,<=50K,24399
4,19,*,*,10,*,*,*,Female,*,<=50K,24400
4,18,*,*,9,*,*,*,Male,*,<=50K,24401
4,20,*,*,10,*,*,*,Male,*,>50K,24402
4,20,*,*,10,*,*,*,Male,*,<=50K,24404
4,25,*,*,13,*,*,*,Female,*,<=50K,24405
4,17,*,*,9,*,*,*,Female,*,<=50K,24406
4,20,*,*,10,*,*,*,Male,*,<=50K,24408
4,28,*,*,14,*,*,*,Male,*,<=50K,24409
4,26,*,*,13,*,*,*,Male,*,>50K,24411
4,27,*,*,14,*,*,*,Female,*,<=50K,24412
4,21,*,*,11,*,*,*,Female,*,>50K,24413
4,14,*,*,7,*,*,*,Male,*,<=50K,24414
4,21,*,*,11,*,*,*,Female,*,<=50K,24415
4,18,*,*,9,*,*,*,Male,*,<=50K,24416
4,20,*,*,10,*,*,*,Male,*,<=50K,24417
4,17,*,*,9,*,*,*,Female,*,<=50K,24418
4,21,*,*,11,*,*,*,Female,*,<=50K,24420
4,27,*,*,14,*,*,*,Female,*,<=50K,24422
4,13,*,*,7,*,*,*,Female,*,<=50K,24423
4,20,*,*,10,*,*,*,Male,*,<=50K,24424
4,20,*,*,10,*,*,*,Male,*,<=50K,24425
4,17,*,*,9,*,*,*,Female,*,<=50K,24426
4,23,*,*,12,*,*,*,Female,*,<=50K,24427
4,14,*,*,7,*,*,*,Male,*,<=50K,24428
4,18,*,*,9,*,*,*,Male,*,<=50K,24429
4,19,*,*,10,*,*,*,Female,*,<=50K,24430
4,18,*,*,9,*,*,*,Male,*,<=50K,24431
4,9,*,*,5,*,*,*,Female,*,<=50K,24432
4,18,*,*,9,*,*,*,Male,*,<=50K,24433
4,13,*,*,7,*,*,*,Female,*,<=50K,24434
4,17,*,*,9,*,*,*,Female,*,>50K,24435
4,17,*,*,9,*,*,*,Female,*,<=50K,24436
4,22,*,*,11,*,*,*,Male,*,<=50K,24437
4,18,*,*,9,*,*,*,Male,*,>50K,24439
4,18,*,*,9,*,*,*,Male,*,<=50K,24440
4,22,*,*,11,*,*,*,Male,*,<=50K,24441
4,18,*,*,9,*,*,*,Male,*,>50K,24443
4,26,*,*,13,*,*,*,Male,*,>50K,24444
4,20,*,*,10,*,*,*,Male,*,>50K,24445
4,24,*,*,12,*,*,*,Male,*,>50K,24446
4,18,*,*,9,*,*,*,Male,*,<=50K,24448
4,17,*,*,9,*,*,*,Female,*,<=50K,24449
4,26,*,*,13,*,*,*,Male,*,<=50K,24450
4,18,*,*,9,*,*,*,Male,*,<=50K,24451
4,26,*,*,13,*,*,*,Male,*,>50K,24452
4,18,*,*,9,*,*,*,Male,*,>50K,24453
4,17,*,*,9,*,*,*,Female,*,<=50K,24455
4,17,*,*,9,*,*,*,Female,*,<=50K,24456
4,18,*,*,9,*,*,*,Male,*,<=50K,24457
4,17,*,*,9,*,*,*,Female,*,<=50K,24458
4,23,*,*,12,*,*,*,Female,*,<=50K,24459
4,20,*,*,10,*,*,*,Male,*,<=50K,24460
4,12,*,*,6,*,*,*,Male,*,<=50K,24461
4,19,*,*,10,*,*,*,Female,*,<=50K,24462
4,12,*,*,6,*,*,*,Male,*,<=50K,24463
4,12,*,*,6,*,*,*,Male,*,<=50K,24464
4,20,*,*,10,*,*,*,Male,*,<=50K,24465
4,10,*,*,5,*,*,*,Male,*,<=50K,24466
4,18,*,*,9,*,*,*,Male,*,>50K,24467
4,26,*,*,13,*,*,*,Male,*,<=50K,24468
4,20,*,*,10,*,*,*,Male,*,<=50K,24469
4,18,*,*,9,*,*,*,Male,*,<=50K,24470
4,20,*,*,10,*,*,*,Male,*,<=50K,24471
4,18,*,*,9,*,*,*,Male,*,<=50K,24472
4,20,*,*,10,*,*,*,Male,*,<=50K,24474
4,24,*,*,12,*,*,*,Male,*,<=50K,24476
4,17,*,*,9,*,*,*,Female,*,<=50K,24478
4,18,*,*,9,*,*,*,Male,*,<=50K,24479
4,24,*,*,12,*,*,*,Male,*,<=50K,24480
4,18,*,*,9,*,*,*,Male,*,<=50K,24481
4,18,*,*,9,*,*,*,Male,*,>50K,24482
4,18,*,*,9,*,*,*,Male,*,<=50K,24483
4,17,*,*,9,*,*,*,Female,*,<=50K,24484
4,18,*,*,9,*,*,*,Male,*,<=50K,24485
4,18,*,*,9,*,*,*,Male,*,<=50K,24487
4,26,*,*,13,*,*,*,Male,*,<=50K,24488
4,18,*,*,9,*,*,*,Male,*,<=50K,24489
4,20,*,*,10,*,*,*,Male,*,<=50K,24490
4,12,*,*,6,*,*,*,Male,*,<=50K,24491
4,20,*,*,10,*,*,*,Male,*,<=50K,24492
4,17,*,*,9,*,*,*,Female,*,<=50K,24493
4,17,*,*,9,*,*,*,Female,*,<=50K,24494
4,19,*,*,10,*,*,*,Female,*,<=50K,24495
4,18,*,*,9,*,*,*,Male,*,<=50K,24496
4,23,*,*,12,*,*,*,Female,*,<=50K,24497
4,20,*,*,10,*,*,*,Male,*,<=50K,24499
4,23,*,*,12,*,*,*,Female,*,<=50K,24500
4,18,*,*,9,*,*,*,Male,*,<=50K,24502
4,20,*,*,10,*,*,*,Male,*,<=50K,24503
4,32,*,*,16,*,*,*,Male,*,>50K,24504
4,9,*,*,5,*,*,*,Female,*,<=50K,24505
4,23,*,*,12,*,*,*,Female,*,<=50K,24507
4,20,*,*,10,*,*,*,Male,*,<=50K,24508
4,20,*,*,10,*,*,*,Male,*,<=50K,24509
4,20,*,*,10,*,*,*,Male,*,<=50K,24510
4,18,*,*,9,*,*,*,Male,*,>50K,24511
4,6,*,*,3,*,*,*,Male,*,<=50K,24512
4,19,*,*,10,*,*,*,Female,*,<=50K,24513
4,20,*,*,10,*,*,*,Male,*,<=50K,24514
4,20,*,*,10,*,*,*,Male,*,<=50K,24515
4,20,*,*,10,*,*,*,Male,*,<=50K,24516
4,12,*,*,6,*,*,*,Male,*,<=50K,24517
4,12,*,*,6,*,*,*,Male,*,<=50K,24518
4,20,*,*,10,*,*,*,Male,*,<=50K,24519
4,28,*,*,14,*,*,*,Male,*,<=50K,24520
4,26,*,*,13,*,*,*,Male,*,<=50K,24521
4,25,*,*,13,*,*,*,Female,*,<=50K,24522
4,21,*,*,11,*,*,*,Female,*,<=50K,24523
4,20,*,*,10,*,*,*,Male,*,>50K,24524
4,12,*,*,6,*,*,*,Male,*,>50K,24525
4,20,*,*,10,*,*,*,Male,*,<=50K,24527
4,18,*,*,9,*,*,*,Male,*,<=50K,24528
4,23,*,*,12,*,*,*,Female,*,<=50K,24529
4,18,*,*,9,*,*,*,Male,*,<=50K,24531
4,18,*,*,9,*,*,*,Male,*,<=50K,24533
4,11,*,*,6,*,*,*,Female,*,<=50K,24536
4,18,*,*,9,*,*,*,Male,*,<=50K,24537
4,6,*,*,3,*,*,*,Male,*,<=50K,24539
4,17,*,*,9,*,*,*,Female,*,<=50K,24541
4,22,*,*,11,*,*,*,Male,*,>50K,24543
4,20,*,*,10,*,*,*,Male,*,<=50K,24544
4,17,*,*,9,*,*,*,Female,*,<=50K,24545
4,28,*,*,14,*,*,*,Male,*,>50K,24546
4,20,*,*,10,*,*,*,Male,*,<=50K,24547
4,18,*,*,9,*,*,*,Male,*,<=50K,24549
4,18,*,*,9,*,*,*,Male,*,<=50K,24551
4,17,*,*,9,*,*,*,Female,*,<=50K,24552
4,17,*,*,9,*,*,*,Female,*,<=50K,24553
4,19,*,*,10,*,*,*,Female,*,<=50K,24555
4,26,*,*,13,*,*,*,Male,*,<=50K,24556
4,25,*,*,13,*,*,*,Female,*,<=50K,24559
4,18,*,*,9,*,*,*,Male,*,>50K,24561
4,26,*,*,13,*,*,*,Male,*,>50K,24562
4,8,*,*,4,*,*,*,Male,*,<=50K,24563
4,26,*,*,13,*,*,*,Male,*,>50K,24564
4,19,*,*,10,*,*,*,Female,*,<=50K,24565
4,25,*,*,13,*,*,*,Female,*,<=50K,24566
4,18,*,*,9,*,*,*,Male,*,<=50K,24567
4,20,*,*,10,*,*,*,Male,*,>50K,24569
4,25,*,*,13,*,*,*,Female,*,<=50K,24570
4,12,*,*,6,*,*,*,Male,*,<=50K,24571
4,20,*,*,10,*,*,*,Male,*,<=50K,24572
4,9,*,*,5,*,*,*,Female,*,<=50K,24573
4,26,*,*,13,*,*,*,Male,*,<=50K,24575
4,13,*,*,7,*,*,*,Female,*,<=50K,24576
4,26,*,*,13,*,*,*,Male,*,>50K,24577
4,18,*,*,9,*,*,*,Male,*,<=50K,24578
4,7,*,*,4,*,*,*,Female,*,<=50K,24580
4,20,*,*,10,*,*,*,Male,*,<=50K,24581
4,25,*,*,13,*,*,*,Female,*,<=50K,24582
4,8,*,*,4,*,*,*,Male,*,<=50K,24585
4,26,*,*,13,*,*,*,Male,*,>50K,24586
4,17,*,*,9,*,*,*,Female,*,<=50K,24587
4,25,*,*,13,*,*,*,Female,*,<=50K,24588
4,19,*,*,10,*,*,*,Female,*,<=50K,24589
4,20,*,*,10,*,*,*,Male,*,>50K,24590
4,14,*,*,7,*,*,*,Male,*,<=50K,24591
4,20,*,*,10,*,*,*,Male,*,>50K,24592
4,20,*,*,10,*,*,*,Male,*,<=50K,24593
4,18,*,*,9,*,*,*,Male,*,<=50K,24594
4,27,*,*,14,*,*,*,Female,*,<=50K,24596
4,26,*,*,13,*,*,*,Male,*,>50K,24597
4,23,*,*,12,*,*,*,Female,*,>50K,24598
4,26,*,*,13,*,*,*,Male,*,<=50K,24599
4,18,*,*,9,*,*,*,Male,*,<=50K,24600
4,18,*,*,9,*,*,*,Male,*,>50K,24601
4,20,*,*,10,*,*,*,Male,*,<=50K,24602
4,19,*,*,10,*,*,*,Female,*,<=50K,24604
4,10,*,*,5,*,*,*,Male,*,<=50K,24605
4,17,*,*,9,*,*,*,Female,*,<=50K,24606
4,12,*,*,6,*,*,*,Male,*,<=50K,24608
4,24,*,*,12,*,*,*,Male,*,>50K,24611
4,19,*,*,10,*,*,*,Female,*,<=50K,24612
4,17,*,*,9,*,*,*,Female,*,<=50K,24613
4,25,*,*,13,*,*,*,Female,*,<=50K,24614
4,25,*,*,13,*,*,*,Female,*,<=50K,24615
4,28,*,*,14,*,*,*,Male,*,>50K,24616
4,16,*,*,8,*,*,*,Male,*,<=50K,24617
4,18,*,*,9,*,*,*,Male,*,<=50K,24618
4,17,*,*,9,*,*,*,Female,*,>50K,24621
4,21,*,*,11,*,*,*,Female,*,<=50K,24623
4,25,*,*,13,*,*,*,Female,*,<=50K,24624
4,19,*,*,10,*,*,*,Female,*,<=50K,24625
4,16,*,*,8,*,*,*,Male,*,<=50K,24626
4,25,*,*,13,*,*,*,Female,*,>50K,24627
4,20,*,*,10,*,*,*,Male,*,<=50K,24629
4,28,*,*,14,*,*,*,Male,*,<=50K,24632
4,20,*,*,10,*,*,*,Male,*,<=50K,24633
4,18,*,*,9,*,*,*,Male,*,<=50K,24634
4,18,*,*,9,*,*,*,Male,*,<=50K,24635
4,22,*,*,11,*,*,*,Male,*,<=50K,24636
4,18,*,*,9,*,*,*,Male,*,<=50K,24637
4,20,*,*,10,*,*,*,Male,*,<=50K,24638
4,18,*,*,9,*,*,*,Male,*,<=50K,24639
4,26,*,*,13,*,*,*,Male,*,>50K,24640
4,27,*,*,14,*,*,*,Female,*,>50K,24641
4,22,*,*,11,*,*,*,Male,*,<=50K,24642
4,17,*,*,9,*,*,*,Female,*,<=50K,24643
4,16,*,*,8,*,*,*,Male,*,<=50K,24644
4,18,*,*,9,*,*,*,Male,*,<=50K,24645
4,26,*,*,13,*,*,*,Male,*,<=50K,24649
4,12,*,*,6,*,*,*,Male,*,<=50K,24651
4,18,*,*,9,*,*,*,Male,*,<=50K,24652
4,19,*,*,10,*,*,*,Female,*,<=50K,24653
4,14,*,*,7,*,*,*,Male,*,<=50K,24654
4,27,*,*,14,*,*,*,Female,*,<=50K,24656
4,19,*,*,10,*,*,*,Female,*,<=50K,24657
4,17,*,*,9,*,*,*,Female,*,<=50K,24658
4,20,*,*,10,*,*,*,Male,*,<=50K,24660
4,29,*,*,15,*,*,*,Female,*,<=50K,24661
4,19,*,*,10,*,*,*,Female,*,<=50K,24662
4,19,*,*,10,*,*,*,Female,*,<=50K,24664
4,20,*,*,10,*,*,*,Male,*,<=50K,24665
4,23,*,*,12,*,*,*,Female,*,<=50K,24666
4,18,*,*,9,*,*,*,Male,*,>50K,24668
4,20,*,*,10,*,*,*,Male,*,>50K,24669
4,11,*,*,6,*,*,*,Female,*,<=50K,24670
4,18,*,*,9,*,*,*,Male,*,<=50K,24671
4,18,*,*,9,*,*,*,Male,*,<=50K,24672
4,22,*,*,11,*,*,*,Male,*,>50K,24673
4,11,*,*,6,*,*,*,Female,*,<=50K,24674
4,24,*,*,12,*,*,*,Male,*,>50K,24675
4,17,*,*,9,*,*,*,Female,*,<=50K,24678
4,20,*,*,10,*,*,*,Male,*,<=50K,24679
4,18,*,*,9,*,*,*,Male,*,<=50K,24680
4,18,*,*,9,*,*,*,Male,*,>50K,24681
4,11,*,*,6,*,*,*,Female,*,<=50K,24682
4,26,*,*,13,*,*,*,Male,*,>50K,24683
4,14,*,*,7,*,*,*,Male,*,<=50K,24684
4,11,*,*,6,*,*,*,Female,*,<=50K,24685
4,28,*,*,14,*,*,*,Male,*,<=50K,24686
4,32,*,*,16,*,*,*,Male,*,<=50K,24687
4,8,*,*,4,*,*,*,Male,*,<=50K,24688
4,32,*,*,16,*,*,*,Male,*,>50K,24689
4,18,*,*,9,*,*,*,Male,*,<=50K,24691
4,18,*,*,9,*,*,*,Male,*,<=50K,24692
4,28,*,*,14,*,*,*,Male,*,>50K,24695
4,17,*,*,9,*,*,*,Female,*,<=50K,24696
4,26,*,*,13,*,*,*,Male,*,>50K,24697
4,30,*,*,15,*,*,*,Male,*,>50K,24698
4,17,*,*,9,*,*,*,Female,*,<=50K,24699
4,19,*,*,10,*,*,*,Female,*,<=50K,24700
4,18,*,*,9,*,*,*,Male,*,<=50K,24701
4,20,*,*,10,*,*,*,Male,*,>50K,24702
4,22,*,*,11,*,*,*,Male,*,<=50K,24703
4,23,*,*,12,*,*,*,Female,*,<=50K,24704
4,20,*,*,10,*,*,*,Male,*,<=50K,24705
4,14,*,*,7,*,*,*,Male,*,<=50K,24706
4,19,*,*,10,*,*,*,Female,*,<=50K,24707
4,22,*,*,11,*,*,*,Male,*,<=50K,24708
4,20,*,*,10,*,*,*,Male,*,<=50K,24709
4,4,*,*,2,*,*,*,Male,*,<=50K,24710
4,20,*,*,10,*,*,*,Male,*,>50K,24711
4,18,*,*,9,*,*,*,Male,*,<=50K,24712
4,20,*,*,10,*,*,*,Male,*,>50K,24713
4,13,*,*,7,*,*,*,Female,*,<=50K,24716
4,19,*,*,10,*,*,*,Female,*,<=50K,24717
4,18,*,*,9,*,*,*,Male,*,<=50K,24718
4,21,*,*,11,*,*,*,Female,*,>50K,24719
4,24,*,*,12,*,*,*,Male,*,<=50K,24720
4,18,*,*,9,*,*,*,Male,*,<=50K,24721
4,14,*,*,7,*,*,*,Male,*,<=50K,24722
4,18,*,*,9,*,*,*,Male,*,<=50K,24723
4,28,*,*,14,*,*,*,Male,*,>50K,24724
4,8,*,*,4,*,*,*,Male,*,<=50K,24725
4,18,*,*,9,*,*,*,Male,*,<=50K,24726
4,19,*,*,10,*,*,*,Female,*,<=50K,24727
4,20,*,*,10,*,*,*,Male,*,<=50K,24728
4,20,*,*,10,*,*,*,Male,*,>50K,24729
4,15,*,*,8,*,*,*,Female,*,<=50K,24731
4,26,*,*,13,*,*,*,Male,*,<=50K,24732
4,13,*,*,7,*,*,*,Female,*,<=50K,24733
4,26,*,*,13,*,*,*,Male,*,<=50K,24734
4,20,*,*,10,*,*,*,Male,*,<=50K,24735
4,27,*,*,14,*,*,*,Female,*,<=50K,24736
4,25,*,*,13,*,*,*,Female,*,>50K,24737
4,18,*,*,9,*,*,*,Male,*,<=50K,24738
4,12,*,*,6,*,*,*,Male,*,<=50K,24739
4,19,*,*,10,*,*,*,Female,*,<=50K,24740
4,18,*,*,9,*,*,*,Male,*,<=50K,24741
4,26,*,*,13,*,*,*,Male,*,>50K,24742
4,20,*,*,10,*,*,*,Male,*,<=50K,24743
4,18,*,*,9,*,*,*,Male,*,<=50K,24744
4,22,*,*,11,*,*,*,Male,*,<=50K,24745
4,26,*,*,13,*,*,*,Male,*,>50K,24747
4,15,*,*,8,*,*,*,Female,*,<=50K,24748
4,17,*,*,9,*,*,*,Female,*,<=50K,24749
4,19,*,*,10,*,*,*,Female,*,<=50K,24750
4,13,*,*,7,*,*,*,Female,*,<=50K,24751
4,26,*,*,13,*,*,*,Male,*,>50K,24752
4,20,*,*,10,*,*,*,Male,*,<=50K,24753
4,17,*,*,9,*,*,*,Female,*,<=50K,24754
4,17,*,*,9,*,*,*,Female,*,<=50K,24755
4,19,*,*,10,*,*,*,Female,*,<=50K,24756
4,28,*,*,14,*,*,*,Male,*,<=50K,24757
4,22,*,*,11,*,*,*,Male,*,<=50K,24758
4,26,*,*,13,*,*,*,Male,*,<=50K,24759
4,26,*,*,13,*,*,*,Male,*,>50K,24760
4,18,*,*,9,*,*,*,Male,*,<=50K,24761
4,14,*,*,7,*,*,*,Male,*,<=50K,24762
4,17,*,*,9,*,*,*,Female,*,<=50K,24763
4,22,*,*,11,*,*,*,Male,*,<=50K,24764
4,18,*,*,9,*,*,*,Male,*,<=50K,24765
4,26,*,*,13,*,*,*,Male,*,<=50K,24766
4,26,*,*,13,*,*,*,Male,*,>50K,24767
4,25,*,*,13,*,*,*,Female,*,<=50K,24769
4,18,*,*,9,*,*,*,Male,*,<=50K,24770
4,18,*,*,9,*,*,*,Male,*,<=50K,24771
4,20,*,*,10,*,*,*,Male,*,<=50K,24772
4,28,*,*,14,*,*,*,Male,*,>50K,24773
4,7,*,*,4,*,*,*,Female,*,<=50K,24774
4,10,*,*,5,*,*,*,Male,*,<=50K,24775
4,26,*,*,13,*,*,*,Male,*,>50K,24776
4,20,*,*,10,*,*,*,Male,*,<=50K,24779
4,19,*,*,10,*,*,*,Female,*,>50K,24780
4,22,*,*,11,*,*,*,Male,*,>50K,24781
4,25,*,*,13,*,*,*,Female,*,<=50K,24782
4,6,*,*,3,*,*,*,Male,*,<=50K,24783
4,18,*,*,9,*,*,*,Male,*,<=50K,24785
4,20,*,*,10,*,*,*,Male,*,<=50K,24787
4,17,*,*,9,*,*,*,Female,*,<=50K,24788
4,18,*,*,9,*,*,*,Male,*,<=50K,24789
4,27,*,*,14,*,*,*,Female,*,<=50K,24790
4,17,*,*,9,*,*,*,Female,*,<=50K,24791
4,25,*,*,13,*,*,*,Female,*,<=50K,24793
4,17,*,*,9,*,*,*,Female,*,<=50K,24795
4,8,*,*,4,*,*,*,Male,*,<=50K,24796
4,18,*,*,9,*,*,*,Male,*,<=50K,24799
4,26,*,*,13,*,*,*,Male,*,<=50K,24800
4,20,*,*,10,*,*,*,Male,*,>50K,24801
4,19,*,*,10,*,*,*,Female,*,<=50K,24803
4,26,*,*,13,*,*,*,Male,*,>50K,24804
4,18,*,*,9,*,*,*,Male,*,<=50K,24805
4,17,*,*,9,*,*,*,Female,*,<=50K,24806
4,18,*,*,9,*,*,*,Male,*,>50K,24807
4,20,*,*,10,*,*,*,Male,*,>50K,24808
4,16,*,*,8,*,*,*,Male,*,<=50K,24809
4,20,*,*,10,*,*,*,Male,*,<=50K,24810
4,18,*,*,9,*,*,*,Male,*,>50K,24811
4,28,*,*,14,*,*,*,Male,*,>50K,24812
4,18,*,*,9,*,*,*,Male,*,<=50K,24813
4,20,*,*,10,*,*,*,Male,*,<=50K,24814
4,13,*,*,7,*,*,*,Female,*,<=50K,24815
4,25,*,*,13,*,*,*,Female,*,<=50K,24817
4,19,*,*,10,*,*,*,Female,*,<=50K,24819
4,20,*,*,10,*,*,*,Male,*,<=50K,24820
4,30,*,*,15,*,*,*,Male,*,>50K,24821
4,18,*,*,9,*,*,*,Male,*,<=50K,24822
4,18,*,*,9,*,*,*,Male,*,>50K,24823
4,19,*,*,10,*,*,*,Female,*,<=50K,24824
4,26,*,*,13,*,*,*,Male,*,>50K,24825
4,26,*,*,13,*,*,*,Male,*,<=50K,24826
4,20,*,*,10,*,*,*,Male,*,>50K,24829
4,26,*,*,13,*,*,*,Male,*,>50K,24830
4,25,*,*,13,*,*,*,Female,*,<=50K,24831
4,17,*,*,9,*,*,*,Female,*,<=50K,24832
4,22,*,*,11,*,*,*,Male,*,<=50K,24833
4,20,*,*,10,*,*,*,Male,*,<=50K,24835
4,20,*,*,10,*,*,*,Male,*,<=50K,24836
4,20,*,*,10,*,*,*,Male,*,<=50K,24837
4,28,*,*,14,*,*,*,Male,*,>50K,24838
4,25,*,*,13,*,*,*,Female,*,<=50K,24839
4,19,*,*,10,*,*,*,Female,*,<=50K,24840
4,18,*,*,9,*,*,*,Male,*,<=50K,24841
4,15,*,*,8,*,*,*,Female,*,<=50K,24843
4,19,*,*,10,*,*,*,Female,*,<=50K,24844
4,29,*,*,15,*,*,*,Female,*,<=50K,24845
4,20,*,*,10,*,*,*,Male,*,<=50K,24846
4,14,*,*,7,*,*,*,Male,*,>50K,24847
4,25,*,*,13,*,*,*,Female,*,<=50K,24848
4,18,*,*,9,*,*,*,Male,*,<=50K,24849
4,2,*,*,1,*,*,*,Male,*,<=50K,24850
4,27,*,*,14,*,*,*,Female,*,<=50K,24852
4,20,*,*,10,*,*,*,Male,*,<=50K,24853
4,17,*,*,9,*,*,*,Female,*,>50K,24854
4,19,*,*,10,*,*,*,Female,*,>50K,24855
4,9,*,*,5,*,*,*,Female,*,<=50K,24856
4,19,*,*,10,*,*,*,Female,*,<=50K,24857
4,24,*,*,12,*,*,*,Male,*,<=50K,24858
4,18,*,*,9,*,*,*,Male,*,<=50K,24860
4,18,*,*,9,*,*,*,Male,*,<=50K,24861
4,17,*,*,9,*,*,*,Female,*,<=50K,24863
4,31,*,*,16,*,*,*,Female,*,<=50K,24864
4,17,*,*,9,*,*,*,Female,*,<=50K,24866
4,26,*,*,13,*,*,*,Male,*,<=50K,24867
4,20,*,*,10,*,*,*,Male,*,>50K,24869
4,21,*,*,11,*,*,*,Female,*,<=50K,24870
4,18,*,*,9,*,*,*,Male,*,<=50K,24871
4,28,*,*,14,*,*,*,Male,*,>50K,24872
4,26,*,*,13,*,*,*,Male,*,>50K,24873
4,17,*,*,9,*,*,*,Female,*,<=50K,24874
4,14,*,*,7,*,*,*,Male,*,<=50K,24875
4,20,*,*,10,*,*,*,Male,*,<=50K,24876
4,17,*,*,9,*,*,*,Female,*,<=50K,24877
4,25,*,*,13,*,*,*,Female,*,>50K,24878
4,31,*,*,16,*,*,*,Female,*,>50K,24879
4,18,*,*,9,*,*,*,Male,*,<=50K,24880
4,23,*,*,12,*,*,*,Female,*,<=50K,24881
4,28,*,*,14,*,*,*,Male,*,<=50K,24882
4,18,*,*,9,*,*,*,Male,*,<=50K,24883
4,18,*,*,9,*,*,*,Male,*,<=50K,24884
4,18,*,*,9,*,*,*,Male,*,>50K,24886
4,14,*,*,7,*,*,*,Male,*,<=50K,24887
4,18,*,*,9,*,*,*,Male,*,<=50K,24888
4,20,*,*,10,*,*,*,Male,*,<=50K,24890
4,26,*,*,13,*,*,*,Male,*,<=50K,24891
4,22,*,*,11,*,*,*,Male,*,<=50K,24892
4,19,*,*,10,*,*,*,Female,*,>50K,24893
4,23,*,*,12,*,*,*,Female,*,<=50K,24894
4,18,*,*,9,*,*,*,Male,*,>50K,24895
4,20,*,*,10,*,*,*,Male,*,<=50K,24897
4,18,*,*,9,*,*,*,Male,*,<=50K,24898
4,17,*,*,9,*,*,*,Female,*,>50K,24899
4,20,*,*,10,*,*,*,Male,*,<=50K,24900
4,18,*,*,9,*,*,*,Male,*,<=50K,24901
4,17,*,*,9,*,*,*,Female,*,<=50K,24902
4,18,*,*,9,*,*,*,Male,*,<=50K,24903
4,20,*,*,10,*,*,*,Male,*,<=50K,24904
4,26,*,*,13,*,*,*,Male,*,>50K,24905
4,20,*,*,10,*,*,*,Male,*,>50K,24906
4,22,*,*,11,*,*,*,Male,*,<=50K,24907
4,17,*,*,9,*,*,*,Female,*,<=50K,24908
4,14,*,*,7,*,*,*,Male,*,<=50K,24910
4,18,*,*,9,*,*,*,Male,*,>50K,24911
4,28,*,*,14,*,*,*,Male,*,>50K,24912
4,18,*,*,9,*,*,*,Male,*,<=50K,24913
4,23,*,*,12,*,*,*,Female,*,<=50K,24914
4,19,*,*,10,*,*,*,Female,*,<=50K,24915
4,14,*,*,7,*,*,*,Male,*,<=50K,24916
4,16,*,*,8,*,*,*,Male,*,<=50K,24918
4,18,*,*,9,*,*,*,Male,*,<=50K,24919
4,25,*,*,13,*,*,*,Female,*,>50K,24920
4,20,*,*,10,*,*,*,Male,*,<=50K,24923
4,18,*,*,9,*,*,*,Male,*,<=50K,24924
4,18,*,*,9,*,*,*,Male,*,>50K,24926
4,17,*,*,9,*,*,*,Female,*,<=50K,24927
4,22,*,*,11,*,*,*,Male,*,<=50K,24928
4,17,*,*,9,*,*,*,Female,*,<=50K,24929
4,26,*,*,13,*,*,*,Male,*,<=50K,24930
4,17,*,*,9,*,*,*,Female,*,<=50K,24931
4,18,*,*,9,*,*,*,Male,*,>50K,24933
4,23,*,*,12,*,*,*,Female,*,<=50K,24934
4,21,*,*,11,*,*,*,Female,*,<=50K,24937
4,18,*,*,9,*,*,*,Male,*,<=50K,24938
4,18,*,*,9,*,*,*,Male,*,<=50K,24939
4,23,*,*,12,*,*,*,Female,*,<=50K,24940
4,26,*,*,13,*,*,*,Male,*,>50K,24941
4,18,*,*,9,*,*,*,Male,*,<=50K,24943
4,20,*,*,10,*,*,*,Male,*,>50K,24944
4,18,*,*,9,*,*,*,Male,*,<=50K,24945
4,18,*,*,9,*,*,*,Male,*,<=50K,24946
4,17,*,*,9,*,*,*,Female,*,<=50K,24947
4,18,*,*,9,*,*,*,Male,*,<=50K,24948
4,26,*,*,13,*,*,*,Male,*,<=50K,24949
4,26,*,*,13,*,*,*,Male,*,<=50K,24950
4,18,*,*,9,*,*,*,Male,*,<=50K,24951
4,31,*,*,16,*,*,*,Female,*,>50K,24953
4,16,*,*,8,*,*,*,Male,*,<=50K,24954
4,19,*,*,10,*,*,*,Female,*,<=50K,24955
4,17,*,*,9,*,*,*,Female,*,<=50K,24956
4,26,*,*,13,*,*,*,Male,*,>50K,24958
4,17,*,*,9,*,*,*,Female,*,<=50K,24959
4,28,*,*,14,*,*,*,Male,*,<=50K,24960
4,17,*,*,9,*,*,*,Female,*,<=50K,24961
4,20,*,*,10,*,*,*,Male,*,<=50K,24962
4,18,*,*,9,*,*,*,Male,*,>50K,24965
4,26,*,*,13,*,*,*,Male,*,>50K,24966
4,18,*,*,9,*,*,*,Male,*,<=50K,24967
4,30,*,*,15,*,*,*,Male,*,>50K,24968
4,19,*,*,10,*,*,*,Female,*,<=50K,24969
4,20,*,*,10,*,*,*,Male,*,<=50K,24970
4,18,*,*,9,*,*,*,Male,*,>50K,24971
4,18,*,*,9,*,*,*,Male,*,<=50K,24972
4,18,*,*,9,*,*,*,Male,*,<=50K,24973
4,25,*,*,13,*,*,*,Female,*,>50K,24974
4,26,*,*,13,*,*,*,Male,*,<=50K,24975
4,13,*,*,7,*,*,*,Female,*,<=50K,24977
4,30,*,*,15,*,*,*,Male,*,>50K,24978
4,16,*,*,8,*,*,*,Male,*,<=50K,24979
4,25,*,*,13,*,*,*,Female,*,<=50K,24980
4,18,*,*,9,*,*,*,Male,*,<=50K,24981
4,13,*,*,7,*,*,*,Female,*,<=50K,24982
4,5,*,*,3,*,*,*,Female,*,<=50K,24983
4,26,*,*,13,*,*,*,Male,*,>50K,24984
4,18,*,*,9,*,*,*,Male,*,<=50K,24985
4,26,*,*,13,*,*,*,Male,*,>50K,24986
4,13,*,*,7,*,*,*,Female,*,<=50K,24987
4,26,*,*,13,*,*,*,Male,*,>50K,24988
4,18,*,*,9,*,*,*,Male,*,<=50K,24989
4,18,*,*,9,*,*,*,Male,*,<=50K,24990
4,26,*,*,13,*,*,*,Male,*,<=50K,24991
4,26,*,*,13,*,*,*,Male,*,>50K,24992
4,18,*,*,9,*,*,*,Male,*,<=50K,24993
4,8,*,*,4,*,*,*,Male,*,<=50K,24994
4,30,*,*,15,*,*,*,Male,*,<=50K,24995
4,22,*,*,11,*,*,*,Male,*,<=50K,24996
4,18,*,*,9,*,*,*,Male,*,<=50K,24997
4,18,*,*,9,*,*,*,Male,*,<=50K,24998
4,27,*,*,14,*,*,*,Female,*,<=50K,25000
4,20,*,*,10,*,*,*,Male,*,<=50K,25004
4,20,*,*,10,*,*,*,Male,*,>50K,25005
4,18,*,*,9,*,*,*,Male,*,>50K,25006
4,20,*,*,10,*,*,*,Male,*,>50K,25007
4,18,*,*,9,*,*,*,Male,*,>50K,25008
4,11,*,*,6,*,*,*,Female,*,<=50K,25010
4,24,*,*,12,*,*,*,Male,*,>50K,25011
4,26,*,*,13,*,*,*,Male,*,>50K,25012
4,28,*,*,14,*,*,*,Male,*,>50K,25013
4,26,*,*,13,*,*,*,Male,*,<=50K,25014
4,25,*,*,13,*,*,*,Female,*,<=50K,25015
4,18,*,*,9,*,*,*,Male,*,<=50K,25016
4,26,*,*,13,*,*,*,Male,*,<=50K,25017
4,27,*,*,14,*,*,*,Female,*,<=50K,25018
4,25,*,*,13,*,*,*,Female,*,<=50K,25019
4,18,*,*,9,*,*,*,Male,*,<=50K,25021
4,26,*,*,13,*,*,*,Male,*,<=50K,25022
4,18,*,*,9,*,*,*,Male,*,<=50K,25026
4,18,*,*,9,*,*,*,Male,*,<=50K,25027
4,14,*,*,7,*,*,*,Male,*,<=50K,25028
4,18,*,*,9,*,*,*,Male,*,<=50K,25029
4,32,*,*,16,*,*,*,Male,*,>50K,25030
4,20,*,*,10,*,*,*,Male,*,<=50K,25031
4,19,*,*,10,*,*,*,Female,*,<=50K,25032
4,10,*,*,5,*,*,*,Male,*,<=50K,25033
4,32,*,*,16,*,*,*,Male,*,>50K,25034
4,18,*,*,9,*,*,*,Male,*,<=50K,25035
4,18,*,*,9,*,*,*,Male,*,<=50K,25036
4,20,*,*,10,*,*,*,Male,*,<=50K,25037
4,26,*,*,13,*,*,*,Male,*,<=50K,25038
4,20,*,*,10,*,*,*,Male,*,<=50K,25039
4,26,*,*,13,*,*,*,Male,*,>50K,25040
4,19,*,*,10,*,*,*,Female,*,<=50K,25041
4,20,*,*,10,*,*,*,Male,*,<=50K,25042
4,17,*,*,9,*,*,*,Female,*,<=50K,25043
4,20,*,*,10,*,*,*,Male,*,<=50K,25044
4,18,*,*,9,*,*,*,Male,*,>50K,25045
4,30,*,*,15,*,*,*,Male,*,>50K,25047
4,22,*,*,11,*,*,*,Male,*,>50K,25049
4,28,*,*,14,*,*,*,Male,*,>50K,25050
4,18,*,*,9,*,*,*,Male,*,<=50K,25052
4,20,*,*,10,*,*,*,Male,*,<=50K,25053
4,17,*,*,9,*,*,*,Female,*,<=50K,25055
4,12,*,*,6,*,*,*,Male,*,<=50K,25056
4,17,*,*,9,*,*,*,Female,*,<=50K,25057
4,14,*,*,7,*,*,*,Male,*,<=50K,25058
4,28,*,*,14,*,*,*,Male,*,>50K,25059
4,10,*,*,5,*,*,*,Male,*,<=50K,25062
4,18,*,*,9,*,*,*,Male,*,<=50K,25063
4,20,*,*,10,*,*,*,Male,*,<=50K,25064
4,18,*,*,9,*,*,*,Male,*,>50K,25065
4,19,*,*,10,*,*,*,Female,*,<=50K,25066
4,18,*,*,9,*,*,*,Male,*,<=50K,25067
4,18,*,*,9,*,*,*,Male,*,<=50K,25068
4,19,*,*,10,*,*,*,Female,*,<=50K,25069
4,26,*,*,13,*,*,*,Male,*,>50K,25070
4,18,*,*,9,*,*,*,Male,*,<=50K,25071
4,16,*,*,8,*,*,*,Male,*,<=50K,25072
4,26,*,*,13,*,*,*,Male,*,>50K,25073
4,12,*,*,6,*,*,*,Male,*,<=50K,25074
4,18,*,*,9,*,*,*,Male,*,<=50K,25076
4,26,*,*,13,*,*,*,Male,*,>50K,25077
4,26,*,*,13,*,*,*,Male,*,>50K,25078
4,32,*,*,16,*,*,*,Male,*,<=50K,25079
4,26,*,*,13,*,*,*,Male,*,>50K,25080
4,18,*,*,9,*,*,*,Male,*,<=50K,25081
4,18,*,*,9,*,*,*,Male,*,<=50K,25082
4,26,*,*,13,*,*,*,Male,*,<=50K,25083
4,20,*,*,10,*,*,*,Male,*,<=50K,25084
4,17,*,*,9,*,*,*,Female,*,<=50K,25085
4,28,*,*,14,*,*,*,Male,*,<=50K,25086
4,27,*,*,14,*,*,*,Female,*,<=50K,25087
4,20,*,*,10,*,*,*,Male,*,>50K,25088
4,18,*,*,9,*,*,*,Male,*,<=50K,25089
4,28,*,*,14,*,*,*,Male,*,<=50K,25090
4,26,*,*,13,*,*,*,Male,*,>50K,25092
4,19,*,*,10,*,*,*,Female,*,<=50K,25093
4,25,*,*,13,*,*,*,Female,*,<=50K,25094
4,18,*,*,9,*,*,*,Male,*,<=50K,25095
4,19,*,*,10,*,*,*,Female,*,<=50K,25096
4,8,*,*,4,*,*,*,Male,*,<=50K,25097
4,18,*,*,9,*,*,*,Male,*,>50K,25098
4,28,*,*,14,*,*,*,Male,*,<=50K,25099
4,25,*,*,13,*,*,*,Female,*,<=50K,25100
4,19,*,*,10,*,*,*,Female,*,<=50K,25102
4,25,*,*,13,*,*,*,Female,*,>50K,25103
4,18,*,*,9,*,*,*,Male,*,<=50K,25104
4,18,*,*,9,*,*,*,Male,*,<=50K,25106
4,8,*,*,4,*,*,*,Male,*,<=50K,25107
4,22,*,*,11,*,*,*,Male,*,<=50K,25108
4,26,*,*,13,*,*,*,Male,*,>50K,25109
4,25,*,*,13,*,*,*,Female,*,>50K,25110
4,26,*,*,13,*,*,*,Male,*,>50K,25112
4,23,*,*,12,*,*,*,Female,*,<=50K,25114
4,30,*,*,15,*,*,*,Male,*,>50K,25116
4,17,*,*,9,*,*,*,Female,*,<=50K,25118
4,20,*,*,10,*,*,*,Male,*,<=50K,25120
4,18,*,*,9,*,*,*,Male,*,>50K,25121
4,17,*,*,9,*,*,*,Female,*,<=50K,25122
4,13,*,*,7,*,*,*,Female,*,<=50K,25123
4,22,*,*,11,*,*,*,Male,*,<=50K,25124
4,25,*,*,13,*,*,*,Female,*,<=50K,25125
4,5,*,*,3,*,*,*,Female,*,<=50K,25126
4,20,*,*,10,*,*,*,Male,*,>50K,25127
4,10,*,*,5,*,*,*,Male,*,<=50K,25128
4,20,*,*,10,*,*,*,Male,*,<=50K,25129
4,18,*,*,9,*,*,*,Male,*,<=50K,25130
4,8,*,*,4,*,*,*,Male,*,>50K,25131
4,26,*,*,13,*,*,*,Male,*,<=50K,25132
4,6,*,*,3,*,*,*,Male,*,<=50K,25134
4,18,*,*,9,*,*,*,Male,*,<=50K,25135
4,26,*,*,13,*,*,*,Male,*,>50K,25136
4,17,*,*,9,*,*,*,Female,*,>50K,25138
4,25,*,*,13,*,*,*,Female,*,<=50K,25139
4,20,*,*,10,*,*,*,Male,*,<=50K,25140
4,19,*,*,10,*,*,*,Female,*,<=50K,25141
4,20,*,*,10,*,*,*,Male,*,>50K,25142
4,20,*,*,10,*,*,*,Male,*,<=50K,25143
4,18,*,*,9,*,*,*,Male,*,<=50K,25144
4,17,*,*,9,*,*,*,Female,*,<=50K,25146
4,18,*,*,9,*,*,*,Male,*,<=50K,25147
4,20,*,*,10,*,*,*,Male,*,>50K,25148
4,25,*,*,13,*,*,*,Female,*,<=50K,25149
4,16,*,*,8,*,*,*,Male,*,<=50K,25150
4,32,*,*,16,*,*,*,Male,*,>50K,25151
4,14,*,*,7,*,*,*,Male,*,<=50K,25152
4,26,*,*,13,*,*,*,Male,*,>50K,25155
4,12,*,*,6,*,*,*,Male,*,<=50K,25156
4,27,*,*,14,*,*,*,Female,*,<=50K,25157
4,17,*,*,9,*,*,*,Female,*,<=50K,25158
4,14,*,*,7,*,*,*,Male,*,<=50K,25159
4,20,*,*,10,*,*,*,Male,*,<=50K,25160
4,28,*,*,14,*,*,*,Male,*,<=50K,25161
4,19,*,*,10,*,*,*,Female,*,<=50K,25164
4,22,*,*,11,*,*,*,Male,*,>50K,25165
4,29,*,*,15,*,*,*,Female,*,<=50K,25167
4,20,*,*,10,*,*,*,Male,*,<=50K,25168
4,12,*,*,6,*,*,*,Male,*,<=50K,25169
4,18,*,*,9,*,*,*,Male,*,>50K,25171
4,18,*,*,9,*,*,*,Male,*,<=50K,25172
4,18,*,*,9,*,*,*,Male,*,<=50K,25173
4,18,*,*,9,*,*,*,Male,*,<=50K,25174
4,18,*,*,9,*,*,*,Male,*,<=50K,25176
4,18,*,*,9,*,*,*,Male,*,<=50K,25177
4,28,*,*,14,*,*,*,Male,*,<=50K,25178
4,20,*,*,10,*,*,*,Male,*,>50K,25179
4,20,*,*,10,*,*,*,Male,*,>50K,25180
4,18,*,*,9,*,*,*,Male,*,<=50K,25181
4,26,*,*,13,*,*,*,Male,*,>50K,25182
4,18,*,*,9,*,*,*,Male,*,<=50K,25183
4,17,*,*,9,*,*,*,Female,*,<=50K,25184
4,17,*,*,9,*,*,*,Female,*,<=50K,25185
4,26,*,*,13,*,*,*,Male,*,<=50K,25186
4,26,*,*,13,*,*,*,Male,*,>50K,25191
4,25,*,*,13,*,*,*,Female,*,<=50K,25193
4,19,*,*,10,*,*,*,Female,*,<=50K,25194
4,19,*,*,10,*,*,*,Female,*,<=50K,25195
4,12,*,*,6,*,*,*,Male,*,<=50K,25196
4,18,*,*,9,*,*,*,Male,*,<=50K,25197
4,26,*,*,13,*,*,*,Male,*,<=50K,25198
4,18,*,*,9,*,*,*,Male,*,<=50K,25199
4,19,*,*,10,*,*,*,Female,*,<=50K,25200
4,22,*,*,11,*,*,*,Male,*,>50K,25201
4,20,*,*,10,*,*,*,Male,*,<=50K,25203
4,18,*,*,9,*,*,*,Male,*,>50K,25204
4,13,*,*,7,*,*,*,Female,*,>50K,25205
4,24,*,*,12,*,*,*,Male,*,>50K,25206
4,18,*,*,9,*,*,*,Male,*,<=50K,25207
4,18,*,*,9,*,*,*,Male,*,<=50K,25208
4,22,*,*,11,*,*,*,Male,*,<=50K,25209
4,20,*,*,10,*,*,*,Male,*,<=50K,25210
4,24,*,*,12,*,*,*,Male,*,<=50K,25211
4,18,*,*,9,*,*,*,Male,*,<=50K,25212
4,18,*,*,9,*,*,*,Male,*,<=50K,25213
4,22,*,*,11,*,*,*,Male,*,>50K,25214
4,25,*,*,13,*,*,*,Female,*,<=50K,25216
4,18,*,*,9,*,*,*,Male,*,<=50K,25218
4,19,*,*,10,*,*,*,Female,*,<=50K,25222
4,27,*,*,14,*,*,*,Female,*,<=50K,25223
4,17,*,*,9,*,*,*,Female,*,<=50K,25224
4,19,*,*,10,*,*,*,Female,*,<=50K,25226
4,17,*,*,9,*,*,*,Female,*,<=50K,25227
4,8,*,*,4,*,*,*,Male,*,<=50K,25229
4,20,*,*,10,*,*,*,Male,*,>50K,25230
4,20,*,*,10,*,*,*,Male,*,<=50K,25231
4,18,*,*,9,*,*,*,Male,*,<=50K,25232
4,18,*,*,9,*,*,*,Male,*,<=50K,25233
4,17,*,*,9,*,*,*,Female,*,<=50K,25234
4,22,*,*,11,*,*,*,Male,*,<=50K,25235
4,6,*,*,3,*,*,*,Male,*,<=50K,25236
4,17,*,*,9,*,*,*,Female,*,<=50K,25237
4,26,*,*,13,*,*,*,Male,*,<=50K,25238
4,26,*,*,13,*,*,*,Male,*,<=50K,25239
4,18,*,*,9,*,*,*,Male,*,<=50K,25240
4,20,*,*,10,*,*,*,Male,*,<=50K,25241
4,26,*,*,13,*,*,*,Male,*,<=50K,25242
4,18,*,*,9,*,*,*,Male,*,>50K,25243
4,26,*,*,13,*,*,*,Male,*,>50K,25244
4,21,*,*,11,*,*,*,Female,*,<=50K,25246
4,18,*,*,9,*,*,*,Male,*,<=50K,25247
4,18,*,*,9,*,*,*,Male,*,<=50K,25248
4,16,*,*,8,*,*,*,Male,*,<=50K,25249
4,26,*,*,13,*,*,*,Male,*,>50K,25250
4,32,*,*,16,*,*,*,Male,*,>50K,25251
4,20,*,*,10,*,*,*,Male,*,>50K,25253
4,3,*,*,2,*,*,*,Female,*,<=50K,25254
4,31,*,*,16,*,*,*,Female,*,<=50K,25255
4,18,*,*,9,*,*,*,Male,*,<=50K,25256
4,10,*,*,5,*,*,*,Male,*,<=50K,25257
4,19,*,*,10,*,*,*,Female,*,<=50K,25259
4,25,*,*,13,*,*,*,Female,*,<=50K,25260
4,25,*,*,13,*,*,*,Female,*,<=50K,25261
4,30,*,*,15,*,*,*,Male,*,>50K,25262
4,18,*,*,9,*,*,*,Male,*,<=50K,25263
4,19,*,*,10,*,*,*,Female,*,<=50K,25264
4,17,*,*,9,*,*,*,Female,*,<=50K,25265
4,16,*,*,8,*,*,*,Male,*,<=50K,25266
4,25,*,*,13,*,*,*,Female,*,<=50K,25267
4,20,*,*,10,*,*,*,Male,*,<=50K,25268
4,26,*,*,13,*,*,*,Male,*,<=50K,25269
4,8,*,*,4,*,*,*,Male,*,<=50K,25270
4,17,*,*,9,*,*,*,Female,*,<=50K,25271
4,18,*,*,9,*,*,*,Male,*,<=50K,25272
4,20,*,*,10,*,*,*,Male,*,<=50K,25273
4,28,*,*,14,*,*,*,Male,*,<=50K,25274
4,19,*,*,10,*,*,*,Female,*,>50K,25275
4,12,*,*,6,*,*,*,Male,*,<=50K,25276
4,22,*,*,11,*,*,*,Male,*,<=50K,25277
4,16,*,*,8,*,*,*,Male,*,<=50K,25278
4,32,*,*,16,*,*,*,Male,*,>50K,25279
4,22,*,*,11,*,*,*,Male,*,<=50K,25280
4,20,*,*,10,*,*,*,Male,*,>50K,25281
4,22,*,*,11,*,*,*,Male,*,>50K,25282
4,30,*,*,15,*,*,*,Male,*,>50K,25284
4,18,*,*,9,*,*,*,Male,*,<=50K,25285
4,24,*,*,12,*,*,*,Male,*,<=50K,25286
4,20,*,*,10,*,*,*,Male,*,<=50K,25287
4,17,*,*,9,*,*,*,Female,*,<=50K,25288
4,17,*,*,9,*,*,*,Female,*,<=50K,25289
4,26,*,*,13,*,*,*,Male,*,>50K,25290
4,18,*,*,9,*,*,*,Male,*,>50K,25291
4,20,*,*,10,*,*,*,Male,*,<=50K,25293
4,18,*,*,9,*,*,*,Male,*,<=50K,25294
4,17,*,*,9,*,*,*,Female,*,<=50K,25295
4,19,*,*,10,*,*,*,Female,*,<=50K,25296
4,19,*,*,10,*,*,*,Female,*,<=50K,25299
4,25,*,*,13,*,*,*,Female,*,>50K,25301
4,19,*,*,10,*,*,*,Female,*,>50K,25302
4,25,*,*,13,*,*,*,Female,*,>50K,25303
4,28,*,*,14,*,*,*,Male,*,<=50K,25304
4,18,*,*,9,*,*,*,Male,*,>50K,25305
4,14,*,*,7,*,*,*,Male,*,<=50K,25306
4,17,*,*,9,*,*,*,Female,*,<=50K,25308
4,25,*,*,13,*,*,*,Female,*,<=50K,25309
4,2,*,*,1,*,*,*,Male,*,<=50K,25310
4,18,*,*,9,*,*,*,Male,*,<=50K,25311
4,18,*,*,9,*,*,*,Male,*,<=50K,25312
4,8,*,*,4,*,*,*,Male,*,<=50K,25313
4,17,*,*,9,*,*,*,Female,*,<=50K,25314
4,17,*,*,9,*,*,*,Female,*,<=50K,25316
4,23,*,*,12,*,*,*,Female,*,<=50K,25317
4,20,*,*,10,*,*,*,Male,*,<=50K,25319
4,17,*,*,9,*,*,*,Female,*,<=50K,25321
4,19,*,*,10,*,*,*,Female,*,<=50K,25322
4,26,*,*,13,*,*,*,Male,*,<=50K,25323
4,20,*,*,10,*,*,*,Male,*,<=50K,25324
4,24,*,*,12,*,*,*,Male,*,<=50K,25325
4,24,*,*,12,*,*,*,Male,*,>50K,25327
4,13,*,*,7,*,*,*,Female,*,<=50K,25328
4,22,*,*,11,*,*,*,Male,*,<=50K,25330
4,8,*,*,4,*,*,*,Male,*,<=50K,25331
4,20,*,*,10,*,*,*,Male,*,<=50K,25334
4,17,*,*,9,*,*,*,Female,*,<=50K,25335
4,18,*,*,9,*,*,*,Male,*,<=50K,25336
4,19,*,*,10,*,*,*,Female,*,>50K,25337
4,28,*,*,14,*,*,*,Male,*,<=50K,25338
4,17,*,*,9,*,*,*,Female,*,<=50K,25339
4,19,*,*,10,*,*,*,Female,*,<=50K,25340
4,17,*,*,9,*,*,*,Female,*,<=50K,25341
4,10,*,*,5,*,*,*,Male,*,<=50K,25342
4,19,*,*,10,*,*,*,Female,*,<=50K,25343
4,18,*,*,9,*,*,*,Male,*,<=50K,25345
4,26,*,*,13,*,*,*,Male,*,<=50K,25346
4,25,*,*,13,*,*,*,Female,*,<=50K,25347
4,17,*,*,9,*,*,*,Female,*,<=50K,25351
4,25,*,*,13,*,*,*,Female,*,<=50K,25353
4,20,*,*,10,*,*,*,Male,*,<=50K,25354
4,20,*,*,10,*,*,*,Male,*,>50K,25355
4,17,*,*,9,*,*,*,Female,*,<=50K,25356
4,18,*,*,9,*,*,*,Male,*,<=50K,25357
4,28,*,*,14,*,*,*,Male,*,>50K,25358
4,18,*,*,9,*,*,*,Male,*,>50K,25359
4,20,*,*,10,*,*,*,Male,*,>50K,25360
4,17,*,*,9,*,*,*,Female,*,<=50K,25361
4,18,*,*,9,*,*,*,Male,*,<=50K,25362
4,21,*,*,11,*,*,*,Female,*,<=50K,25363
4,18,*,*,9,*,*,*,Male,*,<=50K,25364
4,18,*,*,9,*,*,*,Male,*,<=50K,25365
4,19,*,*,10,*,*,*,Female,*,<=50K,25367
4,32,*,*,16,*,*,*,Male,*,>50K,25368
4,18,*,*,9,*,*,*,Male,*,<=50K,25369
4,17,*,*,9,*,*,*,Female,*,<=50K,25370
4,19,*,*,10,*,*,*,Female,*,<=50K,25371
4,18,*,*,9,*,*,*,Male,*,>50K,25373
4,20,*,*,10,*,*,*,Male,*,<=50K,25374
4,17,*,*,9,*,*,*,Female,*,<=50K,25375
4,21,*,*,11,*,*,*,Female,*,<=50K,25376
4,31,*,*,16,*,*,*,Female,*,>50K,25378
4,18,*,*,9,*,*,*,Male,*,<=50K,25379
4,17,*,*,9,*,*,*,Female,*,<=50K,25380
4,26,*,*,13,*,*,*,Male,*,>50K,25381
4,19,*,*,10,*,*,*,Female,*,<=50K,25382
4,13,*,*,7,*,*,*,Female,*,<=50K,25383
4,19,*,*,10,*,*,*,Female,*,<=50K,25384
4,18,*,*,9,*,*,*,Male,*,<=50K,25385
4,13,*,*,7,*,*,*,Female,*,<=50K,25386
4,26,*,*,13,*,*,*,Male,*,>50K,25387
4,18,*,*,9,*,*,*,Male,*,<=50K,25389
4,24,*,*,12,*,*,*,Male,*,>50K,25390
4,20,*,*,10,*,*,*,Male,*,<=50K,25391
4,18,*,*,9,*,*,*,Male,*,>50K,25392
4,17,*,*,9,*,*,*,Female,*,<=50K,25393
4,19,*,*,10,*,*,*,Female,*,<=50K,25394
4,24,*,*,12,*,*,*,Male,*,<=50K,25395
4,18,*,*,9,*,*,*,Male,*,<=50K,25396
4,2,*,*,1,*,*,*,Male,*,<=50K,25397
4,25,*,*,13,*,*,*,Female,*,<=50K,25398
4,17,*,*,9,*,*,*,Female,*,<=50K,25399
4,17,*,*,9,*,*,*,Female,*,<=50K,25400
4,27,*,*,14,*,*,*,Female,*,<=50K,25402
4,25,*,*,13,*,*,*,Female,*,<=50K,25404
4,20,*,*,10,*,*,*,Male,*,>50K,25405
4,18,*,*,9,*,*,*,Male,*,<=50K,25406
4,18,*,*,9,*,*,*,Male,*,<=50K,25407
4,30,*,*,15,*,*,*,Male,*,<=50K,25408
4,7,*,*,4,*,*,*,Female,*,<=50K,25409
4,21,*,*,11,*,*,*,Female,*,>50K,25410
4,10,*,*,5,*,*,*,Male,*,<=50K,25411
4,17,*,*,9,*,*,*,Female,*,<=50K,25412
4,19,*,*,10,*,*,*,Female,*,>50K,25413
4,18,*,*,9,*,*,*,Male,*,<=50K,25414
4,22,*,*,11,*,*,*,Male,*,<=50K,25415
4,26,*,*,13,*,*,*,Male,*,<=50K,25416
4,17,*,*,9,*,*,*,Female,*,<=50K,25420
4,20,*,*,10,*,*,*,Male,*,<=50K,25422
4,17,*,*,9,*,*,*,Female,*,>50K,25424
4,26,*,*,13,*,*,*,Male,*,<=50K,25425
4,29,*,*,15,*,*,*,Female,*,<=50K,25427
4,18,*,*,9,*,*,*,Male,*,<=50K,25428
4,26,*,*,13,*,*,*,Male,*,<=50K,25431
4,20,*,*,10,*,*,*,Male,*,>50K,25432
4,30,*,*,15,*,*,*,Male,*,>50K,25433
4,26,*,*,13,*,*,*,Male,*,<=50K,25434
4,17,*,*,9,*,*,*,Female,*,<=50K,25438
4,20,*,*,10,*,*,*,Male,*,<=50K,25440
4,18,*,*,9,*,*,*,Male,*,<=50K,25441
4,8,*,*,4,*,*,*,Male,*,<=50K,25442
4,18,*,*,9,*,*,*,Male,*,<=50K,25443
4,19,*,*,10,*,*,*,Female,*,<=50K,25444
4,19,*,*,10,*,*,*,Female,*,<=50K,25447
4,19,*,*,10,*,*,*,Female,*,<=50K,25449
4,11,*,*,6,*,*,*,Female,*,<=50K,25450
4,18,*,*,9,*,*,*,Male,*,<=50K,25451
4,8,*,*,4,*,*,*,Male,*,<=50K,25452
4,19,*,*,10,*,*,*,Female,*,<=50K,25453
4,14,*,*,7,*,*,*,Male,*,<=50K,25454
4,18,*,*,9,*,*,*,Male,*,<=50K,25455
4,11,*,*,6,*,*,*,Female,*,<=50K,25457
4,20,*,*,10,*,*,*,Male,*,>50K,25458
4,19,*,*,10,*,*,*,Female,*,<=50K,25460
4,17,*,*,9,*,*,*,Female,*,<=50K,25461
4,28,*,*,14,*,*,*,Male,*,>50K,25462
4,26,*,*,13,*,*,*,Male,*,<=50K,25463
4,19,*,*,10,*,*,*,Female,*,<=50K,25464
4,19,*,*,10,*,*,*,Female,*,<=50K,25465
4,24,*,*,12,*,*,*,Male,*,<=50K,25466
4,24,*,*,12,*,*,*,Male,*,<=50K,25469
4,20,*,*,10,*,*,*,Male,*,<=50K,25470
4,18,*,*,9,*,*,*,Male,*,<=50K,25472
4,19,*,*,10,*,*,*,Female,*,<=50K,25474
4,18,*,*,9,*,*,*,Male,*,<=50K,25475
4,18,*,*,9,*,*,*,Male,*,<=50K,25476
4,18,*,*,9,*,*,*,Male,*,<=50K,25477
4,18,*,*,9,*,*,*,Male,*,<=50K,25478
4,21,*,*,11,*,*,*,Female,*,<=50K,25480
4,20,*,*,10,*,*,*,Male,*,>50K,25482
4,17,*,*,9,*,*,*,Female,*,<=50K,25483
4,18,*,*,9,*,*,*,Male,*,<=50K,25485
4,18,*,*,9,*,*,*,Male,*,<=50K,25486
4,26,*,*,13,*,*,*,Male,*,<=50K,25488
4,20,*,*,10,*,*,*,Male,*,>50K,25489
4,14,*,*,7,*,*,*,Male,*,<=50K,25490
4,7,*,*,4,*,*,*,Female,*,<=50K,25491
4,17,*,*,9,*,*,*,Female,*,<=50K,25492
4,18,*,*,9,*,*,*,Male,*,<=50K,25494
4,17,*,*,9,*,*,*,Female,*,<=50K,25496
4,26,*,*,13,*,*,*,Male,*,<=50K,25499
4,20,*,*,10,*,*,*,Male,*,<=50K,25500
4,20,*,*,10,*,*,*,Male,*,<=50K,25502
4,26,*,*,13,*,*,*,Male,*,<=50K,25503
4,12,*,*,6,*,*,*,Male,*,<=50K,25505
4,28,*,*,14,*,*,*,Male,*,<=50K,25506
4,19,*,*,10,*,*,*,Female,*,<=50K,25507
4,17,*,*,9,*,*,*,Female,*,<=50K,25508
4,19,*,*,10,*,*,*,Female,*,<=50K,25509
4,26,*,*,13,*,*,*,Male,*,<=50K,25512
4,5,*,*,3,*,*,*,Female,*,<=50K,25513
4,28,*,*,14,*,*,*,Male,*,<=50K,25514
4,23,*,*,12,*,*,*,Female,*,<=50K,25515
4,19,*,*,10,*,*,*,Female,*,<=50K,25516
4,26,*,*,13,*,*,*,Male,*,>50K,25517
4,27,*,*,14,*,*,*,Female,*,<=50K,25518
4,18,*,*,9,*,*,*,Male,*,<=50K,25520
4,26,*,*,13,*,*,*,Male,*,<=50K,25522
4,14,*,*,7,*,*,*,Male,*,<=50K,25524
4,20,*,*,10,*,*,*,Male,*,<=50K,25525
4,18,*,*,9,*,*,*,Male,*,<=50K,25526
4,17,*,*,9,*,*,*,Female,*,<=50K,25527
4,13,*,*,7,*,*,*,Female,*,<=50K,25528
4,18,*,*,9,*,*,*,Male,*,<=50K,25530
4,28,*,*,14,*,*,*,Male,*,>50K,25531
4,28,*,*,14,*,*,*,Male,*,<=50K,25532
4,17,*,*,9,*,*,*,Female,*,<=50K,25534
4,18,*,*,9,*,*,*,Male,*,>50K,25535
4,20,*,*,10,*,*,*,Male,*,>50K,25536
4,25,*,*,13,*,*,*,Female,*,<=50K,25537
4,12,*,*,6,*,*,*,Male,*,<=50K,25538
4,18,*,*,9,*,*,*,Male,*,<=50K,25539
4,3,*,*,2,*,*,*,Female,*,<=50K,25540
4,17,*,*,9,*,*,*,Female,*,<=50K,25541
4,21,*,*,11,*,*,*,Female,*,<=50K,25542
4,17,*,*,9,*,*,*,Female,*,<=50K,25543
4,20,*,*,10,*,*,*,Male,*,>50K,25544
4,17,*,*,9,*,*,*,Female,*,<=50K,25545
4,25,*,*,13,*,*,*,Female,*,<=50K,25547
4,17,*,*,9,*,*,*,Female,*,<=50K,25548
4,14,*,*,7,*,*,*,Male,*,<=50K,25549
4,18,*,*,9,*,*,*,Male,*,<=50K,25550
4,18,*,*,9,*,*,*,Male,*,<=50K,25551
4,17,*,*,9,*,*,*,Female,*,<=50K,25552
4,14,*,*,7,*,*,*,Male,*,<=50K,25553
4,6,*,*,3,*,*,*,Male,*,<=50K,25554
4,12,*,*,6,*,*,*,Male,*,<=50K,25555
4,19,*,*,10,*,*,*,Female,*,>50K,25556
4,26,*,*,13,*,*,*,Male,*,>50K,25557
4,18,*,*,9,*,*,*,Male,*,<=50K,25558
4,19,*,*,10,*,*,*,Female,*,>50K,25559
4,17,*,*,9,*,*,*,Female,*,>50K,25560
4,8,*,*,4,*,*,*,Male,*,<=50K,25561
4,28,*,*,14,*,*,*,Male,*,>50K,25562
4,32,*,*,16,*,*,*,Male,*,<=50K,25563
4,5,*,*,3,*,*,*,Female,*,<=50K,25564
4,26,*,*,13,*,*,*,Male,*,>50K,25565
4,10,*,*,5,*,*,*,Male,*,<=50K,25566
4,18,*,*,9,*,*,*,Male,*,<=50K,25567
4,23,*,*,12,*,*,*,Female,*,<=50K,25568
4,29,*,*,15,*,*,*,Female,*,<=50K,25570
4,26,*,*,13,*,*,*,Male,*,<=50K,25571
4,23,*,*,12,*,*,*,Female,*,<=50K,25572
4,18,*,*,9,*,*,*,Male,*,<=50K,25573
4,10,*,*,5,*,*,*,Male,*,<=50K,25574
4,20,*,*,10,*,*,*,Male,*,<=50K,25575
4,26,*,*,13,*,*,*,Male,*,<=50K,25576
4,12,*,*,6,*,*,*,Male,*,<=50K,25577
4,19,*,*,10,*,*,*,Female,*,<=50K,25578
4,18,*,*,9,*,*,*,Male,*,<=50K,25579
4,18,*,*,9,*,*,*,Male,*,>50K,25580
4,19,*,*,10,*,*,*,Female,*,<=50K,25581
4,20,*,*,10,*,*,*,Male,*,>50K,25582
4,22,*,*,11,*,*,*,Male,*,<=50K,25583
4,24,*,*,12,*,*,*,Male,*,<=50K,25584
4,18,*,*,9,*,*,*,Male,*,<=50K,25586
4,14,*,*,7,*,*,*,Male,*,<=50K,25587
4,19,*,*,10,*,*,*,Female,*,>50K,25588
4,21,*,*,11,*,*,*,Female,*,<=50K,25589
4,6,*,*,3,*,*,*,Male,*,<=50K,25590
4,20,*,*,10,*,*,*,Male,*,<=50K,25592
4,26,*,*,13,*,*,*,Male,*,>50K,25594
4,23,*,*,12,*,*,*,Female,*,<=50K,25596
4,18,*,*,9,*,*,*,Male,*,<=50K,25597
4,21,*,*,11,*,*,*,Female,*,>50K,25598
4,18,*,*,9,*,*,*,Male,*,<=50K,25600
4,18,*,*,9,*,*,*,Male,*,<=50K,25601
4,18,*,*,9,*,*,*,Male,*,<=50K,25602
4,18,*,*,9,*,*,*,Male,*,<=50K,25604
4,25,*,*,13,*,*,*,Female,*,<=50K,25605
4,14,*,*,7,*,*,*,Male,*,<=50K,25606
4,26,*,*,13,*,*,*,Male,*,<=50K,25607
4,18,*,*,9,*,*,*,Male,*,<=50K,25608
4,18,*,*,9,*,*,*,Male,*,>50K,25609
4,13,*,*,7,*,*,*,Female,*,<=50K,25610
4,26,*,*,13,*,*,*,Male,*,<=50K,25611
4,24,*,*,12,*,*,*,Male,*,<=50K,25612
4,13,*,*,7,*,*,*,Female,*,<=50K,25613
4,22,*,*,11,*,*,*,Male,*,>50K,25614
4,20,*,*,10,*,*,*,Male,*,<=50K,25615
4,25,*,*,13,*,*,*,Female,*,<=50K,25616
4,24,*,*,12,*,*,*,Male,*,<=50K,25617
4,26,*,*,13,*,*,*,Male,*,<=50K,25618
4,10,*,*,5,*,*,*,Male,*,<=50K,25619
4,26,*,*,13,*,*,*,Male,*,>50K,25621
4,26,*,*,13,*,*,*,Male,*,<=50K,25622
4,18,*,*,9,*,*,*,Male,*,<=50K,25623
4,18,*,*,9,*,*,*,Male,*,<=50K,25624
4,12,*,*,6,*,*,*,Male,*,<=50K,25625
4,18,*,*,9,*,*,*,Male,*,<=50K,25626
4,30,*,*,15,*,*,*,Male,*,>50K,25627
4,18,*,*,9,*,*,*,Male,*,<=50K,25628
4,26,*,*,13,*,*,*,Male,*,<=50K,25631
4,19,*,*,10,*,*,*,Female,*,<=50K,25632
4,19,*,*,10,*,*,*,Female,*,<=50K,25633
4,4,*,*,2,*,*,*,Male,*,<=50K,25635
4,20,*,*,10,*,*,*,Male,*,>50K,25637
4,19,*,*,10,*,*,*,Female,*,<=50K,25638
4,6,*,*,3,*,*,*,Male,*,<=50K,25639
4,22,*,*,11,*,*,*,Male,*,>50K,25640
4,18,*,*,9,*,*,*,Male,*,>50K,25642
4,26,*,*,13,*,*,*,Male,*,>50K,25643
4,17,*,*,9,*,*,*,Female,*,<=50K,25645
4,20,*,*,10,*,*,*,Male,*,<=50K,25646
4,26,*,*,13,*,*,*,Male,*,<=50K,25647
4,18,*,*,9,*,*,*,Male,*,<=50K,25648
4,14,*,*,7,*,*,*,Male,*,<=50K,25649
4,26,*,*,13,*,*,*,Male,*,<=50K,25650
4,19,*,*,10,*,*,*,Female,*,<=50K,25651
4,17,*,*,9,*,*,*,Female,*,<=50K,25652
4,13,*,*,7,*,*,*,Female,*,<=50K,25653
4,26,*,*,13,*,*,*,Male,*,>50K,25655
4,30,*,*,15,*,*,*,Male,*,>50K,25657
4,6,*,*,3,*,*,*,Male,*,<=50K,25658
4,17,*,*,9,*,*,*,Female,*,<=50K,25660
4,26,*,*,13,*,*,*,Male,*,>50K,25661
4,28,*,*,14,*,*,*,Male,*,>50K,25662
4,18,*,*,9,*,*,*,Male,*,<=50K,25663
4,20,*,*,10,*,*,*,Male,*,<=50K,25664
4,18,*,*,9,*,*,*,Male,*,<=50K,25665
4,30,*,*,15,*,*,*,Male,*,>50K,25667
4,20,*,*,10,*,*,*,Male,*,<=50K,25668
4,26,*,*,13,*,*,*,Male,*,>50K,25669
4,12,*,*,6,*,*,*,Male,*,<=50K,25670
4,20,*,*,10,*,*,*,Male,*,<=50K,25671
4,25,*,*,13,*,*,*,Female,*,<=50K,25672
4,18,*,*,9,*,*,*,Male,*,<=50K,25673
4,19,*,*,10,*,*,*,Female,*,<=50K,25674
4,18,*,*,9,*,*,*,Male,*,>50K,25675
4,13,*,*,7,*,*,*,Female,*,<=50K,25676
4,19,*,*,10,*,*,*,Female,*,<=50K,25677
4,18,*,*,9,*,*,*,Male,*,>50K,25678
4,27,*,*,14,*,*,*,Female,*,>50K,25679
4,17,*,*,9,*,*,*,Female,*,<=50K,25680
4,8,*,*,4,*,*,*,Male,*,<=50K,25681
4,17,*,*,9,*,*,*,Female,*,<=50K,25683
4,20,*,*,10,*,*,*,Male,*,<=50K,25684
4,26,*,*,13,*,*,*,Male,*,<=50K,25688
4,11,*,*,6,*,*,*,Female,*,<=50K,25690
4,18,*,*,9,*,*,*,Male,*,<=50K,25691
4,30,*,*,15,*,*,*,Male,*,>50K,25693
4,18,*,*,9,*,*,*,Male,*,<=50K,25694
4,15,*,*,8,*,*,*,Female,*,<=50K,25696
4,18,*,*,9,*,*,*,Male,*,<=50K,25697
4,22,*,*,11,*,*,*,Male,*,<=50K,25698
4,18,*,*,9,*,*,*,Male,*,>50K,25699
4,28,*,*,14,*,*,*,Male,*,>50K,25700
4,17,*,*,9,*,*,*,Female,*,<=50K,25701
4,20,*,*,10,*,*,*,Male,*,>50K,25703
4,8,*,*,4,*,*,*,Male,*,<=50K,25704
4,26,*,*,13,*,*,*,Male,*,>50K,25705
4,20,*,*,10,*,*,*,Male,*,<=50K,25706
4,21,*,*,11,*,*,*,Female,*,<=50K,25707
4,22,*,*,11,*,*,*,Male,*,>50K,25709
4,18,*,*,9,*,*,*,Male,*,<=50K,25710
4,26,*,*,13,*,*,*,Male,*,<=50K,25711
4,21,*,*,11,*,*,*,Female,*,<=50K,25712
4,14,*,*,7,*,*,*,Male,*,<=50K,25713
4,21,*,*,11,*,*,*,Female,*,<=50K,25714
4,18,*,*,9,*,*,*,Male,*,>50K,25715
4,20,*,*,10,*,*,*,Male,*,>50K,25716
4,27,*,*,14,*,*,*,Female,*,<=50K,25717
4,18,*,*,9,*,*,*,Male,*,<=50K,25718
4,21,*,*,11,*,*,*,Female,*,<=50K,25719
4,22,*,*,11,*,*,*,Male,*,>50K,25720
4,26,*,*,13,*,*,*,Male,*,>50K,25721
4,19,*,*,10,*,*,*,Female,*,<=50K,25722
4,19,*,*,10,*,*,*,Female,*,<=50K,25723
4,25,*,*,13,*,*,*,Female,*,<=50K,25724
4,18,*,*,9,*,*,*,Male,*,>50K,25725
4,26,*,*,13,*,*,*,Male,*,<=50K,25726
4,26,*,*,13,*,*,*,Male,*,>50K,25727
4,24,*,*,12,*,*,*,Male,*,<=50K,25728
4,19,*,*,10,*,*,*,Female,*,<=50K,25729
4,18,*,*,9,*,*,*,Male,*,<=50K,25730
4,7,*,*,4,*,*,*,Female,*,<=50K,25731
4,18,*,*,9,*,*,*,Male,*,<=50K,25732
4,20,*,*,10,*,*,*,Male,*,<=50K,25734
4,17,*,*,9,*,*,*,Female,*,<=50K,25736
4,26,*,*,13,*,*,*,Male,*,>50K,25737
4,25,*,*,13,*,*,*,Female,*,<=50K,25738
4,26,*,*,13,*,*,*,Male,*,<=50K,25739
4,23,*,*,12,*,*,*,Female,*,<=50K,25740
4,12,*,*,6,*,*,*,Male,*,<=50K,25741
4,18,*,*,9,*,*,*,Male,*,>50K,25742
4,20,*,*,10,*,*,*,Male,*,>50K,25743
4,19,*,*,10,*,*,*,Female,*,<=50K,25744
4,19,*,*,10,*,*,*,Female,*,<=50K,25745
4,14,*,*,7,*,*,*,Male,*,<=50K,25746
4,26,*,*,13,*,*,*,Male,*,>50K,25747
4,19,*,*,10,*,*,*,Female,*,<=50K,25748
4,19,*,*,10,*,*,*,Female,*,<=50K,25749
4,20,*,*,10,*,*,*,Male,*,>50K,25750
4,17,*,*,9,*,*,*,Female,*,<=50K,25751
4,30,*,*,15,*,*,*,Male,*,>50K,25752
4,18,*,*,9,*,*,*,Male,*,>50K,25754
4,8,*,*,4,*,*,*,Male,*,<=50K,25755
4,19,*,*,10,*,*,*,Female,*,<=50K,25756
4,18,*,*,9,*,*,*,Male,*,<=50K,25757
4,25,*,*,13,*,*,*,Female,*,<=50K,25758
4,12,*,*,6,*,*,*,Male,*,<=50K,25759
4,15,*,*,8,*,*,*,Female,*,<=50K,25760
4,12,*,*,6,*,*,*,Male,*,<=50K,25761
4,31,*,*,16,*,*,*,Female,*,>50K,25762
4,20,*,*,10,*,*,*,Male,*,<=50K,25763
4,20,*,*,10,*,*,*,Male,*,<=50K,25764
4,28,*,*,14,*,*,*,Male,*,<=50K,25766
4,18,*,*,9,*,*,*,Male,*,<=50K,25767
4,23,*,*,12,*,*,*,Female,*,<=50K,25768
4,22,*,*,11,*,*,*,Male,*,>50K,25769
4,26,*,*,13,*,*,*,Male,*,<=50K,25770
4,24,*,*,12,*,*,*,Male,*,<=50K,25771
4,28,*,*,14,*,*,*,Male,*,>50K,25772
4,3,*,*,2,*,*,*,Female,*,<=50K,25773
4,19,*,*,10,*,*,*,Female,*,>50K,25774
4,18,*,*,9,*,*,*,Male,*,<=50K,25776
4,8,*,*,4,*,*,*,Male,*,<=50K,25777
4,18,*,*,9,*,*,*,Male,*,>50K,25778
4,17,*,*,9,*,*,*,Female,*,<=50K,25779
4,26,*,*,13,*,*,*,Male,*,<=50K,25780
4,26,*,*,13,*,*,*,Male,*,<=50K,25781
4,18,*,*,9,*,*,*,Male,*,<=50K,25782
4,24,*,*,12,*,*,*,Male,*,<=50K,25783
4,28,*,*,14,*,*,*,Male,*,<=50K,25784
4,20,*,*,10,*,*,*,Male,*,<=50K,25785
4,18,*,*,9,*,*,*,Male,*,<=50K,25786
4,18,*,*,9,*,*,*,Male,*,<=50K,25787
4,22,*,*,11,*,*,*,Male,*,<=50K,25788
4,24,*,*,12,*,*,*,Male,*,<=50K,25792
4,18,*,*,9,*,*,*,Male,*,<=50K,25793
4,18,*,*,9,*,*,*,Male,*,<=50K,25795
4,6,*,*,3,*,*,*,Male,*,<=50K,25796
4,19,*,*,10,*,*,*,Female,*,<=50K,25797
4,26,*,*,13,*,*,*,Male,*,>50K,25798
4,18,*,*,9,*,*,*,Male,*,<=50K,25799
4,28,*,*,14,*,*,*,Male,*,<=50K,25800
4,18,*,*,9,*,*,*,Male,*,<=50K,25801
4,27,*,*,14,*,*,*,Female,*,>50K,25802
4,22,*,*,11,*,*,*,Male,*,<=50K,25803
4,18,*,*,9,*,*,*,Male,*,>50K,25804
4,26,*,*,13,*,*,*,Male,*,<=50K,25805
4,20,*,*,10,*,*,*,Male,*,<=50K,25807
4,26,*,*,13,*,*,*,Male,*,>50K,25808
4,18,*,*,9,*,*,*,Male,*,<=50K,25809
4,27,*,*,14,*,*,*,Female,*,<=50K,25810
4,30,*,*,15,*,*,*,Male,*,>50K,25811
4,17,*,*,9,*,*,*,Female,*,<=50K,25812
4,19,*,*,10,*,*,*,Female,*,>50K,25813
4,19,*,*,10,*,*,*,Female,*,<=50K,25814
4,20,*,*,10,*,*,*,Male,*,>50K,25815
4,22,*,*,11,*,*,*,Male,*,<=50K,25817
4,26,*,*,13,*,*,*,Male,*,<=50K,25818
4,20,*,*,10,*,*,*,Male,*,<=50K,25819
4,17,*,*,9,*,*,*,Female,*,<=50K,25820
4,27,*,*,14,*,*,*,Female,*,<=50K,25822
4,17,*,*,9,*,*,*,Female,*,<=50K,25823
4,26,*,*,13,*,*,*,Male,*,<=50K,25824
4,19,*,*,10,*,*,*,Female,*,<=50K,25826
4,18,*,*,9,*,*,*,Male,*,<=50K,25827
4,26,*,*,13,*,*,*,Male,*,>50K,25828
4,19,*,*,10,*,*,*,Female,*,<=50K,25830
4,17,*,*,9,*,*,*,Female,*,<=50K,25831
4,17,*,*,9,*,*,*,Female,*,<=50K,25832
4,26,*,*,13,*,*,*,Male,*,>50K,25833
4,21,*,*,11,*,*,*,Female,*,>50K,25834
4,18,*,*,9,*,*,*,Male,*,<=50K,25835
4,1,*,*,1,*,*,*,Female,*,<=50K,25836
4,17,*,*,9,*,*,*,Female,*,<=50K,25837
4,18,*,*,9,*,*,*,Male,*,>50K,25838
4,18,*,*,9,*,*,*,Male,*,<=50K,25839
4,18,*,*,9,*,*,*,Male,*,>50K,25840
4,27,*,*,14,*,*,*,Female,*,<=50K,25841
4,18,*,*,9,*,*,*,Male,*,>50K,25843
4,22,*,*,11,*,*,*,Male,*,<=50K,25845
4,28,*,*,14,*,*,*,Male,*,>50K,25846
4,12,*,*,6,*,*,*,Male,*,<=50K,25848
4,8,*,*,4,*,*,*,Male,*,>50K,25849
4,27,*,*,14,*,*,*,Female,*,<=50K,25850
4,18,*,*,9,*,*,*,Male,*,<=50K,25851
4,17,*,*,9,*,*,*,Female,*,<=50K,25852
4,19,*,*,10,*,*,*,Female,*,<=50K,25853
4,17,*,*,9,*,*,*,Female,*,<=50K,25855
4,19,*,*,10,*,*,*,Female,*,<=50K,25857
4,16,*,*,8,*,*,*,Male,*,<=50K,25859
4,20,*,*,10,*,*,*,Male,*,<=50K,25860
4,26,*,*,13,*,*,*,Male,*,>50K,25861
4,14,*,*,7,*,*,*,Male,*,<=50K,25862
4,19,*,*,10,*,*,*,Female,*,<=50K,25863
4,20,*,*,10,*,*,*,Male,*,<=50K,25864
4,12,*,*,6,*,*,*,Male,*,<=50K,25865
4,12,*,*,6,*,*,*,Male,*,<=50K,25866
4,17,*,*,9,*,*,*,Female,*,<=50K,25867
4,20,*,*,10,*,*,*,Male,*,<=50K,25868
4,4,*,*,2,*,*,*,Male,*,<=50K,25869
4,17,*,*,9,*,*,*,Female,*,<=50K,25870
4,21,*,*,11,*,*,*,Female,*,<=50K,25872
4,19,*,*,10,*,*,*,Female,*,<=50K,25873
4,25,*,*,13,*,*,*,Female,*,<=50K,25874
4,26,*,*,13,*,*,*,Male,*,<=50K,25875
4,20,*,*,10,*,*,*,Male,*,<=50K,25876
4,18,*,*,9,*,*,*,Male,*,<=50K,25877
4,26,*,*,13,*,*,*,Male,*,<=50K,25880
4,25,*,*,13,*,*,*,Female,*,<=50K,25882
4,18,*,*,9,*,*,*,Male,*,<=50K,25885
4,24,*,*,12,*,*,*,Male,*,>50K,25886
4,26,*,*,13,*,*,*,Male,*,>50K,25887
4,25,*,*,13,*,*,*,Female,*,<=50K,25888
4,28,*,*,14,*,*,*,Male,*,<=50K,25889
4,27,*,*,14,*,*,*,Female,*,<=50K,25891
4,17,*,*,9,*,*,*,Female,*,<=50K,25892
4,17,*,*,9,*,*,*,Female,*,<=50K,25894
4,18,*,*,9,*,*,*,Male,*,<=50K,25896
4,25,*,*,13,*,*,*,Female,*,<=50K,25897
4,24,*,*,12,*,*,*,Male,*,<=50K,25898
4,26,*,*,13,*,*,*,Male,*,>50K,25899
4,18,*,*,9,*,*,*,Male,*,<=50K,25900
4,19,*,*,10,*,*,*,Female,*,<=50K,25902
4,1,*,*,1,*,*,*,Female,*,<=50K,25903
4,19,*,*,10,*,*,*,Female,*,<=50K,25904
4,18,*,*,9,*,*,*,Male,*,<=50K,25905
4,28,*,*,14,*,*,*,Male,*,<=50K,25907
4,25,*,*,13,*,*,*,Female,*,<=50K,25908
4,28,*,*,14,*,*,*,Male,*,>50K,25909
4,18,*,*,9,*,*,*,Male,*,<=50K,25910
4,20,*,*,10,*,*,*,Male,*,<=50K,25911
4,20,*,*,10,*,*,*,Male,*,<=50K,25912
4,19,*,*,10,*,*,*,Female,*,<=50K,25913
4,18,*,*,9,*,*,*,Male,*,>50K,25914
4,26,*,*,13,*,*,*,Male,*,<=50K,25915
4,15,*,*,8,*,*,*,Female,*,<=50K,25916
4,18,*,*,9,*,*,*,Male,*,<=50K,25918
4,26,*,*,13,*,*,*,Male,*,<=50K,25919
4,17,*,*,9,*,*,*,Female,*,<=50K,25920
4,20,*,*,10,*,*,*,Male,*,<=50K,25921
4,11,*,*,6,*,*,*,Female,*,<=50K,25922
4,25,*,*,13,*,*,*,Female,*,<=50K,25923
4,20,*,*,10,*,*,*,Male,*,<=50K,25924
4,18,*,*,9,*,*,*,Male,*,<=50K,25925
4,17,*,*,9,*,*,*,Female,*,<=50K,25926
4,20,*,*,10,*,*,*,Male,*,<=50K,25927
4,18,*,*,9,*,*,*,Male,*,<=50K,25928
4,18,*,*,9,*,*,*,Male,*,<=50K,25929
4,14,*,*,7,*,*,*,Male,*,<=50K,25930
4,26,*,*,13,*,*,*,Male,*,<=50K,25931
4,26,*,*,13,*,*,*,Male,*,<=50K,25932
4,18,*,*,9,*,*,*,Male,*,<=50K,25934
4,18,*,*,9,*,*,*,Male,*,<=50K,25935
4,18,*,*,9,*,*,*,Male,*,<=50K,25936
4,19,*,*,10,*,*,*,Female,*,<=50K,25938
4,13,*,*,7,*,*,*,Female,*,<=50K,25939
4,26,*,*,13,*,*,*,Male,*,<=50K,25940
4,26,*,*,13,*,*,*,Male,*,<=50K,25941
4,18,*,*,9,*,*,*,Male,*,>50K,25942
4,24,*,*,12,*,*,*,Male,*,<=50K,25943
4,20,*,*,10,*,*,*,Male,*,<=50K,25944
4,18,*,*,9,*,*,*,Male,*,<=50K,25945
4,18,*,*,9,*,*,*,Male,*,<=50K,25947
4,14,*,*,7,*,*,*,Male,*,<=50K,25948
4,17,*,*,9,*,*,*,Female,*,<=50K,25950
4,22,*,*,11,*,*,*,Male,*,<=50K,25951
4,14,*,*,7,*,*,*,Male,*,<=50K,25952
4,20,*,*,10,*,*,*,Male,*,<=50K,25954
4,18,*,*,9,*,*,*,Male,*,<=50K,25955
4,19,*,*,10,*,*,*,Female,*,<=50K,25956
4,32,*,*,16,*,*,*,Male,*,<=50K,25957
4,15,*,*,8,*,*,*,Female,*,<=50K,25958
4,26,*,*,13,*,*,*,Male,*,<=50K,25959
4,8,*,*,4,*,*,*,Male,*,<=50K,25960
4,26,*,*,13,*,*,*,Male,*,<=50K,25961
4,26,*,*,13,*,*,*,Male,*,>50K,25963
4,25,*,*,13,*,*,*,Female,*,<=50K,25964
4,18,*,*,9,*,*,*,Male,*,>50K,25965
4,11,*,*,6,*,*,*,Female,*,<=50K,25966
4,26,*,*,13,*,*,*,Male,*,<=50K,25967
4,17,*,*,9,*,*,*,Female,*,<=50K,25968
4,26,*,*,13,*,*,*,Male,*,>50K,25969
4,18,*,*,9,*,*,*,Male,*,<=50K,25970
4,21,*,*,11,*,*,*,Female,*,<=50K,25972
4,18,*,*,9,*,*,*,Male,*,<=50K,25973
4,20,*,*,10,*,*,*,Male,*,<=50K,25974
4,18,*,*,9,*,*,*,Male,*,<=50K,25975
4,27,*,*,14,*,*,*,Female,*,>50K,25976
4,26,*,*,13,*,*,*,Male,*,>50K,25977
4,14,*,*,7,*,*,*,Male,*,<=50K,25978
4,26,*,*,13,*,*,*,Male,*,>50K,25979
4,20,*,*,10,*,*,*,Male,*,<=50K,25980
4,18,*,*,9,*,*,*,Male,*,<=50K,25981
4,17,*,*,9,*,*,*,Female,*,<=50K,25983
4,12,*,*,6,*,*,*,Male,*,<=50K,25984
4,17,*,*,9,*,*,*,Female,*,<=50K,25986
4,12,*,*,6,*,*,*,Male,*,<=50K,25987
4,17,*,*,9,*,*,*,Female,*,<=50K,25988
4,26,*,*,13,*,*,*,Male,*,<=50K,25989
4,26,*,*,13,*,*,*,Male,*,<=50K,25990
4,28,*,*,14,*,*,*,Male,*,<=50K,25991
4,26,*,*,13,*,*,*,Male,*,>50K,25992
4,17,*,*,9,*,*,*,Female,*,<=50K,25993
4,19,*,*,10,*,*,*,Female,*,<=50K,25994
4,20,*,*,10,*,*,*,Male,*,<=50K,25995
4,19,*,*,10,*,*,*,Female,*,<=50K,25996
4,22,*,*,11,*,*,*,Male,*,<=50K,25998
4,19,*,*,10,*,*,*,Female,*,<=50K,25999
4,20,*,*,10,*,*,*,Male,*,<=50K,26000
4,18,*,*,9,*,*,*,Male,*,<=50K,26001
4,13,*,*,7,*,*,*,Female,*,<=50K,26002
4,26,*,*,13,*,*,*,Male,*,>50K,26003
4,12,*,*,6,*,*,*,Male,*,<=50K,26004
4,19,*,*,10,*,*,*,Female,*,<=50K,26005
4,26,*,*,13,*,*,*,Male,*,>50K,26006
4,6,*,*,3,*,*,*,Male,*,<=50K,26007
4,18,*,*,9,*,*,*,Male,*,<=50K,26008
4,30,*,*,15,*,*,*,Male,*,>50K,26009
4,19,*,*,10,*,*,*,Female,*,<=50K,26010
4,20,*,*,10,*,*,*,Male,*,<=50K,26011
4,18,*,*,9,*,*,*,Male,*,>50K,26014
4,20,*,*,10,*,*,*,Male,*,<=50K,26015
4,26,*,*,13,*,*,*,Male,*,<=50K,26016
4,18,*,*,9,*,*,*,Male,*,<=50K,26017
4,14,*,*,7,*,*,*,Male,*,<=50K,26018
4,18,*,*,9,*,*,*,Male,*,>50K,26019
4,19,*,*,10,*,*,*,Female,*,<=50K,26020
4,18,*,*,9,*,*,*,Male,*,<=50K,26022
4,25,*,*,13,*,*,*,Female,*,<=50K,26024
4,18,*,*,9,*,*,*,Male,*,<=50K,26025
4,17,*,*,9,*,*,*,Female,*,<=50K,26027
4,25,*,*,13,*,*,*,Female,*,<=50K,26028
4,18,*,*,9,*,*,*,Male,*,<=50K,26029
4,18,*,*,9,*,*,*,Male,*,>50K,26030
4,18,*,*,9,*,*,*,Male,*,<=50K,26031
4,6,*,*,3,*,*,*,Male,*,<=50K,26033
4,26,*,*,13,*,*,*,Male,*,<=50K,26034
4,17,*,*,9,*,*,*,Female,*,<=50K,26035
4,6,*,*,3,*,*,*,Male,*,<=50K,26036
4,18,*,*,9,*,*,*,Male,*,>50K,26037
4,26,*,*,13,*,*,*,Male,*,<=50K,26038
4,17,*,*,9,*,*,*,Female,*,<=50K,26039
4,16,*,*,8,*,*,*,Male,*,<=50K,26040
4,18,*,*,9,*,*,*,Male,*,<=50K,26041
4,14,*,*,7,*,*,*,Male,*,<=50K,26042
4,17,*,*,9,*,*,*,Female,*,<=50K,26043
4,17,*,*,9,*,*,*,Female,*,<=50K,26044
4,11,*,*,6,*,*,*,Female,*,<=50K,26045
4,18,*,*,9,*,*,*,Male,*,>50K,26047
4,17,*,*,9,*,*,*,Female,*,<=50K,26048
4,18,*,*,9,*,*,*,Male,*,<=50K,26049
4,6,*,*,3,*,*,*,Male,*,<=50K,26050
4,18,*,*,9,*,*,*,Male,*,<=50K,26051
4,25,*,*,13,*,*,*,Female,*,<=50K,26052
4,25,*,*,13,*,*,*,Female,*,<=50K,26053
4,17,*,*,9,*,*,*,Female,*,<=50K,26054
4,26,*,*,13,*,*,*,Male,*,>50K,26055
4,25,*,*,13,*,*,*,Female,*,<=50K,26056
4,29,*,*,15,*,*,*,Female,*,>50K,26057
4,28,*,*,14,*,*,*,Male,*,<=50K,26058
4,26,*,*,13,*,*,*,Male,*,>50K,26059
4,20,*,*,10,*,*,*,Male,*,>50K,26060
4,25,*,*,13,*,*,*,Female,*,<=50K,26061
4,27,*,*,14,*,*,*,Female,*,>50K,26062
4,19,*,*,10,*,*,*,Female,*,<=50K,26063
4,18,*,*,9,*,*,*,Male,*,>50K,26064
4,26,*,*,13,*,*,*,Male,*,<=50K,26065
4,8,*,*,4,*,*,*,Male,*,<=50K,26068
4,20,*,*,10,*,*,*,Male,*,<=50K,26069
4,25,*,*,13,*,*,*,Female,*,<=50K,26070
4,18,*,*,9,*,*,*,Male,*,>50K,26071
4,24,*,*,12,*,*,*,Male,*,<=50K,26072
4,20,*,*,10,*,*,*,Male,*,<=50K,26073
4,19,*,*,10,*,*,*,Female,*,<=50K,26074
4,18,*,*,9,*,*,*,Male,*,<=50K,26075
4,14,*,*,7,*,*,*,Male,*,<=50K,26077
4,26,*,*,13,*,*,*,Male,*,>50K,26078
4,22,*,*,11,*,*,*,Male,*,<=50K,26079
4,19,*,*,10,*,*,*,Female,*,<=50K,26081
4,18,*,*,9,*,*,*,Male,*,<=50K,26082
4,20,*,*,10,*,*,*,Male,*,<=50K,26083
4,20,*,*,10,*,*,*,Male,*,<=50K,26084
4,13,*,*,7,*,*,*,Female,*,<=50K,26085
4,25,*,*,13,*,*,*,Female,*,<=50K,26086
4,20,*,*,10,*,*,*,Male,*,<=50K,26087
4,30,*,*,15,*,*,*,Male,*,<=50K,26088
4,19,*,*,10,*,*,*,Female,*,<=50K,26089
4,25,*,*,13,*,*,*,Female,*,>50K,26090
4,26,*,*,13,*,*,*,Male,*,>50K,26091
4,26,*,*,13,*,*,*,Male,*,<=50K,26092
4,18,*,*,9,*,*,*,Male,*,<=50K,26096
4,18,*,*,9,*,*,*,Male,*,<=50K,26097
4,9,*,*,5,*,*,*,Female,*,<=50K,26099
4,17,*,*,9,*,*,*,Female,*,<=50K,26100
4,18,*,*,9,*,*,*,Male,*,<=50K,26101
4,20,*,*,10,*,*,*,Male,*,>50K,26102
4,14,*,*,7,*,*,*,Male,*,<=50K,26103
4,17,*,*,9,*,*,*,Female,*,<=50K,26104
4,14,*,*,7,*,*,*,Male,*,<=50K,26105
4,6,*,*,3,*,*,*,Male,*,<=50K,26106
4,26,*,*,13,*,*,*,Male,*,<=50K,26107
4,27,*,*,14,*,*,*,Female,*,<=50K,26108
4,20,*,*,10,*,*,*,Male,*,<=50K,26109
4,26,*,*,13,*,*,*,Male,*,<=50K,26110
4,26,*,*,13,*,*,*,Male,*,>50K,26111
4,8,*,*,4,*,*,*,Male,*,<=50K,26112
4,26,*,*,13,*,*,*,Male,*,>50K,26113
4,25,*,*,13,*,*,*,Female,*,<=50K,26114
4,13,*,*,7,*,*,*,Female,*,<=50K,26115
4,14,*,*,7,*,*,*,Male,*,<=50K,26116
4,19,*,*,10,*,*,*,Female,*,<=50K,26117
4,19,*,*,10,*,*,*,Female,*,<=50K,26118
4,6,*,*,3,*,*,*,Male,*,<=50K,26119
4,18,*,*,9,*,*,*,Male,*,>50K,26121
4,24,*,*,12,*,*,*,Male,*,<=50K,26122
4,18,*,*,9,*,*,*,Male,*,<=50K,26123
4,6,*,*,3,*,*,*,Male,*,<=50K,26125
4,26,*,*,13,*,*,*,Male,*,<=50K,26126
4,20,*,*,10,*,*,*,Male,*,>50K,26129
4,18,*,*,9,*,*,*,Male,*,<=50K,26130
4,20,*,*,10,*,*,*,Male,*,>50K,26131
4,25,*,*,13,*,*,*,Female,*,<=50K,26132
4,22,*,*,11,*,*,*,Male,*,<=50K,26133
4,18,*,*,9,*,*,*,Male,*,<=50K,26134
4,19,*,*,10,*,*,*,Female,*,<=50K,26135
4,20,*,*,10,*,*,*,Male,*,>50K,26136
4,16,*,*,8,*,*,*,Male,*,<=50K,26137
4,18,*,*,9,*,*,*,Male,*,<=50K,26138
4,4,*,*,2,*,*,*,Male,*,<=50K,26140
4,18,*,*,9,*,*,*,Male,*,<=50K,26142
4,20,*,*,10,*,*,*,Male,*,<=50K,26144
4,26,*,*,13,*,*,*,Male,*,<=50K,26145
4,18,*,*,9,*,*,*,Male,*,<=50K,26146
4,11,*,*,6,*,*,*,Female,*,<=50K,26147
4,18,*,*,9,*,*,*,Male,*,<=50K,26149
4,19,*,*,10,*,*,*,Female,*,<=50K,26150
4,8,*,*,4,*,*,*,Male,*,<=50K,26151
4,19,*,*,10,*,*,*,Female,*,<=50K,26152
4,6,*,*,3,*,*,*,Male,*,<=50K,26153
4,25,*,*,13,*,*,*,Female,*,<=50K,26154
4,18,*,*,9,*,*,*,Male,*,>50K,26156
4,18,*,*,9,*,*,*,Male,*,<=50K,26157
4,21,*,*,11,*,*,*,Female,*,<=50K,26158
4,20,*,*,10,*,*,*,Male,*,>50K,26159
4,20,*,*,10,*,*,*,Male,*,<=50K,26160
4,14,*,*,7,*,*,*,Male,*,<=50K,26161
4,18,*,*,9,*,*,*,Male,*,<=50K,26162
4,18,*,*,9,*,*,*,Male,*,<=50K,26163
4,18,*,*,9,*,*,*,Male,*,<=50K,26164
4,8,*,*,4,*,*,*,Male,*,<=50K,26165
4,17,*,*,9,*,*,*,Female,*,<=50K,26166
4,13,*,*,7,*,*,*,Female,*,<=50K,26167
4,23,*,*,12,*,*,*,Female,*,<=50K,26168
4,20,*,*,10,*,*,*,Male,*,<=50K,26169
4,26,*,*,13,*,*,*,Male,*,<=50K,26170
4,20,*,*,10,*,*,*,Male,*,<=50K,26171
4,20,*,*,10,*,*,*,Male,*,>50K,26172
4,26,*,*,13,*,*,*,Male,*,<=50K,26173
4,19,*,*,10,*,*,*,Female,*,<=50K,26174
4,8,*,*,4,*,*,*,Male,*,<=50K,26175
4,22,*,*,11,*,*,*,Male,*,<=50K,26176
4,17,*,*,9,*,*,*,Female,*,<=50K,26177
4,8,*,*,4,*,*,*,Male,*,<=50K,26178
4,17,*,*,9,*,*,*,Female,*,<=50K,26180
4,18,*,*,9,*,*,*,Male,*,>50K,26181
4,26,*,*,13,*,*,*,Male,*,<=50K,26182
4,18,*,*,9,*,*,*,Male,*,<=50K,26184
4,14,*,*,7,*,*,*,Male,*,<=50K,26185
4,28,*,*,14,*,*,*,Male,*,>50K,26186
4,18,*,*,9,*,*,*,Male,*,>50K,26187
4,20,*,*,10,*,*,*,Male,*,<=50K,26189
4,18,*,*,9,*,*,*,Male,*,<=50K,26190
4,17,*,*,9,*,*,*,Female,*,<=50K,26191
4,26,*,*,13,*,*,*,Male,*,>50K,26192
4,18,*,*,9,*,*,*,Male,*,<=50K,26194
4,18,*,*,9,*,*,*,Male,*,>50K,26195
4,19,*,*,10,*,*,*,Female,*,<=50K,26196
4,20,*,*,10,*,*,*,Male,*,<=50K,26197
4,28,*,*,14,*,*,*,Male,*,>50K,26199
4,18,*,*,9,*,*,*,Male,*,<=50K,26200
4,18,*,*,9,*,*,*,Male,*,>50K,26202
4,20,*,*,10,*,*,*,Male,*,<=50K,26203
4,18,*,*,9,*,*,*,Male,*,<=50K,26204
4,18,*,*,9,*,*,*,Male,*,<=50K,26206
4,18,*,*,9,*,*,*,Male,*,<=50K,26207
4,20,*,*,10,*,*,*,Male,*,<=50K,26208
4,13,*,*,7,*,*,*,Female,*,<=50K,26211
4,25,*,*,13,*,*,*,Female,*,<=50K,26212
4,18,*,*,9,*,*,*,Male,*,<=50K,26214
4,19,*,*,10,*,*,*,Female,*,<=50K,26215
4,28,*,*,14,*,*,*,Male,*,>50K,26216
4,21,*,*,11,*,*,*,Female,*,<=50K,26217
4,22,*,*,11,*,*,*,Male,*,<=50K,26218
4,17,*,*,9,*,*,*,Female,*,<=50K,26219
4,22,*,*,11,*,*,*,Male,*,<=50K,26220
4,17,*,*,9,*,*,*,Female,*,<=50K,26221
4,25,*,*,13,*,*,*,Female,*,<=50K,26222
4,18,*,*,9,*,*,*,Male,*,<=50K,26223
4,24,*,*,12,*,*,*,Male,*,>50K,26225
4,12,*,*,6,*,*,*,Male,*,<=50K,26229
4,28,*,*,14,*,*,*,Male,*,>50K,26230
4,28,*,*,14,*,*,*,Male,*,>50K,26233
4,20,*,*,10,*,*,*,Male,*,>50K,26234
4,26,*,*,13,*,*,*,Male,*,<=50K,26235
4,17,*,*,9,*,*,*,Female,*,<=50K,26237
4,12,*,*,6,*,*,*,Male,*,<=50K,26238
4,20,*,*,10,*,*,*,Male,*,<=50K,26239
4,17,*,*,9,*,*,*,Female,*,<=50K,26240
4,14,*,*,7,*,*,*,Male,*,<=50K,26241
4,25,*,*,13,*,*,*,Female,*,<=50K,26242
4,26,*,*,13,*,*,*,Male,*,>50K,26243
4,25,*,*,13,*,*,*,Female,*,<=50K,26244
4,18,*,*,9,*,*,*,Male,*,<=50K,26247
4,28,*,*,14,*,*,*,Male,*,>50K,26248
4,26,*,*,13,*,*,*,Male,*,<=50K,26250
4,21,*,*,11,*,*,*,Female,*,<=50K,26251
4,23,*,*,12,*,*,*,Female,*,<=50K,26253
4,19,*,*,10,*,*,*,Female,*,<=50K,26254
4,21,*,*,11,*,*,*,Female,*,<=50K,26256
4,26,*,*,13,*,*,*,Male,*,>50K,26257
4,14,*,*,7,*,*,*,Male,*,<=50K,26258
4,24,*,*,12,*,*,*,Male,*,<=50K,26260
4,17,*,*,9,*,*,*,Female,*,<=50K,26262
4,21,*,*,11,*,*,*,Female,*,<=50K,26263
4,18,*,*,9,*,*,*,Male,*,<=50K,26265
4,28,*,*,14,*,*,*,Male,*,>50K,26268
4,18,*,*,9,*,*,*,Male,*,<=50K,26270
4,11,*,*,6,*,*,*,Female,*,<=50K,26271
4,18,*,*,9,*,*,*,Male,*,<=50K,26272
4,12,*,*,6,*,*,*,Male,*,<=50K,26273
4,18,*,*,9,*,*,*,Male,*,<=50K,26274
4,13,*,*,7,*,*,*,Female,*,<=50K,26275
4,27,*,*,14,*,*,*,Female,*,<=50K,26276
4,26,*,*,13,*,*,*,Male,*,<=50K,26277
4,18,*,*,9,*,*,*,Male,*,<=50K,26278
4,20,*,*,10,*,*,*,Male,*,<=50K,26279
4,8,*,*,4,*,*,*,Male,*,<=50K,26281
4,28,*,*,14,*,*,*,Male,*,>50K,26282
4,18,*,*,9,*,*,*,Male,*,<=50K,26284
4,8,*,*,4,*,*,*,Male,*,<=50K,26286
4,26,*,*,13,*,*,*,Male,*,<=50K,26288
4,20,*,*,10,*,*,*,Male,*,<=50K,26289
4,14,*,*,7,*,*,*,Male,*,<=50K,26290
4,23,*,*,12,*,*,*,Female,*,<=50K,26291
4,27,*,*,14,*,*,*,Female,*,<=50K,26292
4,6,*,*,3,*,*,*,Male,*,<=50K,26294
4,16,*,*,8,*,*,*,Male,*,>50K,26296
4,18,*,*,9,*,*,*,Male,*,<=50K,26297
4,17,*,*,9,*,*,*,Female,*,<=50K,26299
4,18,*,*,9,*,*,*,Male,*,<=50K,26300
4,26,*,*,13,*,*,*,Male,*,<=50K,26301
4,18,*,*,9,*,*,*,Male,*,>50K,26302
4,18,*,*,9,*,*,*,Male,*,<=50K,26304
4,20,*,*,10,*,*,*,Male,*,<=50K,26305
4,19,*,*,10,*,*,*,Female,*,<=50K,26306
4,18,*,*,9,*,*,*,Male,*,<=50K,26310
4,19,*,*,10,*,*,*,Female,*,<=50K,26311
4,18,*,*,9,*,*,*,Male,*,<=50K,26312
4,6,*,*,3,*,*,*,Male,*,<=50K,26313
4,20,*,*,10,*,*,*,Male,*,<=50K,26314
4,22,*,*,11,*,*,*,Male,*,>50K,26315
4,24,*,*,12,*,*,*,Male,*,<=50K,26316
4,20,*,*,10,*,*,*,Male,*,<=50K,26317
4,25,*,*,13,*,*,*,Female,*,<=50K,26318
4,25,*,*,13,*,*,*,Female,*,<=50K,26319
4,11,*,*,6,*,*,*,Female,*,<=50K,26322
4,21,*,*,11,*,*,*,Female,*,<=50K,26323
4,18,*,*,9,*,*,*,Male,*,<=50K,26324
4,10,*,*,5,*,*,*,Male,*,<=50K,26325
4,14,*,*,7,*,*,*,Male,*,<=50K,26326
4,18,*,*,9,*,*,*,Male,*,<=50K,26329
4,22,*,*,11,*,*,*,Male,*,<=50K,26330
4,20,*,*,10,*,*,*,Male,*,<=50K,26331
4,24,*,*,12,*,*,*,Male,*,>50K,26332
4,14,*,*,7,*,*,*,Male,*,<=50K,26334
4,6,*,*,3,*,*,*,Male,*,<=50K,26335
4,27,*,*,14,*,*,*,Female,*,<=50K,26336
4,19,*,*,10,*,*,*,Female,*,<=50K,26337
4,18,*,*,9,*,*,*,Male,*,<=50K,26338
4,18,*,*,9,*,*,*,Male,*,<=50K,26339
4,29,*,*,15,*,*,*,Female,*,<=50K,26341
4,19,*,*,10,*,*,*,Female,*,<=50K,26342
4,10,*,*,5,*,*,*,Male,*,<=50K,26344
4,18,*,*,9,*,*,*,Male,*,<=50K,26346
4,20,*,*,10,*,*,*,Male,*,<=50K,26347
4,26,*,*,13,*,*,*,Male,*,>50K,26348
4,27,*,*,14,*,*,*,Female,*,<=50K,26349
4,18,*,*,9,*,*,*,Male,*,<=50K,26350
4,17,*,*,9,*,*,*,Female,*,<=50K,26351
4,11,*,*,6,*,*,*,Female,*,<=50K,26352
4,30,*,*,15,*,*,*,Male,*,>50K,26355
4,17,*,*,9,*,*,*,Female,*,<=50K,26356
4,20,*,*,10,*,*,*,Male,*,<=50K,26357
4,17,*,*,9,*,*,*,Female,*,<=50K,26358
4,20,*,*,10,*,*,*,Male,*,<=50K,26359
4,19,*,*,10,*,*,*,Female,*,<=50K,26360
4,19,*,*,10,*,*,*,Female,*,<=50K,26361
4,20,*,*,10,*,*,*,Male,*,<=50K,26362
4,17,*,*,9,*,*,*,Female,*,<=50K,26363
4,23,*,*,12,*,*,*,Female,*,>50K,26364
4,19,*,*,10,*,*,*,Female,*,<=50K,26365
4,20,*,*,10,*,*,*,Male,*,<=50K,26366
4,20,*,*,10,*,*,*,Male,*,<=50K,26367
4,28,*,*,14,*,*,*,Male,*,<=50K,26368
4,26,*,*,13,*,*,*,Male,*,>50K,26369
4,16,*,*,8,*,*,*,Male,*,<=50K,26372
4,18,*,*,9,*,*,*,Male,*,>50K,26373
4,20,*,*,10,*,*,*,Male,*,<=50K,26374
4,20,*,*,10,*,*,*,Male,*,<=50K,26375
4,18,*,*,9,*,*,*,Male,*,<=50K,26376
4,5,*,*,3,*,*,*,Female,*,<=50K,26377
4,20,*,*,10,*,*,*,Male,*,>50K,26378
4,19,*,*,10,*,*,*,Female,*,<=50K,26379
4,18,*,*,9,*,*,*,Male,*,<=50K,26380
4,27,*,*,14,*,*,*,Female,*,<=50K,26381
4,19,*,*,10,*,*,*,Female,*,<=50K,26382
4,17,*,*,9,*,*,*,Female,*,<=50K,26383
4,17,*,*,9,*,*,*,Female,*,<=50K,26385
4,26,*,*,13,*,*,*,Male,*,>50K,26386
4,18,*,*,9,*,*,*,Male,*,<=50K,26387
4,18,*,*,9,*,*,*,Male,*,<=50K,26389
4,24,*,*,12,*,*,*,Male,*,<=50K,26390
4,18,*,*,9,*,*,*,Male,*,>50K,26391
4,26,*,*,13,*,*,*,Male,*,>50K,26392
4,18,*,*,9,*,*,*,Male,*,<=50K,26393
4,26,*,*,13,*,*,*,Male,*,>50K,26394
4,19,*,*,10,*,*,*,Female,*,<=50K,26395
4,4,*,*,2,*,*,*,Male,*,<=50K,26396
4,19,*,*,10,*,*,*,Female,*,<=50K,26397
4,17,*,*,9,*,*,*,Female,*,<=50K,26398
4,25,*,*,13,*,*,*,Female,*,<=50K,26400
4,18,*,*,9,*,*,*,Male,*,<=50K,26401
4,14,*,*,7,*,*,*,Male,*,<=50K,26402
4,26,*,*,13,*,*,*,Male,*,<=50K,26403
4,29,*,*,15,*,*,*,Female,*,>50K,26404
4,30,*,*,15,*,*,*,Male,*,>50K,26405
4,19,*,*,10,*,*,*,Female,*,<=50K,26406
4,17,*,*,9,*,*,*,Female,*,<=50K,26407
4,30,*,*,15,*,*,*,Male,*,>50K,26409
4,28,*,*,14,*,*,*,Male,*,>50K,26410
4,28,*,*,14,*,*,*,Male,*,>50K,26411
4,13,*,*,7,*,*,*,Female,*,<=50K,26412
4,24,*,*,12,*,*,*,Male,*,>50K,26413
4,28,*,*,14,*,*,*,Male,*,<=50K,26415
4,17,*,*,9,*,*,*,Female,*,<=50K,26416
4,27,*,*,14,*,*,*,Female,*,<=50K,26419
4,18,*,*,9,*,*,*,Male,*,<=50K,26421
4,20,*,*,10,*,*,*,Male,*,>50K,26422
4,17,*,*,9,*,*,*,Female,*,<=50K,26423
4,19,*,*,10,*,*,*,Female,*,<=50K,26424
4,20,*,*,10,*,*,*,Male,*,<=50K,26425
4,19,*,*,10,*,*,*,Female,*,<=50K,26426
4,25,*,*,13,*,*,*,Female,*,<=50K,26429
4,18,*,*,9,*,*,*,Male,*,<=50K,26431
4,18,*,*,9,*,*,*,Male,*,<=50K,26432
4,20,*,*,10,*,*,*,Male,*,<=50K,26433
4,18,*,*,9,*,*,*,Male,*,<=50K,26434
4,16,*,*,8,*,*,*,Male,*,>50K,26435
4,17,*,*,9,*,*,*,Female,*,<=50K,26436
4,18,*,*,9,*,*,*,Male,*,<=50K,26437
4,19,*,*,10,*,*,*,Female,*,<=50K,26438
4,18,*,*,9,*,*,*,Male,*,<=50K,26439
4,17,*,*,9,*,*,*,Female,*,>50K,26440
4,18,*,*,9,*,*,*,Male,*,<=50K,26441
4,20,*,*,10,*,*,*,Male,*,<=50K,26442
4,29,*,*,15,*,*,*,Female,*,<=50K,26443
4,18,*,*,9,*,*,*,Male,*,<=50K,26444
4,20,*,*,10,*,*,*,Male,*,<=50K,26445
4,24,*,*,12,*,*,*,Male,*,>50K,26447
4,18,*,*,9,*,*,*,Male,*,<=50K,26448
4,18,*,*,9,*,*,*,Male,*,<=50K,26449
4,10,*,*,5,*,*,*,Male,*,<=50K,26451
4,24,*,*,12,*,*,*,Male,*,<=50K,26454
4,12,*,*,6,*,*,*,Male,*,<=50K,26456
4,18,*,*,9,*,*,*,Male,*,<=50K,26457
4,25,*,*,13,*,*,*,Female,*,<=50K,26458
4,20,*,*,10,*,*,*,Male,*,<=50K,26459
4,14,*,*,7,*,*,*,Male,*,<=50K,26460
4,22,*,*,11,*,*,*,Male,*,<=50K,26461
4,18,*,*,9,*,*,*,Male,*,<=50K,26462
4,18,*,*,9,*,*,*,Male,*,>50K,26463
4,18,*,*,9,*,*,*,Male,*,<=50K,26464
4,17,*,*,9,*,*,*,Female,*,<=50K,26465
4,8,*,*,4,*,*,*,Male,*,<=50K,26466
4,20,*,*,10,*,*,*,Male,*,<=50K,26467
4,26,*,*,13,*,*,*,Male,*,<=50K,26468
4,19,*,*,10,*,*,*,Female,*,<=50K,26469
4,6,*,*,3,*,*,*,Male,*,<=50K,26470
4,20,*,*,10,*,*,*,Male,*,>50K,26471
4,25,*,*,13,*,*,*,Female,*,<=50K,26472
4,20,*,*,10,*,*,*,Male,*,<=50K,26473
4,19,*,*,10,*,*,*,Female,*,<=50K,26474
4,18,*,*,9,*,*,*,Male,*,<=50K,26475
4,26,*,*,13,*,*,*,Male,*,<=50K,26476
4,26,*,*,13,*,*,*,Male,*,<=50K,26477
4,17,*,*,9,*,*,*,Female,*,<=50K,26478
4,18,*,*,9,*,*,*,Male,*,>50K,26479
4,20,*,*,10,*,*,*,Male,*,>50K,26480
4,28,*,*,14,*,*,*,Male,*,>50K,26482
4,27,*,*,14,*,*,*,Female,*,>50K,26483
4,18,*,*,9,*,*,*,Male,*,<=50K,26484
4,26,*,*,13,*,*,*,Male,*,<=50K,26485
4,17,*,*,9,*,*,*,Female,*,<=50K,26486
4,19,*,*,10,*,*,*,Female,*,<=50K,26488
4,18,*,*,9,*,*,*,Male,*,<=50K,26489
4,20,*,*,10,*,*,*,Male,*,<=50K,26491
4,17,*,*,9,*,*,*,Female,*,<=50K,26493
4,20,*,*,10,*,*,*,Male,*,<=50K,26494
4,18,*,*,9,*,*,*,Male,*,<=50K,26495
4,21,*,*,11,*,*,*,Female,*,>50K,26496
4,26,*,*,13,*,*,*,Male,*,>50K,26497
4,20,*,*,10,*,*,*,Male,*,<=50K,26499
4,20,*,*,10,*,*,*,Male,*,<=50K,26500
4,20,*,*,10,*,*,*,Male,*,>50K,26501
4,26,*,*,13,*,*,*,Male,*,>50K,26502
4,21,*,*,11,*,*,*,Female,*,<=50K,26503
4,7,*,*,4,*,*,*,Female,*,<=50K,26504
4,18,*,*,9,*,*,*,Male,*,<=50K,26505
4,25,*,*,13,*,*,*,Female,*,<=50K,26506
4,27,*,*,14,*,*,*,Female,*,<=50K,26507
4,26,*,*,13,*,*,*,Male,*,>50K,26510
4,21,*,*,11,*,*,*,Female,*,<=50K,26511
4,18,*,*,9,*,*,*,Male,*,<=50K,26512
4,18,*,*,9,*,*,*,Male,*,<=50K,26513
4,18,*,*,9,*,*,*,Male,*,<=50K,26514
4,28,*,*,14,*,*,*,Male,*,>50K,26515
4,17,*,*,9,*,*,*,Female,*,<=50K,26516
4,18,*,*,9,*,*,*,Male,*,<=50K,26517
4,7,*,*,4,*,*,*,Female,*,<=50K,26518
4,23,*,*,12,*,*,*,Female,*,<=50K,26519
4,17,*,*,9,*,*,*,Female,*,<=50K,26521
4,20,*,*,10,*,*,*,Male,*,>50K,26522
4,5,*,*,3,*,*,*,Female,*,>50K,26523
4,20,*,*,10,*,*,*,Male,*,<=50K,26524
4,18,*,*,9,*,*,*,Male,*,<=50K,26525
4,17,*,*,9,*,*,*,Female,*,<=50K,26526
4,4,*,*,2,*,*,*,Male,*,<=50K,26528
4,20,*,*,10,*,*,*,Male,*,<=50K,26529
4,24,*,*,12,*,*,*,Male,*,<=50K,26531
4,17,*,*,9,*,*,*,Female,*,<=50K,26535
4,19,*,*,10,*,*,*,Female,*,<=50K,26536
4,23,*,*,12,*,*,*,Female,*,<=50K,26537
4,18,*,*,9,*,*,*,Male,*,>50K,26539
4,26,*,*,13,*,*,*,Male,*,<=50K,26540
4,19,*,*,10,*,*,*,Female,*,<=50K,26541
4,22,*,*,11,*,*,*,Male,*,<=50K,26542
4,19,*,*,10,*,*,*,Female,*,<=50K,26543
4,26,*,*,13,*,*,*,Male,*,>50K,26544
4,20,*,*,10,*,*,*,Male,*,<=50K,26545
4,17,*,*,9,*,*,*,Female,*,<=50K,26546
4,18,*,*,9,*,*,*,Male,*,<=50K,26547
4,20,*,*,10,*,*,*,Male,*,<=50K,26549
4,8,*,*,4,*,*,*,Male,*,<=50K,26550
4,19,*,*,10,*,*,*,Female,*,<=50K,26551
4,19,*,*,10,*,*,*,Female,*,<=50K,26552
4,26,*,*,13,*,*,*,Male,*,<=50K,26553
4,21,*,*,11,*,*,*,Female,*,<=50K,26554
4,17,*,*,9,*,*,*,Female,*,<=50K,26557
4,23,*,*,12,*,*,*,Female,*,<=50K,26558
4,23,*,*,12,*,*,*,Female,*,<=50K,26559
4,18,*,*,9,*,*,*,Male,*,<=50K,26560
4,19,*,*,10,*,*,*,Female,*,<=50K,26561
4,18,*,*,9,*,*,*,Male,*,<=50K,26562
4,17,*,*,9,*,*,*,Female,*,<=50K,26563
4,17,*,*,9,*,*,*,Female,*,<=50K,26564
4,18,*,*,9,*,*,*,Male,*,<=50K,26565
4,18,*,*,9,*,*,*,Male,*,<=50K,26566
4,3,*,*,2,*,*,*,Female,*,<=50K,26567
4,10,*,*,5,*,*,*,Male,*,<=50K,26568
4,17,*,*,9,*,*,*,Female,*,>50K,26570
4,18,*,*,9,*,*,*,Male,*,<=50K,26571
4,20,*,*,10,*,*,*,Male,*,>50K,26573
4,25,*,*,13,*,*,*,Female,*,<=50K,26574
4,8,*,*,4,*,*,*,Male,*,<=50K,26577
4,26,*,*,13,*,*,*,Male,*,<=50K,26578
4,15,*,*,8,*,*,*,Female,*,<=50K,26579
4,28,*,*,14,*,*,*,Male,*,>50K,26580
4,17,*,*,9,*,*,*,Female,*,<=50K,26581
4,17,*,*,9,*,*,*,Female,*,<=50K,26582
4,27,*,*,14,*,*,*,Female,*,>50K,26584
4,26,*,*,13,*,*,*,Male,*,<=50K,26585
4,17,*,*,9,*,*,*,Female,*,<=50K,26587
4,19,*,*,10,*,*,*,Female,*,<=50K,26588
4,32,*,*,16,*,*,*,Male,*,>50K,26590
4,26,*,*,13,*,*,*,Male,*,<=50K,26591
4,26,*,*,13,*,*,*,Male,*,>50K,26592
4,17,*,*,9,*,*,*,Female,*,<=50K,26593
4,26,*,*,13,*,*,*,Male,*,>50K,26594
4,18,*,*,9,*,*,*,Male,*,<=50K,26595
4,17,*,*,9,*,*,*,Female,*,<=50K,26596
4,18,*,*,9,*,*,*,Male,*,<=50K,26597
4,11,*,*,6,*,*,*,Female,*,<=50K,26598
4,18,*,*,9,*,*,*,Male,*,<=50K,26599
4,25,*,*,13,*,*,*,Female,*,>50K,26600
4,17,*,*,9,*,*,*,Female,*,<=50K,26601
4,18,*,*,9,*,*,*,Male,*,<=50K,26603
4,17,*,*,9,*,*,*,Female,*,>50K,26605
4,20,*,*,10,*,*,*,Male,*,<=50K,26606
4,20,*,*,10,*,*,*,Male,*,<=50K,26607
4,18,*,*,9,*,*,*,Male,*,<=50K,26608
4,16,*,*,8,*,*,*,Male,*,>50K,26609
4,20,*,*,10,*,*,*,Male,*,<=50K,26611
4,17,*,*,9,*,*,*,Female,*,<=50K,26612
4,19,*,*,10,*,*,*,Female,*,<=50K,26613
4,19,*,*,10,*,*,*,Female,*,<=50K,26614
4,18,*,*,9,*,*,*,Male,*,<=50K,26615
4,12,*,*,6,*,*,*,Male,*,>50K,26616
4,19,*,*,10,*,*,*,Female,*,<=50K,26617
4,20,*,*,10,*,*,*,Male,*,>50K,26619
4,18,*,*,9,*,*,*,Male,*,<=50K,26621
4,29,*,*,15,*,*,*,Female,*,<=50K,26622
4,18,*,*,9,*,*,*,Male,*,<=50K,26623
4,18,*,*,9,*,*,*,Male,*,<=50K,26624
4,25,*,*,13,*,*,*,Female,*,<=50K,26625
4,10,*,*,5,*,*,*,Male,*,>50K,26626
4,7,*,*,4,*,*,*,Female,*,<=50K,26627
4,26,*,*,13,*,*,*,Male,*,>50K,26628
4,24,*,*,12,*,*,*,Male,*,<=50K,26629
4,26,*,*,13,*,*,*,Male,*,<=50K,26631
4,25,*,*,13,*,*,*,Female,*,<=50K,26632
4,18,*,*,9,*,*,*,Male,*,<=50K,26633
4,26,*,*,13,*,*,*,Male,*,>50K,26635
4,17,*,*,9,*,*,*,Female,*,<=50K,26636
4,18,*,*,9,*,*,*,Male,*,<=50K,26637
4,28,*,*,14,*,*,*,Male,*,>50K,26638
4,18,*,*,9,*,*,*,Male,*,<=50K,26639
4,18,*,*,9,*,*,*,Male,*,<=50K,26640
4,22,*,*,11,*,*,*,Male,*,<=50K,26642
4,10,*,*,5,*,*,*,Male,*,<=50K,26644
4,18,*,*,9,*,*,*,Male,*,<=50K,26645
4,20,*,*,10,*,*,*,Male,*,<=50K,26646
4,19,*,*,10,*,*,*,Female,*,<=50K,26647
4,18,*,*,9,*,*,*,Male,*,<=50K,26648
4,26,*,*,13,*,*,*,Male,*,>50K,26649
4,19,*,*,10,*,*,*,Female,*,<=50K,26650
4,18,*,*,9,*,*,*,Male,*,<=50K,26651
4,17,*,*,9,*,*,*,Female,*,<=50K,26652
4,27,*,*,14,*,*,*,Female,*,>50K,26653
4,26,*,*,13,*,*,*,Male,*,>50K,26654
4,18,*,*,9,*,*,*,Male,*,<=50K,26655
4,26,*,*,13,*,*,*,Male,*,<=50K,26656
4,18,*,*,9,*,*,*,Male,*,<=50K,26657
4,18,*,*,9,*,*,*,Male,*,<=50K,26658
4,13,*,*,7,*,*,*,Female,*,<=50K,26659
4,17,*,*,9,*,*,*,Female,*,<=50K,26660
4,20,*,*,10,*,*,*,Male,*,<=50K,26661
4,17,*,*,9,*,*,*,Female,*,<=50K,26662
4,18,*,*,9,*,*,*,Male,*,>50K,26664
4,32,*,*,16,*,*,*,Male,*,>50K,26665
4,20,*,*,10,*,*,*,Male,*,<=50K,26666
4,20,*,*,10,*,*,*,Male,*,<=50K,26667
4,25,*,*,13,*,*,*,Female,*,<=50K,26669
4,18,*,*,9,*,*,*,Male,*,<=50K,26670
4,18,*,*,9,*,*,*,Male,*,<=50K,26671
4,20,*,*,10,*,*,*,Male,*,<=50K,26672
4,14,*,*,7,*,*,*,Male,*,<=50K,26673
4,28,*,*,14,*,*,*,Male,*,>50K,26674
4,18,*,*,9,*,*,*,Male,*,<=50K,26675
4,20,*,*,10,*,*,*,Male,*,<=50K,26676
4,18,*,*,9,*,*,*,Male,*,<=50K,26677
4,20,*,*,10,*,*,*,Male,*,<=50K,26678
4,18,*,*,9,*,*,*,Male,*,<=50K,26679
4,17,*,*,9,*,*,*,Female,*,<=50K,26680
4,20,*,*,10,*,*,*,Male,*,<=50K,26683
4,18,*,*,9,*,*,*,Male,*,>50K,26684
4,28,*,*,14,*,*,*,Male,*,<=50K,26685
4,18,*,*,9,*,*,*,Male,*,>50K,26686
4,26,*,*,13,*,*,*,Male,*,>50K,26687
4,17,*,*,9,*,*,*,Female,*,<=50K,26688
4,20,*,*,10,*,*,*,Male,*,<=50K,26689
4,18,*,*,9,*,*,*,Male,*,<=50K,26690
4,21,*,*,11,*,*,*,Female,*,<=50K,26691
4,16,*,*,8,*,*,*,Male,*,<=50K,26692
4,17,*,*,9,*,*,*,Female,*,<=50K,26693
4,3,*,*,2,*,*,*,Female,*,<=50K,26694
4,19,*,*,10,*,*,*,Female,*,<=50K,26695
4,18,*,*,9,*,*,*,Male,*,<=50K,26696
4,25,*,*,13,*,*,*,Female,*,<=50K,26697
4,26,*,*,13,*,*,*,Male,*,>50K,26698
4,25,*,*,13,*,*,*,Female,*,<=50K,26699
4,18,*,*,9,*,*,*,Male,*,<=50K,26700
4,9,*,*,5,*,*,*,Female,*,<=50K,26701
4,20,*,*,10,*,*,*,Male,*,<=50K,26702
4,24,*,*,12,*,*,*,Male,*,>50K,26703
4,17,*,*,9,*,*,*,Female,*,<=50K,26704
4,32,*,*,16,*,*,*,Male,*,>50K,26705
4,18,*,*,9,*,*,*,Male,*,>50K,26706
4,26,*,*,13,*,*,*,Male,*,>50K,26707
4,5,*,*,3,*,*,*,Female,*,<=50K,26708
4,17,*,*,9,*,*,*,Female,*,<=50K,26709
4,14,*,*,7,*,*,*,Male,*,<=50K,26710
4,19,*,*,10,*,*,*,Female,*,<=50K,26712
4,17,*,*,9,*,*,*,Female,*,<=50K,26713
4,17,*,*,9,*,*,*,Female,*,<=50K,26714
4,26,*,*,13,*,*,*,Male,*,>50K,26715
4,20,*,*,10,*,*,*,Male,*,>50K,26716
4,17,*,*,9,*,*,*,Female,*,<=50K,26717
4,17,*,*,9,*,*,*,Female,*,<=50K,26719
4,18,*,*,9,*,*,*,Male,*,<=50K,26720
4,18,*,*,9,*,*,*,Male,*,<=50K,26724
4,20,*,*,10,*,*,*,Male,*,>50K,26725
4,31,*,*,16,*,*,*,Female,*,<=50K,26726
4,18,*,*,9,*,*,*,Male,*,<=50K,26728
4,12,*,*,6,*,*,*,Male,*,<=50K,26729
4,14,*,*,7,*,*,*,Male,*,<=50K,26730
4,18,*,*,9,*,*,*,Male,*,<=50K,26731
4,32,*,*,16,*,*,*,Male,*,>50K,26732
4,32,*,*,16,*,*,*,Male,*,>50K,26733
4,18,*,*,9,*,*,*,Male,*,<=50K,26734
4,18,*,*,9,*,*,*,Male,*,<=50K,26735
4,26,*,*,13,*,*,*,Male,*,>50K,26736
4,17,*,*,9,*,*,*,Female,*,<=50K,26737
4,26,*,*,13,*,*,*,Male,*,<=50K,26738
4,19,*,*,10,*,*,*,Female,*,<=50K,26739
4,18,*,*,9,*,*,*,Male,*,<=50K,26740
4,18,*,*,9,*,*,*,Male,*,<=50K,26741
4,20,*,*,10,*,*,*,Male,*,<=50K,26742
4,13,*,*,7,*,*,*,Female,*,<=50K,26743
4,13,*,*,7,*,*,*,Female,*,<=50K,26744
4,18,*,*,9,*,*,*,Male,*,<=50K,26745
4,18,*,*,9,*,*,*,Male,*,<=50K,26746
4,18,*,*,9,*,*,*,Male,*,<=50K,26747
4,22,*,*,11,*,*,*,Male,*,>50K,26749
4,25,*,*,13,*,*,*,Female,*,<=50K,26750
4,17,*,*,9,*,*,*,Female,*,<=50K,26752
4,24,*,*,12,*,*,*,Male,*,<=50K,26753
4,28,*,*,14,*,*,*,Male,*,<=50K,26754
4,17,*,*,9,*,*,*,Female,*,<=50K,26755
4,18,*,*,9,*,*,*,Male,*,<=50K,26757
4,20,*,*,10,*,*,*,Male,*,>50K,26758
4,24,*,*,12,*,*,*,Male,*,>50K,26760
4,18,*,*,9,*,*,*,Male,*,<=50K,26762
4,18,*,*,9,*,*,*,Male,*,<=50K,26763
4,18,*,*,9,*,*,*,Male,*,<=50K,26764
4,20,*,*,10,*,*,*,Male,*,<=50K,26766
4,25,*,*,13,*,*,*,Female,*,<=50K,26768
4,18,*,*,9,*,*,*,Male,*,>50K,26769
4,19,*,*,10,*,*,*,Female,*,<=50K,26770
4,20,*,*,10,*,*,*,Male,*,>50K,26771
4,19,*,*,10,*,*,*,Female,*,<=50K,26772
4,18,*,*,9,*,*,*,Male,*,<=50K,26773
4,18,*,*,9,*,*,*,Male,*,>50K,26774
4,19,*,*,10,*,*,*,Female,*,<=50K,26775
4,18,*,*,9,*,*,*,Male,*,<=50K,26776
4,18,*,*,9,*,*,*,Male,*,<=50K,26777
4,28,*,*,14,*,*,*,Male,*,>50K,26779
4,26,*,*,13,*,*,*,Male,*,<=50K,26781
4,27,*,*,14,*,*,*,Female,*,<=50K,26782
4,20,*,*,10,*,*,*,Male,*,<=50K,26783
4,13,*,*,7,*,*,*,Female,*,<=50K,26784
4,26,*,*,13,*,*,*,Male,*,>50K,26785
4,17,*,*,9,*,*,*,Female,*,<=50K,26787
4,18,*,*,9,*,*,*,Male,*,<=50K,26788
4,20,*,*,10,*,*,*,Male,*,<=50K,26789
4,7,*,*,4,*,*,*,Female,*,<=50K,26790
4,27,*,*,14,*,*,*,Female,*,<=50K,26791
4,26,*,*,13,*,*,*,Male,*,>50K,26792
4,20,*,*,10,*,*,*,Male,*,<=50K,26793
4,26,*,*,13,*,*,*,Male,*,>50K,26795
4,18,*,*,9,*,*,*,Male,*,>50K,26797
4,17,*,*,9,*,*,*,Female,*,<=50K,26798
4,17,*,*,9,*,*,*,Female,*,<=50K,26799
4,19,*,*,10,*,*,*,Female,*,<=50K,26800
4,17,*,*,9,*,*,*,Female,*,<=50K,26801
4,26,*,*,13,*,*,*,Male,*,>50K,26803
4,20,*,*,10,*,*,*,Male,*,<=50K,26804
4,18,*,*,9,*,*,*,Male,*,<=50K,26805
4,18,*,*,9,*,*,*,Male,*,<=50K,26806
4,20,*,*,10,*,*,*,Male,*,<=50K,26807
4,18,*,*,9,*,*,*,Male,*,>50K,26808
4,19,*,*,10,*,*,*,Female,*,<=50K,26810
4,18,*,*,9,*,*,*,Male,*,<=50K,26813
4,18,*,*,9,*,*,*,Male,*,>50K,26814
4,17,*,*,9,*,*,*,Female,*,<=50K,26815
4,26,*,*,13,*,*,*,Male,*,<=50K,26816
4,18,*,*,9,*,*,*,Male,*,<=50K,26817
4,18,*,*,9,*,*,*,Male,*,>50K,26818
4,26,*,*,13,*,*,*,Male,*,<=50K,26819
4,18,*,*,9,*,*,*,Male,*,<=50K,26820
4,19,*,*,10,*,*,*,Female,*,<=50K,26821
4,17,*,*,9,*,*,*,Female,*,<=50K,26822
4,26,*,*,13,*,*,*,Male,*,>50K,26823
4,20,*,*,10,*,*,*,Male,*,<=50K,26824
4,18,*,*,9,*,*,*,Male,*,<=50K,26825
4,12,*,*,6,*,*,*,Male,*,<=50K,26826
4,18,*,*,9,*,*,*,Male,*,<=50K,26827
4,25,*,*,13,*,*,*,Female,*,<=50K,26828
4,26,*,*,13,*,*,*,Male,*,<=50K,26829
4,18,*,*,9,*,*,*,Male,*,<=50K,26830
4,18,*,*,9,*,*,*,Male,*,>50K,26831
4,17,*,*,9,*,*,*,Female,*,<=50K,26833
4,26,*,*,13,*,*,*,Male,*,>50K,26834
4,2,*,*,1,*,*,*,Male,*,<=50K,26835
4,25,*,*,13,*,*,*,Female,*,<=50K,26836
4,20,*,*,10,*,*,*,Male,*,>50K,26837
4,20,*,*,10,*,*,*,Male,*,<=50K,26838
4,17,*,*,9,*,*,*,Female,*,<=50K,26839
4,18,*,*,9,*,*,*,Male,*,<=50K,26840
4,17,*,*,9,*,*,*,Female,*,<=50K,26841
4,20,*,*,10,*,*,*,Male,*,<=50K,26842
4,14,*,*,7,*,*,*,Male,*,<=50K,26843
4,18,*,*,9,*,*,*,Male,*,<=50K,26844
4,8,*,*,4,*,*,*,Male,*,<=50K,26846
4,18,*,*,9,*,*,*,Male,*,<=50K,26847
4,17,*,*,9,*,*,*,Female,*,<=50K,26848
4,12,*,*,6,*,*,*,Male,*,<=50K,26850
4,19,*,*,10,*,*,*,Female,*,<=50K,26851
4,18,*,*,9,*,*,*,Male,*,<=50K,26852
4,10,*,*,5,*,*,*,Male,*,<=50K,26853
4,18,*,*,9,*,*,*,Male,*,<=50K,26854
4,18,*,*,9,*,*,*,Male,*,<=50K,26856
4,18,*,*,9,*,*,*,Male,*,>50K,26857
4,19,*,*,10,*,*,*,Female,*,<=50K,26858
4,17,*,*,9,*,*,*,Female,*,<=50K,26860
4,13,*,*,7,*,*,*,Female,*,<=50K,26861
4,27,*,*,14,*,*,*,Female,*,<=50K,26863
4,10,*,*,5,*,*,*,Male,*,>50K,26864
4,20,*,*,10,*,*,*,Male,*,<=50K,26865
4,17,*,*,9,*,*,*,Female,*,<=50K,26866
4,18,*,*,9,*,*,*,Male,*,<=50K,26867
4,17,*,*,9,*,*,*,Female,*,<=50K,26869
4,19,*,*,10,*,*,*,Female,*,<=50K,26870
4,21,*,*,11,*,*,*,Female,*,<=50K,26872
4,18,*,*,9,*,*,*,Male,*,<=50K,26873
4,5,*,*,3,*,*,*,Female,*,<=50K,26875
4,6,*,*,3,*,*,*,Male,*,<=50K,26876
4,13,*,*,7,*,*,*,Female,*,<=50K,26877
4,17,*,*,9,*,*,*,Female,*,<=50K,26878
4,8,*,*,4,*,*,*,Male,*,<=50K,26879
4,26,*,*,13,*,*,*,Male,*,>50K,26880
4,20,*,*,10,*,*,*,Male,*,<=50K,26881
4,23,*,*,12,*,*,*,Female,*,<=50K,26883
4,20,*,*,10,*,*,*,Male,*,<=50K,26884
4,21,*,*,11,*,*,*,Female,*,>50K,26885
4,18,*,*,9,*,*,*,Male,*,<=50K,26886
4,13,*,*,7,*,*,*,Female,*,<=50K,26887
4,25,*,*,13,*,*,*,Female,*,>50K,26888
4,26,*,*,13,*,*,*,Male,*,<=50K,26889
4,18,*,*,9,*,*,*,Male,*,<=50K,26890
4,18,*,*,9,*,*,*,Male,*,<=50K,26891
4,26,*,*,13,*,*,*,Male,*,<=50K,26892
4,18,*,*,9,*,*,*,Male,*,<=50K,26893
4,17,*,*,9,*,*,*,Female,*,<=50K,26894
4,18,*,*,9,*,*,*,Male,*,<=50K,26895
4,19,*,*,10,*,*,*,Female,*,<=50K,26897
4,26,*,*,13,*,*,*,Male,*,>50K,26898
4,18,*,*,9,*,*,*,Male,*,>50K,26899
4,10,*,*,5,*,*,*,Male,*,<=50K,26900
4,11,*,*,6,*,*,*,Female,*,<=50K,26903
4,18,*,*,9,*,*,*,Male,*,<=50K,26904
4,24,*,*,12,*,*,*,Male,*,<=50K,26905
4,10,*,*,5,*,*,*,Male,*,<=50K,26906
4,6,*,*,3,*,*,*,Male,*,<=50K,26907
4,19,*,*,10,*,*,*,Female,*,<=50K,26908
4,18,*,*,9,*,*,*,Male,*,<=50K,26909
4,18,*,*,9,*,*,*,Male,*,<=50K,26910
4,24,*,*,12,*,*,*,Male,*,<=50K,26911
4,18,*,*,9,*,*,*,Male,*,<=50K,26912
4,17,*,*,9,*,*,*,Female,*,<=50K,26913
4,18,*,*,9,*,*,*,Male,*,<=50K,26915
4,10,*,*,5,*,*,*,Male,*,<=50K,26917
4,25,*,*,13,*,*,*,Female,*,<=50K,26919
4,18,*,*,9,*,*,*,Male,*,<=50K,26920
4,20,*,*,10,*,*,*,Male,*,<=50K,26921
4,7,*,*,4,*,*,*,Female,*,<=50K,26922
4,19,*,*,10,*,*,*,Female,*,<=50K,26923
4,24,*,*,12,*,*,*,Male,*,<=50K,26924
4,20,*,*,10,*,*,*,Male,*,>50K,26925
4,3,*,*,2,*,*,*,Female,*,<=50K,26926
4,26,*,*,13,*,*,*,Male,*,<=50K,26927
4,20,*,*,10,*,*,*,Male,*,>50K,26928
4,32,*,*,16,*,*,*,Male,*,>50K,26929
4,25,*,*,13,*,*,*,Female,*,<=50K,26930
4,25,*,*,13,*,*,*,Female,*,<=50K,26931
4,25,*,*,13,*,*,*,Female,*,<=50K,26932
4,24,*,*,12,*,*,*,Male,*,<=50K,26933
4,18,*,*,9,*,*,*,Male,*,<=50K,26934
4,13,*,*,7,*,*,*,Female,*,<=50K,26935
4,17,*,*,9,*,*,*,Female,*,<=50K,26936
4,18,*,*,9,*,*,*,Male,*,<=50K,26937
4,21,*,*,11,*,*,*,Female,*,<=50K,26938
4,20,*,*,10,*,*,*,Male,*,>50K,26939
4,28,*,*,14,*,*,*,Male,*,>50K,26940
4,8,*,*,4,*,*,*,Male,*,<=50K,26941
4,30,*,*,15,*,*,*,Male,*,>50K,26943
4,22,*,*,11,*,*,*,Male,*,>50K,26945
4,20,*,*,10,*,*,*,Male,*,<=50K,26946
4,25,*,*,13,*,*,*,Female,*,<=50K,26948
4,27,*,*,14,*,*,*,Female,*,<=50K,26949
4,26,*,*,13,*,*,*,Male,*,<=50K,26950
4,26,*,*,13,*,*,*,Male,*,>50K,26951
4,28,*,*,14,*,*,*,Male,*,>50K,26952
4,25,*,*,13,*,*,*,Female,*,>50K,26953
4,18,*,*,9,*,*,*,Male,*,<=50K,26954
4,19,*,*,10,*,*,*,Female,*,<=50K,26955
4,17,*,*,9,*,*,*,Female,*,<=50K,26957
4,19,*,*,10,*,*,*,Female,*,<=50K,26959
4,27,*,*,14,*,*,*,Female,*,<=50K,26960
4,17,*,*,9,*,*,*,Female,*,<=50K,26961
4,20,*,*,10,*,*,*,Male,*,>50K,26962
4,26,*,*,13,*,*,*,Male,*,>50K,26964
4,23,*,*,12,*,*,*,Female,*,<=50K,26965
4,19,*,*,10,*,*,*,Female,*,<=50K,26966
4,20,*,*,10,*,*,*,Male,*,<=50K,26967
4,28,*,*,14,*,*,*,Male,*,>50K,26968
4,17,*,*,9,*,*,*,Female,*,<=50K,26969
4,21,*,*,11,*,*,*,Female,*,<=50K,26970
4,28,*,*,14,*,*,*,Male,*,>50K,26972
4,26,*,*,13,*,*,*,Male,*,>50K,26973
4,26,*,*,13,*,*,*,Male,*,>50K,26974
4,20,*,*,10,*,*,*,Male,*,<=50K,26977
4,11,*,*,6,*,*,*,Female,*,<=50K,26978
4,14,*,*,7,*,*,*,Male,*,<=50K,26979
4,28,*,*,14,*,*,*,Male,*,<=50K,26980
4,18,*,*,9,*,*,*,Male,*,>50K,26981
4,24,*,*,12,*,*,*,Male,*,<=50K,26982
4,12,*,*,6,*,*,*,Male,*,<=50K,26983
4,18,*,*,9,*,*,*,Male,*,<=50K,26984
4,19,*,*,10,*,*,*,Female,*,<=50K,26985
4,17,*,*,9,*,*,*,Female,*,<=50K,26986
4,19,*,*,10,*,*,*,Female,*,<=50K,26987
4,28,*,*,14,*,*,*,Male,*,<=50K,26988
4,26,*,*,13,*,*,*,Male,*,<=50K,26989
4,17,*,*,9,*,*,*,Female,*,<=50K,26991
4,10,*,*,5,*,*,*,Male,*,<=50K,26993
4,18,*,*,9,*,*,*,Male,*,<=50K,26994
4,20,*,*,10,*,*,*,Male,*,<=50K,26995
4,8,*,*,4,*,*,*,Male,*,<=50K,26996
4,20,*,*,10,*,*,*,Male,*,<=50K,26997
4,20,*,*,10,*,*,*,Male,*,<=50K,26998
4,17,*,*,9,*,*,*,Female,*,<=50K,26999
4,18,*,*,9,*,*,*,Male,*,<=50K,27000
4,26,*,*,13,*,*,*,Male,*,>50K,27003
4,4,*,*,2,*,*,*,Male,*,<=50K,27004
4,18,*,*,9,*,*,*,Male,*,<=50K,27005
4,26,*,*,13,*,*,*,Male,*,<=50K,27006
4,18,*,*,9,*,*,*,Male,*,<=50K,27007
4,18,*,*,9,*,*,*,Male,*,>50K,27008
4,25,*,*,13,*,*,*,Female,*,<=50K,27009
4,6,*,*,3,*,*,*,Male,*,<=50K,27010
4,26,*,*,13,*,*,*,Male,*,<=50K,27011
4,20,*,*,10,*,*,*,Male,*,<=50K,27012
4,18,*,*,9,*,*,*,Male,*,<=50K,27013
4,20,*,*,10,*,*,*,Male,*,>50K,27014
4,22,*,*,11,*,*,*,Male,*,<=50K,27015
4,19,*,*,10,*,*,*,Female,*,<=50K,27016
4,18,*,*,9,*,*,*,Male,*,<=50K,27017
4,24,*,*,12,*,*,*,Male,*,>50K,27019
4,20,*,*,10,*,*,*,Male,*,<=50K,27020
4,18,*,*,9,*,*,*,Male,*,<=50K,27022
4,26,*,*,13,*,*,*,Male,*,<=50K,27024
4,14,*,*,7,*,*,*,Male,*,<=50K,27025
4,17,*,*,9,*,*,*,Female,*,<=50K,27027
4,20,*,*,10,*,*,*,Male,*,<=50K,27028
4,20,*,*,10,*,*,*,Male,*,<=50K,27029
4,20,*,*,10,*,*,*,Male,*,>50K,27030
4,14,*,*,7,*,*,*,Male,*,<=50K,27031
4,23,*,*,12,*,*,*,Female,*,<=50K,27032
4,18,*,*,9,*,*,*,Male,*,<=50K,27033
4,13,*,*,7,*,*,*,Female,*,<=50K,27034
4,18,*,*,9,*,*,*,Male,*,<=50K,27035
4,24,*,*,12,*,*,*,Male,*,<=50K,27036
4,18,*,*,9,*,*,*,Male,*,<=50K,27037
4,18,*,*,9,*,*,*,Male,*,<=50K,27038
4,26,*,*,13,*,*,*,Male,*,<=50K,27039
4,26,*,*,13,*,*,*,Male,*,>50K,27040
4,18,*,*,9,*,*,*,Male,*,<=50K,27041
4,25,*,*,13,*,*,*,Female,*,<=50K,27042
4,18,*,*,9,*,*,*,Male,*,<=50K,27044
4,21,*,*,11,*,*,*,Female,*,<=50K,27045
4,30,*,*,15,*,*,*,Male,*,>50K,27047
4,19,*,*,10,*,*,*,Female,*,<=50K,27048
4,18,*,*,9,*,*,*,Male,*,<=50K,27049
4,18,*,*,9,*,*,*,Male,*,<=50K,27050
4,18,*,*,9,*,*,*,Male,*,<=50K,27051
4,14,*,*,7,*,*,*,Male,*,<=50K,27052
4,26,*,*,13,*,*,*,Male,*,>50K,27053
4,22,*,*,11,*,*,*,Male,*,<=50K,27054
4,18,*,*,9,*,*,*,Male,*,<=50K,27055
4,20,*,*,10,*,*,*,Male,*,<=50K,27056
4,20,*,*,10,*,*,*,Male,*,<=50K,27057
4,9,*,*,5,*,*,*,Female,*,<=50K,27058
4,30,*,*,15,*,*,*,Male,*,<=50K,27059
4,19,*,*,10,*,*,*,Female,*,<=50K,27060
4,14,*,*,7,*,*,*,Male,*,<=50K,27061
4,28,*,*,14,*,*,*,Male,*,>50K,27064
4,23,*,*,12,*,*,*,Female,*,<=50K,27066
4,20,*,*,10,*,*,*,Male,*,>50K,27069
4,20,*,*,10,*,*,*,Male,*,<=50K,27070
4,25,*,*,13,*,*,*,Female,*,>50K,27071
4,27,*,*,14,*,*,*,Female,*,<=50K,27072
4,19,*,*,10,*,*,*,Female,*,<=50K,27073
4,8,*,*,4,*,*,*,Male,*,>50K,27076
4,25,*,*,13,*,*,*,Female,*,<=50K,27077
4,22,*,*,11,*,*,*,Male,*,<=50K,27078
4,14,*,*,7,*,*,*,Male,*,<=50K,27079
4,18,*,*,9,*,*,*,Male,*,<=50K,27080
4,24,*,*,12,*,*,*,Male,*,<=50K,27081
4,20,*,*,10,*,*,*,Male,*,<=50K,27082
4,27,*,*,14,*,*,*,Female,*,<=50K,27083
4,28,*,*,14,*,*,*,Male,*,>50K,27084
4,18,*,*,9,*,*,*,Male,*,<=50K,27085
4,18,*,*,9,*,*,*,Male,*,<=50K,27087
4,18,*,*,9,*,*,*,Male,*,>50K,27089
4,20,*,*,10,*,*,*,Male,*,>50K,27091
4,18,*,*,9,*,*,*,Male,*,<=50K,27092
4,17,*,*,9,*,*,*,Female,*,<=50K,27093
4,19,*,*,10,*,*,*,Female,*,<=50K,27094
4,18,*,*,9,*,*,*,Male,*,<=50K,27095
4,20,*,*,10,*,*,*,Male,*,<=50K,27096
4,14,*,*,7,*,*,*,Male,*,<=50K,27097
4,20,*,*,10,*,*,*,Male,*,<=50K,27098
4,6,*,*,3,*,*,*,Male,*,<=50K,27099
4,18,*,*,9,*,*,*,Male,*,<=50K,27100
4,22,*,*,11,*,*,*,Male,*,>50K,27101
4,18,*,*,9,*,*,*,Male,*,>50K,27102
4,25,*,*,13,*,*,*,Female,*,<=50K,27103
4,20,*,*,10,*,*,*,Male,*,>50K,27104
4,28,*,*,14,*,*,*,Male,*,>50K,27106
4,17,*,*,9,*,*,*,Female,*,<=50K,27108
4,18,*,*,9,*,*,*,Male,*,<=50K,27110
4,30,*,*,15,*,*,*,Male,*,>50K,27111
4,25,*,*,13,*,*,*,Female,*,<=50K,27112
4,17,*,*,9,*,*,*,Female,*,>50K,27113
4,20,*,*,10,*,*,*,Male,*,<=50K,27114
4,24,*,*,12,*,*,*,Male,*,<=50K,27115
4,18,*,*,9,*,*,*,Male,*,>50K,27116
4,17,*,*,9,*,*,*,Female,*,<=50K,27117
4,17,*,*,9,*,*,*,Female,*,<=50K,27118
4,14,*,*,7,*,*,*,Male,*,<=50K,27119
4,18,*,*,9,*,*,*,Male,*,>50K,27120
4,5,*,*,3,*,*,*,Female,*,<=50K,27121
4,21,*,*,11,*,*,*,Female,*,<=50K,27123
4,18,*,*,9,*,*,*,Male,*,<=50K,27124
4,28,*,*,14,*,*,*,Male,*,>50K,27125
4,5,*,*,3,*,*,*,Female,*,<=50K,27126
4,17,*,*,9,*,*,*,Female,*,<=50K,27127
4,20,*,*,10,*,*,*,Male,*,<=50K,27128
4,26,*,*,13,*,*,*,Male,*,<=50K,27129
4,13,*,*,7,*,*,*,Female,*,<=50K,27130
4,14,*,*,7,*,*,*,Male,*,<=50K,27131
4,20,*,*,10,*,*,*,Male,*,>50K,27132
4,19,*,*,10,*,*,*,Female,*,<=50K,27133
4,17,*,*,9,*,*,*,Female,*,<=50K,27134
4,31,*,*,16,*,*,*,Female,*,<=50K,27135
4,26,*,*,13,*,*,*,Male,*,>50K,27136
4,19,*,*,10,*,*,*,Female,*,<=50K,27138
4,18,*,*,9,*,*,*,Male,*,<=50K,27139
4,19,*,*,10,*,*,*,Female,*,<=50K,27140
4,18,*,*,9,*,*,*,Male,*,<=50K,27142
4,14,*,*,7,*,*,*,Male,*,<=50K,27143
4,8,*,*,4,*,*,*,Male,*,<=50K,27144
4,19,*,*,10,*,*,*,Female,*,<=50K,27148
4,26,*,*,13,*,*,*,Male,*,>50K,27149
4,11,*,*,6,*,*,*,Female,*,<=50K,27150
4,19,*,*,10,*,*,*,Female,*,<=50K,27151
4,25,*,*,13,*,*,*,Female,*,<=50K,27152
4,22,*,*,11,*,*,*,Male,*,<=50K,27153
4,12,*,*,6,*,*,*,Male,*,<=50K,27154
4,23,*,*,12,*,*,*,Female,*,<=50K,27156
4,20,*,*,10,*,*,*,Male,*,<=50K,27157
4,21,*,*,11,*,*,*,Female,*,>50K,27158
4,17,*,*,9,*,*,*,Female,*,<=50K,27159
4,17,*,*,9,*,*,*,Female,*,<=50K,27160
4,32,*,*,16,*,*,*,Male,*,<=50K,27161
4,18,*,*,9,*,*,*,Male,*,<=50K,27162
4,24,*,*,12,*,*,*,Male,*,<=50K,27164
4,25,*,*,13,*,*,*,Female,*,>50K,27165
4,17,*,*,9,*,*,*,Female,*,<=50K,27166
4,28,*,*,14,*,*,*,Male,*,>50K,27167
4,19,*,*,10,*,*,*,Female,*,>50K,27168
4,18,*,*,9,*,*,*,Male,*,>50K,27170
4,20,*,*,10,*,*,*,Male,*,<=50K,27172
4,26,*,*,13,*,*,*,Male,*,<=50K,27173
4,18,*,*,9,*,*,*,Male,*,<=50K,27175
4,6,*,*,3,*,*,*,Male,*,>50K,27177
4,18,*,*,9,*,*,*,Male,*,<=50K,27178
4,26,*,*,13,*,*,*,Male,*,>50K,27179
4,15,*,*,8,*,*,*,Female,*,<=50K,27180
4,20,*,*,10,*,*,*,Male,*,<=50K,27181
4,20,*,*,10,*,*,*,Male,*,>50K,27182
4,17,*,*,9,*,*,*,Female,*,<=50K,27183
4,18,*,*,9,*,*,*,Male,*,<=50K,27184
4,20,*,*,10,*,*,*,Male,*,<=50K,27185
4,18,*,*,9,*,*,*,Male,*,<=50K,27186
4,26,*,*,13,*,*,*,Male,*,<=50K,27188
4,19,*,*,10,*,*,*,Female,*,<=50K,27189
4,28,*,*,14,*,*,*,Male,*,<=50K,27190
4,7,*,*,4,*,*,*,Female,*,<=50K,27191
4,19,*,*,10,*,*,*,Female,*,<=50K,27192
4,30,*,*,15,*,*,*,Male,*,>50K,27193
4,12,*,*,6,*,*,*,Male,*,<=50K,27194
4,32,*,*,16,*,*,*,Male,*,>50K,27195
4,8,*,*,4,*,*,*,Male,*,<=50K,27196
4,18,*,*,9,*,*,*,Male,*,<=50K,27197
4,12,*,*,6,*,*,*,Male,*,<=50K,27198
4,18,*,*,9,*,*,*,Male,*,<=50K,27199
4,18,*,*,9,*,*,*,Male,*,<=50K,27200
4,6,*,*,3,*,*,*,Male,*,<=50K,27202
4,17,*,*,9,*,*,*,Female,*,<=50K,27203
4,18,*,*,9,*,*,*,Male,*,<=50K,27206
4,19,*,*,10,*,*,*,Female,*,<=50K,27207
4,24,*,*,12,*,*,*,Male,*,<=50K,27208
4,28,*,*,14,*,*,*,Male,*,>50K,27209
4,26,*,*,13,*,*,*,Male,*,<=50K,27211
4,18,*,*,9,*,*,*,Male,*,<=50K,27212
4,19,*,*,10,*,*,*,Female,*,<=50K,27213
4,8,*,*,4,*,*,*,Male,*,<=50K,27215
4,19,*,*,10,*,*,*,Female,*,<=50K,27217
4,26,*,*,13,*,*,*,Male,*,<=50K,27218
4,26,*,*,13,*,*,*,Male,*,>50K,27220
4,20,*,*,10,*,*,*,Male,*,<=50K,27221
4,26,*,*,13,*,*,*,Male,*,>50K,27222
4,25,*,*,13,*,*,*,Female,*,<=50K,27223
4,22,*,*,11,*,*,*,Male,*,>50K,27224
4,25,*,*,13,*,*,*,Female,*,<=50K,27226
4,17,*,*,9,*,*,*,Female,*,<=50K,27227
4,19,*,*,10,*,*,*,Female,*,>50K,27228
4,18,*,*,9,*,*,*,Male,*,<=50K,27229
4,26,*,*,13,*,*,*,Male,*,>50K,27230
4,20,*,*,10,*,*,*,Male,*,<=50K,27231
4,26,*,*,13,*,*,*,Male,*,<=50K,27232
4,18,*,*,9,*,*,*,Male,*,<=50K,27234
4,28,*,*,14,*,*,*,Male,*,<=50K,27235
4,20,*,*,10,*,*,*,Male,*,<=50K,27236
4,27,*,*,14,*,*,*,Female,*,<=50K,27237
4,17,*,*,9,*,*,*,Female,*,<=50K,27239
4,18,*,*,9,*,*,*,Male,*,<=50K,27240
4,18,*,*,9,*,*,*,Male,*,<=50K,27242
4,20,*,*,10,*,*,*,Male,*,>50K,27243
4,20,*,*,10,*,*,*,Male,*,<=50K,27245
4,28,*,*,14,*,*,*,Male,*,>50K,27246
4,19,*,*,10,*,*,*,Female,*,>50K,27247
4,18,*,*,9,*,*,*,Male,*,<=50K,27248
4,26,*,*,13,*,*,*,Male,*,<=50K,27249
4,18,*,*,9,*,*,*,Male,*,>50K,27250
4,19,*,*,10,*,*,*,Female,*,<=50K,27251
4,18,*,*,9,*,*,*,Male,*,<=50K,27252
4,26,*,*,13,*,*,*,Male,*,<=50K,27253
4,14,*,*,7,*,*,*,Male,*,>50K,27254
4,20,*,*,10,*,*,*,Male,*,>50K,27255
4,19,*,*,10,*,*,*,Female,*,<=50K,27256
4,8,*,*,4,*,*,*,Male,*,<=50K,27257
4,14,*,*,7,*,*,*,Male,*,<=50K,27258
4,20,*,*,10,*,*,*,Male,*,>50K,27259
4,21,*,*,11,*,*,*,Female,*,<=50K,27260
4,26,*,*,13,*,*,*,Male,*,>50K,27263
4,18,*,*,9,*,*,*,Male,*,>50K,27264
4,18,*,*,9,*,*,*,Male,*,<=50K,27265
4,18,*,*,9,*,*,*,Male,*,>50K,27266
4,18,*,*,9,*,*,*,Male,*,<=50K,27267
4,17,*,*,9,*,*,*,Female,*,<=50K,27268
4,22,*,*,11,*,*,*,Male,*,<=50K,27269
4,17,*,*,9,*,*,*,Female,*,>50K,27270
4,18,*,*,9,*,*,*,Male,*,<=50K,27271
4,18,*,*,9,*,*,*,Male,*,<=50K,27273
4,18,*,*,9,*,*,*,Male,*,<=50K,27274
4,20,*,*,10,*,*,*,Male,*,<=50K,27275
4,28,*,*,14,*,*,*,Male,*,>50K,27276
4,11,*,*,6,*,*,*,Female,*,<=50K,27277
4,28,*,*,14,*,*,*,Male,*,>50K,27278
4,24,*,*,12,*,*,*,Male,*,<=50K,27279
4,8,*,*,4,*,*,*,Male,*,<=50K,27280
4,19,*,*,10,*,*,*,Female,*,<=50K,27281
4,19,*,*,10,*,*,*,Female,*,<=50K,27282
4,18,*,*,9,*,*,*,Male,*,>50K,27283
4,19,*,*,10,*,*,*,Female,*,<=50K,27285
4,25,*,*,13,*,*,*,Female,*,<=50K,27286
4,8,*,*,4,*,*,*,Male,*,<=50K,27287
4,18,*,*,9,*,*,*,Male,*,<=50K,27288
4,20,*,*,10,*,*,*,Male,*,>50K,27289
4,17,*,*,9,*,*,*,Female,*,<=50K,27290
4,19,*,*,10,*,*,*,Female,*,<=50K,27291
4,20,*,*,10,*,*,*,Male,*,>50K,27292
4,20,*,*,10,*,*,*,Male,*,>50K,27295
4,27,*,*,14,*,*,*,Female,*,>50K,27296
4,19,*,*,10,*,*,*,Female,*,<=50K,27299
4,18,*,*,9,*,*,*,Male,*,<=50K,27300
4,19,*,*,10,*,*,*,Female,*,<=50K,27301
4,20,*,*,10,*,*,*,Male,*,<=50K,27302
4,29,*,*,15,*,*,*,Female,*,>50K,27303
4,32,*,*,16,*,*,*,Male,*,>50K,27305
4,10,*,*,5,*,*,*,Male,*,<=50K,27306
4,18,*,*,9,*,*,*,Male,*,<=50K,27307
4,18,*,*,9,*,*,*,Male,*,<=50K,27308
4,20,*,*,10,*,*,*,Male,*,<=50K,27309
4,17,*,*,9,*,*,*,Female,*,<=50K,27311
4,19,*,*,10,*,*,*,Female,*,<=50K,27312
4,18,*,*,9,*,*,*,Male,*,<=50K,27314
4,18,*,*,9,*,*,*,Male,*,<=50K,27315
4,18,*,*,9,*,*,*,Male,*,>50K,27316
4,17,*,*,9,*,*,*,Female,*,>50K,27317
4,18,*,*,9,*,*,*,Male,*,<=50K,27319
4,20,*,*,10,*,*,*,Male,*,>50K,27320
4,19,*,*,10,*,*,*,Female,*,<=50K,27321
4,14,*,*,7,*,*,*,Male,*,<=50K,27322
4,26,*,*,13,*,*,*,Male,*,>50K,27323
4,26,*,*,13,*,*,*,Male,*,>50K,27325
4,28,*,*,14,*,*,*,Male,*,<=50K,27327
4,27,*,*,14,*,*,*,Female,*,>50K,27328
4,26,*,*,13,*,*,*,Male,*,>50K,27329
4,17,*,*,9,*,*,*,Female,*,<=50K,27330
4,26,*,*,13,*,*,*,Male,*,>50K,27331
4,18,*,*,9,*,*,*,Male,*,<=50K,27332
4,17,*,*,9,*,*,*,Female,*,<=50K,27333
4,18,*,*,9,*,*,*,Male,*,<=50K,27334
4,15,*,*,8,*,*,*,Female,*,<=50K,27335
4,18,*,*,9,*,*,*,Male,*,>50K,27336
4,9,*,*,5,*,*,*,Female,*,<=50K,27338
4,18,*,*,9,*,*,*,Male,*,<=50K,27339
4,17,*,*,9,*,*,*,Female,*,<=50K,27340
4,18,*,*,9,*,*,*,Male,*,<=50K,27341
4,20,*,*,10,*,*,*,Male,*,<=50K,27342
4,17,*,*,9,*,*,*,Female,*,<=50K,27343
4,20,*,*,10,*,*,*,Male,*,<=50K,27345
4,28,*,*,14,*,*,*,Male,*,>50K,27346
4,18,*,*,9,*,*,*,Male,*,<=50K,27347
4,32,*,*,16,*,*,*,Male,*,>50K,27348
4,19,*,*,10,*,*,*,Female,*,<=50K,27349
4,24,*,*,12,*,*,*,Male,*,<=50K,27350
4,18,*,*,9,*,*,*,Male,*,<=50K,27352
4,10,*,*,5,*,*,*,Male,*,>50K,27353
4,25,*,*,13,*,*,*,Female,*,>50K,27354
4,20,*,*,10,*,*,*,Male,*,<=50K,27355
4,18,*,*,9,*,*,*,Male,*,<=50K,27356
4,17,*,*,9,*,*,*,Female,*,<=50K,27359
4,20,*,*,10,*,*,*,Male,*,<=50K,27361
4,19,*,*,10,*,*,*,Female,*,<=50K,27362
4,8,*,*,4,*,*,*,Male,*,<=50K,27363
4,20,*,*,10,*,*,*,Male,*,<=50K,27364
4,20,*,*,10,*,*,*,Male,*,<=50K,27365
4,26,*,*,13,*,*,*,Male,*,<=50K,27366
4,20,*,*,10,*,*,*,Male,*,>50K,27367
4,18,*,*,9,*,*,*,Male,*,<=50K,27368
4,26,*,*,13,*,*,*,Male,*,>50K,27369
4,28,*,*,14,*,*,*,Male,*,>50K,27370
4,20,*,*,10,*,*,*,Male,*,<=50K,27372
4,18,*,*,9,*,*,*,Male,*,<=50K,27373
4,25,*,*,13,*,*,*,Female,*,<=50K,27374
4,18,*,*,9,*,*,*,Male,*,<=50K,27376
4,17,*,*,9,*,*,*,Female,*,<=50K,27377
4,19,*,*,10,*,*,*,Female,*,<=50K,27378
4,20,*,*,10,*,*,*,Male,*,<=50K,27380
4,18,*,*,9,*,*,*,Male,*,<=50K,27381
4,5,*,*,3,*,*,*,Female,*,<=50K,27382
4,17,*,*,9,*,*,*,Female,*,<=50K,27383
4,26,*,*,13,*,*,*,Male,*,>50K,27384
4,18,*,*,9,*,*,*,Male,*,<=50K,27385
4,20,*,*,10,*,*,*,Male,*,<=50K,27386
4,19,*,*,10,*,*,*,Female,*,<=50K,27388
4,20,*,*,10,*,*,*,Male,*,<=50K,27390
4,20,*,*,10,*,*,*,Male,*,<=50K,27391
4,27,*,*,14,*,*,*,Female,*,<=50K,27392
4,20,*,*,10,*,*,*,Male,*,>50K,27395
4,17,*,*,9,*,*,*,Female,*,<=50K,27397
4,20,*,*,10,*,*,*,Male,*,<=50K,27398
4,16,*,*,8,*,*,*,Male,*,<=50K,27399
4,20,*,*,10,*,*,*,Male,*,<=50K,27400
4,18,*,*,9,*,*,*,Male,*,>50K,27401
4,20,*,*,10,*,*,*,Male,*,<=50K,27402
4,20,*,*,10,*,*,*,Male,*,<=50K,27404
4,19,*,*,10,*,*,*,Female,*,<=50K,27406
4,12,*,*,6,*,*,*,Male,*,<=50K,27407
4,19,*,*,10,*,*,*,Female,*,<=50K,27411
4,22,*,*,11,*,*,*,Male,*,<=50K,27412
4,20,*,*,10,*,*,*,Male,*,<=50K,27414
4,19,*,*,10,*,*,*,Female,*,>50K,27416
4,18,*,*,9,*,*,*,Male,*,>50K,27418
4,19,*,*,10,*,*,*,Female,*,<=50K,27420
4,20,*,*,10,*,*,*,Male,*,>50K,27421
4,18,*,*,9,*,*,*,Male,*,<=50K,27422
4,10,*,*,5,*,*,*,Male,*,<=50K,27423
4,32,*,*,16,*,*,*,Male,*,>50K,27424
4,26,*,*,13,*,*,*,Male,*,<=50K,27425
4,14,*,*,7,*,*,*,Male,*,<=50K,27426
4,18,*,*,9,*,*,*,Male,*,<=50K,27427
4,20,*,*,10,*,*,*,Male,*,<=50K,27428
4,20,*,*,10,*,*,*,Male,*,<=50K,27429
4,32,*,*,16,*,*,*,Male,*,>50K,27431
4,18,*,*,9,*,*,*,Male,*,>50K,27432
4,19,*,*,10,*,*,*,Female,*,<=50K,27433
4,17,*,*,9,*,*,*,Female,*,<=50K,27435
4,26,*,*,13,*,*,*,Male,*,<=50K,27436
4,25,*,*,13,*,*,*,Female,*,>50K,27437
4,13,*,*,7,*,*,*,Female,*,<=50K,27438
4,18,*,*,9,*,*,*,Male,*,>50K,27439
4,14,*,*,7,*,*,*,Male,*,<=50K,27440
4,19,*,*,10,*,*,*,Female,*,<=50K,27441
4,25,*,*,13,*,*,*,Female,*,<=50K,27442
4,28,*,*,14,*,*,*,Male,*,<=50K,27443
4,25,*,*,13,*,*,*,Female,*,>50K,27444
4,22,*,*,11,*,*,*,Male,*,<=50K,27445
4,27,*,*,14,*,*,*,Female,*,<=50K,27446
4,18,*,*,9,*,*,*,Male,*,>50K,27447
4,18,*,*,9,*,*,*,Male,*,<=50K,27448
4,18,*,*,9,*,*,*,Male,*,<=50K,27449
4,18,*,*,9,*,*,*,Male,*,<=50K,27450
4,19,*,*,10,*,*,*,Female,*,<=50K,27451
4,12,*,*,6,*,*,*,Male,*,<=50K,27452
4,17,*,*,9,*,*,*,Female,*,<=50K,27453
4,18,*,*,9,*,*,*,Male,*,<=50K,27454
4,19,*,*,10,*,*,*,Female,*,>50K,27455
4,17,*,*,9,*,*,*,Female,*,<=50K,27456
4,19,*,*,10,*,*,*,Female,*,<=50K,27457
4,18,*,*,9,*,*,*,Male,*,>50K,27458
4,17,*,*,9,*,*,*,Female,*,<=50K,27459
4,26,*,*,13,*,*,*,Male,*,>50K,27460
4,25,*,*,13,*,*,*,Female,*,<=50K,27461
4,8,*,*,4,*,*,*,Male,*,>50K,27462
4,18,*,*,9,*,*,*,Male,*,<=50K,27463
4,20,*,*,10,*,*,*,Male,*,<=50K,27465
4,19,*,*,10,*,*,*,Female,*,<=50K,27466
4,19,*,*,10,*,*,*,Female,*,<=50K,27467
4,26,*,*,13,*,*,*,Male,*,<=50K,27468
4,20,*,*,10,*,*,*,Male,*,>50K,27469
4,20,*,*,10,*,*,*,Male,*,<=50K,27471
4,19,*,*,10,*,*,*,Female,*,>50K,27472
4,17,*,*,9,*,*,*,Female,*,<=50K,27473
4,17,*,*,9,*,*,*,Female,*,>50K,27474
4,20,*,*,10,*,*,*,Male,*,<=50K,27476
4,17,*,*,9,*,*,*,Female,*,<=50K,27477
4,20,*,*,10,*,*,*,Male,*,>50K,27478
4,18,*,*,9,*,*,*,Male,*,<=50K,27479
4,25,*,*,13,*,*,*,Female,*,<=50K,27480
4,17,*,*,9,*,*,*,Female,*,<=50K,27481
4,17,*,*,9,*,*,*,Female,*,<=50K,27482
4,18,*,*,9,*,*,*,Male,*,<=50K,27484
4,18,*,*,9,*,*,*,Male,*,<=50K,27486
4,20,*,*,10,*,*,*,Male,*,<=50K,27488
4,17,*,*,9,*,*,*,Female,*,<=50K,27489
4,26,*,*,13,*,*,*,Male,*,<=50K,27490
4,24,*,*,12,*,*,*,Male,*,<=50K,27491
4,18,*,*,9,*,*,*,Male,*,<=50K,27492
4,23,*,*,12,*,*,*,Female,*,<=50K,27493
4,25,*,*,13,*,*,*,Female,*,<=50K,27494
4,19,*,*,10,*,*,*,Female,*,>50K,27495
4,14,*,*,7,*,*,*,Male,*,<=50K,27496
4,17,*,*,9,*,*,*,Female,*,<=50K,27497
4,20,*,*,10,*,*,*,Male,*,<=50K,27498
4,18,*,*,9,*,*,*,Male,*,<=50K,27500
4,19,*,*,10,*,*,*,Female,*,<=50K,27501
4,20,*,*,10,*,*,*,Male,*,<=50K,27502
4,12,*,*,6,*,*,*,Male,*,<=50K,27504
4,19,*,*,10,*,*,*,Female,*,<=50K,27505
4,11,*,*,6,*,*,*,Female,*,<=50K,27507
4,20,*,*,10,*,*,*,Male,*,>50K,27509
4,25,*,*,13,*,*,*,Female,*,<=50K,27510
4,17,*,*,9,*,*,*,Female,*,<=50K,27511
4,18,*,*,9,*,*,*,Male,*,<=50K,27512
4,26,*,*,13,*,*,*,Male,*,<=50K,27514
4,20,*,*,10,*,*,*,Male,*,<=50K,27516
4,18,*,*,9,*,*,*,Male,*,<=50K,27518
4,26,*,*,13,*,*,*,Male,*,<=50K,27519
4,18,*,*,9,*,*,*,Male,*,<=50K,27521
4,25,*,*,13,*,*,*,Female,*,<=50K,27522
4,18,*,*,9,*,*,*,Male,*,<=50K,27523
4,22,*,*,11,*,*,*,Male,*,>50K,27524
4,18,*,*,9,*,*,*,Male,*,<=50K,27525
4,25,*,*,13,*,*,*,Female,*,>50K,27526
4,19,*,*,10,*,*,*,Female,*,<=50K,27527
4,18,*,*,9,*,*,*,Male,*,<=50K,27529
4,18,*,*,9,*,*,*,Male,*,<=50K,27530
4,15,*,*,8,*,*,*,Female,*,<=50K,27531
4,18,*,*,9,*,*,*,Male,*,<=50K,27532
4,20,*,*,10,*,*,*,Male,*,<=50K,27533
4,22,*,*,11,*,*,*,Male,*,>50K,27534
4,18,*,*,9,*,*,*,Male,*,<=50K,27535
4,20,*,*,10,*,*,*,Male,*,<=50K,27536
4,18,*,*,9,*,*,*,Male,*,>50K,27537
4,18,*,*,9,*,*,*,Male,*,<=50K,27539
4,20,*,*,10,*,*,*,Male,*,>50K,27540
4,25,*,*,13,*,*,*,Female,*,<=50K,27541
4,5,*,*,3,*,*,*,Female,*,<=50K,27542
4,20,*,*,10,*,*,*,Male,*,<=50K,27543
4,10,*,*,5,*,*,*,Male,*,<=50K,27544
4,26,*,*,13,*,*,*,Male,*,>50K,27546
4,27,*,*,14,*,*,*,Female,*,<=50K,27548
4,18,*,*,9,*,*,*,Male,*,<=50K,27549
4,11,*,*,6,*,*,*,Female,*,<=50K,27551
4,20,*,*,10,*,*,*,Male,*,<=50K,27552
4,19,*,*,10,*,*,*,Female,*,<=50K,27553
4,18,*,*,9,*,*,*,Male,*,<=50K,27554
4,8,*,*,4,*,*,*,Male,*,<=50K,27555
4,25,*,*,13,*,*,*,Female,*,<=50K,27556
4,17,*,*,9,*,*,*,Female,*,<=50K,27557
4,22,*,*,11,*,*,*,Male,*,<=50K,27558
4,20,*,*,10,*,*,*,Male,*,>50K,27559
4,18,*,*,9,*,*,*,Male,*,<=50K,27560
4,20,*,*,10,*,*,*,Male,*,<=50K,27561
4,27,*,*,14,*,*,*,Female,*,<=50K,27562
4,18,*,*,9,*,*,*,Male,*,<=50K,27563
4,23,*,*,12,*,*,*,Female,*,<=50K,27565
4,20,*,*,10,*,*,*,Male,*,<=50K,27566
4,20,*,*,10,*,*,*,Male,*,>50K,27567
4,18,*,*,9,*,*,*,Male,*,<=50K,27568
4,18,*,*,9,*,*,*,Male,*,<=50K,27569
4,20,*,*,10,*,*,*,Male,*,<=50K,27570
4,18,*,*,9,*,*,*,Male,*,<=50K,27571
4,27,*,*,14,*,*,*,Female,*,<=50K,27572
4,28,*,*,14,*,*,*,Male,*,<=50K,27573
4,26,*,*,13,*,*,*,Male,*,<=50K,27574
4,17,*,*,9,*,*,*,Female,*,<=50K,27575
4,19,*,*,10,*,*,*,Female,*,<=50K,27577
4,25,*,*,13,*,*,*,Female,*,<=50K,27578
4,16,*,*,8,*,*,*,Male,*,<=50K,27580
4,20,*,*,10,*,*,*,Male,*,<=50K,27581
4,4,*,*,2,*,*,*,Male,*,>50K,27583
4,26,*,*,13,*,*,*,Male,*,<=50K,27584
4,18,*,*,9,*,*,*,Male,*,<=50K,27585
4,19,*,*,10,*,*,*,Female,*,<=50K,27587
4,19,*,*,10,*,*,*,Female,*,<=50K,27588
4,18,*,*,9,*,*,*,Male,*,<=50K,27590
4,26,*,*,13,*,*,*,Male,*,<=50K,27591
4,19,*,*,10,*,*,*,Female,*,<=50K,27592
4,19,*,*,10,*,*,*,Female,*,<=50K,27594
4,20,*,*,10,*,*,*,Male,*,<=50K,27595
4,18,*,*,9,*,*,*,Male,*,<=50K,27596
4,6,*,*,3,*,*,*,Male,*,<=50K,27597
4,17,*,*,9,*,*,*,Female,*,<=50K,27598
4,14,*,*,7,*,*,*,Male,*,<=50K,27599
4,17,*,*,9,*,*,*,Female,*,<=50K,27600
4,12,*,*,6,*,*,*,Male,*,<=50K,27602
4,18,*,*,9,*,*,*,Male,*,<=50K,27603
4,18,*,*,9,*,*,*,Male,*,<=50K,27604
4,19,*,*,10,*,*,*,Female,*,<=50K,27606
4,28,*,*,14,*,*,*,Male,*,>50K,27607
4,17,*,*,9,*,*,*,Female,*,<=50K,27608
4,17,*,*,9,*,*,*,Female,*,<=50K,27610
4,19,*,*,10,*,*,*,Female,*,>50K,27611
4,17,*,*,9,*,*,*,Female,*,<=50K,27612
4,18,*,*,9,*,*,*,Male,*,>50K,27613
4,26,*,*,13,*,*,*,Male,*,<=50K,27615
4,23,*,*,12,*,*,*,Female,*,<=50K,27616
4,26,*,*,13,*,*,*,Male,*,<=50K,27617
4,22,*,*,11,*,*,*,Male,*,<=50K,27618
4,11,*,*,6,*,*,*,Female,*,<=50K,27619
4,17,*,*,9,*,*,*,Female,*,<=50K,27622
4,26,*,*,13,*,*,*,Male,*,<=50K,27624
4,26,*,*,13,*,*,*,Male,*,<=50K,27625
4,18,*,*,9,*,*,*,Male,*,<=50K,27626
4,18,*,*,9,*,*,*,Male,*,<=50K,27628
4,5,*,*,3,*,*,*,Female,*,<=50K,27629
4,18,*,*,9,*,*,*,Male,*,<=50K,27630
4,26,*,*,13,*,*,*,Male,*,>50K,27631
4,18,*,*,9,*,*,*,Male,*,<=50K,27632
4,18,*,*,9,*,*,*,Male,*,<=50K,27633
4,19,*,*,10,*,*,*,Female,*,<=50K,27634
4,18,*,*,9,*,*,*,Male,*,<=50K,27635
4,17,*,*,9,*,*,*,Female,*,<=50K,27636
4,18,*,*,9,*,*,*,Male,*,<=50K,27637
4,9,*,*,5,*,*,*,Female,*,>50K,27638
4,18,*,*,9,*,*,*,Male,*,<=50K,27639
4,18,*,*,9,*,*,*,Male,*,<=50K,27640
4,17,*,*,9,*,*,*,Female,*,<=50K,27642
4,17,*,*,9,*,*,*,Female,*,>50K,27643
4,17,*,*,9,*,*,*,Female,*,<=50K,27645
4,21,*,*,11,*,*,*,Female,*,<=50K,27646
4,18,*,*,9,*,*,*,Male,*,<=50K,27647
4,24,*,*,12,*,*,*,Male,*,>50K,27652
4,17,*,*,9,*,*,*,Female,*,<=50K,27653
4,18,*,*,9,*,*,*,Male,*,<=50K,27654
4,4,*,*,2,*,*,*,Male,*,<=50K,27655
4,17,*,*,9,*,*,*,Female,*,<=50K,27656
4,26,*,*,13,*,*,*,Male,*,<=50K,27658
4,4,*,*,2,*,*,*,Male,*,<=50K,27659
4,21,*,*,11,*,*,*,Female,*,<=50K,27660
4,22,*,*,11,*,*,*,Male,*,<=50K,27661
4,18,*,*,9,*,*,*,Male,*,<=50K,27662
4,18,*,*,9,*,*,*,Male,*,<=50K,27663
4,18,*,*,9,*,*,*,Male,*,<=50K,27664
4,21,*,*,11,*,*,*,Female,*,<=50K,27665
4,18,*,*,9,*,*,*,Male,*,<=50K,27666
4,26,*,*,13,*,*,*,Male,*,<=50K,27667
4,30,*,*,15,*,*,*,Male,*,<=50K,27668
4,18,*,*,9,*,*,*,Male,*,>50K,27669
4,26,*,*,13,*,*,*,Male,*,>50K,27670
4,24,*,*,12,*,*,*,Male,*,<=50K,27671
4,12,*,*,6,*,*,*,Male,*,<=50K,27675
4,17,*,*,9,*,*,*,Female,*,<=50K,27676
4,19,*,*,10,*,*,*,Female,*,<=50K,27677
4,4,*,*,2,*,*,*,Male,*,<=50K,27678
4,14,*,*,7,*,*,*,Male,*,<=50K,27679
4,18,*,*,9,*,*,*,Male,*,<=50K,27680
4,19,*,*,10,*,*,*,Female,*,<=50K,27681
4,20,*,*,10,*,*,*,Male,*,<=50K,27682
4,18,*,*,9,*,*,*,Male,*,<=50K,27683
4,19,*,*,10,*,*,*,Female,*,<=50K,27684
4,22,*,*,11,*,*,*,Male,*,<=50K,27685
4,17,*,*,9,*,*,*,Female,*,<=50K,27686
4,10,*,*,5,*,*,*,Male,*,<=50K,27688
4,20,*,*,10,*,*,*,Male,*,>50K,27689
4,4,*,*,2,*,*,*,Male,*,<=50K,27691
4,14,*,*,7,*,*,*,Male,*,<=50K,27692
4,8,*,*,4,*,*,*,Male,*,<=50K,27694
4,26,*,*,13,*,*,*,Male,*,<=50K,27695
4,26,*,*,13,*,*,*,Male,*,<=50K,27696
4,18,*,*,9,*,*,*,Male,*,<=50K,27697
4,26,*,*,13,*,*,*,Male,*,<=50K,27699
4,20,*,*,10,*,*,*,Male,*,<=50K,27700
4,20,*,*,10,*,*,*,Male,*,>50K,27701
4,30,*,*,15,*,*,*,Male,*,>50K,27702
4,8,*,*,4,*,*,*,Male,*,<=50K,27703
4,13,*,*,7,*,*,*,Female,*,<=50K,27704
4,20,*,*,10,*,*,*,Male,*,<=50K,27706
4,20,*,*,10,*,*,*,Male,*,<=50K,27707
4,19,*,*,10,*,*,*,Female,*,<=50K,27708
4,16,*,*,8,*,*,*,Male,*,<=50K,27710
4,21,*,*,11,*,*,*,Female,*,<=50K,27711
4,28,*,*,14,*,*,*,Male,*,<=50K,27713
4,22,*,*,11,*,*,*,Male,*,<=50K,27714
4,18,*,*,9,*,*,*,Male,*,<=50K,27715
4,27,*,*,14,*,*,*,Female,*,<=50K,27716
4,18,*,*,9,*,*,*,Male,*,<=50K,27717
4,24,*,*,12,*,*,*,Male,*,<=50K,27718
4,25,*,*,13,*,*,*,Female,*,<=50K,27719
4,18,*,*,9,*,*,*,Male,*,<=50K,27721
4,21,*,*,11,*,*,*,Female,*,<=50K,27722
4,17,*,*,9,*,*,*,Female,*,<=50K,27724
4,17,*,*,9,*,*,*,Female,*,<=50K,27726
4,19,*,*,10,*,*,*,Female,*,<=50K,27727
4,17,*,*,9,*,*,*,Female,*,<=50K,27728
4,19,*,*,10,*,*,*,Female,*,<=50K,27731
4,26,*,*,13,*,*,*,Male,*,>50K,27732
4,26,*,*,13,*,*,*,Male,*,<=50K,27733
4,20,*,*,10,*,*,*,Male,*,<=50K,27735
4,11,*,*,6,*,*,*,Female,*,<=50K,27736
4,12,*,*,6,*,*,*,Male,*,<=50K,27737
4,20,*,*,10,*,*,*,Male,*,<=50K,27738
4,17,*,*,9,*,*,*,Female,*,<=50K,27739
4,18,*,*,9,*,*,*,Male,*,<=50K,27740
4,18,*,*,9,*,*,*,Male,*,<=50K,27741
4,18,*,*,9,*,*,*,Male,*,<=50K,27742
4,20,*,*,10,*,*,*,Male,*,<=50K,27743
4,19,*,*,10,*,*,*,Female,*,<=50K,27744
4,14,*,*,7,*,*,*,Male,*,<=50K,27745
4,20,*,*,10,*,*,*,Male,*,<=50K,27746
4,20,*,*,10,*,*,*,Male,*,<=50K,27747
4,24,*,*,12,*,*,*,Male,*,<=50K,27750
4,20,*,*,10,*,*,*,Male,*,>50K,27751
4,19,*,*,10,*,*,*,Female,*,<=50K,27753
4,17,*,*,9,*,*,*,Female,*,<=50K,27754
4,23,*,*,12,*,*,*,Female,*,<=50K,27755
4,22,*,*,11,*,*,*,Male,*,>50K,27758
4,20,*,*,10,*,*,*,Male,*,<=50K,27759
4,19,*,*,10,*,*,*,Female,*,<=50K,27761
4,18,*,*,9,*,*,*,Male,*,<=50K,27766
4,21,*,*,11,*,*,*,Female,*,<=50K,27767
4,19,*,*,10,*,*,*,Female,*,<=50K,27768
4,26,*,*,13,*,*,*,Male,*,>50K,27769
4,20,*,*,10,*,*,*,Male,*,>50K,27770
4,18,*,*,9,*,*,*,Male,*,<=50K,27772
4,17,*,*,9,*,*,*,Female,*,<=50K,27773
4,20,*,*,10,*,*,*,Male,*,<=50K,27774
4,26,*,*,13,*,*,*,Male,*,>50K,27775
4,20,*,*,10,*,*,*,Male,*,<=50K,27776
4,18,*,*,9,*,*,*,Male,*,<=50K,27777
4,12,*,*,6,*,*,*,Male,*,<=50K,27778
4,21,*,*,11,*,*,*,Female,*,<=50K,27779
4,18,*,*,9,*,*,*,Male,*,<=50K,27781
4,25,*,*,13,*,*,*,Female,*,<=50K,27782
4,20,*,*,10,*,*,*,Male,*,<=50K,27783
4,17,*,*,9,*,*,*,Female,*,<=50K,27784
4,18,*,*,9,*,*,*,Male,*,<=50K,27785
4,26,*,*,13,*,*,*,Male,*,>50K,27786
4,18,*,*,9,*,*,*,Male,*,<=50K,27787
4,18,*,*,9,*,*,*,Male,*,<=50K,27788
4,18,*,*,9,*,*,*,Male,*,<=50K,27789
4,14,*,*,7,*,*,*,Male,*,<=50K,27790
4,5,*,*,3,*,*,*,Female,*,<=50K,27791
4,25,*,*,13,*,*,*,Female,*,<=50K,27792
4,18,*,*,9,*,*,*,Male,*,<=50K,27794
4,19,*,*,10,*,*,*,Female,*,<=50K,27797
4,20,*,*,10,*,*,*,Male,*,<=50K,27798
4,19,*,*,10,*,*,*,Female,*,<=50K,27799
4,26,*,*,13,*,*,*,Male,*,>50K,27800
4,19,*,*,10,*,*,*,Female,*,<=50K,27801
4,19,*,*,10,*,*,*,Female,*,<=50K,27802
4,18,*,*,9,*,*,*,Male,*,<=50K,27803
4,26,*,*,13,*,*,*,Male,*,>50K,27805
4,4,*,*,2,*,*,*,Male,*,<=50K,27806
4,19,*,*,10,*,*,*,Female,*,<=50K,27807
4,25,*,*,13,*,*,*,Female,*,<=50K,27808
4,23,*,*,12,*,*,*,Female,*,<=50K,27809
4,18,*,*,9,*,*,*,Male,*,<=50K,27810
4,17,*,*,9,*,*,*,Female,*,<=50K,27811
4,18,*,*,9,*,*,*,Male,*,<=50K,27812
4,18,*,*,9,*,*,*,Male,*,<=50K,27813
4,20,*,*,10,*,*,*,Male,*,<=50K,27814
4,24,*,*,12,*,*,*,Male,*,<=50K,27815
4,18,*,*,9,*,*,*,Male,*,<=50K,27816
4,18,*,*,9,*,*,*,Male,*,<=50K,27817
4,7,*,*,4,*,*,*,Female,*,<=50K,27818
4,20,*,*,10,*,*,*,Male,*,<=50K,27820
4,25,*,*,13,*,*,*,Female,*,<=50K,27821
4,26,*,*,13,*,*,*,Male,*,<=50K,27822
4,28,*,*,14,*,*,*,Male,*,<=50K,27823
4,18,*,*,9,*,*,*,Male,*,<=50K,27824
4,17,*,*,9,*,*,*,Female,*,>50K,27825
4,20,*,*,10,*,*,*,Male,*,<=50K,27826
4,18,*,*,9,*,*,*,Male,*,<=50K,27827
4,20,*,*,10,*,*,*,Male,*,>50K,27828
4,28,*,*,14,*,*,*,Male,*,<=50K,27829
4,26,*,*,13,*,*,*,Male,*,<=50K,27830
4,26,*,*,13,*,*,*,Male,*,>50K,27832
4,18,*,*,9,*,*,*,Male,*,>50K,27833
4,17,*,*,9,*,*,*,Female,*,<=50K,27834
4,25,*,*,13,*,*,*,Female,*,<=50K,27835
4,30,*,*,15,*,*,*,Male,*,<=50K,27837
4,17,*,*,9,*,*,*,Female,*,<=50K,27839
4,26,*,*,13,*,*,*,Male,*,<=50K,27840
4,20,*,*,10,*,*,*,Male,*,<=50K,27841
4,10,*,*,5,*,*,*,Male,*,<=50K,27842
4,23,*,*,12,*,*,*,Female,*,<=50K,27843
4,26,*,*,13,*,*,*,Male,*,>50K,27844
4,18,*,*,9,*,*,*,Male,*,<=50K,27845
4,18,*,*,9,*,*,*,Male,*,>50K,27846
4,19,*,*,10,*,*,*,Female,*,<=50K,27848
4,20,*,*,10,*,*,*,Male,*,<=50K,27849
4,17,*,*,9,*,*,*,Female,*,<=50K,27850
4,22,*,*,11,*,*,*,Male,*,<=50K,27851
4,22,*,*,11,*,*,*,Male,*,<=50K,27852
4,18,*,*,9,*,*,*,Male,*,<=50K,27853
4,19,*,*,10,*,*,*,Female,*,>50K,27855
4,26,*,*,13,*,*,*,Male,*,>50K,27857
4,13,*,*,7,*,*,*,Female,*,<=50K,27858
4,19,*,*,10,*,*,*,Female,*,<=50K,27859
4,20,*,*,10,*,*,*,Male,*,<=50K,27860
4,18,*,*,9,*,*,*,Male,*,<=50K,27861
4,19,*,*,10,*,*,*,Female,*,<=50K,27862
4,20,*,*,10,*,*,*,Male,*,>50K,27863
4,17,*,*,9,*,*,*,Female,*,<=50K,27864
4,27,*,*,14,*,*,*,Female,*,<=50K,27866
4,18,*,*,9,*,*,*,Male,*,<=50K,27867
4,13,*,*,7,*,*,*,Female,*,<=50K,27868
4,26,*,*,13,*,*,*,Male,*,>50K,27869
4,26,*,*,13,*,*,*,Male,*,<=50K,27872
4,23,*,*,12,*,*,*,Female,*,<=50K,27873
4,18,*,*,9,*,*,*,Male,*,>50K,27874
4,4,*,*,2,*,*,*,Male,*,<=50K,27876
4,25,*,*,13,*,*,*,Female,*,<=50K,27877
4,21,*,*,11,*,*,*,Female,*,<=50K,27878
4,18,*,*,9,*,*,*,Male,*,>50K,27879
4,26,*,*,13,*,*,*,Male,*,<=50K,27880
4,9,*,*,5,*,*,*,Female,*,<=50K,27881
4,28,*,*,14,*,*,*,Male,*,<=50K,27883
4,26,*,*,13,*,*,*,Male,*,>50K,27885
4,18,*,*,9,*,*,*,Male,*,<=50K,27886
4,17,*,*,9,*,*,*,Female,*,<=50K,27887
4,18,*,*,9,*,*,*,Male,*,<=50K,27888
4,20,*,*,10,*,*,*,Male,*,<=50K,27889
4,17,*,*,9,*,*,*,Female,*,<=50K,27890
4,18,*,*,9,*,*,*,Male,*,<=50K,27891
4,26,*,*,13,*,*,*,Male,*,>50K,27893
4,18,*,*,9,*,*,*,Male,*,<=50K,27894
4,17,*,*,9,*,*,*,Female,*,<=50K,27896
4,19,*,*,10,*,*,*,Female,*,<=50K,27897
4,23,*,*,12,*,*,*,Female,*,<=50K,27898
4,20,*,*,10,*,*,*,Male,*,<=50K,27899
4,20,*,*,10,*,*,*,Male,*,<=50K,27900
4,28,*,*,14,*,*,*,Male,*,>50K,27901
4,26,*,*,13,*,*,*,Male,*,>50K,27902
4,17,*,*,9,*,*,*,Female,*,<=50K,27903
4,20,*,*,10,*,*,*,Male,*,<=50K,27904
4,19,*,*,10,*,*,*,Female,*,<=50K,27905
4,16,*,*,8,*,*,*,Male,*,<=50K,27906
4,18,*,*,9,*,*,*,Male,*,<=50K,27907
4,26,*,*,13,*,*,*,Male,*,<=50K,27908
4,18,*,*,9,*,*,*,Male,*,<=50K,27909
4,17,*,*,9,*,*,*,Female,*,<=50K,27910
4,18,*,*,9,*,*,*,Male,*,<=50K,27911
4,19,*,*,10,*,*,*,Female,*,<=50K,27912
4,18,*,*,9,*,*,*,Male,*,<=50K,27913
4,18,*,*,9,*,*,*,Male,*,<=50K,27914
4,25,*,*,13,*,*,*,Female,*,<=50K,27915
4,20,*,*,10,*,*,*,Male,*,<=50K,27916
4,22,*,*,11,*,*,*,Male,*,<=50K,27917
4,23,*,*,12,*,*,*,Female,*,<=50K,27918
4,22,*,*,11,*,*,*,Male,*,<=50K,27920
4,15,*,*,8,*,*,*,Female,*,<=50K,27921
4,25,*,*,13,*,*,*,Female,*,<=50K,27922
4,26,*,*,13,*,*,*,Male,*,<=50K,27924
4,19,*,*,10,*,*,*,Female,*,<=50K,27925
4,17,*,*,9,*,*,*,Female,*,<=50K,27926
4,18,*,*,9,*,*,*,Male,*,<=50K,27928
4,18,*,*,9,*,*,*,Male,*,>50K,27929
4,19,*,*,10,*,*,*,Female,*,<=50K,27930
4,18,*,*,9,*,*,*,Male,*,<=50K,27931
4,30,*,*,15,*,*,*,Male,*,>50K,27932
4,13,*,*,7,*,*,*,Female,*,<=50K,27933
4,18,*,*,9,*,*,*,Male,*,<=50K,27934
4,19,*,*,10,*,*,*,Female,*,<=50K,27935
4,27,*,*,14,*,*,*,Female,*,<=50K,27937
4,26,*,*,13,*,*,*,Male,*,>50K,27938
4,24,*,*,12,*,*,*,Male,*,<=50K,27939
4,20,*,*,10,*,*,*,Male,*,>50K,27940
4,18,*,*,9,*,*,*,Male,*,<=50K,27941
4,26,*,*,13,*,*,*,Male,*,<=50K,27942
4,22,*,*,11,*,*,*,Male,*,<=50K,27944
4,25,*,*,13,*,*,*,Female,*,<=50K,27945
4,17,*,*,9,*,*,*,Female,*,<=50K,27946
4,23,*,*,12,*,*,*,Female,*,>50K,27947
4,18,*,*,9,*,*,*,Male,*,>50K,27948
4,17,*,*,9,*,*,*,Female,*,<=50K,27949
4,24,*,*,12,*,*,*,Male,*,<=50K,27950
4,28,*,*,14,*,*,*,Male,*,>50K,27951
4,20,*,*,10,*,*,*,Male,*,<=50K,27953
4,19,*,*,10,*,*,*,Female,*,<=50K,27954
4,19,*,*,10,*,*,*,Female,*,<=50K,27957
4,20,*,*,10,*,*,*,Male,*,<=50K,27958
4,26,*,*,13,*,*,*,Male,*,>50K,27959
4,17,*,*,9,*,*,*,Female,*,<=50K,27960
4,26,*,*,13,*,*,*,Male,*,<=50K,27961
4,12,*,*,6,*,*,*,Male,*,<=50K,27962
4,26,*,*,13,*,*,*,Male,*,<=50K,27963
4,26,*,*,13,*,*,*,Male,*,<=50K,27964
4,25,*,*,13,*,*,*,Female,*,<=50K,27965
4,14,*,*,7,*,*,*,Male,*,<=50K,27966
4,20,*,*,10,*,*,*,Male,*,<=50K,27967
4,20,*,*,10,*,*,*,Male,*,<=50K,27969
4,18,*,*,9,*,*,*,Male,*,<=50K,27970
4,18,*,*,9,*,*,*,Male,*,<=50K,27971
4,26,*,*,13,*,*,*,Male,*,<=50K,27973
4,19,*,*,10,*,*,*,Female,*,<=50K,27974
4,17,*,*,9,*,*,*,Female,*,<=50K,27975
4,18,*,*,9,*,*,*,Male,*,<=50K,27977
4,25,*,*,13,*,*,*,Female,*,>50K,27979
4,21,*,*,11,*,*,*,Female,*,<=50K,27980
4,21,*,*,11,*,*,*,Female,*,>50K,27982
4,18,*,*,9,*,*,*,Male,*,<=50K,27983
4,22,*,*,11,*,*,*,Male,*,>50K,27984
4,19,*,*,10,*,*,*,Female,*,<=50K,27985
4,20,*,*,10,*,*,*,Male,*,<=50K,27986
4,20,*,*,10,*,*,*,Male,*,<=50K,27987
4,18,*,*,9,*,*,*,Male,*,<=50K,27988
4,26,*,*,13,*,*,*,Male,*,>50K,27989
4,20,*,*,10,*,*,*,Male,*,<=50K,27990
4,17,*,*,9,*,*,*,Female,*,>50K,27991
4,17,*,*,9,*,*,*,Female,*,<=50K,27992
4,19,*,*,10,*,*,*,Female,*,<=50K,27994
4,18,*,*,9,*,*,*,Male,*,<=50K,27995
4,20,*,*,10,*,*,*,Male,*,<=50K,27996
4,20,*,*,10,*,*,*,Male,*,<=50K,27997
4,18,*,*,9,*,*,*,Male,*,<=50K,27998
4,5,*,*,3,*,*,*,Female,*,<=50K,27999
4,7,*,*,4,*,*,*,Female,*,<=50K,28001
4,24,*,*,12,*,*,*,Male,*,>50K,28002
4,18,*,*,9,*,*,*,Male,*,<=50K,28003
4,28,*,*,14,*,*,*,Male,*,<=50K,28004
4,20,*,*,10,*,*,*,Male,*,>50K,28005
4,18,*,*,9,*,*,*,Male,*,<=50K,28009
4,26,*,*,13,*,*,*,Male,*,>50K,28010
4,19,*,*,10,*,*,*,Female,*,<=50K,28011
4,27,*,*,14,*,*,*,Female,*,>50K,28012
4,18,*,*,9,*,*,*,Male,*,<=50K,28013
4,19,*,*,10,*,*,*,Female,*,<=50K,28014
4,17,*,*,9,*,*,*,Female,*,<=50K,28015
4,19,*,*,10,*,*,*,Female,*,>50K,28016
4,26,*,*,13,*,*,*,Male,*,<=50K,28018
4,13,*,*,7,*,*,*,Female,*,<=50K,28019
4,18,*,*,9,*,*,*,Male,*,<=50K,28021
4,28,*,*,14,*,*,*,Male,*,>50K,28022
4,27,*,*,14,*,*,*,Female,*,<=50K,28023
4,18,*,*,9,*,*,*,Male,*,<=50K,28025
4,25,*,*,13,*,*,*,Female,*,>50K,28026
4,18,*,*,9,*,*,*,Male,*,<=50K,28028
4,22,*,*,11,*,*,*,Male,*,<=50K,28029
4,18,*,*,9,*,*,*,Male,*,<=50K,28030
4,19,*,*,10,*,*,*,Female,*,>50K,28031
4,31,*,*,16,*,*,*,Female,*,>50K,28033
4,18,*,*,9,*,*,*,Male,*,<=50K,28034
4,17,*,*,9,*,*,*,Female,*,<=50K,28035
4,21,*,*,11,*,*,*,Female,*,<=50K,28037
4,12,*,*,6,*,*,*,Male,*,<=50K,28038
4,12,*,*,6,*,*,*,Male,*,<=50K,28039
4,20,*,*,10,*,*,*,Male,*,>50K,28040
4,28,*,*,14,*,*,*,Male,*,>50K,28041
4,20,*,*,10,*,*,*,Male,*,<=50K,28043
4,14,*,*,7,*,*,*,Male,*,<=50K,28044
4,17,*,*,9,*,*,*,Female,*,<=50K,28045
4,26,*,*,13,*,*,*,Male,*,<=50K,28047
4,18,*,*,9,*,*,*,Male,*,<=50K,28048
4,19,*,*,10,*,*,*,Female,*,<=50K,28050
4,17,*,*,9,*,*,*,Female,*,<=50K,28051
4,19,*,*,10,*,*,*,Female,*,<=50K,28052
4,25,*,*,13,*,*,*,Female,*,<=50K,28053
4,18,*,*,9,*,*,*,Male,*,<=50K,28054
4,25,*,*,13,*,*,*,Female,*,<=50K,28055
4,20,*,*,10,*,*,*,Male,*,<=50K,28056
4,28,*,*,14,*,*,*,Male,*,>50K,28057
4,20,*,*,10,*,*,*,Male,*,<=50K,28059
4,17,*,*,9,*,*,*,Female,*,<=50K,28060
4,18,*,*,9,*,*,*,Male,*,<=50K,28062
4,18,*,*,9,*,*,*,Male,*,<=50K,28063
4,20,*,*,10,*,*,*,Male,*,<=50K,28064
4,26,*,*,13,*,*,*,Male,*,<=50K,28066
4,18,*,*,9,*,*,*,Male,*,<=50K,28067
4,19,*,*,10,*,*,*,Female,*,<=50K,28068
4,18,*,*,9,*,*,*,Male,*,<=50K,28069
4,26,*,*,13,*,*,*,Male,*,<=50K,28070
4,19,*,*,10,*,*,*,Female,*,<=50K,28071
4,19,*,*,10,*,*,*,Female,*,<=50K,28073
4,30,*,*,15,*,*,*,Male,*,<=50K,28077
4,18,*,*,9,*,*,*,Male,*,<=50K,28080
4,19,*,*,10,*,*,*,Female,*,<=50K,28081
4,10,*,*,5,*,*,*,Male,*,<=50K,28082
4,25,*,*,13,*,*,*,Female,*,<=50K,28083
4,18,*,*,9,*,*,*,Male,*,>50K,28084
4,11,*,*,6,*,*,*,Female,*,<=50K,28086
4,26,*,*,13,*,*,*,Male,*,<=50K,28087
4,13,*,*,7,*,*,*,Female,*,<=50K,28088
4,20,*,*,10,*,*,*,Male,*,>50K,28089
4,26,*,*,13,*,*,*,Male,*,<=50K,28090
4,26,*,*,13,*,*,*,Male,*,>50K,28091
4,18,*,*,9,*,*,*,Male,*,<=50K,28092
4,28,*,*,14,*,*,*,Male,*,<=50K,28093
4,18,*,*,9,*,*,*,Male,*,>50K,28097
4,20,*,*,10,*,*,*,Male,*,<=50K,28098
4,18,*,*,9,*,*,*,Male,*,<=50K,28099
4,17,*,*,9,*,*,*,Female,*,<=50K,28100
4,19,*,*,10,*,*,*,Female,*,<=50K,28101
4,19,*,*,10,*,*,*,Female,*,<=50K,28103
4,26,*,*,13,*,*,*,Male,*,<=50K,28105
4,28,*,*,14,*,*,*,Male,*,>50K,28106
4,26,*,*,13,*,*,*,Male,*,<=50K,28107
4,18,*,*,9,*,*,*,Male,*,>50K,28108
4,18,*,*,9,*,*,*,Male,*,>50K,28110
4,28,*,*,14,*,*,*,Male,*,<=50K,28111
4,18,*,*,9,*,*,*,Male,*,<=50K,28112
4,28,*,*,14,*,*,*,Male,*,<=50K,28113
4,18,*,*,9,*,*,*,Male,*,<=50K,28114
4,26,*,*,13,*,*,*,Male,*,<=50K,28115
4,23,*,*,12,*,*,*,Female,*,<=50K,28116
4,19,*,*,10,*,*,*,Female,*,<=50K,28117
4,13,*,*,7,*,*,*,Female,*,<=50K,28118
4,18,*,*,9,*,*,*,Male,*,<=50K,28119
4,17,*,*,9,*,*,*,Female,*,<=50K,28120
4,28,*,*,14,*,*,*,Male,*,<=50K,28121
4,22,*,*,11,*,*,*,Male,*,>50K,28122
4,20,*,*,10,*,*,*,Male,*,<=50K,28123
4,18,*,*,9,*,*,*,Male,*,<=50K,28124
4,18,*,*,9,*,*,*,Male,*,<=50K,28125
4,20,*,*,10,*,*,*,Male,*,<=50K,28126
4,18,*,*,9,*,*,*,Male,*,<=50K,28127
4,19,*,*,10,*,*,*,Female,*,<=50K,28129
4,18,*,*,9,*,*,*,Male,*,<=50K,28131
4,19,*,*,10,*,*,*,Female,*,<=50K,28132
4,19,*,*,10,*,*,*,Female,*,<=50K,28133
4,26,*,*,13,*,*,*,Male,*,<=50K,28134
4,26,*,*,13,*,*,*,Male,*,<=50K,28136
4,20,*,*,10,*,*,*,Male,*,>50K,28137
4,20,*,*,10,*,*,*,Male,*,>50K,28139
4,19,*,*,10,*,*,*,Female,*,<=50K,28140
4,19,*,*,10,*,*,*,Female,*,<=50K,28141
4,17,*,*,9,*,*,*,Female,*,<=50K,28142
4,20,*,*,10,*,*,*,Male,*,<=50K,28144
4,19,*,*,10,*,*,*,Female,*,<=50K,28145
4,20,*,*,10,*,*,*,Male,*,<=50K,28147
4,20,*,*,10,*,*,*,Male,*,>50K,28149
4,19,*,*,10,*,*,*,Female,*,<=50K,28150
4,17,*,*,9,*,*,*,Female,*,<=50K,28152
4,26,*,*,13,*,*,*,Male,*,>50K,28153
4,24,*,*,12,*,*,*,Male,*,<=50K,28155
4,17,*,*,9,*,*,*,Female,*,<=50K,28156
4,18,*,*,9,*,*,*,Male,*,<=50K,28157
4,24,*,*,12,*,*,*,Male,*,<=50K,28158
4,18,*,*,9,*,*,*,Male,*,<=50K,28159
4,20,*,*,10,*,*,*,Male,*,<=50K,28161
4,25,*,*,13,*,*,*,Female,*,>50K,28162
4,18,*,*,9,*,*,*,Male,*,<=50K,28163
4,18,*,*,9,*,*,*,Male,*,<=50K,28164
4,27,*,*,14,*,*,*,Female,*,<=50K,28167
4,20,*,*,10,*,*,*,Male,*,<=50K,28168
4,17,*,*,9,*,*,*,Female,*,<=50K,28170
4,11,*,*,6,*,*,*,Female,*,<=50K,28171
4,18,*,*,9,*,*,*,Male,*,<=50K,28172
4,17,*,*,9,*,*,*,Female,*,<=50K,28173
4,18,*,*,9,*,*,*,Male,*,<=50K,28174
4,18,*,*,9,*,*,*,Male,*,>50K,28175
4,16,*,*,8,*,*,*,Male,*,<=50K,28176
4,21,*,*,11,*,*,*,Female,*,<=50K,28177
4,22,*,*,11,*,*,*,Male,*,>50K,28178
4,19,*,*,10,*,*,*,Female,*,<=50K,28179
4,28,*,*,14,*,*,*,Male,*,<=50K,28181
4,17,*,*,9,*,*,*,Female,*,<=50K,28182
4,21,*,*,11,*,*,*,Female,*,<=50K,28183
4,19,*,*,10,*,*,*,Female,*,<=50K,28184
4,19,*,*,10,*,*,*,Female,*,>50K,28185
4,12,*,*,6,*,*,*,Male,*,<=50K,28186
4,17,*,*,9,*,*,*,Female,*,<=50K,28188
4,18,*,*,9,*,*,*,Male,*,<=50K,28189
4,19,*,*,10,*,*,*,Female,*,<=50K,28190
4,17,*,*,9,*,*,*,Female,*,<=50K,28191
4,25,*,*,13,*,*,*,Female,*,<=50K,28192
4,12,*,*,6,*,*,*,Male,*,<=50K,28193
4,18,*,*,9,*,*,*,Male,*,<=50K,28195
4,28,*,*,14,*,*,*,Male,*,>50K,28196
4,18,*,*,9,*,*,*,Male,*,<=50K,28197
4,12,*,*,6,*,*,*,Male,*,<=50K,28198
4,18,*,*,9,*,*,*,Male,*,>50K,28199
4,18,*,*,9,*,*,*,Male,*,<=50K,28200
4,18,*,*,9,*,*,*,Male,*,<=50K,28203
4,21,*,*,11,*,*,*,Female,*,<=50K,28204
4,28,*,*,14,*,*,*,Male,*,>50K,28205
4,14,*,*,7,*,*,*,Male,*,<=50K,28206
4,12,*,*,6,*,*,*,Male,*,<=50K,28207
4,26,*,*,13,*,*,*,Male,*,>50K,28208
4,26,*,*,13,*,*,*,Male,*,>50K,28209
4,20,*,*,10,*,*,*,Male,*,<=50K,28210
4,18,*,*,9,*,*,*,Male,*,<=50K,28214
4,18,*,*,9,*,*,*,Male,*,<=50K,28215
4,6,*,*,3,*,*,*,Male,*,<=50K,28216
4,17,*,*,9,*,*,*,Female,*,<=50K,28217
4,18,*,*,9,*,*,*,Male,*,<=50K,28218
4,14,*,*,7,*,*,*,Male,*,<=50K,28219
4,19,*,*,10,*,*,*,Female,*,<=50K,28220
4,17,*,*,9,*,*,*,Female,*,<=50K,28221
4,13,*,*,7,*,*,*,Female,*,<=50K,28222
4,18,*,*,9,*,*,*,Male,*,<=50K,28223
4,26,*,*,13,*,*,*,Male,*,<=50K,28225
4,18,*,*,9,*,*,*,Male,*,<=50K,28227
4,19,*,*,10,*,*,*,Female,*,<=50K,28228
4,18,*,*,9,*,*,*,Male,*,<=50K,28230
4,18,*,*,9,*,*,*,Male,*,<=50K,28231
4,19,*,*,10,*,*,*,Female,*,<=50K,28232
4,17,*,*,9,*,*,*,Female,*,<=50K,28234
4,18,*,*,9,*,*,*,Male,*,>50K,28235
4,18,*,*,9,*,*,*,Male,*,<=50K,28236
4,19,*,*,10,*,*,*,Female,*,<=50K,28238
4,18,*,*,9,*,*,*,Male,*,<=50K,28239
4,26,*,*,13,*,*,*,Male,*,>50K,28240
4,13,*,*,7,*,*,*,Female,*,<=50K,28241
4,18,*,*,9,*,*,*,Male,*,<=50K,28242
4,9,*,*,5,*,*,*,Female,*,<=50K,28243
4,9,*,*,5,*,*,*,Female,*,<=50K,28244
4,25,*,*,13,*,*,*,Female,*,<=50K,28246
4,20,*,*,10,*,*,*,Male,*,<=50K,28247
4,20,*,*,10,*,*,*,Male,*,<=50K,28250
4,18,*,*,9,*,*,*,Male,*,<=50K,28251
4,27,*,*,14,*,*,*,Female,*,<=50K,28252
4,24,*,*,12,*,*,*,Male,*,<=50K,28253
4,18,*,*,9,*,*,*,Male,*,<=50K,28254
4,21,*,*,11,*,*,*,Female,*,<=50K,28256
4,17,*,*,9,*,*,*,Female,*,<=50K,28258
4,12,*,*,6,*,*,*,Male,*,<=50K,28259
4,23,*,*,12,*,*,*,Female,*,<=50K,28260
4,18,*,*,9,*,*,*,Male,*,<=50K,28261
4,17,*,*,9,*,*,*,Female,*,<=50K,28262
4,18,*,*,9,*,*,*,Male,*,<=50K,28263
4,25,*,*,13,*,*,*,Female,*,<=50K,28264
4,26,*,*,13,*,*,*,Male,*,>50K,28265
4,23,*,*,12,*,*,*,Female,*,<=50K,28266
4,22,*,*,11,*,*,*,Male,*,<=50K,28267
4,17,*,*,9,*,*,*,Female,*,<=50K,28268
4,20,*,*,10,*,*,*,Male,*,<=50K,28269
4,20,*,*,10,*,*,*,Male,*,<=50K,28270
4,19,*,*,10,*,*,*,Female,*,<=50K,28272
4,19,*,*,10,*,*,*,Female,*,<=50K,28273
4,14,*,*,7,*,*,*,Male,*,<=50K,28274
4,14,*,*,7,*,*,*,Male,*,<=50K,28275
4,17,*,*,9,*,*,*,Female,*,<=50K,28276
4,26,*,*,13,*,*,*,Male,*,>50K,28277
4,25,*,*,13,*,*,*,Female,*,<=50K,28278
4,20,*,*,10,*,*,*,Male,*,<=50K,28279
4,26,*,*,13,*,*,*,Male,*,>50K,28280
4,19,*,*,10,*,*,*,Female,*,<=50K,28281
4,18,*,*,9,*,*,*,Male,*,>50K,28282
4,20,*,*,10,*,*,*,Male,*,<=50K,28283
4,19,*,*,10,*,*,*,Female,*,<=50K,28284
4,30,*,*,15,*,*,*,Male,*,<=50K,28285
4,17,*,*,9,*,*,*,Female,*,<=50K,28288
4,18,*,*,9,*,*,*,Male,*,<=50K,28289
4,20,*,*,10,*,*,*,Male,*,<=50K,28290
4,18,*,*,9,*,*,*,Male,*,<=50K,28292
4,20,*,*,10,*,*,*,Male,*,>50K,28295
4,26,*,*,13,*,*,*,Male,*,>50K,28296
4,19,*,*,10,*,*,*,Female,*,<=50K,28297
4,15,*,*,8,*,*,*,Female,*,<=50K,28298
4,26,*,*,13,*,*,*,Male,*,<=50K,28299
4,18,*,*,9,*,*,*,Male,*,<=50K,28300
4,19,*,*,10,*,*,*,Female,*,>50K,28302
4,17,*,*,9,*,*,*,Female,*,<=50K,28303
4,13,*,*,7,*,*,*,Female,*,<=50K,28304
4,28,*,*,14,*,*,*,Male,*,<=50K,28305
4,20,*,*,10,*,*,*,Male,*,<=50K,28306
4,28,*,*,14,*,*,*,Male,*,>50K,28307
4,23,*,*,12,*,*,*,Female,*,<=50K,28308
4,17,*,*,9,*,*,*,Female,*,<=50K,28312
4,13,*,*,7,*,*,*,Female,*,<=50K,28313
4,20,*,*,10,*,*,*,Male,*,<=50K,28314
4,18,*,*,9,*,*,*,Male,*,<=50K,28315
4,13,*,*,7,*,*,*,Female,*,<=50K,28316
4,20,*,*,10,*,*,*,Male,*,<=50K,28317
4,17,*,*,9,*,*,*,Female,*,<=50K,28319
4,19,*,*,10,*,*,*,Female,*,<=50K,28320
4,20,*,*,10,*,*,*,Male,*,<=50K,28321
4,28,*,*,14,*,*,*,Male,*,<=50K,28322
4,15,*,*,8,*,*,*,Female,*,<=50K,28323
4,26,*,*,13,*,*,*,Male,*,<=50K,28324
4,28,*,*,14,*,*,*,Male,*,<=50K,28326
4,20,*,*,10,*,*,*,Male,*,<=50K,28327
4,18,*,*,9,*,*,*,Male,*,<=50K,28329
4,18,*,*,9,*,*,*,Male,*,<=50K,28330
4,18,*,*,9,*,*,*,Male,*,<=50K,28331
4,28,*,*,14,*,*,*,Male,*,>50K,28332
4,20,*,*,10,*,*,*,Male,*,<=50K,28333
4,18,*,*,9,*,*,*,Male,*,<=50K,28334
4,20,*,*,10,*,*,*,Male,*,<=50K,28335
4,28,*,*,14,*,*,*,Male,*,<=50K,28336
4,7,*,*,4,*,*,*,Female,*,<=50K,28337
4,18,*,*,9,*,*,*,Male,*,<=50K,28338
4,26,*,*,13,*,*,*,Male,*,<=50K,28340
4,18,*,*,9,*,*,*,Male,*,<=50K,28341
4,30,*,*,15,*,*,*,Male,*,<=50K,28342
4,25,*,*,13,*,*,*,Female,*,<=50K,28343
4,18,*,*,9,*,*,*,Male,*,<=50K,28346
4,25,*,*,13,*,*,*,Female,*,<=50K,28348
4,18,*,*,9,*,*,*,Male,*,<=50K,28350
4,20,*,*,10,*,*,*,Male,*,<=50K,28351
4,19,*,*,10,*,*,*,Female,*,<=50K,28352
4,10,*,*,5,*,*,*,Male,*,<=50K,28353
4,20,*,*,10,*,*,*,Male,*,<=50K,28354
4,18,*,*,9,*,*,*,Male,*,<=50K,28356
4,8,*,*,4,*,*,*,Male,*,<=50K,28357
4,18,*,*,9,*,*,*,Male,*,<=50K,28358
4,11,*,*,6,*,*,*,Female,*,<=50K,28359
4,25,*,*,13,*,*,*,Female,*,>50K,28360
4,18,*,*,9,*,*,*,Male,*,<=50K,28361
4,20,*,*,10,*,*,*,Male,*,<=50K,28362
4,18,*,*,9,*,*,*,Male,*,>50K,28363
4,22,*,*,11,*,*,*,Male,*,<=50K,28364
4,17,*,*,9,*,*,*,Female,*,<=50K,28366
4,18,*,*,9,*,*,*,Male,*,<=50K,28367
4,7,*,*,4,*,*,*,Female,*,<=50K,28368
4,24,*,*,12,*,*,*,Male,*,<=50K,28369
4,17,*,*,9,*,*,*,Female,*,>50K,28370
4,19,*,*,10,*,*,*,Female,*,<=50K,28371
4,25,*,*,13,*,*,*,Female,*,<=50K,28372
4,26,*,*,13,*,*,*,Male,*,<=50K,28376
4,21,*,*,11,*,*,*,Female,*,<=50K,28377
4,17,*,*,9,*,*,*,Female,*,<=50K,28378
4,19,*,*,10,*,*,*,Female,*,<=50K,28381
4,12,*,*,6,*,*,*,Male,*,<=50K,28382
4,18,*,*,9,*,*,*,Male,*,>50K,28383
4,18,*,*,9,*,*,*,Male,*,<=50K,28385
4,14,*,*,7,*,*,*,Male,*,<=50K,28386
4,18,*,*,9,*,*,*,Male,*,<=50K,28387
4,32,*,*,16,*,*,*,Male,*,<=50K,28389
4,26,*,*,13,*,*,*,Male,*,>50K,28390
4,18,*,*,9,*,*,*,Male,*,<=50K,28391
4,17,*,*,9,*,*,*,Female,*,<=50K,28392
4,26,*,*,13,*,*,*,Male,*,>50K,28393
4,20,*,*,10,*,*,*,Male,*,>50K,28394
4,18,*,*,9,*,*,*,Male,*,<=50K,28395
4,17,*,*,9,*,*,*,Female,*,<=50K,28397
4,26,*,*,13,*,*,*,Male,*,<=50K,28398
4,6,*,*,3,*,*,*,Male,*,<=50K,28400
4,8,*,*,4,*,*,*,Male,*,<=50K,28401
4,22,*,*,11,*,*,*,Male,*,>50K,28402
4,24,*,*,12,*,*,*,Male,*,<=50K,28403
4,18,*,*,9,*,*,*,Male,*,<=50K,28404
4,17,*,*,9,*,*,*,Female,*,<=50K,28405
4,20,*,*,10,*,*,*,Male,*,<=50K,28406
4,18,*,*,9,*,*,*,Male,*,<=50K,28409
4,18,*,*,9,*,*,*,Male,*,<=50K,28410
4,6,*,*,3,*,*,*,Male,*,<=50K,28411
4,21,*,*,11,*,*,*,Female,*,<=50K,28412
4,19,*,*,10,*,*,*,Female,*,<=50K,28413
4,18,*,*,9,*,*,*,Male,*,>50K,28414
4,18,*,*,9,*,*,*,Male,*,<=50K,28417
4,12,*,*,6,*,*,*,Male,*,<=50K,28418
4,18,*,*,9,*,*,*,Male,*,>50K,28419
4,28,*,*,14,*,*,*,Male,*,<=50K,28420
4,23,*,*,12,*,*,*,Female,*,<=50K,28422
4,18,*,*,9,*,*,*,Male,*,<=50K,28424
4,18,*,*,9,*,*,*,Male,*,<=50K,28425
4,18,*,*,9,*,*,*,Male,*,<=50K,28426
4,28,*,*,14,*,*,*,Male,*,>50K,28427
4,17,*,*,9,*,*,*,Female,*,<=50K,28428
4,18,*,*,9,*,*,*,Male,*,<=50K,28429
4,18,*,*,9,*,*,*,Male,*,<=50K,28430
4,24,*,*,12,*,*,*,Male,*,<=50K,28431
4,16,*,*,8,*,*,*,Male,*,<=50K,28432
4,12,*,*,6,*,*,*,Male,*,<=50K,28433
4,28,*,*,14,*,*,*,Male,*,>50K,28434
4,20,*,*,10,*,*,*,Male,*,<=50K,28435
4,18,*,*,9,*,*,*,Male,*,>50K,28436
4,20,*,*,10,*,*,*,Male,*,<=50K,28438
4,12,*,*,6,*,*,*,Male,*,<=50K,28439
4,18,*,*,9,*,*,*,Male,*,<=50K,28440
4,20,*,*,10,*,*,*,Male,*,<=50K,28441
4,20,*,*,10,*,*,*,Male,*,<=50K,28442
4,27,*,*,14,*,*,*,Female,*,>50K,28443
4,25,*,*,13,*,*,*,Female,*,>50K,28445
4,25,*,*,13,*,*,*,Female,*,>50K,28446
4,13,*,*,7,*,*,*,Female,*,<=50K,28447
4,22,*,*,11,*,*,*,Male,*,<=50K,28448
4,11,*,*,6,*,*,*,Female,*,<=50K,28449
4,21,*,*,11,*,*,*,Female,*,<=50K,28450
4,22,*,*,11,*,*,*,Male,*,<=50K,28451
4,20,*,*,10,*,*,*,Male,*,<=50K,28452
4,20,*,*,10,*,*,*,Male,*,<=50K,28453
4,28,*,*,14,*,*,*,Male,*,>50K,28454
4,19,*,*,10,*,*,*,Female,*,<=50K,28455
4,20,*,*,10,*,*,*,Male,*,<=50K,28456
4,18,*,*,9,*,*,*,Male,*,<=50K,28457
4,26,*,*,13,*,*,*,Male,*,>50K,28459
4,20,*,*,10,*,*,*,Male,*,>50K,28460
4,30,*,*,15,*,*,*,Male,*,>50K,28461
4,17,*,*,9,*,*,*,Female,*,<=50K,28462
4,26,*,*,13,*,*,*,Male,*,<=50K,28463
4,18,*,*,9,*,*,*,Male,*,>50K,28464
4,18,*,*,9,*,*,*,Male,*,<=50K,28465
4,21,*,*,11,*,*,*,Female,*,<=50K,28468
4,18,*,*,9,*,*,*,Male,*,<=50K,28469
4,17,*,*,9,*,*,*,Female,*,<=50K,28471
4,18,*,*,9,*,*,*,Male,*,<=50K,28472
4,12,*,*,6,*,*,*,Male,*,<=50K,28473
4,18,*,*,9,*,*,*,Male,*,<=50K,28474
4,26,*,*,13,*,*,*,Male,*,<=50K,28475
4,18,*,*,9,*,*,*,Male,*,<=50K,28476
4,18,*,*,9,*,*,*,Male,*,<=50K,28477
4,20,*,*,10,*,*,*,Male,*,<=50K,28479
4,19,*,*,10,*,*,*,Female,*,<=50K,28480
4,18,*,*,9,*,*,*,Male,*,<=50K,28481
4,20,*,*,10,*,*,*,Male,*,<=50K,28482
4,18,*,*,9,*,*,*,Male,*,<=50K,28483
4,26,*,*,13,*,*,*,Male,*,<=50K,28485
4,18,*,*,9,*,*,*,Male,*,<=50K,28486
4,6,*,*,3,*,*,*,Male,*,<=50K,28487
4,20,*,*,10,*,*,*,Male,*,<=50K,28489
4,22,*,*,11,*,*,*,Male,*,<=50K,28490
4,18,*,*,9,*,*,*,Male,*,<=50K,28492
4,25,*,*,13,*,*,*,Female,*,<=50K,28493
4,18,*,*,9,*,*,*,Male,*,<=50K,28494
4,18,*,*,9,*,*,*,Male,*,<=50K,28495
4,18,*,*,9,*,*,*,Male,*,>50K,28496
4,26,*,*,13,*,*,*,Male,*,<=50K,28498
4,18,*,*,9,*,*,*,Male,*,<=50K,28499
4,8,*,*,4,*,*,*,Male,*,<=50K,28500
4,17,*,*,9,*,*,*,Female,*,<=50K,28501
4,26,*,*,13,*,*,*,Male,*,>50K,28502
4,28,*,*,14,*,*,*,Male,*,<=50K,28503
4,18,*,*,9,*,*,*,Male,*,<=50K,28504
4,23,*,*,12,*,*,*,Female,*,<=50K,28505
4,22,*,*,11,*,*,*,Male,*,>50K,28508
4,32,*,*,16,*,*,*,Male,*,>50K,28509
4,24,*,*,12,*,*,*,Male,*,<=50K,28510
4,18,*,*,9,*,*,*,Male,*,<=50K,28511
4,19,*,*,10,*,*,*,Female,*,<=50K,28512
4,18,*,*,9,*,*,*,Male,*,<=50K,28513
4,18,*,*,9,*,*,*,Male,*,<=50K,28514
4,19,*,*,10,*,*,*,Female,*,<=50K,28515
4,17,*,*,9,*,*,*,Female,*,<=50K,28517
4,20,*,*,10,*,*,*,Male,*,<=50K,28518
4,18,*,*,9,*,*,*,Male,*,<=50K,28519
4,20,*,*,10,*,*,*,Male,*,<=50K,28520
4,14,*,*,7,*,*,*,Male,*,<=50K,28521
4,18,*,*,9,*,*,*,Male,*,<=50K,28522
4,18,*,*,9,*,*,*,Male,*,>50K,28524
4,19,*,*,10,*,*,*,Female,*,<=50K,28525
4,17,*,*,9,*,*,*,Female,*,<=50K,28527
4,6,*,*,3,*,*,*,Male,*,<=50K,28529
4,17,*,*,9,*,*,*,Female,*,<=50K,28530
4,28,*,*,14,*,*,*,Male,*,<=50K,28533
4,16,*,*,8,*,*,*,Male,*,<=50K,28534
4,25,*,*,13,*,*,*,Female,*,>50K,28536
4,17,*,*,9,*,*,*,Female,*,<=50K,28537
4,18,*,*,9,*,*,*,Male,*,>50K,28539
4,18,*,*,9,*,*,*,Male,*,<=50K,28540
4,19,*,*,10,*,*,*,Female,*,<=50K,28541
4,19,*,*,10,*,*,*,Female,*,>50K,28542
4,26,*,*,13,*,*,*,Male,*,<=50K,28544
4,19,*,*,10,*,*,*,Female,*,<=50K,28545
4,28,*,*,14,*,*,*,Male,*,<=50K,28546
4,7,*,*,4,*,*,*,Female,*,<=50K,28547
4,24,*,*,12,*,*,*,Male,*,<=50K,28548
4,18,*,*,9,*,*,*,Male,*,<=50K,28549
4,10,*,*,5,*,*,*,Male,*,<=50K,28550
4,28,*,*,14,*,*,*,Male,*,<=50K,28551
4,12,*,*,6,*,*,*,Male,*,<=50K,28552
4,18,*,*,9,*,*,*,Male,*,<=50K,28553
4,24,*,*,12,*,*,*,Male,*,<=50K,28554
4,22,*,*,11,*,*,*,Male,*,<=50K,28556
4,18,*,*,9,*,*,*,Male,*,<=50K,28557
4,20,*,*,10,*,*,*,Male,*,<=50K,28558
4,26,*,*,13,*,*,*,Male,*,>50K,28559
4,20,*,*,10,*,*,*,Male,*,>50K,28560
4,20,*,*,10,*,*,*,Male,*,<=50K,28562
4,18,*,*,9,*,*,*,Male,*,>50K,28563
4,27,*,*,14,*,*,*,Female,*,<=50K,28564
4,18,*,*,9,*,*,*,Male,*,<=50K,28565
4,26,*,*,13,*,*,*,Male,*,<=50K,28566
4,19,*,*,10,*,*,*,Female,*,<=50K,28567
4,18,*,*,9,*,*,*,Male,*,<=50K,28568
4,32,*,*,16,*,*,*,Male,*,>50K,28569
4,24,*,*,12,*,*,*,Male,*,<=50K,28570
4,20,*,*,10,*,*,*,Male,*,>50K,28571
4,18,*,*,9,*,*,*,Male,*,<=50K,28572
4,25,*,*,13,*,*,*,Female,*,<=50K,28573
4,18,*,*,9,*,*,*,Male,*,<=50K,28574
4,26,*,*,13,*,*,*,Male,*,>50K,28575
4,28,*,*,14,*,*,*,Male,*,<=50K,28576
4,24,*,*,12,*,*,*,Male,*,<=50K,28577
4,19,*,*,10,*,*,*,Female,*,<=50K,28579
4,22,*,*,11,*,*,*,Male,*,>50K,28580
4,23,*,*,12,*,*,*,Female,*,>50K,28581
4,25,*,*,13,*,*,*,Female,*,<=50K,28583
4,23,*,*,12,*,*,*,Female,*,<=50K,28584
4,19,*,*,10,*,*,*,Female,*,<=50K,28585
4,26,*,*,13,*,*,*,Male,*,>50K,28586
4,14,*,*,7,*,*,*,Male,*,<=50K,28587
4,17,*,*,9,*,*,*,Female,*,<=50K,28589
4,18,*,*,9,*,*,*,Male,*,<=50K,28590
4,22,*,*,11,*,*,*,Male,*,>50K,28591
4,23,*,*,12,*,*,*,Female,*,<=50K,28592
4,19,*,*,10,*,*,*,Female,*,<=50K,28594
4,18,*,*,9,*,*,*,Male,*,<=50K,28595
4,24,*,*,12,*,*,*,Male,*,>50K,28596
4,17,*,*,9,*,*,*,Female,*,<=50K,28597
4,18,*,*,9,*,*,*,Male,*,<=50K,28598
4,12,*,*,6,*,*,*,Male,*,<=50K,28599
4,25,*,*,13,*,*,*,Female,*,<=50K,28601
4,25,*,*,13,*,*,*,Female,*,>50K,28602
4,27,*,*,14,*,*,*,Female,*,<=50K,28603
4,22,*,*,11,*,*,*,Male,*,<=50K,28604
4,17,*,*,9,*,*,*,Female,*,<=50K,28605
4,8,*,*,4,*,*,*,Male,*,<=50K,28606
4,20,*,*,10,*,*,*,Male,*,<=50K,28607
4,17,*,*,9,*,*,*,Female,*,<=50K,28609
4,26,*,*,13,*,*,*,Male,*,<=50K,28610
4,18,*,*,9,*,*,*,Male,*,>50K,28611
4,20,*,*,10,*,*,*,Male,*,<=50K,28612
4,20,*,*,10,*,*,*,Male,*,>50K,28615
4,13,*,*,7,*,*,*,Female,*,<=50K,28616
4,18,*,*,9,*,*,*,Male,*,<=50K,28617
4,13,*,*,7,*,*,*,Female,*,<=50K,28618
4,21,*,*,11,*,*,*,Female,*,<=50K,28619
4,20,*,*,10,*,*,*,Male,*,<=50K,28620
4,17,*,*,9,*,*,*,Female,*,<=50K,28622
4,25,*,*,13,*,*,*,Female,*,<=50K,28626
4,12,*,*,6,*,*,*,Male,*,<=50K,28627
4,17,*,*,9,*,*,*,Female,*,<=50K,28628
4,14,*,*,7,*,*,*,Male,*,<=50K,28630
4,20,*,*,10,*,*,*,Male,*,<=50K,28631
4,12,*,*,6,*,*,*,Male,*,<=50K,28632
4,18,*,*,9,*,*,*,Male,*,<=50K,28634
4,21,*,*,11,*,*,*,Female,*,<=50K,28635
4,26,*,*,13,*,*,*,Male,*,<=50K,28636
4,23,*,*,12,*,*,*,Female,*,<=50K,28637
4,17,*,*,9,*,*,*,Female,*,>50K,28638
4,22,*,*,11,*,*,*,Male,*,<=50K,28639
4,26,*,*,13,*,*,*,Male,*,<=50K,28640
4,25,*,*,13,*,*,*,Female,*,<=50K,28643
4,28,*,*,14,*,*,*,Male,*,>50K,28644
4,26,*,*,13,*,*,*,Male,*,<=50K,28645
4,26,*,*,13,*,*,*,Male,*,<=50K,28646
4,18,*,*,9,*,*,*,Male,*,<=50K,28647
4,20,*,*,10,*,*,*,Male,*,<=50K,28648
4,18,*,*,9,*,*,*,Male,*,<=50K,28649
4,18,*,*,9,*,*,*,Male,*,<=50K,28652
4,18,*,*,9,*,*,*,Male,*,<=50K,28653
4,18,*,*,9,*,*,*,Male,*,>50K,28654
4,26,*,*,13,*,*,*,Male,*,>50K,28656
4,25,*,*,13,*,*,*,Female,*,<=50K,28657
4,32,*,*,16,*,*,*,Male,*,>50K,28659
4,18,*,*,9,*,*,*,Male,*,<=50K,28660
4,22,*,*,11,*,*,*,Male,*,<=50K,28661
4,16,*,*,8,*,*,*,Male,*,<=50K,28662
4,17,*,*,9,*,*,*,Female,*,<=50K,28663
4,18,*,*,9,*,*,*,Male,*,<=50K,28665
4,20,*,*,10,*,*,*,Male,*,>50K,28666
4,13,*,*,7,*,*,*,Female,*,<=50K,28667
4,19,*,*,10,*,*,*,Female,*,>50K,28668
4,26,*,*,13,*,*,*,Male,*,<=50K,28669
4,20,*,*,10,*,*,*,Male,*,<=50K,28670
4,17,*,*,9,*,*,*,Female,*,<=50K,28671
4,18,*,*,9,*,*,*,Male,*,>50K,28672
4,10,*,*,5,*,*,*,Male,*,<=50K,28673
4,18,*,*,9,*,*,*,Male,*,<=50K,28674
4,25,*,*,13,*,*,*,Female,*,<=50K,28675
4,14,*,*,7,*,*,*,Male,*,>50K,28676
4,22,*,*,11,*,*,*,Male,*,<=50K,28679
4,18,*,*,9,*,*,*,Male,*,<=50K,28680
4,19,*,*,10,*,*,*,Female,*,<=50K,28681
4,18,*,*,9,*,*,*,Male,*,<=50K,28682
4,17,*,*,9,*,*,*,Female,*,<=50K,28684
4,25,*,*,13,*,*,*,Female,*,<=50K,28685
4,17,*,*,9,*,*,*,Female,*,<=50K,28686
4,26,*,*,13,*,*,*,Male,*,<=50K,28687
4,23,*,*,12,*,*,*,Female,*,<=50K,28688
4,19,*,*,10,*,*,*,Female,*,<=50K,28689
4,12,*,*,6,*,*,*,Male,*,<=50K,28690
4,18,*,*,9,*,*,*,Male,*,<=50K,28691
4,18,*,*,9,*,*,*,Male,*,<=50K,28692
4,20,*,*,10,*,*,*,Male,*,>50K,28693
4,18,*,*,9,*,*,*,Male,*,>50K,28694
4,18,*,*,9,*,*,*,Male,*,<=50K,28695
4,18,*,*,9,*,*,*,Male,*,<=50K,28696
4,18,*,*,9,*,*,*,Male,*,<=50K,28697
4,18,*,*,9,*,*,*,Male,*,<=50K,28698
4,25,*,*,13,*,*,*,Female,*,<=50K,28699
4,18,*,*,9,*,*,*,Male,*,<=50K,28700
4,18,*,*,9,*,*,*,Male,*,>50K,28701
4,10,*,*,5,*,*,*,Male,*,<=50K,28702
4,26,*,*,13,*,*,*,Male,*,<=50K,28703
4,25,*,*,13,*,*,*,Female,*,<=50K,28704
4,18,*,*,9,*,*,*,Male,*,<=50K,28706
4,19,*,*,10,*,*,*,Female,*,<=50K,28709
4,12,*,*,6,*,*,*,Male,*,<=50K,28710
4,17,*,*,9,*,*,*,Female,*,<=50K,28711
4,18,*,*,9,*,*,*,Male,*,<=50K,28712
4,18,*,*,9,*,*,*,Male,*,<=50K,28713
4,24,*,*,12,*,*,*,Male,*,<=50K,28714
4,20,*,*,10,*,*,*,Male,*,>50K,28715
4,29,*,*,15,*,*,*,Female,*,<=50K,28716
4,17,*,*,9,*,*,*,Female,*,<=50K,28717
4,18,*,*,9,*,*,*,Male,*,<=50K,28718
4,18,*,*,9,*,*,*,Male,*,>50K,28720
4,19,*,*,10,*,*,*,Female,*,<=50K,28722
4,13,*,*,7,*,*,*,Female,*,<=50K,28723
4,19,*,*,10,*,*,*,Female,*,<=50K,28724
4,20,*,*,10,*,*,*,Male,*,<=50K,28726
4,19,*,*,10,*,*,*,Female,*,<=50K,28727
4,21,*,*,11,*,*,*,Female,*,<=50K,28728
4,22,*,*,11,*,*,*,Male,*,<=50K,28729
4,12,*,*,6,*,*,*,Male,*,<=50K,28730
4,19,*,*,10,*,*,*,Female,*,<=50K,28731
4,20,*,*,10,*,*,*,Male,*,>50K,28732
4,17,*,*,9,*,*,*,Female,*,<=50K,28733
4,18,*,*,9,*,*,*,Male,*,<=50K,28734
4,11,*,*,6,*,*,*,Female,*,<=50K,28735
4,23,*,*,12,*,*,*,Female,*,<=50K,28738
4,30,*,*,15,*,*,*,Male,*,>50K,28739
4,18,*,*,9,*,*,*,Male,*,<=50K,28740
4,20,*,*,10,*,*,*,Male,*,<=50K,28741
4,12,*,*,6,*,*,*,Male,*,<=50K,28742
4,24,*,*,12,*,*,*,Male,*,>50K,28743
4,19,*,*,10,*,*,*,Female,*,<=50K,28744
4,18,*,*,9,*,*,*,Male,*,<=50K,28745
4,18,*,*,9,*,*,*,Male,*,<=50K,28746
4,25,*,*,13,*,*,*,Female,*,<=50K,28747
4,19,*,*,10,*,*,*,Female,*,<=50K,28748
4,17,*,*,9,*,*,*,Female,*,<=50K,28750
4,18,*,*,9,*,*,*,Male,*,>50K,28751
4,24,*,*,12,*,*,*,Male,*,>50K,28752
4,18,*,*,9,*,*,*,Male,*,<=50K,28753
4,4,*,*,2,*,*,*,Male,*,<=50K,28754
4,18,*,*,9,*,*,*,Male,*,>50K,28755
4,26,*,*,13,*,*,*,Male,*,<=50K,28756
4,18,*,*,9,*,*,*,Male,*,>50K,28757
4,17,*,*,9,*,*,*,Female,*,<=50K,28758
4,18,*,*,9,*,*,*,Male,*,<=50K,28760
4,17,*,*,9,*,*,*,Female,*,<=50K,28761
4,19,*,*,10,*,*,*,Female,*,<=50K,28762
4,23,*,*,12,*,*,*,Female,*,<=50K,28763
4,14,*,*,7,*,*,*,Male,*,<=50K,28765
4,25,*,*,13,*,*,*,Female,*,<=50K,28766
4,19,*,*,10,*,*,*,Female,*,<=50K,28767
4,14,*,*,7,*,*,*,Male,*,<=50K,28768
4,24,*,*,12,*,*,*,Male,*,>50K,28769
4,22,*,*,11,*,*,*,Male,*,<=50K,28771
4,27,*,*,14,*,*,*,Female,*,<=50K,28773
4,20,*,*,10,*,*,*,Male,*,<=50K,28774
4,23,*,*,12,*,*,*,Female,*,>50K,28775
4,12,*,*,6,*,*,*,Male,*,<=50K,28776
4,28,*,*,14,*,*,*,Male,*,<=50K,28777
4,26,*,*,13,*,*,*,Male,*,>50K,28779
4,18,*,*,9,*,*,*,Male,*,>50K,28780
4,4,*,*,2,*,*,*,Male,*,<=50K,28781
4,17,*,*,9,*,*,*,Female,*,<=50K,28782
4,19,*,*,10,*,*,*,Female,*,>50K,28783
4,17,*,*,9,*,*,*,Female,*,<=50K,28784
4,19,*,*,10,*,*,*,Female,*,<=50K,28785
4,26,*,*,13,*,*,*,Male,*,<=50K,28786
4,10,*,*,5,*,*,*,Male,*,<=50K,28787
4,26,*,*,13,*,*,*,Male,*,<=50K,28788
4,18,*,*,9,*,*,*,Male,*,<=50K,28789
4,18,*,*,9,*,*,*,Male,*,<=50K,28790
4,26,*,*,13,*,*,*,Male,*,>50K,28791
4,16,*,*,8,*,*,*,Male,*,<=50K,28792
4,18,*,*,9,*,*,*,Male,*,<=50K,28794
4,4,*,*,2,*,*,*,Male,*,<=50K,28795
4,4,*,*,2,*,*,*,Male,*,<=50K,28796
4,26,*,*,13,*,*,*,Male,*,>50K,28797
4,18,*,*,9,*,*,*,Male,*,<=50K,28798
4,17,*,*,9,*,*,*,Female,*,<=50K,28799
4,26,*,*,13,*,*,*,Male,*,>50K,28800
4,20,*,*,10,*,*,*,Male,*,<=50K,28801
4,25,*,*,13,*,*,*,Female,*,<=50K,28803
4,28,*,*,14,*,*,*,Male,*,>50K,28804
4,26,*,*,13,*,*,*,Male,*,>50K,28805
4,28,*,*,14,*,*,*,Male,*,<=50K,28806
4,18,*,*,9,*,*,*,Male,*,>50K,28807
4,20,*,*,10,*,*,*,Male,*,<=50K,28808
4,18,*,*,9,*,*,*,Male,*,<=50K,28809
4,18,*,*,9,*,*,*,Male,*,<=50K,28810
4,25,*,*,13,*,*,*,Female,*,<=50K,28812
4,18,*,*,9,*,*,*,Male,*,<=50K,28813
4,20,*,*,10,*,*,*,Male,*,>50K,28814
4,18,*,*,9,*,*,*,Male,*,<=50K,28815
4,18,*,*,9,*,*,*,Male,*,<=50K,28816
4,29,*,*,15,*,*,*,Female,*,>50K,28818
4,18,*,*,9,*,*,*,Male,*,<=50K,28820
4,17,*,*,9,*,*,*,Female,*,<=50K,28821
4,20,*,*,10,*,*,*,Male,*,>50K,28822
4,16,*,*,8,*,*,*,Male,*,<=50K,28823
4,26,*,*,13,*,*,*,Male,*,>50K,28824
4,17,*,*,9,*,*,*,Female,*,<=50K,28825
4,15,*,*,8,*,*,*,Female,*,<=50K,28826
4,20,*,*,10,*,*,*,Male,*,<=50K,28827
4,20,*,*,10,*,*,*,Male,*,<=50K,28828
4,18,*,*,9,*,*,*,Male,*,<=50K,28829
4,17,*,*,9,*,*,*,Female,*,<=50K,28830
4,10,*,*,5,*,*,*,Male,*,<=50K,28831
4,25,*,*,13,*,*,*,Female,*,<=50K,28833
4,25,*,*,13,*,*,*,Female,*,<=50K,28834
4,18,*,*,9,*,*,*,Male,*,<=50K,28835
4,17,*,*,9,*,*,*,Female,*,<=50K,28836
4,10,*,*,5,*,*,*,Male,*,<=50K,28837
4,23,*,*,12,*,*,*,Female,*,<=50K,28838
4,19,*,*,10,*,*,*,Female,*,<=50K,28839
4,24,*,*,12,*,*,*,Male,*,>50K,28840
4,14,*,*,7,*,*,*,Male,*,<=50K,28841
4,18,*,*,9,*,*,*,Male,*,<=50K,28842
4,21,*,*,11,*,*,*,Female,*,<=50K,28845
4,18,*,*,9,*,*,*,Male,*,>50K,28846
4,18,*,*,9,*,*,*,Male,*,<=50K,28847
4,8,*,*,4,*,*,*,Male,*,<=50K,28848
4,20,*,*,10,*,*,*,Male,*,<=50K,28849
4,14,*,*,7,*,*,*,Male,*,<=50K,28851
4,18,*,*,9,*,*,*,Male,*,>50K,28852
4,21,*,*,11,*,*,*,Female,*,<=50K,28853
4,18,*,*,9,*,*,*,Male,*,<=50K,28854
4,25,*,*,13,*,*,*,Female,*,<=50K,28856
4,18,*,*,9,*,*,*,Male,*,<=50K,28858
4,13,*,*,7,*,*,*,Female,*,>50K,28859
4,26,*,*,13,*,*,*,Male,*,<=50K,28860
4,18,*,*,9,*,*,*,Male,*,<=50K,28861
4,17,*,*,9,*,*,*,Female,*,<=50K,28862
4,20,*,*,10,*,*,*,Male,*,<=50K,28863
4,18,*,*,9,*,*,*,Male,*,>50K,28864
4,17,*,*,9,*,*,*,Female,*,<=50K,28865
4,19,*,*,10,*,*,*,Female,*,<=50K,28866
4,28,*,*,14,*,*,*,Male,*,>50K,28868
4,17,*,*,9,*,*,*,Female,*,<=50K,28869
4,17,*,*,9,*,*,*,Female,*,<=50K,28870
4,17,*,*,9,*,*,*,Female,*,>50K,28871
4,20,*,*,10,*,*,*,Male,*,<=50K,28872
4,18,*,*,9,*,*,*,Male,*,<=50K,28873
4,17,*,*,9,*,*,*,Female,*,<=50K,28875
4,13,*,*,7,*,*,*,Female,*,<=50K,28876
4,17,*,*,9,*,*,*,Female,*,<=50K,28877
4,18,*,*,9,*,*,*,Male,*,>50K,28878
4,18,*,*,9,*,*,*,Male,*,<=50K,28879
4,18,*,*,9,*,*,*,Male,*,>50K,28881
4,17,*,*,9,*,*,*,Female,*,<=50K,28882
4,18,*,*,9,*,*,*,Male,*,<=50K,28883
4,20,*,*,10,*,*,*,Male,*,<=50K,28885
4,22,*,*,11,*,*,*,Male,*,>50K,28886
4,18,*,*,9,*,*,*,Male,*,>50K,28887
4,20,*,*,10,*,*,*,Male,*,>50K,28888
4,19,*,*,10,*,*,*,Female,*,<=50K,28889
4,26,*,*,13,*,*,*,Male,*,>50K,28890
4,17,*,*,9,*,*,*,Female,*,<=50K,28891
4,18,*,*,9,*,*,*,Male,*,<=50K,28893
4,24,*,*,12,*,*,*,Male,*,>50K,28894
4,26,*,*,13,*,*,*,Male,*,>50K,28895
4,22,*,*,11,*,*,*,Male,*,>50K,28896
4,14,*,*,7,*,*,*,Male,*,<=50K,28897
4,17,*,*,9,*,*,*,Female,*,<=50K,28898
4,18,*,*,9,*,*,*,Male,*,<=50K,28899
4,20,*,*,10,*,*,*,Male,*,<=50K,28900
4,17,*,*,9,*,*,*,Female,*,<=50K,28901
4,18,*,*,9,*,*,*,Male,*,<=50K,28902
4,6,*,*,3,*,*,*,Male,*,<=50K,28903
4,28,*,*,14,*,*,*,Male,*,<=50K,28904
4,19,*,*,10,*,*,*,Female,*,<=50K,28905
4,20,*,*,10,*,*,*,Male,*,<=50K,28909
4,25,*,*,13,*,*,*,Female,*,<=50K,28910
4,28,*,*,14,*,*,*,Male,*,>50K,28911
4,20,*,*,10,*,*,*,Male,*,>50K,28912
4,13,*,*,7,*,*,*,Female,*,<=50K,28913
4,20,*,*,10,*,*,*,Male,*,<=50K,28914
4,18,*,*,9,*,*,*,Male,*,<=50K,28915
4,17,*,*,9,*,*,*,Female,*,<=50K,28917
4,26,*,*,13,*,*,*,Male,*,>50K,28918
4,20,*,*,10,*,*,*,Male,*,<=50K,28919
4,26,*,*,13,*,*,*,Male,*,>50K,28920
4,28,*,*,14,*,*,*,Male,*,>50K,28924
4,18,*,*,9,*,*,*,Male,*,<=50K,28925
4,18,*,*,9,*,*,*,Male,*,<=50K,28926
4,20,*,*,10,*,*,*,Male,*,<=50K,28927
4,16,*,*,8,*,*,*,Male,*,<=50K,28928
4,18,*,*,9,*,*,*,Male,*,<=50K,28930
4,8,*,*,4,*,*,*,Male,*,<=50K,28931
4,18,*,*,9,*,*,*,Male,*,<=50K,28932
4,20,*,*,10,*,*,*,Male,*,<=50K,28933
4,20,*,*,10,*,*,*,Male,*,<=50K,28935
4,18,*,*,9,*,*,*,Male,*,<=50K,28936
4,21,*,*,11,*,*,*,Female,*,<=50K,28937
4,31,*,*,16,*,*,*,Female,*,<=50K,28938
4,17,*,*,9,*,*,*,Female,*,<=50K,28939
4,25,*,*,13,*,*,*,Female,*,<=50K,28940
4,14,*,*,7,*,*,*,Male,*,<=50K,28942
4,22,*,*,11,*,*,*,Male,*,<=50K,28943
4,6,*,*,3,*,*,*,Male,*,<=50K,28945
4,18,*,*,9,*,*,*,Male,*,<=50K,28946
4,26,*,*,13,*,*,*,Male,*,<=50K,28947
4,26,*,*,13,*,*,*,Male,*,<=50K,28948
4,26,*,*,13,*,*,*,Male,*,<=50K,28949
4,20,*,*,10,*,*,*,Male,*,<=50K,28950
4,25,*,*,13,*,*,*,Female,*,>50K,28951
4,19,*,*,10,*,*,*,Female,*,<=50K,28952
4,28,*,*,14,*,*,*,Male,*,<=50K,28953
4,27,*,*,14,*,*,*,Female,*,<=50K,28954
4,22,*,*,11,*,*,*,Male,*,>50K,28955
4,17,*,*,9,*,*,*,Female,*,<=50K,28956
4,10,*,*,5,*,*,*,Male,*,<=50K,28958
4,20,*,*,10,*,*,*,Male,*,<=50K,28959
4,25,*,*,13,*,*,*,Female,*,>50K,28960
4,20,*,*,10,*,*,*,Male,*,<=50K,28961
4,18,*,*,9,*,*,*,Male,*,<=50K,28962
4,24,*,*,12,*,*,*,Male,*,>50K,28963
4,27,*,*,14,*,*,*,Female,*,<=50K,28964
4,18,*,*,9,*,*,*,Male,*,<=50K,28966
4,18,*,*,9,*,*,*,Male,*,<=50K,28967
4,23,*,*,12,*,*,*,Female,*,>50K,28968
4,20,*,*,10,*,*,*,Male,*,<=50K,28970
4,17,*,*,9,*,*,*,Female,*,<=50K,28971
4,28,*,*,14,*,*,*,Male,*,<=50K,28972
4,28,*,*,14,*,*,*,Male,*,<=50K,28973
4,28,*,*,14,*,*,*,Male,*,>50K,28974
4,26,*,*,13,*,*,*,Male,*,<=50K,28975
4,5,*,*,3,*,*,*,Female,*,<=50K,28976
4,20,*,*,10,*,*,*,Male,*,>50K,28977
4,20,*,*,10,*,*,*,Male,*,>50K,28979
4,14,*,*,7,*,*,*,Male,*,<=50K,28980
4,18,*,*,9,*,*,*,Male,*,<=50K,28981
4,20,*,*,10,*,*,*,Male,*,<=50K,28984
4,18,*,*,9,*,*,*,Male,*,<=50K,28985
4,24,*,*,12,*,*,*,Male,*,<=50K,28986
4,28,*,*,14,*,*,*,Male,*,>50K,28987
4,26,*,*,13,*,*,*,Male,*,>50K,28988
4,28,*,*,14,*,*,*,Male,*,>50K,28989
4,18,*,*,9,*,*,*,Male,*,<=50K,28991
4,17,*,*,9,*,*,*,Female,*,<=50K,28994
4,20,*,*,10,*,*,*,Male,*,<=50K,28995
4,20,*,*,10,*,*,*,Male,*,<=50K,28996
4,17,*,*,9,*,*,*,Female,*,<=50K,28997
4,19,*,*,10,*,*,*,Female,*,>50K,28998
4,18,*,*,9,*,*,*,Male,*,<=50K,28999
4,21,*,*,11,*,*,*,Female,*,<=50K,29000
4,18,*,*,9,*,*,*,Male,*,<=50K,29002
4,20,*,*,10,*,*,*,Male,*,<=50K,29005
4,26,*,*,13,*,*,*,Male,*,<=50K,29006
4,20,*,*,10,*,*,*,Male,*,<=50K,29007
4,9,*,*,5,*,*,*,Female,*,<=50K,29009
4,22,*,*,11,*,*,*,Male,*,>50K,29010
4,20,*,*,10,*,*,*,Male,*,>50K,29011
4,17,*,*,9,*,*,*,Female,*,<=50K,29013
4,14,*,*,7,*,*,*,Male,*,<=50K,29015
4,19,*,*,10,*,*,*,Female,*,<=50K,29016
4,20,*,*,10,*,*,*,Male,*,<=50K,29017
4,19,*,*,10,*,*,*,Female,*,<=50K,29018
4,27,*,*,14,*,*,*,Female,*,>50K,29019
4,26,*,*,13,*,*,*,Male,*,<=50K,29020
4,17,*,*,9,*,*,*,Female,*,<=50K,29021
4,3,*,*,2,*,*,*,Female,*,<=50K,29022
4,26,*,*,13,*,*,*,Male,*,<=50K,29023
4,18,*,*,9,*,*,*,Male,*,<=50K,29024
4,26,*,*,13,*,*,*,Male,*,<=50K,29025
4,18,*,*,9,*,*,*,Male,*,<=50K,29026
4,28,*,*,14,*,*,*,Male,*,<=50K,29027
4,26,*,*,13,*,*,*,Male,*,<=50K,29028
4,10,*,*,5,*,*,*,Male,*,<=50K,29033
4,29,*,*,15,*,*,*,Female,*,<=50K,29034
4,19,*,*,10,*,*,*,Female,*,<=50K,29035
4,26,*,*,13,*,*,*,Male,*,>50K,29038
4,26,*,*,13,*,*,*,Male,*,>50K,29039
4,18,*,*,9,*,*,*,Male,*,<=50K,29042
4,17,*,*,9,*,*,*,Female,*,<=50K,29044
4,26,*,*,13,*,*,*,Male,*,<=50K,29045
4,18,*,*,9,*,*,*,Male,*,<=50K,29046
4,20,*,*,10,*,*,*,Male,*,>50K,29047
4,25,*,*,13,*,*,*,Female,*,<=50K,29048
4,18,*,*,9,*,*,*,Male,*,<=50K,29049
4,26,*,*,13,*,*,*,Male,*,<=50K,29050
4,18,*,*,9,*,*,*,Male,*,<=50K,29051
4,20,*,*,10,*,*,*,Male,*,<=50K,29052
4,17,*,*,9,*,*,*,Female,*,<=50K,29053
4,18,*,*,9,*,*,*,Male,*,<=50K,29054
4,20,*,*,10,*,*,*,Male,*,>50K,29055
4,18,*,*,9,*,*,*,Male,*,<=50K,29056
4,20,*,*,10,*,*,*,Male,*,>50K,29057
4,18,*,*,9,*,*,*,Male,*,<=50K,29058
4,18,*,*,9,*,*,*,Male,*,<=50K,29059
4,32,*,*,16,*,*,*,Male,*,>50K,29060
4,20,*,*,10,*,*,*,Male,*,>50K,29063
4,20,*,*,10,*,*,*,Male,*,<=50K,29064
4,20,*,*,10,*,*,*,Male,*,<=50K,29065
4,18,*,*,9,*,*,*,Male,*,<=50K,29066
4,20,*,*,10,*,*,*,Male,*,<=50K,29067
4,18,*,*,9,*,*,*,Male,*,<=50K,29068
4,20,*,*,10,*,*,*,Male,*,<=50K,29069
4,26,*,*,13,*,*,*,Male,*,<=50K,29072
4,20,*,*,10,*,*,*,Male,*,>50K,29073
4,18,*,*,9,*,*,*,Male,*,<=50K,29074
4,15,*,*,8,*,*,*,Female,*,<=50K,29075
4,8,*,*,4,*,*,*,Male,*,<=50K,29076
4,26,*,*,13,*,*,*,Male,*,>50K,29078
4,18,*,*,9,*,*,*,Male,*,<=50K,29081
4,20,*,*,10,*,*,*,Male,*,<=50K,29083
4,19,*,*,10,*,*,*,Female,*,<=50K,29084
4,22,*,*,11,*,*,*,Male,*,<=50K,29086
4,18,*,*,9,*,*,*,Male,*,<=50K,29087
4,20,*,*,10,*,*,*,Male,*,<=50K,29088
4,19,*,*,10,*,*,*,Female,*,<=50K,29089
4,26,*,*,13,*,*,*,Male,*,<=50K,29090
4,27,*,*,14,*,*,*,Female,*,<=50K,29091
4,18,*,*,9,*,*,*,Male,*,>50K,29093
4,20,*,*,10,*,*,*,Male,*,>50K,29095
4,12,*,*,6,*,*,*,Male,*,<=50K,29096
4,14,*,*,7,*,*,*,Male,*,<=50K,29097
4,17,*,*,9,*,*,*,Female,*,<=50K,29099
4,19,*,*,10,*,*,*,Female,*,<=50K,29100
4,11,*,*,6,*,*,*,Female,*,<=50K,29101
4,20,*,*,10,*,*,*,Male,*,<=50K,29102
4,14,*,*,7,*,*,*,Male,*,<=50K,29103
4,4,*,*,2,*,*,*,Male,*,<=50K,29104
4,26,*,*,13,*,*,*,Male,*,>50K,29105
4,18,*,*,9,*,*,*,Male,*,>50K,29106
4,18,*,*,9,*,*,*,Male,*,<=50K,29107
4,20,*,*,10,*,*,*,Male,*,<=50K,29108
4,25,*,*,13,*,*,*,Female,*,>50K,29109
4,23,*,*,12,*,*,*,Female,*,<=50K,29110
4,20,*,*,10,*,*,*,Male,*,>50K,29111
4,30,*,*,15,*,*,*,Male,*,>50K,29112
4,26,*,*,13,*,*,*,Male,*,<=50K,29113
4,18,*,*,9,*,*,*,Male,*,<=50K,29114
4,17,*,*,9,*,*,*,Female,*,<=50K,29116
4,25,*,*,13,*,*,*,Female,*,<=50K,29117
4,20,*,*,10,*,*,*,Male,*,<=50K,29118
4,18,*,*,9,*,*,*,Male,*,<=50K,29119
4,26,*,*,13,*,*,*,Male,*,<=50K,29120
4,20,*,*,10,*,*,*,Male,*,<=50K,29121
4,30,*,*,15,*,*,*,Male,*,<=50K,29123
4,18,*,*,9,*,*,*,Male,*,<=50K,29125
4,20,*,*,10,*,*,*,Male,*,>50K,29126
4,26,*,*,13,*,*,*,Male,*,>50K,29127
4,18,*,*,9,*,*,*,Male,*,>50K,29128
4,12,*,*,6,*,*,*,Male,*,<=50K,29129
4,22,*,*,11,*,*,*,Male,*,<=50K,29130
4,18,*,*,9,*,*,*,Male,*,<=50K,29131
4,17,*,*,9,*,*,*,Female,*,<=50K,29132
4,10,*,*,5,*,*,*,Male,*,<=50K,29134
4,26,*,*,13,*,*,*,Male,*,<=50K,29135
4,26,*,*,13,*,*,*,Male,*,>50K,29136
4,25,*,*,13,*,*,*,Female,*,<=50K,29137
4,25,*,*,13,*,*,*,Female,*,<=50K,29138
4,19,*,*,10,*,*,*,Female,*,<=50K,29139
4,18,*,*,9,*,*,*,Male,*,<=50K,29140
4,18,*,*,9,*,*,*,Male,*,>50K,29141
4,17,*,*,9,*,*,*,Female,*,<=50K,29142
4,20,*,*,10,*,*,*,Male,*,<=50K,29143
4,17,*,*,9,*,*,*,Female,*,<=50K,29144
4,17,*,*,9,*,*,*,Female,*,<=50K,29146
4,24,*,*,12,*,*,*,Male,*,<=50K,29147
4,28,*,*,14,*,*,*,Male,*,>50K,29149
4,12,*,*,6,*,*,*,Male,*,<=50K,29151
4,17,*,*,9,*,*,*,Female,*,<=50K,29152
4,19,*,*,10,*,*,*,Female,*,<=50K,29153
4,25,*,*,13,*,*,*,Female,*,<=50K,29154
4,20,*,*,10,*,*,*,Male,*,<=50K,29156
4,9,*,*,5,*,*,*,Female,*,<=50K,29157
4,19,*,*,10,*,*,*,Female,*,<=50K,29158
4,20,*,*,10,*,*,*,Male,*,<=50K,29159
4,19,*,*,10,*,*,*,Female,*,<=50K,29160
4,19,*,*,10,*,*,*,Female,*,<=50K,29161
4,19,*,*,10,*,*,*,Female,*,<=50K,29162
4,20,*,*,10,*,*,*,Male,*,>50K,29163
4,22,*,*,11,*,*,*,Male,*,>50K,29164
4,26,*,*,13,*,*,*,Male,*,<=50K,29165
4,23,*,*,12,*,*,*,Female,*,<=50K,29166
4,18,*,*,9,*,*,*,Male,*,<=50K,29167
4,31,*,*,16,*,*,*,Female,*,<=50K,29168
4,18,*,*,9,*,*,*,Male,*,<=50K,29169
4,17,*,*,9,*,*,*,Female,*,<=50K,29170
4,30,*,*,15,*,*,*,Male,*,>50K,29171
4,19,*,*,10,*,*,*,Female,*,<=50K,29172
4,18,*,*,9,*,*,*,Male,*,<=50K,29173
4,26,*,*,13,*,*,*,Male,*,>50K,29174
4,26,*,*,13,*,*,*,Male,*,<=50K,29175
4,20,*,*,10,*,*,*,Male,*,<=50K,29176
4,20,*,*,10,*,*,*,Male,*,<=50K,29178
4,18,*,*,9,*,*,*,Male,*,<=50K,29179
4,20,*,*,10,*,*,*,Male,*,<=50K,29180
4,20,*,*,10,*,*,*,Male,*,>50K,29182
4,18,*,*,9,*,*,*,Male,*,<=50K,29184
4,18,*,*,9,*,*,*,Male,*,<=50K,29185
4,26,*,*,13,*,*,*,Male,*,<=50K,29186
4,18,*,*,9,*,*,*,Male,*,<=50K,29187
4,26,*,*,13,*,*,*,Male,*,>50K,29190
4,20,*,*,10,*,*,*,Male,*,>50K,29191
4,27,*,*,14,*,*,*,Female,*,<=50K,29192
4,18,*,*,9,*,*,*,Male,*,<=50K,29193
4,25,*,*,13,*,*,*,Female,*,>50K,29194
4,18,*,*,9,*,*,*,Male,*,<=50K,29195
4,10,*,*,5,*,*,*,Male,*,>50K,29197
4,20,*,*,10,*,*,*,Male,*,>50K,29200
4,20,*,*,10,*,*,*,Male,*,>50K,29201
4,18,*,*,9,*,*,*,Male,*,<=50K,29204
4,18,*,*,9,*,*,*,Male,*,<=50K,29205
4,25,*,*,13,*,*,*,Female,*,>50K,29206
4,4,*,*,2,*,*,*,Male,*,<=50K,29207
4,18,*,*,9,*,*,*,Male,*,<=50K,29211
4,13,*,*,7,*,*,*,Female,*,<=50K,29212
4,18,*,*,9,*,*,*,Male,*,<=50K,29213
4,19,*,*,10,*,*,*,Female,*,<=50K,29214
4,18,*,*,9,*,*,*,Male,*,<=50K,29215
4,18,*,*,9,*,*,*,Male,*,<=50K,29217
4,20,*,*,10,*,*,*,Male,*,>50K,29218
4,18,*,*,9,*,*,*,Male,*,<=50K,29219
4,18,*,*,9,*,*,*,Male,*,<=50K,29221
4,18,*,*,9,*,*,*,Male,*,<=50K,29223
4,26,*,*,13,*,*,*,Male,*,>50K,29224
4,18,*,*,9,*,*,*,Male,*,<=50K,29225
4,28,*,*,14,*,*,*,Male,*,<=50K,29226
4,25,*,*,13,*,*,*,Female,*,>50K,29227
4,18,*,*,9,*,*,*,Male,*,<=50K,29228
4,18,*,*,9,*,*,*,Male,*,<=50K,29229
4,30,*,*,15,*,*,*,Male,*,>50K,29230
4,26,*,*,13,*,*,*,Male,*,<=50K,29231
4,21,*,*,11,*,*,*,Female,*,<=50K,29232
4,20,*,*,10,*,*,*,Male,*,<=50K,29233
4,18,*,*,9,*,*,*,Male,*,<=50K,29234
4,18,*,*,9,*,*,*,Male,*,>50K,29235
4,19,*,*,10,*,*,*,Female,*,>50K,29236
4,19,*,*,10,*,*,*,Female,*,<=50K,29238
4,20,*,*,10,*,*,*,Male,*,<=50K,29239
4,23,*,*,12,*,*,*,Female,*,<=50K,29240
4,30,*,*,15,*,*,*,Male,*,<=50K,29241
4,17,*,*,9,*,*,*,Female,*,<=50K,29242
4,28,*,*,14,*,*,*,Male,*,>50K,29243
4,19,*,*,10,*,*,*,Female,*,<=50K,29244
4,12,*,*,6,*,*,*,Male,*,<=50K,29245
4,17,*,*,9,*,*,*,Female,*,<=50K,29246
4,28,*,*,14,*,*,*,Male,*,>50K,29247
4,25,*,*,13,*,*,*,Female,*,<=50K,29248
4,18,*,*,9,*,*,*,Male,*,<=50K,29249
4,20,*,*,10,*,*,*,Male,*,<=50K,29250
4,18,*,*,9,*,*,*,Male,*,>50K,29251
4,20,*,*,10,*,*,*,Male,*,>50K,29252
4,20,*,*,10,*,*,*,Male,*,<=50K,29253
4,17,*,*,9,*,*,*,Female,*,<=50K,29254
4,14,*,*,7,*,*,*,Male,*,<=50K,29255
4,14,*,*,7,*,*,*,Male,*,<=50K,29257
4,13,*,*,7,*,*,*,Female,*,<=50K,29258
4,20,*,*,10,*,*,*,Male,*,<=50K,29259
4,14,*,*,7,*,*,*,Male,*,<=50K,29260
4,18,*,*,9,*,*,*,Male,*,<=50K,29262
4,18,*,*,9,*,*,*,Male,*,>50K,29265
4,28,*,*,14,*,*,*,Male,*,>50K,29266
4,27,*,*,14,*,*,*,Female,*,>50K,29267
4,18,*,*,9,*,*,*,Male,*,>50K,29268
4,26,*,*,13,*,*,*,Male,*,<=50K,29269
4,28,*,*,14,*,*,*,Male,*,>50K,29270
4,20,*,*,10,*,*,*,Male,*,>50K,29271
4,17,*,*,9,*,*,*,Female,*,<=50K,29272
4,14,*,*,7,*,*,*,Male,*,<=50K,29273
4,17,*,*,9,*,*,*,Female,*,<=50K,29274
4,18,*,*,9,*,*,*,Male,*,<=50K,29276
4,18,*,*,9,*,*,*,Male,*,<=50K,29277
4,24,*,*,12,*,*,*,Male,*,<=50K,29278
4,19,*,*,10,*,*,*,Female,*,<=50K,29279
4,17,*,*,9,*,*,*,Female,*,<=50K,29281
4,20,*,*,10,*,*,*,Male,*,>50K,29282
4,16,*,*,8,*,*,*,Male,*,<=50K,29285
4,30,*,*,15,*,*,*,Male,*,>50K,29286
4,18,*,*,9,*,*,*,Male,*,<=50K,29287
4,18,*,*,9,*,*,*,Male,*,>50K,29288
4,16,*,*,8,*,*,*,Male,*,<=50K,29289
4,17,*,*,9,*,*,*,Female,*,<=50K,29290
4,18,*,*,9,*,*,*,Male,*,<=50K,29291
4,25,*,*,13,*,*,*,Female,*,<=50K,29292
4,18,*,*,9,*,*,*,Male,*,<=50K,29295
4,17,*,*,9,*,*,*,Female,*,<=50K,29296
4,25,*,*,13,*,*,*,Female,*,>50K,29298
4,26,*,*,13,*,*,*,Male,*,<=50K,29299
4,20,*,*,10,*,*,*,Male,*,<=50K,29300
4,19,*,*,10,*,*,*,Female,*,<=50K,29303
4,12,*,*,6,*,*,*,Male,*,<=50K,29304
4,19,*,*,10,*,*,*,Female,*,<=50K,29305
4,20,*,*,10,*,*,*,Male,*,>50K,29307
4,18,*,*,9,*,*,*,Male,*,<=50K,29309
4,25,*,*,13,*,*,*,Female,*,<=50K,29311
4,17,*,*,9,*,*,*,Female,*,<=50K,29312
4,20,*,*,10,*,*,*,Male,*,>50K,29313
4,18,*,*,9,*,*,*,Male,*,>50K,29314
4,25,*,*,13,*,*,*,Female,*,<=50K,29315
4,25,*,*,13,*,*,*,Female,*,<=50K,29317
4,6,*,*,3,*,*,*,Male,*,<=50K,29318
4,26,*,*,13,*,*,*,Male,*,>50K,29319
4,32,*,*,16,*,*,*,Male,*,<=50K,29320
4,17,*,*,9,*,*,*,Female,*,>50K,29321
4,22,*,*,11,*,*,*,Male,*,>50K,29322
4,20,*,*,10,*,*,*,Male,*,>50K,29323
4,4,*,*,2,*,*,*,Male,*,<=50K,29325
4,26,*,*,13,*,*,*,Male,*,>50K,29326
4,18,*,*,9,*,*,*,Male,*,<=50K,29327
4,19,*,*,10,*,*,*,Female,*,<=50K,29328
4,17,*,*,9,*,*,*,Female,*,<=50K,29329
4,22,*,*,11,*,*,*,Male,*,>50K,29330
4,17,*,*,9,*,*,*,Female,*,<=50K,29332
4,20,*,*,10,*,*,*,Male,*,<=50K,29334
4,18,*,*,9,*,*,*,Male,*,>50K,29338
4,20,*,*,10,*,*,*,Male,*,>50K,29339
4,21,*,*,11,*,*,*,Female,*,<=50K,29344
4,18,*,*,9,*,*,*,Male,*,>50K,29345
4,26,*,*,13,*,*,*,Male,*,<=50K,29346
4,11,*,*,6,*,*,*,Female,*,<=50K,29347
4,25,*,*,13,*,*,*,Female,*,<=50K,29348
4,18,*,*,9,*,*,*,Male,*,<=50K,29349
4,20,*,*,10,*,*,*,Male,*,<=50K,29351
4,6,*,*,3,*,*,*,Male,*,<=50K,29353
4,26,*,*,13,*,*,*,Male,*,<=50K,29354
4,17,*,*,9,*,*,*,Female,*,<=50K,29355
4,19,*,*,10,*,*,*,Female,*,<=50K,29356
4,26,*,*,13,*,*,*,Male,*,<=50K,29357
4,15,*,*,8,*,*,*,Female,*,<=50K,29358
4,20,*,*,10,*,*,*,Male,*,<=50K,29359
4,25,*,*,13,*,*,*,Female,*,<=50K,29360
4,17,*,*,9,*,*,*,Female,*,<=50K,29361
4,18,*,*,9,*,*,*,Male,*,<=50K,29363
4,25,*,*,13,*,*,*,Female,*,>50K,29364
4,26,*,*,13,*,*,*,Male,*,<=50K,29365
4,18,*,*,9,*,*,*,Male,*,<=50K,29366
4,17,*,*,9,*,*,*,Female,*,<=50K,29367
4,31,*,*,16,*,*,*,Female,*,<=50K,29368
4,17,*,*,9,*,*,*,Female,*,<=50K,29369
4,17,*,*,9,*,*,*,Female,*,<=50K,29370
4,21,*,*,11,*,*,*,Female,*,<=50K,29371
4,18,*,*,9,*,*,*,Male,*,>50K,29372
4,17,*,*,9,*,*,*,Female,*,<=50K,29373
4,25,*,*,13,*,*,*,Female,*,>50K,29374
4,17,*,*,9,*,*,*,Female,*,<=50K,29375
4,30,*,*,15,*,*,*,Male,*,>50K,29376
4,18,*,*,9,*,*,*,Male,*,>50K,29377
4,24,*,*,12,*,*,*,Male,*,<=50K,29378
4,20,*,*,10,*,*,*,Male,*,<=50K,29379
4,19,*,*,10,*,*,*,Female,*,<=50K,29380
4,19,*,*,10,*,*,*,Female,*,<=50K,29381
4,25,*,*,13,*,*,*,Female,*,>50K,29383
4,26,*,*,13,*,*,*,Male,*,>50K,29384
4,18,*,*,9,*,*,*,Male,*,<=50K,29385
4,17,*,*,9,*,*,*,Female,*,<=50K,29386
4,28,*,*,14,*,*,*,Male,*,<=50K,29387
4,22,*,*,11,*,*,*,Male,*,<=50K,29388
4,20,*,*,10,*,*,*,Male,*,<=50K,29389
4,28,*,*,14,*,*,*,Male,*,>50K,29390
4,27,*,*,14,*,*,*,Female,*,<=50K,29391
4,26,*,*,13,*,*,*,Male,*,<=50K,29394
4,12,*,*,6,*,*,*,Male,*,<=50K,29395
4,24,*,*,12,*,*,*,Male,*,<=50K,29396
4,20,*,*,10,*,*,*,Male,*,<=50K,29397
4,18,*,*,9,*,*,*,Male,*,>50K,29398
4,18,*,*,9,*,*,*,Male,*,<=50K,29399
4,24,*,*,12,*,*,*,Male,*,>50K,29401
4,18,*,*,9,*,*,*,Male,*,<=50K,29402
4,26,*,*,13,*,*,*,Male,*,<=50K,29403
4,32,*,*,16,*,*,*,Male,*,<=50K,29405
4,26,*,*,13,*,*,*,Male,*,<=50K,29406
4,18,*,*,9,*,*,*,Male,*,<=50K,29407
4,18,*,*,9,*,*,*,Male,*,<=50K,29408
4,18,*,*,9,*,*,*,Male,*,<=50K,29409
4,18,*,*,9,*,*,*,Male,*,>50K,29410
4,18,*,*,9,*,*,*,Male,*,<=50K,29411
4,25,*,*,13,*,*,*,Female,*,<=50K,29413
4,17,*,*,9,*,*,*,Female,*,<=50K,29414
4,20,*,*,10,*,*,*,Male,*,<=50K,29416
4,26,*,*,13,*,*,*,Male,*,>50K,29417
4,18,*,*,9,*,*,*,Male,*,<=50K,29418
4,20,*,*,10,*,*,*,Male,*,<=50K,29419
4,26,*,*,13,*,*,*,Male,*,<=50K,29420
4,18,*,*,9,*,*,*,Male,*,<=50K,29421
4,18,*,*,9,*,*,*,Male,*,<=50K,29422
4,17,*,*,9,*,*,*,Female,*,<=50K,29424
4,18,*,*,9,*,*,*,Male,*,>50K,29425
4,18,*,*,9,*,*,*,Male,*,<=50K,29427
4,18,*,*,9,*,*,*,Male,*,<=50K,29428
4,18,*,*,9,*,*,*,Male,*,>50K,29429
4,17,*,*,9,*,*,*,Female,*,<=50K,29430
4,20,*,*,10,*,*,*,Male,*,>50K,29431
4,18,*,*,9,*,*,*,Male,*,<=50K,29432
4,25,*,*,13,*,*,*,Female,*,<=50K,29433
4,30,*,*,15,*,*,*,Male,*,<=50K,29434
4,26,*,*,13,*,*,*,Male,*,>50K,29435
4,28,*,*,14,*,*,*,Male,*,>50K,29436
4,26,*,*,13,*,*,*,Male,*,>50K,29437
4,19,*,*,10,*,*,*,Female,*,<=50K,29438
4,8,*,*,4,*,*,*,Male,*,<=50K,29439
4,11,*,*,6,*,*,*,Female,*,<=50K,29440
4,20,*,*,10,*,*,*,Male,*,<=50K,29441
4,18,*,*,9,*,*,*,Male,*,<=50K,29442
4,19,*,*,10,*,*,*,Female,*,<=50K,29443
4,17,*,*,9,*,*,*,Female,*,<=50K,29444
4,18,*,*,9,*,*,*,Male,*,<=50K,29445
4,17,*,*,9,*,*,*,Female,*,<=50K,29446
4,21,*,*,11,*,*,*,Female,*,>50K,29449
4,26,*,*,13,*,*,*,Male,*,>50K,29451
4,18,*,*,9,*,*,*,Male,*,<=50K,29453
4,18,*,*,9,*,*,*,Male,*,<=50K,29454
4,17,*,*,9,*,*,*,Female,*,<=50K,29455
4,12,*,*,6,*,*,*,Male,*,<=50K,29456
4,18,*,*,9,*,*,*,Male,*,>50K,29457
4,13,*,*,7,*,*,*,Female,*,<=50K,29459
4,18,*,*,9,*,*,*,Male,*,<=50K,29461
4,19,*,*,10,*,*,*,Female,*,<=50K,29462
4,22,*,*,11,*,*,*,Male,*,>50K,29464
4,24,*,*,12,*,*,*,Male,*,<=50K,29465
4,19,*,*,10,*,*,*,Female,*,<=50K,29466
4,20,*,*,10,*,*,*,Male,*,<=50K,29467
4,20,*,*,10,*,*,*,Male,*,<=50K,29468
4,18,*,*,9,*,*,*,Male,*,<=50K,29469
4,20,*,*,10,*,*,*,Male,*,>50K,29470
4,20,*,*,10,*,*,*,Male,*,<=50K,29471
4,13,*,*,7,*,*,*,Female,*,<=50K,29472
4,18,*,*,9,*,*,*,Male,*,<=50K,29473
4,18,*,*,9,*,*,*,Male,*,<=50K,29474
4,22,*,*,11,*,*,*,Male,*,<=50K,29476
4,10,*,*,5,*,*,*,Male,*,<=50K,29478
4,17,*,*,9,*,*,*,Female,*,<=50K,29479
4,24,*,*,12,*,*,*,Male,*,<=50K,29480
4,25,*,*,13,*,*,*,Female,*,>50K,29481
4,20,*,*,10,*,*,*,Male,*,<=50K,29482
4,20,*,*,10,*,*,*,Male,*,<=50K,29483
4,18,*,*,9,*,*,*,Male,*,<=50K,29484
4,20,*,*,10,*,*,*,Male,*,<=50K,29485
4,21,*,*,11,*,*,*,Female,*,<=50K,29486
4,17,*,*,9,*,*,*,Female,*,<=50K,29487
4,7,*,*,4,*,*,*,Female,*,<=50K,29489
4,17,*,*,9,*,*,*,Female,*,<=50K,29490
4,19,*,*,10,*,*,*,Female,*,<=50K,29492
4,28,*,*,14,*,*,*,Male,*,>50K,29493
4,26,*,*,13,*,*,*,Male,*,>50K,29495
4,20,*,*,10,*,*,*,Male,*,>50K,29496
4,32,*,*,16,*,*,*,Male,*,<=50K,29497
4,8,*,*,4,*,*,*,Male,*,<=50K,29498
4,25,*,*,13,*,*,*,Female,*,<=50K,29499
4,26,*,*,13,*,*,*,Male,*,<=50K,29500
4,20,*,*,10,*,*,*,Male,*,<=50K,29501
4,20,*,*,10,*,*,*,Male,*,<=50K,29502
4,24,*,*,12,*,*,*,Male,*,<=50K,29503
4,30,*,*,15,*,*,*,Male,*,>50K,29504
4,30,*,*,15,*,*,*,Male,*,>50K,29505
4,30,*,*,15,*,*,*,Male,*,>50K,29506
4,14,*,*,7,*,*,*,Male,*,<=50K,29507
4,25,*,*,13,*,*,*,Female,*,>50K,29508
4,19,*,*,10,*,*,*,Female,*,<=50K,29510
4,26,*,*,13,*,*,*,Male,*,>50K,29511
4,19,*,*,10,*,*,*,Female,*,>50K,29512
4,18,*,*,9,*,*,*,Male,*,<=50K,29514
4,17,*,*,9,*,*,*,Female,*,<=50K,29515
4,19,*,*,10,*,*,*,Female,*,<=50K,29516
4,18,*,*,9,*,*,*,Male,*,<=50K,29518
4,3,*,*,2,*,*,*,Female,*,<=50K,29520
4,20,*,*,10,*,*,*,Male,*,>50K,29521
4,17,*,*,9,*,*,*,Female,*,<=50K,29522
4,26,*,*,13,*,*,*,Male,*,<=50K,29524
4,19,*,*,10,*,*,*,Female,*,<=50K,29525
4,17,*,*,9,*,*,*,Female,*,<=50K,29526
4,20,*,*,10,*,*,*,Male,*,<=50K,29527
4,17,*,*,9,*,*,*,Female,*,<=50K,29529
4,26,*,*,13,*,*,*,Male,*,<=50K,29531
4,20,*,*,10,*,*,*,Male,*,<=50K,29533
4,30,*,*,15,*,*,*,Male,*,<=50K,29534
4,20,*,*,10,*,*,*,Male,*,<=50K,29535
4,18,*,*,9,*,*,*,Male,*,>50K,29536
4,26,*,*,13,*,*,*,Male,*,<=50K,29537
4,20,*,*,10,*,*,*,Male,*,<=50K,29538
4,19,*,*,10,*,*,*,Female,*,<=50K,29539
4,26,*,*,13,*,*,*,Male,*,>50K,29540
4,17,*,*,9,*,*,*,Female,*,<=50K,29541
4,20,*,*,10,*,*,*,Male,*,>50K,29542
4,20,*,*,10,*,*,*,Male,*,<=50K,29543
4,2,*,*,1,*,*,*,Male,*,<=50K,29544
4,30,*,*,15,*,*,*,Male,*,>50K,29545
4,28,*,*,14,*,*,*,Male,*,<=50K,29546
4,14,*,*,7,*,*,*,Male,*,<=50K,29547
4,20,*,*,10,*,*,*,Male,*,<=50K,29548
4,20,*,*,10,*,*,*,Male,*,<=50K,29549
4,17,*,*,9,*,*,*,Female,*,<=50K,29550
4,26,*,*,13,*,*,*,Male,*,>50K,29551
4,18,*,*,9,*,*,*,Male,*,<=50K,29553
4,19,*,*,10,*,*,*,Female,*,<=50K,29554
4,26,*,*,13,*,*,*,Male,*,<=50K,29555
4,8,*,*,4,*,*,*,Male,*,<=50K,29556
4,28,*,*,14,*,*,*,Male,*,>50K,29558
4,26,*,*,13,*,*,*,Male,*,<=50K,29559
4,10,*,*,5,*,*,*,Male,*,<=50K,29561
4,17,*,*,9,*,*,*,Female,*,<=50K,29562
4,20,*,*,10,*,*,*,Male,*,>50K,29565
4,20,*,*,10,*,*,*,Male,*,>50K,29566
4,18,*,*,9,*,*,*,Male,*,<=50K,29568
4,30,*,*,15,*,*,*,Male,*,>50K,29569
4,20,*,*,10,*,*,*,Male,*,<=50K,29570
4,21,*,*,11,*,*,*,Female,*,<=50K,29571
4,19,*,*,10,*,*,*,Female,*,<=50K,29572
4,24,*,*,12,*,*,*,Male,*,<=50K,29574
4,18,*,*,9,*,*,*,Male,*,<=50K,29575
4,24,*,*,12,*,*,*,Male,*,<=50K,29576
4,19,*,*,10,*,*,*,Female,*,<=50K,29580
4,25,*,*,13,*,*,*,Female,*,<=50K,29581
4,20,*,*,10,*,*,*,Male,*,<=50K,29582
4,22,*,*,11,*,*,*,Male,*,<=50K,29584
4,19,*,*,10,*,*,*,Female,*,<=50K,29585
4,18,*,*,9,*,*,*,Male,*,<=50K,29587
4,18,*,*,9,*,*,*,Male,*,<=50K,29589
4,18,*,*,9,*,*,*,Male,*,<=50K,29591
4,18,*,*,9,*,*,*,Male,*,<=50K,29592
4,18,*,*,9,*,*,*,Male,*,<=50K,29593
4,19,*,*,10,*,*,*,Female,*,<=50K,29594
4,20,*,*,10,*,*,*,Male,*,<=50K,29595
4,15,*,*,8,*,*,*,Female,*,<=50K,29597
4,25,*,*,13,*,*,*,Female,*,<=50K,29601
4,20,*,*,10,*,*,*,Male,*,>50K,29602
4,18,*,*,9,*,*,*,Male,*,<=50K,29603
4,3,*,*,2,*,*,*,Female,*,<=50K,29604
4,17,*,*,9,*,*,*,Female,*,<=50K,29605
4,17,*,*,9,*,*,*,Female,*,<=50K,29606
4,18,*,*,9,*,*,*,Male,*,<=50K,29607
4,18,*,*,9,*,*,*,Male,*,>50K,29609
4,18,*,*,9,*,*,*,Male,*,<=50K,29610
4,24,*,*,12,*,*,*,Male,*,<=50K,29611
4,19,*,*,10,*,*,*,Female,*,>50K,29612
4,25,*,*,13,*,*,*,Female,*,<=50K,29613
4,19,*,*,10,*,*,*,Female,*,<=50K,29614
4,28,*,*,14,*,*,*,Male,*,>50K,29615
4,25,*,*,13,*,*,*,Female,*,<=50K,29616
4,18,*,*,9,*,*,*,Male,*,<=50K,29618
4,24,*,*,12,*,*,*,Male,*,<=50K,29619
4,17,*,*,9,*,*,*,Female,*,<=50K,29622
4,20,*,*,10,*,*,*,Male,*,>50K,29623
4,20,*,*,10,*,*,*,Male,*,>50K,29624
4,20,*,*,10,*,*,*,Male,*,<=50K,29627
4,18,*,*,9,*,*,*,Male,*,<=50K,29628
4,12,*,*,6,*,*,*,Male,*,<=50K,29630
4,12,*,*,6,*,*,*,Male,*,<=50K,29631
4,16,*,*,8,*,*,*,Male,*,<=50K,29632
4,23,*,*,12,*,*,*,Female,*,>50K,29633
4,28,*,*,14,*,*,*,Male,*,>50K,29634
4,18,*,*,9,*,*,*,Male,*,<=50K,29635
4,27,*,*,14,*,*,*,Female,*,<=50K,29636
4,20,*,*,10,*,*,*,Male,*,>50K,29637
4,26,*,*,13,*,*,*,Male,*,>50K,29638
4,10,*,*,5,*,*,*,Male,*,<=50K,29640
4,10,*,*,5,*,*,*,Male,*,<=50K,29641
4,20,*,*,10,*,*,*,Male,*,>50K,29642
4,7,*,*,4,*,*,*,Female,*,<=50K,29643
4,19,*,*,10,*,*,*,Female,*,<=50K,29644
4,25,*,*,13,*,*,*,Female,*,<=50K,29645
4,17,*,*,9,*,*,*,Female,*,<=50K,29646
4,20,*,*,10,*,*,*,Male,*,<=50K,29647
4,26,*,*,13,*,*,*,Male,*,<=50K,29649
4,22,*,*,11,*,*,*,Male,*,<=50K,29650
4,14,*,*,7,*,*,*,Male,*,<=50K,29651
4,18,*,*,9,*,*,*,Male,*,<=50K,29652
4,18,*,*,9,*,*,*,Male,*,<=50K,29653
4,17,*,*,9,*,*,*,Female,*,<=50K,29654
4,25,*,*,13,*,*,*,Female,*,<=50K,29655
4,17,*,*,9,*,*,*,Female,*,<=50K,29657
4,20,*,*,10,*,*,*,Male,*,<=50K,29658
4,20,*,*,10,*,*,*,Male,*,<=50K,29660
4,26,*,*,13,*,*,*,Male,*,>50K,29661
4,18,*,*,9,*,*,*,Male,*,<=50K,29662
4,7,*,*,4,*,*,*,Female,*,<=50K,29663
4,25,*,*,13,*,*,*,Female,*,<=50K,29664
4,19,*,*,10,*,*,*,Female,*,<=50K,29665
4,28,*,*,14,*,*,*,Male,*,>50K,29667
4,19,*,*,10,*,*,*,Female,*,<=50K,29668
4,23,*,*,12,*,*,*,Female,*,<=50K,29669
4,26,*,*,13,*,*,*,Male,*,>50K,29671
4,14,*,*,7,*,*,*,Male,*,<=50K,29672
4,18,*,*,9,*,*,*,Male,*,<=50K,29673
4,11,*,*,6,*,*,*,Female,*,<=50K,29674
4,21,*,*,11,*,*,*,Female,*,<=50K,29675
4,17,*,*,9,*,*,*,Female,*,<=50K,29677
4,17,*,*,9,*,*,*,Female,*,<=50K,29678
4,24,*,*,12,*,*,*,Male,*,<=50K,29679
4,16,*,*,8,*,*,*,Male,*,<=50K,29680
4,18,*,*,9,*,*,*,Male,*,<=50K,29681
4,18,*,*,9,*,*,*,Male,*,<=50K,29682
4,17,*,*,9,*,*,*,Female,*,<=50K,29684
4,18,*,*,9,*,*,*,Male,*,>50K,29686
4,17,*,*,9,*,*,*,Female,*,<=50K,29687
4,26,*,*,13,*,*,*,Male,*,<=50K,29688
4,28,*,*,14,*,*,*,Male,*,<=50K,29689
4,26,*,*,13,*,*,*,Male,*,<=50K,29691
4,20,*,*,10,*,*,*,Male,*,<=50K,29692
4,20,*,*,10,*,*,*,Male,*,<=50K,29693
4,18,*,*,9,*,*,*,Male,*,>50K,29694
4,18,*,*,9,*,*,*,Male,*,<=50K,29695
4,18,*,*,9,*,*,*,Male,*,<=50K,29697
4,26,*,*,13,*,*,*,Male,*,<=50K,29698
4,20,*,*,10,*,*,*,Male,*,<=50K,29699
4,19,*,*,10,*,*,*,Female,*,<=50K,29700
4,26,*,*,13,*,*,*,Male,*,<=50K,29701
4,22,*,*,11,*,*,*,Male,*,>50K,29702
4,20,*,*,10,*,*,*,Male,*,<=50K,29703
4,20,*,*,10,*,*,*,Male,*,<=50K,29704
4,20,*,*,10,*,*,*,Male,*,<=50K,29706
4,18,*,*,9,*,*,*,Male,*,>50K,29707
4,20,*,*,10,*,*,*,Male,*,<=50K,29708
4,14,*,*,7,*,*,*,Male,*,<=50K,29709
4,20,*,*,10,*,*,*,Male,*,<=50K,29710
4,24,*,*,12,*,*,*,Male,*,>50K,29711
4,19,*,*,10,*,*,*,Female,*,<=50K,29712
4,20,*,*,10,*,*,*,Male,*,<=50K,29713
4,28,*,*,14,*,*,*,Male,*,>50K,29714
4,24,*,*,12,*,*,*,Male,*,<=50K,29715
4,26,*,*,13,*,*,*,Male,*,<=50K,29716
4,20,*,*,10,*,*,*,Male,*,>50K,29717
4,18,*,*,9,*,*,*,Male,*,<=50K,29718
4,18,*,*,9,*,*,*,Male,*,<=50K,29720
4,18,*,*,9,*,*,*,Male,*,<=50K,29721
4,25,*,*,13,*,*,*,Female,*,<=50K,29722
4,27,*,*,14,*,*,*,Female,*,<=50K,29724
4,13,*,*,7,*,*,*,Female,*,<=50K,29725
4,26,*,*,13,*,*,*,Male,*,<=50K,29726
4,24,*,*,12,*,*,*,Male,*,<=50K,29727
4,17,*,*,9,*,*,*,Female,*,<=50K,29728
4,16,*,*,8,*,*,*,Male,*,<=50K,29729
4,18,*,*,9,*,*,*,Male,*,>50K,29730
4,20,*,*,10,*,*,*,Male,*,>50K,29731
4,18,*,*,9,*,*,*,Male,*,<=50K,29732
4,26,*,*,13,*,*,*,Male,*,>50K,29733
4,8,*,*,4,*,*,*,Male,*,<=50K,29736
4,25,*,*,13,*,*,*,Female,*,<=50K,29737
4,18,*,*,9,*,*,*,Male,*,<=50K,29738
4,8,*,*,4,*,*,*,Male,*,<=50K,29739
4,14,*,*,7,*,*,*,Male,*,<=50K,29740
4,26,*,*,13,*,*,*,Male,*,>50K,29741
4,26,*,*,13,*,*,*,Male,*,<=50K,29742
4,21,*,*,11,*,*,*,Female,*,<=50K,29744
4,26,*,*,13,*,*,*,Male,*,<=50K,29745
4,19,*,*,10,*,*,*,Female,*,<=50K,29747
4,26,*,*,13,*,*,*,Male,*,>50K,29748
4,28,*,*,14,*,*,*,Male,*,>50K,29749
4,20,*,*,10,*,*,*,Male,*,>50K,29750
4,18,*,*,9,*,*,*,Male,*,<=50K,29752
4,15,*,*,8,*,*,*,Female,*,<=50K,29753
4,26,*,*,13,*,*,*,Male,*,<=50K,29754
4,19,*,*,10,*,*,*,Female,*,<=50K,29755
4,20,*,*,10,*,*,*,Male,*,<=50K,29756
4,32,*,*,16,*,*,*,Male,*,<=50K,29758
4,16,*,*,8,*,*,*,Male,*,<=50K,29760
4,18,*,*,9,*,*,*,Male,*,>50K,29762
4,16,*,*,8,*,*,*,Male,*,<=50K,29763
4,18,*,*,9,*,*,*,Male,*,<=50K,29764
4,17,*,*,9,*,*,*,Female,*,<=50K,29766
4,21,*,*,11,*,*,*,Female,*,<=50K,29767
4,20,*,*,10,*,*,*,Male,*,>50K,29768
4,22,*,*,11,*,*,*,Male,*,>50K,29769
4,26,*,*,13,*,*,*,Male,*,<=50K,29770
4,26,*,*,13,*,*,*,Male,*,>50K,29771
4,25,*,*,13,*,*,*,Female,*,>50K,29772
4,20,*,*,10,*,*,*,Male,*,<=50K,29773
4,10,*,*,5,*,*,*,Male,*,>50K,29774
4,14,*,*,7,*,*,*,Male,*,<=50K,29776
4,18,*,*,9,*,*,*,Male,*,<=50K,29777
4,18,*,*,9,*,*,*,Male,*,<=50K,29778
4,25,*,*,13,*,*,*,Female,*,<=50K,29779
4,22,*,*,11,*,*,*,Male,*,<=50K,29782
4,19,*,*,10,*,*,*,Female,*,<=50K,29784
4,18,*,*,9,*,*,*,Male,*,<=50K,29785
4,25,*,*,13,*,*,*,Female,*,<=50K,29786
4,27,*,*,14,*,*,*,Female,*,>50K,29787
4,18,*,*,9,*,*,*,Male,*,<=50K,29788
4,19,*,*,10,*,*,*,Female,*,<=50K,29791
4,20,*,*,10,*,*,*,Male,*,<=50K,29792
4,24,*,*,12,*,*,*,Male,*,>50K,29793
4,18,*,*,9,*,*,*,Male,*,<=50K,29794
4,10,*,*,5,*,*,*,Male,*,<=50K,29795
4,26,*,*,13,*,*,*,Male,*,<=50K,29796
4,8,*,*,4,*,*,*,Male,*,<=50K,29797
4,28,*,*,14,*,*,*,Male,*,>50K,29798
4,17,*,*,9,*,*,*,Female,*,>50K,29799
4,12,*,*,6,*,*,*,Male,*,<=50K,29800
4,18,*,*,9,*,*,*,Male,*,>50K,29801
4,20,*,*,10,*,*,*,Male,*,>50K,29803
4,18,*,*,9,*,*,*,Male,*,<=50K,29806
4,18,*,*,9,*,*,*,Male,*,<=50K,29807
4,18,*,*,9,*,*,*,Male,*,>50K,29808
4,25,*,*,13,*,*,*,Female,*,<=50K,29809
4,13,*,*,7,*,*,*,Female,*,<=50K,29810
4,21,*,*,11,*,*,*,Female,*,<=50K,29811
4,20,*,*,10,*,*,*,Male,*,>50K,29812
4,28,*,*,14,*,*,*,Male,*,>50K,29813
4,20,*,*,10,*,*,*,Male,*,<=50K,29814
4,18,*,*,9,*,*,*,Male,*,>50K,29815
4,17,*,*,9,*,*,*,Female,*,<=50K,29816
4,27,*,*,14,*,*,*,Female,*,<=50K,29818
4,19,*,*,10,*,*,*,Female,*,<=50K,29820
4,19,*,*,10,*,*,*,Female,*,<=50K,29821
4,18,*,*,9,*,*,*,Male,*,<=50K,29824
4,20,*,*,10,*,*,*,Male,*,<=50K,29825
4,26,*,*,13,*,*,*,Male,*,<=50K,29826
4,21,*,*,11,*,*,*,Female,*,<=50K,29827
4,26,*,*,13,*,*,*,Male,*,<=50K,29828
4,15,*,*,8,*,*,*,Female,*,<=50K,29829
4,5,*,*,3,*,*,*,Female,*,<=50K,29831
4,18,*,*,9,*,*,*,Male,*,<=50K,29832
4,20,*,*,10,*,*,*,Male,*,<=50K,29833
4,18,*,*,9,*,*,*,Male,*,<=50K,29834
4,19,*,*,10,*,*,*,Female,*,<=50K,29835
4,18,*,*,9,*,*,*,Male,*,>50K,29836
4,26,*,*,13,*,*,*,Male,*,<=50K,29837
4,19,*,*,10,*,*,*,Female,*,<=50K,29839
4,25,*,*,13,*,*,*,Female,*,<=50K,29840
4,12,*,*,6,*,*,*,Male,*,<=50K,29843
4,18,*,*,9,*,*,*,Male,*,<=50K,29844
4,23,*,*,12,*,*,*,Female,*,<=50K,29845
4,28,*,*,14,*,*,*,Male,*,>50K,29846
4,26,*,*,13,*,*,*,Male,*,<=50K,29847
4,26,*,*,13,*,*,*,Male,*,<=50K,29848
4,18,*,*,9,*,*,*,Male,*,<=50K,29849
4,20,*,*,10,*,*,*,Male,*,<=50K,29850
4,27,*,*,14,*,*,*,Female,*,<=50K,29851
4,19,*,*,10,*,*,*,Female,*,<=50K,29852
4,26,*,*,13,*,*,*,Male,*,>50K,29853
4,18,*,*,9,*,*,*,Male,*,<=50K,29854
4,20,*,*,10,*,*,*,Male,*,>50K,29855
4,18,*,*,9,*,*,*,Male,*,<=50K,29856
4,26,*,*,13,*,*,*,Male,*,>50K,29857
4,15,*,*,8,*,*,*,Female,*,<=50K,29859
4,25,*,*,13,*,*,*,Female,*,<=50K,29860
4,26,*,*,13,*,*,*,Male,*,<=50K,29861
4,20,*,*,10,*,*,*,Male,*,<=50K,29862
4,19,*,*,10,*,*,*,Female,*,<=50K,29863
4,12,*,*,6,*,*,*,Male,*,<=50K,29864
4,17,*,*,9,*,*,*,Female,*,<=50K,29865
4,18,*,*,9,*,*,*,Male,*,>50K,29866
4,18,*,*,9,*,*,*,Male,*,<=50K,29867
4,20,*,*,10,*,*,*,Male,*,>50K,29869
4,28,*,*,14,*,*,*,Male,*,<=50K,29870
4,25,*,*,13,*,*,*,Female,*,<=50K,29872
4,15,*,*,8,*,*,*,Female,*,<=50K,29873
4,20,*,*,10,*,*,*,Male,*,<=50K,29874
4,20,*,*,10,*,*,*,Male,*,<=50K,29875
4,22,*,*,11,*,*,*,Male,*,<=50K,29876
4,26,*,*,13,*,*,*,Male,*,<=50K,29877
4,21,*,*,11,*,*,*,Female,*,<=50K,29879
4,6,*,*,3,*,*,*,Male,*,>50K,29880
4,20,*,*,10,*,*,*,Male,*,<=50K,29881
4,17,*,*,9,*,*,*,Female,*,<=50K,29882
4,18,*,*,9,*,*,*,Male,*,<=50K,29883
4,13,*,*,7,*,*,*,Female,*,<=50K,29884
4,32,*,*,16,*,*,*,Male,*,>50K,29885
4,17,*,*,9,*,*,*,Female,*,<=50K,29886
4,1,*,*,1,*,*,*,Female,*,<=50K,29887
4,10,*,*,5,*,*,*,Male,*,<=50K,29888
4,17,*,*,9,*,*,*,Female,*,<=50K,29889
4,19,*,*,10,*,*,*,Female,*,<=50K,29890
4,19,*,*,10,*,*,*,Female,*,<=50K,29891
4,18,*,*,9,*,*,*,Male,*,<=50K,29892
4,19,*,*,10,*,*,*,Female,*,<=50K,29893
4,24,*,*,12,*,*,*,Male,*,<=50K,29895
4,22,*,*,11,*,*,*,Male,*,<=50K,29897
4,17,*,*,9,*,*,*,Female,*,<=50K,29898
4,22,*,*,11,*,*,*,Male,*,<=50K,29899
4,26,*,*,13,*,*,*,Male,*,<=50K,29900
4,18,*,*,9,*,*,*,Male,*,<=50K,29901
4,17,*,*,9,*,*,*,Female,*,<=50K,29903
4,25,*,*,13,*,*,*,Female,*,>50K,29906
4,18,*,*,9,*,*,*,Male,*,<=50K,29908
4,25,*,*,13,*,*,*,Female,*,<=50K,29909
4,26,*,*,13,*,*,*,Male,*,<=50K,29910
4,17,*,*,9,*,*,*,Female,*,<=50K,29911
4,31,*,*,16,*,*,*,Female,*,>50K,29912
4,18,*,*,9,*,*,*,Male,*,<=50K,29913
4,20,*,*,10,*,*,*,Male,*,>50K,29916
4,19,*,*,10,*,*,*,Female,*,<=50K,29918
4,26,*,*,13,*,*,*,Male,*,>50K,29920
4,18,*,*,9,*,*,*,Male,*,<=50K,29921
4,21,*,*,11,*,*,*,Female,*,<=50K,29922
4,20,*,*,10,*,*,*,Male,*,>50K,29923
4,20,*,*,10,*,*,*,Male,*,>50K,29924
4,24,*,*,12,*,*,*,Male,*,<=50K,29925
4,18,*,*,9,*,*,*,Male,*,<=50K,29926
4,20,*,*,10,*,*,*,Male,*,<=50K,29927
4,17,*,*,9,*,*,*,Female,*,<=50K,29928
4,15,*,*,8,*,*,*,Female,*,<=50K,29929
4,19,*,*,10,*,*,*,Female,*,<=50K,29931
4,26,*,*,13,*,*,*,Male,*,<=50K,29932
4,14,*,*,7,*,*,*,Male,*,<=50K,29933
4,18,*,*,9,*,*,*,Male,*,<=50K,29934
4,26,*,*,13,*,*,*,Male,*,<=50K,29935
4,25,*,*,13,*,*,*,Female,*,<=50K,29937
4,32,*,*,16,*,*,*,Male,*,>50K,29938
4,10,*,*,5,*,*,*,Male,*,<=50K,29939
4,17,*,*,9,*,*,*,Female,*,<=50K,29941
4,20,*,*,10,*,*,*,Male,*,>50K,29942
4,17,*,*,9,*,*,*,Female,*,<=50K,29943
4,26,*,*,13,*,*,*,Male,*,<=50K,29944
4,20,*,*,10,*,*,*,Male,*,>50K,29945
4,17,*,*,9,*,*,*,Female,*,>50K,29947
4,19,*,*,10,*,*,*,Female,*,<=50K,29948
4,26,*,*,13,*,*,*,Male,*,<=50K,29949
4,28,*,*,14,*,*,*,Male,*,<=50K,29950
4,18,*,*,9,*,*,*,Male,*,>50K,29951
4,20,*,*,10,*,*,*,Male,*,>50K,29953
4,12,*,*,6,*,*,*,Male,*,<=50K,29955
4,16,*,*,8,*,*,*,Male,*,<=50K,29956
4,18,*,*,9,*,*,*,Male,*,<=50K,29958
4,18,*,*,9,*,*,*,Male,*,<=50K,29959
4,26,*,*,13,*,*,*,Male,*,>50K,29960
4,17,*,*,9,*,*,*,Female,*,<=50K,29961
4,18,*,*,9,*,*,*,Male,*,<=50K,29962
4,18,*,*,9,*,*,*,Male,*,<=50K,29963
4,19,*,*,10,*,*,*,Female,*,<=50K,29964
4,18,*,*,9,*,*,*,Male,*,<=50K,29965
4,20,*,*,10,*,*,*,Male,*,<=50K,29966
4,19,*,*,10,*,*,*,Female,*,<=50K,29967
4,32,*,*,16,*,*,*,Male,*,>50K,29968
4,16,*,*,8,*,*,*,Male,*,<=50K,29972
4,17,*,*,9,*,*,*,Female,*,<=50K,29973
4,18,*,*,9,*,*,*,Male,*,<=50K,29974
4,6,*,*,3,*,*,*,Male,*,<=50K,29976
4,17,*,*,9,*,*,*,Female,*,<=50K,29977
4,17,*,*,9,*,*,*,Female,*,<=50K,29979
4,28,*,*,14,*,*,*,Male,*,<=50K,29981
4,20,*,*,10,*,*,*,Male,*,<=50K,29982
4,16,*,*,8,*,*,*,Male,*,<=50K,29984
4,18,*,*,9,*,*,*,Male,*,<=50K,29985
4,25,*,*,13,*,*,*,Female,*,>50K,29986
4,26,*,*,13,*,*,*,Male,*,<=50K,29987
4,13,*,*,7,*,*,*,Female,*,<=50K,29988
4,22,*,*,11,*,*,*,Male,*,<=50K,29989
4,8,*,*,4,*,*,*,Male,*,<=50K,29990
4,18,*,*,9,*,*,*,Male,*,<=50K,29991
4,12,*,*,6,*,*,*,Male,*,<=50K,29992
4,20,*,*,10,*,*,*,Male,*,<=50K,29994
4,19,*,*,10,*,*,*,Female,*,<=50K,29995
4,2,*,*,1,*,*,*,Male,*,<=50K,29997
4,18,*,*,9,*,*,*,Male,*,<=50K,29998
4,18,*,*,9,*,*,*,Male,*,<=50K,30000
4,20,*,*,10,*,*,*,Male,*,<=50K,30001
4,22,*,*,11,*,*,*,Male,*,<=50K,30002
4,17,*,*,9,*,*,*,Female,*,<=50K,30003
4,18,*,*,9,*,*,*,Male,*,<=50K,30004
4,18,*,*,9,*,*,*,Male,*,<=50K,30005
4,26,*,*,13,*,*,*,Male,*,>50K,30006
4,20,*,*,10,*,*,*,Male,*,>50K,30007
4,25,*,*,13,*,*,*,Female,*,<=50K,30008
4,21,*,*,11,*,*,*,Female,*,<=50K,30009
4,18,*,*,9,*,*,*,Male,*,>50K,30010
4,17,*,*,9,*,*,*,Female,*,<=50K,30011
4,19,*,*,10,*,*,*,Female,*,<=50K,30015
4,10,*,*,5,*,*,*,Male,*,<=50K,30016
4,17,*,*,9,*,*,*,Female,*,<=50K,30017
4,20,*,*,10,*,*,*,Male,*,<=50K,30019
4,19,*,*,10,*,*,*,Female,*,<=50K,30022
4,20,*,*,10,*,*,*,Male,*,<=50K,30024
4,18,*,*,9,*,*,*,Male,*,<=50K,30025
4,16,*,*,8,*,*,*,Male,*,<=50K,30026
4,18,*,*,9,*,*,*,Male,*,<=50K,30027
4,18,*,*,9,*,*,*,Male,*,<=50K,30028
4,17,*,*,9,*,*,*,Female,*,<=50K,30029
4,17,*,*,9,*,*,*,Female,*,<=50K,30030
4,18,*,*,9,*,*,*,Male,*,<=50K,30031
4,7,*,*,4,*,*,*,Female,*,<=50K,30032
4,20,*,*,10,*,*,*,Male,*,>50K,30033
4,17,*,*,9,*,*,*,Female,*,<=50K,30035
4,14,*,*,7,*,*,*,Male,*,<=50K,30036
4,20,*,*,10,*,*,*,Male,*,<=50K,30038
4,20,*,*,10,*,*,*,Male,*,<=50K,30040
4,17,*,*,9,*,*,*,Female,*,<=50K,30041
4,20,*,*,10,*,*,*,Male,*,<=50K,30043
4,18,*,*,9,*,*,*,Male,*,>50K,30045
4,25,*,*,13,*,*,*,Female,*,<=50K,30047
4,26,*,*,13,*,*,*,Male,*,>50K,30048
4,25,*,*,13,*,*,*,Female,*,<=50K,30049
4,17,*,*,9,*,*,*,Female,*,<=50K,30050
4,17,*,*,9,*,*,*,Female,*,<=50K,30051
4,13,*,*,7,*,*,*,Female,*,<=50K,30052
4,26,*,*,13,*,*,*,Male,*,<=50K,30053
4,17,*,*,9,*,*,*,Female,*,<=50K,30055
4,25,*,*,13,*,*,*,Female,*,<=50K,30056
4,8,*,*,4,*,*,*,Male,*,<=50K,30058
4,7,*,*,4,*,*,*,Female,*,<=50K,30059
4,2,*,*,1,*,*,*,Male,*,<=50K,30060
4,26,*,*,13,*,*,*,Male,*,<=50K,30061
4,18,*,*,9,*,*,*,Male,*,<=50K,30062
4,18,*,*,9,*,*,*,Male,*,<=50K,30064
4,20,*,*,10,*,*,*,Male,*,>50K,30067
4,20,*,*,10,*,*,*,Male,*,<=50K,30068
4,18,*,*,9,*,*,*,Male,*,<=50K,30069
4,17,*,*,9,*,*,*,Female,*,<=50K,30070
4,8,*,*,4,*,*,*,Male,*,<=50K,30072
4,10,*,*,5,*,*,*,Male,*,<=50K,30073
4,19,*,*,10,*,*,*,Female,*,<=50K,30074
4,20,*,*,10,*,*,*,Male,*,>50K,30076
4,19,*,*,10,*,*,*,Female,*,<=50K,30077
4,26,*,*,13,*,*,*,Male,*,>50K,30078
4,28,*,*,14,*,*,*,Male,*,>50K,30080
4,26,*,*,13,*,*,*,Male,*,<=50K,30081
4,25,*,*,13,*,*,*,Female,*,<=50K,30083
4,18,*,*,9,*,*,*,Male,*,<=50K,30084
4,10,*,*,5,*,*,*,Male,*,<=50K,30087
4,18,*,*,9,*,*,*,Male,*,<=50K,30088
4,24,*,*,12,*,*,*,Male,*,>50K,30092
4,18,*,*,9,*,*,*,Male,*,<=50K,30093
4,28,*,*,14,*,*,*,Male,*,>50K,30097
4,21,*,*,11,*,*,*,Female,*,<=50K,30098
4,20,*,*,10,*,*,*,Male,*,<=50K,30099
4,19,*,*,10,*,*,*,Female,*,<=50K,30100
4,19,*,*,10,*,*,*,Female,*,<=50K,30101
4,17,*,*,9,*,*,*,Female,*,<=50K,30102
4,19,*,*,10,*,*,*,Female,*,<=50K,30103
4,20,*,*,10,*,*,*,Male,*,<=50K,30104
4,20,*,*,10,*,*,*,Male,*,<=50K,30105
4,18,*,*,9,*,*,*,Male,*,<=50K,30106
4,20,*,*,10,*,*,*,Male,*,<=50K,30109
4,14,*,*,7,*,*,*,Male,*,<=50K,30110
4,17,*,*,9,*,*,*,Female,*,<=50K,30111
4,18,*,*,9,*,*,*,Male,*,<=50K,30112
4,18,*,*,9,*,*,*,Male,*,<=50K,30113
4,10,*,*,5,*,*,*,Male,*,<=50K,30114
4,26,*,*,13,*,*,*,Male,*,<=50K,30115
4,18,*,*,9,*,*,*,Male,*,<=50K,30116
4,27,*,*,14,*,*,*,Female,*,>50K,30117
4,12,*,*,6,*,*,*,Male,*,<=50K,30118
4,26,*,*,13,*,*,*,Male,*,<=50K,30120
4,11,*,*,6,*,*,*,Female,*,<=50K,30121
4,17,*,*,9,*,*,*,Female,*,<=50K,30122
4,25,*,*,13,*,*,*,Female,*,<=50K,30123
4,18,*,*,9,*,*,*,Male,*,<=50K,30124
4,27,*,*,14,*,*,*,Female,*,>50K,30125
4,22,*,*,11,*,*,*,Male,*,<=50K,30126
4,21,*,*,11,*,*,*,Female,*,<=50K,30127
4,8,*,*,4,*,*,*,Male,*,<=50K,30128
4,20,*,*,10,*,*,*,Male,*,>50K,30129
4,17,*,*,9,*,*,*,Female,*,<=50K,30130
4,18,*,*,9,*,*,*,Male,*,<=50K,30131
4,14,*,*,7,*,*,*,Male,*,<=50K,30132
4,18,*,*,9,*,*,*,Male,*,<=50K,30133
4,23,*,*,12,*,*,*,Female,*,<=50K,30134
4,20,*,*,10,*,*,*,Male,*,<=50K,30136
4,17,*,*,9,*,*,*,Female,*,<=50K,30137
4,32,*,*,16,*,*,*,Male,*,>50K,30139
4,26,*,*,13,*,*,*,Male,*,>50K,30140
4,19,*,*,10,*,*,*,Female,*,<=50K,30141
4,16,*,*,8,*,*,*,Male,*,<=50K,30142
4,25,*,*,13,*,*,*,Female,*,>50K,30143
4,18,*,*,9,*,*,*,Male,*,<=50K,30144
4,17,*,*,9,*,*,*,Female,*,<=50K,30145
4,23,*,*,12,*,*,*,Female,*,<=50K,30146
4,27,*,*,14,*,*,*,Female,*,<=50K,30147
4,23,*,*,12,*,*,*,Female,*,>50K,30148
4,23,*,*,12,*,*,*,Female,*,<=50K,30149
4,18,*,*,9,*,*,*,Male,*,<=50K,30150
4,19,*,*,10,*,*,*,Female,*,<=50K,30151
4,20,*,*,10,*,*,*,Male,*,<=50K,30152
4,12,*,*,6,*,*,*,Male,*,<=50K,30153
4,22,*,*,11,*,*,*,Male,*,<=50K,30154
4,28,*,*,14,*,*,*,Male,*,<=50K,30155
4,28,*,*,14,*,*,*,Male,*,>50K,30156
4,20,*,*,10,*,*,*,Male,*,<=50K,30157
4,23,*,*,12,*,*,*,Female,*,<=50K,30158
4,18,*,*,9,*,*,*,Male,*,<=50K,30161
