bucket_id,bucket,attribute,hsa,bucket_size,before_count,before_percent,allowed_count,suppressed_count,after_count,after_percent
0,1,diag_1,428,57,1,1.7543859649122806,2,0,1,1.7543859649122806
0,1,diag_2,428,57,1,1.7543859649122806,2,0,1,1.7543859649122806
1,2,diag_1,428,57,2,3.508771929824561,2,0,2,3.508771929824561
1,2,diag_2,428,57,2,3.508771929824561,2,0,2,3.508771929824561
2,3,diag_1,428,57,6,10.526315789473683,2,4,2,3.508771929824561
2,3,diag_2,428,57,4,7.017543859649122,2,2,2,3.508771929824561
3,4,diag_1,428,57,1,1.7543859649122806,2,0,1,1.7543859649122806
3,4,diag_2,428,57,4,7.017543859649122,2,2,2,3.508771929824561
4,5,diag_1,428,57,4,7.017543859649122,2,2,2,3.508771929824561
4,5,diag_2,428,57,6,10.526315789473683,2,4,2,3.508771929824561
5,6,diag_1,428,57,7,12.280701754385964,2,5,2,3.508771929824561
5,6,diag_2,428,57,3,5.263157894736842,2,1,2,3.508771929824561
6,7,diag_1,428,57,3,5.263157894736842,2,1,2,3.508771929824561
6,7,diag_2,428,57,4,7.017543859649122,2,2,2,3.508771929824561
7,8,diag_1,428,57,2,3.508771929824561,2,0,2,3.508771929824561
7,8,diag_2,428,57,3,5.263157894736842,2,1,2,3.508771929824561
8,9,diag_1,428,57,4,7.017543859649122,2,2,2,3.508771929824561
8,9,diag_2,428,57,3,5.263157894736842,2,1,2,3.508771929824561
9,10,diag_1,428,57,3,5.263157894736842,2,1,2,3.508771929824561
9,10,diag_2,428,57,4,7.017543859649122,2,2,2,3.508771929824561
10,11,diag_1,428,57,4,7.017543859649122,2,2,2,3.508771929824561
10,11,diag_2,428,57,8,14.035087719298245,2,6,2,3.508771929824561
11,12,diag_1,428,57,3,5.263157894736842,2,1,2,3.508771929824561
11,12,diag_2,428,57,4,7.017543859649122,2,2,2,3.508771929824561
12,13,diag_1,428,57,5,8.771929824561402,2,3,2,3.508771929824561
12,13,diag_2,428,57,2,3.508771929824561,2,0,2,3.508771929824561
13,14,diag_1,428,57,3,5.263157894736842,2,1,2,3.508771929824561
13,14,diag_2,428,57,2,3.508771929824561,2,0,2,3.508771929824561
14,15,diag_1,428,57,3,5.263157894736842,2,1,2,3.508771929824561
14,15,diag_2,428,57,6,10.526315789473683,2,4,2,3.508771929824561
15,16,diag_1,428,57,5,8.771929824561402,2,3,2,3.508771929824561
15,16,diag_2,428,57,3,5.263157894736842,2,1,2,3.508771929824561
16,17,diag_1,428,57,6,10.526315789473683,2,4,2,3.508771929824561
16,17,diag_2,428,57,4,7.017543859649122,2,2,2,3.508771929824561
17,18,diag_1,428,57,4,7.017543859649122,2,2,2,3.508771929824561
17,18,diag_2,428,57,2,3.508771929824561,2,0,2,3.508771929824561
18,19,diag_1,428,57,3,5.263157894736842,2,1,2,3.508771929824561
18,19,diag_2,428,57,3,5.263157894736842,2,1,2,3.508771929824561
19,20,diag_1,428,57,4,7.017543859649122,2,2,2,3.508771929824561
19,20,diag_2,428,57,4,7.017543859649122,2,2,2,3.508771929824561
20,21,diag_1,428,57,1,1.7543859649122806,2,0,1,1.7543859649122806
20,21,diag_2,428,57,1,1.7543859649122806,2,0,1,1.7543859649122806
21,22,diag_1,428,57,3,5.263157894736842,2,1,2,3.508771929824561
21,22,diag_2,428,57,6,10.526315789473683,2,4,2,3.508771929824561
22,23,diag_1,428,57,6,10.526315789473683,2,4,2,3.508771929824561
22,23,diag_2,428,57,3,5.263157894736842,2,1,2,3.508771929824561
23,24,diag_1,428,57,5,8.771929824561402,2,3,2,3.508771929824561
23,24,diag_2,428,57,4,7.017543859649122,2,2,2,3.508771929824561
24,25,diag_1,428,57,8,14.035087719298245,2,6,2,3.508771929824561
24,25,diag_2,428,57,4,7.017543859649122,2,2,2,3.508771929824561
25,26,diag_1,428,57,6,10.526315789473683,2,4,2,3.508771929824561
25,26,diag_2,428,57,3,5.263157894736842,2,1,2,3.508771929824561
26,27,diag_1,428,57,2,3.508771929824561,2,0,2,3.508771929824561
26,27,diag_2,428,57,9,15.789473684210526,2,7,2,3.508771929824561
27,28,diag_1,428,57,2,3.508771929824561,2,0,2,3.508771929824561
27,28,diag_2,428,57,1,1.7543859649122806,2,0,1,1.7543859649122806
28,29,diag_1,428,57,3,5.263157894736842,2,1,2,3.508771929824561
28,29,diag_2,428,57,3,5.263157894736842,2,1,2,3.508771929824561
29,30,diag_1,428,57,5,8.771929824561402,2,3,2,3.508771929824561
29,30,diag_2,428,57,4,7.017543859649122,2,2,2,3.508771929824561
30,31,diag_1,428,57,3,5.263157894736842,2,1,2,3.508771929824561
30,31,diag_2,428,57,6,10.526315789473683,2,4,2,3.508771929824561
31,32,diag_1,428,57,9,15.789473684210526,2,7,2,3.508771929824561
31,32,diag_2,428,57,3,5.263157894736842,2,1,2,3.508771929824561
32,33,diag_1,428,57,1,1.7543859649122806,2,0,1,1.7543859649122806
32,33,diag_2,428,57,5,8.771929824561402,2,3,2,3.508771929824561
33,34,diag_1,428,57,5,8.771929824561402,2,3,2,3.508771929824561
33,34,diag_2,428,57,1,1.7543859649122806,2,0,1,1.7543859649122806
34,35,diag_1,428,57,1,1.7543859649122806,2,0,1,1.7543859649122806
34,35,diag_2,428,57,1,1.7543859649122806,2,0,1,1.7543859649122806
35,36,diag_1,428,57,5,8.771929824561402,2,3,2,3.508771929824561
35,36,diag_2,428,57,4,7.017543859649122,2,2,2,3.508771929824561
36,37,diag_1,428,57,5,8.771929824561402,2,3,2,3.508771929824561
36,37,diag_2,428,57,6,10.526315789473683,2,4,2,3.508771929824561
37,38,diag_1,428,57,6,10.526315789473683,2,4,2,3.508771929824561
37,38,diag_2,428,57,5,8.771929824561402,2,3,2,3.508771929824561
38,39,diag_1,428,57,5,8.771929824561402,2,3,2,3.508771929824561
38,39,diag_2,428,57,1,1.7543859649122806,2,0,1,1.7543859649122806
39,40,diag_1,428,57,5,8.771929824561402,2,3,2,3.508771929824561
39,40,diag_2,428,57,2,3.508771929824561,2,0,2,3.508771929824561
40,41,diag_1,428,57,5,8.771929824561402,2,3,2,3.508771929824561
40,41,diag_2,428,57,3,5.263157894736842,2,1,2,3.508771929824561
41,42,diag_1,428,57,4,7.017543859649122,2,2,2,3.508771929824561
41,42,diag_2,428,57,2,3.508771929824561,2,0,2,3.508771929824561
42,43,diag_1,428,57,7,12.280701754385964,2,5,2,3.508771929824561
42,43,diag_2,428,57,5,8.771929824561402,2,3,2,3.508771929824561
43,44,diag_1,428,57,4,7.017543859649122,2,2,2,3.508771929824561
43,44,diag_2,428,57,3,5.263157894736842,2,1,2,3.508771929824561
44,45,diag_1,428,57,1,1.7543859649122806,2,0,1,1.7543859649122806
44,45,diag_2,428,57,6,10.526315789473683,2,4,2,3.508771929824561
45,46,diag_1,428,57,4,7.017543859649122,2,2,2,3.508771929824561
45,46,diag_2,428,57,5,8.771929824561402,2,3,2,3.508771929824561
46,47,diag_1,428,57,2,3.508771929824561,2,0,2,3.508771929824561
46,47,diag_2,428,57,1,1.7543859649122806,2,0,1,1.7543859649122806
47,48,diag_1,428,57,5,8.771929824561402,2,3,2,3.508771929824561
47,48,diag_2,428,57,3,5.263157894736842,2,1,2,3.508771929824561
48,49,diag_1,428,57,6,10.526315789473683,2,4,2,3.508771929824561
48,49,diag_2,428,57,4,7.017543859649122,2,2,2,3.508771929824561
49,50,diag_1,428,57,2,3.508771929824561,2,0,2,3.508771929824561
49,50,diag_2,428,57,2,3.508771929824561,2,0,2,3.508771929824561
50,51,diag_1,428,57,5,8.771929824561402,2,3,2,3.508771929824561
50,51,diag_2,428,57,1,1.7543859649122806,2,0,1,1.7543859649122806
51,52,diag_1,428,57,2,3.508771929824561,2,0,2,3.508771929824561
51,52,diag_2,428,57,5,8.771929824561402,2,3,2,3.508771929824561
52,53,diag_1,428,57,6,10.526315789473683,2,4,2,3.508771929824561
52,53,diag_2,428,57,5,8.771929824561402,2,3,2,3.508771929824561
53,54,diag_1,428,57,3,5.263157894736842,2,1,2,3.508771929824561
53,54,diag_2,428,57,6,10.526315789473683,2,4,2,3.508771929824561
54,55,diag_1,428,57,4,7.017543859649122,2,2,2,3.508771929824561
54,55,diag_2,428,57,8,14.035087719298245,2,6,2,3.508771929824561
55,56,diag_1,428,57,4,7.017543859649122,2,2,2,3.508771929824561
55,56,diag_2,428,57,3,5.263157894736842,2,1,2,3.508771929824561
56,57,diag_1,428,57,4,7.017543859649122,2,2,2,3.508771929824561
56,57,diag_2,428,57,2,3.508771929824561,2,0,2,3.508771929824561
57,58,diag_1,428,57,4,7.017543859649122,2,2,2,3.508771929824561
57,58,diag_2,428,57,5,8.771929824561402,2,3,2,3.508771929824561
58,59,diag_1,428,57,6,10.526315789473683,2,4,2,3.508771929824561
58,59,diag_2,428,57,4,7.017543859649122,2,2,2,3.508771929824561
59,60,diag_1,428,57,4,7.017543859649122,2,2,2,3.508771929824561
59,60,diag_2,428,57,4,7.017543859649122,2,2,2,3.508771929824561
60,61,diag_1,428,57,4,7.017543859649122,2,2,2,3.508771929824561
60,61,diag_2,428,57,2,3.508771929824561,2,0,2,3.508771929824561
61,62,diag_1,428,57,5,8.771929824561402,2,3,2,3.508771929824561
61,62,diag_2,428,57,3,5.263157894736842,2,1,2,3.508771929824561
62,63,diag_1,428,57,2,3.508771929824561,2,0,2,3.508771929824561
62,63,diag_2,428,57,8,14.035087719298245,2,6,2,3.508771929824561
63,64,diag_1,428,57,6,10.526315789473683,2,4,2,3.508771929824561
63,64,diag_2,428,57,5,8.771929824561402,2,3,2,3.508771929824561
64,65,diag_1,428,57,6,10.526315789473683,2,4,2,3.508771929824561
64,65,diag_2,428,57,3,5.263157894736842,2,1,2,3.508771929824561
65,66,diag_1,428,57,5,8.771929824561402,2,3,2,3.508771929824561
65,66,diag_2,428,57,4,7.017543859649122,2,2,2,3.508771929824561
66,67,diag_1,428,57,2,3.508771929824561,2,0,2,3.508771929824561
66,67,diag_2,428,57,3,5.263157894736842,2,1,2,3.508771929824561
67,68,diag_1,428,57,4,7.017543859649122,2,2,2,3.508771929824561
67,68,diag_2,428,57,6,10.526315789473683,2,4,2,3.508771929824561
68,69,diag_1,428,57,5,8.771929824561402,2,3,2,3.508771929824561
68,69,diag_2,428,57,4,7.017543859649122,2,2,2,3.508771929824561
69,70,diag_1,428,57,4,7.017543859649122,2,2,2,3.508771929824561
69,70,diag_2,428,57,3,5.263157894736842,2,1,2,3.508771929824561
70,71,diag_1,428,57,3,5.263157894736842,2,1,2,3.508771929824561
70,71,diag_2,428,57,3,5.263157894736842,2,1,2,3.508771929824561
71,72,diag_1,428,57,7,12.280701754385964,2,5,2,3.508771929824561
71,72,diag_2,428,57,5,8.771929824561402,2,3,2,3.508771929824561
72,73,diag_1,428,57,3,5.263157894736842,2,1,2,3.508771929824561
72,73,diag_2,428,57,8,14.035087719298245,2,6,2,3.508771929824561
73,74,diag_1,428,57,6,10.526315789473683,2,4,2,3.508771929824561
73,74,diag_2,428,57,3,5.263157894736842,2,1,2,3.508771929824561
74,75,diag_1,428,57,3,5.263157894736842,2,1,2,3.508771929824561
74,75,diag_2,428,57,5,8.771929824561402,2,3,2,3.508771929824561
75,76,diag_1,428,57,7,12.280701754385964,2,5,2,3.508771929824561
75,76,diag_2,428,57,1,1.7543859649122806,2,0,1,1.7543859649122806
76,77,diag_1,428,57,6,10.526315789473683,2,4,2,3.508771929824561
76,77,diag_2,428,57,2,3.508771929824561,2,0,2,3.508771929824561
77,78,diag_1,428,57,6,10.526315789473683,2,4,2,3.508771929824561
77,78,diag_2,428,57,1,1.7543859649122806,2,0,1,1.7543859649122806
78,79,diag_1,428,57,4,7.017543859649122,2,2,2,3.508771929824561
78,79,diag_2,428,57,6,10.526315789473683,2,4,2,3.508771929824561
79,80,diag_1,428,57,6,10.526315789473683,2,4,2,3.508771929824561
79,80,diag_2,428,57,3,5.263157894736842,2,1,2,3.508771929824561
80,81,diag_1,428,57,4,7.017543859649122,2,2,2,3.508771929824561
80,81,diag_2,428,57,4,7.017543859649122,2,2,2,3.508771929824561
81,82,diag_1,428,57,5,8.771929824561402,2,3,2,3.508771929824561
81,82,diag_2,428,57,3,5.263157894736842,2,1,2,3.508771929824561
82,83,diag_1,428,57,4,7.017543859649122,2,2,2,3.508771929824561
82,83,diag_2,428,57,6,10.526315789473683,2,4,2,3.508771929824561
83,84,diag_1,428,57,3,5.263157894736842,2,1,2,3.508771929824561
83,84,diag_2,428,57,2,3.508771929824561,2,0,2,3.508771929824561
84,85,diag_1,428,57,4,7.017543859649122,2,2,2,3.508771929824561
84,85,diag_2,428,57,5,8.771929824561402,2,3,2,3.508771929824561
85,86,diag_1,428,57,2,3.508771929824561,2,0,2,3.508771929824561
85,86,diag_2,428,57,6,10.526315789473683,2,4,2,3.508771929824561
86,87,diag_1,428,57,7,12.280701754385964,2,5,2,3.508771929824561
86,87,diag_2,428,57,5,8.771929824561402,2,3,2,3.508771929824561
87,88,diag_1,428,57,3,5.263157894736842,2,1,2,3.508771929824561
87,88,diag_2,428,57,3,5.263157894736842,2,1,2,3.508771929824561
88,89,diag_1,428,57,4,7.017543859649122,2,2,2,3.508771929824561
88,89,diag_2,428,57,4,7.017543859649122,2,2,2,3.508771929824561
89,90,diag_1,428,57,1,1.7543859649122806,2,0,1,1.7543859649122806
89,90,diag_2,428,57,6,10.526315789473683,2,4,2,3.508771929824561
90,91,diag_1,428,57,8,14.035087719298245,2,6,2,3.508771929824561
90,91,diag_2,428,57,5,8.771929824561402,2,3,2,3.508771929824561
91,92,diag_1,428,57,2,3.508771929824561,2,0,2,3.508771929824561
91,92,diag_2,428,57,2,3.508771929824561,2,0,2,3.508771929824561
92,93,diag_1,428,57,6,10.526315789473683,2,4,2,3.508771929824561
92,93,diag_2,428,57,5,8.771929824561402,2,3,2,3.508771929824561
93,94,diag_1,428,57,3,5.263157894736842,2,1,2,3.508771929824561
93,94,diag_2,428,57,5,8.771929824561402,2,3,2,3.508771929824561
94,95,diag_1,428,57,2,3.508771929824561,2,0,2,3.508771929824561
94,95,diag_2,428,57,1,1.7543859649122806,2,0,1,1.7543859649122806
95,96,diag_1,428,57,6,10.526315789473683,2,4,2,3.508771929824561
95,96,diag_2,428,57,0,0.0,2,0,0,0.0
96,97,diag_1,428,57,3,5.263157894736842,2,1,2,3.508771929824561
96,97,diag_2,428,57,3,5.263157894736842,2,1,2,3.508771929824561
97,98,diag_1,428,57,6,10.526315789473683,2,4,2,3.508771929824561
97,98,diag_2,428,57,8,14.035087719298245,2,6,2,3.508771929824561
98,99,diag_1,428,57,2,3.508771929824561,2,0,2,3.508771929824561
98,99,diag_2,428,57,5,8.771929824561402,2,3,2,3.508771929824561
99,100,diag_1,428,57,5,8.771929824561402,2,3,2,3.508771929824561
99,100,diag_2,428,57,6,10.526315789473683,2,4,2,3.508771929824561
100,101,diag_1,428,57,9,15.789473684210526,2,7,2,3.508771929824561
100,101,diag_2,428,57,3,5.263157894736842,2,1,2,3.508771929824561
101,102,diag_1,428,57,7,12.280701754385964,2,5,2,3.508771929824561
101,102,diag_2,428,57,2,3.508771929824561,2,0,2,3.508771929824561
102,103,diag_1,428,57,3,5.263157894736842,2,1,2,3.508771929824561
102,103,diag_2,428,57,3,5.263157894736842,2,1,2,3.508771929824561
103,104,diag_1,428,57,6,10.526315789473683,2,4,2,3.508771929824561
103,104,diag_2,428,57,2,3.508771929824561,2,0,2,3.508771929824561
104,105,diag_1,428,57,2,3.508771929824561,2,0,2,3.508771929824561
104,105,diag_2,428,57,7,12.280701754385964,2,5,2,3.508771929824561
105,106,diag_1,428,57,4,7.017543859649122,2,2,2,3.508771929824561
105,106,diag_2,428,57,4,7.017543859649122,2,2,2,3.508771929824561
106,107,diag_1,428,57,3,5.263157894736842,2,1,2,3.508771929824561
106,107,diag_2,428,57,7,12.280701754385964,2,5,2,3.508771929824561
107,108,diag_1,428,57,3,5.263157894736842,2,1,2,3.508771929824561
107,108,diag_2,428,57,4,7.017543859649122,2,2,2,3.508771929824561
108,109,diag_1,428,57,2,3.508771929824561,2,0,2,3.508771929824561
108,109,diag_2,428,57,3,5.263157894736842,2,1,2,3.508771929824561
109,110,diag_1,428,57,6,10.526315789473683,2,4,2,3.508771929824561
109,110,diag_2,428,57,3,5.263157894736842,2,1,2,3.508771929824561
110,111,diag_1,428,57,7,12.280701754385964,2,5,2,3.508771929824561
110,111,diag_2,428,57,1,1.7543859649122806,2,0,1,1.7543859649122806
111,112,diag_1,428,57,3,5.263157894736842,2,1,2,3.508771929824561
111,112,diag_2,428,57,6,10.526315789473683,2,4,2,3.508771929824561
112,113,diag_1,428,57,1,1.7543859649122806,2,0,1,1.7543859649122806
112,113,diag_2,428,57,2,3.508771929824561,2,0,2,3.508771929824561
113,114,diag_1,428,57,2,3.508771929824561,2,0,2,3.508771929824561
113,114,diag_2,428,57,8,14.035087719298245,2,6,2,3.508771929824561
114,115,diag_1,428,57,5,8.771929824561402,2,3,2,3.508771929824561
114,115,diag_2,428,57,4,7.017543859649122,2,2,2,3.508771929824561
115,116,diag_1,428,57,4,7.017543859649122,2,2,2,3.508771929824561
115,116,diag_2,428,57,5,8.771929824561402,2,3,2,3.508771929824561
116,117,diag_1,428,57,5,8.771929824561402,2,3,2,3.508771929824561
116,117,diag_2,428,57,5,8.771929824561402,2,3,2,3.508771929824561
117,118,diag_1,428,57,4,7.017543859649122,2,2,2,3.508771929824561
117,118,diag_2,428,57,6,10.526315789473683,2,4,2,3.508771929824561
118,119,diag_1,428,57,3,5.263157894736842,2,1,2,3.508771929824561
118,119,diag_2,428,57,5,8.771929824561402,2,3,2,3.508771929824561
119,120,diag_1,428,57,5,8.771929824561402,2,3,2,3.508771929824561
119,120,diag_2,428,57,2,3.508771929824561,2,0,2,3.508771929824561
120,121,diag_1,428,57,4,7.017543859649122,2,2,2,3.508771929824561
120,121,diag_2,428,57,4,7.017543859649122,2,2,2,3.508771929824561
121,122,diag_1,428,57,3,5.263157894736842,2,1,2,3.508771929824561
121,122,diag_2,428,57,6,10.526315789473683,2,4,2,3.508771929824561
122,123,diag_1,428,57,4,7.017543859649122,2,2,2,3.508771929824561
122,123,diag_2,428,57,1,1.7543859649122806,2,0,1,1.7543859649122806
123,124,diag_1,428,57,6,10.526315789473683,2,4,2,3.508771929824561
123,124,diag_2,428,57,7,12.280701754385964,2,5,2,3.508771929824561
124,125,diag_1,428,57,4,7.017543859649122,2,2,2,3.508771929824561
124,125,diag_2,428,57,2,3.508771929824561,2,0,2,3.508771929824561
125,126,diag_1,428,57,7,12.280701754385964,2,5,2,3.508771929824561
125,126,diag_2,428,57,4,7.017543859649122,2,2,2,3.508771929824561
126,127,diag_1,428,57,3,5.263157894736842,2,1,2,3.508771929824561
126,127,diag_2,428,57,4,7.017543859649122,2,2,2,3.508771929824561
127,128,diag_1,428,57,3,5.263157894736842,2,1,2,3.508771929824561
127,128,diag_2,428,57,3,5.263157894736842,2,1,2,3.508771929824561
128,129,diag_1,428,57,5,8.771929824561402,2,3,2,3.508771929824561
128,129,diag_2,428,57,2,3.508771929824561,2,0,2,3.508771929824561
129,130,diag_1,428,57,6,10.526315789473683,2,4,2,3.508771929824561
129,130,diag_2,428,57,6,10.526315789473683,2,4,2,3.508771929824561
130,131,diag_1,428,57,5,8.771929824561402,2,3,2,3.508771929824561
130,131,diag_2,428,57,9,15.789473684210526,2,7,2,3.508771929824561
131,132,diag_1,428,57,2,3.508771929824561,2,0,2,3.508771929824561
131,132,diag_2,428,57,2,3.508771929824561,2,0,2,3.508771929824561
132,133,diag_1,428,57,5,8.771929824561402,2,3,2,3.508771929824561
132,133,diag_2,428,57,4,7.017543859649122,2,2,2,3.508771929824561
133,134,diag_1,428,57,12,21.052631578947366,2,10,2,3.508771929824561
133,134,diag_2,428,57,4,7.017543859649122,2,2,2,3.508771929824561
134,135,diag_1,428,57,5,8.771929824561402,2,3,2,3.508771929824561
134,135,diag_2,428,57,3,5.263157894736842,2,1,2,3.508771929824561
135,136,diag_1,428,57,6,10.526315789473683,2,4,2,3.508771929824561
135,136,diag_2,428,57,4,7.017543859649122,2,2,2,3.508771929824561
136,137,diag_1,428,57,4,7.017543859649122,2,2,2,3.508771929824561
136,137,diag_2,428,57,6,10.526315789473683,2,4,2,3.508771929824561
137,138,diag_1,428,57,2,3.508771929824561,2,0,2,3.508771929824561
137,138,diag_2,428,57,2,3.508771929824561,2,0,2,3.508771929824561
138,139,diag_1,428,57,4,7.017543859649122,2,2,2,3.508771929824561
138,139,diag_2,428,57,9,15.789473684210526,2,7,2,3.508771929824561
139,140,diag_1,428,57,5,8.771929824561402,2,3,2,3.508771929824561
139,140,diag_2,428,57,7,12.280701754385964,2,5,2,3.508771929824561
140,141,diag_1,428,57,4,7.017543859649122,2,2,2,3.508771929824561
140,141,diag_2,428,57,1,1.7543859649122806,2,0,1,1.7543859649122806
141,142,diag_1,428,57,7,12.280701754385964,2,5,2,3.508771929824561
141,142,diag_2,428,57,2,3.508771929824561,2,0,2,3.508771929824561
142,143,diag_1,428,57,1,1.7543859649122806,2,0,1,1.7543859649122806
142,143,diag_2,428,57,3,5.263157894736842,2,1,2,3.508771929824561
143,144,diag_1,428,57,6,10.526315789473683,2,4,2,3.508771929824561
143,144,diag_2,428,57,1,1.7543859649122806,2,0,1,1.7543859649122806
144,145,diag_1,428,57,3,5.263157894736842,2,1,2,3.508771929824561
144,145,diag_2,428,57,2,3.508771929824561,2,0,2,3.508771929824561
145,146,diag_1,428,57,6,10.526315789473683,2,4,2,3.508771929824561
145,146,diag_2,428,57,2,3.508771929824561,2,0,2,3.508771929824561
146,147,diag_1,428,57,6,10.526315789473683,2,4,2,3.508771929824561
146,147,diag_2,428,57,1,1.7543859649122806,2,0,1,1.7543859649122806
147,148,diag_1,428,57,3,5.263157894736842,2,1,2,3.508771929824561
147,148,diag_2,428,57,6,10.526315789473683,2,4,2,3.508771929824561
148,149,diag_1,428,57,4,7.017543859649122,2,2,2,3.508771929824561
148,149,diag_2,428,57,4,7.017543859649122,2,2,2,3.508771929824561
149,150,diag_1,428,57,6,10.526315789473683,2,4,2,3.508771929824561
149,150,diag_2,428,57,3,5.263157894736842,2,1,2,3.508771929824561
150,151,diag_1,428,57,9,15.789473684210526,2,7,2,3.508771929824561
150,151,diag_2,428,57,4,7.017543859649122,2,2,2,3.508771929824561
151,152,diag_1,428,57,3,5.263157894736842,2,1,2,3.508771929824561
151,152,diag_2,428,57,3,5.263157894736842,2,1,2,3.508771929824561
152,153,diag_1,428,57,3,5.263157894736842,2,1,2,3.508771929824561
152,153,diag_2,428,57,4,7.017543859649122,2,2,2,3.508771929824561
153,154,diag_1,428,57,2,3.508771929824561,2,0,2,3.508771929824561
153,154,diag_2,428,57,3,5.263157894736842,2,1,2,3.508771929824561
154,155,diag_1,428,57,5,8.771929824561402,2,3,2,3.508771929824561
154,155,diag_2,428,57,3,5.263157894736842,2,1,2,3.508771929824561
155,156,diag_1,428,57,4,7.017543859649122,2,2,2,3.508771929824561
155,156,diag_2,428,57,3,5.263157894736842,2,1,2,3.508771929824561
156,157,diag_1,428,57,4,7.017543859649122,2,2,2,3.508771929824561
156,157,diag_2,428,57,5,8.771929824561402,2,3,2,3.508771929824561
157,158,diag_1,428,57,3,5.263157894736842,2,1,2,3.508771929824561
157,158,diag_2,428,57,3,5.263157894736842,2,1,2,3.508771929824561
158,159,diag_1,428,57,5,8.771929824561402,2,3,2,3.508771929824561
158,159,diag_2,428,57,7,12.280701754385964,2,5,2,3.508771929824561
159,160,diag_1,428,57,2,3.508771929824561,2,0,2,3.508771929824561
159,160,diag_2,428,57,3,5.263157894736842,2,1,2,3.508771929824561
160,161,diag_1,428,57,2,3.508771929824561,2,0,2,3.508771929824561
160,161,diag_2,428,57,4,7.017543859649122,2,2,2,3.508771929824561
161,162,diag_1,428,57,3,5.263157894736842,2,1,2,3.508771929824561
161,162,diag_2,428,57,1,1.7543859649122806,2,0,1,1.7543859649122806
162,163,diag_1,428,57,10,17.543859649122805,2,8,2,3.508771929824561
162,163,diag_2,428,57,3,5.263157894736842,2,1,2,3.508771929824561
163,164,diag_1,428,57,2,3.508771929824561,2,0,2,3.508771929824561
163,164,diag_2,428,57,3,5.263157894736842,2,1,2,3.508771929824561
164,165,diag_1,428,57,7,12.280701754385964,2,5,2,3.508771929824561
164,165,diag_2,428,57,6,10.526315789473683,2,4,2,3.508771929824561
165,166,diag_1,428,57,2,3.508771929824561,2,0,2,3.508771929824561
165,166,diag_2,428,57,3,5.263157894736842,2,1,2,3.508771929824561
166,167,diag_1,428,57,4,7.017543859649122,2,2,2,3.508771929824561
166,167,diag_2,428,57,3,5.263157894736842,2,1,2,3.508771929824561
167,168,diag_1,428,57,9,15.789473684210526,2,7,2,3.508771929824561
167,168,diag_2,428,57,5,8.771929824561402,2,3,2,3.508771929824561
168,169,diag_1,428,57,5,8.771929824561402,2,3,2,3.508771929824561
168,169,diag_2,428,57,3,5.263157894736842,2,1,2,3.508771929824561
169,170,diag_1,428,57,3,5.263157894736842,2,1,2,3.508771929824561
169,170,diag_2,428,57,7,12.280701754385964,2,5,2,3.508771929824561
170,171,diag_1,428,57,8,14.035087719298245,2,6,2,3.508771929824561
170,171,diag_2,428,57,7,12.280701754385964,2,5,2,3.508771929824561
171,172,diag_1,428,57,3,5.263157894736842,2,1,2,3.508771929824561
171,172,diag_2,428,57,5,8.771929824561402,2,3,2,3.508771929824561
172,173,diag_1,428,57,0,0.0,2,0,0,0.0
172,173,diag_2,428,57,9,15.789473684210526,2,7,2,3.508771929824561
173,174,diag_1,428,57,3,5.263157894736842,2,1,2,3.508771929824561
173,174,diag_2,428,57,6,10.526315789473683,2,4,2,3.508771929824561
174,175,diag_1,428,57,2,3.508771929824561,2,0,2,3.508771929824561
174,175,diag_2,428,57,5,8.771929824561402,2,3,2,3.508771929824561
175,176,diag_1,428,57,3,5.263157894736842,2,1,2,3.508771929824561
175,176,diag_2,428,57,3,5.263157894736842,2,1,2,3.508771929824561
176,177,diag_1,428,57,1,1.7543859649122806,2,0,1,1.7543859649122806
176,177,diag_2,428,57,4,7.017543859649122,2,2,2,3.508771929824561
177,178,diag_1,428,57,4,7.017543859649122,2,2,2,3.508771929824561
177,178,diag_2,428,57,2,3.508771929824561,2,0,2,3.508771929824561
178,179,diag_1,428,57,3,5.263157894736842,2,1,2,3.508771929824561
178,179,diag_2,428,57,2,3.508771929824561,2,0,2,3.508771929824561
179,180,diag_1,428,57,5,8.771929824561402,2,3,2,3.508771929824561
179,180,diag_2,428,57,3,5.263157894736842,2,1,2,3.508771929824561
180,181,diag_1,428,57,5,8.771929824561402,2,3,2,3.508771929824561
180,181,diag_2,428,57,4,7.017543859649122,2,2,2,3.508771929824561
181,182,diag_1,428,57,3,5.263157894736842,2,1,2,3.508771929824561
181,182,diag_2,428,57,4,7.017543859649122,2,2,2,3.508771929824561
182,183,diag_1,428,57,3,5.263157894736842,2,1,2,3.508771929824561
182,183,diag_2,428,57,4,7.017543859649122,2,2,2,3.508771929824561
183,184,diag_1,428,57,3,5.263157894736842,2,1,2,3.508771929824561
183,184,diag_2,428,57,4,7.017543859649122,2,2,2,3.508771929824561
184,185,diag_1,428,57,7,12.280701754385964,2,5,2,3.508771929824561
184,185,diag_2,428,57,1,1.7543859649122806,2,0,1,1.7543859649122806
185,186,diag_1,428,57,5,8.771929824561402,2,3,2,3.508771929824561
185,186,diag_2,428,57,4,7.017543859649122,2,2,2,3.508771929824561
186,187,diag_1,428,57,5,8.771929824561402,2,3,2,3.508771929824561
186,187,diag_2,428,57,4,7.017543859649122,2,2,2,3.508771929824561
187,188,diag_1,428,57,4,7.017543859649122,2,2,2,3.508771929824561
187,188,diag_2,428,57,3,5.263157894736842,2,1,2,3.508771929824561
188,189,diag_1,428,57,5,8.771929824561402,2,3,2,3.508771929824561
188,189,diag_2,428,57,7,12.280701754385964,2,5,2,3.508771929824561
189,190,diag_1,428,57,3,5.263157894736842,2,1,2,3.508771929824561
189,190,diag_2,428,57,4,7.017543859649122,2,2,2,3.508771929824561
190,191,diag_1,428,57,3,5.263157894736842,2,1,2,3.508771929824561
190,191,diag_2,428,57,2,3.508771929824561,2,0,2,3.508771929824561
191,192,diag_1,428,57,5,8.771929824561402,2,3,2,3.508771929824561
191,192,diag_2,428,57,2,3.508771929824561,2,0,2,3.508771929824561
192,193,diag_1,428,57,6,10.526315789473683,2,4,2,3.508771929824561
192,193,diag_2,428,57,10,17.543859649122805,2,8,2,3.508771929824561
193,194,diag_1,428,57,7,12.280701754385964,2,5,2,3.508771929824561
193,194,diag_2,428,57,2,3.508771929824561,2,0,2,3.508771929824561
194,195,diag_1,428,57,8,14.035087719298245,2,6,2,3.508771929824561
194,195,diag_2,428,57,4,7.017543859649122,2,2,2,3.508771929824561
195,196,diag_1,428,57,4,7.017543859649122,2,2,2,3.508771929824561
195,196,diag_2,428,57,4,7.017543859649122,2,2,2,3.508771929824561
196,197,diag_1,428,57,5,8.771929824561402,2,3,2,3.508771929824561
196,197,diag_2,428,57,4,7.017543859649122,2,2,2,3.508771929824561
197,198,diag_1,428,57,2,3.508771929824561,2,0,2,3.508771929824561
197,198,diag_2,428,57,5,8.771929824561402,2,3,2,3.508771929824561
198,199,diag_1,428,57,5,8.771929824561402,2,3,2,3.508771929824561
198,199,diag_2,428,57,2,3.508771929824561,2,0,2,3.508771929824561
199,200,diag_1,428,57,4,7.017543859649122,2,2,2,3.508771929824561
199,200,diag_2,428,57,3,5.263157894736842,2,1,2,3.508771929824561
200,201,diag_1,428,57,4,7.017543859649122,2,2,2,3.508771929824561
200,201,diag_2,428,57,3,5.263157894736842,2,1,2,3.508771929824561
201,202,diag_1,428,57,4,7.017543859649122,2,2,2,3.508771929824561
201,202,diag_2,428,57,2,3.508771929824561,2,0,2,3.508771929824561
202,203,diag_1,428,57,2,3.508771929824561,2,0,2,3.508771929824561
202,203,diag_2,428,57,5,8.771929824561402,2,3,2,3.508771929824561
203,204,diag_1,428,57,10,17.543859649122805,2,8,2,3.508771929824561
203,204,diag_2,428,57,2,3.508771929824561,2,0,2,3.508771929824561
204,205,diag_1,428,57,4,7.017543859649122,2,2,2,3.508771929824561
204,205,diag_2,428,57,4,7.017543859649122,2,2,2,3.508771929824561
205,206,diag_1,428,57,4,7.017543859649122,2,2,2,3.508771929824561
205,206,diag_2,428,57,4,7.017543859649122,2,2,2,3.508771929824561
206,207,diag_1,428,57,4,7.017543859649122,2,2,2,3.508771929824561
206,207,diag_2,428,57,4,7.017543859649122,2,2,2,3.508771929824561
207,208,diag_1,428,57,1,1.7543859649122806,2,0,1,1.7543859649122806
207,208,diag_2,428,57,7,12.280701754385964,2,5,2,3.508771929824561
208,209,diag_1,428,57,1,1.7543859649122806,2,0,1,1.7543859649122806
208,209,diag_2,428,57,4,7.017543859649122,2,2,2,3.508771929824561
209,210,diag_1,428,57,5,8.771929824561402,2,3,2,3.508771929824561
209,210,diag_2,428,57,5,8.771929824561402,2,3,2,3.508771929824561
210,211,diag_1,428,57,3,5.263157894736842,2,1,2,3.508771929824561
210,211,diag_2,428,57,3,5.263157894736842,2,1,2,3.508771929824561
211,212,diag_1,428,57,4,7.017543859649122,2,2,2,3.508771929824561
211,212,diag_2,428,57,4,7.017543859649122,2,2,2,3.508771929824561
212,213,diag_1,428,57,9,15.789473684210526,2,7,2,3.508771929824561
212,213,diag_2,428,57,0,0.0,2,0,0,0.0
213,214,diag_1,428,57,4,7.017543859649122,2,2,2,3.508771929824561
213,214,diag_2,428,57,5,8.771929824561402,2,3,2,3.508771929824561
214,215,diag_1,428,57,4,7.017543859649122,2,2,2,3.508771929824561
214,215,diag_2,428,57,5,8.771929824561402,2,3,2,3.508771929824561
215,216,diag_1,428,57,1,1.7543859649122806,2,0,1,1.7543859649122806
215,216,diag_2,428,57,6,10.526315789473683,2,4,2,3.508771929824561
216,217,diag_1,428,57,6,10.526315789473683,2,4,2,3.508771929824561
216,217,diag_2,428,57,3,5.263157894736842,2,1,2,3.508771929824561
217,218,diag_1,428,57,4,7.017543859649122,2,2,2,3.508771929824561
217,218,diag_2,428,57,3,5.263157894736842,2,1,2,3.508771929824561
218,219,diag_1,428,57,6,10.526315789473683,2,4,2,3.508771929824561
218,219,diag_2,428,57,5,8.771929824561402,2,3,2,3.508771929824561
219,220,diag_1,428,57,4,7.017543859649122,2,2,2,3.508771929824561
219,220,diag_2,428,57,7,12.280701754385964,2,5,2,3.508771929824561
220,221,diag_1,428,57,2,3.508771929824561,2,0,2,3.508771929824561
220,221,diag_2,428,57,4,7.017543859649122,2,2,2,3.508771929824561
221,222,diag_1,428,57,3,5.263157894736842,2,1,2,3.508771929824561
221,222,diag_2,428,57,3,5.263157894736842,2,1,2,3.508771929824561
222,223,diag_1,428,57,2,3.508771929824561,2,0,2,3.508771929824561
222,223,diag_2,428,57,7,12.280701754385964,2,5,2,3.508771929824561
223,224,diag_1,428,57,6,10.526315789473683,2,4,2,3.508771929824561
223,224,diag_2,428,57,5,8.771929824561402,2,3,2,3.508771929824561
224,225,diag_1,428,57,2,3.508771929824561,2,0,2,3.508771929824561
224,225,diag_2,428,57,3,5.263157894736842,2,1,2,3.508771929824561
225,226,diag_1,428,57,4,7.017543859649122,2,2,2,3.508771929824561
225,226,diag_2,428,57,2,3.508771929824561,2,0,2,3.508771929824561
226,227,diag_1,428,57,5,8.771929824561402,2,3,2,3.508771929824561
226,227,diag_2,428,57,4,7.017543859649122,2,2,2,3.508771929824561
227,228,diag_1,428,57,4,7.017543859649122,2,2,2,3.508771929824561
227,228,diag_2,428,57,3,5.263157894736842,2,1,2,3.508771929824561
228,229,diag_1,428,57,5,8.771929824561402,2,3,2,3.508771929824561
228,229,diag_2,428,57,2,3.508771929824561,2,0,2,3.508771929824561
229,230,diag_1,428,57,2,3.508771929824561,2,0,2,3.508771929824561
229,230,diag_2,428,57,3,5.263157894736842,2,1,2,3.508771929824561
230,231,diag_1,428,57,3,5.263157894736842,2,1,2,3.508771929824561
230,231,diag_2,428,57,5,8.771929824561402,2,3,2,3.508771929824561
231,232,diag_1,428,57,3,5.263157894736842,2,1,2,3.508771929824561
231,232,diag_2,428,57,2,3.508771929824561,2,0,2,3.508771929824561
232,233,diag_1,428,57,4,7.017543859649122,2,2,2,3.508771929824561
232,233,diag_2,428,57,4,7.017543859649122,2,2,2,3.508771929824561
233,234,diag_1,428,57,1,1.7543859649122806,2,0,1,1.7543859649122806
233,234,diag_2,428,57,8,14.035087719298245,2,6,2,3.508771929824561
234,235,diag_1,428,57,4,7.017543859649122,2,2,2,3.508771929824561
234,235,diag_2,428,57,5,8.771929824561402,2,3,2,3.508771929824561
235,236,diag_1,428,57,1,1.7543859649122806,2,0,1,1.7543859649122806
235,236,diag_2,428,57,4,7.017543859649122,2,2,2,3.508771929824561
236,237,diag_1,428,57,0,0.0,2,0,0,0.0
236,237,diag_2,428,57,3,5.263157894736842,2,1,2,3.508771929824561
237,238,diag_1,428,57,2,3.508771929824561,2,0,2,3.508771929824561
237,238,diag_2,428,57,2,3.508771929824561,2,0,2,3.508771929824561
238,239,diag_1,428,57,3,5.263157894736842,2,1,2,3.508771929824561
238,239,diag_2,428,57,1,1.7543859649122806,2,0,1,1.7543859649122806
239,240,diag_1,428,57,4,7.017543859649122,2,2,2,3.508771929824561
239,240,diag_2,428,57,3,5.263157894736842,2,1,2,3.508771929824561
240,241,diag_1,428,57,2,3.508771929824561,2,0,2,3.508771929824561
240,241,diag_2,428,57,4,7.017543859649122,2,2,2,3.508771929824561
241,242,diag_1,428,57,2,3.508771929824561,2,0,2,3.508771929824561
241,242,diag_2,428,57,6,10.526315789473683,2,4,2,3.508771929824561
242,243,diag_1,428,57,5,8.771929824561402,2,3,2,3.508771929824561
242,243,diag_2,428,57,5,8.771929824561402,2,3,2,3.508771929824561
243,244,diag_1,428,57,5,8.771929824561402,2,3,2,3.508771929824561
243,244,diag_2,428,57,4,7.017543859649122,2,2,2,3.508771929824561
244,245,diag_1,428,57,3,5.263157894736842,2,1,2,3.508771929824561
244,245,diag_2,428,57,4,7.017543859649122,2,2,2,3.508771929824561
245,246,diag_1,428,57,3,5.263157894736842,2,1,2,3.508771929824561
245,246,diag_2,428,57,6,10.526315789473683,2,4,2,3.508771929824561
246,247,diag_1,428,57,5,8.771929824561402,2,3,2,3.508771929824561
246,247,diag_2,428,57,6,10.526315789473683,2,4,2,3.508771929824561
247,248,diag_1,428,57,4,7.017543859649122,2,2,2,3.508771929824561
247,248,diag_2,428,57,3,5.263157894736842,2,1,2,3.508771929824561
248,249,diag_1,428,57,7,12.280701754385964,2,5,2,3.508771929824561
248,249,diag_2,428,57,4,7.017543859649122,2,2,2,3.508771929824561
249,250,diag_1,428,57,6,10.526315789473683,2,4,2,3.508771929824561
249,250,diag_2,428,57,4,7.017543859649122,2,2,2,3.508771929824561
250,251,diag_1,428,57,4,7.017543859649122,2,2,2,3.508771929824561
250,251,diag_2,428,57,10,17.543859649122805,2,8,2,3.508771929824561
251,252,diag_1,428,57,7,12.280701754385964,2,5,2,3.508771929824561
251,252,diag_2,428,57,1,1.7543859649122806,2,0,1,1.7543859649122806
252,253,diag_1,428,57,3,5.263157894736842,2,1,2,3.508771929824561
252,253,diag_2,428,57,3,5.263157894736842,2,1,2,3.508771929824561
253,254,diag_1,428,57,3,5.263157894736842,2,1,2,3.508771929824561
253,254,diag_2,428,57,5,8.771929824561402,2,3,2,3.508771929824561
254,255,diag_1,428,57,4,7.017543859649122,2,2,2,3.508771929824561
254,255,diag_2,428,57,1,1.7543859649122806,2,0,1,1.7543859649122806
255,256,diag_1,428,57,2,3.508771929824561,2,0,2,3.508771929824561
255,256,diag_2,428,57,4,7.017543859649122,2,2,2,3.508771929824561
256,257,diag_1,428,57,2,3.508771929824561,2,0,2,3.508771929824561
256,257,diag_2,428,57,3,5.263157894736842,2,1,2,3.508771929824561
257,258,diag_1,428,57,4,7.017543859649122,2,2,2,3.508771929824561
257,258,diag_2,428,57,5,8.771929824561402,2,3,2,3.508771929824561
258,259,diag_1,428,57,4,7.017543859649122,2,2,2,3.508771929824561
258,259,diag_2,428,57,6,10.526315789473683,2,4,2,3.508771929824561
259,260,diag_1,428,57,6,10.526315789473683,2,4,2,3.508771929824561
259,260,diag_2,428,57,7,12.280701754385964,2,5,2,3.508771929824561
260,261,diag_1,428,57,5,8.771929824561402,2,3,2,3.508771929824561
260,261,diag_2,428,57,3,5.263157894736842,2,1,2,3.508771929824561
261,262,diag_1,428,57,4,7.017543859649122,2,2,2,3.508771929824561
261,262,diag_2,428,57,6,10.526315789473683,2,4,2,3.508771929824561
262,263,diag_1,428,57,4,7.017543859649122,2,2,2,3.508771929824561
262,263,diag_2,428,57,2,3.508771929824561,2,0,2,3.508771929824561
263,264,diag_1,428,57,4,7.017543859649122,2,2,2,3.508771929824561
263,264,diag_2,428,57,4,7.017543859649122,2,2,2,3.508771929824561
264,265,diag_1,428,57,1,1.7543859649122806,2,0,1,1.7543859649122806
264,265,diag_2,428,57,3,5.263157894736842,2,1,2,3.508771929824561
265,266,diag_1,428,57,4,7.017543859649122,2,2,2,3.508771929824561
265,266,diag_2,428,57,5,8.771929824561402,2,3,2,3.508771929824561
266,267,diag_1,428,57,6,10.526315789473683,2,4,2,3.508771929824561
266,267,diag_2,428,57,4,7.017543859649122,2,2,2,3.508771929824561
267,268,diag_1,428,57,3,5.263157894736842,2,1,2,3.508771929824561
267,268,diag_2,428,57,5,8.771929824561402,2,3,2,3.508771929824561
268,269,diag_1,428,57,3,5.263157894736842,2,1,2,3.508771929824561
268,269,diag_2,428,57,2,3.508771929824561,2,0,2,3.508771929824561
269,270,diag_1,428,57,2,3.508771929824561,2,0,2,3.508771929824561
269,270,diag_2,428,57,6,10.526315789473683,2,4,2,3.508771929824561
270,271,diag_1,428,57,4,7.017543859649122,2,2,2,3.508771929824561
270,271,diag_2,428,57,9,15.789473684210526,2,7,2,3.508771929824561
271,272,diag_1,428,57,5,8.771929824561402,2,3,2,3.508771929824561
271,272,diag_2,428,57,5,8.771929824561402,2,3,2,3.508771929824561
272,273,diag_1,428,57,2,3.508771929824561,2,0,2,3.508771929824561
272,273,diag_2,428,57,5,8.771929824561402,2,3,2,3.508771929824561
273,274,diag_1,428,57,2,3.508771929824561,2,0,2,3.508771929824561
273,274,diag_2,428,57,3,5.263157894736842,2,1,2,3.508771929824561
274,275,diag_1,428,57,2,3.508771929824561,2,0,2,3.508771929824561
274,275,diag_2,428,57,4,7.017543859649122,2,2,2,3.508771929824561
275,276,diag_1,428,57,3,5.263157894736842,2,1,2,3.508771929824561
275,276,diag_2,428,57,3,5.263157894736842,2,1,2,3.508771929824561
276,277,diag_1,428,57,5,8.771929824561402,2,3,2,3.508771929824561
276,277,diag_2,428,57,3,5.263157894736842,2,1,2,3.508771929824561
277,278,diag_1,428,57,3,5.263157894736842,2,1,2,3.508771929824561
277,278,diag_2,428,57,6,10.526315789473683,2,4,2,3.508771929824561
278,279,diag_1,428,57,3,5.263157894736842,2,1,2,3.508771929824561
278,279,diag_2,428,57,3,5.263157894736842,2,1,2,3.508771929824561
279,280,diag_1,428,57,7,12.280701754385964,2,5,2,3.508771929824561
279,280,diag_2,428,57,5,8.771929824561402,2,3,2,3.508771929824561
280,281,diag_1,428,57,7,12.280701754385964,2,5,2,3.508771929824561
280,281,diag_2,428,57,3,5.263157894736842,2,1,2,3.508771929824561
281,282,diag_1,428,57,0,0.0,2,0,0,0.0
281,282,diag_2,428,57,5,8.771929824561402,2,3,2,3.508771929824561
282,283,diag_1,428,57,7,12.280701754385964,2,5,2,3.508771929824561
282,283,diag_2,428,57,2,3.508771929824561,2,0,2,3.508771929824561
283,284,diag_1,428,57,4,7.017543859649122,2,2,2,3.508771929824561
283,284,diag_2,428,57,6,10.526315789473683,2,4,2,3.508771929824561
284,285,diag_1,428,57,3,5.263157894736842,2,1,2,3.508771929824561
284,285,diag_2,428,57,5,8.771929824561402,2,3,2,3.508771929824561
285,286,diag_1,428,57,2,3.508771929824561,2,0,2,3.508771929824561
285,286,diag_2,428,57,5,8.771929824561402,2,3,2,3.508771929824561
286,287,diag_1,428,57,4,7.017543859649122,2,2,2,3.508771929824561
286,287,diag_2,428,57,1,1.7543859649122806,2,0,1,1.7543859649122806
287,288,diag_1,428,57,3,5.263157894736842,2,1,2,3.508771929824561
287,288,diag_2,428,57,3,5.263157894736842,2,1,2,3.508771929824561
288,289,diag_1,428,57,5,8.771929824561402,2,3,2,3.508771929824561
288,289,diag_2,428,57,2,3.508771929824561,2,0,2,3.508771929824561
289,290,diag_1,428,57,3,5.263157894736842,2,1,2,3.508771929824561
289,290,diag_2,428,57,7,12.280701754385964,2,5,2,3.508771929824561
290,291,diag_1,428,57,4,7.017543859649122,2,2,2,3.508771929824561
290,291,diag_2,428,57,2,3.508771929824561,2,0,2,3.508771929824561
291,292,diag_1,428,57,2,3.508771929824561,2,0,2,3.508771929824561
291,292,diag_2,428,57,6,10.526315789473683,2,4,2,3.508771929824561
292,293,diag_1,428,57,3,5.263157894736842,2,1,2,3.508771929824561
292,293,diag_2,428,57,5,8.771929824561402,2,3,2,3.508771929824561
293,294,diag_1,428,57,4,7.017543859649122,2,2,2,3.508771929824561
293,294,diag_2,428,57,6,10.526315789473683,2,4,2,3.508771929824561
294,295,diag_1,428,57,3,5.263157894736842,2,1,2,3.508771929824561
294,295,diag_2,428,57,2,3.508771929824561,2,0,2,3.508771929824561
295,296,diag_1,428,57,3,5.263157894736842,2,1,2,3.508771929824561
295,296,diag_2,428,57,5,8.771929824561402,2,3,2,3.508771929824561
296,297,diag_1,428,57,5,8.771929824561402,2,3,2,3.508771929824561
296,297,diag_2,428,57,4,7.017543859649122,2,2,2,3.508771929824561
297,298,diag_1,428,57,3,5.263157894736842,2,1,2,3.508771929824561
297,298,diag_2,428,57,6,10.526315789473683,2,4,2,3.508771929824561
298,299,diag_1,428,57,8,14.035087719298245,2,6,2,3.508771929824561
298,299,diag_2,428,57,5,8.771929824561402,2,3,2,3.508771929824561
299,300,diag_1,428,57,6,10.526315789473683,2,4,2,3.508771929824561
299,300,diag_2,428,57,5,8.771929824561402,2,3,2,3.508771929824561
300,301,diag_1,428,57,5,8.771929824561402,2,3,2,3.508771929824561
300,301,diag_2,428,57,4,7.017543859649122,2,2,2,3.508771929824561
301,302,diag_1,428,57,4,7.017543859649122,2,2,2,3.508771929824561
301,302,diag_2,428,57,6,10.526315789473683,2,4,2,3.508771929824561
302,303,diag_1,428,57,1,1.7543859649122806,2,0,1,1.7543859649122806
302,303,diag_2,428,57,3,5.263157894736842,2,1,2,3.508771929824561
303,304,diag_1,428,57,0,0.0,2,0,0,0.0
303,304,diag_2,428,57,7,12.280701754385964,2,5,2,3.508771929824561
304,305,diag_1,428,57,4,7.017543859649122,2,2,2,3.508771929824561
304,305,diag_2,428,57,3,5.263157894736842,2,1,2,3.508771929824561
305,306,diag_1,428,57,3,5.263157894736842,2,1,2,3.508771929824561
305,306,diag_2,428,57,4,7.017543859649122,2,2,2,3.508771929824561
306,307,diag_1,428,57,5,8.771929824561402,2,3,2,3.508771929824561
306,307,diag_2,428,57,3,5.263157894736842,2,1,2,3.508771929824561
307,308,diag_1,428,57,6,10.526315789473683,2,4,2,3.508771929824561
307,308,diag_2,428,57,2,3.508771929824561,2,0,2,3.508771929824561
308,309,diag_1,428,57,2,3.508771929824561,2,0,2,3.508771929824561
308,309,diag_2,428,57,3,5.263157894736842,2,1,2,3.508771929824561
309,310,diag_1,428,57,8,14.035087719298245,2,6,2,3.508771929824561
309,310,diag_2,428,57,3,5.263157894736842,2,1,2,3.508771929824561
310,311,diag_1,428,57,8,14.035087719298245,2,6,2,3.508771929824561
310,311,diag_2,428,57,4,7.017543859649122,2,2,2,3.508771929824561
311,312,diag_1,428,57,7,12.280701754385964,2,5,2,3.508771929824561
311,312,diag_2,428,57,2,3.508771929824561,2,0,2,3.508771929824561
312,313,diag_1,428,57,4,7.017543859649122,2,2,2,3.508771929824561
312,313,diag_2,428,57,4,7.017543859649122,2,2,2,3.508771929824561
313,314,diag_1,428,57,2,3.508771929824561,2,0,2,3.508771929824561
313,314,diag_2,428,57,5,8.771929824561402,2,3,2,3.508771929824561
314,315,diag_1,428,57,2,3.508771929824561,2,0,2,3.508771929824561
314,315,diag_2,428,57,5,8.771929824561402,2,3,2,3.508771929824561
315,316,diag_1,428,57,4,7.017543859649122,2,2,2,3.508771929824561
315,316,diag_2,428,57,6,10.526315789473683,2,4,2,3.508771929824561
316,317,diag_1,428,57,5,8.771929824561402,2,3,2,3.508771929824561
316,317,diag_2,428,57,5,8.771929824561402,2,3,2,3.508771929824561
317,318,diag_1,428,57,1,1.7543859649122806,2,0,1,1.7543859649122806
317,318,diag_2,428,57,7,12.280701754385964,2,5,2,3.508771929824561
318,319,diag_1,428,57,6,10.526315789473683,2,4,2,3.508771929824561
318,319,diag_2,428,57,0,0.0,2,0,0,0.0
319,320,diag_1,428,57,1,1.7543859649122806,2,0,1,1.7543859649122806
319,320,diag_2,428,57,1,1.7543859649122806,2,0,1,1.7543859649122806
320,321,diag_1,428,57,3,5.263157894736842,2,1,2,3.508771929824561
320,321,diag_2,428,57,5,8.771929824561402,2,3,2,3.508771929824561
321,322,diag_1,428,57,7,12.280701754385964,2,5,2,3.508771929824561
321,322,diag_2,428,57,3,5.263157894736842,2,1,2,3.508771929824561
322,323,diag_1,428,57,3,5.263157894736842,2,1,2,3.508771929824561
322,323,diag_2,428,57,3,5.263157894736842,2,1,2,3.508771929824561
323,324,diag_1,428,57,1,1.7543859649122806,2,0,1,1.7543859649122806
323,324,diag_2,428,57,3,5.263157894736842,2,1,2,3.508771929824561
324,325,diag_1,428,57,2,3.508771929824561,2,0,2,3.508771929824561
324,325,diag_2,428,57,6,10.526315789473683,2,4,2,3.508771929824561
325,326,diag_1,428,57,5,8.771929824561402,2,3,2,3.508771929824561
325,326,diag_2,428,57,2,3.508771929824561,2,0,2,3.508771929824561
326,327,diag_1,428,57,4,7.017543859649122,2,2,2,3.508771929824561
326,327,diag_2,428,57,3,5.263157894736842,2,1,2,3.508771929824561
327,328,diag_1,428,57,2,3.508771929824561,2,0,2,3.508771929824561
327,328,diag_2,428,57,1,1.7543859649122806,2,0,1,1.7543859649122806
328,329,diag_1,428,57,3,5.263157894736842,2,1,2,3.508771929824561
328,329,diag_2,428,57,2,3.508771929824561,2,0,2,3.508771929824561
329,330,diag_1,428,57,4,7.017543859649122,2,2,2,3.508771929824561
329,330,diag_2,428,57,3,5.263157894736842,2,1,2,3.508771929824561
330,331,diag_1,428,57,7,12.280701754385964,2,5,2,3.508771929824561
330,331,diag_2,428,57,5,8.771929824561402,2,3,2,3.508771929824561
331,332,diag_1,428,57,7,12.280701754385964,2,5,2,3.508771929824561
331,332,diag_2,428,57,4,7.017543859649122,2,2,2,3.508771929824561
332,333,diag_1,428,57,4,7.017543859649122,2,2,2,3.508771929824561
332,333,diag_2,428,57,2,3.508771929824561,2,0,2,3.508771929824561
333,334,diag_1,428,57,1,1.7543859649122806,2,0,1,1.7543859649122806
333,334,diag_2,428,57,6,10.526315789473683,2,4,2,3.508771929824561
334,335,diag_1,428,57,2,3.508771929824561,2,0,2,3.508771929824561
334,335,diag_2,428,57,4,7.017543859649122,2,2,2,3.508771929824561
335,336,diag_1,428,57,4,7.017543859649122,2,2,2,3.508771929824561
335,336,diag_2,428,57,1,1.7543859649122806,2,0,1,1.7543859649122806
336,337,diag_1,428,57,3,5.263157894736842,2,1,2,3.508771929824561
336,337,diag_2,428,57,5,8.771929824561402,2,3,2,3.508771929824561
337,338,diag_1,428,57,5,8.771929824561402,2,3,2,3.508771929824561
337,338,diag_2,428,57,3,5.263157894736842,2,1,2,3.508771929824561
338,339,diag_1,428,57,5,8.771929824561402,2,3,2,3.508771929824561
338,339,diag_2,428,57,0,0.0,2,0,0,0.0
339,340,diag_1,428,57,4,7.017543859649122,2,2,2,3.508771929824561
339,340,diag_2,428,57,3,5.263157894736842,2,1,2,3.508771929824561
340,341,diag_1,428,57,4,7.017543859649122,2,2,2,3.508771929824561
340,341,diag_2,428,57,6,10.526315789473683,2,4,2,3.508771929824561
341,342,diag_1,428,57,1,1.7543859649122806,2,0,1,1.7543859649122806
341,342,diag_2,428,57,4,7.017543859649122,2,2,2,3.508771929824561
342,343,diag_1,428,57,6,10.526315789473683,2,4,2,3.508771929824561
342,343,diag_2,428,57,3,5.263157894736842,2,1,2,3.508771929824561
343,344,diag_1,428,57,7,12.280701754385964,2,5,2,3.508771929824561
343,344,diag_2,428,57,8,14.035087719298245,2,6,2,3.508771929824561
344,345,diag_1,428,57,6,10.526315789473683,2,4,2,3.508771929824561
344,345,diag_2,428,57,4,7.017543859649122,2,2,2,3.508771929824561
345,346,diag_1,428,57,4,7.017543859649122,2,2,2,3.508771929824561
345,346,diag_2,428,57,3,5.263157894736842,2,1,2,3.508771929824561
346,347,diag_1,428,57,4,7.017543859649122,2,2,2,3.508771929824561
346,347,diag_2,428,57,5,8.771929824561402,2,3,2,3.508771929824561
347,348,diag_1,428,57,8,14.035087719298245,2,6,2,3.508771929824561
347,348,diag_2,428,57,5,8.771929824561402,2,3,2,3.508771929824561
348,349,diag_1,428,57,5,8.771929824561402,2,3,2,3.508771929824561
348,349,diag_2,428,57,5,8.771929824561402,2,3,2,3.508771929824561
349,350,diag_1,428,57,5,8.771929824561402,2,3,2,3.508771929824561
349,350,diag_2,428,57,3,5.263157894736842,2,1,2,3.508771929824561
350,351,diag_1,428,57,2,3.508771929824561,2,0,2,3.508771929824561
350,351,diag_2,428,57,6,10.526315789473683,2,4,2,3.508771929824561
351,352,diag_1,428,57,4,7.017543859649122,2,2,2,3.508771929824561
351,352,diag_2,428,57,6,10.526315789473683,2,4,2,3.508771929824561
352,353,diag_1,428,57,2,3.508771929824561,2,0,2,3.508771929824561
352,353,diag_2,428,57,6,10.526315789473683,2,4,2,3.508771929824561
353,354,diag_1,428,57,5,8.771929824561402,2,3,2,3.508771929824561
353,354,diag_2,428,57,2,3.508771929824561,2,0,2,3.508771929824561
354,355,diag_1,428,57,4,7.017543859649122,2,2,2,3.508771929824561
354,355,diag_2,428,57,6,10.526315789473683,2,4,2,3.508771929824561
355,356,diag_1,428,57,5,8.771929824561402,2,3,2,3.508771929824561
355,356,diag_2,428,57,5,8.771929824561402,2,3,2,3.508771929824561
356,357,diag_1,428,57,2,3.508771929824561,2,0,2,3.508771929824561
356,357,diag_2,428,57,3,5.263157894736842,2,1,2,3.508771929824561
357,358,diag_1,428,57,4,7.017543859649122,2,2,2,3.508771929824561
357,358,diag_2,428,57,2,3.508771929824561,2,0,2,3.508771929824561
358,359,diag_1,428,57,3,5.263157894736842,2,1,2,3.508771929824561
358,359,diag_2,428,57,5,8.771929824561402,2,3,2,3.508771929824561
359,360,diag_1,428,57,2,3.508771929824561,2,0,2,3.508771929824561
359,360,diag_2,428,57,4,7.017543859649122,2,2,2,3.508771929824561
360,361,diag_1,428,57,5,8.771929824561402,2,3,2,3.508771929824561
360,361,diag_2,428,57,4,7.017543859649122,2,2,2,3.508771929824561
361,362,diag_1,428,57,7,12.280701754385964,2,5,2,3.508771929824561
361,362,diag_2,428,57,5,8.771929824561402,2,3,2,3.508771929824561
362,363,diag_1,428,57,4,7.017543859649122,2,2,2,3.508771929824561
362,363,diag_2,428,57,3,5.263157894736842,2,1,2,3.508771929824561
363,364,diag_1,428,57,1,1.7543859649122806,2,0,1,1.7543859649122806
363,364,diag_2,428,57,4,7.017543859649122,2,2,2,3.508771929824561
364,365,diag_1,428,57,6,10.526315789473683,2,4,2,3.508771929824561
364,365,diag_2,428,57,2,3.508771929824561,2,0,2,3.508771929824561
365,366,diag_1,428,57,8,14.035087719298245,2,6,2,3.508771929824561
365,366,diag_2,428,57,1,1.7543859649122806,2,0,1,1.7543859649122806
366,367,diag_1,428,57,2,3.508771929824561,2,0,2,3.508771929824561
366,367,diag_2,428,57,3,5.263157894736842,2,1,2,3.508771929824561
367,368,diag_1,428,57,3,5.263157894736842,2,1,2,3.508771929824561
367,368,diag_2,428,57,1,1.7543859649122806,2,0,1,1.7543859649122806
368,369,diag_1,428,57,6,10.526315789473683,2,4,2,3.508771929824561
368,369,diag_2,428,57,1,1.7543859649122806,2,0,1,1.7543859649122806
369,370,diag_1,428,57,3,5.263157894736842,2,1,2,3.508771929824561
369,370,diag_2,428,57,5,8.771929824561402,2,3,2,3.508771929824561
370,371,diag_1,428,57,6,10.526315789473683,2,4,2,3.508771929824561
370,371,diag_2,428,57,3,5.263157894736842,2,1,2,3.508771929824561
371,372,diag_1,428,57,2,3.508771929824561,2,0,2,3.508771929824561
371,372,diag_2,428,57,6,10.526315789473683,2,4,2,3.508771929824561
372,373,diag_1,428,57,2,3.508771929824561,2,0,2,3.508771929824561
372,373,diag_2,428,57,5,8.771929824561402,2,3,2,3.508771929824561
373,374,diag_1,428,57,4,7.017543859649122,2,2,2,3.508771929824561
373,374,diag_2,428,57,7,12.280701754385964,2,5,2,3.508771929824561
374,375,diag_1,428,57,3,5.263157894736842,2,1,2,3.508771929824561
374,375,diag_2,428,57,3,5.263157894736842,2,1,2,3.508771929824561
375,376,diag_1,428,57,2,3.508771929824561,2,0,2,3.508771929824561
375,376,diag_2,428,57,3,5.263157894736842,2,1,2,3.508771929824561
376,377,diag_1,428,57,6,10.526315789473683,2,4,2,3.508771929824561
376,377,diag_2,428,57,3,5.263157894736842,2,1,2,3.508771929824561
377,378,diag_1,428,57,1,1.7543859649122806,2,0,1,1.7543859649122806
377,378,diag_2,428,57,4,7.017543859649122,2,2,2,3.508771929824561
378,379,diag_1,428,57,4,7.017543859649122,2,2,2,3.508771929824561
378,379,diag_2,428,57,4,7.017543859649122,2,2,2,3.508771929824561
379,380,diag_1,428,57,3,5.263157894736842,2,1,2,3.508771929824561
379,380,diag_2,428,57,3,5.263157894736842,2,1,2,3.508771929824561
380,381,diag_1,428,57,6,10.526315789473683,2,4,2,3.508771929824561
380,381,diag_2,428,57,3,5.263157894736842,2,1,2,3.508771929824561
381,382,diag_1,428,57,5,8.771929824561402,2,3,2,3.508771929824561
381,382,diag_2,428,57,4,7.017543859649122,2,2,2,3.508771929824561
382,383,diag_1,428,57,5,8.771929824561402,2,3,2,3.508771929824561
382,383,diag_2,428,57,6,10.526315789473683,2,4,2,3.508771929824561
383,384,diag_1,428,57,2,3.508771929824561,2,0,2,3.508771929824561
383,384,diag_2,428,57,5,8.771929824561402,2,3,2,3.508771929824561
384,385,diag_1,428,57,4,7.017543859649122,2,2,2,3.508771929824561
384,385,diag_2,428,57,5,8.771929824561402,2,3,2,3.508771929824561
385,386,diag_1,428,57,4,7.017543859649122,2,2,2,3.508771929824561
385,386,diag_2,428,57,4,7.017543859649122,2,2,2,3.508771929824561
386,387,diag_1,428,57,3,5.263157894736842,2,1,2,3.508771929824561
386,387,diag_2,428,57,4,7.017543859649122,2,2,2,3.508771929824561
387,388,diag_1,428,57,6,10.526315789473683,2,4,2,3.508771929824561
387,388,diag_2,428,57,6,10.526315789473683,2,4,2,3.508771929824561
388,389,diag_1,428,57,4,7.017543859649122,2,2,2,3.508771929824561
388,389,diag_2,428,57,5,8.771929824561402,2,3,2,3.508771929824561
389,390,diag_1,428,57,6,10.526315789473683,2,4,2,3.508771929824561
389,390,diag_2,428,57,5,8.771929824561402,2,3,2,3.508771929824561
390,391,diag_1,428,57,2,3.508771929824561,2,0,2,3.508771929824561
390,391,diag_2,428,57,3,5.263157894736842,2,1,2,3.508771929824561
391,392,diag_1,428,57,4,7.017543859649122,2,2,2,3.508771929824561
391,392,diag_2,428,57,4,7.017543859649122,2,2,2,3.508771929824561
392,393,diag_1,428,57,3,5.263157894736842,2,1,2,3.508771929824561
392,393,diag_2,428,57,6,10.526315789473683,2,4,2,3.508771929824561
393,394,diag_1,428,57,4,7.017543859649122,2,2,2,3.508771929824561
393,394,diag_2,428,57,6,10.526315789473683,2,4,2,3.508771929824561
394,395,diag_1,428,57,4,7.017543859649122,2,2,2,3.508771929824561
394,395,diag_2,428,57,6,10.526315789473683,2,4,2,3.508771929824561
395,396,diag_1,428,57,2,3.508771929824561,2,0,2,3.508771929824561
395,396,diag_2,428,57,6,10.526315789473683,2,4,2,3.508771929824561
396,397,diag_1,428,57,3,5.263157894736842,2,1,2,3.508771929824561
396,397,diag_2,428,57,3,5.263157894736842,2,1,2,3.508771929824561
397,398,diag_1,428,57,6,10.526315789473683,2,4,2,3.508771929824561
397,398,diag_2,428,57,5,8.771929824561402,2,3,2,3.508771929824561
398,399,diag_1,428,57,1,1.7543859649122806,2,0,1,1.7543859649122806
398,399,diag_2,428,57,2,3.508771929824561,2,0,2,3.508771929824561
399,400,diag_1,428,57,6,10.526315789473683,2,4,2,3.508771929824561
399,400,diag_2,428,57,2,3.508771929824561,2,0,2,3.508771929824561
400,401,diag_1,428,57,4,7.017543859649122,2,2,2,3.508771929824561
400,401,diag_2,428,57,5,8.771929824561402,2,3,2,3.508771929824561
401,402,diag_1,428,57,6,10.526315789473683,2,4,2,3.508771929824561
401,402,diag_2,428,57,7,12.280701754385964,2,5,2,3.508771929824561
402,403,diag_1,428,57,3,5.263157894736842,2,1,2,3.508771929824561
402,403,diag_2,428,57,6,10.526315789473683,2,4,2,3.508771929824561
403,404,diag_1,428,57,3,5.263157894736842,2,1,2,3.508771929824561
403,404,diag_2,428,57,3,5.263157894736842,2,1,2,3.508771929824561
404,405,diag_1,428,57,4,7.017543859649122,2,2,2,3.508771929824561
404,405,diag_2,428,57,4,7.017543859649122,2,2,2,3.508771929824561
405,406,diag_1,428,57,3,5.263157894736842,2,1,2,3.508771929824561
405,406,diag_2,428,57,5,8.771929824561402,2,3,2,3.508771929824561
406,407,diag_1,428,57,8,14.035087719298245,2,6,2,3.508771929824561
406,407,diag_2,428,57,5,8.771929824561402,2,3,2,3.508771929824561
407,408,diag_1,428,57,3,5.263157894736842,2,1,2,3.508771929824561
407,408,diag_2,428,57,4,7.017543859649122,2,2,2,3.508771929824561
408,409,diag_1,428,57,2,3.508771929824561,2,0,2,3.508771929824561
408,409,diag_2,428,57,3,5.263157894736842,2,1,2,3.508771929824561
409,410,diag_1,428,57,4,7.017543859649122,2,2,2,3.508771929824561
409,410,diag_2,428,57,4,7.017543859649122,2,2,2,3.508771929824561
410,411,diag_1,428,57,5,8.771929824561402,2,3,2,3.508771929824561
410,411,diag_2,428,57,4,7.017543859649122,2,2,2,3.508771929824561
411,412,diag_1,428,57,6,10.526315789473683,2,4,2,3.508771929824561
411,412,diag_2,428,57,2,3.508771929824561,2,0,2,3.508771929824561
412,413,diag_1,428,57,5,8.771929824561402,2,3,2,3.508771929824561
412,413,diag_2,428,57,4,7.017543859649122,2,2,2,3.508771929824561
413,414,diag_1,428,57,6,10.526315789473683,2,4,2,3.508771929824561
413,414,diag_2,428,57,4,7.017543859649122,2,2,2,3.508771929824561
414,415,diag_1,428,57,7,12.280701754385964,2,5,2,3.508771929824561
414,415,diag_2,428,57,3,5.263157894736842,2,1,2,3.508771929824561
415,416,diag_1,428,57,2,3.508771929824561,2,0,2,3.508771929824561
415,416,diag_2,428,57,4,7.017543859649122,2,2,2,3.508771929824561
416,417,diag_1,428,57,1,1.7543859649122806,2,0,1,1.7543859649122806
416,417,diag_2,428,57,2,3.508771929824561,2,0,2,3.508771929824561
417,418,diag_1,428,57,4,7.017543859649122,2,2,2,3.508771929824561
417,418,diag_2,428,57,3,5.263157894736842,2,1,2,3.508771929824561
418,419,diag_1,428,57,5,8.771929824561402,2,3,2,3.508771929824561
418,419,diag_2,428,57,6,10.526315789473683,2,4,2,3.508771929824561
419,420,diag_1,428,57,2,3.508771929824561,2,0,2,3.508771929824561
419,420,diag_2,428,57,2,3.508771929824561,2,0,2,3.508771929824561
420,421,diag_1,428,57,2,3.508771929824561,2,0,2,3.508771929824561
420,421,diag_2,428,57,6,10.526315789473683,2,4,2,3.508771929824561
421,422,diag_1,428,57,5,8.771929824561402,2,3,2,3.508771929824561
421,422,diag_2,428,57,3,5.263157894736842,2,1,2,3.508771929824561
422,423,diag_1,428,57,5,8.771929824561402,2,3,2,3.508771929824561
422,423,diag_2,428,57,3,5.263157894736842,2,1,2,3.508771929824561
423,424,diag_1,428,57,3,5.263157894736842,2,1,2,3.508771929824561
423,424,diag_2,428,57,3,5.263157894736842,2,1,2,3.508771929824561
424,425,diag_1,428,57,3,5.263157894736842,2,1,2,3.508771929824561
424,425,diag_2,428,57,5,8.771929824561402,2,3,2,3.508771929824561
425,426,diag_1,428,57,3,5.263157894736842,2,1,2,3.508771929824561
425,426,diag_2,428,57,2,3.508771929824561,2,0,2,3.508771929824561
426,427,diag_1,428,57,6,10.526315789473683,2,4,2,3.508771929824561
426,427,diag_2,428,57,4,7.017543859649122,2,2,2,3.508771929824561
427,428,diag_1,428,57,2,3.508771929824561,2,0,2,3.508771929824561
427,428,diag_2,428,57,3,5.263157894736842,2,1,2,3.508771929824561
428,429,diag_1,428,57,3,5.263157894736842,2,1,2,3.508771929824561
428,429,diag_2,428,57,7,12.280701754385964,2,5,2,3.508771929824561
429,430,diag_1,428,57,11,19.298245614035086,2,9,2,3.508771929824561
429,430,diag_2,428,57,2,3.508771929824561,2,0,2,3.508771929824561
430,431,diag_1,428,57,5,8.771929824561402,2,3,2,3.508771929824561
430,431,diag_2,428,57,7,12.280701754385964,2,5,2,3.508771929824561
431,432,diag_1,428,57,1,1.7543859649122806,2,0,1,1.7543859649122806
431,432,diag_2,428,57,9,15.789473684210526,2,7,2,3.508771929824561
432,433,diag_1,428,57,4,7.017543859649122,2,2,2,3.508771929824561
432,433,diag_2,428,57,4,7.017543859649122,2,2,2,3.508771929824561
433,434,diag_1,428,57,1,1.7543859649122806,2,0,1,1.7543859649122806
433,434,diag_2,428,57,6,10.526315789473683,2,4,2,3.508771929824561
434,435,diag_1,428,56,4,7.142857142857142,2,2,2,3.571428571428571
434,435,diag_2,428,56,3,5.357142857142857,2,1,2,3.571428571428571
435,436,diag_1,428,56,3,5.357142857142857,2,1,2,3.571428571428571
435,436,diag_2,428,56,6,10.714285714285714,2,4,2,3.571428571428571
436,437,diag_1,428,56,3,5.357142857142857,2,1,2,3.571428571428571
436,437,diag_2,428,56,7,12.5,2,5,2,3.571428571428571
437,438,diag_1,428,56,4,7.142857142857142,2,2,2,3.571428571428571
437,438,diag_2,428,56,3,5.357142857142857,2,1,2,3.571428571428571
438,439,diag_1,428,56,5,8.928571428571429,2,3,2,3.571428571428571
438,439,diag_2,428,56,4,7.142857142857142,2,2,2,3.571428571428571
439,440,diag_1,428,56,6,10.714285714285714,2,4,2,3.571428571428571
439,440,diag_2,428,56,8,14.285714285714285,2,6,2,3.571428571428571
440,441,diag_1,428,56,2,3.571428571428571,2,0,2,3.571428571428571
440,441,diag_2,428,56,3,5.357142857142857,2,1,2,3.571428571428571
441,442,diag_1,428,56,0,0.0,2,0,0,0.0
441,442,diag_2,428,56,7,12.5,2,5,2,3.571428571428571
442,443,diag_1,428,56,3,5.357142857142857,2,1,2,3.571428571428571
442,443,diag_2,428,56,5,8.928571428571429,2,3,2,3.571428571428571
443,444,diag_1,428,56,6,10.714285714285714,2,4,2,3.571428571428571
443,444,diag_2,428,56,3,5.357142857142857,2,1,2,3.571428571428571
444,445,diag_1,428,56,1,1.7857142857142856,2,0,1,1.7857142857142856
444,445,diag_2,428,56,4,7.142857142857142,2,2,2,3.571428571428571
445,446,diag_1,428,56,3,5.357142857142857,2,1,2,3.571428571428571
445,446,diag_2,428,56,5,8.928571428571429,2,3,2,3.571428571428571
446,447,diag_1,428,56,0,0.0,2,0,0,0.0
446,447,diag_2,428,56,2,3.571428571428571,2,0,2,3.571428571428571
447,448,diag_1,428,56,6,10.714285714285714,2,4,2,3.571428571428571
447,448,diag_2,428,56,5,8.928571428571429,2,3,2,3.571428571428571
448,449,diag_1,428,56,4,7.142857142857142,2,2,2,3.571428571428571
448,449,diag_2,428,56,0,0.0,2,0,0,0.0
449,450,diag_1,428,56,4,7.142857142857142,2,2,2,3.571428571428571
449,450,diag_2,428,56,3,5.357142857142857,2,1,2,3.571428571428571
450,451,diag_1,428,56,7,12.5,2,5,2,3.571428571428571
450,451,diag_2,428,56,4,7.142857142857142,2,2,2,3.571428571428571
451,452,diag_1,428,56,4,7.142857142857142,2,2,2,3.571428571428571
451,452,diag_2,428,56,4,7.142857142857142,2,2,2,3.571428571428571
452,453,diag_1,428,56,5,8.928571428571429,2,3,2,3.571428571428571
452,453,diag_2,428,56,4,7.142857142857142,2,2,2,3.571428571428571
453,454,diag_1,428,56,6,10.714285714285714,2,4,2,3.571428571428571
453,454,diag_2,428,56,2,3.571428571428571,2,0,2,3.571428571428571
454,455,diag_1,428,56,4,7.142857142857142,2,2,2,3.571428571428571
454,455,diag_2,428,56,3,5.357142857142857,2,1,2,3.571428571428571
455,456,diag_1,428,56,3,5.357142857142857,2,1,2,3.571428571428571
455,456,diag_2,428,56,1,1.7857142857142856,2,0,1,1.7857142857142856
456,457,diag_1,428,56,1,1.7857142857142856,2,0,1,1.7857142857142856
456,457,diag_2,428,56,2,3.571428571428571,2,0,2,3.571428571428571
457,458,diag_1,428,56,5,8.928571428571429,2,3,2,3.571428571428571
457,458,diag_2,428,56,6,10.714285714285714,2,4,2,3.571428571428571
458,459,diag_1,428,56,3,5.357142857142857,2,1,2,3.571428571428571
458,459,diag_2,428,56,3,5.357142857142857,2,1,2,3.571428571428571
459,460,diag_1,428,56,7,12.5,2,5,2,3.571428571428571
459,460,diag_2,428,56,7,12.5,2,5,2,3.571428571428571
460,461,diag_1,428,56,2,3.571428571428571,2,0,2,3.571428571428571
460,461,diag_2,428,56,4,7.142857142857142,2,2,2,3.571428571428571
461,462,diag_1,428,56,5,8.928571428571429,2,3,2,3.571428571428571
461,462,diag_2,428,56,3,5.357142857142857,2,1,2,3.571428571428571
462,463,diag_1,428,56,3,5.357142857142857,2,1,2,3.571428571428571
462,463,diag_2,428,56,5,8.928571428571429,2,3,2,3.571428571428571
463,464,diag_1,428,56,6,10.714285714285714,2,4,2,3.571428571428571
463,464,diag_2,428,56,2,3.571428571428571,2,0,2,3.571428571428571
464,465,diag_1,428,56,3,5.357142857142857,2,1,2,3.571428571428571
464,465,diag_2,428,56,2,3.571428571428571,2,0,2,3.571428571428571
465,466,diag_1,428,56,4,7.142857142857142,2,2,2,3.571428571428571
465,466,diag_2,428,56,2,3.571428571428571,2,0,2,3.571428571428571
466,467,diag_1,428,56,3,5.357142857142857,2,1,2,3.571428571428571
466,467,diag_2,428,56,1,1.7857142857142856,2,0,1,1.7857142857142856
467,468,diag_1,428,56,7,12.5,2,5,2,3.571428571428571
467,468,diag_2,428,56,3,5.357142857142857,2,1,2,3.571428571428571
468,469,diag_1,428,56,2,3.571428571428571,2,0,2,3.571428571428571
468,469,diag_2,428,56,2,3.571428571428571,2,0,2,3.571428571428571
469,470,diag_1,428,56,2,3.571428571428571,2,0,2,3.571428571428571
469,470,diag_2,428,56,4,7.142857142857142,2,2,2,3.571428571428571
470,471,diag_1,428,56,2,3.571428571428571,2,0,2,3.571428571428571
470,471,diag_2,428,56,4,7.142857142857142,2,2,2,3.571428571428571
471,472,diag_1,428,56,2,3.571428571428571,2,0,2,3.571428571428571
471,472,diag_2,428,56,3,5.357142857142857,2,1,2,3.571428571428571
472,473,diag_1,428,56,4,7.142857142857142,2,2,2,3.571428571428571
472,473,diag_2,428,56,6,10.714285714285714,2,4,2,3.571428571428571
473,474,diag_1,428,56,4,7.142857142857142,2,2,2,3.571428571428571
473,474,diag_2,428,56,1,1.7857142857142856,2,0,1,1.7857142857142856
474,475,diag_1,428,56,5,8.928571428571429,2,3,2,3.571428571428571
474,475,diag_2,428,56,3,5.357142857142857,2,1,2,3.571428571428571
475,476,diag_1,428,56,5,8.928571428571429,2,3,2,3.571428571428571
475,476,diag_2,428,56,4,7.142857142857142,2,2,2,3.571428571428571
476,477,diag_1,428,56,6,10.714285714285714,2,4,2,3.571428571428571
476,477,diag_2,428,56,2,3.571428571428571,2,0,2,3.571428571428571
477,478,diag_1,428,56,2,3.571428571428571,2,0,2,3.571428571428571
477,478,diag_2,428,56,4,7.142857142857142,2,2,2,3.571428571428571
478,479,diag_1,428,56,5,8.928571428571429,2,3,2,3.571428571428571
478,479,diag_2,428,56,0,0.0,2,0,0,0.0
479,480,diag_1,428,56,4,7.142857142857142,2,2,2,3.571428571428571
479,480,diag_2,428,56,3,5.357142857142857,2,1,2,3.571428571428571
480,481,diag_1,428,56,6,10.714285714285714,2,4,2,3.571428571428571
480,481,diag_2,428,56,3,5.357142857142857,2,1,2,3.571428571428571
481,482,diag_1,428,56,4,7.142857142857142,2,2,2,3.571428571428571
481,482,diag_2,428,56,5,8.928571428571429,2,3,2,3.571428571428571
482,483,diag_1,428,56,8,14.285714285714285,2,6,2,3.571428571428571
482,483,diag_2,428,56,3,5.357142857142857,2,1,2,3.571428571428571
483,484,diag_1,428,56,6,10.714285714285714,2,4,2,3.571428571428571
483,484,diag_2,428,56,3,5.357142857142857,2,1,2,3.571428571428571
484,485,diag_1,428,56,3,5.357142857142857,2,1,2,3.571428571428571
484,485,diag_2,428,56,7,12.5,2,5,2,3.571428571428571
485,486,diag_1,428,56,3,5.357142857142857,2,1,2,3.571428571428571
485,486,diag_2,428,56,1,1.7857142857142856,2,0,1,1.7857142857142856
486,487,diag_1,428,56,2,3.571428571428571,2,0,2,3.571428571428571
486,487,diag_2,428,56,1,1.7857142857142856,2,0,1,1.7857142857142856
487,488,diag_1,428,56,4,7.142857142857142,2,2,2,3.571428571428571
487,488,diag_2,428,56,6,10.714285714285714,2,4,2,3.571428571428571
488,489,diag_1,428,56,2,3.571428571428571,2,0,2,3.571428571428571
488,489,diag_2,428,56,4,7.142857142857142,2,2,2,3.571428571428571
489,490,diag_1,428,56,2,3.571428571428571,2,0,2,3.571428571428571
489,490,diag_2,428,56,6,10.714285714285714,2,4,2,3.571428571428571
490,491,diag_1,428,56,2,3.571428571428571,2,0,2,3.571428571428571
490,491,diag_2,428,56,0,0.0,2,0,0,0.0
491,492,diag_1,428,56,8,14.285714285714285,2,6,2,3.571428571428571
491,492,diag_2,428,56,2,3.571428571428571,2,0,2,3.571428571428571
492,493,diag_1,428,56,1,1.7857142857142856,2,0,1,1.7857142857142856
492,493,diag_2,428,56,2,3.571428571428571,2,0,2,3.571428571428571
493,494,diag_1,428,56,1,1.7857142857142856,2,0,1,1.7857142857142856
493,494,diag_2,428,56,1,1.7857142857142856,2,0,1,1.7857142857142856
494,495,diag_1,428,56,4,7.142857142857142,2,2,2,3.571428571428571
494,495,diag_2,428,56,1,1.7857142857142856,2,0,1,1.7857142857142856
495,496,diag_1,428,56,3,5.357142857142857,2,1,2,3.571428571428571
495,496,diag_2,428,56,5,8.928571428571429,2,3,2,3.571428571428571
496,497,diag_1,428,56,2,3.571428571428571,2,0,2,3.571428571428571
496,497,diag_2,428,56,3,5.357142857142857,2,1,2,3.571428571428571
497,498,diag_1,428,56,2,3.571428571428571,2,0,2,3.571428571428571
497,498,diag_2,428,56,5,8.928571428571429,2,3,2,3.571428571428571
498,499,diag_1,428,56,4,7.142857142857142,2,2,2,3.571428571428571
498,499,diag_2,428,56,2,3.571428571428571,2,0,2,3.571428571428571
499,500,diag_1,428,56,2,3.571428571428571,2,0,2,3.571428571428571
499,500,diag_2,428,56,4,7.142857142857142,2,2,2,3.571428571428571
500,501,diag_1,428,56,2,3.571428571428571,2,0,2,3.571428571428571
500,501,diag_2,428,56,2,3.571428571428571,2,0,2,3.571428571428571
501,502,diag_1,428,56,5,8.928571428571429,2,3,2,3.571428571428571
501,502,diag_2,428,56,1,1.7857142857142856,2,0,1,1.7857142857142856
502,503,diag_1,428,56,4,7.142857142857142,2,2,2,3.571428571428571
502,503,diag_2,428,56,6,10.714285714285714,2,4,2,3.571428571428571
503,504,diag_1,428,56,3,5.357142857142857,2,1,2,3.571428571428571
503,504,diag_2,428,56,6,10.714285714285714,2,4,2,3.571428571428571
504,505,diag_1,428,56,5,8.928571428571429,2,3,2,3.571428571428571
504,505,diag_2,428,56,4,7.142857142857142,2,2,2,3.571428571428571
505,506,diag_1,428,56,2,3.571428571428571,2,0,2,3.571428571428571
505,506,diag_2,428,56,5,8.928571428571429,2,3,2,3.571428571428571
506,507,diag_1,428,56,3,5.357142857142857,2,1,2,3.571428571428571
506,507,diag_2,428,56,2,3.571428571428571,2,0,2,3.571428571428571
507,508,diag_1,428,56,0,0.0,2,0,0,0.0
507,508,diag_2,428,56,8,14.285714285714285,2,6,2,3.571428571428571
508,509,diag_1,428,56,6,10.714285714285714,2,4,2,3.571428571428571
508,509,diag_2,428,56,4,7.142857142857142,2,2,2,3.571428571428571
509,510,diag_1,428,56,4,7.142857142857142,2,2,2,3.571428571428571
509,510,diag_2,428,56,4,7.142857142857142,2,2,2,3.571428571428571
510,511,diag_1,428,56,3,5.357142857142857,2,1,2,3.571428571428571
510,511,diag_2,428,56,1,1.7857142857142856,2,0,1,1.7857142857142856
511,512,diag_1,428,56,4,7.142857142857142,2,2,2,3.571428571428571
511,512,diag_2,428,56,3,5.357142857142857,2,1,2,3.571428571428571
512,513,diag_1,428,56,4,7.142857142857142,2,2,2,3.571428571428571
512,513,diag_2,428,56,5,8.928571428571429,2,3,2,3.571428571428571
513,514,diag_1,428,56,7,12.5,2,5,2,3.571428571428571
513,514,diag_2,428,56,1,1.7857142857142856,2,0,1,1.7857142857142856
514,515,diag_1,428,56,5,8.928571428571429,2,3,2,3.571428571428571
514,515,diag_2,428,56,3,5.357142857142857,2,1,2,3.571428571428571
515,516,diag_1,428,56,3,5.357142857142857,2,1,2,3.571428571428571
515,516,diag_2,428,56,8,14.285714285714285,2,6,2,3.571428571428571
516,517,diag_1,428,56,3,5.357142857142857,2,1,2,3.571428571428571
516,517,diag_2,428,56,6,10.714285714285714,2,4,2,3.571428571428571
517,518,diag_1,428,56,1,1.7857142857142856,2,0,1,1.7857142857142856
517,518,diag_2,428,56,2,3.571428571428571,2,0,2,3.571428571428571
518,519,diag_1,428,56,8,14.285714285714285,2,6,2,3.571428571428571
518,519,diag_2,428,56,3,5.357142857142857,2,1,2,3.571428571428571
519,520,diag_1,428,56,2,3.571428571428571,2,0,2,3.571428571428571
519,520,diag_2,428,56,5,8.928571428571429,2,3,2,3.571428571428571
520,521,diag_1,428,56,6,10.714285714285714,2,4,2,3.571428571428571
520,521,diag_2,428,56,4,7.142857142857142,2,2,2,3.571428571428571
521,522,diag_1,428,56,5,8.928571428571429,2,3,2,3.571428571428571
521,522,diag_2,428,56,3,5.357142857142857,2,1,2,3.571428571428571
522,523,diag_1,428,56,0,0.0,2,0,0,0.0
522,523,diag_2,428,56,6,10.714285714285714,2,4,2,3.571428571428571
523,524,diag_1,428,56,4,7.142857142857142,2,2,2,3.571428571428571
523,524,diag_2,428,56,4,7.142857142857142,2,2,2,3.571428571428571
524,525,diag_1,428,56,3,5.357142857142857,2,1,2,3.571428571428571
524,525,diag_2,428,56,4,7.142857142857142,2,2,2,3.571428571428571
525,526,diag_1,428,56,3,5.357142857142857,2,1,2,3.571428571428571
525,526,diag_2,428,56,4,7.142857142857142,2,2,2,3.571428571428571
526,527,diag_1,428,56,6,10.714285714285714,2,4,2,3.571428571428571
526,527,diag_2,428,56,3,5.357142857142857,2,1,2,3.571428571428571
527,528,diag_1,428,56,3,5.357142857142857,2,1,2,3.571428571428571
527,528,diag_2,428,56,3,5.357142857142857,2,1,2,3.571428571428571
528,529,diag_1,428,56,5,8.928571428571429,2,3,2,3.571428571428571
528,529,diag_2,428,56,7,12.5,2,5,2,3.571428571428571
529,530,diag_1,428,56,3,5.357142857142857,2,1,2,3.571428571428571
529,530,diag_2,428,56,3,5.357142857142857,2,1,2,3.571428571428571
530,531,diag_1,428,56,3,5.357142857142857,2,1,2,3.571428571428571
530,531,diag_2,428,56,3,5.357142857142857,2,1,2,3.571428571428571
531,532,diag_1,428,56,4,7.142857142857142,2,2,2,3.571428571428571
531,532,diag_2,428,56,3,5.357142857142857,2,1,2,3.571428571428571
532,533,diag_1,428,56,4,7.142857142857142,2,2,2,3.571428571428571
532,533,diag_2,428,56,2,3.571428571428571,2,0,2,3.571428571428571
533,534,diag_1,428,56,5,8.928571428571429,2,3,2,3.571428571428571
533,534,diag_2,428,56,1,1.7857142857142856,2,0,1,1.7857142857142856
534,535,diag_1,428,56,4,7.142857142857142,2,2,2,3.571428571428571
534,535,diag_2,428,56,2,3.571428571428571,2,0,2,3.571428571428571
535,536,diag_1,428,56,2,3.571428571428571,2,0,2,3.571428571428571
535,536,diag_2,428,56,3,5.357142857142857,2,1,2,3.571428571428571
536,537,diag_1,428,56,6,10.714285714285714,2,4,2,3.571428571428571
536,537,diag_2,428,56,5,8.928571428571429,2,3,2,3.571428571428571
537,538,diag_1,428,56,4,7.142857142857142,2,2,2,3.571428571428571
537,538,diag_2,428,56,4,7.142857142857142,2,2,2,3.571428571428571
538,539,diag_1,428,56,2,3.571428571428571,2,0,2,3.571428571428571
538,539,diag_2,428,56,7,12.5,2,5,2,3.571428571428571
539,540,diag_1,428,56,2,3.571428571428571,2,0,2,3.571428571428571
539,540,diag_2,428,56,3,5.357142857142857,2,1,2,3.571428571428571
540,541,diag_1,428,56,6,10.714285714285714,2,4,2,3.571428571428571
540,541,diag_2,428,56,3,5.357142857142857,2,1,2,3.571428571428571
541,542,diag_1,428,56,5,8.928571428571429,2,3,2,3.571428571428571
541,542,diag_2,428,56,6,10.714285714285714,2,4,2,3.571428571428571
542,543,diag_1,428,56,5,8.928571428571429,2,3,2,3.571428571428571
542,543,diag_2,428,56,4,7.142857142857142,2,2,2,3.571428571428571
543,544,diag_1,428,56,5,8.928571428571429,2,3,2,3.571428571428571
543,544,diag_2,428,56,3,5.357142857142857,2,1,2,3.571428571428571
544,545,diag_1,428,56,4,7.142857142857142,2,2,2,3.571428571428571
544,545,diag_2,428,56,4,7.142857142857142,2,2,2,3.571428571428571
545,546,diag_1,428,56,4,7.142857142857142,2,2,2,3.571428571428571
545,546,diag_2,428,56,3,5.357142857142857,2,1,2,3.571428571428571
546,547,diag_1,428,56,4,7.142857142857142,2,2,2,3.571428571428571
546,547,diag_2,428,56,2,3.571428571428571,2,0,2,3.571428571428571
547,548,diag_1,428,56,4,7.142857142857142,2,2,2,3.571428571428571
547,548,diag_2,428,56,3,5.357142857142857,2,1,2,3.571428571428571
548,549,diag_1,428,56,5,8.928571428571429,2,3,2,3.571428571428571
548,549,diag_2,428,56,2,3.571428571428571,2,0,2,3.571428571428571
549,550,diag_1,428,56,6,10.714285714285714,2,4,2,3.571428571428571
549,550,diag_2,428,56,2,3.571428571428571,2,0,2,3.571428571428571
550,551,diag_1,428,56,4,7.142857142857142,2,2,2,3.571428571428571
550,551,diag_2,428,56,1,1.7857142857142856,2,0,1,1.7857142857142856
551,552,diag_1,428,56,3,5.357142857142857,2,1,2,3.571428571428571
551,552,diag_2,428,56,4,7.142857142857142,2,2,2,3.571428571428571
552,553,diag_1,428,56,2,3.571428571428571,2,0,2,3.571428571428571
552,553,diag_2,428,56,1,1.7857142857142856,2,0,1,1.7857142857142856
553,554,diag_1,428,56,1,1.7857142857142856,2,0,1,1.7857142857142856
553,554,diag_2,428,56,6,10.714285714285714,2,4,2,3.571428571428571
554,555,diag_1,428,56,4,7.142857142857142,2,2,2,3.571428571428571
554,555,diag_2,428,56,6,10.714285714285714,2,4,2,3.571428571428571
555,556,diag_1,428,56,2,3.571428571428571,2,0,2,3.571428571428571
555,556,diag_2,428,56,2,3.571428571428571,2,0,2,3.571428571428571
556,557,diag_1,428,56,6,10.714285714285714,2,4,2,3.571428571428571
556,557,diag_2,428,56,5,8.928571428571429,2,3,2,3.571428571428571
557,558,diag_1,428,56,4,7.142857142857142,2,2,2,3.571428571428571
557,558,diag_2,428,56,3,5.357142857142857,2,1,2,3.571428571428571
558,559,diag_1,428,56,5,8.928571428571429,2,3,2,3.571428571428571
558,559,diag_2,428,56,4,7.142857142857142,2,2,2,3.571428571428571
559,560,diag_1,428,56,1,1.7857142857142856,2,0,1,1.7857142857142856
559,560,diag_2,428,56,2,3.571428571428571,2,0,2,3.571428571428571
560,561,diag_1,428,56,2,3.571428571428571,2,0,2,3.571428571428571
560,561,diag_2,428,56,4,7.142857142857142,2,2,2,3.571428571428571
561,562,diag_1,428,56,8,14.285714285714285,2,6,2,3.571428571428571
561,562,diag_2,428,56,4,7.142857142857142,2,2,2,3.571428571428571
562,563,diag_1,428,56,5,8.928571428571429,2,3,2,3.571428571428571
562,563,diag_2,428,56,6,10.714285714285714,2,4,2,3.571428571428571
563,564,diag_1,428,56,9,16.071428571428573,2,7,2,3.571428571428571
563,564,diag_2,428,56,4,7.142857142857142,2,2,2,3.571428571428571
564,565,diag_1,428,56,5,8.928571428571429,2,3,2,3.571428571428571
564,565,diag_2,428,56,4,7.142857142857142,2,2,2,3.571428571428571
565,566,diag_1,428,56,2,3.571428571428571,2,0,2,3.571428571428571
565,566,diag_2,428,56,3,5.357142857142857,2,1,2,3.571428571428571
566,567,diag_1,428,56,2,3.571428571428571,2,0,2,3.571428571428571
566,567,diag_2,428,56,3,5.357142857142857,2,1,2,3.571428571428571
567,568,diag_1,428,56,3,5.357142857142857,2,1,2,3.571428571428571
567,568,diag_2,428,56,3,5.357142857142857,2,1,2,3.571428571428571
568,569,diag_1,428,56,6,10.714285714285714,2,4,2,3.571428571428571
568,569,diag_2,428,56,4,7.142857142857142,2,2,2,3.571428571428571
569,570,diag_1,428,56,4,7.142857142857142,2,2,2,3.571428571428571
569,570,diag_2,428,56,7,12.5,2,5,2,3.571428571428571
570,571,diag_1,428,56,4,7.142857142857142,2,2,2,3.571428571428571
570,571,diag_2,428,56,3,5.357142857142857,2,1,2,3.571428571428571
571,572,diag_1,428,56,3,5.357142857142857,2,1,2,3.571428571428571
571,572,diag_2,428,56,3,5.357142857142857,2,1,2,3.571428571428571
572,573,diag_1,428,56,9,16.071428571428573,2,7,2,3.571428571428571
572,573,diag_2,428,56,4,7.142857142857142,2,2,2,3.571428571428571
573,574,diag_1,428,56,3,5.357142857142857,2,1,2,3.571428571428571
573,574,diag_2,428,56,5,8.928571428571429,2,3,2,3.571428571428571
574,575,diag_1,428,56,2,3.571428571428571,2,0,2,3.571428571428571
574,575,diag_2,428,56,2,3.571428571428571,2,0,2,3.571428571428571
575,576,diag_1,428,56,4,7.142857142857142,2,2,2,3.571428571428571
575,576,diag_2,428,56,2,3.571428571428571,2,0,2,3.571428571428571
576,577,diag_1,428,56,4,7.142857142857142,2,2,2,3.571428571428571
576,577,diag_2,428,56,4,7.142857142857142,2,2,2,3.571428571428571
577,578,diag_1,428,56,4,7.142857142857142,2,2,2,3.571428571428571
577,578,diag_2,428,56,3,5.357142857142857,2,1,2,3.571428571428571
578,579,diag_1,428,56,3,5.357142857142857,2,1,2,3.571428571428571
578,579,diag_2,428,56,4,7.142857142857142,2,2,2,3.571428571428571
579,580,diag_1,428,56,5,8.928571428571429,2,3,2,3.571428571428571
579,580,diag_2,428,56,3,5.357142857142857,2,1,2,3.571428571428571
580,581,diag_1,428,56,7,12.5,2,5,2,3.571428571428571
580,581,diag_2,428,56,6,10.714285714285714,2,4,2,3.571428571428571
581,582,diag_1,428,56,1,1.7857142857142856,2,0,1,1.7857142857142856
581,582,diag_2,428,56,6,10.714285714285714,2,4,2,3.571428571428571
582,583,diag_1,428,56,3,5.357142857142857,2,1,2,3.571428571428571
582,583,diag_2,428,56,5,8.928571428571429,2,3,2,3.571428571428571
583,584,diag_1,428,56,2,3.571428571428571,2,0,2,3.571428571428571
583,584,diag_2,428,56,6,10.714285714285714,2,4,2,3.571428571428571
584,585,diag_1,428,56,3,5.357142857142857,2,1,2,3.571428571428571
584,585,diag_2,428,56,3,5.357142857142857,2,1,2,3.571428571428571
585,586,diag_1,428,56,2,3.571428571428571,2,0,2,3.571428571428571
585,586,diag_2,428,56,2,3.571428571428571,2,0,2,3.571428571428571
586,587,diag_1,428,56,1,1.7857142857142856,2,0,1,1.7857142857142856
586,587,diag_2,428,56,5,8.928571428571429,2,3,2,3.571428571428571
587,588,diag_1,428,56,8,14.285714285714285,2,6,2,3.571428571428571
587,588,diag_2,428,56,2,3.571428571428571,2,0,2,3.571428571428571
588,589,diag_1,428,56,4,7.142857142857142,2,2,2,3.571428571428571
588,589,diag_2,428,56,3,5.357142857142857,2,1,2,3.571428571428571
589,590,diag_1,428,56,6,10.714285714285714,2,4,2,3.571428571428571
589,590,diag_2,428,56,9,16.071428571428573,2,7,2,3.571428571428571
590,591,diag_1,428,56,4,7.142857142857142,2,2,2,3.571428571428571
590,591,diag_2,428,56,8,14.285714285714285,2,6,2,3.571428571428571
591,592,diag_1,428,56,4,7.142857142857142,2,2,2,3.571428571428571
591,592,diag_2,428,56,3,5.357142857142857,2,1,2,3.571428571428571
592,593,diag_1,428,56,2,3.571428571428571,2,0,2,3.571428571428571
592,593,diag_2,428,56,5,8.928571428571429,2,3,2,3.571428571428571
593,594,diag_1,428,56,2,3.571428571428571,2,0,2,3.571428571428571
593,594,diag_2,428,56,6,10.714285714285714,2,4,2,3.571428571428571
594,595,diag_1,428,56,6,10.714285714285714,2,4,2,3.571428571428571
594,595,diag_2,428,56,4,7.142857142857142,2,2,2,3.571428571428571
595,596,diag_1,428,56,8,14.285714285714285,2,6,2,3.571428571428571
595,596,diag_2,428,56,3,5.357142857142857,2,1,2,3.571428571428571
596,597,diag_1,428,56,1,1.7857142857142856,2,0,1,1.7857142857142856
596,597,diag_2,428,56,5,8.928571428571429,2,3,2,3.571428571428571
597,598,diag_1,428,56,2,3.571428571428571,2,0,2,3.571428571428571
597,598,diag_2,428,56,1,1.7857142857142856,2,0,1,1.7857142857142856
598,599,diag_1,428,56,5,8.928571428571429,2,3,2,3.571428571428571
598,599,diag_2,428,56,3,5.357142857142857,2,1,2,3.571428571428571
599,600,diag_1,428,56,5,8.928571428571429,2,3,2,3.571428571428571
599,600,diag_2,428,56,3,5.357142857142857,2,1,2,3.571428571428571
600,601,diag_1,428,56,4,7.142857142857142,2,2,2,3.571428571428571
600,601,diag_2,428,56,6,10.714285714285714,2,4,2,3.571428571428571
601,602,diag_1,428,56,4,7.142857142857142,2,2,2,3.571428571428571
601,602,diag_2,428,56,3,5.357142857142857,2,1,2,3.571428571428571
602,603,diag_1,428,56,4,7.142857142857142,2,2,2,3.571428571428571
602,603,diag_2,428,56,7,12.5,2,5,2,3.571428571428571
603,604,diag_1,428,56,0,0.0,2,0,0,0.0
603,604,diag_2,428,56,4,7.142857142857142,2,2,2,3.571428571428571
604,605,diag_1,428,56,1,1.7857142857142856,2,0,1,1.7857142857142856
604,605,diag_2,428,56,5,8.928571428571429,2,3,2,3.571428571428571
605,606,diag_1,428,56,5,8.928571428571429,2,3,2,3.571428571428571
605,606,diag_2,428,56,2,3.571428571428571,2,0,2,3.571428571428571
606,607,diag_1,428,56,3,5.357142857142857,2,1,2,3.571428571428571
606,607,diag_2,428,56,4,7.142857142857142,2,2,2,3.571428571428571
607,608,diag_1,428,56,7,12.5,2,5,2,3.571428571428571
607,608,diag_2,428,56,3,5.357142857142857,2,1,2,3.571428571428571
608,609,diag_1,428,56,5,8.928571428571429,2,3,2,3.571428571428571
608,609,diag_2,428,56,1,1.7857142857142856,2,0,1,1.7857142857142856
609,610,diag_1,428,56,6,10.714285714285714,2,4,2,3.571428571428571
609,610,diag_2,428,56,5,8.928571428571429,2,3,2,3.571428571428571
610,611,diag_1,428,56,2,3.571428571428571,2,0,2,3.571428571428571
610,611,diag_2,428,56,5,8.928571428571429,2,3,2,3.571428571428571
611,612,diag_1,428,56,4,7.142857142857142,2,2,2,3.571428571428571
611,612,diag_2,428,56,6,10.714285714285714,2,4,2,3.571428571428571
612,613,diag_1,428,56,3,5.357142857142857,2,1,2,3.571428571428571
612,613,diag_2,428,56,1,1.7857142857142856,2,0,1,1.7857142857142856
613,614,diag_1,428,56,3,5.357142857142857,2,1,2,3.571428571428571
613,614,diag_2,428,56,3,5.357142857142857,2,1,2,3.571428571428571
614,615,diag_1,428,56,1,1.7857142857142856,2,0,1,1.7857142857142856
614,615,diag_2,428,56,3,5.357142857142857,2,1,2,3.571428571428571
615,616,diag_1,428,56,4,7.142857142857142,2,2,2,3.571428571428571
615,616,diag_2,428,56,1,1.7857142857142856,2,0,1,1.7857142857142856
616,617,diag_1,428,56,1,1.7857142857142856,2,0,1,1.7857142857142856
616,617,diag_2,428,56,5,8.928571428571429,2,3,2,3.571428571428571
617,618,diag_1,428,56,6,10.714285714285714,2,4,2,3.571428571428571
617,618,diag_2,428,56,6,10.714285714285714,2,4,2,3.571428571428571
618,619,diag_1,428,56,2,3.571428571428571,2,0,2,3.571428571428571
618,619,diag_2,428,56,3,5.357142857142857,2,1,2,3.571428571428571
619,620,diag_1,428,56,5,8.928571428571429,2,3,2,3.571428571428571
619,620,diag_2,428,56,3,5.357142857142857,2,1,2,3.571428571428571
620,621,diag_1,428,56,4,7.142857142857142,2,2,2,3.571428571428571
620,621,diag_2,428,56,3,5.357142857142857,2,1,2,3.571428571428571
621,622,diag_1,428,56,4,7.142857142857142,2,2,2,3.571428571428571
621,622,diag_2,428,56,5,8.928571428571429,2,3,2,3.571428571428571
622,623,diag_1,428,56,5,8.928571428571429,2,3,2,3.571428571428571
622,623,diag_2,428,56,5,8.928571428571429,2,3,2,3.571428571428571
623,624,diag_1,428,56,5,8.928571428571429,2,3,2,3.571428571428571
623,624,diag_2,428,56,3,5.357142857142857,2,1,2,3.571428571428571
624,625,diag_1,428,56,4,7.142857142857142,2,2,2,3.571428571428571
624,625,diag_2,428,56,7,12.5,2,5,2,3.571428571428571
625,626,diag_1,428,56,5,8.928571428571429,2,3,2,3.571428571428571
625,626,diag_2,428,56,5,8.928571428571429,2,3,2,3.571428571428571
626,627,diag_1,428,56,3,5.357142857142857,2,1,2,3.571428571428571
626,627,diag_2,428,56,5,8.928571428571429,2,3,2,3.571428571428571
627,628,diag_1,428,56,3,5.357142857142857,2,1,2,3.571428571428571
627,628,diag_2,428,56,8,14.285714285714285,2,6,2,3.571428571428571
628,629,diag_1,428,56,6,10.714285714285714,2,4,2,3.571428571428571
628,629,diag_2,428,56,6,10.714285714285714,2,4,2,3.571428571428571
629,630,diag_1,428,56,5,8.928571428571429,2,3,2,3.571428571428571
629,630,diag_2,428,56,6,10.714285714285714,2,4,2,3.571428571428571
630,631,diag_1,428,56,3,5.357142857142857,2,1,2,3.571428571428571
630,631,diag_2,428,56,3,5.357142857142857,2,1,2,3.571428571428571
631,632,diag_1,428,56,1,1.7857142857142856,2,0,1,1.7857142857142856
631,632,diag_2,428,56,5,8.928571428571429,2,3,2,3.571428571428571
632,633,diag_1,428,56,7,12.5,2,5,2,3.571428571428571
632,633,diag_2,428,56,3,5.357142857142857,2,1,2,3.571428571428571
633,634,diag_1,428,56,4,7.142857142857142,2,2,2,3.571428571428571
633,634,diag_2,428,56,2,3.571428571428571,2,0,2,3.571428571428571
634,635,diag_1,428,56,5,8.928571428571429,2,3,2,3.571428571428571
634,635,diag_2,428,56,6,10.714285714285714,2,4,2,3.571428571428571
635,636,diag_1,428,56,2,3.571428571428571,2,0,2,3.571428571428571
635,636,diag_2,428,56,6,10.714285714285714,2,4,2,3.571428571428571
636,637,diag_1,428,56,4,7.142857142857142,2,2,2,3.571428571428571
636,637,diag_2,428,56,2,3.571428571428571,2,0,2,3.571428571428571
637,638,diag_1,428,56,3,5.357142857142857,2,1,2,3.571428571428571
637,638,diag_2,428,56,4,7.142857142857142,2,2,2,3.571428571428571
638,639,diag_1,428,56,3,5.357142857142857,2,1,2,3.571428571428571
638,639,diag_2,428,56,4,7.142857142857142,2,2,2,3.571428571428571
639,640,diag_1,428,56,2,3.571428571428571,2,0,2,3.571428571428571
639,640,diag_2,428,56,7,12.5,2,5,2,3.571428571428571
640,641,diag_1,428,56,1,1.7857142857142856,2,0,1,1.7857142857142856
640,641,diag_2,428,56,2,3.571428571428571,2,0,2,3.571428571428571
641,642,diag_1,428,56,5,8.928571428571429,2,3,2,3.571428571428571
641,642,diag_2,428,56,4,7.142857142857142,2,2,2,3.571428571428571
642,643,diag_1,428,56,4,7.142857142857142,2,2,2,3.571428571428571
642,643,diag_2,428,56,7,12.5,2,5,2,3.571428571428571
643,644,diag_1,428,56,9,16.071428571428573,2,7,2,3.571428571428571
643,644,diag_2,428,56,3,5.357142857142857,2,1,2,3.571428571428571
644,645,diag_1,428,56,7,12.5,2,5,2,3.571428571428571
644,645,diag_2,428,56,7,12.5,2,5,2,3.571428571428571
645,646,diag_1,428,56,6,10.714285714285714,2,4,2,3.571428571428571
645,646,diag_2,428,56,4,7.142857142857142,2,2,2,3.571428571428571
646,647,diag_1,428,56,1,1.7857142857142856,2,0,1,1.7857142857142856
646,647,diag_2,428,56,7,12.5,2,5,2,3.571428571428571
647,648,diag_1,428,56,6,10.714285714285714,2,4,2,3.571428571428571
647,648,diag_2,428,56,7,12.5,2,5,2,3.571428571428571
648,649,diag_1,428,56,1,1.7857142857142856,2,0,1,1.7857142857142856
648,649,diag_2,428,56,4,7.142857142857142,2,2,2,3.571428571428571
649,650,diag_1,428,56,4,7.142857142857142,2,2,2,3.571428571428571
649,650,diag_2,428,56,8,14.285714285714285,2,6,2,3.571428571428571
650,651,diag_1,428,56,4,7.142857142857142,2,2,2,3.571428571428571
650,651,diag_2,428,56,3,5.357142857142857,2,1,2,3.571428571428571
651,652,diag_1,428,56,3,5.357142857142857,2,1,2,3.571428571428571
651,652,diag_2,428,56,2,3.571428571428571,2,0,2,3.571428571428571
652,653,diag_1,428,56,6,10.714285714285714,2,4,2,3.571428571428571
652,653,diag_2,428,56,3,5.357142857142857,2,1,2,3.571428571428571
653,654,diag_1,428,56,3,5.357142857142857,2,1,2,3.571428571428571
653,654,diag_2,428,56,2,3.571428571428571,2,0,2,3.571428571428571
654,655,diag_1,428,56,5,8.928571428571429,2,3,2,3.571428571428571
654,655,diag_2,428,56,3,5.357142857142857,2,1,2,3.571428571428571
655,656,diag_1,428,56,2,3.571428571428571,2,0,2,3.571428571428571
655,656,diag_2,428,56,3,5.357142857142857,2,1,2,3.571428571428571
656,657,diag_1,428,56,3,5.357142857142857,2,1,2,3.571428571428571
656,657,diag_2,428,56,9,16.071428571428573,2,7,2,3.571428571428571
657,658,diag_1,428,56,6,10.714285714285714,2,4,2,3.571428571428571
657,658,diag_2,428,56,8,14.285714285714285,2,6,2,3.571428571428571
658,659,diag_1,428,56,3,5.357142857142857,2,1,2,3.571428571428571
658,659,diag_2,428,56,8,14.285714285714285,2,6,2,3.571428571428571
659,660,diag_1,428,56,3,5.357142857142857,2,1,2,3.571428571428571
659,660,diag_2,428,56,2,3.571428571428571,2,0,2,3.571428571428571
660,661,diag_1,428,56,2,3.571428571428571,2,0,2,3.571428571428571
660,661,diag_2,428,56,6,10.714285714285714,2,4,2,3.571428571428571
661,662,diag_1,428,56,4,7.142857142857142,2,2,2,3.571428571428571
661,662,diag_2,428,56,5,8.928571428571429,2,3,2,3.571428571428571
662,663,diag_1,428,56,8,14.285714285714285,2,6,2,3.571428571428571
662,663,diag_2,428,56,4,7.142857142857142,2,2,2,3.571428571428571
663,664,diag_1,428,56,4,7.142857142857142,2,2,2,3.571428571428571
663,664,diag_2,428,56,4,7.142857142857142,2,2,2,3.571428571428571
664,665,diag_1,428,56,6,10.714285714285714,2,4,2,3.571428571428571
664,665,diag_2,428,56,4,7.142857142857142,2,2,2,3.571428571428571
665,666,diag_1,428,56,5,8.928571428571429,2,3,2,3.571428571428571
665,666,diag_2,428,56,2,3.571428571428571,2,0,2,3.571428571428571
666,667,diag_1,428,56,2,3.571428571428571,2,0,2,3.571428571428571
666,667,diag_2,428,56,4,7.142857142857142,2,2,2,3.571428571428571
667,668,diag_1,428,56,3,5.357142857142857,2,1,2,3.571428571428571
667,668,diag_2,428,56,2,3.571428571428571,2,0,2,3.571428571428571
668,669,diag_1,428,56,3,5.357142857142857,2,1,2,3.571428571428571
668,669,diag_2,428,56,5,8.928571428571429,2,3,2,3.571428571428571
669,670,diag_1,428,56,7,12.5,2,5,2,3.571428571428571
669,670,diag_2,428,56,4,7.142857142857142,2,2,2,3.571428571428571
670,671,diag_1,428,56,2,3.571428571428571,2,0,2,3.571428571428571
670,671,diag_2,428,56,6,10.714285714285714,2,4,2,3.571428571428571
671,672,diag_1,428,56,3,5.357142857142857,2,1,2,3.571428571428571
671,672,diag_2,428,56,2,3.571428571428571,2,0,2,3.571428571428571
672,673,diag_1,428,56,4,7.142857142857142,2,2,2,3.571428571428571
672,673,diag_2,428,56,4,7.142857142857142,2,2,2,3.571428571428571
673,674,diag_1,428,56,9,16.071428571428573,2,7,2,3.571428571428571
673,674,diag_2,428,56,5,8.928571428571429,2,3,2,3.571428571428571
674,675,diag_1,428,56,1,1.7857142857142856,2,0,1,1.7857142857142856
674,675,diag_2,428,56,4,7.142857142857142,2,2,2,3.571428571428571
675,676,diag_1,428,56,3,5.357142857142857,2,1,2,3.571428571428571
675,676,diag_2,428,56,4,7.142857142857142,2,2,2,3.571428571428571
676,677,diag_1,428,56,5,8.928571428571429,2,3,2,3.571428571428571
676,677,diag_2,428,56,7,12.5,2,5,2,3.571428571428571
677,678,diag_1,428,56,6,10.714285714285714,2,4,2,3.571428571428571
677,678,diag_2,428,56,5,8.928571428571429,2,3,2,3.571428571428571
678,679,diag_1,428,56,3,5.357142857142857,2,1,2,3.571428571428571
678,679,diag_2,428,56,2,3.571428571428571,2,0,2,3.571428571428571
679,680,diag_1,428,56,2,3.571428571428571,2,0,2,3.571428571428571
679,680,diag_2,428,56,0,0.0,2,0,0,0.0
680,681,diag_1,428,56,5,8.928571428571429,2,3,2,3.571428571428571
680,681,diag_2,428,56,5,8.928571428571429,2,3,2,3.571428571428571
681,682,diag_1,428,56,2,3.571428571428571,2,0,2,3.571428571428571
681,682,diag_2,428,56,1,1.7857142857142856,2,0,1,1.7857142857142856
682,683,diag_1,428,56,4,7.142857142857142,2,2,2,3.571428571428571
682,683,diag_2,428,56,2,3.571428571428571,2,0,2,3.571428571428571
683,684,diag_1,428,56,2,3.571428571428571,2,0,2,3.571428571428571
683,684,diag_2,428,56,5,8.928571428571429,2,3,2,3.571428571428571
684,685,diag_1,428,56,3,5.357142857142857,2,1,2,3.571428571428571
684,685,diag_2,428,56,2,3.571428571428571,2,0,2,3.571428571428571
685,686,diag_1,428,56,3,5.357142857142857,2,1,2,3.571428571428571
685,686,diag_2,428,56,7,12.5,2,5,2,3.571428571428571
686,687,diag_1,428,56,7,12.5,2,5,2,3.571428571428571
686,687,diag_2,428,56,5,8.928571428571429,2,3,2,3.571428571428571
687,688,diag_1,428,56,4,7.142857142857142,2,2,2,3.571428571428571
687,688,diag_2,428,56,7,12.5,2,5,2,3.571428571428571
688,689,diag_1,428,56,4,7.142857142857142,2,2,2,3.571428571428571
688,689,diag_2,428,56,6,10.714285714285714,2,4,2,3.571428571428571
689,690,diag_1,428,56,5,8.928571428571429,2,3,2,3.571428571428571
689,690,diag_2,428,56,1,1.7857142857142856,2,0,1,1.7857142857142856
690,691,diag_1,428,56,2,3.571428571428571,2,0,2,3.571428571428571
690,691,diag_2,428,56,5,8.928571428571429,2,3,2,3.571428571428571
691,692,diag_1,428,56,5,8.928571428571429,2,3,2,3.571428571428571
691,692,diag_2,428,56,4,7.142857142857142,2,2,2,3.571428571428571
692,693,diag_1,428,56,1,1.7857142857142856,2,0,1,1.7857142857142856
692,693,diag_2,428,56,2,3.571428571428571,2,0,2,3.571428571428571
693,694,diag_1,428,56,4,7.142857142857142,2,2,2,3.571428571428571
693,694,diag_2,428,56,6,10.714285714285714,2,4,2,3.571428571428571
694,695,diag_1,428,56,3,5.357142857142857,2,1,2,3.571428571428571
694,695,diag_2,428,56,3,5.357142857142857,2,1,2,3.571428571428571
695,696,diag_1,428,56,4,7.142857142857142,2,2,2,3.571428571428571
695,696,diag_2,428,56,6,10.714285714285714,2,4,2,3.571428571428571
696,697,diag_1,428,56,4,7.142857142857142,2,2,2,3.571428571428571
696,697,diag_2,428,56,5,8.928571428571429,2,3,2,3.571428571428571
697,698,diag_1,428,56,1,1.7857142857142856,2,0,1,1.7857142857142856
697,698,diag_2,428,56,4,7.142857142857142,2,2,2,3.571428571428571
698,699,diag_1,428,56,2,3.571428571428571,2,0,2,3.571428571428571
698,699,diag_2,428,56,4,7.142857142857142,2,2,2,3.571428571428571
699,700,diag_1,428,56,4,7.142857142857142,2,2,2,3.571428571428571
699,700,diag_2,428,56,3,5.357142857142857,2,1,2,3.571428571428571
700,701,diag_1,428,56,4,7.142857142857142,2,2,2,3.571428571428571
700,701,diag_2,428,56,4,7.142857142857142,2,2,2,3.571428571428571
701,702,diag_1,428,56,4,7.142857142857142,2,2,2,3.571428571428571
701,702,diag_2,428,56,6,10.714285714285714,2,4,2,3.571428571428571
702,703,diag_1,428,56,3,5.357142857142857,2,1,2,3.571428571428571
702,703,diag_2,428,56,4,7.142857142857142,2,2,2,3.571428571428571
703,704,diag_1,428,56,2,3.571428571428571,2,0,2,3.571428571428571
703,704,diag_2,428,56,3,5.357142857142857,2,1,2,3.571428571428571
704,705,diag_1,428,56,6,10.714285714285714,2,4,2,3.571428571428571
704,705,diag_2,428,56,6,10.714285714285714,2,4,2,3.571428571428571
705,706,diag_1,428,56,4,7.142857142857142,2,2,2,3.571428571428571
705,706,diag_2,428,56,2,3.571428571428571,2,0,2,3.571428571428571
706,707,diag_1,428,56,1,1.7857142857142856,2,0,1,1.7857142857142856
706,707,diag_2,428,56,3,5.357142857142857,2,1,2,3.571428571428571
707,708,diag_1,428,56,4,7.142857142857142,2,2,2,3.571428571428571
707,708,diag_2,428,56,2,3.571428571428571,2,0,2,3.571428571428571
708,709,diag_1,428,56,3,5.357142857142857,2,1,2,3.571428571428571
708,709,diag_2,428,56,8,14.285714285714285,2,6,2,3.571428571428571
709,710,diag_1,428,56,4,7.142857142857142,2,2,2,3.571428571428571
709,710,diag_2,428,56,3,5.357142857142857,2,1,2,3.571428571428571
710,711,diag_1,428,56,7,12.5,2,5,2,3.571428571428571
710,711,diag_2,428,56,4,7.142857142857142,2,2,2,3.571428571428571
711,712,diag_1,428,56,2,3.571428571428571,2,0,2,3.571428571428571
711,712,diag_2,428,56,0,0.0,2,0,0,0.0
712,713,diag_1,428,56,2,3.571428571428571,2,0,2,3.571428571428571
712,713,diag_2,428,56,3,5.357142857142857,2,1,2,3.571428571428571
713,714,diag_1,428,56,4,7.142857142857142,2,2,2,3.571428571428571
713,714,diag_2,428,56,4,7.142857142857142,2,2,2,3.571428571428571
714,715,diag_1,428,56,7,12.5,2,5,2,3.571428571428571
714,715,diag_2,428,56,6,10.714285714285714,2,4,2,3.571428571428571
715,716,diag_1,428,56,5,8.928571428571429,2,3,2,3.571428571428571
715,716,diag_2,428,56,3,5.357142857142857,2,1,2,3.571428571428571
716,717,diag_1,428,56,4,7.142857142857142,2,2,2,3.571428571428571
716,717,diag_2,428,56,6,10.714285714285714,2,4,2,3.571428571428571
717,718,diag_1,428,56,4,7.142857142857142,2,2,2,3.571428571428571
717,718,diag_2,428,56,4,7.142857142857142,2,2,2,3.571428571428571
718,719,diag_1,428,56,3,5.357142857142857,2,1,2,3.571428571428571
718,719,diag_2,428,56,3,5.357142857142857,2,1,2,3.571428571428571
719,720,diag_1,428,56,1,1.7857142857142856,2,0,1,1.7857142857142856
719,720,diag_2,428,56,2,3.571428571428571,2,0,2,3.571428571428571
720,721,diag_1,428,56,4,7.142857142857142,2,2,2,3.571428571428571
720,721,diag_2,428,56,5,8.928571428571429,2,3,2,3.571428571428571
721,722,diag_1,428,56,5,8.928571428571429,2,3,2,3.571428571428571
721,722,diag_2,428,56,3,5.357142857142857,2,1,2,3.571428571428571
722,723,diag_1,428,56,4,7.142857142857142,2,2,2,3.571428571428571
722,723,diag_2,428,56,3,5.357142857142857,2,1,2,3.571428571428571
723,724,diag_1,428,56,4,7.142857142857142,2,2,2,3.571428571428571
723,724,diag_2,428,56,8,14.285714285714285,2,6,2,3.571428571428571
724,725,diag_1,428,56,1,1.7857142857142856,2,0,1,1.7857142857142856
724,725,diag_2,428,56,3,5.357142857142857,2,1,2,3.571428571428571
725,726,diag_1,428,56,4,7.142857142857142,2,2,2,3.571428571428571
725,726,diag_2,428,56,1,1.7857142857142856,2,0,1,1.7857142857142856
726,727,diag_1,428,56,3,5.357142857142857,2,1,2,3.571428571428571
726,727,diag_2,428,56,1,1.7857142857142856,2,0,1,1.7857142857142856
727,728,diag_1,428,56,5,8.928571428571429,2,3,2,3.571428571428571
727,728,diag_2,428,56,4,7.142857142857142,2,2,2,3.571428571428571
728,729,diag_1,428,56,4,7.142857142857142,2,2,2,3.571428571428571
728,729,diag_2,428,56,4,7.142857142857142,2,2,2,3.571428571428571
729,730,diag_1,428,56,3,5.357142857142857,2,1,2,3.571428571428571
729,730,diag_2,428,56,7,12.5,2,5,2,3.571428571428571
730,731,diag_1,428,56,5,8.928571428571429,2,3,2,3.571428571428571
730,731,diag_2,428,56,10,17.857142857142858,2,8,2,3.571428571428571
731,732,diag_1,428,56,11,19.642857142857142,2,9,2,3.571428571428571
731,732,diag_2,428,56,3,5.357142857142857,2,1,2,3.571428571428571
732,733,diag_1,428,56,5,8.928571428571429,2,3,2,3.571428571428571
732,733,diag_2,428,56,6,10.714285714285714,2,4,2,3.571428571428571
733,734,diag_1,428,56,1,1.7857142857142856,2,0,1,1.7857142857142856
733,734,diag_2,428,56,1,1.7857142857142856,2,0,1,1.7857142857142856
734,735,diag_1,428,56,5,8.928571428571429,2,3,2,3.571428571428571
734,735,diag_2,428,56,5,8.928571428571429,2,3,2,3.571428571428571
735,736,diag_1,428,56,2,3.571428571428571,2,0,2,3.571428571428571
735,736,diag_2,428,56,2,3.571428571428571,2,0,2,3.571428571428571
736,737,diag_1,428,56,3,5.357142857142857,2,1,2,3.571428571428571
736,737,diag_2,428,56,4,7.142857142857142,2,2,2,3.571428571428571
737,738,diag_1,428,56,1,1.7857142857142856,2,0,1,1.7857142857142856
737,738,diag_2,428,56,5,8.928571428571429,2,3,2,3.571428571428571
738,739,diag_1,428,56,5,8.928571428571429,2,3,2,3.571428571428571
738,739,diag_2,428,56,3,5.357142857142857,2,1,2,3.571428571428571
739,740,diag_1,428,56,2,3.571428571428571,2,0,2,3.571428571428571
739,740,diag_2,428,56,6,10.714285714285714,2,4,2,3.571428571428571
740,741,diag_1,428,56,3,5.357142857142857,2,1,2,3.571428571428571
740,741,diag_2,428,56,6,10.714285714285714,2,4,2,3.571428571428571
741,742,diag_1,428,56,6,10.714285714285714,2,4,2,3.571428571428571
741,742,diag_2,428,56,0,0.0,2,0,0,0.0
742,743,diag_1,428,56,3,5.357142857142857,2,1,2,3.571428571428571
742,743,diag_2,428,56,4,7.142857142857142,2,2,2,3.571428571428571
743,744,diag_1,428,56,5,8.928571428571429,2,3,2,3.571428571428571
743,744,diag_2,428,56,3,5.357142857142857,2,1,2,3.571428571428571
744,745,diag_1,428,56,1,1.7857142857142856,2,0,1,1.7857142857142856
744,745,diag_2,428,56,6,10.714285714285714,2,4,2,3.571428571428571
745,746,diag_1,428,56,6,10.714285714285714,2,4,2,3.571428571428571
745,746,diag_2,428,56,6,10.714285714285714,2,4,2,3.571428571428571
746,747,diag_1,428,56,3,5.357142857142857,2,1,2,3.571428571428571
746,747,diag_2,428,56,1,1.7857142857142856,2,0,1,1.7857142857142856
747,748,diag_1,428,56,4,7.142857142857142,2,2,2,3.571428571428571
747,748,diag_2,428,56,1,1.7857142857142856,2,0,1,1.7857142857142856
748,749,diag_1,428,56,5,8.928571428571429,2,3,2,3.571428571428571
748,749,diag_2,428,56,4,7.142857142857142,2,2,2,3.571428571428571
749,750,diag_1,428,56,4,7.142857142857142,2,2,2,3.571428571428571
749,750,diag_2,428,56,5,8.928571428571429,2,3,2,3.571428571428571
750,751,diag_1,428,56,4,7.142857142857142,2,2,2,3.571428571428571
750,751,diag_2,428,56,2,3.571428571428571,2,0,2,3.571428571428571
751,752,diag_1,428,56,4,7.142857142857142,2,2,2,3.571428571428571
751,752,diag_2,428,56,3,5.357142857142857,2,1,2,3.571428571428571
752,753,diag_1,428,56,3,5.357142857142857,2,1,2,3.571428571428571
752,753,diag_2,428,56,4,7.142857142857142,2,2,2,3.571428571428571
753,754,diag_1,428,56,3,5.357142857142857,2,1,2,3.571428571428571
753,754,diag_2,428,56,1,1.7857142857142856,2,0,1,1.7857142857142856
754,755,diag_1,428,56,4,7.142857142857142,2,2,2,3.571428571428571
754,755,diag_2,428,56,7,12.5,2,5,2,3.571428571428571
755,756,diag_1,428,56,9,16.071428571428573,2,7,2,3.571428571428571
755,756,diag_2,428,56,2,3.571428571428571,2,0,2,3.571428571428571
756,757,diag_1,428,56,5,8.928571428571429,2,3,2,3.571428571428571
756,757,diag_2,428,56,3,5.357142857142857,2,1,2,3.571428571428571
757,758,diag_1,428,56,8,14.285714285714285,2,6,2,3.571428571428571
757,758,diag_2,428,56,4,7.142857142857142,2,2,2,3.571428571428571
758,759,diag_1,428,56,4,7.142857142857142,2,2,2,3.571428571428571
758,759,diag_2,428,56,5,8.928571428571429,2,3,2,3.571428571428571
759,760,diag_1,428,56,4,7.142857142857142,2,2,2,3.571428571428571
759,760,diag_2,428,56,2,3.571428571428571,2,0,2,3.571428571428571
760,761,diag_1,428,56,7,12.5,2,5,2,3.571428571428571
760,761,diag_2,428,56,3,5.357142857142857,2,1,2,3.571428571428571
761,762,diag_1,428,56,5,8.928571428571429,2,3,2,3.571428571428571
761,762,diag_2,428,56,3,5.357142857142857,2,1,2,3.571428571428571
762,763,diag_1,428,56,3,5.357142857142857,2,1,2,3.571428571428571
762,763,diag_2,428,56,1,1.7857142857142856,2,0,1,1.7857142857142856
763,764,diag_1,428,56,7,12.5,2,5,2,3.571428571428571
763,764,diag_2,428,56,1,1.7857142857142856,2,0,1,1.7857142857142856
764,765,diag_1,428,56,2,3.571428571428571,2,0,2,3.571428571428571
764,765,diag_2,428,56,3,5.357142857142857,2,1,2,3.571428571428571
765,766,diag_1,428,56,6,10.714285714285714,2,4,2,3.571428571428571
765,766,diag_2,428,56,6,10.714285714285714,2,4,2,3.571428571428571
766,767,diag_1,428,56,3,5.357142857142857,2,1,2,3.571428571428571
766,767,diag_2,428,56,5,8.928571428571429,2,3,2,3.571428571428571
767,768,diag_1,428,56,5,8.928571428571429,2,3,2,3.571428571428571
767,768,diag_2,428,56,1,1.7857142857142856,2,0,1,1.7857142857142856
768,769,diag_1,428,56,1,1.7857142857142856,2,0,1,1.7857142857142856
768,769,diag_2,428,56,2,3.571428571428571,2,0,2,3.571428571428571
769,770,diag_1,428,56,3,5.357142857142857,2,1,2,3.571428571428571
769,770,diag_2,428,56,3,5.357142857142857,2,1,2,3.571428571428571
770,771,diag_1,428,56,3,5.357142857142857,2,1,2,3.571428571428571
770,771,diag_2,428,56,3,5.357142857142857,2,1,2,3.571428571428571
771,772,diag_1,428,56,5,8.928571428571429,2,3,2,3.571428571428571
771,772,diag_2,428,56,5,8.928571428571429,2,3,2,3.571428571428571
772,773,diag_1,428,56,6,10.714285714285714,2,4,2,3.571428571428571
772,773,diag_2,428,56,4,7.142857142857142,2,2,2,3.571428571428571
773,774,diag_1,428,56,5,8.928571428571429,2,3,2,3.571428571428571
773,774,diag_2,428,56,2,3.571428571428571,2,0,2,3.571428571428571
774,775,diag_1,428,56,2,3.571428571428571,2,0,2,3.571428571428571
774,775,diag_2,428,56,2,3.571428571428571,2,0,2,3.571428571428571
775,776,diag_1,428,56,2,3.571428571428571,2,0,2,3.571428571428571
775,776,diag_2,428,56,2,3.571428571428571,2,0,2,3.571428571428571
776,777,diag_1,428,56,2,3.571428571428571,2,0,2,3.571428571428571
776,777,diag_2,428,56,3,5.357142857142857,2,1,2,3.571428571428571
777,778,diag_1,428,56,3,5.357142857142857,2,1,2,3.571428571428571
777,778,diag_2,428,56,3,5.357142857142857,2,1,2,3.571428571428571
778,779,diag_1,428,56,2,3.571428571428571,2,0,2,3.571428571428571
778,779,diag_2,428,56,7,12.5,2,5,2,3.571428571428571
779,780,diag_1,428,56,1,1.7857142857142856,2,0,1,1.7857142857142856
779,780,diag_2,428,56,4,7.142857142857142,2,2,2,3.571428571428571
780,781,diag_1,428,56,2,3.571428571428571,2,0,2,3.571428571428571
780,781,diag_2,428,56,4,7.142857142857142,2,2,2,3.571428571428571
781,782,diag_1,428,56,5,8.928571428571429,2,3,2,3.571428571428571
781,782,diag_2,428,56,3,5.357142857142857,2,1,2,3.571428571428571
782,783,diag_1,428,56,4,7.142857142857142,2,2,2,3.571428571428571
782,783,diag_2,428,56,1,1.7857142857142856,2,0,1,1.7857142857142856
783,784,diag_1,428,56,2,3.571428571428571,2,0,2,3.571428571428571
783,784,diag_2,428,56,4,7.142857142857142,2,2,2,3.571428571428571
784,785,diag_1,428,56,2,3.571428571428571,2,0,2,3.571428571428571
784,785,diag_2,428,56,4,7.142857142857142,2,2,2,3.571428571428571
785,786,diag_1,428,56,4,7.142857142857142,2,2,2,3.571428571428571
785,786,diag_2,428,56,1,1.7857142857142856,2,0,1,1.7857142857142856
786,787,diag_1,428,56,2,3.571428571428571,2,0,2,3.571428571428571
786,787,diag_2,428,56,3,5.357142857142857,2,1,2,3.571428571428571
787,788,diag_1,428,56,7,12.5,2,5,2,3.571428571428571
787,788,diag_2,428,56,3,5.357142857142857,2,1,2,3.571428571428571
788,789,diag_1,428,56,4,7.142857142857142,2,2,2,3.571428571428571
788,789,diag_2,428,56,5,8.928571428571429,2,3,2,3.571428571428571
789,790,diag_1,428,56,3,5.357142857142857,2,1,2,3.571428571428571
789,790,diag_2,428,56,3,5.357142857142857,2,1,2,3.571428571428571
790,791,diag_1,428,56,5,8.928571428571429,2,3,2,3.571428571428571
790,791,diag_2,428,56,5,8.928571428571429,2,3,2,3.571428571428571
791,792,diag_1,428,56,4,7.142857142857142,2,2,2,3.571428571428571
791,792,diag_2,428,56,3,5.357142857142857,2,1,2,3.571428571428571
792,793,diag_1,428,56,3,5.357142857142857,2,1,2,3.571428571428571
792,793,diag_2,428,56,2,3.571428571428571,2,0,2,3.571428571428571
793,794,diag_1,428,56,2,3.571428571428571,2,0,2,3.571428571428571
793,794,diag_2,428,56,3,5.357142857142857,2,1,2,3.571428571428571
794,795,diag_1,428,56,5,8.928571428571429,2,3,2,3.571428571428571
794,795,diag_2,428,56,5,8.928571428571429,2,3,2,3.571428571428571
795,796,diag_1,428,56,6,10.714285714285714,2,4,2,3.571428571428571
795,796,diag_2,428,56,4,7.142857142857142,2,2,2,3.571428571428571
796,797,diag_1,428,56,5,8.928571428571429,2,3,2,3.571428571428571
796,797,diag_2,428,56,4,7.142857142857142,2,2,2,3.571428571428571
797,798,diag_1,428,56,3,5.357142857142857,2,1,2,3.571428571428571
797,798,diag_2,428,56,1,1.7857142857142856,2,0,1,1.7857142857142856
798,799,diag_1,428,56,1,1.7857142857142856,2,0,1,1.7857142857142856
798,799,diag_2,428,56,6,10.714285714285714,2,4,2,3.571428571428571
799,800,diag_1,428,56,5,8.928571428571429,2,3,2,3.571428571428571
799,800,diag_2,428,56,6,10.714285714285714,2,4,2,3.571428571428571
800,801,diag_1,428,56,3,5.357142857142857,2,1,2,3.571428571428571
800,801,diag_2,428,56,2,3.571428571428571,2,0,2,3.571428571428571
801,802,diag_1,428,56,5,8.928571428571429,2,3,2,3.571428571428571
801,802,diag_2,428,56,4,7.142857142857142,2,2,2,3.571428571428571
802,803,diag_1,428,56,6,10.714285714285714,2,4,2,3.571428571428571
802,803,diag_2,428,56,4,7.142857142857142,2,2,2,3.571428571428571
803,804,diag_1,428,56,2,3.571428571428571,2,0,2,3.571428571428571
803,804,diag_2,428,56,3,5.357142857142857,2,1,2,3.571428571428571
804,805,diag_1,428,56,3,5.357142857142857,2,1,2,3.571428571428571
804,805,diag_2,428,56,3,5.357142857142857,2,1,2,3.571428571428571
805,806,diag_1,428,56,3,5.357142857142857,2,1,2,3.571428571428571
805,806,diag_2,428,56,3,5.357142857142857,2,1,2,3.571428571428571
806,807,diag_1,428,56,3,5.357142857142857,2,1,2,3.571428571428571
806,807,diag_2,428,56,7,12.5,2,5,2,3.571428571428571
807,808,diag_1,428,56,2,3.571428571428571,2,0,2,3.571428571428571
807,808,diag_2,428,56,1,1.7857142857142856,2,0,1,1.7857142857142856
808,809,diag_1,428,56,4,7.142857142857142,2,2,2,3.571428571428571
808,809,diag_2,428,56,6,10.714285714285714,2,4,2,3.571428571428571
809,810,diag_1,428,56,4,7.142857142857142,2,2,2,3.571428571428571
809,810,diag_2,428,56,6,10.714285714285714,2,4,2,3.571428571428571
810,811,diag_1,428,56,5,8.928571428571429,2,3,2,3.571428571428571
810,811,diag_2,428,56,2,3.571428571428571,2,0,2,3.571428571428571
811,812,diag_1,428,56,5,8.928571428571429,2,3,2,3.571428571428571
811,812,diag_2,428,56,5,8.928571428571429,2,3,2,3.571428571428571
812,813,diag_1,428,56,4,7.142857142857142,2,2,2,3.571428571428571
812,813,diag_2,428,56,4,7.142857142857142,2,2,2,3.571428571428571
813,814,diag_1,428,56,6,10.714285714285714,2,4,2,3.571428571428571
813,814,diag_2,428,56,1,1.7857142857142856,2,0,1,1.7857142857142856
814,815,diag_1,428,56,6,10.714285714285714,2,4,2,3.571428571428571
814,815,diag_2,428,56,1,1.7857142857142856,2,0,1,1.7857142857142856
815,816,diag_1,428,56,2,3.571428571428571,2,0,2,3.571428571428571
815,816,diag_2,428,56,6,10.714285714285714,2,4,2,3.571428571428571
816,817,diag_1,428,56,2,3.571428571428571,2,0,2,3.571428571428571
816,817,diag_2,428,56,3,5.357142857142857,2,1,2,3.571428571428571
817,818,diag_1,428,56,7,12.5,2,5,2,3.571428571428571
817,818,diag_2,428,56,6,10.714285714285714,2,4,2,3.571428571428571
818,819,diag_1,428,56,4,7.142857142857142,2,2,2,3.571428571428571
818,819,diag_2,428,56,4,7.142857142857142,2,2,2,3.571428571428571
819,820,diag_1,428,56,3,5.357142857142857,2,1,2,3.571428571428571
819,820,diag_2,428,56,4,7.142857142857142,2,2,2,3.571428571428571
820,821,diag_1,428,56,3,5.357142857142857,2,1,2,3.571428571428571
820,821,diag_2,428,56,4,7.142857142857142,2,2,2,3.571428571428571
821,822,diag_1,428,56,8,14.285714285714285,2,6,2,3.571428571428571
821,822,diag_2,428,56,3,5.357142857142857,2,1,2,3.571428571428571
822,823,diag_1,428,56,2,3.571428571428571,2,0,2,3.571428571428571
822,823,diag_2,428,56,6,10.714285714285714,2,4,2,3.571428571428571
823,824,diag_1,428,56,2,3.571428571428571,2,0,2,3.571428571428571
823,824,diag_2,428,56,6,10.714285714285714,2,4,2,3.571428571428571
824,825,diag_1,428,56,2,3.571428571428571,2,0,2,3.571428571428571
824,825,diag_2,428,56,4,7.142857142857142,2,2,2,3.571428571428571
825,826,diag_1,428,56,6,10.714285714285714,2,4,2,3.571428571428571
825,826,diag_2,428,56,4,7.142857142857142,2,2,2,3.571428571428571
826,827,diag_1,428,56,4,7.142857142857142,2,2,2,3.571428571428571
826,827,diag_2,428,56,3,5.357142857142857,2,1,2,3.571428571428571
827,828,diag_1,428,56,4,7.142857142857142,2,2,2,3.571428571428571
827,828,diag_2,428,56,4,7.142857142857142,2,2,2,3.571428571428571
828,829,diag_1,428,56,7,12.5,2,5,2,3.571428571428571
828,829,diag_2,428,56,3,5.357142857142857,2,1,2,3.571428571428571
829,830,diag_1,428,56,2,3.571428571428571,2,0,2,3.571428571428571
829,830,diag_2,428,56,3,5.357142857142857,2,1,2,3.571428571428571
830,831,diag_1,428,56,1,1.7857142857142856,2,0,1,1.7857142857142856
830,831,diag_2,428,56,8,14.285714285714285,2,6,2,3.571428571428571
831,832,diag_1,428,56,3,5.357142857142857,2,1,2,3.571428571428571
831,832,diag_2,428,56,3,5.357142857142857,2,1,2,3.571428571428571
832,833,diag_1,428,56,4,7.142857142857142,2,2,2,3.571428571428571
832,833,diag_2,428,56,8,14.285714285714285,2,6,2,3.571428571428571
833,834,diag_1,428,56,5,8.928571428571429,2,3,2,3.571428571428571
833,834,diag_2,428,56,4,7.142857142857142,2,2,2,3.571428571428571
834,835,diag_1,428,56,5,8.928571428571429,2,3,2,3.571428571428571
834,835,diag_2,428,56,5,8.928571428571429,2,3,2,3.571428571428571
835,836,diag_1,428,56,4,7.142857142857142,2,2,2,3.571428571428571
835,836,diag_2,428,56,1,1.7857142857142856,2,0,1,1.7857142857142856
836,837,diag_1,428,56,4,7.142857142857142,2,2,2,3.571428571428571
836,837,diag_2,428,56,5,8.928571428571429,2,3,2,3.571428571428571
837,838,diag_1,428,56,2,3.571428571428571,2,0,2,3.571428571428571
837,838,diag_2,428,56,3,5.357142857142857,2,1,2,3.571428571428571
838,839,diag_1,428,56,3,5.357142857142857,2,1,2,3.571428571428571
838,839,diag_2,428,56,7,12.5,2,5,2,3.571428571428571
839,840,diag_1,428,56,5,8.928571428571429,2,3,2,3.571428571428571
839,840,diag_2,428,56,2,3.571428571428571,2,0,2,3.571428571428571
840,841,diag_1,428,56,6,10.714285714285714,2,4,2,3.571428571428571
840,841,diag_2,428,56,4,7.142857142857142,2,2,2,3.571428571428571
841,842,diag_1,428,56,7,12.5,2,5,2,3.571428571428571
841,842,diag_2,428,56,5,8.928571428571429,2,3,2,3.571428571428571
842,843,diag_1,428,56,5,8.928571428571429,2,3,2,3.571428571428571
842,843,diag_2,428,56,5,8.928571428571429,2,3,2,3.571428571428571
843,844,diag_1,428,56,7,12.5,2,5,2,3.571428571428571
843,844,diag_2,428,56,4,7.142857142857142,2,2,2,3.571428571428571
844,845,diag_1,428,56,3,5.357142857142857,2,1,2,3.571428571428571
844,845,diag_2,428,56,4,7.142857142857142,2,2,2,3.571428571428571
845,846,diag_1,428,56,3,5.357142857142857,2,1,2,3.571428571428571
845,846,diag_2,428,56,4,7.142857142857142,2,2,2,3.571428571428571
846,847,diag_1,428,56,7,12.5,2,5,2,3.571428571428571
846,847,diag_2,428,56,4,7.142857142857142,2,2,2,3.571428571428571
847,848,diag_1,428,56,6,10.714285714285714,2,4,2,3.571428571428571
847,848,diag_2,428,56,5,8.928571428571429,2,3,2,3.571428571428571
848,849,diag_1,428,56,3,5.357142857142857,2,1,2,3.571428571428571
848,849,diag_2,428,56,3,5.357142857142857,2,1,2,3.571428571428571
849,850,diag_1,428,56,7,12.5,2,5,2,3.571428571428571
849,850,diag_2,428,56,3,5.357142857142857,2,1,2,3.571428571428571
850,851,diag_1,428,56,5,8.928571428571429,2,3,2,3.571428571428571
850,851,diag_2,428,56,1,1.7857142857142856,2,0,1,1.7857142857142856
851,852,diag_1,428,56,3,5.357142857142857,2,1,2,3.571428571428571
851,852,diag_2,428,56,6,10.714285714285714,2,4,2,3.571428571428571
852,853,diag_1,428,56,2,3.571428571428571,2,0,2,3.571428571428571
852,853,diag_2,428,56,4,7.142857142857142,2,2,2,3.571428571428571
853,854,diag_1,428,56,4,7.142857142857142,2,2,2,3.571428571428571
853,854,diag_2,428,56,4,7.142857142857142,2,2,2,3.571428571428571
854,855,diag_1,428,56,3,5.357142857142857,2,1,2,3.571428571428571
854,855,diag_2,428,56,6,10.714285714285714,2,4,2,3.571428571428571
855,856,diag_1,428,56,4,7.142857142857142,2,2,2,3.571428571428571
855,856,diag_2,428,56,3,5.357142857142857,2,1,2,3.571428571428571
856,857,diag_1,428,56,6,10.714285714285714,2,4,2,3.571428571428571
856,857,diag_2,428,56,5,8.928571428571429,2,3,2,3.571428571428571
857,858,diag_1,428,56,1,1.7857142857142856,2,0,1,1.7857142857142856
857,858,diag_2,428,56,2,3.571428571428571,2,0,2,3.571428571428571
858,859,diag_1,428,56,5,8.928571428571429,2,3,2,3.571428571428571
858,859,diag_2,428,56,6,10.714285714285714,2,4,2,3.571428571428571
859,860,diag_1,428,56,6,10.714285714285714,2,4,2,3.571428571428571
859,860,diag_2,428,56,1,1.7857142857142856,2,0,1,1.7857142857142856
860,861,diag_1,428,56,2,3.571428571428571,2,0,2,3.571428571428571
860,861,diag_2,428,56,2,3.571428571428571,2,0,2,3.571428571428571
861,862,diag_1,428,56,4,7.142857142857142,2,2,2,3.571428571428571
861,862,diag_2,428,56,4,7.142857142857142,2,2,2,3.571428571428571
862,863,diag_1,428,56,4,7.142857142857142,2,2,2,3.571428571428571
862,863,diag_2,428,56,8,14.285714285714285,2,6,2,3.571428571428571
863,864,diag_1,428,56,1,1.7857142857142856,2,0,1,1.7857142857142856
863,864,diag_2,428,56,5,8.928571428571429,2,3,2,3.571428571428571
864,865,diag_1,428,56,8,14.285714285714285,2,6,2,3.571428571428571
864,865,diag_2,428,56,6,10.714285714285714,2,4,2,3.571428571428571
865,866,diag_1,428,56,3,5.357142857142857,2,1,2,3.571428571428571
865,866,diag_2,428,56,6,10.714285714285714,2,4,2,3.571428571428571
866,867,diag_1,428,56,2,3.571428571428571,2,0,2,3.571428571428571
866,867,diag_2,428,56,6,10.714285714285714,2,4,2,3.571428571428571
867,868,diag_1,428,56,5,8.928571428571429,2,3,2,3.571428571428571
867,868,diag_2,428,56,3,5.357142857142857,2,1,2,3.571428571428571
868,869,diag_1,428,56,1,1.7857142857142856,2,0,1,1.7857142857142856
868,869,diag_2,428,56,6,10.714285714285714,2,4,2,3.571428571428571
869,870,diag_1,428,56,5,8.928571428571429,2,3,2,3.571428571428571
869,870,diag_2,428,56,4,7.142857142857142,2,2,2,3.571428571428571
870,871,diag_1,428,56,5,8.928571428571429,2,3,2,3.571428571428571
870,871,diag_2,428,56,4,7.142857142857142,2,2,2,3.571428571428571
871,872,diag_1,428,56,6,10.714285714285714,2,4,2,3.571428571428571
871,872,diag_2,428,56,2,3.571428571428571,2,0,2,3.571428571428571
872,873,diag_1,428,56,3,5.357142857142857,2,1,2,3.571428571428571
872,873,diag_2,428,56,3,5.357142857142857,2,1,2,3.571428571428571
873,874,diag_1,428,56,2,3.571428571428571,2,0,2,3.571428571428571
873,874,diag_2,428,56,4,7.142857142857142,2,2,2,3.571428571428571
874,875,diag_1,428,56,4,7.142857142857142,2,2,2,3.571428571428571
874,875,diag_2,428,56,3,5.357142857142857,2,1,2,3.571428571428571
875,876,diag_1,428,56,3,5.357142857142857,2,1,2,3.571428571428571
875,876,diag_2,428,56,5,8.928571428571429,2,3,2,3.571428571428571
876,877,diag_1,428,56,4,7.142857142857142,2,2,2,3.571428571428571
876,877,diag_2,428,56,2,3.571428571428571,2,0,2,3.571428571428571
877,878,diag_1,428,56,3,5.357142857142857,2,1,2,3.571428571428571
877,878,diag_2,428,56,5,8.928571428571429,2,3,2,3.571428571428571
878,879,diag_1,428,56,4,7.142857142857142,2,2,2,3.571428571428571
878,879,diag_2,428,56,3,5.357142857142857,2,1,2,3.571428571428571
879,880,diag_1,428,56,1,1.7857142857142856,2,0,1,1.7857142857142856
879,880,diag_2,428,56,4,7.142857142857142,2,2,2,3.571428571428571
880,881,diag_1,428,56,6,10.714285714285714,2,4,2,3.571428571428571
880,881,diag_2,428,56,3,5.357142857142857,2,1,2,3.571428571428571
881,882,diag_1,428,56,5,8.928571428571429,2,3,2,3.571428571428571
881,882,diag_2,428,56,5,8.928571428571429,2,3,2,3.571428571428571
882,883,diag_1,428,56,4,7.142857142857142,2,2,2,3.571428571428571
882,883,diag_2,428,56,1,1.7857142857142856,2,0,1,1.7857142857142856
883,884,diag_1,428,56,6,10.714285714285714,2,4,2,3.571428571428571
883,884,diag_2,428,56,2,3.571428571428571,2,0,2,3.571428571428571
884,885,diag_1,428,56,3,5.357142857142857,2,1,2,3.571428571428571
884,885,diag_2,428,56,3,5.357142857142857,2,1,2,3.571428571428571
885,886,diag_1,428,56,4,7.142857142857142,2,2,2,3.571428571428571
885,886,diag_2,428,56,4,7.142857142857142,2,2,2,3.571428571428571
886,887,diag_1,428,56,5,8.928571428571429,2,3,2,3.571428571428571
886,887,diag_2,428,56,4,7.142857142857142,2,2,2,3.571428571428571
887,888,diag_1,428,56,3,5.357142857142857,2,1,2,3.571428571428571
887,888,diag_2,428,56,6,10.714285714285714,2,4,2,3.571428571428571
888,889,diag_1,428,56,3,5.357142857142857,2,1,2,3.571428571428571
888,889,diag_2,428,56,4,7.142857142857142,2,2,2,3.571428571428571
889,890,diag_1,428,56,5,8.928571428571429,2,3,2,3.571428571428571
889,890,diag_2,428,56,2,3.571428571428571,2,0,2,3.571428571428571
890,891,diag_1,428,56,4,7.142857142857142,2,2,2,3.571428571428571
890,891,diag_2,428,56,1,1.7857142857142856,2,0,1,1.7857142857142856
891,892,diag_1,428,56,1,1.7857142857142856,2,0,1,1.7857142857142856
891,892,diag_2,428,56,7,12.5,2,5,2,3.571428571428571
892,893,diag_1,428,56,2,3.571428571428571,2,0,2,3.571428571428571
892,893,diag_2,428,56,5,8.928571428571429,2,3,2,3.571428571428571
893,894,diag_1,428,56,1,1.7857142857142856,2,0,1,1.7857142857142856
893,894,diag_2,428,56,4,7.142857142857142,2,2,2,3.571428571428571
894,895,diag_1,428,56,3,5.357142857142857,2,1,2,3.571428571428571
894,895,diag_2,428,56,5,8.928571428571429,2,3,2,3.571428571428571
895,896,diag_1,428,56,5,8.928571428571429,2,3,2,3.571428571428571
895,896,diag_2,428,56,1,1.7857142857142856,2,0,1,1.7857142857142856
896,897,diag_1,428,56,4,7.142857142857142,2,2,2,3.571428571428571
896,897,diag_2,428,56,3,5.357142857142857,2,1,2,3.571428571428571
897,898,diag_1,428,56,7,12.5,2,5,2,3.571428571428571
897,898,diag_2,428,56,4,7.142857142857142,2,2,2,3.571428571428571
898,899,diag_1,428,56,4,7.142857142857142,2,2,2,3.571428571428571
898,899,diag_2,428,56,3,5.357142857142857,2,1,2,3.571428571428571
899,900,diag_1,428,56,3,5.357142857142857,2,1,2,3.571428571428571
899,900,diag_2,428,56,6,10.714285714285714,2,4,2,3.571428571428571
900,901,diag_1,428,56,1,1.7857142857142856,2,0,1,1.7857142857142856
900,901,diag_2,428,56,3,5.357142857142857,2,1,2,3.571428571428571
901,902,diag_1,428,56,2,3.571428571428571,2,0,2,3.571428571428571
901,902,diag_2,428,56,3,5.357142857142857,2,1,2,3.571428571428571
902,903,diag_1,428,56,2,3.571428571428571,2,0,2,3.571428571428571
902,903,diag_2,428,56,3,5.357142857142857,2,1,2,3.571428571428571
903,904,diag_1,428,56,2,3.571428571428571,2,0,2,3.571428571428571
903,904,diag_2,428,56,2,3.571428571428571,2,0,2,3.571428571428571
904,905,diag_1,428,56,4,7.142857142857142,2,2,2,3.571428571428571
904,905,diag_2,428,56,4,7.142857142857142,2,2,2,3.571428571428571
905,906,diag_1,428,56,4,7.142857142857142,2,2,2,3.571428571428571
905,906,diag_2,428,56,3,5.357142857142857,2,1,2,3.571428571428571
906,907,diag_1,428,56,5,8.928571428571429,2,3,2,3.571428571428571
906,907,diag_2,428,56,5,8.928571428571429,2,3,2,3.571428571428571
907,908,diag_1,428,56,7,12.5,2,5,2,3.571428571428571
907,908,diag_2,428,56,6,10.714285714285714,2,4,2,3.571428571428571
908,909,diag_1,428,56,2,3.571428571428571,2,0,2,3.571428571428571
908,909,diag_2,428,56,5,8.928571428571429,2,3,2,3.571428571428571
909,910,diag_1,428,56,3,5.357142857142857,2,1,2,3.571428571428571
909,910,diag_2,428,56,6,10.714285714285714,2,4,2,3.571428571428571
910,911,diag_1,428,56,3,5.357142857142857,2,1,2,3.571428571428571
910,911,diag_2,428,56,2,3.571428571428571,2,0,2,3.571428571428571
911,912,diag_1,428,56,4,7.142857142857142,2,2,2,3.571428571428571
911,912,diag_2,428,56,5,8.928571428571429,2,3,2,3.571428571428571
912,913,diag_1,428,56,2,3.571428571428571,2,0,2,3.571428571428571
912,913,diag_2,428,56,5,8.928571428571429,2,3,2,3.571428571428571
913,914,diag_1,428,56,3,5.357142857142857,2,1,2,3.571428571428571
913,914,diag_2,428,56,5,8.928571428571429,2,3,2,3.571428571428571
914,915,diag_1,428,56,1,1.7857142857142856,2,0,1,1.7857142857142856
914,915,diag_2,428,56,3,5.357142857142857,2,1,2,3.571428571428571
915,916,diag_1,428,56,4,7.142857142857142,2,2,2,3.571428571428571
915,916,diag_2,428,56,7,12.5,2,5,2,3.571428571428571
916,917,diag_1,428,56,7,12.5,2,5,2,3.571428571428571
916,917,diag_2,428,56,1,1.7857142857142856,2,0,1,1.7857142857142856
917,918,diag_1,428,56,6,10.714285714285714,2,4,2,3.571428571428571
917,918,diag_2,428,56,3,5.357142857142857,2,1,2,3.571428571428571
918,919,diag_1,428,56,5,8.928571428571429,2,3,2,3.571428571428571
918,919,diag_2,428,56,5,8.928571428571429,2,3,2,3.571428571428571
919,920,diag_1,428,56,4,7.142857142857142,2,2,2,3.571428571428571
919,920,diag_2,428,56,6,10.714285714285714,2,4,2,3.571428571428571
920,921,diag_1,428,56,3,5.357142857142857,2,1,2,3.571428571428571
920,921,diag_2,428,56,3,5.357142857142857,2,1,2,3.571428571428571
921,922,diag_1,428,56,6,10.714285714285714,2,4,2,3.571428571428571
921,922,diag_2,428,56,1,1.7857142857142856,2,0,1,1.7857142857142856
922,923,diag_1,428,56,4,7.142857142857142,2,2,2,3.571428571428571
922,923,diag_2,428,56,2,3.571428571428571,2,0,2,3.571428571428571
923,924,diag_1,428,56,2,3.571428571428571,2,0,2,3.571428571428571
923,924,diag_2,428,56,2,3.571428571428571,2,0,2,3.571428571428571
924,925,diag_1,428,56,5,8.928571428571429,2,3,2,3.571428571428571
924,925,diag_2,428,56,6,10.714285714285714,2,4,2,3.571428571428571
925,926,diag_1,428,56,3,5.357142857142857,2,1,2,3.571428571428571
925,926,diag_2,428,56,1,1.7857142857142856,2,0,1,1.7857142857142856
926,927,diag_1,428,56,6,10.714285714285714,2,4,2,3.571428571428571
926,927,diag_2,428,56,3,5.357142857142857,2,1,2,3.571428571428571
927,928,diag_1,428,56,5,8.928571428571429,2,3,2,3.571428571428571
927,928,diag_2,428,56,4,7.142857142857142,2,2,2,3.571428571428571
928,929,diag_1,428,56,4,7.142857142857142,2,2,2,3.571428571428571
928,929,diag_2,428,56,6,10.714285714285714,2,4,2,3.571428571428571
929,930,diag_1,428,56,4,7.142857142857142,2,2,2,3.571428571428571
929,930,diag_2,428,56,5,8.928571428571429,2,3,2,3.571428571428571
930,931,diag_1,428,56,4,7.142857142857142,2,2,2,3.571428571428571
930,931,diag_2,428,56,2,3.571428571428571,2,0,2,3.571428571428571
931,932,diag_1,428,56,4,7.142857142857142,2,2,2,3.571428571428571
931,932,diag_2,428,56,5,8.928571428571429,2,3,2,3.571428571428571
932,933,diag_1,428,56,4,7.142857142857142,2,2,2,3.571428571428571
932,933,diag_2,428,56,6,10.714285714285714,2,4,2,3.571428571428571
933,934,diag_1,428,56,6,10.714285714285714,2,4,2,3.571428571428571
933,934,diag_2,428,56,5,8.928571428571429,2,3,2,3.571428571428571
934,935,diag_1,428,56,3,5.357142857142857,2,1,2,3.571428571428571
934,935,diag_2,428,56,4,7.142857142857142,2,2,2,3.571428571428571
935,936,diag_1,428,56,4,7.142857142857142,2,2,2,3.571428571428571
935,936,diag_2,428,56,2,3.571428571428571,2,0,2,3.571428571428571
936,937,diag_1,428,56,3,5.357142857142857,2,1,2,3.571428571428571
936,937,diag_2,428,56,2,3.571428571428571,2,0,2,3.571428571428571
937,938,diag_1,428,56,6,10.714285714285714,2,4,2,3.571428571428571
937,938,diag_2,428,56,6,10.714285714285714,2,4,2,3.571428571428571
938,939,diag_1,428,56,4,7.142857142857142,2,2,2,3.571428571428571
938,939,diag_2,428,56,5,8.928571428571429,2,3,2,3.571428571428571
939,940,diag_1,428,56,1,1.7857142857142856,2,0,1,1.7857142857142856
939,940,diag_2,428,56,4,7.142857142857142,2,2,2,3.571428571428571
940,941,diag_1,428,56,6,10.714285714285714,2,4,2,3.571428571428571
940,941,diag_2,428,56,2,3.571428571428571,2,0,2,3.571428571428571
941,942,diag_1,428,56,3,5.357142857142857,2,1,2,3.571428571428571
941,942,diag_2,428,56,5,8.928571428571429,2,3,2,3.571428571428571
942,943,diag_1,428,56,4,7.142857142857142,2,2,2,3.571428571428571
942,943,diag_2,428,56,3,5.357142857142857,2,1,2,3.571428571428571
943,944,diag_1,428,56,1,1.7857142857142856,2,0,1,1.7857142857142856
943,944,diag_2,428,56,4,7.142857142857142,2,2,2,3.571428571428571
944,945,diag_1,428,56,2,3.571428571428571,2,0,2,3.571428571428571
944,945,diag_2,428,56,2,3.571428571428571,2,0,2,3.571428571428571
945,946,diag_1,428,56,4,7.142857142857142,2,2,2,3.571428571428571
945,946,diag_2,428,56,7,12.5,2,5,2,3.571428571428571
946,947,diag_1,428,56,2,3.571428571428571,2,0,2,3.571428571428571
946,947,diag_2,428,56,2,3.571428571428571,2,0,2,3.571428571428571
947,948,diag_1,428,56,5,8.928571428571429,2,3,2,3.571428571428571
947,948,diag_2,428,56,3,5.357142857142857,2,1,2,3.571428571428571
948,949,diag_1,428,56,5,8.928571428571429,2,3,2,3.571428571428571
948,949,diag_2,428,56,2,3.571428571428571,2,0,2,3.571428571428571
949,950,diag_1,428,56,2,3.571428571428571,2,0,2,3.571428571428571
949,950,diag_2,428,56,6,10.714285714285714,2,4,2,3.571428571428571
950,951,diag_1,428,56,5,8.928571428571429,2,3,2,3.571428571428571
950,951,diag_2,428,56,1,1.7857142857142856,2,0,1,1.7857142857142856
951,952,diag_1,428,56,2,3.571428571428571,2,0,2,3.571428571428571
951,952,diag_2,428,56,2,3.571428571428571,2,0,2,3.571428571428571
952,953,diag_1,428,56,3,5.357142857142857,2,1,2,3.571428571428571
952,953,diag_2,428,56,4,7.142857142857142,2,2,2,3.571428571428571
953,954,diag_1,428,56,3,5.357142857142857,2,1,2,3.571428571428571
953,954,diag_2,428,56,5,8.928571428571429,2,3,2,3.571428571428571
954,955,diag_1,428,56,3,5.357142857142857,2,1,2,3.571428571428571
954,955,diag_2,428,56,2,3.571428571428571,2,0,2,3.571428571428571
955,956,diag_1,428,56,5,8.928571428571429,2,3,2,3.571428571428571
955,956,diag_2,428,56,2,3.571428571428571,2,0,2,3.571428571428571
956,957,diag_1,428,56,4,7.142857142857142,2,2,2,3.571428571428571
956,957,diag_2,428,56,2,3.571428571428571,2,0,2,3.571428571428571
957,958,diag_1,428,56,5,8.928571428571429,2,3,2,3.571428571428571
957,958,diag_2,428,56,5,8.928571428571429,2,3,2,3.571428571428571
958,959,diag_1,428,56,3,5.357142857142857,2,1,2,3.571428571428571
958,959,diag_2,428,56,4,7.142857142857142,2,2,2,3.571428571428571
959,960,diag_1,428,56,1,1.7857142857142856,2,0,1,1.7857142857142856
959,960,diag_2,428,56,1,1.7857142857142856,2,0,1,1.7857142857142856
960,961,diag_1,428,56,6,10.714285714285714,2,4,2,3.571428571428571
960,961,diag_2,428,56,4,7.142857142857142,2,2,2,3.571428571428571
961,962,diag_1,428,56,6,10.714285714285714,2,4,2,3.571428571428571
961,962,diag_2,428,56,2,3.571428571428571,2,0,2,3.571428571428571
962,963,diag_1,428,56,4,7.142857142857142,2,2,2,3.571428571428571
962,963,diag_2,428,56,7,12.5,2,5,2,3.571428571428571
963,964,diag_1,428,56,4,7.142857142857142,2,2,2,3.571428571428571
963,964,diag_2,428,56,6,10.714285714285714,2,4,2,3.571428571428571
964,965,diag_1,428,56,6,10.714285714285714,2,4,2,3.571428571428571
964,965,diag_2,428,56,4,7.142857142857142,2,2,2,3.571428571428571
965,966,diag_1,428,56,0,0.0,2,0,0,0.0
965,966,diag_2,428,56,3,5.357142857142857,2,1,2,3.571428571428571
966,967,diag_1,428,56,5,8.928571428571429,2,3,2,3.571428571428571
966,967,diag_2,428,56,4,7.142857142857142,2,2,2,3.571428571428571
967,968,diag_1,428,56,5,8.928571428571429,2,3,2,3.571428571428571
967,968,diag_2,428,56,2,3.571428571428571,2,0,2,3.571428571428571
968,969,diag_1,428,56,3,5.357142857142857,2,1,2,3.571428571428571
968,969,diag_2,428,56,4,7.142857142857142,2,2,2,3.571428571428571
969,970,diag_1,428,56,5,8.928571428571429,2,3,2,3.571428571428571
969,970,diag_2,428,56,5,8.928571428571429,2,3,2,3.571428571428571
970,971,diag_1,428,56,6,10.714285714285714,2,4,2,3.571428571428571
970,971,diag_2,428,56,1,1.7857142857142856,2,0,1,1.7857142857142856
971,972,diag_1,428,56,5,8.928571428571429,2,3,2,3.571428571428571
971,972,diag_2,428,56,2,3.571428571428571,2,0,2,3.571428571428571
972,973,diag_1,428,56,2,3.571428571428571,2,0,2,3.571428571428571
972,973,diag_2,428,56,5,8.928571428571429,2,3,2,3.571428571428571
973,974,diag_1,428,56,4,7.142857142857142,2,2,2,3.571428571428571
973,974,diag_2,428,56,0,0.0,2,0,0,0.0
974,975,diag_1,428,56,5,8.928571428571429,2,3,2,3.571428571428571
974,975,diag_2,428,56,5,8.928571428571429,2,3,2,3.571428571428571
975,976,diag_1,428,56,2,3.571428571428571,2,0,2,3.571428571428571
975,976,diag_2,428,56,1,1.7857142857142856,2,0,1,1.7857142857142856
976,977,diag_1,428,56,2,3.571428571428571,2,0,2,3.571428571428571
976,977,diag_2,428,56,3,5.357142857142857,2,1,2,3.571428571428571
977,978,diag_1,428,56,5,8.928571428571429,2,3,2,3.571428571428571
977,978,diag_2,428,56,3,5.357142857142857,2,1,2,3.571428571428571
978,979,diag_1,428,56,1,1.7857142857142856,2,0,1,1.7857142857142856
978,979,diag_2,428,56,5,8.928571428571429,2,3,2,3.571428571428571
979,980,diag_1,428,56,4,7.142857142857142,2,2,2,3.571428571428571
979,980,diag_2,428,56,1,1.7857142857142856,2,0,1,1.7857142857142856
980,981,diag_1,428,56,4,7.142857142857142,2,2,2,3.571428571428571
980,981,diag_2,428,56,4,7.142857142857142,2,2,2,3.571428571428571
981,982,diag_1,428,56,4,7.142857142857142,2,2,2,3.571428571428571
981,982,diag_2,428,56,5,8.928571428571429,2,3,2,3.571428571428571
982,983,diag_1,428,56,4,7.142857142857142,2,2,2,3.571428571428571
982,983,diag_2,428,56,4,7.142857142857142,2,2,2,3.571428571428571
983,984,diag_1,428,56,5,8.928571428571429,2,3,2,3.571428571428571
983,984,diag_2,428,56,6,10.714285714285714,2,4,2,3.571428571428571
984,985,diag_1,428,56,1,1.7857142857142856,2,0,1,1.7857142857142856
984,985,diag_2,428,56,2,3.571428571428571,2,0,2,3.571428571428571
985,986,diag_1,428,56,0,0.0,2,0,0,0.0
985,986,diag_2,428,56,1,1.7857142857142856,2,0,1,1.7857142857142856
986,987,diag_1,428,56,2,3.571428571428571,2,0,2,3.571428571428571
986,987,diag_2,428,56,3,5.357142857142857,2,1,2,3.571428571428571
987,988,diag_1,428,56,4,7.142857142857142,2,2,2,3.571428571428571
987,988,diag_2,428,56,6,10.714285714285714,2,4,2,3.571428571428571
988,989,diag_1,428,56,4,7.142857142857142,2,2,2,3.571428571428571
988,989,diag_2,428,56,3,5.357142857142857,2,1,2,3.571428571428571
989,990,diag_1,428,56,2,3.571428571428571,2,0,2,3.571428571428571
989,990,diag_2,428,56,3,5.357142857142857,2,1,2,3.571428571428571
990,991,diag_1,428,56,3,5.357142857142857,2,1,2,3.571428571428571
990,991,diag_2,428,56,5,8.928571428571429,2,3,2,3.571428571428571
991,992,diag_1,428,56,7,12.5,2,5,2,3.571428571428571
991,992,diag_2,428,56,4,7.142857142857142,2,2,2,3.571428571428571
992,993,diag_1,428,56,3,5.357142857142857,2,1,2,3.571428571428571
992,993,diag_2,428,56,7,12.5,2,5,2,3.571428571428571
993,994,diag_1,428,56,6,10.714285714285714,2,4,2,3.571428571428571
993,994,diag_2,428,56,4,7.142857142857142,2,2,2,3.571428571428571
994,995,diag_1,428,56,4,7.142857142857142,2,2,2,3.571428571428571
994,995,diag_2,428,56,3,5.357142857142857,2,1,2,3.571428571428571
995,996,diag_1,428,56,2,3.571428571428571,2,0,2,3.571428571428571
995,996,diag_2,428,56,4,7.142857142857142,2,2,2,3.571428571428571
996,997,diag_1,428,56,4,7.142857142857142,2,2,2,3.571428571428571
996,997,diag_2,428,56,5,8.928571428571429,2,3,2,3.571428571428571
997,998,diag_1,428,56,2,3.571428571428571,2,0,2,3.571428571428571
997,998,diag_2,428,56,2,3.571428571428571,2,0,2,3.571428571428571
998,999,diag_1,428,56,5,8.928571428571429,2,3,2,3.571428571428571
998,999,diag_2,428,56,4,7.142857142857142,2,2,2,3.571428571428571
999,1000,diag_1,428,56,2,3.571428571428571,2,0,2,3.571428571428571
999,1000,diag_2,428,56,4,7.142857142857142,2,2,2,3.571428571428571
1000,1001,diag_1,428,56,3,5.357142857142857,2,1,2,3.571428571428571
1000,1001,diag_2,428,56,4,7.142857142857142,2,2,2,3.571428571428571
1001,1002,diag_1,428,56,7,12.5,2,5,2,3.571428571428571
1001,1002,diag_2,428,56,1,1.7857142857142856,2,0,1,1.7857142857142856
1002,1003,diag_1,428,56,4,7.142857142857142,2,2,2,3.571428571428571
1002,1003,diag_2,428,56,3,5.357142857142857,2,1,2,3.571428571428571
1003,1004,diag_1,428,56,3,5.357142857142857,2,1,2,3.571428571428571
1003,1004,diag_2,428,56,7,12.5,2,5,2,3.571428571428571
1004,1005,diag_1,428,56,3,5.357142857142857,2,1,2,3.571428571428571
1004,1005,diag_2,428,56,4,7.142857142857142,2,2,2,3.571428571428571
1005,1006,diag_1,428,56,4,7.142857142857142,2,2,2,3.571428571428571
1005,1006,diag_2,428,56,2,3.571428571428571,2,0,2,3.571428571428571
1006,1007,diag_1,428,56,5,8.928571428571429,2,3,2,3.571428571428571
1006,1007,diag_2,428,56,3,5.357142857142857,2,1,2,3.571428571428571
1007,1008,diag_1,428,56,4,7.142857142857142,2,2,2,3.571428571428571
1007,1008,diag_2,428,56,4,7.142857142857142,2,2,2,3.571428571428571
1008,1009,diag_1,428,56,3,5.357142857142857,2,1,2,3.571428571428571
1008,1009,diag_2,428,56,7,12.5,2,5,2,3.571428571428571
1009,1010,diag_1,428,56,4,7.142857142857142,2,2,2,3.571428571428571
1009,1010,diag_2,428,56,2,3.571428571428571,2,0,2,3.571428571428571
1010,1011,diag_1,428,56,2,3.571428571428571,2,0,2,3.571428571428571
1010,1011,diag_2,428,56,7,12.5,2,5,2,3.571428571428571
1011,1012,diag_1,428,56,3,5.357142857142857,2,1,2,3.571428571428571
1011,1012,diag_2,428,56,4,7.142857142857142,2,2,2,3.571428571428571
1012,1013,diag_1,428,56,4,7.142857142857142,2,2,2,3.571428571428571
1012,1013,diag_2,428,56,6,10.714285714285714,2,4,2,3.571428571428571
1013,1014,diag_1,428,56,6,10.714285714285714,2,4,2,3.571428571428571
1013,1014,diag_2,428,56,7,12.5,2,5,2,3.571428571428571
1014,1015,diag_1,428,56,4,7.142857142857142,2,2,2,3.571428571428571
1014,1015,diag_2,428,56,4,7.142857142857142,2,2,2,3.571428571428571
1015,1016,diag_1,428,56,1,1.7857142857142856,2,0,1,1.7857142857142856
1015,1016,diag_2,428,56,4,7.142857142857142,2,2,2,3.571428571428571
1016,1017,diag_1,428,56,7,12.5,2,5,2,3.571428571428571
1016,1017,diag_2,428,56,4,7.142857142857142,2,2,2,3.571428571428571
1017,1018,diag_1,428,56,4,7.142857142857142,2,2,2,3.571428571428571
1017,1018,diag_2,428,56,2,3.571428571428571,2,0,2,3.571428571428571
1018,1019,diag_1,428,56,2,3.571428571428571,2,0,2,3.571428571428571
1018,1019,diag_2,428,56,3,5.357142857142857,2,1,2,3.571428571428571
1019,1020,diag_1,428,56,6,10.714285714285714,2,4,2,3.571428571428571
1019,1020,diag_2,428,56,2,3.571428571428571,2,0,2,3.571428571428571
1020,1021,diag_1,428,56,2,3.571428571428571,2,0,2,3.571428571428571
1020,1021,diag_2,428,56,2,3.571428571428571,2,0,2,3.571428571428571
1021,1022,diag_1,428,56,6,10.714285714285714,2,4,2,3.571428571428571
1021,1022,diag_2,428,56,1,1.7857142857142856,2,0,1,1.7857142857142856
1022,1023,diag_1,428,56,5,8.928571428571429,2,3,2,3.571428571428571
1022,1023,diag_2,428,56,5,8.928571428571429,2,3,2,3.571428571428571
1023,1024,diag_1,428,56,3,5.357142857142857,2,1,2,3.571428571428571
1023,1024,diag_2,428,56,4,7.142857142857142,2,2,2,3.571428571428571
1024,1025,diag_1,428,56,6,10.714285714285714,2,4,2,3.571428571428571
1024,1025,diag_2,428,56,4,7.142857142857142,2,2,2,3.571428571428571
1025,1026,diag_1,428,56,3,5.357142857142857,2,1,2,3.571428571428571
1025,1026,diag_2,428,56,4,7.142857142857142,2,2,2,3.571428571428571
1026,1027,diag_1,428,56,3,5.357142857142857,2,1,2,3.571428571428571
1026,1027,diag_2,428,56,3,5.357142857142857,2,1,2,3.571428571428571
1027,1028,diag_1,428,56,2,3.571428571428571,2,0,2,3.571428571428571
1027,1028,diag_2,428,56,5,8.928571428571429,2,3,2,3.571428571428571
1028,1029,diag_1,428,56,3,5.357142857142857,2,1,2,3.571428571428571
1028,1029,diag_2,428,56,3,5.357142857142857,2,1,2,3.571428571428571
1029,1030,diag_1,428,56,4,7.142857142857142,2,2,2,3.571428571428571
1029,1030,diag_2,428,56,6,10.714285714285714,2,4,2,3.571428571428571
1030,1031,diag_1,428,56,4,7.142857142857142,2,2,2,3.571428571428571
1030,1031,diag_2,428,56,3,5.357142857142857,2,1,2,3.571428571428571
1031,1032,diag_1,428,56,5,8.928571428571429,2,3,2,3.571428571428571
1031,1032,diag_2,428,56,5,8.928571428571429,2,3,2,3.571428571428571
1032,1033,diag_1,428,56,6,10.714285714285714,2,4,2,3.571428571428571
1032,1033,diag_2,428,56,3,5.357142857142857,2,1,2,3.571428571428571
1033,1034,diag_1,428,56,2,3.571428571428571,2,0,2,3.571428571428571
1033,1034,diag_2,428,56,5,8.928571428571429,2,3,2,3.571428571428571
1034,1035,diag_1,428,56,3,5.357142857142857,2,1,2,3.571428571428571
1034,1035,diag_2,428,56,3,5.357142857142857,2,1,2,3.571428571428571
1035,1036,diag_1,428,56,2,3.571428571428571,2,0,2,3.571428571428571
1035,1036,diag_2,428,56,6,10.714285714285714,2,4,2,3.571428571428571
1036,1037,diag_1,428,56,7,12.5,2,5,2,3.571428571428571
1036,1037,diag_2,428,56,0,0.0,2,0,0,0.0
1037,1038,diag_1,428,56,4,7.142857142857142,2,2,2,3.571428571428571
1037,1038,diag_2,428,56,7,12.5,2,5,2,3.571428571428571
1038,1039,diag_1,428,56,2,3.571428571428571,2,0,2,3.571428571428571
1038,1039,diag_2,428,56,4,7.142857142857142,2,2,2,3.571428571428571
1039,1040,diag_1,428,56,3,5.357142857142857,2,1,2,3.571428571428571
1039,1040,diag_2,428,56,4,7.142857142857142,2,2,2,3.571428571428571
1040,1041,diag_1,428,56,2,3.571428571428571,2,0,2,3.571428571428571
1040,1041,diag_2,428,56,8,14.285714285714285,2,6,2,3.571428571428571
1041,1042,diag_1,428,56,4,7.142857142857142,2,2,2,3.571428571428571
1041,1042,diag_2,428,56,2,3.571428571428571,2,0,2,3.571428571428571
1042,1043,diag_1,428,56,6,10.714285714285714,2,4,2,3.571428571428571
1042,1043,diag_2,428,56,3,5.357142857142857,2,1,2,3.571428571428571
1043,1044,diag_1,428,56,4,7.142857142857142,2,2,2,3.571428571428571
1043,1044,diag_2,428,56,5,8.928571428571429,2,3,2,3.571428571428571
1044,1045,diag_1,428,56,5,8.928571428571429,2,3,2,3.571428571428571
1044,1045,diag_2,428,56,4,7.142857142857142,2,2,2,3.571428571428571
1045,1046,diag_1,428,56,5,8.928571428571429,2,3,2,3.571428571428571
1045,1046,diag_2,428,56,3,5.357142857142857,2,1,2,3.571428571428571
1046,1047,diag_1,428,56,3,5.357142857142857,2,1,2,3.571428571428571
1046,1047,diag_2,428,56,2,3.571428571428571,2,0,2,3.571428571428571
1047,1048,diag_1,428,56,3,5.357142857142857,2,1,2,3.571428571428571
1047,1048,diag_2,428,56,2,3.571428571428571,2,0,2,3.571428571428571
1048,1049,diag_1,428,56,1,1.7857142857142856,2,0,1,1.7857142857142856
1048,1049,diag_2,428,56,5,8.928571428571429,2,3,2,3.571428571428571
1049,1050,diag_1,428,56,3,5.357142857142857,2,1,2,3.571428571428571
1049,1050,diag_2,428,56,4,7.142857142857142,2,2,2,3.571428571428571
1050,1051,diag_1,428,56,3,5.357142857142857,2,1,2,3.571428571428571
1050,1051,diag_2,428,56,5,8.928571428571429,2,3,2,3.571428571428571
1051,1052,diag_1,428,56,5,8.928571428571429,2,3,2,3.571428571428571
1051,1052,diag_2,428,56,3,5.357142857142857,2,1,2,3.571428571428571
1052,1053,diag_1,428,56,4,7.142857142857142,2,2,2,3.571428571428571
1052,1053,diag_2,428,56,6,10.714285714285714,2,4,2,3.571428571428571
1053,1054,diag_1,428,56,3,5.357142857142857,2,1,2,3.571428571428571
1053,1054,diag_2,428,56,4,7.142857142857142,2,2,2,3.571428571428571
1054,1055,diag_1,428,56,3,5.357142857142857,2,1,2,3.571428571428571
1054,1055,diag_2,428,56,0,0.0,2,0,0,0.0
1055,1056,diag_1,428,56,6,10.714285714285714,2,4,2,3.571428571428571
1055,1056,diag_2,428,56,2,3.571428571428571,2,0,2,3.571428571428571
1056,1057,diag_1,428,56,3,5.357142857142857,2,1,2,3.571428571428571
1056,1057,diag_2,428,56,4,7.142857142857142,2,2,2,3.571428571428571
1057,1058,diag_1,428,56,4,7.142857142857142,2,2,2,3.571428571428571
1057,1058,diag_2,428,56,3,5.357142857142857,2,1,2,3.571428571428571
1058,1059,diag_1,428,56,8,14.285714285714285,2,6,2,3.571428571428571
1058,1059,diag_2,428,56,2,3.571428571428571,2,0,2,3.571428571428571
1059,1060,diag_1,428,56,2,3.571428571428571,2,0,2,3.571428571428571
1059,1060,diag_2,428,56,4,7.142857142857142,2,2,2,3.571428571428571
1060,1061,diag_1,428,56,2,3.571428571428571,2,0,2,3.571428571428571
1060,1061,diag_2,428,56,2,3.571428571428571,2,0,2,3.571428571428571
1061,1062,diag_1,428,56,5,8.928571428571429,2,3,2,3.571428571428571
1061,1062,diag_2,428,56,4,7.142857142857142,2,2,2,3.571428571428571
1062,1063,diag_1,428,56,4,7.142857142857142,2,2,2,3.571428571428571
1062,1063,diag_2,428,56,3,5.357142857142857,2,1,2,3.571428571428571
1063,1064,diag_1,428,56,1,1.7857142857142856,2,0,1,1.7857142857142856
1063,1064,diag_2,428,56,5,8.928571428571429,2,3,2,3.571428571428571
1064,1065,diag_1,428,56,5,8.928571428571429,2,3,2,3.571428571428571
1064,1065,diag_2,428,56,2,3.571428571428571,2,0,2,3.571428571428571
1065,1066,diag_1,428,56,3,5.357142857142857,2,1,2,3.571428571428571
1065,1066,diag_2,428,56,5,8.928571428571429,2,3,2,3.571428571428571
1066,1067,diag_1,428,56,7,12.5,2,5,2,3.571428571428571
1066,1067,diag_2,428,56,2,3.571428571428571,2,0,2,3.571428571428571
1067,1068,diag_1,428,56,5,8.928571428571429,2,3,2,3.571428571428571
1067,1068,diag_2,428,56,2,3.571428571428571,2,0,2,3.571428571428571
1068,1069,diag_1,428,56,5,8.928571428571429,2,3,2,3.571428571428571
1068,1069,diag_2,428,56,5,8.928571428571429,2,3,2,3.571428571428571
1069,1070,diag_1,428,56,4,7.142857142857142,2,2,2,3.571428571428571
1069,1070,diag_2,428,56,1,1.7857142857142856,2,0,1,1.7857142857142856
1070,1071,diag_1,428,56,3,5.357142857142857,2,1,2,3.571428571428571
1070,1071,diag_2,428,56,4,7.142857142857142,2,2,2,3.571428571428571
1071,1072,diag_1,428,56,1,1.7857142857142856,2,0,1,1.7857142857142856
1071,1072,diag_2,428,56,4,7.142857142857142,2,2,2,3.571428571428571
1072,1073,diag_1,428,56,5,8.928571428571429,2,3,2,3.571428571428571
1072,1073,diag_2,428,56,1,1.7857142857142856,2,0,1,1.7857142857142856
1073,1074,diag_1,428,56,3,5.357142857142857,2,1,2,3.571428571428571
1073,1074,diag_2,428,56,1,1.7857142857142856,2,0,1,1.7857142857142856
1074,1075,diag_1,428,56,4,7.142857142857142,2,2,2,3.571428571428571
1074,1075,diag_2,428,56,4,7.142857142857142,2,2,2,3.571428571428571
1075,1076,diag_1,428,56,2,3.571428571428571,2,0,2,3.571428571428571
1075,1076,diag_2,428,56,4,7.142857142857142,2,2,2,3.571428571428571
1076,1077,diag_1,428,56,3,5.357142857142857,2,1,2,3.571428571428571
1076,1077,diag_2,428,56,2,3.571428571428571,2,0,2,3.571428571428571
1077,1078,diag_1,428,56,3,5.357142857142857,2,1,2,3.571428571428571
1077,1078,diag_2,428,56,1,1.7857142857142856,2,0,1,1.7857142857142856
1078,1079,diag_1,428,56,2,3.571428571428571,2,0,2,3.571428571428571
1078,1079,diag_2,428,56,3,5.357142857142857,2,1,2,3.571428571428571
1079,1080,diag_1,428,56,3,5.357142857142857,2,1,2,3.571428571428571
1079,1080,diag_2,428,56,4,7.142857142857142,2,2,2,3.571428571428571
1080,1081,diag_1,428,56,5,8.928571428571429,2,3,2,3.571428571428571
1080,1081,diag_2,428,56,1,1.7857142857142856,2,0,1,1.7857142857142856
1081,1082,diag_1,428,56,5,8.928571428571429,2,3,2,3.571428571428571
1081,1082,diag_2,428,56,0,0.0,2,0,0,0.0
1082,1083,diag_1,428,56,5,8.928571428571429,2,3,2,3.571428571428571
1082,1083,diag_2,428,56,6,10.714285714285714,2,4,2,3.571428571428571
1083,1084,diag_1,428,56,5,8.928571428571429,2,3,2,3.571428571428571
1083,1084,diag_2,428,56,5,8.928571428571429,2,3,2,3.571428571428571
1084,1085,diag_1,428,56,4,7.142857142857142,2,2,2,3.571428571428571
1084,1085,diag_2,428,56,5,8.928571428571429,2,3,2,3.571428571428571
1085,1086,diag_1,428,56,4,7.142857142857142,2,2,2,3.571428571428571
1085,1086,diag_2,428,56,3,5.357142857142857,2,1,2,3.571428571428571
1086,1087,diag_1,428,56,7,12.5,2,5,2,3.571428571428571
1086,1087,diag_2,428,56,7,12.5,2,5,2,3.571428571428571
1087,1088,diag_1,428,56,2,3.571428571428571,2,0,2,3.571428571428571
1087,1088,diag_2,428,56,2,3.571428571428571,2,0,2,3.571428571428571
1088,1089,diag_1,428,56,3,5.357142857142857,2,1,2,3.571428571428571
1088,1089,diag_2,428,56,5,8.928571428571429,2,3,2,3.571428571428571
1089,1090,diag_1,428,56,5,8.928571428571429,2,3,2,3.571428571428571
1089,1090,diag_2,428,56,2,3.571428571428571,2,0,2,3.571428571428571
1090,1091,diag_1,428,56,5,8.928571428571429,2,3,2,3.571428571428571
1090,1091,diag_2,428,56,4,7.142857142857142,2,2,2,3.571428571428571
1091,1092,diag_1,428,56,2,3.571428571428571,2,0,2,3.571428571428571
1091,1092,diag_2,428,56,5,8.928571428571429,2,3,2,3.571428571428571
1092,1093,diag_1,428,56,4,7.142857142857142,2,2,2,3.571428571428571
1092,1093,diag_2,428,56,4,7.142857142857142,2,2,2,3.571428571428571
1093,1094,diag_1,428,56,1,1.7857142857142856,2,0,1,1.7857142857142856
1093,1094,diag_2,428,56,4,7.142857142857142,2,2,2,3.571428571428571
1094,1095,diag_1,428,56,5,8.928571428571429,2,3,2,3.571428571428571
1094,1095,diag_2,428,56,3,5.357142857142857,2,1,2,3.571428571428571
1095,1096,diag_1,428,56,3,5.357142857142857,2,1,2,3.571428571428571
1095,1096,diag_2,428,56,8,14.285714285714285,2,6,2,3.571428571428571
1096,1097,diag_1,428,56,2,3.571428571428571,2,0,2,3.571428571428571
1096,1097,diag_2,428,56,3,5.357142857142857,2,1,2,3.571428571428571
1097,1098,diag_1,428,56,5,8.928571428571429,2,3,2,3.571428571428571
1097,1098,diag_2,428,56,2,3.571428571428571,2,0,2,3.571428571428571
1098,1099,diag_1,428,56,9,16.071428571428573,2,7,2,3.571428571428571
1098,1099,diag_2,428,56,3,5.357142857142857,2,1,2,3.571428571428571
1099,1100,diag_1,428,56,4,7.142857142857142,2,2,2,3.571428571428571
1099,1100,diag_2,428,56,4,7.142857142857142,2,2,2,3.571428571428571
1100,1101,diag_1,428,56,4,7.142857142857142,2,2,2,3.571428571428571
1100,1101,diag_2,428,56,3,5.357142857142857,2,1,2,3.571428571428571
1101,1102,diag_1,428,56,6,10.714285714285714,2,4,2,3.571428571428571
1101,1102,diag_2,428,56,3,5.357142857142857,2,1,2,3.571428571428571
1102,1103,diag_1,428,56,6,10.714285714285714,2,4,2,3.571428571428571
1102,1103,diag_2,428,56,2,3.571428571428571,2,0,2,3.571428571428571
1103,1104,diag_1,428,56,5,8.928571428571429,2,3,2,3.571428571428571
1103,1104,diag_2,428,56,5,8.928571428571429,2,3,2,3.571428571428571
1104,1105,diag_1,428,56,2,3.571428571428571,2,0,2,3.571428571428571
1104,1105,diag_2,428,56,5,8.928571428571429,2,3,2,3.571428571428571
1105,1106,diag_1,428,56,7,12.5,2,5,2,3.571428571428571
1105,1106,diag_2,428,56,2,3.571428571428571,2,0,2,3.571428571428571
1106,1107,diag_1,428,56,6,10.714285714285714,2,4,2,3.571428571428571
1106,1107,diag_2,428,56,1,1.7857142857142856,2,0,1,1.7857142857142856
1107,1108,diag_1,428,56,0,0.0,2,0,0,0.0
1107,1108,diag_2,428,56,3,5.357142857142857,2,1,2,3.571428571428571
1108,1109,diag_1,428,56,6,10.714285714285714,2,4,2,3.571428571428571
1108,1109,diag_2,428,56,4,7.142857142857142,2,2,2,3.571428571428571
1109,1110,diag_1,428,56,6,10.714285714285714,2,4,2,3.571428571428571
1109,1110,diag_2,428,56,4,7.142857142857142,2,2,2,3.571428571428571
1110,1111,diag_1,428,56,4,7.142857142857142,2,2,2,3.571428571428571
1110,1111,diag_2,428,56,1,1.7857142857142856,2,0,1,1.7857142857142856
1111,1112,diag_1,428,56,1,1.7857142857142856,2,0,1,1.7857142857142856
1111,1112,diag_2,428,56,2,3.571428571428571,2,0,2,3.571428571428571
1112,1113,diag_1,428,56,3,5.357142857142857,2,1,2,3.571428571428571
1112,1113,diag_2,428,56,5,8.928571428571429,2,3,2,3.571428571428571
1113,1114,diag_1,428,56,3,5.357142857142857,2,1,2,3.571428571428571
1113,1114,diag_2,428,56,5,8.928571428571429,2,3,2,3.571428571428571
1114,1115,diag_1,428,56,4,7.142857142857142,2,2,2,3.571428571428571
1114,1115,diag_2,428,56,3,5.357142857142857,2,1,2,3.571428571428571
1115,1116,diag_1,428,56,2,3.571428571428571,2,0,2,3.571428571428571
1115,1116,diag_2,428,56,6,10.714285714285714,2,4,2,3.571428571428571
1116,1117,diag_1,428,56,2,3.571428571428571,2,0,2,3.571428571428571
1116,1117,diag_2,428,56,6,10.714285714285714,2,4,2,3.571428571428571
1117,1118,diag_1,428,56,5,8.928571428571429,2,3,2,3.571428571428571
1117,1118,diag_2,428,56,2,3.571428571428571,2,0,2,3.571428571428571
1118,1119,diag_1,428,56,6,10.714285714285714,2,4,2,3.571428571428571
1118,1119,diag_2,428,56,3,5.357142857142857,2,1,2,3.571428571428571
1119,1120,diag_1,428,56,5,8.928571428571429,2,3,2,3.571428571428571
1119,1120,diag_2,428,56,3,5.357142857142857,2,1,2,3.571428571428571
1120,1121,diag_1,428,56,6,10.714285714285714,2,4,2,3.571428571428571
1120,1121,diag_2,428,56,2,3.571428571428571,2,0,2,3.571428571428571
1121,1122,diag_1,428,56,3,5.357142857142857,2,1,2,3.571428571428571
1121,1122,diag_2,428,56,5,8.928571428571429,2,3,2,3.571428571428571
1122,1123,diag_1,428,56,4,7.142857142857142,2,2,2,3.571428571428571
1122,1123,diag_2,428,56,6,10.714285714285714,2,4,2,3.571428571428571
1123,1124,diag_1,428,56,4,7.142857142857142,2,2,2,3.571428571428571
1123,1124,diag_2,428,56,3,5.357142857142857,2,1,2,3.571428571428571
1124,1125,diag_1,428,56,2,3.571428571428571,2,0,2,3.571428571428571
1124,1125,diag_2,428,56,2,3.571428571428571,2,0,2,3.571428571428571
1125,1126,diag_1,428,56,5,8.928571428571429,2,3,2,3.571428571428571
1125,1126,diag_2,428,56,6,10.714285714285714,2,4,2,3.571428571428571
1126,1127,diag_1,428,56,1,1.7857142857142856,2,0,1,1.7857142857142856
1126,1127,diag_2,428,56,4,7.142857142857142,2,2,2,3.571428571428571
1127,1128,diag_1,428,56,3,5.357142857142857,2,1,2,3.571428571428571
1127,1128,diag_2,428,56,6,10.714285714285714,2,4,2,3.571428571428571
1128,1129,diag_1,428,56,2,3.571428571428571,2,0,2,3.571428571428571
1128,1129,diag_2,428,56,3,5.357142857142857,2,1,2,3.571428571428571
1129,1130,diag_1,428,56,3,5.357142857142857,2,1,2,3.571428571428571
1129,1130,diag_2,428,56,4,7.142857142857142,2,2,2,3.571428571428571
1130,1131,diag_1,428,56,3,5.357142857142857,2,1,2,3.571428571428571
1130,1131,diag_2,428,56,6,10.714285714285714,2,4,2,3.571428571428571
1131,1132,diag_1,428,56,3,5.357142857142857,2,1,2,3.571428571428571
1131,1132,diag_2,428,56,0,0.0,2,0,0,0.0
1132,1133,diag_1,428,56,3,5.357142857142857,2,1,2,3.571428571428571
1132,1133,diag_2,428,56,6,10.714285714285714,2,4,2,3.571428571428571
1133,1134,diag_1,428,56,3,5.357142857142857,2,1,2,3.571428571428571
1133,1134,diag_2,428,56,7,12.5,2,5,2,3.571428571428571
1134,1135,diag_1,428,56,3,5.357142857142857,2,1,2,3.571428571428571
1134,1135,diag_2,428,56,3,5.357142857142857,2,1,2,3.571428571428571
1135,1136,diag_1,428,56,0,0.0,2,0,0,0.0
1135,1136,diag_2,428,56,4,7.142857142857142,2,2,2,3.571428571428571
1136,1137,diag_1,428,56,4,7.142857142857142,2,2,2,3.571428571428571
1136,1137,diag_2,428,56,5,8.928571428571429,2,3,2,3.571428571428571
1137,1138,diag_1,428,56,5,8.928571428571429,2,3,2,3.571428571428571
1137,1138,diag_2,428,56,3,5.357142857142857,2,1,2,3.571428571428571
1138,1139,diag_1,428,56,2,3.571428571428571,2,0,2,3.571428571428571
1138,1139,diag_2,428,56,3,5.357142857142857,2,1,2,3.571428571428571
1139,1140,diag_1,428,56,6,10.714285714285714,2,4,2,3.571428571428571
1139,1140,diag_2,428,56,6,10.714285714285714,2,4,2,3.571428571428571
1140,1141,diag_1,428,56,4,7.142857142857142,2,2,2,3.571428571428571
1140,1141,diag_2,428,56,3,5.357142857142857,2,1,2,3.571428571428571
1141,1142,diag_1,428,56,5,8.928571428571429,2,3,2,3.571428571428571
1141,1142,diag_2,428,56,3,5.357142857142857,2,1,2,3.571428571428571
1142,1143,diag_1,428,56,2,3.571428571428571,2,0,2,3.571428571428571
1142,1143,diag_2,428,56,5,8.928571428571429,2,3,2,3.571428571428571
1143,1144,diag_1,428,56,3,5.357142857142857,2,1,2,3.571428571428571
1143,1144,diag_2,428,56,1,1.7857142857142856,2,0,1,1.7857142857142856
1144,1145,diag_1,428,56,6,10.714285714285714,2,4,2,3.571428571428571
1144,1145,diag_2,428,56,4,7.142857142857142,2,2,2,3.571428571428571
1145,1146,diag_1,428,56,6,10.714285714285714,2,4,2,3.571428571428571
1145,1146,diag_2,428,56,4,7.142857142857142,2,2,2,3.571428571428571
1146,1147,diag_1,428,56,4,7.142857142857142,2,2,2,3.571428571428571
1146,1147,diag_2,428,56,9,16.071428571428573,2,7,2,3.571428571428571
1147,1148,diag_1,428,56,1,1.7857142857142856,2,0,1,1.7857142857142856
1147,1148,diag_2,428,56,3,5.357142857142857,2,1,2,3.571428571428571
1148,1149,diag_1,428,56,9,16.071428571428573,2,7,2,3.571428571428571
1148,1149,diag_2,428,56,4,7.142857142857142,2,2,2,3.571428571428571
1149,1150,diag_1,428,56,3,5.357142857142857,2,1,2,3.571428571428571
1149,1150,diag_2,428,56,5,8.928571428571429,2,3,2,3.571428571428571
1150,1151,diag_1,428,56,4,7.142857142857142,2,2,2,3.571428571428571
1150,1151,diag_2,428,56,6,10.714285714285714,2,4,2,3.571428571428571
1151,1152,diag_1,428,56,3,5.357142857142857,2,1,2,3.571428571428571
1151,1152,diag_2,428,56,8,14.285714285714285,2,6,2,3.571428571428571
1152,1153,diag_1,428,56,2,3.571428571428571,2,0,2,3.571428571428571
1152,1153,diag_2,428,56,1,1.7857142857142856,2,0,1,1.7857142857142856
1153,1154,diag_1,428,56,2,3.571428571428571,2,0,2,3.571428571428571
1153,1154,diag_2,428,56,4,7.142857142857142,2,2,2,3.571428571428571
1154,1155,diag_1,428,56,1,1.7857142857142856,2,0,1,1.7857142857142856
1154,1155,diag_2,428,56,1,1.7857142857142856,2,0,1,1.7857142857142856
1155,1156,diag_1,428,56,1,1.7857142857142856,2,0,1,1.7857142857142856
1155,1156,diag_2,428,56,3,5.357142857142857,2,1,2,3.571428571428571
1156,1157,diag_1,428,56,2,3.571428571428571,2,0,2,3.571428571428571
1156,1157,diag_2,428,56,1,1.7857142857142856,2,0,1,1.7857142857142856
1157,1158,diag_1,428,56,2,3.571428571428571,2,0,2,3.571428571428571
1157,1158,diag_2,428,56,5,8.928571428571429,2,3,2,3.571428571428571
1158,1159,diag_1,428,56,3,5.357142857142857,2,1,2,3.571428571428571
1158,1159,diag_2,428,56,2,3.571428571428571,2,0,2,3.571428571428571
1159,1160,diag_1,428,56,1,1.7857142857142856,2,0,1,1.7857142857142856
1159,1160,diag_2,428,56,5,8.928571428571429,2,3,2,3.571428571428571
1160,1161,diag_1,428,56,4,7.142857142857142,2,2,2,3.571428571428571
1160,1161,diag_2,428,56,4,7.142857142857142,2,2,2,3.571428571428571
1161,1162,diag_1,428,56,7,12.5,2,5,2,3.571428571428571
1161,1162,diag_2,428,56,3,5.357142857142857,2,1,2,3.571428571428571
1162,1163,diag_1,428,56,6,10.714285714285714,2,4,2,3.571428571428571
1162,1163,diag_2,428,56,3,5.357142857142857,2,1,2,3.571428571428571
1163,1164,diag_1,428,56,3,5.357142857142857,2,1,2,3.571428571428571
1163,1164,diag_2,428,56,1,1.7857142857142856,2,0,1,1.7857142857142856
1164,1165,diag_1,428,56,2,3.571428571428571,2,0,2,3.571428571428571
1164,1165,diag_2,428,56,2,3.571428571428571,2,0,2,3.571428571428571
1165,1166,diag_1,428,56,4,7.142857142857142,2,2,2,3.571428571428571
1165,1166,diag_2,428,56,4,7.142857142857142,2,2,2,3.571428571428571
1166,1167,diag_1,428,56,8,14.285714285714285,2,6,2,3.571428571428571
1166,1167,diag_2,428,56,3,5.357142857142857,2,1,2,3.571428571428571
1167,1168,diag_1,428,56,4,7.142857142857142,2,2,2,3.571428571428571
1167,1168,diag_2,428,56,4,7.142857142857142,2,2,2,3.571428571428571
1168,1169,diag_1,428,56,2,3.571428571428571,2,0,2,3.571428571428571
1168,1169,diag_2,428,56,4,7.142857142857142,2,2,2,3.571428571428571
1169,1170,diag_1,428,56,3,5.357142857142857,2,1,2,3.571428571428571
1169,1170,diag_2,428,56,3,5.357142857142857,2,1,2,3.571428571428571
1170,1171,diag_1,428,56,3,5.357142857142857,2,1,2,3.571428571428571
1170,1171,diag_2,428,56,5,8.928571428571429,2,3,2,3.571428571428571
1171,1172,diag_1,428,56,2,3.571428571428571,2,0,2,3.571428571428571
1171,1172,diag_2,428,56,6,10.714285714285714,2,4,2,3.571428571428571
1172,1173,diag_1,428,56,1,1.7857142857142856,2,0,1,1.7857142857142856
1172,1173,diag_2,428,56,4,7.142857142857142,2,2,2,3.571428571428571
1173,1174,diag_1,428,56,6,10.714285714285714,2,4,2,3.571428571428571
1173,1174,diag_2,428,56,5,8.928571428571429,2,3,2,3.571428571428571
1174,1175,diag_1,428,56,7,12.5,2,5,2,3.571428571428571
1174,1175,diag_2,428,56,4,7.142857142857142,2,2,2,3.571428571428571
1175,1176,diag_1,428,56,3,5.357142857142857,2,1,2,3.571428571428571
1175,1176,diag_2,428,56,0,0.0,2,0,0,0.0
1176,1177,diag_1,428,56,5,8.928571428571429,2,3,2,3.571428571428571
1176,1177,diag_2,428,56,2,3.571428571428571,2,0,2,3.571428571428571
1177,1178,diag_1,428,56,4,7.142857142857142,2,2,2,3.571428571428571
1177,1178,diag_2,428,56,4,7.142857142857142,2,2,2,3.571428571428571
1178,1179,diag_1,428,56,4,7.142857142857142,2,2,2,3.571428571428571
1178,1179,diag_2,428,56,2,3.571428571428571,2,0,2,3.571428571428571
1179,1180,diag_1,428,56,2,3.571428571428571,2,0,2,3.571428571428571
1179,1180,diag_2,428,56,3,5.357142857142857,2,1,2,3.571428571428571
1180,1181,diag_1,428,56,3,5.357142857142857,2,1,2,3.571428571428571
1180,1181,diag_2,428,56,4,7.142857142857142,2,2,2,3.571428571428571
1181,1182,diag_1,428,56,3,5.357142857142857,2,1,2,3.571428571428571
1181,1182,diag_2,428,56,4,7.142857142857142,2,2,2,3.571428571428571
1182,1183,diag_1,428,56,7,12.5,2,5,2,3.571428571428571
1182,1183,diag_2,428,56,2,3.571428571428571,2,0,2,3.571428571428571
1183,1184,diag_1,428,56,4,7.142857142857142,2,2,2,3.571428571428571
1183,1184,diag_2,428,56,5,8.928571428571429,2,3,2,3.571428571428571
1184,1185,diag_1,428,56,3,5.357142857142857,2,1,2,3.571428571428571
1184,1185,diag_2,428,56,8,14.285714285714285,2,6,2,3.571428571428571
1185,1186,diag_1,428,56,4,7.142857142857142,2,2,2,3.571428571428571
1185,1186,diag_2,428,56,1,1.7857142857142856,2,0,1,1.7857142857142856
1186,1187,diag_1,428,56,6,10.714285714285714,2,4,2,3.571428571428571
1186,1187,diag_2,428,56,2,3.571428571428571,2,0,2,3.571428571428571
1187,1188,diag_1,428,56,6,10.714285714285714,2,4,2,3.571428571428571
1187,1188,diag_2,428,56,5,8.928571428571429,2,3,2,3.571428571428571
1188,1189,diag_1,428,56,1,1.7857142857142856,2,0,1,1.7857142857142856
1188,1189,diag_2,428,56,3,5.357142857142857,2,1,2,3.571428571428571
1189,1190,diag_1,428,56,6,10.714285714285714,2,4,2,3.571428571428571
1189,1190,diag_2,428,56,3,5.357142857142857,2,1,2,3.571428571428571
1190,1191,diag_1,428,56,3,5.357142857142857,2,1,2,3.571428571428571
1190,1191,diag_2,428,56,1,1.7857142857142856,2,0,1,1.7857142857142856
1191,1192,diag_1,428,56,1,1.7857142857142856,2,0,1,1.7857142857142856
1191,1192,diag_2,428,56,3,5.357142857142857,2,1,2,3.571428571428571
1192,1193,diag_1,428,56,3,5.357142857142857,2,1,2,3.571428571428571
1192,1193,diag_2,428,56,2,3.571428571428571,2,0,2,3.571428571428571
1193,1194,diag_1,428,56,2,3.571428571428571,2,0,2,3.571428571428571
1193,1194,diag_2,428,56,5,8.928571428571429,2,3,2,3.571428571428571
1194,1195,diag_1,428,56,4,7.142857142857142,2,2,2,3.571428571428571
1194,1195,diag_2,428,56,5,8.928571428571429,2,3,2,3.571428571428571
1195,1196,diag_1,428,56,6,10.714285714285714,2,4,2,3.571428571428571
1195,1196,diag_2,428,56,1,1.7857142857142856,2,0,1,1.7857142857142856
1196,1197,diag_1,428,56,3,5.357142857142857,2,1,2,3.571428571428571
1196,1197,diag_2,428,56,1,1.7857142857142856,2,0,1,1.7857142857142856
1197,1198,diag_1,428,56,3,5.357142857142857,2,1,2,3.571428571428571
1197,1198,diag_2,428,56,2,3.571428571428571,2,0,2,3.571428571428571
1198,1199,diag_1,428,56,2,3.571428571428571,2,0,2,3.571428571428571
1198,1199,diag_2,428,56,5,8.928571428571429,2,3,2,3.571428571428571
1199,1200,diag_1,428,56,6,10.714285714285714,2,4,2,3.571428571428571
1199,1200,diag_2,428,56,1,1.7857142857142856,2,0,1,1.7857142857142856
1200,1201,diag_1,428,56,2,3.571428571428571,2,0,2,3.571428571428571
1200,1201,diag_2,428,56,4,7.142857142857142,2,2,2,3.571428571428571
1201,1202,diag_1,428,56,4,7.142857142857142,2,2,2,3.571428571428571
1201,1202,diag_2,428,56,1,1.7857142857142856,2,0,1,1.7857142857142856
1202,1203,diag_1,428,56,5,8.928571428571429,2,3,2,3.571428571428571
1202,1203,diag_2,428,56,5,8.928571428571429,2,3,2,3.571428571428571
1203,1204,diag_1,428,56,3,5.357142857142857,2,1,2,3.571428571428571
1203,1204,diag_2,428,56,4,7.142857142857142,2,2,2,3.571428571428571
1204,1205,diag_1,428,56,4,7.142857142857142,2,2,2,3.571428571428571
1204,1205,diag_2,428,56,3,5.357142857142857,2,1,2,3.571428571428571
1205,1206,diag_1,428,56,2,3.571428571428571,2,0,2,3.571428571428571
1205,1206,diag_2,428,56,4,7.142857142857142,2,2,2,3.571428571428571
1206,1207,diag_1,428,56,4,7.142857142857142,2,2,2,3.571428571428571
1206,1207,diag_2,428,56,3,5.357142857142857,2,1,2,3.571428571428571
1207,1208,diag_1,428,56,5,8.928571428571429,2,3,2,3.571428571428571
1207,1208,diag_2,428,56,2,3.571428571428571,2,0,2,3.571428571428571
1208,1209,diag_1,428,56,3,5.357142857142857,2,1,2,3.571428571428571
1208,1209,diag_2,428,56,5,8.928571428571429,2,3,2,3.571428571428571
1209,1210,diag_1,428,56,3,5.357142857142857,2,1,2,3.571428571428571
1209,1210,diag_2,428,56,2,3.571428571428571,2,0,2,3.571428571428571
1210,1211,diag_1,428,56,3,5.357142857142857,2,1,2,3.571428571428571
1210,1211,diag_2,428,56,4,7.142857142857142,2,2,2,3.571428571428571
1211,1212,diag_1,428,56,2,3.571428571428571,2,0,2,3.571428571428571
1211,1212,diag_2,428,56,3,5.357142857142857,2,1,2,3.571428571428571
1212,1213,diag_1,428,56,4,7.142857142857142,2,2,2,3.571428571428571
1212,1213,diag_2,428,56,2,3.571428571428571,2,0,2,3.571428571428571
1213,1214,diag_1,428,56,4,7.142857142857142,2,2,2,3.571428571428571
1213,1214,diag_2,428,56,4,7.142857142857142,2,2,2,3.571428571428571
1214,1215,diag_1,428,56,6,10.714285714285714,2,4,2,3.571428571428571
1214,1215,diag_2,428,56,1,1.7857142857142856,2,0,1,1.7857142857142856
1215,1216,diag_1,428,56,3,5.357142857142857,2,1,2,3.571428571428571
1215,1216,diag_2,428,56,2,3.571428571428571,2,0,2,3.571428571428571
1216,1217,diag_1,428,56,2,3.571428571428571,2,0,2,3.571428571428571
1216,1217,diag_2,428,56,2,3.571428571428571,2,0,2,3.571428571428571
1217,1218,diag_1,428,56,7,12.5,2,5,2,3.571428571428571
1217,1218,diag_2,428,56,6,10.714285714285714,2,4,2,3.571428571428571
1218,1219,diag_1,428,56,3,5.357142857142857,2,1,2,3.571428571428571
1218,1219,diag_2,428,56,5,8.928571428571429,2,3,2,3.571428571428571
1219,1220,diag_1,428,56,2,3.571428571428571,2,0,2,3.571428571428571
1219,1220,diag_2,428,56,3,5.357142857142857,2,1,2,3.571428571428571
1220,1221,diag_1,428,56,3,5.357142857142857,2,1,2,3.571428571428571
1220,1221,diag_2,428,56,5,8.928571428571429,2,3,2,3.571428571428571
1221,1222,diag_1,428,56,4,7.142857142857142,2,2,2,3.571428571428571
1221,1222,diag_2,428,56,2,3.571428571428571,2,0,2,3.571428571428571
1222,1223,diag_1,428,56,5,8.928571428571429,2,3,2,3.571428571428571
1222,1223,diag_2,428,56,3,5.357142857142857,2,1,2,3.571428571428571
1223,1224,diag_1,428,56,4,7.142857142857142,2,2,2,3.571428571428571
1223,1224,diag_2,428,56,4,7.142857142857142,2,2,2,3.571428571428571
1224,1225,diag_1,428,56,1,1.7857142857142856,2,0,1,1.7857142857142856
1224,1225,diag_2,428,56,3,5.357142857142857,2,1,2,3.571428571428571
1225,1226,diag_1,428,56,2,3.571428571428571,2,0,2,3.571428571428571
1225,1226,diag_2,428,56,1,1.7857142857142856,2,0,1,1.7857142857142856
1226,1227,diag_1,428,56,4,7.142857142857142,2,2,2,3.571428571428571
1226,1227,diag_2,428,56,1,1.7857142857142856,2,0,1,1.7857142857142856
1227,1228,diag_1,428,56,4,7.142857142857142,2,2,2,3.571428571428571
1227,1228,diag_2,428,56,3,5.357142857142857,2,1,2,3.571428571428571
1228,1229,diag_1,428,56,4,7.142857142857142,2,2,2,3.571428571428571
1228,1229,diag_2,428,56,3,5.357142857142857,2,1,2,3.571428571428571
1229,1230,diag_1,428,56,6,10.714285714285714,2,4,2,3.571428571428571
1229,1230,diag_2,428,56,4,7.142857142857142,2,2,2,3.571428571428571
1230,1231,diag_1,428,56,3,5.357142857142857,2,1,2,3.571428571428571
1230,1231,diag_2,428,56,6,10.714285714285714,2,4,2,3.571428571428571
1231,1232,diag_1,428,56,1,1.7857142857142856,2,0,1,1.7857142857142856
1231,1232,diag_2,428,56,3,5.357142857142857,2,1,2,3.571428571428571
1232,1233,diag_1,428,56,2,3.571428571428571,2,0,2,3.571428571428571
1232,1233,diag_2,428,56,4,7.142857142857142,2,2,2,3.571428571428571
1233,1234,diag_1,428,56,2,3.571428571428571,2,0,2,3.571428571428571
1233,1234,diag_2,428,56,3,5.357142857142857,2,1,2,3.571428571428571
1234,1235,diag_1,428,56,3,5.357142857142857,2,1,2,3.571428571428571
1234,1235,diag_2,428,56,3,5.357142857142857,2,1,2,3.571428571428571
1235,1236,diag_1,428,56,5,8.928571428571429,2,3,2,3.571428571428571
1235,1236,diag_2,428,56,2,3.571428571428571,2,0,2,3.571428571428571
1236,1237,diag_1,428,56,5,8.928571428571429,2,3,2,3.571428571428571
1236,1237,diag_2,428,56,1,1.7857142857142856,2,0,1,1.7857142857142856
1237,1238,diag_1,428,56,3,5.357142857142857,2,1,2,3.571428571428571
1237,1238,diag_2,428,56,3,5.357142857142857,2,1,2,3.571428571428571
1238,1239,diag_1,428,56,6,10.714285714285714,2,4,2,3.571428571428571
1238,1239,diag_2,428,56,2,3.571428571428571,2,0,2,3.571428571428571
1239,1240,diag_1,428,56,4,7.142857142857142,2,2,2,3.571428571428571
1239,1240,diag_2,428,56,2,3.571428571428571,2,0,2,3.571428571428571
1240,1241,diag_1,428,56,3,5.357142857142857,2,1,2,3.571428571428571
1240,1241,diag_2,428,56,4,7.142857142857142,2,2,2,3.571428571428571
1241,1242,diag_1,428,56,3,5.357142857142857,2,1,2,3.571428571428571
1241,1242,diag_2,428,56,2,3.571428571428571,2,0,2,3.571428571428571
1242,1243,diag_1,428,56,5,8.928571428571429,2,3,2,3.571428571428571
1242,1243,diag_2,428,56,2,3.571428571428571,2,0,2,3.571428571428571
1243,1244,diag_1,428,56,5,8.928571428571429,2,3,2,3.571428571428571
1243,1244,diag_2,428,56,2,3.571428571428571,2,0,2,3.571428571428571
1244,1245,diag_1,428,56,4,7.142857142857142,2,2,2,3.571428571428571
1244,1245,diag_2,428,56,3,5.357142857142857,2,1,2,3.571428571428571
1245,1246,diag_1,428,56,1,1.7857142857142856,2,0,1,1.7857142857142856
1245,1246,diag_2,428,56,5,8.928571428571429,2,3,2,3.571428571428571
1246,1247,diag_1,428,56,3,5.357142857142857,2,1,2,3.571428571428571
1246,1247,diag_2,428,56,3,5.357142857142857,2,1,2,3.571428571428571
1247,1248,diag_1,428,56,2,3.571428571428571,2,0,2,3.571428571428571
1247,1248,diag_2,428,56,5,8.928571428571429,2,3,2,3.571428571428571
1248,1249,diag_1,428,56,4,7.142857142857142,2,2,2,3.571428571428571
1248,1249,diag_2,428,56,5,8.928571428571429,2,3,2,3.571428571428571
1249,1250,diag_1,428,56,5,8.928571428571429,2,3,2,3.571428571428571
1249,1250,diag_2,428,56,5,8.928571428571429,2,3,2,3.571428571428571
1250,1251,diag_1,428,56,6,10.714285714285714,2,4,2,3.571428571428571
1250,1251,diag_2,428,56,2,3.571428571428571,2,0,2,3.571428571428571
1251,1252,diag_1,428,56,1,1.7857142857142856,2,0,1,1.7857142857142856
1251,1252,diag_2,428,56,1,1.7857142857142856,2,0,1,1.7857142857142856
1252,1253,diag_1,428,56,2,3.571428571428571,2,0,2,3.571428571428571
1252,1253,diag_2,428,56,3,5.357142857142857,2,1,2,3.571428571428571
1253,1254,diag_1,428,56,1,1.7857142857142856,2,0,1,1.7857142857142856
1253,1254,diag_2,428,56,4,7.142857142857142,2,2,2,3.571428571428571
1254,1255,diag_1,428,56,6,10.714285714285714,2,4,2,3.571428571428571
1254,1255,diag_2,428,56,4,7.142857142857142,2,2,2,3.571428571428571
1255,1256,diag_1,428,56,4,7.142857142857142,2,2,2,3.571428571428571
1255,1256,diag_2,428,56,3,5.357142857142857,2,1,2,3.571428571428571
1256,1257,diag_1,428,56,4,7.142857142857142,2,2,2,3.571428571428571
1256,1257,diag_2,428,56,5,8.928571428571429,2,3,2,3.571428571428571
1257,1258,diag_1,428,56,3,5.357142857142857,2,1,2,3.571428571428571
1257,1258,diag_2,428,56,4,7.142857142857142,2,2,2,3.571428571428571
1258,1259,diag_1,428,56,3,5.357142857142857,2,1,2,3.571428571428571
1258,1259,diag_2,428,56,2,3.571428571428571,2,0,2,3.571428571428571
1259,1260,diag_1,428,56,9,16.071428571428573,2,7,2,3.571428571428571
1259,1260,diag_2,428,56,3,5.357142857142857,2,1,2,3.571428571428571
1260,1261,diag_1,428,56,1,1.7857142857142856,2,0,1,1.7857142857142856
1260,1261,diag_2,428,56,1,1.7857142857142856,2,0,1,1.7857142857142856
1261,1262,diag_1,428,56,3,5.357142857142857,2,1,2,3.571428571428571
1261,1262,diag_2,428,56,4,7.142857142857142,2,2,2,3.571428571428571
1262,1263,diag_1,428,56,1,1.7857142857142856,2,0,1,1.7857142857142856
1262,1263,diag_2,428,56,4,7.142857142857142,2,2,2,3.571428571428571
1263,1264,diag_1,428,56,2,3.571428571428571,2,0,2,3.571428571428571
1263,1264,diag_2,428,56,1,1.7857142857142856,2,0,1,1.7857142857142856
1264,1265,diag_1,428,56,3,5.357142857142857,2,1,2,3.571428571428571
1264,1265,diag_2,428,56,5,8.928571428571429,2,3,2,3.571428571428571
1265,1266,diag_1,428,56,1,1.7857142857142856,2,0,1,1.7857142857142856
1265,1266,diag_2,428,56,4,7.142857142857142,2,2,2,3.571428571428571
1266,1267,diag_1,428,56,6,10.714285714285714,2,4,2,3.571428571428571
1266,1267,diag_2,428,56,1,1.7857142857142856,2,0,1,1.7857142857142856
1267,1268,diag_1,428,56,4,7.142857142857142,2,2,2,3.571428571428571
1267,1268,diag_2,428,56,5,8.928571428571429,2,3,2,3.571428571428571
1268,1269,diag_1,428,56,4,7.142857142857142,2,2,2,3.571428571428571
1268,1269,diag_2,428,56,2,3.571428571428571,2,0,2,3.571428571428571
1269,1270,diag_1,428,56,4,7.142857142857142,2,2,2,3.571428571428571
1269,1270,diag_2,428,56,6,10.714285714285714,2,4,2,3.571428571428571
1270,1271,diag_1,428,56,5,8.928571428571429,2,3,2,3.571428571428571
1270,1271,diag_2,428,56,1,1.7857142857142856,2,0,1,1.7857142857142856
1271,1272,diag_1,428,56,3,5.357142857142857,2,1,2,3.571428571428571
1271,1272,diag_2,428,56,5,8.928571428571429,2,3,2,3.571428571428571
1272,1273,diag_1,428,56,6,10.714285714285714,2,4,2,3.571428571428571
1272,1273,diag_2,428,56,3,5.357142857142857,2,1,2,3.571428571428571
1273,1274,diag_1,428,56,3,5.357142857142857,2,1,2,3.571428571428571
1273,1274,diag_2,428,56,2,3.571428571428571,2,0,2,3.571428571428571
1274,1275,diag_1,428,56,6,10.714285714285714,2,4,2,3.571428571428571
1274,1275,diag_2,428,56,1,1.7857142857142856,2,0,1,1.7857142857142856
1275,1276,diag_1,428,56,3,5.357142857142857,2,1,2,3.571428571428571
1275,1276,diag_2,428,56,4,7.142857142857142,2,2,2,3.571428571428571
1276,1277,diag_1,428,56,1,1.7857142857142856,2,0,1,1.7857142857142856
1276,1277,diag_2,428,56,1,1.7857142857142856,2,0,1,1.7857142857142856
1277,1278,diag_1,428,56,6,10.714285714285714,2,4,2,3.571428571428571
1277,1278,diag_2,428,56,8,14.285714285714285,2,6,2,3.571428571428571
1278,1279,diag_1,428,56,3,5.357142857142857,2,1,2,3.571428571428571
1278,1279,diag_2,428,56,2,3.571428571428571,2,0,2,3.571428571428571
1279,1280,diag_1,428,56,8,14.285714285714285,2,6,2,3.571428571428571
1279,1280,diag_2,428,56,6,10.714285714285714,2,4,2,3.571428571428571
1280,1281,diag_1,428,56,4,7.142857142857142,2,2,2,3.571428571428571
1280,1281,diag_2,428,56,4,7.142857142857142,2,2,2,3.571428571428571
1281,1282,diag_1,428,56,2,3.571428571428571,2,0,2,3.571428571428571
1281,1282,diag_2,428,56,2,3.571428571428571,2,0,2,3.571428571428571
1282,1283,diag_1,428,56,2,3.571428571428571,2,0,2,3.571428571428571
1282,1283,diag_2,428,56,6,10.714285714285714,2,4,2,3.571428571428571
1283,1284,diag_1,428,56,0,0.0,2,0,0,0.0
1283,1284,diag_2,428,56,1,1.7857142857142856,2,0,1,1.7857142857142856
1284,1285,diag_1,428,56,3,5.357142857142857,2,1,2,3.571428571428571
1284,1285,diag_2,428,56,0,0.0,2,0,0,0.0
1285,1286,diag_1,428,56,4,7.142857142857142,2,2,2,3.571428571428571
1285,1286,diag_2,428,56,2,3.571428571428571,2,0,2,3.571428571428571
1286,1287,diag_1,428,56,4,7.142857142857142,2,2,2,3.571428571428571
1286,1287,diag_2,428,56,3,5.357142857142857,2,1,2,3.571428571428571
1287,1288,diag_1,428,56,4,7.142857142857142,2,2,2,3.571428571428571
1287,1288,diag_2,428,56,2,3.571428571428571,2,0,2,3.571428571428571
1288,1289,diag_1,428,56,4,7.142857142857142,2,2,2,3.571428571428571
1288,1289,diag_2,428,56,7,12.5,2,5,2,3.571428571428571
1289,1290,diag_1,428,56,1,1.7857142857142856,2,0,1,1.7857142857142856
1289,1290,diag_2,428,56,6,10.714285714285714,2,4,2,3.571428571428571
1290,1291,diag_1,428,56,3,5.357142857142857,2,1,2,3.571428571428571
1290,1291,diag_2,428,56,2,3.571428571428571,2,0,2,3.571428571428571
1291,1292,diag_1,428,56,7,12.5,2,5,2,3.571428571428571
1291,1292,diag_2,428,56,2,3.571428571428571,2,0,2,3.571428571428571
1292,1293,diag_1,428,56,5,8.928571428571429,2,3,2,3.571428571428571
1292,1293,diag_2,428,56,6,10.714285714285714,2,4,2,3.571428571428571
1293,1294,diag_1,428,56,4,7.142857142857142,2,2,2,3.571428571428571
1293,1294,diag_2,428,56,2,3.571428571428571,2,0,2,3.571428571428571
1294,1295,diag_1,428,56,6,10.714285714285714,2,4,2,3.571428571428571
1294,1295,diag_2,428,56,2,3.571428571428571,2,0,2,3.571428571428571
1295,1296,diag_1,428,56,2,3.571428571428571,2,0,2,3.571428571428571
1295,1296,diag_2,428,56,2,3.571428571428571,2,0,2,3.571428571428571
1296,1297,diag_1,428,56,5,8.928571428571429,2,3,2,3.571428571428571
1296,1297,diag_2,428,56,1,1.7857142857142856,2,0,1,1.7857142857142856
1297,1298,diag_1,428,56,1,1.7857142857142856,2,0,1,1.7857142857142856
1297,1298,diag_2,428,56,2,3.571428571428571,2,0,2,3.571428571428571
1298,1299,diag_1,428,56,2,3.571428571428571,2,0,2,3.571428571428571
1298,1299,diag_2,428,56,1,1.7857142857142856,2,0,1,1.7857142857142856
1299,1300,diag_1,428,56,2,3.571428571428571,2,0,2,3.571428571428571
1299,1300,diag_2,428,56,3,5.357142857142857,2,1,2,3.571428571428571
1300,1301,diag_1,428,56,7,12.5,2,5,2,3.571428571428571
1300,1301,diag_2,428,56,5,8.928571428571429,2,3,2,3.571428571428571
1301,1302,diag_1,428,56,2,3.571428571428571,2,0,2,3.571428571428571
1301,1302,diag_2,428,56,4,7.142857142857142,2,2,2,3.571428571428571
1302,1303,diag_1,428,56,5,8.928571428571429,2,3,2,3.571428571428571
1302,1303,diag_2,428,56,3,5.357142857142857,2,1,2,3.571428571428571
1303,1304,diag_1,428,56,4,7.142857142857142,2,2,2,3.571428571428571
1303,1304,diag_2,428,56,3,5.357142857142857,2,1,2,3.571428571428571
1304,1305,diag_1,428,56,0,0.0,2,0,0,0.0
1304,1305,diag_2,428,56,6,10.714285714285714,2,4,2,3.571428571428571
1305,1306,diag_1,428,56,5,8.928571428571429,2,3,2,3.571428571428571
1305,1306,diag_2,428,56,4,7.142857142857142,2,2,2,3.571428571428571
1306,1307,diag_1,428,56,1,1.7857142857142856,2,0,1,1.7857142857142856
1306,1307,diag_2,428,56,4,7.142857142857142,2,2,2,3.571428571428571
1307,1308,diag_1,428,56,4,7.142857142857142,2,2,2,3.571428571428571
1307,1308,diag_2,428,56,3,5.357142857142857,2,1,2,3.571428571428571
1308,1309,diag_1,428,56,5,8.928571428571429,2,3,2,3.571428571428571
1308,1309,diag_2,428,56,5,8.928571428571429,2,3,2,3.571428571428571
1309,1310,diag_1,428,56,7,12.5,2,5,2,3.571428571428571
1309,1310,diag_2,428,56,1,1.7857142857142856,2,0,1,1.7857142857142856
1310,1311,diag_1,428,56,6,10.714285714285714,2,4,2,3.571428571428571
1310,1311,diag_2,428,56,6,10.714285714285714,2,4,2,3.571428571428571
1311,1312,diag_1,428,56,2,3.571428571428571,2,0,2,3.571428571428571
1311,1312,diag_2,428,56,4,7.142857142857142,2,2,2,3.571428571428571
1312,1313,diag_1,428,56,1,1.7857142857142856,2,0,1,1.7857142857142856
1312,1313,diag_2,428,56,0,0.0,2,0,0,0.0
1313,1314,diag_1,428,56,3,5.357142857142857,2,1,2,3.571428571428571
1313,1314,diag_2,428,56,2,3.571428571428571,2,0,2,3.571428571428571
1314,1315,diag_1,428,56,5,8.928571428571429,2,3,2,3.571428571428571
1314,1315,diag_2,428,56,2,3.571428571428571,2,0,2,3.571428571428571
1315,1316,diag_1,428,56,6,10.714285714285714,2,4,2,3.571428571428571
1315,1316,diag_2,428,56,4,7.142857142857142,2,2,2,3.571428571428571
1316,1317,diag_1,428,56,1,1.7857142857142856,2,0,1,1.7857142857142856
1316,1317,diag_2,428,56,3,5.357142857142857,2,1,2,3.571428571428571
1317,1318,diag_1,428,56,2,3.571428571428571,2,0,2,3.571428571428571
1317,1318,diag_2,428,56,2,3.571428571428571,2,0,2,3.571428571428571
1318,1319,diag_1,428,56,4,7.142857142857142,2,2,2,3.571428571428571
1318,1319,diag_2,428,56,2,3.571428571428571,2,0,2,3.571428571428571
1319,1320,diag_1,428,56,4,7.142857142857142,2,2,2,3.571428571428571
1319,1320,diag_2,428,56,3,5.357142857142857,2,1,2,3.571428571428571
1320,1321,diag_1,428,56,3,5.357142857142857,2,1,2,3.571428571428571
1320,1321,diag_2,428,56,4,7.142857142857142,2,2,2,3.571428571428571
1321,1322,diag_1,428,56,2,3.571428571428571,2,0,2,3.571428571428571
1321,1322,diag_2,428,56,4,7.142857142857142,2,2,2,3.571428571428571
1322,1323,diag_1,428,56,7,12.5,2,5,2,3.571428571428571
1322,1323,diag_2,428,56,3,5.357142857142857,2,1,2,3.571428571428571
1323,1324,diag_1,428,56,6,10.714285714285714,2,4,2,3.571428571428571
1323,1324,diag_2,428,56,4,7.142857142857142,2,2,2,3.571428571428571
1324,1325,diag_1,428,56,0,0.0,2,0,0,0.0
1324,1325,diag_2,428,56,3,5.357142857142857,2,1,2,3.571428571428571
1325,1326,diag_1,428,56,1,1.7857142857142856,2,0,1,1.7857142857142856
1325,1326,diag_2,428,56,3,5.357142857142857,2,1,2,3.571428571428571
1326,1327,diag_1,428,56,7,12.5,2,5,2,3.571428571428571
1326,1327,diag_2,428,56,4,7.142857142857142,2,2,2,3.571428571428571
1327,1328,diag_1,428,56,6,10.714285714285714,2,4,2,3.571428571428571
1327,1328,diag_2,428,56,4,7.142857142857142,2,2,2,3.571428571428571
1328,1329,diag_1,428,56,2,3.571428571428571,2,0,2,3.571428571428571
1328,1329,diag_2,428,56,2,3.571428571428571,2,0,2,3.571428571428571
1329,1330,diag_1,428,56,2,3.571428571428571,2,0,2,3.571428571428571
1329,1330,diag_2,428,56,3,5.357142857142857,2,1,2,3.571428571428571
1330,1331,diag_1,428,56,6,10.714285714285714,2,4,2,3.571428571428571
1330,1331,diag_2,428,56,3,5.357142857142857,2,1,2,3.571428571428571
1331,1332,diag_1,428,56,2,3.571428571428571,2,0,2,3.571428571428571
1331,1332,diag_2,428,56,1,1.7857142857142856,2,0,1,1.7857142857142856
1332,1333,diag_1,428,56,6,10.714285714285714,2,4,2,3.571428571428571
1332,1333,diag_2,428,56,2,3.571428571428571,2,0,2,3.571428571428571
1333,1334,diag_1,428,56,1,1.7857142857142856,2,0,1,1.7857142857142856
1333,1334,diag_2,428,56,2,3.571428571428571,2,0,2,3.571428571428571
1334,1335,diag_1,428,56,6,10.714285714285714,2,4,2,3.571428571428571
1334,1335,diag_2,428,56,1,1.7857142857142856,2,0,1,1.7857142857142856
1335,1336,diag_1,428,56,3,5.357142857142857,2,1,2,3.571428571428571
1335,1336,diag_2,428,56,0,0.0,2,0,0,0.0
1336,1337,diag_1,428,56,5,8.928571428571429,2,3,2,3.571428571428571
1336,1337,diag_2,428,56,4,7.142857142857142,2,2,2,3.571428571428571
1337,1338,diag_1,428,56,4,7.142857142857142,2,2,2,3.571428571428571
1337,1338,diag_2,428,56,4,7.142857142857142,2,2,2,3.571428571428571
1338,1339,diag_1,428,56,5,8.928571428571429,2,3,2,3.571428571428571
1338,1339,diag_2,428,56,2,3.571428571428571,2,0,2,3.571428571428571
1339,1340,diag_1,428,56,4,7.142857142857142,2,2,2,3.571428571428571
1339,1340,diag_2,428,56,2,3.571428571428571,2,0,2,3.571428571428571
1340,1341,diag_1,428,56,4,7.142857142857142,2,2,2,3.571428571428571
1340,1341,diag_2,428,56,2,3.571428571428571,2,0,2,3.571428571428571
1341,1342,diag_1,428,56,5,8.928571428571429,2,3,2,3.571428571428571
1341,1342,diag_2,428,56,3,5.357142857142857,2,1,2,3.571428571428571
1342,1343,diag_1,428,56,6,10.714285714285714,2,4,2,3.571428571428571
1342,1343,diag_2,428,56,4,7.142857142857142,2,2,2,3.571428571428571
1343,1344,diag_1,428,56,5,8.928571428571429,2,3,2,3.571428571428571
1343,1344,diag_2,428,56,3,5.357142857142857,2,1,2,3.571428571428571
1344,1345,diag_1,428,56,6,10.714285714285714,2,4,2,3.571428571428571
1344,1345,diag_2,428,56,2,3.571428571428571,2,0,2,3.571428571428571
1345,1346,diag_1,428,56,1,1.7857142857142856,2,0,1,1.7857142857142856
1345,1346,diag_2,428,56,3,5.357142857142857,2,1,2,3.571428571428571
1346,1347,diag_1,428,56,4,7.142857142857142,2,2,2,3.571428571428571
1346,1347,diag_2,428,56,1,1.7857142857142856,2,0,1,1.7857142857142856
1347,1348,diag_1,428,56,5,8.928571428571429,2,3,2,3.571428571428571
1347,1348,diag_2,428,56,3,5.357142857142857,2,1,2,3.571428571428571
1348,1349,diag_1,428,56,4,7.142857142857142,2,2,2,3.571428571428571
1348,1349,diag_2,428,56,1,1.7857142857142856,2,0,1,1.7857142857142856
1349,1350,diag_1,428,56,5,8.928571428571429,2,3,2,3.571428571428571
1349,1350,diag_2,428,56,8,14.285714285714285,2,6,2,3.571428571428571
1350,1351,diag_1,428,56,3,5.357142857142857,2,1,2,3.571428571428571
1350,1351,diag_2,428,56,5,8.928571428571429,2,3,2,3.571428571428571
1351,1352,diag_1,428,56,6,10.714285714285714,2,4,2,3.571428571428571
1351,1352,diag_2,428,56,6,10.714285714285714,2,4,2,3.571428571428571
1352,1353,diag_1,428,56,3,5.357142857142857,2,1,2,3.571428571428571
1352,1353,diag_2,428,56,3,5.357142857142857,2,1,2,3.571428571428571
1353,1354,diag_1,428,56,4,7.142857142857142,2,2,2,3.571428571428571
1353,1354,diag_2,428,56,3,5.357142857142857,2,1,2,3.571428571428571
1354,1355,diag_1,428,56,5,8.928571428571429,2,3,2,3.571428571428571
1354,1355,diag_2,428,56,2,3.571428571428571,2,0,2,3.571428571428571
1355,1356,diag_1,428,56,3,5.357142857142857,2,1,2,3.571428571428571
1355,1356,diag_2,428,56,2,3.571428571428571,2,0,2,3.571428571428571
1356,1357,diag_1,428,56,6,10.714285714285714,2,4,2,3.571428571428571
1356,1357,diag_2,428,56,5,8.928571428571429,2,3,2,3.571428571428571
1357,1358,diag_1,428,56,4,7.142857142857142,2,2,2,3.571428571428571
1357,1358,diag_2,428,56,0,0.0,2,0,0,0.0
1358,1359,diag_1,428,56,8,14.285714285714285,2,6,2,3.571428571428571
1358,1359,diag_2,428,56,4,7.142857142857142,2,2,2,3.571428571428571
1359,1360,diag_1,428,56,5,8.928571428571429,2,3,2,3.571428571428571
1359,1360,diag_2,428,56,3,5.357142857142857,2,1,2,3.571428571428571
1360,1361,diag_1,428,56,3,5.357142857142857,2,1,2,3.571428571428571
1360,1361,diag_2,428,56,1,1.7857142857142856,2,0,1,1.7857142857142856
1361,1362,diag_1,428,56,4,7.142857142857142,2,2,2,3.571428571428571
1361,1362,diag_2,428,56,5,8.928571428571429,2,3,2,3.571428571428571
1362,1363,diag_1,428,56,2,3.571428571428571,2,0,2,3.571428571428571
1362,1363,diag_2,428,56,3,5.357142857142857,2,1,2,3.571428571428571
1363,1364,diag_1,428,56,6,10.714285714285714,2,4,2,3.571428571428571
1363,1364,diag_2,428,56,5,8.928571428571429,2,3,2,3.571428571428571
1364,1365,diag_1,428,56,2,3.571428571428571,2,0,2,3.571428571428571
1364,1365,diag_2,428,56,2,3.571428571428571,2,0,2,3.571428571428571
1365,1366,diag_1,428,56,2,3.571428571428571,2,0,2,3.571428571428571
1365,1366,diag_2,428,56,3,5.357142857142857,2,1,2,3.571428571428571
1366,1367,diag_1,428,56,1,1.7857142857142856,2,0,1,1.7857142857142856
1366,1367,diag_2,428,56,1,1.7857142857142856,2,0,1,1.7857142857142856
1367,1368,diag_1,428,56,3,5.357142857142857,2,1,2,3.571428571428571
1367,1368,diag_2,428,56,2,3.571428571428571,2,0,2,3.571428571428571
1368,1369,diag_1,428,56,5,8.928571428571429,2,3,2,3.571428571428571
1368,1369,diag_2,428,56,6,10.714285714285714,2,4,2,3.571428571428571
1369,1370,diag_1,428,56,5,8.928571428571429,2,3,2,3.571428571428571
1369,1370,diag_2,428,56,2,3.571428571428571,2,0,2,3.571428571428571
1370,1371,diag_1,428,56,5,8.928571428571429,2,3,2,3.571428571428571
1370,1371,diag_2,428,56,5,8.928571428571429,2,3,2,3.571428571428571
1371,1372,diag_1,428,56,3,5.357142857142857,2,1,2,3.571428571428571
1371,1372,diag_2,428,56,2,3.571428571428571,2,0,2,3.571428571428571
1372,1373,diag_1,428,56,2,3.571428571428571,2,0,2,3.571428571428571
1372,1373,diag_2,428,56,2,3.571428571428571,2,0,2,3.571428571428571
1373,1374,diag_1,428,56,3,5.357142857142857,2,1,2,3.571428571428571
1373,1374,diag_2,428,56,2,3.571428571428571,2,0,2,3.571428571428571
1374,1375,diag_1,428,56,1,1.7857142857142856,2,0,1,1.7857142857142856
1374,1375,diag_2,428,56,5,8.928571428571429,2,3,2,3.571428571428571
1375,1376,diag_1,428,56,5,8.928571428571429,2,3,2,3.571428571428571
1375,1376,diag_2,428,56,3,5.357142857142857,2,1,2,3.571428571428571
1376,1377,diag_1,428,56,4,7.142857142857142,2,2,2,3.571428571428571
1376,1377,diag_2,428,56,2,3.571428571428571,2,0,2,3.571428571428571
1377,1378,diag_1,428,56,5,8.928571428571429,2,3,2,3.571428571428571
1377,1378,diag_2,428,56,2,3.571428571428571,2,0,2,3.571428571428571
1378,1379,diag_1,428,56,5,8.928571428571429,2,3,2,3.571428571428571
1378,1379,diag_2,428,56,4,7.142857142857142,2,2,2,3.571428571428571
1379,1380,diag_1,428,56,1,1.7857142857142856,2,0,1,1.7857142857142856
1379,1380,diag_2,428,56,2,3.571428571428571,2,0,2,3.571428571428571
1380,1381,diag_1,428,56,5,8.928571428571429,2,3,2,3.571428571428571
1380,1381,diag_2,428,56,2,3.571428571428571,2,0,2,3.571428571428571
1381,1382,diag_1,428,56,2,3.571428571428571,2,0,2,3.571428571428571
1381,1382,diag_2,428,56,4,7.142857142857142,2,2,2,3.571428571428571
1382,1383,diag_1,428,56,8,14.285714285714285,2,6,2,3.571428571428571
1382,1383,diag_2,428,56,4,7.142857142857142,2,2,2,3.571428571428571
1383,1384,diag_1,428,56,2,3.571428571428571,2,0,2,3.571428571428571
1383,1384,diag_2,428,56,1,1.7857142857142856,2,0,1,1.7857142857142856
1384,1385,diag_1,428,56,0,0.0,2,0,0,0.0
1384,1385,diag_2,428,56,2,3.571428571428571,2,0,2,3.571428571428571
1385,1386,diag_1,428,56,3,5.357142857142857,2,1,2,3.571428571428571
1385,1386,diag_2,428,56,3,5.357142857142857,2,1,2,3.571428571428571
1386,1387,diag_1,428,56,4,7.142857142857142,2,2,2,3.571428571428571
1386,1387,diag_2,428,56,4,7.142857142857142,2,2,2,3.571428571428571
1387,1388,diag_1,428,56,5,8.928571428571429,2,3,2,3.571428571428571
1387,1388,diag_2,428,56,4,7.142857142857142,2,2,2,3.571428571428571
1388,1389,diag_1,428,56,5,8.928571428571429,2,3,2,3.571428571428571
1388,1389,diag_2,428,56,5,8.928571428571429,2,3,2,3.571428571428571
1389,1390,diag_1,428,56,3,5.357142857142857,2,1,2,3.571428571428571
1389,1390,diag_2,428,56,1,1.7857142857142856,2,0,1,1.7857142857142856
1390,1391,diag_1,428,56,3,5.357142857142857,2,1,2,3.571428571428571
1390,1391,diag_2,428,56,4,7.142857142857142,2,2,2,3.571428571428571
1391,1392,diag_1,428,56,2,3.571428571428571,2,0,2,3.571428571428571
1391,1392,diag_2,428,56,0,0.0,2,0,0,0.0
1392,1393,diag_1,428,56,1,1.7857142857142856,2,0,1,1.7857142857142856
1392,1393,diag_2,428,56,0,0.0,2,0,0,0.0
