bucket_id,bucket,attribute,hsa,bucket_size,before_count,before_percent,allowed_count,suppressed_count,after_count,after_percent
0,1,diag_1,428,37,0,0.0,1,0,0,0.0
0,1,diag_2,428,37,0,0.0,1,0,0,0.0
0,1,diag_3,250,37,1,2.7027027027027026,1,0,1,2.7027027027027026
1,2,diag_1,428,37,5,13.513513513513514,1,4,1,2.7027027027027026
1,2,diag_2,428,37,2,5.405405405405405,1,1,1,2.7027027027027026
1,2,diag_3,250,37,7,18.91891891891892,1,6,1,2.7027027027027026
2,3,diag_1,428,37,1,2.7027027027027026,1,0,1,2.7027027027027026
2,3,diag_2,428,37,5,13.513513513513514,1,4,1,2.7027027027027026
2,3,diag_3,250,37,3,8.108108108108109,1,2,1,2.7027027027027026
3,4,diag_1,428,37,0,0.0,1,0,0,0.0
3,4,diag_2,428,37,1,2.7027027027027026,1,0,1,2.7027027027027026
3,4,diag_3,250,37,3,8.108108108108109,1,2,1,2.7027027027027026
4,5,diag_1,428,37,3,8.108108108108109,1,2,1,2.7027027027027026
4,5,diag_2,428,37,3,8.108108108108109,1,2,1,2.7027027027027026
4,5,diag_3,250,37,9,24.324324324324326,1,8,1,2.7027027027027026
5,6,diag_1,428,37,3,8.108108108108109,1,2,1,2.7027027027027026
5,6,diag_2,428,37,2,5.405405405405405,1,1,1,2.7027027027027026
5,6,diag_3,250,37,3,8.108108108108109,1,2,1,2.7027027027027026
6,7,diag_1,428,37,2,5.405405405405405,1,1,1,2.7027027027027026
6,7,diag_2,428,37,4,10.81081081081081,1,3,1,2.7027027027027026
6,7,diag_3,250,37,3,8.108108108108109,1,2,1,2.7027027027027026
7,8,diag_1,428,37,3,8.108108108108109,1,2,1,2.7027027027027026
7,8,diag_2,428,37,5,13.513513513513514,1,4,1,2.7027027027027026
7,8,diag_3,250,37,6,16.216216216216218,1,5,1,2.7027027027027026
8,9,diag_1,428,37,5,13.513513513513514,1,4,1,2.7027027027027026
8,9,diag_2,428,37,2,5.405405405405405,1,1,1,2.7027027027027026
8,9,diag_3,250,37,3,8.108108108108109,1,2,1,2.7027027027027026
9,10,diag_1,428,37,0,0.0,1,0,0,0.0
9,10,diag_2,428,37,3,8.108108108108109,1,2,1,2.7027027027027026
9,10,diag_3,250,37,9,24.324324324324326,1,8,1,2.7027027027027026
10,11,diag_1,428,37,2,5.405405405405405,1,1,1,2.7027027027027026
10,11,diag_2,428,37,0,0.0,1,0,0,0.0
10,11,diag_3,250,37,5,13.513513513513514,1,4,1,2.7027027027027026
11,12,diag_1,428,37,0,0.0,1,0,0,0.0
11,12,diag_2,428,37,3,8.108108108108109,1,2,1,2.7027027027027026
11,12,diag_3,250,37,0,0.0,1,0,0,0.0
12,13,diag_1,428,37,4,10.81081081081081,1,3,1,2.7027027027027026
12,13,diag_2,428,37,3,8.108108108108109,1,2,1,2.7027027027027026
12,13,diag_3,250,37,7,18.91891891891892,1,6,1,2.7027027027027026
13,14,diag_1,428,37,3,8.108108108108109,1,2,1,2.7027027027027026
13,14,diag_2,428,37,2,5.405405405405405,1,1,1,2.7027027027027026
13,14,diag_3,250,37,5,13.513513513513514,1,4,1,2.7027027027027026
14,15,diag_1,428,37,3,8.108108108108109,1,2,1,2.7027027027027026
14,15,diag_2,428,37,0,0.0,1,0,0,0.0
14,15,diag_3,250,37,4,10.81081081081081,1,3,1,2.7027027027027026
15,16,diag_1,428,37,4,10.81081081081081,1,3,1,2.7027027027027026
15,16,diag_2,428,37,1,2.7027027027027026,1,0,1,2.7027027027027026
15,16,diag_3,250,37,4,10.81081081081081,1,3,1,2.7027027027027026
16,17,diag_1,428,37,4,10.81081081081081,1,3,1,2.7027027027027026
16,17,diag_2,428,37,2,5.405405405405405,1,1,1,2.7027027027027026
16,17,diag_3,250,37,5,13.513513513513514,1,4,1,2.7027027027027026
17,18,diag_1,428,37,1,2.7027027027027026,1,0,1,2.7027027027027026
17,18,diag_2,428,37,3,8.108108108108109,1,2,1,2.7027027027027026
17,18,diag_3,250,37,3,8.108108108108109,1,2,1,2.7027027027027026
18,19,diag_1,428,37,4,10.81081081081081,1,3,1,2.7027027027027026
18,19,diag_2,428,37,4,10.81081081081081,1,3,1,2.7027027027027026
18,19,diag_3,250,37,7,18.91891891891892,1,6,1,2.7027027027027026
19,20,diag_1,428,37,1,2.7027027027027026,1,0,1,2.7027027027027026
19,20,diag_2,428,37,3,8.108108108108109,1,2,1,2.7027027027027026
19,20,diag_3,250,37,5,13.513513513513514,1,4,1,2.7027027027027026
20,21,diag_1,428,37,5,13.513513513513514,1,4,1,2.7027027027027026
20,21,diag_2,428,37,2,5.405405405405405,1,1,1,2.7027027027027026
20,21,diag_3,250,37,5,13.513513513513514,1,4,1,2.7027027027027026
21,22,diag_1,428,37,0,0.0,1,0,0,0.0
21,22,diag_2,428,37,2,5.405405405405405,1,1,1,2.7027027027027026
21,22,diag_3,250,37,2,5.405405405405405,1,1,1,2.7027027027027026
22,23,diag_1,428,37,2,5.405405405405405,1,1,1,2.7027027027027026
22,23,diag_2,428,37,3,8.108108108108109,1,2,1,2.7027027027027026
22,23,diag_3,250,37,7,18.91891891891892,1,6,1,2.7027027027027026
23,24,diag_1,428,37,4,10.81081081081081,1,3,1,2.7027027027027026
23,24,diag_2,428,37,5,13.513513513513514,1,4,1,2.7027027027027026
23,24,diag_3,250,37,5,13.513513513513514,1,4,1,2.7027027027027026
24,25,diag_1,428,37,2,5.405405405405405,1,1,1,2.7027027027027026
24,25,diag_2,428,37,1,2.7027027027027026,1,0,1,2.7027027027027026
24,25,diag_3,250,37,4,10.81081081081081,1,3,1,2.7027027027027026
25,26,diag_1,428,37,2,5.405405405405405,1,1,1,2.7027027027027026
25,26,diag_2,428,37,2,5.405405405405405,1,1,1,2.7027027027027026
25,26,diag_3,250,37,5,13.513513513513514,1,4,1,2.7027027027027026
26,27,diag_1,428,37,4,10.81081081081081,1,3,1,2.7027027027027026
26,27,diag_2,428,37,1,2.7027027027027026,1,0,1,2.7027027027027026
26,27,diag_3,250,37,9,24.324324324324326,1,8,1,2.7027027027027026
27,28,diag_1,428,37,2,5.405405405405405,1,1,1,2.7027027027027026
27,28,diag_2,428,37,3,8.108108108108109,1,2,1,2.7027027027027026
27,28,diag_3,250,37,4,10.81081081081081,1,3,1,2.7027027027027026
28,29,diag_1,428,37,2,5.405405405405405,1,1,1,2.7027027027027026
28,29,diag_2,428,37,2,5.405405405405405,1,1,1,2.7027027027027026
28,29,diag_3,250,37,1,2.7027027027027026,1,0,1,2.7027027027027026
29,30,diag_1,428,37,4,10.81081081081081,1,3,1,2.7027027027027026
29,30,diag_2,428,37,2,5.405405405405405,1,1,1,2.7027027027027026
29,30,diag_3,250,37,3,8.108108108108109,1,2,1,2.7027027027027026
30,31,diag_1,428,37,3,8.108108108108109,1,2,1,2.7027027027027026
30,31,diag_2,428,37,6,16.216216216216218,1,5,1,2.7027027027027026
30,31,diag_3,250,37,4,10.81081081081081,1,3,1,2.7027027027027026
31,32,diag_1,428,37,1,2.7027027027027026,1,0,1,2.7027027027027026
31,32,diag_2,428,37,3,8.108108108108109,1,2,1,2.7027027027027026
31,32,diag_3,250,37,4,10.81081081081081,1,3,1,2.7027027027027026
32,33,diag_1,428,37,2,5.405405405405405,1,1,1,2.7027027027027026
32,33,diag_2,428,37,2,5.405405405405405,1,1,1,2.7027027027027026
32,33,diag_3,250,37,1,2.7027027027027026,1,0,1,2.7027027027027026
33,34,diag_1,428,37,4,10.81081081081081,1,3,1,2.7027027027027026
33,34,diag_2,428,37,1,2.7027027027027026,1,0,1,2.7027027027027026
33,34,diag_3,250,37,4,10.81081081081081,1,3,1,2.7027027027027026
34,35,diag_1,428,37,0,0.0,1,0,0,0.0
34,35,diag_2,428,37,3,8.108108108108109,1,2,1,2.7027027027027026
34,35,diag_3,250,37,6,16.216216216216218,1,5,1,2.7027027027027026
35,36,diag_1,428,37,7,18.91891891891892,1,6,1,2.7027027027027026
35,36,diag_2,428,37,3,8.108108108108109,1,2,1,2.7027027027027026
35,36,diag_3,250,37,4,10.81081081081081,1,3,1,2.7027027027027026
36,37,diag_1,428,37,3,8.108108108108109,1,2,1,2.7027027027027026
36,37,diag_2,428,37,5,13.513513513513514,1,4,1,2.7027027027027026
36,37,diag_3,250,37,3,8.108108108108109,1,2,1,2.7027027027027026
37,38,diag_1,428,37,5,13.513513513513514,1,4,1,2.7027027027027026
37,38,diag_2,428,37,2,5.405405405405405,1,1,1,2.7027027027027026
37,38,diag_3,250,37,3,8.108108108108109,1,2,1,2.7027027027027026
38,39,diag_1,428,37,0,0.0,1,0,0,0.0
38,39,diag_2,428,37,1,2.7027027027027026,1,0,1,2.7027027027027026
38,39,diag_3,250,37,2,5.405405405405405,1,1,1,2.7027027027027026
39,40,diag_1,428,37,1,2.7027027027027026,1,0,1,2.7027027027027026
39,40,diag_2,428,37,3,8.108108108108109,1,2,1,2.7027027027027026
39,40,diag_3,250,37,3,8.108108108108109,1,2,1,2.7027027027027026
40,41,diag_1,428,37,1,2.7027027027027026,1,0,1,2.7027027027027026
40,41,diag_2,428,37,4,10.81081081081081,1,3,1,2.7027027027027026
40,41,diag_3,250,37,2,5.405405405405405,1,1,1,2.7027027027027026
41,42,diag_1,428,37,1,2.7027027027027026,1,0,1,2.7027027027027026
41,42,diag_2,428,37,2,5.405405405405405,1,1,1,2.7027027027027026
41,42,diag_3,250,37,2,5.405405405405405,1,1,1,2.7027027027027026
42,43,diag_1,428,37,2,5.405405405405405,1,1,1,2.7027027027027026
42,43,diag_2,428,37,4,10.81081081081081,1,3,1,2.7027027027027026
42,43,diag_3,250,37,4,10.81081081081081,1,3,1,2.7027027027027026
43,44,diag_1,428,37,3,8.108108108108109,1,2,1,2.7027027027027026
43,44,diag_2,428,37,5,13.513513513513514,1,4,1,2.7027027027027026
43,44,diag_3,250,37,5,13.513513513513514,1,4,1,2.7027027027027026
44,45,diag_1,428,37,1,2.7027027027027026,1,0,1,2.7027027027027026
44,45,diag_2,428,37,0,0.0,1,0,0,0.0
44,45,diag_3,250,37,8,21.62162162162162,1,7,1,2.7027027027027026
45,46,diag_1,428,37,2,5.405405405405405,1,1,1,2.7027027027027026
45,46,diag_2,428,37,3,8.108108108108109,1,2,1,2.7027027027027026
45,46,diag_3,250,37,2,5.405405405405405,1,1,1,2.7027027027027026
46,47,diag_1,428,37,1,2.7027027027027026,1,0,1,2.7027027027027026
46,47,diag_2,428,37,2,5.405405405405405,1,1,1,2.7027027027027026
46,47,diag_3,250,37,2,5.405405405405405,1,1,1,2.7027027027027026
47,48,diag_1,428,37,3,8.108108108108109,1,2,1,2.7027027027027026
47,48,diag_2,428,37,5,13.513513513513514,1,4,1,2.7027027027027026
47,48,diag_3,250,37,6,16.216216216216218,1,5,1,2.7027027027027026
48,49,diag_1,428,37,3,8.108108108108109,1,2,1,2.7027027027027026
48,49,diag_2,428,37,2,5.405405405405405,1,1,1,2.7027027027027026
48,49,diag_3,250,37,9,24.324324324324326,1,8,1,2.7027027027027026
49,50,diag_1,428,37,4,10.81081081081081,1,3,1,2.7027027027027026
49,50,diag_2,428,37,2,5.405405405405405,1,1,1,2.7027027027027026
49,50,diag_3,250,37,6,16.216216216216218,1,5,1,2.7027027027027026
50,51,diag_1,428,37,4,10.81081081081081,1,3,1,2.7027027027027026
50,51,diag_2,428,37,0,0.0,1,0,0,0.0
50,51,diag_3,250,37,5,13.513513513513514,1,4,1,2.7027027027027026
51,52,diag_1,428,37,5,13.513513513513514,1,4,1,2.7027027027027026
51,52,diag_2,428,37,1,2.7027027027027026,1,0,1,2.7027027027027026
51,52,diag_3,250,37,1,2.7027027027027026,1,0,1,2.7027027027027026
52,53,diag_1,428,37,2,5.405405405405405,1,1,1,2.7027027027027026
52,53,diag_2,428,37,2,5.405405405405405,1,1,1,2.7027027027027026
52,53,diag_3,250,37,3,8.108108108108109,1,2,1,2.7027027027027026
53,54,diag_1,428,37,1,2.7027027027027026,1,0,1,2.7027027027027026
53,54,diag_2,428,37,1,2.7027027027027026,1,0,1,2.7027027027027026
53,54,diag_3,250,37,1,2.7027027027027026,1,0,1,2.7027027027027026
54,55,diag_1,428,37,5,13.513513513513514,1,4,1,2.7027027027027026
54,55,diag_2,428,37,3,8.108108108108109,1,2,1,2.7027027027027026
54,55,diag_3,250,37,5,13.513513513513514,1,4,1,2.7027027027027026
55,56,diag_1,428,37,0,0.0,1,0,0,0.0
55,56,diag_2,428,37,1,2.7027027027027026,1,0,1,2.7027027027027026
55,56,diag_3,250,37,10,27.027027027027028,1,9,1,2.7027027027027026
56,57,diag_1,428,37,2,5.405405405405405,1,1,1,2.7027027027027026
56,57,diag_2,428,37,4,10.81081081081081,1,3,1,2.7027027027027026
56,57,diag_3,250,37,6,16.216216216216218,1,5,1,2.7027027027027026
57,58,diag_1,428,37,4,10.81081081081081,1,3,1,2.7027027027027026
57,58,diag_2,428,37,3,8.108108108108109,1,2,1,2.7027027027027026
57,58,diag_3,250,37,4,10.81081081081081,1,3,1,2.7027027027027026
58,59,diag_1,428,37,3,8.108108108108109,1,2,1,2.7027027027027026
58,59,diag_2,428,37,2,5.405405405405405,1,1,1,2.7027027027027026
58,59,diag_3,250,37,2,5.405405405405405,1,1,1,2.7027027027027026
59,60,diag_1,428,37,3,8.108108108108109,1,2,1,2.7027027027027026
59,60,diag_2,428,37,4,10.81081081081081,1,3,1,2.7027027027027026
59,60,diag_3,250,37,0,0.0,1,0,0,0.0
60,61,diag_1,428,37,6,16.216216216216218,1,5,1,2.7027027027027026
60,61,diag_2,428,37,2,5.405405405405405,1,1,1,2.7027027027027026
60,61,diag_3,250,37,5,13.513513513513514,1,4,1,2.7027027027027026
61,62,diag_1,428,37,4,10.81081081081081,1,3,1,2.7027027027027026
61,62,diag_2,428,37,1,2.7027027027027026,1,0,1,2.7027027027027026
61,62,diag_3,250,37,5,13.513513513513514,1,4,1,2.7027027027027026
62,63,diag_1,428,37,2,5.405405405405405,1,1,1,2.7027027027027026
62,63,diag_2,428,37,2,5.405405405405405,1,1,1,2.7027027027027026
62,63,diag_3,250,37,3,8.108108108108109,1,2,1,2.7027027027027026
63,64,diag_1,428,37,4,10.81081081081081,1,3,1,2.7027027027027026
63,64,diag_2,428,37,5,13.513513513513514,1,4,1,2.7027027027027026
63,64,diag_3,250,37,5,13.513513513513514,1,4,1,2.7027027027027026
64,65,diag_1,428,37,5,13.513513513513514,1,4,1,2.7027027027027026
64,65,diag_2,428,37,2,5.405405405405405,1,1,1,2.7027027027027026
64,65,diag_3,250,37,4,10.81081081081081,1,3,1,2.7027027027027026
65,66,diag_1,428,37,1,2.7027027027027026,1,0,1,2.7027027027027026
65,66,diag_2,428,37,0,0.0,1,0,0,0.0
65,66,diag_3,250,37,5,13.513513513513514,1,4,1,2.7027027027027026
66,67,diag_1,428,37,3,8.108108108108109,1,2,1,2.7027027027027026
66,67,diag_2,428,37,2,5.405405405405405,1,1,1,2.7027027027027026
66,67,diag_3,250,37,4,10.81081081081081,1,3,1,2.7027027027027026
67,68,diag_1,428,37,1,2.7027027027027026,1,0,1,2.7027027027027026
67,68,diag_2,428,37,2,5.405405405405405,1,1,1,2.7027027027027026
67,68,diag_3,250,37,5,13.513513513513514,1,4,1,2.7027027027027026
68,69,diag_1,428,37,5,13.513513513513514,1,4,1,2.7027027027027026
68,69,diag_2,428,37,0,0.0,1,0,0,0.0
68,69,diag_3,250,37,7,18.91891891891892,1,6,1,2.7027027027027026
69,70,diag_1,428,37,1,2.7027027027027026,1,0,1,2.7027027027027026
69,70,diag_2,428,37,1,2.7027027027027026,1,0,1,2.7027027027027026
69,70,diag_3,250,37,6,16.216216216216218,1,5,1,2.7027027027027026
70,71,diag_1,428,37,2,5.405405405405405,1,1,1,2.7027027027027026
70,71,diag_2,428,37,4,10.81081081081081,1,3,1,2.7027027027027026
70,71,diag_3,250,37,5,13.513513513513514,1,4,1,2.7027027027027026
71,72,diag_1,428,37,5,13.513513513513514,1,4,1,2.7027027027027026
71,72,diag_2,428,37,2,5.405405405405405,1,1,1,2.7027027027027026
71,72,diag_3,250,37,6,16.216216216216218,1,5,1,2.7027027027027026
72,73,diag_1,428,37,4,10.81081081081081,1,3,1,2.7027027027027026
72,73,diag_2,428,37,4,10.81081081081081,1,3,1,2.7027027027027026
72,73,diag_3,250,37,5,13.513513513513514,1,4,1,2.7027027027027026
73,74,diag_1,428,37,3,8.108108108108109,1,2,1,2.7027027027027026
73,74,diag_2,428,37,2,5.405405405405405,1,1,1,2.7027027027027026
73,74,diag_3,250,37,5,13.513513513513514,1,4,1,2.7027027027027026
74,75,diag_1,428,37,5,13.513513513513514,1,4,1,2.7027027027027026
74,75,diag_2,428,37,1,2.7027027027027026,1,0,1,2.7027027027027026
74,75,diag_3,250,37,4,10.81081081081081,1,3,1,2.7027027027027026
75,76,diag_1,428,37,4,10.81081081081081,1,3,1,2.7027027027027026
75,76,diag_2,428,37,3,8.108108108108109,1,2,1,2.7027027027027026
75,76,diag_3,250,37,8,21.62162162162162,1,7,1,2.7027027027027026
76,77,diag_1,428,37,1,2.7027027027027026,1,0,1,2.7027027027027026
76,77,diag_2,428,37,3,8.108108108108109,1,2,1,2.7027027027027026
76,77,diag_3,250,37,2,5.405405405405405,1,1,1,2.7027027027027026
77,78,diag_1,428,37,6,16.216216216216218,1,5,1,2.7027027027027026
77,78,diag_2,428,37,3,8.108108108108109,1,2,1,2.7027027027027026
77,78,diag_3,250,37,2,5.405405405405405,1,1,1,2.7027027027027026
78,79,diag_1,428,37,2,5.405405405405405,1,1,1,2.7027027027027026
78,79,diag_2,428,37,1,2.7027027027027026,1,0,1,2.7027027027027026
78,79,diag_3,250,37,5,13.513513513513514,1,4,1,2.7027027027027026
79,80,diag_1,428,37,3,8.108108108108109,1,2,1,2.7027027027027026
79,80,diag_2,428,37,3,8.108108108108109,1,2,1,2.7027027027027026
79,80,diag_3,250,37,4,10.81081081081081,1,3,1,2.7027027027027026
80,81,diag_1,428,37,2,5.405405405405405,1,1,1,2.7027027027027026
80,81,diag_2,428,37,2,5.405405405405405,1,1,1,2.7027027027027026
80,81,diag_3,250,37,5,13.513513513513514,1,4,1,2.7027027027027026
81,82,diag_1,428,37,2,5.405405405405405,1,1,1,2.7027027027027026
81,82,diag_2,428,37,1,2.7027027027027026,1,0,1,2.7027027027027026
81,82,diag_3,250,37,4,10.81081081081081,1,3,1,2.7027027027027026
82,83,diag_1,428,37,2,5.405405405405405,1,1,1,2.7027027027027026
82,83,diag_2,428,37,4,10.81081081081081,1,3,1,2.7027027027027026
82,83,diag_3,250,37,9,24.324324324324326,1,8,1,2.7027027027027026
83,84,diag_1,428,37,3,8.108108108108109,1,2,1,2.7027027027027026
83,84,diag_2,428,37,1,2.7027027027027026,1,0,1,2.7027027027027026
83,84,diag_3,250,37,5,13.513513513513514,1,4,1,2.7027027027027026
84,85,diag_1,428,37,2,5.405405405405405,1,1,1,2.7027027027027026
84,85,diag_2,428,37,5,13.513513513513514,1,4,1,2.7027027027027026
84,85,diag_3,250,37,4,10.81081081081081,1,3,1,2.7027027027027026
85,86,diag_1,428,37,5,13.513513513513514,1,4,1,2.7027027027027026
85,86,diag_2,428,37,1,2.7027027027027026,1,0,1,2.7027027027027026
85,86,diag_3,250,37,6,16.216216216216218,1,5,1,2.7027027027027026
86,87,diag_1,428,37,2,5.405405405405405,1,1,1,2.7027027027027026
86,87,diag_2,428,37,4,10.81081081081081,1,3,1,2.7027027027027026
86,87,diag_3,250,37,5,13.513513513513514,1,4,1,2.7027027027027026
87,88,diag_1,428,37,4,10.81081081081081,1,3,1,2.7027027027027026
87,88,diag_2,428,37,4,10.81081081081081,1,3,1,2.7027027027027026
87,88,diag_3,250,37,5,13.513513513513514,1,4,1,2.7027027027027026
88,89,diag_1,428,37,0,0.0,1,0,0,0.0
88,89,diag_2,428,37,6,16.216216216216218,1,5,1,2.7027027027027026
88,89,diag_3,250,37,5,13.513513513513514,1,4,1,2.7027027027027026
89,90,diag_1,428,37,3,8.108108108108109,1,2,1,2.7027027027027026
89,90,diag_2,428,37,3,8.108108108108109,1,2,1,2.7027027027027026
89,90,diag_3,250,37,3,8.108108108108109,1,2,1,2.7027027027027026
90,91,diag_1,428,37,2,5.405405405405405,1,1,1,2.7027027027027026
90,91,diag_2,428,37,1,2.7027027027027026,1,0,1,2.7027027027027026
90,91,diag_3,250,37,6,16.216216216216218,1,5,1,2.7027027027027026
91,92,diag_1,428,37,3,8.108108108108109,1,2,1,2.7027027027027026
91,92,diag_2,428,37,3,8.108108108108109,1,2,1,2.7027027027027026
91,92,diag_3,250,37,4,10.81081081081081,1,3,1,2.7027027027027026
92,93,diag_1,428,37,3,8.108108108108109,1,2,1,2.7027027027027026
92,93,diag_2,428,37,3,8.108108108108109,1,2,1,2.7027027027027026
92,93,diag_3,250,37,5,13.513513513513514,1,4,1,2.7027027027027026
93,94,diag_1,428,37,0,0.0,1,0,0,0.0
93,94,diag_2,428,37,5,13.513513513513514,1,4,1,2.7027027027027026
93,94,diag_3,250,37,7,18.91891891891892,1,6,1,2.7027027027027026
94,95,diag_1,428,37,3,8.108108108108109,1,2,1,2.7027027027027026
94,95,diag_2,428,37,1,2.7027027027027026,1,0,1,2.7027027027027026
94,95,diag_3,250,37,4,10.81081081081081,1,3,1,2.7027027027027026
95,96,diag_1,428,37,4,10.81081081081081,1,3,1,2.7027027027027026
95,96,diag_2,428,37,4,10.81081081081081,1,3,1,2.7027027027027026
95,96,diag_3,250,37,5,13.513513513513514,1,4,1,2.7027027027027026
96,97,diag_1,428,37,3,8.108108108108109,1,2,1,2.7027027027027026
96,97,diag_2,428,37,2,5.405405405405405,1,1,1,2.7027027027027026
96,97,diag_3,250,37,4,10.81081081081081,1,3,1,2.7027027027027026
97,98,diag_1,428,37,4,10.81081081081081,1,3,1,2.7027027027027026
97,98,diag_2,428,37,1,2.7027027027027026,1,0,1,2.7027027027027026
97,98,diag_3,250,37,5,13.513513513513514,1,4,1,2.7027027027027026
98,99,diag_1,428,37,4,10.81081081081081,1,3,1,2.7027027027027026
98,99,diag_2,428,37,0,0.0,1,0,0,0.0
98,99,diag_3,250,37,5,13.513513513513514,1,4,1,2.7027027027027026
99,100,diag_1,428,37,3,8.108108108108109,1,2,1,2.7027027027027026
99,100,diag_2,428,37,3,8.108108108108109,1,2,1,2.7027027027027026
99,100,diag_3,250,37,5,13.513513513513514,1,4,1,2.7027027027027026
100,101,diag_1,428,37,6,16.216216216216218,1,5,1,2.7027027027027026
100,101,diag_2,428,37,3,8.108108108108109,1,2,1,2.7027027027027026
100,101,diag_3,250,37,2,5.405405405405405,1,1,1,2.7027027027027026
101,102,diag_1,428,37,5,13.513513513513514,1,4,1,2.7027027027027026
101,102,diag_2,428,37,3,8.108108108108109,1,2,1,2.7027027027027026
101,102,diag_3,250,37,5,13.513513513513514,1,4,1,2.7027027027027026
102,103,diag_1,428,37,1,2.7027027027027026,1,0,1,2.7027027027027026
102,103,diag_2,428,37,7,18.91891891891892,1,6,1,2.7027027027027026
102,103,diag_3,250,37,3,8.108108108108109,1,2,1,2.7027027027027026
103,104,diag_1,428,37,4,10.81081081081081,1,3,1,2.7027027027027026
103,104,diag_2,428,37,2,5.405405405405405,1,1,1,2.7027027027027026
103,104,diag_3,250,37,5,13.513513513513514,1,4,1,2.7027027027027026
104,105,diag_1,428,37,2,5.405405405405405,1,1,1,2.7027027027027026
104,105,diag_2,428,37,2,5.405405405405405,1,1,1,2.7027027027027026
104,105,diag_3,250,37,6,16.216216216216218,1,5,1,2.7027027027027026
105,106,diag_1,428,37,3,8.108108108108109,1,2,1,2.7027027027027026
105,106,diag_2,428,37,4,10.81081081081081,1,3,1,2.7027027027027026
105,106,diag_3,250,37,6,16.216216216216218,1,5,1,2.7027027027027026
106,107,diag_1,428,37,2,5.405405405405405,1,1,1,2.7027027027027026
106,107,diag_2,428,37,2,5.405405405405405,1,1,1,2.7027027027027026
106,107,diag_3,250,37,5,13.513513513513514,1,4,1,2.7027027027027026
107,108,diag_1,428,37,6,16.216216216216218,1,5,1,2.7027027027027026
107,108,diag_2,428,37,0,0.0,1,0,0,0.0
107,108,diag_3,250,37,6,16.216216216216218,1,5,1,2.7027027027027026
108,109,diag_1,428,37,2,5.405405405405405,1,1,1,2.7027027027027026
108,109,diag_2,428,37,3,8.108108108108109,1,2,1,2.7027027027027026
108,109,diag_3,250,37,5,13.513513513513514,1,4,1,2.7027027027027026
109,110,diag_1,428,37,4,10.81081081081081,1,3,1,2.7027027027027026
109,110,diag_2,428,37,2,5.405405405405405,1,1,1,2.7027027027027026
109,110,diag_3,250,37,5,13.513513513513514,1,4,1,2.7027027027027026
110,111,diag_1,428,37,3,8.108108108108109,1,2,1,2.7027027027027026
110,111,diag_2,428,37,3,8.108108108108109,1,2,1,2.7027027027027026
110,111,diag_3,250,37,3,8.108108108108109,1,2,1,2.7027027027027026
111,112,diag_1,428,37,3,8.108108108108109,1,2,1,2.7027027027027026
111,112,diag_2,428,37,4,10.81081081081081,1,3,1,2.7027027027027026
111,112,diag_3,250,37,3,8.108108108108109,1,2,1,2.7027027027027026
112,113,diag_1,428,37,2,5.405405405405405,1,1,1,2.7027027027027026
112,113,diag_2,428,37,2,5.405405405405405,1,1,1,2.7027027027027026
112,113,diag_3,250,37,4,10.81081081081081,1,3,1,2.7027027027027026
113,114,diag_1,428,37,3,8.108108108108109,1,2,1,2.7027027027027026
113,114,diag_2,428,37,3,8.108108108108109,1,2,1,2.7027027027027026
113,114,diag_3,250,37,1,2.7027027027027026,1,0,1,2.7027027027027026
114,115,diag_1,428,37,2,5.405405405405405,1,1,1,2.7027027027027026
114,115,diag_2,428,37,1,2.7027027027027026,1,0,1,2.7027027027027026
114,115,diag_3,250,37,2,5.405405405405405,1,1,1,2.7027027027027026
115,116,diag_1,428,37,5,13.513513513513514,1,4,1,2.7027027027027026
115,116,diag_2,428,37,1,2.7027027027027026,1,0,1,2.7027027027027026
115,116,diag_3,250,37,4,10.81081081081081,1,3,1,2.7027027027027026
116,117,diag_1,428,37,3,8.108108108108109,1,2,1,2.7027027027027026
116,117,diag_2,428,37,3,8.108108108108109,1,2,1,2.7027027027027026
116,117,diag_3,250,37,4,10.81081081081081,1,3,1,2.7027027027027026
117,118,diag_1,428,37,3,8.108108108108109,1,2,1,2.7027027027027026
117,118,diag_2,428,37,4,10.81081081081081,1,3,1,2.7027027027027026
117,118,diag_3,250,37,4,10.81081081081081,1,3,1,2.7027027027027026
118,119,diag_1,428,37,3,8.108108108108109,1,2,1,2.7027027027027026
118,119,diag_2,428,37,2,5.405405405405405,1,1,1,2.7027027027027026
118,119,diag_3,250,37,4,10.81081081081081,1,3,1,2.7027027027027026
119,120,diag_1,428,37,1,2.7027027027027026,1,0,1,2.7027027027027026
119,120,diag_2,428,37,1,2.7027027027027026,1,0,1,2.7027027027027026
119,120,diag_3,250,37,4,10.81081081081081,1,3,1,2.7027027027027026
120,121,diag_1,428,37,2,5.405405405405405,1,1,1,2.7027027027027026
120,121,diag_2,428,37,3,8.108108108108109,1,2,1,2.7027027027027026
120,121,diag_3,250,37,6,16.216216216216218,1,5,1,2.7027027027027026
121,122,diag_1,428,37,2,5.405405405405405,1,1,1,2.7027027027027026
121,122,diag_2,428,37,0,0.0,1,0,0,0.0
121,122,diag_3,250,37,4,10.81081081081081,1,3,1,2.7027027027027026
122,123,diag_1,428,37,2,5.405405405405405,1,1,1,2.7027027027027026
122,123,diag_2,428,37,3,8.108108108108109,1,2,1,2.7027027027027026
122,123,diag_3,250,37,4,10.81081081081081,1,3,1,2.7027027027027026
123,124,diag_1,428,37,5,13.513513513513514,1,4,1,2.7027027027027026
123,124,diag_2,428,37,6,16.216216216216218,1,5,1,2.7027027027027026
123,124,diag_3,250,37,1,2.7027027027027026,1,0,1,2.7027027027027026
124,125,diag_1,428,37,4,10.81081081081081,1,3,1,2.7027027027027026
124,125,diag_2,428,37,2,5.405405405405405,1,1,1,2.7027027027027026
124,125,diag_3,250,37,2,5.405405405405405,1,1,1,2.7027027027027026
125,126,diag_1,428,37,2,5.405405405405405,1,1,1,2.7027027027027026
125,126,diag_2,428,37,4,10.81081081081081,1,3,1,2.7027027027027026
125,126,diag_3,250,37,6,16.216216216216218,1,5,1,2.7027027027027026
126,127,diag_1,428,37,3,8.108108108108109,1,2,1,2.7027027027027026
126,127,diag_2,428,37,1,2.7027027027027026,1,0,1,2.7027027027027026
126,127,diag_3,250,37,10,27.027027027027028,1,9,1,2.7027027027027026
127,128,diag_1,428,37,2,5.405405405405405,1,1,1,2.7027027027027026
127,128,diag_2,428,37,1,2.7027027027027026,1,0,1,2.7027027027027026
127,128,diag_3,250,37,7,18.91891891891892,1,6,1,2.7027027027027026
128,129,diag_1,428,37,4,10.81081081081081,1,3,1,2.7027027027027026
128,129,diag_2,428,37,5,13.513513513513514,1,4,1,2.7027027027027026
128,129,diag_3,250,37,10,27.027027027027028,1,9,1,2.7027027027027026
129,130,diag_1,428,37,0,0.0,1,0,0,0.0
129,130,diag_2,428,37,4,10.81081081081081,1,3,1,2.7027027027027026
129,130,diag_3,250,37,3,8.108108108108109,1,2,1,2.7027027027027026
130,131,diag_1,428,37,4,10.81081081081081,1,3,1,2.7027027027027026
130,131,diag_2,428,37,3,8.108108108108109,1,2,1,2.7027027027027026
130,131,diag_3,250,37,5,13.513513513513514,1,4,1,2.7027027027027026
131,132,diag_1,428,37,2,5.405405405405405,1,1,1,2.7027027027027026
131,132,diag_2,428,37,6,16.216216216216218,1,5,1,2.7027027027027026
131,132,diag_3,250,37,5,13.513513513513514,1,4,1,2.7027027027027026
132,133,diag_1,428,37,5,13.513513513513514,1,4,1,2.7027027027027026
132,133,diag_2,428,37,5,13.513513513513514,1,4,1,2.7027027027027026
132,133,diag_3,250,37,5,13.513513513513514,1,4,1,2.7027027027027026
133,134,diag_1,428,37,3,8.108108108108109,1,2,1,2.7027027027027026
133,134,diag_2,428,37,1,2.7027027027027026,1,0,1,2.7027027027027026
133,134,diag_3,250,37,7,18.91891891891892,1,6,1,2.7027027027027026
134,135,diag_1,428,37,1,2.7027027027027026,1,0,1,2.7027027027027026
134,135,diag_2,428,37,3,8.108108108108109,1,2,1,2.7027027027027026
134,135,diag_3,250,37,5,13.513513513513514,1,4,1,2.7027027027027026
135,136,diag_1,428,37,3,8.108108108108109,1,2,1,2.7027027027027026
135,136,diag_2,428,37,5,13.513513513513514,1,4,1,2.7027027027027026
135,136,diag_3,250,37,4,10.81081081081081,1,3,1,2.7027027027027026
136,137,diag_1,428,37,0,0.0,1,0,0,0.0
136,137,diag_2,428,37,1,2.7027027027027026,1,0,1,2.7027027027027026
136,137,diag_3,250,37,5,13.513513513513514,1,4,1,2.7027027027027026
137,138,diag_1,428,37,2,5.405405405405405,1,1,1,2.7027027027027026
137,138,diag_2,428,37,0,0.0,1,0,0,0.0
137,138,diag_3,250,37,1,2.7027027027027026,1,0,1,2.7027027027027026
138,139,diag_1,428,37,1,2.7027027027027026,1,0,1,2.7027027027027026
138,139,diag_2,428,37,1,2.7027027027027026,1,0,1,2.7027027027027026
138,139,diag_3,250,37,6,16.216216216216218,1,5,1,2.7027027027027026
139,140,diag_1,428,37,6,16.216216216216218,1,5,1,2.7027027027027026
139,140,diag_2,428,37,2,5.405405405405405,1,1,1,2.7027027027027026
139,140,diag_3,250,37,4,10.81081081081081,1,3,1,2.7027027027027026
140,141,diag_1,428,37,2,5.405405405405405,1,1,1,2.7027027027027026
140,141,diag_2,428,37,4,10.81081081081081,1,3,1,2.7027027027027026
140,141,diag_3,250,37,4,10.81081081081081,1,3,1,2.7027027027027026
141,142,diag_1,428,37,1,2.7027027027027026,1,0,1,2.7027027027027026
141,142,diag_2,428,37,3,8.108108108108109,1,2,1,2.7027027027027026
141,142,diag_3,250,37,6,16.216216216216218,1,5,1,2.7027027027027026
142,143,diag_1,428,37,3,8.108108108108109,1,2,1,2.7027027027027026
142,143,diag_2,428,37,4,10.81081081081081,1,3,1,2.7027027027027026
142,143,diag_3,250,37,4,10.81081081081081,1,3,1,2.7027027027027026
143,144,diag_1,428,37,3,8.108108108108109,1,2,1,2.7027027027027026
143,144,diag_2,428,37,4,10.81081081081081,1,3,1,2.7027027027027026
143,144,diag_3,250,37,5,13.513513513513514,1,4,1,2.7027027027027026
144,145,diag_1,428,37,4,10.81081081081081,1,3,1,2.7027027027027026
144,145,diag_2,428,37,1,2.7027027027027026,1,0,1,2.7027027027027026
144,145,diag_3,250,37,8,21.62162162162162,1,7,1,2.7027027027027026
145,146,diag_1,428,37,3,8.108108108108109,1,2,1,2.7027027027027026
145,146,diag_2,428,37,3,8.108108108108109,1,2,1,2.7027027027027026
145,146,diag_3,250,37,4,10.81081081081081,1,3,1,2.7027027027027026
146,147,diag_1,428,37,1,2.7027027027027026,1,0,1,2.7027027027027026
146,147,diag_2,428,37,3,8.108108108108109,1,2,1,2.7027027027027026
146,147,diag_3,250,37,5,13.513513513513514,1,4,1,2.7027027027027026
147,148,diag_1,428,37,3,8.108108108108109,1,2,1,2.7027027027027026
147,148,diag_2,428,37,1,2.7027027027027026,1,0,1,2.7027027027027026
147,148,diag_3,250,37,7,18.91891891891892,1,6,1,2.7027027027027026
148,149,diag_1,428,37,1,2.7027027027027026,1,0,1,2.7027027027027026
148,149,diag_2,428,37,2,5.405405405405405,1,1,1,2.7027027027027026
148,149,diag_3,250,37,5,13.513513513513514,1,4,1,2.7027027027027026
149,150,diag_1,428,37,0,0.0,1,0,0,0.0
149,150,diag_2,428,37,5,13.513513513513514,1,4,1,2.7027027027027026
149,150,diag_3,250,37,4,10.81081081081081,1,3,1,2.7027027027027026
150,151,diag_1,428,37,5,13.513513513513514,1,4,1,2.7027027027027026
150,151,diag_2,428,37,4,10.81081081081081,1,3,1,2.7027027027027026
150,151,diag_3,250,37,4,10.81081081081081,1,3,1,2.7027027027027026
151,152,diag_1,428,37,1,2.7027027027027026,1,0,1,2.7027027027027026
151,152,diag_2,428,37,4,10.81081081081081,1,3,1,2.7027027027027026
151,152,diag_3,250,37,2,5.405405405405405,1,1,1,2.7027027027027026
152,153,diag_1,428,37,3,8.108108108108109,1,2,1,2.7027027027027026
152,153,diag_2,428,37,3,8.108108108108109,1,2,1,2.7027027027027026
152,153,diag_3,250,37,5,13.513513513513514,1,4,1,2.7027027027027026
153,154,diag_1,428,37,1,2.7027027027027026,1,0,1,2.7027027027027026
153,154,diag_2,428,37,4,10.81081081081081,1,3,1,2.7027027027027026
153,154,diag_3,250,37,6,16.216216216216218,1,5,1,2.7027027027027026
154,155,diag_1,428,37,2,5.405405405405405,1,1,1,2.7027027027027026
154,155,diag_2,428,37,0,0.0,1,0,0,0.0
154,155,diag_3,250,37,6,16.216216216216218,1,5,1,2.7027027027027026
155,156,diag_1,428,37,3,8.108108108108109,1,2,1,2.7027027027027026
155,156,diag_2,428,37,1,2.7027027027027026,1,0,1,2.7027027027027026
155,156,diag_3,250,37,5,13.513513513513514,1,4,1,2.7027027027027026
156,157,diag_1,428,37,3,8.108108108108109,1,2,1,2.7027027027027026
156,157,diag_2,428,37,7,18.91891891891892,1,6,1,2.7027027027027026
156,157,diag_3,250,37,3,8.108108108108109,1,2,1,2.7027027027027026
157,158,diag_1,428,37,2,5.405405405405405,1,1,1,2.7027027027027026
157,158,diag_2,428,37,1,2.7027027027027026,1,0,1,2.7027027027027026
157,158,diag_3,250,37,3,8.108108108108109,1,2,1,2.7027027027027026
158,159,diag_1,428,37,4,10.81081081081081,1,3,1,2.7027027027027026
158,159,diag_2,428,37,3,8.108108108108109,1,2,1,2.7027027027027026
158,159,diag_3,250,37,3,8.108108108108109,1,2,1,2.7027027027027026
159,160,diag_1,428,37,0,0.0,1,0,0,0.0
159,160,diag_2,428,37,4,10.81081081081081,1,3,1,2.7027027027027026
159,160,diag_3,250,37,5,13.513513513513514,1,4,1,2.7027027027027026
160,161,diag_1,428,37,3,8.108108108108109,1,2,1,2.7027027027027026
160,161,diag_2,428,37,1,2.7027027027027026,1,0,1,2.7027027027027026
160,161,diag_3,250,37,4,10.81081081081081,1,3,1,2.7027027027027026
161,162,diag_1,428,37,2,5.405405405405405,1,1,1,2.7027027027027026
161,162,diag_2,428,37,1,2.7027027027027026,1,0,1,2.7027027027027026
161,162,diag_3,250,37,3,8.108108108108109,1,2,1,2.7027027027027026
162,163,diag_1,428,37,3,8.108108108108109,1,2,1,2.7027027027027026
162,163,diag_2,428,37,5,13.513513513513514,1,4,1,2.7027027027027026
162,163,diag_3,250,37,5,13.513513513513514,1,4,1,2.7027027027027026
163,164,diag_1,428,37,6,16.216216216216218,1,5,1,2.7027027027027026
163,164,diag_2,428,37,4,10.81081081081081,1,3,1,2.7027027027027026
163,164,diag_3,250,37,2,5.405405405405405,1,1,1,2.7027027027027026
164,165,diag_1,428,37,3,8.108108108108109,1,2,1,2.7027027027027026
164,165,diag_2,428,37,2,5.405405405405405,1,1,1,2.7027027027027026
164,165,diag_3,250,37,4,10.81081081081081,1,3,1,2.7027027027027026
165,166,diag_1,428,37,5,13.513513513513514,1,4,1,2.7027027027027026
165,166,diag_2,428,37,4,10.81081081081081,1,3,1,2.7027027027027026
165,166,diag_3,250,37,4,10.81081081081081,1,3,1,2.7027027027027026
166,167,diag_1,428,37,6,16.216216216216218,1,5,1,2.7027027027027026
166,167,diag_2,428,37,6,16.216216216216218,1,5,1,2.7027027027027026
166,167,diag_3,250,37,11,29.72972972972973,1,10,1,2.7027027027027026
167,168,diag_1,428,37,3,8.108108108108109,1,2,1,2.7027027027027026
167,168,diag_2,428,37,4,10.81081081081081,1,3,1,2.7027027027027026
167,168,diag_3,250,37,5,13.513513513513514,1,4,1,2.7027027027027026
168,169,diag_1,428,37,7,18.91891891891892,1,6,1,2.7027027027027026
168,169,diag_2,428,37,2,5.405405405405405,1,1,1,2.7027027027027026
168,169,diag_3,250,37,3,8.108108108108109,1,2,1,2.7027027027027026
169,170,diag_1,428,37,2,5.405405405405405,1,1,1,2.7027027027027026
169,170,diag_2,428,37,2,5.405405405405405,1,1,1,2.7027027027027026
169,170,diag_3,250,37,3,8.108108108108109,1,2,1,2.7027027027027026
170,171,diag_1,428,37,3,8.108108108108109,1,2,1,2.7027027027027026
170,171,diag_2,428,37,3,8.108108108108109,1,2,1,2.7027027027027026
170,171,diag_3,250,37,4,10.81081081081081,1,3,1,2.7027027027027026
171,172,diag_1,428,37,1,2.7027027027027026,1,0,1,2.7027027027027026
171,172,diag_2,428,37,3,8.108108108108109,1,2,1,2.7027027027027026
171,172,diag_3,250,37,4,10.81081081081081,1,3,1,2.7027027027027026
172,173,diag_1,428,37,1,2.7027027027027026,1,0,1,2.7027027027027026
172,173,diag_2,428,37,4,10.81081081081081,1,3,1,2.7027027027027026
172,173,diag_3,250,37,6,16.216216216216218,1,5,1,2.7027027027027026
173,174,diag_1,428,37,4,10.81081081081081,1,3,1,2.7027027027027026
173,174,diag_2,428,37,0,0.0,1,0,0,0.0
173,174,diag_3,250,37,4,10.81081081081081,1,3,1,2.7027027027027026
174,175,diag_1,428,37,5,13.513513513513514,1,4,1,2.7027027027027026
174,175,diag_2,428,37,1,2.7027027027027026,1,0,1,2.7027027027027026
174,175,diag_3,250,37,4,10.81081081081081,1,3,1,2.7027027027027026
175,176,diag_1,428,37,1,2.7027027027027026,1,0,1,2.7027027027027026
175,176,diag_2,428,37,5,13.513513513513514,1,4,1,2.7027027027027026
175,176,diag_3,250,37,4,10.81081081081081,1,3,1,2.7027027027027026
176,177,diag_1,428,37,0,0.0,1,0,0,0.0
176,177,diag_2,428,37,4,10.81081081081081,1,3,1,2.7027027027027026
176,177,diag_3,250,37,4,10.81081081081081,1,3,1,2.7027027027027026
177,178,diag_1,428,37,4,10.81081081081081,1,3,1,2.7027027027027026
177,178,diag_2,428,37,3,8.108108108108109,1,2,1,2.7027027027027026
177,178,diag_3,250,37,10,27.027027027027028,1,9,1,2.7027027027027026
178,179,diag_1,428,37,2,5.405405405405405,1,1,1,2.7027027027027026
178,179,diag_2,428,37,1,2.7027027027027026,1,0,1,2.7027027027027026
178,179,diag_3,250,37,5,13.513513513513514,1,4,1,2.7027027027027026
179,180,diag_1,428,37,5,13.513513513513514,1,4,1,2.7027027027027026
179,180,diag_2,428,37,1,2.7027027027027026,1,0,1,2.7027027027027026
179,180,diag_3,250,37,6,16.216216216216218,1,5,1,2.7027027027027026
180,181,diag_1,428,37,2,5.405405405405405,1,1,1,2.7027027027027026
180,181,diag_2,428,37,3,8.108108108108109,1,2,1,2.7027027027027026
180,181,diag_3,250,37,4,10.81081081081081,1,3,1,2.7027027027027026
181,182,diag_1,428,37,3,8.108108108108109,1,2,1,2.7027027027027026
181,182,diag_2,428,37,0,0.0,1,0,0,0.0
181,182,diag_3,250,37,7,18.91891891891892,1,6,1,2.7027027027027026
182,183,diag_1,428,37,4,10.81081081081081,1,3,1,2.7027027027027026
182,183,diag_2,428,37,3,8.108108108108109,1,2,1,2.7027027027027026
182,183,diag_3,250,37,2,5.405405405405405,1,1,1,2.7027027027027026
183,184,diag_1,428,37,4,10.81081081081081,1,3,1,2.7027027027027026
183,184,diag_2,428,37,2,5.405405405405405,1,1,1,2.7027027027027026
183,184,diag_3,250,37,4,10.81081081081081,1,3,1,2.7027027027027026
184,185,diag_1,428,37,1,2.7027027027027026,1,0,1,2.7027027027027026
184,185,diag_2,428,37,4,10.81081081081081,1,3,1,2.7027027027027026
184,185,diag_3,250,37,5,13.513513513513514,1,4,1,2.7027027027027026
185,186,diag_1,428,37,2,5.405405405405405,1,1,1,2.7027027027027026
185,186,diag_2,428,37,3,8.108108108108109,1,2,1,2.7027027027027026
185,186,diag_3,250,37,6,16.216216216216218,1,5,1,2.7027027027027026
186,187,diag_1,428,37,2,5.405405405405405,1,1,1,2.7027027027027026
186,187,diag_2,428,37,0,0.0,1,0,0,0.0
186,187,diag_3,250,37,6,16.216216216216218,1,5,1,2.7027027027027026
187,188,diag_1,428,37,6,16.216216216216218,1,5,1,2.7027027027027026
187,188,diag_2,428,37,4,10.81081081081081,1,3,1,2.7027027027027026
187,188,diag_3,250,37,6,16.216216216216218,1,5,1,2.7027027027027026
188,189,diag_1,428,37,3,8.108108108108109,1,2,1,2.7027027027027026
188,189,diag_2,428,37,2,5.405405405405405,1,1,1,2.7027027027027026
188,189,diag_3,250,37,4,10.81081081081081,1,3,1,2.7027027027027026
189,190,diag_1,428,37,2,5.405405405405405,1,1,1,2.7027027027027026
189,190,diag_2,428,37,1,2.7027027027027026,1,0,1,2.7027027027027026
189,190,diag_3,250,37,4,10.81081081081081,1,3,1,2.7027027027027026
190,191,diag_1,428,37,2,5.405405405405405,1,1,1,2.7027027027027026
190,191,diag_2,428,37,4,10.81081081081081,1,3,1,2.7027027027027026
190,191,diag_3,250,37,5,13.513513513513514,1,4,1,2.7027027027027026
191,192,diag_1,428,37,3,8.108108108108109,1,2,1,2.7027027027027026
191,192,diag_2,428,37,1,2.7027027027027026,1,0,1,2.7027027027027026
191,192,diag_3,250,37,6,16.216216216216218,1,5,1,2.7027027027027026
192,193,diag_1,428,37,4,10.81081081081081,1,3,1,2.7027027027027026
192,193,diag_2,428,37,1,2.7027027027027026,1,0,1,2.7027027027027026
192,193,diag_3,250,37,7,18.91891891891892,1,6,1,2.7027027027027026
193,194,diag_1,428,37,4,10.81081081081081,1,3,1,2.7027027027027026
193,194,diag_2,428,37,4,10.81081081081081,1,3,1,2.7027027027027026
193,194,diag_3,250,37,4,10.81081081081081,1,3,1,2.7027027027027026
194,195,diag_1,428,37,2,5.405405405405405,1,1,1,2.7027027027027026
194,195,diag_2,428,37,1,2.7027027027027026,1,0,1,2.7027027027027026
194,195,diag_3,250,37,7,18.91891891891892,1,6,1,2.7027027027027026
195,196,diag_1,428,37,3,8.108108108108109,1,2,1,2.7027027027027026
195,196,diag_2,428,37,1,2.7027027027027026,1,0,1,2.7027027027027026
195,196,diag_3,250,37,5,13.513513513513514,1,4,1,2.7027027027027026
196,197,diag_1,428,37,0,0.0,1,0,0,0.0
196,197,diag_2,428,37,4,10.81081081081081,1,3,1,2.7027027027027026
196,197,diag_3,250,37,7,18.91891891891892,1,6,1,2.7027027027027026
197,198,diag_1,428,37,3,8.108108108108109,1,2,1,2.7027027027027026
197,198,diag_2,428,37,2,5.405405405405405,1,1,1,2.7027027027027026
197,198,diag_3,250,37,5,13.513513513513514,1,4,1,2.7027027027027026
198,199,diag_1,428,37,4,10.81081081081081,1,3,1,2.7027027027027026
198,199,diag_2,428,37,1,2.7027027027027026,1,0,1,2.7027027027027026
198,199,diag_3,250,37,5,13.513513513513514,1,4,1,2.7027027027027026
199,200,diag_1,428,37,0,0.0,1,0,0,0.0
199,200,diag_2,428,37,3,8.108108108108109,1,2,1,2.7027027027027026
199,200,diag_3,250,37,5,13.513513513513514,1,4,1,2.7027027027027026
200,201,diag_1,428,37,2,5.405405405405405,1,1,1,2.7027027027027026
200,201,diag_2,428,37,1,2.7027027027027026,1,0,1,2.7027027027027026
200,201,diag_3,250,37,3,8.108108108108109,1,2,1,2.7027027027027026
201,202,diag_1,428,37,4,10.81081081081081,1,3,1,2.7027027027027026
201,202,diag_2,428,37,3,8.108108108108109,1,2,1,2.7027027027027026
201,202,diag_3,250,37,4,10.81081081081081,1,3,1,2.7027027027027026
202,203,diag_1,428,37,3,8.108108108108109,1,2,1,2.7027027027027026
202,203,diag_2,428,37,0,0.0,1,0,0,0.0
202,203,diag_3,250,37,6,16.216216216216218,1,5,1,2.7027027027027026
203,204,diag_1,428,37,1,2.7027027027027026,1,0,1,2.7027027027027026
203,204,diag_2,428,37,4,10.81081081081081,1,3,1,2.7027027027027026
203,204,diag_3,250,37,5,13.513513513513514,1,4,1,2.7027027027027026
204,205,diag_1,428,37,1,2.7027027027027026,1,0,1,2.7027027027027026
204,205,diag_2,428,37,1,2.7027027027027026,1,0,1,2.7027027027027026
204,205,diag_3,250,37,5,13.513513513513514,1,4,1,2.7027027027027026
205,206,diag_1,428,37,2,5.405405405405405,1,1,1,2.7027027027027026
205,206,diag_2,428,37,0,0.0,1,0,0,0.0
205,206,diag_3,250,37,5,13.513513513513514,1,4,1,2.7027027027027026
206,207,diag_1,428,37,4,10.81081081081081,1,3,1,2.7027027027027026
206,207,diag_2,428,37,4,10.81081081081081,1,3,1,2.7027027027027026
206,207,diag_3,250,37,9,24.324324324324326,1,8,1,2.7027027027027026
207,208,diag_1,428,37,2,5.405405405405405,1,1,1,2.7027027027027026
207,208,diag_2,428,37,2,5.405405405405405,1,1,1,2.7027027027027026
207,208,diag_3,250,37,2,5.405405405405405,1,1,1,2.7027027027027026
208,209,diag_1,428,37,4,10.81081081081081,1,3,1,2.7027027027027026
208,209,diag_2,428,37,3,8.108108108108109,1,2,1,2.7027027027027026
208,209,diag_3,250,37,4,10.81081081081081,1,3,1,2.7027027027027026
209,210,diag_1,428,37,1,2.7027027027027026,1,0,1,2.7027027027027026
209,210,diag_2,428,37,4,10.81081081081081,1,3,1,2.7027027027027026
209,210,diag_3,250,37,6,16.216216216216218,1,5,1,2.7027027027027026
210,211,diag_1,428,37,2,5.405405405405405,1,1,1,2.7027027027027026
210,211,diag_2,428,37,2,5.405405405405405,1,1,1,2.7027027027027026
210,211,diag_3,250,37,7,18.91891891891892,1,6,1,2.7027027027027026
211,212,diag_1,428,37,1,2.7027027027027026,1,0,1,2.7027027027027026
211,212,diag_2,428,37,1,2.7027027027027026,1,0,1,2.7027027027027026
211,212,diag_3,250,37,8,21.62162162162162,1,7,1,2.7027027027027026
212,213,diag_1,428,37,6,16.216216216216218,1,5,1,2.7027027027027026
212,213,diag_2,428,37,2,5.405405405405405,1,1,1,2.7027027027027026
212,213,diag_3,250,37,9,24.324324324324326,1,8,1,2.7027027027027026
213,214,diag_1,428,37,4,10.81081081081081,1,3,1,2.7027027027027026
213,214,diag_2,428,37,2,5.405405405405405,1,1,1,2.7027027027027026
213,214,diag_3,250,37,3,8.108108108108109,1,2,1,2.7027027027027026
214,215,diag_1,428,37,5,13.513513513513514,1,4,1,2.7027027027027026
214,215,diag_2,428,37,3,8.108108108108109,1,2,1,2.7027027027027026
214,215,diag_3,250,37,1,2.7027027027027026,1,0,1,2.7027027027027026
215,216,diag_1,428,37,4,10.81081081081081,1,3,1,2.7027027027027026
215,216,diag_2,428,37,1,2.7027027027027026,1,0,1,2.7027027027027026
215,216,diag_3,250,37,3,8.108108108108109,1,2,1,2.7027027027027026
216,217,diag_1,428,37,2,5.405405405405405,1,1,1,2.7027027027027026
216,217,diag_2,428,37,2,5.405405405405405,1,1,1,2.7027027027027026
216,217,diag_3,250,37,3,8.108108108108109,1,2,1,2.7027027027027026
217,218,diag_1,428,37,0,0.0,1,0,0,0.0
217,218,diag_2,428,37,5,13.513513513513514,1,4,1,2.7027027027027026
217,218,diag_3,250,37,4,10.81081081081081,1,3,1,2.7027027027027026
218,219,diag_1,428,37,0,0.0,1,0,0,0.0
218,219,diag_2,428,37,1,2.7027027027027026,1,0,1,2.7027027027027026
218,219,diag_3,250,37,6,16.216216216216218,1,5,1,2.7027027027027026
219,220,diag_1,428,37,3,8.108108108108109,1,2,1,2.7027027027027026
219,220,diag_2,428,37,2,5.405405405405405,1,1,1,2.7027027027027026
219,220,diag_3,250,37,5,13.513513513513514,1,4,1,2.7027027027027026
220,221,diag_1,428,37,2,5.405405405405405,1,1,1,2.7027027027027026
220,221,diag_2,428,37,2,5.405405405405405,1,1,1,2.7027027027027026
220,221,diag_3,250,37,3,8.108108108108109,1,2,1,2.7027027027027026
221,222,diag_1,428,37,3,8.108108108108109,1,2,1,2.7027027027027026
221,222,diag_2,428,37,2,5.405405405405405,1,1,1,2.7027027027027026
221,222,diag_3,250,37,6,16.216216216216218,1,5,1,2.7027027027027026
222,223,diag_1,428,37,4,10.81081081081081,1,3,1,2.7027027027027026
222,223,diag_2,428,37,0,0.0,1,0,0,0.0
222,223,diag_3,250,37,5,13.513513513513514,1,4,1,2.7027027027027026
223,224,diag_1,428,37,0,0.0,1,0,0,0.0
223,224,diag_2,428,37,3,8.108108108108109,1,2,1,2.7027027027027026
223,224,diag_3,250,37,8,21.62162162162162,1,7,1,2.7027027027027026
224,225,diag_1,428,37,2,5.405405405405405,1,1,1,2.7027027027027026
224,225,diag_2,428,37,0,0.0,1,0,0,0.0
224,225,diag_3,250,37,7,18.91891891891892,1,6,1,2.7027027027027026
225,226,diag_1,428,37,1,2.7027027027027026,1,0,1,2.7027027027027026
225,226,diag_2,428,37,3,8.108108108108109,1,2,1,2.7027027027027026
225,226,diag_3,250,37,5,13.513513513513514,1,4,1,2.7027027027027026
226,227,diag_1,428,37,2,5.405405405405405,1,1,1,2.7027027027027026
226,227,diag_2,428,37,2,5.405405405405405,1,1,1,2.7027027027027026
226,227,diag_3,250,37,3,8.108108108108109,1,2,1,2.7027027027027026
227,228,diag_1,428,37,5,13.513513513513514,1,4,1,2.7027027027027026
227,228,diag_2,428,37,6,16.216216216216218,1,5,1,2.7027027027027026
227,228,diag_3,250,37,3,8.108108108108109,1,2,1,2.7027027027027026
228,229,diag_1,428,37,3,8.108108108108109,1,2,1,2.7027027027027026
228,229,diag_2,428,37,2,5.405405405405405,1,1,1,2.7027027027027026
228,229,diag_3,250,37,4,10.81081081081081,1,3,1,2.7027027027027026
229,230,diag_1,428,37,4,10.81081081081081,1,3,1,2.7027027027027026
229,230,diag_2,428,37,3,8.108108108108109,1,2,1,2.7027027027027026
229,230,diag_3,250,37,7,18.91891891891892,1,6,1,2.7027027027027026
230,231,diag_1,428,37,5,13.513513513513514,1,4,1,2.7027027027027026
230,231,diag_2,428,37,3,8.108108108108109,1,2,1,2.7027027027027026
230,231,diag_3,250,37,5,13.513513513513514,1,4,1,2.7027027027027026
231,232,diag_1,428,37,2,5.405405405405405,1,1,1,2.7027027027027026
231,232,diag_2,428,37,2,5.405405405405405,1,1,1,2.7027027027027026
231,232,diag_3,250,37,2,5.405405405405405,1,1,1,2.7027027027027026
232,233,diag_1,428,37,3,8.108108108108109,1,2,1,2.7027027027027026
232,233,diag_2,428,37,1,2.7027027027027026,1,0,1,2.7027027027027026
232,233,diag_3,250,37,3,8.108108108108109,1,2,1,2.7027027027027026
233,234,diag_1,428,37,2,5.405405405405405,1,1,1,2.7027027027027026
233,234,diag_2,428,37,0,0.0,1,0,0,0.0
233,234,diag_3,250,37,6,16.216216216216218,1,5,1,2.7027027027027026
234,235,diag_1,428,37,4,10.81081081081081,1,3,1,2.7027027027027026
234,235,diag_2,428,37,2,5.405405405405405,1,1,1,2.7027027027027026
234,235,diag_3,250,37,4,10.81081081081081,1,3,1,2.7027027027027026
235,236,diag_1,428,37,1,2.7027027027027026,1,0,1,2.7027027027027026
235,236,diag_2,428,37,3,8.108108108108109,1,2,1,2.7027027027027026
235,236,diag_3,250,37,9,24.324324324324326,1,8,1,2.7027027027027026
236,237,diag_1,428,37,4,10.81081081081081,1,3,1,2.7027027027027026
236,237,diag_2,428,37,0,0.0,1,0,0,0.0
236,237,diag_3,250,37,1,2.7027027027027026,1,0,1,2.7027027027027026
237,238,diag_1,428,37,3,8.108108108108109,1,2,1,2.7027027027027026
237,238,diag_2,428,37,4,10.81081081081081,1,3,1,2.7027027027027026
237,238,diag_3,250,37,5,13.513513513513514,1,4,1,2.7027027027027026
238,239,diag_1,428,37,3,8.108108108108109,1,2,1,2.7027027027027026
238,239,diag_2,428,37,3,8.108108108108109,1,2,1,2.7027027027027026
238,239,diag_3,250,37,5,13.513513513513514,1,4,1,2.7027027027027026
239,240,diag_1,428,37,4,10.81081081081081,1,3,1,2.7027027027027026
239,240,diag_2,428,37,3,8.108108108108109,1,2,1,2.7027027027027026
239,240,diag_3,250,37,4,10.81081081081081,1,3,1,2.7027027027027026
240,241,diag_1,428,37,6,16.216216216216218,1,5,1,2.7027027027027026
240,241,diag_2,428,37,1,2.7027027027027026,1,0,1,2.7027027027027026
240,241,diag_3,250,37,5,13.513513513513514,1,4,1,2.7027027027027026
241,242,diag_1,428,37,4,10.81081081081081,1,3,1,2.7027027027027026
241,242,diag_2,428,37,3,8.108108108108109,1,2,1,2.7027027027027026
241,242,diag_3,250,37,3,8.108108108108109,1,2,1,2.7027027027027026
242,243,diag_1,428,37,2,5.405405405405405,1,1,1,2.7027027027027026
242,243,diag_2,428,37,1,2.7027027027027026,1,0,1,2.7027027027027026
242,243,diag_3,250,37,1,2.7027027027027026,1,0,1,2.7027027027027026
243,244,diag_1,428,37,2,5.405405405405405,1,1,1,2.7027027027027026
243,244,diag_2,428,37,2,5.405405405405405,1,1,1,2.7027027027027026
243,244,diag_3,250,37,3,8.108108108108109,1,2,1,2.7027027027027026
244,245,diag_1,428,37,4,10.81081081081081,1,3,1,2.7027027027027026
244,245,diag_2,428,37,0,0.0,1,0,0,0.0
244,245,diag_3,250,37,3,8.108108108108109,1,2,1,2.7027027027027026
245,246,diag_1,428,37,1,2.7027027027027026,1,0,1,2.7027027027027026
245,246,diag_2,428,37,3,8.108108108108109,1,2,1,2.7027027027027026
245,246,diag_3,250,37,2,5.405405405405405,1,1,1,2.7027027027027026
246,247,diag_1,428,37,1,2.7027027027027026,1,0,1,2.7027027027027026
246,247,diag_2,428,37,1,2.7027027027027026,1,0,1,2.7027027027027026
246,247,diag_3,250,37,1,2.7027027027027026,1,0,1,2.7027027027027026
247,248,diag_1,428,37,3,8.108108108108109,1,2,1,2.7027027027027026
247,248,diag_2,428,37,3,8.108108108108109,1,2,1,2.7027027027027026
247,248,diag_3,250,37,7,18.91891891891892,1,6,1,2.7027027027027026
248,249,diag_1,428,37,3,8.108108108108109,1,2,1,2.7027027027027026
248,249,diag_2,428,37,0,0.0,1,0,0,0.0
248,249,diag_3,250,37,8,21.62162162162162,1,7,1,2.7027027027027026
249,250,diag_1,428,37,3,8.108108108108109,1,2,1,2.7027027027027026
249,250,diag_2,428,37,6,16.216216216216218,1,5,1,2.7027027027027026
249,250,diag_3,250,37,6,16.216216216216218,1,5,1,2.7027027027027026
250,251,diag_1,428,37,0,0.0,1,0,0,0.0
250,251,diag_2,428,37,3,8.108108108108109,1,2,1,2.7027027027027026
250,251,diag_3,250,37,6,16.216216216216218,1,5,1,2.7027027027027026
251,252,diag_1,428,37,2,5.405405405405405,1,1,1,2.7027027027027026
251,252,diag_2,428,37,2,5.405405405405405,1,1,1,2.7027027027027026
251,252,diag_3,250,37,5,13.513513513513514,1,4,1,2.7027027027027026
252,253,diag_1,428,37,0,0.0,1,0,0,0.0
252,253,diag_2,428,37,5,13.513513513513514,1,4,1,2.7027027027027026
252,253,diag_3,250,37,1,2.7027027027027026,1,0,1,2.7027027027027026
253,254,diag_1,428,37,2,5.405405405405405,1,1,1,2.7027027027027026
253,254,diag_2,428,37,6,16.216216216216218,1,5,1,2.7027027027027026
253,254,diag_3,250,37,4,10.81081081081081,1,3,1,2.7027027027027026
254,255,diag_1,428,37,5,13.513513513513514,1,4,1,2.7027027027027026
254,255,diag_2,428,37,4,10.81081081081081,1,3,1,2.7027027027027026
254,255,diag_3,250,37,4,10.81081081081081,1,3,1,2.7027027027027026
255,256,diag_1,428,37,5,13.513513513513514,1,4,1,2.7027027027027026
255,256,diag_2,428,37,4,10.81081081081081,1,3,1,2.7027027027027026
255,256,diag_3,250,37,3,8.108108108108109,1,2,1,2.7027027027027026
256,257,diag_1,428,37,3,8.108108108108109,1,2,1,2.7027027027027026
256,257,diag_2,428,37,2,5.405405405405405,1,1,1,2.7027027027027026
256,257,diag_3,250,37,5,13.513513513513514,1,4,1,2.7027027027027026
257,258,diag_1,428,37,4,10.81081081081081,1,3,1,2.7027027027027026
257,258,diag_2,428,37,3,8.108108108108109,1,2,1,2.7027027027027026
257,258,diag_3,250,37,7,18.91891891891892,1,6,1,2.7027027027027026
258,259,diag_1,428,37,4,10.81081081081081,1,3,1,2.7027027027027026
258,259,diag_2,428,37,2,5.405405405405405,1,1,1,2.7027027027027026
258,259,diag_3,250,37,3,8.108108108108109,1,2,1,2.7027027027027026
259,260,diag_1,428,37,2,5.405405405405405,1,1,1,2.7027027027027026
259,260,diag_2,428,37,5,13.513513513513514,1,4,1,2.7027027027027026
259,260,diag_3,250,37,5,13.513513513513514,1,4,1,2.7027027027027026
260,261,diag_1,428,37,3,8.108108108108109,1,2,1,2.7027027027027026
260,261,diag_2,428,37,2,5.405405405405405,1,1,1,2.7027027027027026
260,261,diag_3,250,37,6,16.216216216216218,1,5,1,2.7027027027027026
261,262,diag_1,428,37,2,5.405405405405405,1,1,1,2.7027027027027026
261,262,diag_2,428,37,1,2.7027027027027026,1,0,1,2.7027027027027026
261,262,diag_3,250,37,6,16.216216216216218,1,5,1,2.7027027027027026
262,263,diag_1,428,37,4,10.81081081081081,1,3,1,2.7027027027027026
262,263,diag_2,428,37,5,13.513513513513514,1,4,1,2.7027027027027026
262,263,diag_3,250,37,5,13.513513513513514,1,4,1,2.7027027027027026
263,264,diag_1,428,37,3,8.108108108108109,1,2,1,2.7027027027027026
263,264,diag_2,428,37,3,8.108108108108109,1,2,1,2.7027027027027026
263,264,diag_3,250,37,5,13.513513513513514,1,4,1,2.7027027027027026
264,265,diag_1,428,37,3,8.108108108108109,1,2,1,2.7027027027027026
264,265,diag_2,428,37,4,10.81081081081081,1,3,1,2.7027027027027026
264,265,diag_3,250,37,9,24.324324324324326,1,8,1,2.7027027027027026
265,266,diag_1,428,37,2,5.405405405405405,1,1,1,2.7027027027027026
265,266,diag_2,428,37,8,21.62162162162162,1,7,1,2.7027027027027026
265,266,diag_3,250,37,7,18.91891891891892,1,6,1,2.7027027027027026
266,267,diag_1,428,37,3,8.108108108108109,1,2,1,2.7027027027027026
266,267,diag_2,428,37,3,8.108108108108109,1,2,1,2.7027027027027026
266,267,diag_3,250,37,6,16.216216216216218,1,5,1,2.7027027027027026
267,268,diag_1,428,37,1,2.7027027027027026,1,0,1,2.7027027027027026
267,268,diag_2,428,37,3,8.108108108108109,1,2,1,2.7027027027027026
267,268,diag_3,250,37,3,8.108108108108109,1,2,1,2.7027027027027026
268,269,diag_1,428,37,5,13.513513513513514,1,4,1,2.7027027027027026
268,269,diag_2,428,37,3,8.108108108108109,1,2,1,2.7027027027027026
268,269,diag_3,250,37,4,10.81081081081081,1,3,1,2.7027027027027026
269,270,diag_1,428,37,2,5.405405405405405,1,1,1,2.7027027027027026
269,270,diag_2,428,37,3,8.108108108108109,1,2,1,2.7027027027027026
269,270,diag_3,250,37,3,8.108108108108109,1,2,1,2.7027027027027026
270,271,diag_1,428,37,3,8.108108108108109,1,2,1,2.7027027027027026
270,271,diag_2,428,37,5,13.513513513513514,1,4,1,2.7027027027027026
270,271,diag_3,250,37,7,18.91891891891892,1,6,1,2.7027027027027026
271,272,diag_1,428,37,2,5.405405405405405,1,1,1,2.7027027027027026
271,272,diag_2,428,37,2,5.405405405405405,1,1,1,2.7027027027027026
271,272,diag_3,250,37,5,13.513513513513514,1,4,1,2.7027027027027026
272,273,diag_1,428,37,2,5.405405405405405,1,1,1,2.7027027027027026
272,273,diag_2,428,37,3,8.108108108108109,1,2,1,2.7027027027027026
272,273,diag_3,250,37,7,18.91891891891892,1,6,1,2.7027027027027026
273,274,diag_1,428,37,1,2.7027027027027026,1,0,1,2.7027027027027026
273,274,diag_2,428,37,4,10.81081081081081,1,3,1,2.7027027027027026
273,274,diag_3,250,37,7,18.91891891891892,1,6,1,2.7027027027027026
274,275,diag_1,428,37,3,8.108108108108109,1,2,1,2.7027027027027026
274,275,diag_2,428,37,2,5.405405405405405,1,1,1,2.7027027027027026
274,275,diag_3,250,37,3,8.108108108108109,1,2,1,2.7027027027027026
275,276,diag_1,428,37,4,10.81081081081081,1,3,1,2.7027027027027026
275,276,diag_2,428,37,4,10.81081081081081,1,3,1,2.7027027027027026
275,276,diag_3,250,37,5,13.513513513513514,1,4,1,2.7027027027027026
276,277,diag_1,428,37,4,10.81081081081081,1,3,1,2.7027027027027026
276,277,diag_2,428,37,0,0.0,1,0,0,0.0
276,277,diag_3,250,37,3,8.108108108108109,1,2,1,2.7027027027027026
277,278,diag_1,428,37,1,2.7027027027027026,1,0,1,2.7027027027027026
277,278,diag_2,428,37,4,10.81081081081081,1,3,1,2.7027027027027026
277,278,diag_3,250,37,4,10.81081081081081,1,3,1,2.7027027027027026
278,279,diag_1,428,37,2,5.405405405405405,1,1,1,2.7027027027027026
278,279,diag_2,428,37,5,13.513513513513514,1,4,1,2.7027027027027026
278,279,diag_3,250,37,4,10.81081081081081,1,3,1,2.7027027027027026
279,280,diag_1,428,37,4,10.81081081081081,1,3,1,2.7027027027027026
279,280,diag_2,428,37,2,5.405405405405405,1,1,1,2.7027027027027026
279,280,diag_3,250,37,4,10.81081081081081,1,3,1,2.7027027027027026
280,281,diag_1,428,37,2,5.405405405405405,1,1,1,2.7027027027027026
280,281,diag_2,428,37,2,5.405405405405405,1,1,1,2.7027027027027026
280,281,diag_3,250,37,6,16.216216216216218,1,5,1,2.7027027027027026
281,282,diag_1,428,37,4,10.81081081081081,1,3,1,2.7027027027027026
281,282,diag_2,428,37,2,5.405405405405405,1,1,1,2.7027027027027026
281,282,diag_3,250,37,2,5.405405405405405,1,1,1,2.7027027027027026
282,283,diag_1,428,37,2,5.405405405405405,1,1,1,2.7027027027027026
282,283,diag_2,428,37,2,5.405405405405405,1,1,1,2.7027027027027026
282,283,diag_3,250,37,1,2.7027027027027026,1,0,1,2.7027027027027026
283,284,diag_1,428,37,3,8.108108108108109,1,2,1,2.7027027027027026
283,284,diag_2,428,37,3,8.108108108108109,1,2,1,2.7027027027027026
283,284,diag_3,250,37,2,5.405405405405405,1,1,1,2.7027027027027026
284,285,diag_1,428,37,4,10.81081081081081,1,3,1,2.7027027027027026
284,285,diag_2,428,37,0,0.0,1,0,0,0.0
284,285,diag_3,250,37,4,10.81081081081081,1,3,1,2.7027027027027026
285,286,diag_1,428,37,1,2.7027027027027026,1,0,1,2.7027027027027026
285,286,diag_2,428,37,2,5.405405405405405,1,1,1,2.7027027027027026
285,286,diag_3,250,37,4,10.81081081081081,1,3,1,2.7027027027027026
286,287,diag_1,428,37,2,5.405405405405405,1,1,1,2.7027027027027026
286,287,diag_2,428,37,4,10.81081081081081,1,3,1,2.7027027027027026
286,287,diag_3,250,37,11,29.72972972972973,1,10,1,2.7027027027027026
287,288,diag_1,428,37,2,5.405405405405405,1,1,1,2.7027027027027026
287,288,diag_2,428,37,3,8.108108108108109,1,2,1,2.7027027027027026
287,288,diag_3,250,37,8,21.62162162162162,1,7,1,2.7027027027027026
288,289,diag_1,428,37,4,10.81081081081081,1,3,1,2.7027027027027026
288,289,diag_2,428,37,1,2.7027027027027026,1,0,1,2.7027027027027026
288,289,diag_3,250,37,5,13.513513513513514,1,4,1,2.7027027027027026
289,290,diag_1,428,37,7,18.91891891891892,1,6,1,2.7027027027027026
289,290,diag_2,428,37,1,2.7027027027027026,1,0,1,2.7027027027027026
289,290,diag_3,250,37,3,8.108108108108109,1,2,1,2.7027027027027026
290,291,diag_1,428,37,1,2.7027027027027026,1,0,1,2.7027027027027026
290,291,diag_2,428,37,4,10.81081081081081,1,3,1,2.7027027027027026
290,291,diag_3,250,37,8,21.62162162162162,1,7,1,2.7027027027027026
291,292,diag_1,428,37,0,0.0,1,0,0,0.0
291,292,diag_2,428,37,3,8.108108108108109,1,2,1,2.7027027027027026
291,292,diag_3,250,37,6,16.216216216216218,1,5,1,2.7027027027027026
292,293,diag_1,428,37,6,16.216216216216218,1,5,1,2.7027027027027026
292,293,diag_2,428,37,2,5.405405405405405,1,1,1,2.7027027027027026
292,293,diag_3,250,37,7,18.91891891891892,1,6,1,2.7027027027027026
293,294,diag_1,428,37,2,5.405405405405405,1,1,1,2.7027027027027026
293,294,diag_2,428,37,3,8.108108108108109,1,2,1,2.7027027027027026
293,294,diag_3,250,37,12,32.432432432432435,1,11,1,2.7027027027027026
294,295,diag_1,428,37,2,5.405405405405405,1,1,1,2.7027027027027026
294,295,diag_2,428,37,2,5.405405405405405,1,1,1,2.7027027027027026
294,295,diag_3,250,37,3,8.108108108108109,1,2,1,2.7027027027027026
295,296,diag_1,428,37,1,2.7027027027027026,1,0,1,2.7027027027027026
295,296,diag_2,428,37,6,16.216216216216218,1,5,1,2.7027027027027026
295,296,diag_3,250,37,5,13.513513513513514,1,4,1,2.7027027027027026
296,297,diag_1,428,37,4,10.81081081081081,1,3,1,2.7027027027027026
296,297,diag_2,428,37,3,8.108108108108109,1,2,1,2.7027027027027026
296,297,diag_3,250,37,5,13.513513513513514,1,4,1,2.7027027027027026
297,298,diag_1,428,37,4,10.81081081081081,1,3,1,2.7027027027027026
297,298,diag_2,428,37,2,5.405405405405405,1,1,1,2.7027027027027026
297,298,diag_3,250,37,3,8.108108108108109,1,2,1,2.7027027027027026
298,299,diag_1,428,37,1,2.7027027027027026,1,0,1,2.7027027027027026
298,299,diag_2,428,37,2,5.405405405405405,1,1,1,2.7027027027027026
298,299,diag_3,250,37,1,2.7027027027027026,1,0,1,2.7027027027027026
299,300,diag_1,428,37,1,2.7027027027027026,1,0,1,2.7027027027027026
299,300,diag_2,428,37,3,8.108108108108109,1,2,1,2.7027027027027026
299,300,diag_3,250,37,5,13.513513513513514,1,4,1,2.7027027027027026
300,301,diag_1,428,37,1,2.7027027027027026,1,0,1,2.7027027027027026
300,301,diag_2,428,37,4,10.81081081081081,1,3,1,2.7027027027027026
300,301,diag_3,250,37,3,8.108108108108109,1,2,1,2.7027027027027026
301,302,diag_1,428,37,0,0.0,1,0,0,0.0
301,302,diag_2,428,37,1,2.7027027027027026,1,0,1,2.7027027027027026
301,302,diag_3,250,37,5,13.513513513513514,1,4,1,2.7027027027027026
302,303,diag_1,428,37,1,2.7027027027027026,1,0,1,2.7027027027027026
302,303,diag_2,428,37,3,8.108108108108109,1,2,1,2.7027027027027026
302,303,diag_3,250,37,5,13.513513513513514,1,4,1,2.7027027027027026
303,304,diag_1,428,37,2,5.405405405405405,1,1,1,2.7027027027027026
303,304,diag_2,428,37,3,8.108108108108109,1,2,1,2.7027027027027026
303,304,diag_3,250,37,3,8.108108108108109,1,2,1,2.7027027027027026
304,305,diag_1,428,37,5,13.513513513513514,1,4,1,2.7027027027027026
304,305,diag_2,428,37,1,2.7027027027027026,1,0,1,2.7027027027027026
304,305,diag_3,250,37,6,16.216216216216218,1,5,1,2.7027027027027026
305,306,diag_1,428,37,4,10.81081081081081,1,3,1,2.7027027027027026
305,306,diag_2,428,37,2,5.405405405405405,1,1,1,2.7027027027027026
305,306,diag_3,250,37,2,5.405405405405405,1,1,1,2.7027027027027026
306,307,diag_1,428,37,2,5.405405405405405,1,1,1,2.7027027027027026
306,307,diag_2,428,37,2,5.405405405405405,1,1,1,2.7027027027027026
306,307,diag_3,250,37,2,5.405405405405405,1,1,1,2.7027027027027026
307,308,diag_1,428,37,5,13.513513513513514,1,4,1,2.7027027027027026
307,308,diag_2,428,37,3,8.108108108108109,1,2,1,2.7027027027027026
307,308,diag_3,250,37,8,21.62162162162162,1,7,1,2.7027027027027026
308,309,diag_1,428,37,1,2.7027027027027026,1,0,1,2.7027027027027026
308,309,diag_2,428,37,0,0.0,1,0,0,0.0
308,309,diag_3,250,37,4,10.81081081081081,1,3,1,2.7027027027027026
309,310,diag_1,428,37,5,13.513513513513514,1,4,1,2.7027027027027026
309,310,diag_2,428,37,2,5.405405405405405,1,1,1,2.7027027027027026
309,310,diag_3,250,37,5,13.513513513513514,1,4,1,2.7027027027027026
310,311,diag_1,428,37,3,8.108108108108109,1,2,1,2.7027027027027026
310,311,diag_2,428,37,1,2.7027027027027026,1,0,1,2.7027027027027026
310,311,diag_3,250,37,6,16.216216216216218,1,5,1,2.7027027027027026
311,312,diag_1,428,37,5,13.513513513513514,1,4,1,2.7027027027027026
311,312,diag_2,428,37,1,2.7027027027027026,1,0,1,2.7027027027027026
311,312,diag_3,250,37,5,13.513513513513514,1,4,1,2.7027027027027026
312,313,diag_1,428,37,0,0.0,1,0,0,0.0
312,313,diag_2,428,37,3,8.108108108108109,1,2,1,2.7027027027027026
312,313,diag_3,250,37,3,8.108108108108109,1,2,1,2.7027027027027026
313,314,diag_1,428,37,4,10.81081081081081,1,3,1,2.7027027027027026
313,314,diag_2,428,37,1,2.7027027027027026,1,0,1,2.7027027027027026
313,314,diag_3,250,37,2,5.405405405405405,1,1,1,2.7027027027027026
314,315,diag_1,428,37,4,10.81081081081081,1,3,1,2.7027027027027026
314,315,diag_2,428,37,4,10.81081081081081,1,3,1,2.7027027027027026
314,315,diag_3,250,37,6,16.216216216216218,1,5,1,2.7027027027027026
315,316,diag_1,428,37,5,13.513513513513514,1,4,1,2.7027027027027026
315,316,diag_2,428,37,3,8.108108108108109,1,2,1,2.7027027027027026
315,316,diag_3,250,37,7,18.91891891891892,1,6,1,2.7027027027027026
316,317,diag_1,428,37,4,10.81081081081081,1,3,1,2.7027027027027026
316,317,diag_2,428,37,4,10.81081081081081,1,3,1,2.7027027027027026
316,317,diag_3,250,37,3,8.108108108108109,1,2,1,2.7027027027027026
317,318,diag_1,428,37,2,5.405405405405405,1,1,1,2.7027027027027026
317,318,diag_2,428,37,1,2.7027027027027026,1,0,1,2.7027027027027026
317,318,diag_3,250,37,3,8.108108108108109,1,2,1,2.7027027027027026
318,319,diag_1,428,37,2,5.405405405405405,1,1,1,2.7027027027027026
318,319,diag_2,428,37,4,10.81081081081081,1,3,1,2.7027027027027026
318,319,diag_3,250,37,3,8.108108108108109,1,2,1,2.7027027027027026
319,320,diag_1,428,37,2,5.405405405405405,1,1,1,2.7027027027027026
319,320,diag_2,428,37,1,2.7027027027027026,1,0,1,2.7027027027027026
319,320,diag_3,250,37,6,16.216216216216218,1,5,1,2.7027027027027026
320,321,diag_1,428,37,2,5.405405405405405,1,1,1,2.7027027027027026
320,321,diag_2,428,37,2,5.405405405405405,1,1,1,2.7027027027027026
320,321,diag_3,250,37,6,16.216216216216218,1,5,1,2.7027027027027026
321,322,diag_1,428,37,4,10.81081081081081,1,3,1,2.7027027027027026
321,322,diag_2,428,37,3,8.108108108108109,1,2,1,2.7027027027027026
321,322,diag_3,250,37,11,29.72972972972973,1,10,1,2.7027027027027026
322,323,diag_1,428,37,3,8.108108108108109,1,2,1,2.7027027027027026
322,323,diag_2,428,37,1,2.7027027027027026,1,0,1,2.7027027027027026
322,323,diag_3,250,37,3,8.108108108108109,1,2,1,2.7027027027027026
323,324,diag_1,428,37,8,21.62162162162162,1,7,1,2.7027027027027026
323,324,diag_2,428,37,3,8.108108108108109,1,2,1,2.7027027027027026
323,324,diag_3,250,37,6,16.216216216216218,1,5,1,2.7027027027027026
324,325,diag_1,428,37,2,5.405405405405405,1,1,1,2.7027027027027026
324,325,diag_2,428,37,2,5.405405405405405,1,1,1,2.7027027027027026
324,325,diag_3,250,37,1,2.7027027027027026,1,0,1,2.7027027027027026
325,326,diag_1,428,37,2,5.405405405405405,1,1,1,2.7027027027027026
325,326,diag_2,428,37,2,5.405405405405405,1,1,1,2.7027027027027026
325,326,diag_3,250,37,4,10.81081081081081,1,3,1,2.7027027027027026
326,327,diag_1,428,37,4,10.81081081081081,1,3,1,2.7027027027027026
326,327,diag_2,428,37,3,8.108108108108109,1,2,1,2.7027027027027026
326,327,diag_3,250,37,5,13.513513513513514,1,4,1,2.7027027027027026
327,328,diag_1,428,37,1,2.7027027027027026,1,0,1,2.7027027027027026
327,328,diag_2,428,37,1,2.7027027027027026,1,0,1,2.7027027027027026
327,328,diag_3,250,37,1,2.7027027027027026,1,0,1,2.7027027027027026
328,329,diag_1,428,37,2,5.405405405405405,1,1,1,2.7027027027027026
328,329,diag_2,428,37,3,8.108108108108109,1,2,1,2.7027027027027026
328,329,diag_3,250,37,7,18.91891891891892,1,6,1,2.7027027027027026
329,330,diag_1,428,37,2,5.405405405405405,1,1,1,2.7027027027027026
329,330,diag_2,428,37,4,10.81081081081081,1,3,1,2.7027027027027026
329,330,diag_3,250,37,2,5.405405405405405,1,1,1,2.7027027027027026
330,331,diag_1,428,37,4,10.81081081081081,1,3,1,2.7027027027027026
330,331,diag_2,428,37,4,10.81081081081081,1,3,1,2.7027027027027026
330,331,diag_3,250,37,4,10.81081081081081,1,3,1,2.7027027027027026
331,332,diag_1,428,37,2,5.405405405405405,1,1,1,2.7027027027027026
331,332,diag_2,428,37,2,5.405405405405405,1,1,1,2.7027027027027026
331,332,diag_3,250,37,5,13.513513513513514,1,4,1,2.7027027027027026
332,333,diag_1,428,37,6,16.216216216216218,1,5,1,2.7027027027027026
332,333,diag_2,428,37,2,5.405405405405405,1,1,1,2.7027027027027026
332,333,diag_3,250,37,3,8.108108108108109,1,2,1,2.7027027027027026
333,334,diag_1,428,37,2,5.405405405405405,1,1,1,2.7027027027027026
333,334,diag_2,428,37,3,8.108108108108109,1,2,1,2.7027027027027026
333,334,diag_3,250,37,3,8.108108108108109,1,2,1,2.7027027027027026
334,335,diag_1,428,37,1,2.7027027027027026,1,0,1,2.7027027027027026
334,335,diag_2,428,37,3,8.108108108108109,1,2,1,2.7027027027027026
334,335,diag_3,250,37,1,2.7027027027027026,1,0,1,2.7027027027027026
335,336,diag_1,428,37,1,2.7027027027027026,1,0,1,2.7027027027027026
335,336,diag_2,428,37,0,0.0,1,0,0,0.0
335,336,diag_3,250,37,4,10.81081081081081,1,3,1,2.7027027027027026
336,337,diag_1,428,37,1,2.7027027027027026,1,0,1,2.7027027027027026
336,337,diag_2,428,37,3,8.108108108108109,1,2,1,2.7027027027027026
336,337,diag_3,250,37,8,21.62162162162162,1,7,1,2.7027027027027026
337,338,diag_1,428,37,2,5.405405405405405,1,1,1,2.7027027027027026
337,338,diag_2,428,37,3,8.108108108108109,1,2,1,2.7027027027027026
337,338,diag_3,250,37,2,5.405405405405405,1,1,1,2.7027027027027026
338,339,diag_1,428,37,1,2.7027027027027026,1,0,1,2.7027027027027026
338,339,diag_2,428,37,6,16.216216216216218,1,5,1,2.7027027027027026
338,339,diag_3,250,37,6,16.216216216216218,1,5,1,2.7027027027027026
339,340,diag_1,428,37,3,8.108108108108109,1,2,1,2.7027027027027026
339,340,diag_2,428,37,2,5.405405405405405,1,1,1,2.7027027027027026
339,340,diag_3,250,37,10,27.027027027027028,1,9,1,2.7027027027027026
340,341,diag_1,428,37,1,2.7027027027027026,1,0,1,2.7027027027027026
340,341,diag_2,428,37,6,16.216216216216218,1,5,1,2.7027027027027026
340,341,diag_3,250,37,5,13.513513513513514,1,4,1,2.7027027027027026
341,342,diag_1,428,37,3,8.108108108108109,1,2,1,2.7027027027027026
341,342,diag_2,428,37,3,8.108108108108109,1,2,1,2.7027027027027026
341,342,diag_3,250,37,2,5.405405405405405,1,1,1,2.7027027027027026
342,343,diag_1,428,37,1,2.7027027027027026,1,0,1,2.7027027027027026
342,343,diag_2,428,37,2,5.405405405405405,1,1,1,2.7027027027027026
342,343,diag_3,250,37,4,10.81081081081081,1,3,1,2.7027027027027026
343,344,diag_1,428,37,4,10.81081081081081,1,3,1,2.7027027027027026
343,344,diag_2,428,37,3,8.108108108108109,1,2,1,2.7027027027027026
343,344,diag_3,250,37,3,8.108108108108109,1,2,1,2.7027027027027026
344,345,diag_1,428,37,1,2.7027027027027026,1,0,1,2.7027027027027026
344,345,diag_2,428,37,1,2.7027027027027026,1,0,1,2.7027027027027026
344,345,diag_3,250,37,3,8.108108108108109,1,2,1,2.7027027027027026
345,346,diag_1,428,37,1,2.7027027027027026,1,0,1,2.7027027027027026
345,346,diag_2,428,37,2,5.405405405405405,1,1,1,2.7027027027027026
345,346,diag_3,250,37,6,16.216216216216218,1,5,1,2.7027027027027026
346,347,diag_1,428,37,3,8.108108108108109,1,2,1,2.7027027027027026
346,347,diag_2,428,37,2,5.405405405405405,1,1,1,2.7027027027027026
346,347,diag_3,250,37,2,5.405405405405405,1,1,1,2.7027027027027026
347,348,diag_1,428,37,4,10.81081081081081,1,3,1,2.7027027027027026
347,348,diag_2,428,37,2,5.405405405405405,1,1,1,2.7027027027027026
347,348,diag_3,250,37,5,13.513513513513514,1,4,1,2.7027027027027026
348,349,diag_1,428,37,1,2.7027027027027026,1,0,1,2.7027027027027026
348,349,diag_2,428,37,7,18.91891891891892,1,6,1,2.7027027027027026
348,349,diag_3,250,37,9,24.324324324324326,1,8,1,2.7027027027027026
349,350,diag_1,428,37,4,10.81081081081081,1,3,1,2.7027027027027026
349,350,diag_2,428,37,2,5.405405405405405,1,1,1,2.7027027027027026
349,350,diag_3,250,37,5,13.513513513513514,1,4,1,2.7027027027027026
350,351,diag_1,428,37,3,8.108108108108109,1,2,1,2.7027027027027026
350,351,diag_2,428,37,6,16.216216216216218,1,5,1,2.7027027027027026
350,351,diag_3,250,37,4,10.81081081081081,1,3,1,2.7027027027027026
351,352,diag_1,428,37,2,5.405405405405405,1,1,1,2.7027027027027026
351,352,diag_2,428,37,5,13.513513513513514,1,4,1,2.7027027027027026
351,352,diag_3,250,37,5,13.513513513513514,1,4,1,2.7027027027027026
352,353,diag_1,428,37,3,8.108108108108109,1,2,1,2.7027027027027026
352,353,diag_2,428,37,2,5.405405405405405,1,1,1,2.7027027027027026
352,353,diag_3,250,37,3,8.108108108108109,1,2,1,2.7027027027027026
353,354,diag_1,428,37,0,0.0,1,0,0,0.0
353,354,diag_2,428,37,2,5.405405405405405,1,1,1,2.7027027027027026
353,354,diag_3,250,37,7,18.91891891891892,1,6,1,2.7027027027027026
354,355,diag_1,428,37,2,5.405405405405405,1,1,1,2.7027027027027026
354,355,diag_2,428,37,2,5.405405405405405,1,1,1,2.7027027027027026
354,355,diag_3,250,37,3,8.108108108108109,1,2,1,2.7027027027027026
355,356,diag_1,428,37,2,5.405405405405405,1,1,1,2.7027027027027026
355,356,diag_2,428,37,2,5.405405405405405,1,1,1,2.7027027027027026
355,356,diag_3,250,37,5,13.513513513513514,1,4,1,2.7027027027027026
356,357,diag_1,428,37,1,2.7027027027027026,1,0,1,2.7027027027027026
356,357,diag_2,428,37,2,5.405405405405405,1,1,1,2.7027027027027026
356,357,diag_3,250,37,6,16.216216216216218,1,5,1,2.7027027027027026
357,358,diag_1,428,37,3,8.108108108108109,1,2,1,2.7027027027027026
357,358,diag_2,428,37,1,2.7027027027027026,1,0,1,2.7027027027027026
357,358,diag_3,250,37,7,18.91891891891892,1,6,1,2.7027027027027026
358,359,diag_1,428,37,3,8.108108108108109,1,2,1,2.7027027027027026
358,359,diag_2,428,37,1,2.7027027027027026,1,0,1,2.7027027027027026
358,359,diag_3,250,37,3,8.108108108108109,1,2,1,2.7027027027027026
359,360,diag_1,428,37,1,2.7027027027027026,1,0,1,2.7027027027027026
359,360,diag_2,428,37,3,8.108108108108109,1,2,1,2.7027027027027026
359,360,diag_3,250,37,2,5.405405405405405,1,1,1,2.7027027027027026
360,361,diag_1,428,37,3,8.108108108108109,1,2,1,2.7027027027027026
360,361,diag_2,428,37,2,5.405405405405405,1,1,1,2.7027027027027026
360,361,diag_3,250,37,4,10.81081081081081,1,3,1,2.7027027027027026
361,362,diag_1,428,37,0,0.0,1,0,0,0.0
361,362,diag_2,428,37,1,2.7027027027027026,1,0,1,2.7027027027027026
361,362,diag_3,250,37,2,5.405405405405405,1,1,1,2.7027027027027026
362,363,diag_1,428,37,2,5.405405405405405,1,1,1,2.7027027027027026
362,363,diag_2,428,37,3,8.108108108108109,1,2,1,2.7027027027027026
362,363,diag_3,250,37,6,16.216216216216218,1,5,1,2.7027027027027026
363,364,diag_1,428,37,2,5.405405405405405,1,1,1,2.7027027027027026
363,364,diag_2,428,37,3,8.108108108108109,1,2,1,2.7027027027027026
363,364,diag_3,250,37,4,10.81081081081081,1,3,1,2.7027027027027026
364,365,diag_1,428,37,2,5.405405405405405,1,1,1,2.7027027027027026
364,365,diag_2,428,37,1,2.7027027027027026,1,0,1,2.7027027027027026
364,365,diag_3,250,37,6,16.216216216216218,1,5,1,2.7027027027027026
365,366,diag_1,428,37,5,13.513513513513514,1,4,1,2.7027027027027026
365,366,diag_2,428,37,2,5.405405405405405,1,1,1,2.7027027027027026
365,366,diag_3,250,37,4,10.81081081081081,1,3,1,2.7027027027027026
366,367,diag_1,428,37,0,0.0,1,0,0,0.0
366,367,diag_2,428,37,2,5.405405405405405,1,1,1,2.7027027027027026
366,367,diag_3,250,37,7,18.91891891891892,1,6,1,2.7027027027027026
367,368,diag_1,428,37,2,5.405405405405405,1,1,1,2.7027027027027026
367,368,diag_2,428,37,3,8.108108108108109,1,2,1,2.7027027027027026
367,368,diag_3,250,37,2,5.405405405405405,1,1,1,2.7027027027027026
368,369,diag_1,428,37,2,5.405405405405405,1,1,1,2.7027027027027026
368,369,diag_2,428,37,3,8.108108108108109,1,2,1,2.7027027027027026
368,369,diag_3,250,37,6,16.216216216216218,1,5,1,2.7027027027027026
369,370,diag_1,428,37,1,2.7027027027027026,1,0,1,2.7027027027027026
369,370,diag_2,428,37,2,5.405405405405405,1,1,1,2.7027027027027026
369,370,diag_3,250,37,3,8.108108108108109,1,2,1,2.7027027027027026
370,371,diag_1,428,37,0,0.0,1,0,0,0.0
370,371,diag_2,428,37,2,5.405405405405405,1,1,1,2.7027027027027026
370,371,diag_3,250,37,5,13.513513513513514,1,4,1,2.7027027027027026
371,372,diag_1,428,37,1,2.7027027027027026,1,0,1,2.7027027027027026
371,372,diag_2,428,37,1,2.7027027027027026,1,0,1,2.7027027027027026
371,372,diag_3,250,37,3,8.108108108108109,1,2,1,2.7027027027027026
372,373,diag_1,428,37,2,5.405405405405405,1,1,1,2.7027027027027026
372,373,diag_2,428,37,4,10.81081081081081,1,3,1,2.7027027027027026
372,373,diag_3,250,37,7,18.91891891891892,1,6,1,2.7027027027027026
373,374,diag_1,428,37,1,2.7027027027027026,1,0,1,2.7027027027027026
373,374,diag_2,428,37,2,5.405405405405405,1,1,1,2.7027027027027026
373,374,diag_3,250,37,8,21.62162162162162,1,7,1,2.7027027027027026
374,375,diag_1,428,37,5,13.513513513513514,1,4,1,2.7027027027027026
374,375,diag_2,428,37,4,10.81081081081081,1,3,1,2.7027027027027026
374,375,diag_3,250,37,5,13.513513513513514,1,4,1,2.7027027027027026
375,376,diag_1,428,37,2,5.405405405405405,1,1,1,2.7027027027027026
375,376,diag_2,428,37,1,2.7027027027027026,1,0,1,2.7027027027027026
375,376,diag_3,250,37,7,18.91891891891892,1,6,1,2.7027027027027026
376,377,diag_1,428,37,4,10.81081081081081,1,3,1,2.7027027027027026
376,377,diag_2,428,37,3,8.108108108108109,1,2,1,2.7027027027027026
376,377,diag_3,250,37,4,10.81081081081081,1,3,1,2.7027027027027026
377,378,diag_1,428,37,3,8.108108108108109,1,2,1,2.7027027027027026
377,378,diag_2,428,37,5,13.513513513513514,1,4,1,2.7027027027027026
377,378,diag_3,250,37,5,13.513513513513514,1,4,1,2.7027027027027026
378,379,diag_1,428,37,1,2.7027027027027026,1,0,1,2.7027027027027026
378,379,diag_2,428,37,2,5.405405405405405,1,1,1,2.7027027027027026
378,379,diag_3,250,37,3,8.108108108108109,1,2,1,2.7027027027027026
379,380,diag_1,428,37,3,8.108108108108109,1,2,1,2.7027027027027026
379,380,diag_2,428,37,2,5.405405405405405,1,1,1,2.7027027027027026
379,380,diag_3,250,37,6,16.216216216216218,1,5,1,2.7027027027027026
380,381,diag_1,428,37,0,0.0,1,0,0,0.0
380,381,diag_2,428,37,2,5.405405405405405,1,1,1,2.7027027027027026
380,381,diag_3,250,37,6,16.216216216216218,1,5,1,2.7027027027027026
381,382,diag_1,428,37,2,5.405405405405405,1,1,1,2.7027027027027026
381,382,diag_2,428,37,3,8.108108108108109,1,2,1,2.7027027027027026
381,382,diag_3,250,37,4,10.81081081081081,1,3,1,2.7027027027027026
382,383,diag_1,428,37,2,5.405405405405405,1,1,1,2.7027027027027026
382,383,diag_2,428,37,5,13.513513513513514,1,4,1,2.7027027027027026
382,383,diag_3,250,37,5,13.513513513513514,1,4,1,2.7027027027027026
383,384,diag_1,428,37,2,5.405405405405405,1,1,1,2.7027027027027026
383,384,diag_2,428,37,4,10.81081081081081,1,3,1,2.7027027027027026
383,384,diag_3,250,37,8,21.62162162162162,1,7,1,2.7027027027027026
384,385,diag_1,428,37,4,10.81081081081081,1,3,1,2.7027027027027026
384,385,diag_2,428,37,1,2.7027027027027026,1,0,1,2.7027027027027026
384,385,diag_3,250,37,2,5.405405405405405,1,1,1,2.7027027027027026
385,386,diag_1,428,37,3,8.108108108108109,1,2,1,2.7027027027027026
385,386,diag_2,428,37,7,18.91891891891892,1,6,1,2.7027027027027026
385,386,diag_3,250,37,2,5.405405405405405,1,1,1,2.7027027027027026
386,387,diag_1,428,37,2,5.405405405405405,1,1,1,2.7027027027027026
386,387,diag_2,428,37,5,13.513513513513514,1,4,1,2.7027027027027026
386,387,diag_3,250,37,5,13.513513513513514,1,4,1,2.7027027027027026
387,388,diag_1,428,37,2,5.405405405405405,1,1,1,2.7027027027027026
387,388,diag_2,428,37,2,5.405405405405405,1,1,1,2.7027027027027026
387,388,diag_3,250,37,6,16.216216216216218,1,5,1,2.7027027027027026
388,389,diag_1,428,37,1,2.7027027027027026,1,0,1,2.7027027027027026
388,389,diag_2,428,37,1,2.7027027027027026,1,0,1,2.7027027027027026
388,389,diag_3,250,37,7,18.91891891891892,1,6,1,2.7027027027027026
389,390,diag_1,428,37,3,8.108108108108109,1,2,1,2.7027027027027026
389,390,diag_2,428,37,2,5.405405405405405,1,1,1,2.7027027027027026
389,390,diag_3,250,37,7,18.91891891891892,1,6,1,2.7027027027027026
390,391,diag_1,428,37,0,0.0,1,0,0,0.0
390,391,diag_2,428,37,1,2.7027027027027026,1,0,1,2.7027027027027026
390,391,diag_3,250,37,3,8.108108108108109,1,2,1,2.7027027027027026
391,392,diag_1,428,37,0,0.0,1,0,0,0.0
391,392,diag_2,428,37,4,10.81081081081081,1,3,1,2.7027027027027026
391,392,diag_3,250,37,1,2.7027027027027026,1,0,1,2.7027027027027026
392,393,diag_1,428,37,1,2.7027027027027026,1,0,1,2.7027027027027026
392,393,diag_2,428,37,0,0.0,1,0,0,0.0
392,393,diag_3,250,37,5,13.513513513513514,1,4,1,2.7027027027027026
393,394,diag_1,428,37,5,13.513513513513514,1,4,1,2.7027027027027026
393,394,diag_2,428,37,2,5.405405405405405,1,1,1,2.7027027027027026
393,394,diag_3,250,37,3,8.108108108108109,1,2,1,2.7027027027027026
394,395,diag_1,428,37,2,5.405405405405405,1,1,1,2.7027027027027026
394,395,diag_2,428,37,2,5.405405405405405,1,1,1,2.7027027027027026
394,395,diag_3,250,37,2,5.405405405405405,1,1,1,2.7027027027027026
395,396,diag_1,428,37,2,5.405405405405405,1,1,1,2.7027027027027026
395,396,diag_2,428,37,3,8.108108108108109,1,2,1,2.7027027027027026
395,396,diag_3,250,37,1,2.7027027027027026,1,0,1,2.7027027027027026
396,397,diag_1,428,37,7,18.91891891891892,1,6,1,2.7027027027027026
396,397,diag_2,428,37,3,8.108108108108109,1,2,1,2.7027027027027026
396,397,diag_3,250,37,3,8.108108108108109,1,2,1,2.7027027027027026
397,398,diag_1,428,37,3,8.108108108108109,1,2,1,2.7027027027027026
397,398,diag_2,428,37,0,0.0,1,0,0,0.0
397,398,diag_3,250,37,3,8.108108108108109,1,2,1,2.7027027027027026
398,399,diag_1,428,37,3,8.108108108108109,1,2,1,2.7027027027027026
398,399,diag_2,428,37,5,13.513513513513514,1,4,1,2.7027027027027026
398,399,diag_3,250,37,2,5.405405405405405,1,1,1,2.7027027027027026
399,400,diag_1,428,37,3,8.108108108108109,1,2,1,2.7027027027027026
399,400,diag_2,428,37,2,5.405405405405405,1,1,1,2.7027027027027026
399,400,diag_3,250,37,5,13.513513513513514,1,4,1,2.7027027027027026
400,401,diag_1,428,37,5,13.513513513513514,1,4,1,2.7027027027027026
400,401,diag_2,428,37,3,8.108108108108109,1,2,1,2.7027027027027026
400,401,diag_3,250,37,4,10.81081081081081,1,3,1,2.7027027027027026
401,402,diag_1,428,37,1,2.7027027027027026,1,0,1,2.7027027027027026
401,402,diag_2,428,37,0,0.0,1,0,0,0.0
401,402,diag_3,250,37,4,10.81081081081081,1,3,1,2.7027027027027026
402,403,diag_1,428,37,2,5.405405405405405,1,1,1,2.7027027027027026
402,403,diag_2,428,37,4,10.81081081081081,1,3,1,2.7027027027027026
402,403,diag_3,250,37,5,13.513513513513514,1,4,1,2.7027027027027026
403,404,diag_1,428,37,2,5.405405405405405,1,1,1,2.7027027027027026
403,404,diag_2,428,37,4,10.81081081081081,1,3,1,2.7027027027027026
403,404,diag_3,250,37,4,10.81081081081081,1,3,1,2.7027027027027026
404,405,diag_1,428,37,3,8.108108108108109,1,2,1,2.7027027027027026
404,405,diag_2,428,37,2,5.405405405405405,1,1,1,2.7027027027027026
404,405,diag_3,250,37,3,8.108108108108109,1,2,1,2.7027027027027026
405,406,diag_1,428,37,2,5.405405405405405,1,1,1,2.7027027027027026
405,406,diag_2,428,37,3,8.108108108108109,1,2,1,2.7027027027027026
405,406,diag_3,250,37,4,10.81081081081081,1,3,1,2.7027027027027026
406,407,diag_1,428,37,5,13.513513513513514,1,4,1,2.7027027027027026
406,407,diag_2,428,37,1,2.7027027027027026,1,0,1,2.7027027027027026
406,407,diag_3,250,37,3,8.108108108108109,1,2,1,2.7027027027027026
407,408,diag_1,428,37,2,5.405405405405405,1,1,1,2.7027027027027026
407,408,diag_2,428,37,6,16.216216216216218,1,5,1,2.7027027027027026
407,408,diag_3,250,37,2,5.405405405405405,1,1,1,2.7027027027027026
408,409,diag_1,428,37,1,2.7027027027027026,1,0,1,2.7027027027027026
408,409,diag_2,428,37,1,2.7027027027027026,1,0,1,2.7027027027027026
408,409,diag_3,250,37,6,16.216216216216218,1,5,1,2.7027027027027026
409,410,diag_1,428,37,2,5.405405405405405,1,1,1,2.7027027027027026
409,410,diag_2,428,37,4,10.81081081081081,1,3,1,2.7027027027027026
409,410,diag_3,250,37,5,13.513513513513514,1,4,1,2.7027027027027026
410,411,diag_1,428,37,2,5.405405405405405,1,1,1,2.7027027027027026
410,411,diag_2,428,37,2,5.405405405405405,1,1,1,2.7027027027027026
410,411,diag_3,250,37,2,5.405405405405405,1,1,1,2.7027027027027026
411,412,diag_1,428,37,3,8.108108108108109,1,2,1,2.7027027027027026
411,412,diag_2,428,37,4,10.81081081081081,1,3,1,2.7027027027027026
411,412,diag_3,250,37,3,8.108108108108109,1,2,1,2.7027027027027026
412,413,diag_1,428,37,0,0.0,1,0,0,0.0
412,413,diag_2,428,37,0,0.0,1,0,0,0.0
412,413,diag_3,250,37,4,10.81081081081081,1,3,1,2.7027027027027026
413,414,diag_1,428,37,2,5.405405405405405,1,1,1,2.7027027027027026
413,414,diag_2,428,37,1,2.7027027027027026,1,0,1,2.7027027027027026
413,414,diag_3,250,37,7,18.91891891891892,1,6,1,2.7027027027027026
414,415,diag_1,428,37,2,5.405405405405405,1,1,1,2.7027027027027026
414,415,diag_2,428,37,1,2.7027027027027026,1,0,1,2.7027027027027026
414,415,diag_3,250,37,4,10.81081081081081,1,3,1,2.7027027027027026
415,416,diag_1,428,37,1,2.7027027027027026,1,0,1,2.7027027027027026
415,416,diag_2,428,37,3,8.108108108108109,1,2,1,2.7027027027027026
415,416,diag_3,250,37,9,24.324324324324326,1,8,1,2.7027027027027026
416,417,diag_1,428,37,2,5.405405405405405,1,1,1,2.7027027027027026
416,417,diag_2,428,37,4,10.81081081081081,1,3,1,2.7027027027027026
416,417,diag_3,250,37,5,13.513513513513514,1,4,1,2.7027027027027026
417,418,diag_1,428,37,2,5.405405405405405,1,1,1,2.7027027027027026
417,418,diag_2,428,37,3,8.108108108108109,1,2,1,2.7027027027027026
417,418,diag_3,250,37,3,8.108108108108109,1,2,1,2.7027027027027026
418,419,diag_1,428,37,2,5.405405405405405,1,1,1,2.7027027027027026
418,419,diag_2,428,37,3,8.108108108108109,1,2,1,2.7027027027027026
418,419,diag_3,250,37,3,8.108108108108109,1,2,1,2.7027027027027026
419,420,diag_1,428,37,1,2.7027027027027026,1,0,1,2.7027027027027026
419,420,diag_2,428,37,5,13.513513513513514,1,4,1,2.7027027027027026
419,420,diag_3,250,37,7,18.91891891891892,1,6,1,2.7027027027027026
420,421,diag_1,428,37,3,8.108108108108109,1,2,1,2.7027027027027026
420,421,diag_2,428,37,3,8.108108108108109,1,2,1,2.7027027027027026
420,421,diag_3,250,37,3,8.108108108108109,1,2,1,2.7027027027027026
421,422,diag_1,428,37,3,8.108108108108109,1,2,1,2.7027027027027026
421,422,diag_2,428,37,4,10.81081081081081,1,3,1,2.7027027027027026
421,422,diag_3,250,37,9,24.324324324324326,1,8,1,2.7027027027027026
422,423,diag_1,428,37,1,2.7027027027027026,1,0,1,2.7027027027027026
422,423,diag_2,428,37,4,10.81081081081081,1,3,1,2.7027027027027026
422,423,diag_3,250,37,5,13.513513513513514,1,4,1,2.7027027027027026
423,424,diag_1,428,37,2,5.405405405405405,1,1,1,2.7027027027027026
423,424,diag_2,428,37,1,2.7027027027027026,1,0,1,2.7027027027027026
423,424,diag_3,250,37,4,10.81081081081081,1,3,1,2.7027027027027026
424,425,diag_1,428,37,1,2.7027027027027026,1,0,1,2.7027027027027026
424,425,diag_2,428,37,1,2.7027027027027026,1,0,1,2.7027027027027026
424,425,diag_3,250,37,5,13.513513513513514,1,4,1,2.7027027027027026
425,426,diag_1,428,37,3,8.108108108108109,1,2,1,2.7027027027027026
425,426,diag_2,428,37,3,8.108108108108109,1,2,1,2.7027027027027026
425,426,diag_3,250,37,4,10.81081081081081,1,3,1,2.7027027027027026
426,427,diag_1,428,37,4,10.81081081081081,1,3,1,2.7027027027027026
426,427,diag_2,428,37,2,5.405405405405405,1,1,1,2.7027027027027026
426,427,diag_3,250,37,5,13.513513513513514,1,4,1,2.7027027027027026
427,428,diag_1,428,37,4,10.81081081081081,1,3,1,2.7027027027027026
427,428,diag_2,428,37,4,10.81081081081081,1,3,1,2.7027027027027026
427,428,diag_3,250,37,6,16.216216216216218,1,5,1,2.7027027027027026
428,429,diag_1,428,37,2,5.405405405405405,1,1,1,2.7027027027027026
428,429,diag_2,428,37,2,5.405405405405405,1,1,1,2.7027027027027026
428,429,diag_3,250,37,3,8.108108108108109,1,2,1,2.7027027027027026
429,430,diag_1,428,37,0,0.0,1,0,0,0.0
429,430,diag_2,428,37,3,8.108108108108109,1,2,1,2.7027027027027026
429,430,diag_3,250,37,2,5.405405405405405,1,1,1,2.7027027027027026
430,431,diag_1,428,37,1,2.7027027027027026,1,0,1,2.7027027027027026
430,431,diag_2,428,37,3,8.108108108108109,1,2,1,2.7027027027027026
430,431,diag_3,250,37,2,5.405405405405405,1,1,1,2.7027027027027026
431,432,diag_1,428,37,0,0.0,1,0,0,0.0
431,432,diag_2,428,37,2,5.405405405405405,1,1,1,2.7027027027027026
431,432,diag_3,250,37,8,21.62162162162162,1,7,1,2.7027027027027026
432,433,diag_1,428,37,2,5.405405405405405,1,1,1,2.7027027027027026
432,433,diag_2,428,37,1,2.7027027027027026,1,0,1,2.7027027027027026
432,433,diag_3,250,37,6,16.216216216216218,1,5,1,2.7027027027027026
433,434,diag_1,428,37,5,13.513513513513514,1,4,1,2.7027027027027026
433,434,diag_2,428,37,1,2.7027027027027026,1,0,1,2.7027027027027026
433,434,diag_3,250,37,5,13.513513513513514,1,4,1,2.7027027027027026
434,435,diag_1,428,37,5,13.513513513513514,1,4,1,2.7027027027027026
434,435,diag_2,428,37,4,10.81081081081081,1,3,1,2.7027027027027026
434,435,diag_3,250,37,7,18.91891891891892,1,6,1,2.7027027027027026
435,436,diag_1,428,37,6,16.216216216216218,1,5,1,2.7027027027027026
435,436,diag_2,428,37,5,13.513513513513514,1,4,1,2.7027027027027026
435,436,diag_3,250,37,8,21.62162162162162,1,7,1,2.7027027027027026
436,437,diag_1,428,37,2,5.405405405405405,1,1,1,2.7027027027027026
436,437,diag_2,428,37,2,5.405405405405405,1,1,1,2.7027027027027026
436,437,diag_3,250,37,3,8.108108108108109,1,2,1,2.7027027027027026
437,438,diag_1,428,37,3,8.108108108108109,1,2,1,2.7027027027027026
437,438,diag_2,428,37,2,5.405405405405405,1,1,1,2.7027027027027026
437,438,diag_3,250,37,6,16.216216216216218,1,5,1,2.7027027027027026
438,439,diag_1,428,37,0,0.0,1,0,0,0.0
438,439,diag_2,428,37,1,2.7027027027027026,1,0,1,2.7027027027027026
438,439,diag_3,250,37,5,13.513513513513514,1,4,1,2.7027027027027026
439,440,diag_1,428,37,3,8.108108108108109,1,2,1,2.7027027027027026
439,440,diag_2,428,37,1,2.7027027027027026,1,0,1,2.7027027027027026
439,440,diag_3,250,37,3,8.108108108108109,1,2,1,2.7027027027027026
440,441,diag_1,428,37,4,10.81081081081081,1,3,1,2.7027027027027026
440,441,diag_2,428,37,1,2.7027027027027026,1,0,1,2.7027027027027026
440,441,diag_3,250,37,4,10.81081081081081,1,3,1,2.7027027027027026
441,442,diag_1,428,37,7,18.91891891891892,1,6,1,2.7027027027027026
441,442,diag_2,428,37,1,2.7027027027027026,1,0,1,2.7027027027027026
441,442,diag_3,250,37,3,8.108108108108109,1,2,1,2.7027027027027026
442,443,diag_1,428,37,2,5.405405405405405,1,1,1,2.7027027027027026
442,443,diag_2,428,37,1,2.7027027027027026,1,0,1,2.7027027027027026
442,443,diag_3,250,37,5,13.513513513513514,1,4,1,2.7027027027027026
443,444,diag_1,428,37,4,10.81081081081081,1,3,1,2.7027027027027026
443,444,diag_2,428,37,1,2.7027027027027026,1,0,1,2.7027027027027026
443,444,diag_3,250,37,2,5.405405405405405,1,1,1,2.7027027027027026
444,445,diag_1,428,37,1,2.7027027027027026,1,0,1,2.7027027027027026
444,445,diag_2,428,37,6,16.216216216216218,1,5,1,2.7027027027027026
444,445,diag_3,250,37,5,13.513513513513514,1,4,1,2.7027027027027026
445,446,diag_1,428,37,3,8.108108108108109,1,2,1,2.7027027027027026
445,446,diag_2,428,37,4,10.81081081081081,1,3,1,2.7027027027027026
445,446,diag_3,250,37,4,10.81081081081081,1,3,1,2.7027027027027026
446,447,diag_1,428,37,0,0.0,1,0,0,0.0
446,447,diag_2,428,37,4,10.81081081081081,1,3,1,2.7027027027027026
446,447,diag_3,250,37,9,24.324324324324326,1,8,1,2.7027027027027026
447,448,diag_1,428,37,6,16.216216216216218,1,5,1,2.7027027027027026
447,448,diag_2,428,37,2,5.405405405405405,1,1,1,2.7027027027027026
447,448,diag_3,250,37,6,16.216216216216218,1,5,1,2.7027027027027026
448,449,diag_1,428,37,4,10.81081081081081,1,3,1,2.7027027027027026
448,449,diag_2,428,37,4,10.81081081081081,1,3,1,2.7027027027027026
448,449,diag_3,250,37,6,16.216216216216218,1,5,1,2.7027027027027026
449,450,diag_1,428,37,1,2.7027027027027026,1,0,1,2.7027027027027026
449,450,diag_2,428,37,3,8.108108108108109,1,2,1,2.7027027027027026
449,450,diag_3,250,37,2,5.405405405405405,1,1,1,2.7027027027027026
450,451,diag_1,428,37,2,5.405405405405405,1,1,1,2.7027027027027026
450,451,diag_2,428,37,0,0.0,1,0,0,0.0
450,451,diag_3,250,37,7,18.91891891891892,1,6,1,2.7027027027027026
451,452,diag_1,428,37,0,0.0,1,0,0,0.0
451,452,diag_2,428,37,4,10.81081081081081,1,3,1,2.7027027027027026
451,452,diag_3,250,37,7,18.91891891891892,1,6,1,2.7027027027027026
452,453,diag_1,428,37,5,13.513513513513514,1,4,1,2.7027027027027026
452,453,diag_2,428,37,3,8.108108108108109,1,2,1,2.7027027027027026
452,453,diag_3,250,37,3,8.108108108108109,1,2,1,2.7027027027027026
453,454,diag_1,428,37,3,8.108108108108109,1,2,1,2.7027027027027026
453,454,diag_2,428,37,4,10.81081081081081,1,3,1,2.7027027027027026
453,454,diag_3,250,37,4,10.81081081081081,1,3,1,2.7027027027027026
454,455,diag_1,428,37,7,18.91891891891892,1,6,1,2.7027027027027026
454,455,diag_2,428,37,1,2.7027027027027026,1,0,1,2.7027027027027026
454,455,diag_3,250,37,3,8.108108108108109,1,2,1,2.7027027027027026
455,456,diag_1,428,37,1,2.7027027027027026,1,0,1,2.7027027027027026
455,456,diag_2,428,37,4,10.81081081081081,1,3,1,2.7027027027027026
455,456,diag_3,250,37,4,10.81081081081081,1,3,1,2.7027027027027026
456,457,diag_1,428,37,3,8.108108108108109,1,2,1,2.7027027027027026
456,457,diag_2,428,37,2,5.405405405405405,1,1,1,2.7027027027027026
456,457,diag_3,250,37,4,10.81081081081081,1,3,1,2.7027027027027026
457,458,diag_1,428,37,4,10.81081081081081,1,3,1,2.7027027027027026
457,458,diag_2,428,37,4,10.81081081081081,1,3,1,2.7027027027027026
457,458,diag_3,250,37,6,16.216216216216218,1,5,1,2.7027027027027026
458,459,diag_1,428,37,0,0.0,1,0,0,0.0
458,459,diag_2,428,37,2,5.405405405405405,1,1,1,2.7027027027027026
458,459,diag_3,250,37,6,16.216216216216218,1,5,1,2.7027027027027026
459,460,diag_1,428,37,5,13.513513513513514,1,4,1,2.7027027027027026
459,460,diag_2,428,37,3,8.108108108108109,1,2,1,2.7027027027027026
459,460,diag_3,250,37,4,10.81081081081081,1,3,1,2.7027027027027026
460,461,diag_1,428,37,2,5.405405405405405,1,1,1,2.7027027027027026
460,461,diag_2,428,37,4,10.81081081081081,1,3,1,2.7027027027027026
460,461,diag_3,250,37,4,10.81081081081081,1,3,1,2.7027027027027026
461,462,diag_1,428,37,3,8.108108108108109,1,2,1,2.7027027027027026
461,462,diag_2,428,37,2,5.405405405405405,1,1,1,2.7027027027027026
461,462,diag_3,250,37,5,13.513513513513514,1,4,1,2.7027027027027026
462,463,diag_1,428,37,3,8.108108108108109,1,2,1,2.7027027027027026
462,463,diag_2,428,37,5,13.513513513513514,1,4,1,2.7027027027027026
462,463,diag_3,250,37,3,8.108108108108109,1,2,1,2.7027027027027026
463,464,diag_1,428,37,2,5.405405405405405,1,1,1,2.7027027027027026
463,464,diag_2,428,37,2,5.405405405405405,1,1,1,2.7027027027027026
463,464,diag_3,250,37,4,10.81081081081081,1,3,1,2.7027027027027026
464,465,diag_1,428,37,3,8.108108108108109,1,2,1,2.7027027027027026
464,465,diag_2,428,37,4,10.81081081081081,1,3,1,2.7027027027027026
464,465,diag_3,250,37,2,5.405405405405405,1,1,1,2.7027027027027026
465,466,diag_1,428,37,0,0.0,1,0,0,0.0
465,466,diag_2,428,37,2,5.405405405405405,1,1,1,2.7027027027027026
465,466,diag_3,250,37,3,8.108108108108109,1,2,1,2.7027027027027026
466,467,diag_1,428,37,2,5.405405405405405,1,1,1,2.7027027027027026
466,467,diag_2,428,37,2,5.405405405405405,1,1,1,2.7027027027027026
466,467,diag_3,250,37,3,8.108108108108109,1,2,1,2.7027027027027026
467,468,diag_1,428,37,2,5.405405405405405,1,1,1,2.7027027027027026
467,468,diag_2,428,37,0,0.0,1,0,0,0.0
467,468,diag_3,250,37,7,18.91891891891892,1,6,1,2.7027027027027026
468,469,diag_1,428,37,1,2.7027027027027026,1,0,1,2.7027027027027026
468,469,diag_2,428,37,4,10.81081081081081,1,3,1,2.7027027027027026
468,469,diag_3,250,37,5,13.513513513513514,1,4,1,2.7027027027027026
469,470,diag_1,428,37,3,8.108108108108109,1,2,1,2.7027027027027026
469,470,diag_2,428,37,3,8.108108108108109,1,2,1,2.7027027027027026
469,470,diag_3,250,37,2,5.405405405405405,1,1,1,2.7027027027027026
470,471,diag_1,428,37,2,5.405405405405405,1,1,1,2.7027027027027026
470,471,diag_2,428,37,3,8.108108108108109,1,2,1,2.7027027027027026
470,471,diag_3,250,37,4,10.81081081081081,1,3,1,2.7027027027027026
471,472,diag_1,428,37,2,5.405405405405405,1,1,1,2.7027027027027026
471,472,diag_2,428,37,4,10.81081081081081,1,3,1,2.7027027027027026
471,472,diag_3,250,37,3,8.108108108108109,1,2,1,2.7027027027027026
472,473,diag_1,428,37,3,8.108108108108109,1,2,1,2.7027027027027026
472,473,diag_2,428,37,1,2.7027027027027026,1,0,1,2.7027027027027026
472,473,diag_3,250,37,5,13.513513513513514,1,4,1,2.7027027027027026
473,474,diag_1,428,37,2,5.405405405405405,1,1,1,2.7027027027027026
473,474,diag_2,428,37,2,5.405405405405405,1,1,1,2.7027027027027026
473,474,diag_3,250,37,7,18.91891891891892,1,6,1,2.7027027027027026
474,475,diag_1,428,37,1,2.7027027027027026,1,0,1,2.7027027027027026
474,475,diag_2,428,37,3,8.108108108108109,1,2,1,2.7027027027027026
474,475,diag_3,250,37,4,10.81081081081081,1,3,1,2.7027027027027026
475,476,diag_1,428,37,3,8.108108108108109,1,2,1,2.7027027027027026
475,476,diag_2,428,37,2,5.405405405405405,1,1,1,2.7027027027027026
475,476,diag_3,250,37,4,10.81081081081081,1,3,1,2.7027027027027026
476,477,diag_1,428,37,2,5.405405405405405,1,1,1,2.7027027027027026
476,477,diag_2,428,37,5,13.513513513513514,1,4,1,2.7027027027027026
476,477,diag_3,250,37,4,10.81081081081081,1,3,1,2.7027027027027026
477,478,diag_1,428,37,4,10.81081081081081,1,3,1,2.7027027027027026
477,478,diag_2,428,37,1,2.7027027027027026,1,0,1,2.7027027027027026
477,478,diag_3,250,37,6,16.216216216216218,1,5,1,2.7027027027027026
478,479,diag_1,428,37,6,16.216216216216218,1,5,1,2.7027027027027026
478,479,diag_2,428,37,4,10.81081081081081,1,3,1,2.7027027027027026
478,479,diag_3,250,37,4,10.81081081081081,1,3,1,2.7027027027027026
479,480,diag_1,428,37,3,8.108108108108109,1,2,1,2.7027027027027026
479,480,diag_2,428,37,4,10.81081081081081,1,3,1,2.7027027027027026
479,480,diag_3,250,37,4,10.81081081081081,1,3,1,2.7027027027027026
480,481,diag_1,428,37,2,5.405405405405405,1,1,1,2.7027027027027026
480,481,diag_2,428,37,5,13.513513513513514,1,4,1,2.7027027027027026
480,481,diag_3,250,37,5,13.513513513513514,1,4,1,2.7027027027027026
481,482,diag_1,428,37,5,13.513513513513514,1,4,1,2.7027027027027026
481,482,diag_2,428,37,4,10.81081081081081,1,3,1,2.7027027027027026
481,482,diag_3,250,37,3,8.108108108108109,1,2,1,2.7027027027027026
482,483,diag_1,428,37,2,5.405405405405405,1,1,1,2.7027027027027026
482,483,diag_2,428,37,2,5.405405405405405,1,1,1,2.7027027027027026
482,483,diag_3,250,37,4,10.81081081081081,1,3,1,2.7027027027027026
483,484,diag_1,428,37,6,16.216216216216218,1,5,1,2.7027027027027026
483,484,diag_2,428,37,3,8.108108108108109,1,2,1,2.7027027027027026
483,484,diag_3,250,37,3,8.108108108108109,1,2,1,2.7027027027027026
484,485,diag_1,428,37,3,8.108108108108109,1,2,1,2.7027027027027026
484,485,diag_2,428,37,2,5.405405405405405,1,1,1,2.7027027027027026
484,485,diag_3,250,37,8,21.62162162162162,1,7,1,2.7027027027027026
485,486,diag_1,428,37,3,8.108108108108109,1,2,1,2.7027027027027026
485,486,diag_2,428,37,1,2.7027027027027026,1,0,1,2.7027027027027026
485,486,diag_3,250,37,5,13.513513513513514,1,4,1,2.7027027027027026
486,487,diag_1,428,37,2,5.405405405405405,1,1,1,2.7027027027027026
486,487,diag_2,428,37,2,5.405405405405405,1,1,1,2.7027027027027026
486,487,diag_3,250,37,4,10.81081081081081,1,3,1,2.7027027027027026
487,488,diag_1,428,37,2,5.405405405405405,1,1,1,2.7027027027027026
487,488,diag_2,428,37,2,5.405405405405405,1,1,1,2.7027027027027026
487,488,diag_3,250,37,3,8.108108108108109,1,2,1,2.7027027027027026
488,489,diag_1,428,37,3,8.108108108108109,1,2,1,2.7027027027027026
488,489,diag_2,428,37,3,8.108108108108109,1,2,1,2.7027027027027026
488,489,diag_3,250,37,10,27.027027027027028,1,9,1,2.7027027027027026
489,490,diag_1,428,37,5,13.513513513513514,1,4,1,2.7027027027027026
489,490,diag_2,428,37,0,0.0,1,0,0,0.0
489,490,diag_3,250,37,3,8.108108108108109,1,2,1,2.7027027027027026
490,491,diag_1,428,37,5,13.513513513513514,1,4,1,2.7027027027027026
490,491,diag_2,428,37,2,5.405405405405405,1,1,1,2.7027027027027026
490,491,diag_3,250,37,6,16.216216216216218,1,5,1,2.7027027027027026
491,492,diag_1,428,37,2,5.405405405405405,1,1,1,2.7027027027027026
491,492,diag_2,428,37,0,0.0,1,0,0,0.0
491,492,diag_3,250,37,2,5.405405405405405,1,1,1,2.7027027027027026
492,493,diag_1,428,37,1,2.7027027027027026,1,0,1,2.7027027027027026
492,493,diag_2,428,37,4,10.81081081081081,1,3,1,2.7027027027027026
492,493,diag_3,250,37,4,10.81081081081081,1,3,1,2.7027027027027026
493,494,diag_1,428,37,0,0.0,1,0,0,0.0
493,494,diag_2,428,37,2,5.405405405405405,1,1,1,2.7027027027027026
493,494,diag_3,250,37,7,18.91891891891892,1,6,1,2.7027027027027026
494,495,diag_1,428,37,3,8.108108108108109,1,2,1,2.7027027027027026
494,495,diag_2,428,37,1,2.7027027027027026,1,0,1,2.7027027027027026
494,495,diag_3,250,37,5,13.513513513513514,1,4,1,2.7027027027027026
495,496,diag_1,428,37,3,8.108108108108109,1,2,1,2.7027027027027026
495,496,diag_2,428,37,4,10.81081081081081,1,3,1,2.7027027027027026
495,496,diag_3,250,37,2,5.405405405405405,1,1,1,2.7027027027027026
496,497,diag_1,428,37,3,8.108108108108109,1,2,1,2.7027027027027026
496,497,diag_2,428,37,3,8.108108108108109,1,2,1,2.7027027027027026
496,497,diag_3,250,37,3,8.108108108108109,1,2,1,2.7027027027027026
497,498,diag_1,428,37,2,5.405405405405405,1,1,1,2.7027027027027026
497,498,diag_2,428,37,4,10.81081081081081,1,3,1,2.7027027027027026
497,498,diag_3,250,37,1,2.7027027027027026,1,0,1,2.7027027027027026
498,499,diag_1,428,37,1,2.7027027027027026,1,0,1,2.7027027027027026
498,499,diag_2,428,37,3,8.108108108108109,1,2,1,2.7027027027027026
498,499,diag_3,250,37,5,13.513513513513514,1,4,1,2.7027027027027026
499,500,diag_1,428,37,3,8.108108108108109,1,2,1,2.7027027027027026
499,500,diag_2,428,37,5,13.513513513513514,1,4,1,2.7027027027027026
499,500,diag_3,250,37,2,5.405405405405405,1,1,1,2.7027027027027026
500,501,diag_1,428,37,2,5.405405405405405,1,1,1,2.7027027027027026
500,501,diag_2,428,37,1,2.7027027027027026,1,0,1,2.7027027027027026
500,501,diag_3,250,37,4,10.81081081081081,1,3,1,2.7027027027027026
501,502,diag_1,428,37,1,2.7027027027027026,1,0,1,2.7027027027027026
501,502,diag_2,428,37,1,2.7027027027027026,1,0,1,2.7027027027027026
501,502,diag_3,250,37,4,10.81081081081081,1,3,1,2.7027027027027026
502,503,diag_1,428,37,3,8.108108108108109,1,2,1,2.7027027027027026
502,503,diag_2,428,37,3,8.108108108108109,1,2,1,2.7027027027027026
502,503,diag_3,250,37,4,10.81081081081081,1,3,1,2.7027027027027026
503,504,diag_1,428,37,2,5.405405405405405,1,1,1,2.7027027027027026
503,504,diag_2,428,37,4,10.81081081081081,1,3,1,2.7027027027027026
503,504,diag_3,250,37,2,5.405405405405405,1,1,1,2.7027027027027026
504,505,diag_1,428,37,4,10.81081081081081,1,3,1,2.7027027027027026
504,505,diag_2,428,37,2,5.405405405405405,1,1,1,2.7027027027027026
504,505,diag_3,250,37,7,18.91891891891892,1,6,1,2.7027027027027026
505,506,diag_1,428,37,1,2.7027027027027026,1,0,1,2.7027027027027026
505,506,diag_2,428,37,4,10.81081081081081,1,3,1,2.7027027027027026
505,506,diag_3,250,37,5,13.513513513513514,1,4,1,2.7027027027027026
506,507,diag_1,428,37,0,0.0,1,0,0,0.0
506,507,diag_2,428,37,2,5.405405405405405,1,1,1,2.7027027027027026
506,507,diag_3,250,37,6,16.216216216216218,1,5,1,2.7027027027027026
507,508,diag_1,428,37,3,8.108108108108109,1,2,1,2.7027027027027026
507,508,diag_2,428,37,5,13.513513513513514,1,4,1,2.7027027027027026
507,508,diag_3,250,37,5,13.513513513513514,1,4,1,2.7027027027027026
508,509,diag_1,428,37,2,5.405405405405405,1,1,1,2.7027027027027026
508,509,diag_2,428,37,3,8.108108108108109,1,2,1,2.7027027027027026
508,509,diag_3,250,37,2,5.405405405405405,1,1,1,2.7027027027027026
509,510,diag_1,428,37,2,5.405405405405405,1,1,1,2.7027027027027026
509,510,diag_2,428,37,4,10.81081081081081,1,3,1,2.7027027027027026
509,510,diag_3,250,37,7,18.91891891891892,1,6,1,2.7027027027027026
510,511,diag_1,428,37,8,21.62162162162162,1,7,1,2.7027027027027026
510,511,diag_2,428,37,4,10.81081081081081,1,3,1,2.7027027027027026
510,511,diag_3,250,37,3,8.108108108108109,1,2,1,2.7027027027027026
511,512,diag_1,428,37,0,0.0,1,0,0,0.0
511,512,diag_2,428,37,4,10.81081081081081,1,3,1,2.7027027027027026
511,512,diag_3,250,37,3,8.108108108108109,1,2,1,2.7027027027027026
512,513,diag_1,428,37,1,2.7027027027027026,1,0,1,2.7027027027027026
512,513,diag_2,428,37,3,8.108108108108109,1,2,1,2.7027027027027026
512,513,diag_3,250,37,2,5.405405405405405,1,1,1,2.7027027027027026
513,514,diag_1,428,37,1,2.7027027027027026,1,0,1,2.7027027027027026
513,514,diag_2,428,37,0,0.0,1,0,0,0.0
513,514,diag_3,250,37,7,18.91891891891892,1,6,1,2.7027027027027026
514,515,diag_1,428,37,4,10.81081081081081,1,3,1,2.7027027027027026
514,515,diag_2,428,37,3,8.108108108108109,1,2,1,2.7027027027027026
514,515,diag_3,250,37,5,13.513513513513514,1,4,1,2.7027027027027026
515,516,diag_1,428,37,2,5.405405405405405,1,1,1,2.7027027027027026
515,516,diag_2,428,37,1,2.7027027027027026,1,0,1,2.7027027027027026
515,516,diag_3,250,37,1,2.7027027027027026,1,0,1,2.7027027027027026
516,517,diag_1,428,37,2,5.405405405405405,1,1,1,2.7027027027027026
516,517,diag_2,428,37,4,10.81081081081081,1,3,1,2.7027027027027026
516,517,diag_3,250,37,3,8.108108108108109,1,2,1,2.7027027027027026
517,518,diag_1,428,37,1,2.7027027027027026,1,0,1,2.7027027027027026
517,518,diag_2,428,37,0,0.0,1,0,0,0.0
517,518,diag_3,250,37,4,10.81081081081081,1,3,1,2.7027027027027026
518,519,diag_1,428,37,3,8.108108108108109,1,2,1,2.7027027027027026
518,519,diag_2,428,37,2,5.405405405405405,1,1,1,2.7027027027027026
518,519,diag_3,250,37,4,10.81081081081081,1,3,1,2.7027027027027026
519,520,diag_1,428,37,3,8.108108108108109,1,2,1,2.7027027027027026
519,520,diag_2,428,37,2,5.405405405405405,1,1,1,2.7027027027027026
519,520,diag_3,250,37,4,10.81081081081081,1,3,1,2.7027027027027026
520,521,diag_1,428,37,1,2.7027027027027026,1,0,1,2.7027027027027026
520,521,diag_2,428,37,4,10.81081081081081,1,3,1,2.7027027027027026
520,521,diag_3,250,37,3,8.108108108108109,1,2,1,2.7027027027027026
521,522,diag_1,428,37,2,5.405405405405405,1,1,1,2.7027027027027026
521,522,diag_2,428,37,1,2.7027027027027026,1,0,1,2.7027027027027026
521,522,diag_3,250,37,4,10.81081081081081,1,3,1,2.7027027027027026
522,523,diag_1,428,37,1,2.7027027027027026,1,0,1,2.7027027027027026
522,523,diag_2,428,37,2,5.405405405405405,1,1,1,2.7027027027027026
522,523,diag_3,250,37,7,18.91891891891892,1,6,1,2.7027027027027026
523,524,diag_1,428,37,3,8.108108108108109,1,2,1,2.7027027027027026
523,524,diag_2,428,37,2,5.405405405405405,1,1,1,2.7027027027027026
523,524,diag_3,250,37,5,13.513513513513514,1,4,1,2.7027027027027026
524,525,diag_1,428,37,3,8.108108108108109,1,2,1,2.7027027027027026
524,525,diag_2,428,37,2,5.405405405405405,1,1,1,2.7027027027027026
524,525,diag_3,250,37,6,16.216216216216218,1,5,1,2.7027027027027026
525,526,diag_1,428,37,2,5.405405405405405,1,1,1,2.7027027027027026
525,526,diag_2,428,37,2,5.405405405405405,1,1,1,2.7027027027027026
525,526,diag_3,250,37,6,16.216216216216218,1,5,1,2.7027027027027026
526,527,diag_1,428,37,0,0.0,1,0,0,0.0
526,527,diag_2,428,37,5,13.513513513513514,1,4,1,2.7027027027027026
526,527,diag_3,250,37,5,13.513513513513514,1,4,1,2.7027027027027026
527,528,diag_1,428,37,2,5.405405405405405,1,1,1,2.7027027027027026
527,528,diag_2,428,37,3,8.108108108108109,1,2,1,2.7027027027027026
527,528,diag_3,250,37,3,8.108108108108109,1,2,1,2.7027027027027026
528,529,diag_1,428,37,2,5.405405405405405,1,1,1,2.7027027027027026
528,529,diag_2,428,37,7,18.91891891891892,1,6,1,2.7027027027027026
528,529,diag_3,250,37,6,16.216216216216218,1,5,1,2.7027027027027026
529,530,diag_1,428,37,2,5.405405405405405,1,1,1,2.7027027027027026
529,530,diag_2,428,37,3,8.108108108108109,1,2,1,2.7027027027027026
529,530,diag_3,250,37,9,24.324324324324326,1,8,1,2.7027027027027026
530,531,diag_1,428,37,1,2.7027027027027026,1,0,1,2.7027027027027026
530,531,diag_2,428,37,1,2.7027027027027026,1,0,1,2.7027027027027026
530,531,diag_3,250,37,3,8.108108108108109,1,2,1,2.7027027027027026
531,532,diag_1,428,37,5,13.513513513513514,1,4,1,2.7027027027027026
531,532,diag_2,428,37,5,13.513513513513514,1,4,1,2.7027027027027026
531,532,diag_3,250,37,4,10.81081081081081,1,3,1,2.7027027027027026
532,533,diag_1,428,37,7,18.91891891891892,1,6,1,2.7027027027027026
532,533,diag_2,428,37,1,2.7027027027027026,1,0,1,2.7027027027027026
532,533,diag_3,250,37,8,21.62162162162162,1,7,1,2.7027027027027026
533,534,diag_1,428,37,2,5.405405405405405,1,1,1,2.7027027027027026
533,534,diag_2,428,37,2,5.405405405405405,1,1,1,2.7027027027027026
533,534,diag_3,250,37,3,8.108108108108109,1,2,1,2.7027027027027026
534,535,diag_1,428,37,1,2.7027027027027026,1,0,1,2.7027027027027026
534,535,diag_2,428,37,1,2.7027027027027026,1,0,1,2.7027027027027026
534,535,diag_3,250,37,10,27.027027027027028,1,9,1,2.7027027027027026
535,536,diag_1,428,37,3,8.108108108108109,1,2,1,2.7027027027027026
535,536,diag_2,428,37,3,8.108108108108109,1,2,1,2.7027027027027026
535,536,diag_3,250,37,5,13.513513513513514,1,4,1,2.7027027027027026
536,537,diag_1,428,37,4,10.81081081081081,1,3,1,2.7027027027027026
536,537,diag_2,428,37,1,2.7027027027027026,1,0,1,2.7027027027027026
536,537,diag_3,250,37,9,24.324324324324326,1,8,1,2.7027027027027026
537,538,diag_1,428,37,1,2.7027027027027026,1,0,1,2.7027027027027026
537,538,diag_2,428,37,2,5.405405405405405,1,1,1,2.7027027027027026
537,538,diag_3,250,37,2,5.405405405405405,1,1,1,2.7027027027027026
538,539,diag_1,428,37,4,10.81081081081081,1,3,1,2.7027027027027026
538,539,diag_2,428,37,2,5.405405405405405,1,1,1,2.7027027027027026
538,539,diag_3,250,37,3,8.108108108108109,1,2,1,2.7027027027027026
539,540,diag_1,428,37,4,10.81081081081081,1,3,1,2.7027027027027026
539,540,diag_2,428,37,2,5.405405405405405,1,1,1,2.7027027027027026
539,540,diag_3,250,37,4,10.81081081081081,1,3,1,2.7027027027027026
540,541,diag_1,428,37,1,2.7027027027027026,1,0,1,2.7027027027027026
540,541,diag_2,428,37,0,0.0,1,0,0,0.0
540,541,diag_3,250,37,3,8.108108108108109,1,2,1,2.7027027027027026
541,542,diag_1,428,37,3,8.108108108108109,1,2,1,2.7027027027027026
541,542,diag_2,428,37,2,5.405405405405405,1,1,1,2.7027027027027026
541,542,diag_3,250,37,2,5.405405405405405,1,1,1,2.7027027027027026
542,543,diag_1,428,37,2,5.405405405405405,1,1,1,2.7027027027027026
542,543,diag_2,428,37,2,5.405405405405405,1,1,1,2.7027027027027026
542,543,diag_3,250,37,5,13.513513513513514,1,4,1,2.7027027027027026
543,544,diag_1,428,37,2,5.405405405405405,1,1,1,2.7027027027027026
543,544,diag_2,428,37,2,5.405405405405405,1,1,1,2.7027027027027026
543,544,diag_3,250,37,7,18.91891891891892,1,6,1,2.7027027027027026
544,545,diag_1,428,37,2,5.405405405405405,1,1,1,2.7027027027027026
544,545,diag_2,428,37,0,0.0,1,0,0,0.0
544,545,diag_3,250,37,3,8.108108108108109,1,2,1,2.7027027027027026
545,546,diag_1,428,37,0,0.0,1,0,0,0.0
545,546,diag_2,428,37,1,2.7027027027027026,1,0,1,2.7027027027027026
545,546,diag_3,250,37,5,13.513513513513514,1,4,1,2.7027027027027026
546,547,diag_1,428,37,2,5.405405405405405,1,1,1,2.7027027027027026
546,547,diag_2,428,37,1,2.7027027027027026,1,0,1,2.7027027027027026
546,547,diag_3,250,37,5,13.513513513513514,1,4,1,2.7027027027027026
547,548,diag_1,428,37,4,10.81081081081081,1,3,1,2.7027027027027026
547,548,diag_2,428,37,1,2.7027027027027026,1,0,1,2.7027027027027026
547,548,diag_3,250,37,4,10.81081081081081,1,3,1,2.7027027027027026
548,549,diag_1,428,37,1,2.7027027027027026,1,0,1,2.7027027027027026
548,549,diag_2,428,37,4,10.81081081081081,1,3,1,2.7027027027027026
548,549,diag_3,250,37,4,10.81081081081081,1,3,1,2.7027027027027026
549,550,diag_1,428,37,2,5.405405405405405,1,1,1,2.7027027027027026
549,550,diag_2,428,37,3,8.108108108108109,1,2,1,2.7027027027027026
549,550,diag_3,250,37,8,21.62162162162162,1,7,1,2.7027027027027026
550,551,diag_1,428,37,2,5.405405405405405,1,1,1,2.7027027027027026
550,551,diag_2,428,37,5,13.513513513513514,1,4,1,2.7027027027027026
550,551,diag_3,250,37,7,18.91891891891892,1,6,1,2.7027027027027026
551,552,diag_1,428,37,2,5.405405405405405,1,1,1,2.7027027027027026
551,552,diag_2,428,37,0,0.0,1,0,0,0.0
551,552,diag_3,250,37,5,13.513513513513514,1,4,1,2.7027027027027026
552,553,diag_1,428,37,1,2.7027027027027026,1,0,1,2.7027027027027026
552,553,diag_2,428,37,2,5.405405405405405,1,1,1,2.7027027027027026
552,553,diag_3,250,37,3,8.108108108108109,1,2,1,2.7027027027027026
553,554,diag_1,428,37,3,8.108108108108109,1,2,1,2.7027027027027026
553,554,diag_2,428,37,2,5.405405405405405,1,1,1,2.7027027027027026
553,554,diag_3,250,37,5,13.513513513513514,1,4,1,2.7027027027027026
554,555,diag_1,428,37,6,16.216216216216218,1,5,1,2.7027027027027026
554,555,diag_2,428,37,0,0.0,1,0,0,0.0
554,555,diag_3,250,37,6,16.216216216216218,1,5,1,2.7027027027027026
555,556,diag_1,428,37,3,8.108108108108109,1,2,1,2.7027027027027026
555,556,diag_2,428,37,4,10.81081081081081,1,3,1,2.7027027027027026
555,556,diag_3,250,37,2,5.405405405405405,1,1,1,2.7027027027027026
556,557,diag_1,428,37,4,10.81081081081081,1,3,1,2.7027027027027026
556,557,diag_2,428,37,2,5.405405405405405,1,1,1,2.7027027027027026
556,557,diag_3,250,37,6,16.216216216216218,1,5,1,2.7027027027027026
557,558,diag_1,428,37,2,5.405405405405405,1,1,1,2.7027027027027026
557,558,diag_2,428,37,6,16.216216216216218,1,5,1,2.7027027027027026
557,558,diag_3,250,37,5,13.513513513513514,1,4,1,2.7027027027027026
558,559,diag_1,428,37,7,18.91891891891892,1,6,1,2.7027027027027026
558,559,diag_2,428,37,3,8.108108108108109,1,2,1,2.7027027027027026
558,559,diag_3,250,37,5,13.513513513513514,1,4,1,2.7027027027027026
559,560,diag_1,428,37,4,10.81081081081081,1,3,1,2.7027027027027026
559,560,diag_2,428,37,1,2.7027027027027026,1,0,1,2.7027027027027026
559,560,diag_3,250,37,4,10.81081081081081,1,3,1,2.7027027027027026
560,561,diag_1,428,37,2,5.405405405405405,1,1,1,2.7027027027027026
560,561,diag_2,428,37,3,8.108108108108109,1,2,1,2.7027027027027026
560,561,diag_3,250,37,7,18.91891891891892,1,6,1,2.7027027027027026
561,562,diag_1,428,37,1,2.7027027027027026,1,0,1,2.7027027027027026
561,562,diag_2,428,37,5,13.513513513513514,1,4,1,2.7027027027027026
561,562,diag_3,250,37,4,10.81081081081081,1,3,1,2.7027027027027026
562,563,diag_1,428,37,3,8.108108108108109,1,2,1,2.7027027027027026
562,563,diag_2,428,37,3,8.108108108108109,1,2,1,2.7027027027027026
562,563,diag_3,250,37,5,13.513513513513514,1,4,1,2.7027027027027026
563,564,diag_1,428,37,4,10.81081081081081,1,3,1,2.7027027027027026
563,564,diag_2,428,37,3,8.108108108108109,1,2,1,2.7027027027027026
563,564,diag_3,250,37,7,18.91891891891892,1,6,1,2.7027027027027026
564,565,diag_1,428,37,0,0.0,1,0,0,0.0
564,565,diag_2,428,37,4,10.81081081081081,1,3,1,2.7027027027027026
564,565,diag_3,250,37,4,10.81081081081081,1,3,1,2.7027027027027026
565,566,diag_1,428,37,3,8.108108108108109,1,2,1,2.7027027027027026
565,566,diag_2,428,37,3,8.108108108108109,1,2,1,2.7027027027027026
565,566,diag_3,250,37,3,8.108108108108109,1,2,1,2.7027027027027026
566,567,diag_1,428,37,1,2.7027027027027026,1,0,1,2.7027027027027026
566,567,diag_2,428,37,2,5.405405405405405,1,1,1,2.7027027027027026
566,567,diag_3,250,37,1,2.7027027027027026,1,0,1,2.7027027027027026
567,568,diag_1,428,37,2,5.405405405405405,1,1,1,2.7027027027027026
567,568,diag_2,428,37,6,16.216216216216218,1,5,1,2.7027027027027026
567,568,diag_3,250,37,5,13.513513513513514,1,4,1,2.7027027027027026
568,569,diag_1,428,37,4,10.81081081081081,1,3,1,2.7027027027027026
568,569,diag_2,428,37,2,5.405405405405405,1,1,1,2.7027027027027026
568,569,diag_3,250,37,4,10.81081081081081,1,3,1,2.7027027027027026
569,570,diag_1,428,37,2,5.405405405405405,1,1,1,2.7027027027027026
569,570,diag_2,428,37,1,2.7027027027027026,1,0,1,2.7027027027027026
569,570,diag_3,250,37,6,16.216216216216218,1,5,1,2.7027027027027026
570,571,diag_1,428,37,0,0.0,1,0,0,0.0
570,571,diag_2,428,37,4,10.81081081081081,1,3,1,2.7027027027027026
570,571,diag_3,250,37,7,18.91891891891892,1,6,1,2.7027027027027026
571,572,diag_1,428,37,4,10.81081081081081,1,3,1,2.7027027027027026
571,572,diag_2,428,37,2,5.405405405405405,1,1,1,2.7027027027027026
571,572,diag_3,250,37,10,27.027027027027028,1,9,1,2.7027027027027026
572,573,diag_1,428,37,3,8.108108108108109,1,2,1,2.7027027027027026
572,573,diag_2,428,37,2,5.405405405405405,1,1,1,2.7027027027027026
572,573,diag_3,250,37,4,10.81081081081081,1,3,1,2.7027027027027026
573,574,diag_1,428,37,2,5.405405405405405,1,1,1,2.7027027027027026
573,574,diag_2,428,37,8,21.62162162162162,1,7,1,2.7027027027027026
573,574,diag_3,250,37,6,16.216216216216218,1,5,1,2.7027027027027026
574,575,diag_1,428,37,3,8.108108108108109,1,2,1,2.7027027027027026
574,575,diag_2,428,37,3,8.108108108108109,1,2,1,2.7027027027027026
574,575,diag_3,250,37,3,8.108108108108109,1,2,1,2.7027027027027026
575,576,diag_1,428,37,2,5.405405405405405,1,1,1,2.7027027027027026
575,576,diag_2,428,37,1,2.7027027027027026,1,0,1,2.7027027027027026
575,576,diag_3,250,37,4,10.81081081081081,1,3,1,2.7027027027027026
576,577,diag_1,428,37,2,5.405405405405405,1,1,1,2.7027027027027026
576,577,diag_2,428,37,3,8.108108108108109,1,2,1,2.7027027027027026
576,577,diag_3,250,37,2,5.405405405405405,1,1,1,2.7027027027027026
577,578,diag_1,428,37,3,8.108108108108109,1,2,1,2.7027027027027026
577,578,diag_2,428,37,5,13.513513513513514,1,4,1,2.7027027027027026
577,578,diag_3,250,37,4,10.81081081081081,1,3,1,2.7027027027027026
578,579,diag_1,428,37,4,10.81081081081081,1,3,1,2.7027027027027026
578,579,diag_2,428,37,5,13.513513513513514,1,4,1,2.7027027027027026
578,579,diag_3,250,37,3,8.108108108108109,1,2,1,2.7027027027027026
579,580,diag_1,428,37,3,8.108108108108109,1,2,1,2.7027027027027026
579,580,diag_2,428,37,3,8.108108108108109,1,2,1,2.7027027027027026
579,580,diag_3,250,37,2,5.405405405405405,1,1,1,2.7027027027027026
580,581,diag_1,428,37,3,8.108108108108109,1,2,1,2.7027027027027026
580,581,diag_2,428,37,2,5.405405405405405,1,1,1,2.7027027027027026
580,581,diag_3,250,37,7,18.91891891891892,1,6,1,2.7027027027027026
581,582,diag_1,428,37,4,10.81081081081081,1,3,1,2.7027027027027026
581,582,diag_2,428,37,6,16.216216216216218,1,5,1,2.7027027027027026
581,582,diag_3,250,37,7,18.91891891891892,1,6,1,2.7027027027027026
582,583,diag_1,428,37,1,2.7027027027027026,1,0,1,2.7027027027027026
582,583,diag_2,428,37,3,8.108108108108109,1,2,1,2.7027027027027026
582,583,diag_3,250,37,5,13.513513513513514,1,4,1,2.7027027027027026
583,584,diag_1,428,37,1,2.7027027027027026,1,0,1,2.7027027027027026
583,584,diag_2,428,37,2,5.405405405405405,1,1,1,2.7027027027027026
583,584,diag_3,250,37,2,5.405405405405405,1,1,1,2.7027027027027026
584,585,diag_1,428,37,2,5.405405405405405,1,1,1,2.7027027027027026
584,585,diag_2,428,37,5,13.513513513513514,1,4,1,2.7027027027027026
584,585,diag_3,250,37,2,5.405405405405405,1,1,1,2.7027027027027026
585,586,diag_1,428,37,3,8.108108108108109,1,2,1,2.7027027027027026
585,586,diag_2,428,37,2,5.405405405405405,1,1,1,2.7027027027027026
585,586,diag_3,250,37,4,10.81081081081081,1,3,1,2.7027027027027026
586,587,diag_1,428,37,2,5.405405405405405,1,1,1,2.7027027027027026
586,587,diag_2,428,37,2,5.405405405405405,1,1,1,2.7027027027027026
586,587,diag_3,250,37,5,13.513513513513514,1,4,1,2.7027027027027026
587,588,diag_1,428,37,2,5.405405405405405,1,1,1,2.7027027027027026
587,588,diag_2,428,37,3,8.108108108108109,1,2,1,2.7027027027027026
587,588,diag_3,250,37,3,8.108108108108109,1,2,1,2.7027027027027026
588,589,diag_1,428,37,1,2.7027027027027026,1,0,1,2.7027027027027026
588,589,diag_2,428,37,3,8.108108108108109,1,2,1,2.7027027027027026
588,589,diag_3,250,37,2,5.405405405405405,1,1,1,2.7027027027027026
589,590,diag_1,428,37,3,8.108108108108109,1,2,1,2.7027027027027026
589,590,diag_2,428,37,2,5.405405405405405,1,1,1,2.7027027027027026
589,590,diag_3,250,37,3,8.108108108108109,1,2,1,2.7027027027027026
590,591,diag_1,428,37,1,2.7027027027027026,1,0,1,2.7027027027027026
590,591,diag_2,428,37,2,5.405405405405405,1,1,1,2.7027027027027026
590,591,diag_3,250,37,5,13.513513513513514,1,4,1,2.7027027027027026
591,592,diag_1,428,37,2,5.405405405405405,1,1,1,2.7027027027027026
591,592,diag_2,428,37,2,5.405405405405405,1,1,1,2.7027027027027026
591,592,diag_3,250,37,4,10.81081081081081,1,3,1,2.7027027027027026
592,593,diag_1,428,37,6,16.216216216216218,1,5,1,2.7027027027027026
592,593,diag_2,428,37,2,5.405405405405405,1,1,1,2.7027027027027026
592,593,diag_3,250,37,5,13.513513513513514,1,4,1,2.7027027027027026
593,594,diag_1,428,37,4,10.81081081081081,1,3,1,2.7027027027027026
593,594,diag_2,428,37,0,0.0,1,0,0,0.0
593,594,diag_3,250,37,5,13.513513513513514,1,4,1,2.7027027027027026
594,595,diag_1,428,37,3,8.108108108108109,1,2,1,2.7027027027027026
594,595,diag_2,428,37,5,13.513513513513514,1,4,1,2.7027027027027026
594,595,diag_3,250,37,5,13.513513513513514,1,4,1,2.7027027027027026
595,596,diag_1,428,37,1,2.7027027027027026,1,0,1,2.7027027027027026
595,596,diag_2,428,37,3,8.108108108108109,1,2,1,2.7027027027027026
595,596,diag_3,250,37,6,16.216216216216218,1,5,1,2.7027027027027026
596,597,diag_1,428,37,3,8.108108108108109,1,2,1,2.7027027027027026
596,597,diag_2,428,37,4,10.81081081081081,1,3,1,2.7027027027027026
596,597,diag_3,250,37,5,13.513513513513514,1,4,1,2.7027027027027026
597,598,diag_1,428,37,4,10.81081081081081,1,3,1,2.7027027027027026
597,598,diag_2,428,37,2,5.405405405405405,1,1,1,2.7027027027027026
597,598,diag_3,250,37,6,16.216216216216218,1,5,1,2.7027027027027026
598,599,diag_1,428,37,2,5.405405405405405,1,1,1,2.7027027027027026
598,599,diag_2,428,37,1,2.7027027027027026,1,0,1,2.7027027027027026
598,599,diag_3,250,37,4,10.81081081081081,1,3,1,2.7027027027027026
599,600,diag_1,428,37,0,0.0,1,0,0,0.0
599,600,diag_2,428,37,2,5.405405405405405,1,1,1,2.7027027027027026
599,600,diag_3,250,37,5,13.513513513513514,1,4,1,2.7027027027027026
600,601,diag_1,428,37,4,10.81081081081081,1,3,1,2.7027027027027026
600,601,diag_2,428,37,6,16.216216216216218,1,5,1,2.7027027027027026
600,601,diag_3,250,37,3,8.108108108108109,1,2,1,2.7027027027027026
601,602,diag_1,428,37,3,8.108108108108109,1,2,1,2.7027027027027026
601,602,diag_2,428,37,4,10.81081081081081,1,3,1,2.7027027027027026
601,602,diag_3,250,37,4,10.81081081081081,1,3,1,2.7027027027027026
602,603,diag_1,428,37,2,5.405405405405405,1,1,1,2.7027027027027026
602,603,diag_2,428,37,4,10.81081081081081,1,3,1,2.7027027027027026
602,603,diag_3,250,37,4,10.81081081081081,1,3,1,2.7027027027027026
603,604,diag_1,428,37,2,5.405405405405405,1,1,1,2.7027027027027026
603,604,diag_2,428,37,1,2.7027027027027026,1,0,1,2.7027027027027026
603,604,diag_3,250,37,4,10.81081081081081,1,3,1,2.7027027027027026
604,605,diag_1,428,37,3,8.108108108108109,1,2,1,2.7027027027027026
604,605,diag_2,428,37,3,8.108108108108109,1,2,1,2.7027027027027026
604,605,diag_3,250,37,5,13.513513513513514,1,4,1,2.7027027027027026
605,606,diag_1,428,37,2,5.405405405405405,1,1,1,2.7027027027027026
605,606,diag_2,428,37,5,13.513513513513514,1,4,1,2.7027027027027026
605,606,diag_3,250,37,5,13.513513513513514,1,4,1,2.7027027027027026
606,607,diag_1,428,37,2,5.405405405405405,1,1,1,2.7027027027027026
606,607,diag_2,428,37,1,2.7027027027027026,1,0,1,2.7027027027027026
606,607,diag_3,250,37,3,8.108108108108109,1,2,1,2.7027027027027026
607,608,diag_1,428,37,1,2.7027027027027026,1,0,1,2.7027027027027026
607,608,diag_2,428,37,4,10.81081081081081,1,3,1,2.7027027027027026
607,608,diag_3,250,37,5,13.513513513513514,1,4,1,2.7027027027027026
608,609,diag_1,428,37,3,8.108108108108109,1,2,1,2.7027027027027026
608,609,diag_2,428,37,4,10.81081081081081,1,3,1,2.7027027027027026
608,609,diag_3,250,37,4,10.81081081081081,1,3,1,2.7027027027027026
609,610,diag_1,428,37,3,8.108108108108109,1,2,1,2.7027027027027026
609,610,diag_2,428,37,0,0.0,1,0,0,0.0
609,610,diag_3,250,37,4,10.81081081081081,1,3,1,2.7027027027027026
610,611,diag_1,428,37,3,8.108108108108109,1,2,1,2.7027027027027026
610,611,diag_2,428,37,3,8.108108108108109,1,2,1,2.7027027027027026
610,611,diag_3,250,37,2,5.405405405405405,1,1,1,2.7027027027027026
611,612,diag_1,428,37,3,8.108108108108109,1,2,1,2.7027027027027026
611,612,diag_2,428,37,2,5.405405405405405,1,1,1,2.7027027027027026
611,612,diag_3,250,37,4,10.81081081081081,1,3,1,2.7027027027027026
612,613,diag_1,428,37,2,5.405405405405405,1,1,1,2.7027027027027026
612,613,diag_2,428,37,2,5.405405405405405,1,1,1,2.7027027027027026
612,613,diag_3,250,37,3,8.108108108108109,1,2,1,2.7027027027027026
613,614,diag_1,428,37,3,8.108108108108109,1,2,1,2.7027027027027026
613,614,diag_2,428,37,2,5.405405405405405,1,1,1,2.7027027027027026
613,614,diag_3,250,37,5,13.513513513513514,1,4,1,2.7027027027027026
614,615,diag_1,428,37,2,5.405405405405405,1,1,1,2.7027027027027026
614,615,diag_2,428,37,2,5.405405405405405,1,1,1,2.7027027027027026
614,615,diag_3,250,37,3,8.108108108108109,1,2,1,2.7027027027027026
615,616,diag_1,428,37,3,8.108108108108109,1,2,1,2.7027027027027026
615,616,diag_2,428,37,1,2.7027027027027026,1,0,1,2.7027027027027026
615,616,diag_3,250,37,4,10.81081081081081,1,3,1,2.7027027027027026
616,617,diag_1,428,37,2,5.405405405405405,1,1,1,2.7027027027027026
616,617,diag_2,428,37,6,16.216216216216218,1,5,1,2.7027027027027026
616,617,diag_3,250,37,3,8.108108108108109,1,2,1,2.7027027027027026
617,618,diag_1,428,37,1,2.7027027027027026,1,0,1,2.7027027027027026
617,618,diag_2,428,37,2,5.405405405405405,1,1,1,2.7027027027027026
617,618,diag_3,250,37,7,18.91891891891892,1,6,1,2.7027027027027026
618,619,diag_1,428,37,3,8.108108108108109,1,2,1,2.7027027027027026
618,619,diag_2,428,37,2,5.405405405405405,1,1,1,2.7027027027027026
618,619,diag_3,250,37,3,8.108108108108109,1,2,1,2.7027027027027026
619,620,diag_1,428,37,1,2.7027027027027026,1,0,1,2.7027027027027026
619,620,diag_2,428,37,2,5.405405405405405,1,1,1,2.7027027027027026
619,620,diag_3,250,37,5,13.513513513513514,1,4,1,2.7027027027027026
620,621,diag_1,428,37,1,2.7027027027027026,1,0,1,2.7027027027027026
620,621,diag_2,428,37,3,8.108108108108109,1,2,1,2.7027027027027026
620,621,diag_3,250,37,5,13.513513513513514,1,4,1,2.7027027027027026
621,622,diag_1,428,37,3,8.108108108108109,1,2,1,2.7027027027027026
621,622,diag_2,428,37,3,8.108108108108109,1,2,1,2.7027027027027026
621,622,diag_3,250,37,7,18.91891891891892,1,6,1,2.7027027027027026
622,623,diag_1,428,37,2,5.405405405405405,1,1,1,2.7027027027027026
622,623,diag_2,428,37,1,2.7027027027027026,1,0,1,2.7027027027027026
622,623,diag_3,250,37,7,18.91891891891892,1,6,1,2.7027027027027026
623,624,diag_1,428,37,4,10.81081081081081,1,3,1,2.7027027027027026
623,624,diag_2,428,37,4,10.81081081081081,1,3,1,2.7027027027027026
623,624,diag_3,250,37,5,13.513513513513514,1,4,1,2.7027027027027026
624,625,diag_1,428,37,0,0.0,1,0,0,0.0
624,625,diag_2,428,37,2,5.405405405405405,1,1,1,2.7027027027027026
624,625,diag_3,250,37,6,16.216216216216218,1,5,1,2.7027027027027026
625,626,diag_1,428,37,1,2.7027027027027026,1,0,1,2.7027027027027026
625,626,diag_2,428,37,3,8.108108108108109,1,2,1,2.7027027027027026
625,626,diag_3,250,37,4,10.81081081081081,1,3,1,2.7027027027027026
626,627,diag_1,428,37,4,10.81081081081081,1,3,1,2.7027027027027026
626,627,diag_2,428,37,2,5.405405405405405,1,1,1,2.7027027027027026
626,627,diag_3,250,37,3,8.108108108108109,1,2,1,2.7027027027027026
627,628,diag_1,428,37,3,8.108108108108109,1,2,1,2.7027027027027026
627,628,diag_2,428,37,3,8.108108108108109,1,2,1,2.7027027027027026
627,628,diag_3,250,37,8,21.62162162162162,1,7,1,2.7027027027027026
628,629,diag_1,428,37,0,0.0,1,0,0,0.0
628,629,diag_2,428,37,2,5.405405405405405,1,1,1,2.7027027027027026
628,629,diag_3,250,37,3,8.108108108108109,1,2,1,2.7027027027027026
629,630,diag_1,428,37,0,0.0,1,0,0,0.0
629,630,diag_2,428,37,4,10.81081081081081,1,3,1,2.7027027027027026
629,630,diag_3,250,37,3,8.108108108108109,1,2,1,2.7027027027027026
630,631,diag_1,428,37,5,13.513513513513514,1,4,1,2.7027027027027026
630,631,diag_2,428,37,1,2.7027027027027026,1,0,1,2.7027027027027026
630,631,diag_3,250,37,3,8.108108108108109,1,2,1,2.7027027027027026
631,632,diag_1,428,37,8,21.62162162162162,1,7,1,2.7027027027027026
631,632,diag_2,428,37,2,5.405405405405405,1,1,1,2.7027027027027026
631,632,diag_3,250,37,5,13.513513513513514,1,4,1,2.7027027027027026
632,633,diag_1,428,37,2,5.405405405405405,1,1,1,2.7027027027027026
632,633,diag_2,428,37,0,0.0,1,0,0,0.0
632,633,diag_3,250,37,1,2.7027027027027026,1,0,1,2.7027027027027026
633,634,diag_1,428,37,1,2.7027027027027026,1,0,1,2.7027027027027026
633,634,diag_2,428,37,1,2.7027027027027026,1,0,1,2.7027027027027026
633,634,diag_3,250,37,5,13.513513513513514,1,4,1,2.7027027027027026
634,635,diag_1,428,37,2,5.405405405405405,1,1,1,2.7027027027027026
634,635,diag_2,428,37,2,5.405405405405405,1,1,1,2.7027027027027026
634,635,diag_3,250,37,3,8.108108108108109,1,2,1,2.7027027027027026
635,636,diag_1,428,37,5,13.513513513513514,1,4,1,2.7027027027027026
635,636,diag_2,428,37,1,2.7027027027027026,1,0,1,2.7027027027027026
635,636,diag_3,250,37,9,24.324324324324326,1,8,1,2.7027027027027026
636,637,diag_1,428,37,2,5.405405405405405,1,1,1,2.7027027027027026
636,637,diag_2,428,37,2,5.405405405405405,1,1,1,2.7027027027027026
636,637,diag_3,250,37,6,16.216216216216218,1,5,1,2.7027027027027026
637,638,diag_1,428,37,5,13.513513513513514,1,4,1,2.7027027027027026
637,638,diag_2,428,37,3,8.108108108108109,1,2,1,2.7027027027027026
637,638,diag_3,250,37,5,13.513513513513514,1,4,1,2.7027027027027026
638,639,diag_1,428,37,3,8.108108108108109,1,2,1,2.7027027027027026
638,639,diag_2,428,37,2,5.405405405405405,1,1,1,2.7027027027027026
638,639,diag_3,250,37,4,10.81081081081081,1,3,1,2.7027027027027026
639,640,diag_1,428,37,0,0.0,1,0,0,0.0
639,640,diag_2,428,37,1,2.7027027027027026,1,0,1,2.7027027027027026
639,640,diag_3,250,37,3,8.108108108108109,1,2,1,2.7027027027027026
640,641,diag_1,428,37,3,8.108108108108109,1,2,1,2.7027027027027026
640,641,diag_2,428,37,1,2.7027027027027026,1,0,1,2.7027027027027026
640,641,diag_3,250,37,2,5.405405405405405,1,1,1,2.7027027027027026
641,642,diag_1,428,37,4,10.81081081081081,1,3,1,2.7027027027027026
641,642,diag_2,428,37,4,10.81081081081081,1,3,1,2.7027027027027026
641,642,diag_3,250,37,1,2.7027027027027026,1,0,1,2.7027027027027026
642,643,diag_1,428,37,1,2.7027027027027026,1,0,1,2.7027027027027026
642,643,diag_2,428,37,2,5.405405405405405,1,1,1,2.7027027027027026
642,643,diag_3,250,37,5,13.513513513513514,1,4,1,2.7027027027027026
643,644,diag_1,428,37,3,8.108108108108109,1,2,1,2.7027027027027026
643,644,diag_2,428,37,3,8.108108108108109,1,2,1,2.7027027027027026
643,644,diag_3,250,37,7,18.91891891891892,1,6,1,2.7027027027027026
644,645,diag_1,428,37,0,0.0,1,0,0,0.0
644,645,diag_2,428,37,4,10.81081081081081,1,3,1,2.7027027027027026
644,645,diag_3,250,37,4,10.81081081081081,1,3,1,2.7027027027027026
645,646,diag_1,428,37,1,2.7027027027027026,1,0,1,2.7027027027027026
645,646,diag_2,428,37,1,2.7027027027027026,1,0,1,2.7027027027027026
645,646,diag_3,250,37,1,2.7027027027027026,1,0,1,2.7027027027027026
646,647,diag_1,428,37,3,8.108108108108109,1,2,1,2.7027027027027026
646,647,diag_2,428,37,2,5.405405405405405,1,1,1,2.7027027027027026
646,647,diag_3,250,37,7,18.91891891891892,1,6,1,2.7027027027027026
647,648,diag_1,428,37,0,0.0,1,0,0,0.0
647,648,diag_2,428,37,2,5.405405405405405,1,1,1,2.7027027027027026
647,648,diag_3,250,37,4,10.81081081081081,1,3,1,2.7027027027027026
648,649,diag_1,428,37,0,0.0,1,0,0,0.0
648,649,diag_2,428,37,4,10.81081081081081,1,3,1,2.7027027027027026
648,649,diag_3,250,37,3,8.108108108108109,1,2,1,2.7027027027027026
649,650,diag_1,428,37,3,8.108108108108109,1,2,1,2.7027027027027026
649,650,diag_2,428,37,2,5.405405405405405,1,1,1,2.7027027027027026
649,650,diag_3,250,37,6,16.216216216216218,1,5,1,2.7027027027027026
650,651,diag_1,428,37,6,16.216216216216218,1,5,1,2.7027027027027026
650,651,diag_2,428,37,2,5.405405405405405,1,1,1,2.7027027027027026
650,651,diag_3,250,37,6,16.216216216216218,1,5,1,2.7027027027027026
651,652,diag_1,428,37,2,5.405405405405405,1,1,1,2.7027027027027026
651,652,diag_2,428,37,2,5.405405405405405,1,1,1,2.7027027027027026
651,652,diag_3,250,37,7,18.91891891891892,1,6,1,2.7027027027027026
652,653,diag_1,428,37,1,2.7027027027027026,1,0,1,2.7027027027027026
652,653,diag_2,428,37,5,13.513513513513514,1,4,1,2.7027027027027026
652,653,diag_3,250,37,6,16.216216216216218,1,5,1,2.7027027027027026
653,654,diag_1,428,37,3,8.108108108108109,1,2,1,2.7027027027027026
653,654,diag_2,428,37,7,18.91891891891892,1,6,1,2.7027027027027026
653,654,diag_3,250,37,4,10.81081081081081,1,3,1,2.7027027027027026
654,655,diag_1,428,37,3,8.108108108108109,1,2,1,2.7027027027027026
654,655,diag_2,428,37,5,13.513513513513514,1,4,1,2.7027027027027026
654,655,diag_3,250,37,5,13.513513513513514,1,4,1,2.7027027027027026
655,656,diag_1,428,37,0,0.0,1,0,0,0.0
655,656,diag_2,428,37,2,5.405405405405405,1,1,1,2.7027027027027026
655,656,diag_3,250,37,4,10.81081081081081,1,3,1,2.7027027027027026
656,657,diag_1,428,37,0,0.0,1,0,0,0.0
656,657,diag_2,428,37,6,16.216216216216218,1,5,1,2.7027027027027026
656,657,diag_3,250,37,2,5.405405405405405,1,1,1,2.7027027027027026
657,658,diag_1,428,37,4,10.81081081081081,1,3,1,2.7027027027027026
657,658,diag_2,428,37,5,13.513513513513514,1,4,1,2.7027027027027026
657,658,diag_3,250,37,4,10.81081081081081,1,3,1,2.7027027027027026
658,659,diag_1,428,37,5,13.513513513513514,1,4,1,2.7027027027027026
658,659,diag_2,428,37,3,8.108108108108109,1,2,1,2.7027027027027026
658,659,diag_3,250,37,7,18.91891891891892,1,6,1,2.7027027027027026
659,660,diag_1,428,37,2,5.405405405405405,1,1,1,2.7027027027027026
659,660,diag_2,428,37,1,2.7027027027027026,1,0,1,2.7027027027027026
659,660,diag_3,250,37,7,18.91891891891892,1,6,1,2.7027027027027026
660,661,diag_1,428,37,5,13.513513513513514,1,4,1,2.7027027027027026
660,661,diag_2,428,37,2,5.405405405405405,1,1,1,2.7027027027027026
660,661,diag_3,250,37,2,5.405405405405405,1,1,1,2.7027027027027026
661,662,diag_1,428,37,4,10.81081081081081,1,3,1,2.7027027027027026
661,662,diag_2,428,37,1,2.7027027027027026,1,0,1,2.7027027027027026
661,662,diag_3,250,37,6,16.216216216216218,1,5,1,2.7027027027027026
662,663,diag_1,428,37,5,13.513513513513514,1,4,1,2.7027027027027026
662,663,diag_2,428,37,2,5.405405405405405,1,1,1,2.7027027027027026
662,663,diag_3,250,37,6,16.216216216216218,1,5,1,2.7027027027027026
663,664,diag_1,428,37,3,8.108108108108109,1,2,1,2.7027027027027026
663,664,diag_2,428,37,2,5.405405405405405,1,1,1,2.7027027027027026
663,664,diag_3,250,37,7,18.91891891891892,1,6,1,2.7027027027027026
664,665,diag_1,428,37,2,5.405405405405405,1,1,1,2.7027027027027026
664,665,diag_2,428,37,0,0.0,1,0,0,0.0
664,665,diag_3,250,37,5,13.513513513513514,1,4,1,2.7027027027027026
665,666,diag_1,428,37,2,5.405405405405405,1,1,1,2.7027027027027026
665,666,diag_2,428,37,2,5.405405405405405,1,1,1,2.7027027027027026
665,666,diag_3,250,37,3,8.108108108108109,1,2,1,2.7027027027027026
666,667,diag_1,428,37,1,2.7027027027027026,1,0,1,2.7027027027027026
666,667,diag_2,428,37,3,8.108108108108109,1,2,1,2.7027027027027026
666,667,diag_3,250,37,5,13.513513513513514,1,4,1,2.7027027027027026
667,668,diag_1,428,37,0,0.0,1,0,0,0.0
667,668,diag_2,428,37,5,13.513513513513514,1,4,1,2.7027027027027026
667,668,diag_3,250,37,5,13.513513513513514,1,4,1,2.7027027027027026
668,669,diag_1,428,37,6,16.216216216216218,1,5,1,2.7027027027027026
668,669,diag_2,428,37,0,0.0,1,0,0,0.0
668,669,diag_3,250,37,5,13.513513513513514,1,4,1,2.7027027027027026
669,670,diag_1,428,37,1,2.7027027027027026,1,0,1,2.7027027027027026
669,670,diag_2,428,37,0,0.0,1,0,0,0.0
669,670,diag_3,250,37,6,16.216216216216218,1,5,1,2.7027027027027026
670,671,diag_1,428,37,3,8.108108108108109,1,2,1,2.7027027027027026
670,671,diag_2,428,37,1,2.7027027027027026,1,0,1,2.7027027027027026
670,671,diag_3,250,37,5,13.513513513513514,1,4,1,2.7027027027027026
671,672,diag_1,428,37,3,8.108108108108109,1,2,1,2.7027027027027026
671,672,diag_2,428,37,2,5.405405405405405,1,1,1,2.7027027027027026
671,672,diag_3,250,37,3,8.108108108108109,1,2,1,2.7027027027027026
672,673,diag_1,428,37,1,2.7027027027027026,1,0,1,2.7027027027027026
672,673,diag_2,428,37,4,10.81081081081081,1,3,1,2.7027027027027026
672,673,diag_3,250,37,3,8.108108108108109,1,2,1,2.7027027027027026
673,674,diag_1,428,37,1,2.7027027027027026,1,0,1,2.7027027027027026
673,674,diag_2,428,37,2,5.405405405405405,1,1,1,2.7027027027027026
673,674,diag_3,250,37,3,8.108108108108109,1,2,1,2.7027027027027026
674,675,diag_1,428,37,0,0.0,1,0,0,0.0
674,675,diag_2,428,37,1,2.7027027027027026,1,0,1,2.7027027027027026
674,675,diag_3,250,37,5,13.513513513513514,1,4,1,2.7027027027027026
675,676,diag_1,428,37,3,8.108108108108109,1,2,1,2.7027027027027026
675,676,diag_2,428,37,3,8.108108108108109,1,2,1,2.7027027027027026
675,676,diag_3,250,37,3,8.108108108108109,1,2,1,2.7027027027027026
676,677,diag_1,428,37,6,16.216216216216218,1,5,1,2.7027027027027026
676,677,diag_2,428,37,1,2.7027027027027026,1,0,1,2.7027027027027026
676,677,diag_3,250,37,4,10.81081081081081,1,3,1,2.7027027027027026
677,678,diag_1,428,37,0,0.0,1,0,0,0.0
677,678,diag_2,428,37,4,10.81081081081081,1,3,1,2.7027027027027026
677,678,diag_3,250,37,3,8.108108108108109,1,2,1,2.7027027027027026
678,679,diag_1,428,37,4,10.81081081081081,1,3,1,2.7027027027027026
678,679,diag_2,428,37,0,0.0,1,0,0,0.0
678,679,diag_3,250,37,5,13.513513513513514,1,4,1,2.7027027027027026
679,680,diag_1,428,37,1,2.7027027027027026,1,0,1,2.7027027027027026
679,680,diag_2,428,37,1,2.7027027027027026,1,0,1,2.7027027027027026
679,680,diag_3,250,37,6,16.216216216216218,1,5,1,2.7027027027027026
680,681,diag_1,428,37,3,8.108108108108109,1,2,1,2.7027027027027026
680,681,diag_2,428,37,2,5.405405405405405,1,1,1,2.7027027027027026
680,681,diag_3,250,37,4,10.81081081081081,1,3,1,2.7027027027027026
681,682,diag_1,428,37,2,5.405405405405405,1,1,1,2.7027027027027026
681,682,diag_2,428,37,3,8.108108108108109,1,2,1,2.7027027027027026
681,682,diag_3,250,37,8,21.62162162162162,1,7,1,2.7027027027027026
682,683,diag_1,428,37,1,2.7027027027027026,1,0,1,2.7027027027027026
682,683,diag_2,428,37,1,2.7027027027027026,1,0,1,2.7027027027027026
682,683,diag_3,250,37,8,21.62162162162162,1,7,1,2.7027027027027026
683,684,diag_1,428,37,4,10.81081081081081,1,3,1,2.7027027027027026
683,684,diag_2,428,37,3,8.108108108108109,1,2,1,2.7027027027027026
683,684,diag_3,250,37,9,24.324324324324326,1,8,1,2.7027027027027026
684,685,diag_1,428,37,3,8.108108108108109,1,2,1,2.7027027027027026
684,685,diag_2,428,37,4,10.81081081081081,1,3,1,2.7027027027027026
684,685,diag_3,250,37,5,13.513513513513514,1,4,1,2.7027027027027026
685,686,diag_1,428,37,3,8.108108108108109,1,2,1,2.7027027027027026
685,686,diag_2,428,37,3,8.108108108108109,1,2,1,2.7027027027027026
685,686,diag_3,250,37,5,13.513513513513514,1,4,1,2.7027027027027026
686,687,diag_1,428,37,1,2.7027027027027026,1,0,1,2.7027027027027026
686,687,diag_2,428,37,2,5.405405405405405,1,1,1,2.7027027027027026
686,687,diag_3,250,37,4,10.81081081081081,1,3,1,2.7027027027027026
687,688,diag_1,428,37,0,0.0,1,0,0,0.0
687,688,diag_2,428,37,4,10.81081081081081,1,3,1,2.7027027027027026
687,688,diag_3,250,37,4,10.81081081081081,1,3,1,2.7027027027027026
688,689,diag_1,428,37,1,2.7027027027027026,1,0,1,2.7027027027027026
688,689,diag_2,428,37,5,13.513513513513514,1,4,1,2.7027027027027026
688,689,diag_3,250,37,7,18.91891891891892,1,6,1,2.7027027027027026
689,690,diag_1,428,37,4,10.81081081081081,1,3,1,2.7027027027027026
689,690,diag_2,428,37,0,0.0,1,0,0,0.0
689,690,diag_3,250,37,1,2.7027027027027026,1,0,1,2.7027027027027026
690,691,diag_1,428,37,3,8.108108108108109,1,2,1,2.7027027027027026
690,691,diag_2,428,37,2,5.405405405405405,1,1,1,2.7027027027027026
690,691,diag_3,250,37,6,16.216216216216218,1,5,1,2.7027027027027026
691,692,diag_1,428,37,0,0.0,1,0,0,0.0
691,692,diag_2,428,37,3,8.108108108108109,1,2,1,2.7027027027027026
691,692,diag_3,250,37,5,13.513513513513514,1,4,1,2.7027027027027026
692,693,diag_1,428,37,3,8.108108108108109,1,2,1,2.7027027027027026
692,693,diag_2,428,37,2,5.405405405405405,1,1,1,2.7027027027027026
692,693,diag_3,250,37,6,16.216216216216218,1,5,1,2.7027027027027026
693,694,diag_1,428,37,3,8.108108108108109,1,2,1,2.7027027027027026
693,694,diag_2,428,37,1,2.7027027027027026,1,0,1,2.7027027027027026
693,694,diag_3,250,37,4,10.81081081081081,1,3,1,2.7027027027027026
694,695,diag_1,428,37,1,2.7027027027027026,1,0,1,2.7027027027027026
694,695,diag_2,428,37,2,5.405405405405405,1,1,1,2.7027027027027026
694,695,diag_3,250,37,4,10.81081081081081,1,3,1,2.7027027027027026
695,696,diag_1,428,37,6,16.216216216216218,1,5,1,2.7027027027027026
695,696,diag_2,428,37,1,2.7027027027027026,1,0,1,2.7027027027027026
695,696,diag_3,250,37,6,16.216216216216218,1,5,1,2.7027027027027026
696,697,diag_1,428,37,6,16.216216216216218,1,5,1,2.7027027027027026
696,697,diag_2,428,37,2,5.405405405405405,1,1,1,2.7027027027027026
696,697,diag_3,250,37,6,16.216216216216218,1,5,1,2.7027027027027026
697,698,diag_1,428,37,2,5.405405405405405,1,1,1,2.7027027027027026
697,698,diag_2,428,37,2,5.405405405405405,1,1,1,2.7027027027027026
697,698,diag_3,250,37,4,10.81081081081081,1,3,1,2.7027027027027026
698,699,diag_1,428,37,3,8.108108108108109,1,2,1,2.7027027027027026
698,699,diag_2,428,37,1,2.7027027027027026,1,0,1,2.7027027027027026
698,699,diag_3,250,37,3,8.108108108108109,1,2,1,2.7027027027027026
699,700,diag_1,428,37,3,8.108108108108109,1,2,1,2.7027027027027026
699,700,diag_2,428,37,5,13.513513513513514,1,4,1,2.7027027027027026
699,700,diag_3,250,37,4,10.81081081081081,1,3,1,2.7027027027027026
700,701,diag_1,428,37,3,8.108108108108109,1,2,1,2.7027027027027026
700,701,diag_2,428,37,3,8.108108108108109,1,2,1,2.7027027027027026
700,701,diag_3,250,37,8,21.62162162162162,1,7,1,2.7027027027027026
701,702,diag_1,428,37,2,5.405405405405405,1,1,1,2.7027027027027026
701,702,diag_2,428,37,1,2.7027027027027026,1,0,1,2.7027027027027026
701,702,diag_3,250,37,3,8.108108108108109,1,2,1,2.7027027027027026
702,703,diag_1,428,37,3,8.108108108108109,1,2,1,2.7027027027027026
702,703,diag_2,428,37,2,5.405405405405405,1,1,1,2.7027027027027026
702,703,diag_3,250,37,3,8.108108108108109,1,2,1,2.7027027027027026
703,704,diag_1,428,37,3,8.108108108108109,1,2,1,2.7027027027027026
703,704,diag_2,428,37,3,8.108108108108109,1,2,1,2.7027027027027026
703,704,diag_3,250,37,5,13.513513513513514,1,4,1,2.7027027027027026
704,705,diag_1,428,37,3,8.108108108108109,1,2,1,2.7027027027027026
704,705,diag_2,428,37,2,5.405405405405405,1,1,1,2.7027027027027026
704,705,diag_3,250,37,8,21.62162162162162,1,7,1,2.7027027027027026
705,706,diag_1,428,37,3,8.108108108108109,1,2,1,2.7027027027027026
705,706,diag_2,428,37,1,2.7027027027027026,1,0,1,2.7027027027027026
705,706,diag_3,250,37,7,18.91891891891892,1,6,1,2.7027027027027026
706,707,diag_1,428,37,3,8.108108108108109,1,2,1,2.7027027027027026
706,707,diag_2,428,37,2,5.405405405405405,1,1,1,2.7027027027027026
706,707,diag_3,250,37,6,16.216216216216218,1,5,1,2.7027027027027026
707,708,diag_1,428,37,0,0.0,1,0,0,0.0
707,708,diag_2,428,37,2,5.405405405405405,1,1,1,2.7027027027027026
707,708,diag_3,250,37,5,13.513513513513514,1,4,1,2.7027027027027026
708,709,diag_1,428,37,2,5.405405405405405,1,1,1,2.7027027027027026
708,709,diag_2,428,37,1,2.7027027027027026,1,0,1,2.7027027027027026
708,709,diag_3,250,37,5,13.513513513513514,1,4,1,2.7027027027027026
709,710,diag_1,428,37,1,2.7027027027027026,1,0,1,2.7027027027027026
709,710,diag_2,428,37,1,2.7027027027027026,1,0,1,2.7027027027027026
709,710,diag_3,250,37,7,18.91891891891892,1,6,1,2.7027027027027026
710,711,diag_1,428,37,2,5.405405405405405,1,1,1,2.7027027027027026
710,711,diag_2,428,37,6,16.216216216216218,1,5,1,2.7027027027027026
710,711,diag_3,250,37,5,13.513513513513514,1,4,1,2.7027027027027026
711,712,diag_1,428,37,2,5.405405405405405,1,1,1,2.7027027027027026
711,712,diag_2,428,37,4,10.81081081081081,1,3,1,2.7027027027027026
711,712,diag_3,250,37,4,10.81081081081081,1,3,1,2.7027027027027026
712,713,diag_1,428,37,3,8.108108108108109,1,2,1,2.7027027027027026
712,713,diag_2,428,37,3,8.108108108108109,1,2,1,2.7027027027027026
712,713,diag_3,250,37,6,16.216216216216218,1,5,1,2.7027027027027026
713,714,diag_1,428,37,6,16.216216216216218,1,5,1,2.7027027027027026
713,714,diag_2,428,37,3,8.108108108108109,1,2,1,2.7027027027027026
713,714,diag_3,250,37,7,18.91891891891892,1,6,1,2.7027027027027026
714,715,diag_1,428,37,3,8.108108108108109,1,2,1,2.7027027027027026
714,715,diag_2,428,37,2,5.405405405405405,1,1,1,2.7027027027027026
714,715,diag_3,250,37,6,16.216216216216218,1,5,1,2.7027027027027026
715,716,diag_1,428,37,1,2.7027027027027026,1,0,1,2.7027027027027026
715,716,diag_2,428,37,1,2.7027027027027026,1,0,1,2.7027027027027026
715,716,diag_3,250,37,4,10.81081081081081,1,3,1,2.7027027027027026
716,717,diag_1,428,37,4,10.81081081081081,1,3,1,2.7027027027027026
716,717,diag_2,428,37,1,2.7027027027027026,1,0,1,2.7027027027027026
716,717,diag_3,250,37,8,21.62162162162162,1,7,1,2.7027027027027026
717,718,diag_1,428,37,2,5.405405405405405,1,1,1,2.7027027027027026
717,718,diag_2,428,37,2,5.405405405405405,1,1,1,2.7027027027027026
717,718,diag_3,250,37,3,8.108108108108109,1,2,1,2.7027027027027026
718,719,diag_1,428,37,3,8.108108108108109,1,2,1,2.7027027027027026
718,719,diag_2,428,37,0,0.0,1,0,0,0.0
718,719,diag_3,250,37,7,18.91891891891892,1,6,1,2.7027027027027026
719,720,diag_1,428,37,3,8.108108108108109,1,2,1,2.7027027027027026
719,720,diag_2,428,37,1,2.7027027027027026,1,0,1,2.7027027027027026
719,720,diag_3,250,37,8,21.62162162162162,1,7,1,2.7027027027027026
720,721,diag_1,428,37,3,8.108108108108109,1,2,1,2.7027027027027026
720,721,diag_2,428,37,3,8.108108108108109,1,2,1,2.7027027027027026
720,721,diag_3,250,37,5,13.513513513513514,1,4,1,2.7027027027027026
721,722,diag_1,428,37,1,2.7027027027027026,1,0,1,2.7027027027027026
721,722,diag_2,428,37,5,13.513513513513514,1,4,1,2.7027027027027026
721,722,diag_3,250,37,6,16.216216216216218,1,5,1,2.7027027027027026
722,723,diag_1,428,37,2,5.405405405405405,1,1,1,2.7027027027027026
722,723,diag_2,428,37,5,13.513513513513514,1,4,1,2.7027027027027026
722,723,diag_3,250,37,6,16.216216216216218,1,5,1,2.7027027027027026
723,724,diag_1,428,37,1,2.7027027027027026,1,0,1,2.7027027027027026
723,724,diag_2,428,37,1,2.7027027027027026,1,0,1,2.7027027027027026
723,724,diag_3,250,37,5,13.513513513513514,1,4,1,2.7027027027027026
724,725,diag_1,428,37,3,8.108108108108109,1,2,1,2.7027027027027026
724,725,diag_2,428,37,5,13.513513513513514,1,4,1,2.7027027027027026
724,725,diag_3,250,37,3,8.108108108108109,1,2,1,2.7027027027027026
725,726,diag_1,428,37,0,0.0,1,0,0,0.0
725,726,diag_2,428,37,1,2.7027027027027026,1,0,1,2.7027027027027026
725,726,diag_3,250,37,3,8.108108108108109,1,2,1,2.7027027027027026
726,727,diag_1,428,37,4,10.81081081081081,1,3,1,2.7027027027027026
726,727,diag_2,428,37,1,2.7027027027027026,1,0,1,2.7027027027027026
726,727,diag_3,250,37,3,8.108108108108109,1,2,1,2.7027027027027026
727,728,diag_1,428,37,2,5.405405405405405,1,1,1,2.7027027027027026
727,728,diag_2,428,37,2,5.405405405405405,1,1,1,2.7027027027027026
727,728,diag_3,250,37,6,16.216216216216218,1,5,1,2.7027027027027026
728,729,diag_1,428,37,2,5.405405405405405,1,1,1,2.7027027027027026
728,729,diag_2,428,37,0,0.0,1,0,0,0.0
728,729,diag_3,250,37,5,13.513513513513514,1,4,1,2.7027027027027026
729,730,diag_1,428,37,1,2.7027027027027026,1,0,1,2.7027027027027026
729,730,diag_2,428,37,0,0.0,1,0,0,0.0
729,730,diag_3,250,37,2,5.405405405405405,1,1,1,2.7027027027027026
730,731,diag_1,428,37,5,13.513513513513514,1,4,1,2.7027027027027026
730,731,diag_2,428,37,2,5.405405405405405,1,1,1,2.7027027027027026
730,731,diag_3,250,37,5,13.513513513513514,1,4,1,2.7027027027027026
731,732,diag_1,428,37,1,2.7027027027027026,1,0,1,2.7027027027027026
731,732,diag_2,428,37,3,8.108108108108109,1,2,1,2.7027027027027026
731,732,diag_3,250,37,6,16.216216216216218,1,5,1,2.7027027027027026
732,733,diag_1,428,37,3,8.108108108108109,1,2,1,2.7027027027027026
732,733,diag_2,428,37,4,10.81081081081081,1,3,1,2.7027027027027026
732,733,diag_3,250,37,2,5.405405405405405,1,1,1,2.7027027027027026
733,734,diag_1,428,37,6,16.216216216216218,1,5,1,2.7027027027027026
733,734,diag_2,428,37,3,8.108108108108109,1,2,1,2.7027027027027026
733,734,diag_3,250,37,3,8.108108108108109,1,2,1,2.7027027027027026
734,735,diag_1,428,37,2,5.405405405405405,1,1,1,2.7027027027027026
734,735,diag_2,428,37,4,10.81081081081081,1,3,1,2.7027027027027026
734,735,diag_3,250,37,4,10.81081081081081,1,3,1,2.7027027027027026
735,736,diag_1,428,37,1,2.7027027027027026,1,0,1,2.7027027027027026
735,736,diag_2,428,37,3,8.108108108108109,1,2,1,2.7027027027027026
735,736,diag_3,250,37,4,10.81081081081081,1,3,1,2.7027027027027026
736,737,diag_1,428,37,2,5.405405405405405,1,1,1,2.7027027027027026
736,737,diag_2,428,37,4,10.81081081081081,1,3,1,2.7027027027027026
736,737,diag_3,250,37,2,5.405405405405405,1,1,1,2.7027027027027026
737,738,diag_1,428,37,1,2.7027027027027026,1,0,1,2.7027027027027026
737,738,diag_2,428,37,3,8.108108108108109,1,2,1,2.7027027027027026
737,738,diag_3,250,37,3,8.108108108108109,1,2,1,2.7027027027027026
738,739,diag_1,428,37,2,5.405405405405405,1,1,1,2.7027027027027026
738,739,diag_2,428,37,1,2.7027027027027026,1,0,1,2.7027027027027026
738,739,diag_3,250,37,3,8.108108108108109,1,2,1,2.7027027027027026
739,740,diag_1,428,37,7,18.91891891891892,1,6,1,2.7027027027027026
739,740,diag_2,428,37,1,2.7027027027027026,1,0,1,2.7027027027027026
739,740,diag_3,250,37,5,13.513513513513514,1,4,1,2.7027027027027026
740,741,diag_1,428,37,3,8.108108108108109,1,2,1,2.7027027027027026
740,741,diag_2,428,37,0,0.0,1,0,0,0.0
740,741,diag_3,250,37,2,5.405405405405405,1,1,1,2.7027027027027026
741,742,diag_1,428,37,1,2.7027027027027026,1,0,1,2.7027027027027026
741,742,diag_2,428,37,3,8.108108108108109,1,2,1,2.7027027027027026
741,742,diag_3,250,37,1,2.7027027027027026,1,0,1,2.7027027027027026
742,743,diag_1,428,37,4,10.81081081081081,1,3,1,2.7027027027027026
742,743,diag_2,428,37,3,8.108108108108109,1,2,1,2.7027027027027026
742,743,diag_3,250,37,5,13.513513513513514,1,4,1,2.7027027027027026
743,744,diag_1,428,37,1,2.7027027027027026,1,0,1,2.7027027027027026
743,744,diag_2,428,37,3,8.108108108108109,1,2,1,2.7027027027027026
743,744,diag_3,250,37,4,10.81081081081081,1,3,1,2.7027027027027026
744,745,diag_1,428,37,2,5.405405405405405,1,1,1,2.7027027027027026
744,745,diag_2,428,37,1,2.7027027027027026,1,0,1,2.7027027027027026
744,745,diag_3,250,37,2,5.405405405405405,1,1,1,2.7027027027027026
745,746,diag_1,428,37,4,10.81081081081081,1,3,1,2.7027027027027026
745,746,diag_2,428,37,0,0.0,1,0,0,0.0
745,746,diag_3,250,37,4,10.81081081081081,1,3,1,2.7027027027027026
746,747,diag_1,428,37,3,8.108108108108109,1,2,1,2.7027027027027026
746,747,diag_2,428,37,2,5.405405405405405,1,1,1,2.7027027027027026
746,747,diag_3,250,37,2,5.405405405405405,1,1,1,2.7027027027027026
747,748,diag_1,428,37,3,8.108108108108109,1,2,1,2.7027027027027026
747,748,diag_2,428,37,3,8.108108108108109,1,2,1,2.7027027027027026
747,748,diag_3,250,37,5,13.513513513513514,1,4,1,2.7027027027027026
748,749,diag_1,428,37,3,8.108108108108109,1,2,1,2.7027027027027026
748,749,diag_2,428,37,1,2.7027027027027026,1,0,1,2.7027027027027026
748,749,diag_3,250,37,7,18.91891891891892,1,6,1,2.7027027027027026
749,750,diag_1,428,37,2,5.405405405405405,1,1,1,2.7027027027027026
749,750,diag_2,428,37,4,10.81081081081081,1,3,1,2.7027027027027026
749,750,diag_3,250,37,5,13.513513513513514,1,4,1,2.7027027027027026
750,751,diag_1,428,37,4,10.81081081081081,1,3,1,2.7027027027027026
750,751,diag_2,428,37,4,10.81081081081081,1,3,1,2.7027027027027026
750,751,diag_3,250,37,2,5.405405405405405,1,1,1,2.7027027027027026
751,752,diag_1,428,37,3,8.108108108108109,1,2,1,2.7027027027027026
751,752,diag_2,428,37,4,10.81081081081081,1,3,1,2.7027027027027026
751,752,diag_3,250,37,4,10.81081081081081,1,3,1,2.7027027027027026
752,753,diag_1,428,37,4,10.81081081081081,1,3,1,2.7027027027027026
752,753,diag_2,428,37,1,2.7027027027027026,1,0,1,2.7027027027027026
752,753,diag_3,250,37,5,13.513513513513514,1,4,1,2.7027027027027026
753,754,diag_1,428,37,1,2.7027027027027026,1,0,1,2.7027027027027026
753,754,diag_2,428,37,2,5.405405405405405,1,1,1,2.7027027027027026
753,754,diag_3,250,37,2,5.405405405405405,1,1,1,2.7027027027027026
754,755,diag_1,428,37,2,5.405405405405405,1,1,1,2.7027027027027026
754,755,diag_2,428,37,3,8.108108108108109,1,2,1,2.7027027027027026
754,755,diag_3,250,37,5,13.513513513513514,1,4,1,2.7027027027027026
755,756,diag_1,428,37,3,8.108108108108109,1,2,1,2.7027027027027026
755,756,diag_2,428,37,2,5.405405405405405,1,1,1,2.7027027027027026
755,756,diag_3,250,37,4,10.81081081081081,1,3,1,2.7027027027027026
756,757,diag_1,428,37,2,5.405405405405405,1,1,1,2.7027027027027026
756,757,diag_2,428,37,4,10.81081081081081,1,3,1,2.7027027027027026
756,757,diag_3,250,37,7,18.91891891891892,1,6,1,2.7027027027027026
757,758,diag_1,428,37,2,5.405405405405405,1,1,1,2.7027027027027026
757,758,diag_2,428,37,1,2.7027027027027026,1,0,1,2.7027027027027026
757,758,diag_3,250,37,2,5.405405405405405,1,1,1,2.7027027027027026
758,759,diag_1,428,37,1,2.7027027027027026,1,0,1,2.7027027027027026
758,759,diag_2,428,37,4,10.81081081081081,1,3,1,2.7027027027027026
758,759,diag_3,250,37,5,13.513513513513514,1,4,1,2.7027027027027026
759,760,diag_1,428,37,4,10.81081081081081,1,3,1,2.7027027027027026
759,760,diag_2,428,37,4,10.81081081081081,1,3,1,2.7027027027027026
759,760,diag_3,250,37,2,5.405405405405405,1,1,1,2.7027027027027026
760,761,diag_1,428,37,2,5.405405405405405,1,1,1,2.7027027027027026
760,761,diag_2,428,37,2,5.405405405405405,1,1,1,2.7027027027027026
760,761,diag_3,250,37,7,18.91891891891892,1,6,1,2.7027027027027026
761,762,diag_1,428,37,3,8.108108108108109,1,2,1,2.7027027027027026
761,762,diag_2,428,37,2,5.405405405405405,1,1,1,2.7027027027027026
761,762,diag_3,250,37,3,8.108108108108109,1,2,1,2.7027027027027026
762,763,diag_1,428,37,5,13.513513513513514,1,4,1,2.7027027027027026
762,763,diag_2,428,37,3,8.108108108108109,1,2,1,2.7027027027027026
762,763,diag_3,250,37,3,8.108108108108109,1,2,1,2.7027027027027026
763,764,diag_1,428,37,4,10.81081081081081,1,3,1,2.7027027027027026
763,764,diag_2,428,37,1,2.7027027027027026,1,0,1,2.7027027027027026
763,764,diag_3,250,37,1,2.7027027027027026,1,0,1,2.7027027027027026
764,765,diag_1,428,37,1,2.7027027027027026,1,0,1,2.7027027027027026
764,765,diag_2,428,37,4,10.81081081081081,1,3,1,2.7027027027027026
764,765,diag_3,250,37,4,10.81081081081081,1,3,1,2.7027027027027026
765,766,diag_1,428,37,2,5.405405405405405,1,1,1,2.7027027027027026
765,766,diag_2,428,37,1,2.7027027027027026,1,0,1,2.7027027027027026
765,766,diag_3,250,37,5,13.513513513513514,1,4,1,2.7027027027027026
766,767,diag_1,428,37,2,5.405405405405405,1,1,1,2.7027027027027026
766,767,diag_2,428,37,2,5.405405405405405,1,1,1,2.7027027027027026
766,767,diag_3,250,37,7,18.91891891891892,1,6,1,2.7027027027027026
767,768,diag_1,428,37,4,10.81081081081081,1,3,1,2.7027027027027026
767,768,diag_2,428,37,2,5.405405405405405,1,1,1,2.7027027027027026
767,768,diag_3,250,37,6,16.216216216216218,1,5,1,2.7027027027027026
768,769,diag_1,428,37,1,2.7027027027027026,1,0,1,2.7027027027027026
768,769,diag_2,428,37,4,10.81081081081081,1,3,1,2.7027027027027026
768,769,diag_3,250,37,2,5.405405405405405,1,1,1,2.7027027027027026
769,770,diag_1,428,37,3,8.108108108108109,1,2,1,2.7027027027027026
769,770,diag_2,428,37,3,8.108108108108109,1,2,1,2.7027027027027026
769,770,diag_3,250,37,6,16.216216216216218,1,5,1,2.7027027027027026
770,771,diag_1,428,37,1,2.7027027027027026,1,0,1,2.7027027027027026
770,771,diag_2,428,37,3,8.108108108108109,1,2,1,2.7027027027027026
770,771,diag_3,250,37,3,8.108108108108109,1,2,1,2.7027027027027026
771,772,diag_1,428,37,2,5.405405405405405,1,1,1,2.7027027027027026
771,772,diag_2,428,37,4,10.81081081081081,1,3,1,2.7027027027027026
771,772,diag_3,250,37,10,27.027027027027028,1,9,1,2.7027027027027026
772,773,diag_1,428,37,1,2.7027027027027026,1,0,1,2.7027027027027026
772,773,diag_2,428,37,5,13.513513513513514,1,4,1,2.7027027027027026
772,773,diag_3,250,37,2,5.405405405405405,1,1,1,2.7027027027027026
773,774,diag_1,428,37,1,2.7027027027027026,1,0,1,2.7027027027027026
773,774,diag_2,428,37,3,8.108108108108109,1,2,1,2.7027027027027026
773,774,diag_3,250,37,7,18.91891891891892,1,6,1,2.7027027027027026
774,775,diag_1,428,37,4,10.81081081081081,1,3,1,2.7027027027027026
774,775,diag_2,428,37,0,0.0,1,0,0,0.0
774,775,diag_3,250,37,6,16.216216216216218,1,5,1,2.7027027027027026
775,776,diag_1,428,37,1,2.7027027027027026,1,0,1,2.7027027027027026
775,776,diag_2,428,37,1,2.7027027027027026,1,0,1,2.7027027027027026
775,776,diag_3,250,37,3,8.108108108108109,1,2,1,2.7027027027027026
776,777,diag_1,428,37,5,13.513513513513514,1,4,1,2.7027027027027026
776,777,diag_2,428,37,2,5.405405405405405,1,1,1,2.7027027027027026
776,777,diag_3,250,37,3,8.108108108108109,1,2,1,2.7027027027027026
777,778,diag_1,428,37,2,5.405405405405405,1,1,1,2.7027027027027026
777,778,diag_2,428,37,2,5.405405405405405,1,1,1,2.7027027027027026
777,778,diag_3,250,37,1,2.7027027027027026,1,0,1,2.7027027027027026
778,779,diag_1,428,37,4,10.81081081081081,1,3,1,2.7027027027027026
778,779,diag_2,428,37,1,2.7027027027027026,1,0,1,2.7027027027027026
778,779,diag_3,250,37,3,8.108108108108109,1,2,1,2.7027027027027026
779,780,diag_1,428,37,6,16.216216216216218,1,5,1,2.7027027027027026
779,780,diag_2,428,37,4,10.81081081081081,1,3,1,2.7027027027027026
779,780,diag_3,250,37,4,10.81081081081081,1,3,1,2.7027027027027026
780,781,diag_1,428,37,4,10.81081081081081,1,3,1,2.7027027027027026
780,781,diag_2,428,37,2,5.405405405405405,1,1,1,2.7027027027027026
780,781,diag_3,250,37,5,13.513513513513514,1,4,1,2.7027027027027026
781,782,diag_1,428,37,2,5.405405405405405,1,1,1,2.7027027027027026
781,782,diag_2,428,37,5,13.513513513513514,1,4,1,2.7027027027027026
781,782,diag_3,250,37,1,2.7027027027027026,1,0,1,2.7027027027027026
782,783,diag_1,428,37,2,5.405405405405405,1,1,1,2.7027027027027026
782,783,diag_2,428,37,3,8.108108108108109,1,2,1,2.7027027027027026
782,783,diag_3,250,37,4,10.81081081081081,1,3,1,2.7027027027027026
783,784,diag_1,428,37,3,8.108108108108109,1,2,1,2.7027027027027026
783,784,diag_2,428,37,0,0.0,1,0,0,0.0
783,784,diag_3,250,37,6,16.216216216216218,1,5,1,2.7027027027027026
784,785,diag_1,428,37,5,13.513513513513514,1,4,1,2.7027027027027026
784,785,diag_2,428,37,1,2.7027027027027026,1,0,1,2.7027027027027026
784,785,diag_3,250,37,4,10.81081081081081,1,3,1,2.7027027027027026
785,786,diag_1,428,37,1,2.7027027027027026,1,0,1,2.7027027027027026
785,786,diag_2,428,37,0,0.0,1,0,0,0.0
785,786,diag_3,250,37,5,13.513513513513514,1,4,1,2.7027027027027026
786,787,diag_1,428,37,0,0.0,1,0,0,0.0
786,787,diag_2,428,37,1,2.7027027027027026,1,0,1,2.7027027027027026
786,787,diag_3,250,37,5,13.513513513513514,1,4,1,2.7027027027027026
787,788,diag_1,428,37,3,8.108108108108109,1,2,1,2.7027027027027026
787,788,diag_2,428,37,2,5.405405405405405,1,1,1,2.7027027027027026
787,788,diag_3,250,37,3,8.108108108108109,1,2,1,2.7027027027027026
788,789,diag_1,428,37,2,5.405405405405405,1,1,1,2.7027027027027026
788,789,diag_2,428,37,2,5.405405405405405,1,1,1,2.7027027027027026
788,789,diag_3,250,37,2,5.405405405405405,1,1,1,2.7027027027027026
789,790,diag_1,428,37,5,13.513513513513514,1,4,1,2.7027027027027026
789,790,diag_2,428,37,2,5.405405405405405,1,1,1,2.7027027027027026
789,790,diag_3,250,37,4,10.81081081081081,1,3,1,2.7027027027027026
790,791,diag_1,428,37,1,2.7027027027027026,1,0,1,2.7027027027027026
790,791,diag_2,428,37,3,8.108108108108109,1,2,1,2.7027027027027026
790,791,diag_3,250,37,4,10.81081081081081,1,3,1,2.7027027027027026
791,792,diag_1,428,37,6,16.216216216216218,1,5,1,2.7027027027027026
791,792,diag_2,428,37,3,8.108108108108109,1,2,1,2.7027027027027026
791,792,diag_3,250,37,4,10.81081081081081,1,3,1,2.7027027027027026
792,793,diag_1,428,37,0,0.0,1,0,0,0.0
792,793,diag_2,428,37,2,5.405405405405405,1,1,1,2.7027027027027026
792,793,diag_3,250,37,8,21.62162162162162,1,7,1,2.7027027027027026
793,794,diag_1,428,37,2,5.405405405405405,1,1,1,2.7027027027027026
793,794,diag_2,428,37,5,13.513513513513514,1,4,1,2.7027027027027026
793,794,diag_3,250,37,4,10.81081081081081,1,3,1,2.7027027027027026
794,795,diag_1,428,37,5,13.513513513513514,1,4,1,2.7027027027027026
794,795,diag_2,428,37,0,0.0,1,0,0,0.0
794,795,diag_3,250,37,6,16.216216216216218,1,5,1,2.7027027027027026
795,796,diag_1,428,37,3,8.108108108108109,1,2,1,2.7027027027027026
795,796,diag_2,428,37,2,5.405405405405405,1,1,1,2.7027027027027026
795,796,diag_3,250,37,4,10.81081081081081,1,3,1,2.7027027027027026
796,797,diag_1,428,37,3,8.108108108108109,1,2,1,2.7027027027027026
796,797,diag_2,428,37,2,5.405405405405405,1,1,1,2.7027027027027026
796,797,diag_3,250,37,0,0.0,1,0,0,0.0
797,798,diag_1,428,37,4,10.81081081081081,1,3,1,2.7027027027027026
797,798,diag_2,428,37,1,2.7027027027027026,1,0,1,2.7027027027027026
797,798,diag_3,250,37,3,8.108108108108109,1,2,1,2.7027027027027026
798,799,diag_1,428,37,5,13.513513513513514,1,4,1,2.7027027027027026
798,799,diag_2,428,37,1,2.7027027027027026,1,0,1,2.7027027027027026
798,799,diag_3,250,37,3,8.108108108108109,1,2,1,2.7027027027027026
799,800,diag_1,428,37,2,5.405405405405405,1,1,1,2.7027027027027026
799,800,diag_2,428,37,4,10.81081081081081,1,3,1,2.7027027027027026
799,800,diag_3,250,37,6,16.216216216216218,1,5,1,2.7027027027027026
800,801,diag_1,428,37,4,10.81081081081081,1,3,1,2.7027027027027026
800,801,diag_2,428,37,5,13.513513513513514,1,4,1,2.7027027027027026
800,801,diag_3,250,37,6,16.216216216216218,1,5,1,2.7027027027027026
801,802,diag_1,428,37,2,5.405405405405405,1,1,1,2.7027027027027026
801,802,diag_2,428,37,1,2.7027027027027026,1,0,1,2.7027027027027026
801,802,diag_3,250,37,6,16.216216216216218,1,5,1,2.7027027027027026
802,803,diag_1,428,37,1,2.7027027027027026,1,0,1,2.7027027027027026
802,803,diag_2,428,37,3,8.108108108108109,1,2,1,2.7027027027027026
802,803,diag_3,250,37,5,13.513513513513514,1,4,1,2.7027027027027026
803,804,diag_1,428,37,1,2.7027027027027026,1,0,1,2.7027027027027026
803,804,diag_2,428,37,2,5.405405405405405,1,1,1,2.7027027027027026
803,804,diag_3,250,37,6,16.216216216216218,1,5,1,2.7027027027027026
804,805,diag_1,428,37,5,13.513513513513514,1,4,1,2.7027027027027026
804,805,diag_2,428,37,0,0.0,1,0,0,0.0
804,805,diag_3,250,37,6,16.216216216216218,1,5,1,2.7027027027027026
805,806,diag_1,428,37,1,2.7027027027027026,1,0,1,2.7027027027027026
805,806,diag_2,428,37,4,10.81081081081081,1,3,1,2.7027027027027026
805,806,diag_3,250,37,7,18.91891891891892,1,6,1,2.7027027027027026
806,807,diag_1,428,37,4,10.81081081081081,1,3,1,2.7027027027027026
806,807,diag_2,428,37,4,10.81081081081081,1,3,1,2.7027027027027026
806,807,diag_3,250,37,9,24.324324324324326,1,8,1,2.7027027027027026
807,808,diag_1,428,37,3,8.108108108108109,1,2,1,2.7027027027027026
807,808,diag_2,428,37,3,8.108108108108109,1,2,1,2.7027027027027026
807,808,diag_3,250,37,0,0.0,1,0,0,0.0
808,809,diag_1,428,37,1,2.7027027027027026,1,0,1,2.7027027027027026
808,809,diag_2,428,37,2,5.405405405405405,1,1,1,2.7027027027027026
808,809,diag_3,250,37,2,5.405405405405405,1,1,1,2.7027027027027026
809,810,diag_1,428,37,2,5.405405405405405,1,1,1,2.7027027027027026
809,810,diag_2,428,37,1,2.7027027027027026,1,0,1,2.7027027027027026
809,810,diag_3,250,37,5,13.513513513513514,1,4,1,2.7027027027027026
810,811,diag_1,428,37,3,8.108108108108109,1,2,1,2.7027027027027026
810,811,diag_2,428,37,4,10.81081081081081,1,3,1,2.7027027027027026
810,811,diag_3,250,37,3,8.108108108108109,1,2,1,2.7027027027027026
811,812,diag_1,428,37,2,5.405405405405405,1,1,1,2.7027027027027026
811,812,diag_2,428,37,3,8.108108108108109,1,2,1,2.7027027027027026
811,812,diag_3,250,37,5,13.513513513513514,1,4,1,2.7027027027027026
812,813,diag_1,428,37,2,5.405405405405405,1,1,1,2.7027027027027026
812,813,diag_2,428,37,5,13.513513513513514,1,4,1,2.7027027027027026
812,813,diag_3,250,37,7,18.91891891891892,1,6,1,2.7027027027027026
813,814,diag_1,428,37,0,0.0,1,0,0,0.0
813,814,diag_2,428,37,1,2.7027027027027026,1,0,1,2.7027027027027026
813,814,diag_3,250,37,6,16.216216216216218,1,5,1,2.7027027027027026
814,815,diag_1,428,37,1,2.7027027027027026,1,0,1,2.7027027027027026
814,815,diag_2,428,37,4,10.81081081081081,1,3,1,2.7027027027027026
814,815,diag_3,250,37,5,13.513513513513514,1,4,1,2.7027027027027026
815,816,diag_1,428,37,3,8.108108108108109,1,2,1,2.7027027027027026
815,816,diag_2,428,37,3,8.108108108108109,1,2,1,2.7027027027027026
815,816,diag_3,250,37,2,5.405405405405405,1,1,1,2.7027027027027026
816,817,diag_1,428,37,3,8.108108108108109,1,2,1,2.7027027027027026
816,817,diag_2,428,37,4,10.81081081081081,1,3,1,2.7027027027027026
816,817,diag_3,250,37,4,10.81081081081081,1,3,1,2.7027027027027026
817,818,diag_1,428,37,2,5.405405405405405,1,1,1,2.7027027027027026
817,818,diag_2,428,37,2,5.405405405405405,1,1,1,2.7027027027027026
817,818,diag_3,250,37,5,13.513513513513514,1,4,1,2.7027027027027026
818,819,diag_1,428,37,3,8.108108108108109,1,2,1,2.7027027027027026
818,819,diag_2,428,37,4,10.81081081081081,1,3,1,2.7027027027027026
818,819,diag_3,250,37,2,5.405405405405405,1,1,1,2.7027027027027026
819,820,diag_1,428,37,1,2.7027027027027026,1,0,1,2.7027027027027026
819,820,diag_2,428,37,2,5.405405405405405,1,1,1,2.7027027027027026
819,820,diag_3,250,37,4,10.81081081081081,1,3,1,2.7027027027027026
820,821,diag_1,428,37,5,13.513513513513514,1,4,1,2.7027027027027026
820,821,diag_2,428,37,0,0.0,1,0,0,0.0
820,821,diag_3,250,37,5,13.513513513513514,1,4,1,2.7027027027027026
821,822,diag_1,428,37,2,5.405405405405405,1,1,1,2.7027027027027026
821,822,diag_2,428,37,3,8.108108108108109,1,2,1,2.7027027027027026
821,822,diag_3,250,37,6,16.216216216216218,1,5,1,2.7027027027027026
822,823,diag_1,428,37,2,5.405405405405405,1,1,1,2.7027027027027026
822,823,diag_2,428,37,3,8.108108108108109,1,2,1,2.7027027027027026
822,823,diag_3,250,37,1,2.7027027027027026,1,0,1,2.7027027027027026
823,824,diag_1,428,37,4,10.81081081081081,1,3,1,2.7027027027027026
823,824,diag_2,428,37,3,8.108108108108109,1,2,1,2.7027027027027026
823,824,diag_3,250,37,6,16.216216216216218,1,5,1,2.7027027027027026
824,825,diag_1,428,37,3,8.108108108108109,1,2,1,2.7027027027027026
824,825,diag_2,428,37,4,10.81081081081081,1,3,1,2.7027027027027026
824,825,diag_3,250,37,2,5.405405405405405,1,1,1,2.7027027027027026
825,826,diag_1,428,37,2,5.405405405405405,1,1,1,2.7027027027027026
825,826,diag_2,428,37,3,8.108108108108109,1,2,1,2.7027027027027026
825,826,diag_3,250,37,3,8.108108108108109,1,2,1,2.7027027027027026
826,827,diag_1,428,36,1,2.7777777777777777,1,0,1,2.7777777777777777
826,827,diag_2,428,36,0,0.0,1,0,0,0.0
826,827,diag_3,250,36,7,19.444444444444446,1,6,1,2.7777777777777777
827,828,diag_1,428,36,3,8.333333333333332,1,2,1,2.7777777777777777
827,828,diag_2,428,36,4,11.11111111111111,1,3,1,2.7777777777777777
827,828,diag_3,250,36,4,11.11111111111111,1,3,1,2.7777777777777777
828,829,diag_1,428,36,1,2.7777777777777777,1,0,1,2.7777777777777777
828,829,diag_2,428,36,2,5.555555555555555,1,1,1,2.7777777777777777
828,829,diag_3,250,36,4,11.11111111111111,1,3,1,2.7777777777777777
829,830,diag_1,428,36,2,5.555555555555555,1,1,1,2.7777777777777777
829,830,diag_2,428,36,1,2.7777777777777777,1,0,1,2.7777777777777777
829,830,diag_3,250,36,3,8.333333333333332,1,2,1,2.7777777777777777
830,831,diag_1,428,36,4,11.11111111111111,1,3,1,2.7777777777777777
830,831,diag_2,428,36,2,5.555555555555555,1,1,1,2.7777777777777777
830,831,diag_3,250,36,4,11.11111111111111,1,3,1,2.7777777777777777
831,832,diag_1,428,36,4,11.11111111111111,1,3,1,2.7777777777777777
831,832,diag_2,428,36,1,2.7777777777777777,1,0,1,2.7777777777777777
831,832,diag_3,250,36,2,5.555555555555555,1,1,1,2.7777777777777777
832,833,diag_1,428,36,2,5.555555555555555,1,1,1,2.7777777777777777
832,833,diag_2,428,36,1,2.7777777777777777,1,0,1,2.7777777777777777
832,833,diag_3,250,36,4,11.11111111111111,1,3,1,2.7777777777777777
833,834,diag_1,428,36,5,13.88888888888889,1,4,1,2.7777777777777777
833,834,diag_2,428,36,1,2.7777777777777777,1,0,1,2.7777777777777777
833,834,diag_3,250,36,5,13.88888888888889,1,4,1,2.7777777777777777
834,835,diag_1,428,36,1,2.7777777777777777,1,0,1,2.7777777777777777
834,835,diag_2,428,36,1,2.7777777777777777,1,0,1,2.7777777777777777
834,835,diag_3,250,36,5,13.88888888888889,1,4,1,2.7777777777777777
835,836,diag_1,428,36,3,8.333333333333332,1,2,1,2.7777777777777777
835,836,diag_2,428,36,3,8.333333333333332,1,2,1,2.7777777777777777
835,836,diag_3,250,36,3,8.333333333333332,1,2,1,2.7777777777777777
836,837,diag_1,428,36,1,2.7777777777777777,1,0,1,2.7777777777777777
836,837,diag_2,428,36,2,5.555555555555555,1,1,1,2.7777777777777777
836,837,diag_3,250,36,4,11.11111111111111,1,3,1,2.7777777777777777
837,838,diag_1,428,36,4,11.11111111111111,1,3,1,2.7777777777777777
837,838,diag_2,428,36,0,0.0,1,0,0,0.0
837,838,diag_3,250,36,4,11.11111111111111,1,3,1,2.7777777777777777
838,839,diag_1,428,36,2,5.555555555555555,1,1,1,2.7777777777777777
838,839,diag_2,428,36,4,11.11111111111111,1,3,1,2.7777777777777777
838,839,diag_3,250,36,5,13.88888888888889,1,4,1,2.7777777777777777
839,840,diag_1,428,36,2,5.555555555555555,1,1,1,2.7777777777777777
839,840,diag_2,428,36,2,5.555555555555555,1,1,1,2.7777777777777777
839,840,diag_3,250,36,6,16.666666666666664,1,5,1,2.7777777777777777
840,841,diag_1,428,36,2,5.555555555555555,1,1,1,2.7777777777777777
840,841,diag_2,428,36,2,5.555555555555555,1,1,1,2.7777777777777777
840,841,diag_3,250,36,3,8.333333333333332,1,2,1,2.7777777777777777
841,842,diag_1,428,36,2,5.555555555555555,1,1,1,2.7777777777777777
841,842,diag_2,428,36,3,8.333333333333332,1,2,1,2.7777777777777777
841,842,diag_3,250,36,3,8.333333333333332,1,2,1,2.7777777777777777
842,843,diag_1,428,36,3,8.333333333333332,1,2,1,2.7777777777777777
842,843,diag_2,428,36,2,5.555555555555555,1,1,1,2.7777777777777777
842,843,diag_3,250,36,8,22.22222222222222,1,7,1,2.7777777777777777
843,844,diag_1,428,36,2,5.555555555555555,1,1,1,2.7777777777777777
843,844,diag_2,428,36,0,0.0,1,0,0,0.0
843,844,diag_3,250,36,6,16.666666666666664,1,5,1,2.7777777777777777
844,845,diag_1,428,36,4,11.11111111111111,1,3,1,2.7777777777777777
844,845,diag_2,428,36,1,2.7777777777777777,1,0,1,2.7777777777777777
844,845,diag_3,250,36,2,5.555555555555555,1,1,1,2.7777777777777777
845,846,diag_1,428,36,3,8.333333333333332,1,2,1,2.7777777777777777
845,846,diag_2,428,36,7,19.444444444444446,1,6,1,2.7777777777777777
845,846,diag_3,250,36,3,8.333333333333332,1,2,1,2.7777777777777777
846,847,diag_1,428,36,4,11.11111111111111,1,3,1,2.7777777777777777
846,847,diag_2,428,36,3,8.333333333333332,1,2,1,2.7777777777777777
846,847,diag_3,250,36,7,19.444444444444446,1,6,1,2.7777777777777777
847,848,diag_1,428,36,4,11.11111111111111,1,3,1,2.7777777777777777
847,848,diag_2,428,36,4,11.11111111111111,1,3,1,2.7777777777777777
847,848,diag_3,250,36,3,8.333333333333332,1,2,1,2.7777777777777777
848,849,diag_1,428,36,1,2.7777777777777777,1,0,1,2.7777777777777777
848,849,diag_2,428,36,4,11.11111111111111,1,3,1,2.7777777777777777
848,849,diag_3,250,36,6,16.666666666666664,1,5,1,2.7777777777777777
849,850,diag_1,428,36,1,2.7777777777777777,1,0,1,2.7777777777777777
849,850,diag_2,428,36,1,2.7777777777777777,1,0,1,2.7777777777777777
849,850,diag_3,250,36,1,2.7777777777777777,1,0,1,2.7777777777777777
850,851,diag_1,428,36,1,2.7777777777777777,1,0,1,2.7777777777777777
850,851,diag_2,428,36,4,11.11111111111111,1,3,1,2.7777777777777777
850,851,diag_3,250,36,1,2.7777777777777777,1,0,1,2.7777777777777777
851,852,diag_1,428,36,1,2.7777777777777777,1,0,1,2.7777777777777777
851,852,diag_2,428,36,7,19.444444444444446,1,6,1,2.7777777777777777
851,852,diag_3,250,36,1,2.7777777777777777,1,0,1,2.7777777777777777
852,853,diag_1,428,36,2,5.555555555555555,1,1,1,2.7777777777777777
852,853,diag_2,428,36,4,11.11111111111111,1,3,1,2.7777777777777777
852,853,diag_3,250,36,4,11.11111111111111,1,3,1,2.7777777777777777
853,854,diag_1,428,36,2,5.555555555555555,1,1,1,2.7777777777777777
853,854,diag_2,428,36,2,5.555555555555555,1,1,1,2.7777777777777777
853,854,diag_3,250,36,2,5.555555555555555,1,1,1,2.7777777777777777
854,855,diag_1,428,36,0,0.0,1,0,0,0.0
854,855,diag_2,428,36,3,8.333333333333332,1,2,1,2.7777777777777777
854,855,diag_3,250,36,1,2.7777777777777777,1,0,1,2.7777777777777777
855,856,diag_1,428,36,3,8.333333333333332,1,2,1,2.7777777777777777
855,856,diag_2,428,36,2,5.555555555555555,1,1,1,2.7777777777777777
855,856,diag_3,250,36,5,13.88888888888889,1,4,1,2.7777777777777777
856,857,diag_1,428,36,2,5.555555555555555,1,1,1,2.7777777777777777
856,857,diag_2,428,36,2,5.555555555555555,1,1,1,2.7777777777777777
856,857,diag_3,250,36,6,16.666666666666664,1,5,1,2.7777777777777777
857,858,diag_1,428,36,5,13.88888888888889,1,4,1,2.7777777777777777
857,858,diag_2,428,36,1,2.7777777777777777,1,0,1,2.7777777777777777
857,858,diag_3,250,36,4,11.11111111111111,1,3,1,2.7777777777777777
858,859,diag_1,428,36,3,8.333333333333332,1,2,1,2.7777777777777777
858,859,diag_2,428,36,3,8.333333333333332,1,2,1,2.7777777777777777
858,859,diag_3,250,36,2,5.555555555555555,1,1,1,2.7777777777777777
859,860,diag_1,428,36,5,13.88888888888889,1,4,1,2.7777777777777777
859,860,diag_2,428,36,5,13.88888888888889,1,4,1,2.7777777777777777
859,860,diag_3,250,36,3,8.333333333333332,1,2,1,2.7777777777777777
860,861,diag_1,428,36,4,11.11111111111111,1,3,1,2.7777777777777777
860,861,diag_2,428,36,2,5.555555555555555,1,1,1,2.7777777777777777
860,861,diag_3,250,36,2,5.555555555555555,1,1,1,2.7777777777777777
861,862,diag_1,428,36,0,0.0,1,0,0,0.0
861,862,diag_2,428,36,1,2.7777777777777777,1,0,1,2.7777777777777777
861,862,diag_3,250,36,6,16.666666666666664,1,5,1,2.7777777777777777
862,863,diag_1,428,36,0,0.0,1,0,0,0.0
862,863,diag_2,428,36,2,5.555555555555555,1,1,1,2.7777777777777777
862,863,diag_3,250,36,6,16.666666666666664,1,5,1,2.7777777777777777
863,864,diag_1,428,36,3,8.333333333333332,1,2,1,2.7777777777777777
863,864,diag_2,428,36,2,5.555555555555555,1,1,1,2.7777777777777777
863,864,diag_3,250,36,5,13.88888888888889,1,4,1,2.7777777777777777
864,865,diag_1,428,36,1,2.7777777777777777,1,0,1,2.7777777777777777
864,865,diag_2,428,36,1,2.7777777777777777,1,0,1,2.7777777777777777
864,865,diag_3,250,36,6,16.666666666666664,1,5,1,2.7777777777777777
865,866,diag_1,428,36,2,5.555555555555555,1,1,1,2.7777777777777777
865,866,diag_2,428,36,2,5.555555555555555,1,1,1,2.7777777777777777
865,866,diag_3,250,36,3,8.333333333333332,1,2,1,2.7777777777777777
866,867,diag_1,428,36,2,5.555555555555555,1,1,1,2.7777777777777777
866,867,diag_2,428,36,7,19.444444444444446,1,6,1,2.7777777777777777
866,867,diag_3,250,36,6,16.666666666666664,1,5,1,2.7777777777777777
867,868,diag_1,428,36,0,0.0,1,0,0,0.0
867,868,diag_2,428,36,2,5.555555555555555,1,1,1,2.7777777777777777
867,868,diag_3,250,36,6,16.666666666666664,1,5,1,2.7777777777777777
868,869,diag_1,428,36,3,8.333333333333332,1,2,1,2.7777777777777777
868,869,diag_2,428,36,3,8.333333333333332,1,2,1,2.7777777777777777
868,869,diag_3,250,36,7,19.444444444444446,1,6,1,2.7777777777777777
869,870,diag_1,428,36,2,5.555555555555555,1,1,1,2.7777777777777777
869,870,diag_2,428,36,4,11.11111111111111,1,3,1,2.7777777777777777
869,870,diag_3,250,36,6,16.666666666666664,1,5,1,2.7777777777777777
870,871,diag_1,428,36,2,5.555555555555555,1,1,1,2.7777777777777777
870,871,diag_2,428,36,3,8.333333333333332,1,2,1,2.7777777777777777
870,871,diag_3,250,36,3,8.333333333333332,1,2,1,2.7777777777777777
871,872,diag_1,428,36,0,0.0,1,0,0,0.0
871,872,diag_2,428,36,7,19.444444444444446,1,6,1,2.7777777777777777
871,872,diag_3,250,36,4,11.11111111111111,1,3,1,2.7777777777777777
872,873,diag_1,428,36,1,2.7777777777777777,1,0,1,2.7777777777777777
872,873,diag_2,428,36,3,8.333333333333332,1,2,1,2.7777777777777777
872,873,diag_3,250,36,4,11.11111111111111,1,3,1,2.7777777777777777
873,874,diag_1,428,36,2,5.555555555555555,1,1,1,2.7777777777777777
873,874,diag_2,428,36,0,0.0,1,0,0,0.0
873,874,diag_3,250,36,6,16.666666666666664,1,5,1,2.7777777777777777
874,875,diag_1,428,36,2,5.555555555555555,1,1,1,2.7777777777777777
874,875,diag_2,428,36,1,2.7777777777777777,1,0,1,2.7777777777777777
874,875,diag_3,250,36,1,2.7777777777777777,1,0,1,2.7777777777777777
875,876,diag_1,428,36,0,0.0,1,0,0,0.0
875,876,diag_2,428,36,5,13.88888888888889,1,4,1,2.7777777777777777
875,876,diag_3,250,36,9,25.0,1,8,1,2.7777777777777777
876,877,diag_1,428,36,3,8.333333333333332,1,2,1,2.7777777777777777
876,877,diag_2,428,36,2,5.555555555555555,1,1,1,2.7777777777777777
876,877,diag_3,250,36,4,11.11111111111111,1,3,1,2.7777777777777777
877,878,diag_1,428,36,4,11.11111111111111,1,3,1,2.7777777777777777
877,878,diag_2,428,36,2,5.555555555555555,1,1,1,2.7777777777777777
877,878,diag_3,250,36,6,16.666666666666664,1,5,1,2.7777777777777777
878,879,diag_1,428,36,3,8.333333333333332,1,2,1,2.7777777777777777
878,879,diag_2,428,36,0,0.0,1,0,0,0.0
878,879,diag_3,250,36,7,19.444444444444446,1,6,1,2.7777777777777777
879,880,diag_1,428,36,3,8.333333333333332,1,2,1,2.7777777777777777
879,880,diag_2,428,36,2,5.555555555555555,1,1,1,2.7777777777777777
879,880,diag_3,250,36,5,13.88888888888889,1,4,1,2.7777777777777777
880,881,diag_1,428,36,3,8.333333333333332,1,2,1,2.7777777777777777
880,881,diag_2,428,36,2,5.555555555555555,1,1,1,2.7777777777777777
880,881,diag_3,250,36,4,11.11111111111111,1,3,1,2.7777777777777777
881,882,diag_1,428,36,6,16.666666666666664,1,5,1,2.7777777777777777
881,882,diag_2,428,36,4,11.11111111111111,1,3,1,2.7777777777777777
881,882,diag_3,250,36,8,22.22222222222222,1,7,1,2.7777777777777777
882,883,diag_1,428,36,4,11.11111111111111,1,3,1,2.7777777777777777
882,883,diag_2,428,36,4,11.11111111111111,1,3,1,2.7777777777777777
882,883,diag_3,250,36,1,2.7777777777777777,1,0,1,2.7777777777777777
883,884,diag_1,428,36,3,8.333333333333332,1,2,1,2.7777777777777777
883,884,diag_2,428,36,6,16.666666666666664,1,5,1,2.7777777777777777
883,884,diag_3,250,36,2,5.555555555555555,1,1,1,2.7777777777777777
884,885,diag_1,428,36,3,8.333333333333332,1,2,1,2.7777777777777777
884,885,diag_2,428,36,2,5.555555555555555,1,1,1,2.7777777777777777
884,885,diag_3,250,36,4,11.11111111111111,1,3,1,2.7777777777777777
885,886,diag_1,428,36,5,13.88888888888889,1,4,1,2.7777777777777777
885,886,diag_2,428,36,5,13.88888888888889,1,4,1,2.7777777777777777
885,886,diag_3,250,36,1,2.7777777777777777,1,0,1,2.7777777777777777
886,887,diag_1,428,36,3,8.333333333333332,1,2,1,2.7777777777777777
886,887,diag_2,428,36,1,2.7777777777777777,1,0,1,2.7777777777777777
886,887,diag_3,250,36,2,5.555555555555555,1,1,1,2.7777777777777777
887,888,diag_1,428,36,3,8.333333333333332,1,2,1,2.7777777777777777
887,888,diag_2,428,36,0,0.0,1,0,0,0.0
887,888,diag_3,250,36,2,5.555555555555555,1,1,1,2.7777777777777777
888,889,diag_1,428,36,4,11.11111111111111,1,3,1,2.7777777777777777
888,889,diag_2,428,36,1,2.7777777777777777,1,0,1,2.7777777777777777
888,889,diag_3,250,36,6,16.666666666666664,1,5,1,2.7777777777777777
889,890,diag_1,428,36,3,8.333333333333332,1,2,1,2.7777777777777777
889,890,diag_2,428,36,1,2.7777777777777777,1,0,1,2.7777777777777777
889,890,diag_3,250,36,3,8.333333333333332,1,2,1,2.7777777777777777
890,891,diag_1,428,36,3,8.333333333333332,1,2,1,2.7777777777777777
890,891,diag_2,428,36,4,11.11111111111111,1,3,1,2.7777777777777777
890,891,diag_3,250,36,1,2.7777777777777777,1,0,1,2.7777777777777777
891,892,diag_1,428,36,3,8.333333333333332,1,2,1,2.7777777777777777
891,892,diag_2,428,36,2,5.555555555555555,1,1,1,2.7777777777777777
891,892,diag_3,250,36,4,11.11111111111111,1,3,1,2.7777777777777777
892,893,diag_1,428,36,4,11.11111111111111,1,3,1,2.7777777777777777
892,893,diag_2,428,36,2,5.555555555555555,1,1,1,2.7777777777777777
892,893,diag_3,250,36,8,22.22222222222222,1,7,1,2.7777777777777777
893,894,diag_1,428,36,5,13.88888888888889,1,4,1,2.7777777777777777
893,894,diag_2,428,36,2,5.555555555555555,1,1,1,2.7777777777777777
893,894,diag_3,250,36,5,13.88888888888889,1,4,1,2.7777777777777777
894,895,diag_1,428,36,4,11.11111111111111,1,3,1,2.7777777777777777
894,895,diag_2,428,36,4,11.11111111111111,1,3,1,2.7777777777777777
894,895,diag_3,250,36,4,11.11111111111111,1,3,1,2.7777777777777777
895,896,diag_1,428,36,2,5.555555555555555,1,1,1,2.7777777777777777
895,896,diag_2,428,36,1,2.7777777777777777,1,0,1,2.7777777777777777
895,896,diag_3,250,36,6,16.666666666666664,1,5,1,2.7777777777777777
896,897,diag_1,428,36,5,13.88888888888889,1,4,1,2.7777777777777777
896,897,diag_2,428,36,5,13.88888888888889,1,4,1,2.7777777777777777
896,897,diag_3,250,36,6,16.666666666666664,1,5,1,2.7777777777777777
897,898,diag_1,428,36,3,8.333333333333332,1,2,1,2.7777777777777777
897,898,diag_2,428,36,3,8.333333333333332,1,2,1,2.7777777777777777
897,898,diag_3,250,36,3,8.333333333333332,1,2,1,2.7777777777777777
898,899,diag_1,428,36,3,8.333333333333332,1,2,1,2.7777777777777777
898,899,diag_2,428,36,3,8.333333333333332,1,2,1,2.7777777777777777
898,899,diag_3,250,36,5,13.88888888888889,1,4,1,2.7777777777777777
899,900,diag_1,428,36,3,8.333333333333332,1,2,1,2.7777777777777777
899,900,diag_2,428,36,6,16.666666666666664,1,5,1,2.7777777777777777
899,900,diag_3,250,36,2,5.555555555555555,1,1,1,2.7777777777777777
900,901,diag_1,428,36,2,5.555555555555555,1,1,1,2.7777777777777777
900,901,diag_2,428,36,5,13.88888888888889,1,4,1,2.7777777777777777
900,901,diag_3,250,36,5,13.88888888888889,1,4,1,2.7777777777777777
901,902,diag_1,428,36,3,8.333333333333332,1,2,1,2.7777777777777777
901,902,diag_2,428,36,0,0.0,1,0,0,0.0
901,902,diag_3,250,36,3,8.333333333333332,1,2,1,2.7777777777777777
902,903,diag_1,428,36,1,2.7777777777777777,1,0,1,2.7777777777777777
902,903,diag_2,428,36,0,0.0,1,0,0,0.0
902,903,diag_3,250,36,5,13.88888888888889,1,4,1,2.7777777777777777
903,904,diag_1,428,36,2,5.555555555555555,1,1,1,2.7777777777777777
903,904,diag_2,428,36,2,5.555555555555555,1,1,1,2.7777777777777777
903,904,diag_3,250,36,2,5.555555555555555,1,1,1,2.7777777777777777
904,905,diag_1,428,36,2,5.555555555555555,1,1,1,2.7777777777777777
904,905,diag_2,428,36,2,5.555555555555555,1,1,1,2.7777777777777777
904,905,diag_3,250,36,6,16.666666666666664,1,5,1,2.7777777777777777
905,906,diag_1,428,36,3,8.333333333333332,1,2,1,2.7777777777777777
905,906,diag_2,428,36,3,8.333333333333332,1,2,1,2.7777777777777777
905,906,diag_3,250,36,4,11.11111111111111,1,3,1,2.7777777777777777
906,907,diag_1,428,36,4,11.11111111111111,1,3,1,2.7777777777777777
906,907,diag_2,428,36,6,16.666666666666664,1,5,1,2.7777777777777777
906,907,diag_3,250,36,3,8.333333333333332,1,2,1,2.7777777777777777
907,908,diag_1,428,36,0,0.0,1,0,0,0.0
907,908,diag_2,428,36,4,11.11111111111111,1,3,1,2.7777777777777777
907,908,diag_3,250,36,4,11.11111111111111,1,3,1,2.7777777777777777
908,909,diag_1,428,36,0,0.0,1,0,0,0.0
908,909,diag_2,428,36,3,8.333333333333332,1,2,1,2.7777777777777777
908,909,diag_3,250,36,6,16.666666666666664,1,5,1,2.7777777777777777
909,910,diag_1,428,36,2,5.555555555555555,1,1,1,2.7777777777777777
909,910,diag_2,428,36,4,11.11111111111111,1,3,1,2.7777777777777777
909,910,diag_3,250,36,2,5.555555555555555,1,1,1,2.7777777777777777
910,911,diag_1,428,36,1,2.7777777777777777,1,0,1,2.7777777777777777
910,911,diag_2,428,36,3,8.333333333333332,1,2,1,2.7777777777777777
910,911,diag_3,250,36,3,8.333333333333332,1,2,1,2.7777777777777777
911,912,diag_1,428,36,2,5.555555555555555,1,1,1,2.7777777777777777
911,912,diag_2,428,36,2,5.555555555555555,1,1,1,2.7777777777777777
911,912,diag_3,250,36,3,8.333333333333332,1,2,1,2.7777777777777777
912,913,diag_1,428,36,1,2.7777777777777777,1,0,1,2.7777777777777777
912,913,diag_2,428,36,3,8.333333333333332,1,2,1,2.7777777777777777
912,913,diag_3,250,36,4,11.11111111111111,1,3,1,2.7777777777777777
913,914,diag_1,428,36,2,5.555555555555555,1,1,1,2.7777777777777777
913,914,diag_2,428,36,0,0.0,1,0,0,0.0
913,914,diag_3,250,36,7,19.444444444444446,1,6,1,2.7777777777777777
914,915,diag_1,428,36,2,5.555555555555555,1,1,1,2.7777777777777777
914,915,diag_2,428,36,0,0.0,1,0,0,0.0
914,915,diag_3,250,36,5,13.88888888888889,1,4,1,2.7777777777777777
915,916,diag_1,428,36,2,5.555555555555555,1,1,1,2.7777777777777777
915,916,diag_2,428,36,4,11.11111111111111,1,3,1,2.7777777777777777
915,916,diag_3,250,36,3,8.333333333333332,1,2,1,2.7777777777777777
916,917,diag_1,428,36,0,0.0,1,0,0,0.0
916,917,diag_2,428,36,5,13.88888888888889,1,4,1,2.7777777777777777
916,917,diag_3,250,36,3,8.333333333333332,1,2,1,2.7777777777777777
917,918,diag_1,428,36,4,11.11111111111111,1,3,1,2.7777777777777777
917,918,diag_2,428,36,9,25.0,1,8,1,2.7777777777777777
917,918,diag_3,250,36,5,13.88888888888889,1,4,1,2.7777777777777777
918,919,diag_1,428,36,4,11.11111111111111,1,3,1,2.7777777777777777
918,919,diag_2,428,36,0,0.0,1,0,0,0.0
918,919,diag_3,250,36,3,8.333333333333332,1,2,1,2.7777777777777777
919,920,diag_1,428,36,6,16.666666666666664,1,5,1,2.7777777777777777
919,920,diag_2,428,36,2,5.555555555555555,1,1,1,2.7777777777777777
919,920,diag_3,250,36,1,2.7777777777777777,1,0,1,2.7777777777777777
920,921,diag_1,428,36,4,11.11111111111111,1,3,1,2.7777777777777777
920,921,diag_2,428,36,1,2.7777777777777777,1,0,1,2.7777777777777777
920,921,diag_3,250,36,7,19.444444444444446,1,6,1,2.7777777777777777
921,922,diag_1,428,36,3,8.333333333333332,1,2,1,2.7777777777777777
921,922,diag_2,428,36,1,2.7777777777777777,1,0,1,2.7777777777777777
921,922,diag_3,250,36,2,5.555555555555555,1,1,1,2.7777777777777777
922,923,diag_1,428,36,8,22.22222222222222,1,7,1,2.7777777777777777
922,923,diag_2,428,36,2,5.555555555555555,1,1,1,2.7777777777777777
922,923,diag_3,250,36,2,5.555555555555555,1,1,1,2.7777777777777777
923,924,diag_1,428,36,2,5.555555555555555,1,1,1,2.7777777777777777
923,924,diag_2,428,36,4,11.11111111111111,1,3,1,2.7777777777777777
923,924,diag_3,250,36,5,13.88888888888889,1,4,1,2.7777777777777777
924,925,diag_1,428,36,3,8.333333333333332,1,2,1,2.7777777777777777
924,925,diag_2,428,36,4,11.11111111111111,1,3,1,2.7777777777777777
924,925,diag_3,250,36,6,16.666666666666664,1,5,1,2.7777777777777777
925,926,diag_1,428,36,3,8.333333333333332,1,2,1,2.7777777777777777
925,926,diag_2,428,36,2,5.555555555555555,1,1,1,2.7777777777777777
925,926,diag_3,250,36,1,2.7777777777777777,1,0,1,2.7777777777777777
926,927,diag_1,428,36,3,8.333333333333332,1,2,1,2.7777777777777777
926,927,diag_2,428,36,3,8.333333333333332,1,2,1,2.7777777777777777
926,927,diag_3,250,36,8,22.22222222222222,1,7,1,2.7777777777777777
927,928,diag_1,428,36,2,5.555555555555555,1,1,1,2.7777777777777777
927,928,diag_2,428,36,1,2.7777777777777777,1,0,1,2.7777777777777777
927,928,diag_3,250,36,8,22.22222222222222,1,7,1,2.7777777777777777
928,929,diag_1,428,36,4,11.11111111111111,1,3,1,2.7777777777777777
928,929,diag_2,428,36,1,2.7777777777777777,1,0,1,2.7777777777777777
928,929,diag_3,250,36,5,13.88888888888889,1,4,1,2.7777777777777777
929,930,diag_1,428,36,1,2.7777777777777777,1,0,1,2.7777777777777777
929,930,diag_2,428,36,3,8.333333333333332,1,2,1,2.7777777777777777
929,930,diag_3,250,36,1,2.7777777777777777,1,0,1,2.7777777777777777
930,931,diag_1,428,36,2,5.555555555555555,1,1,1,2.7777777777777777
930,931,diag_2,428,36,2,5.555555555555555,1,1,1,2.7777777777777777
930,931,diag_3,250,36,3,8.333333333333332,1,2,1,2.7777777777777777
931,932,diag_1,428,36,3,8.333333333333332,1,2,1,2.7777777777777777
931,932,diag_2,428,36,4,11.11111111111111,1,3,1,2.7777777777777777
931,932,diag_3,250,36,2,5.555555555555555,1,1,1,2.7777777777777777
932,933,diag_1,428,36,4,11.11111111111111,1,3,1,2.7777777777777777
932,933,diag_2,428,36,2,5.555555555555555,1,1,1,2.7777777777777777
932,933,diag_3,250,36,10,27.77777777777778,1,9,1,2.7777777777777777
933,934,diag_1,428,36,3,8.333333333333332,1,2,1,2.7777777777777777
933,934,diag_2,428,36,1,2.7777777777777777,1,0,1,2.7777777777777777
933,934,diag_3,250,36,5,13.88888888888889,1,4,1,2.7777777777777777
934,935,diag_1,428,36,4,11.11111111111111,1,3,1,2.7777777777777777
934,935,diag_2,428,36,4,11.11111111111111,1,3,1,2.7777777777777777
934,935,diag_3,250,36,6,16.666666666666664,1,5,1,2.7777777777777777
935,936,diag_1,428,36,2,5.555555555555555,1,1,1,2.7777777777777777
935,936,diag_2,428,36,3,8.333333333333332,1,2,1,2.7777777777777777
935,936,diag_3,250,36,4,11.11111111111111,1,3,1,2.7777777777777777
936,937,diag_1,428,36,4,11.11111111111111,1,3,1,2.7777777777777777
936,937,diag_2,428,36,4,11.11111111111111,1,3,1,2.7777777777777777
936,937,diag_3,250,36,3,8.333333333333332,1,2,1,2.7777777777777777
937,938,diag_1,428,36,1,2.7777777777777777,1,0,1,2.7777777777777777
937,938,diag_2,428,36,2,5.555555555555555,1,1,1,2.7777777777777777
937,938,diag_3,250,36,2,5.555555555555555,1,1,1,2.7777777777777777
938,939,diag_1,428,36,1,2.7777777777777777,1,0,1,2.7777777777777777
938,939,diag_2,428,36,3,8.333333333333332,1,2,1,2.7777777777777777
938,939,diag_3,250,36,2,5.555555555555555,1,1,1,2.7777777777777777
939,940,diag_1,428,36,3,8.333333333333332,1,2,1,2.7777777777777777
939,940,diag_2,428,36,6,16.666666666666664,1,5,1,2.7777777777777777
939,940,diag_3,250,36,3,8.333333333333332,1,2,1,2.7777777777777777
940,941,diag_1,428,36,4,11.11111111111111,1,3,1,2.7777777777777777
940,941,diag_2,428,36,0,0.0,1,0,0,0.0
940,941,diag_3,250,36,7,19.444444444444446,1,6,1,2.7777777777777777
941,942,diag_1,428,36,2,5.555555555555555,1,1,1,2.7777777777777777
941,942,diag_2,428,36,2,5.555555555555555,1,1,1,2.7777777777777777
941,942,diag_3,250,36,6,16.666666666666664,1,5,1,2.7777777777777777
942,943,diag_1,428,36,1,2.7777777777777777,1,0,1,2.7777777777777777
942,943,diag_2,428,36,1,2.7777777777777777,1,0,1,2.7777777777777777
942,943,diag_3,250,36,4,11.11111111111111,1,3,1,2.7777777777777777
943,944,diag_1,428,36,3,8.333333333333332,1,2,1,2.7777777777777777
943,944,diag_2,428,36,2,5.555555555555555,1,1,1,2.7777777777777777
943,944,diag_3,250,36,1,2.7777777777777777,1,0,1,2.7777777777777777
944,945,diag_1,428,36,1,2.7777777777777777,1,0,1,2.7777777777777777
944,945,diag_2,428,36,4,11.11111111111111,1,3,1,2.7777777777777777
944,945,diag_3,250,36,8,22.22222222222222,1,7,1,2.7777777777777777
945,946,diag_1,428,36,1,2.7777777777777777,1,0,1,2.7777777777777777
945,946,diag_2,428,36,6,16.666666666666664,1,5,1,2.7777777777777777
945,946,diag_3,250,36,6,16.666666666666664,1,5,1,2.7777777777777777
946,947,diag_1,428,36,0,0.0,1,0,0,0.0
946,947,diag_2,428,36,3,8.333333333333332,1,2,1,2.7777777777777777
946,947,diag_3,250,36,3,8.333333333333332,1,2,1,2.7777777777777777
947,948,diag_1,428,36,2,5.555555555555555,1,1,1,2.7777777777777777
947,948,diag_2,428,36,2,5.555555555555555,1,1,1,2.7777777777777777
947,948,diag_3,250,36,4,11.11111111111111,1,3,1,2.7777777777777777
948,949,diag_1,428,36,2,5.555555555555555,1,1,1,2.7777777777777777
948,949,diag_2,428,36,1,2.7777777777777777,1,0,1,2.7777777777777777
948,949,diag_3,250,36,1,2.7777777777777777,1,0,1,2.7777777777777777
949,950,diag_1,428,36,0,0.0,1,0,0,0.0
949,950,diag_2,428,36,3,8.333333333333332,1,2,1,2.7777777777777777
949,950,diag_3,250,36,1,2.7777777777777777,1,0,1,2.7777777777777777
950,951,diag_1,428,36,3,8.333333333333332,1,2,1,2.7777777777777777
950,951,diag_2,428,36,4,11.11111111111111,1,3,1,2.7777777777777777
950,951,diag_3,250,36,3,8.333333333333332,1,2,1,2.7777777777777777
951,952,diag_1,428,36,2,5.555555555555555,1,1,1,2.7777777777777777
951,952,diag_2,428,36,4,11.11111111111111,1,3,1,2.7777777777777777
951,952,diag_3,250,36,2,5.555555555555555,1,1,1,2.7777777777777777
952,953,diag_1,428,36,0,0.0,1,0,0,0.0
952,953,diag_2,428,36,4,11.11111111111111,1,3,1,2.7777777777777777
952,953,diag_3,250,36,1,2.7777777777777777,1,0,1,2.7777777777777777
953,954,diag_1,428,36,2,5.555555555555555,1,1,1,2.7777777777777777
953,954,diag_2,428,36,2,5.555555555555555,1,1,1,2.7777777777777777
953,954,diag_3,250,36,3,8.333333333333332,1,2,1,2.7777777777777777
954,955,diag_1,428,36,2,5.555555555555555,1,1,1,2.7777777777777777
954,955,diag_2,428,36,3,8.333333333333332,1,2,1,2.7777777777777777
954,955,diag_3,250,36,5,13.88888888888889,1,4,1,2.7777777777777777
955,956,diag_1,428,36,3,8.333333333333332,1,2,1,2.7777777777777777
955,956,diag_2,428,36,1,2.7777777777777777,1,0,1,2.7777777777777777
955,956,diag_3,250,36,4,11.11111111111111,1,3,1,2.7777777777777777
956,957,diag_1,428,36,3,8.333333333333332,1,2,1,2.7777777777777777
956,957,diag_2,428,36,1,2.7777777777777777,1,0,1,2.7777777777777777
956,957,diag_3,250,36,4,11.11111111111111,1,3,1,2.7777777777777777
957,958,diag_1,428,36,2,5.555555555555555,1,1,1,2.7777777777777777
957,958,diag_2,428,36,0,0.0,1,0,0,0.0
957,958,diag_3,250,36,4,11.11111111111111,1,3,1,2.7777777777777777
958,959,diag_1,428,36,5,13.88888888888889,1,4,1,2.7777777777777777
958,959,diag_2,428,36,3,8.333333333333332,1,2,1,2.7777777777777777
958,959,diag_3,250,36,5,13.88888888888889,1,4,1,2.7777777777777777
959,960,diag_1,428,36,3,8.333333333333332,1,2,1,2.7777777777777777
959,960,diag_2,428,36,3,8.333333333333332,1,2,1,2.7777777777777777
959,960,diag_3,250,36,2,5.555555555555555,1,1,1,2.7777777777777777
960,961,diag_1,428,36,3,8.333333333333332,1,2,1,2.7777777777777777
960,961,diag_2,428,36,0,0.0,1,0,0,0.0
960,961,diag_3,250,36,3,8.333333333333332,1,2,1,2.7777777777777777
961,962,diag_1,428,36,3,8.333333333333332,1,2,1,2.7777777777777777
961,962,diag_2,428,36,4,11.11111111111111,1,3,1,2.7777777777777777
961,962,diag_3,250,36,5,13.88888888888889,1,4,1,2.7777777777777777
962,963,diag_1,428,36,2,5.555555555555555,1,1,1,2.7777777777777777
962,963,diag_2,428,36,3,8.333333333333332,1,2,1,2.7777777777777777
962,963,diag_3,250,36,2,5.555555555555555,1,1,1,2.7777777777777777
963,964,diag_1,428,36,4,11.11111111111111,1,3,1,2.7777777777777777
963,964,diag_2,428,36,2,5.555555555555555,1,1,1,2.7777777777777777
963,964,diag_3,250,36,3,8.333333333333332,1,2,1,2.7777777777777777
964,965,diag_1,428,36,1,2.7777777777777777,1,0,1,2.7777777777777777
964,965,diag_2,428,36,5,13.88888888888889,1,4,1,2.7777777777777777
964,965,diag_3,250,36,6,16.666666666666664,1,5,1,2.7777777777777777
965,966,diag_1,428,36,1,2.7777777777777777,1,0,1,2.7777777777777777
965,966,diag_2,428,36,1,2.7777777777777777,1,0,1,2.7777777777777777
965,966,diag_3,250,36,5,13.88888888888889,1,4,1,2.7777777777777777
966,967,diag_1,428,36,2,5.555555555555555,1,1,1,2.7777777777777777
966,967,diag_2,428,36,1,2.7777777777777777,1,0,1,2.7777777777777777
966,967,diag_3,250,36,6,16.666666666666664,1,5,1,2.7777777777777777
967,968,diag_1,428,36,0,0.0,1,0,0,0.0
967,968,diag_2,428,36,2,5.555555555555555,1,1,1,2.7777777777777777
967,968,diag_3,250,36,4,11.11111111111111,1,3,1,2.7777777777777777
968,969,diag_1,428,36,3,8.333333333333332,1,2,1,2.7777777777777777
968,969,diag_2,428,36,3,8.333333333333332,1,2,1,2.7777777777777777
968,969,diag_3,250,36,2,5.555555555555555,1,1,1,2.7777777777777777
969,970,diag_1,428,36,4,11.11111111111111,1,3,1,2.7777777777777777
969,970,diag_2,428,36,4,11.11111111111111,1,3,1,2.7777777777777777
969,970,diag_3,250,36,2,5.555555555555555,1,1,1,2.7777777777777777
970,971,diag_1,428,36,2,5.555555555555555,1,1,1,2.7777777777777777
970,971,diag_2,428,36,5,13.88888888888889,1,4,1,2.7777777777777777
970,971,diag_3,250,36,4,11.11111111111111,1,3,1,2.7777777777777777
971,972,diag_1,428,36,2,5.555555555555555,1,1,1,2.7777777777777777
971,972,diag_2,428,36,3,8.333333333333332,1,2,1,2.7777777777777777
971,972,diag_3,250,36,5,13.88888888888889,1,4,1,2.7777777777777777
972,973,diag_1,428,36,4,11.11111111111111,1,3,1,2.7777777777777777
972,973,diag_2,428,36,6,16.666666666666664,1,5,1,2.7777777777777777
972,973,diag_3,250,36,4,11.11111111111111,1,3,1,2.7777777777777777
973,974,diag_1,428,36,6,16.666666666666664,1,5,1,2.7777777777777777
973,974,diag_2,428,36,2,5.555555555555555,1,1,1,2.7777777777777777
973,974,diag_3,250,36,4,11.11111111111111,1,3,1,2.7777777777777777
974,975,diag_1,428,36,1,2.7777777777777777,1,0,1,2.7777777777777777
974,975,diag_2,428,36,3,8.333333333333332,1,2,1,2.7777777777777777
974,975,diag_3,250,36,5,13.88888888888889,1,4,1,2.7777777777777777
975,976,diag_1,428,36,2,5.555555555555555,1,1,1,2.7777777777777777
975,976,diag_2,428,36,3,8.333333333333332,1,2,1,2.7777777777777777
975,976,diag_3,250,36,0,0.0,1,0,0,0.0
976,977,diag_1,428,36,1,2.7777777777777777,1,0,1,2.7777777777777777
976,977,diag_2,428,36,4,11.11111111111111,1,3,1,2.7777777777777777
976,977,diag_3,250,36,1,2.7777777777777777,1,0,1,2.7777777777777777
977,978,diag_1,428,36,5,13.88888888888889,1,4,1,2.7777777777777777
977,978,diag_2,428,36,3,8.333333333333332,1,2,1,2.7777777777777777
977,978,diag_3,250,36,3,8.333333333333332,1,2,1,2.7777777777777777
978,979,diag_1,428,36,3,8.333333333333332,1,2,1,2.7777777777777777
978,979,diag_2,428,36,2,5.555555555555555,1,1,1,2.7777777777777777
978,979,diag_3,250,36,10,27.77777777777778,1,9,1,2.7777777777777777
979,980,diag_1,428,36,2,5.555555555555555,1,1,1,2.7777777777777777
979,980,diag_2,428,36,2,5.555555555555555,1,1,1,2.7777777777777777
979,980,diag_3,250,36,3,8.333333333333332,1,2,1,2.7777777777777777
980,981,diag_1,428,36,7,19.444444444444446,1,6,1,2.7777777777777777
980,981,diag_2,428,36,1,2.7777777777777777,1,0,1,2.7777777777777777
980,981,diag_3,250,36,6,16.666666666666664,1,5,1,2.7777777777777777
981,982,diag_1,428,36,4,11.11111111111111,1,3,1,2.7777777777777777
981,982,diag_2,428,36,1,2.7777777777777777,1,0,1,2.7777777777777777
981,982,diag_3,250,36,5,13.88888888888889,1,4,1,2.7777777777777777
982,983,diag_1,428,36,1,2.7777777777777777,1,0,1,2.7777777777777777
982,983,diag_2,428,36,2,5.555555555555555,1,1,1,2.7777777777777777
982,983,diag_3,250,36,1,2.7777777777777777,1,0,1,2.7777777777777777
983,984,diag_1,428,36,3,8.333333333333332,1,2,1,2.7777777777777777
983,984,diag_2,428,36,3,8.333333333333332,1,2,1,2.7777777777777777
983,984,diag_3,250,36,4,11.11111111111111,1,3,1,2.7777777777777777
984,985,diag_1,428,36,3,8.333333333333332,1,2,1,2.7777777777777777
984,985,diag_2,428,36,2,5.555555555555555,1,1,1,2.7777777777777777
984,985,diag_3,250,36,2,5.555555555555555,1,1,1,2.7777777777777777
985,986,diag_1,428,36,5,13.88888888888889,1,4,1,2.7777777777777777
985,986,diag_2,428,36,1,2.7777777777777777,1,0,1,2.7777777777777777
985,986,diag_3,250,36,5,13.88888888888889,1,4,1,2.7777777777777777
986,987,diag_1,428,36,2,5.555555555555555,1,1,1,2.7777777777777777
986,987,diag_2,428,36,5,13.88888888888889,1,4,1,2.7777777777777777
986,987,diag_3,250,36,6,16.666666666666664,1,5,1,2.7777777777777777
987,988,diag_1,428,36,4,11.11111111111111,1,3,1,2.7777777777777777
987,988,diag_2,428,36,1,2.7777777777777777,1,0,1,2.7777777777777777
987,988,diag_3,250,36,6,16.666666666666664,1,5,1,2.7777777777777777
988,989,diag_1,428,36,2,5.555555555555555,1,1,1,2.7777777777777777
988,989,diag_2,428,36,3,8.333333333333332,1,2,1,2.7777777777777777
988,989,diag_3,250,36,4,11.11111111111111,1,3,1,2.7777777777777777
989,990,diag_1,428,36,3,8.333333333333332,1,2,1,2.7777777777777777
989,990,diag_2,428,36,2,5.555555555555555,1,1,1,2.7777777777777777
989,990,diag_3,250,36,5,13.88888888888889,1,4,1,2.7777777777777777
990,991,diag_1,428,36,0,0.0,1,0,0,0.0
990,991,diag_2,428,36,3,8.333333333333332,1,2,1,2.7777777777777777
990,991,diag_3,250,36,10,27.77777777777778,1,9,1,2.7777777777777777
991,992,diag_1,428,36,3,8.333333333333332,1,2,1,2.7777777777777777
991,992,diag_2,428,36,4,11.11111111111111,1,3,1,2.7777777777777777
991,992,diag_3,250,36,7,19.444444444444446,1,6,1,2.7777777777777777
992,993,diag_1,428,36,1,2.7777777777777777,1,0,1,2.7777777777777777
992,993,diag_2,428,36,0,0.0,1,0,0,0.0
992,993,diag_3,250,36,4,11.11111111111111,1,3,1,2.7777777777777777
993,994,diag_1,428,36,4,11.11111111111111,1,3,1,2.7777777777777777
993,994,diag_2,428,36,2,5.555555555555555,1,1,1,2.7777777777777777
993,994,diag_3,250,36,6,16.666666666666664,1,5,1,2.7777777777777777
994,995,diag_1,428,36,0,0.0,1,0,0,0.0
994,995,diag_2,428,36,2,5.555555555555555,1,1,1,2.7777777777777777
994,995,diag_3,250,36,6,16.666666666666664,1,5,1,2.7777777777777777
995,996,diag_1,428,36,3,8.333333333333332,1,2,1,2.7777777777777777
995,996,diag_2,428,36,4,11.11111111111111,1,3,1,2.7777777777777777
995,996,diag_3,250,36,4,11.11111111111111,1,3,1,2.7777777777777777
996,997,diag_1,428,36,3,8.333333333333332,1,2,1,2.7777777777777777
996,997,diag_2,428,36,2,5.555555555555555,1,1,1,2.7777777777777777
996,997,diag_3,250,36,4,11.11111111111111,1,3,1,2.7777777777777777
997,998,diag_1,428,36,3,8.333333333333332,1,2,1,2.7777777777777777
997,998,diag_2,428,36,2,5.555555555555555,1,1,1,2.7777777777777777
997,998,diag_3,250,36,2,5.555555555555555,1,1,1,2.7777777777777777
998,999,diag_1,428,36,1,2.7777777777777777,1,0,1,2.7777777777777777
998,999,diag_2,428,36,3,8.333333333333332,1,2,1,2.7777777777777777
998,999,diag_3,250,36,7,19.444444444444446,1,6,1,2.7777777777777777
999,1000,diag_1,428,36,2,5.555555555555555,1,1,1,2.7777777777777777
999,1000,diag_2,428,36,2,5.555555555555555,1,1,1,2.7777777777777777
999,1000,diag_3,250,36,7,19.444444444444446,1,6,1,2.7777777777777777
1000,1001,diag_1,428,36,1,2.7777777777777777,1,0,1,2.7777777777777777
1000,1001,diag_2,428,36,2,5.555555555555555,1,1,1,2.7777777777777777
1000,1001,diag_3,250,36,5,13.88888888888889,1,4,1,2.7777777777777777
1001,1002,diag_1,428,36,2,5.555555555555555,1,1,1,2.7777777777777777
1001,1002,diag_2,428,36,4,11.11111111111111,1,3,1,2.7777777777777777
1001,1002,diag_3,250,36,4,11.11111111111111,1,3,1,2.7777777777777777
1002,1003,diag_1,428,36,4,11.11111111111111,1,3,1,2.7777777777777777
1002,1003,diag_2,428,36,2,5.555555555555555,1,1,1,2.7777777777777777
1002,1003,diag_3,250,36,0,0.0,1,0,0,0.0
1003,1004,diag_1,428,36,5,13.88888888888889,1,4,1,2.7777777777777777
1003,1004,diag_2,428,36,3,8.333333333333332,1,2,1,2.7777777777777777
1003,1004,diag_3,250,36,4,11.11111111111111,1,3,1,2.7777777777777777
1004,1005,diag_1,428,36,2,5.555555555555555,1,1,1,2.7777777777777777
1004,1005,diag_2,428,36,2,5.555555555555555,1,1,1,2.7777777777777777
1004,1005,diag_3,250,36,4,11.11111111111111,1,3,1,2.7777777777777777
1005,1006,diag_1,428,36,1,2.7777777777777777,1,0,1,2.7777777777777777
1005,1006,diag_2,428,36,3,8.333333333333332,1,2,1,2.7777777777777777
1005,1006,diag_3,250,36,4,11.11111111111111,1,3,1,2.7777777777777777
1006,1007,diag_1,428,36,1,2.7777777777777777,1,0,1,2.7777777777777777
1006,1007,diag_2,428,36,2,5.555555555555555,1,1,1,2.7777777777777777
1006,1007,diag_3,250,36,5,13.88888888888889,1,4,1,2.7777777777777777
1007,1008,diag_1,428,36,2,5.555555555555555,1,1,1,2.7777777777777777
1007,1008,diag_2,428,36,5,13.88888888888889,1,4,1,2.7777777777777777
1007,1008,diag_3,250,36,4,11.11111111111111,1,3,1,2.7777777777777777
1008,1009,diag_1,428,36,3,8.333333333333332,1,2,1,2.7777777777777777
1008,1009,diag_2,428,36,5,13.88888888888889,1,4,1,2.7777777777777777
1008,1009,diag_3,250,36,4,11.11111111111111,1,3,1,2.7777777777777777
1009,1010,diag_1,428,36,3,8.333333333333332,1,2,1,2.7777777777777777
1009,1010,diag_2,428,36,2,5.555555555555555,1,1,1,2.7777777777777777
1009,1010,diag_3,250,36,4,11.11111111111111,1,3,1,2.7777777777777777
1010,1011,diag_1,428,36,0,0.0,1,0,0,0.0
1010,1011,diag_2,428,36,4,11.11111111111111,1,3,1,2.7777777777777777
1010,1011,diag_3,250,36,3,8.333333333333332,1,2,1,2.7777777777777777
1011,1012,diag_1,428,36,4,11.11111111111111,1,3,1,2.7777777777777777
1011,1012,diag_2,428,36,5,13.88888888888889,1,4,1,2.7777777777777777
1011,1012,diag_3,250,36,4,11.11111111111111,1,3,1,2.7777777777777777
1012,1013,diag_1,428,36,3,8.333333333333332,1,2,1,2.7777777777777777
1012,1013,diag_2,428,36,1,2.7777777777777777,1,0,1,2.7777777777777777
1012,1013,diag_3,250,36,7,19.444444444444446,1,6,1,2.7777777777777777
1013,1014,diag_1,428,36,2,5.555555555555555,1,1,1,2.7777777777777777
1013,1014,diag_2,428,36,4,11.11111111111111,1,3,1,2.7777777777777777
1013,1014,diag_3,250,36,7,19.444444444444446,1,6,1,2.7777777777777777
1014,1015,diag_1,428,36,3,8.333333333333332,1,2,1,2.7777777777777777
1014,1015,diag_2,428,36,1,2.7777777777777777,1,0,1,2.7777777777777777
1014,1015,diag_3,250,36,5,13.88888888888889,1,4,1,2.7777777777777777
1015,1016,diag_1,428,36,4,11.11111111111111,1,3,1,2.7777777777777777
1015,1016,diag_2,428,36,3,8.333333333333332,1,2,1,2.7777777777777777
1015,1016,diag_3,250,36,5,13.88888888888889,1,4,1,2.7777777777777777
1016,1017,diag_1,428,36,0,0.0,1,0,0,0.0
1016,1017,diag_2,428,36,4,11.11111111111111,1,3,1,2.7777777777777777
1016,1017,diag_3,250,36,4,11.11111111111111,1,3,1,2.7777777777777777
1017,1018,diag_1,428,36,3,8.333333333333332,1,2,1,2.7777777777777777
1017,1018,diag_2,428,36,6,16.666666666666664,1,5,1,2.7777777777777777
1017,1018,diag_3,250,36,2,5.555555555555555,1,1,1,2.7777777777777777
1018,1019,diag_1,428,36,2,5.555555555555555,1,1,1,2.7777777777777777
1018,1019,diag_2,428,36,1,2.7777777777777777,1,0,1,2.7777777777777777
1018,1019,diag_3,250,36,7,19.444444444444446,1,6,1,2.7777777777777777
1019,1020,diag_1,428,36,3,8.333333333333332,1,2,1,2.7777777777777777
1019,1020,diag_2,428,36,5,13.88888888888889,1,4,1,2.7777777777777777
1019,1020,diag_3,250,36,3,8.333333333333332,1,2,1,2.7777777777777777
1020,1021,diag_1,428,36,3,8.333333333333332,1,2,1,2.7777777777777777
1020,1021,diag_2,428,36,4,11.11111111111111,1,3,1,2.7777777777777777
1020,1021,diag_3,250,36,6,16.666666666666664,1,5,1,2.7777777777777777
1021,1022,diag_1,428,36,4,11.11111111111111,1,3,1,2.7777777777777777
1021,1022,diag_2,428,36,4,11.11111111111111,1,3,1,2.7777777777777777
1021,1022,diag_3,250,36,4,11.11111111111111,1,3,1,2.7777777777777777
1022,1023,diag_1,428,36,2,5.555555555555555,1,1,1,2.7777777777777777
1022,1023,diag_2,428,36,2,5.555555555555555,1,1,1,2.7777777777777777
1022,1023,diag_3,250,36,2,5.555555555555555,1,1,1,2.7777777777777777
1023,1024,diag_1,428,36,1,2.7777777777777777,1,0,1,2.7777777777777777
1023,1024,diag_2,428,36,1,2.7777777777777777,1,0,1,2.7777777777777777
1023,1024,diag_3,250,36,6,16.666666666666664,1,5,1,2.7777777777777777
1024,1025,diag_1,428,36,4,11.11111111111111,1,3,1,2.7777777777777777
1024,1025,diag_2,428,36,3,8.333333333333332,1,2,1,2.7777777777777777
1024,1025,diag_3,250,36,9,25.0,1,8,1,2.7777777777777777
1025,1026,diag_1,428,36,2,5.555555555555555,1,1,1,2.7777777777777777
1025,1026,diag_2,428,36,0,0.0,1,0,0,0.0
1025,1026,diag_3,250,36,5,13.88888888888889,1,4,1,2.7777777777777777
1026,1027,diag_1,428,36,1,2.7777777777777777,1,0,1,2.7777777777777777
1026,1027,diag_2,428,36,1,2.7777777777777777,1,0,1,2.7777777777777777
1026,1027,diag_3,250,36,3,8.333333333333332,1,2,1,2.7777777777777777
1027,1028,diag_1,428,36,1,2.7777777777777777,1,0,1,2.7777777777777777
1027,1028,diag_2,428,36,1,2.7777777777777777,1,0,1,2.7777777777777777
1027,1028,diag_3,250,36,2,5.555555555555555,1,1,1,2.7777777777777777
1028,1029,diag_1,428,36,2,5.555555555555555,1,1,1,2.7777777777777777
1028,1029,diag_2,428,36,2,5.555555555555555,1,1,1,2.7777777777777777
1028,1029,diag_3,250,36,3,8.333333333333332,1,2,1,2.7777777777777777
1029,1030,diag_1,428,36,1,2.7777777777777777,1,0,1,2.7777777777777777
1029,1030,diag_2,428,36,1,2.7777777777777777,1,0,1,2.7777777777777777
1029,1030,diag_3,250,36,5,13.88888888888889,1,4,1,2.7777777777777777
1030,1031,diag_1,428,36,3,8.333333333333332,1,2,1,2.7777777777777777
1030,1031,diag_2,428,36,4,11.11111111111111,1,3,1,2.7777777777777777
1030,1031,diag_3,250,36,4,11.11111111111111,1,3,1,2.7777777777777777
1031,1032,diag_1,428,36,2,5.555555555555555,1,1,1,2.7777777777777777
1031,1032,diag_2,428,36,2,5.555555555555555,1,1,1,2.7777777777777777
1031,1032,diag_3,250,36,5,13.88888888888889,1,4,1,2.7777777777777777
1032,1033,diag_1,428,36,5,13.88888888888889,1,4,1,2.7777777777777777
1032,1033,diag_2,428,36,4,11.11111111111111,1,3,1,2.7777777777777777
1032,1033,diag_3,250,36,1,2.7777777777777777,1,0,1,2.7777777777777777
1033,1034,diag_1,428,36,5,13.88888888888889,1,4,1,2.7777777777777777
1033,1034,diag_2,428,36,5,13.88888888888889,1,4,1,2.7777777777777777
1033,1034,diag_3,250,36,5,13.88888888888889,1,4,1,2.7777777777777777
1034,1035,diag_1,428,36,3,8.333333333333332,1,2,1,2.7777777777777777
1034,1035,diag_2,428,36,3,8.333333333333332,1,2,1,2.7777777777777777
1034,1035,diag_3,250,36,6,16.666666666666664,1,5,1,2.7777777777777777
1035,1036,diag_1,428,36,2,5.555555555555555,1,1,1,2.7777777777777777
1035,1036,diag_2,428,36,3,8.333333333333332,1,2,1,2.7777777777777777
1035,1036,diag_3,250,36,4,11.11111111111111,1,3,1,2.7777777777777777
1036,1037,diag_1,428,36,5,13.88888888888889,1,4,1,2.7777777777777777
1036,1037,diag_2,428,36,2,5.555555555555555,1,1,1,2.7777777777777777
1036,1037,diag_3,250,36,4,11.11111111111111,1,3,1,2.7777777777777777
1037,1038,diag_1,428,36,6,16.666666666666664,1,5,1,2.7777777777777777
1037,1038,diag_2,428,36,3,8.333333333333332,1,2,1,2.7777777777777777
1037,1038,diag_3,250,36,3,8.333333333333332,1,2,1,2.7777777777777777
1038,1039,diag_1,428,36,1,2.7777777777777777,1,0,1,2.7777777777777777
1038,1039,diag_2,428,36,2,5.555555555555555,1,1,1,2.7777777777777777
1038,1039,diag_3,250,36,6,16.666666666666664,1,5,1,2.7777777777777777
1039,1040,diag_1,428,36,1,2.7777777777777777,1,0,1,2.7777777777777777
1039,1040,diag_2,428,36,4,11.11111111111111,1,3,1,2.7777777777777777
1039,1040,diag_3,250,36,5,13.88888888888889,1,4,1,2.7777777777777777
1040,1041,diag_1,428,36,3,8.333333333333332,1,2,1,2.7777777777777777
1040,1041,diag_2,428,36,3,8.333333333333332,1,2,1,2.7777777777777777
1040,1041,diag_3,250,36,5,13.88888888888889,1,4,1,2.7777777777777777
1041,1042,diag_1,428,36,1,2.7777777777777777,1,0,1,2.7777777777777777
1041,1042,diag_2,428,36,2,5.555555555555555,1,1,1,2.7777777777777777
1041,1042,diag_3,250,36,3,8.333333333333332,1,2,1,2.7777777777777777
1042,1043,diag_1,428,36,1,2.7777777777777777,1,0,1,2.7777777777777777
1042,1043,diag_2,428,36,1,2.7777777777777777,1,0,1,2.7777777777777777
1042,1043,diag_3,250,36,6,16.666666666666664,1,5,1,2.7777777777777777
1043,1044,diag_1,428,36,2,5.555555555555555,1,1,1,2.7777777777777777
1043,1044,diag_2,428,36,2,5.555555555555555,1,1,1,2.7777777777777777
1043,1044,diag_3,250,36,1,2.7777777777777777,1,0,1,2.7777777777777777
1044,1045,diag_1,428,36,4,11.11111111111111,1,3,1,2.7777777777777777
1044,1045,diag_2,428,36,1,2.7777777777777777,1,0,1,2.7777777777777777
1044,1045,diag_3,250,36,3,8.333333333333332,1,2,1,2.7777777777777777
1045,1046,diag_1,428,36,2,5.555555555555555,1,1,1,2.7777777777777777
1045,1046,diag_2,428,36,3,8.333333333333332,1,2,1,2.7777777777777777
1045,1046,diag_3,250,36,0,0.0,1,0,0,0.0
1046,1047,diag_1,428,36,1,2.7777777777777777,1,0,1,2.7777777777777777
1046,1047,diag_2,428,36,2,5.555555555555555,1,1,1,2.7777777777777777
1046,1047,diag_3,250,36,3,8.333333333333332,1,2,1,2.7777777777777777
1047,1048,diag_1,428,36,3,8.333333333333332,1,2,1,2.7777777777777777
1047,1048,diag_2,428,36,4,11.11111111111111,1,3,1,2.7777777777777777
1047,1048,diag_3,250,36,6,16.666666666666664,1,5,1,2.7777777777777777
1048,1049,diag_1,428,36,3,8.333333333333332,1,2,1,2.7777777777777777
1048,1049,diag_2,428,36,6,16.666666666666664,1,5,1,2.7777777777777777
1048,1049,diag_3,250,36,5,13.88888888888889,1,4,1,2.7777777777777777
1049,1050,diag_1,428,36,2,5.555555555555555,1,1,1,2.7777777777777777
1049,1050,diag_2,428,36,2,5.555555555555555,1,1,1,2.7777777777777777
1049,1050,diag_3,250,36,5,13.88888888888889,1,4,1,2.7777777777777777
1050,1051,diag_1,428,36,3,8.333333333333332,1,2,1,2.7777777777777777
1050,1051,diag_2,428,36,2,5.555555555555555,1,1,1,2.7777777777777777
1050,1051,diag_3,250,36,3,8.333333333333332,1,2,1,2.7777777777777777
1051,1052,diag_1,428,36,3,8.333333333333332,1,2,1,2.7777777777777777
1051,1052,diag_2,428,36,3,8.333333333333332,1,2,1,2.7777777777777777
1051,1052,diag_3,250,36,4,11.11111111111111,1,3,1,2.7777777777777777
1052,1053,diag_1,428,36,4,11.11111111111111,1,3,1,2.7777777777777777
1052,1053,diag_2,428,36,2,5.555555555555555,1,1,1,2.7777777777777777
1052,1053,diag_3,250,36,1,2.7777777777777777,1,0,1,2.7777777777777777
1053,1054,diag_1,428,36,6,16.666666666666664,1,5,1,2.7777777777777777
1053,1054,diag_2,428,36,1,2.7777777777777777,1,0,1,2.7777777777777777
1053,1054,diag_3,250,36,0,0.0,1,0,0,0.0
1054,1055,diag_1,428,36,4,11.11111111111111,1,3,1,2.7777777777777777
1054,1055,diag_2,428,36,2,5.555555555555555,1,1,1,2.7777777777777777
1054,1055,diag_3,250,36,4,11.11111111111111,1,3,1,2.7777777777777777
1055,1056,diag_1,428,36,0,0.0,1,0,0,0.0
1055,1056,diag_2,428,36,3,8.333333333333332,1,2,1,2.7777777777777777
1055,1056,diag_3,250,36,1,2.7777777777777777,1,0,1,2.7777777777777777
1056,1057,diag_1,428,36,2,5.555555555555555,1,1,1,2.7777777777777777
1056,1057,diag_2,428,36,3,8.333333333333332,1,2,1,2.7777777777777777
1056,1057,diag_3,250,36,3,8.333333333333332,1,2,1,2.7777777777777777
1057,1058,diag_1,428,36,2,5.555555555555555,1,1,1,2.7777777777777777
1057,1058,diag_2,428,36,2,5.555555555555555,1,1,1,2.7777777777777777
1057,1058,diag_3,250,36,2,5.555555555555555,1,1,1,2.7777777777777777
1058,1059,diag_1,428,36,1,2.7777777777777777,1,0,1,2.7777777777777777
1058,1059,diag_2,428,36,2,5.555555555555555,1,1,1,2.7777777777777777
1058,1059,diag_3,250,36,3,8.333333333333332,1,2,1,2.7777777777777777
1059,1060,diag_1,428,36,2,5.555555555555555,1,1,1,2.7777777777777777
1059,1060,diag_2,428,36,2,5.555555555555555,1,1,1,2.7777777777777777
1059,1060,diag_3,250,36,2,5.555555555555555,1,1,1,2.7777777777777777
1060,1061,diag_1,428,36,3,8.333333333333332,1,2,1,2.7777777777777777
1060,1061,diag_2,428,36,1,2.7777777777777777,1,0,1,2.7777777777777777
1060,1061,diag_3,250,36,3,8.333333333333332,1,2,1,2.7777777777777777
1061,1062,diag_1,428,36,4,11.11111111111111,1,3,1,2.7777777777777777
1061,1062,diag_2,428,36,1,2.7777777777777777,1,0,1,2.7777777777777777
1061,1062,diag_3,250,36,6,16.666666666666664,1,5,1,2.7777777777777777
1062,1063,diag_1,428,36,2,5.555555555555555,1,1,1,2.7777777777777777
1062,1063,diag_2,428,36,2,5.555555555555555,1,1,1,2.7777777777777777
1062,1063,diag_3,250,36,2,5.555555555555555,1,1,1,2.7777777777777777
1063,1064,diag_1,428,36,4,11.11111111111111,1,3,1,2.7777777777777777
1063,1064,diag_2,428,36,2,5.555555555555555,1,1,1,2.7777777777777777
1063,1064,diag_3,250,36,7,19.444444444444446,1,6,1,2.7777777777777777
1064,1065,diag_1,428,36,0,0.0,1,0,0,0.0
1064,1065,diag_2,428,36,4,11.11111111111111,1,3,1,2.7777777777777777
1064,1065,diag_3,250,36,4,11.11111111111111,1,3,1,2.7777777777777777
1065,1066,diag_1,428,36,0,0.0,1,0,0,0.0
1065,1066,diag_2,428,36,2,5.555555555555555,1,1,1,2.7777777777777777
1065,1066,diag_3,250,36,1,2.7777777777777777,1,0,1,2.7777777777777777
1066,1067,diag_1,428,36,3,8.333333333333332,1,2,1,2.7777777777777777
1066,1067,diag_2,428,36,2,5.555555555555555,1,1,1,2.7777777777777777
1066,1067,diag_3,250,36,4,11.11111111111111,1,3,1,2.7777777777777777
1067,1068,diag_1,428,36,4,11.11111111111111,1,3,1,2.7777777777777777
1067,1068,diag_2,428,36,2,5.555555555555555,1,1,1,2.7777777777777777
1067,1068,diag_3,250,36,4,11.11111111111111,1,3,1,2.7777777777777777
1068,1069,diag_1,428,36,3,8.333333333333332,1,2,1,2.7777777777777777
1068,1069,diag_2,428,36,1,2.7777777777777777,1,0,1,2.7777777777777777
1068,1069,diag_3,250,36,6,16.666666666666664,1,5,1,2.7777777777777777
1069,1070,diag_1,428,36,6,16.666666666666664,1,5,1,2.7777777777777777
1069,1070,diag_2,428,36,1,2.7777777777777777,1,0,1,2.7777777777777777
1069,1070,diag_3,250,36,6,16.666666666666664,1,5,1,2.7777777777777777
1070,1071,diag_1,428,36,5,13.88888888888889,1,4,1,2.7777777777777777
1070,1071,diag_2,428,36,2,5.555555555555555,1,1,1,2.7777777777777777
1070,1071,diag_3,250,36,4,11.11111111111111,1,3,1,2.7777777777777777
1071,1072,diag_1,428,36,2,5.555555555555555,1,1,1,2.7777777777777777
1071,1072,diag_2,428,36,3,8.333333333333332,1,2,1,2.7777777777777777
1071,1072,diag_3,250,36,3,8.333333333333332,1,2,1,2.7777777777777777
1072,1073,diag_1,428,36,3,8.333333333333332,1,2,1,2.7777777777777777
1072,1073,diag_2,428,36,1,2.7777777777777777,1,0,1,2.7777777777777777
1072,1073,diag_3,250,36,4,11.11111111111111,1,3,1,2.7777777777777777
1073,1074,diag_1,428,36,2,5.555555555555555,1,1,1,2.7777777777777777
1073,1074,diag_2,428,36,2,5.555555555555555,1,1,1,2.7777777777777777
1073,1074,diag_3,250,36,6,16.666666666666664,1,5,1,2.7777777777777777
1074,1075,diag_1,428,36,4,11.11111111111111,1,3,1,2.7777777777777777
1074,1075,diag_2,428,36,4,11.11111111111111,1,3,1,2.7777777777777777
1074,1075,diag_3,250,36,4,11.11111111111111,1,3,1,2.7777777777777777
1075,1076,diag_1,428,36,1,2.7777777777777777,1,0,1,2.7777777777777777
1075,1076,diag_2,428,36,4,11.11111111111111,1,3,1,2.7777777777777777
1075,1076,diag_3,250,36,3,8.333333333333332,1,2,1,2.7777777777777777
1076,1077,diag_1,428,36,6,16.666666666666664,1,5,1,2.7777777777777777
1076,1077,diag_2,428,36,4,11.11111111111111,1,3,1,2.7777777777777777
1076,1077,diag_3,250,36,4,11.11111111111111,1,3,1,2.7777777777777777
1077,1078,diag_1,428,36,5,13.88888888888889,1,4,1,2.7777777777777777
1077,1078,diag_2,428,36,4,11.11111111111111,1,3,1,2.7777777777777777
1077,1078,diag_3,250,36,2,5.555555555555555,1,1,1,2.7777777777777777
1078,1079,diag_1,428,36,1,2.7777777777777777,1,0,1,2.7777777777777777
1078,1079,diag_2,428,36,1,2.7777777777777777,1,0,1,2.7777777777777777
1078,1079,diag_3,250,36,4,11.11111111111111,1,3,1,2.7777777777777777
1079,1080,diag_1,428,36,3,8.333333333333332,1,2,1,2.7777777777777777
1079,1080,diag_2,428,36,1,2.7777777777777777,1,0,1,2.7777777777777777
1079,1080,diag_3,250,36,2,5.555555555555555,1,1,1,2.7777777777777777
1080,1081,diag_1,428,36,4,11.11111111111111,1,3,1,2.7777777777777777
1080,1081,diag_2,428,36,1,2.7777777777777777,1,0,1,2.7777777777777777
1080,1081,diag_3,250,36,2,5.555555555555555,1,1,1,2.7777777777777777
1081,1082,diag_1,428,36,3,8.333333333333332,1,2,1,2.7777777777777777
1081,1082,diag_2,428,36,1,2.7777777777777777,1,0,1,2.7777777777777777
1081,1082,diag_3,250,36,3,8.333333333333332,1,2,1,2.7777777777777777
1082,1083,diag_1,428,36,1,2.7777777777777777,1,0,1,2.7777777777777777
1082,1083,diag_2,428,36,2,5.555555555555555,1,1,1,2.7777777777777777
1082,1083,diag_3,250,36,5,13.88888888888889,1,4,1,2.7777777777777777
1083,1084,diag_1,428,36,3,8.333333333333332,1,2,1,2.7777777777777777
1083,1084,diag_2,428,36,4,11.11111111111111,1,3,1,2.7777777777777777
1083,1084,diag_3,250,36,3,8.333333333333332,1,2,1,2.7777777777777777
1084,1085,diag_1,428,36,3,8.333333333333332,1,2,1,2.7777777777777777
1084,1085,diag_2,428,36,0,0.0,1,0,0,0.0
1084,1085,diag_3,250,36,4,11.11111111111111,1,3,1,2.7777777777777777
1085,1086,diag_1,428,36,2,5.555555555555555,1,1,1,2.7777777777777777
1085,1086,diag_2,428,36,4,11.11111111111111,1,3,1,2.7777777777777777
1085,1086,diag_3,250,36,4,11.11111111111111,1,3,1,2.7777777777777777
1086,1087,diag_1,428,36,4,11.11111111111111,1,3,1,2.7777777777777777
1086,1087,diag_2,428,36,3,8.333333333333332,1,2,1,2.7777777777777777
1086,1087,diag_3,250,36,4,11.11111111111111,1,3,1,2.7777777777777777
1087,1088,diag_1,428,36,4,11.11111111111111,1,3,1,2.7777777777777777
1087,1088,diag_2,428,36,2,5.555555555555555,1,1,1,2.7777777777777777
1087,1088,diag_3,250,36,4,11.11111111111111,1,3,1,2.7777777777777777
1088,1089,diag_1,428,36,1,2.7777777777777777,1,0,1,2.7777777777777777
1088,1089,diag_2,428,36,5,13.88888888888889,1,4,1,2.7777777777777777
1088,1089,diag_3,250,36,4,11.11111111111111,1,3,1,2.7777777777777777
1089,1090,diag_1,428,36,1,2.7777777777777777,1,0,1,2.7777777777777777
1089,1090,diag_2,428,36,4,11.11111111111111,1,3,1,2.7777777777777777
1089,1090,diag_3,250,36,2,5.555555555555555,1,1,1,2.7777777777777777
1090,1091,diag_1,428,36,1,2.7777777777777777,1,0,1,2.7777777777777777
1090,1091,diag_2,428,36,6,16.666666666666664,1,5,1,2.7777777777777777
1090,1091,diag_3,250,36,6,16.666666666666664,1,5,1,2.7777777777777777
1091,1092,diag_1,428,36,1,2.7777777777777777,1,0,1,2.7777777777777777
1091,1092,diag_2,428,36,5,13.88888888888889,1,4,1,2.7777777777777777
1091,1092,diag_3,250,36,3,8.333333333333332,1,2,1,2.7777777777777777
1092,1093,diag_1,428,36,3,8.333333333333332,1,2,1,2.7777777777777777
1092,1093,diag_2,428,36,2,5.555555555555555,1,1,1,2.7777777777777777
1092,1093,diag_3,250,36,2,5.555555555555555,1,1,1,2.7777777777777777
1093,1094,diag_1,428,36,5,13.88888888888889,1,4,1,2.7777777777777777
1093,1094,diag_2,428,36,1,2.7777777777777777,1,0,1,2.7777777777777777
1093,1094,diag_3,250,36,8,22.22222222222222,1,7,1,2.7777777777777777
1094,1095,diag_1,428,36,1,2.7777777777777777,1,0,1,2.7777777777777777
1094,1095,diag_2,428,36,2,5.555555555555555,1,1,1,2.7777777777777777
1094,1095,diag_3,250,36,3,8.333333333333332,1,2,1,2.7777777777777777
1095,1096,diag_1,428,36,2,5.555555555555555,1,1,1,2.7777777777777777
1095,1096,diag_2,428,36,4,11.11111111111111,1,3,1,2.7777777777777777
1095,1096,diag_3,250,36,6,16.666666666666664,1,5,1,2.7777777777777777
1096,1097,diag_1,428,36,1,2.7777777777777777,1,0,1,2.7777777777777777
1096,1097,diag_2,428,36,3,8.333333333333332,1,2,1,2.7777777777777777
1096,1097,diag_3,250,36,2,5.555555555555555,1,1,1,2.7777777777777777
1097,1098,diag_1,428,36,0,0.0,1,0,0,0.0
1097,1098,diag_2,428,36,5,13.88888888888889,1,4,1,2.7777777777777777
1097,1098,diag_3,250,36,4,11.11111111111111,1,3,1,2.7777777777777777
1098,1099,diag_1,428,36,1,2.7777777777777777,1,0,1,2.7777777777777777
1098,1099,diag_2,428,36,3,8.333333333333332,1,2,1,2.7777777777777777
1098,1099,diag_3,250,36,4,11.11111111111111,1,3,1,2.7777777777777777
1099,1100,diag_1,428,36,8,22.22222222222222,1,7,1,2.7777777777777777
1099,1100,diag_2,428,36,5,13.88888888888889,1,4,1,2.7777777777777777
1099,1100,diag_3,250,36,7,19.444444444444446,1,6,1,2.7777777777777777
1100,1101,diag_1,428,36,3,8.333333333333332,1,2,1,2.7777777777777777
1100,1101,diag_2,428,36,4,11.11111111111111,1,3,1,2.7777777777777777
1100,1101,diag_3,250,36,9,25.0,1,8,1,2.7777777777777777
1101,1102,diag_1,428,36,2,5.555555555555555,1,1,1,2.7777777777777777
1101,1102,diag_2,428,36,3,8.333333333333332,1,2,1,2.7777777777777777
1101,1102,diag_3,250,36,1,2.7777777777777777,1,0,1,2.7777777777777777
1102,1103,diag_1,428,36,2,5.555555555555555,1,1,1,2.7777777777777777
1102,1103,diag_2,428,36,3,8.333333333333332,1,2,1,2.7777777777777777
1102,1103,diag_3,250,36,3,8.333333333333332,1,2,1,2.7777777777777777
1103,1104,diag_1,428,36,3,8.333333333333332,1,2,1,2.7777777777777777
1103,1104,diag_2,428,36,2,5.555555555555555,1,1,1,2.7777777777777777
1103,1104,diag_3,250,36,8,22.22222222222222,1,7,1,2.7777777777777777
1104,1105,diag_1,428,36,1,2.7777777777777777,1,0,1,2.7777777777777777
1104,1105,diag_2,428,36,4,11.11111111111111,1,3,1,2.7777777777777777
1104,1105,diag_3,250,36,5,13.88888888888889,1,4,1,2.7777777777777777
1105,1106,diag_1,428,36,1,2.7777777777777777,1,0,1,2.7777777777777777
1105,1106,diag_2,428,36,2,5.555555555555555,1,1,1,2.7777777777777777
1105,1106,diag_3,250,36,4,11.11111111111111,1,3,1,2.7777777777777777
1106,1107,diag_1,428,36,1,2.7777777777777777,1,0,1,2.7777777777777777
1106,1107,diag_2,428,36,5,13.88888888888889,1,4,1,2.7777777777777777
1106,1107,diag_3,250,36,5,13.88888888888889,1,4,1,2.7777777777777777
1107,1108,diag_1,428,36,7,19.444444444444446,1,6,1,2.7777777777777777
1107,1108,diag_2,428,36,3,8.333333333333332,1,2,1,2.7777777777777777
1107,1108,diag_3,250,36,4,11.11111111111111,1,3,1,2.7777777777777777
1108,1109,diag_1,428,36,3,8.333333333333332,1,2,1,2.7777777777777777
1108,1109,diag_2,428,36,2,5.555555555555555,1,1,1,2.7777777777777777
1108,1109,diag_3,250,36,5,13.88888888888889,1,4,1,2.7777777777777777
1109,1110,diag_1,428,36,3,8.333333333333332,1,2,1,2.7777777777777777
1109,1110,diag_2,428,36,4,11.11111111111111,1,3,1,2.7777777777777777
1109,1110,diag_3,250,36,3,8.333333333333332,1,2,1,2.7777777777777777
1110,1111,diag_1,428,36,3,8.333333333333332,1,2,1,2.7777777777777777
1110,1111,diag_2,428,36,5,13.88888888888889,1,4,1,2.7777777777777777
1110,1111,diag_3,250,36,8,22.22222222222222,1,7,1,2.7777777777777777
1111,1112,diag_1,428,36,3,8.333333333333332,1,2,1,2.7777777777777777
1111,1112,diag_2,428,36,2,5.555555555555555,1,1,1,2.7777777777777777
1111,1112,diag_3,250,36,4,11.11111111111111,1,3,1,2.7777777777777777
1112,1113,diag_1,428,36,4,11.11111111111111,1,3,1,2.7777777777777777
1112,1113,diag_2,428,36,1,2.7777777777777777,1,0,1,2.7777777777777777
1112,1113,diag_3,250,36,4,11.11111111111111,1,3,1,2.7777777777777777
1113,1114,diag_1,428,36,4,11.11111111111111,1,3,1,2.7777777777777777
1113,1114,diag_2,428,36,1,2.7777777777777777,1,0,1,2.7777777777777777
1113,1114,diag_3,250,36,4,11.11111111111111,1,3,1,2.7777777777777777
1114,1115,diag_1,428,36,2,5.555555555555555,1,1,1,2.7777777777777777
1114,1115,diag_2,428,36,2,5.555555555555555,1,1,1,2.7777777777777777
1114,1115,diag_3,250,36,5,13.88888888888889,1,4,1,2.7777777777777777
1115,1116,diag_1,428,36,3,8.333333333333332,1,2,1,2.7777777777777777
1115,1116,diag_2,428,36,2,5.555555555555555,1,1,1,2.7777777777777777
1115,1116,diag_3,250,36,4,11.11111111111111,1,3,1,2.7777777777777777
1116,1117,diag_1,428,36,2,5.555555555555555,1,1,1,2.7777777777777777
1116,1117,diag_2,428,36,4,11.11111111111111,1,3,1,2.7777777777777777
1116,1117,diag_3,250,36,4,11.11111111111111,1,3,1,2.7777777777777777
1117,1118,diag_1,428,36,2,5.555555555555555,1,1,1,2.7777777777777777
1117,1118,diag_2,428,36,2,5.555555555555555,1,1,1,2.7777777777777777
1117,1118,diag_3,250,36,1,2.7777777777777777,1,0,1,2.7777777777777777
1118,1119,diag_1,428,36,1,2.7777777777777777,1,0,1,2.7777777777777777
1118,1119,diag_2,428,36,2,5.555555555555555,1,1,1,2.7777777777777777
1118,1119,diag_3,250,36,6,16.666666666666664,1,5,1,2.7777777777777777
1119,1120,diag_1,428,36,4,11.11111111111111,1,3,1,2.7777777777777777
1119,1120,diag_2,428,36,1,2.7777777777777777,1,0,1,2.7777777777777777
1119,1120,diag_3,250,36,6,16.666666666666664,1,5,1,2.7777777777777777
1120,1121,diag_1,428,36,3,8.333333333333332,1,2,1,2.7777777777777777
1120,1121,diag_2,428,36,2,5.555555555555555,1,1,1,2.7777777777777777
1120,1121,diag_3,250,36,3,8.333333333333332,1,2,1,2.7777777777777777
1121,1122,diag_1,428,36,0,0.0,1,0,0,0.0
1121,1122,diag_2,428,36,3,8.333333333333332,1,2,1,2.7777777777777777
1121,1122,diag_3,250,36,8,22.22222222222222,1,7,1,2.7777777777777777
1122,1123,diag_1,428,36,4,11.11111111111111,1,3,1,2.7777777777777777
1122,1123,diag_2,428,36,3,8.333333333333332,1,2,1,2.7777777777777777
1122,1123,diag_3,250,36,3,8.333333333333332,1,2,1,2.7777777777777777
1123,1124,diag_1,428,36,3,8.333333333333332,1,2,1,2.7777777777777777
1123,1124,diag_2,428,36,5,13.88888888888889,1,4,1,2.7777777777777777
1123,1124,diag_3,250,36,4,11.11111111111111,1,3,1,2.7777777777777777
1124,1125,diag_1,428,36,1,2.7777777777777777,1,0,1,2.7777777777777777
1124,1125,diag_2,428,36,3,8.333333333333332,1,2,1,2.7777777777777777
1124,1125,diag_3,250,36,3,8.333333333333332,1,2,1,2.7777777777777777
1125,1126,diag_1,428,36,5,13.88888888888889,1,4,1,2.7777777777777777
1125,1126,diag_2,428,36,5,13.88888888888889,1,4,1,2.7777777777777777
1125,1126,diag_3,250,36,3,8.333333333333332,1,2,1,2.7777777777777777
1126,1127,diag_1,428,36,4,11.11111111111111,1,3,1,2.7777777777777777
1126,1127,diag_2,428,36,5,13.88888888888889,1,4,1,2.7777777777777777
1126,1127,diag_3,250,36,4,11.11111111111111,1,3,1,2.7777777777777777
1127,1128,diag_1,428,36,1,2.7777777777777777,1,0,1,2.7777777777777777
1127,1128,diag_2,428,36,3,8.333333333333332,1,2,1,2.7777777777777777
1127,1128,diag_3,250,36,6,16.666666666666664,1,5,1,2.7777777777777777
1128,1129,diag_1,428,36,4,11.11111111111111,1,3,1,2.7777777777777777
1128,1129,diag_2,428,36,0,0.0,1,0,0,0.0
1128,1129,diag_3,250,36,5,13.88888888888889,1,4,1,2.7777777777777777
1129,1130,diag_1,428,36,1,2.7777777777777777,1,0,1,2.7777777777777777
1129,1130,diag_2,428,36,3,8.333333333333332,1,2,1,2.7777777777777777
1129,1130,diag_3,250,36,4,11.11111111111111,1,3,1,2.7777777777777777
1130,1131,diag_1,428,36,2,5.555555555555555,1,1,1,2.7777777777777777
1130,1131,diag_2,428,36,3,8.333333333333332,1,2,1,2.7777777777777777
1130,1131,diag_3,250,36,3,8.333333333333332,1,2,1,2.7777777777777777
1131,1132,diag_1,428,36,3,8.333333333333332,1,2,1,2.7777777777777777
1131,1132,diag_2,428,36,3,8.333333333333332,1,2,1,2.7777777777777777
1131,1132,diag_3,250,36,4,11.11111111111111,1,3,1,2.7777777777777777
1132,1133,diag_1,428,36,2,5.555555555555555,1,1,1,2.7777777777777777
1132,1133,diag_2,428,36,1,2.7777777777777777,1,0,1,2.7777777777777777
1132,1133,diag_3,250,36,4,11.11111111111111,1,3,1,2.7777777777777777
1133,1134,diag_1,428,36,5,13.88888888888889,1,4,1,2.7777777777777777
1133,1134,diag_2,428,36,1,2.7777777777777777,1,0,1,2.7777777777777777
1133,1134,diag_3,250,36,4,11.11111111111111,1,3,1,2.7777777777777777
1134,1135,diag_1,428,36,0,0.0,1,0,0,0.0
1134,1135,diag_2,428,36,3,8.333333333333332,1,2,1,2.7777777777777777
1134,1135,diag_3,250,36,3,8.333333333333332,1,2,1,2.7777777777777777
1135,1136,diag_1,428,36,1,2.7777777777777777,1,0,1,2.7777777777777777
1135,1136,diag_2,428,36,2,5.555555555555555,1,1,1,2.7777777777777777
1135,1136,diag_3,250,36,2,5.555555555555555,1,1,1,2.7777777777777777
1136,1137,diag_1,428,36,0,0.0,1,0,0,0.0
1136,1137,diag_2,428,36,1,2.7777777777777777,1,0,1,2.7777777777777777
1136,1137,diag_3,250,36,3,8.333333333333332,1,2,1,2.7777777777777777
1137,1138,diag_1,428,36,4,11.11111111111111,1,3,1,2.7777777777777777
1137,1138,diag_2,428,36,2,5.555555555555555,1,1,1,2.7777777777777777
1137,1138,diag_3,250,36,4,11.11111111111111,1,3,1,2.7777777777777777
1138,1139,diag_1,428,36,2,5.555555555555555,1,1,1,2.7777777777777777
1138,1139,diag_2,428,36,6,16.666666666666664,1,5,1,2.7777777777777777
1138,1139,diag_3,250,36,5,13.88888888888889,1,4,1,2.7777777777777777
1139,1140,diag_1,428,36,3,8.333333333333332,1,2,1,2.7777777777777777
1139,1140,diag_2,428,36,3,8.333333333333332,1,2,1,2.7777777777777777
1139,1140,diag_3,250,36,3,8.333333333333332,1,2,1,2.7777777777777777
1140,1141,diag_1,428,36,4,11.11111111111111,1,3,1,2.7777777777777777
1140,1141,diag_2,428,36,4,11.11111111111111,1,3,1,2.7777777777777777
1140,1141,diag_3,250,36,2,5.555555555555555,1,1,1,2.7777777777777777
1141,1142,diag_1,428,36,4,11.11111111111111,1,3,1,2.7777777777777777
1141,1142,diag_2,428,36,2,5.555555555555555,1,1,1,2.7777777777777777
1141,1142,diag_3,250,36,5,13.88888888888889,1,4,1,2.7777777777777777
1142,1143,diag_1,428,36,2,5.555555555555555,1,1,1,2.7777777777777777
1142,1143,diag_2,428,36,2,5.555555555555555,1,1,1,2.7777777777777777
1142,1143,diag_3,250,36,6,16.666666666666664,1,5,1,2.7777777777777777
1143,1144,diag_1,428,36,4,11.11111111111111,1,3,1,2.7777777777777777
1143,1144,diag_2,428,36,0,0.0,1,0,0,0.0
1143,1144,diag_3,250,36,3,8.333333333333332,1,2,1,2.7777777777777777
1144,1145,diag_1,428,36,3,8.333333333333332,1,2,1,2.7777777777777777
1144,1145,diag_2,428,36,3,8.333333333333332,1,2,1,2.7777777777777777
1144,1145,diag_3,250,36,4,11.11111111111111,1,3,1,2.7777777777777777
1145,1146,diag_1,428,36,1,2.7777777777777777,1,0,1,2.7777777777777777
1145,1146,diag_2,428,36,2,5.555555555555555,1,1,1,2.7777777777777777
1145,1146,diag_3,250,36,2,5.555555555555555,1,1,1,2.7777777777777777
1146,1147,diag_1,428,36,2,5.555555555555555,1,1,1,2.7777777777777777
1146,1147,diag_2,428,36,2,5.555555555555555,1,1,1,2.7777777777777777
1146,1147,diag_3,250,36,3,8.333333333333332,1,2,1,2.7777777777777777
1147,1148,diag_1,428,36,5,13.88888888888889,1,4,1,2.7777777777777777
1147,1148,diag_2,428,36,1,2.7777777777777777,1,0,1,2.7777777777777777
1147,1148,diag_3,250,36,2,5.555555555555555,1,1,1,2.7777777777777777
1148,1149,diag_1,428,36,1,2.7777777777777777,1,0,1,2.7777777777777777
1148,1149,diag_2,428,36,6,16.666666666666664,1,5,1,2.7777777777777777
1148,1149,diag_3,250,36,1,2.7777777777777777,1,0,1,2.7777777777777777
1149,1150,diag_1,428,36,3,8.333333333333332,1,2,1,2.7777777777777777
1149,1150,diag_2,428,36,4,11.11111111111111,1,3,1,2.7777777777777777
1149,1150,diag_3,250,36,2,5.555555555555555,1,1,1,2.7777777777777777
1150,1151,diag_1,428,36,2,5.555555555555555,1,1,1,2.7777777777777777
1150,1151,diag_2,428,36,4,11.11111111111111,1,3,1,2.7777777777777777
1150,1151,diag_3,250,36,3,8.333333333333332,1,2,1,2.7777777777777777
1151,1152,diag_1,428,36,2,5.555555555555555,1,1,1,2.7777777777777777
1151,1152,diag_2,428,36,1,2.7777777777777777,1,0,1,2.7777777777777777
1151,1152,diag_3,250,36,6,16.666666666666664,1,5,1,2.7777777777777777
1152,1153,diag_1,428,36,2,5.555555555555555,1,1,1,2.7777777777777777
1152,1153,diag_2,428,36,1,2.7777777777777777,1,0,1,2.7777777777777777
1152,1153,diag_3,250,36,4,11.11111111111111,1,3,1,2.7777777777777777
1153,1154,diag_1,428,36,5,13.88888888888889,1,4,1,2.7777777777777777
1153,1154,diag_2,428,36,5,13.88888888888889,1,4,1,2.7777777777777777
1153,1154,diag_3,250,36,4,11.11111111111111,1,3,1,2.7777777777777777
1154,1155,diag_1,428,36,4,11.11111111111111,1,3,1,2.7777777777777777
1154,1155,diag_2,428,36,4,11.11111111111111,1,3,1,2.7777777777777777
1154,1155,diag_3,250,36,6,16.666666666666664,1,5,1,2.7777777777777777
1155,1156,diag_1,428,36,0,0.0,1,0,0,0.0
1155,1156,diag_2,428,36,1,2.7777777777777777,1,0,1,2.7777777777777777
1155,1156,diag_3,250,36,8,22.22222222222222,1,7,1,2.7777777777777777
1156,1157,diag_1,428,36,1,2.7777777777777777,1,0,1,2.7777777777777777
1156,1157,diag_2,428,36,1,2.7777777777777777,1,0,1,2.7777777777777777
1156,1157,diag_3,250,36,5,13.88888888888889,1,4,1,2.7777777777777777
1157,1158,diag_1,428,36,2,5.555555555555555,1,1,1,2.7777777777777777
1157,1158,diag_2,428,36,1,2.7777777777777777,1,0,1,2.7777777777777777
1157,1158,diag_3,250,36,4,11.11111111111111,1,3,1,2.7777777777777777
1158,1159,diag_1,428,36,3,8.333333333333332,1,2,1,2.7777777777777777
1158,1159,diag_2,428,36,3,8.333333333333332,1,2,1,2.7777777777777777
1158,1159,diag_3,250,36,2,5.555555555555555,1,1,1,2.7777777777777777
1159,1160,diag_1,428,36,4,11.11111111111111,1,3,1,2.7777777777777777
1159,1160,diag_2,428,36,3,8.333333333333332,1,2,1,2.7777777777777777
1159,1160,diag_3,250,36,4,11.11111111111111,1,3,1,2.7777777777777777
1160,1161,diag_1,428,36,4,11.11111111111111,1,3,1,2.7777777777777777
1160,1161,diag_2,428,36,3,8.333333333333332,1,2,1,2.7777777777777777
1160,1161,diag_3,250,36,3,8.333333333333332,1,2,1,2.7777777777777777
1161,1162,diag_1,428,36,3,8.333333333333332,1,2,1,2.7777777777777777
1161,1162,diag_2,428,36,0,0.0,1,0,0,0.0
1161,1162,diag_3,250,36,6,16.666666666666664,1,5,1,2.7777777777777777
1162,1163,diag_1,428,36,2,5.555555555555555,1,1,1,2.7777777777777777
1162,1163,diag_2,428,36,3,8.333333333333332,1,2,1,2.7777777777777777
1162,1163,diag_3,250,36,3,8.333333333333332,1,2,1,2.7777777777777777
1163,1164,diag_1,428,36,4,11.11111111111111,1,3,1,2.7777777777777777
1163,1164,diag_2,428,36,2,5.555555555555555,1,1,1,2.7777777777777777
1163,1164,diag_3,250,36,6,16.666666666666664,1,5,1,2.7777777777777777
1164,1165,diag_1,428,36,0,0.0,1,0,0,0.0
1164,1165,diag_2,428,36,1,2.7777777777777777,1,0,1,2.7777777777777777
1164,1165,diag_3,250,36,1,2.7777777777777777,1,0,1,2.7777777777777777
1165,1166,diag_1,428,36,8,22.22222222222222,1,7,1,2.7777777777777777
1165,1166,diag_2,428,36,3,8.333333333333332,1,2,1,2.7777777777777777
1165,1166,diag_3,250,36,9,25.0,1,8,1,2.7777777777777777
1166,1167,diag_1,428,36,4,11.11111111111111,1,3,1,2.7777777777777777
1166,1167,diag_2,428,36,1,2.7777777777777777,1,0,1,2.7777777777777777
1166,1167,diag_3,250,36,4,11.11111111111111,1,3,1,2.7777777777777777
1167,1168,diag_1,428,36,2,5.555555555555555,1,1,1,2.7777777777777777
1167,1168,diag_2,428,36,2,5.555555555555555,1,1,1,2.7777777777777777
1167,1168,diag_3,250,36,2,5.555555555555555,1,1,1,2.7777777777777777
1168,1169,diag_1,428,36,1,2.7777777777777777,1,0,1,2.7777777777777777
1168,1169,diag_2,428,36,3,8.333333333333332,1,2,1,2.7777777777777777
1168,1169,diag_3,250,36,2,5.555555555555555,1,1,1,2.7777777777777777
1169,1170,diag_1,428,36,1,2.7777777777777777,1,0,1,2.7777777777777777
1169,1170,diag_2,428,36,2,5.555555555555555,1,1,1,2.7777777777777777
1169,1170,diag_3,250,36,3,8.333333333333332,1,2,1,2.7777777777777777
1170,1171,diag_1,428,36,4,11.11111111111111,1,3,1,2.7777777777777777
1170,1171,diag_2,428,36,3,8.333333333333332,1,2,1,2.7777777777777777
1170,1171,diag_3,250,36,4,11.11111111111111,1,3,1,2.7777777777777777
1171,1172,diag_1,428,36,1,2.7777777777777777,1,0,1,2.7777777777777777
1171,1172,diag_2,428,36,3,8.333333333333332,1,2,1,2.7777777777777777
1171,1172,diag_3,250,36,4,11.11111111111111,1,3,1,2.7777777777777777
1172,1173,diag_1,428,36,1,2.7777777777777777,1,0,1,2.7777777777777777
1172,1173,diag_2,428,36,5,13.88888888888889,1,4,1,2.7777777777777777
1172,1173,diag_3,250,36,2,5.555555555555555,1,1,1,2.7777777777777777
1173,1174,diag_1,428,36,2,5.555555555555555,1,1,1,2.7777777777777777
1173,1174,diag_2,428,36,3,8.333333333333332,1,2,1,2.7777777777777777
1173,1174,diag_3,250,36,6,16.666666666666664,1,5,1,2.7777777777777777
1174,1175,diag_1,428,36,1,2.7777777777777777,1,0,1,2.7777777777777777
1174,1175,diag_2,428,36,1,2.7777777777777777,1,0,1,2.7777777777777777
1174,1175,diag_3,250,36,1,2.7777777777777777,1,0,1,2.7777777777777777
1175,1176,diag_1,428,36,2,5.555555555555555,1,1,1,2.7777777777777777
1175,1176,diag_2,428,36,2,5.555555555555555,1,1,1,2.7777777777777777
1175,1176,diag_3,250,36,7,19.444444444444446,1,6,1,2.7777777777777777
1176,1177,diag_1,428,36,0,0.0,1,0,0,0.0
1176,1177,diag_2,428,36,5,13.88888888888889,1,4,1,2.7777777777777777
1176,1177,diag_3,250,36,3,8.333333333333332,1,2,1,2.7777777777777777
1177,1178,diag_1,428,36,0,0.0,1,0,0,0.0
1177,1178,diag_2,428,36,2,5.555555555555555,1,1,1,2.7777777777777777
1177,1178,diag_3,250,36,3,8.333333333333332,1,2,1,2.7777777777777777
1178,1179,diag_1,428,36,3,8.333333333333332,1,2,1,2.7777777777777777
1178,1179,diag_2,428,36,0,0.0,1,0,0,0.0
1178,1179,diag_3,250,36,5,13.88888888888889,1,4,1,2.7777777777777777
1179,1180,diag_1,428,36,4,11.11111111111111,1,3,1,2.7777777777777777
1179,1180,diag_2,428,36,3,8.333333333333332,1,2,1,2.7777777777777777
1179,1180,diag_3,250,36,4,11.11111111111111,1,3,1,2.7777777777777777
1180,1181,diag_1,428,36,4,11.11111111111111,1,3,1,2.7777777777777777
1180,1181,diag_2,428,36,1,2.7777777777777777,1,0,1,2.7777777777777777
1180,1181,diag_3,250,36,4,11.11111111111111,1,3,1,2.7777777777777777
1181,1182,diag_1,428,36,1,2.7777777777777777,1,0,1,2.7777777777777777
1181,1182,diag_2,428,36,1,2.7777777777777777,1,0,1,2.7777777777777777
1181,1182,diag_3,250,36,6,16.666666666666664,1,5,1,2.7777777777777777
1182,1183,diag_1,428,36,2,5.555555555555555,1,1,1,2.7777777777777777
1182,1183,diag_2,428,36,2,5.555555555555555,1,1,1,2.7777777777777777
1182,1183,diag_3,250,36,7,19.444444444444446,1,6,1,2.7777777777777777
1183,1184,diag_1,428,36,0,0.0,1,0,0,0.0
1183,1184,diag_2,428,36,1,2.7777777777777777,1,0,1,2.7777777777777777
1183,1184,diag_3,250,36,5,13.88888888888889,1,4,1,2.7777777777777777
1184,1185,diag_1,428,36,4,11.11111111111111,1,3,1,2.7777777777777777
1184,1185,diag_2,428,36,5,13.88888888888889,1,4,1,2.7777777777777777
1184,1185,diag_3,250,36,2,5.555555555555555,1,1,1,2.7777777777777777
1185,1186,diag_1,428,36,1,2.7777777777777777,1,0,1,2.7777777777777777
1185,1186,diag_2,428,36,1,2.7777777777777777,1,0,1,2.7777777777777777
1185,1186,diag_3,250,36,1,2.7777777777777777,1,0,1,2.7777777777777777
1186,1187,diag_1,428,36,1,2.7777777777777777,1,0,1,2.7777777777777777
1186,1187,diag_2,428,36,2,5.555555555555555,1,1,1,2.7777777777777777
1186,1187,diag_3,250,36,9,25.0,1,8,1,2.7777777777777777
1187,1188,diag_1,428,36,4,11.11111111111111,1,3,1,2.7777777777777777
1187,1188,diag_2,428,36,5,13.88888888888889,1,4,1,2.7777777777777777
1187,1188,diag_3,250,36,3,8.333333333333332,1,2,1,2.7777777777777777
1188,1189,diag_1,428,36,5,13.88888888888889,1,4,1,2.7777777777777777
1188,1189,diag_2,428,36,4,11.11111111111111,1,3,1,2.7777777777777777
1188,1189,diag_3,250,36,5,13.88888888888889,1,4,1,2.7777777777777777
1189,1190,diag_1,428,36,1,2.7777777777777777,1,0,1,2.7777777777777777
1189,1190,diag_2,428,36,2,5.555555555555555,1,1,1,2.7777777777777777
1189,1190,diag_3,250,36,7,19.444444444444446,1,6,1,2.7777777777777777
1190,1191,diag_1,428,36,1,2.7777777777777777,1,0,1,2.7777777777777777
1190,1191,diag_2,428,36,1,2.7777777777777777,1,0,1,2.7777777777777777
1190,1191,diag_3,250,36,6,16.666666666666664,1,5,1,2.7777777777777777
1191,1192,diag_1,428,36,4,11.11111111111111,1,3,1,2.7777777777777777
1191,1192,diag_2,428,36,4,11.11111111111111,1,3,1,2.7777777777777777
1191,1192,diag_3,250,36,3,8.333333333333332,1,2,1,2.7777777777777777
1192,1193,diag_1,428,36,4,11.11111111111111,1,3,1,2.7777777777777777
1192,1193,diag_2,428,36,1,2.7777777777777777,1,0,1,2.7777777777777777
1192,1193,diag_3,250,36,3,8.333333333333332,1,2,1,2.7777777777777777
1193,1194,diag_1,428,36,1,2.7777777777777777,1,0,1,2.7777777777777777
1193,1194,diag_2,428,36,2,5.555555555555555,1,1,1,2.7777777777777777
1193,1194,diag_3,250,36,5,13.88888888888889,1,4,1,2.7777777777777777
1194,1195,diag_1,428,36,5,13.88888888888889,1,4,1,2.7777777777777777
1194,1195,diag_2,428,36,1,2.7777777777777777,1,0,1,2.7777777777777777
1194,1195,diag_3,250,36,1,2.7777777777777777,1,0,1,2.7777777777777777
1195,1196,diag_1,428,36,2,5.555555555555555,1,1,1,2.7777777777777777
1195,1196,diag_2,428,36,4,11.11111111111111,1,3,1,2.7777777777777777
1195,1196,diag_3,250,36,5,13.88888888888889,1,4,1,2.7777777777777777
1196,1197,diag_1,428,36,3,8.333333333333332,1,2,1,2.7777777777777777
1196,1197,diag_2,428,36,1,2.7777777777777777,1,0,1,2.7777777777777777
1196,1197,diag_3,250,36,2,5.555555555555555,1,1,1,2.7777777777777777
1197,1198,diag_1,428,36,0,0.0,1,0,0,0.0
1197,1198,diag_2,428,36,1,2.7777777777777777,1,0,1,2.7777777777777777
1197,1198,diag_3,250,36,5,13.88888888888889,1,4,1,2.7777777777777777
1198,1199,diag_1,428,36,4,11.11111111111111,1,3,1,2.7777777777777777
1198,1199,diag_2,428,36,2,5.555555555555555,1,1,1,2.7777777777777777
1198,1199,diag_3,250,36,1,2.7777777777777777,1,0,1,2.7777777777777777
1199,1200,diag_1,428,36,2,5.555555555555555,1,1,1,2.7777777777777777
1199,1200,diag_2,428,36,1,2.7777777777777777,1,0,1,2.7777777777777777
1199,1200,diag_3,250,36,7,19.444444444444446,1,6,1,2.7777777777777777
1200,1201,diag_1,428,36,2,5.555555555555555,1,1,1,2.7777777777777777
1200,1201,diag_2,428,36,5,13.88888888888889,1,4,1,2.7777777777777777
1200,1201,diag_3,250,36,3,8.333333333333332,1,2,1,2.7777777777777777
1201,1202,diag_1,428,36,2,5.555555555555555,1,1,1,2.7777777777777777
1201,1202,diag_2,428,36,6,16.666666666666664,1,5,1,2.7777777777777777
1201,1202,diag_3,250,36,3,8.333333333333332,1,2,1,2.7777777777777777
1202,1203,diag_1,428,36,2,5.555555555555555,1,1,1,2.7777777777777777
1202,1203,diag_2,428,36,1,2.7777777777777777,1,0,1,2.7777777777777777
1202,1203,diag_3,250,36,5,13.88888888888889,1,4,1,2.7777777777777777
1203,1204,diag_1,428,36,3,8.333333333333332,1,2,1,2.7777777777777777
1203,1204,diag_2,428,36,0,0.0,1,0,0,0.0
1203,1204,diag_3,250,36,3,8.333333333333332,1,2,1,2.7777777777777777
1204,1205,diag_1,428,36,1,2.7777777777777777,1,0,1,2.7777777777777777
1204,1205,diag_2,428,36,1,2.7777777777777777,1,0,1,2.7777777777777777
1204,1205,diag_3,250,36,3,8.333333333333332,1,2,1,2.7777777777777777
1205,1206,diag_1,428,36,1,2.7777777777777777,1,0,1,2.7777777777777777
1205,1206,diag_2,428,36,2,5.555555555555555,1,1,1,2.7777777777777777
1205,1206,diag_3,250,36,4,11.11111111111111,1,3,1,2.7777777777777777
1206,1207,diag_1,428,36,0,0.0,1,0,0,0.0
1206,1207,diag_2,428,36,3,8.333333333333332,1,2,1,2.7777777777777777
1206,1207,diag_3,250,36,1,2.7777777777777777,1,0,1,2.7777777777777777
1207,1208,diag_1,428,36,2,5.555555555555555,1,1,1,2.7777777777777777
1207,1208,diag_2,428,36,1,2.7777777777777777,1,0,1,2.7777777777777777
1207,1208,diag_3,250,36,4,11.11111111111111,1,3,1,2.7777777777777777
1208,1209,diag_1,428,36,3,8.333333333333332,1,2,1,2.7777777777777777
1208,1209,diag_2,428,36,0,0.0,1,0,0,0.0
1208,1209,diag_3,250,36,1,2.7777777777777777,1,0,1,2.7777777777777777
1209,1210,diag_1,428,36,2,5.555555555555555,1,1,1,2.7777777777777777
1209,1210,diag_2,428,36,3,8.333333333333332,1,2,1,2.7777777777777777
1209,1210,diag_3,250,36,4,11.11111111111111,1,3,1,2.7777777777777777
1210,1211,diag_1,428,36,4,11.11111111111111,1,3,1,2.7777777777777777
1210,1211,diag_2,428,36,1,2.7777777777777777,1,0,1,2.7777777777777777
1210,1211,diag_3,250,36,6,16.666666666666664,1,5,1,2.7777777777777777
1211,1212,diag_1,428,36,5,13.88888888888889,1,4,1,2.7777777777777777
1211,1212,diag_2,428,36,3,8.333333333333332,1,2,1,2.7777777777777777
1211,1212,diag_3,250,36,2,5.555555555555555,1,1,1,2.7777777777777777
1212,1213,diag_1,428,36,1,2.7777777777777777,1,0,1,2.7777777777777777
1212,1213,diag_2,428,36,2,5.555555555555555,1,1,1,2.7777777777777777
1212,1213,diag_3,250,36,5,13.88888888888889,1,4,1,2.7777777777777777
1213,1214,diag_1,428,36,3,8.333333333333332,1,2,1,2.7777777777777777
1213,1214,diag_2,428,36,1,2.7777777777777777,1,0,1,2.7777777777777777
1213,1214,diag_3,250,36,4,11.11111111111111,1,3,1,2.7777777777777777
1214,1215,diag_1,428,36,2,5.555555555555555,1,1,1,2.7777777777777777
1214,1215,diag_2,428,36,1,2.7777777777777777,1,0,1,2.7777777777777777
1214,1215,diag_3,250,36,2,5.555555555555555,1,1,1,2.7777777777777777
1215,1216,diag_1,428,36,2,5.555555555555555,1,1,1,2.7777777777777777
1215,1216,diag_2,428,36,2,5.555555555555555,1,1,1,2.7777777777777777
1215,1216,diag_3,250,36,4,11.11111111111111,1,3,1,2.7777777777777777
1216,1217,diag_1,428,36,3,8.333333333333332,1,2,1,2.7777777777777777
1216,1217,diag_2,428,36,3,8.333333333333332,1,2,1,2.7777777777777777
1216,1217,diag_3,250,36,4,11.11111111111111,1,3,1,2.7777777777777777
1217,1218,diag_1,428,36,1,2.7777777777777777,1,0,1,2.7777777777777777
1217,1218,diag_2,428,36,3,8.333333333333332,1,2,1,2.7777777777777777
1217,1218,diag_3,250,36,2,5.555555555555555,1,1,1,2.7777777777777777
1218,1219,diag_1,428,36,2,5.555555555555555,1,1,1,2.7777777777777777
1218,1219,diag_2,428,36,3,8.333333333333332,1,2,1,2.7777777777777777
1218,1219,diag_3,250,36,5,13.88888888888889,1,4,1,2.7777777777777777
1219,1220,diag_1,428,36,1,2.7777777777777777,1,0,1,2.7777777777777777
1219,1220,diag_2,428,36,4,11.11111111111111,1,3,1,2.7777777777777777
1219,1220,diag_3,250,36,3,8.333333333333332,1,2,1,2.7777777777777777
1220,1221,diag_1,428,36,4,11.11111111111111,1,3,1,2.7777777777777777
1220,1221,diag_2,428,36,3,8.333333333333332,1,2,1,2.7777777777777777
1220,1221,diag_3,250,36,2,5.555555555555555,1,1,1,2.7777777777777777
1221,1222,diag_1,428,36,1,2.7777777777777777,1,0,1,2.7777777777777777
1221,1222,diag_2,428,36,3,8.333333333333332,1,2,1,2.7777777777777777
1221,1222,diag_3,250,36,5,13.88888888888889,1,4,1,2.7777777777777777
1222,1223,diag_1,428,36,4,11.11111111111111,1,3,1,2.7777777777777777
1222,1223,diag_2,428,36,2,5.555555555555555,1,1,1,2.7777777777777777
1222,1223,diag_3,250,36,5,13.88888888888889,1,4,1,2.7777777777777777
1223,1224,diag_1,428,36,3,8.333333333333332,1,2,1,2.7777777777777777
1223,1224,diag_2,428,36,2,5.555555555555555,1,1,1,2.7777777777777777
1223,1224,diag_3,250,36,4,11.11111111111111,1,3,1,2.7777777777777777
1224,1225,diag_1,428,36,3,8.333333333333332,1,2,1,2.7777777777777777
1224,1225,diag_2,428,36,3,8.333333333333332,1,2,1,2.7777777777777777
1224,1225,diag_3,250,36,3,8.333333333333332,1,2,1,2.7777777777777777
1225,1226,diag_1,428,36,0,0.0,1,0,0,0.0
1225,1226,diag_2,428,36,3,8.333333333333332,1,2,1,2.7777777777777777
1225,1226,diag_3,250,36,3,8.333333333333332,1,2,1,2.7777777777777777
1226,1227,diag_1,428,36,1,2.7777777777777777,1,0,1,2.7777777777777777
1226,1227,diag_2,428,36,2,5.555555555555555,1,1,1,2.7777777777777777
1226,1227,diag_3,250,36,2,5.555555555555555,1,1,1,2.7777777777777777
1227,1228,diag_1,428,36,3,8.333333333333332,1,2,1,2.7777777777777777
1227,1228,diag_2,428,36,3,8.333333333333332,1,2,1,2.7777777777777777
1227,1228,diag_3,250,36,4,11.11111111111111,1,3,1,2.7777777777777777
1228,1229,diag_1,428,36,3,8.333333333333332,1,2,1,2.7777777777777777
1228,1229,diag_2,428,36,3,8.333333333333332,1,2,1,2.7777777777777777
1228,1229,diag_3,250,36,3,8.333333333333332,1,2,1,2.7777777777777777
1229,1230,diag_1,428,36,2,5.555555555555555,1,1,1,2.7777777777777777
1229,1230,diag_2,428,36,2,5.555555555555555,1,1,1,2.7777777777777777
1229,1230,diag_3,250,36,6,16.666666666666664,1,5,1,2.7777777777777777
1230,1231,diag_1,428,36,2,5.555555555555555,1,1,1,2.7777777777777777
1230,1231,diag_2,428,36,4,11.11111111111111,1,3,1,2.7777777777777777
1230,1231,diag_3,250,36,5,13.88888888888889,1,4,1,2.7777777777777777
1231,1232,diag_1,428,36,3,8.333333333333332,1,2,1,2.7777777777777777
1231,1232,diag_2,428,36,1,2.7777777777777777,1,0,1,2.7777777777777777
1231,1232,diag_3,250,36,4,11.11111111111111,1,3,1,2.7777777777777777
1232,1233,diag_1,428,36,4,11.11111111111111,1,3,1,2.7777777777777777
1232,1233,diag_2,428,36,4,11.11111111111111,1,3,1,2.7777777777777777
1232,1233,diag_3,250,36,3,8.333333333333332,1,2,1,2.7777777777777777
1233,1234,diag_1,428,36,2,5.555555555555555,1,1,1,2.7777777777777777
1233,1234,diag_2,428,36,1,2.7777777777777777,1,0,1,2.7777777777777777
1233,1234,diag_3,250,36,3,8.333333333333332,1,2,1,2.7777777777777777
1234,1235,diag_1,428,36,6,16.666666666666664,1,5,1,2.7777777777777777
1234,1235,diag_2,428,36,3,8.333333333333332,1,2,1,2.7777777777777777
1234,1235,diag_3,250,36,6,16.666666666666664,1,5,1,2.7777777777777777
1235,1236,diag_1,428,36,4,11.11111111111111,1,3,1,2.7777777777777777
1235,1236,diag_2,428,36,0,0.0,1,0,0,0.0
1235,1236,diag_3,250,36,2,5.555555555555555,1,1,1,2.7777777777777777
1236,1237,diag_1,428,36,5,13.88888888888889,1,4,1,2.7777777777777777
1236,1237,diag_2,428,36,1,2.7777777777777777,1,0,1,2.7777777777777777
1236,1237,diag_3,250,36,4,11.11111111111111,1,3,1,2.7777777777777777
1237,1238,diag_1,428,36,2,5.555555555555555,1,1,1,2.7777777777777777
1237,1238,diag_2,428,36,2,5.555555555555555,1,1,1,2.7777777777777777
1237,1238,diag_3,250,36,4,11.11111111111111,1,3,1,2.7777777777777777
1238,1239,diag_1,428,36,3,8.333333333333332,1,2,1,2.7777777777777777
1238,1239,diag_2,428,36,6,16.666666666666664,1,5,1,2.7777777777777777
1238,1239,diag_3,250,36,2,5.555555555555555,1,1,1,2.7777777777777777
1239,1240,diag_1,428,36,3,8.333333333333332,1,2,1,2.7777777777777777
1239,1240,diag_2,428,36,3,8.333333333333332,1,2,1,2.7777777777777777
1239,1240,diag_3,250,36,3,8.333333333333332,1,2,1,2.7777777777777777
1240,1241,diag_1,428,36,0,0.0,1,0,0,0.0
1240,1241,diag_2,428,36,3,8.333333333333332,1,2,1,2.7777777777777777
1240,1241,diag_3,250,36,7,19.444444444444446,1,6,1,2.7777777777777777
1241,1242,diag_1,428,36,3,8.333333333333332,1,2,1,2.7777777777777777
1241,1242,diag_2,428,36,3,8.333333333333332,1,2,1,2.7777777777777777
1241,1242,diag_3,250,36,2,5.555555555555555,1,1,1,2.7777777777777777
1242,1243,diag_1,428,36,4,11.11111111111111,1,3,1,2.7777777777777777
1242,1243,diag_2,428,36,6,16.666666666666664,1,5,1,2.7777777777777777
1242,1243,diag_3,250,36,5,13.88888888888889,1,4,1,2.7777777777777777
1243,1244,diag_1,428,36,4,11.11111111111111,1,3,1,2.7777777777777777
1243,1244,diag_2,428,36,1,2.7777777777777777,1,0,1,2.7777777777777777
1243,1244,diag_3,250,36,3,8.333333333333332,1,2,1,2.7777777777777777
1244,1245,diag_1,428,36,3,8.333333333333332,1,2,1,2.7777777777777777
1244,1245,diag_2,428,36,3,8.333333333333332,1,2,1,2.7777777777777777
1244,1245,diag_3,250,36,7,19.444444444444446,1,6,1,2.7777777777777777
1245,1246,diag_1,428,36,1,2.7777777777777777,1,0,1,2.7777777777777777
1245,1246,diag_2,428,36,0,0.0,1,0,0,0.0
1245,1246,diag_3,250,36,4,11.11111111111111,1,3,1,2.7777777777777777
1246,1247,diag_1,428,36,5,13.88888888888889,1,4,1,2.7777777777777777
1246,1247,diag_2,428,36,3,8.333333333333332,1,2,1,2.7777777777777777
1246,1247,diag_3,250,36,2,5.555555555555555,1,1,1,2.7777777777777777
1247,1248,diag_1,428,36,0,0.0,1,0,0,0.0
1247,1248,diag_2,428,36,3,8.333333333333332,1,2,1,2.7777777777777777
1247,1248,diag_3,250,36,4,11.11111111111111,1,3,1,2.7777777777777777
1248,1249,diag_1,428,36,0,0.0,1,0,0,0.0
1248,1249,diag_2,428,36,3,8.333333333333332,1,2,1,2.7777777777777777
1248,1249,diag_3,250,36,3,8.333333333333332,1,2,1,2.7777777777777777
1249,1250,diag_1,428,36,2,5.555555555555555,1,1,1,2.7777777777777777
1249,1250,diag_2,428,36,7,19.444444444444446,1,6,1,2.7777777777777777
1249,1250,diag_3,250,36,3,8.333333333333332,1,2,1,2.7777777777777777
1250,1251,diag_1,428,36,2,5.555555555555555,1,1,1,2.7777777777777777
1250,1251,diag_2,428,36,2,5.555555555555555,1,1,1,2.7777777777777777
1250,1251,diag_3,250,36,1,2.7777777777777777,1,0,1,2.7777777777777777
1251,1252,diag_1,428,36,2,5.555555555555555,1,1,1,2.7777777777777777
1251,1252,diag_2,428,36,2,5.555555555555555,1,1,1,2.7777777777777777
1251,1252,diag_3,250,36,7,19.444444444444446,1,6,1,2.7777777777777777
1252,1253,diag_1,428,36,3,8.333333333333332,1,2,1,2.7777777777777777
1252,1253,diag_2,428,36,3,8.333333333333332,1,2,1,2.7777777777777777
1252,1253,diag_3,250,36,6,16.666666666666664,1,5,1,2.7777777777777777
1253,1254,diag_1,428,36,0,0.0,1,0,0,0.0
1253,1254,diag_2,428,36,2,5.555555555555555,1,1,1,2.7777777777777777
1253,1254,diag_3,250,36,9,25.0,1,8,1,2.7777777777777777
1254,1255,diag_1,428,36,1,2.7777777777777777,1,0,1,2.7777777777777777
1254,1255,diag_2,428,36,2,5.555555555555555,1,1,1,2.7777777777777777
1254,1255,diag_3,250,36,3,8.333333333333332,1,2,1,2.7777777777777777
1255,1256,diag_1,428,36,1,2.7777777777777777,1,0,1,2.7777777777777777
1255,1256,diag_2,428,36,1,2.7777777777777777,1,0,1,2.7777777777777777
1255,1256,diag_3,250,36,6,16.666666666666664,1,5,1,2.7777777777777777
1256,1257,diag_1,428,36,4,11.11111111111111,1,3,1,2.7777777777777777
1256,1257,diag_2,428,36,1,2.7777777777777777,1,0,1,2.7777777777777777
1256,1257,diag_3,250,36,5,13.88888888888889,1,4,1,2.7777777777777777
1257,1258,diag_1,428,36,3,8.333333333333332,1,2,1,2.7777777777777777
1257,1258,diag_2,428,36,1,2.7777777777777777,1,0,1,2.7777777777777777
1257,1258,diag_3,250,36,4,11.11111111111111,1,3,1,2.7777777777777777
1258,1259,diag_1,428,36,2,5.555555555555555,1,1,1,2.7777777777777777
1258,1259,diag_2,428,36,2,5.555555555555555,1,1,1,2.7777777777777777
1258,1259,diag_3,250,36,5,13.88888888888889,1,4,1,2.7777777777777777
1259,1260,diag_1,428,36,4,11.11111111111111,1,3,1,2.7777777777777777
1259,1260,diag_2,428,36,5,13.88888888888889,1,4,1,2.7777777777777777
1259,1260,diag_3,250,36,1,2.7777777777777777,1,0,1,2.7777777777777777
1260,1261,diag_1,428,36,2,5.555555555555555,1,1,1,2.7777777777777777
1260,1261,diag_2,428,36,3,8.333333333333332,1,2,1,2.7777777777777777
1260,1261,diag_3,250,36,0,0.0,1,0,0,0.0
1261,1262,diag_1,428,36,1,2.7777777777777777,1,0,1,2.7777777777777777
1261,1262,diag_2,428,36,2,5.555555555555555,1,1,1,2.7777777777777777
1261,1262,diag_3,250,36,4,11.11111111111111,1,3,1,2.7777777777777777
1262,1263,diag_1,428,36,4,11.11111111111111,1,3,1,2.7777777777777777
1262,1263,diag_2,428,36,3,8.333333333333332,1,2,1,2.7777777777777777
1262,1263,diag_3,250,36,4,11.11111111111111,1,3,1,2.7777777777777777
1263,1264,diag_1,428,36,3,8.333333333333332,1,2,1,2.7777777777777777
1263,1264,diag_2,428,36,3,8.333333333333332,1,2,1,2.7777777777777777
1263,1264,diag_3,250,36,3,8.333333333333332,1,2,1,2.7777777777777777
1264,1265,diag_1,428,36,1,2.7777777777777777,1,0,1,2.7777777777777777
1264,1265,diag_2,428,36,3,8.333333333333332,1,2,1,2.7777777777777777
1264,1265,diag_3,250,36,6,16.666666666666664,1,5,1,2.7777777777777777
1265,1266,diag_1,428,36,4,11.11111111111111,1,3,1,2.7777777777777777
1265,1266,diag_2,428,36,4,11.11111111111111,1,3,1,2.7777777777777777
1265,1266,diag_3,250,36,4,11.11111111111111,1,3,1,2.7777777777777777
1266,1267,diag_1,428,36,0,0.0,1,0,0,0.0
1266,1267,diag_2,428,36,3,8.333333333333332,1,2,1,2.7777777777777777
1266,1267,diag_3,250,36,5,13.88888888888889,1,4,1,2.7777777777777777
1267,1268,diag_1,428,36,3,8.333333333333332,1,2,1,2.7777777777777777
1267,1268,diag_2,428,36,1,2.7777777777777777,1,0,1,2.7777777777777777
1267,1268,diag_3,250,36,5,13.88888888888889,1,4,1,2.7777777777777777
1268,1269,diag_1,428,36,5,13.88888888888889,1,4,1,2.7777777777777777
1268,1269,diag_2,428,36,1,2.7777777777777777,1,0,1,2.7777777777777777
1268,1269,diag_3,250,36,3,8.333333333333332,1,2,1,2.7777777777777777
1269,1270,diag_1,428,36,4,11.11111111111111,1,3,1,2.7777777777777777
1269,1270,diag_2,428,36,3,8.333333333333332,1,2,1,2.7777777777777777
1269,1270,diag_3,250,36,3,8.333333333333332,1,2,1,2.7777777777777777
1270,1271,diag_1,428,36,2,5.555555555555555,1,1,1,2.7777777777777777
1270,1271,diag_2,428,36,4,11.11111111111111,1,3,1,2.7777777777777777
1270,1271,diag_3,250,36,2,5.555555555555555,1,1,1,2.7777777777777777
1271,1272,diag_1,428,36,3,8.333333333333332,1,2,1,2.7777777777777777
1271,1272,diag_2,428,36,0,0.0,1,0,0,0.0
1271,1272,diag_3,250,36,4,11.11111111111111,1,3,1,2.7777777777777777
1272,1273,diag_1,428,36,2,5.555555555555555,1,1,1,2.7777777777777777
1272,1273,diag_2,428,36,0,0.0,1,0,0,0.0
1272,1273,diag_3,250,36,4,11.11111111111111,1,3,1,2.7777777777777777
1273,1274,diag_1,428,36,2,5.555555555555555,1,1,1,2.7777777777777777
1273,1274,diag_2,428,36,1,2.7777777777777777,1,0,1,2.7777777777777777
1273,1274,diag_3,250,36,1,2.7777777777777777,1,0,1,2.7777777777777777
1274,1275,diag_1,428,36,0,0.0,1,0,0,0.0
1274,1275,diag_2,428,36,6,16.666666666666664,1,5,1,2.7777777777777777
1274,1275,diag_3,250,36,1,2.7777777777777777,1,0,1,2.7777777777777777
1275,1276,diag_1,428,36,1,2.7777777777777777,1,0,1,2.7777777777777777
1275,1276,diag_2,428,36,2,5.555555555555555,1,1,1,2.7777777777777777
1275,1276,diag_3,250,36,5,13.88888888888889,1,4,1,2.7777777777777777
1276,1277,diag_1,428,36,1,2.7777777777777777,1,0,1,2.7777777777777777
1276,1277,diag_2,428,36,6,16.666666666666664,1,5,1,2.7777777777777777
1276,1277,diag_3,250,36,5,13.88888888888889,1,4,1,2.7777777777777777
1277,1278,diag_1,428,36,3,8.333333333333332,1,2,1,2.7777777777777777
1277,1278,diag_2,428,36,3,8.333333333333332,1,2,1,2.7777777777777777
1277,1278,diag_3,250,36,5,13.88888888888889,1,4,1,2.7777777777777777
1278,1279,diag_1,428,36,4,11.11111111111111,1,3,1,2.7777777777777777
1278,1279,diag_2,428,36,0,0.0,1,0,0,0.0
1278,1279,diag_3,250,36,5,13.88888888888889,1,4,1,2.7777777777777777
1279,1280,diag_1,428,36,2,5.555555555555555,1,1,1,2.7777777777777777
1279,1280,diag_2,428,36,4,11.11111111111111,1,3,1,2.7777777777777777
1279,1280,diag_3,250,36,5,13.88888888888889,1,4,1,2.7777777777777777
1280,1281,diag_1,428,36,1,2.7777777777777777,1,0,1,2.7777777777777777
1280,1281,diag_2,428,36,4,11.11111111111111,1,3,1,2.7777777777777777
1280,1281,diag_3,250,36,4,11.11111111111111,1,3,1,2.7777777777777777
1281,1282,diag_1,428,36,0,0.0,1,0,0,0.0
1281,1282,diag_2,428,36,3,8.333333333333332,1,2,1,2.7777777777777777
1281,1282,diag_3,250,36,4,11.11111111111111,1,3,1,2.7777777777777777
1282,1283,diag_1,428,36,4,11.11111111111111,1,3,1,2.7777777777777777
1282,1283,diag_2,428,36,4,11.11111111111111,1,3,1,2.7777777777777777
1282,1283,diag_3,250,36,3,8.333333333333332,1,2,1,2.7777777777777777
1283,1284,diag_1,428,36,4,11.11111111111111,1,3,1,2.7777777777777777
1283,1284,diag_2,428,36,7,19.444444444444446,1,6,1,2.7777777777777777
1283,1284,diag_3,250,36,4,11.11111111111111,1,3,1,2.7777777777777777
1284,1285,diag_1,428,36,5,13.88888888888889,1,4,1,2.7777777777777777
1284,1285,diag_2,428,36,1,2.7777777777777777,1,0,1,2.7777777777777777
1284,1285,diag_3,250,36,4,11.11111111111111,1,3,1,2.7777777777777777
1285,1286,diag_1,428,36,2,5.555555555555555,1,1,1,2.7777777777777777
1285,1286,diag_2,428,36,0,0.0,1,0,0,0.0
1285,1286,diag_3,250,36,6,16.666666666666664,1,5,1,2.7777777777777777
1286,1287,diag_1,428,36,6,16.666666666666664,1,5,1,2.7777777777777777
1286,1287,diag_2,428,36,1,2.7777777777777777,1,0,1,2.7777777777777777
1286,1287,diag_3,250,36,4,11.11111111111111,1,3,1,2.7777777777777777
1287,1288,diag_1,428,36,1,2.7777777777777777,1,0,1,2.7777777777777777
1287,1288,diag_2,428,36,3,8.333333333333332,1,2,1,2.7777777777777777
1287,1288,diag_3,250,36,5,13.88888888888889,1,4,1,2.7777777777777777
1288,1289,diag_1,428,36,7,19.444444444444446,1,6,1,2.7777777777777777
1288,1289,diag_2,428,36,1,2.7777777777777777,1,0,1,2.7777777777777777
1288,1289,diag_3,250,36,5,13.88888888888889,1,4,1,2.7777777777777777
1289,1290,diag_1,428,36,3,8.333333333333332,1,2,1,2.7777777777777777
1289,1290,diag_2,428,36,1,2.7777777777777777,1,0,1,2.7777777777777777
1289,1290,diag_3,250,36,3,8.333333333333332,1,2,1,2.7777777777777777
1290,1291,diag_1,428,36,3,8.333333333333332,1,2,1,2.7777777777777777
1290,1291,diag_2,428,36,2,5.555555555555555,1,1,1,2.7777777777777777
1290,1291,diag_3,250,36,2,5.555555555555555,1,1,1,2.7777777777777777
1291,1292,diag_1,428,36,4,11.11111111111111,1,3,1,2.7777777777777777
1291,1292,diag_2,428,36,1,2.7777777777777777,1,0,1,2.7777777777777777
1291,1292,diag_3,250,36,2,5.555555555555555,1,1,1,2.7777777777777777
1292,1293,diag_1,428,36,2,5.555555555555555,1,1,1,2.7777777777777777
1292,1293,diag_2,428,36,6,16.666666666666664,1,5,1,2.7777777777777777
1292,1293,diag_3,250,36,5,13.88888888888889,1,4,1,2.7777777777777777
1293,1294,diag_1,428,36,3,8.333333333333332,1,2,1,2.7777777777777777
1293,1294,diag_2,428,36,0,0.0,1,0,0,0.0
1293,1294,diag_3,250,36,6,16.666666666666664,1,5,1,2.7777777777777777
1294,1295,diag_1,428,36,1,2.7777777777777777,1,0,1,2.7777777777777777
1294,1295,diag_2,428,36,5,13.88888888888889,1,4,1,2.7777777777777777
1294,1295,diag_3,250,36,4,11.11111111111111,1,3,1,2.7777777777777777
1295,1296,diag_1,428,36,2,5.555555555555555,1,1,1,2.7777777777777777
1295,1296,diag_2,428,36,1,2.7777777777777777,1,0,1,2.7777777777777777
1295,1296,diag_3,250,36,1,2.7777777777777777,1,0,1,2.7777777777777777
1296,1297,diag_1,428,36,1,2.7777777777777777,1,0,1,2.7777777777777777
1296,1297,diag_2,428,36,1,2.7777777777777777,1,0,1,2.7777777777777777
1296,1297,diag_3,250,36,3,8.333333333333332,1,2,1,2.7777777777777777
1297,1298,diag_1,428,36,3,8.333333333333332,1,2,1,2.7777777777777777
1297,1298,diag_2,428,36,2,5.555555555555555,1,1,1,2.7777777777777777
1297,1298,diag_3,250,36,2,5.555555555555555,1,1,1,2.7777777777777777
1298,1299,diag_1,428,36,3,8.333333333333332,1,2,1,2.7777777777777777
1298,1299,diag_2,428,36,0,0.0,1,0,0,0.0
1298,1299,diag_3,250,36,3,8.333333333333332,1,2,1,2.7777777777777777
1299,1300,diag_1,428,36,1,2.7777777777777777,1,0,1,2.7777777777777777
1299,1300,diag_2,428,36,5,13.88888888888889,1,4,1,2.7777777777777777
1299,1300,diag_3,250,36,3,8.333333333333332,1,2,1,2.7777777777777777
1300,1301,diag_1,428,36,1,2.7777777777777777,1,0,1,2.7777777777777777
1300,1301,diag_2,428,36,3,8.333333333333332,1,2,1,2.7777777777777777
1300,1301,diag_3,250,36,5,13.88888888888889,1,4,1,2.7777777777777777
1301,1302,diag_1,428,36,1,2.7777777777777777,1,0,1,2.7777777777777777
1301,1302,diag_2,428,36,4,11.11111111111111,1,3,1,2.7777777777777777
1301,1302,diag_3,250,36,5,13.88888888888889,1,4,1,2.7777777777777777
1302,1303,diag_1,428,36,1,2.7777777777777777,1,0,1,2.7777777777777777
1302,1303,diag_2,428,36,3,8.333333333333332,1,2,1,2.7777777777777777
1302,1303,diag_3,250,36,2,5.555555555555555,1,1,1,2.7777777777777777
1303,1304,diag_1,428,36,3,8.333333333333332,1,2,1,2.7777777777777777
1303,1304,diag_2,428,36,3,8.333333333333332,1,2,1,2.7777777777777777
1303,1304,diag_3,250,36,6,16.666666666666664,1,5,1,2.7777777777777777
1304,1305,diag_1,428,36,1,2.7777777777777777,1,0,1,2.7777777777777777
1304,1305,diag_2,428,36,1,2.7777777777777777,1,0,1,2.7777777777777777
1304,1305,diag_3,250,36,2,5.555555555555555,1,1,1,2.7777777777777777
1305,1306,diag_1,428,36,5,13.88888888888889,1,4,1,2.7777777777777777
1305,1306,diag_2,428,36,2,5.555555555555555,1,1,1,2.7777777777777777
1305,1306,diag_3,250,36,3,8.333333333333332,1,2,1,2.7777777777777777
1306,1307,diag_1,428,36,5,13.88888888888889,1,4,1,2.7777777777777777
1306,1307,diag_2,428,36,1,2.7777777777777777,1,0,1,2.7777777777777777
1306,1307,diag_3,250,36,8,22.22222222222222,1,7,1,2.7777777777777777
1307,1308,diag_1,428,36,2,5.555555555555555,1,1,1,2.7777777777777777
1307,1308,diag_2,428,36,2,5.555555555555555,1,1,1,2.7777777777777777
1307,1308,diag_3,250,36,8,22.22222222222222,1,7,1,2.7777777777777777
1308,1309,diag_1,428,36,1,2.7777777777777777,1,0,1,2.7777777777777777
1308,1309,diag_2,428,36,5,13.88888888888889,1,4,1,2.7777777777777777
1308,1309,diag_3,250,36,6,16.666666666666664,1,5,1,2.7777777777777777
1309,1310,diag_1,428,36,3,8.333333333333332,1,2,1,2.7777777777777777
1309,1310,diag_2,428,36,3,8.333333333333332,1,2,1,2.7777777777777777
1309,1310,diag_3,250,36,4,11.11111111111111,1,3,1,2.7777777777777777
1310,1311,diag_1,428,36,1,2.7777777777777777,1,0,1,2.7777777777777777
1310,1311,diag_2,428,36,1,2.7777777777777777,1,0,1,2.7777777777777777
1310,1311,diag_3,250,36,4,11.11111111111111,1,3,1,2.7777777777777777
1311,1312,diag_1,428,36,3,8.333333333333332,1,2,1,2.7777777777777777
1311,1312,diag_2,428,36,2,5.555555555555555,1,1,1,2.7777777777777777
1311,1312,diag_3,250,36,5,13.88888888888889,1,4,1,2.7777777777777777
1312,1313,diag_1,428,36,4,11.11111111111111,1,3,1,2.7777777777777777
1312,1313,diag_2,428,36,0,0.0,1,0,0,0.0
1312,1313,diag_3,250,36,5,13.88888888888889,1,4,1,2.7777777777777777
1313,1314,diag_1,428,36,1,2.7777777777777777,1,0,1,2.7777777777777777
1313,1314,diag_2,428,36,5,13.88888888888889,1,4,1,2.7777777777777777
1313,1314,diag_3,250,36,2,5.555555555555555,1,1,1,2.7777777777777777
1314,1315,diag_1,428,36,4,11.11111111111111,1,3,1,2.7777777777777777
1314,1315,diag_2,428,36,2,5.555555555555555,1,1,1,2.7777777777777777
1314,1315,diag_3,250,36,4,11.11111111111111,1,3,1,2.7777777777777777
1315,1316,diag_1,428,36,3,8.333333333333332,1,2,1,2.7777777777777777
1315,1316,diag_2,428,36,2,5.555555555555555,1,1,1,2.7777777777777777
1315,1316,diag_3,250,36,5,13.88888888888889,1,4,1,2.7777777777777777
1316,1317,diag_1,428,36,1,2.7777777777777777,1,0,1,2.7777777777777777
1316,1317,diag_2,428,36,4,11.11111111111111,1,3,1,2.7777777777777777
1316,1317,diag_3,250,36,2,5.555555555555555,1,1,1,2.7777777777777777
1317,1318,diag_1,428,36,5,13.88888888888889,1,4,1,2.7777777777777777
1317,1318,diag_2,428,36,7,19.444444444444446,1,6,1,2.7777777777777777
1317,1318,diag_3,250,36,6,16.666666666666664,1,5,1,2.7777777777777777
1318,1319,diag_1,428,36,0,0.0,1,0,0,0.0
1318,1319,diag_2,428,36,1,2.7777777777777777,1,0,1,2.7777777777777777
1318,1319,diag_3,250,36,5,13.88888888888889,1,4,1,2.7777777777777777
1319,1320,diag_1,428,36,3,8.333333333333332,1,2,1,2.7777777777777777
1319,1320,diag_2,428,36,2,5.555555555555555,1,1,1,2.7777777777777777
1319,1320,diag_3,250,36,3,8.333333333333332,1,2,1,2.7777777777777777
1320,1321,diag_1,428,36,3,8.333333333333332,1,2,1,2.7777777777777777
1320,1321,diag_2,428,36,6,16.666666666666664,1,5,1,2.7777777777777777
1320,1321,diag_3,250,36,3,8.333333333333332,1,2,1,2.7777777777777777
1321,1322,diag_1,428,36,5,13.88888888888889,1,4,1,2.7777777777777777
1321,1322,diag_2,428,36,5,13.88888888888889,1,4,1,2.7777777777777777
1321,1322,diag_3,250,36,4,11.11111111111111,1,3,1,2.7777777777777777
1322,1323,diag_1,428,36,2,5.555555555555555,1,1,1,2.7777777777777777
1322,1323,diag_2,428,36,2,5.555555555555555,1,1,1,2.7777777777777777
1322,1323,diag_3,250,36,1,2.7777777777777777,1,0,1,2.7777777777777777
1323,1324,diag_1,428,36,2,5.555555555555555,1,1,1,2.7777777777777777
1323,1324,diag_2,428,36,3,8.333333333333332,1,2,1,2.7777777777777777
1323,1324,diag_3,250,36,6,16.666666666666664,1,5,1,2.7777777777777777
1324,1325,diag_1,428,36,3,8.333333333333332,1,2,1,2.7777777777777777
1324,1325,diag_2,428,36,1,2.7777777777777777,1,0,1,2.7777777777777777
1324,1325,diag_3,250,36,4,11.11111111111111,1,3,1,2.7777777777777777
1325,1326,diag_1,428,36,1,2.7777777777777777,1,0,1,2.7777777777777777
1325,1326,diag_2,428,36,1,2.7777777777777777,1,0,1,2.7777777777777777
1325,1326,diag_3,250,36,3,8.333333333333332,1,2,1,2.7777777777777777
1326,1327,diag_1,428,36,3,8.333333333333332,1,2,1,2.7777777777777777
1326,1327,diag_2,428,36,0,0.0,1,0,0,0.0
1326,1327,diag_3,250,36,4,11.11111111111111,1,3,1,2.7777777777777777
1327,1328,diag_1,428,36,2,5.555555555555555,1,1,1,2.7777777777777777
1327,1328,diag_2,428,36,1,2.7777777777777777,1,0,1,2.7777777777777777
1327,1328,diag_3,250,36,2,5.555555555555555,1,1,1,2.7777777777777777
1328,1329,diag_1,428,36,1,2.7777777777777777,1,0,1,2.7777777777777777
1328,1329,diag_2,428,36,3,8.333333333333332,1,2,1,2.7777777777777777
1328,1329,diag_3,250,36,5,13.88888888888889,1,4,1,2.7777777777777777
1329,1330,diag_1,428,36,2,5.555555555555555,1,1,1,2.7777777777777777
1329,1330,diag_2,428,36,2,5.555555555555555,1,1,1,2.7777777777777777
1329,1330,diag_3,250,36,2,5.555555555555555,1,1,1,2.7777777777777777
1330,1331,diag_1,428,36,3,8.333333333333332,1,2,1,2.7777777777777777
1330,1331,diag_2,428,36,4,11.11111111111111,1,3,1,2.7777777777777777
1330,1331,diag_3,250,36,2,5.555555555555555,1,1,1,2.7777777777777777
1331,1332,diag_1,428,36,4,11.11111111111111,1,3,1,2.7777777777777777
1331,1332,diag_2,428,36,2,5.555555555555555,1,1,1,2.7777777777777777
1331,1332,diag_3,250,36,4,11.11111111111111,1,3,1,2.7777777777777777
1332,1333,diag_1,428,36,1,2.7777777777777777,1,0,1,2.7777777777777777
1332,1333,diag_2,428,36,6,16.666666666666664,1,5,1,2.7777777777777777
1332,1333,diag_3,250,36,4,11.11111111111111,1,3,1,2.7777777777777777
1333,1334,diag_1,428,36,3,8.333333333333332,1,2,1,2.7777777777777777
1333,1334,diag_2,428,36,3,8.333333333333332,1,2,1,2.7777777777777777
1333,1334,diag_3,250,36,5,13.88888888888889,1,4,1,2.7777777777777777
1334,1335,diag_1,428,36,1,2.7777777777777777,1,0,1,2.7777777777777777
1334,1335,diag_2,428,36,4,11.11111111111111,1,3,1,2.7777777777777777
1334,1335,diag_3,250,36,3,8.333333333333332,1,2,1,2.7777777777777777
1335,1336,diag_1,428,36,3,8.333333333333332,1,2,1,2.7777777777777777
1335,1336,diag_2,428,36,4,11.11111111111111,1,3,1,2.7777777777777777
1335,1336,diag_3,250,36,1,2.7777777777777777,1,0,1,2.7777777777777777
1336,1337,diag_1,428,36,2,5.555555555555555,1,1,1,2.7777777777777777
1336,1337,diag_2,428,36,1,2.7777777777777777,1,0,1,2.7777777777777777
1336,1337,diag_3,250,36,5,13.88888888888889,1,4,1,2.7777777777777777
1337,1338,diag_1,428,36,2,5.555555555555555,1,1,1,2.7777777777777777
1337,1338,diag_2,428,36,1,2.7777777777777777,1,0,1,2.7777777777777777
1337,1338,diag_3,250,36,4,11.11111111111111,1,3,1,2.7777777777777777
1338,1339,diag_1,428,36,3,8.333333333333332,1,2,1,2.7777777777777777
1338,1339,diag_2,428,36,1,2.7777777777777777,1,0,1,2.7777777777777777
1338,1339,diag_3,250,36,6,16.666666666666664,1,5,1,2.7777777777777777
1339,1340,diag_1,428,36,4,11.11111111111111,1,3,1,2.7777777777777777
1339,1340,diag_2,428,36,3,8.333333333333332,1,2,1,2.7777777777777777
1339,1340,diag_3,250,36,4,11.11111111111111,1,3,1,2.7777777777777777
1340,1341,diag_1,428,36,2,5.555555555555555,1,1,1,2.7777777777777777
1340,1341,diag_2,428,36,9,25.0,1,8,1,2.7777777777777777
1340,1341,diag_3,250,36,7,19.444444444444446,1,6,1,2.7777777777777777
1341,1342,diag_1,428,36,2,5.555555555555555,1,1,1,2.7777777777777777
1341,1342,diag_2,428,36,3,8.333333333333332,1,2,1,2.7777777777777777
1341,1342,diag_3,250,36,5,13.88888888888889,1,4,1,2.7777777777777777
1342,1343,diag_1,428,36,1,2.7777777777777777,1,0,1,2.7777777777777777
1342,1343,diag_2,428,36,1,2.7777777777777777,1,0,1,2.7777777777777777
1342,1343,diag_3,250,36,7,19.444444444444446,1,6,1,2.7777777777777777
1343,1344,diag_1,428,36,1,2.7777777777777777,1,0,1,2.7777777777777777
1343,1344,diag_2,428,36,1,2.7777777777777777,1,0,1,2.7777777777777777
1343,1344,diag_3,250,36,6,16.666666666666664,1,5,1,2.7777777777777777
1344,1345,diag_1,428,36,4,11.11111111111111,1,3,1,2.7777777777777777
1344,1345,diag_2,428,36,4,11.11111111111111,1,3,1,2.7777777777777777
1344,1345,diag_3,250,36,6,16.666666666666664,1,5,1,2.7777777777777777
1345,1346,diag_1,428,36,2,5.555555555555555,1,1,1,2.7777777777777777
1345,1346,diag_2,428,36,1,2.7777777777777777,1,0,1,2.7777777777777777
1345,1346,diag_3,250,36,4,11.11111111111111,1,3,1,2.7777777777777777
1346,1347,diag_1,428,36,6,16.666666666666664,1,5,1,2.7777777777777777
1346,1347,diag_2,428,36,4,11.11111111111111,1,3,1,2.7777777777777777
1346,1347,diag_3,250,36,6,16.666666666666664,1,5,1,2.7777777777777777
1347,1348,diag_1,428,36,1,2.7777777777777777,1,0,1,2.7777777777777777
1347,1348,diag_2,428,36,1,2.7777777777777777,1,0,1,2.7777777777777777
1347,1348,diag_3,250,36,3,8.333333333333332,1,2,1,2.7777777777777777
1348,1349,diag_1,428,36,1,2.7777777777777777,1,0,1,2.7777777777777777
1348,1349,diag_2,428,36,1,2.7777777777777777,1,0,1,2.7777777777777777
1348,1349,diag_3,250,36,3,8.333333333333332,1,2,1,2.7777777777777777
1349,1350,diag_1,428,36,3,8.333333333333332,1,2,1,2.7777777777777777
1349,1350,diag_2,428,36,1,2.7777777777777777,1,0,1,2.7777777777777777
1349,1350,diag_3,250,36,3,8.333333333333332,1,2,1,2.7777777777777777
1350,1351,diag_1,428,36,3,8.333333333333332,1,2,1,2.7777777777777777
1350,1351,diag_2,428,36,2,5.555555555555555,1,1,1,2.7777777777777777
1350,1351,diag_3,250,36,3,8.333333333333332,1,2,1,2.7777777777777777
1351,1352,diag_1,428,36,2,5.555555555555555,1,1,1,2.7777777777777777
1351,1352,diag_2,428,36,4,11.11111111111111,1,3,1,2.7777777777777777
1351,1352,diag_3,250,36,2,5.555555555555555,1,1,1,2.7777777777777777
1352,1353,diag_1,428,36,4,11.11111111111111,1,3,1,2.7777777777777777
1352,1353,diag_2,428,36,0,0.0,1,0,0,0.0
1352,1353,diag_3,250,36,2,5.555555555555555,1,1,1,2.7777777777777777
1353,1354,diag_1,428,36,1,2.7777777777777777,1,0,1,2.7777777777777777
1353,1354,diag_2,428,36,2,5.555555555555555,1,1,1,2.7777777777777777
1353,1354,diag_3,250,36,5,13.88888888888889,1,4,1,2.7777777777777777
1354,1355,diag_1,428,36,2,5.555555555555555,1,1,1,2.7777777777777777
1354,1355,diag_2,428,36,1,2.7777777777777777,1,0,1,2.7777777777777777
1354,1355,diag_3,250,36,3,8.333333333333332,1,2,1,2.7777777777777777
1355,1356,diag_1,428,36,3,8.333333333333332,1,2,1,2.7777777777777777
1355,1356,diag_2,428,36,2,5.555555555555555,1,1,1,2.7777777777777777
1355,1356,diag_3,250,36,2,5.555555555555555,1,1,1,2.7777777777777777
1356,1357,diag_1,428,36,1,2.7777777777777777,1,0,1,2.7777777777777777
1356,1357,diag_2,428,36,0,0.0,1,0,0,0.0
1356,1357,diag_3,250,36,4,11.11111111111111,1,3,1,2.7777777777777777
1357,1358,diag_1,428,36,2,5.555555555555555,1,1,1,2.7777777777777777
1357,1358,diag_2,428,36,1,2.7777777777777777,1,0,1,2.7777777777777777
1357,1358,diag_3,250,36,6,16.666666666666664,1,5,1,2.7777777777777777
1358,1359,diag_1,428,36,3,8.333333333333332,1,2,1,2.7777777777777777
1358,1359,diag_2,428,36,3,8.333333333333332,1,2,1,2.7777777777777777
1358,1359,diag_3,250,36,2,5.555555555555555,1,1,1,2.7777777777777777
1359,1360,diag_1,428,36,0,0.0,1,0,0,0.0
1359,1360,diag_2,428,36,3,8.333333333333332,1,2,1,2.7777777777777777
1359,1360,diag_3,250,36,3,8.333333333333332,1,2,1,2.7777777777777777
1360,1361,diag_1,428,36,4,11.11111111111111,1,3,1,2.7777777777777777
1360,1361,diag_2,428,36,6,16.666666666666664,1,5,1,2.7777777777777777
1360,1361,diag_3,250,36,2,5.555555555555555,1,1,1,2.7777777777777777
1361,1362,diag_1,428,36,4,11.11111111111111,1,3,1,2.7777777777777777
1361,1362,diag_2,428,36,3,8.333333333333332,1,2,1,2.7777777777777777
1361,1362,diag_3,250,36,4,11.11111111111111,1,3,1,2.7777777777777777
1362,1363,diag_1,428,36,3,8.333333333333332,1,2,1,2.7777777777777777
1362,1363,diag_2,428,36,2,5.555555555555555,1,1,1,2.7777777777777777
1362,1363,diag_3,250,36,4,11.11111111111111,1,3,1,2.7777777777777777
1363,1364,diag_1,428,36,2,5.555555555555555,1,1,1,2.7777777777777777
1363,1364,diag_2,428,36,4,11.11111111111111,1,3,1,2.7777777777777777
1363,1364,diag_3,250,36,4,11.11111111111111,1,3,1,2.7777777777777777
1364,1365,diag_1,428,36,2,5.555555555555555,1,1,1,2.7777777777777777
1364,1365,diag_2,428,36,4,11.11111111111111,1,3,1,2.7777777777777777
1364,1365,diag_3,250,36,2,5.555555555555555,1,1,1,2.7777777777777777
1365,1366,diag_1,428,36,2,5.555555555555555,1,1,1,2.7777777777777777
1365,1366,diag_2,428,36,1,2.7777777777777777,1,0,1,2.7777777777777777
1365,1366,diag_3,250,36,3,8.333333333333332,1,2,1,2.7777777777777777
1366,1367,diag_1,428,36,2,5.555555555555555,1,1,1,2.7777777777777777
1366,1367,diag_2,428,36,4,11.11111111111111,1,3,1,2.7777777777777777
1366,1367,diag_3,250,36,3,8.333333333333332,1,2,1,2.7777777777777777
1367,1368,diag_1,428,36,4,11.11111111111111,1,3,1,2.7777777777777777
1367,1368,diag_2,428,36,2,5.555555555555555,1,1,1,2.7777777777777777
1367,1368,diag_3,250,36,3,8.333333333333332,1,2,1,2.7777777777777777
1368,1369,diag_1,428,36,4,11.11111111111111,1,3,1,2.7777777777777777
1368,1369,diag_2,428,36,1,2.7777777777777777,1,0,1,2.7777777777777777
1368,1369,diag_3,250,36,7,19.444444444444446,1,6,1,2.7777777777777777
1369,1370,diag_1,428,36,2,5.555555555555555,1,1,1,2.7777777777777777
1369,1370,diag_2,428,36,3,8.333333333333332,1,2,1,2.7777777777777777
1369,1370,diag_3,250,36,2,5.555555555555555,1,1,1,2.7777777777777777
1370,1371,diag_1,428,36,5,13.88888888888889,1,4,1,2.7777777777777777
1370,1371,diag_2,428,36,3,8.333333333333332,1,2,1,2.7777777777777777
1370,1371,diag_3,250,36,3,8.333333333333332,1,2,1,2.7777777777777777
1371,1372,diag_1,428,36,2,5.555555555555555,1,1,1,2.7777777777777777
1371,1372,diag_2,428,36,4,11.11111111111111,1,3,1,2.7777777777777777
1371,1372,diag_3,250,36,2,5.555555555555555,1,1,1,2.7777777777777777
1372,1373,diag_1,428,36,0,0.0,1,0,0,0.0
1372,1373,diag_2,428,36,6,16.666666666666664,1,5,1,2.7777777777777777
1372,1373,diag_3,250,36,5,13.88888888888889,1,4,1,2.7777777777777777
1373,1374,diag_1,428,36,2,5.555555555555555,1,1,1,2.7777777777777777
1373,1374,diag_2,428,36,4,11.11111111111111,1,3,1,2.7777777777777777
1373,1374,diag_3,250,36,3,8.333333333333332,1,2,1,2.7777777777777777
1374,1375,diag_1,428,36,1,2.7777777777777777,1,0,1,2.7777777777777777
1374,1375,diag_2,428,36,1,2.7777777777777777,1,0,1,2.7777777777777777
1374,1375,diag_3,250,36,5,13.88888888888889,1,4,1,2.7777777777777777
1375,1376,diag_1,428,36,3,8.333333333333332,1,2,1,2.7777777777777777
1375,1376,diag_2,428,36,4,11.11111111111111,1,3,1,2.7777777777777777
1375,1376,diag_3,250,36,4,11.11111111111111,1,3,1,2.7777777777777777
1376,1377,diag_1,428,36,2,5.555555555555555,1,1,1,2.7777777777777777
1376,1377,diag_2,428,36,5,13.88888888888889,1,4,1,2.7777777777777777
1376,1377,diag_3,250,36,2,5.555555555555555,1,1,1,2.7777777777777777
1377,1378,diag_1,428,36,1,2.7777777777777777,1,0,1,2.7777777777777777
1377,1378,diag_2,428,36,4,11.11111111111111,1,3,1,2.7777777777777777
1377,1378,diag_3,250,36,4,11.11111111111111,1,3,1,2.7777777777777777
1378,1379,diag_1,428,36,1,2.7777777777777777,1,0,1,2.7777777777777777
1378,1379,diag_2,428,36,6,16.666666666666664,1,5,1,2.7777777777777777
1378,1379,diag_3,250,36,9,25.0,1,8,1,2.7777777777777777
1379,1380,diag_1,428,36,2,5.555555555555555,1,1,1,2.7777777777777777
1379,1380,diag_2,428,36,1,2.7777777777777777,1,0,1,2.7777777777777777
1379,1380,diag_3,250,36,1,2.7777777777777777,1,0,1,2.7777777777777777
1380,1381,diag_1,428,36,2,5.555555555555555,1,1,1,2.7777777777777777
1380,1381,diag_2,428,36,1,2.7777777777777777,1,0,1,2.7777777777777777
1380,1381,diag_3,250,36,2,5.555555555555555,1,1,1,2.7777777777777777
1381,1382,diag_1,428,36,2,5.555555555555555,1,1,1,2.7777777777777777
1381,1382,diag_2,428,36,0,0.0,1,0,0,0.0
1381,1382,diag_3,250,36,3,8.333333333333332,1,2,1,2.7777777777777777
1382,1383,diag_1,428,36,1,2.7777777777777777,1,0,1,2.7777777777777777
1382,1383,diag_2,428,36,3,8.333333333333332,1,2,1,2.7777777777777777
1382,1383,diag_3,250,36,3,8.333333333333332,1,2,1,2.7777777777777777
1383,1384,diag_1,428,36,3,8.333333333333332,1,2,1,2.7777777777777777
1383,1384,diag_2,428,36,3,8.333333333333332,1,2,1,2.7777777777777777
1383,1384,diag_3,250,36,3,8.333333333333332,1,2,1,2.7777777777777777
1384,1385,diag_1,428,36,1,2.7777777777777777,1,0,1,2.7777777777777777
1384,1385,diag_2,428,36,4,11.11111111111111,1,3,1,2.7777777777777777
1384,1385,diag_3,250,36,1,2.7777777777777777,1,0,1,2.7777777777777777
1385,1386,diag_1,428,36,3,8.333333333333332,1,2,1,2.7777777777777777
1385,1386,diag_2,428,36,4,11.11111111111111,1,3,1,2.7777777777777777
1385,1386,diag_3,250,36,3,8.333333333333332,1,2,1,2.7777777777777777
1386,1387,diag_1,428,36,6,16.666666666666664,1,5,1,2.7777777777777777
1386,1387,diag_2,428,36,6,16.666666666666664,1,5,1,2.7777777777777777
1386,1387,diag_3,250,36,5,13.88888888888889,1,4,1,2.7777777777777777
1387,1388,diag_1,428,36,3,8.333333333333332,1,2,1,2.7777777777777777
1387,1388,diag_2,428,36,3,8.333333333333332,1,2,1,2.7777777777777777
1387,1388,diag_3,250,36,2,5.555555555555555,1,1,1,2.7777777777777777
1388,1389,diag_1,428,36,1,2.7777777777777777,1,0,1,2.7777777777777777
1388,1389,diag_2,428,36,8,22.22222222222222,1,7,1,2.7777777777777777
1388,1389,diag_3,250,36,3,8.333333333333332,1,2,1,2.7777777777777777
1389,1390,diag_1,428,36,1,2.7777777777777777,1,0,1,2.7777777777777777
1389,1390,diag_2,428,36,5,13.88888888888889,1,4,1,2.7777777777777777
1389,1390,diag_3,250,36,4,11.11111111111111,1,3,1,2.7777777777777777
1390,1391,diag_1,428,36,2,5.555555555555555,1,1,1,2.7777777777777777
1390,1391,diag_2,428,36,2,5.555555555555555,1,1,1,2.7777777777777777
1390,1391,diag_3,250,36,3,8.333333333333332,1,2,1,2.7777777777777777
1391,1392,diag_1,428,36,1,2.7777777777777777,1,0,1,2.7777777777777777
1391,1392,diag_2,428,36,3,8.333333333333332,1,2,1,2.7777777777777777
1391,1392,diag_3,250,36,3,8.333333333333332,1,2,1,2.7777777777777777
1392,1393,diag_1,428,36,1,2.7777777777777777,1,0,1,2.7777777777777777
1392,1393,diag_2,428,36,1,2.7777777777777777,1,0,1,2.7777777777777777
1392,1393,diag_3,250,36,4,11.11111111111111,1,3,1,2.7777777777777777
1393,1394,diag_1,428,36,4,11.11111111111111,1,3,1,2.7777777777777777
1393,1394,diag_2,428,36,5,13.88888888888889,1,4,1,2.7777777777777777
1393,1394,diag_3,250,36,5,13.88888888888889,1,4,1,2.7777777777777777
1394,1395,diag_1,428,36,6,16.666666666666664,1,5,1,2.7777777777777777
1394,1395,diag_2,428,36,1,2.7777777777777777,1,0,1,2.7777777777777777
1394,1395,diag_3,250,36,6,16.666666666666664,1,5,1,2.7777777777777777
1395,1396,diag_1,428,36,0,0.0,1,0,0,0.0
1395,1396,diag_2,428,36,3,8.333333333333332,1,2,1,2.7777777777777777
1395,1396,diag_3,250,36,6,16.666666666666664,1,5,1,2.7777777777777777
1396,1397,diag_1,428,36,2,5.555555555555555,1,1,1,2.7777777777777777
1396,1397,diag_2,428,36,1,2.7777777777777777,1,0,1,2.7777777777777777
1396,1397,diag_3,250,36,4,11.11111111111111,1,3,1,2.7777777777777777
1397,1398,diag_1,428,36,1,2.7777777777777777,1,0,1,2.7777777777777777
1397,1398,diag_2,428,36,1,2.7777777777777777,1,0,1,2.7777777777777777
1397,1398,diag_3,250,36,5,13.88888888888889,1,4,1,2.7777777777777777
1398,1399,diag_1,428,36,2,5.555555555555555,1,1,1,2.7777777777777777
1398,1399,diag_2,428,36,3,8.333333333333332,1,2,1,2.7777777777777777
1398,1399,diag_3,250,36,4,11.11111111111111,1,3,1,2.7777777777777777
1399,1400,diag_1,428,36,4,11.11111111111111,1,3,1,2.7777777777777777
1399,1400,diag_2,428,36,2,5.555555555555555,1,1,1,2.7777777777777777
1399,1400,diag_3,250,36,5,13.88888888888889,1,4,1,2.7777777777777777
1400,1401,diag_1,428,36,5,13.88888888888889,1,4,1,2.7777777777777777
1400,1401,diag_2,428,36,2,5.555555555555555,1,1,1,2.7777777777777777
1400,1401,diag_3,250,36,5,13.88888888888889,1,4,1,2.7777777777777777
1401,1402,diag_1,428,36,2,5.555555555555555,1,1,1,2.7777777777777777
1401,1402,diag_2,428,36,0,0.0,1,0,0,0.0
1401,1402,diag_3,250,36,3,8.333333333333332,1,2,1,2.7777777777777777
1402,1403,diag_1,428,36,2,5.555555555555555,1,1,1,2.7777777777777777
1402,1403,diag_2,428,36,6,16.666666666666664,1,5,1,2.7777777777777777
1402,1403,diag_3,250,36,5,13.88888888888889,1,4,1,2.7777777777777777
1403,1404,diag_1,428,36,0,0.0,1,0,0,0.0
1403,1404,diag_2,428,36,1,2.7777777777777777,1,0,1,2.7777777777777777
1403,1404,diag_3,250,36,2,5.555555555555555,1,1,1,2.7777777777777777
1404,1405,diag_1,428,36,2,5.555555555555555,1,1,1,2.7777777777777777
1404,1405,diag_2,428,36,3,8.333333333333332,1,2,1,2.7777777777777777
1404,1405,diag_3,250,36,2,5.555555555555555,1,1,1,2.7777777777777777
1405,1406,diag_1,428,36,4,11.11111111111111,1,3,1,2.7777777777777777
1405,1406,diag_2,428,36,3,8.333333333333332,1,2,1,2.7777777777777777
1405,1406,diag_3,250,36,4,11.11111111111111,1,3,1,2.7777777777777777
1406,1407,diag_1,428,36,3,8.333333333333332,1,2,1,2.7777777777777777
1406,1407,diag_2,428,36,1,2.7777777777777777,1,0,1,2.7777777777777777
1406,1407,diag_3,250,36,7,19.444444444444446,1,6,1,2.7777777777777777
1407,1408,diag_1,428,36,2,5.555555555555555,1,1,1,2.7777777777777777
1407,1408,diag_2,428,36,1,2.7777777777777777,1,0,1,2.7777777777777777
1407,1408,diag_3,250,36,1,2.7777777777777777,1,0,1,2.7777777777777777
1408,1409,diag_1,428,36,4,11.11111111111111,1,3,1,2.7777777777777777
1408,1409,diag_2,428,36,2,5.555555555555555,1,1,1,2.7777777777777777
1408,1409,diag_3,250,36,4,11.11111111111111,1,3,1,2.7777777777777777
1409,1410,diag_1,428,36,2,5.555555555555555,1,1,1,2.7777777777777777
1409,1410,diag_2,428,36,5,13.88888888888889,1,4,1,2.7777777777777777
1409,1410,diag_3,250,36,1,2.7777777777777777,1,0,1,2.7777777777777777
1410,1411,diag_1,428,36,2,5.555555555555555,1,1,1,2.7777777777777777
1410,1411,diag_2,428,36,3,8.333333333333332,1,2,1,2.7777777777777777
1410,1411,diag_3,250,36,3,8.333333333333332,1,2,1,2.7777777777777777
1411,1412,diag_1,428,36,2,5.555555555555555,1,1,1,2.7777777777777777
1411,1412,diag_2,428,36,2,5.555555555555555,1,1,1,2.7777777777777777
1411,1412,diag_3,250,36,2,5.555555555555555,1,1,1,2.7777777777777777
1412,1413,diag_1,428,36,3,8.333333333333332,1,2,1,2.7777777777777777
1412,1413,diag_2,428,36,2,5.555555555555555,1,1,1,2.7777777777777777
1412,1413,diag_3,250,36,4,11.11111111111111,1,3,1,2.7777777777777777
1413,1414,diag_1,428,36,3,8.333333333333332,1,2,1,2.7777777777777777
1413,1414,diag_2,428,36,2,5.555555555555555,1,1,1,2.7777777777777777
1413,1414,diag_3,250,36,1,2.7777777777777777,1,0,1,2.7777777777777777
1414,1415,diag_1,428,36,1,2.7777777777777777,1,0,1,2.7777777777777777
1414,1415,diag_2,428,36,1,2.7777777777777777,1,0,1,2.7777777777777777
1414,1415,diag_3,250,36,6,16.666666666666664,1,5,1,2.7777777777777777
1415,1416,diag_1,428,36,3,8.333333333333332,1,2,1,2.7777777777777777
1415,1416,diag_2,428,36,4,11.11111111111111,1,3,1,2.7777777777777777
1415,1416,diag_3,250,36,5,13.88888888888889,1,4,1,2.7777777777777777
1416,1417,diag_1,428,36,3,8.333333333333332,1,2,1,2.7777777777777777
1416,1417,diag_2,428,36,2,5.555555555555555,1,1,1,2.7777777777777777
1416,1417,diag_3,250,36,8,22.22222222222222,1,7,1,2.7777777777777777
1417,1418,diag_1,428,36,3,8.333333333333332,1,2,1,2.7777777777777777
1417,1418,diag_2,428,36,3,8.333333333333332,1,2,1,2.7777777777777777
1417,1418,diag_3,250,36,3,8.333333333333332,1,2,1,2.7777777777777777
1418,1419,diag_1,428,36,3,8.333333333333332,1,2,1,2.7777777777777777
1418,1419,diag_2,428,36,4,11.11111111111111,1,3,1,2.7777777777777777
1418,1419,diag_3,250,36,4,11.11111111111111,1,3,1,2.7777777777777777
1419,1420,diag_1,428,36,1,2.7777777777777777,1,0,1,2.7777777777777777
1419,1420,diag_2,428,36,3,8.333333333333332,1,2,1,2.7777777777777777
1419,1420,diag_3,250,36,7,19.444444444444446,1,6,1,2.7777777777777777
1420,1421,diag_1,428,36,2,5.555555555555555,1,1,1,2.7777777777777777
1420,1421,diag_2,428,36,1,2.7777777777777777,1,0,1,2.7777777777777777
1420,1421,diag_3,250,36,2,5.555555555555555,1,1,1,2.7777777777777777
1421,1422,diag_1,428,36,5,13.88888888888889,1,4,1,2.7777777777777777
1421,1422,diag_2,428,36,1,2.7777777777777777,1,0,1,2.7777777777777777
1421,1422,diag_3,250,36,2,5.555555555555555,1,1,1,2.7777777777777777
1422,1423,diag_1,428,36,1,2.7777777777777777,1,0,1,2.7777777777777777
1422,1423,diag_2,428,36,4,11.11111111111111,1,3,1,2.7777777777777777
1422,1423,diag_3,250,36,6,16.666666666666664,1,5,1,2.7777777777777777
1423,1424,diag_1,428,36,1,2.7777777777777777,1,0,1,2.7777777777777777
1423,1424,diag_2,428,36,3,8.333333333333332,1,2,1,2.7777777777777777
1423,1424,diag_3,250,36,5,13.88888888888889,1,4,1,2.7777777777777777
1424,1425,diag_1,428,36,3,8.333333333333332,1,2,1,2.7777777777777777
1424,1425,diag_2,428,36,3,8.333333333333332,1,2,1,2.7777777777777777
1424,1425,diag_3,250,36,1,2.7777777777777777,1,0,1,2.7777777777777777
1425,1426,diag_1,428,36,2,5.555555555555555,1,1,1,2.7777777777777777
1425,1426,diag_2,428,36,2,5.555555555555555,1,1,1,2.7777777777777777
1425,1426,diag_3,250,36,4,11.11111111111111,1,3,1,2.7777777777777777
1426,1427,diag_1,428,36,0,0.0,1,0,0,0.0
1426,1427,diag_2,428,36,2,5.555555555555555,1,1,1,2.7777777777777777
1426,1427,diag_3,250,36,3,8.333333333333332,1,2,1,2.7777777777777777
1427,1428,diag_1,428,36,2,5.555555555555555,1,1,1,2.7777777777777777
1427,1428,diag_2,428,36,4,11.11111111111111,1,3,1,2.7777777777777777
1427,1428,diag_3,250,36,3,8.333333333333332,1,2,1,2.7777777777777777
1428,1429,diag_1,428,36,2,5.555555555555555,1,1,1,2.7777777777777777
1428,1429,diag_2,428,36,4,11.11111111111111,1,3,1,2.7777777777777777
1428,1429,diag_3,250,36,4,11.11111111111111,1,3,1,2.7777777777777777
1429,1430,diag_1,428,36,4,11.11111111111111,1,3,1,2.7777777777777777
1429,1430,diag_2,428,36,1,2.7777777777777777,1,0,1,2.7777777777777777
1429,1430,diag_3,250,36,6,16.666666666666664,1,5,1,2.7777777777777777
1430,1431,diag_1,428,36,4,11.11111111111111,1,3,1,2.7777777777777777
1430,1431,diag_2,428,36,3,8.333333333333332,1,2,1,2.7777777777777777
1430,1431,diag_3,250,36,2,5.555555555555555,1,1,1,2.7777777777777777
1431,1432,diag_1,428,36,1,2.7777777777777777,1,0,1,2.7777777777777777
1431,1432,diag_2,428,36,4,11.11111111111111,1,3,1,2.7777777777777777
1431,1432,diag_3,250,36,2,5.555555555555555,1,1,1,2.7777777777777777
1432,1433,diag_1,428,36,2,5.555555555555555,1,1,1,2.7777777777777777
1432,1433,diag_2,428,36,3,8.333333333333332,1,2,1,2.7777777777777777
1432,1433,diag_3,250,36,5,13.88888888888889,1,4,1,2.7777777777777777
1433,1434,diag_1,428,36,4,11.11111111111111,1,3,1,2.7777777777777777
1433,1434,diag_2,428,36,1,2.7777777777777777,1,0,1,2.7777777777777777
1433,1434,diag_3,250,36,4,11.11111111111111,1,3,1,2.7777777777777777
1434,1435,diag_1,428,36,3,8.333333333333332,1,2,1,2.7777777777777777
1434,1435,diag_2,428,36,0,0.0,1,0,0,0.0
1434,1435,diag_3,250,36,6,16.666666666666664,1,5,1,2.7777777777777777
1435,1436,diag_1,428,36,1,2.7777777777777777,1,0,1,2.7777777777777777
1435,1436,diag_2,428,36,0,0.0,1,0,0,0.0
1435,1436,diag_3,250,36,3,8.333333333333332,1,2,1,2.7777777777777777
1436,1437,diag_1,428,36,0,0.0,1,0,0,0.0
1436,1437,diag_2,428,36,1,2.7777777777777777,1,0,1,2.7777777777777777
1436,1437,diag_3,250,36,6,16.666666666666664,1,5,1,2.7777777777777777
1437,1438,diag_1,428,36,4,11.11111111111111,1,3,1,2.7777777777777777
1437,1438,diag_2,428,36,2,5.555555555555555,1,1,1,2.7777777777777777
1437,1438,diag_3,250,36,4,11.11111111111111,1,3,1,2.7777777777777777
1438,1439,diag_1,428,36,1,2.7777777777777777,1,0,1,2.7777777777777777
1438,1439,diag_2,428,36,4,11.11111111111111,1,3,1,2.7777777777777777
1438,1439,diag_3,250,36,3,8.333333333333332,1,2,1,2.7777777777777777
1439,1440,diag_1,428,36,4,11.11111111111111,1,3,1,2.7777777777777777
1439,1440,diag_2,428,36,0,0.0,1,0,0,0.0
1439,1440,diag_3,250,36,6,16.666666666666664,1,5,1,2.7777777777777777
1440,1441,diag_1,428,36,5,13.88888888888889,1,4,1,2.7777777777777777
1440,1441,diag_2,428,36,1,2.7777777777777777,1,0,1,2.7777777777777777
1440,1441,diag_3,250,36,4,11.11111111111111,1,3,1,2.7777777777777777
1441,1442,diag_1,428,36,1,2.7777777777777777,1,0,1,2.7777777777777777
1441,1442,diag_2,428,36,3,8.333333333333332,1,2,1,2.7777777777777777
1441,1442,diag_3,250,36,3,8.333333333333332,1,2,1,2.7777777777777777
1442,1443,diag_1,428,36,2,5.555555555555555,1,1,1,2.7777777777777777
1442,1443,diag_2,428,36,3,8.333333333333332,1,2,1,2.7777777777777777
1442,1443,diag_3,250,36,6,16.666666666666664,1,5,1,2.7777777777777777
1443,1444,diag_1,428,36,1,2.7777777777777777,1,0,1,2.7777777777777777
1443,1444,diag_2,428,36,4,11.11111111111111,1,3,1,2.7777777777777777
1443,1444,diag_3,250,36,4,11.11111111111111,1,3,1,2.7777777777777777
1444,1445,diag_1,428,36,1,2.7777777777777777,1,0,1,2.7777777777777777
1444,1445,diag_2,428,36,3,8.333333333333332,1,2,1,2.7777777777777777
1444,1445,diag_3,250,36,3,8.333333333333332,1,2,1,2.7777777777777777
1445,1446,diag_1,428,36,1,2.7777777777777777,1,0,1,2.7777777777777777
1445,1446,diag_2,428,36,3,8.333333333333332,1,2,1,2.7777777777777777
1445,1446,diag_3,250,36,12,33.33333333333333,1,11,1,2.7777777777777777
1446,1447,diag_1,428,36,2,5.555555555555555,1,1,1,2.7777777777777777
1446,1447,diag_2,428,36,0,0.0,1,0,0,0.0
1446,1447,diag_3,250,36,0,0.0,1,0,0,0.0
1447,1448,diag_1,428,36,3,8.333333333333332,1,2,1,2.7777777777777777
1447,1448,diag_2,428,36,1,2.7777777777777777,1,0,1,2.7777777777777777
1447,1448,diag_3,250,36,2,5.555555555555555,1,1,1,2.7777777777777777
1448,1449,diag_1,428,36,3,8.333333333333332,1,2,1,2.7777777777777777
1448,1449,diag_2,428,36,2,5.555555555555555,1,1,1,2.7777777777777777
1448,1449,diag_3,250,36,6,16.666666666666664,1,5,1,2.7777777777777777
1449,1450,diag_1,428,36,4,11.11111111111111,1,3,1,2.7777777777777777
1449,1450,diag_2,428,36,4,11.11111111111111,1,3,1,2.7777777777777777
1449,1450,diag_3,250,36,5,13.88888888888889,1,4,1,2.7777777777777777
1450,1451,diag_1,428,36,6,16.666666666666664,1,5,1,2.7777777777777777
1450,1451,diag_2,428,36,1,2.7777777777777777,1,0,1,2.7777777777777777
1450,1451,diag_3,250,36,6,16.666666666666664,1,5,1,2.7777777777777777
1451,1452,diag_1,428,36,1,2.7777777777777777,1,0,1,2.7777777777777777
1451,1452,diag_2,428,36,1,2.7777777777777777,1,0,1,2.7777777777777777
1451,1452,diag_3,250,36,4,11.11111111111111,1,3,1,2.7777777777777777
1452,1453,diag_1,428,36,4,11.11111111111111,1,3,1,2.7777777777777777
1452,1453,diag_2,428,36,3,8.333333333333332,1,2,1,2.7777777777777777
1452,1453,diag_3,250,36,7,19.444444444444446,1,6,1,2.7777777777777777
1453,1454,diag_1,428,36,4,11.11111111111111,1,3,1,2.7777777777777777
1453,1454,diag_2,428,36,1,2.7777777777777777,1,0,1,2.7777777777777777
1453,1454,diag_3,250,36,6,16.666666666666664,1,5,1,2.7777777777777777
1454,1455,diag_1,428,36,5,13.88888888888889,1,4,1,2.7777777777777777
1454,1455,diag_2,428,36,5,13.88888888888889,1,4,1,2.7777777777777777
1454,1455,diag_3,250,36,5,13.88888888888889,1,4,1,2.7777777777777777
1455,1456,diag_1,428,36,3,8.333333333333332,1,2,1,2.7777777777777777
1455,1456,diag_2,428,36,2,5.555555555555555,1,1,1,2.7777777777777777
1455,1456,diag_3,250,36,3,8.333333333333332,1,2,1,2.7777777777777777
1456,1457,diag_1,428,36,2,5.555555555555555,1,1,1,2.7777777777777777
1456,1457,diag_2,428,36,3,8.333333333333332,1,2,1,2.7777777777777777
1456,1457,diag_3,250,36,1,2.7777777777777777,1,0,1,2.7777777777777777
1457,1458,diag_1,428,36,1,2.7777777777777777,1,0,1,2.7777777777777777
1457,1458,diag_2,428,36,0,0.0,1,0,0,0.0
1457,1458,diag_3,250,36,6,16.666666666666664,1,5,1,2.7777777777777777
1458,1459,diag_1,428,36,2,5.555555555555555,1,1,1,2.7777777777777777
1458,1459,diag_2,428,36,0,0.0,1,0,0,0.0
1458,1459,diag_3,250,36,5,13.88888888888889,1,4,1,2.7777777777777777
1459,1460,diag_1,428,36,4,11.11111111111111,1,3,1,2.7777777777777777
1459,1460,diag_2,428,36,2,5.555555555555555,1,1,1,2.7777777777777777
1459,1460,diag_3,250,36,4,11.11111111111111,1,3,1,2.7777777777777777
1460,1461,diag_1,428,36,4,11.11111111111111,1,3,1,2.7777777777777777
1460,1461,diag_2,428,36,3,8.333333333333332,1,2,1,2.7777777777777777
1460,1461,diag_3,250,36,2,5.555555555555555,1,1,1,2.7777777777777777
1461,1462,diag_1,428,36,3,8.333333333333332,1,2,1,2.7777777777777777
1461,1462,diag_2,428,36,4,11.11111111111111,1,3,1,2.7777777777777777
1461,1462,diag_3,250,36,1,2.7777777777777777,1,0,1,2.7777777777777777
1462,1463,diag_1,428,36,3,8.333333333333332,1,2,1,2.7777777777777777
1462,1463,diag_2,428,36,3,8.333333333333332,1,2,1,2.7777777777777777
1462,1463,diag_3,250,36,4,11.11111111111111,1,3,1,2.7777777777777777
1463,1464,diag_1,428,36,2,5.555555555555555,1,1,1,2.7777777777777777
1463,1464,diag_2,428,36,2,5.555555555555555,1,1,1,2.7777777777777777
1463,1464,diag_3,250,36,5,13.88888888888889,1,4,1,2.7777777777777777
1464,1465,diag_1,428,36,1,2.7777777777777777,1,0,1,2.7777777777777777
1464,1465,diag_2,428,36,1,2.7777777777777777,1,0,1,2.7777777777777777
1464,1465,diag_3,250,36,5,13.88888888888889,1,4,1,2.7777777777777777
1465,1466,diag_1,428,36,0,0.0,1,0,0,0.0
1465,1466,diag_2,428,36,2,5.555555555555555,1,1,1,2.7777777777777777
1465,1466,diag_3,250,36,4,11.11111111111111,1,3,1,2.7777777777777777
1466,1467,diag_1,428,36,3,8.333333333333332,1,2,1,2.7777777777777777
1466,1467,diag_2,428,36,5,13.88888888888889,1,4,1,2.7777777777777777
1466,1467,diag_3,250,36,4,11.11111111111111,1,3,1,2.7777777777777777
1467,1468,diag_1,428,36,2,5.555555555555555,1,1,1,2.7777777777777777
1467,1468,diag_2,428,36,1,2.7777777777777777,1,0,1,2.7777777777777777
1467,1468,diag_3,250,36,4,11.11111111111111,1,3,1,2.7777777777777777
1468,1469,diag_1,428,36,6,16.666666666666664,1,5,1,2.7777777777777777
1468,1469,diag_2,428,36,4,11.11111111111111,1,3,1,2.7777777777777777
1468,1469,diag_3,250,36,7,19.444444444444446,1,6,1,2.7777777777777777
1469,1470,diag_1,428,36,7,19.444444444444446,1,6,1,2.7777777777777777
1469,1470,diag_2,428,36,5,13.88888888888889,1,4,1,2.7777777777777777
1469,1470,diag_3,250,36,2,5.555555555555555,1,1,1,2.7777777777777777
1470,1471,diag_1,428,36,3,8.333333333333332,1,2,1,2.7777777777777777
1470,1471,diag_2,428,36,1,2.7777777777777777,1,0,1,2.7777777777777777
1470,1471,diag_3,250,36,4,11.11111111111111,1,3,1,2.7777777777777777
1471,1472,diag_1,428,36,2,5.555555555555555,1,1,1,2.7777777777777777
1471,1472,diag_2,428,36,2,5.555555555555555,1,1,1,2.7777777777777777
1471,1472,diag_3,250,36,3,8.333333333333332,1,2,1,2.7777777777777777
1472,1473,diag_1,428,36,1,2.7777777777777777,1,0,1,2.7777777777777777
1472,1473,diag_2,428,36,2,5.555555555555555,1,1,1,2.7777777777777777
1472,1473,diag_3,250,36,1,2.7777777777777777,1,0,1,2.7777777777777777
1473,1474,diag_1,428,36,4,11.11111111111111,1,3,1,2.7777777777777777
1473,1474,diag_2,428,36,2,5.555555555555555,1,1,1,2.7777777777777777
1473,1474,diag_3,250,36,3,8.333333333333332,1,2,1,2.7777777777777777
1474,1475,diag_1,428,36,3,8.333333333333332,1,2,1,2.7777777777777777
1474,1475,diag_2,428,36,1,2.7777777777777777,1,0,1,2.7777777777777777
1474,1475,diag_3,250,36,1,2.7777777777777777,1,0,1,2.7777777777777777
1475,1476,diag_1,428,36,1,2.7777777777777777,1,0,1,2.7777777777777777
1475,1476,diag_2,428,36,1,2.7777777777777777,1,0,1,2.7777777777777777
1475,1476,diag_3,250,36,4,11.11111111111111,1,3,1,2.7777777777777777
1476,1477,diag_1,428,36,6,16.666666666666664,1,5,1,2.7777777777777777
1476,1477,diag_2,428,36,3,8.333333333333332,1,2,1,2.7777777777777777
1476,1477,diag_3,250,36,2,5.555555555555555,1,1,1,2.7777777777777777
1477,1478,diag_1,428,36,4,11.11111111111111,1,3,1,2.7777777777777777
1477,1478,diag_2,428,36,1,2.7777777777777777,1,0,1,2.7777777777777777
1477,1478,diag_3,250,36,3,8.333333333333332,1,2,1,2.7777777777777777
1478,1479,diag_1,428,36,2,5.555555555555555,1,1,1,2.7777777777777777
1478,1479,diag_2,428,36,4,11.11111111111111,1,3,1,2.7777777777777777
1478,1479,diag_3,250,36,1,2.7777777777777777,1,0,1,2.7777777777777777
1479,1480,diag_1,428,36,1,2.7777777777777777,1,0,1,2.7777777777777777
1479,1480,diag_2,428,36,3,8.333333333333332,1,2,1,2.7777777777777777
1479,1480,diag_3,250,36,5,13.88888888888889,1,4,1,2.7777777777777777
1480,1481,diag_1,428,36,2,5.555555555555555,1,1,1,2.7777777777777777
1480,1481,diag_2,428,36,0,0.0,1,0,0,0.0
1480,1481,diag_3,250,36,6,16.666666666666664,1,5,1,2.7777777777777777
1481,1482,diag_1,428,36,1,2.7777777777777777,1,0,1,2.7777777777777777
1481,1482,diag_2,428,36,0,0.0,1,0,0,0.0
1481,1482,diag_3,250,36,3,8.333333333333332,1,2,1,2.7777777777777777
1482,1483,diag_1,428,36,3,8.333333333333332,1,2,1,2.7777777777777777
1482,1483,diag_2,428,36,3,8.333333333333332,1,2,1,2.7777777777777777
1482,1483,diag_3,250,36,6,16.666666666666664,1,5,1,2.7777777777777777
1483,1484,diag_1,428,36,2,5.555555555555555,1,1,1,2.7777777777777777
1483,1484,diag_2,428,36,2,5.555555555555555,1,1,1,2.7777777777777777
1483,1484,diag_3,250,36,4,11.11111111111111,1,3,1,2.7777777777777777
1484,1485,diag_1,428,36,2,5.555555555555555,1,1,1,2.7777777777777777
1484,1485,diag_2,428,36,6,16.666666666666664,1,5,1,2.7777777777777777
1484,1485,diag_3,250,36,2,5.555555555555555,1,1,1,2.7777777777777777
1485,1486,diag_1,428,36,5,13.88888888888889,1,4,1,2.7777777777777777
1485,1486,diag_2,428,36,2,5.555555555555555,1,1,1,2.7777777777777777
1485,1486,diag_3,250,36,2,5.555555555555555,1,1,1,2.7777777777777777
1486,1487,diag_1,428,36,3,8.333333333333332,1,2,1,2.7777777777777777
1486,1487,diag_2,428,36,1,2.7777777777777777,1,0,1,2.7777777777777777
1486,1487,diag_3,250,36,7,19.444444444444446,1,6,1,2.7777777777777777
1487,1488,diag_1,428,36,0,0.0,1,0,0,0.0
1487,1488,diag_2,428,36,6,16.666666666666664,1,5,1,2.7777777777777777
1487,1488,diag_3,250,36,5,13.88888888888889,1,4,1,2.7777777777777777
1488,1489,diag_1,428,36,1,2.7777777777777777,1,0,1,2.7777777777777777
1488,1489,diag_2,428,36,4,11.11111111111111,1,3,1,2.7777777777777777
1488,1489,diag_3,250,36,2,5.555555555555555,1,1,1,2.7777777777777777
1489,1490,diag_1,428,36,2,5.555555555555555,1,1,1,2.7777777777777777
1489,1490,diag_2,428,36,4,11.11111111111111,1,3,1,2.7777777777777777
1489,1490,diag_3,250,36,4,11.11111111111111,1,3,1,2.7777777777777777
1490,1491,diag_1,428,36,4,11.11111111111111,1,3,1,2.7777777777777777
1490,1491,diag_2,428,36,1,2.7777777777777777,1,0,1,2.7777777777777777
1490,1491,diag_3,250,36,2,5.555555555555555,1,1,1,2.7777777777777777
1491,1492,diag_1,428,36,0,0.0,1,0,0,0.0
1491,1492,diag_2,428,36,2,5.555555555555555,1,1,1,2.7777777777777777
1491,1492,diag_3,250,36,3,8.333333333333332,1,2,1,2.7777777777777777
1492,1493,diag_1,428,36,2,5.555555555555555,1,1,1,2.7777777777777777
1492,1493,diag_2,428,36,2,5.555555555555555,1,1,1,2.7777777777777777
1492,1493,diag_3,250,36,3,8.333333333333332,1,2,1,2.7777777777777777
1493,1494,diag_1,428,36,1,2.7777777777777777,1,0,1,2.7777777777777777
1493,1494,diag_2,428,36,1,2.7777777777777777,1,0,1,2.7777777777777777
1493,1494,diag_3,250,36,3,8.333333333333332,1,2,1,2.7777777777777777
1494,1495,diag_1,428,36,1,2.7777777777777777,1,0,1,2.7777777777777777
1494,1495,diag_2,428,36,1,2.7777777777777777,1,0,1,2.7777777777777777
1494,1495,diag_3,250,36,0,0.0,1,0,0,0.0
1495,1496,diag_1,428,36,1,2.7777777777777777,1,0,1,2.7777777777777777
1495,1496,diag_2,428,36,3,8.333333333333332,1,2,1,2.7777777777777777
1495,1496,diag_3,250,36,2,5.555555555555555,1,1,1,2.7777777777777777
1496,1497,diag_1,428,36,3,8.333333333333332,1,2,1,2.7777777777777777
1496,1497,diag_2,428,36,3,8.333333333333332,1,2,1,2.7777777777777777
1496,1497,diag_3,250,36,5,13.88888888888889,1,4,1,2.7777777777777777
1497,1498,diag_1,428,36,3,8.333333333333332,1,2,1,2.7777777777777777
1497,1498,diag_2,428,36,4,11.11111111111111,1,3,1,2.7777777777777777
1497,1498,diag_3,250,36,6,16.666666666666664,1,5,1,2.7777777777777777
1498,1499,diag_1,428,36,3,8.333333333333332,1,2,1,2.7777777777777777
1498,1499,diag_2,428,36,2,5.555555555555555,1,1,1,2.7777777777777777
1498,1499,diag_3,250,36,7,19.444444444444446,1,6,1,2.7777777777777777
1499,1500,diag_1,428,36,4,11.11111111111111,1,3,1,2.7777777777777777
1499,1500,diag_2,428,36,4,11.11111111111111,1,3,1,2.7777777777777777
1499,1500,diag_3,250,36,3,8.333333333333332,1,2,1,2.7777777777777777
1500,1501,diag_1,428,36,3,8.333333333333332,1,2,1,2.7777777777777777
1500,1501,diag_2,428,36,2,5.555555555555555,1,1,1,2.7777777777777777
1500,1501,diag_3,250,36,2,5.555555555555555,1,1,1,2.7777777777777777
1501,1502,diag_1,428,36,3,8.333333333333332,1,2,1,2.7777777777777777
1501,1502,diag_2,428,36,2,5.555555555555555,1,1,1,2.7777777777777777
1501,1502,diag_3,250,36,2,5.555555555555555,1,1,1,2.7777777777777777
1502,1503,diag_1,428,36,2,5.555555555555555,1,1,1,2.7777777777777777
1502,1503,diag_2,428,36,4,11.11111111111111,1,3,1,2.7777777777777777
1502,1503,diag_3,250,36,3,8.333333333333332,1,2,1,2.7777777777777777
1503,1504,diag_1,428,36,4,11.11111111111111,1,3,1,2.7777777777777777
1503,1504,diag_2,428,36,1,2.7777777777777777,1,0,1,2.7777777777777777
1503,1504,diag_3,250,36,5,13.88888888888889,1,4,1,2.7777777777777777
1504,1505,diag_1,428,36,4,11.11111111111111,1,3,1,2.7777777777777777
1504,1505,diag_2,428,36,2,5.555555555555555,1,1,1,2.7777777777777777
1504,1505,diag_3,250,36,3,8.333333333333332,1,2,1,2.7777777777777777
1505,1506,diag_1,428,36,1,2.7777777777777777,1,0,1,2.7777777777777777
1505,1506,diag_2,428,36,4,11.11111111111111,1,3,1,2.7777777777777777
1505,1506,diag_3,250,36,4,11.11111111111111,1,3,1,2.7777777777777777
1506,1507,diag_1,428,36,1,2.7777777777777777,1,0,1,2.7777777777777777
1506,1507,diag_2,428,36,2,5.555555555555555,1,1,1,2.7777777777777777
1506,1507,diag_3,250,36,5,13.88888888888889,1,4,1,2.7777777777777777
1507,1508,diag_1,428,36,2,5.555555555555555,1,1,1,2.7777777777777777
1507,1508,diag_2,428,36,3,8.333333333333332,1,2,1,2.7777777777777777
1507,1508,diag_3,250,36,7,19.444444444444446,1,6,1,2.7777777777777777
1508,1509,diag_1,428,36,6,16.666666666666664,1,5,1,2.7777777777777777
1508,1509,diag_2,428,36,2,5.555555555555555,1,1,1,2.7777777777777777
1508,1509,diag_3,250,36,2,5.555555555555555,1,1,1,2.7777777777777777
1509,1510,diag_1,428,36,4,11.11111111111111,1,3,1,2.7777777777777777
1509,1510,diag_2,428,36,0,0.0,1,0,0,0.0
1509,1510,diag_3,250,36,4,11.11111111111111,1,3,1,2.7777777777777777
1510,1511,diag_1,428,36,4,11.11111111111111,1,3,1,2.7777777777777777
1510,1511,diag_2,428,36,2,5.555555555555555,1,1,1,2.7777777777777777
1510,1511,diag_3,250,36,3,8.333333333333332,1,2,1,2.7777777777777777
1511,1512,diag_1,428,36,1,2.7777777777777777,1,0,1,2.7777777777777777
1511,1512,diag_2,428,36,1,2.7777777777777777,1,0,1,2.7777777777777777
1511,1512,diag_3,250,36,6,16.666666666666664,1,5,1,2.7777777777777777
1512,1513,diag_1,428,36,1,2.7777777777777777,1,0,1,2.7777777777777777
1512,1513,diag_2,428,36,3,8.333333333333332,1,2,1,2.7777777777777777
1512,1513,diag_3,250,36,0,0.0,1,0,0,0.0
1513,1514,diag_1,428,36,2,5.555555555555555,1,1,1,2.7777777777777777
1513,1514,diag_2,428,36,1,2.7777777777777777,1,0,1,2.7777777777777777
1513,1514,diag_3,250,36,3,8.333333333333332,1,2,1,2.7777777777777777
1514,1515,diag_1,428,36,2,5.555555555555555,1,1,1,2.7777777777777777
1514,1515,diag_2,428,36,2,5.555555555555555,1,1,1,2.7777777777777777
1514,1515,diag_3,250,36,3,8.333333333333332,1,2,1,2.7777777777777777
1515,1516,diag_1,428,36,4,11.11111111111111,1,3,1,2.7777777777777777
1515,1516,diag_2,428,36,3,8.333333333333332,1,2,1,2.7777777777777777
1515,1516,diag_3,250,36,4,11.11111111111111,1,3,1,2.7777777777777777
1516,1517,diag_1,428,36,6,16.666666666666664,1,5,1,2.7777777777777777
1516,1517,diag_2,428,36,4,11.11111111111111,1,3,1,2.7777777777777777
1516,1517,diag_3,250,36,4,11.11111111111111,1,3,1,2.7777777777777777
1517,1518,diag_1,428,36,4,11.11111111111111,1,3,1,2.7777777777777777
1517,1518,diag_2,428,36,4,11.11111111111111,1,3,1,2.7777777777777777
1517,1518,diag_3,250,36,4,11.11111111111111,1,3,1,2.7777777777777777
1518,1519,diag_1,428,36,2,5.555555555555555,1,1,1,2.7777777777777777
1518,1519,diag_2,428,36,3,8.333333333333332,1,2,1,2.7777777777777777
1518,1519,diag_3,250,36,1,2.7777777777777777,1,0,1,2.7777777777777777
1519,1520,diag_1,428,36,4,11.11111111111111,1,3,1,2.7777777777777777
1519,1520,diag_2,428,36,3,8.333333333333332,1,2,1,2.7777777777777777
1519,1520,diag_3,250,36,3,8.333333333333332,1,2,1,2.7777777777777777
1520,1521,diag_1,428,36,2,5.555555555555555,1,1,1,2.7777777777777777
1520,1521,diag_2,428,36,2,5.555555555555555,1,1,1,2.7777777777777777
1520,1521,diag_3,250,36,3,8.333333333333332,1,2,1,2.7777777777777777
1521,1522,diag_1,428,36,2,5.555555555555555,1,1,1,2.7777777777777777
1521,1522,diag_2,428,36,3,8.333333333333332,1,2,1,2.7777777777777777
1521,1522,diag_3,250,36,1,2.7777777777777777,1,0,1,2.7777777777777777
1522,1523,diag_1,428,36,4,11.11111111111111,1,3,1,2.7777777777777777
1522,1523,diag_2,428,36,1,2.7777777777777777,1,0,1,2.7777777777777777
1522,1523,diag_3,250,36,4,11.11111111111111,1,3,1,2.7777777777777777
1523,1524,diag_1,428,36,1,2.7777777777777777,1,0,1,2.7777777777777777
1523,1524,diag_2,428,36,1,2.7777777777777777,1,0,1,2.7777777777777777
1523,1524,diag_3,250,36,3,8.333333333333332,1,2,1,2.7777777777777777
1524,1525,diag_1,428,36,2,5.555555555555555,1,1,1,2.7777777777777777
1524,1525,diag_2,428,36,1,2.7777777777777777,1,0,1,2.7777777777777777
1524,1525,diag_3,250,36,2,5.555555555555555,1,1,1,2.7777777777777777
1525,1526,diag_1,428,36,3,8.333333333333332,1,2,1,2.7777777777777777
1525,1526,diag_2,428,36,1,2.7777777777777777,1,0,1,2.7777777777777777
1525,1526,diag_3,250,36,5,13.88888888888889,1,4,1,2.7777777777777777
1526,1527,diag_1,428,36,2,5.555555555555555,1,1,1,2.7777777777777777
1526,1527,diag_2,428,36,3,8.333333333333332,1,2,1,2.7777777777777777
1526,1527,diag_3,250,36,4,11.11111111111111,1,3,1,2.7777777777777777
1527,1528,diag_1,428,36,2,5.555555555555555,1,1,1,2.7777777777777777
1527,1528,diag_2,428,36,1,2.7777777777777777,1,0,1,2.7777777777777777
1527,1528,diag_3,250,36,5,13.88888888888889,1,4,1,2.7777777777777777
1528,1529,diag_1,428,36,3,8.333333333333332,1,2,1,2.7777777777777777
1528,1529,diag_2,428,36,1,2.7777777777777777,1,0,1,2.7777777777777777
1528,1529,diag_3,250,36,3,8.333333333333332,1,2,1,2.7777777777777777
1529,1530,diag_1,428,36,6,16.666666666666664,1,5,1,2.7777777777777777
1529,1530,diag_2,428,36,2,5.555555555555555,1,1,1,2.7777777777777777
1529,1530,diag_3,250,36,3,8.333333333333332,1,2,1,2.7777777777777777
1530,1531,diag_1,428,36,3,8.333333333333332,1,2,1,2.7777777777777777
1530,1531,diag_2,428,36,2,5.555555555555555,1,1,1,2.7777777777777777
1530,1531,diag_3,250,36,6,16.666666666666664,1,5,1,2.7777777777777777
1531,1532,diag_1,428,36,3,8.333333333333332,1,2,1,2.7777777777777777
1531,1532,diag_2,428,36,2,5.555555555555555,1,1,1,2.7777777777777777
1531,1532,diag_3,250,36,3,8.333333333333332,1,2,1,2.7777777777777777
1532,1533,diag_1,428,36,1,2.7777777777777777,1,0,1,2.7777777777777777
1532,1533,diag_2,428,36,2,5.555555555555555,1,1,1,2.7777777777777777
1532,1533,diag_3,250,36,2,5.555555555555555,1,1,1,2.7777777777777777
1533,1534,diag_1,428,36,4,11.11111111111111,1,3,1,2.7777777777777777
1533,1534,diag_2,428,36,3,8.333333333333332,1,2,1,2.7777777777777777
1533,1534,diag_3,250,36,6,16.666666666666664,1,5,1,2.7777777777777777
1534,1535,diag_1,428,36,2,5.555555555555555,1,1,1,2.7777777777777777
1534,1535,diag_2,428,36,3,8.333333333333332,1,2,1,2.7777777777777777
1534,1535,diag_3,250,36,4,11.11111111111111,1,3,1,2.7777777777777777
1535,1536,diag_1,428,36,2,5.555555555555555,1,1,1,2.7777777777777777
1535,1536,diag_2,428,36,1,2.7777777777777777,1,0,1,2.7777777777777777
1535,1536,diag_3,250,36,5,13.88888888888889,1,4,1,2.7777777777777777
1536,1537,diag_1,428,36,4,11.11111111111111,1,3,1,2.7777777777777777
1536,1537,diag_2,428,36,4,11.11111111111111,1,3,1,2.7777777777777777
1536,1537,diag_3,250,36,5,13.88888888888889,1,4,1,2.7777777777777777
1537,1538,diag_1,428,36,0,0.0,1,0,0,0.0
1537,1538,diag_2,428,36,2,5.555555555555555,1,1,1,2.7777777777777777
1537,1538,diag_3,250,36,7,19.444444444444446,1,6,1,2.7777777777777777
1538,1539,diag_1,428,36,2,5.555555555555555,1,1,1,2.7777777777777777
1538,1539,diag_2,428,36,4,11.11111111111111,1,3,1,2.7777777777777777
1538,1539,diag_3,250,36,4,11.11111111111111,1,3,1,2.7777777777777777
1539,1540,diag_1,428,36,0,0.0,1,0,0,0.0
1539,1540,diag_2,428,36,3,8.333333333333332,1,2,1,2.7777777777777777
1539,1540,diag_3,250,36,3,8.333333333333332,1,2,1,2.7777777777777777
1540,1541,diag_1,428,36,1,2.7777777777777777,1,0,1,2.7777777777777777
1540,1541,diag_2,428,36,2,5.555555555555555,1,1,1,2.7777777777777777
1540,1541,diag_3,250,36,5,13.88888888888889,1,4,1,2.7777777777777777
1541,1542,diag_1,428,36,5,13.88888888888889,1,4,1,2.7777777777777777
1541,1542,diag_2,428,36,2,5.555555555555555,1,1,1,2.7777777777777777
1541,1542,diag_3,250,36,4,11.11111111111111,1,3,1,2.7777777777777777
1542,1543,diag_1,428,36,2,5.555555555555555,1,1,1,2.7777777777777777
1542,1543,diag_2,428,36,1,2.7777777777777777,1,0,1,2.7777777777777777
1542,1543,diag_3,250,36,0,0.0,1,0,0,0.0
1543,1544,diag_1,428,36,1,2.7777777777777777,1,0,1,2.7777777777777777
1543,1544,diag_2,428,36,2,5.555555555555555,1,1,1,2.7777777777777777
1543,1544,diag_3,250,36,4,11.11111111111111,1,3,1,2.7777777777777777
1544,1545,diag_1,428,36,0,0.0,1,0,0,0.0
1544,1545,diag_2,428,36,2,5.555555555555555,1,1,1,2.7777777777777777
1544,1545,diag_3,250,36,4,11.11111111111111,1,3,1,2.7777777777777777
1545,1546,diag_1,428,36,2,5.555555555555555,1,1,1,2.7777777777777777
1545,1546,diag_2,428,36,4,11.11111111111111,1,3,1,2.7777777777777777
1545,1546,diag_3,250,36,4,11.11111111111111,1,3,1,2.7777777777777777
1546,1547,diag_1,428,36,2,5.555555555555555,1,1,1,2.7777777777777777
1546,1547,diag_2,428,36,2,5.555555555555555,1,1,1,2.7777777777777777
1546,1547,diag_3,250,36,5,13.88888888888889,1,4,1,2.7777777777777777
1547,1548,diag_1,428,36,2,5.555555555555555,1,1,1,2.7777777777777777
1547,1548,diag_2,428,36,3,8.333333333333332,1,2,1,2.7777777777777777
1547,1548,diag_3,250,36,5,13.88888888888889,1,4,1,2.7777777777777777
1548,1549,diag_1,428,36,4,11.11111111111111,1,3,1,2.7777777777777777
1548,1549,diag_2,428,36,3,8.333333333333332,1,2,1,2.7777777777777777
1548,1549,diag_3,250,36,7,19.444444444444446,1,6,1,2.7777777777777777
1549,1550,diag_1,428,36,1,2.7777777777777777,1,0,1,2.7777777777777777
1549,1550,diag_2,428,36,2,5.555555555555555,1,1,1,2.7777777777777777
1549,1550,diag_3,250,36,6,16.666666666666664,1,5,1,2.7777777777777777
1550,1551,diag_1,428,36,6,16.666666666666664,1,5,1,2.7777777777777777
1550,1551,diag_2,428,36,4,11.11111111111111,1,3,1,2.7777777777777777
1550,1551,diag_3,250,36,5,13.88888888888889,1,4,1,2.7777777777777777
1551,1552,diag_1,428,36,2,5.555555555555555,1,1,1,2.7777777777777777
1551,1552,diag_2,428,36,3,8.333333333333332,1,2,1,2.7777777777777777
1551,1552,diag_3,250,36,4,11.11111111111111,1,3,1,2.7777777777777777
1552,1553,diag_1,428,36,3,8.333333333333332,1,2,1,2.7777777777777777
1552,1553,diag_2,428,36,0,0.0,1,0,0,0.0
1552,1553,diag_3,250,36,2,5.555555555555555,1,1,1,2.7777777777777777
1553,1554,diag_1,428,36,2,5.555555555555555,1,1,1,2.7777777777777777
1553,1554,diag_2,428,36,2,5.555555555555555,1,1,1,2.7777777777777777
1553,1554,diag_3,250,36,2,5.555555555555555,1,1,1,2.7777777777777777
1554,1555,diag_1,428,36,3,8.333333333333332,1,2,1,2.7777777777777777
1554,1555,diag_2,428,36,2,5.555555555555555,1,1,1,2.7777777777777777
1554,1555,diag_3,250,36,5,13.88888888888889,1,4,1,2.7777777777777777
1555,1556,diag_1,428,36,1,2.7777777777777777,1,0,1,2.7777777777777777
1555,1556,diag_2,428,36,1,2.7777777777777777,1,0,1,2.7777777777777777
1555,1556,diag_3,250,36,5,13.88888888888889,1,4,1,2.7777777777777777
1556,1557,diag_1,428,36,4,11.11111111111111,1,3,1,2.7777777777777777
1556,1557,diag_2,428,36,2,5.555555555555555,1,1,1,2.7777777777777777
1556,1557,diag_3,250,36,4,11.11111111111111,1,3,1,2.7777777777777777
1557,1558,diag_1,428,36,2,5.555555555555555,1,1,1,2.7777777777777777
1557,1558,diag_2,428,36,3,8.333333333333332,1,2,1,2.7777777777777777
1557,1558,diag_3,250,36,2,5.555555555555555,1,1,1,2.7777777777777777
1558,1559,diag_1,428,36,1,2.7777777777777777,1,0,1,2.7777777777777777
1558,1559,diag_2,428,36,2,5.555555555555555,1,1,1,2.7777777777777777
1558,1559,diag_3,250,36,6,16.666666666666664,1,5,1,2.7777777777777777
1559,1560,diag_1,428,36,2,5.555555555555555,1,1,1,2.7777777777777777
1559,1560,diag_2,428,36,4,11.11111111111111,1,3,1,2.7777777777777777
1559,1560,diag_3,250,36,1,2.7777777777777777,1,0,1,2.7777777777777777
1560,1561,diag_1,428,36,0,0.0,1,0,0,0.0
1560,1561,diag_2,428,36,6,16.666666666666664,1,5,1,2.7777777777777777
1560,1561,diag_3,250,36,3,8.333333333333332,1,2,1,2.7777777777777777
1561,1562,diag_1,428,36,1,2.7777777777777777,1,0,1,2.7777777777777777
1561,1562,diag_2,428,36,2,5.555555555555555,1,1,1,2.7777777777777777
1561,1562,diag_3,250,36,4,11.11111111111111,1,3,1,2.7777777777777777
1562,1563,diag_1,428,36,0,0.0,1,0,0,0.0
1562,1563,diag_2,428,36,5,13.88888888888889,1,4,1,2.7777777777777777
1562,1563,diag_3,250,36,2,5.555555555555555,1,1,1,2.7777777777777777
1563,1564,diag_1,428,36,2,5.555555555555555,1,1,1,2.7777777777777777
1563,1564,diag_2,428,36,3,8.333333333333332,1,2,1,2.7777777777777777
1563,1564,diag_3,250,36,5,13.88888888888889,1,4,1,2.7777777777777777
1564,1565,diag_1,428,36,4,11.11111111111111,1,3,1,2.7777777777777777
1564,1565,diag_2,428,36,2,5.555555555555555,1,1,1,2.7777777777777777
1564,1565,diag_3,250,36,4,11.11111111111111,1,3,1,2.7777777777777777
1565,1566,diag_1,428,36,1,2.7777777777777777,1,0,1,2.7777777777777777
1565,1566,diag_2,428,36,2,5.555555555555555,1,1,1,2.7777777777777777
1565,1566,diag_3,250,36,3,8.333333333333332,1,2,1,2.7777777777777777
1566,1567,diag_1,428,36,4,11.11111111111111,1,3,1,2.7777777777777777
1566,1567,diag_2,428,36,2,5.555555555555555,1,1,1,2.7777777777777777
1566,1567,diag_3,250,36,1,2.7777777777777777,1,0,1,2.7777777777777777
1567,1568,diag_1,428,36,4,11.11111111111111,1,3,1,2.7777777777777777
1567,1568,diag_2,428,36,0,0.0,1,0,0,0.0
1567,1568,diag_3,250,36,1,2.7777777777777777,1,0,1,2.7777777777777777
1568,1569,diag_1,428,36,1,2.7777777777777777,1,0,1,2.7777777777777777
1568,1569,diag_2,428,36,4,11.11111111111111,1,3,1,2.7777777777777777
1568,1569,diag_3,250,36,2,5.555555555555555,1,1,1,2.7777777777777777
1569,1570,diag_1,428,36,1,2.7777777777777777,1,0,1,2.7777777777777777
1569,1570,diag_2,428,36,5,13.88888888888889,1,4,1,2.7777777777777777
1569,1570,diag_3,250,36,6,16.666666666666664,1,5,1,2.7777777777777777
1570,1571,diag_1,428,36,2,5.555555555555555,1,1,1,2.7777777777777777
1570,1571,diag_2,428,36,2,5.555555555555555,1,1,1,2.7777777777777777
1570,1571,diag_3,250,36,4,11.11111111111111,1,3,1,2.7777777777777777
1571,1572,diag_1,428,36,1,2.7777777777777777,1,0,1,2.7777777777777777
1571,1572,diag_2,428,36,4,11.11111111111111,1,3,1,2.7777777777777777
1571,1572,diag_3,250,36,6,16.666666666666664,1,5,1,2.7777777777777777
1572,1573,diag_1,428,36,2,5.555555555555555,1,1,1,2.7777777777777777
1572,1573,diag_2,428,36,1,2.7777777777777777,1,0,1,2.7777777777777777
1572,1573,diag_3,250,36,9,25.0,1,8,1,2.7777777777777777
1573,1574,diag_1,428,36,5,13.88888888888889,1,4,1,2.7777777777777777
1573,1574,diag_2,428,36,2,5.555555555555555,1,1,1,2.7777777777777777
1573,1574,diag_3,250,36,6,16.666666666666664,1,5,1,2.7777777777777777
1574,1575,diag_1,428,36,3,8.333333333333332,1,2,1,2.7777777777777777
1574,1575,diag_2,428,36,1,2.7777777777777777,1,0,1,2.7777777777777777
1574,1575,diag_3,250,36,3,8.333333333333332,1,2,1,2.7777777777777777
1575,1576,diag_1,428,36,3,8.333333333333332,1,2,1,2.7777777777777777
1575,1576,diag_2,428,36,2,5.555555555555555,1,1,1,2.7777777777777777
1575,1576,diag_3,250,36,4,11.11111111111111,1,3,1,2.7777777777777777
1576,1577,diag_1,428,36,1,2.7777777777777777,1,0,1,2.7777777777777777
1576,1577,diag_2,428,36,0,0.0,1,0,0,0.0
1576,1577,diag_3,250,36,3,8.333333333333332,1,2,1,2.7777777777777777
1577,1578,diag_1,428,36,2,5.555555555555555,1,1,1,2.7777777777777777
1577,1578,diag_2,428,36,2,5.555555555555555,1,1,1,2.7777777777777777
1577,1578,diag_3,250,36,5,13.88888888888889,1,4,1,2.7777777777777777
1578,1579,diag_1,428,36,3,8.333333333333332,1,2,1,2.7777777777777777
1578,1579,diag_2,428,36,2,5.555555555555555,1,1,1,2.7777777777777777
1578,1579,diag_3,250,36,7,19.444444444444446,1,6,1,2.7777777777777777
1579,1580,diag_1,428,36,4,11.11111111111111,1,3,1,2.7777777777777777
1579,1580,diag_2,428,36,1,2.7777777777777777,1,0,1,2.7777777777777777
1579,1580,diag_3,250,36,4,11.11111111111111,1,3,1,2.7777777777777777
1580,1581,diag_1,428,36,4,11.11111111111111,1,3,1,2.7777777777777777
1580,1581,diag_2,428,36,3,8.333333333333332,1,2,1,2.7777777777777777
1580,1581,diag_3,250,36,3,8.333333333333332,1,2,1,2.7777777777777777
1581,1582,diag_1,428,36,1,2.7777777777777777,1,0,1,2.7777777777777777
1581,1582,diag_2,428,36,4,11.11111111111111,1,3,1,2.7777777777777777
1581,1582,diag_3,250,36,2,5.555555555555555,1,1,1,2.7777777777777777
1582,1583,diag_1,428,36,1,2.7777777777777777,1,0,1,2.7777777777777777
1582,1583,diag_2,428,36,3,8.333333333333332,1,2,1,2.7777777777777777
1582,1583,diag_3,250,36,3,8.333333333333332,1,2,1,2.7777777777777777
1583,1584,diag_1,428,36,1,2.7777777777777777,1,0,1,2.7777777777777777
1583,1584,diag_2,428,36,2,5.555555555555555,1,1,1,2.7777777777777777
1583,1584,diag_3,250,36,5,13.88888888888889,1,4,1,2.7777777777777777
1584,1585,diag_1,428,36,2,5.555555555555555,1,1,1,2.7777777777777777
1584,1585,diag_2,428,36,3,8.333333333333332,1,2,1,2.7777777777777777
1584,1585,diag_3,250,36,7,19.444444444444446,1,6,1,2.7777777777777777
1585,1586,diag_1,428,36,2,5.555555555555555,1,1,1,2.7777777777777777
1585,1586,diag_2,428,36,2,5.555555555555555,1,1,1,2.7777777777777777
1585,1586,diag_3,250,36,4,11.11111111111111,1,3,1,2.7777777777777777
1586,1587,diag_1,428,36,4,11.11111111111111,1,3,1,2.7777777777777777
1586,1587,diag_2,428,36,3,8.333333333333332,1,2,1,2.7777777777777777
1586,1587,diag_3,250,36,3,8.333333333333332,1,2,1,2.7777777777777777
1587,1588,diag_1,428,36,4,11.11111111111111,1,3,1,2.7777777777777777
1587,1588,diag_2,428,36,2,5.555555555555555,1,1,1,2.7777777777777777
1587,1588,diag_3,250,36,5,13.88888888888889,1,4,1,2.7777777777777777
1588,1589,diag_1,428,36,7,19.444444444444446,1,6,1,2.7777777777777777
1588,1589,diag_2,428,36,2,5.555555555555555,1,1,1,2.7777777777777777
1588,1589,diag_3,250,36,1,2.7777777777777777,1,0,1,2.7777777777777777
1589,1590,diag_1,428,36,3,8.333333333333332,1,2,1,2.7777777777777777
1589,1590,diag_2,428,36,1,2.7777777777777777,1,0,1,2.7777777777777777
1589,1590,diag_3,250,36,2,5.555555555555555,1,1,1,2.7777777777777777
1590,1591,diag_1,428,36,0,0.0,1,0,0,0.0
1590,1591,diag_2,428,36,3,8.333333333333332,1,2,1,2.7777777777777777
1590,1591,diag_3,250,36,6,16.666666666666664,1,5,1,2.7777777777777777
1591,1592,diag_1,428,36,1,2.7777777777777777,1,0,1,2.7777777777777777
1591,1592,diag_2,428,36,0,0.0,1,0,0,0.0
1591,1592,diag_3,250,36,3,8.333333333333332,1,2,1,2.7777777777777777
1592,1593,diag_1,428,36,3,8.333333333333332,1,2,1,2.7777777777777777
1592,1593,diag_2,428,36,2,5.555555555555555,1,1,1,2.7777777777777777
1592,1593,diag_3,250,36,5,13.88888888888889,1,4,1,2.7777777777777777
1593,1594,diag_1,428,36,3,8.333333333333332,1,2,1,2.7777777777777777
1593,1594,diag_2,428,36,1,2.7777777777777777,1,0,1,2.7777777777777777
1593,1594,diag_3,250,36,1,2.7777777777777777,1,0,1,2.7777777777777777
1594,1595,diag_1,428,36,3,8.333333333333332,1,2,1,2.7777777777777777
1594,1595,diag_2,428,36,1,2.7777777777777777,1,0,1,2.7777777777777777
1594,1595,diag_3,250,36,3,8.333333333333332,1,2,1,2.7777777777777777
1595,1596,diag_1,428,36,6,16.666666666666664,1,5,1,2.7777777777777777
1595,1596,diag_2,428,36,2,5.555555555555555,1,1,1,2.7777777777777777
1595,1596,diag_3,250,36,4,11.11111111111111,1,3,1,2.7777777777777777
1596,1597,diag_1,428,36,3,8.333333333333332,1,2,1,2.7777777777777777
1596,1597,diag_2,428,36,2,5.555555555555555,1,1,1,2.7777777777777777
1596,1597,diag_3,250,36,2,5.555555555555555,1,1,1,2.7777777777777777
1597,1598,diag_1,428,36,4,11.11111111111111,1,3,1,2.7777777777777777
1597,1598,diag_2,428,36,2,5.555555555555555,1,1,1,2.7777777777777777
1597,1598,diag_3,250,36,3,8.333333333333332,1,2,1,2.7777777777777777
1598,1599,diag_1,428,36,4,11.11111111111111,1,3,1,2.7777777777777777
1598,1599,diag_2,428,36,3,8.333333333333332,1,2,1,2.7777777777777777
1598,1599,diag_3,250,36,3,8.333333333333332,1,2,1,2.7777777777777777
1599,1600,diag_1,428,36,1,2.7777777777777777,1,0,1,2.7777777777777777
1599,1600,diag_2,428,36,2,5.555555555555555,1,1,1,2.7777777777777777
1599,1600,diag_3,250,36,3,8.333333333333332,1,2,1,2.7777777777777777
1600,1601,diag_1,428,36,1,2.7777777777777777,1,0,1,2.7777777777777777
1600,1601,diag_2,428,36,4,11.11111111111111,1,3,1,2.7777777777777777
1600,1601,diag_3,250,36,8,22.22222222222222,1,7,1,2.7777777777777777
1601,1602,diag_1,428,36,2,5.555555555555555,1,1,1,2.7777777777777777
1601,1602,diag_2,428,36,3,8.333333333333332,1,2,1,2.7777777777777777
1601,1602,diag_3,250,36,3,8.333333333333332,1,2,1,2.7777777777777777
1602,1603,diag_1,428,36,3,8.333333333333332,1,2,1,2.7777777777777777
1602,1603,diag_2,428,36,2,5.555555555555555,1,1,1,2.7777777777777777
1602,1603,diag_3,250,36,0,0.0,1,0,0,0.0
1603,1604,diag_1,428,36,2,5.555555555555555,1,1,1,2.7777777777777777
1603,1604,diag_2,428,36,3,8.333333333333332,1,2,1,2.7777777777777777
1603,1604,diag_3,250,36,5,13.88888888888889,1,4,1,2.7777777777777777
1604,1605,diag_1,428,36,3,8.333333333333332,1,2,1,2.7777777777777777
1604,1605,diag_2,428,36,2,5.555555555555555,1,1,1,2.7777777777777777
1604,1605,diag_3,250,36,5,13.88888888888889,1,4,1,2.7777777777777777
1605,1606,diag_1,428,36,4,11.11111111111111,1,3,1,2.7777777777777777
1605,1606,diag_2,428,36,3,8.333333333333332,1,2,1,2.7777777777777777
1605,1606,diag_3,250,36,1,2.7777777777777777,1,0,1,2.7777777777777777
1606,1607,diag_1,428,36,1,2.7777777777777777,1,0,1,2.7777777777777777
1606,1607,diag_2,428,36,2,5.555555555555555,1,1,1,2.7777777777777777
1606,1607,diag_3,250,36,5,13.88888888888889,1,4,1,2.7777777777777777
1607,1608,diag_1,428,36,0,0.0,1,0,0,0.0
1607,1608,diag_2,428,36,1,2.7777777777777777,1,0,1,2.7777777777777777
1607,1608,diag_3,250,36,2,5.555555555555555,1,1,1,2.7777777777777777
1608,1609,diag_1,428,36,3,8.333333333333332,1,2,1,2.7777777777777777
1608,1609,diag_2,428,36,3,8.333333333333332,1,2,1,2.7777777777777777
1608,1609,diag_3,250,36,2,5.555555555555555,1,1,1,2.7777777777777777
1609,1610,diag_1,428,36,0,0.0,1,0,0,0.0
1609,1610,diag_2,428,36,2,5.555555555555555,1,1,1,2.7777777777777777
1609,1610,diag_3,250,36,4,11.11111111111111,1,3,1,2.7777777777777777
1610,1611,diag_1,428,36,3,8.333333333333332,1,2,1,2.7777777777777777
1610,1611,diag_2,428,36,8,22.22222222222222,1,7,1,2.7777777777777777
1610,1611,diag_3,250,36,2,5.555555555555555,1,1,1,2.7777777777777777
1611,1612,diag_1,428,36,3,8.333333333333332,1,2,1,2.7777777777777777
1611,1612,diag_2,428,36,4,11.11111111111111,1,3,1,2.7777777777777777
1611,1612,diag_3,250,36,2,5.555555555555555,1,1,1,2.7777777777777777
1612,1613,diag_1,428,36,2,5.555555555555555,1,1,1,2.7777777777777777
1612,1613,diag_2,428,36,1,2.7777777777777777,1,0,1,2.7777777777777777
1612,1613,diag_3,250,36,6,16.666666666666664,1,5,1,2.7777777777777777
1613,1614,diag_1,428,36,3,8.333333333333332,1,2,1,2.7777777777777777
1613,1614,diag_2,428,36,2,5.555555555555555,1,1,1,2.7777777777777777
1613,1614,diag_3,250,36,5,13.88888888888889,1,4,1,2.7777777777777777
1614,1615,diag_1,428,36,1,2.7777777777777777,1,0,1,2.7777777777777777
1614,1615,diag_2,428,36,0,0.0,1,0,0,0.0
1614,1615,diag_3,250,36,1,2.7777777777777777,1,0,1,2.7777777777777777
1615,1616,diag_1,428,36,2,5.555555555555555,1,1,1,2.7777777777777777
1615,1616,diag_2,428,36,0,0.0,1,0,0,0.0
1615,1616,diag_3,250,36,5,13.88888888888889,1,4,1,2.7777777777777777
1616,1617,diag_1,428,36,4,11.11111111111111,1,3,1,2.7777777777777777
1616,1617,diag_2,428,36,2,5.555555555555555,1,1,1,2.7777777777777777
1616,1617,diag_3,250,36,1,2.7777777777777777,1,0,1,2.7777777777777777
1617,1618,diag_1,428,36,1,2.7777777777777777,1,0,1,2.7777777777777777
1617,1618,diag_2,428,36,3,8.333333333333332,1,2,1,2.7777777777777777
1617,1618,diag_3,250,36,3,8.333333333333332,1,2,1,2.7777777777777777
1618,1619,diag_1,428,36,1,2.7777777777777777,1,0,1,2.7777777777777777
1618,1619,diag_2,428,36,4,11.11111111111111,1,3,1,2.7777777777777777
1618,1619,diag_3,250,36,3,8.333333333333332,1,2,1,2.7777777777777777
1619,1620,diag_1,428,36,1,2.7777777777777777,1,0,1,2.7777777777777777
1619,1620,diag_2,428,36,0,0.0,1,0,0,0.0
1619,1620,diag_3,250,36,3,8.333333333333332,1,2,1,2.7777777777777777
1620,1621,diag_1,428,36,3,8.333333333333332,1,2,1,2.7777777777777777
1620,1621,diag_2,428,36,2,5.555555555555555,1,1,1,2.7777777777777777
1620,1621,diag_3,250,36,6,16.666666666666664,1,5,1,2.7777777777777777
1621,1622,diag_1,428,36,2,5.555555555555555,1,1,1,2.7777777777777777
1621,1622,diag_2,428,36,2,5.555555555555555,1,1,1,2.7777777777777777
1621,1622,diag_3,250,36,6,16.666666666666664,1,5,1,2.7777777777777777
1622,1623,diag_1,428,36,3,8.333333333333332,1,2,1,2.7777777777777777
1622,1623,diag_2,428,36,3,8.333333333333332,1,2,1,2.7777777777777777
1622,1623,diag_3,250,36,2,5.555555555555555,1,1,1,2.7777777777777777
1623,1624,diag_1,428,36,2,5.555555555555555,1,1,1,2.7777777777777777
1623,1624,diag_2,428,36,1,2.7777777777777777,1,0,1,2.7777777777777777
1623,1624,diag_3,250,36,6,16.666666666666664,1,5,1,2.7777777777777777
1624,1625,diag_1,428,36,2,5.555555555555555,1,1,1,2.7777777777777777
1624,1625,diag_2,428,36,2,5.555555555555555,1,1,1,2.7777777777777777
1624,1625,diag_3,250,36,7,19.444444444444446,1,6,1,2.7777777777777777
1625,1626,diag_1,428,36,2,5.555555555555555,1,1,1,2.7777777777777777
1625,1626,diag_2,428,36,1,2.7777777777777777,1,0,1,2.7777777777777777
1625,1626,diag_3,250,36,7,19.444444444444446,1,6,1,2.7777777777777777
1626,1627,diag_1,428,36,4,11.11111111111111,1,3,1,2.7777777777777777
1626,1627,diag_2,428,36,5,13.88888888888889,1,4,1,2.7777777777777777
1626,1627,diag_3,250,36,5,13.88888888888889,1,4,1,2.7777777777777777
1627,1628,diag_1,428,36,2,5.555555555555555,1,1,1,2.7777777777777777
1627,1628,diag_2,428,36,2,5.555555555555555,1,1,1,2.7777777777777777
1627,1628,diag_3,250,36,6,16.666666666666664,1,5,1,2.7777777777777777
1628,1629,diag_1,428,36,2,5.555555555555555,1,1,1,2.7777777777777777
1628,1629,diag_2,428,36,1,2.7777777777777777,1,0,1,2.7777777777777777
1628,1629,diag_3,250,36,2,5.555555555555555,1,1,1,2.7777777777777777
1629,1630,diag_1,428,36,2,5.555555555555555,1,1,1,2.7777777777777777
1629,1630,diag_2,428,36,3,8.333333333333332,1,2,1,2.7777777777777777
1629,1630,diag_3,250,36,4,11.11111111111111,1,3,1,2.7777777777777777
1630,1631,diag_1,428,36,0,0.0,1,0,0,0.0
1630,1631,diag_2,428,36,4,11.11111111111111,1,3,1,2.7777777777777777
1630,1631,diag_3,250,36,4,11.11111111111111,1,3,1,2.7777777777777777
1631,1632,diag_1,428,36,1,2.7777777777777777,1,0,1,2.7777777777777777
1631,1632,diag_2,428,36,4,11.11111111111111,1,3,1,2.7777777777777777
1631,1632,diag_3,250,36,4,11.11111111111111,1,3,1,2.7777777777777777
1632,1633,diag_1,428,36,2,5.555555555555555,1,1,1,2.7777777777777777
1632,1633,diag_2,428,36,4,11.11111111111111,1,3,1,2.7777777777777777
1632,1633,diag_3,250,36,2,5.555555555555555,1,1,1,2.7777777777777777
1633,1634,diag_1,428,36,4,11.11111111111111,1,3,1,2.7777777777777777
1633,1634,diag_2,428,36,0,0.0,1,0,0,0.0
1633,1634,diag_3,250,36,3,8.333333333333332,1,2,1,2.7777777777777777
1634,1635,diag_1,428,36,3,8.333333333333332,1,2,1,2.7777777777777777
1634,1635,diag_2,428,36,4,11.11111111111111,1,3,1,2.7777777777777777
1634,1635,diag_3,250,36,4,11.11111111111111,1,3,1,2.7777777777777777
1635,1636,diag_1,428,36,0,0.0,1,0,0,0.0
1635,1636,diag_2,428,36,2,5.555555555555555,1,1,1,2.7777777777777777
1635,1636,diag_3,250,36,6,16.666666666666664,1,5,1,2.7777777777777777
1636,1637,diag_1,428,36,3,8.333333333333332,1,2,1,2.7777777777777777
1636,1637,diag_2,428,36,1,2.7777777777777777,1,0,1,2.7777777777777777
1636,1637,diag_3,250,36,5,13.88888888888889,1,4,1,2.7777777777777777
1637,1638,diag_1,428,36,2,5.555555555555555,1,1,1,2.7777777777777777
1637,1638,diag_2,428,36,1,2.7777777777777777,1,0,1,2.7777777777777777
1637,1638,diag_3,250,36,7,19.444444444444446,1,6,1,2.7777777777777777
1638,1639,diag_1,428,36,3,8.333333333333332,1,2,1,2.7777777777777777
1638,1639,diag_2,428,36,1,2.7777777777777777,1,0,1,2.7777777777777777
1638,1639,diag_3,250,36,2,5.555555555555555,1,1,1,2.7777777777777777
1639,1640,diag_1,428,36,3,8.333333333333332,1,2,1,2.7777777777777777
1639,1640,diag_2,428,36,3,8.333333333333332,1,2,1,2.7777777777777777
1639,1640,diag_3,250,36,1,2.7777777777777777,1,0,1,2.7777777777777777
1640,1641,diag_1,428,36,1,2.7777777777777777,1,0,1,2.7777777777777777
1640,1641,diag_2,428,36,1,2.7777777777777777,1,0,1,2.7777777777777777
1640,1641,diag_3,250,36,5,13.88888888888889,1,4,1,2.7777777777777777
1641,1642,diag_1,428,36,2,5.555555555555555,1,1,1,2.7777777777777777
1641,1642,diag_2,428,36,2,5.555555555555555,1,1,1,2.7777777777777777
1641,1642,diag_3,250,36,3,8.333333333333332,1,2,1,2.7777777777777777
1642,1643,diag_1,428,36,2,5.555555555555555,1,1,1,2.7777777777777777
1642,1643,diag_2,428,36,2,5.555555555555555,1,1,1,2.7777777777777777
1642,1643,diag_3,250,36,5,13.88888888888889,1,4,1,2.7777777777777777
1643,1644,diag_1,428,36,1,2.7777777777777777,1,0,1,2.7777777777777777
1643,1644,diag_2,428,36,6,16.666666666666664,1,5,1,2.7777777777777777
1643,1644,diag_3,250,36,3,8.333333333333332,1,2,1,2.7777777777777777
1644,1645,diag_1,428,36,0,0.0,1,0,0,0.0
1644,1645,diag_2,428,36,4,11.11111111111111,1,3,1,2.7777777777777777
1644,1645,diag_3,250,36,5,13.88888888888889,1,4,1,2.7777777777777777
1645,1646,diag_1,428,36,0,0.0,1,0,0,0.0
1645,1646,diag_2,428,36,3,8.333333333333332,1,2,1,2.7777777777777777
1645,1646,diag_3,250,36,6,16.666666666666664,1,5,1,2.7777777777777777
1646,1647,diag_1,428,36,2,5.555555555555555,1,1,1,2.7777777777777777
1646,1647,diag_2,428,36,1,2.7777777777777777,1,0,1,2.7777777777777777
1646,1647,diag_3,250,36,5,13.88888888888889,1,4,1,2.7777777777777777
1647,1648,diag_1,428,36,5,13.88888888888889,1,4,1,2.7777777777777777
1647,1648,diag_2,428,36,1,2.7777777777777777,1,0,1,2.7777777777777777
1647,1648,diag_3,250,36,4,11.11111111111111,1,3,1,2.7777777777777777
1648,1649,diag_1,428,36,2,5.555555555555555,1,1,1,2.7777777777777777
1648,1649,diag_2,428,36,1,2.7777777777777777,1,0,1,2.7777777777777777
1648,1649,diag_3,250,36,6,16.666666666666664,1,5,1,2.7777777777777777
1649,1650,diag_1,428,36,1,2.7777777777777777,1,0,1,2.7777777777777777
1649,1650,diag_2,428,36,7,19.444444444444446,1,6,1,2.7777777777777777
1649,1650,diag_3,250,36,3,8.333333333333332,1,2,1,2.7777777777777777
1650,1651,diag_1,428,36,0,0.0,1,0,0,0.0
1650,1651,diag_2,428,36,5,13.88888888888889,1,4,1,2.7777777777777777
1650,1651,diag_3,250,36,4,11.11111111111111,1,3,1,2.7777777777777777
1651,1652,diag_1,428,36,2,5.555555555555555,1,1,1,2.7777777777777777
1651,1652,diag_2,428,36,2,5.555555555555555,1,1,1,2.7777777777777777
1651,1652,diag_3,250,36,1,2.7777777777777777,1,0,1,2.7777777777777777
1652,1653,diag_1,428,36,4,11.11111111111111,1,3,1,2.7777777777777777
1652,1653,diag_2,428,36,3,8.333333333333332,1,2,1,2.7777777777777777
1652,1653,diag_3,250,36,6,16.666666666666664,1,5,1,2.7777777777777777
1653,1654,diag_1,428,36,2,5.555555555555555,1,1,1,2.7777777777777777
1653,1654,diag_2,428,36,5,13.88888888888889,1,4,1,2.7777777777777777
1653,1654,diag_3,250,36,4,11.11111111111111,1,3,1,2.7777777777777777
1654,1655,diag_1,428,36,1,2.7777777777777777,1,0,1,2.7777777777777777
1654,1655,diag_2,428,36,4,11.11111111111111,1,3,1,2.7777777777777777
1654,1655,diag_3,250,36,3,8.333333333333332,1,2,1,2.7777777777777777
1655,1656,diag_1,428,36,2,5.555555555555555,1,1,1,2.7777777777777777
1655,1656,diag_2,428,36,2,5.555555555555555,1,1,1,2.7777777777777777
1655,1656,diag_3,250,36,1,2.7777777777777777,1,0,1,2.7777777777777777
1656,1657,diag_1,428,36,2,5.555555555555555,1,1,1,2.7777777777777777
1656,1657,diag_2,428,36,2,5.555555555555555,1,1,1,2.7777777777777777
1656,1657,diag_3,250,36,2,5.555555555555555,1,1,1,2.7777777777777777
1657,1658,diag_1,428,36,3,8.333333333333332,1,2,1,2.7777777777777777
1657,1658,diag_2,428,36,3,8.333333333333332,1,2,1,2.7777777777777777
1657,1658,diag_3,250,36,2,5.555555555555555,1,1,1,2.7777777777777777
1658,1659,diag_1,428,36,7,19.444444444444446,1,6,1,2.7777777777777777
1658,1659,diag_2,428,36,1,2.7777777777777777,1,0,1,2.7777777777777777
1658,1659,diag_3,250,36,5,13.88888888888889,1,4,1,2.7777777777777777
1659,1660,diag_1,428,36,3,8.333333333333332,1,2,1,2.7777777777777777
1659,1660,diag_2,428,36,2,5.555555555555555,1,1,1,2.7777777777777777
1659,1660,diag_3,250,36,2,5.555555555555555,1,1,1,2.7777777777777777
1660,1661,diag_1,428,36,1,2.7777777777777777,1,0,1,2.7777777777777777
1660,1661,diag_2,428,36,1,2.7777777777777777,1,0,1,2.7777777777777777
1660,1661,diag_3,250,36,2,5.555555555555555,1,1,1,2.7777777777777777
1661,1662,diag_1,428,36,8,22.22222222222222,1,7,1,2.7777777777777777
1661,1662,diag_2,428,36,1,2.7777777777777777,1,0,1,2.7777777777777777
1661,1662,diag_3,250,36,4,11.11111111111111,1,3,1,2.7777777777777777
1662,1663,diag_1,428,36,2,5.555555555555555,1,1,1,2.7777777777777777
1662,1663,diag_2,428,36,1,2.7777777777777777,1,0,1,2.7777777777777777
1662,1663,diag_3,250,36,2,5.555555555555555,1,1,1,2.7777777777777777
1663,1664,diag_1,428,36,2,5.555555555555555,1,1,1,2.7777777777777777
1663,1664,diag_2,428,36,5,13.88888888888889,1,4,1,2.7777777777777777
1663,1664,diag_3,250,36,6,16.666666666666664,1,5,1,2.7777777777777777
1664,1665,diag_1,428,36,2,5.555555555555555,1,1,1,2.7777777777777777
1664,1665,diag_2,428,36,1,2.7777777777777777,1,0,1,2.7777777777777777
1664,1665,diag_3,250,36,4,11.11111111111111,1,3,1,2.7777777777777777
1665,1666,diag_1,428,36,3,8.333333333333332,1,2,1,2.7777777777777777
1665,1666,diag_2,428,36,2,5.555555555555555,1,1,1,2.7777777777777777
1665,1666,diag_3,250,36,4,11.11111111111111,1,3,1,2.7777777777777777
1666,1667,diag_1,428,36,3,8.333333333333332,1,2,1,2.7777777777777777
1666,1667,diag_2,428,36,4,11.11111111111111,1,3,1,2.7777777777777777
1666,1667,diag_3,250,36,6,16.666666666666664,1,5,1,2.7777777777777777
1667,1668,diag_1,428,36,2,5.555555555555555,1,1,1,2.7777777777777777
1667,1668,diag_2,428,36,4,11.11111111111111,1,3,1,2.7777777777777777
1667,1668,diag_3,250,36,1,2.7777777777777777,1,0,1,2.7777777777777777
1668,1669,diag_1,428,36,1,2.7777777777777777,1,0,1,2.7777777777777777
1668,1669,diag_2,428,36,3,8.333333333333332,1,2,1,2.7777777777777777
1668,1669,diag_3,250,36,2,5.555555555555555,1,1,1,2.7777777777777777
1669,1670,diag_1,428,36,3,8.333333333333332,1,2,1,2.7777777777777777
1669,1670,diag_2,428,36,3,8.333333333333332,1,2,1,2.7777777777777777
1669,1670,diag_3,250,36,4,11.11111111111111,1,3,1,2.7777777777777777
1670,1671,diag_1,428,36,3,8.333333333333332,1,2,1,2.7777777777777777
1670,1671,diag_2,428,36,1,2.7777777777777777,1,0,1,2.7777777777777777
1670,1671,diag_3,250,36,5,13.88888888888889,1,4,1,2.7777777777777777
1671,1672,diag_1,428,36,1,2.7777777777777777,1,0,1,2.7777777777777777
1671,1672,diag_2,428,36,1,2.7777777777777777,1,0,1,2.7777777777777777
1671,1672,diag_3,250,36,3,8.333333333333332,1,2,1,2.7777777777777777
1672,1673,diag_1,428,36,1,2.7777777777777777,1,0,1,2.7777777777777777
1672,1673,diag_2,428,36,4,11.11111111111111,1,3,1,2.7777777777777777
1672,1673,diag_3,250,36,1,2.7777777777777777,1,0,1,2.7777777777777777
1673,1674,diag_1,428,36,2,5.555555555555555,1,1,1,2.7777777777777777
1673,1674,diag_2,428,36,2,5.555555555555555,1,1,1,2.7777777777777777
1673,1674,diag_3,250,36,5,13.88888888888889,1,4,1,2.7777777777777777
1674,1675,diag_1,428,36,0,0.0,1,0,0,0.0
1674,1675,diag_2,428,36,3,8.333333333333332,1,2,1,2.7777777777777777
1674,1675,diag_3,250,36,1,2.7777777777777777,1,0,1,2.7777777777777777
1675,1676,diag_1,428,36,4,11.11111111111111,1,3,1,2.7777777777777777
1675,1676,diag_2,428,36,3,8.333333333333332,1,2,1,2.7777777777777777
1675,1676,diag_3,250,36,2,5.555555555555555,1,1,1,2.7777777777777777
1676,1677,diag_1,428,36,2,5.555555555555555,1,1,1,2.7777777777777777
1676,1677,diag_2,428,36,3,8.333333333333332,1,2,1,2.7777777777777777
1676,1677,diag_3,250,36,3,8.333333333333332,1,2,1,2.7777777777777777
1677,1678,diag_1,428,36,1,2.7777777777777777,1,0,1,2.7777777777777777
1677,1678,diag_2,428,36,3,8.333333333333332,1,2,1,2.7777777777777777
1677,1678,diag_3,250,36,3,8.333333333333332,1,2,1,2.7777777777777777
1678,1679,diag_1,428,36,2,5.555555555555555,1,1,1,2.7777777777777777
1678,1679,diag_2,428,36,2,5.555555555555555,1,1,1,2.7777777777777777
1678,1679,diag_3,250,36,2,5.555555555555555,1,1,1,2.7777777777777777
1679,1680,diag_1,428,36,4,11.11111111111111,1,3,1,2.7777777777777777
1679,1680,diag_2,428,36,2,5.555555555555555,1,1,1,2.7777777777777777
1679,1680,diag_3,250,36,2,5.555555555555555,1,1,1,2.7777777777777777
1680,1681,diag_1,428,36,1,2.7777777777777777,1,0,1,2.7777777777777777
1680,1681,diag_2,428,36,0,0.0,1,0,0,0.0
1680,1681,diag_3,250,36,6,16.666666666666664,1,5,1,2.7777777777777777
1681,1682,diag_1,428,36,5,13.88888888888889,1,4,1,2.7777777777777777
1681,1682,diag_2,428,36,3,8.333333333333332,1,2,1,2.7777777777777777
1681,1682,diag_3,250,36,7,19.444444444444446,1,6,1,2.7777777777777777
1682,1683,diag_1,428,36,2,5.555555555555555,1,1,1,2.7777777777777777
1682,1683,diag_2,428,36,3,8.333333333333332,1,2,1,2.7777777777777777
1682,1683,diag_3,250,36,1,2.7777777777777777,1,0,1,2.7777777777777777
1683,1684,diag_1,428,36,7,19.444444444444446,1,6,1,2.7777777777777777
1683,1684,diag_2,428,36,3,8.333333333333332,1,2,1,2.7777777777777777
1683,1684,diag_3,250,36,2,5.555555555555555,1,1,1,2.7777777777777777
1684,1685,diag_1,428,36,7,19.444444444444446,1,6,1,2.7777777777777777
1684,1685,diag_2,428,36,2,5.555555555555555,1,1,1,2.7777777777777777
1684,1685,diag_3,250,36,2,5.555555555555555,1,1,1,2.7777777777777777
1685,1686,diag_1,428,36,5,13.88888888888889,1,4,1,2.7777777777777777
1685,1686,diag_2,428,36,2,5.555555555555555,1,1,1,2.7777777777777777
1685,1686,diag_3,250,36,2,5.555555555555555,1,1,1,2.7777777777777777
1686,1687,diag_1,428,36,3,8.333333333333332,1,2,1,2.7777777777777777
1686,1687,diag_2,428,36,2,5.555555555555555,1,1,1,2.7777777777777777
1686,1687,diag_3,250,36,4,11.11111111111111,1,3,1,2.7777777777777777
1687,1688,diag_1,428,36,7,19.444444444444446,1,6,1,2.7777777777777777
1687,1688,diag_2,428,36,1,2.7777777777777777,1,0,1,2.7777777777777777
1687,1688,diag_3,250,36,3,8.333333333333332,1,2,1,2.7777777777777777
1688,1689,diag_1,428,36,1,2.7777777777777777,1,0,1,2.7777777777777777
1688,1689,diag_2,428,36,1,2.7777777777777777,1,0,1,2.7777777777777777
1688,1689,diag_3,250,36,1,2.7777777777777777,1,0,1,2.7777777777777777
1689,1690,diag_1,428,36,6,16.666666666666664,1,5,1,2.7777777777777777
1689,1690,diag_2,428,36,1,2.7777777777777777,1,0,1,2.7777777777777777
1689,1690,diag_3,250,36,3,8.333333333333332,1,2,1,2.7777777777777777
1690,1691,diag_1,428,36,3,8.333333333333332,1,2,1,2.7777777777777777
1690,1691,diag_2,428,36,6,16.666666666666664,1,5,1,2.7777777777777777
1690,1691,diag_3,250,36,3,8.333333333333332,1,2,1,2.7777777777777777
1691,1692,diag_1,428,36,1,2.7777777777777777,1,0,1,2.7777777777777777
1691,1692,diag_2,428,36,5,13.88888888888889,1,4,1,2.7777777777777777
1691,1692,diag_3,250,36,5,13.88888888888889,1,4,1,2.7777777777777777
1692,1693,diag_1,428,36,2,5.555555555555555,1,1,1,2.7777777777777777
1692,1693,diag_2,428,36,4,11.11111111111111,1,3,1,2.7777777777777777
1692,1693,diag_3,250,36,2,5.555555555555555,1,1,1,2.7777777777777777
1693,1694,diag_1,428,36,3,8.333333333333332,1,2,1,2.7777777777777777
1693,1694,diag_2,428,36,3,8.333333333333332,1,2,1,2.7777777777777777
1693,1694,diag_3,250,36,1,2.7777777777777777,1,0,1,2.7777777777777777
1694,1695,diag_1,428,36,4,11.11111111111111,1,3,1,2.7777777777777777
1694,1695,diag_2,428,36,3,8.333333333333332,1,2,1,2.7777777777777777
1694,1695,diag_3,250,36,3,8.333333333333332,1,2,1,2.7777777777777777
1695,1696,diag_1,428,36,1,2.7777777777777777,1,0,1,2.7777777777777777
1695,1696,diag_2,428,36,2,5.555555555555555,1,1,1,2.7777777777777777
1695,1696,diag_3,250,36,7,19.444444444444446,1,6,1,2.7777777777777777
1696,1697,diag_1,428,36,5,13.88888888888889,1,4,1,2.7777777777777777
1696,1697,diag_2,428,36,1,2.7777777777777777,1,0,1,2.7777777777777777
1696,1697,diag_3,250,36,4,11.11111111111111,1,3,1,2.7777777777777777
1697,1698,diag_1,428,36,1,2.7777777777777777,1,0,1,2.7777777777777777
1697,1698,diag_2,428,36,1,2.7777777777777777,1,0,1,2.7777777777777777
1697,1698,diag_3,250,36,5,13.88888888888889,1,4,1,2.7777777777777777
1698,1699,diag_1,428,36,3,8.333333333333332,1,2,1,2.7777777777777777
1698,1699,diag_2,428,36,3,8.333333333333332,1,2,1,2.7777777777777777
1698,1699,diag_3,250,36,6,16.666666666666664,1,5,1,2.7777777777777777
1699,1700,diag_1,428,36,1,2.7777777777777777,1,0,1,2.7777777777777777
1699,1700,diag_2,428,36,0,0.0,1,0,0,0.0
1699,1700,diag_3,250,36,5,13.88888888888889,1,4,1,2.7777777777777777
1700,1701,diag_1,428,36,5,13.88888888888889,1,4,1,2.7777777777777777
1700,1701,diag_2,428,36,1,2.7777777777777777,1,0,1,2.7777777777777777
1700,1701,diag_3,250,36,3,8.333333333333332,1,2,1,2.7777777777777777
1701,1702,diag_1,428,36,5,13.88888888888889,1,4,1,2.7777777777777777
1701,1702,diag_2,428,36,2,5.555555555555555,1,1,1,2.7777777777777777
1701,1702,diag_3,250,36,5,13.88888888888889,1,4,1,2.7777777777777777
1702,1703,diag_1,428,36,2,5.555555555555555,1,1,1,2.7777777777777777
1702,1703,diag_2,428,36,0,0.0,1,0,0,0.0
1702,1703,diag_3,250,36,2,5.555555555555555,1,1,1,2.7777777777777777
1703,1704,diag_1,428,36,2,5.555555555555555,1,1,1,2.7777777777777777
1703,1704,diag_2,428,36,2,5.555555555555555,1,1,1,2.7777777777777777
1703,1704,diag_3,250,36,4,11.11111111111111,1,3,1,2.7777777777777777
1704,1705,diag_1,428,36,7,19.444444444444446,1,6,1,2.7777777777777777
1704,1705,diag_2,428,36,3,8.333333333333332,1,2,1,2.7777777777777777
1704,1705,diag_3,250,36,6,16.666666666666664,1,5,1,2.7777777777777777
1705,1706,diag_1,428,36,5,13.88888888888889,1,4,1,2.7777777777777777
1705,1706,diag_2,428,36,0,0.0,1,0,0,0.0
1705,1706,diag_3,250,36,2,5.555555555555555,1,1,1,2.7777777777777777
1706,1707,diag_1,428,36,4,11.11111111111111,1,3,1,2.7777777777777777
1706,1707,diag_2,428,36,5,13.88888888888889,1,4,1,2.7777777777777777
1706,1707,diag_3,250,36,2,5.555555555555555,1,1,1,2.7777777777777777
1707,1708,diag_1,428,36,2,5.555555555555555,1,1,1,2.7777777777777777
1707,1708,diag_2,428,36,1,2.7777777777777777,1,0,1,2.7777777777777777
1707,1708,diag_3,250,36,1,2.7777777777777777,1,0,1,2.7777777777777777
1708,1709,diag_1,428,36,2,5.555555555555555,1,1,1,2.7777777777777777
1708,1709,diag_2,428,36,1,2.7777777777777777,1,0,1,2.7777777777777777
1708,1709,diag_3,250,36,2,5.555555555555555,1,1,1,2.7777777777777777
1709,1710,diag_1,428,36,3,8.333333333333332,1,2,1,2.7777777777777777
1709,1710,diag_2,428,36,1,2.7777777777777777,1,0,1,2.7777777777777777
1709,1710,diag_3,250,36,3,8.333333333333332,1,2,1,2.7777777777777777
1710,1711,diag_1,428,36,4,11.11111111111111,1,3,1,2.7777777777777777
1710,1711,diag_2,428,36,4,11.11111111111111,1,3,1,2.7777777777777777
1710,1711,diag_3,250,36,3,8.333333333333332,1,2,1,2.7777777777777777
1711,1712,diag_1,428,36,3,8.333333333333332,1,2,1,2.7777777777777777
1711,1712,diag_2,428,36,4,11.11111111111111,1,3,1,2.7777777777777777
1711,1712,diag_3,250,36,4,11.11111111111111,1,3,1,2.7777777777777777
1712,1713,diag_1,428,36,2,5.555555555555555,1,1,1,2.7777777777777777
1712,1713,diag_2,428,36,2,5.555555555555555,1,1,1,2.7777777777777777
1712,1713,diag_3,250,36,4,11.11111111111111,1,3,1,2.7777777777777777
1713,1714,diag_1,428,36,3,8.333333333333332,1,2,1,2.7777777777777777
1713,1714,diag_2,428,36,4,11.11111111111111,1,3,1,2.7777777777777777
1713,1714,diag_3,250,36,1,2.7777777777777777,1,0,1,2.7777777777777777
1714,1715,diag_1,428,36,0,0.0,1,0,0,0.0
1714,1715,diag_2,428,36,1,2.7777777777777777,1,0,1,2.7777777777777777
1714,1715,diag_3,250,36,5,13.88888888888889,1,4,1,2.7777777777777777
1715,1716,diag_1,428,36,1,2.7777777777777777,1,0,1,2.7777777777777777
1715,1716,diag_2,428,36,1,2.7777777777777777,1,0,1,2.7777777777777777
1715,1716,diag_3,250,36,5,13.88888888888889,1,4,1,2.7777777777777777
1716,1717,diag_1,428,36,1,2.7777777777777777,1,0,1,2.7777777777777777
1716,1717,diag_2,428,36,2,5.555555555555555,1,1,1,2.7777777777777777
1716,1717,diag_3,250,36,4,11.11111111111111,1,3,1,2.7777777777777777
1717,1718,diag_1,428,36,1,2.7777777777777777,1,0,1,2.7777777777777777
1717,1718,diag_2,428,36,3,8.333333333333332,1,2,1,2.7777777777777777
1717,1718,diag_3,250,36,4,11.11111111111111,1,3,1,2.7777777777777777
1718,1719,diag_1,428,36,0,0.0,1,0,0,0.0
1718,1719,diag_2,428,36,4,11.11111111111111,1,3,1,2.7777777777777777
1718,1719,diag_3,250,36,6,16.666666666666664,1,5,1,2.7777777777777777
1719,1720,diag_1,428,36,1,2.7777777777777777,1,0,1,2.7777777777777777
1719,1720,diag_2,428,36,2,5.555555555555555,1,1,1,2.7777777777777777
1719,1720,diag_3,250,36,2,5.555555555555555,1,1,1,2.7777777777777777
1720,1721,diag_1,428,36,0,0.0,1,0,0,0.0
1720,1721,diag_2,428,36,0,0.0,1,0,0,0.0
1720,1721,diag_3,250,36,3,8.333333333333332,1,2,1,2.7777777777777777
1721,1722,diag_1,428,36,2,5.555555555555555,1,1,1,2.7777777777777777
1721,1722,diag_2,428,36,4,11.11111111111111,1,3,1,2.7777777777777777
1721,1722,diag_3,250,36,3,8.333333333333332,1,2,1,2.7777777777777777
1722,1723,diag_1,428,36,2,5.555555555555555,1,1,1,2.7777777777777777
1722,1723,diag_2,428,36,1,2.7777777777777777,1,0,1,2.7777777777777777
1722,1723,diag_3,250,36,7,19.444444444444446,1,6,1,2.7777777777777777
1723,1724,diag_1,428,36,2,5.555555555555555,1,1,1,2.7777777777777777
1723,1724,diag_2,428,36,1,2.7777777777777777,1,0,1,2.7777777777777777
1723,1724,diag_3,250,36,2,5.555555555555555,1,1,1,2.7777777777777777
1724,1725,diag_1,428,36,3,8.333333333333332,1,2,1,2.7777777777777777
1724,1725,diag_2,428,36,1,2.7777777777777777,1,0,1,2.7777777777777777
1724,1725,diag_3,250,36,2,5.555555555555555,1,1,1,2.7777777777777777
1725,1726,diag_1,428,36,3,8.333333333333332,1,2,1,2.7777777777777777
1725,1726,diag_2,428,36,2,5.555555555555555,1,1,1,2.7777777777777777
1725,1726,diag_3,250,36,2,5.555555555555555,1,1,1,2.7777777777777777
1726,1727,diag_1,428,36,0,0.0,1,0,0,0.0
1726,1727,diag_2,428,36,1,2.7777777777777777,1,0,1,2.7777777777777777
1726,1727,diag_3,250,36,4,11.11111111111111,1,3,1,2.7777777777777777
1727,1728,diag_1,428,36,1,2.7777777777777777,1,0,1,2.7777777777777777
1727,1728,diag_2,428,36,5,13.88888888888889,1,4,1,2.7777777777777777
1727,1728,diag_3,250,36,3,8.333333333333332,1,2,1,2.7777777777777777
1728,1729,diag_1,428,36,1,2.7777777777777777,1,0,1,2.7777777777777777
1728,1729,diag_2,428,36,3,8.333333333333332,1,2,1,2.7777777777777777
1728,1729,diag_3,250,36,3,8.333333333333332,1,2,1,2.7777777777777777
1729,1730,diag_1,428,36,2,5.555555555555555,1,1,1,2.7777777777777777
1729,1730,diag_2,428,36,4,11.11111111111111,1,3,1,2.7777777777777777
1729,1730,diag_3,250,36,4,11.11111111111111,1,3,1,2.7777777777777777
1730,1731,diag_1,428,36,1,2.7777777777777777,1,0,1,2.7777777777777777
1730,1731,diag_2,428,36,1,2.7777777777777777,1,0,1,2.7777777777777777
1730,1731,diag_3,250,36,2,5.555555555555555,1,1,1,2.7777777777777777
1731,1732,diag_1,428,36,2,5.555555555555555,1,1,1,2.7777777777777777
1731,1732,diag_2,428,36,2,5.555555555555555,1,1,1,2.7777777777777777
1731,1732,diag_3,250,36,4,11.11111111111111,1,3,1,2.7777777777777777
1732,1733,diag_1,428,36,1,2.7777777777777777,1,0,1,2.7777777777777777
1732,1733,diag_2,428,36,1,2.7777777777777777,1,0,1,2.7777777777777777
1732,1733,diag_3,250,36,3,8.333333333333332,1,2,1,2.7777777777777777
1733,1734,diag_1,428,36,3,8.333333333333332,1,2,1,2.7777777777777777
1733,1734,diag_2,428,36,2,5.555555555555555,1,1,1,2.7777777777777777
1733,1734,diag_3,250,36,7,19.444444444444446,1,6,1,2.7777777777777777
1734,1735,diag_1,428,36,4,11.11111111111111,1,3,1,2.7777777777777777
1734,1735,diag_2,428,36,2,5.555555555555555,1,1,1,2.7777777777777777
1734,1735,diag_3,250,36,4,11.11111111111111,1,3,1,2.7777777777777777
1735,1736,diag_1,428,36,2,5.555555555555555,1,1,1,2.7777777777777777
1735,1736,diag_2,428,36,1,2.7777777777777777,1,0,1,2.7777777777777777
1735,1736,diag_3,250,36,3,8.333333333333332,1,2,1,2.7777777777777777
1736,1737,diag_1,428,36,2,5.555555555555555,1,1,1,2.7777777777777777
1736,1737,diag_2,428,36,2,5.555555555555555,1,1,1,2.7777777777777777
1736,1737,diag_3,250,36,2,5.555555555555555,1,1,1,2.7777777777777777
1737,1738,diag_1,428,36,4,11.11111111111111,1,3,1,2.7777777777777777
1737,1738,diag_2,428,36,3,8.333333333333332,1,2,1,2.7777777777777777
1737,1738,diag_3,250,36,4,11.11111111111111,1,3,1,2.7777777777777777
1738,1739,diag_1,428,36,2,5.555555555555555,1,1,1,2.7777777777777777
1738,1739,diag_2,428,36,3,8.333333333333332,1,2,1,2.7777777777777777
1738,1739,diag_3,250,36,2,5.555555555555555,1,1,1,2.7777777777777777
1739,1740,diag_1,428,36,0,0.0,1,0,0,0.0
1739,1740,diag_2,428,36,0,0.0,1,0,0,0.0
1739,1740,diag_3,250,36,3,8.333333333333332,1,2,1,2.7777777777777777
1740,1741,diag_1,428,36,7,19.444444444444446,1,6,1,2.7777777777777777
1740,1741,diag_2,428,36,1,2.7777777777777777,1,0,1,2.7777777777777777
1740,1741,diag_3,250,36,4,11.11111111111111,1,3,1,2.7777777777777777
1741,1742,diag_1,428,36,5,13.88888888888889,1,4,1,2.7777777777777777
1741,1742,diag_2,428,36,0,0.0,1,0,0,0.0
1741,1742,diag_3,250,36,4,11.11111111111111,1,3,1,2.7777777777777777
1742,1743,diag_1,428,36,4,11.11111111111111,1,3,1,2.7777777777777777
1742,1743,diag_2,428,36,2,5.555555555555555,1,1,1,2.7777777777777777
1742,1743,diag_3,250,36,5,13.88888888888889,1,4,1,2.7777777777777777
1743,1744,diag_1,428,36,1,2.7777777777777777,1,0,1,2.7777777777777777
1743,1744,diag_2,428,36,5,13.88888888888889,1,4,1,2.7777777777777777
1743,1744,diag_3,250,36,2,5.555555555555555,1,1,1,2.7777777777777777
1744,1745,diag_1,428,36,4,11.11111111111111,1,3,1,2.7777777777777777
1744,1745,diag_2,428,36,2,5.555555555555555,1,1,1,2.7777777777777777
1744,1745,diag_3,250,36,3,8.333333333333332,1,2,1,2.7777777777777777
1745,1746,diag_1,428,36,0,0.0,1,0,0,0.0
1745,1746,diag_2,428,36,3,8.333333333333332,1,2,1,2.7777777777777777
1745,1746,diag_3,250,36,2,5.555555555555555,1,1,1,2.7777777777777777
1746,1747,diag_1,428,36,2,5.555555555555555,1,1,1,2.7777777777777777
1746,1747,diag_2,428,36,1,2.7777777777777777,1,0,1,2.7777777777777777
1746,1747,diag_3,250,36,1,2.7777777777777777,1,0,1,2.7777777777777777
1747,1748,diag_1,428,36,2,5.555555555555555,1,1,1,2.7777777777777777
1747,1748,diag_2,428,36,1,2.7777777777777777,1,0,1,2.7777777777777777
1747,1748,diag_3,250,36,2,5.555555555555555,1,1,1,2.7777777777777777
1748,1749,diag_1,428,36,3,8.333333333333332,1,2,1,2.7777777777777777
1748,1749,diag_2,428,36,1,2.7777777777777777,1,0,1,2.7777777777777777
1748,1749,diag_3,250,36,2,5.555555555555555,1,1,1,2.7777777777777777
1749,1750,diag_1,428,36,0,0.0,1,0,0,0.0
1749,1750,diag_2,428,36,2,5.555555555555555,1,1,1,2.7777777777777777
1749,1750,diag_3,250,36,3,8.333333333333332,1,2,1,2.7777777777777777
1750,1751,diag_1,428,36,3,8.333333333333332,1,2,1,2.7777777777777777
1750,1751,diag_2,428,36,0,0.0,1,0,0,0.0
1750,1751,diag_3,250,36,4,11.11111111111111,1,3,1,2.7777777777777777
1751,1752,diag_1,428,36,1,2.7777777777777777,1,0,1,2.7777777777777777
1751,1752,diag_2,428,36,1,2.7777777777777777,1,0,1,2.7777777777777777
1751,1752,diag_3,250,36,6,16.666666666666664,1,5,1,2.7777777777777777
1752,1753,diag_1,428,36,1,2.7777777777777777,1,0,1,2.7777777777777777
1752,1753,diag_2,428,36,4,11.11111111111111,1,3,1,2.7777777777777777
1752,1753,diag_3,250,36,1,2.7777777777777777,1,0,1,2.7777777777777777
1753,1754,diag_1,428,36,4,11.11111111111111,1,3,1,2.7777777777777777
1753,1754,diag_2,428,36,6,16.666666666666664,1,5,1,2.7777777777777777
1753,1754,diag_3,250,36,4,11.11111111111111,1,3,1,2.7777777777777777
1754,1755,diag_1,428,36,5,13.88888888888889,1,4,1,2.7777777777777777
1754,1755,diag_2,428,36,5,13.88888888888889,1,4,1,2.7777777777777777
1754,1755,diag_3,250,36,3,8.333333333333332,1,2,1,2.7777777777777777
1755,1756,diag_1,428,36,2,5.555555555555555,1,1,1,2.7777777777777777
1755,1756,diag_2,428,36,1,2.7777777777777777,1,0,1,2.7777777777777777
1755,1756,diag_3,250,36,8,22.22222222222222,1,7,1,2.7777777777777777
1756,1757,diag_1,428,36,2,5.555555555555555,1,1,1,2.7777777777777777
1756,1757,diag_2,428,36,1,2.7777777777777777,1,0,1,2.7777777777777777
1756,1757,diag_3,250,36,2,5.555555555555555,1,1,1,2.7777777777777777
1757,1758,diag_1,428,36,1,2.7777777777777777,1,0,1,2.7777777777777777
1757,1758,diag_2,428,36,1,2.7777777777777777,1,0,1,2.7777777777777777
1757,1758,diag_3,250,36,4,11.11111111111111,1,3,1,2.7777777777777777
1758,1759,diag_1,428,36,4,11.11111111111111,1,3,1,2.7777777777777777
1758,1759,diag_2,428,36,3,8.333333333333332,1,2,1,2.7777777777777777
1758,1759,diag_3,250,36,4,11.11111111111111,1,3,1,2.7777777777777777
1759,1760,diag_1,428,36,2,5.555555555555555,1,1,1,2.7777777777777777
1759,1760,diag_2,428,36,5,13.88888888888889,1,4,1,2.7777777777777777
1759,1760,diag_3,250,36,4,11.11111111111111,1,3,1,2.7777777777777777
1760,1761,diag_1,428,36,4,11.11111111111111,1,3,1,2.7777777777777777
1760,1761,diag_2,428,36,0,0.0,1,0,0,0.0
1760,1761,diag_3,250,36,4,11.11111111111111,1,3,1,2.7777777777777777
1761,1762,diag_1,428,36,3,8.333333333333332,1,2,1,2.7777777777777777
1761,1762,diag_2,428,36,2,5.555555555555555,1,1,1,2.7777777777777777
1761,1762,diag_3,250,36,4,11.11111111111111,1,3,1,2.7777777777777777
1762,1763,diag_1,428,36,2,5.555555555555555,1,1,1,2.7777777777777777
1762,1763,diag_2,428,36,5,13.88888888888889,1,4,1,2.7777777777777777
1762,1763,diag_3,250,36,3,8.333333333333332,1,2,1,2.7777777777777777
1763,1764,diag_1,428,36,2,5.555555555555555,1,1,1,2.7777777777777777
1763,1764,diag_2,428,36,2,5.555555555555555,1,1,1,2.7777777777777777
1763,1764,diag_3,250,36,1,2.7777777777777777,1,0,1,2.7777777777777777
1764,1765,diag_1,428,36,1,2.7777777777777777,1,0,1,2.7777777777777777
1764,1765,diag_2,428,36,2,5.555555555555555,1,1,1,2.7777777777777777
1764,1765,diag_3,250,36,4,11.11111111111111,1,3,1,2.7777777777777777
1765,1766,diag_1,428,36,2,5.555555555555555,1,1,1,2.7777777777777777
1765,1766,diag_2,428,36,0,0.0,1,0,0,0.0
1765,1766,diag_3,250,36,5,13.88888888888889,1,4,1,2.7777777777777777
1766,1767,diag_1,428,36,2,5.555555555555555,1,1,1,2.7777777777777777
1766,1767,diag_2,428,36,2,5.555555555555555,1,1,1,2.7777777777777777
1766,1767,diag_3,250,36,5,13.88888888888889,1,4,1,2.7777777777777777
1767,1768,diag_1,428,36,1,2.7777777777777777,1,0,1,2.7777777777777777
1767,1768,diag_2,428,36,0,0.0,1,0,0,0.0
1767,1768,diag_3,250,36,5,13.88888888888889,1,4,1,2.7777777777777777
1768,1769,diag_1,428,36,2,5.555555555555555,1,1,1,2.7777777777777777
1768,1769,diag_2,428,36,2,5.555555555555555,1,1,1,2.7777777777777777
1768,1769,diag_3,250,36,2,5.555555555555555,1,1,1,2.7777777777777777
1769,1770,diag_1,428,36,0,0.0,1,0,0,0.0
1769,1770,diag_2,428,36,3,8.333333333333332,1,2,1,2.7777777777777777
1769,1770,diag_3,250,36,3,8.333333333333332,1,2,1,2.7777777777777777
1770,1771,diag_1,428,36,3,8.333333333333332,1,2,1,2.7777777777777777
1770,1771,diag_2,428,36,3,8.333333333333332,1,2,1,2.7777777777777777
1770,1771,diag_3,250,36,2,5.555555555555555,1,1,1,2.7777777777777777
1771,1772,diag_1,428,36,5,13.88888888888889,1,4,1,2.7777777777777777
1771,1772,diag_2,428,36,1,2.7777777777777777,1,0,1,2.7777777777777777
1771,1772,diag_3,250,36,1,2.7777777777777777,1,0,1,2.7777777777777777
1772,1773,diag_1,428,36,0,0.0,1,0,0,0.0
1772,1773,diag_2,428,36,3,8.333333333333332,1,2,1,2.7777777777777777
1772,1773,diag_3,250,36,3,8.333333333333332,1,2,1,2.7777777777777777
1773,1774,diag_1,428,36,3,8.333333333333332,1,2,1,2.7777777777777777
1773,1774,diag_2,428,36,2,5.555555555555555,1,1,1,2.7777777777777777
1773,1774,diag_3,250,36,4,11.11111111111111,1,3,1,2.7777777777777777
1774,1775,diag_1,428,36,0,0.0,1,0,0,0.0
1774,1775,diag_2,428,36,3,8.333333333333332,1,2,1,2.7777777777777777
1774,1775,diag_3,250,36,4,11.11111111111111,1,3,1,2.7777777777777777
1775,1776,diag_1,428,36,2,5.555555555555555,1,1,1,2.7777777777777777
1775,1776,diag_2,428,36,3,8.333333333333332,1,2,1,2.7777777777777777
1775,1776,diag_3,250,36,6,16.666666666666664,1,5,1,2.7777777777777777
1776,1777,diag_1,428,36,4,11.11111111111111,1,3,1,2.7777777777777777
1776,1777,diag_2,428,36,3,8.333333333333332,1,2,1,2.7777777777777777
1776,1777,diag_3,250,36,8,22.22222222222222,1,7,1,2.7777777777777777
1777,1778,diag_1,428,36,3,8.333333333333332,1,2,1,2.7777777777777777
1777,1778,diag_2,428,36,4,11.11111111111111,1,3,1,2.7777777777777777
1777,1778,diag_3,250,36,2,5.555555555555555,1,1,1,2.7777777777777777
1778,1779,diag_1,428,36,1,2.7777777777777777,1,0,1,2.7777777777777777
1778,1779,diag_2,428,36,5,13.88888888888889,1,4,1,2.7777777777777777
1778,1779,diag_3,250,36,5,13.88888888888889,1,4,1,2.7777777777777777
1779,1780,diag_1,428,36,2,5.555555555555555,1,1,1,2.7777777777777777
1779,1780,diag_2,428,36,4,11.11111111111111,1,3,1,2.7777777777777777
1779,1780,diag_3,250,36,1,2.7777777777777777,1,0,1,2.7777777777777777
1780,1781,diag_1,428,36,3,8.333333333333332,1,2,1,2.7777777777777777
1780,1781,diag_2,428,36,3,8.333333333333332,1,2,1,2.7777777777777777
1780,1781,diag_3,250,36,4,11.11111111111111,1,3,1,2.7777777777777777
1781,1782,diag_1,428,36,2,5.555555555555555,1,1,1,2.7777777777777777
1781,1782,diag_2,428,36,1,2.7777777777777777,1,0,1,2.7777777777777777
1781,1782,diag_3,250,36,6,16.666666666666664,1,5,1,2.7777777777777777
1782,1783,diag_1,428,36,1,2.7777777777777777,1,0,1,2.7777777777777777
1782,1783,diag_2,428,36,1,2.7777777777777777,1,0,1,2.7777777777777777
1782,1783,diag_3,250,36,4,11.11111111111111,1,3,1,2.7777777777777777
1783,1784,diag_1,428,36,3,8.333333333333332,1,2,1,2.7777777777777777
1783,1784,diag_2,428,36,3,8.333333333333332,1,2,1,2.7777777777777777
1783,1784,diag_3,250,36,6,16.666666666666664,1,5,1,2.7777777777777777
1784,1785,diag_1,428,36,3,8.333333333333332,1,2,1,2.7777777777777777
1784,1785,diag_2,428,36,1,2.7777777777777777,1,0,1,2.7777777777777777
1784,1785,diag_3,250,36,2,5.555555555555555,1,1,1,2.7777777777777777
1785,1786,diag_1,428,36,1,2.7777777777777777,1,0,1,2.7777777777777777
1785,1786,diag_2,428,36,7,19.444444444444446,1,6,1,2.7777777777777777
1785,1786,diag_3,250,36,5,13.88888888888889,1,4,1,2.7777777777777777
1786,1787,diag_1,428,36,3,8.333333333333332,1,2,1,2.7777777777777777
1786,1787,diag_2,428,36,1,2.7777777777777777,1,0,1,2.7777777777777777
1786,1787,diag_3,250,36,3,8.333333333333332,1,2,1,2.7777777777777777
1787,1788,diag_1,428,36,0,0.0,1,0,0,0.0
1787,1788,diag_2,428,36,3,8.333333333333332,1,2,1,2.7777777777777777
1787,1788,diag_3,250,36,6,16.666666666666664,1,5,1,2.7777777777777777
1788,1789,diag_1,428,36,1,2.7777777777777777,1,0,1,2.7777777777777777
1788,1789,diag_2,428,36,6,16.666666666666664,1,5,1,2.7777777777777777
1788,1789,diag_3,250,36,4,11.11111111111111,1,3,1,2.7777777777777777
1789,1790,diag_1,428,36,3,8.333333333333332,1,2,1,2.7777777777777777
1789,1790,diag_2,428,36,0,0.0,1,0,0,0.0
1789,1790,diag_3,250,36,5,13.88888888888889,1,4,1,2.7777777777777777
1790,1791,diag_1,428,36,2,5.555555555555555,1,1,1,2.7777777777777777
1790,1791,diag_2,428,36,2,5.555555555555555,1,1,1,2.7777777777777777
1790,1791,diag_3,250,36,4,11.11111111111111,1,3,1,2.7777777777777777
1791,1792,diag_1,428,36,2,5.555555555555555,1,1,1,2.7777777777777777
1791,1792,diag_2,428,36,1,2.7777777777777777,1,0,1,2.7777777777777777
1791,1792,diag_3,250,36,3,8.333333333333332,1,2,1,2.7777777777777777
1792,1793,diag_1,428,36,5,13.88888888888889,1,4,1,2.7777777777777777
1792,1793,diag_2,428,36,3,8.333333333333332,1,2,1,2.7777777777777777
1792,1793,diag_3,250,36,3,8.333333333333332,1,2,1,2.7777777777777777
1793,1794,diag_1,428,36,2,5.555555555555555,1,1,1,2.7777777777777777
1793,1794,diag_2,428,36,2,5.555555555555555,1,1,1,2.7777777777777777
1793,1794,diag_3,250,36,5,13.88888888888889,1,4,1,2.7777777777777777
1794,1795,diag_1,428,36,2,5.555555555555555,1,1,1,2.7777777777777777
1794,1795,diag_2,428,36,6,16.666666666666664,1,5,1,2.7777777777777777
1794,1795,diag_3,250,36,5,13.88888888888889,1,4,1,2.7777777777777777
1795,1796,diag_1,428,36,3,8.333333333333332,1,2,1,2.7777777777777777
1795,1796,diag_2,428,36,2,5.555555555555555,1,1,1,2.7777777777777777
1795,1796,diag_3,250,36,5,13.88888888888889,1,4,1,2.7777777777777777
1796,1797,diag_1,428,36,3,8.333333333333332,1,2,1,2.7777777777777777
1796,1797,diag_2,428,36,1,2.7777777777777777,1,0,1,2.7777777777777777
1796,1797,diag_3,250,36,5,13.88888888888889,1,4,1,2.7777777777777777
1797,1798,diag_1,428,36,1,2.7777777777777777,1,0,1,2.7777777777777777
1797,1798,diag_2,428,36,2,5.555555555555555,1,1,1,2.7777777777777777
1797,1798,diag_3,250,36,5,13.88888888888889,1,4,1,2.7777777777777777
1798,1799,diag_1,428,36,4,11.11111111111111,1,3,1,2.7777777777777777
1798,1799,diag_2,428,36,0,0.0,1,0,0,0.0
1798,1799,diag_3,250,36,6,16.666666666666664,1,5,1,2.7777777777777777
1799,1800,diag_1,428,36,1,2.7777777777777777,1,0,1,2.7777777777777777
1799,1800,diag_2,428,36,3,8.333333333333332,1,2,1,2.7777777777777777
1799,1800,diag_3,250,36,1,2.7777777777777777,1,0,1,2.7777777777777777
1800,1801,diag_1,428,36,1,2.7777777777777777,1,0,1,2.7777777777777777
1800,1801,diag_2,428,36,2,5.555555555555555,1,1,1,2.7777777777777777
1800,1801,diag_3,250,36,3,8.333333333333332,1,2,1,2.7777777777777777
1801,1802,diag_1,428,36,1,2.7777777777777777,1,0,1,2.7777777777777777
1801,1802,diag_2,428,36,4,11.11111111111111,1,3,1,2.7777777777777777
1801,1802,diag_3,250,36,0,0.0,1,0,0,0.0
1802,1803,diag_1,428,36,3,8.333333333333332,1,2,1,2.7777777777777777
1802,1803,diag_2,428,36,5,13.88888888888889,1,4,1,2.7777777777777777
1802,1803,diag_3,250,36,2,5.555555555555555,1,1,1,2.7777777777777777
1803,1804,diag_1,428,36,3,8.333333333333332,1,2,1,2.7777777777777777
1803,1804,diag_2,428,36,0,0.0,1,0,0,0.0
1803,1804,diag_3,250,36,5,13.88888888888889,1,4,1,2.7777777777777777
1804,1805,diag_1,428,36,2,5.555555555555555,1,1,1,2.7777777777777777
1804,1805,diag_2,428,36,1,2.7777777777777777,1,0,1,2.7777777777777777
1804,1805,diag_3,250,36,2,5.555555555555555,1,1,1,2.7777777777777777
1805,1806,diag_1,428,36,3,8.333333333333332,1,2,1,2.7777777777777777
1805,1806,diag_2,428,36,3,8.333333333333332,1,2,1,2.7777777777777777
1805,1806,diag_3,250,36,3,8.333333333333332,1,2,1,2.7777777777777777
1806,1807,diag_1,428,36,1,2.7777777777777777,1,0,1,2.7777777777777777
1806,1807,diag_2,428,36,1,2.7777777777777777,1,0,1,2.7777777777777777
1806,1807,diag_3,250,36,4,11.11111111111111,1,3,1,2.7777777777777777
1807,1808,diag_1,428,36,2,5.555555555555555,1,1,1,2.7777777777777777
1807,1808,diag_2,428,36,0,0.0,1,0,0,0.0
1807,1808,diag_3,250,36,8,22.22222222222222,1,7,1,2.7777777777777777
1808,1809,diag_1,428,36,1,2.7777777777777777,1,0,1,2.7777777777777777
1808,1809,diag_2,428,36,6,16.666666666666664,1,5,1,2.7777777777777777
1808,1809,diag_3,250,36,5,13.88888888888889,1,4,1,2.7777777777777777
1809,1810,diag_1,428,36,3,8.333333333333332,1,2,1,2.7777777777777777
1809,1810,diag_2,428,36,2,5.555555555555555,1,1,1,2.7777777777777777
1809,1810,diag_3,250,36,2,5.555555555555555,1,1,1,2.7777777777777777
1810,1811,diag_1,428,36,1,2.7777777777777777,1,0,1,2.7777777777777777
1810,1811,diag_2,428,36,1,2.7777777777777777,1,0,1,2.7777777777777777
1810,1811,diag_3,250,36,2,5.555555555555555,1,1,1,2.7777777777777777
1811,1812,diag_1,428,36,2,5.555555555555555,1,1,1,2.7777777777777777
1811,1812,diag_2,428,36,3,8.333333333333332,1,2,1,2.7777777777777777
1811,1812,diag_3,250,36,3,8.333333333333332,1,2,1,2.7777777777777777
1812,1813,diag_1,428,36,0,0.0,1,0,0,0.0
1812,1813,diag_2,428,36,0,0.0,1,0,0,0.0
1812,1813,diag_3,250,36,2,5.555555555555555,1,1,1,2.7777777777777777
1813,1814,diag_1,428,36,1,2.7777777777777777,1,0,1,2.7777777777777777
1813,1814,diag_2,428,36,4,11.11111111111111,1,3,1,2.7777777777777777
1813,1814,diag_3,250,36,3,8.333333333333332,1,2,1,2.7777777777777777
1814,1815,diag_1,428,36,0,0.0,1,0,0,0.0
1814,1815,diag_2,428,36,2,5.555555555555555,1,1,1,2.7777777777777777
1814,1815,diag_3,250,36,3,8.333333333333332,1,2,1,2.7777777777777777
1815,1816,diag_1,428,36,3,8.333333333333332,1,2,1,2.7777777777777777
1815,1816,diag_2,428,36,4,11.11111111111111,1,3,1,2.7777777777777777
1815,1816,diag_3,250,36,4,11.11111111111111,1,3,1,2.7777777777777777
1816,1817,diag_1,428,36,2,5.555555555555555,1,1,1,2.7777777777777777
1816,1817,diag_2,428,36,3,8.333333333333332,1,2,1,2.7777777777777777
1816,1817,diag_3,250,36,3,8.333333333333332,1,2,1,2.7777777777777777
1817,1818,diag_1,428,36,5,13.88888888888889,1,4,1,2.7777777777777777
1817,1818,diag_2,428,36,2,5.555555555555555,1,1,1,2.7777777777777777
1817,1818,diag_3,250,36,3,8.333333333333332,1,2,1,2.7777777777777777
1818,1819,diag_1,428,36,3,8.333333333333332,1,2,1,2.7777777777777777
1818,1819,diag_2,428,36,2,5.555555555555555,1,1,1,2.7777777777777777
1818,1819,diag_3,250,36,1,2.7777777777777777,1,0,1,2.7777777777777777
1819,1820,diag_1,428,36,1,2.7777777777777777,1,0,1,2.7777777777777777
1819,1820,diag_2,428,36,3,8.333333333333332,1,2,1,2.7777777777777777
1819,1820,diag_3,250,36,6,16.666666666666664,1,5,1,2.7777777777777777
1820,1821,diag_1,428,36,0,0.0,1,0,0,0.0
1820,1821,diag_2,428,36,3,8.333333333333332,1,2,1,2.7777777777777777
1820,1821,diag_3,250,36,1,2.7777777777777777,1,0,1,2.7777777777777777
1821,1822,diag_1,428,36,3,8.333333333333332,1,2,1,2.7777777777777777
1821,1822,diag_2,428,36,5,13.88888888888889,1,4,1,2.7777777777777777
1821,1822,diag_3,250,36,3,8.333333333333332,1,2,1,2.7777777777777777
1822,1823,diag_1,428,36,0,0.0,1,0,0,0.0
1822,1823,diag_2,428,36,3,8.333333333333332,1,2,1,2.7777777777777777
1822,1823,diag_3,250,36,7,19.444444444444446,1,6,1,2.7777777777777777
1823,1824,diag_1,428,36,1,2.7777777777777777,1,0,1,2.7777777777777777
1823,1824,diag_2,428,36,3,8.333333333333332,1,2,1,2.7777777777777777
1823,1824,diag_3,250,36,2,5.555555555555555,1,1,1,2.7777777777777777
1824,1825,diag_1,428,36,1,2.7777777777777777,1,0,1,2.7777777777777777
1824,1825,diag_2,428,36,1,2.7777777777777777,1,0,1,2.7777777777777777
1824,1825,diag_3,250,36,3,8.333333333333332,1,2,1,2.7777777777777777
1825,1826,diag_1,428,36,4,11.11111111111111,1,3,1,2.7777777777777777
1825,1826,diag_2,428,36,2,5.555555555555555,1,1,1,2.7777777777777777
1825,1826,diag_3,250,36,4,11.11111111111111,1,3,1,2.7777777777777777
1826,1827,diag_1,428,36,0,0.0,1,0,0,0.0
1826,1827,diag_2,428,36,1,2.7777777777777777,1,0,1,2.7777777777777777
1826,1827,diag_3,250,36,4,11.11111111111111,1,3,1,2.7777777777777777
1827,1828,diag_1,428,36,2,5.555555555555555,1,1,1,2.7777777777777777
1827,1828,diag_2,428,36,2,5.555555555555555,1,1,1,2.7777777777777777
1827,1828,diag_3,250,36,6,16.666666666666664,1,5,1,2.7777777777777777
1828,1829,diag_1,428,36,3,8.333333333333332,1,2,1,2.7777777777777777
1828,1829,diag_2,428,36,2,5.555555555555555,1,1,1,2.7777777777777777
1828,1829,diag_3,250,36,6,16.666666666666664,1,5,1,2.7777777777777777
1829,1830,diag_1,428,36,3,8.333333333333332,1,2,1,2.7777777777777777
1829,1830,diag_2,428,36,0,0.0,1,0,0,0.0
1829,1830,diag_3,250,36,7,19.444444444444446,1,6,1,2.7777777777777777
1830,1831,diag_1,428,36,2,5.555555555555555,1,1,1,2.7777777777777777
1830,1831,diag_2,428,36,2,5.555555555555555,1,1,1,2.7777777777777777
1830,1831,diag_3,250,36,5,13.88888888888889,1,4,1,2.7777777777777777
1831,1832,diag_1,428,36,1,2.7777777777777777,1,0,1,2.7777777777777777
1831,1832,diag_2,428,36,4,11.11111111111111,1,3,1,2.7777777777777777
1831,1832,diag_3,250,36,2,5.555555555555555,1,1,1,2.7777777777777777
1832,1833,diag_1,428,36,3,8.333333333333332,1,2,1,2.7777777777777777
1832,1833,diag_2,428,36,3,8.333333333333332,1,2,1,2.7777777777777777
1832,1833,diag_3,250,36,5,13.88888888888889,1,4,1,2.7777777777777777
1833,1834,diag_1,428,36,2,5.555555555555555,1,1,1,2.7777777777777777
1833,1834,diag_2,428,36,2,5.555555555555555,1,1,1,2.7777777777777777
1833,1834,diag_3,250,36,3,8.333333333333332,1,2,1,2.7777777777777777
1834,1835,diag_1,428,36,0,0.0,1,0,0,0.0
1834,1835,diag_2,428,36,3,8.333333333333332,1,2,1,2.7777777777777777
1834,1835,diag_3,250,36,6,16.666666666666664,1,5,1,2.7777777777777777
1835,1836,diag_1,428,36,5,13.88888888888889,1,4,1,2.7777777777777777
1835,1836,diag_2,428,36,3,8.333333333333332,1,2,1,2.7777777777777777
1835,1836,diag_3,250,36,3,8.333333333333332,1,2,1,2.7777777777777777
1836,1837,diag_1,428,36,3,8.333333333333332,1,2,1,2.7777777777777777
1836,1837,diag_2,428,36,1,2.7777777777777777,1,0,1,2.7777777777777777
1836,1837,diag_3,250,36,1,2.7777777777777777,1,0,1,2.7777777777777777
1837,1838,diag_1,428,36,2,5.555555555555555,1,1,1,2.7777777777777777
1837,1838,diag_2,428,36,0,0.0,1,0,0,0.0
1837,1838,diag_3,250,36,5,13.88888888888889,1,4,1,2.7777777777777777
1838,1839,diag_1,428,36,1,2.7777777777777777,1,0,1,2.7777777777777777
1838,1839,diag_2,428,36,1,2.7777777777777777,1,0,1,2.7777777777777777
1838,1839,diag_3,250,36,5,13.88888888888889,1,4,1,2.7777777777777777
1839,1840,diag_1,428,36,1,2.7777777777777777,1,0,1,2.7777777777777777
1839,1840,diag_2,428,36,3,8.333333333333332,1,2,1,2.7777777777777777
1839,1840,diag_3,250,36,6,16.666666666666664,1,5,1,2.7777777777777777
1840,1841,diag_1,428,36,2,5.555555555555555,1,1,1,2.7777777777777777
1840,1841,diag_2,428,36,3,8.333333333333332,1,2,1,2.7777777777777777
1840,1841,diag_3,250,36,2,5.555555555555555,1,1,1,2.7777777777777777
1841,1842,diag_1,428,36,5,13.88888888888889,1,4,1,2.7777777777777777
1841,1842,diag_2,428,36,3,8.333333333333332,1,2,1,2.7777777777777777
1841,1842,diag_3,250,36,2,5.555555555555555,1,1,1,2.7777777777777777
1842,1843,diag_1,428,36,2,5.555555555555555,1,1,1,2.7777777777777777
1842,1843,diag_2,428,36,2,5.555555555555555,1,1,1,2.7777777777777777
1842,1843,diag_3,250,36,1,2.7777777777777777,1,0,1,2.7777777777777777
1843,1844,diag_1,428,36,1,2.7777777777777777,1,0,1,2.7777777777777777
1843,1844,diag_2,428,36,2,5.555555555555555,1,1,1,2.7777777777777777
1843,1844,diag_3,250,36,6,16.666666666666664,1,5,1,2.7777777777777777
1844,1845,diag_1,428,36,2,5.555555555555555,1,1,1,2.7777777777777777
1844,1845,diag_2,428,36,7,19.444444444444446,1,6,1,2.7777777777777777
1844,1845,diag_3,250,36,2,5.555555555555555,1,1,1,2.7777777777777777
1845,1846,diag_1,428,36,0,0.0,1,0,0,0.0
1845,1846,diag_2,428,36,2,5.555555555555555,1,1,1,2.7777777777777777
1845,1846,diag_3,250,36,2,5.555555555555555,1,1,1,2.7777777777777777
1846,1847,diag_1,428,36,1,2.7777777777777777,1,0,1,2.7777777777777777
1846,1847,diag_2,428,36,2,5.555555555555555,1,1,1,2.7777777777777777
1846,1847,diag_3,250,36,3,8.333333333333332,1,2,1,2.7777777777777777
1847,1848,diag_1,428,36,3,8.333333333333332,1,2,1,2.7777777777777777
1847,1848,diag_2,428,36,5,13.88888888888889,1,4,1,2.7777777777777777
1847,1848,diag_3,250,36,6,16.666666666666664,1,5,1,2.7777777777777777
1848,1849,diag_1,428,36,1,2.7777777777777777,1,0,1,2.7777777777777777
1848,1849,diag_2,428,36,3,8.333333333333332,1,2,1,2.7777777777777777
1848,1849,diag_3,250,36,3,8.333333333333332,1,2,1,2.7777777777777777
1849,1850,diag_1,428,36,2,5.555555555555555,1,1,1,2.7777777777777777
1849,1850,diag_2,428,36,3,8.333333333333332,1,2,1,2.7777777777777777
1849,1850,diag_3,250,36,3,8.333333333333332,1,2,1,2.7777777777777777
1850,1851,diag_1,428,36,3,8.333333333333332,1,2,1,2.7777777777777777
1850,1851,diag_2,428,36,4,11.11111111111111,1,3,1,2.7777777777777777
1850,1851,diag_3,250,36,6,16.666666666666664,1,5,1,2.7777777777777777
1851,1852,diag_1,428,36,2,5.555555555555555,1,1,1,2.7777777777777777
1851,1852,diag_2,428,36,0,0.0,1,0,0,0.0
1851,1852,diag_3,250,36,5,13.88888888888889,1,4,1,2.7777777777777777
1852,1853,diag_1,428,36,0,0.0,1,0,0,0.0
1852,1853,diag_2,428,36,2,5.555555555555555,1,1,1,2.7777777777777777
1852,1853,diag_3,250,36,2,5.555555555555555,1,1,1,2.7777777777777777
1853,1854,diag_1,428,36,2,5.555555555555555,1,1,1,2.7777777777777777
1853,1854,diag_2,428,36,1,2.7777777777777777,1,0,1,2.7777777777777777
1853,1854,diag_3,250,36,5,13.88888888888889,1,4,1,2.7777777777777777
1854,1855,diag_1,428,36,6,16.666666666666664,1,5,1,2.7777777777777777
1854,1855,diag_2,428,36,3,8.333333333333332,1,2,1,2.7777777777777777
1854,1855,diag_3,250,36,2,5.555555555555555,1,1,1,2.7777777777777777
1855,1856,diag_1,428,36,2,5.555555555555555,1,1,1,2.7777777777777777
1855,1856,diag_2,428,36,0,0.0,1,0,0,0.0
1855,1856,diag_3,250,36,7,19.444444444444446,1,6,1,2.7777777777777777
1856,1857,diag_1,428,36,2,5.555555555555555,1,1,1,2.7777777777777777
1856,1857,diag_2,428,36,1,2.7777777777777777,1,0,1,2.7777777777777777
1856,1857,diag_3,250,36,4,11.11111111111111,1,3,1,2.7777777777777777
1857,1858,diag_1,428,36,2,5.555555555555555,1,1,1,2.7777777777777777
1857,1858,diag_2,428,36,1,2.7777777777777777,1,0,1,2.7777777777777777
1857,1858,diag_3,250,36,2,5.555555555555555,1,1,1,2.7777777777777777
1858,1859,diag_1,428,36,5,13.88888888888889,1,4,1,2.7777777777777777
1858,1859,diag_2,428,36,1,2.7777777777777777,1,0,1,2.7777777777777777
1858,1859,diag_3,250,36,6,16.666666666666664,1,5,1,2.7777777777777777
1859,1860,diag_1,428,36,2,5.555555555555555,1,1,1,2.7777777777777777
1859,1860,diag_2,428,36,3,8.333333333333332,1,2,1,2.7777777777777777
1859,1860,diag_3,250,36,4,11.11111111111111,1,3,1,2.7777777777777777
1860,1861,diag_1,428,36,3,8.333333333333332,1,2,1,2.7777777777777777
1860,1861,diag_2,428,36,4,11.11111111111111,1,3,1,2.7777777777777777
1860,1861,diag_3,250,36,6,16.666666666666664,1,5,1,2.7777777777777777
1861,1862,diag_1,428,36,2,5.555555555555555,1,1,1,2.7777777777777777
1861,1862,diag_2,428,36,1,2.7777777777777777,1,0,1,2.7777777777777777
1861,1862,diag_3,250,36,3,8.333333333333332,1,2,1,2.7777777777777777
1862,1863,diag_1,428,36,0,0.0,1,0,0,0.0
1862,1863,diag_2,428,36,4,11.11111111111111,1,3,1,2.7777777777777777
1862,1863,diag_3,250,36,3,8.333333333333332,1,2,1,2.7777777777777777
1863,1864,diag_1,428,36,4,11.11111111111111,1,3,1,2.7777777777777777
1863,1864,diag_2,428,36,1,2.7777777777777777,1,0,1,2.7777777777777777
1863,1864,diag_3,250,36,4,11.11111111111111,1,3,1,2.7777777777777777
1864,1865,diag_1,428,36,1,2.7777777777777777,1,0,1,2.7777777777777777
1864,1865,diag_2,428,36,2,5.555555555555555,1,1,1,2.7777777777777777
1864,1865,diag_3,250,36,9,25.0,1,8,1,2.7777777777777777
1865,1866,diag_1,428,36,5,13.88888888888889,1,4,1,2.7777777777777777
1865,1866,diag_2,428,36,1,2.7777777777777777,1,0,1,2.7777777777777777
1865,1866,diag_3,250,36,4,11.11111111111111,1,3,1,2.7777777777777777
1866,1867,diag_1,428,36,0,0.0,1,0,0,0.0
1866,1867,diag_2,428,36,1,2.7777777777777777,1,0,1,2.7777777777777777
1866,1867,diag_3,250,36,4,11.11111111111111,1,3,1,2.7777777777777777
1867,1868,diag_1,428,36,4,11.11111111111111,1,3,1,2.7777777777777777
1867,1868,diag_2,428,36,4,11.11111111111111,1,3,1,2.7777777777777777
1867,1868,diag_3,250,36,6,16.666666666666664,1,5,1,2.7777777777777777
1868,1869,diag_1,428,36,2,5.555555555555555,1,1,1,2.7777777777777777
1868,1869,diag_2,428,36,4,11.11111111111111,1,3,1,2.7777777777777777
1868,1869,diag_3,250,36,3,8.333333333333332,1,2,1,2.7777777777777777
1869,1870,diag_1,428,36,2,5.555555555555555,1,1,1,2.7777777777777777
1869,1870,diag_2,428,36,2,5.555555555555555,1,1,1,2.7777777777777777
1869,1870,diag_3,250,36,5,13.88888888888889,1,4,1,2.7777777777777777
1870,1871,diag_1,428,36,4,11.11111111111111,1,3,1,2.7777777777777777
1870,1871,diag_2,428,36,2,5.555555555555555,1,1,1,2.7777777777777777
1870,1871,diag_3,250,36,2,5.555555555555555,1,1,1,2.7777777777777777
1871,1872,diag_1,428,36,2,5.555555555555555,1,1,1,2.7777777777777777
1871,1872,diag_2,428,36,1,2.7777777777777777,1,0,1,2.7777777777777777
1871,1872,diag_3,250,36,1,2.7777777777777777,1,0,1,2.7777777777777777
1872,1873,diag_1,428,36,2,5.555555555555555,1,1,1,2.7777777777777777
1872,1873,diag_2,428,36,2,5.555555555555555,1,1,1,2.7777777777777777
1872,1873,diag_3,250,36,0,0.0,1,0,0,0.0
1873,1874,diag_1,428,36,3,8.333333333333332,1,2,1,2.7777777777777777
1873,1874,diag_2,428,36,0,0.0,1,0,0,0.0
1873,1874,diag_3,250,36,5,13.88888888888889,1,4,1,2.7777777777777777
1874,1875,diag_1,428,36,3,8.333333333333332,1,2,1,2.7777777777777777
1874,1875,diag_2,428,36,2,5.555555555555555,1,1,1,2.7777777777777777
1874,1875,diag_3,250,36,6,16.666666666666664,1,5,1,2.7777777777777777
1875,1876,diag_1,428,36,0,0.0,1,0,0,0.0
1875,1876,diag_2,428,36,2,5.555555555555555,1,1,1,2.7777777777777777
1875,1876,diag_3,250,36,5,13.88888888888889,1,4,1,2.7777777777777777
1876,1877,diag_1,428,36,6,16.666666666666664,1,5,1,2.7777777777777777
1876,1877,diag_2,428,36,0,0.0,1,0,0,0.0
1876,1877,diag_3,250,36,5,13.88888888888889,1,4,1,2.7777777777777777
1877,1878,diag_1,428,36,2,5.555555555555555,1,1,1,2.7777777777777777
1877,1878,diag_2,428,36,1,2.7777777777777777,1,0,1,2.7777777777777777
1877,1878,diag_3,250,36,4,11.11111111111111,1,3,1,2.7777777777777777
1878,1879,diag_1,428,36,0,0.0,1,0,0,0.0
1878,1879,diag_2,428,36,3,8.333333333333332,1,2,1,2.7777777777777777
1878,1879,diag_3,250,36,2,5.555555555555555,1,1,1,2.7777777777777777
1879,1880,diag_1,428,36,2,5.555555555555555,1,1,1,2.7777777777777777
1879,1880,diag_2,428,36,0,0.0,1,0,0,0.0
1879,1880,diag_3,250,36,2,5.555555555555555,1,1,1,2.7777777777777777
1880,1881,diag_1,428,36,4,11.11111111111111,1,3,1,2.7777777777777777
1880,1881,diag_2,428,36,1,2.7777777777777777,1,0,1,2.7777777777777777
1880,1881,diag_3,250,36,1,2.7777777777777777,1,0,1,2.7777777777777777
1881,1882,diag_1,428,36,3,8.333333333333332,1,2,1,2.7777777777777777
1881,1882,diag_2,428,36,0,0.0,1,0,0,0.0
1881,1882,diag_3,250,36,4,11.11111111111111,1,3,1,2.7777777777777777
1882,1883,diag_1,428,36,2,5.555555555555555,1,1,1,2.7777777777777777
1882,1883,diag_2,428,36,0,0.0,1,0,0,0.0
1882,1883,diag_3,250,36,5,13.88888888888889,1,4,1,2.7777777777777777
1883,1884,diag_1,428,36,1,2.7777777777777777,1,0,1,2.7777777777777777
1883,1884,diag_2,428,36,1,2.7777777777777777,1,0,1,2.7777777777777777
1883,1884,diag_3,250,36,2,5.555555555555555,1,1,1,2.7777777777777777
1884,1885,diag_1,428,36,4,11.11111111111111,1,3,1,2.7777777777777777
1884,1885,diag_2,428,36,3,8.333333333333332,1,2,1,2.7777777777777777
1884,1885,diag_3,250,36,0,0.0,1,0,0,0.0
1885,1886,diag_1,428,36,3,8.333333333333332,1,2,1,2.7777777777777777
1885,1886,diag_2,428,36,4,11.11111111111111,1,3,1,2.7777777777777777
1885,1886,diag_3,250,36,4,11.11111111111111,1,3,1,2.7777777777777777
1886,1887,diag_1,428,36,3,8.333333333333332,1,2,1,2.7777777777777777
1886,1887,diag_2,428,36,4,11.11111111111111,1,3,1,2.7777777777777777
1886,1887,diag_3,250,36,3,8.333333333333332,1,2,1,2.7777777777777777
1887,1888,diag_1,428,36,2,5.555555555555555,1,1,1,2.7777777777777777
1887,1888,diag_2,428,36,0,0.0,1,0,0,0.0
1887,1888,diag_3,250,36,3,8.333333333333332,1,2,1,2.7777777777777777
1888,1889,diag_1,428,36,0,0.0,1,0,0,0.0
1888,1889,diag_2,428,36,2,5.555555555555555,1,1,1,2.7777777777777777
1888,1889,diag_3,250,36,4,11.11111111111111,1,3,1,2.7777777777777777
1889,1890,diag_1,428,36,5,13.88888888888889,1,4,1,2.7777777777777777
1889,1890,diag_2,428,36,4,11.11111111111111,1,3,1,2.7777777777777777
1889,1890,diag_3,250,36,6,16.666666666666664,1,5,1,2.7777777777777777
1890,1891,diag_1,428,36,2,5.555555555555555,1,1,1,2.7777777777777777
1890,1891,diag_2,428,36,2,5.555555555555555,1,1,1,2.7777777777777777
1890,1891,diag_3,250,36,4,11.11111111111111,1,3,1,2.7777777777777777
1891,1892,diag_1,428,36,0,0.0,1,0,0,0.0
1891,1892,diag_2,428,36,3,8.333333333333332,1,2,1,2.7777777777777777
1891,1892,diag_3,250,36,5,13.88888888888889,1,4,1,2.7777777777777777
1892,1893,diag_1,428,36,3,8.333333333333332,1,2,1,2.7777777777777777
1892,1893,diag_2,428,36,2,5.555555555555555,1,1,1,2.7777777777777777
1892,1893,diag_3,250,36,2,5.555555555555555,1,1,1,2.7777777777777777
1893,1894,diag_1,428,36,3,8.333333333333332,1,2,1,2.7777777777777777
1893,1894,diag_2,428,36,3,8.333333333333332,1,2,1,2.7777777777777777
1893,1894,diag_3,250,36,3,8.333333333333332,1,2,1,2.7777777777777777
1894,1895,diag_1,428,36,1,2.7777777777777777,1,0,1,2.7777777777777777
1894,1895,diag_2,428,36,2,5.555555555555555,1,1,1,2.7777777777777777
1894,1895,diag_3,250,36,2,5.555555555555555,1,1,1,2.7777777777777777
1895,1896,diag_1,428,36,4,11.11111111111111,1,3,1,2.7777777777777777
1895,1896,diag_2,428,36,2,5.555555555555555,1,1,1,2.7777777777777777
1895,1896,diag_3,250,36,2,5.555555555555555,1,1,1,2.7777777777777777
1896,1897,diag_1,428,36,4,11.11111111111111,1,3,1,2.7777777777777777
1896,1897,diag_2,428,36,2,5.555555555555555,1,1,1,2.7777777777777777
1896,1897,diag_3,250,36,2,5.555555555555555,1,1,1,2.7777777777777777
1897,1898,diag_1,428,36,3,8.333333333333332,1,2,1,2.7777777777777777
1897,1898,diag_2,428,36,1,2.7777777777777777,1,0,1,2.7777777777777777
1897,1898,diag_3,250,36,4,11.11111111111111,1,3,1,2.7777777777777777
1898,1899,diag_1,428,36,1,2.7777777777777777,1,0,1,2.7777777777777777
1898,1899,diag_2,428,36,4,11.11111111111111,1,3,1,2.7777777777777777
1898,1899,diag_3,250,36,5,13.88888888888889,1,4,1,2.7777777777777777
1899,1900,diag_1,428,36,2,5.555555555555555,1,1,1,2.7777777777777777
1899,1900,diag_2,428,36,2,5.555555555555555,1,1,1,2.7777777777777777
1899,1900,diag_3,250,36,9,25.0,1,8,1,2.7777777777777777
1900,1901,diag_1,428,36,3,8.333333333333332,1,2,1,2.7777777777777777
1900,1901,diag_2,428,36,1,2.7777777777777777,1,0,1,2.7777777777777777
1900,1901,diag_3,250,36,5,13.88888888888889,1,4,1,2.7777777777777777
1901,1902,diag_1,428,36,1,2.7777777777777777,1,0,1,2.7777777777777777
1901,1902,diag_2,428,36,2,5.555555555555555,1,1,1,2.7777777777777777
1901,1902,diag_3,250,36,5,13.88888888888889,1,4,1,2.7777777777777777
1902,1903,diag_1,428,36,2,5.555555555555555,1,1,1,2.7777777777777777
1902,1903,diag_2,428,36,3,8.333333333333332,1,2,1,2.7777777777777777
1902,1903,diag_3,250,36,5,13.88888888888889,1,4,1,2.7777777777777777
1903,1904,diag_1,428,36,0,0.0,1,0,0,0.0
1903,1904,diag_2,428,36,2,5.555555555555555,1,1,1,2.7777777777777777
1903,1904,diag_3,250,36,4,11.11111111111111,1,3,1,2.7777777777777777
1904,1905,diag_1,428,36,2,5.555555555555555,1,1,1,2.7777777777777777
1904,1905,diag_2,428,36,4,11.11111111111111,1,3,1,2.7777777777777777
1904,1905,diag_3,250,36,4,11.11111111111111,1,3,1,2.7777777777777777
1905,1906,diag_1,428,36,2,5.555555555555555,1,1,1,2.7777777777777777
1905,1906,diag_2,428,36,2,5.555555555555555,1,1,1,2.7777777777777777
1905,1906,diag_3,250,36,3,8.333333333333332,1,2,1,2.7777777777777777
1906,1907,diag_1,428,36,1,2.7777777777777777,1,0,1,2.7777777777777777
1906,1907,diag_2,428,36,3,8.333333333333332,1,2,1,2.7777777777777777
1906,1907,diag_3,250,36,4,11.11111111111111,1,3,1,2.7777777777777777
1907,1908,diag_1,428,36,3,8.333333333333332,1,2,1,2.7777777777777777
1907,1908,diag_2,428,36,1,2.7777777777777777,1,0,1,2.7777777777777777
1907,1908,diag_3,250,36,1,2.7777777777777777,1,0,1,2.7777777777777777
1908,1909,diag_1,428,36,1,2.7777777777777777,1,0,1,2.7777777777777777
1908,1909,diag_2,428,36,3,8.333333333333332,1,2,1,2.7777777777777777
1908,1909,diag_3,250,36,3,8.333333333333332,1,2,1,2.7777777777777777
1909,1910,diag_1,428,36,1,2.7777777777777777,1,0,1,2.7777777777777777
1909,1910,diag_2,428,36,3,8.333333333333332,1,2,1,2.7777777777777777
1909,1910,diag_3,250,36,5,13.88888888888889,1,4,1,2.7777777777777777
1910,1911,diag_1,428,36,4,11.11111111111111,1,3,1,2.7777777777777777
1910,1911,diag_2,428,36,3,8.333333333333332,1,2,1,2.7777777777777777
1910,1911,diag_3,250,36,4,11.11111111111111,1,3,1,2.7777777777777777
1911,1912,diag_1,428,36,2,5.555555555555555,1,1,1,2.7777777777777777
1911,1912,diag_2,428,36,3,8.333333333333332,1,2,1,2.7777777777777777
1911,1912,diag_3,250,36,6,16.666666666666664,1,5,1,2.7777777777777777
1912,1913,diag_1,428,36,1,2.7777777777777777,1,0,1,2.7777777777777777
1912,1913,diag_2,428,36,3,8.333333333333332,1,2,1,2.7777777777777777
1912,1913,diag_3,250,36,5,13.88888888888889,1,4,1,2.7777777777777777
1913,1914,diag_1,428,36,3,8.333333333333332,1,2,1,2.7777777777777777
1913,1914,diag_2,428,36,1,2.7777777777777777,1,0,1,2.7777777777777777
1913,1914,diag_3,250,36,4,11.11111111111111,1,3,1,2.7777777777777777
1914,1915,diag_1,428,36,6,16.666666666666664,1,5,1,2.7777777777777777
1914,1915,diag_2,428,36,3,8.333333333333332,1,2,1,2.7777777777777777
1914,1915,diag_3,250,36,2,5.555555555555555,1,1,1,2.7777777777777777
1915,1916,diag_1,428,36,5,13.88888888888889,1,4,1,2.7777777777777777
1915,1916,diag_2,428,36,3,8.333333333333332,1,2,1,2.7777777777777777
1915,1916,diag_3,250,36,5,13.88888888888889,1,4,1,2.7777777777777777
1916,1917,diag_1,428,36,1,2.7777777777777777,1,0,1,2.7777777777777777
1916,1917,diag_2,428,36,1,2.7777777777777777,1,0,1,2.7777777777777777
1916,1917,diag_3,250,36,5,13.88888888888889,1,4,1,2.7777777777777777
1917,1918,diag_1,428,36,1,2.7777777777777777,1,0,1,2.7777777777777777
1917,1918,diag_2,428,36,1,2.7777777777777777,1,0,1,2.7777777777777777
1917,1918,diag_3,250,36,6,16.666666666666664,1,5,1,2.7777777777777777
1918,1919,diag_1,428,36,2,5.555555555555555,1,1,1,2.7777777777777777
1918,1919,diag_2,428,36,0,0.0,1,0,0,0.0
1918,1919,diag_3,250,36,4,11.11111111111111,1,3,1,2.7777777777777777
1919,1920,diag_1,428,36,4,11.11111111111111,1,3,1,2.7777777777777777
1919,1920,diag_2,428,36,2,5.555555555555555,1,1,1,2.7777777777777777
1919,1920,diag_3,250,36,8,22.22222222222222,1,7,1,2.7777777777777777
1920,1921,diag_1,428,36,2,5.555555555555555,1,1,1,2.7777777777777777
1920,1921,diag_2,428,36,3,8.333333333333332,1,2,1,2.7777777777777777
1920,1921,diag_3,250,36,4,11.11111111111111,1,3,1,2.7777777777777777
1921,1922,diag_1,428,36,1,2.7777777777777777,1,0,1,2.7777777777777777
1921,1922,diag_2,428,36,2,5.555555555555555,1,1,1,2.7777777777777777
1921,1922,diag_3,250,36,4,11.11111111111111,1,3,1,2.7777777777777777
1922,1923,diag_1,428,36,1,2.7777777777777777,1,0,1,2.7777777777777777
1922,1923,diag_2,428,36,2,5.555555555555555,1,1,1,2.7777777777777777
1922,1923,diag_3,250,36,4,11.11111111111111,1,3,1,2.7777777777777777
1923,1924,diag_1,428,36,1,2.7777777777777777,1,0,1,2.7777777777777777
1923,1924,diag_2,428,36,3,8.333333333333332,1,2,1,2.7777777777777777
1923,1924,diag_3,250,36,8,22.22222222222222,1,7,1,2.7777777777777777
1924,1925,diag_1,428,36,4,11.11111111111111,1,3,1,2.7777777777777777
1924,1925,diag_2,428,36,0,0.0,1,0,0,0.0
1924,1925,diag_3,250,36,5,13.88888888888889,1,4,1,2.7777777777777777
1925,1926,diag_1,428,36,3,8.333333333333332,1,2,1,2.7777777777777777
1925,1926,diag_2,428,36,3,8.333333333333332,1,2,1,2.7777777777777777
1925,1926,diag_3,250,36,2,5.555555555555555,1,1,1,2.7777777777777777
1926,1927,diag_1,428,36,2,5.555555555555555,1,1,1,2.7777777777777777
1926,1927,diag_2,428,36,1,2.7777777777777777,1,0,1,2.7777777777777777
1926,1927,diag_3,250,36,2,5.555555555555555,1,1,1,2.7777777777777777
1927,1928,diag_1,428,36,6,16.666666666666664,1,5,1,2.7777777777777777
1927,1928,diag_2,428,36,0,0.0,1,0,0,0.0
1927,1928,diag_3,250,36,4,11.11111111111111,1,3,1,2.7777777777777777
1928,1929,diag_1,428,36,5,13.88888888888889,1,4,1,2.7777777777777777
1928,1929,diag_2,428,36,0,0.0,1,0,0,0.0
1928,1929,diag_3,250,36,6,16.666666666666664,1,5,1,2.7777777777777777
1929,1930,diag_1,428,36,1,2.7777777777777777,1,0,1,2.7777777777777777
1929,1930,diag_2,428,36,0,0.0,1,0,0,0.0
1929,1930,diag_3,250,36,4,11.11111111111111,1,3,1,2.7777777777777777
1930,1931,diag_1,428,36,2,5.555555555555555,1,1,1,2.7777777777777777
1930,1931,diag_2,428,36,1,2.7777777777777777,1,0,1,2.7777777777777777
1930,1931,diag_3,250,36,5,13.88888888888889,1,4,1,2.7777777777777777
1931,1932,diag_1,428,36,1,2.7777777777777777,1,0,1,2.7777777777777777
1931,1932,diag_2,428,36,3,8.333333333333332,1,2,1,2.7777777777777777
1931,1932,diag_3,250,36,6,16.666666666666664,1,5,1,2.7777777777777777
1932,1933,diag_1,428,36,0,0.0,1,0,0,0.0
1932,1933,diag_2,428,36,1,2.7777777777777777,1,0,1,2.7777777777777777
1932,1933,diag_3,250,36,5,13.88888888888889,1,4,1,2.7777777777777777
1933,1934,diag_1,428,36,3,8.333333333333332,1,2,1,2.7777777777777777
1933,1934,diag_2,428,36,2,5.555555555555555,1,1,1,2.7777777777777777
1933,1934,diag_3,250,36,8,22.22222222222222,1,7,1,2.7777777777777777
1934,1935,diag_1,428,36,4,11.11111111111111,1,3,1,2.7777777777777777
1934,1935,diag_2,428,36,4,11.11111111111111,1,3,1,2.7777777777777777
1934,1935,diag_3,250,36,7,19.444444444444446,1,6,1,2.7777777777777777
1935,1936,diag_1,428,36,3,8.333333333333332,1,2,1,2.7777777777777777
1935,1936,diag_2,428,36,1,2.7777777777777777,1,0,1,2.7777777777777777
1935,1936,diag_3,250,36,5,13.88888888888889,1,4,1,2.7777777777777777
1936,1937,diag_1,428,36,2,5.555555555555555,1,1,1,2.7777777777777777
1936,1937,diag_2,428,36,3,8.333333333333332,1,2,1,2.7777777777777777
1936,1937,diag_3,250,36,7,19.444444444444446,1,6,1,2.7777777777777777
1937,1938,diag_1,428,36,2,5.555555555555555,1,1,1,2.7777777777777777
1937,1938,diag_2,428,36,1,2.7777777777777777,1,0,1,2.7777777777777777
1937,1938,diag_3,250,36,1,2.7777777777777777,1,0,1,2.7777777777777777
1938,1939,diag_1,428,36,2,5.555555555555555,1,1,1,2.7777777777777777
1938,1939,diag_2,428,36,1,2.7777777777777777,1,0,1,2.7777777777777777
1938,1939,diag_3,250,36,7,19.444444444444446,1,6,1,2.7777777777777777
1939,1940,diag_1,428,36,6,16.666666666666664,1,5,1,2.7777777777777777
1939,1940,diag_2,428,36,0,0.0,1,0,0,0.0
1939,1940,diag_3,250,36,5,13.88888888888889,1,4,1,2.7777777777777777
1940,1941,diag_1,428,36,2,5.555555555555555,1,1,1,2.7777777777777777
1940,1941,diag_2,428,36,1,2.7777777777777777,1,0,1,2.7777777777777777
1940,1941,diag_3,250,36,4,11.11111111111111,1,3,1,2.7777777777777777
1941,1942,diag_1,428,36,1,2.7777777777777777,1,0,1,2.7777777777777777
1941,1942,diag_2,428,36,1,2.7777777777777777,1,0,1,2.7777777777777777
1941,1942,diag_3,250,36,9,25.0,1,8,1,2.7777777777777777
1942,1943,diag_1,428,36,2,5.555555555555555,1,1,1,2.7777777777777777
1942,1943,diag_2,428,36,1,2.7777777777777777,1,0,1,2.7777777777777777
1942,1943,diag_3,250,36,0,0.0,1,0,0,0.0
1943,1944,diag_1,428,36,3,8.333333333333332,1,2,1,2.7777777777777777
1943,1944,diag_2,428,36,1,2.7777777777777777,1,0,1,2.7777777777777777
1943,1944,diag_3,250,36,4,11.11111111111111,1,3,1,2.7777777777777777
1944,1945,diag_1,428,36,6,16.666666666666664,1,5,1,2.7777777777777777
1944,1945,diag_2,428,36,2,5.555555555555555,1,1,1,2.7777777777777777
1944,1945,diag_3,250,36,2,5.555555555555555,1,1,1,2.7777777777777777
1945,1946,diag_1,428,36,0,0.0,1,0,0,0.0
1945,1946,diag_2,428,36,1,2.7777777777777777,1,0,1,2.7777777777777777
1945,1946,diag_3,250,36,3,8.333333333333332,1,2,1,2.7777777777777777
1946,1947,diag_1,428,36,2,5.555555555555555,1,1,1,2.7777777777777777
1946,1947,diag_2,428,36,0,0.0,1,0,0,0.0
1946,1947,diag_3,250,36,4,11.11111111111111,1,3,1,2.7777777777777777
1947,1948,diag_1,428,36,5,13.88888888888889,1,4,1,2.7777777777777777
1947,1948,diag_2,428,36,2,5.555555555555555,1,1,1,2.7777777777777777
1947,1948,diag_3,250,36,6,16.666666666666664,1,5,1,2.7777777777777777
1948,1949,diag_1,428,36,3,8.333333333333332,1,2,1,2.7777777777777777
1948,1949,diag_2,428,36,3,8.333333333333332,1,2,1,2.7777777777777777
1948,1949,diag_3,250,36,2,5.555555555555555,1,1,1,2.7777777777777777
1949,1950,diag_1,428,36,1,2.7777777777777777,1,0,1,2.7777777777777777
1949,1950,diag_2,428,36,1,2.7777777777777777,1,0,1,2.7777777777777777
1949,1950,diag_3,250,36,7,19.444444444444446,1,6,1,2.7777777777777777
1950,1951,diag_1,428,36,1,2.7777777777777777,1,0,1,2.7777777777777777
1950,1951,diag_2,428,36,2,5.555555555555555,1,1,1,2.7777777777777777
1950,1951,diag_3,250,36,0,0.0,1,0,0,0.0
1951,1952,diag_1,428,36,2,5.555555555555555,1,1,1,2.7777777777777777
1951,1952,diag_2,428,36,4,11.11111111111111,1,3,1,2.7777777777777777
1951,1952,diag_3,250,36,6,16.666666666666664,1,5,1,2.7777777777777777
1952,1953,diag_1,428,36,0,0.0,1,0,0,0.0
1952,1953,diag_2,428,36,1,2.7777777777777777,1,0,1,2.7777777777777777
1952,1953,diag_3,250,36,8,22.22222222222222,1,7,1,2.7777777777777777
1953,1954,diag_1,428,36,2,5.555555555555555,1,1,1,2.7777777777777777
1953,1954,diag_2,428,36,3,8.333333333333332,1,2,1,2.7777777777777777
1953,1954,diag_3,250,36,4,11.11111111111111,1,3,1,2.7777777777777777
1954,1955,diag_1,428,36,2,5.555555555555555,1,1,1,2.7777777777777777
1954,1955,diag_2,428,36,2,5.555555555555555,1,1,1,2.7777777777777777
1954,1955,diag_3,250,36,3,8.333333333333332,1,2,1,2.7777777777777777
1955,1956,diag_1,428,36,4,11.11111111111111,1,3,1,2.7777777777777777
1955,1956,diag_2,428,36,1,2.7777777777777777,1,0,1,2.7777777777777777
1955,1956,diag_3,250,36,4,11.11111111111111,1,3,1,2.7777777777777777
1956,1957,diag_1,428,36,3,8.333333333333332,1,2,1,2.7777777777777777
1956,1957,diag_2,428,36,2,5.555555555555555,1,1,1,2.7777777777777777
1956,1957,diag_3,250,36,6,16.666666666666664,1,5,1,2.7777777777777777
1957,1958,diag_1,428,36,2,5.555555555555555,1,1,1,2.7777777777777777
1957,1958,diag_2,428,36,0,0.0,1,0,0,0.0
1957,1958,diag_3,250,36,6,16.666666666666664,1,5,1,2.7777777777777777
1958,1959,diag_1,428,36,2,5.555555555555555,1,1,1,2.7777777777777777
1958,1959,diag_2,428,36,2,5.555555555555555,1,1,1,2.7777777777777777
1958,1959,diag_3,250,36,4,11.11111111111111,1,3,1,2.7777777777777777
1959,1960,diag_1,428,36,3,8.333333333333332,1,2,1,2.7777777777777777
1959,1960,diag_2,428,36,1,2.7777777777777777,1,0,1,2.7777777777777777
1959,1960,diag_3,250,36,6,16.666666666666664,1,5,1,2.7777777777777777
1960,1961,diag_1,428,36,1,2.7777777777777777,1,0,1,2.7777777777777777
1960,1961,diag_2,428,36,3,8.333333333333332,1,2,1,2.7777777777777777
1960,1961,diag_3,250,36,6,16.666666666666664,1,5,1,2.7777777777777777
1961,1962,diag_1,428,36,1,2.7777777777777777,1,0,1,2.7777777777777777
1961,1962,diag_2,428,36,5,13.88888888888889,1,4,1,2.7777777777777777
1961,1962,diag_3,250,36,3,8.333333333333332,1,2,1,2.7777777777777777
1962,1963,diag_1,428,36,1,2.7777777777777777,1,0,1,2.7777777777777777
1962,1963,diag_2,428,36,1,2.7777777777777777,1,0,1,2.7777777777777777
1962,1963,diag_3,250,36,3,8.333333333333332,1,2,1,2.7777777777777777
1963,1964,diag_1,428,36,4,11.11111111111111,1,3,1,2.7777777777777777
1963,1964,diag_2,428,36,3,8.333333333333332,1,2,1,2.7777777777777777
1963,1964,diag_3,250,36,5,13.88888888888889,1,4,1,2.7777777777777777
1964,1965,diag_1,428,36,0,0.0,1,0,0,0.0
1964,1965,diag_2,428,36,1,2.7777777777777777,1,0,1,2.7777777777777777
1964,1965,diag_3,250,36,4,11.11111111111111,1,3,1,2.7777777777777777
1965,1966,diag_1,428,36,4,11.11111111111111,1,3,1,2.7777777777777777
1965,1966,diag_2,428,36,3,8.333333333333332,1,2,1,2.7777777777777777
1965,1966,diag_3,250,36,6,16.666666666666664,1,5,1,2.7777777777777777
1966,1967,diag_1,428,36,1,2.7777777777777777,1,0,1,2.7777777777777777
1966,1967,diag_2,428,36,2,5.555555555555555,1,1,1,2.7777777777777777
1966,1967,diag_3,250,36,5,13.88888888888889,1,4,1,2.7777777777777777
1967,1968,diag_1,428,36,2,5.555555555555555,1,1,1,2.7777777777777777
1967,1968,diag_2,428,36,4,11.11111111111111,1,3,1,2.7777777777777777
1967,1968,diag_3,250,36,6,16.666666666666664,1,5,1,2.7777777777777777
1968,1969,diag_1,428,36,3,8.333333333333332,1,2,1,2.7777777777777777
1968,1969,diag_2,428,36,1,2.7777777777777777,1,0,1,2.7777777777777777
1968,1969,diag_3,250,36,1,2.7777777777777777,1,0,1,2.7777777777777777
1969,1970,diag_1,428,36,2,5.555555555555555,1,1,1,2.7777777777777777
1969,1970,diag_2,428,36,3,8.333333333333332,1,2,1,2.7777777777777777
1969,1970,diag_3,250,36,2,5.555555555555555,1,1,1,2.7777777777777777
1970,1971,diag_1,428,36,3,8.333333333333332,1,2,1,2.7777777777777777
1970,1971,diag_2,428,36,2,5.555555555555555,1,1,1,2.7777777777777777
1970,1971,diag_3,250,36,5,13.88888888888889,1,4,1,2.7777777777777777
1971,1972,diag_1,428,36,2,5.555555555555555,1,1,1,2.7777777777777777
1971,1972,diag_2,428,36,0,0.0,1,0,0,0.0
1971,1972,diag_3,250,36,4,11.11111111111111,1,3,1,2.7777777777777777
1972,1973,diag_1,428,36,3,8.333333333333332,1,2,1,2.7777777777777777
1972,1973,diag_2,428,36,1,2.7777777777777777,1,0,1,2.7777777777777777
1972,1973,diag_3,250,36,5,13.88888888888889,1,4,1,2.7777777777777777
1973,1974,diag_1,428,36,1,2.7777777777777777,1,0,1,2.7777777777777777
1973,1974,diag_2,428,36,6,16.666666666666664,1,5,1,2.7777777777777777
1973,1974,diag_3,250,36,3,8.333333333333332,1,2,1,2.7777777777777777
1974,1975,diag_1,428,36,2,5.555555555555555,1,1,1,2.7777777777777777
1974,1975,diag_2,428,36,2,5.555555555555555,1,1,1,2.7777777777777777
1974,1975,diag_3,250,36,6,16.666666666666664,1,5,1,2.7777777777777777
1975,1976,diag_1,428,36,1,2.7777777777777777,1,0,1,2.7777777777777777
1975,1976,diag_2,428,36,0,0.0,1,0,0,0.0
1975,1976,diag_3,250,36,5,13.88888888888889,1,4,1,2.7777777777777777
1976,1977,diag_1,428,36,2,5.555555555555555,1,1,1,2.7777777777777777
1976,1977,diag_2,428,36,1,2.7777777777777777,1,0,1,2.7777777777777777
1976,1977,diag_3,250,36,5,13.88888888888889,1,4,1,2.7777777777777777
1977,1978,diag_1,428,36,3,8.333333333333332,1,2,1,2.7777777777777777
1977,1978,diag_2,428,36,3,8.333333333333332,1,2,1,2.7777777777777777
1977,1978,diag_3,250,36,6,16.666666666666664,1,5,1,2.7777777777777777
1978,1979,diag_1,428,36,1,2.7777777777777777,1,0,1,2.7777777777777777
1978,1979,diag_2,428,36,2,5.555555555555555,1,1,1,2.7777777777777777
1978,1979,diag_3,250,36,5,13.88888888888889,1,4,1,2.7777777777777777
1979,1980,diag_1,428,36,2,5.555555555555555,1,1,1,2.7777777777777777
1979,1980,diag_2,428,36,3,8.333333333333332,1,2,1,2.7777777777777777
1979,1980,diag_3,250,36,4,11.11111111111111,1,3,1,2.7777777777777777
1980,1981,diag_1,428,36,1,2.7777777777777777,1,0,1,2.7777777777777777
1980,1981,diag_2,428,36,1,2.7777777777777777,1,0,1,2.7777777777777777
1980,1981,diag_3,250,36,6,16.666666666666664,1,5,1,2.7777777777777777
1981,1982,diag_1,428,36,1,2.7777777777777777,1,0,1,2.7777777777777777
1981,1982,diag_2,428,36,1,2.7777777777777777,1,0,1,2.7777777777777777
1981,1982,diag_3,250,36,3,8.333333333333332,1,2,1,2.7777777777777777
1982,1983,diag_1,428,36,2,5.555555555555555,1,1,1,2.7777777777777777
1982,1983,diag_2,428,36,2,5.555555555555555,1,1,1,2.7777777777777777
1982,1983,diag_3,250,36,4,11.11111111111111,1,3,1,2.7777777777777777
1983,1984,diag_1,428,36,0,0.0,1,0,0,0.0
1983,1984,diag_2,428,36,1,2.7777777777777777,1,0,1,2.7777777777777777
1983,1984,diag_3,250,36,3,8.333333333333332,1,2,1,2.7777777777777777
1984,1985,diag_1,428,36,3,8.333333333333332,1,2,1,2.7777777777777777
1984,1985,diag_2,428,36,3,8.333333333333332,1,2,1,2.7777777777777777
1984,1985,diag_3,250,36,5,13.88888888888889,1,4,1,2.7777777777777777
1985,1986,diag_1,428,36,3,8.333333333333332,1,2,1,2.7777777777777777
1985,1986,diag_2,428,36,2,5.555555555555555,1,1,1,2.7777777777777777
1985,1986,diag_3,250,36,3,8.333333333333332,1,2,1,2.7777777777777777
1986,1987,diag_1,428,36,1,2.7777777777777777,1,0,1,2.7777777777777777
1986,1987,diag_2,428,36,3,8.333333333333332,1,2,1,2.7777777777777777
1986,1987,diag_3,250,36,6,16.666666666666664,1,5,1,2.7777777777777777
1987,1988,diag_1,428,36,0,0.0,1,0,0,0.0
1987,1988,diag_2,428,36,1,2.7777777777777777,1,0,1,2.7777777777777777
1987,1988,diag_3,250,36,3,8.333333333333332,1,2,1,2.7777777777777777
1988,1989,diag_1,428,36,3,8.333333333333332,1,2,1,2.7777777777777777
1988,1989,diag_2,428,36,1,2.7777777777777777,1,0,1,2.7777777777777777
1988,1989,diag_3,250,36,3,8.333333333333332,1,2,1,2.7777777777777777
1989,1990,diag_1,428,36,3,8.333333333333332,1,2,1,2.7777777777777777
1989,1990,diag_2,428,36,0,0.0,1,0,0,0.0
1989,1990,diag_3,250,36,4,11.11111111111111,1,3,1,2.7777777777777777
1990,1991,diag_1,428,36,2,5.555555555555555,1,1,1,2.7777777777777777
1990,1991,diag_2,428,36,5,13.88888888888889,1,4,1,2.7777777777777777
1990,1991,diag_3,250,36,5,13.88888888888889,1,4,1,2.7777777777777777
1991,1992,diag_1,428,36,4,11.11111111111111,1,3,1,2.7777777777777777
1991,1992,diag_2,428,36,1,2.7777777777777777,1,0,1,2.7777777777777777
1991,1992,diag_3,250,36,2,5.555555555555555,1,1,1,2.7777777777777777
1992,1993,diag_1,428,36,0,0.0,1,0,0,0.0
1992,1993,diag_2,428,36,0,0.0,1,0,0,0.0
1992,1993,diag_3,250,36,2,5.555555555555555,1,1,1,2.7777777777777777
1993,1994,diag_1,428,36,1,2.7777777777777777,1,0,1,2.7777777777777777
1993,1994,diag_2,428,36,3,8.333333333333332,1,2,1,2.7777777777777777
1993,1994,diag_3,250,36,4,11.11111111111111,1,3,1,2.7777777777777777
1994,1995,diag_1,428,36,1,2.7777777777777777,1,0,1,2.7777777777777777
1994,1995,diag_2,428,36,4,11.11111111111111,1,3,1,2.7777777777777777
1994,1995,diag_3,250,36,4,11.11111111111111,1,3,1,2.7777777777777777
1995,1996,diag_1,428,36,4,11.11111111111111,1,3,1,2.7777777777777777
1995,1996,diag_2,428,36,1,2.7777777777777777,1,0,1,2.7777777777777777
1995,1996,diag_3,250,36,3,8.333333333333332,1,2,1,2.7777777777777777
1996,1997,diag_1,428,36,3,8.333333333333332,1,2,1,2.7777777777777777
1996,1997,diag_2,428,36,1,2.7777777777777777,1,0,1,2.7777777777777777
1996,1997,diag_3,250,36,5,13.88888888888889,1,4,1,2.7777777777777777
1997,1998,diag_1,428,36,3,8.333333333333332,1,2,1,2.7777777777777777
1997,1998,diag_2,428,36,4,11.11111111111111,1,3,1,2.7777777777777777
1997,1998,diag_3,250,36,3,8.333333333333332,1,2,1,2.7777777777777777
1998,1999,diag_1,428,36,3,8.333333333333332,1,2,1,2.7777777777777777
1998,1999,diag_2,428,36,0,0.0,1,0,0,0.0
1998,1999,diag_3,250,36,3,8.333333333333332,1,2,1,2.7777777777777777
1999,2000,diag_1,428,36,5,13.88888888888889,1,4,1,2.7777777777777777
1999,2000,diag_2,428,36,5,13.88888888888889,1,4,1,2.7777777777777777
1999,2000,diag_3,250,36,5,13.88888888888889,1,4,1,2.7777777777777777
2000,2001,diag_1,428,36,0,0.0,1,0,0,0.0
2000,2001,diag_2,428,36,1,2.7777777777777777,1,0,1,2.7777777777777777
2000,2001,diag_3,250,36,3,8.333333333333332,1,2,1,2.7777777777777777
2001,2002,diag_1,428,36,4,11.11111111111111,1,3,1,2.7777777777777777
2001,2002,diag_2,428,36,3,8.333333333333332,1,2,1,2.7777777777777777
2001,2002,diag_3,250,36,0,0.0,1,0,0,0.0
2002,2003,diag_1,428,36,4,11.11111111111111,1,3,1,2.7777777777777777
2002,2003,diag_2,428,36,3,8.333333333333332,1,2,1,2.7777777777777777
2002,2003,diag_3,250,36,2,5.555555555555555,1,1,1,2.7777777777777777
2003,2004,diag_1,428,36,2,5.555555555555555,1,1,1,2.7777777777777777
2003,2004,diag_2,428,36,3,8.333333333333332,1,2,1,2.7777777777777777
2003,2004,diag_3,250,36,6,16.666666666666664,1,5,1,2.7777777777777777
2004,2005,diag_1,428,36,3,8.333333333333332,1,2,1,2.7777777777777777
2004,2005,diag_2,428,36,3,8.333333333333332,1,2,1,2.7777777777777777
2004,2005,diag_3,250,36,4,11.11111111111111,1,3,1,2.7777777777777777
2005,2006,diag_1,428,36,2,5.555555555555555,1,1,1,2.7777777777777777
2005,2006,diag_2,428,36,5,13.88888888888889,1,4,1,2.7777777777777777
2005,2006,diag_3,250,36,4,11.11111111111111,1,3,1,2.7777777777777777
2006,2007,diag_1,428,36,1,2.7777777777777777,1,0,1,2.7777777777777777
2006,2007,diag_2,428,36,2,5.555555555555555,1,1,1,2.7777777777777777
2006,2007,diag_3,250,36,3,8.333333333333332,1,2,1,2.7777777777777777
2007,2008,diag_1,428,36,0,0.0,1,0,0,0.0
2007,2008,diag_2,428,36,2,5.555555555555555,1,1,1,2.7777777777777777
2007,2008,diag_3,250,36,4,11.11111111111111,1,3,1,2.7777777777777777
2008,2009,diag_1,428,36,2,5.555555555555555,1,1,1,2.7777777777777777
2008,2009,diag_2,428,36,2,5.555555555555555,1,1,1,2.7777777777777777
2008,2009,diag_3,250,36,4,11.11111111111111,1,3,1,2.7777777777777777
2009,2010,diag_1,428,36,2,5.555555555555555,1,1,1,2.7777777777777777
2009,2010,diag_2,428,36,1,2.7777777777777777,1,0,1,2.7777777777777777
2009,2010,diag_3,250,36,2,5.555555555555555,1,1,1,2.7777777777777777
2010,2011,diag_1,428,36,1,2.7777777777777777,1,0,1,2.7777777777777777
2010,2011,diag_2,428,36,1,2.7777777777777777,1,0,1,2.7777777777777777
2010,2011,diag_3,250,36,3,8.333333333333332,1,2,1,2.7777777777777777
2011,2012,diag_1,428,36,2,5.555555555555555,1,1,1,2.7777777777777777
2011,2012,diag_2,428,36,3,8.333333333333332,1,2,1,2.7777777777777777
2011,2012,diag_3,250,36,3,8.333333333333332,1,2,1,2.7777777777777777
2012,2013,diag_1,428,36,0,0.0,1,0,0,0.0
2012,2013,diag_2,428,36,4,11.11111111111111,1,3,1,2.7777777777777777
2012,2013,diag_3,250,36,3,8.333333333333332,1,2,1,2.7777777777777777
2013,2014,diag_1,428,36,1,2.7777777777777777,1,0,1,2.7777777777777777
2013,2014,diag_2,428,36,1,2.7777777777777777,1,0,1,2.7777777777777777
2013,2014,diag_3,250,36,4,11.11111111111111,1,3,1,2.7777777777777777
2014,2015,diag_1,428,36,2,5.555555555555555,1,1,1,2.7777777777777777
2014,2015,diag_2,428,36,3,8.333333333333332,1,2,1,2.7777777777777777
2014,2015,diag_3,250,36,8,22.22222222222222,1,7,1,2.7777777777777777
2015,2016,diag_1,428,36,3,8.333333333333332,1,2,1,2.7777777777777777
2015,2016,diag_2,428,36,1,2.7777777777777777,1,0,1,2.7777777777777777
2015,2016,diag_3,250,36,5,13.88888888888889,1,4,1,2.7777777777777777
2016,2017,diag_1,428,36,2,5.555555555555555,1,1,1,2.7777777777777777
2016,2017,diag_2,428,36,1,2.7777777777777777,1,0,1,2.7777777777777777
2016,2017,diag_3,250,36,3,8.333333333333332,1,2,1,2.7777777777777777
2017,2018,diag_1,428,36,1,2.7777777777777777,1,0,1,2.7777777777777777
2017,2018,diag_2,428,36,2,5.555555555555555,1,1,1,2.7777777777777777
2017,2018,diag_3,250,36,6,16.666666666666664,1,5,1,2.7777777777777777
2018,2019,diag_1,428,36,3,8.333333333333332,1,2,1,2.7777777777777777
2018,2019,diag_2,428,36,4,11.11111111111111,1,3,1,2.7777777777777777
2018,2019,diag_3,250,36,2,5.555555555555555,1,1,1,2.7777777777777777
2019,2020,diag_1,428,36,2,5.555555555555555,1,1,1,2.7777777777777777
2019,2020,diag_2,428,36,4,11.11111111111111,1,3,1,2.7777777777777777
2019,2020,diag_3,250,36,1,2.7777777777777777,1,0,1,2.7777777777777777
2020,2021,diag_1,428,36,0,0.0,1,0,0,0.0
2020,2021,diag_2,428,36,1,2.7777777777777777,1,0,1,2.7777777777777777
2020,2021,diag_3,250,36,5,13.88888888888889,1,4,1,2.7777777777777777
2021,2022,diag_1,428,36,5,13.88888888888889,1,4,1,2.7777777777777777
2021,2022,diag_2,428,36,5,13.88888888888889,1,4,1,2.7777777777777777
2021,2022,diag_3,250,36,5,13.88888888888889,1,4,1,2.7777777777777777
2022,2023,diag_1,428,36,4,11.11111111111111,1,3,1,2.7777777777777777
2022,2023,diag_2,428,36,2,5.555555555555555,1,1,1,2.7777777777777777
2022,2023,diag_3,250,36,2,5.555555555555555,1,1,1,2.7777777777777777
2023,2024,diag_1,428,36,2,5.555555555555555,1,1,1,2.7777777777777777
2023,2024,diag_2,428,36,0,0.0,1,0,0,0.0
2023,2024,diag_3,250,36,5,13.88888888888889,1,4,1,2.7777777777777777
2024,2025,diag_1,428,36,4,11.11111111111111,1,3,1,2.7777777777777777
2024,2025,diag_2,428,36,3,8.333333333333332,1,2,1,2.7777777777777777
2024,2025,diag_3,250,36,5,13.88888888888889,1,4,1,2.7777777777777777
2025,2026,diag_1,428,36,4,11.11111111111111,1,3,1,2.7777777777777777
2025,2026,diag_2,428,36,4,11.11111111111111,1,3,1,2.7777777777777777
2025,2026,diag_3,250,36,5,13.88888888888889,1,4,1,2.7777777777777777
2026,2027,diag_1,428,36,0,0.0,1,0,0,0.0
2026,2027,diag_2,428,36,2,5.555555555555555,1,1,1,2.7777777777777777
2026,2027,diag_3,250,36,4,11.11111111111111,1,3,1,2.7777777777777777
2027,2028,diag_1,428,36,0,0.0,1,0,0,0.0
2027,2028,diag_2,428,36,2,5.555555555555555,1,1,1,2.7777777777777777
2027,2028,diag_3,250,36,6,16.666666666666664,1,5,1,2.7777777777777777
2028,2029,diag_1,428,36,2,5.555555555555555,1,1,1,2.7777777777777777
2028,2029,diag_2,428,36,1,2.7777777777777777,1,0,1,2.7777777777777777
2028,2029,diag_3,250,36,9,25.0,1,8,1,2.7777777777777777
2029,2030,diag_1,428,36,5,13.88888888888889,1,4,1,2.7777777777777777
2029,2030,diag_2,428,36,1,2.7777777777777777,1,0,1,2.7777777777777777
2029,2030,diag_3,250,36,7,19.444444444444446,1,6,1,2.7777777777777777
2030,2031,diag_1,428,36,1,2.7777777777777777,1,0,1,2.7777777777777777
2030,2031,diag_2,428,36,1,2.7777777777777777,1,0,1,2.7777777777777777
2030,2031,diag_3,250,36,5,13.88888888888889,1,4,1,2.7777777777777777
2031,2032,diag_1,428,36,3,8.333333333333332,1,2,1,2.7777777777777777
2031,2032,diag_2,428,36,1,2.7777777777777777,1,0,1,2.7777777777777777
2031,2032,diag_3,250,36,2,5.555555555555555,1,1,1,2.7777777777777777
2032,2033,diag_1,428,36,4,11.11111111111111,1,3,1,2.7777777777777777
2032,2033,diag_2,428,36,1,2.7777777777777777,1,0,1,2.7777777777777777
2032,2033,diag_3,250,36,6,16.666666666666664,1,5,1,2.7777777777777777
2033,2034,diag_1,428,36,3,8.333333333333332,1,2,1,2.7777777777777777
2033,2034,diag_2,428,36,3,8.333333333333332,1,2,1,2.7777777777777777
2033,2034,diag_3,250,36,1,2.7777777777777777,1,0,1,2.7777777777777777
2034,2035,diag_1,428,36,2,5.555555555555555,1,1,1,2.7777777777777777
2034,2035,diag_2,428,36,0,0.0,1,0,0,0.0
2034,2035,diag_3,250,36,5,13.88888888888889,1,4,1,2.7777777777777777
2035,2036,diag_1,428,36,5,13.88888888888889,1,4,1,2.7777777777777777
2035,2036,diag_2,428,36,2,5.555555555555555,1,1,1,2.7777777777777777
2035,2036,diag_3,250,36,6,16.666666666666664,1,5,1,2.7777777777777777
2036,2037,diag_1,428,36,1,2.7777777777777777,1,0,1,2.7777777777777777
2036,2037,diag_2,428,36,1,2.7777777777777777,1,0,1,2.7777777777777777
2036,2037,diag_3,250,36,5,13.88888888888889,1,4,1,2.7777777777777777
2037,2038,diag_1,428,36,3,8.333333333333332,1,2,1,2.7777777777777777
2037,2038,diag_2,428,36,2,5.555555555555555,1,1,1,2.7777777777777777
2037,2038,diag_3,250,36,4,11.11111111111111,1,3,1,2.7777777777777777
2038,2039,diag_1,428,36,4,11.11111111111111,1,3,1,2.7777777777777777
2038,2039,diag_2,428,36,3,8.333333333333332,1,2,1,2.7777777777777777
2038,2039,diag_3,250,36,5,13.88888888888889,1,4,1,2.7777777777777777
2039,2040,diag_1,428,36,2,5.555555555555555,1,1,1,2.7777777777777777
2039,2040,diag_2,428,36,1,2.7777777777777777,1,0,1,2.7777777777777777
2039,2040,diag_3,250,36,2,5.555555555555555,1,1,1,2.7777777777777777
2040,2041,diag_1,428,36,5,13.88888888888889,1,4,1,2.7777777777777777
2040,2041,diag_2,428,36,1,2.7777777777777777,1,0,1,2.7777777777777777
2040,2041,diag_3,250,36,3,8.333333333333332,1,2,1,2.7777777777777777
2041,2042,diag_1,428,36,2,5.555555555555555,1,1,1,2.7777777777777777
2041,2042,diag_2,428,36,0,0.0,1,0,0,0.0
2041,2042,diag_3,250,36,4,11.11111111111111,1,3,1,2.7777777777777777
2042,2043,diag_1,428,36,3,8.333333333333332,1,2,1,2.7777777777777777
2042,2043,diag_2,428,36,2,5.555555555555555,1,1,1,2.7777777777777777
2042,2043,diag_3,250,36,2,5.555555555555555,1,1,1,2.7777777777777777
2043,2044,diag_1,428,36,0,0.0,1,0,0,0.0
2043,2044,diag_2,428,36,1,2.7777777777777777,1,0,1,2.7777777777777777
2043,2044,diag_3,250,36,3,8.333333333333332,1,2,1,2.7777777777777777
2044,2045,diag_1,428,36,1,2.7777777777777777,1,0,1,2.7777777777777777
2044,2045,diag_2,428,36,2,5.555555555555555,1,1,1,2.7777777777777777
2044,2045,diag_3,250,36,4,11.11111111111111,1,3,1,2.7777777777777777
2045,2046,diag_1,428,36,2,5.555555555555555,1,1,1,2.7777777777777777
2045,2046,diag_2,428,36,4,11.11111111111111,1,3,1,2.7777777777777777
2045,2046,diag_3,250,36,4,11.11111111111111,1,3,1,2.7777777777777777
2046,2047,diag_1,428,36,1,2.7777777777777777,1,0,1,2.7777777777777777
2046,2047,diag_2,428,36,2,5.555555555555555,1,1,1,2.7777777777777777
2046,2047,diag_3,250,36,5,13.88888888888889,1,4,1,2.7777777777777777
2047,2048,diag_1,428,36,5,13.88888888888889,1,4,1,2.7777777777777777
2047,2048,diag_2,428,36,0,0.0,1,0,0,0.0
2047,2048,diag_3,250,36,2,5.555555555555555,1,1,1,2.7777777777777777
2048,2049,diag_1,428,36,3,8.333333333333332,1,2,1,2.7777777777777777
2048,2049,diag_2,428,36,0,0.0,1,0,0,0.0
2048,2049,diag_3,250,36,8,22.22222222222222,1,7,1,2.7777777777777777
2049,2050,diag_1,428,36,4,11.11111111111111,1,3,1,2.7777777777777777
2049,2050,diag_2,428,36,3,8.333333333333332,1,2,1,2.7777777777777777
2049,2050,diag_3,250,36,3,8.333333333333332,1,2,1,2.7777777777777777
2050,2051,diag_1,428,36,4,11.11111111111111,1,3,1,2.7777777777777777
2050,2051,diag_2,428,36,3,8.333333333333332,1,2,1,2.7777777777777777
2050,2051,diag_3,250,36,6,16.666666666666664,1,5,1,2.7777777777777777
2051,2052,diag_1,428,36,0,0.0,1,0,0,0.0
2051,2052,diag_2,428,36,2,5.555555555555555,1,1,1,2.7777777777777777
2051,2052,diag_3,250,36,4,11.11111111111111,1,3,1,2.7777777777777777
2052,2053,diag_1,428,36,1,2.7777777777777777,1,0,1,2.7777777777777777
2052,2053,diag_2,428,36,2,5.555555555555555,1,1,1,2.7777777777777777
2052,2053,diag_3,250,36,3,8.333333333333332,1,2,1,2.7777777777777777
2053,2054,diag_1,428,36,2,5.555555555555555,1,1,1,2.7777777777777777
2053,2054,diag_2,428,36,2,5.555555555555555,1,1,1,2.7777777777777777
2053,2054,diag_3,250,36,5,13.88888888888889,1,4,1,2.7777777777777777
2054,2055,diag_1,428,36,2,5.555555555555555,1,1,1,2.7777777777777777
2054,2055,diag_2,428,36,0,0.0,1,0,0,0.0
2054,2055,diag_3,250,36,3,8.333333333333332,1,2,1,2.7777777777777777
2055,2056,diag_1,428,36,3,8.333333333333332,1,2,1,2.7777777777777777
2055,2056,diag_2,428,36,1,2.7777777777777777,1,0,1,2.7777777777777777
2055,2056,diag_3,250,36,2,5.555555555555555,1,1,1,2.7777777777777777
2056,2057,diag_1,428,36,4,11.11111111111111,1,3,1,2.7777777777777777
2056,2057,diag_2,428,36,4,11.11111111111111,1,3,1,2.7777777777777777
2056,2057,diag_3,250,36,5,13.88888888888889,1,4,1,2.7777777777777777
2057,2058,diag_1,428,36,1,2.7777777777777777,1,0,1,2.7777777777777777
2057,2058,diag_2,428,36,3,8.333333333333332,1,2,1,2.7777777777777777
2057,2058,diag_3,250,36,4,11.11111111111111,1,3,1,2.7777777777777777
2058,2059,diag_1,428,36,3,8.333333333333332,1,2,1,2.7777777777777777
2058,2059,diag_2,428,36,3,8.333333333333332,1,2,1,2.7777777777777777
2058,2059,diag_3,250,36,4,11.11111111111111,1,3,1,2.7777777777777777
2059,2060,diag_1,428,36,4,11.11111111111111,1,3,1,2.7777777777777777
2059,2060,diag_2,428,36,2,5.555555555555555,1,1,1,2.7777777777777777
2059,2060,diag_3,250,36,3,8.333333333333332,1,2,1,2.7777777777777777
2060,2061,diag_1,428,36,4,11.11111111111111,1,3,1,2.7777777777777777
2060,2061,diag_2,428,36,5,13.88888888888889,1,4,1,2.7777777777777777
2060,2061,diag_3,250,36,4,11.11111111111111,1,3,1,2.7777777777777777
2061,2062,diag_1,428,36,2,5.555555555555555,1,1,1,2.7777777777777777
2061,2062,diag_2,428,36,2,5.555555555555555,1,1,1,2.7777777777777777
2061,2062,diag_3,250,36,0,0.0,1,0,0,0.0
2062,2063,diag_1,428,36,4,11.11111111111111,1,3,1,2.7777777777777777
2062,2063,diag_2,428,36,3,8.333333333333332,1,2,1,2.7777777777777777
2062,2063,diag_3,250,36,3,8.333333333333332,1,2,1,2.7777777777777777
2063,2064,diag_1,428,36,1,2.7777777777777777,1,0,1,2.7777777777777777
2063,2064,diag_2,428,36,3,8.333333333333332,1,2,1,2.7777777777777777
2063,2064,diag_3,250,36,5,13.88888888888889,1,4,1,2.7777777777777777
2064,2065,diag_1,428,36,1,2.7777777777777777,1,0,1,2.7777777777777777
2064,2065,diag_2,428,36,1,2.7777777777777777,1,0,1,2.7777777777777777
2064,2065,diag_3,250,36,3,8.333333333333332,1,2,1,2.7777777777777777
2065,2066,diag_1,428,36,4,11.11111111111111,1,3,1,2.7777777777777777
2065,2066,diag_2,428,36,2,5.555555555555555,1,1,1,2.7777777777777777
2065,2066,diag_3,250,36,3,8.333333333333332,1,2,1,2.7777777777777777
2066,2067,diag_1,428,36,2,5.555555555555555,1,1,1,2.7777777777777777
2066,2067,diag_2,428,36,0,0.0,1,0,0,0.0
2066,2067,diag_3,250,36,5,13.88888888888889,1,4,1,2.7777777777777777
2067,2068,diag_1,428,36,1,2.7777777777777777,1,0,1,2.7777777777777777
2067,2068,diag_2,428,36,1,2.7777777777777777,1,0,1,2.7777777777777777
2067,2068,diag_3,250,36,3,8.333333333333332,1,2,1,2.7777777777777777
2068,2069,diag_1,428,36,3,8.333333333333332,1,2,1,2.7777777777777777
2068,2069,diag_2,428,36,2,5.555555555555555,1,1,1,2.7777777777777777
2068,2069,diag_3,250,36,3,8.333333333333332,1,2,1,2.7777777777777777
2069,2070,diag_1,428,36,2,5.555555555555555,1,1,1,2.7777777777777777
2069,2070,diag_2,428,36,0,0.0,1,0,0,0.0
2069,2070,diag_3,250,36,5,13.88888888888889,1,4,1,2.7777777777777777
2070,2071,diag_1,428,36,3,8.333333333333332,1,2,1,2.7777777777777777
2070,2071,diag_2,428,36,3,8.333333333333332,1,2,1,2.7777777777777777
2070,2071,diag_3,250,36,6,16.666666666666664,1,5,1,2.7777777777777777
2071,2072,diag_1,428,36,0,0.0,1,0,0,0.0
2071,2072,diag_2,428,36,5,13.88888888888889,1,4,1,2.7777777777777777
2071,2072,diag_3,250,36,11,30.555555555555557,1,10,1,2.7777777777777777
2072,2073,diag_1,428,36,3,8.333333333333332,1,2,1,2.7777777777777777
2072,2073,diag_2,428,36,2,5.555555555555555,1,1,1,2.7777777777777777
2072,2073,diag_3,250,36,3,8.333333333333332,1,2,1,2.7777777777777777
2073,2074,diag_1,428,36,4,11.11111111111111,1,3,1,2.7777777777777777
2073,2074,diag_2,428,36,2,5.555555555555555,1,1,1,2.7777777777777777
2073,2074,diag_3,250,36,5,13.88888888888889,1,4,1,2.7777777777777777
2074,2075,diag_1,428,36,4,11.11111111111111,1,3,1,2.7777777777777777
2074,2075,diag_2,428,36,0,0.0,1,0,0,0.0
2074,2075,diag_3,250,36,6,16.666666666666664,1,5,1,2.7777777777777777
2075,2076,diag_1,428,36,1,2.7777777777777777,1,0,1,2.7777777777777777
2075,2076,diag_2,428,36,0,0.0,1,0,0,0.0
2075,2076,diag_3,250,36,3,8.333333333333332,1,2,1,2.7777777777777777
2076,2077,diag_1,428,36,2,5.555555555555555,1,1,1,2.7777777777777777
2076,2077,diag_2,428,36,0,0.0,1,0,0,0.0
2076,2077,diag_3,250,36,2,5.555555555555555,1,1,1,2.7777777777777777
2077,2078,diag_1,428,36,5,13.88888888888889,1,4,1,2.7777777777777777
2077,2078,diag_2,428,36,1,2.7777777777777777,1,0,1,2.7777777777777777
2077,2078,diag_3,250,36,3,8.333333333333332,1,2,1,2.7777777777777777
2078,2079,diag_1,428,36,2,5.555555555555555,1,1,1,2.7777777777777777
2078,2079,diag_2,428,36,3,8.333333333333332,1,2,1,2.7777777777777777
2078,2079,diag_3,250,36,7,19.444444444444446,1,6,1,2.7777777777777777
2079,2080,diag_1,428,36,2,5.555555555555555,1,1,1,2.7777777777777777
2079,2080,diag_2,428,36,2,5.555555555555555,1,1,1,2.7777777777777777
2079,2080,diag_3,250,36,3,8.333333333333332,1,2,1,2.7777777777777777
2080,2081,diag_1,428,36,1,2.7777777777777777,1,0,1,2.7777777777777777
2080,2081,diag_2,428,36,1,2.7777777777777777,1,0,1,2.7777777777777777
2080,2081,diag_3,250,36,6,16.666666666666664,1,5,1,2.7777777777777777
2081,2082,diag_1,428,36,4,11.11111111111111,1,3,1,2.7777777777777777
2081,2082,diag_2,428,36,1,2.7777777777777777,1,0,1,2.7777777777777777
2081,2082,diag_3,250,36,4,11.11111111111111,1,3,1,2.7777777777777777
2082,2083,diag_1,428,36,4,11.11111111111111,1,3,1,2.7777777777777777
2082,2083,diag_2,428,36,0,0.0,1,0,0,0.0
2082,2083,diag_3,250,36,3,8.333333333333332,1,2,1,2.7777777777777777
2083,2084,diag_1,428,36,2,5.555555555555555,1,1,1,2.7777777777777777
2083,2084,diag_2,428,36,0,0.0,1,0,0,0.0
2083,2084,diag_3,250,36,3,8.333333333333332,1,2,1,2.7777777777777777
2084,2085,diag_1,428,36,1,2.7777777777777777,1,0,1,2.7777777777777777
2084,2085,diag_2,428,36,0,0.0,1,0,0,0.0
2084,2085,diag_3,250,36,3,8.333333333333332,1,2,1,2.7777777777777777
2085,2086,diag_1,428,36,3,8.333333333333332,1,2,1,2.7777777777777777
2085,2086,diag_2,428,36,2,5.555555555555555,1,1,1,2.7777777777777777
2085,2086,diag_3,250,36,2,5.555555555555555,1,1,1,2.7777777777777777
2086,2087,diag_1,428,36,2,5.555555555555555,1,1,1,2.7777777777777777
2086,2087,diag_2,428,36,2,5.555555555555555,1,1,1,2.7777777777777777
2086,2087,diag_3,250,36,2,5.555555555555555,1,1,1,2.7777777777777777
2087,2088,diag_1,428,36,1,2.7777777777777777,1,0,1,2.7777777777777777
2087,2088,diag_2,428,36,3,8.333333333333332,1,2,1,2.7777777777777777
2087,2088,diag_3,250,36,2,5.555555555555555,1,1,1,2.7777777777777777
2088,2089,diag_1,428,36,2,5.555555555555555,1,1,1,2.7777777777777777
2088,2089,diag_2,428,36,2,5.555555555555555,1,1,1,2.7777777777777777
2088,2089,diag_3,250,36,5,13.88888888888889,1,4,1,2.7777777777777777
2089,2090,diag_1,428,36,3,8.333333333333332,1,2,1,2.7777777777777777
2089,2090,diag_2,428,36,4,11.11111111111111,1,3,1,2.7777777777777777
2089,2090,diag_3,250,36,3,8.333333333333332,1,2,1,2.7777777777777777
2090,2091,diag_1,428,36,4,11.11111111111111,1,3,1,2.7777777777777777
2090,2091,diag_2,428,36,2,5.555555555555555,1,1,1,2.7777777777777777
2090,2091,diag_3,250,36,3,8.333333333333332,1,2,1,2.7777777777777777
2091,2092,diag_1,428,36,3,8.333333333333332,1,2,1,2.7777777777777777
2091,2092,diag_2,428,36,1,2.7777777777777777,1,0,1,2.7777777777777777
2091,2092,diag_3,250,36,2,5.555555555555555,1,1,1,2.7777777777777777
2092,2093,diag_1,428,36,1,2.7777777777777777,1,0,1,2.7777777777777777
2092,2093,diag_2,428,36,1,2.7777777777777777,1,0,1,2.7777777777777777
2092,2093,diag_3,250,36,5,13.88888888888889,1,4,1,2.7777777777777777
2093,2094,diag_1,428,36,1,2.7777777777777777,1,0,1,2.7777777777777777
2093,2094,diag_2,428,36,2,5.555555555555555,1,1,1,2.7777777777777777
2093,2094,diag_3,250,36,4,11.11111111111111,1,3,1,2.7777777777777777
2094,2095,diag_1,428,36,1,2.7777777777777777,1,0,1,2.7777777777777777
2094,2095,diag_2,428,36,0,0.0,1,0,0,0.0
2094,2095,diag_3,250,36,5,13.88888888888889,1,4,1,2.7777777777777777
2095,2096,diag_1,428,36,5,13.88888888888889,1,4,1,2.7777777777777777
2095,2096,diag_2,428,36,4,11.11111111111111,1,3,1,2.7777777777777777
2095,2096,diag_3,250,36,2,5.555555555555555,1,1,1,2.7777777777777777
2096,2097,diag_1,428,36,2,5.555555555555555,1,1,1,2.7777777777777777
2096,2097,diag_2,428,36,2,5.555555555555555,1,1,1,2.7777777777777777
2096,2097,diag_3,250,36,1,2.7777777777777777,1,0,1,2.7777777777777777
2097,2098,diag_1,428,36,5,13.88888888888889,1,4,1,2.7777777777777777
2097,2098,diag_2,428,36,0,0.0,1,0,0,0.0
2097,2098,diag_3,250,36,3,8.333333333333332,1,2,1,2.7777777777777777
2098,2099,diag_1,428,36,2,5.555555555555555,1,1,1,2.7777777777777777
2098,2099,diag_2,428,36,3,8.333333333333332,1,2,1,2.7777777777777777
2098,2099,diag_3,250,36,5,13.88888888888889,1,4,1,2.7777777777777777
2099,2100,diag_1,428,36,2,5.555555555555555,1,1,1,2.7777777777777777
2099,2100,diag_2,428,36,5,13.88888888888889,1,4,1,2.7777777777777777
2099,2100,diag_3,250,36,4,11.11111111111111,1,3,1,2.7777777777777777
2100,2101,diag_1,428,36,3,8.333333333333332,1,2,1,2.7777777777777777
2100,2101,diag_2,428,36,3,8.333333333333332,1,2,1,2.7777777777777777
2100,2101,diag_3,250,36,7,19.444444444444446,1,6,1,2.7777777777777777
2101,2102,diag_1,428,36,0,0.0,1,0,0,0.0
2101,2102,diag_2,428,36,0,0.0,1,0,0,0.0
2101,2102,diag_3,250,36,2,5.555555555555555,1,1,1,2.7777777777777777
2102,2103,diag_1,428,36,2,5.555555555555555,1,1,1,2.7777777777777777
2102,2103,diag_2,428,36,0,0.0,1,0,0,0.0
2102,2103,diag_3,250,36,5,13.88888888888889,1,4,1,2.7777777777777777
2103,2104,diag_1,428,36,5,13.88888888888889,1,4,1,2.7777777777777777
2103,2104,diag_2,428,36,0,0.0,1,0,0,0.0
2103,2104,diag_3,250,36,3,8.333333333333332,1,2,1,2.7777777777777777
2104,2105,diag_1,428,36,4,11.11111111111111,1,3,1,2.7777777777777777
2104,2105,diag_2,428,36,4,11.11111111111111,1,3,1,2.7777777777777777
2104,2105,diag_3,250,36,3,8.333333333333332,1,2,1,2.7777777777777777
2105,2106,diag_1,428,36,1,2.7777777777777777,1,0,1,2.7777777777777777
2105,2106,diag_2,428,36,0,0.0,1,0,0,0.0
2105,2106,diag_3,250,36,3,8.333333333333332,1,2,1,2.7777777777777777
2106,2107,diag_1,428,36,2,5.555555555555555,1,1,1,2.7777777777777777
2106,2107,diag_2,428,36,1,2.7777777777777777,1,0,1,2.7777777777777777
2106,2107,diag_3,250,36,5,13.88888888888889,1,4,1,2.7777777777777777
2107,2108,diag_1,428,36,5,13.88888888888889,1,4,1,2.7777777777777777
2107,2108,diag_2,428,36,6,16.666666666666664,1,5,1,2.7777777777777777
2107,2108,diag_3,250,36,7,19.444444444444446,1,6,1,2.7777777777777777
2108,2109,diag_1,428,36,4,11.11111111111111,1,3,1,2.7777777777777777
2108,2109,diag_2,428,36,2,5.555555555555555,1,1,1,2.7777777777777777
2108,2109,diag_3,250,36,4,11.11111111111111,1,3,1,2.7777777777777777
2109,2110,diag_1,428,36,0,0.0,1,0,0,0.0
2109,2110,diag_2,428,36,0,0.0,1,0,0,0.0
2109,2110,diag_3,250,36,5,13.88888888888889,1,4,1,2.7777777777777777
2110,2111,diag_1,428,36,2,5.555555555555555,1,1,1,2.7777777777777777
2110,2111,diag_2,428,36,0,0.0,1,0,0,0.0
2110,2111,diag_3,250,36,4,11.11111111111111,1,3,1,2.7777777777777777
2111,2112,diag_1,428,36,3,8.333333333333332,1,2,1,2.7777777777777777
2111,2112,diag_2,428,36,0,0.0,1,0,0,0.0
2111,2112,diag_3,250,36,4,11.11111111111111,1,3,1,2.7777777777777777
2112,2113,diag_1,428,36,2,5.555555555555555,1,1,1,2.7777777777777777
2112,2113,diag_2,428,36,3,8.333333333333332,1,2,1,2.7777777777777777
2112,2113,diag_3,250,36,5,13.88888888888889,1,4,1,2.7777777777777777
2113,2114,diag_1,428,36,2,5.555555555555555,1,1,1,2.7777777777777777
2113,2114,diag_2,428,36,4,11.11111111111111,1,3,1,2.7777777777777777
2113,2114,diag_3,250,36,7,19.444444444444446,1,6,1,2.7777777777777777
2114,2115,diag_1,428,36,2,5.555555555555555,1,1,1,2.7777777777777777
2114,2115,diag_2,428,36,0,0.0,1,0,0,0.0
2114,2115,diag_3,250,36,6,16.666666666666664,1,5,1,2.7777777777777777
2115,2116,diag_1,428,36,4,11.11111111111111,1,3,1,2.7777777777777777
2115,2116,diag_2,428,36,4,11.11111111111111,1,3,1,2.7777777777777777
2115,2116,diag_3,250,36,3,8.333333333333332,1,2,1,2.7777777777777777
2116,2117,diag_1,428,36,1,2.7777777777777777,1,0,1,2.7777777777777777
2116,2117,diag_2,428,36,1,2.7777777777777777,1,0,1,2.7777777777777777
2116,2117,diag_3,250,36,6,16.666666666666664,1,5,1,2.7777777777777777
2117,2118,diag_1,428,36,1,2.7777777777777777,1,0,1,2.7777777777777777
2117,2118,diag_2,428,36,0,0.0,1,0,0,0.0
2117,2118,diag_3,250,36,4,11.11111111111111,1,3,1,2.7777777777777777
2118,2119,diag_1,428,36,3,8.333333333333332,1,2,1,2.7777777777777777
2118,2119,diag_2,428,36,1,2.7777777777777777,1,0,1,2.7777777777777777
2118,2119,diag_3,250,36,5,13.88888888888889,1,4,1,2.7777777777777777
2119,2120,diag_1,428,36,1,2.7777777777777777,1,0,1,2.7777777777777777
2119,2120,diag_2,428,36,2,5.555555555555555,1,1,1,2.7777777777777777
2119,2120,diag_3,250,36,3,8.333333333333332,1,2,1,2.7777777777777777
2120,2121,diag_1,428,36,3,8.333333333333332,1,2,1,2.7777777777777777
2120,2121,diag_2,428,36,2,5.555555555555555,1,1,1,2.7777777777777777
2120,2121,diag_3,250,36,4,11.11111111111111,1,3,1,2.7777777777777777
2121,2122,diag_1,428,36,5,13.88888888888889,1,4,1,2.7777777777777777
2121,2122,diag_2,428,36,2,5.555555555555555,1,1,1,2.7777777777777777
2121,2122,diag_3,250,36,2,5.555555555555555,1,1,1,2.7777777777777777
2122,2123,diag_1,428,36,5,13.88888888888889,1,4,1,2.7777777777777777
2122,2123,diag_2,428,36,4,11.11111111111111,1,3,1,2.7777777777777777
2122,2123,diag_3,250,36,2,5.555555555555555,1,1,1,2.7777777777777777
2123,2124,diag_1,428,36,1,2.7777777777777777,1,0,1,2.7777777777777777
2123,2124,diag_2,428,36,2,5.555555555555555,1,1,1,2.7777777777777777
2123,2124,diag_3,250,36,6,16.666666666666664,1,5,1,2.7777777777777777
2124,2125,diag_1,428,36,1,2.7777777777777777,1,0,1,2.7777777777777777
2124,2125,diag_2,428,36,0,0.0,1,0,0,0.0
2124,2125,diag_3,250,36,4,11.11111111111111,1,3,1,2.7777777777777777
2125,2126,diag_1,428,36,3,8.333333333333332,1,2,1,2.7777777777777777
2125,2126,diag_2,428,36,2,5.555555555555555,1,1,1,2.7777777777777777
2125,2126,diag_3,250,36,4,11.11111111111111,1,3,1,2.7777777777777777
2126,2127,diag_1,428,36,3,8.333333333333332,1,2,1,2.7777777777777777
2126,2127,diag_2,428,36,2,5.555555555555555,1,1,1,2.7777777777777777
2126,2127,diag_3,250,36,0,0.0,1,0,0,0.0
2127,2128,diag_1,428,36,2,5.555555555555555,1,1,1,2.7777777777777777
2127,2128,diag_2,428,36,3,8.333333333333332,1,2,1,2.7777777777777777
2127,2128,diag_3,250,36,3,8.333333333333332,1,2,1,2.7777777777777777
2128,2129,diag_1,428,36,2,5.555555555555555,1,1,1,2.7777777777777777
2128,2129,diag_2,428,36,2,5.555555555555555,1,1,1,2.7777777777777777
2128,2129,diag_3,250,36,6,16.666666666666664,1,5,1,2.7777777777777777
2129,2130,diag_1,428,36,5,13.88888888888889,1,4,1,2.7777777777777777
2129,2130,diag_2,428,36,3,8.333333333333332,1,2,1,2.7777777777777777
2129,2130,diag_3,250,36,4,11.11111111111111,1,3,1,2.7777777777777777
2130,2131,diag_1,428,36,4,11.11111111111111,1,3,1,2.7777777777777777
2130,2131,diag_2,428,36,3,8.333333333333332,1,2,1,2.7777777777777777
2130,2131,diag_3,250,36,5,13.88888888888889,1,4,1,2.7777777777777777
2131,2132,diag_1,428,36,1,2.7777777777777777,1,0,1,2.7777777777777777
2131,2132,diag_2,428,36,1,2.7777777777777777,1,0,1,2.7777777777777777
2131,2132,diag_3,250,36,2,5.555555555555555,1,1,1,2.7777777777777777
2132,2133,diag_1,428,36,2,5.555555555555555,1,1,1,2.7777777777777777
2132,2133,diag_2,428,36,2,5.555555555555555,1,1,1,2.7777777777777777
2132,2133,diag_3,250,36,6,16.666666666666664,1,5,1,2.7777777777777777
2133,2134,diag_1,428,36,3,8.333333333333332,1,2,1,2.7777777777777777
2133,2134,diag_2,428,36,1,2.7777777777777777,1,0,1,2.7777777777777777
2133,2134,diag_3,250,36,3,8.333333333333332,1,2,1,2.7777777777777777
2134,2135,diag_1,428,36,1,2.7777777777777777,1,0,1,2.7777777777777777
2134,2135,diag_2,428,36,2,5.555555555555555,1,1,1,2.7777777777777777
2134,2135,diag_3,250,36,5,13.88888888888889,1,4,1,2.7777777777777777
2135,2136,diag_1,428,36,4,11.11111111111111,1,3,1,2.7777777777777777
2135,2136,diag_2,428,36,1,2.7777777777777777,1,0,1,2.7777777777777777
2135,2136,diag_3,250,36,2,5.555555555555555,1,1,1,2.7777777777777777
2136,2137,diag_1,428,36,1,2.7777777777777777,1,0,1,2.7777777777777777
2136,2137,diag_2,428,36,3,8.333333333333332,1,2,1,2.7777777777777777
2136,2137,diag_3,250,36,3,8.333333333333332,1,2,1,2.7777777777777777
2137,2138,diag_1,428,36,1,2.7777777777777777,1,0,1,2.7777777777777777
2137,2138,diag_2,428,36,1,2.7777777777777777,1,0,1,2.7777777777777777
2137,2138,diag_3,250,36,7,19.444444444444446,1,6,1,2.7777777777777777
2138,2139,diag_1,428,36,3,8.333333333333332,1,2,1,2.7777777777777777
2138,2139,diag_2,428,36,3,8.333333333333332,1,2,1,2.7777777777777777
2138,2139,diag_3,250,36,4,11.11111111111111,1,3,1,2.7777777777777777
2139,2140,diag_1,428,36,3,8.333333333333332,1,2,1,2.7777777777777777
2139,2140,diag_2,428,36,2,5.555555555555555,1,1,1,2.7777777777777777
2139,2140,diag_3,250,36,6,16.666666666666664,1,5,1,2.7777777777777777
2140,2141,diag_1,428,36,5,13.88888888888889,1,4,1,2.7777777777777777
2140,2141,diag_2,428,36,2,5.555555555555555,1,1,1,2.7777777777777777
2140,2141,diag_3,250,36,3,8.333333333333332,1,2,1,2.7777777777777777
2141,2142,diag_1,428,36,2,5.555555555555555,1,1,1,2.7777777777777777
2141,2142,diag_2,428,36,1,2.7777777777777777,1,0,1,2.7777777777777777
2141,2142,diag_3,250,36,7,19.444444444444446,1,6,1,2.7777777777777777
2142,2143,diag_1,428,36,1,2.7777777777777777,1,0,1,2.7777777777777777
2142,2143,diag_2,428,36,2,5.555555555555555,1,1,1,2.7777777777777777
2142,2143,diag_3,250,36,0,0.0,1,0,0,0.0
2143,2144,diag_1,428,36,2,5.555555555555555,1,1,1,2.7777777777777777
2143,2144,diag_2,428,36,1,2.7777777777777777,1,0,1,2.7777777777777777
2143,2144,diag_3,250,36,1,2.7777777777777777,1,0,1,2.7777777777777777
2144,2145,diag_1,428,36,4,11.11111111111111,1,3,1,2.7777777777777777
2144,2145,diag_2,428,36,0,0.0,1,0,0,0.0
2144,2145,diag_3,250,36,3,8.333333333333332,1,2,1,2.7777777777777777
2145,2146,diag_1,428,36,1,2.7777777777777777,1,0,1,2.7777777777777777
2145,2146,diag_2,428,36,0,0.0,1,0,0,0.0
2145,2146,diag_3,250,36,5,13.88888888888889,1,4,1,2.7777777777777777
2146,2147,diag_1,428,36,1,2.7777777777777777,1,0,1,2.7777777777777777
2146,2147,diag_2,428,36,5,13.88888888888889,1,4,1,2.7777777777777777
2146,2147,diag_3,250,36,2,5.555555555555555,1,1,1,2.7777777777777777
2147,2148,diag_1,428,36,3,8.333333333333332,1,2,1,2.7777777777777777
2147,2148,diag_2,428,36,4,11.11111111111111,1,3,1,2.7777777777777777
2147,2148,diag_3,250,36,6,16.666666666666664,1,5,1,2.7777777777777777
2148,2149,diag_1,428,36,0,0.0,1,0,0,0.0
2148,2149,diag_2,428,36,1,2.7777777777777777,1,0,1,2.7777777777777777
2148,2149,diag_3,250,36,4,11.11111111111111,1,3,1,2.7777777777777777
2149,2150,diag_1,428,36,2,5.555555555555555,1,1,1,2.7777777777777777
2149,2150,diag_2,428,36,1,2.7777777777777777,1,0,1,2.7777777777777777
2149,2150,diag_3,250,36,7,19.444444444444446,1,6,1,2.7777777777777777
2150,2151,diag_1,428,36,6,16.666666666666664,1,5,1,2.7777777777777777
2150,2151,diag_2,428,36,1,2.7777777777777777,1,0,1,2.7777777777777777
2150,2151,diag_3,250,36,2,5.555555555555555,1,1,1,2.7777777777777777
2151,2152,diag_1,428,36,2,5.555555555555555,1,1,1,2.7777777777777777
2151,2152,diag_2,428,36,1,2.7777777777777777,1,0,1,2.7777777777777777
2151,2152,diag_3,250,36,5,13.88888888888889,1,4,1,2.7777777777777777
2152,2153,diag_1,428,36,2,5.555555555555555,1,1,1,2.7777777777777777
2152,2153,diag_2,428,36,2,5.555555555555555,1,1,1,2.7777777777777777
2152,2153,diag_3,250,36,3,8.333333333333332,1,2,1,2.7777777777777777
2153,2154,diag_1,428,36,4,11.11111111111111,1,3,1,2.7777777777777777
2153,2154,diag_2,428,36,3,8.333333333333332,1,2,1,2.7777777777777777
2153,2154,diag_3,250,36,4,11.11111111111111,1,3,1,2.7777777777777777
2154,2155,diag_1,428,36,1,2.7777777777777777,1,0,1,2.7777777777777777
2154,2155,diag_2,428,36,1,2.7777777777777777,1,0,1,2.7777777777777777
2154,2155,diag_3,250,36,7,19.444444444444446,1,6,1,2.7777777777777777
2155,2156,diag_1,428,36,1,2.7777777777777777,1,0,1,2.7777777777777777
2155,2156,diag_2,428,36,0,0.0,1,0,0,0.0
2155,2156,diag_3,250,36,1,2.7777777777777777,1,0,1,2.7777777777777777
